:020000040800F2
:100000000000022041C50308071A0008091A000869
:100010000B1A00080D1A00080F1A00080000000053
:10002000000000000000000000000000111A00089D
:10003000131A000800000000151A0008171A00081B
:1000400091C5030891C5030891C5030891C503082C
:1000500091C5030891C5030891C5030891C503081C
:1000600091C5030891C5030891C5030891C503080C
:1000700091C5030891C5030891C5030891C50308FC
:1000800091C5030891C5030891C5030891C50308EC
:1000900091C5030891C5030891C5030891C50308DC
:1000A00091C5030891C5030891C5030891C50308CC
:1000B00091C5030891C5030891C5030891C50308BC
:1000C00091C5030891C5030891C5030891C50308AC
:1000D00091C5030891C5030891C5030891C503089C
:1000E00091C5030891C5030891C5030891C503088C
:1000F00091C5030891C5030891C5030891C503087C
:1001000091C5030891C5030891C5030891C503086B
:1001100091C5030891C5030891C5030891C503085B
:1001200091C5030891C5030891C5030891C503084B
:1001300091C5030891C5030891C5030891C503083B
:1001400091C5030891C5030891C5030891C503082B
:1001500091C5030891C5030891C5030891C503081B
:1001600091C5030891C5030891C5030891C503080B
:1001700091C5030891C5030891C5030891C50308FB
:1001800091C5030891C5030891C5030891C50308EB
:1001900091C503080000000091C5030891C503083C
:1001A00091C5030891C5030891C5030891C50308CB
:1001B00091C5030891C5030891C5030891C50308BB
:1001C00091C5030891C5030891C5030891C50308AB
:0801D00091C5030891C5030865
:1001E00010B5054C237833B9044B13B10448AFF371
:1001F00000800123237010BDAC000020000000002F
:100200000CCF030808B5034B1BB103490348AFF3F8
:10021000008008BD00000000B00000200CCF0308E3
:1002200001F0FF01102A2BDB10F0070F08D010F8A7
:10023000013B013A8B422DD010F0070F42B3F6D1AB
:10024000F0B441EA012141EA014122F007047FF0C4
:1002500000070023F0E80256083C85EA010586EA1B
:10026000010685FA47F5A3FA87F586FA47F6A5FA57
:1002700087F68EB9EED1F0BC01F0FF0102F0070263
:1002800032B110F8013B013A83EA010313B1F8D10E
:100290000020704701387047002D06BF35460338EF
:1002A000073815F0010F07D1013015F4807F02BF28
:1002B000013015F4C03F0130F0BC0138704700BF79
:1002C0007BB972B90029BEBF00204FF0004106E0A3
:1002D00008BF00281CBF6FF000414FF0FF3000F056
:1002E000D3B9ADF1080C6DE904CE002909DB002B70
:1002F0001ADB00F04DF8DDF804E0DDE9022304B07C
:100300007047404261EB4101002B1BDB00F040F8DD
:10031000DDF804E0DDE9022304B0404261EB410175
:10032000524263EB43037047524263EB430300F0D6
:100330002FF8DDF804E0DDE9022304B0404261EB70
:1003400041017047524263EB430300F021F8DDF8AE
:1003500004E0DDE9022304B0524263EB430370473B
:1003600053B94AB9002908BF00281CBF4FF0FF311C
:100370004FF0FF3000F088B9ADF1080C6DE904CE04
:1003800000F006F8DDF804E0DDE9022304B0704770
:100390002DE9F047089D0F4604468C46002B48D1B6
:1003A0008A42164661D9B2FA82F34BB1C3F12002F8
:1003B00001FA03FC20FA02F29E4042EA0C0C9C4037
:1003C0004FEA164EB7B2BCFBFEF1220C0EFB11CC6D
:1003D00042EA0C4201FB07F0904209D9B21801F140
:1003E000FF3C80F0EE80904240F2EB8002393244D4
:1003F000121AA4B2B2FBFEF00EFB102244EA024431
:1004000000FB07F7A74209D9341900F1FF3280F049
:10041000DA80A74240F2D7803444023840EA0140F3
:10042000E41B00211DB1DC400023C5E90043BDE809
:10043000F0878B4206D90DB1C5E9000100210846BD
:10044000BDE8F087B3FA83F1002948D1BB4202D35B
:10045000824200F20781841A67EB0302012094466E
:10046000002DE4D0C5E9004CE1E7002A00F09280BD
:10047000B2FA82F3002B40F0A8808A1A4FEA164E97
:100480001FFA86FC0121200CB2FBFEF70EFB17229F
:1004900040EA02420CFB07F0904207D9B21807F17C
:1004A000FF3802D2904200F2E2804746121AA4B20C
:1004B000B2FBFEF00EFB102244EA02440CFB00FCEF
:1004C000A44507D9341900F1FF3202D2A44500F245
:1004D000CB801046A4EB0C0440EA0740A2E7C1F130
:1004E00020068B4022FA06FC4CEA030C07FA01F4C2
:1004F00020FA06F3F7404FEA1C49234300FA01F8BB
:100500001FFA8CFEB7FBF9F01C0C09FB107744EACC
:10051000074400FB0EF7A74202FA01F20AD91CEBCE
:10052000040400F1FF3A80F09B80A74240F29880DB
:1005300002386444E41B9FB2B4FBF9F309FB134493
:1005400047EA044403FB0EFEA64509D91CEB04044C
:1005500003F1FF3780F08280A6457FD9023B6444D7
:1005600043EA0040A4EB0E04A0FB02E7BC42734642
:10057000B94663D360D05DB1B8EB030264EB090404
:1005800004FA06F622FA01F31E43CC40C5E90064E2
:1005900000214CE76208480842EAC1710B0C43EAAB
:1005A00000438AB242EA0342B3FBF6F1E407B446E1
:1005B0003746B6461F23B0FBF6F0D21B41EA004196
:1005C00061E7614614E7104628E7C3F1200120FAED
:1005D00001F29E4027FA01F19F403A434FEA164E3E
:1005E0001FFA86FCB1FBFEF70EFB1710110C41EA57
:1005F000004107FB0CF8884504FA03F43AD9711856
:1006000007F1FF3001D288451FD8A1EB0801B1FBEB
:10061000FEF808FB0CF70EFB181192B242EA0142F9
:10062000BA422FD2B21808F1FF31C6D2BA42C4D2B0
:10063000A8F102013244C0E7F0459CD2BEEB0203B0
:1006400067EB0C070138B94695E7A6EB080841446B
:10065000B81EB1FBFEF808FB0CF7DCE73B467FE772
:10066000504667E70846FBE63444023832E7023F6B
:1006700032441BE7A1EB08013846B1FBFEF808FB4A
:100680000CF7C8E7414698E7704700BF72B6FEE72F
:1006900030B595B006AD3822002128463BF0B0FFBA
:1006A0000024019402940394049405944FF4007080
:1006B00001F0D2F9022306934FF48073099340238B
:1006C0000A930D94284601F0DFFA68B90F230193CD
:1006D00001230293002103910491059101A801F0E7
:1006E00089FD18B915B030BDFFF7D0FFFFF7CEFF79
:1006F00008B501F067FAFFF7CBFF00F003F800F050
:100700004BF8FEE782B0064BDA6C42F00102DA6485
:10071000DB6C03F001030193019B02B0704700BF43
:100720000010024070B5054616460A890888141A5A
:10073000A4B20134A4B28B898988A3EB010C1FFAFF
:100740008CFC0CF1010C1FFA8CFC0CFB04F400F087
:1007500091FD2146304600F09AFD28460AF067FBDD
:1007600070BD000010B582B04FF4A071AC200AF04B
:10077000ABFB044606490AF0D5FA002200924FF47A
:10078000D753044920460AF0E6FA02B010BD00BF74
:1007900025070008C800002008B500F0DBFA00F0CB
:1007A000C1FC38B100F0F0FA00F0A6FB052001F022
:1007B0002BFAF9E700F0D0FC00F0EEFC00F09CFB17
:1007C000052001F021FAF7E700487047D01B002010
:1007D00000487047AC1B002070B50E4E34460E4DDD
:1007E0000FCD0FC40FCD0FC42B68236000F096FC13
:1007F000F0610A4DAC460A4C0FCCACE80F000FCCB0
:10080000ACE80F002368CCF8003000F087FCE8610A
:1008100070BD00BFD01B002088F70308AC1B002070
:10082000D82C040870B504460D46164608F083FC23
:1008300032462946204608F088FC324629462046A2
:1008400008F065FC32462946204608F06AFC70BD77
:1008500000B583B00FF0BBF98DF80400C0F3072397
:100860008DF80530C0F307408DF8060000209DF894
:10087000043063F307009DF8053063F30F209DF803
:10088000063063F3174003B000BD10B504460221E3
:1008900002F0C6FD1021204602F0C2FD00212046D4
:1008A00006F0F2F910BD0000F0B583B00E46174611
:1008B0001D4602F02FFD044608F038F83A4631464E
:1008C000204604F0C9FC089A2946204604F002FD9F
:1008D0002B48FFF7BDFF8DF80000C0F307238DF80C
:1008E0000130C0F307408DF8020000220099204635
:1008F00008F035FC0022FF21204608F041FC214889
:10090000FFF7A6FF8DF80400C0F307238DF805302C
:10091000C0F307408DF8060000220199204608F038
:1009200043FC00220121204608F059FC0022FF214F
:10093000204608F04AFC00220821204608F092FCDC
:10094000002211462046FFF76DFF00221146204687
:1009500008F0F1FB00221146204608F0F6FB0022C9
:100960001146204608F0D3FB00221146204608F02D
:10097000D8FB2046FFF789FF204603B0F0BD00BF3B
:100980001F1107007050240010B582B01749184B92
:10099000186827F0F1F91749174B186827F0ECF998
:1009A000164C1749206827F0E7F924681548FFF727
:1009B0004FFF8DF80400C0F307238DF80530C0F316
:1009C00007408DF8060000220199204608F011FC2E
:1009D0000D490E4B186827F0CFF900223C210C4B33
:1009E000186821F04BFA02B010BD00BF4CCF0308CD
:1009F000041C00205CCF0308001C0020FC1B00200E
:100A00006CCF03084CD976007CCF0308F81B00207C
:100A1000F41B0020F0B583B00F4616461D4627F0A4
:100A20009FF90446394627F0A7F90421204627F00C
:100A3000F9F9099A0899204604F00EFC0B9A0A99D4
:100A4000204604F047FC00221146204608F098FB9F
:100A50003046FFF7FDFE8DF80400C0F307238DF844
:100A60000530C0F307408DF80600002201992046AA
:100A700008F0BFFB00222946204608F0CBFB0022ED
:100A80009DF83010204608F0E3FB00221146204676
:100A900008F0CAFB00221146204608F0CFFB204692
:100AA000FFF7F3FE204603B0F0BD00002DE9F04F44
:100AB0008DB00AF0D8FB044607F038FF4FF4A0725F
:100AC000AC21204604F006FC9048FFF7C1FE8DF8EB
:100AD0002400C0F307238DF82530C0F307408DF8BC
:100AE000260000220999204608F039FB0022FF2148
:100AF000204608F045FB002211462046FFF792FEF3
:100B00002046FFF7C2FEFFF75FFE0646DFF8409281
:100B1000022704974FF0180BCDF80CB0AC230293CA
:100B20000F2301930025009503464A467849204645
:100B3000FFF770FF48230093A023342206212046AC
:100B4000FFF7B2FE079004974FF0160ACDF80CA0FD
:100B50004FF0A008CDF808800C2301930095334690
:100B60006C4A6D49FFF756FF6C4B18600497CDF83F
:100B70000CA0CDF808802A23019300953346684ADB
:100B800068490798FFF746FF674B186034230093C6
:100B90004346882206212046FFF786FE0497CDF8BB
:100BA0000CB0CDF808804FF0140ACDF804A00095E1
:100BB00033465B4A5D49FFF72DFF5D4B18606823A4
:100BC00000934346C82206212046FFF76DFE0446E7
:100BD0000497CDF80CB0CDF808801123019300954F
:100BE00033464A465349FFF715FF534B18602046DA
:100BF00021F038F9514E306030220E2104F02CFBE8
:100C00000A228421306804F065FB5A221E213068D4
:100C100021F0CDF92A463C21306821F02FF9D6F891
:100C200000804748FFF714FE8DF82800C0F3072323
:100C30008DF82930C0F307408DF82A002A460A991A
:100C4000404608F08CFA2A46FF21306808F098FAEE
:100C5000D6F800802F48FFF7FBFD8DF82C00C0F37D
:100C600007238DF82D30C0F307408DF82E004FF488
:100C700000320B99404608F072FA4FF40032FF211F
:100C8000306808F07DFA2A460421306808F0EAFA54
:100C90004FF400320421306808F0E4FA3068FFF7BE
:100CA000F4FDFFF795FD054601230493CDF80CA054
:100CB0004FF02808CDF808804426019608230093B9
:100CC00003464A461F492046FFF7A4FE0497CDF885
:100CD0000CA0CDF8088001963C2300932B464A4691
:100CE00019492046FFF796FE03230493CDF80CA084
:100CF000CDF8088001966D2300932B464A46134990
:100D00002046FFF787FE0DB0BDE8F08F0C0703000B
:100D100088CF0308FF863F004CCF0308041C002047
:100D20004CD976005CCF0308001C00206CCF030870
:100D3000FC1B00207CCF0308F81B0020F41B0020C4
:100D40003C342D0098CF030884CF03089CCF0308C0
:100D5000FFF9F40008B500F0E1FA01F001FD0848E0
:100D600011F0B6FDFFF7FEFCFFF736FDFFF79EFE24
:100D7000044B01221A70FFF707FE11F0E9FB08BDD2
:100D8000FD1B0008A81B00201B4B1B7803B97047F4
:100D900030B583B019491A4B186826F0EDFF194990
:100DA000194B186826F0E8FF184C256800F03EF94A
:100DB0000146284626F0E0FF24681548FFF748FD65
:100DC0008DF80400C0F307238DF80530C0F3074009
:100DD0008DF8060000220199204608F00AFA0D4914
:100DE0000D4B186826F0C8FF00223C210B4B1868F9
:100DF00021F044F803B030BDA81B0020A0CF0308A9
:100E0000041C0020B0CF0308001C0020FC1B0020A5
:100E10004D4DFF007CCF0308F81B0020F41B002081
:100E200030B591B000230C930D930E930693079366
:100E3000089309930A930B930093019302930393EE
:100E400004930593234B1B780BB911B030BD0CA84C
:100E500000F0BCF900283AD106AD9DED0C0A18212E
:100E6000284600F0A7F89DED0D0A1821684600F00D
:100E7000BFF82946184B186826F07EFF6946174BC5
:100E8000186826F079FF164C1649206826F074FF82
:100E900024681548FFF7DCFC8DF83C00C0F30723FD
:100EA0008DF83D30C0F307408DF83E0000220F99C9
:100EB000204608F09EF90D490D4B186826F05CFF9E
:100EC00000223C210B4B186820F0D8FFBDE7FFF74C
:100ED0005BFFBAE7A81B0020041C0020001C0020B8
:100EE000FC1B00206CCF03084CD976007CCF030894
:100EF000F81B0020F41B002008B5044B1B7803B935
:100F000008BDFFF78DFF11F023FBF9E7A81B0020B8
:100F1000B5EEC00AF1EE10FA0CDAF2EE047A20EE29
:100F2000270AF6EE007A30EE670ABDEEC00A10EE30
:100F3000100A7047F2EE047A20EE270AF6EE007AE5
:100F400030EE270ABDEEC00AF1E7000058B310B535
:100F500082B01C468646002A12DB134B83FB020339
:100F60004FEAE27CCCEBA303019403EB8300A2EBFA
:100F7000400200920D4A70463BF00CFB02B010BDDF
:100F80005242094B83FB02034FEAE27CCCEBA30302
:100F9000019403EB8300A2EB40020092044A7046E6
:100FA0003BF0F8FAEAE7704767666666CCCF03085D
:100FB000C0CF030870B584B000230193029303935C
:100FC00080B10C460646FFF7A3FF024601AD064B73
:100FD0000C212846FFF7BAFF2B46044A214630462B
:100FE0003BF0D8FA04B070BDACCF0308D4CF0308EF
:100FF00070B584B0002301930293039380B10C4633
:101000000646FFF785FF024601AD064B0C21284638
:10101000FFF79CFF2B46044A214630463BF0BAFAC4
:1010200004B070BDBCCF0308E0CF03080048704790
:10103000ECCF030800231D2B08D8064A52F83320B2
:10104000824201D00133F6E7184670474FF0FF3077
:10105000704700BF64D8030801B310B510460C46B2
:10106000FFF7E8FF00281BDB1022A280E28022812C
:10107000002363814FF6FE71A181E2810822227470
:10108000627C63F300026274D2B263F34102627461
:1010900063610130A061E361012010BD0020704751
:1010A0000020FAE798B330B50C46836983B31E2B52
:1010B00030D8013B184A02EBC303586831B30B69BF
:1010C00023B3098901B9102100221AE001FB023C77
:1010D0004FF0000E256905F80CE001339942F5D870
:1010E00000230AE003EB021E01FB023C10F80EE0B5
:1010F000256905F80CE00133DBB20F2BF2D9013280
:10110000D2B20F2A01D80023E8E7206930BD70472A
:101110000020FBE70020F9E764D803080048704787
:1011200040D8030808B5094A002313605360002320
:101130001372074A1370074A136000F03FF918B999
:10114000034B01221A7008BD0120FCE7101C00208F
:101150000C1C0020081C002000B583B00023009365
:1011600001930B4B1B788BB1684600F0D3F940B963
:10117000084B009A1A60019A5A6001221A7203B051
:1011800000BD044B00221A720320F8E70220F6E7A4
:101190000C1C0020101C002008B500F02FFD094B8E
:1011A0001B7863B1084B1B68C31AB3F5FA6F01D201
:1011B000002008BD044B1860FFF7CEFFF9E70220BE
:1011C000F7E700BF0C1C0020081C0020034650B1AC
:1011D000074A127A4AB10649086818604968596096
:1011E0001A7200207047012070470120704700BF2D
:1011F000101C002010B50446000A00F086FAE0B288
:1012000000F083FA10BDF8B50E461F46AB2800D992
:10121000AB20AB2A00D9AB22B6F5A07F01D340F2B8
:101220003F16B7F5A07F01D340F23F17904202D896
:10123000134602461846BE4202D83B4637461E4673
:10124000223295B2223084B22A2000F052FA284687
:10125000FFF7D0FF2046FFF7CDFF2B2000F049FA23
:101260003846FFF7C7FF3046FFF7C4FF2C2000F0D9
:1012700040FAF8BD08B5FFF7C6FF08BD10B5044633
:10128000000A00F042FAE0B200F03FFA10BD70B57B
:1012900006460D46002404E036F81400FFF7EEFF82
:1012A0000134AC42F8D370BD70B5BDF8106042B3E4
:1012B0001C4615462BB3AB2823D8B1F5A07F20D20E
:1012C0008318AC2B02D9C0F1AC05ADB20B19B3F544
:1012D000A07F02D9C1F5A074A4B22A1892B2013A33
:1012E00063189BB2013B9BB292B2FFF78CFF04FBE9
:1012F00005F5002403E03046FFF7C0FF0134AC429F
:10130000F9D370BD00B583B000904FF4A073AC2248
:1013100000210846FFF7C8FF03B000BD08B500F084
:1013200083F900F0DAF9112000F0E3F9782000F0F9
:101330006BFC132000F0DDF93A2000F0DAF95520BB
:1013400000F0E3F9362000F0D4F9002000F0DDF9D8
:10135000212000F0CEF9292000F0CBF9142000F074
:1013600053FC0020FFF7CEFF08BD10B582B07123FB
:101370008DF8073098B1044601220DF1070138209D
:1013800000F0EBFA10B1012002B010BD012221469D
:10139000382000F00AFB0028F6D00120F4E70120F5
:1013A000F2E710F0800F01D1002070470120704754
:1013B00010F0080000D170470120FCE710B582B0A2
:1013C00000238DF8073000F0D7F9282000F01CFC2E
:1013D0000DF10700FFF7C9FF40BB04469DF8070069
:1013E000FFF7E6FF10B1204602B010BD104B1B689E
:1013F000ADF804301B0C8DF80630032201A938200B
:1014000000F0ABFA08B10124EDE70A2000F0FCFB84
:101410000DF10700FFF7A9FF04460028F3D19DF85E
:101420000700FFF7C5FF0028DDD1ECE70124DAE76C
:10143000FCCF030800B583B0084B1B68ADF804303F
:101440001B0C8DF80630032201A9382000F085FA24
:1014500008B903B000BD0120FBE700BF00D00308BE
:10146000B0B110B50446FFF7E5FF08B1012010BD8B
:10147000502000F0C9FB06222146382000F095FAE2
:1014800040B92078FFF78DFF0028F0D00120EEE76B
:10149000012070470120EAE780B389B3437882785E
:1014A000120142EA0332C37842EA131207EE102A0D
:1014B0001B0403F47023027943EA022342791343A5
:1014C00007EE903AB8EE477ADFED0E6A27EE267AFD
:1014D0009FED0D6A27EE067A81ED017AF8EE677AC4
:1014E00067EEA67A9FED097A67EE877A9FED087A14
:1014F00077EEC77AC1ED007A00207047012070476F
:1015000001207047000080350000C84200004843B9
:101510000000484210B582B000230093ADF80430BB
:1015200078B104466846FFF79BFF10B1012002B076
:1015300010BD21466846FFF7AFFF0028F7D0012015
:10154000F5E70120F3E782B00823019303E000BF31
:10155000019B013B0193019B002BF8D102B0704726
:1015600008B501224FF48061014801F036F808BD4A
:101570000004004808B500224FF48061014801F0E2
:101580002CF808BD0004004808B501224FF40061A2
:10159000014801F022F808BD0004004808B5002207
:1015A0004FF40061014801F018F808BD000400483C
:1015B00008B501224FF48051014801F00EF808BD32
:1015C0000004004808B500224FF48051014801F0A2
:1015D00004F808BD0004004808B501224FF400518A
:1015E000014800F0FAFF08BD0004004808B50022D9
:1015F0004FF40051014800F0F0FF08BD000400481E
:1016000008B501224FF40041014800F0E6FF08BD93
:101610000004004808B500224FF40041014800F0E2
:10162000DCFF08BD00040048F0B587B001AC002520
:1016300001950295039504950595164BDA6C42F0D9
:101640000202DA64DB6C03F002030093009B4FF4A8
:10165000E05301930126029604960F4F2146384627
:1016600000F0C4FE4FF42043019302960395022339
:1016700004932146384600F0B9FEFFF771FFFFF7EB
:1016800097FFFFF78BFFFFF7B1FFFFF7C3FF07B02F
:10169000F0BD00BF001002400004004808B550B182
:1016A000FFF7AEFFFFF798FFFFF74DFFFFF79EFF35
:1016B000FFF749FF08BDFFF7ADFFF3E738B5044674
:1016C000002507E004F08000FFF7E8FF6400E4B2C3
:1016D0000135EDB2072DF5D938BD08B5FFF74AFF42
:1016E000142000F091FAFFF73BFF782000F08CFA0D
:1016F00008BD10B50446FFF751FFFFF763FF204612
:10170000FFF7DCFFFFF754FF10BD10B50446FFF7ED
:101710003BFFFFF757FF2046FFF7D0FFFFF748FFDB
:1017200010BD82B00023019303E000BF019B013391
:101730000193019B312BF8D902B0704708B5012203
:101740004021024800F049FF08BD00BF00040048E6
:1017500008B500224021024800F03FFF08BD00BF4D
:101760000004004808B501228021024800F035FF3E
:1017700008BD00BF0004004830B587B001AC0023AD
:101780000193029303930493059303F1804303F5BC
:101790000433DA6C42F00202DA64DB6C03F0020319
:1017A0000093009B0E4D01224021284600F015FFBA
:1017B00001228021284600F010FFC023019311234D
:1017C000029301230393022304932146284600F049
:1017D0000DFEFFF7B3FFFFF7C5FF07B030BD00BF39
:1017E0000004004808B500228021024800F0F5FE00
:1017F00008BD00BF0004004808B58021034800F080
:10180000E5FE012800D0002008BD00BF000400480C
:1018100008B5FFF7A7FFFFF791FFFFF782FFFFF77C
:10182000E1FFFFF77EFFFFF793FFFFF77AFF08BDA9
:1018300008B5FFF7D7FFFFF774FFFFF77FFFFFF74C
:1018400070FFFFF78FFFFFF76CFF08BD10B5044670
:10185000FFF77EFF64B1FFF785FFFFF762FFFFF739
:101860006DFFFFF75EFFFFF773FFFFF75AFF10BD35
:10187000FFF7B8FFF1E710B5FFF76AFFFFF772FF58
:10188000FFF74FFFFFF75AFFFFF74BFFFFF7B4FFDC
:101890000446FFF75DFFFFF744FF204610BD10B57B
:1018A000FFF760FFFFF73DFFFFF748FFFFF739FF46
:1018B000FFF7A2FF044600B10124FFF749FFFFF73D
:1018C00030FF204610BD08B5FFF742FFFFF78AFF43
:1018D000FFF727FFFFF732FFFFF723FFFFF738FF80
:1018E000FFF71FFFFFF73EFF08BD08B5FFF730FF0A
:1018F000FFF738FFFFF715FFFFF720FFFFF711FF96
:10190000FFF726FFFFF70DFF08BD38B50446002599
:1019100007E004F08000FFF799FF6400E4B20135AE
:10192000EDB2072DF5D9FFF7BAFF38BD70B5064601
:1019300000252C4607E06400E4B2FFF79CFF044357
:10194000E4B20135EDB2072DF5D91EB1FFF7BBFFAB
:10195000204670BDFFF7C9FFFAE7F8B50446154603
:101960000E4691B1FFF754FF600000F0FE00FFF754
:10197000CCFF074668B90024AC4212D2305DFFF7B5
:10198000C4FF50B90134A4B2F6E7002AEAD0012717
:1019900009E0FFF74DFF012705E0FFF749FF0127A9
:1019A00001E0FFF745FF3846F8BD2DE9F04122B3CD
:1019B00004460F46164619B3FFF72AFF6000C0B26F
:1019C00040F00100FFF7A1FF804608B900240DE0B8
:1019D000FFF72EFF4FF001080CE0651CB5422CBF4D
:1019E00000200120FFF7A2FF3855ACB2B442F4D377
:1019F000FFF71EFF4046BDE8F0814FF00008F9E711
:101A00004FF00108F6E7FEE7FEE7FEE7FEE7FEE738
:101A100070477047704708B500F0E4F808BD000053
:101A200000B583B00B4B1A6E42F001021A661A6EB3
:101A300002F001020092009A9A6D42F080529A657B
:101A40009B6D03F080530193019B00F08BF803B072
:101A500000BD00BF00100240002836D13E4B1B687D
:101A600003F4C063B3F5806F08D03B4AD2F88030EE
:101A700023F48073C2F8803000207047364AD2F8D1
:101A8000803023F48073C2F88030136823F4C0637D
:101A900043F400731360314B1B68322202FB03F3E3
:101AA0002F4AA2FB03239B0C013300E0013B2A4A8F
:101AB000526912F4806F01D0002BF7D1264B5B697D
:101AC00013F4806F44D100207047B0F5007F08D038
:101AD000214A136823F4C06343F480631360002039
:101AE00070471D4B1B6803F4C063B3F5806F08D0CB
:101AF000194AD2F8803043F48073C2F88030002055
:101B00007047154AD2F8803043F48073C2F88030B1
:101B1000136823F4C06343F4007313600F4B1B6816
:101B2000322202FB03F30E4AA2FB03239B0C013378
:101B300000E0013B084A526912F4806F01D0002B8B
:101B4000F7D1054B5B6913F4806F03D10020704718
:101B500003207047032070470070004008000020F9
:101B600083DE1B43024A936843F4804393607047CB
:101B700000700040104B1B680BB90120704710B576
:101B800004460E4A10684FF47A72B2FBF3F3B0FBCE
:101B9000F3F000F07BFD68B90F2C01D901200AE0B9
:101BA000002221464FF0FF3000F060FD044B1C6026
:101BB000002000E0012010BD0000002008000020EF
:101BC0000400002010B5032000F03EFD0F20FFF7B9
:101BD000D1FF10B10124204610BD0446FFF720FFBD
:101BE000F9E70000034A1368034909680B441360CE
:101BF000704700BF1C1C002000000020014B18682B
:101C0000704700BF1C1C002038B50446FFF7F6FFE4
:101C10000546B4F1FF3F02D0044B1B681C44FFF79C
:101C2000EDFF401BA042FAD338BD00BF00000020EA
:101C3000124BDA6802F00302DB68C3F303130133CB
:101C4000032A11D00E48B0FBF3F00C4BDB68C3F352
:101C5000062303FB00F0094BDB68C3F34163013348
:101C60005B00B0FBF3F070470648B0FBF3F0034BAA
:101C7000DB68C3F3062303FB00F0ECE7001002402F
:101C80000024F40000127A00002800F04F8270B5A2
:101C900082B00446036813F0010F37D0A44A93685A
:101CA00003F00C03D26802F003020C2B23D0082BA4
:101CB00023D06368B3F5803F4ED0B3F5A02F51D049
:101CC0009B4B1A6822F480321A601A6822F4802230
:101CD0001A606368002B52D0FFF790FF0546944BC3
:101CE0001B6813F4003F11D1FFF788FF401B6428E5
:101CF000F5D9032023E2032AD9D18D4B1B6813F4B5
:101D0000003F03D06368002B00F01282236813F0B9
:101D1000020F5DD0864A936803F00C03D26802F08C
:101D200003020C2B3AD0042B3AD0E368002B75D079
:101D30007F4A136843F480731360FFF75FFF054623
:101D40007B4B1B6813F4806F5FD1FFF757FF401B7D
:101D50000228F5D90320F2E1754A136843F4803371
:101D60001360B6E703F18043A3F53C331A6842F4ED
:101D700080221A601A6842F480321A60A9E7FFF7DD
:101D80003DFF05466A4B1B6813F4003FBED0FFF7CA
:101D900035FF401B6428F5D90320D0E1022AC2D1C7
:101DA000634B1B6813F4806F03D0E368002B00F0D3
:101DB000C1815F4A536823F0FE43216943EA01630E
:101DC00053605C4B1868FFF7D5FE002840F0B481E3
:101DD000236813F0080F4CD063699BB3544AD2F8C0
:101DE000943043F00103C2F89430FFF707FF054633
:101DF0004F4BD3F8943013F0020F3AD1FFF7FEFEA9
:101E0000401B0228F4D9032099E1494A536823F082
:101E1000FE43216943EA01635360D9E7444A1368EA
:101E200023F480731360FFF7E9FE0546404B1B68FF
:101E300013F4806FCCD0FFF7E1FE401B0228F5D9E8
:101E400003207CE13A4AD2F8943023F00103C2F82F
:101E50009430FFF7D3FE0546354BD3F8943013F09A
:101E6000020F06D0FFF7CAFE401B0228F4D9032058
:101E700065E1236813F0040F00F081802C4B9B6D0B
:101E800013F0805F36D12A4B9A6D42F080529A65EA
:101E90009B6D03F080530193019B0125264B1B682A
:101EA00013F4807F28D0A368012B39D0052B45D0AF
:101EB0001F4BD3F8902022F00102C3F89020D3F8F2
:101EC000902022F00402C3F89020A368002B43D096
:101ED000FFF794FE0646164BD3F8903013F0020F2E
:101EE0004CD1FFF78BFE801B41F288339842F2D928
:101EF000032024E10025D1E70F4A136843F48073DF
:101F00001360FFF77BFE06460B4B1B6813F4807FC4
:101F1000C9D1FFF773FE801B0228F5D903200EE11B
:101F2000034AD2F8903043F00103C2F89030CCE776
:101F3000001002400400002000700040884BD3F8DD
:101F4000902042F00402C3F89020D3F8902042F091
:101F50000102C3F89020B8E7FFF750FE0646804B19
:101F6000D3F8903013F0020F08D0FFF747FE801B24
:101F700041F288339842F2D90320E0E0E5B92368C2
:101F800013F0200F35D0A369E3B1754AD2F8983029
:101F900043F00103C2F89830FFF730FE0546704B5E
:101FA000D3F8983013F0020F23D1FFF727FE401B20
:101FB0000228F4D90320C2E0694A936D23F08053CC
:101FC0009365DCE7664AD2F8983023F00103C2F843
:101FD0009830FFF713FE0546614BD3F8983013F0A5
:101FE000020F06D0FFF70AFE401B0228F4D9032097
:101FF000A5E0E369002B00F0A180594A926802F045
:102000000C020C2A64D0022B13D0554A136823F01B
:1020100080731360FFF7F2FD0446514B1B6813F009
:10202000007F4ED0FFF7EAFD001B0228F5D9032000
:1020300085E04B4A136823F080731360FFF7DEFDE1
:102040000546474B1B6813F0007F06D0FFF7D6FD0F
:10205000401B0228F5D9032071E0414AD368414969
:102060001940236A606A013843EA0013A06A43EA10
:102070000023206B4008013843EA4053606B40085E
:10208000013843EA4063E06A43EAC0631943D16020
:10209000136843F080731360D36843F08073D36098
:1020A000FFF7ACFD04462E4B1B6813F0007F06D1F2
:1020B000FFF7A4FD001B0228F5D903203FE0002014
:1020C0003DE0274AD168284B0B40D360002036E022
:1020D000012B36D0224BDB6803F00301226A9142C8
:1020E00031D103F0F002616A0139B2EB011F2CD14A
:1020F00003F4FE42A16AB2EB012F28D103F078422B
:10210000E16AB2EBC16F24D103F4C001226B520823
:10211000013AB1EB425F1ED103F0C063626B52081B
:10212000013AB3EB426F18D1002008E0012070475C
:10213000012004E0012002E0012000E0002002B0C4
:1021400070BD0120FBE70120F9E70120F7E701203E
:10215000F5E70120F3E70120F1E70120EFE700BFF9
:10216000001002400C809F01FCFFEEFE1E4B9B689E
:1021700003F00C03042B33D01B4B9B6803F00C03C0
:10218000082B2FD0184B9B6803F00C030C2B01D0AD
:1021900000207047144BDA6802F00302DB68C3F3D7
:1021A00003130133032A11D01048B0FBF3F00E4B98
:1021B000DB68C3F3062303FB00F00B4BDB68C3F3C0
:1021C000416301335B00B0FBF3F070470848B0FB9C
:1021D000F3F0054BDB68C3F3062303FB00F0ECE7E9
:1021E0000248704702487047001002400024F40083
:1021F00000127A00002800F0E680F8B50C4605468B
:10220000744B1B6803F00F038B420BD2714A1368A7
:1022100023F00F030B431360136803F00F038B428B
:1022200040F0D3802E6816F001065FD06B68032B58
:102230002FD0022B4DD0684B1B6813F4806F00F039
:10224000C680FFF793FF654B98424DD9624A936869
:1022500023F0F00343F08003936080265E4A936886
:1022600023F0030369680B439360FFF7C7FC07463D
:10227000594B9B6803F00C036A68B3EB820F35D0AF
:10228000FFF7BCFCC01B41F288339842F0D9032011
:1022900078E0514B1B6813F0007F01D1012071E001
:1022A000FFF7C6FC4D4B98421AD94B4B9B6813F075
:1022B000F00F05D02E6816F00206CFD0AB688BB9B0
:1022C000454A936823F0F00343F08003936080262F
:1022D000C4E7414B1B6813F4003FB2D1012051E029
:1022E0000026BBE70026B9E70026B7E72B6813F006
:1022F000020F48D013F0040F04D0374A936843F418
:10230000E06393602B6813F0080F06D0324A93689D
:1023100023F47C5343F4E06393602F4A936823F0E3
:10232000F003A9680B4393602A4B1B6803F00F036B
:10233000A34230D82B6813F0040F06D0264A9368C6
:1023400023F4E063E9680B4393602B6813F0080FF4
:1023500007D0214A936823F46053296943EAC103F3
:102360009360FFF703FF1C4B9B68C3F303131C4AE6
:10237000D35C03F01F03D8401A4B18601A4B18683F
:10238000FFF7F8FBF8BD802ECED1134A936823F0F7
:10239000F0039360C8E70F4A136823F00F03234349
:1023A0001360FFF72BFC06460A4B1B6803F00F0374
:1023B000A342BFD0FFF722FC801B41F28833984232
:1023C000F2D90320DEE7012070470120DAE701207F
:1023D000D8E700BF002002400010024000B4C4044F
:1023E00054F703080800002004000020F0B583B073
:1023F000002366E085685E000324B44025EA0405F6
:10240000CC68B4402C438460456825EA0C054C68D0
:10241000C4F300149C402C43446063E08C68012C9E
:1024200065D173E0DD08083550F8254003F0070C4E
:102430004FEA8C0C4FF00F0E0EFA0CFE24EA0E0E33
:102440000C6904FA0CF444EA0E0440F8254062E0FA
:10245000052400E0002404FA0EF42C430CF1020CD5
:10246000564D45F82C40564CA568D44325EA020643
:102470004F6817F4801F01D042EA0506504DAE6048
:10248000ED6804EA05064F6817F4001F01D042EA20
:1024900005064B4DEE606D6804EA05064F6817F4BB
:1024A000003F01D042EA0506454D6E602D682C4084
:1024B0004E6816F4803F01D042EA0504404A146099
:1024C00001330A6832FA03F476D04FF0010C0CFAAB
:1024D00003FC1CEA0202F3D04C6804F00304013C44
:1024E000012C87D94C6804F00304032C96D0C468EF
:1024F0004FEA430E4FF0030C0CFA0EFC24EA0C0CCE
:102500008C6804FA0EF444EA0C04C4604C6804F0CD
:102510000304022C86D004684FEA430E4FF0030CEC
:102520000CFA0EFC24EA0C0C4C6804F0030404FAC8
:102530000EF444EA0C0404604C6814F4403FBFD02D
:10254000204C256E45F001052566246E04F001043B
:102550000194019C4FEA930C0CF10205174C54F8BE
:10256000255003F0030E4FEA8E0E0F2404FA0EF4EA
:1025700025EA0405B0F1904F3FF46CAF124CA04235
:1025800012D004F58064A04210D004F58064A0420B
:102590000ED004F58064A0420CD004F58064A04203
:1025A0003FF456AF062456E7012454E7022452E7CD
:1025B000032450E704244EE703B0F0BD00000140BF
:1025C0000004014000100240000400480369194261
:1025D00001D001207047002070470AB18161704727
:1025E00081627047002808DB0901C9B200F1604030
:1025F00000F5614080F80013704700F00F000901FA
:10260000C9B2014B1954704714ED00E000B500F059
:102610000700C0F1070CBCF1040F28BF4FF0040CF9
:10262000031D062B0ED9C31E4FF0FF3E0EFA0CF011
:1026300021EA000199400EFA03FE22EA0E0241EA65
:10264000020000BD0023EFE7074AD36823F4E063EC
:102650001B041B0C000200F4E060034343F0BF6363
:1026600043F40033D360704700ED00E010B504463A
:10267000054BD868C0F30220FFF7C8FF014620468B
:10268000FFF7B0FF10BD00BF00ED00E00138B0F172
:10269000807F0BD24FF0E0235861054AF02182F889
:1026A00023100020986107221A61704701207047AB
:1026B00000ED00E0034AD2F8883043F47003C2F81A
:1026C0008830704700ED00E010B503460C4A0D4914
:1026D0000D48006840B10C4800680344521A934208
:1026E00006D8094A136010BD0748084C0460F2E799
:1026F00039F08EFF0C2303604FF0FF30F3E700BF8B
:102700000000022000040000201C0020781F01208F
:1027100008B310B504464FF4017200211AF09AFF75
:102720004FF4497104F108000EF0DAF84FF4A27189
:1027300004F148000EF0D4F8074BA366012384F897
:1027400028300323E365B0232363452363670348ED
:102750000EF008FC10BDFEE7D4C3B2A1CDAB34121D
:10276000154B1B7903B1704710B5134C2046FFF78A
:10277000CFFF1AF0B1F909F0E9FB2AF01FF90FF0C9
:10278000DBFF0FF09FFF0DF03BFF0BF0B7FF0CF0EE
:102790001FF900F0B9F808F0D8FD10F0C7F905F0FE
:1027A00071FD07F001FB002108460BF0B9FC1AF09F
:1027B0006BF80123237110BD241C002070B5054661
:1027C00000200BF0BFFE0446002603E020460BF07D
:1027D000B9FE044664B120460BF0C8FE012806D0BD
:1027E00020460BF0CDFE8542F0D12646EEE7264688
:1027F000304670BD2DE9F047037F13F0010F6ED115
:1028000006468A469146C5684FF001080027E5B1A3
:10281000012357B32BB129463046C84705468742A6
:1028200068D0002DF3D0286800F03EFE10F4007F41
:10283000EDD12C681CB30121204600F079FDC0B910
:10284000204606F06EFD0446F4E7337F13F0080FD0
:1028500001D1002F48D1B8F1000F42D03046D04707
:1028600005464FF000084346D3E7002D3FD02F46E2
:10287000D0E70121204600F05BFD0028C7D1F368B6
:10288000AB423AD08BB11C683046FFF797FF024647
:102890001421204602F09DFA012802D04FF00008D2
:1028A0001FE0F368186803F082FAF5602C68304680
:1028B000FFF784FF02461321204602F08AFA01281E
:1028C00002D04FF000080CE0F368186803F06FFACC
:1028D0003369ABB1304698474FF0010801E04FF043
:1028E00000084046BDE8F0874FF00008F9E74FF0D8
:1028F0000008F6E74FF00008F3E74FF00008F0E7B4
:102900004FF00108EDE7000008B5202101480DF067
:10291000E7FF08BD5C1C0020014B586C704700BFEE
:10292000241C002060B110B50446064A0649FFF792
:1029300061FF63691BB110B901212046984710BDA2
:10294000FEE700BF7D0901086D09010860B110B5FF
:102950000446064A0649FFF74DFF63691BB110B9EB
:1029600000212046984710BDFEE700BF85090108F9
:102970007509010838B50446037FC3F3C00543F069
:1029800008030377DBB213F0040F06D1FFF7CAFF89
:10299000237F65F3C303237738BDFFF7D7FFF7E73E
:1029A00070B5064600F092FD002849D00546C36880
:1029B00013B11B68B34213D0EB6813B11B68B34269
:1029C00030D028460DF0D2FF0446002C38D02368C2
:1029D000B3422AD0214628460DF0D0FF0446F4E742
:1029E000037F13F0010F03D0037F23F0010303776C
:1029F00028460DF0BBFFEB68834203D02846FFF763
:102A0000B9FFD9E728460DF0B5FFEB688342F5D151
:102A10001C682846FFF7D2FE02461421204602F029
:102A2000D8F9C9E70023EB60CBE7214628460DF033
:102A3000DFFF20460FF0A0FEB3680BB100225A6002
:102A400070BDF0B170B50C4605460846FFF7A8FF0B
:102A5000A3686BB1A3685D6028460DF068FF064669
:102A600050B1046028460DF081FF864205D070BD4C
:102A7000204601F014F8EDE7FEE72846FFF77AFF5D
:102A8000F5E7704718B1C06808B100687047704733
:102A9000D8B170B50446037FC3F340038B4213D013
:102AA000037F61F341030377FFF7ECFF054658B15D
:102AB000E3681E682046FFF781FE02461321304678
:102AC00002F087F9012801D070BDFEE7284603F027
:102AD0006EF9F9E718B1007FC0F34000704700209D
:102AE000704710B590F808C0BCF1FF0F0CD0046817
:102AF0004FEA8C0E00239C451BD904EB0E00C05CF2
:102B0000884211D00133F6E70468002304EBC30CBC
:102B100014F8330070B1884201D00133F6E7DCF8D5
:102B200004301360012005E054F8233013600120C5
:102B300000E0002010BD30B589B005460C460846BF
:102B40000AF0C0FE48224FF48031284605F0A8FB69
:102B50000190C0B284F83A0002283AD83A224FF4E1
:102B60008031284605F09CFB0190C0B284F83B0000
:102B7000022847D851224FF48031284605F090FBB7
:102B80000190C0B284F83D00022862D84FF4803131
:102B9000284605F056FDFC280BD894F83A3003FB84
:102BA00000F0C0F3072084F83A0084F83B0084F872
:102BB0003D00638F13B994F83D0040B178224FF483
:102BC0008031284605F06CFB0190A062012009B01D
:102BD00030BD49224FF48031284605F061FB019059
:102BE000ADF80C00030C8DF80E30039BADF80830E7
:102BF0001B0C8DF80A30BDF80820DBB2E28784F8A0
:102C00004030ABE738224FF48031284605F048FBCE
:102C10000190E067002803DC002384F83B30A9E73B
:102C200039224FF48031284605F03AFB0190ADF887
:102C30001400030C8DF81630059BADF810301B0CFA
:102C40008DF81230049BA4F878301B0C84F87A308D
:102C500090E74A224FF48031284605F021FB01908D
:102C6000C4F89000002803DC002384F83D308DE791
:102C700063224FF48031284605F012FB0190C4F81E
:102C80009C0058224FF48031284605F009FB019042
:102C9000ADF81C00030C8DF81E30079BADF8183002
:102CA0001B0C8DF81A30069BA4F88C301B0C84F892
:102CB0008E306BE7F0B5BFB004460E463AAD36AA8B
:102CC000294604F075FC28460CF0FEF818B936A821
:102CD0000CF0FAF828B10EA92046FFF72CFF0128C6
:102CE00001D03FB0F0BD89224FF48031204605F07D
:102CF000D7FA0546009001A809F0A2F8189B0C939A
:102D000088224FF48031204605F0CAFA00900B90DB
:102D10003AA80CF0D9F878B12DBB002703973AAC4C
:102D2000224601A9304609F094F8109722460EA9D0
:102D300030460AF052FEEDB136A80CF0C5F8002876
:102D4000CFD001230393DDB90123109336AA0EA936
:102D500030460AF042FE002DC3D136AA01A9304602
:102D600009F077F8BDE701AA4FF48031204601F061
:102D70001EFED2E7224601A9304609F06AF8DBE7D9
:102D800036AA01A9304609F064F8DDE72DE9F041E3
:102D9000BAB006460DF01EFB044630460DF016FB99
:102DA0000546A4F11A03062B00F2D680DFE813F0E3
:102DB0000700D400D4009400E900D4002701304675
:102DC0000DF00CFB04460378022B00F0C580802236
:102DD0000021284605F064FA129010B102232370F6
:102DE000BAE078220021284605F05AFA06461290E9
:102DF00004220021284605F053FA074612900522C6
:102E00000021284605F04CFA024612906B69129395
:102E1000AB691393EB6914932B6A15930DF1480872
:102E2000394640460CF05AF83246414660680CF08C
:102E3000C0FB10B9012323708EE0482200212846F0
:102E400005F02EFA0590C0B2FC2802D801232370A9
:102E500082E070220021284605F022FA0590C0B2D7
:102E6000FC2802D80123237076E02922002128467D
:102E700005F016FA059010F0FF0F14D02B22002158
:102E8000284605F00DFA0590C0B2FC2802D80123AF
:102E9000237061E02A220021284605F001FA0590FE
:102EA000C3B2FC2BF3D928220021284605F0F8F9FB
:102EB000059070B10023827A9A420AD903EB83020B
:102EC0000244D278FC2A01D90133F4E701232370AC
:102ED00042E0002323703FE0304602F00FF8044642
:102EE00012A80AF0EFFC169404220021284605F0EF
:102EF000D7F90646059005220021284605F0D0F9AD
:102F0000024605906B690193AB690293EB690393E9
:102F10002B6A0493314601A80BF0E0FF89220021BF
:102F2000284605F0BDF90590C8B912AA0021284627
:102F300001F011F93B220021284605F0B1F9059076
:102F400028B19DF8C83043F020038DF8C83001AA9D
:102F500012A920460AF041FD3AB0BDE8F08105AE65
:102F6000304608F06DFF32460021284601F01FFD73
:102F70001C9B1093099401AA3146204608F069FF72
:102F8000D3E7304601F0BAFF0446892200212846E3
:102F900005F086F912900028DED10422002128468F
:102FA00005F07EF90646129005220021284605F01C
:102FB00077F9024612906B690593AB690693EB694A
:102FC00007932B6A089305AF314638460BF086FF0E
:102FD00012AE304608F034FF32460021284601F098
:102FE000E6FC78220021284605F05AF901901D9050
:102FF00016943A463146204608F02BFFACE730469F
:1030000001F07CFF044601462846FFF753FE3822B4
:103010000021284605F044F9129000289CD03B225C
:103020000021284605F03CF91290002894D00DF1BB
:10303000480840460AF046FC00268DF882608DF86C
:103040007F608DF884608DF8856016944246314625
:10305000284601F080F804223146284605F020F980
:103060000746059005223146284605F019F9024623
:1030700005906B690593AB690693EB6907932B6A1F
:10308000089305AD394628460BF028FF2A464146ED
:1030900020460AF0A2FC5FE72DE9F04182B00C4621
:1030A0004D6805B3284603F0B9FE0746284603F0ED
:1030B0005EFE8046AE6918220021284605F0F0F831
:1030C00001903318A3EB0803A361013B23626E69EF
:1030D0001A220021284605F0E3F801900644F01B6F
:1030E00060610138E0610223636241F202036362BE
:1030F0002DB143F20203636243F202336362636AF7
:1031000043F00402626243F01402626243F034024C
:10311000626243F07402626243F4076242F00402A6
:10312000626225B143F4084343F07403636202B062
:10313000BDE8F0812DE9F04F87B00B460291018D7B
:10314000994200F0C8800746ADF816101A4605F0FF
:103150003CF98146B8B1384602F029FE029B3B8516
:10316000384605F0AAFA97F82C3013F0010F13D067
:103170004FF420700FF0EEFA05464FF00008444679
:10318000CDF80C9058E0029B3B850DF116022821EA
:10319000384601F01EFE9EE0384602F008FEB9F106
:1031A000020F06D00DF116022821384601F011FE5B
:1031B00091E0384601F000FDF4E7013294420FD966
:1031C00002EB820305EB830359681FFA81FC01F4CB
:1031D0007F011B7A8342F0D1B142EED1CC45ECD3D2
:1031E00094420AD00EF1010EDBF8003013F80E0005
:1031F00000B31F2C1ED80022E0E7DBF80C3004EBF4
:10320000840105EB810225F82130DBF81030538072
:10321000DBF80830D360DBF8003013F80E3013729F
:10322000DBF804301361DAF80430C3F3170353609A
:103230000134D7E708F101087B8DC3F3051343453B
:103240004CD91F2C1ED8FB6803EBC80ADAF80460BF
:103250001FFA86F906F47F06029A39EA0202E9D1DA
:103260009AF8072012F0020FE4D104AA762153F84D
:103270003800FFF736FC0128DCD1DDF810B04FF044
:10328000000EB1E7DDF80C900026DDF808800EE0B6
:1032900006EB860305EB8303596800934346BDF8AC
:1032A000162001F47F01384605F0BEFC0136B44219
:1032B000EED828460FF060FAB9F1010F14D0B9F139
:1032C000030F18D0B9F1020F1CD00DF116022821FE
:1032D000384601F07EFD07B0BDE8F08FDDF80C90B8
:1032E0000026DDF80880E2E7FF224FF4702138461F
:1032F00005F0FEF9E9E7FF224FF47021384605F0AA
:10330000F7F9E2E7384602F052FD384601F054FC86
:10331000DBE7000010B50146044800F00FFC20B1C7
:10332000044600F09BFC204610BDFEE764F703084E
:1033300028B1436A99430CBF012000207047FEE783
:1033400040B138B50C460546038D194334EA0303F2
:1033500001D138BDFEE7FFF7EDFE4FF480012846AE
:10336000FFF7E6FF0028F4D02146284600F001F8D8
:10337000EFE7F8B506460F4606F04CF80546002480
:1033800000E00134AC4209D22146304605F0FCFF92
:103390000028F6D03946FFF7D3FFF2E7F8BD50B169
:1033A00038B50D460446028DCB431BB202EA030139
:1033B0009A4301D138BDFEE7FFF7BCFE4FF4800110
:1033C0002046FFF7B5FF0028F4D02946204600F03C
:1033D00001F8EFE7F8B506460F4606F01BF805467C
:1033E000002400E00134AC4209D22146304605F009
:1033F000CBFF0028F6D03946FFF7D1FFF2E7F8BD42
:1034000008B512B1FFF79CFF08BDFFF7C8FFFBE747
:1034100028B1406A0840003818BF01207047FEE715
:1034200050B12DE9F04188B00C460546FFF7F0FF9A
:1034300018B908B0BDE8F081FEE7284601F056FF54
:10344000064614F0100F14D16B6A23EA04036B6272
:1034500014F0010F1CD1284601F048FFB04202D100
:1034600014F0C07FE5D0284605F05BFF01F05CFF5B
:10347000DFE704AF3A466946284604F099F8694602
:10348000284602F081FC3946284602F07DFCDBE745
:10349000284602F08CFC284605F043FF01F044FF6B
:1034A000284601F041FFD6E708B1008D7047FEE7DE
:1034B00028B1008D0840003818BF01207047FEE792
:1034C00018B190F82B00C0097047FEE718B180686A
:1034D00000B140687047FEE72DE9F04188B00D4625
:1034E00008460CF077FF044628460CF06FFF0646AE
:1034F000631E322B00F24182DFE813F033003F02FB
:10350000A8003F023F023F023F023F023F023F024C
:103510003700C1013F02C6013F023F02BB003F022C
:103520009001DE013F023F0242024B024F023C0289
:1035300034023F023C023C023F023C023F023F0297
:103540006F003F023F023F023F023F023F023F0245
:1035500004023F022B023F023F023F023F02E20110
:10356000AC008021FFF7ECFE07E28021FFF717FF98
:1035700028460CF033FF0BF02DF8002840F0FD81B9
:1035800008213046FFF7D4FE002800F0F681042120
:103590003046FFF78DFF04463046FFF785FF10F0F9
:1035A000040F10D104213046FFF7CAFE0421304633
:1035B000FFF77EFFA04200F0E08100222321304689
:1035C00001F007FCD9E13046FFF77AFF0028EDD182
:1035D00004213046FFF7E3FEE8E7FFF771FF00281C
:1035E00000F0CB8104213046FFF762FF002800F095
:1035F000C481304605F095FE8046002800F0BD816C
:1036000005F008FF0746002500E00135BD4280F0C7
:10361000B4812946404605F0B7FE04468642F4D000
:10362000FFF74EFF0028F0D004212046FFF740FFAF
:103630000028EAD004212046FFF7B1FE0022232112
:10364000204601F0C6FB0128DFD096E18021FFF77C
:10365000A6FE92E105F0DEFE0546002406E0B36812
:103660001B6853F8240001F05FFE0134AC42F6D32E
:1036700083E10821FFF75CFE70B3284601F04FFCA0
:10368000044604213046FFF713FF0546A4F1110359
:10369000032B07D8DFE803F0021602160421304698
:1036A000FFF74EFE0A2C00F0688104213046FFF738
:1036B000FFFEA84200F0618100222321304601F084
:1036C00088FB5AE13046FFF7FBFE0028EAD10421CF
:1036D0003046FFF764FEE5E74FF401613046FFF73F
:1036E00027FE002800F04981304600F08DFA0028BE
:1036F00040F04381304603F091FB0746304603F02B
:10370000F3FB0446284601F00AFCA0F11103032B49
:1037100000F23381DFE803F014022654304603F050
:103720001FFB0446304601F075FE011E06DB002239
:1037300004EBA101304603F0ADFD1EE10331F6E7D5
:10374000304603F00DFB0446304601F063FE011ED7
:1037500006DB0022A4EBA101304603F09BFD0CE147
:103760000331F6E7304603F0DAFA10F0030F13D016
:10377000002F01DC002C0FDD304603F0EAFA04468E
:10378000304601F040FE011E18DB002204EBA101CF
:10379000304603F06BFDF0E0304603F0E1FA0446FA
:1037A000304601F037FE011E06DB002204EBA101CA
:1037B000304603F06FFDE0E00331F6E70331E4E764
:1037C000304603F0ACFA10F0030F13D0002F01DCE9
:1037D000002C0FDD304603F0BCFA0446304601F001
:1037E00012FE011E18DB0022A4EBA101304603F0FB
:1037F0003DFDC2E0304603F0B3FA0446304601F026
:1038000009FE011E06DB0022A4EBA101304603F0F5
:1038100041FDB2E00331F6E70331E4E74FF48061A4
:10382000FFF786FDB0B93046FFF750FEFFF752F9BB
:1038300004460AF095FE90B10AF098FE022812D0D4
:10384000042812D0082194B141F020013046FFF73E
:1038500077FD92E00121304603F08CFEE3E7284635
:1038600001F03AFBE8E71821EDE71821EBE73046D5
:10387000FFF766FD20213046FFF791FD7DE04FF414
:103880008071FFF75DFD78E04FF48071FFF787FDF1
:10389000304603F03BFA02286FD104AC2246694659
:1038A000304603F085FE6946304602F06DFA214647
:1038B000304602F069FA60E03821FFF770FD5CE005
:1038C0001222002104F0ECFC0490C4B284220021F6
:1038D000304604F0E5FC049080B200B914B13046E3
:1038E00001F022FD304605F095FD0546002406E076
:1038F000B3681B6853F8240001F016FD0134AC4294
:10390000F6D33AE00122002104F0CAFC04460490F8
:1039100002220021304604F0C3FC05460490122226
:103920000021304604F0BCFC0490C7B28422002180
:10393000304604F0B5FC049083B233B92FB96FF070
:1039400040439C4201D09D4217D1304601F0ECFC2F
:1039500013E090F82A3043F0020380F82A3001F097
:10396000E3FC0AE0002101F042F80146284601F09C
:10397000F0FA02E02846FFF709FA08B0BDE8F08146
:103980008021FFF70CFD4FF480713046FFF707FDF3
:10399000F3E74021FFF7D4FCEFE74021FFF7FFFCFE
:1039A000EBE710B50C4608460CF022FD002004F0B1
:1039B00071FC204604F0BAFF012004F06BFC0021EA
:1039C00020460BF039F82046FFF780FD10B1204665
:1039D000FEF7E6FFA3687BB1186820B10EF0CCFEBD
:1039E000A36800221A60A06808300CF0D7FCA06819
:1039F0000EF0C2FE0023A36010BD40B1F0B589B047
:103A00000C460546FFF794FC10B109B0F0BDFEE787
:103A1000284601F06BFC064614F0010725D16B6ABD
:103A200023436B622FBB284601F060FCB04202D1F9
:103A300014F0C07F07D0284605F073FC01F074FC39
:103A4000284601F071FC14F0100FDED004AC2246C1
:103A50006946284603F0ACFD6946284602F094F911
:103A60002146284602F090F9CFE7284602F09FF958
:103A7000D5E708212846FFF71BFD0028D3D02846AC
:103A8000FFF724FD07460028CDD0FEF74BFF384650
:103A9000FEF7F8FF0028C6D002F089F9C3E720B18D
:103AA00010B5044683680BB110BDFEE734200EF05C
:103AB00051FEA06058B1438E43F470734386A268F0
:103AC00092F8323043F0030382F83230ECE7FEE73D
:103AD00028B10068884214BF0020012070470020F0
:103AE0007047036800E01B681BB18B42FBD10120CB
:103AF00070470020704770B505460C460E68336865
:103B00001BB10B60FFF7F7FF266023685B6813B1FA
:103B100021462846984770BD00E0006820B1026A3F
:103B2000054B1340002BF8D018B1006AC0F30F10FA
:103B300070470020704700BFF0FF0F0070B50646C9
:103B40000C46FFF7E9FF0EF005FE0546C0B1066022
:103B50004460BCB1A368002B43D0A268138E01332C
:103B60001386A668318E890030680EF00FFE306033
:103B7000A3681A681B8E03F18043013B42F823506F
:103B8000284670BD07F048F8044600B3D0F8BC02E0
:103B900010B3D4F8D812013189000EF0F7FDF8B156
:103BA000D4F8D822511CC4F8D812C4F8BC0240F88A
:103BB000225000246C61AC61204607F041F80138C6
:103BC000E861204607F052F801382862D8E7284615
:103BD0000EF0D2FD2546D3E70023C4F8D832D8E74B
:103BE000FEE72046FFF75BFFB7E710B50446006825
:103BF00083680BB12146984723681B681BB123607B
:103C00002046FFF7F2FF10BD036800E01B6823B1F8
:103C100093F8202012F0030FF8D043B193F820005E
:103C200000F00300012814BF00200120704700208D
:103C30007047036800E01B6823B193F8202012F05E
:103C40000C0FF8D043B193F8200000F00C000428CA
:103C500014BF00200120704700207047C0B338B562
:103C6000044601F061FB002004F014FB20460EF036
:103C7000DAFD21462068FFF73EFF012004F00AFB31
:103C8000FF224FF47021204604F032FD204601F05F
:103C9000B0FEFEF741FE054618B12046FFF7C9FF0A
:103CA00088B9204605F03DFB054658B122462B2138
:103CB00001F08FF822462C21284601F08AF8204690
:103CC00002F075F838BD21462846FEF7BAFEE8E74F
:103CD000704710B582B013697BB119B993F84E00E3
:103CE00002B010BD93F84E40702204F0D9FA019052
:103CF000C0B204FB00F0000AF2E704F0A2FCEFE718
:103D000030B585B004460D46492204F0C9FA024692
:103D100002902946204604F052FB0190ADF80C00B9
:103D2000030C8DF80E3000209DF80C3063F3070073
:103D30009DF80D3063F30F209DF80E3063F31740AC
:103D400005B030BD30B585B004460D462C2204F0D8
:103D5000A7FA024602902946204604F030FB019063
:103D6000ADF80C00030C8DF80E3000209DF80C30DF
:103D700063F307009DF80D3063F30F209DF80E30BC
:103D800063F3174005B030BD30B585B004460D462D
:103D9000392204F085FA024602902946204604F0B2
:103DA0000EFB0190ADF80C00030C8DF80E300020D6
:103DB0009DF80C3063F307009DF80D3063F30F207E
:103DC0009DF80E3063F3174005B030BD30B585B0B7
:103DD00004460D46412204F063FA02460290294649
:103DE000204604F0ECFA0190ADF80C00030C8DF8BD
:103DF0000E3000209DF80C3063F307009DF80D3065
:103E000063F30F209DF80E3063F3174005B030BD0B
:103E100030B585B004460D465C2204F041FA0246F6
:103E200002902946204604F0CAFA0190ADF80C0031
:103E3000030C8DF80E3000209DF80C3063F3070062
:103E40009DF80D3063F30F209DF80E3063F317409B
:103E500005B030BD30B585B004460D46342204F0BF
:103E60001FFA024602902946204604F0A8FA019063
:103E7000ADF80C00030C8DF80E3000209DF80C30CE
:103E800063F307009DF80D3063F30F209DF80E30AB
:103E900063F3174005B030BD30B585B004460D461C
:103EA000582204F0FDF9024602902946204604F00B
:103EB00086FA0190ADF80C00030C8DF80E3000204E
:103EC0009DF80C3063F307009DF80D3063F30F206D
:103ED0009DF80E3063F3174005B030BD30B585B0A6
:103EE00004460D46592204F0DBF9024602902946A9
:103EF000204604F064FA0190ADF80C00030C8DF834
:103F00000E3000209DF80C3063F307009DF80D3053
:103F100063F30F209DF80E3063F3174005B030BDFA
:103F200030B585B004460D465A2204F0B9F9024670
:103F300002902946204604F042FA0190ADF80C00A8
:103F4000030C8DF80E3000209DF80C3063F3070051
:103F50009DF80D3063F30F209DF80E3063F317408A
:103F600005B030BD30B585B004460D465B2204F087
:103F700097F9024602902946204604F020FA019063
:103F8000ADF80C00030C8DF80E3000209DF80C30BD
:103F900063F307009DF80D3063F30F209DF80E309A
:103FA00063F3174005B030BD10B586B001939DF89E
:103FB000204013691BB39B6C0393D9B914B19DF8CE
:103FC0000F3003BB9DF80F3043B3039B04930020D5
:103FD0009DF8103063F307009DF8113063F30F2054
:103FE0009DF8123063F317409DF8133063F31F60A0
:103FF00006B010BD1A4604F0CCFF0390DEE705F0D2
:1040000005F80390DAE7214601980BF067FD0146B9
:10401000059003980CF03BF80490D8E721460198EE
:104020000BF05CFD0490D2E700B587B001931369F3
:10403000C3B39B6C039381BB9DF80C209DF80D10BE
:104040009DF80E000BF0E1FD8DF81400C0F307237E
:104050008DF81530C0F307408DF816009DF80F203D
:10406000019905980BF021FF8DF81000C0F307238C
:104070008DF81130C0F307408DF8120000209DF834
:10408000103063F307009DF8113063F30F209DF8A3
:10409000123063F3174007B000BD1A4604F079FFF1
:1040A0000390C9E704F0B2FF0390C5E770B584B090
:1040B00005460E461446942204F0F2F80190C0B270
:1040C000E07608B904B070BD90223146284604F06D
:1040D000E7F8019040F31300E36960F31303E36131
:1040E00091223146284604F0DBF80190A08292220A
:1040F0003146284604F0D4F80190E08293223146FC
:10410000284604F0CDF80190ADF80C00030C8DF8B2
:104110000E30039BADF808301B0C8DF80A30029B63
:1041200023831B0CA376A369224631462846FFF75A
:104130007BFF2076C0F307236376C0F30740A076A9
:1041400095223146284604F0ABF80190A37F60F336
:104150000613A377B6E7F0B587B006460D461446BA
:1041600010605160FFF7B5FD07460DB102284FD929
:1041700078222946304604F093F80590A06294F81E
:104180003A30002B50D194F83B30002B40F0DE80C9
:1041900094F83C30002B40F01A8194F83730002B13
:1041A00040F0538194F83D30002B40F0D581FC2F36
:1041B00027D894F83A3007FB03F3C3F3072384F8B6
:1041C0003A3094F8373007FB03F3C3F3072384F83E
:1041D000373094F83B3007FB03F3C3F3072384F82D
:1041E0003B3094F83D3007FB03F3C3F3072384F817
:1041F0003D3094F83C3003FB07F7C7F3072784F8FA
:104200003C70224629463046FFF750FF07B0F0BD0C
:10421000002384F83A3084F8373084F83B3084F84F
:104220003C3084F83D30F1E748222946304604F01E
:1042300037F80590C0B284F83A000228A3D929467D
:104240003046FFF75DFD8DF80C00C0F307238DF8B5
:104250000D30C0F307408DF80E00039B224629461F
:104260003046FFF7E1FE84F83E00C0F3072384F8F0
:104270003F30C0F3074084F84000282229463046EA
:1042800004F00EF8059018B1C37A13F00F0F56D151
:1042900029222946304604F003F8059094F84F305F
:1042A00060F3030384F84F30DBB213F00F0F3FF4D9
:1042B0006AAFE28F94F84030A4F8442084F8463086
:1042C00029463046FFF73EFD8DF81000C0F3072366
:1042D0008DF81130C0F307408DF81200049B224680
:1042E00029463046FFF7A0FE84F84900C0F30723B3
:1042F00084F84A30C0F3074084F84B002D22294649
:10430000304603F0CDFF059084F848002E22294660
:10431000304603F0C5FF059084F84D002A22294657
:10432000304603F0BDFF059084F847002B22294654
:10433000304603F0B5FF059084F84C0023E73022A7
:10434000014604F1440019F0F1F81CE7382229462F
:10435000304603F0A5FF0590E06700283FF418AF52
:104360003A222946304603F09BFF0590C0B284F8FC
:104370003B0002287FF60CAF3C222946304603F072
:104380008FFF059094F8803060F3040384F8803048
:1043900029463046FFF7F8FC8DF81400C0F30723D8
:1043A0008DF81530C0F307408DF81600059B2246A6
:1043B00029463046FFF738FE84F87800C0F307231B
:1043C00084F87930C0F3074084F87A00E0E64022B0
:1043D0002946304603F064FF0590C4F884000028A5
:1043E0003FF4DBAE42222946304603F059FF0590E8
:1043F000C0B284F83C0002287FF6CFAE43222946A3
:10440000304603F04DFF0590C4F888002946304639
:10441000FFF7DCFC8DF81400C0F307238DF815308E
:10442000C0F307408DF81600059B2246294630460A
:10443000FFF7FAFD84F88100C0F3072384F8823087
:10444000C0F3074084F88300A7E6302229463046AF
:1044500003F026FF0590E06200283FF4A3AE31226E
:104460002946304603F01CFF0590C0B284F837009F
:1044700002287FF697AEE06A08F018F9022845D0C6
:1044800029463046FFF7E6FC8DF80C00C0F3072301
:104490008DF80D30C0F307408DF80E00322229460A
:1044A000304603F0FDFE0590C0B20090039B22460B
:1044B00029463046FFF778FD04909DF8133084F8C4
:1044C00038309DF810209DF811109DF812000BF067
:1044D0009CFB84F83400C0F3072384F83530C0F324
:1044E000074084F8360033222946304603F0D8FED0
:1044F0000590003818BF012084F839006A22294647
:10450000304603F0CDFE059060674BE64D2229460C
:10451000304603F0C5FE0590206329463046FFF77C
:1045200077FC8DF81400C0F307238DF81530C0F325
:1045300007408DF81600059B224629463046FFF7B6
:1045400073FD84F83400C0F3072384F83530C0F3DA
:10455000074084F83600D1E74A222946304603F066
:104560009FFE0590C4F8900000283FF420AE94F818
:104570003D30022B7FF61BAE51222946304603F018
:104580008FFE0590C3B284F83D30022B7FF60FAE4C
:1045900061222946304603F083FE0590C4F894005A
:1045A00062222946304603F07BFE0590C4F898004D
:1045B00063222946304603F073FE0590C4F89C0040
:1045C00029463046FFF768FC8DF81400C0F3072336
:1045D0008DF81530C0F307408DF81600059B224674
:1045E00029463046FFF720FD84F88C00C0F30723EE
:1045F00084F88D30C0F3074084F88E00D7E570B59D
:1046000082B005460E46144610605160542203F0F5
:1046100047FE0090C3B284F86630022B01D802B086
:1046200070BD224631462846FFF753FBFC2807D8C9
:1046300094F8663003FB00F0C0F3072084F86600AE
:1046400094F86630022BEAD931462846FFF7E0FBA2
:104650008DF80400C0F307238DF80530C0F3074040
:104660008DF80600019B224631462846FFF7DCFC08
:1046700084F83800C0F3072384F83930C0F30740CA
:1046800084F83A0066223146284603F009FE00907D
:10469000206467223146284603F002FE0090E06362
:1046A0006E223146284603F0FBFD009094F86830F6
:1046B00060F3020384F868304D223146284603F047
:1046C000EFFD0090606365223146284603F0E8FD67
:1046D000009084F86400224631462846FFF7E6FC45
:1046E0009DE7F0B587B005460E4614461060516050
:1046F000502203F0D5FD0390C3B284F85C30022B46
:1047000001D807B0F0BD224631462846FFF7E1FA4E
:10471000FC2807D894F85C3003FB00F0C0F30720B6
:1047200084F85C0094F85C30022BEAD90023E36340
:104730004FF480732364636405F1140738460AF06C
:1047400038FD00EBD0704010206538460AF036FD89
:1047500000EBD0704010606531462846FFF7BEFB85
:104760008DF81400C0F307238DF81530C0F307400F
:104770008DF816004E223146284603F091FD039035
:10478000C0B20090059B224631462846FFF70CFC3C
:1047900004909DF8133084F85B309DF810209DF84C
:1047A00011109DF812000BF030FA84F85800C0F395
:1047B000072384F85930C0F3074084F85A006A226E
:1047C0003146284603F06CFD039020662EB9224640
:1047D00031462846FFF76AFC93E77A22314628469D
:1047E00003F05EFD039094F85D3060F3030384F8FA
:1047F0005D30ECE770B582B005460E461446106099
:104800005160522203F04CFD0090C3B284F8503046
:10481000022B01D802B070BD224631462846FFF770
:1048200058FAFC2807D894F8503003FB00F0C0F386
:10483000072084F8500094F85030022BEAD94B221C
:104840003146284603F02CFD009060640028E1D03A
:1048500031462846FFF764FB8DF80400C0F30723B8
:104860008DF80530C0F307408DF80600019B224605
:1048700031462846FFF7D8FB84F84000C0F30723F1
:1048800084F84130C0F3074084F842006422314686
:10489000284603F005FD0090A064C8B9692231469E
:1048A000284603F0FDFC0090003818BF012094F862
:1048B000513060F3000384F85130DBB260F3410300
:1048C00084F85130224631462846FFF7EFFBA1E736
:1048D00068223146284603F0E3FC0090E064DDE7FF
:1048E00070B582B005460E461446106051604C22E9
:1048F00003F0D6FC0090E06208B902B070BD53220C
:104900003146284603F0CCFC0090C0B284F8460043
:104910000228F2D9224631462846FFF7DAF9FC2868
:1049200007D894F8463003FB00F0C0F3072084F862
:10493000460094F84630022BDFD931462846FFF76F
:1049400011FB8DF80400C0F307238DF80530C0F388
:1049500007408DF80600019B224631462846FFF7A6
:1049600063FB84F82800C0F3072384F82930C0F3E0
:10497000074084F82A0060223146284603F090FC64
:10498000009020646F223146284603F089FC009095
:10499000003818BF012094F8473060F3000384F812
:1049A0004730224631462846FFF780FBA5E770B521
:1049B00082B005460E46144610605160882203F00E
:1049C0006FFC0190A0628A223146284603F068FC01
:1049D000019084F83000E36A0BB102B070BD782218
:1049E0003146284603F05CFC0190E062F5E7F0B543
:1049F00083B004460D464A2203F052FC019007465C
:104A000048BB40222946204603F04AFC0646019056
:104A1000002850D194222946204603F041FC019001
:104A200010F0FF0F5BD100203E18042229462046DB
:104A300003F036FC0746019005222946204603F084
:104A40002FFC0190B842B8BF3846002800DD06446C
:104A5000304603B0F0BD51222946204603F020FC29
:104A60000190C0B2022801D80027CAE707EBD77629
:104A70007610013663222946204603F011FC01908E
:104A8000064461222946204603F00AFC07460190AD
:104A900062222946204603F003FC01900028B8BF9B
:104AA0004042002FB8BF7F42B842ACBF3618F6195B
:104AB00026EAE677A5E742222946204603F0F0FBE6
:104AC0000190C0B20228A5D943222946204603F00E
:104AD000E7FB01900644B742B8BF37469AE79122F8
:104AE0002946204603F0DCFB019000282EDD9122B0
:104AF0002946204603F0D4FB06460190922229461F
:104B0000204603F0CDFB0190002827DD92222946A4
:104B1000204603F0C5FB019086422FDD91222946F5
:104B2000204603F0BDFB019000281FDD912229469D
:104B3000204603F0B5FB0190064690222946204608
:104B400003F0AEFB0190013030446DE7912229461D
:104B5000204603F0A5FB01904642CFE7922229466A
:104B6000204603F09DFB01904042D5E79122294663
:104B7000204603F095FB01904642DEE7922229464B
:104B8000204603F08DFB0190002807DD9222294684
:104B9000204603F085FB01900646CEE79222294687
:104BA000204603F07DFB01904642C6E783680BB1C7
:104BB000D86A704700207047A8B130B583B004466A
:104BC000FFF7F4FF05460023019301AA1B212046AD
:104BD00000F0FFF8A3683BB1019ADA62019BAB4297
:104BE0000CD103B030BDFEE7019B002BF6D0204670
:104BF000FEF755FFA368019ADA62EFE7204601F05D
:104C0000D6F8EEE7836823B193F83300C0F3810050
:104C10007047002070470000037E13F0040F1FD17F
:104C200010B5044683682C3B012B01D8012010BD30
:104C30004FF480410068FEF77BFB0028F7D0A368A3
:104C4000162B0FD0F3D3352BF1D81A2BEFD31A3BF9
:104C5000054A22FA03F313F0010FE8D00020E6E73B
:104C6000002070470020E2E7FF090F0B037E13F0DE
:104C7000080F01D00020704710B504464FF4001112
:104C80000068FEF755FB78B1A368162B0DD00BD347
:104C9000352B09D81A2B07D31A3B054A22FA03F3FE
:104CA00013F0010F00D0002010BD0020FCE700BF72
:104CB000FF090F0B10B50C4608B1006803E00B6844
:104CC000186800E0006810B1C368002BFAD060B12A
:104CD000C36863B10023E360C36821469847237E1D
:104CE00013F0010F05D1012010BD0120FCE70120C8
:104CF000FAE70020F8E72DE9F041044609F030FC1E
:104D000030B1237E13F002055FD113F0010F5DD1A6
:104D10002768BE6806B108360122214630460BF0EE
:104D20005DFA0546012851D1237E13F0020F4DD1C3
:104D300021460020FFF7BEFF0546012846D1237E0D
:104D400013F0020F42D10022214630460BF046FA02
:104D5000054601283AD1237E13F0020F36D1206890
:104D600004F0DFFA064618B12046FFF755FF78B980
:104D7000012D2BD12046FFF779FF38B3384604F0D8
:104D800049FB8046237E43F004032376002606E099
:104D900026602046FFF7AFFF0546E9E701364645A6
:104DA00014D2012D12D1237E13F0020F0ED1314601
:104DB000384604F0E9FA0028F0D020602046FFF7DA
:104DC0009AFF05460128E9D000E001252846BDE804
:104DD000F08130B589B040B3019002900391002377
:104DE000049305929DF81C2063F300028DF81C20AB
:104DF000D2B263F382028DF81C20D2B263F3410277
:104E00008DF81C20D2B263F3C3028DF81C2001ADD3
:104E100028460BF0D5F92846FFF76DFF04462846D3
:104E20000BF0D6F9204609B030BD0124FAE770B185
:104E3000F8B50C4615461E460746FEF730FEB86824
:104E400033462A46214608300BF05DFAF8BDFEE7EE
:104E500030B108B5806820B108300BF075FA08BD94
:104E6000FEE70020FBE730B108B5806810B10830DC
:104E70000BF070FA08BDFEE730B108B5806820B1CC
:104E800008300BF079FA08BDFEE70020FBE748B1D7
:104E9000F8B50D460646FFF7DBFF0746A8B1441EEE
:104EA000002701E0FEE7013C002C0EDB21463046E6
:104EB000FFF7D9FF0028F6D00368AB42F3D12146B3
:104EC0003046FFF7D9FF0137EDE73846F8BD08B5A2
:104ED0000BF07EFA08BD00008268192A08D808B5D0
:104EE000054BD34013F0010F04D00BF077FA08BD47
:104EF000002070470020FAE71EDF3B0308B58368F7
:104F0000A3F11C02022A05D9202B03D01F2B01D0AC
:104F1000212B02D10BF062FA08BD0020FCE708B596
:104F20008368112B01D0002008BD0BF057FA08B19F
:104F30000068F9E70020F7E708B58368122B01D075
:104F4000002008BD0BF04AFA08B10068F9E700201C
:104F5000F7E783681B2B00D0704710B50C460BF0A9
:104F60003DFA03689C42B8BF1C46046010BD08B5FA
:104F70008368282B01D0002008BD0BF02FFA08B160
:104F80000088F9E70020F7E700E0406850B1836847
:104F9000002BFAD093F8333003F00C03082BF4D134
:104FA0000120704770472DE9F04182B005460E465A
:104FB0001B2203F075F904460190804638223146E1
:104FC000284603F06DF9074601903C2231462846F9
:104FD00003F066F9019010F0080F01D004EB070808
:104FE000404602B0BDE8F0812DE9F04182B00546AF
:104FF0000E461A2203F054F90446019080463822E6
:105000003146284603F04CF9074601903C223146D0
:10501000284603F045F9019010F0040F01D004EB8D
:105020000708404602B0BDE8F0812DE9F04182B0AA
:1050300005460E46182203F033F9044601908046D7
:1050400038223146284603F02BF9074601903C22CE
:105050003146284603F024F9019010F0020F01D0E8
:1050600004EB0708404602B0BDE8F081F0B583B01C
:1050700006460F46192203F013F904460190382220
:105080003946304603F00CF9054601903C2239467A
:10509000304603F005F9019000F0010005FB0040E7
:1050A00003B0F0BD2DE9F04F8BB00446059190465A
:1050B0001D469C22002103F0F3F806460790834624
:1050C00098220021204603F0EBF80746079081461E
:1050D0000128B8BF4FF0010999220021204603F0B2
:1050E000DFF8079082460128B8BF4FF0010A16B9D1
:1050F000B7F5807F3DD09A220021204603F0D0F8FA
:10510000079008909B220021204603F0C9F80790E1
:105110000990089F07F0C042B2F1005F2DD0099FAF
:1051200007F0C042B2F1005F44D06369089A1344AB
:105130000893A369099A1344099355B1C6F1000B6A
:105140004FF6FF7309EB030292FBF9F9534493FB0B
:10515000FAFA85F00105029508AB0193CDF800A09D
:105160004B465A464146059809F02CFF0BB0BDE866
:10517000F08FB0F5807FBED1F8E727F0C0476FF021
:1051800060439F42CBDAB7F1805F05DBC7F17F67F1
:1051900007F57F2707F6FF7704F114000AF009F8F6
:1051A00007FB00F0124B83FB0023C017C0EB63101A
:1051B0000890B4E727F0C0476FF060439F42B4DA2D
:1051C000B7F1805F05DBC7F17F6707F57F2707F63B
:1051D000FF7704F1140009F0F1FF07FB00F0044B26
:1051E00083FB0023C017C0EB631009909DE700BF4D
:1051F0001F85EB5190B130B583B00C4605460023B6
:1052000001AA102103F0BAF8012808D020B9002221
:105210002146284603F05DFF03B030BDFEE7019B49
:10522000A342F4D1F2E790B130B583B00C46054605
:10523000002301AA112103F0A1F8012808D020B908
:1052400000222146284603F04EFF03B030BDFEE7A2
:10525000019BA342F4D1F2E748B138B514460546A4
:10526000FFF7C8FF21462846FFF7DDFF38BDFEE700
:1052700090B130B583B00C460546002301AA012148
:1052800003F07CF8012808D020B9002221462846E6
:1052900003F001FF03B030BDFEE7019BA342F4D150
:1052A000F2E790B130B583B00C460546002301AA61
:1052B000022103F063F8012808D020B9002221461A
:1052C000284603F0FCFE03B030BDFEE7019BA3427D
:1052D000F4D1F2E748B138B514460546FFF7C8FFE8
:1052E00021462846FFF7DDFF38BDFEE730B583B025
:1052F00004460C49FEF78CF818B10025284603B087
:1053000030BD0546204604F00CF80028F6D0842273
:10531000002102F0C5FF019080B20028EED00125E7
:10532000ECE700BF0100060008B590F82A2042F023
:10533000010280F82A2003F0F8FF90F82A2042F0BA
:10534000040280F82A2003F0FDFF0022392105F035
:10535000FEFE08BD48B110B50446002289B203F034
:105360008BFF2046FFF7E0FF10BDFEE770B5044657
:1053700015461E46002203F0C0FE3246294620464E
:10538000FFF76AFF70BD40B142690A6082694A60F6
:10539000C2698A60036ACB607047FEE788B138B59E
:1053A000044603F0BEFF054660B164694369E41A30
:1053B00001F0CFFC044400212846FFF715FE201A17
:1053C00038BDFEE76069FBE788B138B5044603F0F5
:1053D000A8FF054660B1A4698369E41A01F0C0FC26
:1053E000044400212846FFF720FE201A38BDFEE7BE
:1053F000A069FBE700B583B01122002102F050FF45
:10540000019003B000BD20B108B5143009F0D1FE01
:1054100008BDFEE720B108B5143009F0CFFE08BD85
:10542000FEE748B138B50546FFF7CEFF04462846EB
:10543000FFF7F0FF204438BDFEE780B170B50446A9
:105440000021FFF7D1FD064600212046FFF7ABFD06
:1054500005462046FFF7D7FF801B401B70BDFEE7C7
:1054600080B170B504460021FFF7DFFD064600213C
:105470002046FFF7FBFD05462046FFF7CBFF801BCC
:10548000401B70BDFEE708B338B50C460546FFF774
:105490007AFF00212846FFF7A7FD23680344236015
:1054A00000212846FFF77FFDA3681B1AA360002197
:1054B0002846FFF7BAFD636803446360002128466D
:1054C000FFF7D4FDE3681B1AE36038BDFEE7000078
:1054D00000B583B000230093044B01936A46352145
:1054E000FFF777FC009803B000BD00BF010000E0AB
:1054F0002DE9F04F85B0044601F02BFC0190A36824
:105500000BB100221A6200212046FFF74CFD8046B5
:1055100000212046FFF768FD81462046FFF7D8FFAF
:1055200000EB09054544794B0393012203A920466A
:1055300009F0F4F878B1A26812B1019B5B421362E2
:10554000039B724A934202D09D42B8BF1D46284633
:1055500005B0BDE8F08F204603F05CFF8246812253
:105560000021204602F09CFE0290C0B201285ED0CD
:10557000002694E012220021384602F091FE0290AB
:10558000C0B208280BD840F24913C34013F0010FF2
:1055900005D0E3697A699B1A03F1010B34E010220C
:1055A0000021384602F07CFE029010B1DFF85CB1B9
:1055B0002AE007F1140009F0FCFD00EB080B2222A1
:1055C0000021384602F06CFE029083441CE00393F5
:1055D000013656452DD2A3681B6853F826704C49F6
:1055E0003846FDF715FF0028F2D197F82B3013F05D
:1055F000200FEDD13846FFF779FE0028BAD0E369D5
:105600007A699B1A03F1010B22220021384602F02D
:1056100047FE02905844039B9842D8DB2222002187
:10562000384602F03DFE02900BEB0003CFE7002668
:10563000CFE7039B354A93423FF47DAF4B4403933E
:1056400079E712220021384602F02AFE0290C0B209
:1056500007280AD89323C34013F0010F05D0FB6934
:1056600062699B1A03F1010B34E0102200213846D5
:1056700002F016FE029010B1DFF890B02AE007F1B8
:10568000140009F096FD00EB090B23220021384697
:1056900002F006FE029083441CE003930136564557
:1056A0002BD2A3681B6853F8267019493846FDF7BA
:1056B000AFFE0028F2D197F82B3013F0200FEDD178
:1056C0003846FFF713FE0028BBD0FB6962699B1ABE
:1056D00003F1010B23220021384602F0E1FD029084
:1056E0005844039B9842D8DB23220021384602F01D
:1056F000D7FD02900BEB0003CFE7039B034A9342D5
:105700003FF419AF4344039315E700BF010000E0E5
:105710000100040070B582B005461446012904D08A
:10572000082902D0092900D0FEE70A4600212846B0
:1057300002F0B6FD01906FF04042904206D000F0BA
:10574000C042B2F1005F10D002B070BD24B1236836
:10575000002B05DB2068F7E72846FFF7C9FEF3E7D3
:105760002846FFF7C5FE2060F4E720F0C0446FF044
:1057700060439C42E8DA284603F0D3FDFFF75DFE64
:105780000346B4F1805F05DBC4F17F6404F57F2438
:1057900004F6FF7404FB03F30B4A82FB0312DC17CD
:1057A000C4EB621422220021284602F079FD06464D
:1057B000009023220021284602F072FD034600904B
:1057C0003344E01AC0E700BF1F85EB5108B5002243
:1057D000FFF7A0FF08BD000000B583B0054B0093A4
:1057E000002301936A463521FFF7F3FA019803B0CD
:1057F00000BD00BF010000E02DE9F04F85B0044678
:1058000001F0AEFA0190A3680BB100225A620021A8
:105810002046FFF70AFC824600212046FFF726FCBF
:1058200081462046FFF7D8FF00EB0A074F443E4B66
:105830000393002203A9204608F070FF78B1A26804
:1058400012B1019B5B425362039B374A934202D0E1
:105850009F42B8BF1F46384605B0BDE8F08F2046CE
:1058600003F0D8FD8346002528E0122200213046AF
:1058700002F016FD0290C0B2032805D8336AA2696F
:105880009B1A03F1010834E011220021304602F096
:1058900007FD029010B1DFF890802AE006F11400B5
:1058A00009F08CFC00EB0A0820220021304602F0AF
:1058B000F7FC029080441CE0039301355D452BD238
:1058C000A3681B6853F8256018493046FDF7A0FD12
:1058D0000028F2D196F82B3013F0100FEDD130469E
:1058E000FFF704FD0028C0D0336AA2699B1A03F1B8
:1058F000010821220021304602F0D2FC02904044EF
:10590000039B9842D8DB21220021304602F0C8FCDC
:10591000029008EB0003CFE7039B034A93428ED02B
:105920004B4403938BE700BF010000E0010004003B
:1059300070B582B005461446022904D00A2902D067
:105940000B2900D0FEE70A460021284602F0A8FCF9
:1059500001906FF04042904206D000F0C042B2F198
:10596000005F10D002B070BD24B12368002B05DBAE
:105970002068F7E72846FFF73FFFF3E72846FFF7E1
:105980003BFF2060F4E720F0C0446FF060439C428E
:10599000E8DA284603F0C5FCFFF762FD0346B4F1E0
:1059A000805F05DBC4F17F6404F57F2404F6FF7497
:1059B00004FB03F30B4A82FB0312DC17C4EB6214F3
:1059C00020220021284602F06BFC0646009021228E
:1059D0000021284602F064FC034600903344E01A9C
:1059E000C0E700BF1F85EB5108B50022FFF7A0FFFD
:1059F00008BD30B583B005460122002102F050FCFD
:105A00000446019002220021284602F049FC019040
:105A10006FF040439C4201D0984205D12846FFF7E1
:105A200083FC012003B030BD0020FBE72DE9F047E7
:105A300080468A4691461F4603F0ECFC0646002449
:105A400000E00134B4421FD2D8F808301D6855F880
:105A5000245037B14FF480212846FDF769FC002817
:105A6000EFD16B6953446B61AB694B44AB61EB693C
:105A70005344EB612B6A4B442B6200234A46514648
:105A80002846FFF7D3FFDCE7BDE8F08700283FD0CA
:105A90002DE9F0470F4616461C468046FFF7B2F840
:105AA000054604F0010904F00203002B14BF4FF077
:105AB000010A4FF0000A16D0B9F1000F03D1022DF0
:105AC0000AD0BDE8F087404603F02BFC234632465F
:105AD0003946FFF7DBFFF2E7534632463946404688
:105AE000FFF7E0FAEDE702280BD0B9F1000FE8D09C
:105AF000404603F016FC234632463946FFF7C6FF00
:105B0000DFE75346324639464046FFF7CBFAECE72B
:105B1000704708B513460122FFF7B8FF08BD70B5FE
:105B200088B00C4613460968009166680196029198
:105B3000E16801310391A568013504950596069544
:105B4000079104226946FFF7A1FF069B049D1946B1
:105B5000AB42A8BF2946029A009816468242A8BFC7
:105B60000646B142A8BF31462160AB42B8BF2B46C2
:105B70008242B8BF02469342B8BF1346A360079B58
:105B8000059D1946AB42A8BF2946039A01981646BF
:105B90008242A8BF0646B142A8BF31466160AB420F
:105BA000B8BF2B468242B8BF02469342B8BF1346E5
:105BB000E36008B070BD2DE9F04188B004460D46A1
:105BC0000121FDF7B5FB20B10026304608B0BDE845
:105BD000F0810746204603F0A8FB064603F0B2FB1F
:105BE000804605F02CF9864215D0404605F033F981
:105BF000864210D0404605F052F986420BD040460E
:105C000005F035F9864206D0404605F03CF986425B
:105C100001D03E46D9E72046FEF7C8FF014663693A
:105C20000493A3690593E3690693236A079304AE7B
:105C30000246304609F052F932462946284609F014
:105C400067F906460028C0D02046FFF79DF920B925
:105C5000204603F066FB044613E001222946204655
:105C6000FFF75DFFF4E72046FFF78EF928BB6A4691
:105C70002946284609F04CF928B3204603F051FB89
:105C80000446002CA1D001212046FDF751FBD0B9DC
:105C900004F114030FCB8DE80F004FF48011204660
:105CA000FDF746FB0028DED02046FEF77FFF0146C9
:105CB0000246684609F012F9D5E7012269462046F6
:105CC000FFF72DFFD3E73E467FE738B504460D4684
:105CD000FFF771FFA0B1A3682BB193F8333003F045
:105CE0000C03082B06D0204603F02CFB294604F0B9
:105CF0005CF838BD05221146284609F0EFF8F2E7B6
:105D00000020F6E7B0B1F0B587B00C46054691B17A
:105D100092B1136802935368039393680493D36812
:105D2000059302A92046FFF7D0FF064628B9304662
:105D300007B0F0BDFEE7FEE7FEE7009402AB01937B
:105D40006A461049D5F8C80203F090FDD5F8D00294
:105D500018B16A460B4903F089FD0A4C6A46214690
:105D6000D5F8C00203F082FD6A462146D5F8C40288
:105D700003F07CFD6A462146D5F8CC0203F076FD9F
:105D8000D5E700BF056A000850B170B50C4606465D
:105D900003F0D8FA054605F010FA10B9002070BDDE
:105DA000FEE7224631462846FFF7ACFFF7E758B139
:105DB00070B584B0044603F0C5FA054605F0FDF958
:105DC00018B9002004B070BDFEE72046FEF7EEFED5
:105DD00061690091A2690192E3690293266A0396C0
:105DE000091A0091121A019203440293304403905D
:105DF0006A4621462846FFF785FFE3E7002877D06B
:105E00002DE9F0438BB0044690F82B3003F00C03DF
:105E10000C2B00F0418103F084FA0546002800F0C5
:105E20003D8194F82B3013F0080F62D02046FFF725
:105E3000EAFA064694F82B3013F0040F00F0BA800B
:105E40002046FFF7E7FA80462046FFF7DCFAB0422B
:105E500000F011812046FFF7AAFF06AF3946204621
:105E6000FFF791FA0DF1080949462846FFF70BFBA9
:105E700000224946384609F09CFB0746002800F0FE
:105E80000281A3694344013B236281220021204611
:105E900002F006FA0190C3B2012B00F0F8806369AA
:105EA0003344013BE36106AA32212046FEF791FF0D
:105EB00022462B212846FEF78CFF2046FFF777FF6E
:105EC00094F82A3043F0020384F82A30002202A911
:105ED00004F1140009F06DFB07B910B1284601F078
:105EE00007FF2046FEF768FE01200BB0BDE8F083F7
:105EF000FEE74FF0FF3300936A4601212046FFF78B
:105F000009FC06466A4608212046FFF703FC0746BF
:105F10006A4609212046FFF7FDFB33468642A8BFAB
:105F200003461E46BB42B8BF3E46BB4215DDB042EB
:105F30001BD001220021204602F0B2F90346019055
:105F400003F0C042B2F1005F17D0002294F82B306A
:105F500062F3451384F82B306CE7082200212046B9
:105F600002F09EF903460190EAE70922002120464B
:105F700002F096F903460190E2E723F0C0436FF088
:105F80006042934214DA95F82B3013F0080F01D0D9
:105F90000022DBE701220021284602F081F901906E
:105FA0006FF04042904201D00022CFE70122CDE7BE
:105FB0000022CBE74FF0FF3300936A4602212046D0
:105FC000FFF7B6FC07466A460A212046FFF7B0FCF9
:105FD00081466A460B212046FFF7AAFC3B468742D2
:105FE000A8BF034698464B45B8BFC8464B4515DD8C
:105FF00040451BD002220021204602F051F9034601
:10600000019003F0C042B2F1005F17D0002294F873
:106010002B3062F3041384F82B3015E70A22002199
:10602000204602F03DF903460190EAE70B220021E9
:10603000204602F035F903460190E2E723F0C04321
:106040006FF06042934214DA95F82B3013F0040F8E
:1060500001D00022DBE702220021284602F020F9CD
:1060600001906FF04042904201D00022CFE7012220
:10607000CDE70022CBE72046FFF7CCF940457FF47F
:10608000E9AE002031E7284601F032FEF9E6E36987
:106090009B1B0133636106E7002026E7002024E70D
:1060A0002DE9F0438BB004460D4616464768A7B16C
:1060B0004FF48021FDF73CF978B37B6903EB0509C8
:1060C000BB691E4400213846FEF78EFF09EB000530
:1060D00000213846FEF7A9FF06446369ED1A0895CA
:1060E000A369F61A09960DB9002E51D02046FFF784
:1060F0005EFE04A92046FFF746F9F7B16946384627
:10610000FFF7C1F90022694604A809F052FA804657
:10611000A8B9384601F0ECFD11E0D7F814903846E4
:1061200000F017FEA9EB0009A944BD69384600F04C
:1061300017FEA5EB00084644C4E74FF0000863696A
:106140002B446361A3693344A361E3692B44E36196
:10615000236A334423620023324629462046FFF750
:1061600065FC27B122462B213846FEF732FE204639
:10617000FFF71DFE67B10022694604F1140009F023
:1061800018FAB8F1000F00D110B1384601F0B0FD97
:106190000BB0BDE8F08300002DE9F04F87B0044656
:1061A000FFF7A4F810B107B0BDE8F08F204603F068
:1061B000B8F8074610220021204602F071F8064682
:1061C0000590009011220021204602F069F8054652
:1061D00005908146002F5CD03846FFF72EF90390DA
:1061E0003846FFF73DF9834606F0C043B3F1005F40
:1061F00055D005F0C043B3F1005F77D00C220021E9
:10620000204602F04DF80646059082460D220021F8
:10621000204602F045F80546059001902046FFF71C
:10622000F2F802902046FFF7F5F8804606F0C043EA
:10623000B3F1005F00F0818005F0C043B3F1005F6F
:1062400000F09580009B53449A46019B994412228A
:106250000021204602F024F8059010F0FF0500D13F
:10626000012581220021384602F01AF80590C0B2BB
:10627000012800F09680023D072D00F2D780DFE86C
:1062800015F0A700C000DB00DF00FB00CD000B0114
:106290002001024631462046FFF702FF83E726F041
:1062A000C0466FF060439E42A3DA012200213846C7
:1062B00001F0F6FF05906FF04043984213D0B6F11D
:1062C000805F05DBC6F17F6606F57F2606F6FF7662
:1062D000039B03FB06F68B4B83FB0623F617C6EBEB
:1062E0006313009385E70023009382E725F0C04500
:1062F0006FF060439D4281DA02220021384601F0AE
:10630000CFFF05906FF04043984209D0B5F1805F10
:1063100008DBC5F17F6505F57F2505F6FF7503E010
:106320004FF0000929F0C0450BFB05F5754B83FBC9
:106330000539ED17C5EB691960E726F0C0466FF027
:1063400060439E42BFF678AFB6F1805F05DBC6F1D1
:106350007F6606F57F2606F6FF76029B03FB06F6B0
:10636000684B83FB063AF617C6EB6A1A64E725F01A
:10637000C0456FF060439D42BFF664AFB5F1805FEA
:1063800005DBC5F17F6505F57F2505F6FF7508FB83
:1063900005F55C4B83FB0523ED17C5EB63130193F8
:1063A00050E76B1E072B3FF666AF01A252F823F0B1
:1063B00003640008776200082D640008796400080F
:1063C0007762000839640008996400081D640008B9
:1063D00001280AD0039B03EBD372029B03EBD37318
:1063E0005B10C3EB62039A4420E0039B03EBD37280
:1063F000029B03EBD3735B10C3EB6203A3EB0A0AAC
:1064000014E0012804D0039B029A9B1A9A440DE0E1
:10641000039B029A9B1AA3EB0A0A07E00BEBDB7BB8
:1064200008EBD8735B10C3EB6B0399444A465146A3
:106430002046FFF735FEB6E6ABEB0808C144F5E7AA
:1064400001280DD0039B03EBD372029B03EBD373A4
:106450005B10C3EB62039A44ABEB0808C144E5E769
:10646000039B03EBD372029B03EBD3735B10C3EB71
:106470006203A3EB0A0AEFE7012807D0039B029A05
:106480009B1A9A44ABEB0808C144CFE7039B029ADE
:106490009B1AA3EB0A0AF5E701280CD0039B029A8A
:1064A0009B1A9A440BEBDB7B08EBD8735B10C3EBB6
:1064B0006B039944BAE7039B029A9B1AA3EB0A0A5F
:1064C000F0E7012812D0039B03EBD372029B03EB8E
:1064D000D3735B10C3EB62039A440BEBDB7B08EBDB
:1064E000D8735B10C3EB6B0399449FE7039B03EBEB
:1064F000D372029B03EBD3735B10C3EB6203A3EB7A
:106500000A0AEAE71F85EB5170B5044602F082FFE4
:1065100006460025B54207D2A3681B6853F825003C
:10652000FFF7F2FF0135F5E794F82A3013F0010F79
:1065300005D194F82A3013F0020F12D170BD94F8EF
:106540002A3023F0010384F82A302046FFF756FC56
:106550002046FFF721FE002EEBD0204608F008F978
:10656000E7E794F82A3023F0020384F82A30002168
:10657000204601F0E1FBE1E7134B93F8643003B1EF
:10658000704710B5104B012283F8642002F0CDFE55
:10659000044608E094F82A3023F0040384F82A30F3
:1065A0002046FFF7B1FF94F82A3013F0040FF1D121
:1065B000204602F0C7FE0022422104F0C8FD024B33
:1065C000002283F8642010BD241C0020002841D044
:1065D0002DE9F04F85B00C4690461E460746FFF762
:1065E000CBFFC4B3384602F09CFE8246002839D067
:1065F0000021FEF7F9FC019000215046FEF715FD41
:10660000834600212046FEF7EFFC8146002120460C
:10661000FEF70BFD0546B8F1000F24D008F1FF3856
:10662000B8F1140F65D8DFE818F02700860096004F
:10663000A100AC00C600DB00EB00670005010C0107
:106640001F012D013401470155015C016F017D01DE
:1066500083019501FEE7384602F063FE04460028F8
:10666000C0D1FEE7FEE781220021204601F018FE9E
:106670000390C3B2012B6ED006F0C043B3F1005FAC
:1066800000F075810E9B03F0C043B3F1005F00F092
:106690008B8181220021504601F002FE0390C0B29E
:1066A000012800F0A08163693344DAF814209E1AAF
:1066B000504600F0B3FB0644019BF61A4E44A46911
:1066C0000E9B1C44DAF81830E41A504600F04FFBD9
:1066D0002318A3EB0B031D4400220121384602F0CE
:1066E0000CFD2A4631463846FEF7B6FD05B0BDE83A
:1066F000F08F0025A946BFE72046FEF79EFE00EB7F
:10670000D0704FEA60083846FEF77DFE00EBD0708F
:10671000A8EB6008C1442046FEF7A2FE00EBD07053
:106720004FEA60083846FEF775FE00EBD070A8EB24
:1067300060084544A0E72046FEF77FFE00EBD070DE
:106740004FEA60083846FEF75EFE00EBD070A8EB1B
:106750006008C14490E72046FEF76FFE8046384649
:10676000FEF751FEA8EB0008C14485E72046FEF77E
:1067700077FE80463846FEF74DFEA8EB00084544FC
:106780007AE72046FEF759FE00EBD0704FEA60082A
:106790003846FEF738FE00EBD070A8EB6008C14425
:1067A0002046FEF75DFE80463846FEF733FEA8EB36
:1067B0000008454460E72046FEF73FFE8046384625
:1067C000FEF721FEA8EB0008C1442046FEF748FE74
:1067D00080463846FEF71EFEA8EB000845444BE70E
:1067E0002046FEF73DFE00EBD0704FEA60083846C9
:1067F000FEF710FE00EBD070A8EB600845443BE7C5
:106800002046FEF71AFE80463846FEF7FCFDA8EB50
:106810000008C1442046FEF723FE00EBD0704FEA8B
:1068200060083846FEF7F6FD00EBD070A8EB600874
:10683000454421E73846FEF7EDFD45424FF000099B
:106840001AE72046FEF7DFFD00EBD0704FEA600943
:106850003846FEF7D8FD00EBD070A9EB600938464A
:10686000FEF7D8FD454207E72046FEF7CCFD8146FE
:106870003846FEF7C8FDA9EB00093846FEF7CAFD09
:106880004542F9E62046FEF7C5FD05464FF00009F2
:10689000F2E62046FEF7B7FD00EBD0704FEA600944
:1068A0003846FEF7B0FD00EBD070A9EB600920463A
:1068B000FEF7B0FD0546DFE62046FEF7A4FD814663
:1068C0003846FEF7A0FDA9EB00092046FEF7A2FD21
:1068D0000546D1E63846FEF796FDC0F100090025D1
:1068E000CAE63846FEF78FFDC0F100092046FEF7E4
:1068F00091FD00EBD07045103846FEF78BFD00EBA4
:10690000D070A5EB6005B7E63846FEF77CFDC0F118
:1069100000092046FEF77EFD05463846FEF77AFD63
:106920002D1AA9E62046FEF76EFD81460025A3E656
:106930002046FEF768FD81462046FEF76BFD00EB22
:10694000D07045103846FEF765FD00EBD070A5EB22
:10695000600591E62046FEF756FD81462046FEF78B
:1069600059FD05463846FEF755FD2D1A84E626F0FA
:10697000C0486FF060439845BFF684AE2046FEF7EE
:1069800042FD0346B8F1805F05DBC8F17F6808F57A
:106990007F2808F6FF7808FB03F3194A82FB0312ED
:1069A000DB17C3EB62166DE60E9B23F0C0486FF059
:1069B00060439845BFF66DAE2046FEF72BFD0346BB
:1069C000B8F1805F05DBC8F17F6808F57F2808F61D
:1069D000FF7808FB03F30A4A82FB0312DB17C3EBC1
:1069E00062130E9355E663693344DAF814209E1A55
:1069F000504600F079FA0644019BF61A4E445EE6D2
:106A00001F85EB510B68834278D02DE9F04786B0A3
:106A100004460D46FEF7CAF8014663690293A3696E
:106A20000393E3690493236A0593024602A808F0DE
:106A300055FA2046FEF7A8FA48B902A9686808F096
:106A4000A7FA824648B9012006B0BDE8F0870122C6
:106A500002A92046FFF763F8EFE72046FCF724FD84
:106A6000C743BFB200250FE001AA88210AF002FE49
:106A700008B9002620E056461EE001AA94210AF03B
:106A8000F9FDF0B11FE00135638DC3F30513AB428F
:106A900032D9D4F80C804FEAC50908EBC503DA797E
:106AA00012F0040FEFD19B881F42ECD158F835004B
:106AB0004368002BD8DB002658F809004368002BF8
:106AC000DBDB002EDFD02046FEF770F86169029113
:106AD000A2690392E3690493256A0595091A029154
:106AE000121A0392034404932844059002A92046F5
:106AF000FFF7EBF80120A7E70020A5E7012070478A
:106B0000D0B130B585B00446FEF750F86169009108
:106B1000A2690192E3690293256A0395091A00911B
:106B2000121A0192034402932844039069462046B6
:106B3000FFF741F805B030BDFEE738B138B50C4677
:106B40000546FCF7ACFFAB689C6238BDFEE708B5B4
:106B500042690A6082694A60C2698A60026ACA60E0
:106B6000836823B10846996A0A4608F0B7F908BD58
:106B70002DE9F04182B005460E46182201F090FB47
:106B800004460190804638223146284601F088FBB1
:106B9000074601903C223146284601F081FB0190D6
:106BA00010F0020F01D004EB0708404602B0BDE828
:106BB000F081F0B583B006460F46192201F070FB54
:106BC0000446019038223946304601F069FB0546FB
:106BD00001903C223946304601F062FB019000F002
:106BE000010005FB004003B0F0BD2DE9F04182B08B
:106BF00005460E461B2201F053FB044601908046D9
:106C000038223146284601F04BFB074601903C22D2
:106C10003146284601F044FB019010F0080F01D0E6
:106C200004EB0708404602B0BDE8F0812DE9F041D1
:106C300082B005460E461A2201F032FB044601904E
:106C4000804638223146284601F02AFB074601904B
:106C50003C223146284601F023FB019010F0040F3E
:106C600001D004EB0708404602B0BDE8F08108B54A
:106C700090F85C3013F0080F00D108BD00220E21FF
:106C80000068FEF7A6F8F8E7A8B138B50C46054647
:106C9000FCF705FFAA6892F8323003F00303A34221
:106CA00008D092F8323064F3010382F8323028467B
:106CB000FFF77DF838BDFEE738B505460C46FCF712
:106CC000EEFEAA68538EC3F38313A34203D0538E00
:106CD00064F38913538638BD38B505460C46FCF776
:106CE000DEFEAB6893F8322064F3830283F832202F
:106CF00038BD38B505460C46FCF7D1FEAB6893F8B5
:106D0000322064F3051283F8322038BD836823B142
:106D100093F8320000F00300704703207047836847
:106D20001BB1588EC0F3831070470F2070478368E3
:106D300023B193F83200C0F3810070470020704700
:106D4000836823B193F83200C0F30110704700202C
:106D50007047836813B1186A40427047002070473B
:106D6000836813B1586A40427047002070478368B7
:106D700013B1586A404270470020704750B12DE966
:106D8000F04383B0064602F045FB81460024DFF85D
:106D9000888001E0FEE701344C4515D2B3681B68DA
:106DA00053F824501B492846FCF732FB0028F2D147
:106DB0002F6A21220021284601F072FA019007442F
:106DC000B845B8BFB846E6E700213046FFF7D0FE29
:106DD000074600213046FFF7ECFE05460E4B98456E
:106DE00003D0336A1B1AA8EB03083046FEF7F4FC05
:106DF00004463046FEF70EFBC31B581B241A3046D0
:106E0000FFF7AEFF201A4045B8BF404603B0BDE8CB
:106E1000F08300BF01000400010000E098B12DE9FB
:106E2000F04F83B005468122002101F039FA01902C
:106E3000C0B2012808D0AB68002B4ED0186A40427F
:106E400003B0BDE8F08FFEE700212846FFF7CDFE36
:106E5000814600212846FFF7E9FE8046284602F0D9
:106E6000D9FA82466FF0604B002400E001345445AB
:106E700015D2AB681B6853F8246019493046FCF7FB
:106E8000C7FA0028F2D1776922220021304601F0AA
:106E900007FA01903F1ABB45A8BFBB46E6E76FF073
:106EA00060439B4517D06B694344A3EB0B06284610
:106EB000FEF70EFB04462846FEF7A5FAA0EB0903F1
:106EC000A3EB0803E41A2846FFF743FF2044B0422F
:106ED000B8BF3046B4E7034EE9E70020B0E700BF93
:106EE00001000400010000E080B12DE9F04383B00F
:106EF00006468122002101F0D3F90190C0B2012899
:106F000005D1B368002B48D0186A43E0FEE730464D
:106F100002F080FA80460024214F00E0013444450D
:106F200016D2B3681B6853F824501E492846FCF754
:106F30006FFA0028F2D1D5F81C90232200212846B0
:106F400001F0AEF9019081444F45B8BF4F46E5E7E7
:106F500000213046FFF749FE054600213046FFF785
:106F600065FE80460E4B9F4202D0F3695B1BFF1A01
:106F70003046FEF7ADFA04463046FEF744FA431BAE
:106F8000A3EB0803E41A3046FFF7E3FE201AB842E9
:106F9000B8BF384603B0BDE8F0830020FAE700BF71
:106FA000010000E00100040038B505460C460C491C
:106FB00007F06AFD58B1C06A40422060094928467E
:106FC00007F062FD38B1C06A4042606038BD2846B3
:106FD000FFF7BFFEF1E72846FFF7C2FEF5E700BF67
:106FE0004D7000083770000870B5044615460E460F
:106FF00001B9F2B12046FCF752FDA268136A33448E
:107000001362A268536A2B44536201232A46314615
:107010002046FEF70BFD00220F212046FDF7D9FE8A
:107020000546012801D0284670BD2046FEF7BFFE68
:10703000F9E70125F7E738B504460D46FFF790FE5E
:10704000421900212046FFF7CFFF38BD38B504466E
:107050000D46FFF77EFE002241192046FFF7C4FFD0
:1070600038BD00002DE9F04198B0044615460E46A3
:1070700009B9002A72D0002B61D0204602F062F9D3
:107080008046684607F0BEFC2146684607F062FD70
:107090003A49684607F073FD4EBB002D5ED040466E
:1070A00003F0E4FD4FF4C872C821401007F006FD5C
:1070B0000146684607F052FD2046FFF751FE2A1AA6
:1070C0004142684607F04FFD2D49684607F044FDF0
:1070D0002C49684607F04DFD6A460C212046FDF715
:1070E00078FE01283AD1684607F068FE36E040464F
:1070F00003F0A6FD4FF4C872C821401007F0DEFC73
:107100000146684607F02AFD2046FFF722FE321AA4
:107110004142684607F027FD1B49684607F01CFD01
:107120001849684607F025FD6A460C212046FDF700
:1071300050FE012812D1684607F040FEADE7104925
:10714000204607F079FC1049204607F075FC002224
:107150000C212046FDF73DFE012802D018B0BDE805
:10716000F0812A4631462046FFF73EFF0128F5D13F
:1071700000220E212046FDF72CFEEFE76F6C000881
:10718000377000080DEB00084D7000082DE9F0473E
:1071900082B00546144699460F4601B922B32846E7
:1071A000FFF7EAF92846FFF7D4FD06463F1A812289
:1071B0000021284601F074F80190C0B201282AD0BD
:1071C000002F14DD00272846FFF7CAFD8046241A49
:1071D000002C36DD002408EB0402F11900D11AB1AD
:1071E0004B462846FFF73EFF02B0BDE8F087EADADB
:1071F0002846FFF713FE80462846FFF775FE18EB7A
:10720000000805D4C8F10008B845DCDD4746DAE7D8
:107210004FF00008F6E7002F11DBD4DD2846FFF71A
:10722000FDFD80462846FFF75FFE18EB000803D4FB
:10723000B845C8DA4746C6E74FF00008F8E7002728
:10724000C1E7C8DA2846FFF792FD82462846FFF7D5
:1072500095FD1AEB000A05D4CAF1000AA245BADD71
:107260005446B8E74FF0000AF6E7000070B5044650
:107270000D461646064907F0DFFB2046FFF769FD7D
:1072800033460022411B2046FFF780FF70BD00BF40
:107290004D70000870B504460D461646064907F0C5
:1072A000CBFB2046FFF75CFD3346421B0021204606
:1072B000FFF76CFF70BD00BF3770000870B5054662
:1072C00016461C461A46FFF7D1FF2246314628468D
:1072D000FFF7E0FF70BD00002DE9F04F89B0804658
:1072E0000D46049117460293084602F01AF8044628
:1072F0001021FCF71DF8002800F0BD802046FFF7A4
:107300000EFD01902046FFF71BFD0590002800F0C0
:10731000B580143500212046FFF72AFC8246002163
:107320002046FFF746FC8346A66956446B68F61A6A
:10733000D7F80490A6EB0906236A1B1AEA689B1A81
:107340000793A9EB030303932046FEF763F8A0EB32
:107350000A00A0EB0B020692002EC0F29C80039B59
:10736000002BC0F28D800026059B022B00F0A3802D
:10737000032B00F0A880012B05D1A36953446A6850
:1073800032449B1A1E442046FFF7D1FC834610B1BD
:10739000049B03F1140800212046FFF747FC8146B7
:1073A00000212046FFF721FC824665694D44D8F84C
:1073B0000030ED1A3A68E3691B1AD8F808105B1A16
:1073C000D11AAD1A00F196800029C0F291800025F3
:1073D0002046FEF718F8A0EB0900A0EB0A00BBF16D
:1073E000020F00F09D80BBF1030F00F0A280BBF103
:1073F000010F06D163694B44D8F800202A449B1A38
:107400001D445A49204607F017FB5949204607F00A
:1074100013FB019B13F0010F02D1002DC0F29D80E0
:10742000019B13F0020F02D1002D00DD0025019B0E
:1074300013F0040F02D1002EC0F29180019B13F0D3
:10744000080F02D1002E00DD00263B68029A002AB8
:1074500000F087802A4613443B607B68029A002A2A
:1074600000F08180324613447B60029B32462946FD
:107470002046FFF7F7FD09B0BDE8F08F454649E724
:10748000002E08DD2046FFF772FC801B0028BFF6A7
:107490006BAF002668E7039B002B01DC002663E747
:1074A000079BA3EB09062046FFF768FCC6427FF561
:1074B0005BAF002658E7236AA3EB0B03EA6832446C
:1074C0009B1A1E445FE7A36903EB0A09069B03EBC3
:1074D000D37309EB6309284607F070FE00EBD07008
:1074E0006B6803EB60033344A9EB03094E444AE79E
:1074F000002D03DC00290ADC002569E72046FFF7A0
:107500008DFC401B0028BFF663AF002560E79D1A85
:107510002046FFF7E9FCC5427FF55AAF002557E743
:10752000E369A3EB0A03D8F808202A449B1A1D44F8
:1075300067E763694B4400EBD07003EB600940469A
:1075400007F037FE00EBD070D8F8003003EB600393
:107550002B44A9EB03094D4453E7002560E70026BF
:107560006CE7002277E700227DE700BF3770000854
:107570004D70000870B582B005460E46FEF7FCFF60
:10758000002300930193284601F0CBFE04462946D0
:107590000AE033466A4605F11400FFF79DFE2046D7
:1075A00001F0BFFE21460446002CF2D102B070BDAE
:1075B0002DE9F04F93B004460F4616464FF0FF35C5
:1075C00000952B4600221146384607F06DFC0095C9
:1075D0002B4600221146304607F066FC102120465B
:1075E000FBF7A6FE039020B12046FFF78FFB8146F4
:1075F00010B913B0BDE8F08F002006F0A3FF0546D8
:10760000B9F1020F0CD14DB1284606F0E3FF8442D8
:1076100004D0284606F096FF0546F4E7002DE8D092
:107620002046FFF7A4FB80462046FFF7A7FB049007
:107630002046FFF7F3FB06902046FFF755FC059028
:107640002046FFF76CFB824610F00C0F21D0B9F1F9
:10765000010F00F00781B9F1030F05D0B9F1020F56
:107660000ED04FF0000B16E0B8F1000F02DDDDF890
:107670000CB010E0049B002BF0DDDDF80CB00AE04C
:10768000284606F097FF0C2800F0EF804FF0000B23
:1076900001E04FF0000B1AF0030F0AD0B9F1010F0F
:1076A0000CD0B9F1030F00F0E380B9F1020F00F044
:1076B000E880BBF1000F9CD00023039381224FF49C
:1076C0008031204600F0ECFD1190C3B20B931822DC
:1076D0004FF48031204600F0E3FD0C901190192208
:1076E0004FF48031204600F0DBFD089011901A2203
:1076F0004FF48031204600F0D3FD0A9011901B22F8
:107700004FF48031204600F0CBFD0990119001220A
:107710004FF48031204600F0C3FD054607901190DC
:1077200003224FF48031204600F0BAFD0D901190F5
:107730002046FDF76FFE81462046FDF764FE824637
:10774000BBF1000F00F0A4800F95039B002B00F00D
:10775000A280079B0E9348224FF48031204600F010
:107760009FFD1190C0B2022840F29880C844049B4B
:1077700008EB0305BBF1000F00F0D780002D00F0EF
:10778000D480A3697360236AF3600B9B012B00F024
:107790009180E369099A9B1AB360079A9B1A013397
:1077A00033600C9BA9EB0308089BA8EB03080E9B16
:1077B000A8EB030809FB08F393FBF5FB0D9B002BDB
:1077C00000DD9B46002003F07FFA00EB80004000C4
:1077D000EF2878DC01239B4540F383805946CB4555
:1077E000A8BF4946A8EB0108A5EB0905002D40F309
:1077F0009180049B08FB03F393FBF5F3A8EB0308CC
:10780000A26942440C98131873600B44013BF36067
:10781000A3691D189A42C0F20381F368256A0E9A83
:10782000AD1A089AAD1AAB427FDDF560002003F077
:107830004BFA00EB80004300EF2B00F3298101237A
:10784000ED1A73689D4270DAF568002003F03CFA87
:1078500000EB80004300EF2B00F328810123ED1A99
:10786000756062E0DDF80CB015E7DDF80CB012E7EA
:10787000069B002B3FF722AF059B002B3FF71EAF67
:1078800013E7284606F096FE03287FF412AF15E7AB
:1078900000230F9359E700230E935CE73A224FF43D
:1078A0008031204600F0FCFC1190C0B202283FF667
:1078B0005DAF9EE663690A9A13443360079A1344E6
:1078C000013BB3606DE7002003F0FEF900EB8000A0
:1078D00043005033B64A82FB0312DB17C3EBA213FB
:1078E00079E7002003F0F0F900EB80004300EF2B74
:1078F00002DC4FF0010B71E7002003F0E5F900EB2B
:10790000800043005033AA4A82FB0312DB17C3EB0B
:10791000A21B63E7A3690C9A13447360236A089A55
:107920009B1A0E9A9B1A013BF360069D5544059BDA
:107930001D44039B002B3FF45CAE002D3FF459AE79
:10794000236A089A9B1AFB60079A9B1A01337B6093
:1079500063693B60E369BB600A9BAAEB0306099B72
:10796000F61A0F9BF61A0AFB06F898FBF5F80D9B22
:10797000002B00DD9846002003F0A6F900EB800004
:107980004000EF2800F3A0800123984540F3AA802F
:10799000D045A8BFD046A6EB0806A5EB0A05002DEA
:1079A00040F3B980059B06FB03F393FBF5F3F61A4E
:1079B0000B9B012B00F0CA80626932440A9953186C
:1079C0003B604344013BBB6063695D189A42C0F26F
:1079D0003E81BB68E4690F9AA41A099AA41AA342CB
:1079E0007FF707AEBC60002003F06EF900EB80006B
:1079F0004300EF2B00F360810123E41A3B689C42B3
:107A0000BFF6F7ADBC68002003F05EF900EB800024
:107A10004300EF2B00F35E810123E41A3C60E8E5AC
:107A20007560002003F050F900EB80004300EF2B5D
:107A300012DC01231D44F3689D427FF7EEAE7568AA
:107A4000002003F041F900EB80004300EF2B11DC34
:107A500001231D44F560E0E6002003F035F900EB5A
:107A6000800043005033524A82FB0312DB17C3EB02
:107A7000A213DFE7002003F027F900EB80004300AA
:107A800050334B4A82FB0312DB17C3EBA213E0E730
:107A9000002003F019F900EB800043005033444A02
:107AA00082FB0312DB17C3EBA213C9E6002003F02D
:107AB0000BF900EB8000430050333D4A82FB031278
:107AC000DB17C3EBA213CAE6002003F0FDF800EBBE
:107AD000800043005033364A82FB0312DB17C3EBAE
:107AE000A21352E7002003F0EFF800EB8000430000
:107AF000EF2B02DC4FF001084AE7002003F0E4F826
:107B000000EB800043005033294A82FB0312DB174D
:107B1000C3EBA2183CE70B9B012B0BD063690A9ABD
:107B200013443B60E369099A9B1A0F9A9B1A013B25
:107B3000BB605EE563690A9A13440F9A1344013BE4
:107B40003B60E369099A9B1ABB6052E56269324463
:107B50000A9953180F9803443B604344013BBB60B0
:107B600063695D1805449A4224DBBB68E469099A9D
:107B7000A41AA3427FF73DADBC60002003F0A4F837
:107B800000EB80004300EF2B48DC0123E41A3B6844
:107B90009C42BFF62EADBC68002003F095F800EBC8
:107BA00080004300EF2B47DC0123E41A3C6020E512
:107BB000676666663D60002003F086F800EB800093
:107BC0004300EF2B11DC01231D44BB689D42CCDD3B
:107BD0003D68002003F078F800EB80004300EF2BB5
:107BE00011DC01231D44BD60BFE7002003F06CF8E9
:107BF00000EB8000430050333C4A82FB0312DB174A
:107C0000C3EBA213E0E7002003F05EF80A2202FBB8
:107C100000F35033A02293FBF2F3E3E7002003F0DC
:107C200053F800EB800043005033304A82FB0312CC
:107C3000DB17C3EBA213A9E7002003F045F80A22E3
:107C400002FB00F35033A02293FBF2F3ADE73D605B
:107C5000002003F039F800EB80004300EF2B12DC2A
:107C600001231D44BB689D427FF7B3AE3D680020F1
:107C700003F02AF800EB80004300EF2B11DC012316
:107C80001D44BD60A5E6002003F01EF800EB800057
:107C900043005033154A82FB0312DB17C3EBA213D8
:107CA000DFE7002003F010F80A2202FB00F3503354
:107CB000A02293FBF2F3E3E7002003F005F800EBCA
:107CC000800043005033094A82FB0312DB17C3EBE9
:107CD000A21392E6002002F0F7FF0A2202FB00F353
:107CE0005033A02293FBF2F397E600BF6766666607
:107CF00030B589B0044604AD6A462946FFF758FC02
:107D0000284607F0E1F818B9684607F0DDF838B101
:107D100004A807F0D9F828B9684607F0D5F830B9B3
:107D200009B030BD04A92046FEF72EF8F4E76946F5
:107D30002046FEF729F8F3E7F0B583B004460D4678
:107D4000FEF7FEFF28B12046FEF7F1FFB0B103B009
:107D5000F0BD2046FFF70BF806462046FFF70EF869
:107D6000021EF0DA002EEEDD52422B46B242A8BFD0
:107D7000324600212046FFF775F9E4E72046FFF779
:107D80004DF807462046FFF7AFF80646812200214E
:107D9000204600F085FA0190C2B2012A0DD0002ED3
:107DA000D5DA002FD3DD71422B460022B942A8BF9D
:107DB00039462046FFF756F9C9E7002FC7DA002EEB
:107DC000C5DD2B46002239462046FFF74BF9BEE7BA
:107DD00010B590F808C0BCF1FF0F0CD004684FEA52
:107DE0008C0E00239C451BD904EB0E00C05C88421E
:107DF00011D00133F6E70468002304EBC30C14F838
:107E0000330070B1884201D00133F6E7DCF804306A
:107E10001360012005E054F823301360012000E0D6
:107E2000002010BD2DE9F04F83B005469046009329
:107E300093087B2A12D801269E4001F47F078BB25B
:107E400001936FEA030A1FFA8AFA95F82A9009F05B
:107E50000809002433464E46994602E01F23EAE70C
:107E600001346B8DC3F30513A3421DD9E96801EBFF
:107E7000C402D37913F0020F45D0002EF0D113F0D5
:107E8000040FEDD1536803F47F03BB42E8D151F8EE
:107E90003400436813EA090FE2D0009A4146FFF725
:107EA00097FF0128DCD136E04E464FF0FF3B00E063
:107EB00001346B8DC3F30513A34228D9EB6803EBA0
:107EC000C40253F8340043683342F1D0D37913F03D
:107ED000040FEDD15368C3F3170203F47F039F42ED
:107EE000E6D11FFA82F912EA0A0FE1D1D945DFDDA6
:107EF000009A4146FFF76CFF0128D9D1019B4B4501
:107F000009D0CB46D4E74E464FF0FF3BD1E7BBF15B
:107F1000000F03DB012003B0BDE8F08F0020FAE77B
:107F2000F8B5044615461E4601F47F07FFF77AFFB1
:107F3000012839D0B02D11D81C4B5B5D03F0010333
:107F4000BBB107B9646894B133462A46218D2046F7
:107F5000FFF768FF012827D06468F4E7144B5B6BD8
:107F60003BB12B4413F8B13C03F00103E8E70020D8
:107F70001AE0C7B96B1EDBB2012B01D9002013E058
:107F8000236802E09A694AB91B6853B1012DF9D000
:107F9000DA69002AF8D03260012005E03260284614
:107FA00002E0002000E00020F8BD00BFF86E0408E9
:107FB000241C00202DE9F047064689469246984643
:107FC000274808F0D7FC0446002706E023795345EC
:107FD00031D0BAF1FF0F30D02C46002C3CD04445B4
:107FE0003AD021461E4808F0CDFC05462068B04234
:107FF000F2D1A3684B45E9D0B9F5702FECD1E5E794
:108000002179105809F0A7FA0137738DC3F30513CE
:10801000BB4214D9F268F80002EBC703D97911F01A
:10802000020FF1D0B9F5702FEAD05B68C3F31703E4
:108030004B45E9D1E4E70027E7E70027E5E7002122
:10804000204606F0F9FC2146054808F0D1FC204600
:108050000AF092FB0127BFE73846BDE8F08700BF72
:10806000401C00202DE9F84306460F4690F8088092
:10807000B8F1FF0F12D0D0F800904FEA8808002422
:10808000337AA34216D908EB0403FDB219F80300B2
:1080900009F0ACFB054212D10134F1E70668002576
:1080A00016F8350038B1FCB209F0A0FB044204D147
:1080B0000135F5E70020BDE8F8830120FBE701204A
:1080C000F9E7F8B5074601F0A5F905460024AC42EA
:1080D00013D2BB681B6853F824603046FDF767FE77
:1080E000002233213046FCF774FE3046FDF75FFE78
:1080F0003046FFF7E6FF0134E9E7F8BD2DE9F0412E
:1081000004460D46002200E00132638DC3F30513DF
:1081100093420FD9E16801EBC203D87910F0010F47
:10812000F2D05B68C3F31703AB42EDD151F83200D4
:10813000BDE8F081013303F03F03628D63F3091260
:10814000628502F47C7202B9FEE7D900E0680AF0A9
:108150001DFBE060B0B1668DC6F30516013E96B119
:10816000E26806F10053013B02EBC303D97911F039
:10817000030F08D102EBC60293E8030082E8030074
:10818000013EECE7FEE7E068F7000822002100EB83
:10819000C60015F05FFAD4F80C800C200AF0DAFA69
:1081A00048F83600E36853F8360009F0BFF9E36891
:1081B0003B44DA7942F00102DA71E3683B445A68E1
:1081C00065F317025A60E36853F83600B0E770B5FC
:1081D00004460D46002100E00131638DC3F3051311
:1081E0008B420BD9E26802EBC102D07910F0020F8A
:1081F000F2D05268C2F31702AA42EDD18B4203D0EB
:10820000E06800EBC10070BD013303F03F03628DF5
:1082100063F30912628502F47C7202B9FEE7D900A9
:10822000E0680AF0B3FAE060668DC6F30516013E19
:108230000CE0E26806F10053013B02EBC30302EBE2
:10824000C60293E8030082E80300013E002EF0D14D
:1082500008220021E06815F0FDF9E6680C200AF01C
:108260006FFA3060E368186809F060F9E268D37962
:1082700043F00203D371E3685A6865F317025A604A
:10828000E068C0E708B51421014808F029FB08BDE3
:10829000401C0020014B83F828007047241C00205C
:1082A000A0B110B582B014468446008D002300931F
:1082B0006B4601436046FFF733FE012807D0204696
:1082C00009F0F2F90190019802B010BDFEE7009BA1
:1082D0000193F8E710B582B004469C220021FFF715
:1082E000DFFF0190002842D1982200212046FFF7AD
:1082F000D7FF0190B0F5807F01D0022038E09922AD
:1083000000212046FFF7CCFF0190B0F5807F01D01F
:1083100002202DE09D2200212046FFF7C1FF0190A1
:1083200040BB9E2200212046FFF7BAFF019018BBF8
:10833000712200212046FFF7B3FF0190C0B2FF2851
:1083400001D0012014E0792200212046FFF7A8FF88
:10835000019008B101200BE07A2200212046FFF7AE
:108360009FFF019010F0FF0002D0012000E00220EA
:1083700002B010BD0220FBE70220F9E738B54FF04C
:10838000000E01E00EF1010EB0F82AC0CCF3051C7E
:10839000F44512D9C46804EBCE0C9CF8075015F0D4
:1083A000010FEFD0DCF80450C5F317059D42E9D169
:1083B00054F83E0009F05EF900E0002038BD84B0BA
:1083C00001921046039204B070472DE9F04383B048
:1083D00005460F4616460024A04610E04FF003085D
:1083E000404603B0BDE8F08301AA0521484609F0E4
:1083F00041F9002800F09E804FF0020801346B8D97
:10840000C3F30513A342EBD9E96801EBC403DA799E
:1084100012F0020FF2D19B8823EA0702B2FA82F22D
:10842000520923EA0603B3FA83F35B099A42E5D0C3
:1084300051F8349001AA1821484609F01BF9002888
:10844000CCD101AA1921484609F014F90028C5D158
:1084500001AA1A21484609F00DF90028BED101AA47
:108460001B21484609F006F90028B7D101AA1E21B0
:10847000484609F0FFF80028B0D101AA1D2148465E
:1084800009F0F8F80028A9D101AA8421484609F08A
:10849000F1F80028A2D101AA0C21484609F0EAF817
:1084A00000289BD101AA0D21484609F0E3F80028D5
:1084B00094D101AA0121484609F0DCF800288DD1A9
:1084C00001AA0221484609F0D5F8002886D101AA60
:1084D0000821484609F0CEF800287FF47FAF01AAB2
:1084E0000921484609F0C6F800287FF477AF01AAB1
:1084F0000A21484609F0BEF800287FF46FAF01AAB0
:108500000B21484609F0B6F800287FF467AF01AAAE
:108510003821484609F0AEF800287FF45FAF01AA81
:108520000421484609F0A6F800283FF45DAF4FF05B
:10853000020863E701AA9C21484609F09BF810B1A4
:108540004FF002085AE701AA9821484609F092F82C
:1085500010B14FF0020851E701AA9921484609F0ED
:1085600089F810B14FF0020848E701AA42214846B5
:1085700009F080F810B14FF002083FE701AA43214B
:10858000484609F077F810B14FF0020836E701AA23
:108590004021484609F06EF810B14FF002082DE76F
:1085A00001AA4A21484609F065F810B14FF00208C7
:1085B00024E701AA5121484609F05CF810B14FF0B8
:1085C00002081BE701AA6121484609F053F810B1DF
:1085D0004FF0020812E701AA6221484609F04AF862
:1085E00010B14FF0020809E701AA6321484609F0DB
:1085F00041F810B14FF0020800E701AA4B214846AC
:1086000009F038F830B9B8F1000F7FF4F7AE4FF049
:108610000108F3E64FF00208F0E670B582B00546B7
:108620000E466522FFF73CFE0190C4B2812231461E
:108630002846FFF735FE019004B90124204602B018
:1086400070BD70B582B004460E467022FFF728FE5A
:108650000190C3B2022B28D9FC2B09D8C3EB03200D
:10866000C0F3072556B9204600F05BFE044605E03E
:10867000FF25F7E7204600F054FE04467CB1702247
:1086800000212046FFF70CFE0190C3B2022B10D947
:10869000FC2BEFD805FB03F3C3F30725EAE7022D14
:1086A00009D9FC2D02D9FF2500E00025284602B09B
:1086B00070BD0025FAE70025F8E738B50446FFF756
:1086C00009FE0546A36833B193F8332060F38302B3
:1086D00083F8332038BD0028FCD02046FBF7DFF9B3
:1086E000A36893F8332065F3830283F83320F1E71E
:1086F00060B12DE9F04782B00E46144605463A4B6C
:1087000093F828301BB902B0BDE8F087FEE7FDF70B
:108710004EFB204609F06AF800F00407204609F0F5
:1087200065F800F00208204609F060F800F0010A40
:10873000204609F05BF800F010095FB1B6F5702F24
:1087400000D0BEBB002233212846FCF742FB28465E
:10875000FCF7EAFDB6F5702F00D046B9FF2C00D02B
:108760002FB1284600F0DDFD08B1FCF7DDFDB6F5C0
:10877000702F00D016B9B9F1000F30D1FF2C02D004
:10878000B8F1000F02D02846FCF716FA2846FDF78C
:108790000EFBFF2C07D0BAF1000FB4D0B8F1000FD8
:1087A00001D1002FAFD0B6F5803FACD02846FFF7FF
:1087B00088FCA8E7022200212846FFF771FD0190FE
:1087C0006FF040429042BDD0012200212846FFF7C1
:1087D00067FD01906FF040429042BBD1B2E728465E
:1087E000FFF76BFFCAE700BF241C00202DE9F84FFC
:1087F0000446984697B202F47F068946A1B191F8E3
:1088000008A0BAF1000F01D04FF0FF0A16B1002006
:10881000054616E020214846FFF724FC0028F6D044
:108820002046FDF7C4FAF2E74FF0FF0AEFE7013503
:1088300007E0B9F1000F27D051F80B304B4523D09A
:108840000135638DC3F30513AB425ED9E1684FEA8E
:10885000C50B01EBC50253681FFA83FE03F47F03C7
:10886000B8F1000F04D092F807C01CF0080FDED05A
:108870004FF6FF7C674501D0BE45E1D1B6F5702FBC
:10888000D7D09E42D5D0DBE7D37913F0020F16D1B3
:10889000E36803EB0B02D27912F0030F0DD053F80B
:1088A0000B0008B108F048FEE36853F80B0009F02C
:1088B00063FFE368002243F80B202B4611E00023FE
:1088C000FF2231462046FFF775FBE1E7E26803F13E
:1088D000010C02EBCC0102EBC30203C982E80300E6
:1088E0006346618DC1F305114A1E9A42EED83F31AD
:1088F00001F03F01638D61F309136385C900E068EE
:1089000009F044FFE06001209BE710B1BAF1000FCD
:1089100001D1BDE8F88F524631462046FFF7E8FE08
:10892000F7E708B50023FFF761FF08BD08B5024A65
:108930000021FFF7F6FF08BDFFFF0F002DE9F04112
:108940000468266827792A4808F010F8014603E0F1
:10895000274808F013F8014679B1A142F8D00A6817
:1089600023689A42F4D18A68A3689A42F0D10A79BE
:1089700023799A42ECD1012300E00023ABBB002510
:108980000AE0D8F8042022F07F4254F8351030462F
:10899000FFF7C7FF29E00135738DC3F30513AB4221
:1089A00023D9F3684FEAC50803EBC503DA7912F05F
:1089B000020FF0D05B68C3F31703A2689342EAD1B9
:1089C00021460B4808F014F8204609F0D5FEF4685B
:1089D000A044394654F8350008F0BDFDF36853F85B
:1089E000350008F0FDFE0028CBD1BDE8F08100BFC6
:1089F000401C0020438D03F47C73B3F57C7F00D1D1
:108A0000FEE72DE9F04104460F4616460023FF22FB
:108A10003146FFF7CFFA06F47F0307B133B1324690
:108A200039462046FFF77DFF00250AE02021384621
:108A3000FFF718FB0028F2D02046FDF7B8F9EEE763
:108A40000135638DC3F30513AB4209D9E26802EB2C
:108A5000C502D27912F0020FF2D112F0010FEFD15C
:108A6000013303F03F03628D63F30912628502F460
:108A70007C7202B9FEE7D900E06809F087FEE06089
:108A800030B1B4F82AC0CCF3051C0CF1FF3C0EE069
:108A9000FEE7E2680CF10053013B02EBC30302EB7B
:108AA000CC0293E8030082E803000CF1FF3C65452B
:108AB000EFD3E0684FEAC5080822002100EBC500AB
:108AC00014F0C8FDE36843F83570E36843445A681E
:108AD00066F317025A60FF2231462046FFF708FE70
:108AE000BDE8F081F8B505460C46002200E00132F1
:108AF000638DC3F3051393420BD925B1E36853F893
:108B00003230AB42F3D1FF224FF470212046FFF701
:108B1000EFFD204600F07EFC07460026BE4208D24C
:108B2000A3681B6853F826102846FFF7DBFF0136C1
:108B3000F4E7F8BD0F4B93F8283003B9704770B5D0
:108B40000646002002F06EF805460FE0D5F8BC326C
:108B500053F824103046FFF7C5FF0134D5F8D8325A
:108B6000A342F3D8284602F05DF805460DB1002473
:108B7000F4E770BD241C0020F0B583B006460D4616
:108B800001921C4600230A4604F47F01FFF712FA03
:108B900021463046FFF7B2FA07465CB1019A2946F2
:108BA000384608F01CFD2A4621463046FFF7A0FD56
:108BB00003B0F0BD284608F019FE10F0200FEDD0EC
:108BC0003046FDF7F4F8E9E730B1F8B50E46154642
:108BD00004464FF0000C02E0FEE70CF1010C608D42
:108BE000C0F3051060450BD9E36803EBCC03DA79D9
:108BF00012F0010FF1D05B68C3F31703AB42ECD165
:108C000060450FD0E368314653F83C0008F0A3FC00
:108C1000074608B93846F8BD324629462046FFF7D0
:108C200067FDF7E70027F5E72DE9F0439BB0044621
:108C30000E4691469846229D90F82A3043F008034C
:108C400080F82A3002852A7AFFF72AFB1990A4F8C7
:108C500028802A7A31462046FFF722FB07461890E3
:108C600094F82A3023F0080384F82A30199B8342B1
:108C70005AD0A4F828902A7A31462046FFF710FBF4
:108C80001990A4F8288031462046FFF7A0FA199AD7
:108C9000297A006808F0A3FC2A7A69682046FFF761
:108CA00027FD2B7A782B47D03A4807F021FE07465C
:108CB00000286ED0199BC360189B036104602B7A57
:108CC00003718660684605F09DFE3946684605F0EA
:108CD00041FF3149684605F03FFF3049684605F0DD
:108CE0004AFF2F49684605F048FFFF2200216846E9
:108CF00005F039FF2988684605F030FF6988684625
:108D000005F02EFFE968684605F033FF002168464C
:108D100005F03FFF2969684605F042FF684606F006
:108D20004DF81BB0BDE8F083A3D10146184606F00C
:108D300035FF00289DD0F4E7DDF8649047F6FF7317
:108D4000994501D09F42AFD12046FCF75CFB00EB78
:108D5000D0704FEA60082046FCF75CFB00EBD07057
:108D6000431047F6FF72914509D047F6FF729742CC
:108D70009AD198450BDA08F10103189394E79845C6
:108D800003DA08F101021992EFE75A1CFBE70133FD
:108D9000F3E7FEE7401C0020ED8D0008A58D0008DC
:108DA0003D89000870B50468A56805F47F0522793F
:108DB00029462068FFF774FAE060267900232371C2
:108DC0002346324629462068FFF7F4F82671A16849
:108DD0002068FFF7FCF9E2682179006808F0FFFBE2
:108DE0002279A1682068FFF783FC70BD2DE9F0416E
:108DF00082B004460568002300E00133B5F82AC0BC
:108E0000CCF3051C9C4540F2B980DE00EA6802EB19
:108E1000C30C9CF8070010F0020FEED0DCF8040041
:108E2000C0F31700A2689042E7D100230093237992
:108E30002C3B562B6ED8DFE803F04B6D6D6D6D6DDE
:108E40006D6D6D6D6D6D6D4B6D2C2C6D6D6D6D4B18
:108E50006D6D6D6D6D6D6D4B6D6D6D346D6D6D6D9D
:108E60006D6D6D6D6D6D4B4B6D6D4B6D6D6D6D6D98
:108E70006D6D6D6D6D6D6D6D6D6D6D6D6D6D6D6D22
:108E80003C6D6D6D346D6D6D2C6D6D6D6D6D6D6DBD
:108E90004B00FE2902DCE36800933EE02369009367
:108EA0003BE0FE2902DCE368009336E0236900938F
:108EB00033E0E3682BB1226932B17F2906DC0093ED
:108EC0002BE02369009328E0009326E0009224E041
:108ED000002908DDFE290DDD2369ADF800301B0CEB
:108EE0008DF8023019E0E368ADF800301B0C8DF806
:108EF000023012E0CAB2E168206906F0D6FF8DF8B0
:108F00000000C0F307238DF80130C0F307408DF84F
:108F1000020002E089B9E368009300230193EB6843
:108F200001AA2179985908F0A5FBF8B1DDF8008075
:108F3000019B98450FD0012719E0FF2908D0E2686E
:108F400023699B1A01FB03F302EB23220092E4E75F
:108F500023690093E1E71946404606F01FFE0746E5
:108F600078B1019B984502D1002700E00127EB680A
:108F7000009A2179985908F032FB27B902B0BDE870
:108F8000F0810127F3E72279A1682068FFF7B0FBA1
:108F9000F4E770B586B005460E4601928322FFF7CE
:108FA0007FF9029010F0FF0414D1019B049300207C
:108FB0009DF8103063F307009DF8113063F30F2024
:108FC0009DF8123063F317409DF8133063F31F6070
:108FD00006B070BD822231462846FFF761F9029043
:108FE000ADF81400030C8DF81630059BADF8083071
:108FF0001B0C8DF80A302146029806F06FFD0146E1
:109000000390019807F043F80190CEE730B587B0A0
:1090100004460D468222FFF743F90190ADF8140093
:10902000030C8DF81630059BADF808301B0C8DF83D
:109030000A30832229462046FFF732F90190C1B257
:10904000029806F04BFD039075B9204600F069F9CF
:10905000044609E0039A00212046FFF79AFF039097
:10906000204600F05EF90446002CF3D1039B0493E4
:1090700000209DF8103063F307009DF8113063F372
:109080000F209DF8123063F317409DF8133063F3FF
:109090001F6007B030BD00B583B0134601910A468A
:1090A0000121FFF769FD03B000BD00B583B0134691
:1090B00001910A460821FFF75FFD03B000BD00B52E
:1090C00083B0134601910A460221FFF755FD03B014
:1090D00000BD00B583B0134601910A461021FFF789
:1090E0004BFD03B000BD00B583B0134601910A46A5
:1090F0001121FFF741FD03B000BD00B583B0134659
:1091000001910A461221FFF737FD03B000BD00B5FB
:1091100083B0134601910A461821FFF72DFD03B0D5
:1091200000BD00B583B0134601910A461921FFF72F
:1091300023FD03B000BD00B583B0134601910A467C
:109140001A21FFF719FD03B000BD00B583B0134627
:1091500001910A461B21FFF70FFD03B000BD00B5CA
:1091600085B00191134600220392ADF80C10090C52
:109170008DF80E10039A4921FFF7FEFC05B000BDE3
:1091800000B583B0134601910A464821FFF7F4FC6D
:1091900003B000BD00B583B0134601910A463021EB
:1091A000FFF7EAFC03B000BD00B585B0019113469E
:1091B00000220392ADF80C10090C8DF80E10039AE2
:1091C0003921FFF7D9FC05B000BD00B583B01346C7
:1091D00001910A463A21FFF7CFFC03B000BD00B56C
:1091E00083B0134601910A463821FFF7C5FC03B04E
:1091F00000BD00B585B00191134600220392ADF881
:109200000C10090C8DF80E10039A5C21FFF7B4FCCA
:1092100005B000BD00B583B0134601910A464D214B
:10922000FFF7AAFC03B000BD00B583B0134601915F
:109230000A466621FFF7A0FC03B000BD00B583B06D
:10924000134601910A466721FFF796FC03B000BD63
:1092500000B583B0134601910A466521FFF78CFCE7
:1092600003B000BD00B583B0134601910A467821D2
:10927000FFF782FC03B000BD00B583B01346019137
:109280000A468421FFF778FC03B000BD00B583B027
:10929000134601910A468121FFF76EFC03B000BD21
:1092A00000B583B0134601910A46A021FFF764FC84
:1092B00003B000BD00B583B0134601910A46A12159
:1092C000FFF75AFC03B000BD00B583B0134601910F
:1092D0000A46A221FFF750FC03B000BD00B583B0E1
:1092E000134601910A46A321FFF746FC03B000BDD7
:1092F00000B583B0134601910A46A421FFF73CFC58
:1093000003B000BD38B504460D4605F034F920B968
:109310002946204605F0D6F938BD204605F076F9F5
:10932000F6E708B1406870477047034648B110B58A
:109330001C461846FFF7F5FF03460028F8D12046E3
:1093400010BDFEE7B8B110B50446436813B1FFF78E
:10935000ECFF04460B4807F009FB90B10023D0F85E
:10936000D8229A4208D9D0F8BC2252F82320A2422F
:1093700007D00133F3E7FEE70146024807F0FEFAA3
:10938000EBE710BD2C1C002058B1806890B100297B
:1093900008DB0A46038E93420BD9036853F8210079
:1093A0007047FEE7038EC91801D40A46F2E7002091
:1093B00070470020704740B130B4846844B3B4F8BB
:1093C00030C0002911DB002301E0FEE701336345D3
:1093D00008DA206850F8230005689542F6D111B1EB
:1093E0000139F3E7002030BC704701310CF1FF3345
:1093F00000E0013B002B09DB206850F823000568E2
:109400009542F6D10029EED00131F2E70020EAE7DB
:109410002046E8E718B1836813B1188E7047FEE75D
:1094200000207047F8B50D46164640B10746114674
:10943000A847022831D001281BD000241CE001F0ED
:10944000F1FB074610E0D7F8BC323246294653F804
:109450002400FFF7E7FF0134D7F8D832A342F2D84F
:10946000384601F0DFFB07460FB10024F4E7022085
:1094700013E0002011E001343846FFF7CBFFA04293
:109480000AD921463846FFF77FFF32462946FFF7C3
:10949000C9FF0228EFD100E00020F8BD48B1826882
:1094A000AAB100200346B2F830C0844514D910B4E4
:1094B00005E0FEE70133B2F830C09C4509D91468D5
:1094C00054F8234024688C42F4D10130F2E70020A4
:1094D00070475DF8044B7047704788B110B504467B
:1094E000FFF71FFF014668B100208B681A8E824289
:1094F00007DD1B6853F82030A34205D00130F4E7A4
:10950000FEE7FEE74FF0FF3010BD000090F82B3073
:1095100013F0400F00D0704770B5054643F040038C
:1095200080F82B3000222A21FBF753FC80B1A86879
:1095300010B1083006F032FF00212846FFF724FF63
:1095400068B1FFF7E3FF00212846FFF71DFFF7E7AB
:1095500095F82B3023F0400385F82B3092E0284615
:10956000F9F7B4FF0646002004F0ECFF044617E0CC
:10957000D4F8D030AB421CD0D4F8D430AB4218D0A1
:10958000D4F8D830AB4219D0D4F8DC30AB4219D083
:10959000D4F81C31B34219D0204604F0D3FF04465E
:1095A000ECB1204604F0E2FF0128E1D00328EFD11E
:1095B000DEE729462046FFF7A5FEE1E70023C4F8D1
:1095C000D830E1E70023C4F8DC30E1E705F024F807
:1095D0008542E1D129462046FFF794FEDCE70120D1
:1095E00003E02946284806F00DFA0128F9D028465C
:1095F000FAF7FBFA6B688BB12846FFF76EFF80B273
:109600006B689B681A8E511E88422FDA1A68431CB9
:1096100052F8231042F8201098B2F1E72846FFF7DD
:1096200091FE04460023D4F8D8229A420FD9D4F8E8
:10963000BC2252F82320AA4209D00133F3E7D4F820
:10964000BC125A1C51F8220041F823001346D4F8EA
:10965000D81201399942F2D8C4F8D8128900D4F846
:10966000BC0209F093F8C4F8BC0208E019866B68E4
:109670009C68218E8900206809F088F820602846BF
:1096800009F07AF870BD00BF05970008F8B590F8AA
:109690002B3013F0400F00D0F8BD0446FCF787FBD9
:1096A0002046FFF73EFE054680B10026374620469D
:1096B000FFF72CFF25B195F82B3013F0400F13D096
:1096C000002EE9D00023C7F8C832E5E72046FFF7AF
:1096D00039FE07460028DFD0D0F8C832A34201D0B7
:1096E0000026E4E70126E2E72846FEF701FB002218
:1096F0002B212846FBF76DFB00222D212846FBF786
:1097000068FBDDE718B108B5FFF7C0FF08BDFEE74D
:1097100098B1F8B50E46074681B14368002B5CD07E
:109720008B425AD0FCF743FB3046FAF7B8F97D6814
:109730003846FFF7D2FE044609E0FEE7FEE7AB68D5
:109740001A68631C52F8231042F824101C4628465D
:10975000FFF760FE0138A042F1DCAA68138E013BDE
:109760001386AC68218E002938D08900206809F062
:109770000DF82060B268138E01331386B468218E11
:109780008900206809F002F82060B3681C68304640
:10979000FFF740FE00F18043013B44F823707E60F8
:1097A0002846FEF7A5FA3A462B212846FBF711FB7F
:1097B00000222D212846FBF70CFB3A462B21304690
:1097C000FBF707FB00222C213046FBF702FB384653
:1097D000FBF7AAFD3846FCF7EAFAF8BD206808F066
:1097E000CBFFAB6800221A60C4E7B0B1F8B50C46F5
:1097F0000646FFF796FD054660B3FFF70BFE0746EA
:109800003046FFF76AFE031E08DB002C07DBA74289
:1098100020DD9C421ED00FDB25E0FEE7FEE7E419C9
:10982000F5D517E0AA68116803F18042013A51F8B2
:10983000222041F82320013B9C42F3DBAB681B68EC
:1098400043F8246000222B212846FBF7C2FA284661
:10985000FCF7ADFAF8BDAA6811685A1C51F822004D
:1098600041F8230013469C42F5DCE7E708B5FFF713
:10987000D9FD08BD10B504460022402101F067FC67
:10988000236B63B1626B1AB1204698470023636370
:109890000022A2634121204601F059FC10BD636BF8
:1098A000002BFCD1F4E770B584B0044616460B6873
:1098B00005692B4400934A6843691A4401928A68F7
:1098C00015440295CA68134403936A463E2101F089
:1098D0003EFCE36A32466946204698476A463F2185
:1098E000204601F034FC04B070BD70B582B004466F
:1098F0000D4600F11401284605F04AFB18B901266F
:10990000304602B070BD064600238DF80030019548
:109910006A461A212046FBF75CFA9DF80030002BBE
:10992000EED10026ECE700002DE9F04385B00025DC
:109930004FE001342F4B5969D1F86432A34247D923
:109940000B1993F84432002BF3D1AC42F1D0281D0F
:1099500001EB0010231D01EB03110431043005F06D
:1099600017FB0028E5D0234F7A69291D0E0102EB71
:109970000111231D4FEA031802EB031204320431D4
:10998000684605F0E9FA684605F09EFA814678696E
:109990003044043005F098FA0646786940440430B3
:1099A00005F092FA0644B145C3D27B692A1D03EB48
:1099B0000212009951600199916003EB051202991E
:1099C000D164039911652344012283F84422B0E74E
:1099D0000135084B5B69D3F86422AA4206D92B44AF
:1099E00093F84432002BF3D10024A3E705B0BDE87F
:1099F000F08300BF241C0020654B586990F83D306F
:109A0000012B00D070472DE9F04F99B001F012FA08
:109A100010B919B0BDE8F08F5D4B586900F51B70A7
:109A200007F084F80028F4D1594C6069FFF722FF51
:109A30006069D0F828A0C669564515D0D0F82080B6
:109A4000D04519D001F0FCF88346514B586901F01C
:109A50000DF904464022002108A832F0D1FD00276C
:109A60000296454603944AE0066AD0F82480B8F18D
:109A7000000FE7D1B046E5E7436A13B1B0461E4692
:109A8000E0E7B046DEE7424B5869314600F51B700F
:109A900006F07BFF844618AB03EB0813403B0FCB6B
:109AA0008CE80F0008F101084FFA88F8A045EADBBE
:109AB000374B5869314600F51B7006F099FF304668
:109AC00008F05AFE019EC6B1314C6069314600F57E
:109AD0001B7006F053FF0190626909F1040302EB69
:109AE00003120432314608A805F0AEFD0446B0F179
:109AF000FF3FE7D04FF00008D8E70137BFB2244B53
:109B00005869D0F864329F420BD2B946C31993F812
:109B10004432002BF1D100F51B7006F027FF0646FA
:109B2000D1E7029EA846039C0023049305930BF102
:109B3000FF330693631E079300F51B7006F016FFB4
:109B4000044607E0124B5869214600F51B7006F0E9
:109B500015FF0446ACB104AA2146204605F0D8F909
:109B60000028EFD0234642462146504602F03FFBF4
:109B70004645E7D0234642462146304602F037FBB1
:109B8000E0E7034B586900F51B7006F0DCFF40E787
:109B9000241C0020F0B585B005460846164695F809
:109BA0004040214602F0ECF9073C032C03D8DFE8E3
:109BB00004F00B040608002207E0102205E0402212
:109BC00003E04FF4806200E0082208B3AB6ADB6870
:109BD0009B1AB3FBF0F3B34200DC1E460023009354
:109BE0000293019334462746013C03946A4636218A
:109BF000094B586901F0ABFA684605F0DFFAB0424C
:109C000002DD002CEFDC2746002F03DD0398013036
:109C100005B0F0BD0020FBE7241C002070B5044611
:109C2000D0F8B05203E001F0E3FB01F01BFD6B68DC
:109C3000002BF8D1204601F0FDF860B901236363E1
:109C4000E36B13F0010F0BD0E36B13F0020F07D09F
:109C50000123A36306E0174B5869FFF70BFEEDE7FE
:109C60000023A363A66BE36A33B12B681A6904F57A
:109C700044712046FFF717FE204601F0DBF858B18B
:109C800094F83D30012B08D0A36AE269934207D0D3
:109C9000216A8B4207D0A26270BD002EFCD0F3E790
:109CA000236AA362F8E7636A0BB1A362F4E7134681
:109CB000FBE700BF241C00202DE9F04182B00E46D6
:109CC000076890F84C8000F11404204605F071FA02
:109CD0000546204605F072FA034600962A4641469C
:109CE000384602F04BFA10B102B0BDE8F081FEE751
:109CF0002DE9F0438DB080460E4614469946149FD8
:109D00000846FAF753FF054639463046FBF73BFB5A
:109D10002A462946384605F0E1F8022C05D0012CE8
:109D200033D000200DB0BDE8F08304AC97E80F00FD
:109D300084E80F00002221463046FBF7F0FE224661
:109D400008F13401684605F0E3F808B90020E9E7B6
:109D500008AC9DE80F0084E80F000222214630463F
:109D6000FBF7DDFE3A462146204605F0D1F80028F3
:109D7000ECD00CAB13E90F0089E80F000522114667
:109D8000484605F0ABF80120CCE73A4608F134012B
:109D900008A805F0BDF80028C4D00CAB13E90F00EB
:109DA00089E80F002046BDE7704770B588B00E46C1
:109DB000044658B1204601F000FA002800F08580E2
:109DC00094F83F5015F0040507D0FEE700F024FF9B
:109DD00004460028EED1002578E02EB3002304933A
:109DE0000593204600F02CFF01380690204600F035
:109DF0003DFF0138079004AA3146684605F088F80F
:109E0000002863D094F84030072B12D094F83D30EE
:109E1000022B17D06A463621204601F098F90646F3
:109E2000012853D100251FE00023C4F86432012526
:109E30004CE0009B23F007030093029B43F00703D1
:109E40000293E3E704F1440508AB13E90F0085E84A
:109E50000F000125C4F8645200223921204601F088
:109E600076F933E00135ADB2D4F864329D420BD2BD
:109E7000291D04EB011100220431684605F099FB0D
:109E80000028EFD0354621E01F2B1CD90023C4F851
:109E9000643204AAD4F864321068191D04EB01116D
:109EA000486050688860906804EB0311C864D26809
:109EB0000A650133C4F8643200223921204601F0DA
:109EC00046F9354602E06A46E4E70025284608B030
:109ED00070BD0000014B5869704700BF241C002072
:109EE00070B584B005460C460022143105F061FBC4
:109EF000A8B301212046F9F71BFA98BB2046FAF7D0
:109F000081FE88BB702200212046FEF7C9F901902E
:109F1000C0B2FC282AD900238DF80830039502AA84
:109F20001A212046FAF755FF9DF80830022B1FD062
:109F30002046FFF76FFA461E0020002E09DBA368BB
:109F40001B6853F826102846FFF7CAFF08B9013EE0
:109F5000F3E728B99DF8083013B9204600E0002047
:109F600004B070BD0020FBE70020F9E70020F7E710
:109F70000020F5E768B12DE9F04FB5B00C46054675
:109F800041B101212046F9F7D3F920B135B0BDE840
:109F9000F08FFEE7FEE7712200212046FEF780F9F0
:109FA0001490C6B2022EF1D995F84EB0AB6C339333
:109FB000702200212046FEF773F91490C3B2FC2BE7
:109FC00004D80BFB03F31B0A85F84E30AA6C002162
:109FD0002046FEF7DEFFA8642046FAF713FE074688
:109FE00040B92146284600F039F985F84EB0339B38
:109FF000AB64CBE70CAB009308AB02462146284686
:10A00000FFF776FE012804D085F84EB0339BAB6491
:10A01000BCE70DF12008404605F0D0F8029040461C
:10A0200005F0CCF80390012F07D0089B10930A9BF2
:10A030001293099B11931393ABE0404605F0B9F8D6
:10A040000746844B5B6993F8400005F092FD4FF49E
:10A05000C04393FBF7F393FBF0F202929B08039348
:10A06000E3E710A92046FFF740FC002840F0A88055
:10A070001221B0E01021AEE028F0C0486FF060433C
:10A08000984580F2C680B8F1805F05DBC8F17F6833
:10A0900008F57F2808F6FF7804F1140005F089F828
:10A0A00008FB00F36C4A82FB0312DB17C3EB62135D
:10A0B0000693AEE027F0C0476FF060439F4280F206
:10A0C000AE80B7F1805F05DBC7F17F6707F57F27BB
:10A0D00007F6FF7704F1140005F070F807FB00F3B2
:10A0E0005D4A82FB0312DB17C3EB6213079396E012
:10A0F000A3F561632393239BB3F5616FF8DC02E062
:10A1000003F561632393239B002BF9DB9822002145
:10A110002046FEF7C5F8059024909922002120469C
:10A12000FEF7BEF8059025909D2200212046FEF7FF
:10A13000B7F8059026909E2200212046FEF7B0F841
:10A14000059027907A2200212046FEF7A9F8059075
:10A150009DF8AD3060F303038DF8AD303D4B5B6986
:10A1600093F83E209DF8AD3062F304138DF8AD30C6
:10A17000CDF8C8A02EAF0CAB0FCB87E80F00CDF801
:10A18000789010AA14A9284602F09AFB139B013379
:10A1900011930B9A139B9342BFF627AF119B029921
:10A1A0000B44013B1393934200DD1392792200216B
:10A1B0002046FEF775F88246149000283FF451AF10
:10A1C000119B039A1344013B13930B9A93427FF71D
:10A1D00051AF1392102110AA284601F000FB8146CE
:10A1E000214600F03BF89A2200212046FEF758F85D
:10A1F0008046149006909B2200212046FEF750F8DE
:10A2000007461490079008F0C043B3F1005F3FF495
:10A2100033AF07F0C043B3F1005F3FF44BAF14A876
:10A2200002F01EFA6369069A1344D9F814209B1AA7
:10A230002893A369079A1344D9F818209B1A2993E5
:10A240008DF8AC609C2200212046FEF729F805908D
:10A25000239050E7241C00201F85EB512DE9F04787
:10A26000CCB004460D4648AE00F134030FCB86E86F
:10A270000F0095F82C3043F0010385F82C3040AFE7
:10A2800039462846FBF77FF82846FAF78FFC014647
:10A290000246384604F022FE3A46314644A804F00D
:10A2A00037FE10B94CB0BDE8F08704F1340644AB7A
:10A2B0000FCB86E80F0022461C212846FAF789FDBD
:10A2C00022461D212846FAF784FD22461E212846F3
:10A2D000FAF77FFD4FF480112846F9F729F898B96D
:10A2E00005F1140204F1340631463CA804F010FED6
:10A2F00018B194F84E30022B08D834344CAB13E923
:10A300000F0084E80F00CDE740AAEBE72846FFF7EF
:10A3100081F8074678B922461F212846FAF759FDE9
:10A32000224620212846FAF754FD224621212846BC
:10A33000FAF74FFDE1E704F1340C3CAB0FCB8CE8AE
:10A340000F00802200212846FDF7AAFF1D908246BB
:10A35000002814BF4FF001084FF0000804D1B8F1F5
:10A36000000F27D1002613E0782200212846FDF7B0
:10A3700097FF1D9082460028F1D14FF00008EEE7CC
:10A38000AB681B6853F826102046FFF7F3FD013633
:10A39000BE42F5D322461F212846FAF71AFD22466F
:10A3A00020212846FAF715FD224621212846FAF7F2
:10A3B00010FDA2E70DA803F04BFACDF86CA00DF14B
:10A3C0005C0C05F1140898E80F008CE80F001DA83C
:10A3D00002F046F9404604F0ECFE8146404604F0A7
:10A3E000EDFE81454ADA404604F0E3FE4FEA60099B
:10A3F000D145A8BFD1460DF1040C05F114030FCBD4
:10A400008CE80F00A3EB09030133CCF8043032468B
:10A410006146604604F07CFDA0BB0DF1140C05F113
:10A4200014030FCB8CE80F0001EB0903013BCCF8C0
:10A430000C3032466146604604F06AFD002850D177
:10A440000DF1240C05F114030FCB8CE80F004944E7
:10A45000CCF80410A3EB0903CCF80C30324661466B
:10A46000604604F055FD00283FF447AF09AB04F106
:10A4700034060FCB86E80F00002669E0404604F062
:10A480009DFEB3E701AA1021204601F0A8F98246FB
:10A490004FF0000808E0AB681B6853F828105046DE
:10A4A000FFF768FD08F10108B845F4D352461F21B3
:10A4B0002846FAF78EFC524620212846FAF789FCF6
:10A4C000524621212846FAF784FC0DA9504603F094
:10A4D000C5F9CDF89CA001AA1DA9204602F0F0F90B
:10A4E0009BE705AA1021204601F079F982464FF03A
:10A4F000000808E0AB681B6853F828105046FFF7C7
:10A5000039FD08F10108B845F4D352461F21284609
:10A51000FAF75FFC524620212846FAF75AFC5246C9
:10A5200021212846FAF755FC0DA9504603F096F96B
:10A53000CDF89CA005AA1DA9204602F0C1F97FE72D
:10A54000AB681B6853F826102046FFF713FD013651
:10A55000BE42F5D322461F212846FAF73AFC22468E
:10A5600020212846FAF735FC224621212846FAF711
:10A5700030FCC2E62DE9F8438146884671B1404679
:10A58000FEF7CFFE054620B10021FEF73FFDC9F8DA
:10A59000480041464846FFF7EDFC2CE01A4B58694D
:10A5A00000F04DFC80460028E9D1BDE8F88348461C
:10A5B000FFF7E0FC0134B44209D2AB681B6853F8E2
:10A5C0002410002FF3D18845F4D10127F2E74A4641
:10A5D0001F212846FAF7FDFB4A4620212846FAF7B4
:10A5E000F8FB4A4621212846FAF7F3FB2846FEF7F6
:10A5F00098FEA8460546002DD7D02846FEF70AFF4C
:10A60000064600242746D6E7241C0020F0B585B076
:10A61000044601F08DF8424B586900F00BFC98B3EA
:10A620003F4B5B6993F8400005F04CFA88BB04F19E
:10A6300034073B4E706900F002FC01463846FFF7D4
:10A640004FFC05467369D3F8D06226B131463846CF
:10A65000FFF746FC06466DB3314B5B6993F8DC228D
:10A6600012F0010F36D085B329462046FFF782FF4E
:10A670002B4B5B69D3F8D032002B38D046B3314630
:10A680002046FFF777FF32E0254B5869FFF7F2F8D5
:10A69000C6E704F134030FCB8DE80F006169A269AE
:10A6A00052424942684604F026FC6946206801F09F
:10A6B00051FEBCE7002ECFD1194B586900F0EFFBDB
:10A6C00001462046FFF756FFC6E7D3F8C852CBE74E
:10A6D0001E46D4E7D3F8D03223B1CEB1314620465E
:10A6E000FFF748FFB5B129462046FFF743FF0C4D61
:10A6F000686900F0BCFB01462046FFF73BFF686934
:10A7000000F0C1FB01462046FFF734FF05B0F0BD65
:10A710001E46E3E7024B5B69D3F8C852E3E700BF8C
:10A72000241C00202DE9F04F87B005468C46804F51
:10A730007B69D3F8B0629B6A344644F8343B0FC857
:10A7400084E80F0006F1240495E80F0084E80F0068
:10A75000C6F844C0002386F84D307B6993F83D303D
:10A76000002B3AD0013BDBB2012B41D9284604F043
:10A7700025FD96F84C30073BDBB2032B1CD96C4B04
:10A780005B69DA8FC2F347023368DB68B3FBF2F828
:10A79000284604F099FB074696F84C0005F0E9F9C5
:10A7A00000FB0787013FB7FBF8F7284604F006FDDA
:10A7B000B0FBF7F8012F49D13046FFF727FF0123FF
:10A7C00086F84D305A4B5C6904F5447495E80F00E7
:10A7D00084E80F0007B0BDE8F08F06F1140495E897
:10A7E0000F0084E80F0000213046FFF765FABDE74F
:10A7F00000237361B3614E4B586900F0B0FCB8B1EF
:10A800004B4C606900F048FA0138F061606900F073
:10A810004FFA01383062464B5B6993F83F3013F0D2
:10A82000020F11D1336819893046FFF745FA9DE7C9
:10A830003F4C606900F004FA0138F061606900F093
:10A8400015FA01383062E6E70021EDE707EB8700F3
:10A85000000107F075FF814608B100241EE0FEE705
:10A8600004EB84044FEA041B09EB041402AB96F8D2
:10A870004C200021204600F079FF04F1140C06F171
:10A8800014030FCB8CE80F00336849F80B302046D7
:10A89000FFF7BCFE012384F84D305446BC4214D26D
:10A8A0006A6804F1010A04FB08831344013B009326
:10A8B000AB6804FB0822296802A804F0F5FA7B1EA5
:10A8C000A342CDD1EB680593CAE74FF0000820E022
:10A8D00000F08EFD00F0C6FE6368002BF8D1144B2B
:10A8E0005B69D3F8B03233B1DA68A24201D01346C3
:10A8F000F9E7E268DA6022462D21002000F0D8FD59
:10A900000B4B5869D0F8B8320BB12146984708F183
:10A910000108B84504D208EB880409EB0414DBE70E
:10A92000484607F029FF012386F84D304AE700BF6B
:10A93000241C0020664B5869D0F8643203B9704774
:10A940002DE9F04788B000223C2100F000FC604B6C
:10A950005A69D2F86462013E002E05DB931993F820
:10A96000443213B1013EF7E7002692F83C3023F061
:10A97000010382F83C3092F83C3023F0020382F865
:10A980003C3092F83F3043F0040382F83F3000251A
:10A9900042E094F83C3043F0010384F83C3048E056
:10A9A000684604F006FC0446684604F007FC0246CC
:10A9B0002146474B5869FFF7EDF88046009B04930A
:10A9C000029B069301990024A1460EE00DF1100AA6
:10A9D00021465046FFF7A6FE504604F0EFFB044424
:10A9E0003B4B5869FFF71AF9394601EB08077B1E04
:10A9F000039A93420DDC0591079399469A42E5D15B
:10AA0000334B5A6992F83C3043F0020382F83C30F1
:10AA1000DCE74A4534D101352D4B5C69D4F864320A
:10AA2000AB4244DD631993F84432002BF3D1B542B5
:10AA3000AFD094F83C3023F0020384F83C302B1D57
:10AA400004EB031304330FCB8DE80F0094F83D3073
:10AA5000002BA5D0013BDBB2012BDCD894F83C30B5
:10AA600043F0020384F83C30281D04EB0010002161
:10AA70000430FFF757FE164B5869FFF7CFF8CAE7C7
:10AA800005910792124F7A6992F83C3043F0020325
:10AA900082F83C300DF1100821464046FFF742FE97
:10AAA000404604F08BFB7869FFF7B8F8B3E7002263
:10AAB0003D21204600F04BFB054B5A6992F83F3090
:10AAC00023F0040382F83F3008B0BDE8F08700BFF0
:10AAD000241C002010B570B1C168454A516107F0CF
:10AAE00001FD434B586928B1836A1BB11A690AB149
:10AAF000DB682BB910BD00F08FF83D4B5861F0E7D3
:10AB000000223A2100F023FB0028F3D0384C63697F
:10AB1000D3F8C802FBF730FD6369D3F8D00208B15F
:10AB2000FBF72AFD324C6369D3F8CC02FBF724FD16
:10AB30006369D3F8C402FBF71FFD6369D3F8C00251
:10AB4000FBF71AFD6369D3F8C8229AB1FEF7ECFE51
:10AB5000FEF752FFFFF7EEFE254B5869D0F864323E
:10AB60005BB90DF0E3F900223B21214B586900F05D
:10AB7000EEFABFE7C3F86422F3E700F05BF928B10F
:10AB80001B4B5B6993F83D30012B2ED0184C60694C
:10AB90004FF400720021443012F05CFD6069202205
:10ABA000002100F5117012F055FD63690022C3F811
:10ABB0006422D6E701340E4B5869D0F86432A342C0
:10ABC000E4D9031993F84432002BF3D100F51B703C
:10ABD00005F0ADFE8446064B5B69221D03EB0213B4
:10ABE00004330FCB8CE80F00E4E70024E3E700BF59
:10ABF000241C002038B5054605F0ECFB0446284629
:10AC000005F0E6FB392C00D038BDD0F80803002849
:10AC1000FAD007F035FDF7E7014B9869704700BFA0
:10AC2000241C002008B520B10146044805F0A6FE0A
:10AC300008BD024805F09AFEFAE700BF2C1C002070
:10AC400008B5024648B192F8003303F00703012B20
:10AC50000AD0032B08D0106807E0FFF7DDFF02469B
:10AC60000028F0D1002000E0506808BD08B5024679
:10AC700048B192F8003303F00703012B0AD0032BED
:10AC800008D0506807E0FFF7C7FF02460028F0D160
:10AC9000002000E0106808BD08B5034608B1186838
:10ACA00008BDFFF7B9FF03460028F8D10020F7E7F9
:10ACB00008B5034608B1586808BDFFF7ADFF034665
:10ACC0000028F8D10020F7E708B5034608B19869D5
:10ACD00008BDFFF7A1FF03460028F8D18220F7E75F
:10ACE00038B50C461546034648B1DC611D629C62CE
:10ACF00093F83F2022F0020283F83F2038BDFFF78F
:10AD00008BFF03460028F0D1F8E710B50C46034648
:10AD100010B183F83D4010BDFFF77EFF03460028C9
:10AD2000F7D1F8E710B50C46034608B1DC6210BD58
:10AD3000FFF772FF03460028F8D1F8E708B503468D
:10AD400010B193F8400008BDFFF766FF03460028E6
:10AD5000F7D10020F7E72DE9F04F87B09DF840A02C
:10AD600089B1044615461E468946FFF7E7FF83462C
:10AD70002046FFF791FF07462046FFF799FF8046E0
:10AD800007B108B9FEE7FEE75946484601F036F933
:10AD9000814500D0FEE735B15946284601F02EF92D
:10ADA000854200D0FEE75946384601F0E9F80490A4
:10ADB000BAF1000F07D100B9FEE7049BB6FBF3F828
:10ADC000B34206D9FEE7049B03FB08F3B34200D964
:10ADD000FEE704F51E7005900296CDF80490049BE2
:10ADE00000935B464246394601F028F904F525797F
:10ADF00002960195049B00935B46424639464846BD
:10AE000001F01CF98DB14A4605992046FFF768FF0D
:10AE100051462046FFF779FF94F83F3043F0020394
:10AE200084F83F3007B0BDE8F08FA946EBE7002378
:10AE300043637047006A003818BF0120704708B5A7
:10AE4000034610B1D3F8C80208BDFFF7E5FE03467C
:10AE50000028F7D1F8E708B5034610B1D3F8D002BF
:10AE600008BDFFF7D9FE03460028F7D1F8E708B57B
:10AE7000034610B1D3F8C40208BDFFF7CDFE034668
:10AE80000028F7D1F8E708B5034610B1D3F8C0029F
:10AE900008BDFFF7C1FE03460028F7D1F8E708B563
:10AEA000034610B1D3F8CC0208BDFFF7B5FE034648
:10AEB0000028F7D1F8E728B108B500F53A7005F099
:10AEC00022FA08BDFEE7000070B584B006460D46C4
:10AED0007A4805F00DFD002800F0DE8004464FF4AE
:10AEE0004972002112F0B6FB266065604FF0FF3317
:10AEF000A360E36000232361636194F83E3043F074
:10AF0000010384F83E308223A361122384F8403089
:10AF1000E38F012262F34803E387502007F010FC1F
:10AF2000C4F8B002002800F0B88000F013FCD4F898
:10AF3000B4321BB1D4F8B01220469847D4F8B022EE
:10AF400000235361D4F8B0229361D4F8B032013EAB
:10AF5000DE61D4F8B032013D1D62D4F8B03294F80D
:10AF6000402083F84C200123C4F8683207F092FC9B
:10AF7000C4F80C03102104F51B7005F0B1FC504B14
:10AF80009D699C61224621214E4807F075FAC4F85C
:10AF90000803002800F0828013F0F0FF00287ED123
:10AFA000052005F0EBFF8DF80800C0F307228DF8AF
:10AFB0000920C0F307438DF80A30002005F0DEFFBA
:10AFC0008DF80C00C0F307228DF80D20C0F3074365
:10AFD0008DF80E303C4B00930023039A02992046D3
:10AFE00015F088FEC4F804030020F8F793F9C4F8BC
:10AFF000CC020020F8F78EF9C4F8C8020020F8F758
:10B0000089F9C4F8C4020020F8F784F9C4F8C00232
:10B01000D4F8CC02FDF78AFCD4F8C402FDF786FC14
:10B02000D4F8C002FDF782FC0221D4F8C402F8F77C
:10B03000F7F90221D4F8C002F8F7F2F994F84000C9
:10B0400004F040FD80B300224821D4F8CC02FDF783
:10B05000BBFD0021D4F8CC02FBF716FE0021D4F88A
:10B06000C402FBF711FE0021D4F8C002FBF70CFE6E
:10B07000D4F8C802FAF79BFE114B9D61DDB10023A5
:10B08000392212492046FFF716FFD4F8080307F0CB
:10B09000FFFA204604B070BDFEE7FEE7FEE715F0BC
:10B0A000E5FEC4F804039FE70022FF21D4F8CC0298
:10B0B000FEF766F8CDE79C61E1E700BF2C1C00209D
:10B0C000241C0020D5AA000888F70308F5AB000867
:10B0D00028B108B500F53A7005F036F908BDFEE76D
:10B0E00028B108B500F53A7005F034F908BDFEE75F
:10B0F00028B108B500F53A7005F03EF908BDFEE745
:10B1000050B12DE9F0410E4617460546FFF7E0FF26
:10B11000441E4FF0000801E0FEE7013C002C13DB69
:10B1200021462846FFF7DCFF03460028F5D00068DB
:10B13000B042F2D15B68BB42EFD121462846FFF70F
:10B14000D7FF08F10108E8E74046BDE8F08108B5FF
:10B150001346024600F53A7005F0A9F808BD08B597
:10B16000034620B193F80003C0F3C00008BDFFF709
:10B1700053FD03460028F5D10020F7E708B5034644
:10B1800010B1D3F8040308BDFFF746FD0346F8E706
:10B1900010B50C46024638B1D2F8683254B10121DC
:10B1A0000B44C2F8683210BDFFF736FD0246002896
:10B1B000F2D1F8E74FF0FF31F2E708B5034630B1BE
:10B1C000D3F868020028D4BF0020012008BDFFF793
:10B1D00023FD03460028F3D10020F7E770B50D46A4
:10B1E0001646044678B13346432229462046FFF7E7
:10B1F00062FED4F820336BB1D4F820330133C4F8A5
:10B200002033012070BDFFF707FD04460028EAD176
:10B210000020F7E7224644212046FFF798FFEBE79E
:10B2200070B50C461546064668B12A46214630469A
:10B23000FFF766FFA8B1D6F820331B1AC6F82033F3
:10B2400043B1012070BDFFF7E7FC06460028ECD1B2
:10B250000020F7E7002244213046FFF778FF012065
:10B26000F0E70020EEE708B5FFF7D6FCFFF7E7FDB3
:10B2700008BD000010B5044668B10020FFF724FDAA
:10B2800004FB00F0EF2808DD5030054C84FB00344F
:10B29000C017C0EBA414204610BD0124FBE700BF7B
:10B2A0006766666601380C2808D8DFE800F01F09D9
:10B2B0000B0D0F11131517191D071B0000207047E8
:10B2C00038207047442070475C20704778207047D2
:10B2D0007C2070477C20704754207047482070477E
:10B2E00074207047342070474020704760207047BA
:10B2F000406810B1036D012B00D170470020FCE7BE
:10B3000070B584B00D461646446808E005F1180291
:10B3100004F11801684603F0FBFD78B924688CB18C
:10B32000AC420DD0236D042B06D0236D022BEDD142
:10B3300094F85930B342E9D12468F0E7002002E0E4
:10B34000012000E0012004B070BD704708B507F08F
:10B3500001FA60B10649D1F834210260C1F8340124
:10B36000D1F838210132C1F83821826008BDFEE7EA
:10B37000241C002070B506460C4615461046FFF703
:10B3800091FF00B9FEE7603007F0E4F9844658B356
:10B3900000F1080E94E80F008EE80F000CF1180E73
:10B3A00094E80F008EE80F00CCF848600CF13804E8
:10B3B00006F134030FCB84E80F0096F84E308CF87A
:10B3C00058308CF804500CF16003CCF85430012351
:10B3D000CCF85030736843B11A461B68002BFBD180
:10B3E000C2F800C0604670BDFEE7C6F804C0F9E7C9
:10B3F000044BD3F84031002BFAD0024B0022C3F8A3
:10B4000040217047241C0020024B0122C3F8402138
:10B41000704700BF241C0020F8B506460C461546B0
:10B4200043687BB1FEF756FDFFF70AFC0746FEF7BF
:10B4300051FDFFF71BFC73681A6D012A02D09A6850
:10B44000002A02DD74B1246812E01A69013FBA4291
:10B45000F8DBDA68002AF5DC5B6901388342F1DB4E
:10B46000002414E0746803E0236D012B08D02468E5
:10B470006CB194F85930AB42F6D0002BF7D1F3E71A
:10B480002A4621463046FFF73BFF0028EFD02046F2
:10B49000F8BD000008B5054BD3F83831012B02D0B8
:10B4A000FFF7BAFF08BDFFF723FFFBE7241C0020CE
:10B4B00030B589B0054600230193029303930493AA
:10B4C000059306930793039105920C4BD3F83441EF
:10B4D00005E002940194E36901A8984724685CB1EF
:10B4E000E369002BFAD0002DF3D06168284612F0F2
:10B4F00035F90028F2D1ECE709B030BD241C00205A
:10B5000070B504460379082B10D00E46072B16D0D1
:10B51000204601F027FC054620B190F8693013F071
:10B52000010F46D1204607F027F970BD456DA86B85
:10B530000028EDD007F020F90023AB63E8E7436D66
:10B540009D6A2B68ABB105F1140003F037FE2B6840
:10B550001B8903FB00F01A4BD3F83C31834212D312
:10B560001B1A174AC2F83C31286800F02EFE00234F
:10B570002B60002ECCD0D6F8B0325BB1DA68AA428C
:10B5800006D01346F9E70E4B0022C3F83C21EBE747
:10B59000EA68DA602A462D210020FFF789FFD6F8F5
:10B5A000B83213B1294630469847284607F0E4F8E8
:10B5B000AEE7806A07F0E0F80023AB62B2E700BFB5
:10B5C000241C00202DE9F04180460E4648680027E3
:10B5D0003D4604E07460284601270546204660B1D8
:10B5E0000468036D042BF8D14146FFF789FF002D55
:10B5F000F0D02C6028460127EFE7B36823B196F816
:10B600004D200AB172683AB10FB97368CBB1144BCF
:10B61000D3F83441002718E05B6800E01B687BB179
:10B620001A79072AFAD11A6D002AF7D15A6D926A4F
:10B63000B242F3D101221A65FFF7E6FE002700E0CF
:10B6400000273846BDE8F0812468002CF9D0E36873
:10B65000314620469847B0F1FF3FF5D00127F3E788
:10B66000241C002070B5FEF735FC78B10546D0F8F3
:10B67000B042002600E0E4683CB121462846FFF7CE
:10B68000A1FF0028F7D00646F5E70EB9FFF7BCFE8C
:10B6900070BD000070B50D464C6D2061234B93F8D2
:10B6A00048317BBB206820B14FF40021F7F740FE02
:10B6B00048B9642385F85A30002385F859301B4B6C
:10B6C000D3F834410DE0194E012386F848312A465B
:10B6D00022212068F9F77DFB002386F84831E8E74E
:10B6E000246834B12369002BFAD0294620469847B4
:10B6F000F6E795F8593013B904232B6570BDFFF7B1
:10B70000B1FFFBE7642381F85A30002381F85930F8
:10B71000064BD3F8344100E02468002CEED02369B6
:10B72000002BF9D0294620469847F5E7241C002035
:10B7300078B110B50446FF2380F84E3000231A4636
:10B740001946184604F07DFAA064002384F84D30B1
:10B7500010BDFEE748B110B504465022002111F09B
:10B7600079FF2046FFF7E4FF10BDFEE72DE9F04129
:10B770000546884617461C46FFF7ECFFFEF7AAFB76
:10B780000646C5F8088005F1340C94E80F008CE8F3
:10B790000F0005F1140C94E80F008CE80F0005F180
:10B7A000240C94E80F008CE80F0085F84C70D6F854
:10B7B000B43213B12946304698472A462C2100203E
:10B7C000FFF776FED6F8B03233B11A46DB68002BAD
:10B7D000FBD1D560BDE8F081C6F8B052FAE7F8B504
:10B7E00004460D461646502006F0B4FF70B10746D9
:10B7F00033462A462146FFF7B9FF2CB194F84E3064
:10B8000087F84E30A36CBB643846F8BDFEE70000F5
:10B81000F8B503680BB11869F8BD044600F11406C9
:10B82000304603F0C6FC0546304603F0C7FC06462A
:10B8300094F84C10284600F0A3FB06FB00F7002309
:10B8400094F84C203146284600F06CFC206000281B
:10B85000E2D0094AD2F83C313B44C2F83C3194F87A
:10B860004C0004F02FF910B923681869D4E70021BF
:10B87000206800F06FFDF7E7241C002008B5006881
:10B8800000F0C4FC08BD30B585B005468C460FCA33
:10B890008DE80F00DCF81C1041F3130149000A4643
:10B8A000684603F01BFB6A460E212846FFF797FF08
:10B8B00005B030BD2DE9F041B0B005460C462CAEC8
:10B8C00000F1140797E80F0086E80F000DF17C08DF
:10B8D000404600F0B5FAE36943F313032993A37FCD
:10B8E000C3F302138DF8AC303A464146284600F0C7
:10B8F000B0FAB4F91620B4F91410304603F0FBFA8C
:10B90000684600F0ADFE0A95A369ADF858301B0CEF
:10B910008DF85A30E37E8DF85C3032466946A8686F
:10B9200000F0CEFF30B0BDE8F08110B504464822EB
:10B93000002111F08FFE0123E362FF2384F84630DB
:10B9400004F0DAF984F82800C0F3072384F82930DA
:10B95000C0F3074084F82A004823236210BD91F801
:10B960004630022B43D9F0B597B005460C46CB6A5A
:10B97000002B39D00A6B4B6B9A4235D08A6BB1F8E9
:10B980004430D11A1291E16BC81A13901A44013A4B
:10B9900014920B44013B1593E37EB3B112AA2146E6
:10B9A0002846FFF770FF064600B348222146684646
:10B9B00030F05AFE00238DF81B3069463046FFF701
:10B9C000CEFF21463046FFF775FF092212A928460F
:10B9D000FFF7D0FC064648222146406D11F0A6FD37
:10B9E00031462846FFF756FE17B0F0BDFEE7704718
:10B9F0002DE9F04F85B00746894615461C460E9E38
:10BA00000F9B9DF84010DDF844A004F5B472B242DB
:10BA100045D0B4F5B47F01DDA4F5B474B6F5B47FB8
:10BA200001DDA6F5B476A5EB030B002945D003EBA9
:10BA3000D3784FEA680808F10108C04A82FB043154
:10BA40002144E317C3EBA113DBB282FB0612911969
:10BA5000F217C2EBA112D2B2042B31D0042A31D09A
:10BA6000934231D013B9012A00F0F280012B00F08B
:10BA70002981022B00F06481032B00F0A3817B1B42
:10BA8000CAF80030A9EB0503CAF804302F44CAF8FD
:10BA900008704D44CAF80C5005B0BDE8F08F431B48
:10BAA000CAF80030A9EB0503CAF804302F44CAF8DD
:10BAB00008704D44CAF80C50EEE74FF00008BCE7A0
:10BAC0000323CBE70322CBE7B442CBDC032BE3D841
:10BAD000DFE803F00231608F20B205F045F80BFB80
:10BAE00000F309EBE333A3EB0803CAF8043004F1D5
:10BAF0005A0000B205F038F805FB00F307EBE3331A
:10BB00004344CAF8083030B205F02EF805FB00F3C4
:10BB100009EBE3334344CAF80C3006F15A0000B293
:10BB200005F022F80BFB00F307EBE333A3EB08036C
:10BB3000CAF80030B0E720B205F016F805FB00F3B4
:10BB400009EBE3334344CAF80C3004F15A0000B265
:10BB500005F00AF80BFB00F307EBE3334344CAF8A4
:10BB6000083030B205F000F80BFB00F309EBE333CB
:10BB7000A3EB0803CAF8043006F15A0000B204F03F
:10BB8000F3FF05FB00F307EBE333A3EB0803CAF86D
:10BB9000003081E704F15A0000B204F0E5FF05FB34
:10BBA00000F307EBE333A3EB0803CAF8003020B23D
:10BBB00004F0DAFF0BFB00F309EBE3334344CAF86C
:10BBC0000C3030B204F0D0FF05FB00F309EBE33397
:10BBD000A3EB0803CAF8043006F15A0000B204F0DF
:10BBE000C3FF0BFB00F307EBE3334344CAF8083011
:10BBF00052E704F15A0000B204F0B6FF0BFB00F369
:10BC000007EBE333A3EB0803CAF8003020B204F0DB
:10BC1000ABFF05FB00F309EBE333A3EB0803CAF822
:10BC2000043006F15A0000B204F09EFF05FB00F359
:10BC300007EBE3334344CAF8083030B204F094FF12
:10BC40000BFB00F309EBE3334344CAF80C3023E762
:10BC500006F15A0000B204F087FF05FB00F307EB82
:10BC6000E333A3EB0803CAF8003036B2304604F0E1
:10BC70007BFF019023B20293184604F075FF019BED
:10BC800083421BDA304604F06FFF0BFB00F309EB35
:10BC9000E333A3EB0803CAF8043004F15A0000B2FE
:10BCA00004F062FF05FB00F307EBE3334344CAF8FB
:10BCB00008304D444544CAF80C50EDE6029804F0B3
:10BCC00053FFE2E7022A7FF4D4AE7B1BA3EB080309
:10BCD000CAF8003030B204F047FF05FB00F309EB6F
:10BCE000E333A3EB0803CAF8043004F15A031BB290
:10BCF0000193184604F038FF02905A3636B23046A7
:10BD000004F032FF029A824214DD019804F02CFF05
:10BD10000BFB00F307EBE3334344CAF8083020B2CF
:10BD200004F022FF05FB00F309EBE3334344CAF8B8
:10BD30000C30B1E6304604F017FFE9E7B7600BB608
:10BD4000032A7FF499AE04F15A0000B204F00CFF0C
:10BD500005FB00F307EBE333A3EB0803CAF800305D
:10BD6000A9EB0503A3EB0803CAF8043006F15A0057
:10BD700000B204F0F9FE05FB00F307EBE3334344A4
:10BD8000CAF8083036B2304604F0EEFE0BFB00F580
:10BD900024B2204604F0E8FE0BFB00F085420ADDE9
:10BDA000304604F0E1FE0BFB00F3DB134B4443444D
:10BDB000CAF80C3070E6204604F0D6FE0BFB00F308
:10BDC000DB13F3E7002A7FF45AAE06F15A031BB2E5
:10BDD0000193184604F0C8FE029004F15A031BB206
:10BDE0000393184604F0C0FE029A824224DA0198B6
:10BDF00004F0BAFE0BFB00F307EBE333A3EB0803FD
:10BE0000CAF8003020B204F0AFFE05FB00F309EBE6
:10BE1000E333A3EB0803CAF804302F444744CAF8BD
:10BE2000087030B204F0A0FE05FB00F309EBE33329
:10BE30004344CAF80C302FE6039804F095FED9E786
:10BE400010B504463422002111F004FC342323628F
:10BE500010BD70B50C468B6A002B0EDD05461146F1
:10BE60000D22FFF787FA064634222146406D11F075
:10BE70005DFB31462846FFF70DFC70BD034618B147
:10BE8000033323F003007047704708B50B46114693
:10BE9000026812B11846904708BD0020FCE708B5BB
:10BEA00043680BB10846984708BD10B504460846DC
:10BEB00003F0D6FD04FB00F00730C00810BD08B544
:10BEC00006F05AFC08BD08B5033006F039FC08BD81
:10BED00000B583B0024608469388D288013A0092A2
:10BEE000013B0022114602F0DFFF03B000BDF8B5B0
:10BEF00004460F4616461D461C22002111F0AAFBDF
:10BF000027606660A560069BE360079B2361089B32
:10BF10006361099BA361F8BD00B585B0064B03932F
:10BF2000002302930193054B0093054B054A0649F4
:10BF3000FFF7DDFF05B000BDABBE00087DBE000809
:10BF40006DC20008BFBE0008C7BE000810B5064C91
:10BF50002046FFF7E1FF04F11C00FFF7DDFF04F1CD
:10BF60003800FFF7D9FF10BDF01C002008B50B46C4
:10BF70001146826912B11846904708BD0020FCE7BF
:10BF800008B50A4601460248FFF7F0FF08BD00BFAA
:10BF9000F01C002038B50D4614461A4673B105FB57
:10BFA00002F0142C0FD0E31FDBB2032B0ED8073C9A
:10BFB000032C0CD8DFE804F0150D10122146FFF712
:10BFC000DFFF0246EBE7520805FB020038BD002305
:10BFD00000E010231844F9E74023FBE74FF48063A7
:10BFE000F8E70823F6E708B50B461146C26812B118
:10BFF0001846904708BD0020FCE7000008B50A4637
:10C0000001460248FFF7EFFF08BD00BFF01C00200B
:10C0100060B170B584B00646856945B16B691BB1E6
:10C0200031B16B693046984704B070BDFEE7FEE75A
:10C030006946FFF74DFF6946F3E700002DE9F0413F
:10C04000069E80B1884615461F4604461C220021E4
:10C0500011F000FB46B105FB06F3089A934209D99B
:10C060000020BDE8F081FEE739464046FFF788FF33
:10C070000646F0E7A4F80480E58067702681002377
:10C08000638019232370079B23616361044BA361C1
:10C09000E26039460798FFF7B1FF0120E1E700BFF2
:10C0A000F01C00202DE9F84F07460E4690461D462D
:10C0B000DDF828901C2006F04DFB38B30446B9F19A
:10C0C000000F24D04B462A4641463046FFF762FF18
:10C0D00082462A4601463846FFF7D7FE8346E0B13E
:10C0E000A680A4F80680657030236380A4F80890C9
:10C0F000192323702946FFF781FF2061C4F814B08B
:10C10000C4F80CA0A7612046BDE8F88FFEE72946D9
:10C110003046FFF735FF8146D4E7204606F02CFB7A
:10C120005C46F0E700B583B0009313460A4601462B
:10C130000248FFF7B7FF03B000BD00BFF01C0020AE
:10C1400030B583B00C460B8900934B78CA88898838
:10C15000FFF7A8FF054670B1638843F030034288BB
:10C1600013434380C268E3689A4228BF1A46216994
:10C17000006911F0DBF9284603B030BD2DE9F0412C
:10C18000DDF818800446B0B10D4616461F4601B9C9
:10C190004578B8F1000F10D043462A46394630465C
:10C1A000FFF7F8FEE36883420DD36570A680E78051
:10C1B000A4F808802046BDE8F08129463046FFF704
:10C1C000DFFE8046E8E70020F5E770B110B50446D1
:10C1D000438813F0100F07D0806938B16169FFF709
:10C1E0005EFE204606F0C8FA10BDFEE7FEE748B145
:10C1F0008446806938B110B584682CB12AB1604694
:10C20000A04710BDFEE7FEE7FEE7FEE788B138B5C0
:10C210000C4603468188A14224D9C188914223D982
:10C2200005694078C11F032904D8DFE801F0120531
:10C230000D0FFEE7002100E010211B8902FB031314
:10C240001D4444B9284638BD4021F6E74FF48061CB
:10C25000F3E70821F1E703F003FC04FB00F305EB2F
:10C26000D305EFE70025EDE70025EBE72DE9F84FD3
:10C270000E46154641785278914200D0FEE70446BA
:10C280001F462EB1304602F094FF8246B7B901E056
:10C29000B0F804A06278D31FDBB2032B0DD820695D
:10C2A0002969073A032A03D8DFE802F013040E10C5
:10C2B000002200E0102211F039F967B1384602F08F
:10C2C00078FF504525D0FEE74022F4E74FF4806226
:10C2D000F1E70822EFE7AB885345F4D1002211467D
:10C2E0002846FFF793FF8046E6B172683168204622
:10C2F000FFF78CFF0746D6F80490F668B4F808B04C
:10C300002D89607803F0ACFB0AFB00F40734E410DD
:10C310001CE0002FE2D07A6839682846FFF776FFE4
:10C320008046E1E7002211462046FFF76FFF0746EF
:10C33000E688013E4FF00009E0E7224641463846D4
:10C3400011F0F4F85F44A84409F10109B145F4DDA6
:10C35000BDE8F88FC0B12DE9F04389B00C46054621
:10C36000B0F8088089B10023049305938388013BCA
:10C370000693C388013B079304AA684602F0C8FDF0
:10C3800090B909B0BDE8F083FEE700221146FFF73F
:10C390003DFFEA8808FB02F2002111F05BF921461B
:10C3A0002846FFF735FEECE7684602F002FF00285A
:10C3B000E7DD684602F002FF0028E2DD019A0099FD
:10C3C0002846FFF723FF0646687803F049FB8146BD
:10C3D000684602F0EEFE00FB09F909F107094FEA91
:10C3E000E909019F06E04A460021304611F032F982
:10C3F00046440137039BBB42F5DA21462846FFF746
:10C4000007FEBEE7E0B12DE9F0470C46054603699B
:10C41000BBB18788C688438813F0200F65D089B1E7
:10C420002B89A34264D0687803F01AFB00FB07F362
:10C4300007334FEAD308B4EBD30F09D2002055E0FD
:10C44000FEE7FEE741783846FFF79AFD0446E7E746
:10C4500023466A7831463846FFF79CFDEB688342F5
:10C4600048D36B78073B032B03D8DFE803F01904AC
:10C470001416002200E010222989A14222D22B6941
:10C48000701E00FB01215F1804FB002203EB020970
:10C490004FF0000A11E04022EEE74FF48062EBE734
:10C4A0000822E9E742463946484611F0FAF82B8956
:10C4B000FF1AA9EB04090AF1010AB245F2D32C8153
:10C4C000012013E02F691744BA464FF0000909E034
:10C4D00042463946504611F0E4F82B891F44A244E5
:10C4E00009F10109B145F3D3E9E70020BDE8F08780
:10C4F0000120FBE70020F9E758B130B585B00446CC
:10C50000438813F0010F23D113F0200F02D100252F
:10C510001FE0FEE706F0E2F90546012819D10023E5
:10C5200000930193A388013B0293E388013B0393AB
:10C530006378073BDBB2032B01D8002303936388A6
:10C5400043F00103638069462046FFF761FD00E088
:10C550000025284605B030BD30B585B005460C46EF
:10C560000B890A69C9680291019200936378E28895
:10C57000A188FFF763FD012801D163886B8005B0B6
:10C5800030BD00002DE9F04F97B0824688469346B3
:10C590001C46209EDDF884908B6DADF84C301B0C52
:10C5A0008DF84E30136B1493526BBDF8543062F318
:10C5B0000803ADF85430DBF82C302BB1002C3ED002
:10C5C0002268264B9A423AD003AD99E80F0085E8DD
:10C5D0000F003168726852424942284602F08BFCD3
:10C5E000002C38D01D4B23606360A360E3600125FD
:10C5F000012D2DD1224603A9584601F009FE05461A
:10C600000DF12C0C94E80F008CE80F007268316873
:10C61000604602F070FC012DEAD10BAA49460FA832
:10C6200002F076FC0028E3D00FAB01930BAB009334
:10C6300013AB5A4641465046229FB847D8E7CDF83B
:10C640000490009613AB5A4641465046229CA047A0
:10C6500017B0BDE8F08F07ACC4E700BF010000E0F1
:10C6600010B504467C22002110F0F4FF03F044FBD7
:10C6700084F85800C0F3072384F85930C0F307400A
:10C6800084F85A00FF2384F85C304FF480732364ED
:10C69000636494F85D3043F0100384F85D30024B1E
:10C6A00023677C23236210BD010000E060B10278A3
:10C6B000A2F12003DBB25F2B08D912F0800F01D169
:10C6C0000020704702207047032070470120704708
:10C6D000002B6CD02DE9F047A4B007460E46144657
:10C6E00098462C9A896A11A801F044FD012802D0CD
:10C6F00024B0BDE8F087358EB6F8329006F16800B8
:10C7000002F057FD002819DB0DF1340C06F1680327
:10C710000FCB8CE80F000DF1340A2946504602F089
:10C72000C9FB4946504602F0CAFBDDF834A0204B55
:10C730000DF1240C0FCB8CE80F0030E00DF1340C20
:10C7400094E80F008CE80F00E5E70D9B2B440D9358
:10C750000F9B2B440F93A3680D9A9A4213DC224639
:10C760000DA905A802F0D4FB0028EED0CDF8088072
:10C7700005AB01930DAB009309AB11AA31463846C6
:10C78000FFF700FFE1E70E9B4B440E93109B4B44D9
:10C790001093CDF834A005EB0A03013B0F93E36837
:10C7A0000E9A9A42D7DD11A801F03EFDA0E770472E
:10C7B00024CF03082DE9F0438BB00446BDF8485060
:10C7C000BDF84C60DDF850801F4613B9B5F5807F89
:10C7D0006BD0002302930393049105930693079271
:10C7E000089109924FF00109CDF80490CDF800802E
:10C7F00033462A46394602A802F0CCFCCDF8049014
:10C80000CDF8008033462A46394604A802F0C2FC1F
:10C81000CDF80490CDF8008033462A46394606A864
:10C8200002F0B8FCCDF80490CDF8008033462A46DB
:10C83000394608A802F0AEFC089B069D1946AB429B
:10C84000A8BF2946049A029816468242A8BF064607
:10C85000B142A8BF31462160AB42B8BF2B468242ED
:10C86000B8BF02469342B8BF1346013BA360099B81
:10C87000079D1946AB42A8BF2946059A039816465C
:10C880008242A8BF0646B142A8BF31466160AB42B2
:10C89000B8BF2B468242B8BF02469342B8BF134688
:10C8A000013BE3600BB0BDE8F083B6F5807F90D12B
:10C8B0000360436001398160013AC260F2E7000021
:10C8C0000B6C002B47DD2DE9F04784B080460C4609
:10C8D00015464B6C002B35DD07222946FEF74AFD35
:10C8E0000646476D7C222146384610F01FFE002385
:10C8F000336506F1180A284602F05BFC814628469B
:10C9000002F05CFC024604F150030293B4F8443098
:10C910000193B4F840300093E36B49465046FFF76B
:10C9200049FF6A682968504602F0E5FA3A6F0A4BF7
:10C930009A420AD0A36A012283F84D20314640462C
:10C94000FEF7A8FE04B0BDE8F087683795E80F0051
:10C9500087E80F00EEE77047010000E08B6A002BCC
:10C9600000F008812DE9F043D3B006460C46154689
:10C9700091F85C30022B5FD90B6C002B5CDD4B6CAB
:10C98000002B59DDCB7EBBB1FEF77DFF07460028AB
:10C9900055D00DF150087C22214640462FF064FE10
:10C9A00000238DF86B302A4641463846FFF7D6FF04
:10C9B00021463846FEF77EFF7C22214633A810F040
:10C9C000B5FD3EA93D9801F0BBFB012834D14F9A3B
:10C9D000694B9A4234D0BDF8FA3013F0400F35D18C
:10C9E000062229463046FEF7C5FC07467C2233A9BD
:10C9F000406D10F09BFD07F11809284602F0D9FBA5
:10CA00008046284602F0DAFB024604F15003029306
:10CA1000B4F844300193B4F840300093E36B4146DE
:10CA20004846FFF7C7FE6A682968484602F063FA7D
:10CA300039463046FEF72EFE53B0BDE8F083FEE7E0
:10CA40004DAF95E80F0087E80F00C4E700223D993D
:10CA500014A801F08FFB0128EED1149BD3B11B6900
:10CA6000C3B104AF06F114030FCB87E80F0008AF82
:10CA700095E80F0087E80F0023680CAF14330FCB45
:10CA800087E80F00B36803B308A83A46014602F0EE
:10CA90003FFA18B914A801F0C7FBCDE70499059A2D
:10CAA00008AC52424942204602F025FA06F134050C
:10CAB00094E80F0085E80F00149B1D69009433ABC8
:10CAC000224614A93046A847E4E710AF04AB0FCBC9
:10CAD00087E80F0008AA3946384602F019FA0028FC
:10CAE000D8D0284602F065FB0746284602F066FBD0
:10CAF000024604F150090DF12008CDF80890B4F871
:10CB000044300193B4F840300093E36B394640461B
:10CB1000FFF750FE6A682968404602F0ECF92846A3
:10CB200002F047FB8046284602F048FB024610AF61
:10CB3000CDF80890B4F844300193B4F84030009335
:10CB4000E36B41463846FFF735FE6A682968384688
:10CB500002F0D1F90CAA3946384602F0D9F900287A
:10CB600098D0149B1C69009733AB08AA14A93046CF
:10CB7000A0478FE7704700BF010000E0002B5ED0A8
:10CB80002DE9F041A0B006460D4614461F46136835
:10CB90001C9353681D9393681E93D3681F93CB6BAC
:10CBA0001BB90B6CB3F5807F2DD0204602F001FB42
:10CBB0008046204602F002FB024605F15003029334
:10CBC000B5F844300193B5F840300093EB6B414623
:10CBD0001CA8FFF7EFFD21681C9B0B441C936268A7
:10CBE0001D9B13441D931E9B0B441E931F9B1344BC
:10CBF0001F9306F138021CA918A802F089F938B968
:10CC000020B0BDE8F0814B6CB3F5807FCDD1F0E76B
:10CC1000269AA96A05A801F0ADFA0128F0D10DF114
:10CC20001408029718AB019300940023424629464A
:10CC30003046FFF7A7FC404601F0F6FAE0E7704700
:10CC40001F2828D940F21C63984226D041F25F1376
:10CC5000984224D0B0F58B5F23D0A0F5C0530B3B96
:10CC6000032B20D9A0F500530B3B042B1DD9A0F5B5
:10CC70000053283B072B1AD9A0F501531F3B102B5B
:10CC800017D94FF6FF63984215D04FF6FF0398422D
:10CC900013D0002070470120704701207047012009
:10CCA0007047012070470120704701207047012024
:10CCB00070470120704701207047012070470346EC
:10CCC0003038C0B209280CD9602B01D9203BDBB227
:10CCD000A3F14102D2B2052A02D8373BD8B270473D
:10CCE0000020704710B504467822002110F0B2FCF5
:10CCF000FF2384F8663002F0FFFF84F83800C0F3A9
:10CD0000072384F83930C0F3074084F83A004FF025
:10CD1000FF332366124B63634FF6FF73236563652E
:10CD200002F0EAFF84F85800C0F3072384F8593072
:10CD3000C0F3074084F85A00052004F01FF984F876
:10CD40005B00C0F3072384F85C30C0F3074084F82D
:10CD50005D00002384F865307823236210BD00BF96
:10CD600088F703080379052B01D1406D7047002037
:10CD7000704708B53022002110F06CFC08BD91F816
:10CD80006630022B49D92DE9F0419EB006460C468B
:10CD900015468B6A002B3BD01B78002B38D04B6B91
:10CDA000B3B31268AB689A4232DCCB7EABB12A4691
:10CDB000FEF769FD074670B37822214668462FF0DA
:10CDC00053FC00238DF81B302A4669463846FFF78E
:10CDD000D6FF21463846FEF76DFD0522294630462E
:10CDE000FEF7C8FA054678222146406D10F09EFBFA
:10CDF00094F8693013F0010F06D06F6D216EA06AB0
:10CE000010F0C7FCB86238B129463046FEF742FC44
:10CE10001EB0BDE8F081FEE7FEE770472DE9F04166
:10CE20008EB080460D4617461E461498FFF708FF41
:10CE3000B8B92C69C4B10DF1180EA446BCE80F00B6
:10CE4000AEE80F009CE80F008EE80F00BDF8203020
:10CE500013B1BDF81E1079B92A6906AB9A4200F0E9
:10CE600086800EB0BDE8F08106A929610023149ADE
:10CE7000304601F0EFFAE9E73A68BDF922000244D2
:10CE800002920A44013A04927A68F1683069091AF8
:10CE90000A44D21ABDF92410521A03921344013BDA
:10CEA0000593696AAA6A02AC52424942204602F0DE
:10CEB00022F808F1380600223146204602F05CFCD8
:10CEC00038B1E86828B10022314602F055FC00284C
:10CED000C2D1069B002B47D09DF82830013BDBB226
:10CEE000172B11D900219DF828302B711A2B30D027
:10CEF00002ABAB6000231A4629464046159CA0476A
:10CF0000286901F09BFAA7E700210091BDF82030C5
:10CF1000BDF81E20E86AFFF731F901460028E2D18A
:10CF2000E86A08B1FFF751F9BDF820201F3252110D
:10CF3000002300930E235201BDF81E100D48FFF789
:10CF4000B1F8014620B1BDF82030C380E862CAE7DD
:10CF5000FEE7286901F047FA286018B19DF82830EB
:10CF60002B71C5E70023FBE700232B71C0E70023EB
:10CF70002B6176E70C1D00202DE9F04FD9B006900B
:10CF80000C4691460793456DD1F834A000F1380264
:10CF9000494654A801F0BCFF002800F0358394F8FE
:10CFA00064300E930BB901230E9394F8683013F09C
:10CFB000080F09D0286860B14FF40021F6F7B8F9DE
:10CFC00038B9E36A10931EE0484602F0F2F8109078
:10CFD00019E018AB00221A605A609A60DA60226C7D
:10CFE0001A60E26B5A606FF060429A6094F86820B1
:10CFF000C2F3C4021A7316AD626BA16A284605F02B
:10D00000BFF9169B1093504601F095FA0546E36B65
:10D010001E180A96D9F80420D9F8001052A802F078
:10D02000C5FA636C1193A26C539B13445393E36E44
:10D03000BBB1CAB9D9F80420002A02DB4FF0FF3691
:10D0400014E099688A1A002AB8BF5242C6F50071E6
:10D05000B2EB410F02DD4FF0FF321A60E36E1E6843
:10D0600004E04FF0FF3601E04FF0FF36E36E33B3DC
:10D07000002E26DB5A68539B13445393D4F86080E8
:10D080004EAA00234E934F9350935193216C4E918F
:10D0900094F86810C1F3C4018DF8441110995091AF
:10D0A000A06A009252464146304405F013F800EB66
:10D0B000060B3246069F4E46DDF828900BE0002610
:10D0C000DCE70026DAE7A36A13F80B305A46002B98
:10D0D00000F09A828346539B2B44F96B8B4223DAF0
:10D0E000A2EB0B029044A06A4EAB00930023524681
:10D0F0004146584404F0EEFF5844539B4B4453932D
:10D10000E26E002ADFD013F5806FDCDB1368002BA2
:10D11000D9DAC2F800B07168E26E539B5B1A5360B3
:10D12000E36E72689A60CEE7B14616460E9B022BFC
:10D130004DD00E9B032B5ED0226D0892676DBA42D4
:10D1400002D83B46174608933EA8FFF712FE94F814
:10D1500066308DF80F314AAB4193A36BADF80C31BB
:10D160001B0C8DF80E31E36C469336AB4293636F24
:10D17000459394F867308DF81331236FADF8103173
:10D180001B0C8DF812311EA800F0FAFB94F86630E3
:10D190008DF8A4309AF91630002B3DD00D9302F093
:10D1A000ABFD8DF87000C0F307238DF87130C0F32C
:10D1B00007408DF8720000220B9212923546CDF88E
:10D1C00014B0C3463E469046CDF83C90D5E1A06AE7
:10D1D0004EAB5246ABEB0601304405F08CF80546E9
:10D1E000484601F0E6FF431B03EBD373529A02EB70
:10D1F00063025292A0E7A06A4EAB5246ABEB060127
:10D20000304405F078F80546484601F0D2FF421B4D
:10D21000529B134452938FE701230D93BFE70023E2
:10D220000493BDE000230493BAE0B8F1000F09D0E5
:10D23000B8F1010F2FD0B8F1020F40F0C0804FF0CD
:10D24000000892E01D9B12934FF001088DE0202B07
:10D250001CD000220B92B8F1010F40F0B680202BB9
:10D2600040F083801D9B129A9B1A072B1BD094F8C9
:10D270003A308DF8723094F838308DF8703094F878
:10D2800039308DF871304FF002089EE00B9A3AB9B0
:10D29000CDF82C80DFE74FF00008CDF82C80DAE7DE
:10D2A00000220B92D7E70DF160080622099B129924
:10D2B0005918404610F03AF900238DF866309DF871
:10D2C0006000FFF7FCFC0701FFB29DF86100FFF76B
:10D2D000F6FC0744FDB29DF86200FFF7F0FC070181
:10D2E000FFB29DF86300FFF7EAFC0744FBB213931B
:10D2F0009DF86400FFF7E3FC0301DFB29DF86500D1
:10D30000FFF7DDFC3A18D2B21399284602F07DFCF3
:10D310008DF87000C0F307238DF87130C0F307401B
:10D320008DF872004FF002084FE0049B073B049316
:10D3300056E0002761E0B8F1020F00F0EE80A36B29
:10D34000ADF80C311B0C8DF80E31079B0193159B2A
:10D350000093534652AA3EA90698FFF75FFD27B1F6
:10D36000236CDA19529B134452931D99594580F04E
:10D37000DB80059B039AA3EB0209494580F0D4802A
:10D380004FF6FF739E423FF44AAF089A9A423FF429
:10D3900049AF9F4B1B68039A1144A06A98470490B9
:10D3A0001DAB16AA15A9099804F093FF94F86830EC
:10D3B00013F0400F0CD0159B232B3FF436AFB8F180
:10D3C000010F3FF444AF00230B930B9B002BCCD1F8
:10D3D00094F8683013F0400F02D0B8F1020FA4D0D7
:10D3E000169B159A36A9504601F034F81598FFF7A8
:10D3F00027FC00289DD1BDF8DC70529A236C03EB0A
:10D40000D371A2EB61014A9153994B913A44013A8D
:10D41000013303EBD37302EB63034C930A9BCB18EA
:10D42000013B4D931D9B4B4552D394F8683013F04C
:10D43000010F1DD018AB0C9818609A60DAF80C2018
:10D440001144DAF81020891A9AF91520891A5960BE
:10D450000D9A11440139D960218F94F83A20ADF822
:10D46000A5108DF8A7201EAA00210698079DA847A1
:10D4700094F8683013F0020F2AD018AB0C9A1A6097
:10D48000529A3A44013A9A60DAF80C20DAF810100D
:10D49000521A52005F4981FB0201A1EBE271539ADB
:10D4A0000A449AF9161001EBD17102EB61025A603D
:10D4B0000D990A44013ADA60218F94F83A20ADF8C8
:10D4C000A5108DF8A7201EAA00210698079DA84741
:10D4D0004FF6FF739E423FF42EAF089A9A423FF4F4
:10D4E0002AAF04998E423FF626AF8A427FF623AFD9
:10D4F000A36DADF80C311B0C8DF80E31B4F85B2028
:10D5000094F85D30ADF8A5208DF8A7304AAB1EAA7F
:10D5100000210698079DA84717E71C9BADF80C3122
:10D520001B0C8DF80E3110E7039D00221892199202
:10D530001A921B92226C189294F86820C2F3C402CB
:10D540008DF86C20109A1A92059BEB1A1BEB030BBB
:10D5500025D1059F0F9B1B6852930E9B022B2AD04F
:10D560000E9B032B3BD0539B0A9A13445393069A6A
:10D57000526C934244DC059D0597BBF1000F3FD0F0
:10D58000A36A5A1909925B5D002B39D0529B119AFC
:10D5900013440C93529300231D930395E5E6A06A70
:10D5A00018AB0093002352465946059D284404F0C9
:10D5B00091FD2F18CEE7A06A18AB5246059D791B46
:10D5C000284404F098FE05460F9801F0F2FD401B38
:10D5D00000EBD070529B03EB60035293C3E7A06A49
:10D5E00018AB5246059D791B284404F084FE05467D
:10D5F0000F9801F0DEFD401B529B03445293B2E7AB
:10D60000499808B1FEF7E1FD59B0BDE8F08F00BFC1
:10D61000B06F04085655555510B5044654220021E4
:10D6200010F018F801236364FF2384F8503002F0EF
:10D6300063FB84F84000C0F3072384F84130C0F353
:10D64000074084F842005423236210BD4B6C002B2A
:10D6500000F0B9802DE9F0439BB081460C4691F86B
:10D660005020022A5ED98E6B8EB1C86B012859DD1D
:10D670006FF0604316931793534B18931993C000A0
:10D6800005F05EF8064600284FD000234FE0096BF6
:10D69000A26A9142D4BFC3EB0100C3EB0200169013
:10D6A0009142ACBF581898181890616BE26A914289
:10D6B000D4BFC3EB0100C3EB020017909142ACBF93
:10D6C0005B189B181993E37ECBB116AA21464846F6
:10D6D000FEF7D9F80746002874D00DF1040854224B
:10D6E000214640462EF0C0FF00238DF81F304146F2
:10D6F0003846FFF7ABFF21463846FEF7DBF8082235
:10D7000016A94846FDF736FE0746D0F85480542245
:10D71000214640460FF00AFFC8F8386039464846AF
:10D72000FDF7B8FF1BB0BDE8F083FEE70133E26B05
:10D730009A4238DDA16B01EBC30106EBC30203C9BA
:10D7400082E80300A16B01EBC30051F833706FF066
:10D7500000429742EAD042686FF0004C6245E5D043
:10D76000626C169DAF42D4BFC2EB070CC2EB050C36
:10D77000CDF858C051F8337018998F42ACBFD11909
:10D7800051181891476817998F42D4BFC2EB07010F
:10D79000C2EB01011791406819998842ACBF121879
:10D7A00052181992C2E7169A6FF060439A4205D058
:10D7B000616C0A4616A801F091FB84E7304604F03C
:10D7C000DBFFAFE7FEE77047010000E02DE9F04125
:10D7D00096B0074690468D6B55B1542201A82EF0A5
:10D7E00043FF109E012E04D900240F94109404E0EE
:10D7F000904716B0BDE8F0810134731EA342F8D9FA
:10D8000005EBC40355F834206FF000418A42F3D091
:10D8100059686FF000429142EED0611C05EBC102E5
:10D8200055F831006FF000418842E5D050688842D9
:10D83000E2D00DF12C0C93E803008CE803000DAB53
:10D8400092E8030083E8030001A93846C047D3E704
:10D8500008B5402200210FF0FDFE08BDF8B50446D2
:10D860000D4690F84C0002F02DF900B9F8BD0B22DE
:10D8700004F114012046FDF77DFD064640222946AD
:10D88000406D0FF053FE776D3C61386820B14FF466
:10D890000021F5F74DFD20B931462046FDF7FAFE8F
:10D8A000E4E74FF400213868F5F7BAFD324622214B
:10D8B0002868F7F78EFA4FF400213868F6F79DF8DC
:10D8C000EAE7000038B50446A02200210FF0C2FEAE
:10D8D00002F0F2F984F83E00C0F3072384F83F30E9
:10D8E000C0F3074084F8400002F0E6F984F84400F1
:10D8F000C0F3072384F84530C0F3074084F846009E
:10D9000002F0FAF984F84900C0F3072384F84A309A
:10D91000C0F3074084F84B00FF2584F84D500223E4
:10D9200084F84E3002F0E8F984F87800C0F3072359
:10D9300084F87930C0F3074084F87A0002F0DCF90B
:10D9400084F88C00C0F3072384F88D30C0F30740BF
:10D9500084F88E00094B236384F83A5084F83750DA
:10D9600084F83C5084F83B5084F83D5094F8803063
:10D970000F2262F3040384F8803038BD88F703086F
:10D9800010B50446602200210FF064FEFF2384F8E6
:10D990002C306023236210BD0379012B01D1406D2F
:10D9A00070470020704710B50446382200210FF060
:10D9B00051FEFF2384F8343094F835300F2262F39F
:10D9C000040384F835303823236210BD0379022B19
:10D9D00001D1406D7047002070472DE9F04FB9B07C
:10D9E00006460C461546D1F89030C3B191F83D205B
:10D9F000022A24D9012B02D04FF0010911E0D1F8FD
:10DA00009C30002B02DD4FF001090AE0D1F8943080
:10DA1000C3B9D1F89830C3B14FF0010901E04FF01C
:10DA2000000994F83A30022B12D8002794F83720D6
:10DA3000022A11D9E26A6AB1012204920EE04FF083
:10DA40000009EEE74FF00109EBE74FF00009E8E7C6
:10DA50000127EBE7049201E00022049294F83B20B6
:10DA6000022A0CD9E26FC2B194F8802012F0200F84
:10DA700016D112F01F0F16D10022039201E00022EE
:10DA8000039294F83C20022A10D9D4F88420002A6A
:10DA900040F0AB804FF000080AE000220392F0E76C
:10DAA00000220392EDE701220392EAE74FF000081B
:10DAB000FF2B00F09D8000230593E37E0BB317B985
:10DAC000B8F1000F1DD02A4621463046FDF7DBFE97
:10DAD0008246002800F0A8800DF1400BA0222146CC
:10DAE00058462EF0C1FD00238DF85B308DF87D3057
:10DAF0002A4659465046FFF770FF21465046FDF72B
:10DB0000D9FEB9F1000F40F09080002F5ED010AF29
:10DB100095E80F0087E80F00E36F012B1BDD94F8F9
:10DB20003B30FC2B17D9A36AABB194F88030C3F318
:10DB3000800102460A441092C3F34001119A0A443C
:10DB40001192C3F3C001129A521A129203F0010308
:10DB5000139AD21A1392012210A93046FDF70AFC3B
:10DB60008146476D3846FFF70BFFBC46A646BEE828
:10DB70000F00ACE80F00BEE80F00ACE80F009EE815
:10DB800003008CE8030060233B62A36ABB62E28F60
:10DB900094F84030A7F82D2087F82F3007F1300C8B
:10DBA00004F1440EBEE80F00ACE80F00BEE80F0021
:10DBB000ACE80F009EE80F008CE80F0094F83A30B4
:10DBC00087F82C3049463046FDF764FD049B002B56
:10DBD00040F08380039B002B40F04881B8F1000F98
:10DBE00040F0788139B0BDE8F08F4FF001085FE771
:10DBF00094F84F3013F00F0F11D1012305935CE718
:10DC0000013394F84E209A420BD903EB830222444D
:10DC100092F84720FF2AF3D0002305934DE7002315
:10DC2000EFE70123059348E7FEE703222946304644
:10DC3000FDF7A0FB8346D0F8549000F1180AD4F801
:10DC40009C100A46504601F049F9D4F890100A4653
:10DC5000504601F043F9D4F89820D4F89410504677
:10DC600001F049F9CC46A646BEE80F00ACE80F002B
:10DC7000BEE80F00ACE80F009EE803008CE803004C
:10DC80004423C9F82030A36AC9F82830D4F88C306E
:10DC9000A9F82C301B0C89F82E30D4F89030C9F834
:10DCA0003030D4F89C30C9F8343094F83D3089F8DD
:10DCB0004030D4F89430C9F83830D4F89830C9F8E6
:10DCC0003C3099F84130059A62F3000389F84130FD
:10DCD00059463046FDF7DEFC17E7E06AFEF7E6FC42
:10DCE0000746012854D90C22002109A80FF0B2FCE4
:10DCF000032F3FF46FAF012F6BD894F83930002B0E
:10DD00004ED0062229463046FDF734FB8146D9F82D
:10DD100054703846FEF7A4FCBC46A646BEE80F0089
:10DD2000ACE80F00BEE80F00ACE80F009EE803006F
:10DD30008CE803007C233B62E36ABB6294F83730D3
:10DD400087F85C30636BA7F858301B0C87F85A30A3
:10DD500094F8383087F85B3094F8392097F85D30C4
:10DD600062F3451387F85D30636F3B6607F12C0360
:10DD700009AA07CA83E80700A36ABB63683795E866
:10DD80000F0087E80F0049463046FDF783FC21E786
:10DD900009A9E06A00F0D4F901287FF41BAFAAE7D3
:10DDA000002310931193BDF82820013A1292BDF878
:10DDB0002A20013A139210AF0093092239462846CF
:10DDC00001F094FA062239463046FDF7D3FA81462F
:10DDD0009DE70CAB00270C975F609F60DF606FF0E2
:10DDE00060420E92226BE16A07A804F0C9FA10970C
:10DDF0001197079B013B1293089B013B13930DF175
:10DE0000400900973B4609224946284601F06EFA30
:10DE1000052249463046FDF7ADFA8246D0F85490C7
:10DE20004846FEF75FFF4F46A446BCE80F000FC709
:10DE3000BCE80F000FC79CE8030087E803007823C5
:10DE4000C9F82030636BA9F838301B0C89F83A30D8
:10DE5000236BC9F83430E36AC9F8283005238AF8FF
:10DE6000043051463046FDF715FCB3E60222294640
:10DE70003046FDF77FFA8146D0F854E07746A44655
:10DE8000BCE80F000FC7BCE80F000FC79CE80300F9
:10DE900087E803003823CEF82030A36ACEF8283074
:10DEA000A36FAEF82C301B0C8EF82E3094F83B305C
:10DEB0008EF83430E36FCEF8303094F880209EF83E
:10DEC000353062F304038EF8353049463046FDF7AD
:10DED000E1FB83E610AF95E80F0087E80F00D4F868
:10DEE0008410D4F8883019440A46384600F0F6FF0A
:10DEF000022239463046FDF73DFA8146D0F854807B
:10DF000000F11805D4F884100A46284600F0E6FF10
:10DF1000D4F888100A46284600F0E0FF4546274618
:10DF20000FCF0FC50FCF0FC597E8030085E803009B
:10DF30003823C8F82030A36A47F6FF72934205D011
:10DF4000D4F884201344D4F888201344C8F8283027
:10DF5000B4F8812094F88330A8F82C2088F82E306B
:10DF600094F83C3088F83430D4F88430C8F8303035
:10DF700098F835300F2262F3040388F835304946AB
:10DF80003046FDF787FB2DE630B587B00446037CAD
:10DF90008DF80830C368019300226946006C0EF0CA
:10DFA000F9FC10B9002007B030BD05460EF05AFD4F
:10DFB000C368E3620369236065640120F3E70346F5
:10DFC0004078142802D198884000704710B59C888A
:10DFD00001F046FD04FB00F00730C00810BD000052
:10DFE0002DE9F04786B005460E460C22002130464A
:10DFF0000FF030FBD5F80C802F7C1FB9D8F81040FB
:10E00000002C5CD02EF092FA814670B1012F0ED117
:10E010008DF80470CDF80080002269463E4BD3F89D
:10E0200030010EF0B7FC824630B9012F15D03B48C5
:10E0300002F09CFC044624E00EF014FD034600F1BF
:10E04000080207CA86E807005C6900225146324B85
:10E05000D3F830010EF0B2FC31E00222414605F166
:10E06000140002F0A1FB0028E1D0002427E0304694
:10E07000FFF7A5FF30811BE02146284802F07EFC17
:10E080000446ACB12368002BF6D06368002BF3D0B4
:10E090000022114605F1140002F051FB23683246BC
:10E0A0002946204698470128E6D13389002BDED047
:10E0B000012F08D0B9F1000F01D0012F08D0204660
:10E0C00006B0BDE8F08705F1140002F0E7FAF1E7C9
:10E0D000002CF4D08DF8047040460FF04AFB0090FD
:10E0E000059402AB96E8070083E807000022694622
:10E0F000094BD3F830010EF07FFC054638B1002201
:10E100000146054BD3F830010EF058FCD7E70098D4
:10E1100004F032FB2C46D2E7241C0020441D0020D2
:10E1200038B505460C461C21044802F0D9FB2846A8
:10E130002EF060F920462EF0CBF938BD441D0020AA
:10E1400070B594B004460D4601AE4C220021304615
:10E150000FF080FA04942046FEF7A8FA8DF8140018
:10E1600029463046FFF73CFF003818BF012014B0A5
:10E1700070BD000070B504460D4616464C220021C5
:10E180000FF068FA002D3DD0E5602846FEF78EFAC4
:10E1900020742EF05DF960B11C4BD3F82C31236450
:10E1A0000EB1B3782BB92046FFF7EEFE05460128E5
:10E1B00013D004F120012046FFF712FF0346206030
:10E1C00010B366B130686060327922725A682146B5
:10E1D000184690470546012805D0284670BD002105
:10E1E00061602172F2E7E06A0028F6D0436943B12A
:10E1F000836933B1237A002BEFD00021FDF708FFAC
:10E20000EBE7FEE70025E8E70025E6E7241C002011
:10E2100010B584460068846824B113460A466146F6
:10E22000A04710BD0020FCE710B50446006868B1A7
:10E23000C3680BB1214698472EF00AF930B1206C23
:10E2400020B1616C11B100220EF0B8FB10BD0000CE
:10E2500010B5064802F04CFB30B104461C220021E8
:10E260000FF0F8F9204610BDFEE700BF441D002066
:10E27000016070474160704781607047C1607047BE
:10E280002DE9F04105461746984600220C48D0F883
:10E290002C010EF0B1FB064648B10EF0E3FB04463C
:10E2A000C760037A012B05D0C4F81480256130467D
:10E2B000BDE8F08140680FF05CFA6060F4E700BFF1
:10E2C000241C002070B582B00D4669B10446037964
:10E2D00013B1497814290AD163792BB16878A0F178
:10E2E0000B03DBB2032B1FD8284602B070BDA888F1
:10E2F000FDF746FE06462B898342EDD001462846AF
:10E30000FEF780F80128E7D0A988EA886B780096A4
:10E310001448FDF7C7FE064610B300232A461946E7
:10E32000FDF765FF3546D7E701F0CCFB0028DBD0D1
:10E330006B8813F0010FD7D16A781A2AD4D013F062
:10E34000200F03D02846FEF7D7F8CDE72946054829
:10E35000FDF7F6FE05460028C6D0FEF7CDF8C3E768
:10E360000546C1E7281D00201F2828D940F21C635C
:10E37000984226D041F25F13984224D0B0F58B5FCB
:10E3800023D0A0F5C0530B3B032B20D9A0F500539D
:10E390000B3B042B1DD9A0F50053283B072B1AD9A2
:10E3A000A0F501531F3B102B17D94FF6FF6398427E
:10E3B00015D04FF6FF03984213D00020704701207C
:10E3C00070470120704701207047012070470120ED
:10E3D00070470120704701207047012070470120DD
:10E3E000704701207047026872B138B50446437C1B
:10E3F000C3F3400523F00203437453689847637CDA
:10E4000065F34103637438BDFEE738B5036893B123
:10E4100004461A7D12F0080F0ED0427CC2F340056C
:10E4200042F0020242745B6800219847637C65F306
:10E430004103637438BDFEE70020FBE748B108B52F
:10E440000146C36923B1006810B1836803B19847DE
:10E4500008BDFEE791B12DE9F84F81461646984672
:10E460000D4660B1077D07F00407202200212846F1
:10E470000FF0F0F84C464FF0000A06E0FEE7FEE72A
:10E48000002308E02C6026E0E469A4B1D4F800B0D1
:10E49000002FF5D14346324629462046D847034649
:10E4A0000028F1D06A7C12F0010FEBD0BAF1000F16
:10E4B000EAD1A246E8E7BAF1000F0FD0DAF800403F
:10E4C0000FB14FF000084346324629465046A04758
:10E4D000C5F800A001231846BDE8F88FD9F80C3024
:10E4E00003EBD373C3F34F03EB800233AB80002302
:10E4F000EB812B60D9F80C202A816B81AB81012242
:10E500002A746A7C42F001026A74E4E770B588B04C
:10E5100005460C4616460846FFF726FF10B10020B8
:10E5200008B070BD3346224669462846FFF792FF81
:10E53000BDF80400F4E7C0687047007DC0F3C00078
:10E540007047000008B520B10146044802F016FAF1
:10E5500008BD024802F00AFAFAE700BF6C1C00206E
:10E56000014B586D704700BF241C002008B1007893
:10E5700070470020704708B1007A7047002070474C
:10E5800010B1D0F81C0170477047034648B10278BB
:10E59000012A0AD0032A08D04FF0FF330B604B60EA
:10E5A000704700230B604B6070475A6B0A609B6B8F
:10E5B0004B607047034648B10278012A01D0032A14
:10E5C00006D193F80C0100F00F007047002070474F
:10E5D00000207047034638B10278012A01D0032A8F
:10E5E00003D1D3F8D4007047704700207047002350
:10E5F0000B604B60034640B10278012A01D0032A28
:10E6000003D1DA6C0A601B6D4B60704718B1C37A96
:10E6100043F00803C3727047014B986D704700BF09
:10E62000241C002008B51346024600F5927001F044
:10E630003EFE08BD70B504460D46C37A43F00203A2
:10E64000C3721F4B5B6D834205D02378013BDBB265
:10E65000012B04D970BD1A4B00229A65F5E71DB154
:10E66000D4F8D830AB4202D10023C4F8D830D4F863
:10E67000D06066B10023C4F8D0302246172130465E
:10E68000F6F7A7FB324617212046FFF7CBFFD4F859
:10E69000D46066B10023C4F8D43022461721304636
:10E6A000F6F797FB324617212046FFF7BBFF1DB157
:10E6B000D4F8DC30AB42CDD10023C4F8DC30C9E75C
:10E6C000241C002038B50D4610B1FFF7B3FF38BD4C
:10E6D0000020FFF737FF044607E029462046FFF7F2
:10E6E000A9FF2046FFF72EFF0446002CF5D1024B70
:10E6F00000229A65EBE700BF241C002010B5064CF1
:10E70000E06D00EB4000800004F01AF820660CF089
:10E71000F5FD0DF053FC10BD241C0020F0B583B0B6
:10E7200004460E46154684220021F9F7B9FD0190F2
:10E7300010F0FF0F12D0C3B20C4AD26D934210D228
:10E740000A4A126E03EB430302EB83029368576895
:10E750004FB12A4631462046B84700E0002003B0BA
:10E76000F0BD0020FBE70020F9E700BF241C0020DB
:10E7700010B582B0044684220021F9F791FD019082
:10E7800010F0FF0F0FD0C3B2084AD26D93420AD2E5
:10E79000064A126E03EB430302EB830152F8233067
:10E7A00089682046984702B010BD00BF241C002095
:10E7B00010B504460146054802F01AF963690BB129
:10E7C00020469847204603F0D7FF10BDD41C0020F8
:10E7D00008B51A48012380F8A830B03002F0C6F816
:10E7E00040B1164BD3F8AC00D0B9144B93F8AA3013
:10E7F000CBB108BD114BD3F8AC0010B103F072FEE1
:10E80000F7E70E4B93F8AA30002BF2D000220C4908
:10E810001046FCF705FD094B002283F8AA20E8E723
:10E8200003F02EFFE5E7002205491046FCF7D6FC71
:10E83000024B012283F8AA20DBE700BF241C002042
:10E84000B1ED000870B5054643682BB11C4802F0D5
:10E850008DF8044600260FE08368002BF6D10026D1
:10E86000304670BD94F85C3013F0100F0BD1214688
:10E87000134802F083F80446002CF1D0AC42F6D0E5
:10E88000636B002BEEDB22682B689A42EFD1636842
:10E89000002BECD06A689342E9D12146084802F087
:10E8A000A7F863690BB120469847204603F064FF40
:10E8B000FFF78EFF024802F059F804460126DBE715
:10E8C000D41C002010B5044690F85C3013F002030D
:10E8D00006D1426C22B1B2F1FF3F01D0013A42644D
:10E8E000626CA2B9E26B02B18BB121461D4802F005
:10E8F0007FF8FFF76DFF23690BB1204698476369E6
:10E900000BB120469847204603F036FF26E094F8E6
:10E910005C3023F0080384F85C30636B226B934215
:10E920001DDD9B1A216C5B1A6363E16BB1B194F836
:10E930005C3013F0020302D1A06B40426063B3FA73
:10E9400083F35B0994F85C0063F3410084F85C0096
:10E95000636AE06A6062E3622163E26310BD0023E0
:10E96000E0E700BFD41C002010B582B004464FF48D
:10E97000806300930023026B1946406B02F0C9FAD2
:10E98000E36A626A9B1A03FB00F002EBA02002B06C
:10E9900010BDF0B583B004460D4616461F464FF431
:10E9A000806300930023026B1946406B02F0B1FABA
:10E9B000089B00933B463246294602F01BF9E36A66
:10E9C000626A9B1A03FB00F002EBA02003B0F0BDCB
:10E9D00010B50A4C6021204601F082FF002221215F
:10E9E000074803F049FD44F8040CFFF7F1FE00234B
:10E9F00004F8083C04F8073C10BD00BFD41C0020FC
:10EA000031EC000810B50446602200210EF022FE11
:10EA10004FF4FA732363002363626423E3620123E8
:10EA20006364044B236294F85C3043F0100384F871
:10EA30005C3010BD69E9000870B504460D46114808
:10EA400001F094FF0146002607E04B68AB420BD073
:10EA500055B10C4801F092FF014681B10B68A34209
:10EA6000F3D0002CF5D1F0E70846FFF7A1FEFFF741
:10EA7000AFFE044801F07AFF01460126EDE730467B
:10EA800070BD00BFD41C002038B504460D460A48AE
:10EA900001F06CFF014603E0074801F06FFF0146FB
:10EAA00039B10B68A342F7D14B68AB4201D0002DBE
:10EAB000F2D1084638BD00BFD41C002042F21073CA
:10EAC000984201D942F2F67042F21073994201D98C
:10EAD00042F2F67142F210739A4201D942F2F67292
:10EAE0000530094BA3FB000C481DA3FB0010C00818
:10EAF0000532A3FB0232D208800200EB025000EB89
:10EB0000DC0000F100407047CDCCCCCC00B583B028
:10EB10004FF48063009340F2512300221146FFF727
:10EB200038FF03B000BD426B036B9A4201DBC06A41
:10EB30007047406A704700B583B0B0F94E3000931B
:10EB4000B0F94C30B0F94A20B0F94810FFF721FF76
:10EB500003B000BD016070474160704701637047BA
:10EB600049424163704741624FF000438362C26291
:10EB7000704701627047C160704701617047416131
:10EB80007047C16370478163704741647047016497
:10EB9000704790F85C3061F3041380F85C30704784
:10EBA000C1617047A0F84810A0F84C30A0F84A2086
:10EBB000BDF90030A0F84E30704700281ADA891AE3
:10EBC0000029B8BF4942C0F30903642202FB01F1E6
:10EBD000B1FBF3F1C0F30952C0F3892302EB8202C7
:10EBE0005000884228BF084603EB83035B0098422D
:10EBF00038BF1846704770B50446456AC66A324643
:10EC00002946006BFFF7D9FF206332462946E06BA7
:10EC1000FFF7D3FFE06332462946A06BFFF7CDFF35
:10EC2000A06332462946206CFFF7C7FF206470BD01
:10EC3000F8B55D4890F8A93083F0010380F8A93059
:10EC4000B03001F093FE044660E0606D03F038FEE2
:10EC5000A36DB3F1FF3F66D0834264D8C01A94F825
:10EC60005C3023F0010384F85C30636B034463631E
:10EC70004D4B93F8A93083F0010394F85C2063F3C3
:10EC8000820284F85C204EE02046FFF7B4FFE36880
:10EC90000BB12046984794F85C3043F0080384F8A1
:10ECA0005C302046FFF7CEFD666B002E25DB236B24
:10ECB0009E4200DD6363676B236A204698470546E2
:10ECC000A36A83420ED0A062636813B10146206834
:10ECD0009847354B93F8A83023B9A36813B1294658
:10ECE00020469847304B93F8A83033B9636BBB424A
:10ECF00048D0626B236B9A424ADA2B4B93F8A830C8
:10ED0000002B49D0294801F031FE0446002C49D09F
:10ED1000206D03F0D5FD94F85C3013F0010F94D111
:10ED2000636B0344636303F0B5FD20651E4B002253
:10ED300083F8A82094F85C3013F0010FDDD1C3F301
:10ED40008003194A92F8A9209342D6D094F85C30F7
:10ED500062F3820384F85C30DBB213F0080FA3D1B6
:10ED6000626B002AA0DB13F0100F8DD1A369002B7A
:10ED70008AD020469847636A03446362E36A034487
:10ED8000E36281E7236BB6EB430FB2DA6663B0E769
:10ED90002046FFF797FDB0E72146044801F0EEFD5D
:10EDA0000446B3E7F8BD00BF241C0020D41C00209B
:10EDB00008B50020FFF73CFF08BD000038B5054648
:10EDC00090F85C3013F0100F05D04368002B44D04E
:10EDD0002846FFF737FD244801F08AFD0446002845
:10EDE0003FD0602229460EF0A1FB2B68AB4239D000
:10EDF0001E4B93F8A92094F85C3062F3820384F8E8
:10EE00005C3003F047FD206594F85C3023F001038B
:10EE100084F85C30DBB213F0100F1AD0A3693BB159
:10EE200020469847636A03446362E36A0344E362EB
:10EE30002046FFF7E0FE236A204698470146A0627D
:10EE400063680BB120689847A36813B1A16A204694
:10EE50009847FFF7BDFC204638BD8368002BB7D12B
:10EE6000B9E7FEE72460C3E7D41C0020241C00207F
:10EE7000836802689B1A03EBD3734FEA630C02EBBF
:10EE80006302406800EB63000B689B1A4A68121A21
:10EE90000CFB0CFC02FB02F203FB03239C4501D399
:10EEA0000120704700207047016042608360009B32
:10EEB000C360704703680B44013B8360704743683D
:10EEC0000B44013BC3607047836802689A1AC368A9
:10EED0004068181A013002FB0000704703685B1A93
:10EEE000036083680B44836043689B1A4360C36874
:10EEF0001344C360704703680B44036083680B448A
:10EF00008360436813444360C3681344C36070471D
:10EF100070B414680B689C42B8BF1C460460556806
:10EF20004B689D42B8BF1D46456093688E68B342EA
:10EF3000A8BF33468360D268C9688A42A8BF0A4620
:10EF4000C2609C4203DC954204DC012000E000200A
:10EF500070BC70470020FBE710B413680C68A34234
:10EF6000A8BF2346036053684C68A342A8BF23464A
:10EF7000436093688C68A342B8BF23468360D3681C
:10EF8000CA689342B8BF1346C3605DF8044B70472C
:10EF900002688B689A420DDC82680B689A420BDB30
:10EFA0004268CB689A4209DCC2684B689A4207DA29
:10EFB00000207047002070470020704700207047F5
:10EFC000012070472DE9F04F85B004460E461F46DC
:10EFD000DDF838800F9D9DF840300093002A63D102
:10EFE000B7F5807F02D00023944612E0B8F5807F09
:10EFF00072D0002394460CE004EBC30054F8332095
:10F000002968521A44F8332042686968521A4260EB
:10F010000133B342F0D36146002960D0BCF5616F83
:10F020005FDDACF56161DFF868A18AFB01234FEA7F
:10F03000E17BCBEBA30B0BF1010301936FF0090311
:10F0400003FB0B190FFA8BF001F08EFD0290BDF956
:10F05000040001F089FD03900BF15A0000B201F0A9
:10F0600083FD8346019B03F15A0000B201F07CFD51
:10F07000C9F10A03039A02FB09F1029A02FB031188
:10F080008AFB01C2C917C1EBA201491100FB09F9B2
:10F090000BFB03998AFB093A4FEAE970C0EBAA001F
:10F0A00040110022B4464CE000239446B1E704EB43
:10F0B000C30054F8332007FB02F12A6802EB212237
:10F0C00044F83320426808FB02F16A6802EB21220F
:10F0D00042600133B342EAD305B0BDE8F08F0023AC
:10F0E000F8E700299FDA0CF561619CE7B8F5807FAD
:10F0F00034D109FB00FA0EFB11AA2E6806EBAA26F2
:10F1000044F832600EFB00FE09FB01EE6E6806EB70
:10F11000AE265E6014E009FB00FB0EFB11BB07FB93
:10F120000BFB2E6806EBAB4644F80A600EFB00FEB4
:10F1300009FB01EE08FB0EFE6E6806EBAE465E6054
:10F1400001326245C8D24FEAC20A04EBC20354F846
:10F150003290D3F804E0B7F5807FC7D0009E002E30
:10F16000D9D009FB07F90EFB08FE09FB00FB0EFBDB
:10F1700011BB2E6806EBAB4644F80A600EFB00FE9E
:10F1800009FB01EE6E6806EBAE465E60D8E700BF95
:10F190006766666610B584B09DF81C400294069CB4
:10F1A0000194009313460A460121FFF70BFF04B0B8
:10F1B00010BD83680068181A01307047C368406842
:10F1C000181A013070472DE9F04184B00B680668C9
:10F1D000B3427FDB04460D461746826893427DDCCE
:10F1E0004B68426893427BDBC26893427ADC002F13
:10F1F0007ADDFFF7DEFF00EBD0704FEA60082046B3
:10F20000FFF7DCFF00EBD07040108045A8BF8046C0
:10F21000474500DCB8460096464402966368019371
:10F2200043440393002229466846FFF7CCFF50B1C0
:10F23000029B43440293039B43440393294668463D
:10F24000FFF716FE47E0E368A3EB08020192039381
:10F25000002229466846FFF7B6FF58B1029B434497
:10F260000293019BA3EB0803019329466846FFF72D
:10F27000FFFD30E0A368A3EB080200920293002296
:10F2800029466846FFF79FFF60B1009BA3EB080388
:10F290000093019BA3EB0803019329466846FFF7FF
:10F2A000E7FD18E063680193434403930022294675
:10F2B0006846FFF788FF08B901200CE0009BA3EB2C
:10F2C00008030093039B4344039329466846FFF7D2
:10F2D000CFFD00E0002004B0BDE8F0810020FAE797
:10F2E0000020F8E70020F6E70120F4E72DE9F041DF
:10F2F00004460E461F46023A132A00F24A81DFE80E
:10F3000012F04700560060006A0080009100A000E3
:10F310001400B600BD00CF00DC00E100F200FE00EA
:10F320000501180126012B013C01FFF742FF00EB0C
:10F33000D0704FEA60083046FFF73BFF00EBD0701B
:10F34000A8EB60082046FFF739FF00EBD0704510AE
:10F350003046FFF733FF00EBD070A5EB6000236869
:10F3600003EB0805646804443046FFF722FF80463B
:10F370003046FFF723FFEB193360069A2244726090
:10F380004344013BB3600244013AF260BDE8F081BE
:10F39000FFF70FFF00EBD0704FEA60083046FFF731
:10F3A00008FF00EBD070A8EB60080020D7E7FFF75C
:10F3B00000FF80463046FFF7FCFEA8EB0008002067
:10F3C000CDE7FFF7FBFE05463046FFF7F7FE281AAC
:10F3D0004FF00008C3E7FFF7ECFE00EBD0704FEAF8
:10F3E00060083046FFF7E5FE00EBD070A8EB600840
:10F3F0002046FFF7E3FE05463046FFF7DFFE281AFA
:10F40000ADE7FFF7D6FE80463046FFF7D2FEA8EB09
:10F4100000082046FFF7D2FE05463046FFF7CEFE35
:10F42000281A9CE7FFF7CAFE00EBD0704510304663
:10F43000FFF7C4FE00EBD070A5EB60004FF00008B2
:10F440008DE7FFF7B6FE80463046FFF7B2FEA8EB29
:10F4500000082046FFF7B2FE00EBD07045103046A2
:10F46000FFF7ACFE00EBD070A5EB600077E7084635
:10F47000FFF7A4FE40424FF0000870E7FFF799FE47
:10F4800000EBD0704FEA60083046FFF792FE00EBC9
:10F49000D070A8EB60083046FFF790FE40425EE770
:10F4A000FFF787FE80463046FFF783FEA8EB000893
:10F4B0003046FFF783FE404251E7FFF77FFE4FF0F3
:10F4C00000084CE7FFF775FE00EBD0704FEA6008CC
:10F4D0003046FFF76EFE00EBD070A8EB60082046C8
:10F4E000FFF76CFE3BE7FFF764FE80463046FFF710
:10F4F00060FEA8EB00082046FFF760FE2FE70846F5
:10F50000FFF757FEC0F10008002028E70846FFF784
:10F5100050FEC0F100082046FFF750FE00EBD0700F
:10F5200045103046FFF74AFE00EBD070A5EB6000B7
:10F5300015E70846FFF73DFEC0F100082046FFF73B
:10F540003DFE05463046FFF739FE281A07E7FFF76C
:10F5500030FE8046002002E7FFF72BFE8046204663
:10F56000FFF72CFE00EBD07045103046FFF726FE6B
:10F5700000EBD070A5EB6000F1E6FFF71AFE8046C5
:10F580002046FFF71BFE05463046FFF717FE281AF8
:10F59000E5E600208046E2E60A6802604A684260CA
:10F5A00070470A6802604A684260704701604260C2
:10F5B0007047F0B583B00C460168236899423ADB86
:10F5C00006461546426863689A4237DB8068A3683E
:10F5D000984235DCF068E368984233DC0DB90120CD
:10F5E0002AE06846FFF7E2FF2A4669462046FFF711
:10F5F000EAFD08B37268B1686846FFF7D7FF2A468C
:10F6000069462046FFF7DFFDB0B1F2683168684611
:10F61000FFF7CCFF2A4669462046FFF7D4FD58B1D4
:10F62000F268B1686846FFF7C1FF2A46694620467E
:10F63000FFF7C9FD00E0002003B0F0BD0020FBE7AC
:10F640000020F9E70020F7E72DE9F04784B00646EF
:10F650000C46154611462046FFF79AFC002800F09C
:10F660008480002229462046FFF7A3FF00287FD18F
:10F670002046FFF79EFD471E2046FFF79FFD00F145
:10F68000FF3C6B686268991A00296CDD2168009163
:10F690000192A2680292013B039304AB13E90F00AD
:10F6A00086E80F000120EA686368D31AACEB030315
:10F6B000002B15DDE1688A4212DA21680091511CA5
:10F6C0000191A16802911A44039200F1010E06EB28
:10F6D000001C04AB13E90F008CE80F004FFA8EF00A
:10F6E00062686B689A42B8BF1A469646E268EB6851
:10F6F0009A42A8BF1A469446A2EB0E082B682268CD
:10F70000991A002914DDB8F1000F11DB0092CDF831
:10F7100004E0013B0293CDF80CC000F1010A06EBB6
:10F72000001904AB13E90F0089E80F004FFA8AF0C3
:10F73000AA682368D31AFB1A002B1ADDB8F1000F50
:10F7400017DB511C0091CDF804E01A440292CDF869
:10F750000CC0441C06EB001604AB13E90F0086E84E
:10F760000F0060B205E000209DE74FF0FF3000E0A1
:10F77000002004B0BDE8F0872DE9F04182B00C46CE
:10F7800081682368994243DB07461646C26863686E
:10F790009A4242DB0168A368994240DC4268E36810
:10F7A0009A423EDC0EB9002533E06846FFF7FEFEC4
:10F7B000324669462046FFF706FD054608B100259A
:10F7C00027E07A68B9686846FFF7F0FE3246694676
:10F7D0002046FFF7F8FC8046D8B9FA6839686846D1
:10F7E000FFF7E4FE324669462046FFF7ECFC05468B
:10F7F00008B145460DE0FA68B9686846FFF7D6FEDD
:10F80000324669462046FFF7DEFC10B9012500E0CC
:10F810000125284602B0BDE8F0810125F9E7012560
:10F82000F7E70125F5E782B002460B46D0E9000173
:10F83000CDE9000193E8030082E80300DDE900015F
:10F8400083E8030002B07047002807DB6FF07043C5
:10F850009842A8BF184640F000507047044A6FF025
:10F8600070439042ACBF1B1A9B1A43F00050704784
:10F87000010000F000F0C043B3F1005F00D070471A
:10F8800020F0C0436FF060429342F8DAB3F1805F3A
:10F8900005DBC3F17F6303F57F2303F6FF7301FBF1
:10F8A00003F3034880FB0320DB17C3EB6010E6E79C
:10F8B0001F85EB5110B50446002343608160C26090
:10F8C00002FB01F002F03CFF20600123237400B131
:10F8D00010BDFEE710B50446006818B1237C2BB9B3
:10F8E0000023236000236360A36010BD02F044FF87
:10F8F000F6E770B5067C0EB9304670BD04460D467D
:10F90000C16805FB01F1006802F040FF30B12060E2
:10F91000A5606368AB42EFD96560EDE7FEE708B527
:10F9200041688368B1EB530F00D908BDFFF7E1FFD1
:10F93000FBE738B503689BB104460D464368816810
:10F940008B420ED020686368E26802FB03007DB141
:10F9500029460DF0EBFD636801336360012038BD7B
:10F96000FEE70431FFF7C5FF0028EBD10020F6E7E2
:10F9700000210DF06FFEEEE743688B4206D9036865
:10F980001BB1C06801FB00307047FEE700207047E4
:10F99000F8B170B50C46064645688D421BD96B1E02
:10F9A0008B4211D0FFF7E8FFF1682A1B013A01FBF7
:10F9B00002F201440DF075FE7368013B736030463E
:10F9C000FFF7ADFF012070BD4360FFF7A8FF0120E6
:10F9D000F9E7002070470020F5E710B582B0034634
:10F9E000C46894E8030002AA02E90300184602F082
:10F9F00069FD204602F0C0FE0198009B984702B0C6
:10FA000010BD00002DE9F84306460F46002002F025
:10FA100065FE04464FF0000800E02C46D4B12046B5
:10FA200002F05CFE0546A2680C4B9A42F5D1D4F870
:10FA30000C90D9F80030B342EFD1D9F80430BB4272
:10FA4000EBD1204602F03EFD484602F095FE4FF015
:10FA50000108E2E74046BDE8F88300BFDBF9000893
:10FA600006382F2829D8DFE800F01E182A1A1E1899
:10FA70002A1A1E2426262224222222221E28262258
:10FA800028282828282828282828222828282828FC
:10FA9000282828281A1C1C1C20200120704704201C
:10FAA000704706207047082070470C2070471020D0
:10FAB00070471820704720207047002070470220B0
:10FAC000704700001A2805D8034B23FA00F000F015
:10FAD0000100704700207047807FF90584B00190D5
:10FAE0009DF806308DF80A309DF805308DF8093004
:10FAF0009DF804308DF808308DF80B10029B0393AD
:10FB000000209DF80C3063F307009DF80D3063F37F
:10FB10000F209DF80E3063F317409DF80F3063F30C
:10FB20001F6004B0704782B001909DF8060000028B
:10FB300000F4784000B29DF80530DB0003F4FC636C
:10FB4000184380B29DF8043000EBD30080B202B0BD
:10FB5000704782B001909DF806309DF805000002C4
:10FB600000EB03409DF80430184400F17F4002B0E0
:10FB7000704708B5FFF774FF0730C0F3C70008BD32
:10FB800082B001909DF804309DF8052003EB02231C
:10FB90009DF8060003EB004002B0704710B582B03C
:10FBA00001900091FFF7ECFF04460098FFF7E8FF93
:10FBB000844214BF0020012002B010BD82B0019029
:10FBC0000091884214BF0020012002B0704782B02B
:10FBD000030C8DF80230030A8DF801308DF8000017
:10FBE000009BADF804301B0C8DF8063000209DF80A
:10FBF000043063F307009DF8053063F30F209DF890
:10FC0000063063F3174002B0704782B08DF80200EF
:10FC10008DF801108DF80020009BADF804301B0C0E
:10FC20008DF8063000209DF8043063F307009DF83E
:10FC3000053063F30F209DF8063063F3174002B0E0
:10FC4000704782B08DF802008DF801108DF8002009
:10FC50008DF80330009B019300209DF8043063F37E
:10FC600007009DF8053063F30F209DF8063063F31D
:10FC700017409DF8073063F31F6002B07047000023
:10FC8000FF2A16D0A2B1884213D0043201EB014101
:10FC9000084B194000EB00401840401AD20800FB06
:10FCA00002F201EB521119408BB243EA1140704746
:10FCB000084670471FF8E00700B583B0FF221146E1
:10FCC0001046FFF7A2FF8DF80400C0F307238DF85C
:10FCD0000530C0F307408DF8060000209DF8043081
:10FCE00063F307009DF8053063F30F209DF806309D
:10FCF00063F3174003B000BD00B583B00022114686
:10FD00001046FFF782FF8DF80400C0F307238DF83B
:10FD10000530C0F307408DF8060000209DF8043040
:10FD200063F307009DF8053063F30F209DF806305C
:10FD300063F3174003B000BD08B5C378FF2B0FD0A5
:10FD40007BB1827803FB02F2120A8270427803FBD5
:10FD500002F2120A4270027802FB03F31B0A0370DC
:10FD600008BD042200210DF075FCF9E7FF2921D020
:10FD700008B5D9B14378DA0801FB02F2120A62F33E
:10FD8000C70343700388C3F3451201FB02F2C2F3B9
:10FD9000052262F34A130380037803F01F0202FB7B
:10FDA00001F1090A61F30403037008BD02220DF09A
:10FDB00051FCFAE7704782B001909DF8063003EBE2
:10FDC000830203EB4203C3EBC3039DF8052002EB60
:10FDD0008201C1EB011102EB410292B212FA83F0EF
:10FDE0009DF80430C3EBC3039A0092B212FA80F07C
:10FDF000C0F3072002B07047C0F3C42303EB8303B2
:10FE0000C3EBC313C0F3451202EBC20101EB0111B6
:10FE100002EB810292B212FA83F300F01F00C0EBF2
:10FE2000C00000EB401080B210FA83F0C0F307204E
:10FE30007047837803EB830203EB4203C3EBC303F6
:10FE4000427802EB8201C1EB011102EB410292B256
:10FE500012FA83F30278C2EBC202920092B212FA53
:10FE600083F0C0F30720704782B001909DF8063000
:10FE700003EB830203EB4203C3EBC3039DF80520AE
:10FE800002EB8201C1EB011102EB410292B212FAC4
:10FE900083F09DF80430C3EBC3039A0092B212FAC8
:10FEA00080F0C0F3072002B0704784B00190009149
:10FEB0009DF806009DF80210C2F1FF0303FB01F15B
:10FEC00002FB001101EB012001EBC011C90D8DF8FF
:10FED0000A109DF805009DF8011003FB01F100FBDD
:10FEE000021101EB012001EBC011C90D8DF80910C1
:10FEF0009DF804109DF8000000FB03F301FB0232A3
:10FF000002EB022302EBC312D20D8DF80820029BF4
:10FF1000ADF80C301B0C8DF80E3000209DF80C3025
:10FF200063F307009DF80D3063F30F209DF80E304A
:10FF300063F3174004B0704784B0019000919DF8BE
:10FF40000710FC2945D802294AD99DF806009DF8DA
:10FF50000220C1F1FF0303FB02F201FB002202EBCE
:10FF6000022002EBC012D20D8DF802209DF8050090
:10FF70009DF8012003FB02F200FB012202EB0220AC
:10FF800002EBC012D20D8DF801209DF804209DF8DF
:10FF9000000000FB03F302FB013303EB032203EB3E
:10FFA000C213DB0D8DF80030009B039300209DF8F9
:10FFB0000C3063F307009DF80D3063F30F209DF8BC
:10FFC0000E3063F317409DF80F3063F31F6004B0E9
:10FFD00070479DF803308DF80730019B0393E5E7E8
:10FFE000009B0393E2E784B0019000919DF80730F5
:10FFF000FC2B36D8022B36D9C3F1FD039DF8062021
:020000040801F1
:100000009DF8021003FB01F102EB11228DF8022092
:100010009DF805209DF8011003FB01F102EB112270
:100020008DF801209DF804209DF8001001FB03F3DA
:1000300002EB13238DF80030009B039300209DF802
:100040000C3063F307009DF80D3063F30F209DF82B
:100050000E3063F317409DF80F3063F31F6004B058
:1000600070470390EAE7009B0393E7E782B00190B3
:100070009DF8060000EB40009DF8043000EB830083
:100080009DF805301844C0F3C70002B0704710B5A2
:1000900084B0019000919DF80730FC2B21D89DF889
:1000A0000320022A1DD9022B30D9FF2A31D0C3F1F7
:1000B000FF04C2F1FF0202FB04F4C4F30724E4438B
:1000C000E4B2C3EB0323B3FBF4F38DF807300099DC
:1000D0000198FFF731FF02908DF80B40029B0393CC
:1000E00001E0019B039300209DF80C3063F30700AF
:1000F0009DF80D3063F30F209DF80E3063F3174029
:100100009DF80F3063F31F6004B010BD009B039394
:10011000E9E700990198FFF70FFF0390E3E7037DFC
:1001200043F0020303758B6843F480338B607047A0
:100130008068C0F3004070474068704708B5FFF71B
:100140001BFC08BD2DE9F8438046D0F8049000243C
:10015000274603E0284602F00FFB01344C4512D23B
:1001600021464046FFF708FC054639464046FFF762
:1001700003FC06462D682846FFF7DAFF0028E9D180
:1001800035600137E9E727B94046FFF7A3FBBDE833
:10019000F88339464046FFF7ACFBF8E7037D13F0E0
:1001A000010F0CD110B5044613F0020F00D110BDA1
:1001B000FFF7C8FF237D23F002032375F7E770479D
:1001C000024B1A6F42611867704700BF241C002061
:1001D0004269014B1A677047241C00202DE9F04743
:1001E00086B000285CD00E46914607460B7E13F081
:1001F000010F57D101AC05460FCD0FC42B6823600A
:100200003B7D03F0010A43F001033B753846FFF7DD
:1002100093FF804600240CE06B68F3602B68304647
:100220009847337E13F0020524D113F0010F24D137
:100230000134444520D2337E13F0010F18D12146FA
:100240003846FFF77BFF05682B68002BF0D0284667
:10025000FFF76EFF0028EBD1AB68C3F3C0324A450D
:10026000E6D133F40043D7D0B2689A42E0D1D3E765
:10027000012502E0012500E00125BAF1000F12D1AD
:10028000337E13F0010F03D001A8FFF75BFF0AE0F4
:100290003B7D23F001033B753846FFF77FFF02E00B
:1002A000012500E00025284606B0BDE8F08710B320
:1002B0002DE9F04188B00E4614461D46804601AF38
:1002C0001C22002138460DF0C5F9039601940294D2
:1002D00005953846FFF774FF012239464046FFF77F
:1002E0007DFF0446012807D001A8FFF771FF2046D3
:1002F00008B0BDE8F081FEE7002239464046FFF72E
:100300006DFF0446F0E7F0B583B004460F4616468D
:100310001D460C2002F014FA019070B10760019B99
:100320009E605D602046FFF707FF38B101A92046B7
:10033000FFF7FFFA019803B0F0BDFEE704220121A8
:100340002046FFF7B7FAF1E718B108B5FFF7F4FE5A
:1003500008BDFEE738B108B5FFF7F0FE034600B16F
:100360000368184608BDFEE708B100687047FEE75D
:1003700008B140687047FEE768B110B50446FFF762
:10038000E9FF014640B12046FFF7C9FE2046FFF7CE
:1003900005FF012010BDFEE70020FBE730B170B57E
:1003A0000546FFF7C9FE0646002409E0FEE72146A0
:1003B0002846FFF7C3FE01682846FFF7B0FE013468
:1003C000B442F4D32846FFF7E9FE70BD00687047D9
:1003D00040687047806820F40040704700697047AB
:1003E000C0687047037E43F0020303767047000045
:1003F000084B1B6F04E01A7E42F001021A765B691B
:1004000033B15A688242F6D01A688242F7D1F2E7D5
:10041000704700BF241C00200B78037023B14A1CD6
:100420004B783A2B02D01146416070470231FBE70E
:1004300030B583B00446012A08D01346022A0BD0F7
:10044000E2B982689160184603B030BD8268936853
:100450000B4493600020F7E74068056A0A4621686C
:10046000A8470028F0D16068436A01AA216898472C
:100470000028E9D1A368019A9A60E5E70020E3E744
:100480002DE9F04F87B00446039115461E46836858
:10049000D3F808A019685A68D3F80C904068D0F8CF
:1004A00004808A4560D392455ED8A2EB0A0303F12B
:1004B000010A511AA1EB0A010131B8F1FF3F0AD03C
:1004C00055450CD82A46494403980DF02FF835605D
:1004D0004FF000085CE0AA45F2D21D46F0E7524614
:1004E0004944039F38460DF021F86068D0F820B0E9
:1004F000A3685A68002301322168D8470023059376
:10050000A5EB0A0BC34511D96068D0F8188005AB7C
:1005100000935B463A4652442168C0478046059B9B
:100520005344AB4228BF2B4633602EE0606883699A
:100530001F4605AB009343464A462168B8478046AC
:10054000A268536801331360A1680B68059A1344CD
:10055000013B4B605A4528BF5A4692B24946039820
:1005600050440CF0E3FFDAE7D0F820B00023524605
:100570002168D847A84514D26068D0F81880009642
:100580002B46039A2168C0478046B8F1000F04D17A
:10059000A268936831680B449360404607B0BDE899
:1005A000F08FB9F1000F1DD0002305936068D0F8DB
:1005B00018B005AB009343464A462168D8478046A9
:1005C000A368C3F800A0A1680B68059A1344013B17
:1005D0004B60AA4228BF2A463260494603980CF075
:1005E000A5FFD2E7D4F80890404602F0A9F8C9F870
:1005F0000C00A368D3F80C90B9F1000FD4D1FEE73A
:1006000008B50421014800F06BF908BD101E002058
:1006100090B110B5864681B182B1002313600B60A2
:100620000378413BDBB2192B32D843783A2B31D1D6
:100630004FF0000C022309E0FEE7FEE7FEE70CEBBB
:100640008C0C00EB4C00A0F1300C01331EF80300C1
:100650002D2802D008B13F2BF1D9D0B1402B1BD0AF
:1006600001330AE0106800EB8000400010601EF8C3
:10067000034020443038106001331EF803002E2858
:1006800002D008B13F2BEDD9C1F800C0012000E035
:10069000002010BD0020FCE70020FAE738B5044632
:1006A0004068C8B14369CBB1216898470546636883
:1006B0005B685BB1A2684AB1B3F1FF3F03D0D06879
:1006C00008B102F059F8A06802F056F80023236040
:1006D0006360A360284638BD0B25FBE70925F9E7D1
:1006E00030B585B084461D460BB100232B60DCF885
:1006F0000400F0B144682CB18369E3B1036A1BB90B
:1007000009200FE08369C3B10023039364B98469AE
:1007100003AB009313460A46DCF80010A0470DB166
:10072000039B2B6005B030BD03AB6046FFF7A8FE0E
:10073000F5E70B20F6E70920F4E70920F2E738B5E2
:100740004468A4B163682BB1256A95B1656A1DB987
:10075000092008E0256A75B133B9256A13460A46AF
:1007600001682046A84738BDFFF762FEFBE70B2073
:10077000F9E70920F7E70920F5E7000010B504467E
:10078000084800F0F3F8014603E0064800F0F6F8E8
:10079000014621B10B681A78A242F6D119460846E3
:1007A00010BD00BF101E002000294CD0F0B583B052
:1007B000054616460F466846FFF72EFE9DF80000D8
:1007C000FFF7DCFF044600283FD0836813B1984749
:1007D00000283CD02369002B3BD06C606368B3F1E8
:1007E000FF3F0ED023693246019920469847431EA9
:1007F00013F1030F2FD82860636823B9002003B0DA
:10080000F0BD2D60F8E7102001F0A4FFA86060B1F2
:100810006368B3F1FF3F09D04FF0FF330360AB686B
:100820006FF001025A600020E9E7FEE7021D00F1C7
:100830000C013846FFF7ECFE78B1AB680020186079
:10084000AB689860DBE70B2070470320D7E70120F7
:10085000D5E70920D3E70D20D1E70D20CFE7000031
:1008600010B504460CF044FF58B1235C2E2B05D084
:100870002F2B08D05C2B08D00138F5E7431CE0187B
:1008800000E0034810BD0248FCE70148FAE700BF5A
:100890005CD003082DE9F04180460F4615461E4600
:1008A0001C2001F057FF48B10446C0F800804760A3
:1008B000C56086611DB92046BDE8F081FEE7284687
:1008C00001F048FFA0600028F5D1FEE70B4609B112
:1008D00001685A50704711B103680433CA50704719
:1008E000002343608360033121F0030101607047FE
:1008F00038B504460068083001F022FF054690B183
:10090000002201462046FFF7E1FF626829462046A3
:10091000FFF7E1FF616819B12A462046FFF7D6FFCD
:100920006560A3680BB1284638BDA560FBE738B504
:1009300004460068083001F003FF054690B100222C
:1009400001462046FFF7C7FFA26829462046FFF769
:10095000BDFFA16819B12A462046FFF7BCFFA5607C
:1009600063680BB1284638BD6560FBE708B1406895
:100970007047704708B18068704770470368043358
:10098000C85870470368C8587047F8B5074658B349
:100990000C4659B3FFF7EAFF844220D0386808308C
:1009A00001F0CEFE0546C0B121463846FFF7EAFF0A
:1009B00006462A4601463846FFF78DFF324629464D
:1009C0003846FFF783FF2A4621463846FFF77EFF69
:1009D000224629463846FFF77EFF2846F8BD3846AE
:1009E000FFF786FF0546F8E70546F6E70D46F4E70C
:1009F00000283ED070B50C460546FFF7B7FF84428D
:100A000019D02846FFF7B6FF844223D02146284656
:100A1000FFF7B8FF064621462846FFF7AFFF04461A
:100A2000024631462846FFF756FF32462146284601
:100A3000FFF74CFF70BD21462846FFF79FFF014698
:100A4000686020B100222846FFF740FFF2E700234C
:100A5000AB60EFE721462846FFF794FF0146A86008
:100A600020B100222846FFF736FFE3E700236B6042
:100A7000E0E77047F8B507460E46FFF777FF0446F4
:100A800007E021463846FFF7B3FF204601F074FE29
:100A90002C464CB121463846FFF770FF0546002E24
:100AA000EFD02046B047F3E7F8BD38B50546FFF76D
:100AB0005DFF0146002404E001342846FFF75EFF95
:100AC00001460029F8D1204638BD91422DD0F8B515
:100AD00006460C46154602B31146FFF753FF07467C
:100AE000A74219D021463046FFF782FF22463946F9
:100AF0003046FFF7F0FE3A4621463046FFF7E6FE65
:100B0000224629463046FFF7E1FE2A462146304676
:100B1000FFF7E1FE2DB137B1F8BDFFF72BFF074618
:100B2000DEE7B460F7E77460F6E7704738B1426813
:100B30000AB10020704783681BB100207047012074
:100B400070470120704708B50021FFF793FF08BDEB
:100B500000FB01F102EBA12200FB02F203EBA22356
:100B600003FB00F08012704702E000F5B47000B2A1
:100B70000028FADB02E0A0F5B47000B2B0F5B47F53
:100B8000F9DA59280ADC184B33F8100047F6FF73DE
:100B9000984225D0154B984220D0704780B2A0F1E2
:100BA0005A039BB2592B06D8C0F1B40000B20E4BC9
:100BB00033F81000EAE7A0F1B4039BB2592B05D833
:100BC0001BB2094A32F813004042E3E7C0F5B470A3
:100BD00003B2054A32F813004042DBE7044870478D
:100BE0004FF40040D9E700BFFC6B04080180FFFF11
:100BF0000080FFFF2DE9F04F83B0064600286FD03C
:100C0000B0F5806F6CD001EB41085D1A05EB45052E
:100C1000A5EB0809C5F5806502EB420B0C998A1A11
:100C200002EB4202A2EB0B030093C2F58063019337
:100C30000446002701E0241A0137072F26DC43462B
:100C40004A4629462046FFF783FFA0EB060C0CF12D
:100C50000103022B3ED905FB04F303EB43034FEAE8
:100C6000490202EBA32204FB02F208EBA222531C6E
:100C7000022B0BD94FEAEC718902D3174FEA8C2073
:100C800041EA9C51EFF71CFB0028D4D1002E20DB59
:100C9000B6F5806F27DC34464FF4806A002708E001
:100CA000A246AAEB070404EBD47407EB6404A74242
:100CB00010D057450EDA43464A4629462046FFF7EC
:100CC00047FF831B0133022B04D98642E8DD274608
:100CD000E7E700245B46009A01992046FFF738FFBA
:100CE00003B0BDE8F08F4FF48064F3E70246B0F53F
:100CF000803F4ED3B0F1807F2ED3B0F1805F1ED302
:100D0000B0F1804F07D310F5003F68D8030E354986
:100D1000CB5C1B0203E0830D3249CB5CDB01B2FBF1
:100D2000F3F10B4401335B08B2FBF3F10B440133E5
:100D3000580800FB00F3934253DD01387047B0F1CF
:100D4000806F04D3030D2749CB5C9B01E7E7830C3D
:100D50002449CB5C5B01E2E7B0F5801F0CD3B0F512
:100D6000800F04D3030C1F49CB5C1B01DCE7830B12
:100D70001C49CB5CDB00D7E7B0F5802F04D3030B15
:100D80001849CB5C9B00CFE7830A1649CB5C5B001C
:100D9000CAE7FF281FD9B0F5805F0DD3B0F5804FAB
:100DA00004D3030A0F49C85C0130C2E783090D4927
:100DB000C85C40080130BCE7B0F5806F05D303097B
:100DC0000849C85C80080130B3E783080549CB5C5B
:100DD000DB08581CADE7034B185C000970474FF661
:100DE000FF707047FC6A0408002815DB0023002907
:100DF00015DB884217D901EB4101C1EB0111B1FBB1
:100E0000F0F11033DBB2CAB2162A1DD92C2A11D840
:100E1000292A23D802200EE040420123E7E70233CB
:100E2000DBB24942E5E700EB4000C0EB0010B0FB4D
:100E3000F1F1E8E70020252A13D80130C0B2202ABA
:100E40000FD80130C0B20CE0012A09D9052A17D900
:100E5000092A17D90E2A17D8032002E0012000E042
:100E60000020084413F0100F01D0C0F15A0013F015
:100E7000020F0ED013F0010F08D0B43080B27047CB
:100E80000120EEE70220ECE70420EAE7C0F1B4001D
:100E9000F4E713F0010FF1D0C0F5B470EEE70346AC
:100EA0008C46002A04DB012000218AB300B51FE034
:100EB00050EA0C0127D0411E51EA0C0125D0BCF1AB
:100EC000FF3F08BFB0F1FF3F02D00020014670474E
:100ED00012F0010F01D061467047012000217047D8
:100EE000521003FB0CFEA3FB033C0CEB4E0C72B147
:100EF00012F0010FF4D000FB0CFE03FB01EEA0FB8F
:100F000003017144ECE7614670476146704700BDDC
:100F100070478A421CD010B401DB82421ADD8A423B
:100F200001DB814218DA8A4201DC824216DA8A4207
:100F300001DC814214DD521A019CA4EB030C411A1E
:100F40000CFB01F191FBF2F2D0185DF8044B7047F5
:100F5000184670470198F8E71846F6E70198F4E755
:100F60001846F2E7014BD866704700BF241C0020EA
:100F700008B55A3000B2FFF7F7FD08BD00B583B0E1
:100F8000122818D8124B00EB400019181A5A8B7807
:100F9000ADF804208DF8063000209DF8043063F38E
:100FA00007009DF8053063F30F209DF8063063F3CA
:100FB000174003B000BDFEF79FFE8DF80400C0F39C
:100FC00007238DF80530C0F307408DF80600E3E7EE
:100FD000B86E040800B583B012281FD80139C9B211
:100FE000042928D81A4B01EB4101C0EB0010014441
:100FF00058185A5A8378ADF804208DF8063000202E
:101000009DF8043063F307009DF8053063F30F206B
:101010009DF8063063F3174003B000BDFEF76CFE89
:101020008DF80400C0F307238DF80530C0F30740A6
:101030008DF80600E3E7FEF75FFE8DF80400C0F3CD
:1010400007238DF80530C0F307408DF80600D6E77A
:10105000986D040800B583B0122820D80139C9B2B0
:10106000032929D81B4B01EB410100EB400001EBA8
:10107000800158185A5A8378ADF804208DF806304C
:1010800000209DF8043063F307009DF8053063F3FA
:101090000F209DF8063063F3174003B000BDFEF744
:1010A0002BFE8DF80400C0F307238DF80530C0F344
:1010B00007408DF80600E3E7FEF71EFE8DF80400FA
:1010C000C0F307238DF80530C0F307408DF8060004
:1010D000D6E700BFB46C040870B505460E46046838
:1010E000204602E0636820461C463CB16B682169DB
:1010F000306998470028F5DBA368F4E770BD4B68BA
:101100009A684A6002B111600A681A6032B1906848
:10111000884205D0536099600B6070470360FAE71E
:101120009360F8E78B685A688A6002B111600A68B8
:101130001A6032B15068884205D0936059600B60E4
:1011400070470360FAE75360F8E7F8B507460E46C4
:1011500029E0AB680BB11A7B5AB1A368B3420FD038
:101160000123237300232B7329463846FFF7C7FF5B
:1011700019E001221A73227300232B732E4612E00A
:1011800021463846FFF7CEFF334626461C46E7E7A2
:101190006368B3421BD00123237300232B732946BA
:1011A0003846FFF7BFFF3468CCB1237BBBB9256855
:1011B0006B68A342CDD0002BEAD01A7B002AE7D17E
:1011C00001221A73227300232B732E46EBE721466C
:1011D0003846FFF794FF334626461C46DBE73B685C
:1011E00001221A73F8BD38B514460546002844D1CB
:1011F000FEE7A1680B7B6BB14B6813B11A7B012A28
:1012000012D18A6812B1127B012A0DD100230B730F
:10121000236830E001230B73002323732146284603
:10122000FFF780FFA168E7E78A6872B1127B012AA5
:101230000BD0237B0B73012323738A68137321461E
:101240002846FFF76FFF29683DE001221A7300234B
:101250000B732846FFF753FFA168EAE75A6812B1FB
:10126000117B012920D1996811B1097B01291BD17A
:1012700000221A73236821461C4611B10B7B012BF7
:1012800021D12B688B421ED063688B42B1D01A7B70
:10129000002AE3D101221A73002323732146284632
:1012A000FFF72DFF6368D9E78AB1127B012A0ED0C0
:1012B000227B1A73012222735B681A732146284627
:1012C000FFF71DFF296809B101230B7338BD9A6828
:1012D0000121117300221A7319462846FFF722FFD5
:1012E0006368E5E738B50446142001F033FA58B1D5
:1012F0000546A06801F02EFA286130B100232B7357
:101300006B60AB60284638BDFEE7FEE730B170B5D4
:101310000C461546064611B112B9FEE7FEE7FEE798
:101320000C2200210CF096F9002333607460B56044
:10133000012070BD20B170B50D460646046801E07D
:10134000FEE7646844B1736821692846984718B17C
:101350000028F6DBA468F5E7204670BD50B12DE902
:10136000F0410E460446FFF7E5FF054618B1284652
:10137000BDE8F081FEE72046FFF7B4FF05460028F0
:10138000F5D02368C3B1D0F810800661014620462D
:10139000FFF7A2FE0746286000232B7363680169EC
:1013A0003046984700280CDBBD6029462046FFF7F1
:1013B000CCFEC5F81080DAE72060036001230373D8
:1013C000D5E77D60F1E738B170B505460468D4B162
:1013D000636813B11C46FAE7FEE7A3680BB11C462D
:1013E000F5E7266826B17368A34209D00023B360ED
:1013F000206901F0C1F9204601F0BEF93446E6E764
:1014000000237360F4E700232B6070BD0346184689
:101410005B68002BFBD1704738B505460C464B681E
:101420000BB18868A0B9A16800293FD02268237B4E
:1014300001B10A60002A3DD05068A04238D09160C6
:10144000012B39D02569204601F096F9284638BD90
:10145000FFF7DCFF0346226802B35168A1421BD0AC
:10146000906099681A6893F80CC0944218D001B142
:101470000A605160A0689860036020681860207B53
:101480001873606858600360BCF1010F0AD02569C9
:10149000204601F071F9D9E75060E2E72860E0E703
:1014A0001A46EAE72846FFF79EFEF0E71946BDE731
:1014B0005160C5E72960C3E72846FFF794FEC1E7FE
:1014C00028B108B5FFF7A8FF10B9002008BDFEE756
:1014D00001F052F90120F9E710B590F808C0BCF10D
:1014E000FF0F0CD004684FEA8C0E00239C451BD9DB
:1014F00004EB0E00C05C884211D00133F6E70468AB
:10150000002304EBC30C14F8330070B1884201D0FF
:101510000133F6E7DCF804301360012005E054F8ED
:1015200023301360012000E0002010BD08B50C221C
:1015300000210CF08FF808BD10B50446037AFF2B8C
:1015400005D10C22002120460CF084F810BD006863
:1015500001F012F9F5E72DE9F0410746007AFF287E
:1015600036D00D46B0B3D7F8008008EB80060023D4
:1015700098422BD9F25CAA4201D00133F8E7013836
:1015800000EB800001F0DCF8044630B33860387AB4
:101590000138C0B23872800000231A4600E00133DF
:1015A000397A99420DD3F15CA942F8D058F823104A
:1015B00044F82210811816F803C004F801C0013263
:1015C000EDE7404601F0D8F8012004E0002002E0F9
:1015D000002000E00020BDE8F0810020FBE730B5EE
:1015E00083B00C460192017AFF293FD0054604B929
:1015F000FEE7006878B14FEA810C4B1E002B0ADB36
:1016000000EB0C02D25CA24201D0013BF6E7019A4A
:1016100040F823202AE0013101EB810101F0B6F806
:10162000844618B328602B7A00EB8302013B03E069
:10163000191DD05C5054013B002BF9DA2B7A013391
:10164000DBB22B725A1E02EB83030CF803402B7A99
:1016500003F18043013B019A4CF82320A1087B2C25
:1016600006D86B6801228A4013436B6003B030BD1B
:101670001F21F6E708B5FFF72FFF08BDF8B50446B0
:101680000F4615461E46142200210BF0E3FF27608B
:1016900035B1A560E660069B2361079B6360F8BDDA
:1016A000004DF6E769E9000882B000238DF80030AC
:1016B0008DF801308DF802300938A52800F28680B7
:1016C000DFE800F07684768484848484848484844F
:1016D00084848484848484848484848484848484CA
:1016E00084848484846A6A61846D84846A84848442
:1016F00084848484616A847084848484616A848438
:1017000084848484578484847384846A6A6A6A6A59
:101710008484846161616161848484848484848438
:1017200084848484848484848484846A6A848484AD
:101730008484848484847A84848484848461848496
:10174000848484848484848484848484848461847C
:101750007E848453538484848484848484848484B1
:10176000848484848484818484814FF4807301938D
:101770002EE000230193184B1B68ADF804301B0CBE
:101780008DF8063024E000230193009BADF804306F
:101790001B0C8DF806301BE0FF23019318E0FF239C
:1017A000019315E00F23019312E00C4B01930FE01E
:1017B0006FF0604301930BE04FF48073019307E0F7
:1017C0000223019304E00123019301E0002301932C
:1017D000019802B0704700BFF46E040888F7030850
:1017E000007AB0FA80F0400970470000FF2812D05C
:1017F00058B1B0280AD94F30C0B2094B5B6B63B106
:10180000074AD26A904204D300207047054B185C07
:101810007047185C70473F2070470020704700BF3A
:10182000241C0020F86E040800B583B00A4601911C
:101830000121FFF7D4FE03B000BD00B583B00A4616
:1018400001910221FFF7CBFE03B000BD00B583B0CC
:101850000A4601910B21FFF7C2FE03B000BD00B59F
:1018600083B00A4601910321FFF7B9FE03B000BD22
:1018700000B583B00A4601910421FFF7B0FE03B022
:1018800000BD00B583B00A4601910521FFF7A7FE10
:1018900003B000BD00B583B00A4601911821FFF7DF
:1018A0009EFE03B000BD00B583B00A460191192128
:1018B000FFF795FE03B000BD00B583B00A46019165
:1018C0001A21FFF78CFE03B000BD00B583B00A46B5
:1018D00001911B21FFF783FE03B000BD00B583B06B
:1018E0000A4601911D21FFF77AFE03B000BD00B545
:1018F00083B00A4601911E21FFF771FE03B000BDBF
:1019000000B585B0019100230393ADF80C100B0CCA
:101910008DF80E30039A4921FFF761FE05B000BD36
:1019200000B583B00A4601914821FFF758FE03B085
:1019300000BD00B585B0019100230393ADF80C10F4
:101940000B0C8DF80E30039A2C21FFF748FE05B0E2
:1019500000BD00B583B00A4601913021FFF73FFE7C
:1019600003B000BD00B585B0019100230393ADF82D
:101970000C100B0C8DF80E30039A3921FFF72FFE57
:1019800005B000BD00B583B00A4601913A21FFF7CA
:1019900026FE03B000BD00B583B00A460191382190
:1019A000FFF71DFE03B000BD00B583B00A460191EC
:1019B0003C21FFF714FE03B000BD00B583B00A461A
:1019C00001913B21FFF70BFE03B000BD00B583B0D2
:1019D0000A4601914021FFF702FE03B000BD00B5A9
:1019E00085B0019100230393ADF80C100B0C8DF81A
:1019F0000E30039A4121FFF7F2FD05B000BD00B59E
:101A000083B00A4601914221FFF7E9FD03B000BD12
:101A100000B583B00A4601914321FFF7E0FD03B012
:101A200000BD00B583B00A4601914A21FFF7D7FDFA
:101A300003B000BD00B583B00A4601916221FFF7F3
:101A4000CEFD03B000BD00B583B00A46019163210D
:101A5000FFF7C5FD03B000BD00B585B001910023BF
:101A60000393ADF80C100B0C8DF80E30039A58212F
:101A7000FFF7B5FD05B000BD00B583B00A46019182
:101A80005121FFF7ACFD03B000BD00B583B00A469D
:101A900001914B21FFF7A3FD03B000BD00B585B058
:101AA000019100230393ADF80C100B0C8DF80E3050
:101AB000039A5A21FFF793FD05B000BD00B583B02E
:101AC0000A4601914C21FFF78AFD03B000BD00B525
:101AD00083B00A4601916F21FFF781FD03B000BD7D
:101AE00000B585B0019100230393ADF80C100B0CE9
:101AF0008DF80E30039A5B21FFF771FD05B000BD34
:101B000000B585B0019100230393ADF80C100B0CC8
:101B10008DF80E30039A5C21FFF761FD05B000BD22
:101B200000B583B00A4601914D21FFF758FD03B07F
:101B300000BD00B583B00A4601916721FFF74FFD54
:101B400003B000BD00B583B00A4601916521FFF7DF
:101B500046FD03B000BD00B583B00A46019178216F
:101B6000FFF73DFD03B000BD00B583B00A4601910B
:101B70008021FFF734FD03B000BD00B585B00191B1
:101B800000230393ADF80C100B0C8DF80E30039A64
:101B90008221FFF724FD05B000BD00B583B00A46E1
:101BA00001918321FFF71BFD03B000BD00B583B099
:101BB0000A4601917521FFF712FD03B000BD00B583
:101BC00083B00A4601917621FFF709FD03B000BDFD
:101BD00000B583B00A4601917B21FFF700FD03B0F9
:101BE00000BD30B3A0F59C42B2F5A44F23D300F161
:101BF0007F4202F1FF125D2A1FD9A0F540523F2A11
:101C00001DD9A0F53A527F2A1BD9A0F547522F2A99
:101C100019D9A0F54152BF2A17D9A0F57E42103A32
:101C20000F2A14D9A0F57E43303B1F2B11D9002079
:101C30007047002070470120704701207047012045
:101C40007047012070470120704701207047012034
:101C5000704701207047037890F90020002A0DDAC0
:101C600003F0E002C02A0BD003F0F002E02A09D012
:101C700003F0F803F02B07D00020704701207047D5
:101C80000220704703207047042070477F284ED9F8
:101C900082B0B0F5006F13D2C0F3841343F0C003D9
:101CA0008DF8043000F03F0040F080008DF8050012
:101CB00000238DF806308DF80730019802B0704788
:101CC000B0F5803F15D2C0F3033343F0E0038DF845
:101CD0000430C0F3851343F080038DF8053000F025
:101CE0003F0040F080008DF8060000238DF807309B
:101CF000E3E7B0F5881F18D2C0F3824343F0F00346
:101D00008DF80430C0F3053343F080038DF80530BF
:101D1000C0F3851343F080038DF8063000F03F00D8
:101D200040F080008DF80700C7E70020C6E7704745
:101D300000B583B0002301938C4679B100287DD093
:101D4000DCF80020835C002B7AD013F0800F08D1E0
:101D500018460132CCF8002003B000BD0DF1040C90
:101D6000ECE703F0E001C0290CD003F0F001E0291A
:101D70001AD003F0F801F02934D00132CCF8002059
:101D80000020E9E79B0103F4F863511CCCF8001034
:101D9000415C01F0C000802854D101F03F01C81817
:101DA0000232CCF80020D7E71B039BB2511CCCF8C1
:101DB0000010415C01F0C00EBEF1800F44D18901DA
:101DC00001F47C611944931CCCF80030C35C03F02F
:101DD000C00080283AD103F03F0358180332CCF8F2
:101DE0000020B9E79B0403F4E013511CCCF8001069
:101DF000415C01F0C00EBEF1800F29D1090301F44E
:101E00007C311943931CCCF80030C35C03F0C00E46
:101E1000BEF1800F1ED19B0103F47C631944D31CD7
:101E2000CCF80030C35C03F0C000802814D103F06C
:101E30003F0358180432CCF800208DE700208BE7D0
:101E4000002089E7002087E7002085E7002083E75E
:101E5000002081E700207FE700207DE7F0B583B018
:101E600007460E460B68013B0B60002404E0013D71
:101E700035600134E4B25BB9032C11D835687819A8
:101E8000FFF7E9FE03460028F3D1002DEFD108E06B
:101E90003368019301A93846FFF74AFF054600E081
:101EA0000025284603B0F0BDF8B506460F460024CD
:101EB000254601E01C440135BD4209D23019335D8D
:101EC00033B1FFF7C8FE03460028F3D10123F1E741
:101ED0002046F8BD70B582B006460D460024019438
:101EE00004E001A93046FFF723FF0134019BAB4218
:101EF000F7D3204602B070BD30B583B0054600244C
:101F0000019404E001A92846FFF712FF0134019B68
:101F1000EB5C002BF6D1204603B030BD03462329ED
:101F200004D000201A78012A0DD07047027812B927
:101F300001201870F6E7022A01D00020F2E7002203
:101F400002700120EEE7202901D00120EDE70222F6
:101F50001A700120704700002DE9F04F87B0029100
:101F6000019203939DF840B0002800F0A2808046C3
:101F70000378002B00F0A080002900F0A3801BF064
:101F8000010F02D06FF06043039300270597049779
:101F900005A94046FFF7CCFE0446059B04934FF08D
:101FA000FF3AB9463E463D461BE0059F049B05931C
:101FB00014E00023002B4FD12846FFF712FE002823
:101FC00052D12046FFF70DFE00284DD1119B13B1D1
:101FD000BAF1FF3F59D0059F049B0593DDF80090AF
:101FE0002C4618F80730002B43D004A94046FFF7D1
:101FF0009FFE054609F1010300931BF0080F05D071
:1020000021461298FFF78AFF0028CED12A462146A2
:102010000298FCF77BFA0644002801DD019B1E4470
:10202000BAF1FF3F08D1019BF31A039A934203DDF3
:102030001BF0040F2BD1BA460A2C0DD00D2C0BD05F
:102040000023234AD25C002AB3D0944202D0013349
:10205000DBB2F6E70123ADE75FB9BAF1FF3F0BD181
:10206000119B33B11E6004E0119B1E60059FDDF8DB
:102070000090BAF1FF3F0ED01BF0040F1ED1119B50
:102080001BB3002119608A4618E01E60A3E7BA4618
:10209000DDF80090EDE7B9F1000F07D00D2C01D06D
:1020A000BA460BE00A2D01D0BA4607E0DDF814A0CD
:1020B00004E04FF0000A01E04FF0000A504607B07C
:1020C000BDE8F08F4FF0000AF8E74FF0000AF5E79F
:1020D0000CD003082DE9F04788B004460D4617469A
:1020E000DDF84090984613B10023C8F80030002C6A
:1020F00000F08E802378002B00F08C80002F00F001
:102100008D8099F80C3013F0010F21D113F0020FDC
:1021100020D100238DF81F300693D9F808609A4625
:102120003AE00130A84206D2235C0A2B03D00D2BE3
:1021300001D0002BF5D1A84202D2235C03B10130BB
:10214000B8F1000F67D04FF0FF33C8F8003062E0FD
:102150000020E7E70020E5E7002305930DF11F03CA
:10216000029305AB019300923346D9F8002039461B
:10217000FFF7F2FE059BF61A9A44034638B3069A17
:102180001344069322780A2A23D00D2A23D0E25C36
:102190000A2A0FD00D2A0DD0069BAB421DD2E018A3
:1021A000E25CE2B14EB199F80C20002BD4D142F0A0
:1021B0000402D1E7013306930126069B8BB1B8F1E7
:1021C000000F01D0C8F800A0DEB1069823E0002679
:1021D000F3E70126F1E70126EFE70026EDE7002609
:1021E000EBE706A92046FFF7A3FD0146B8F1000F73
:1021F000EAD000223846FCF789F98246DFE701334E
:102200000693069BAB42E0D2E25C202AF7D0DCE7E3
:10221000002000E0002008B0BDE8F0870020FAE7C9
:1022200008B32DE9F041884617460546CAB10BF0C0
:102230005FFA044638460BF05BFA064688B1044460
:1022400041462846FFF730FE3318A34204D8A31BAB
:10225000EB5C2B55013CF7E73246394628440BF03E
:1022600065F9BDE8F0817047C0B1F8B50C46174676
:1022700005460BF03DFA064621462846FFF714FEB8
:10228000044639462818FFF70FFE03E02318EB5CDD
:102290002B550134331AA342F8D2F8BD7047F0B57C
:1022A00083B006460C4601910B46024600210846C3
:1022B0000BF02EF9451C284600F042FA40B10746C3
:1022C0002346324629460BF023F9384603B0F0BDC9
:1022D000FEE7F8B507460E4615461C461946FFF7B9
:1022E00027FD306008B92860F8BD20680021384417
:1022F000FFF71EFDF7E72DE9F04184B0002836D046
:102300000F4690461D460646002A32D0037893B306
:10231000002303938DF80B3011BB1C462CE0019A6F
:1023200000994046FCF7F2F8002802DD20442C68B2
:102330000444039BF25CAAB1BB4213D203AB01AAD3
:1023400069463046FFF7C5FF2B7B13F0080FE6D038
:1023500000990DF10B00FFF7E1FD0028DFD0E8E761
:102360000024E6E7002C07DD2B68E41A04E00024D3
:1023700002E0002400E00024204604B0BDE8F08123
:102380002DE9F04782B09046002202604260002BA7
:102390003AD004460F461D46B8F1000F35D0A9B318
:1023A0004046FCF7C8F882462B7B13F0010F02D0A1
:1023B0006FF06043AB60002607EB0609BB5D33B3EB
:1023C0000095002342464FF0FF314846FFF782FE5A
:1023D0000146064463681FFA8AF203EB020C686840
:1023E0001CEB000F25D46346C4F804C06A6813448C
:1023F00063602B4642464846FFF77DFF23689842BC
:10240000B8BF18462060D7E7FEE7FEE7FEE75EB1FB
:1024100019F8013C0A2B01D00D2B05D163686A68BD
:1024200012FA8AF21344636063682BB91FFA8AF3C5
:10243000636002B0BDE8F0876A689B1A6360F8E7E2
:1024400008B5064B0022C3F88820D3F8A0301BB192
:10245000024AD2F8A400984708BD00BF241C0020FF
:1024600010B50446406800F02BFA2368834201D976
:10247000181A10BD0020FCE7F8B506460F461546B1
:102480000E48FEF735FAB8B10446076086604FF093
:10249000FF3303610023436100F0FCF96060E560F5
:1024A000237E43F001032376054B012283F8872026
:1024B000FFF7C6FF2046F8BDFEE700BF9C1C0020CA
:1024C000241C002038B50446054D01462846FEF779
:1024D0008FFA0123AB73204600F04EF938BD00BFE0
:1024E0009C1C002010B1012242617047FEE70000F1
:1024F00038B5436913B10025284638BD0446FFF7B7
:10250000AFFFE8B92569002D01DD6B1E236100F0E6
:10251000C1F96060A36813B10DB120469847012549
:102520000A4B93F88630002BE6D12369002BE3D1C8
:10253000237E13F0010F05D02046FFF7C3FFDBE732
:102540000025EDE72046FFF7CDFFD5E7241C00204E
:1025500070B5494B93F88C30002B40F08980464B86
:10256000012283F88C2093F884302BB9424B00224F
:1025700083F88C2001257CE000F0DFF800F08AF978
:102580000646F8B93C4AD2F89C300133C2F89C3078
:10259000642B17D913460022C3F89C2012E02C4666
:1025A0007CB121463548FEF7E9F905462046FFF79C
:1025B0009FFF0028F3D0304BB3F886300BB92C4680
:1025C000EEE754B12C48002380F8863080F887303D
:1025D0007830FEF7CBF90446E2E72848FEF7C6F963
:1025E00004464FF0FF3504E021462448FEF7C6F9C3
:1025F00004464CB16369002BF6D12046FFF730FF4B
:102600008542F1D90546EFE7304600F059F91A4BFB
:10261000D3F894200244C3F89420D3F8980000F033
:102620004FF9B0F5FA7F18D3134AD2F894306421E9
:1026300001FB03F3B3FBF0F3DBB282F885308B428E
:1026400014D8CB1ADBB20C4C84F885300023C4F8C4
:10265000943000F01FF9C4F89800074BC3F8885075
:10266000002283F88C2000F069F802E00023EAE7FA
:102670000125284670BD00BF241C00209C1C0020A2
:1026800028B108B500224261FFF7DAFE08BDFEE777
:1026900050B110B5044600F0FDF82368C31A013BA1
:1026A0006360FFF7CDFE10BDFEE7000008B5044BE8
:1026B00083F8840000B908BDFFF7C2FEFBE700BF46
:1026C000241C002008B51C210348FEF709F901204D
:1026D000FFF7ECFF08BD00BF9C1C002008B520B12F
:1026E00001460448FEF74AF908BD0248FEF73EF9E4
:1026F000FAE700BF9C1C00202DE9F0478146884680
:1027000014461F46DDF820A005E0E44304F0010470
:102710002C1B06EB07085CB1650807FB05863146F4
:102720004846D0470028F0DC002802DA2C46F2E7C1
:1027300000263046BDE8F0877047704770470000BC
:1027400008B90348704708B50AF0E6F908BD00BFAC
:102750008C1C002038B510B9064C204638BD054603
:102760000AF0DAF904460028F7D02A4600210AF0D8
:1027700071FFF2E78C1C002008B5034B984202D091
:1027800008B10AF00DFA08BD8C1C002008B529B16B
:10279000064A904206D00AF0DBF908BDFFF7ECFFCD
:1027A0000248FAE70846FFF7CBFFF6E78C1C00204B
:1027B00038B505460C46406808B1FFF7F9FF2B68AD
:1027C0008BB1214628469847002207E0E36803EBD7
:1027D000C203D87940F00800D8710132638DC3F389
:1027E00005139342F2D838BD70B505460C460E6805
:1027F000336823B196F8222012F0100F05D126601D
:1028000021462846FFF7D4FF70BD0B60FFF7ECFFB1
:10281000F5E708B520B1F6F795FDF8F7AFFC08BD70
:10282000F8F7FAF9F9E738B50546FFF7F2FF04467D
:102830002846F6F77BF81CB129462046FFF7D4FF5F
:1028400038BD00B583B0FFF7E4FFA0B10369ADF870
:1028500004301B0C8DF8063000209DF8043063F323
:1028600007009DF8053063F30F209DF8063063F3F1
:10287000174003B000BD1120FEF780FB8DF8040067
:10288000C0F307238DF80530C0F307408DF806002C
:10289000E2E7000008B5084BD3F8C4300BB1984705
:1028A00008BD054B012283F8C020D3F8BC0093F883
:1028B000C030002BF5D0F3E7241C0020401A7047ED
:1028C00010B50446FFF7E6FF2146FFF7F7FF10BDFE
:1028D000014BC3F8C4007047241C002080B12DE9CF
:1028E000F04F83B003464278D11F0D297CD8DFE832
:1028F00001F0080808087B7B7B7B7B257B7B613EA6
:10290000FEE7073A032A03D8DFE802F00D04080ABD
:10291000002500E004251E6900240BE01025FAE7DD
:102920004FF48075F7E70225F5E706EB8400FDF725
:1029300003FA0134AC42F8DB012056E0B3F806900C
:102940009E88B3F808A0D3F81080002708E0284636
:10295000FDF7F2F904350134B442F8D3D04401371D
:102960004F4502D245460024F6E701203DE0B3F88A
:1029700006A09F88B3F808B04FEA5B020192D3F833
:1029800010900BFB0A964FF000080CE0315D2846D2
:10299000FDF7ECF902350134BC42F7D3D944019B71
:1029A0001E4408F10108D04502D24D460024F3E749
:1029B00001201AE0B3F806909E88B3F808A0D3F877
:1029C0001080002709E0A1782046FDF7CFF90334F5
:1029D0000135B542F7D3D04401374F4502D24446C2
:1029E0000025F6E7012000E0002003B0BDE8F08FED
:1029F0000B79063B012B0BD991F85A30632B05D983
:102A0000642381F85A30012381F85930002070473F
:102A10004B6D9A6C002AF9D1DA6C002AF6D19A6FC4
:102A200093F82D301AB10E2BF0D0142BEED02F2BA3
:102A3000E2D9EBE708B50379013B0C2B0DD8DFE8B1
:102A400003F0070D13191F2540312B3C460C3600AF
:102A500000F10802416D02F0ADF908BD00F1080275
:102A6000416D01F03FFAF8E700F10802416D01F015
:102A700023FCF2E700F10802416D03F0EFFEECE702
:102A800000F10802416D03F025FFE6E700F10802BE
:102A9000416D03F0C7FDE0E700F10802416D00F071
:102AA000E2F8DAE70C4A416DFAF790FED5E700F15B
:102AB0000802416D00F0F2FBCFE7416D06F0BEFF6A
:102AC000CBE700F10802416D03F0C2FDC5E7416D9F
:102AD00005F046FCC1E700BF3D6E0108036A0BB17B
:102AE0000020704770B504460D460122002128469B
:102AF000F8F7D0FC064690B12846F8F789FE88B171
:102B00000323336526623046FFF794FF236A0422CD
:102B10001A6500232362F8F777FC012070BD4FF09F
:102B2000FF30FBE74FF0FF30F8E7000008B505F095
:102B3000BDF92420F8F70AFC064BC360064B03617D
:102B400000238361054B436008210548FDF7C8FE5B
:102B500008BD00BFDD2A0108F129010818D00308CB
:102B6000701D002010B504460848FDF7FFFE014621
:102B700003E00648FDF702FF014621B10B78A342AE
:102B8000F7D1486800E0002010BD00BF701D002094
:102B9000F0B585B005460F4616461C460A46314636
:102BA0006846FCF7B5F908B905B0F0BD7268019B3D
:102BB0009A1A009B36689E1B0A9901FB02663A68C6
:102BC0009B1A1C446846FCF7F4FA002208E0A15C5A
:102BD000AB189B5D1944FF2928BFFF21A154013286
:102BE0008242F4D3E0E72DE9F84381461E465708B8
:102BF00002F0010888F00108A1EB5204FEF7B8F9D1
:102C000000FB04F5ED114846FDF7AEFF00FB04F4B0
:102C1000E411002D13DD803DC7EB252343443360D1
:102C200007EB2525B560002C13DD803CC7EB242382
:102C30004344736007EB2424F460BDE8F8838035D7
:102C4000C7EB2523336007EB2525A5EB0805B56009
:102C5000E9E78034C7EB2423736007EB2427A7EB55
:102C60000807F760E9E72DE9F04FADF5117D039016
:102C700091F84630022B40F216820C46CB6A002BAC
:102C800000F01182086B496B884200F00C82B4F8A6
:102C900044B05B4500DC9B468CAD0FCA85E80F0055
:102CA000039B03F13802294688A8FCF731F9059007
:102CB000002800F0F881236CCBB18C9D84958D9811
:102CC00085908E9986918F9B8793E26A15448495AF
:102CD00010448590891A86919B1A8793D4F8308086
:102CE000676BB8F5B47F2CDBA8F5B478F9E7226BF5
:102CF00002F5B471636B994203D003F5B4739A4241
:102D0000DBD10FAD2846FAF74EFE94F846308DF829
:102D10007030A36AADF868301B0C8DF86A30CDF8BE
:102D20006CB047F6FF7319939DF871300F2262F370
:102D300004038DF871308CAA2946039801F0D2F86B
:102D4000B1E1B7F5B47F02DBA7F5B477F9E7002569
:102D500080958195829583955DAE00974346E26BA1
:102D6000A16B304605F0EAF9809654AE2B4647F643
:102D7000FF728CA9304605F047FA819684A8FCF7CB
:102D800018FAA8425CDC002305930DF5087A50463A
:102D9000FCF714FA06905046FCF70BFA0646FFF7CC
:102DA000CFFC05460DF58E799AE80F0089E80F00F3
:102DB0000DF1E00A2C220021504629F021FC3E951D
:102DC00094F846308DF8F430CDF8E090CDF80091CD
:102DD000D4F84090B9F1000F44D00022494625A80C
:102DE000FBF7C8F9002855D0309B002B52D00DF5C9
:102DF00086790022439244929A88013A4592DA8871
:102E0000013A46929B88A16BE26BA2EB5302A1EBC5
:102E100053014846FCF76FF838ABCDF8F090309A84
:102E2000D2F81090CDF8E490B2F808A0CDF8E8A060
:102E300052788DF8EC20142A36D04FF0000918E0B3
:102E400084A8FCF7BBF9A84202DC002305939CE7A9
:102E50004BAD012347F6FF7284A9284605F0D4F94B
:102E6000829592E7218D94F82A20ADF8F5108DF81F
:102E7000F72094F8473013F0010F1DD1002304937D
:102E8000489A4A920027DDF81880A2464C46DDF8A1
:102E90000C9099E0218D94F82A20ADF8F5108DF86A
:102EA000F7204FF00009E4E712221A7343A8FCF759
:102EB00085F900FB0A99DCE70BFB0BFA5046FFF79C
:102EC0003FFC049010B35246FF2104980AF0C2FB65
:102ED0000BA94FF0000AC1F800A0C1F804A00BF143
:102EE000FF338B60CB600BEBDB72534652100FA8A5
:102EF00005F08AF90FAA0992CDF828A0049BCDF815
:102F00001C90994623465C469B4608E0FEE7224615
:102F1000002148460AF09EFBA1440AF1010A5445EB
:102F200009DD009453460022494609A804F0BFFF7A
:102F30000028F1D1EBE7DDF81C905B46A3461C4668
:102F40000FA804F0DCFF5FFA8BF20DF1840A534600
:102F50000792B4F844100FFA88F0FFF744FEE26BD2
:102F6000A16B5046FBF7C7FF0DF174084346079A63
:102F7000B4F8441038B2FFF736FEE26BA16B40465E
:102F8000FBF7B9FF7CE73246002128460AF062FBD6
:102F900002228DF8FC2035E0CDF800B02B461DAAAA
:102FA00047A90498FFF7F4FD1CB19DF8FC30002BF5
:102FB00044D138A948461CF00FFC489A0132489287
:102FC0004A9A01324A920137474556DA3246FF2182
:102FD00028460AF03FFB0096489B479A294680A85E
:102FE00004F065FF8DF8FC009AF8473013F0010FEC
:102FF000DAD0489B229A93420CDB249A934209DC54
:103000000028C0D0CDF800B02B4621AA47A90498CB
:10301000FFF7BEFD489B1E9A9342C5DB209A934260
:10302000C2DC9DF8FC30002BB6D132460021284688
:103030000AF010FB02228DF8FC20ADE73A9B5B08FA
:1030400048983C994A68821A47980968401A02FBD6
:103050000300002307E0EA5CE118095C01FB02F2CF
:10306000120AEA540133B342F5DB9DF8FC30012B20
:103070009FD102228DF8FC209BE754465DA804F006
:103080003EFF54A804F03BFF059B83B92846FFF799
:1030900073FB236C13B125A8FBF7C6F8049B13B18F
:1030A0001846FFF769FB0DF5117DBDE8F08F4BA8C1
:1030B00004F025FFEAE730B400240460A44606E0EB
:1030C0000C7805682C44046019440CF1010C9445FB
:1030D000F6D303681B03B3FBF2F3036030BC704705
:1030E00030B40024046044608460A4460EE00C7890
:1030F00005682C4404604C7845682C4444608C7806
:1031000085682C44846019440CF1010C9445EED37D
:1031100003681B03B3FBF2F3036043681B03B3FBB9
:10312000F2F3436083681B03B3FBF2F3836030BCAC
:10313000704770B59DF810500024046044608460AE
:10314000A64611E0046804EBDC2404604468CCF378
:1031500045163444446084680CF01F0C6444846059
:1031600001EB43010EF1010E96450AD20C88A446EC
:10317000002DE7D04FEA042C4CEA142C1FFA8CFCEB
:10318000E0E703681B03B3FBF2F3036043681B0330
:10319000B3FBF2F3436083681B03B3FBF2F383607A
:1031A00070BD70B5C2F5805C1D461BB10B029BB2B1
:1031B00043EA1121CB0AC1F3451401F01F0106684F
:1031C00006FB02FE03FB0CF303EB1E33466806FB13
:1031D00002FE04FB0CF404EB1E34866806FB02F2CC
:1031E00001FB0CFC0CEB123203604460826003F5BF
:1031F0000060000B04F50064240B02F50062C002BD
:1032000080B26401A4B22043C2F30F3210431DB157
:1032100003029BB243EA102070BD10B4C2F5805384
:10322000046802FB04FC0C7803FB04F404EB1C347C
:103230000460C4F307340C70446802FB04FC4C784F
:1032400003FB04F404EB1C344460C4F307344C70F7
:10325000846802FB04F48A7802FB03F303EB143363
:103260008360C3F307338B705DF8044B704710B570
:103270001C46C318934209DD101A201A04FB04F3FC
:1032800000FB1030FDF732FD201A10BD0B1B9342DE
:1032900002DA891A601AF1E70020F6E72DE9F04F0B
:1032A0009BB004908B6A13B91BB0BDE8F08F0C463D
:1032B00091460246836C5D6902959E690396383299
:1032C000494616A8FBF724FE0028EDD07242694259
:1032D00016A8FBF710FEA56A94F83030002B64D0D6
:1032E000012B71D04FF0010808F1FF32169B1344F7
:1032F00093FBF8F308FB03F31693189B9B1A93FBBD
:10330000F8F308FB03F31893179B134493FBF8F3AC
:1033100008FB03F31793199B9B1A93FBF8F308FB25
:1033200003F3199316A8FBF744FF0028BCDB16A88B
:10333000FBF744FF0028B7DBCDF83480B5FBF8F588
:103340002A032B1DB2FBF3F30793032D4AD96B0815
:103350000893E46A4846FBF72CFF05464846FBF70E
:103360002DFF8542A8BF05466B100593B4EB650F92
:1033700000DC0594049CA36C1B685878FCF7F9FBEF
:10338000A36C1B681A890B92B2FBF0F20E920D9A95
:1033900000FB02F20C925B781B2B14BF002301236D
:1033A0000A93DDF858B00690E8E016A8FBF78CFD0C
:1033B0001F2D04D9E36A13B9B0F5C84F09DC072DF6
:1033C0000AD84FF001088FE7172D08D94FF00308EE
:1033D0008AE74FF0030887E74FF0020884E74FF0D1
:1033E000020881E701230893B3E7049B9B6CDA464C
:1033F000224659461868F8F709FF06460B9B03FB5F
:1034000008F73B46099A014613A8FFF754FE3278A5
:103410000132D2B22146079801E03E444144A9421C
:1034200010DC33789342F8D0C0F5805C139A00FB2F
:1034300002F20CFB03F303EB12321392C2F30732D6
:103440003270EAE7049B9B6C2A4651461868F8F7ED
:10345000DDFE06467B42099A014613A8FFF72BFEC4
:1034600032780132D2B2079801E0F61B4444AC42F4
:1034700000F3838033789342F7D0C0F58051139ADC
:1034800000FB02F201FB03F303EB12321392C2F3CF
:1034900007323270E9E7049B9B6CCDF83CB02246C2
:1034A00059461868F8F7B2FE06460E9B03FB08FA69
:1034B0000A9B00935346099A014613A8FFF739FE69
:1034C0003088013080B2274602E006EB4A064744C6
:1034D000AF4209DC31888142F7D00A9B079A13A8D2
:1034E000FFF75FFE3080F0E7049B9B6C2A460F9944
:1034F0001868F8F78BFE06460A9F0097CAF100038A
:10350000099A014613A8FFF714FE3088013080B2F3
:1035100002E0A6EB4A064444AC422EDC31888142EC
:10352000F7D03B46079A13A8FFF73BFE3080F0E741
:103530002246314613A8FFF770FE56444744AF4277
:10354000F6DD109C049B9B6C2A460F991868F8F7CF
:103550005DFE0646CAF10003099A014613A8FFF76B
:10356000BFFD079F07E03A46314613A8FFF755FE17
:10357000A6EB0A064444AC42F5DDC344189B5B4508
:1035800054DB059B029A5A44D9F80810D9F8000078
:10359000FFF76DFE1999D9F80440039D641B04449C
:1035A0008C42A8BF0C46179A9442B8BF1446D9F86B
:1035B0000C305D1B2D1A8D42A8BF0D469542B8BF39
:1035C000154694FBF8F408FB04F495FBF8F508FBAA
:1035D00005F5AC42D1DC2B1B93FBF8F30133089AC1
:1035E0009342A8BF13460993069B012B3FF4FDAEFF
:1035F000069B022B3FF44FAF069B022BBDD9049BC9
:103600009B6CCDF83CB0224659461868F8F7FEFD91
:1036100006460B9B03FB08FA5346099A014613A87A
:10362000FFF75EFD27461094079C88E7DDF818A099
:10363000179B9B46A6E1049B9B6C0F94CDF838B07A
:103640005A4621461868F8F7E1FD06460C9F3B46AE
:10365000069A014613A8FFF72EFD32780132D2B246
:1036600008EB0401079801E03E444144A94210DC04
:1036700033789342F8D0C0F5805C139A00FB02F2D5
:103680000CFB03F303EB12321392C2F307323270D6
:10369000EAE7049B9B6C0E9A29461868F8F7B6FD7A
:1036A0000746CAF1000308FB03F3069A014613A874
:1036B000FFF701FD3E780136F6B2CDF818A0CDF83F
:1036C00040B0DDF830B0CDF84490DDF81C9009E052
:1036D0003B787B701EE03B787B70BB701AE0A7EBF9
:1036E0000B074444AC4235DC3B78B3420CD0C9F5FF
:1036F0008051139A02FB09F201FB03F303EB12332F
:103700001393C3F307363E70B8F1020FE0D0B8F15F
:10371000030FE0D0B8F1010FE1DD08EB0403AB4289
:10372000DDDD049B9B6C0E9A0F991868F8F76EFD0F
:103730008246099A01460B9B184409F0F7FEB8F13E
:10374000030FCCD1099A51460B9B0AEB430009F0B9
:10375000EDFEC4E7DDF818A0DDF840B0DDF84490D8
:103760000FE1049B9B6C0F94CDF838B05A4621466C
:103770001868F8F74BFD06460A9B00934346069AE5
:10378000014613A8FFF7D5FC3088013080B22746E8
:10379000CDF840A0DDF834A002E006EB4A0647442D
:1037A000AF4209DC31888142F7D00A9B079A13A8FF
:1037B000FFF7F7FC3080F0E7DDF840A0049B9B6C3E
:1037C0000E9A29461868F8F721FD06460A9B0093D1
:1037D000C8F10003069A014613A8FFF7AAFC378830
:1037E0000137BFB2CDF818A0CDF840B0DDF834B045
:1037F00011E00A9B079A13A8FFF7D3FC0746308015
:103800000EE03388738011E033887380B3800DE05D
:10381000A6EB4B064444AC4228DC3188B942E8D1DF
:10382000B8F1020FEDD0B8F1030FEDD0B8F1010FF0
:10383000EEDD08EB0403AB42EADD049B9B6C0E9AC1
:103840000F991868F8F7E2FC8246099A01460B9B2B
:10385000184409F06BFEB8F1030FD9D1099A51460B
:103860000B9B0AEB430009F061FED1E7DDF818A0DD
:10387000DDF840B085E02246314613A8FFF7CDFCC5
:1038800056444744AF42F6DDDDF840A0119C049B4E
:103890009B6C0E9A29461868F8F7B8FC0646CAF1E0
:1038A000000308FB03F3069A014613A8FFF718FC70
:1038B000CDF818B0DDF830B0CDF84090DDF81C90B0
:1038C0002EE03378DBB206F80A300AF10103727891
:1038D000D2B2F2540AF10203B278D2B2F2542CE01E
:1038E0003378DBB206F80A300AF101027378DBB2F2
:1038F000B3540AF10203B178C9B2F1544FEA4A0352
:103900003178C9B206F81A1001337178C9B2F1548E
:10391000B378DBB206F812300FE0A6EB0B06444496
:10392000AC422ADC4A46314613A8FFF776FCB8F1D0
:10393000020FC6D0B8F1030FD2D0B8F1010FECDD01
:1039400008EB0403AB42E8DD049B9B6C0E9A0F99D5
:103950001868F8F75BFC0746099A01460B9B184468
:1039600009F0E4FDB8F1030FD7D1099A39460B9B52
:1039700007EB430009F0DAFDCFE7DDF818B0DDF81A
:103980004090C344199B5B45FFF68EAC059B039AA0
:103990005A44D9F80C10D9F80400FFF768FC1899BC
:1039A000D9F80040029D641B04448C42A8BF0C4619
:1039B000169A9442B8BF1446D9F808305D1B2D1AE8
:1039C0008D42A8BF0D469542B8BF154694FBF8F44A
:1039D00008FB04F495FBF8F508FB05F5AC42D0DCD8
:1039E0002B1B03EB08020AFB02F2099293FBF8F38C
:1039F0000133089A9342A8BF13460693BAF1010F08
:103A00003FF419AEBAF1020F3FF4ABAEBAF1020FB8
:103A1000B7D9049B9B6C0F94CDF838B05A46214619
:103A20001868F8F7F3FB06460C9B069A014613A8A4
:103A3000FFF756FB08EB0407CDF840A0DDF830A0F7
:103A40001194079C1EE72DE9F04F95B000900C46AD
:103A5000154603932C22002105A809F0FBFD10ABAD
:103A60000593BDF80C209DF80E30ADF829208DF897
:103A70002B309DF878308DF8283067686E68D4F860
:103A80000CB0D5F80CA0D4F800902B680193D4F8B2
:103A90000880AB680293CDF84090CDF8488011972C
:103AA000731E1393B74221DDEB6801331193E36872
:103AB0001393D3451FDA236810932B68013B1293AD
:103AC000B7421DDC6B681193D3451BDBEB68139386
:103AD000019B994518DDAB6801331093A3681293DD
:103AE000029B984515DA15B0BDE8F08F05A900983E
:103AF0001BF072FED8E705A900981BF06DFEDAE70F
:103B00006368E0E7E368E2E705A900981BF064FE5C
:103B1000E1E705A900981BF05FFEE4E72DE9F04F0F
:103B2000B7B081460E4614461F4600F1380232A84F
:103B3000FBF7EEF9039010B937B0BDE8F08F32A86B
:103B4000FBF737FB82462C22002127A809F082FDD3
:103B50005046FEF7F5FD80462D90002324932593D3
:103B600026931BAD0123409A2146284604F04CFBC6
:103B70002495002F7EDC0EAB27932F93BDF80421F4
:103B80009DF80631ADF8B1208DF8B3309DF80831BD
:103B90008DF8B030226833683B449342B8BF134677
:103BA0000A93A268B368DB1B9342A8BF13460C9329
:103BB000626873683B449342B8BF13460B93E26854
:103BC000F368DB1B9342A8BF13460D930AA8FBF7CB
:103BD000F0FA7168099163680693F2680792E568E4
:103BE0000895D6F800B02568B3680493A2680592DA
:103BF000AB450CDC93420ADB069B994207DC079B32
:103C0000089A934203DB312801DC0023039301234C
:103C10008DF8B830099B069A934202DC039B002B77
:103C200031D1079B089A934202DB039B002B38D1CA
:103C30002268A3689A4205DBAB4503DC049B059A26
:103C400093423CDAAB4547DD049B059A934251DA37
:103C5000039B002B40F09880329B0E93349B109373
:103C600063687268A3EB020BBB45B8BFBB46002577
:103C7000039763E012AD00233A463146284604F02C
:103C8000C3FA259577E70A9B0E930C9B10937368F4
:103C90000F936368013B119327A948461BF09CFDD5
:103CA000BFE70A9B0E930C9B1093E36801330F93BD
:103CB000F368119327A948461BF08EFDB8E73368D7
:103CC0000E93B36810930B9B0F930D9B119327A931
:103CD00048461BF081FDBBE733680E932368013B28
:103CE00010930B9B0F930D9B119327A948461BF034
:103CF00073FDA9E7A36801330E93B36810930B9B80
:103D00000F930D9B119327A948461BF065FD9FE774
:103D10005246FF21404609F09DFCCDF800A0234605
:103D20000E9A414624A804F0C2F88DF8B800339BDF
:103D3000A34210DD359BBB4214DA01355D4518DA2C
:103D400074682C44F7687F1B339BA342E0DD359BEE
:103D5000BB42DDDAF1E70F94119427A948461BF026
:103D60003BFDE7E70F97119727A948461BF034FD65
:103D7000E3E7039F1BA804F0C2F8002F00F3AE8016
:103D80004046FEF7F9FCD7E6329B0E930A9B013BB7
:103D9000349A9342A8BF134610930EA8FBF709FA72
:103DA000061E40DDAB4503DD099B069A934219DCF4
:103DB000339C0B9BA34215DD0F9411943246FF21D7
:103DC000404609F047FC009623460E9A414624A837
:103DD00004F06DF88DF8B80027A948461BF0FCFCEC
:103DE0000134E6E7AB4503DD079B089A93421ADBF3
:103DF0000D9C0134359BA34215DB0F941194324680
:103E0000FF21404609F026FC009623460E9A4146C3
:103E100024A804F04CF88DF8B80027A948461BF0F8
:103E2000DBFC0134E6E7109B0133329A9342B8BFC2
:103E300013460E930C9B01339342B8BF13460E9367
:103E4000349B10930EA8FBF7B4F9041E92DD049B7B
:103E5000059A934203DA099B069A934219DC339D33
:103E60000B9BAB4215DD0F9511952246FF21404675
:103E700009F0F0FB00942B460E9A414624A804F06A
:103E800016F88DF8B80027A948461BF0A5FC0135A7
:103E9000E6E7049B059A934204DA079B089A93424B
:103EA000FFF668AF0D9D0135359BAB42FFF662AF63
:103EB0000F9511952246FF21404609F0CBFB009457
:103EC0002B460E9A414624A803F0F1FF8DF8B80066
:103ED00027A948461BF080FC0135E5E712A804F04D
:103EE0000EF84DE791F83430022B77D9F0B589B050
:103EF00006460C4615460B6B23B191F8353013F08E
:103F00001F0F01D109B0F0BD1046FBF752F907466B
:103F10002846FBF753F9A26AB842A8BF38464310B7
:103F2000B2EB600F00DC1346D5F800E0CDF810E0EE
:103F30006F680597D5F808C0CDF818C0E9680791F3
:103F400094F8352002F01F0012F0040F2AD0226BE3
:103F50007244049210F0080F28D0226BACEB0202DE
:103F6000069210F0020F25D0226B3A44059210F011
:103F7000010F23D0226B891A0791226B9A1A21D440
:103F800003B90AB394F834100291E16AADF8041051
:103F9000090C8DF80610009204AA29463046FFF756
:103FA000BDFDAFE7226B1A445242D1E7226B1A449F
:103FB0005242D3E7226B1A445242D6E7226B1A448C
:103FC0005242D8E70022DBE794F834300093E36AEA
:103FD00004AA29463046FFF736FD93E770472DE9DE
:103FE000F04F83B00446019117464FEA610811F083
:103FF000010F02D108F1FF3900E0C14666003046EA
:10400000FEF79EFB0546BA464FF0000B22E000216A
:10401000521AA3EB0901002911DD01F10041013918
:104020003AF811100A44013B002B0BDB25F8132052
:1040300003EB0801A142EADA3AF81110E8E7BAF80E
:104040000010EFE732462946504609F06FFAB244B5
:104050000BF1010BA34509DA04F10043013B3AF8E7
:104060001320019B03FB02F2631EDDE74FF47F5038
:10407000019BB0FBF3F0002301E07852013304FB15
:1040800004F29A420DD9590037F81320002AF5D0CE
:10409000B2F57F5FF1D0019992FBF1F227F813207E
:1040A000ECE74FF0000C35E04FF0000E10E0B0F8F8
:1040B00000E018E0621E04FB02C237F812207244CE
:1040C00001333044A3421ADA002AEDDBC2F38F1E1B
:1040D00025F813E0A3EB080EBEF1000FE7DD04FBAB
:1040E0000ECE37F81EE0A2EB0E0E09EB03020132F2
:1040F000A242DFDA04FB02C237F81220DFE7002316
:1041000004E035F813200A8001333144A342F8DB80
:104110000CF1010CA44509DA07EB4C0137F81C201F
:10412000019B03FB02F208460023CBE72846FEF77B
:1041300023FB03B0BDE8F08F2DE9F04F91B00646A8
:10414000884692461F46D41803680C9343680D9323
:1041500083680E93C3680F9302EBD2714B1007EB89
:104160006105013DD24302F00102AD1A0E95013303
:104170000D93FBF71EF82D1A0C950D9D3046FBF79D
:104180001DF805440F9500233A460CA903A804F036
:104190003BF8BAF1010F09D04FEA6A092046FEF751
:1041A000CFFA054646464FF0000B22E0D146F5E730
:1041B0002B789B0193FBF9F33380012307E003F194
:1041C0000042013A36F8122026F813200133A342A8
:1041D0000BDAEA5CE91811F8011C8A42EFD092016F
:1041E00092FBF9F226F81320F0E706EB44060BF1F8
:1041F000010BA34514DA2246FF21284609F02AFACA
:1042000003AB009323465A4600212846039FB84734
:104210000028CDD162000021304609F01BFAE4E706
:104220002846FEF7A9FA03A803F069FEB9F1010FC9
:104230001AD0424649462046FFF7D1FE0AF0010156
:10424000494401292ADD4FF47F5595FBF1F5002300
:104250000FE038F81320920908F80320013304FB1B
:1042600004F29A42F5DC24E00023F8E728F8005035
:10427000013304FB04F29A420CD9580038F8132099
:10428000002AF5D0FF2AF1D0920192FBF1F228F832
:104290001320EDE742462046FFF7A1FE002304E08D
:1042A00018F8132008F80320013304FB04F29A42A3
:1042B000F6DC11B0BDE8F08F2DE9F04FBBB00290F5
:1042C0000D46144610688A6B10444B6BC01A36902A
:1042D000A1680A441A4438926768E96B0F44FF1AD0
:1042E0003797E66831440B443993296B01EBD17160
:1042F00049104942084401383290501A0130349034
:104300007A18013A33925B1A0133359395F840904D
:10431000B9F1FD0F01D94FF0FF09029B03F13807F6
:104320003A4632A92EA8FAF7F3FD10B93BB0BDE822
:10433000F08F23682A9363682B93A3682C93E36818
:104340002D930DF1A80A4FF0FF3211465046FAF7AF
:10435000C5FDAC6A5046FAF72CFF80465046FAF786
:104360002DFF804580F200815046FAF722FF43106E
:104370000393B4EB600F00DC0394AC6A0DF1D80A30
:104380005046FAF716FF80465046FAF717FF804569
:1043900080F2EE805046FAF70CFF4FEA6008B4EB6B
:1043A000600F00DCA0462C6B444404FB04F040008A
:1043B000FEF7C6F90590002800F0DE8043462A6B20
:1043C000059936A8FFF7B8FE95F8413000221F92F4
:1043D000209213F00103069300F0CF800DF1C8087E
:1043E0004046FAF7E6FEFEF7ABF9064604902C22AB
:1043F00000210CA809F02EF90DF16C0ACDF830A0BF
:10440000CDF850A01296AA8D95F82E30ADF8452023
:104410008DF8473095F840308DF84430DDF8C8B05D
:104420004046FAF7C6FE00EBD0700BEB600607962D
:10443000DDF8CCB04046FAF7C1FE00EBD0700BEBD4
:104440006008349B1D931B1B5A1C1B92339B1C93AF
:104450002344013B1E93B242B8BF32461B924345F0
:10446000A8BF43461E933A46514617A8FAF750FD97
:10447000002840F08D80349B1D931B1B01331B9340
:1044800035990A1B01321C921E9107998B42B8BFC5
:104490000B461B9308F1010B5A45B8BF5A461C92B4
:1044A0003A461BA917A8FAF733FD002840F0DA8036
:1044B000329B23441B93349B1B1B1D93339B1C93E8
:1044C0002344013B1E934345A8BF43461E933A46EF
:1044D0001BA917A8FAF71CFD002840F02B8195F8BE
:1044E00040308DF84430329B23441B93349B1B1B7C
:1044F0001D93359A131B01331C931E925B45B8BF65
:104500005B461C933A461BA917A8FAF701FD002841
:1045100040F0838195F840308DF84430349B1A1B6D
:1045200001321B921D93339B23441C933599091B25
:104530001E91434500DD5B461C930B464145B8BFC9
:1045400043461E93079B9342B8BF13461B933A46BC
:104550001BA917A8FAF7DCFC002840F0D781059DBD
:104560004FF0000C029E40E22AA8FAF727FEFEE672
:1045700036A8FAF723FE10E7FEE70DF184080123C1
:10458000039A2AA9404603F03FFECDF87C8025E738
:10459000039A2AA917A8FBF70CF800287FF46BAF41
:1045A00017A8FAF706FE0890189B339A991A349BBD
:1045B0001B1B5A1C179BA3EB020B04FB01BB059BA7
:1045C0009B44069BD3B9069B1A46089B002B7FF79A
:1045D00052AF049B1293179B1B93199B1D930223AD
:1045E0008DF84C30DDF860A00997174622465446F6
:1045F000029E2B465D469B46924621E0039A2AA9DD
:1046000017A8FBF7B9F802460028DED1069B1A4628
:10461000DBE752462946049808F088FF089B009380
:104620002346179A04991FA803F041FC8DF84C000B
:1046300001280ED00CA930461BF0CEF855440134A9
:104640001A9BA34209DB1C941E94002FE1D0129503
:10465000F0E702238DF84C30ECE7099F54460296B0
:104660005D4608E7039A2AA917A8FAF7A2FF0028CF
:104670007FF41EAF17A8FAF79CFD08901E9B1A9AAC
:10468000991A349B1B1B5A1C179B9B1A04FB013362
:10469000059AD3181E46069BC3B9069B1A46089B6B
:1046A000002B7FF705AF049B1293179B1B93199B5D
:1046B0001D9302238DF84C30DDF868A0099757460A
:1046C000A2463446029E0A95154621E0039A2AA97D
:1046D00017A8FBF751F802460028E0D1069B1A46BE
:1046E000DDE752462146049808F020FF089B00931E
:1046F0003B46179A04991FA803F0D9FB8DF84C008C
:1047000001280ED00CA930461BF066F85444013F36
:10471000189BBB4209DC1C971E97002DE1D0129418
:10472000F0E702238DF84C30ECE7099F54460296DF
:104730000A9DBDE6039A2AA917A8FAF73AFF0028AE
:104740007FF4CDAE17A8FAF734FD0990189B1C9A98
:104750009B1A059A04FB03231E46069BA3B9069BDE
:104760000893099B002B7FF7BAAE089BBBB9049B4B
:104770001293179B1B93199B1D93DDF860A00A975A
:104780005746B246029E32E0039A2AA917A8FAF7C2
:10479000F3FF08900028E4D1069B0893E1E700238B
:1047A0001293E6E7099A9AF80010049808F052FF6D
:1047B000099B00933B46179A04991FA803F077FBC7
:1047C0008DF84C00012804D00CA930461BF004F8E9
:1047D0000BE002238DF84C30F6E79AF800308DF8A4
:1047E00044300CA930461AF0F7FFA24401371A9B57
:1047F000BB420FDB1C971E97089B002BD2D0B9F150
:10480000FF0FEAD09AF8003095F8402002FB03F33E
:104810001B0AE4E70A9F029661E6039A2AA917A8F1
:10482000FAF7C7FE00287FF475AE17A8FAF7C1FCA7
:104830001E9B1A9A9B1A059A04FB03231E46031E0D
:1048400008937FF767AE069BA3B9049B1293179B4F
:104850001B93199B1D93DDF868A00997CDF828B02C
:104860005746B246CDF82C80DDF81080DDF820B038
:10487000029E23E0039A2AA917A8FAF77DFF0023D6
:104880001293E4E7039A2AA917A8FAF775FFB9F17A
:10489000FF0F31D09AF8003095F8402002FB03F367
:1048A0001B0A8DF844300CA930461AF095FF03E03E
:1048B0000CA930461AF090FFA244013F189BBB425E
:1048C0001DDC1C971E97069B002BDBD15A469AF8DD
:1048D0000010404608F0BEFECDF800B03B46179AE7
:1048E00041461FA803F0E3FA8DF84C000128DFD100
:1048F00002238DF84C30DBE79AF80030D1E7099FAE
:10490000DDF828B0DDF82C80029603E6039A2AA988
:1049100017A8FAF74EFE00287FF421AE17A8FAF781
:1049200048FC8246611E349B1B1B5A1C179B9B1A1A
:1049300004FB0133059AD3180893069BA3B9DDF84D
:104940001890049B1293BAF1000F7FF708AE179BE3
:104950001B93199B1D9302238DF84C30189D234601
:104960004C46029E994611E0039A2AA917A8FAF725
:1049700003FF814618B9DDF81890089BE2E7089B11
:10498000E0E70CA930461AF027FF01351A9BAB422D
:1049900018DB1C951E95002CF3D1524608990498FB
:1049A00008F0C4FDCDF800A02B46179A04991FA863
:1049B00003F07DFA8DF84C000128E2D102238DF836
:1049C0004C30DEE74C460296C9E5087893F800E0E3
:1049D00001F801EB03F80109013204EBD470B2EBEA
:1049E000600FF2DB25440CF1010CA44504DA631ED0
:1049F0002B4429460022F0E70296329B1B93234466
:104A0000013B1D93339A22441C923599091B1E9138
:104A1000424500DD5A461C920A464145B8BF42460F
:104A20001E92079A551EAB42A8BF2B461D933A46CD
:104A30001BA917A8FAF76CFA00285ED1329B1B93CA
:104A400023445A1E1D92339B1C932344013B1E9307
:104A5000AA42A8BF2A461D924345A8BF43461E93BB
:104A60003A461BA917A8FAF753FA002840F0A48089
:104A7000329B1B932344013B1D9335990A1B013242
:104A80001C921E915A45B8BF5A461C929D42A8BF1F
:104A90001D461D953A461BA917A8FAF739FA0028B2
:104AA00040F0F280329B23441B93349B1B1B1D93CD
:104AB000339B23441C93359A121B1E92434500DC02
:104AC0009B46CDF870B013464245B8BF43461E938F
:104AD000049B12933A461BA917A8FAF719FA002863
:104AE00040F03581069B002B00F060810598FDF7B2
:104AF00043FE0498FDF740FE18E4039A2AA917A87C
:104B0000FAF757FD002899D117A8FAF752FB07903A
:104B1000621E179B1B995B1A04FB0233059AD3187C
:104B20000893069BB3B9DDF818A0049B1293079B6A
:104B3000002B83DD179B1B93199B1D9302238DF87C
:104B40004C30DDF8609023464C46A9465546029EFF
:104B50009A4611E0039A2AA917A8FAF70DFE824691
:104B600018B9DDF818A0089BE0E7089BDEE70CA960
:104B700030461AF031FE01341A9BA34218DB1C9414
:104B80001E94002DF3D1079A0899049808F0CEFCE2
:104B9000079B00932346179A04991FA803F087F9EF
:104BA0008DF84C000128E2D102238DF84C30DEE76D
:104BB0004D465446029641E7039A2AA917A8FAF7E8
:104BC000F8FC00287FF454AF17A8FAF7F2FA079020
:104BD000189B1C9A9A1A179B1B99A3EB010A04FBBA
:104BE00002AA059B9A44069BD3B9069B1A46049BCE
:104BF0001293079B002B7FF73BAF179B1B93199BCF
:104C00001D9302238DF84C30DDF86090089717460D
:104C10005246AA4623464C46029E9946154621E036
:104C2000039A2AA917A8FAF7A7FD02460028DED1A1
:104C3000069B1A46DBE74A462946049808F076FCAC
:104C4000079B00932346179A04991FA803F02FF996
:104C50008DF84C0001280ED00CA930461AF0BCFD8E
:104C60004D4401341A9BA34209DB1C941E94002F6F
:104C7000E1D01295F0E702238DF84C30ECE7089F65
:104C800055464C460296F3E6039A2AA917A8FAF766
:104C900090FC00287FF406AF17A8FAF78AFA07906D
:104CA0001E9B1A9A9A1A179B1B99A3EB010904FBE6
:104CB0000299059B9944069BB3B9DDF818A0049BA3
:104CC0001293079B002B7FF7EDAE179B1B93199B4D
:104CD0001D9302238DF84C301A9D22464C46029BB0
:104CE00056469A46914621E0039A2AA917A8FAF750
:104CF00043FD82460028E2D1DDF818A0DFE74A46EE
:104D00002146049808F012FC079B00932B46179A43
:104D100004991FA803F0CBF88DF84C0001280ED0A1
:104D20000CA950461AF058FD4C44013D189BAB426B
:104D300009DC1C951E95002EE1D01294F0E70223A9
:104D40008DF84C30ECE74C46CDF808A0AAE6039A63
:104D50002AA917A8FAF72DFC00287FF4C3AE17A8DC
:104D6000FAF727FA051E7FF7BDAE179B1B93199B19
:104D70001D93189C049F029E14E01C941E942A46C6
:104D8000FF21384608F066FC00952346179A3946FD
:104D90001FA803F08CF88DF84C000CA930461AF0CF
:104DA0001BFD01341A9BA342E7DA9BE621A803F01E
:104DB000A6F89BE62DE9F04FAFB0059091F82C30A6
:104DC000022B02D82FB0BDE8F08F0C4613682A934F
:104DD00053682B9393682C93D3682D9300F138027A
:104DE0002AA926A8FAF794F808900028EAD094F89F
:104DF0003B3013F00F096FD1B4F82D2094F82F3009
:104E0000ADF894208DF896302C2200211AA827F0B6
:104E1000F7FBBDF894209DF89630ADF87D208DF815
:104E20007F30A36A13B9B9F1000F5CD094F82C302D
:104E30000693FC2B01D9FF2306932AAE3046FAF7DE
:104E4000B8F905463046FAF7B9F906462B468542C9
:104E5000A8BF03465B10A26A9342A8BF1346039300
:104E600026A8FAF7A6F9074600230F931093039B91
:104E7000002B43DC4FF00008269B0B93289B0D93DF
:104E8000CDF880800BAB1A932293FF238DF87C30F2
:104E90003246294604F1300000F099FA8246002893
:104EA00051D0B9F1010F51D90BAB1E93036826996C
:104EB0002A9A891A01EB410213441B93002394F8A8
:104EC0003A209A4228D903EB8302224492F83320F5
:104ED000FF2A2DD10133F2E7236BADF894301B0C80
:104EE0008DF8963090E72AAB1A9394F82C308DF811
:104EF0007C301AA905981AF06FFC63E7FDF720FCD7
:104F000080460DF1440A0023039A2AA9504603F073
:104F10007BF9CDF83CA0AFE70024B9F1020F09D02E
:104F20004FF0000B0F238DF874300026099466E0D3
:104F3000089CF2E724B1DAF8043003EB010BF1E747
:104F40004FF0000BEEE783460024EEE70024A34673
:104F5000EBE702238DF884306EE0BAF1000F15D034
:104F6000DAF800102B9BE31A03EB43028818895AE6
:104F70008278ADF87D108DF87F20DAF80420D35CBC
:104F80008DF87C3000230793049363E0FEE7BBF1C8
:104F9000000318BF01230493BBF1000F11D1089B3C
:104FA000079357E00133BB420DDA1BF80310FC29CD
:104FB000F8D818F8032001FB02F2121208F80320B7
:104FC000F0E70023EFE702238DF88430049B07937A
:104FD00040E0002307930493299BAB420EDB0C9522
:104FE0000E95B9F1010F3AD0B9F1020F4ED0049BE2
:104FF000002B51D11AA905981AF0EEFB0136039B3C
:105000009E4275DA2B9C34442D9DAD1B279BA342F9
:1050100002DD299BAB42F1DB3A460699404608F097
:1050200019FB009723460B9A41460FA802F03FFF59
:105030008DF8840001288CD0279BA342C9DC0C94F6
:105040000E94B9F1010F88D0B9F1020F9FD000235F
:10505000079304931AA905981AF0BEFBBCE7BAF1AE
:10506000000F12D0DAF800102B9BEB1A03EB43026F
:105070008818895A8278ADF87D108DF87F20DAF88B
:105080000420D35C8DF87C30B1E7FEE7079B002B52
:10509000B0D1BBF1000FADD0B9F1020F01D80023A0
:1050A00014E03A460699404608F0D4FA00972346A1
:1050B0000B9A41460FA802F0FAFE8DF884000128F1
:1050C000EDD102238DF88430E9E70133BB420BDADE
:1050D0001BF80310FC29F8D818F8032001FB02F292
:1050E000121208F80320F0E702238DF8843081E7DC
:1050F000099CB9F1000F1ED0069B8DF87C30B9F1E8
:10510000020F36D028D8B9F1010F02D101238DF852
:1051100084302B9C039A1444279B9C42B8BF1C46A6
:105120002D9DAD1A299B9D42A8BF1D465646DDF810
:1051300018A0059F33E02B9B039A13440C932D9BDF
:105140009B1A0E93069B8DF87C30002320931AA99E
:1051500005981AF041FB40E009F10D0303F00F033D
:10516000022BD6D85CB102238DF88430CDF880B004
:10517000CFE702238DF88430CDF880B0C9E7012352
:10518000F2E7FEE77268D35C03FB0AF3C3F307237D
:105190008DF87C301AA938461AF01EFB0134AC4257
:1051A0001ADC0C940E94B9F1010FF3D1002EE8D063
:1051B00031682B9BE31A03EB43028818895A8278E3
:1051C000ADF87D108DF87F20BAF1FC0FDAD9726846
:1051D000D35C8DF87C30DDE7B246B8F1000F05D026
:1051E0004046FDF7C9FA11A802F089FEBAF1000F96
:1051F0003FF4E8AD504600F00BF9E3E538B50D4655
:10520000C37AC3F3030103F00F03012B1DD049B28E
:10521000E9B10E3303F00F03032B14D86B1C03EB1F
:10522000430323F00304E81C20F0030020440C3067
:10523000FDF786FA68B100F10C0202600C340444F8
:105240004460856038BD4025E8E71546E6E740251F
:10525000E4E7FEE72DE9F04184B01C46037901FB49
:1052600003F3B2EB232F1EDD837A5D1E05EB85066B
:105270000644367901FB06F6B2EB262F24DA4FF00E
:10528000010C634538D965460CEB8C0E86449EF8BC
:1052900004E001FB0EFEB2EB2E2F2EDD0CF1010C13
:1052A0005FFA8CFCEDE70368ADF80C301B0C8DF851
:1052B0000E30BDF80C20DBB22280A370C3780A9AAE
:1052C000137004B0BDE8F08105EB85054219415B20
:1052D0009278ADF80C108DF80E20BDF80C209DF8DA
:1052E0000E302280A370837A013B03EB83030344D7
:1052F000DB780A9A1370E4E7002505B9FEE76B1E18
:1053000003EB8303C618C75AB378ADF808708DF85D
:105310000A3005EB85054719405BBB78ADF8040002
:105320008DF80630307901FB00F03B7901FB03F387
:105330001B12A3EB2023A2EB2022C2EB022292FB42
:10534000F3F5EDB26FEA05085FFA88F89DF80630CC
:105350009DF80A0008FB00F005FB030000EB0023AA
:1053600000EBC3109DF805209DF8093003FB08F3FE
:1053700005FB023303EB032203EBC2139DF8041079
:105380009DF8082002FB08F205FB012202EB022136
:1053900002EBC112C2F3C752C3F3C751C0F3C750E7
:1053A000FAF733FC2070C0F307236370C0F30740A3
:1053B000A070FA78F37803FB08F305FB023303EBE4
:1053C000032203EBC213DB0D0A9A137079E770B561
:1053D00082B0C37A13F00F0F18D00646FFF70EFF06
:1053E000054680B100240BE0286804EB44036A689A
:1053F00022440092034422463046FFF72BFF01343B
:10540000A968A142F0D8284602B070BD0025FAE78D
:1054100008B5FDF7B1F908BD84B00390029101927F
:105420009DF80E309DF80620934219D89DF80D2066
:105430009DF805108A4216D89DF80C109DF80400BE
:10544000814212D89DF80A00834210D39DF809309A
:105450009A420ED39DF8083099420CD2002000E009
:10546000002004B070470020FBE70020F9E700208F
:10547000F7E70020F5E70120F3E72DE9F04FA7B0AB
:105480000446866A37680022816F13A8F8F772FE17
:10549000012840F09780DDF878C0BCF1000F00F0E3
:1054A0008E809CF801300E2B02D0062B40F09080AD
:1054B000BCF808800BAD683494E80F0085E80F0055
:1054C000BCF80430BCF80620013A0FAC0092013B56
:1054D000002211462046F9F7E7FC00230093092239
:1054E00021462846F9F702FF06F114030FCB85E8A1
:1054F0000F002A46214607A8F9F70AFD8146002831
:105500006CD003AC4FF0000ACDF80CA0CDF810A081
:10551000CDF814A0CDF818A033689B88013B059303
:10552000089B013B0C9A9B1A069321463068F6F7BC
:1055300011FF0A9B01330C9A9B1A04933368DB8892
:10554000013B069321463068F6F704FFCDF810A022
:10555000CDF80CA0079B013B0B9A9B1A05932146A3
:105560003068F6F7F7FE099B01330B9A9B1A0393F9
:1055700033689B88013B059321463068F6F7EAFEC5
:10558000089A0C9BD21A07990B9BC91A3846F6F752
:105590003DFE0446089A109BD21A07990F9BC91A20
:1055A0001E98F6F733FE05460DF11C0B5846F9F729
:1055B00005FE07465846F9F7FCFDD44624E013A83B
:1055C000F8F732FE4FF00109484627B0BDE8F08FEA
:1055D00013A8F8F729FE4FF00109F5E713A8F8F72B
:1055E00023FEF1E7AB5C9100033114F801E00EFB00
:1055F00003F31B0A635401328242F3DB33681B89D5
:105600001C4445440CF1010CBC4501DA0022F3E7CF
:1056100013A8F8F709FED7E72DE9F04F8BB002ADDC
:1056200085E80F00159C9DF85C80DDF860902846A9
:10563000F9F7BFFD06462846F9F7C0FD0746D9F839
:105640005830ADF824301B0C8DF8263099F85B905B
:105650006FEA0905EDB2A8F10F030C2B00F2AE8141
:10566000DFE813F0D200D200D2000D00AC010D0033
:10567000AC01AC01AC01AC01AC013C016F00029B80
:105680005B00039A169901FB0233149A02EB03089C
:1056900001EBD17A4FEA6A0A0998FAF744FAB9F1AC
:1056A000FC0F24D89DF824E04FEADE0E0EFB09FE25
:1056B000ADF81CE09DF825C04FEA9C0C0CFB09FCE2
:1056C000ADF81EC09DF82600C00800FB09F0ADF83B
:1056D00020004FF000092FE024F8020B0133B34201
:1056E000FADB0132BA4280F269810023F7E7002237
:1056F000F8E738F81120D30A05FB0303DB0003F4B5
:10570000FC331BB2C2F3451B0BFB05CB4FEAEB0B83
:105710000BF4FC6B43EA0B039BB202F01F0202FB8B
:1057200005E203EB222324F8023B0131B142E0DB26
:1057300008EB4A0809F10109B94580F23F810021CF
:10574000F4E7029B5B00039A169901FB0233149A5B
:1057500002EB030801EBD17A4FEA6A0A0998FAF7DB
:10576000E2F9B9F1FC0F24D89DF824E04FEADE0EEF
:105770000EFB09FEADF81CE09DF825C04FEA9C0C1D
:105780000CFB09FCADF81EC09DF82600C00800FB0C
:1057900009F0ADF820004FF0000930E024F8020BCA
:1057A0000133B342FADB0132BA4280F207810023AF
:1057B000F7E70022F8E738F8112052BAC2F3C42301
:1057C00005FB0303DB0003F47843C2F3451B0BFB2B
:1057D00005CB4FEAEB0B0BF4FC6B43EA0B0302F037
:1057E0001F0202FB05E203EB22235BBA24F8023B13
:1057F0000131B142DFDB08EB4A0809F10109B94583
:1058000080F2DC800021F4E74046FAF7B2F9029B0F
:1058100000FB03F3039A169901FB0233149A134415
:10582000B9F1FC0F33D89DF824A00AFB09FAADF8B2
:105830001CA09DF825E009FB0EFEADF81EE09DF8CA
:1058400026C009FB0CFCADF820C04FF00009DDF8C4
:1058500058B03FE0034404440132B2420EDA9DF8EE
:10586000241021709DF8251061709DF82610A170FC
:10587000B8F1100FEED1D978E170EBE700FB16C25A
:1058800013440135BD4280F299800022E5E70025EE
:10589000DDF858C0F6E7034404440131B14214DA9C
:1058A0001A7805FB02A2121222705A7802FB05E256
:1058B000121262709A7802FB05C21212A270B8F13D
:1058C000100FE8D1DA78E270E5E700FB16B2134476
:1058D00009F10109B94571DA0021DFE74046FAF71D
:1058E00048F98046029B00FB03F3039A169901FBDB
:1058F0000233149A13449DF824B00BFB09FBADF856
:105900001CB09DF825A009FB0AFAADF81EA09DF871
:10591000262009FB02F2ADF82020002191468E4698
:10592000019743E01A7822705A7862709A78A270D0
:10593000E770434444440CF1010CB4452EDADF789F
:10594000002FEFD09A784FF47F4E9EFBF7FE0EFBB0
:1059500002F259780EFB01F118780EFB00F0C2F349
:10596000072205FB0292C1F3072105FB01A1C0F349
:10597000072005FB00B0C0F3072007FB00F0001272
:105980002070C1F3072107FB01F109126170C2F316
:10599000072207FB02F21212A270C9E7DDF800E04D
:1059A000169A08FB162213440EF1010E019A964531
:1059B00004DA4FF0000CCDF800E0BEE70BB0BDE814
:1059C000F08F2DE9F04F9FB00790884614461D4692
:1059D000289B1AAE0FCB86E80F00D4F82C90B9F8AC
:1059E00008B099F801402046FAF7C3F80890284615
:1059F000F9F7E4FB09903046F9F7DBFB82463046C5
:105A0000F9F7DCFB0746089B03FB0AF6002E69D07A
:105A1000B246F4F75FFAF5F713F90890F4F75AFA7B
:105A2000F5F78CF9FAF7A5F8089B00FB03F39B0048
:105A3000B3FBFAF39F4200DB1F460AFB07F0FCF7BB
:105A40007FFE8246002850D02C2200210FA807F0AC
:105A500001FE98F85C308DF8503098F85D30C3F353
:105A600003038DF8643011961AAB13930F93CDF89E
:105A700040A08DF84840142C38D01D9E1B9B3B4401
:105A8000013B1D931B9BB34241DC1A9A0B920C9372
:105A90001C9B0D931D9B0E9329686A680BAC5242A8
:105AA00049422046F9F727FAD9F81030CDF810808E
:105AB0009DF848200392CDF808B0CDF804A00093DB
:105AC00094E80F00FFF7A8FD0FA9079819F084FECE
:105AD0001D9B01331B933B44013B1D93B342D1DD1E
:105AE0001D96CFE74FF0010A93E7FEE71795D9F827
:105AF0001030099A0BFB0233159302238DF85830AE
:105B000012238DF848304FEA5B031893B5E75046EF
:105B1000FCF732FE1FB0BDE8F08F2DE9F04FA1B0C9
:105B2000059003911F462A9DD2F82CA0BAF808B020
:105B30009AF80140142C46D004942C22002115A878
:105B400007F088FD039A92F85C308DF8683092F87F
:105B50005D30C3F303038DF87C30CDF85CB019974A
:105B6000DAF810301693049B8DF860300DF144097B
:105B700095E80F0089E80F00CDF8549098461491ED
:105B80004846F9F716FB0646FCF7DAFD05461B907A
:105B9000CDF874901E96049B0E2B17D00DF12009A2
:105BA000002303998A6B6831484602F02DFB0023DD
:105BB00006930793CDF818903846F9F7FFFA03904B
:105BC000DDF814903EE012230493B6E70023169309
:105BD000039BB3F8582093F85A30ADF869208DF83C
:105BE0006B30DBE7DAF810007A689B1A3968119A93
:105BF000511A0BFB03F301EB5301039B0BFB031146
:105C000032460144284607F091FC27E07A689B1A47
:105C10003A681199891ADAF810000BFB0311324621
:105C20000144284607F082FC18E002238DF870300A
:105C300015A9484619F0D0FD129B01331293149B0D
:105C400001331493129B434516DC142CCAD00E2C3E
:105C5000DCD03246FF21284607F0FCFC0096129B60
:105C6000119A294606A802F022F98DF87000142C2A
:105C7000DBD00E2CDCD1D8E72846FCF77DFD21B027
:105C8000BDE8F08F00B583B0C0F3C423C0F3451165
:105C900000F01F02D2008900D800F9F7B6FF8DF896
:105CA0000400C0F307238DF80530C0F307408DF8DA
:105CB000060000209DF8043063F307009DF80530CE
:105CC00063F30F209DF8063063F3174003B000BD67
:105CD0002DE9F04F99B00EAD85E80F00DDF88CB0DE
:105CE0009DF89480269C2846F9F763FA8146284659
:105CF000F9F764FA0646A36DADF85C301B0C8DF81D
:105D00005E3094F85B300393DB43DBB20193236E88
:105D100019889A78ADF858108DF85A20B3F80320F6
:105D20005B79ADF854208DF85630A8F10F030B2B9A
:105D300000F20082DFE813F0A100A100A1000C0036
:105D4000FE010C00FE01FE01FE01FE01FE013F010D
:105D50000E9B5B000F9A249901FB0233229AD518FF
:105D600001EBD1735B1008931798F9F7DCFE9DF8EF
:105D70005CC04FEADC0C039A0CFB02FCADF84CC093
:105D80009DF85D309B0803FB02FEADF84EE09DF8E8
:105D90005E30DB0803FB02F30593ADF85030279B20
:105DA000D3F818A00023CDF818C0CDF81CE0049655
:105DB0001E460290174659E00023ABF800300BF165
:105DC000020B01344C4549DA05EB440635F8140062
:105DD000FFF758FF8DF84800C0F307238DF84930CE
:105DE000C0F307408DF84A00159A16991298FFF7EC
:105DF00013FB48B1B8F1140FDED1BAF1000FDBD0BC
:105E000000230AF80430DAE7FC2F03D9029BABF831
:105E10000030D4E7022F1DD93288D30A05990198A2
:105E200000FB0313DB0003F4FC331BB2C2F3451188
:105E3000079E01FB0061C91001F4FC610B439BB29A
:105E400002F01F02069902FB001203EB2223ABF8BB
:105E50000030B4E73388ABF80030B0E7039E089B0E
:105E600005EB4305279B5B6A9A440136049B9E42DF
:105E700080F2608100240396A4E74046F9F779FE9A
:105E800007460E9B00FB03F30F9A249901FB023394
:105E9000229AD4189DF85C200292039B02FB03F126
:105EA000ADF84C109DF85D20039203FB02FCADF8A9
:105EB0004EC09DF85EA003FB0AFEADF850E0002244
:105EC0000791CDF820C0CDF810A0CDF824E00696BB
:105ED00016469A4668E0BAF1FC0F31D9029B8BF85E
:105EE0000030039B8BF80130049B8BF80230B8F133
:105EF000100F21D03C44BB4401354D454EDA267885
:105F00008DF8486063788DF84930A3788DF84A3071
:105F1000159A16991298FFF77FFA0028DBD0002314
:105F20008BF800308BF801308BF80230B8F1100F8D
:105F3000E0D18BF80330DDE7E3788BF80330D9E765
:105F4000BAF1020F1BD9079B019A02FB06363612E3
:105F50008BF800606378089903FB02131B128BF81F
:105F60000130A378099903FB02131B128BF802304E
:105F7000B8F1100FBED1E3788BF80330BAE78BF895
:105F8000006063788BF80130A3788BF80230B8F1A9
:105F9000100FAFD1E3788BF80330ABE7059E249B5D
:105FA00007FB19331C440136069B9E4280F2C280D7
:105FB00000250596A1E70E9B9B000F9A249901FBF3
:105FC0000233229A02EB030A9DF85CE0039B0EFB6E
:105FD00003FCADF84CC09DF85D20089203FB02F174
:105FE000ADF84E109DF85E20099203FB02F2ADF869
:105FF00050200025CDF828E0CDF82CC00C910D9252
:106000000790D846AB468EE09AF802504FF47F4393
:1060100093FBFBF303FB05F52A120292C5F3072558
:106020009AF8016003FB06F632120492C6F30726C3
:106030009AF8007003FB07F73B120593C7F3072795
:106040003A4631462846F9F7E0FD8DF84800C0F39E
:1060500007238DF84930C0F307408DF84A00159AA0
:1060600016991298FFF7D8F920B3002388F800306A
:1060700088F8013088F8023088F803300AF1040A01
:1060800008F1040801344C4545DA9AF803B0BBF135
:10609000000FB9D19AF8003088F800309AF8013032
:1060A00088F801309AF8023088F80230002388F826
:1060B0000330E3E7039BFC2B18D8022B19D99DF87A
:1060C00008300D99019A02FB0313C3F307259DF8CD
:1060D00010300C9902FB0313C3F307269DF814300C
:1060E0000B9902FB0313C3F3072702E00A9F089EE4
:1060F000099D0BFB07F73F1288F800700BFB06F6B3
:10610000361288F801600BFB05F52D1288F8025055
:1061100088F803B0B2E7DDF818B0249BA3EB89033D
:106120009A440BF1010B079B9B4503DA0024CDF841
:1061300018B0A8E719B0BDE8F08F2DE9F04FA9B06D
:106140000C900D460D93DDF8C880339CD2F82CA03E
:10615000BAF8083009939AF801902C2200211DA862
:1061600007F078FA95F85C308DF8883095F85D3056
:10617000C3F303038DF89C3019AE94E80F0086E852
:106180000F001D964046F9F714F80A904046F9F7BB
:1061900015F80B903046F9F70CF80F903046F9F7E8
:1061A0000DF8834695F85B30022B94BF0023012342
:1061B0000893B9F1060F02D0B9F10E0F09D1B5F865
:1061C000582095F85A30ADF889208DF88B3000238F
:1061D00008932B6E0793A9F10603152B29D8DFE846
:1061E00003F06928282828282828286D286D0B28DE
:1061F0006B2828282828280B14260F9B03EB43071D
:10620000F3F768FEF4F71CFD0446F3F763FEF4F7BA
:1062100095FDF9F7AEFC00FB04F39B00B3FBF7F32D
:106220009B4500DB9B4607FB0BF0FCF789FA044615
:1062300020E04E46152E43D03046F9F79AFC0F9BCE
:1062400003FB00F7F3F746FEF4F7FAFC0446F3F716
:1062500041FEF4F773FDF9F78CFC00FB04F39B009F
:10626000B3FBF7F39B4500DB9B4607FB0BF0FCF70A
:1062700067FA0446002C40D01E948DF880601C9F65
:106280001A9B5B44013B1C9319AB2193DAF8103045
:106290000E93142E32D0152E42D00E2E4FD12394B1
:1062A0000F9B269319AB259302238DF89030002382
:1062B0001E9362E01526BDE74E469EE71026B9E71D
:1062C000F3F708FEF4F7BCFC0446F3F703FEF4F71B
:1062D00035FDF9F74EFC00FB04F39B000F9A5200CA
:1062E000B3FBF2F39B4500DB9B460F9B03FB0BF0DC
:1062F0004000FCF725FA0446BCE7FEE70F9A53007E
:106300001F9319AB259302238DF8903002FB0BF3FA
:1063100004EB43032393269212238DF880302CE064
:106320000F9A1F9219AB259302238DF8903002FB30
:106330000B432393269206238DF880301DE03046D0
:10634000F9F717FC0F9B03FB00F01F9015E01DAB46
:106350000593049503961F9B02930194009415AB3B
:106360000FCBFFF7B5FC4AE019A8F8F727FF0F9B02
:1063700003FB00F304EB430323931A9BBB4257DC5C
:10638000199A119212931B9B13931C9B1493D8F888
:106390000010D8F804200DF1440A524249425046F8
:1063A000F8F7A9FD0494CDF80C900D9B029301958C
:1063B000099B00930B9B0A9A0E99504603F0FEF836
:1063C000089B0BB9079BD3B1199915911A9A16928C
:1063D0001B9B17931C9B18935242494215A8F8F730
:1063E0008AFD079B0BB11B2EB1D1049503961F9B11
:1063F00002930194009415AB0FCBFFF70DF91DA983
:106400000C9819F0E9F91C9B01331A935B44013B8A
:106410001C93BB42B1DD1C97142EA5D0152EACD118
:1064200019A8F8F7CBFE0F9B03FB00402390A4E7CD
:106430002046FCF7A1F929B0BDE8F08F2DE9F04F17
:1064400095B080460C4616460293CD6B5DB90B6C39
:10645000B3F5807F01D0012506E04B6CB3F5807F5A
:1064600002D0012500E0012505F00105A76BD6F853
:106470002C90D9F810300393B9F808A099F801B01E
:106480002C22002109A807F0E5F894F85C308DF87B
:10649000383094F85D30C3F303038DF84C30CDF8F9
:1064A0002CA01DB9002F21DD002F44DD8DB9002F58
:1064B00071DD002F40F38580002F40F39880002F7E
:1064C00007DD94F85B30022B03D8236E002B00F01D
:1064D000A0801F9B01931E9B0093029B3246214686
:1064E0004046FFF72AFE15B0BDE8F08FBBF10E0F56
:1064F000DAD108F138021E9905A8F8F709FD00283D
:10650000F1D0039B0F931E9B1193CDF848A000235D
:106510000A93B4F8582094F85A30ADF839208DF821
:106520003B3002238DF840301E9B099309A9404659
:1065300019F052F9D7E7BBF1140FB7D194F85B30DB
:10654000022BB3D8236E002BB0D11E98F8F736FE7D
:1065500004461E98F8F72DFE1E9B0D9303990A9191
:106560000F910AFB00F3B9F80420B3FBF2F303FB2D
:1065700004140F944FEA5A0312931E9B099311932C
:1065800002238DF8403012238DF8303009A940469F
:1065900019F022F9A7E7BBF1060F02D0BBF1150FE6
:1065A00087D1236E002B84D11E9B0D93039B0A93EE
:1065B0001E9B09938DF830B009A9404619F00CF9DB
:1065C00091E794F85B30022B3FF676AF236E002BF9
:1065D0007FF472AF1E9B0D93039B0A931E9B09933E
:1065E0008DF830B009A9404619F0F6F87BE794F829
:1065F0005B30022B7FF663AF236E002B7FF45FAF1F
:106600001F9B00931E9B324621464046FFF7D9F957
:1066100069E71F9B00931E9B324621464046FFF7C9
:106620007CFA60E700B583B091F85D3013F0200F7D
:1066300006D100230093054BF6F7A0FA03B000BD86
:1066400000230093014BF6F743F8F7E73D64010898
:106650002DE9F041A0B08D6A2B68B3B107460C4616
:1066600016468B6F1BB10846FEF707FF68B10DF1A8
:1066700004087C222146404625F0F6FF2B680B9348
:10668000324641463846FFF7CDFF20B0BDE8F081E5
:106690002DE9F043A5B0074614461D46002962D0F7
:1066A0000E460B79192B5ED8DFE803F00D2626265F
:1066B000265D5D5D265D5D5D5D5D5D5D5D5D5D5D78
:1066C0005D5D5D5D5D26CB68002B4CD00DF114083F
:1066D0004046F7F768F9F37D8DF848307369ADF8F7
:1066E00040301B0C8DF8423001231193F268414673
:1066F0003846FDF7F7FB36E0086A574981FB002171
:106700000144C217C2EBE1224FF4616101FB1202A6
:106710000AB9192B31D1F16A3069F7F764FE30609C
:106720000DF114084046F5F79BFF336A14934FF4BC
:10673000807315931693F37D8DF8703033680F9343
:106740007369ADF86C301B0C8DF86E30716A32696C
:106750001389B2F90C20134419911A93B268414677
:106760003846FFF75FFF2CB125B12A46214638464F
:10677000FEF720FB25B0BDE8F083B3680DF1040CF3
:106780000FCB8CE80F0033691868F7F7D6FE18B105
:1067900033691A7C082A35D0F16A3069F7F723FE8D
:1067A00030600028DFD0DDF804800DF10409484690
:1067B000F8F7FFFC0E21F5F7E3FB804408F1FF3307
:1067C00003930DF114082C220021404606F042FFED
:1067D000B28AB37DADF829208DF82B30F37D8DF88A
:1067E000283033681A690B92CDF834901B890E93C8
:1067F000B368059302238DF830304146384618F0CF
:10680000EBFFB0E75A7C42F002025A743069F7F7A6
:10681000FCFD80460DF114092C220021484606F0AB
:1068200019FFB28AB37DADF829208DF82B30F37DA6
:106830008DF82830CDF82C8001AB0D933369DB89BE
:106840000E93B368059302238DF8303049463846DD
:1068500018F0C2FF87E700BFC5B3A29191F850308E
:10686000022B00D87047F0B591B006460C4615468D
:1068700002AF3846F6F77DFA94F850308DF81F30A5
:1068800000230593236BADF81C301B0C8DF81E30D4
:10689000636B0A930BAB04F1480292E8030083E8B0
:1068A00003002B680E936B680F93A36A084A01924A
:1068B0000093E36A0EAA39463046F6F7AFFA0D9810
:1068C00018B1F5F782FC00230D9311B0F0BD00BFA5
:1068D0009166010808B591F86630022B00D808BD12
:1068E000014BF6F749FBFAE7916601082DE9F047FD
:1068F00090B080460C464A6C013A02F0010303EB6B
:106900006201236BA06A1D468342A8BF05460C9511
:106910008342B8BF0346013B0E93E06A411A0D91D2
:1069200000EB62000F900CA808F138020146F8F75E
:10693000EFFAF0B1E36C1BB1A36CEBB9002500E0FA
:1069400000252C22002101A806F084FE0CAB019347
:10695000B4F8402094F84230ADF819208DF81B307F
:1069600094F850308DF8183045B901A9404618F018
:1069700033FF10B0BDE8F0870125E2E70CAF3846E1
:10698000F8F717FC0546DDF83CA00D9B0F930C9A19
:10699000E36CA16C0B4492FBF3F103FB1129FBF7B1
:1069A000CFFE06460790099702238DF820300D9FF1
:1069B00022E000227254013101330BE002228DF8F3
:1069C0002020A9420DDAA26C9A42F2DDD21A12B24C
:1069D00011441344E26CA06C02449A42EEDC0023A2
:1069E000ECE701A9404618F0F7FE0D9B01330D932B
:1069F0000F9B01330F930137574507DC2A46FF21D0
:106A0000304606F027FE4B460021DAE73046FBF71A
:106A1000B3FEAEE72DE9F04790B007460C464B6C4D
:106A2000013B03F0010202EB6302896A8A1A0C92AD
:106A300001EB63010E91636BE26A19469342A8BFB2
:106A400011460D919342B8BF1346013B0F930CA81A
:106A500007F138020146F8F75BFAF0B1E36C1BB1BD
:106A6000A36CEBB9002500E000252C22002101A831
:106A700006F0F0FD0CAB0193B4F8402094F84230DE
:106A8000ADF819208DF81B3094F850308DF818307F
:106A900045B901A9384618F09FFE10B0BDE8F0874F
:106AA0000125E2E70CAD2846F8F783FB8146DDF8C7
:106AB0003CA00D9B0F93FBF743FE80460790099582
:106AC00002238DF820300D9EE36CA26C134496FBDC
:106AD000F3F503FB15650FE001228DF8202018E087
:106AE000013501A9384618F077FE0D9B01330D934F
:106AF0000F9B01330F930136564510DC4A46FF21A8
:106B0000404606F0A7FDA36CAB42E5DA00228DF803
:106B10002020E26C1344AB42E2DC0025E0E7404673
:106B2000FBF72AFEB9E700002DE9F04FD9B002903B
:106B30008946CA6A4B6B9A4280F2BA80283156A8BD
:106B4000F8F72AFD09F1300154A8F8F725FD549C07
:106B5000569EA31B0393559D579FEA1B059283EAFC
:106B6000E37BABEBE37B82EAE27AAAEBE27AD9F849
:106B70004420D34540F3B1804FEA4A1393FBFBF323
:106B8000AD49CB5C02FB03F33F331A120492C3F30B
:106B9000C01808EB23282146B442A8BF3146A1EB18
:106BA000E31250922146B442B8BF314601EBE312E2
:106BB00052922946BD42A8BF3946A1EBE312519239
:106BC0002946BD42B8BF394601EBE313539350A8A1
:106BD000029B03F138020146F8F79AF9002800F009
:106BE000188142AA139234AA149200221592169286
:106BF0001792D34540F38E80039B934272DD01923E
:106C0000049AAB1A00932346BA1A314642A801F0FF
:106C1000AFF90123019305EB08030093234607EB2B
:106C20000802314634A801F0A3F999F8513013F065
:106C3000040F00F0858050AD2846F8F745F904466A
:106C40002846F8F7B6FA844280F299802846F8F789
:106C50003BF980464046FBF773FD824650A8F8F7A3
:106C6000A8FA4045C0F090804646DDF84CB1519BF3
:106C700053934246FF21504606F0ECFC08AC2C2210
:106C80000021204606F0E6FC50AB0893B9F840001E
:106C900099F84210ADF835008DF8371099F850206A
:106CA0008DF83420CDF838A01093519D002487E052
:106CB00006AC30312046F8F76FFC94E8030058AB7F
:106CC00003E9030009F128012046F8F765FC54ABFD
:106CD00094E8030083E8030039E74FEA4B1393FB82
:106CE000FAF34DE70023019305EB080300932346D5
:106CF00007EB0802314642A801F03AF9012301935B
:106D0000049AAB1A00932346BA1A314634A801F00C
:106D10002FF98AE700230193009504EB08033A4614
:106D200006EB080142A801F023F901230193009525
:106D30000499631A3A46711A34A801F019F974E7F4
:106D40000DF1980803230193039BFB180093059A08
:106D5000B31A3A463146404601F00AF918AE02230A
:106D60000193039BEB180093059AA31A2A46214628
:106D7000304601F0FDF8CDF8548016965BE750A838
:106D8000F8F717FA804665E750A8F8F712FA0646B2
:106D90006BE732460021384606F05CFC1FE008A98C
:106DA00002230B77029818F017FD539B0133519380
:106DB00053934246FF21504606F04CFC0024013517
:106DC0005D4514DC0AEB040700962B46509A3946C1
:106DD00013A801F06CF88DF83C000028D9D0344499
:106DE00033194345DBD2539B01335393E7E7539B5E
:106DF000519A9A4210D15046FBF7BEFC42A801F0CE
:106E00007EF834A801F07BF899F8513013F0040FA4
:106E10000BD059B0BDE8F08F013B539308A9022372
:106E20000B77029818F0D8FCE5E726A801F067F880
:106E300018A801F064F8ECE7C86F04084B6C002B4D
:106E400000F09780F0B5A1B005460C4691F85020AF
:106E5000022A3DD9896A226B914203D1606BE66AAE
:106E6000864235D003EBD3735B105B429142D4BFB3
:106E7000581898181C909142ACBFC3EB0100C3EBAB
:106E800002001E90616BE26A9142D4BF58189818B4
:106E90001D909142ACBFC3EB0103C3EB02031F93F0
:106EA0001CA805F138020146F8F732F880B1E26A11
:106EB000636B9A420ED0A26A236B9A420FD021468E
:106EC0002846FFF731FE94F8513013F0030F0BD131
:106ED00021B0F0BD21462846FFF708FDF3E7214623
:106EE0002846FFF797FDEEE704A8F6F749FDB4F84A
:106EF000402094F84230ADF83D208DF83F3047F601
:106F0000FF730E9394F850308DF83C30636C5F1033
:106F1000DB4303F0010694F8513013F0010F16D152
:106F200094F8513013F0020FD2D0226BD31B009390
:106F3000636BD91B01913A44921B02923B449B1B09
:106F400003936A4604A92846FDF734FFC0E7A26A06
:106F5000D31B0093E36AD91B01913A44921B02921E
:106F60003B449B1B03936A4604A92846FDF722FF76
:106F7000D6E77047026000234360C2F101020A6055
:106F80007047426800688242CCBF002001207047F1
:106F90000B68002B10DD10B442680468121B52000D
:106FA000053213440B600368013B036043680133FF
:106FB00043605DF8044B704742685200033213444B
:106FC0000B60436801334360704730B4C5684C1CA4
:106FD00035F8144035F81150641B1460826832F89B
:106FE00011201A604268C36833F81100104430BCA5
:106FF0007047F8B50546069CA06A01FB00F6B6127C
:10700000002808DD96420FDD94F8340010F00200ED
:1070100000D00120F8BD964206DA94F8340010F052
:107020000200F7D00120F5E7CE1800FB06F6B612F5
:10703000002809DDB24211DD94F8343013F0020F5C
:1070400000F0D5800020E5E7B24207DA94F834304A
:1070500013F0020F00F0CD800020DBE700280DDDEB
:10706000606A00FB02F242F39502161212F0FF0270
:107070000AD1A6EB010C4FF0FF0E3CE0606A02FB68
:10708000000040F39502F0E7C2F1FF02276B02FB1C
:1070900007F73F12C7F1FF0EB6EB010C1DD4634595
:1070A0001BDD07FB02F2C2F34722D043C0B294F8C3
:1070B000347017F0020F00D1024615F80C00FC2ABC
:1070C00009D8022A0CD900FB02F202EB022002EBE3
:1070D000C012C2F3C75005F80C000CF1010C0AE015
:1070E0000020F8E700203870226BAEEB020E0CF1A6
:1070F000010C634525DD206B704522DABCF1000FE1
:10710000F2DB9C45F0DA5FFA8EF2C0F34700121A08
:10711000D2B294F8340010F0020F01D0D243D2B2B0
:1071200005EB0C0715F80C00FC2ADCD8022AD9D98B
:1071300002FB00F000EB002200EBC210C0F3C750CE
:10714000D1E79C4529DABCF1000F26DB626A0EFB11
:1071500002F2921202FB0EFECEF3472EA26A002A22
:1071600027DB94F8342012F0020F03D06FEA0E0EE2
:107170005FFA8EFE05EB0C0015F80C20BEF1FC0F3B
:107180000AD8BEF1020F19D90EFB02F202EB022758
:1071900002EBC712C2F3C752027094F8340010F029
:1071A000020013D0721A934225DB002A08DA02206B
:1071B00030E76FEA0E0E5FFA8EFED2E70022EBE7B1
:1071C0000021284606F046FA022023E71CF1010CB4
:1071D0003FF520AF634501DC02201BE7A3EB0C0267
:1071E000002105EB0C0006F035FA022012E7012021
:1071F00010E701200EE700200CE7F8B58646069D53
:10720000686A02FB00FC4FEAAC24002809DD661C1A
:107210008E4208DA95F8340010F0020000D0012008
:10722000F8BD2646F4E7CE18A64207DA95F83430C2
:1072300013F0020F00F055810020F1E74CF38D248C
:10724000CCF3870602FB000242F38D2CC2F38702C7
:10725000671A644501D0002863DB644567D00028C5
:10726000C0F2B080C6F1FF0CAA6A02FB0CF29212C7
:10727000002F20DB9F421EDA02FB0CF6C6F34726E6
:10728000F043C0B295F834C01CF0020F00D106469E
:107290000EEB070C1EF80700FC2E0AD8022E40F257
:1072A000048106FB00F000EB002600EBC610C0F3E3
:1072B000C7508CF80000C2F1FF02686A02FB00F0C0
:1072C00080127E1C1DD4B3421BDD00FB02F2C2F310
:1072D000472295F8340010F0020F01D0D243D2B209
:1072E0001EF80600FC2A0AD8022A40F2E08002FBBF
:1072F00000F000EB002200EBC210C0F3C7500EF804
:107300000600023795F8340010F0020000F0D78034
:10731000621A9342C0F2ED80002A80F2CA800220F5
:107320007EE7002E99D1013F6446FF2695E7002FA6
:1073300020DB9F421EDA3244C2F3470C95F834201A
:1073400012F0020F03D06FEA0C0C5FFA8CFC0EEB0C
:1073500007001EF80720BCF1FC0F0AD8BCF1020F91
:1073600016D902FB0CFC0CEB0C220CEBC21CCCF370
:10737000C7520270013795F8340010F002000FD0A8
:10738000621A934240F3AF80002A03DA022047E7F3
:107390000022EEE70021704606F05CF902203FE78C
:1073A000BB4200DA1F46002F3FF43AAF002F01DC4A
:1073B000022035E7DA1B00210EEB070006F04AF940
:1073C00002202DE7A86A404206FB00F08012002F41
:1073D0001EDB9F421CDA00FB06F6C6F3472695F833
:1073E000342012F0020F01D0F643F6B20EEB070C78
:1073F0001EF80720FC2E09D8022E3ED906FB02F209
:1074000002EB022602EBC612C2F3C7528CF8002030
:10741000C0F1FF006A6A524200FB02F292127E1E25
:107420001DD4B3421BDD02FB00F0C0F34720C24372
:10743000D2B295F834C01CF0020F00D110461EF8ED
:107440000620FC2809D8022819D900FB02F202EB19
:10745000022002EBC012C2F3C7520EF80620013719
:1074600095F8342012F0020F11D0621A013A9342BB
:107470003BDB002A05DC0220D2E60022C6E7002220
:10748000EBE70021704606F0E5F80220C8E6BB42B3
:107490002DDB002F01DA0220C2E6DA1B00210EEB01
:1074A000070006F0D7F80220BAE6002001E7002026
:1074B00025E70021704606F0CDF80220B0E6BB4279
:1074C00000DA1F46002F3FF4ABAE002F01DC022094
:1074D000A6E6DA1B00210EEB070006F0BBF802203F
:1074E0009EE601209CE600209AE6022098E6012014
:1074F00096E6002094E6F0B583B086468C46089C5C
:10750000216A521AE569ACEB0501E66A002E49D101
:1075100094F8340010F0010713D0237E13F0060F07
:1075200050D003F00703022B05D0032B4CD1002AC7
:1075300005DD01203FE0002AF7DA01203BE00020D2
:1075400039E0247E04F00602022A3FD004F007004E
:10755000012809D090B9D9423AD4B5EB0C052AD408
:10756000AB4204DC022026E00029F3DD23E05A1BB5
:1075700000210EEB050006F06DF8F3E7D94229D49F
:10758000B5EB0C0500D42E469E4201DB384612E0D6
:10759000002E01DA02200EE032460021704606F08D
:1075A00059F8F7E794F8340010F0010F05D0009473
:1075B0007046FFF71EFD03B0F0BD00947046FFF764
:1075C0001CFEF8E70120F6E70020F4E70120F2E7CF
:1075D0000120F0E73846EEE72DE9F04782B081461A
:1075E0000E4615461F460A9CE368A2EB030CA268F0
:1075F000891A2269B32A00F393806069B32800F3E3
:107600008F80002A00F08C80002800F08980824260
:1076100040F38680AB4200F38A81636F0CFB03F377
:107620004FEAA32EE36B0CFB03334FEAA32AA2F22B
:107630000F13582B02D8BAF1000F0EDB531E592B33
:1076400002D8BAF1000F20DB5B3AB22A07D8BAF1B0
:10765000000F04DD4FF0000A01E04FF0000AA0F235
:107660000F13582B02D8BAF1000F11DB431E592B10
:1076700002D8BAF1000F35DB5B38B2280AD8BAF16C
:10768000000F07DD4FF0000A04E04FF0000AE6E7C4
:107690004FF0000AAEEB0A030AEB630AAAEB010AF9
:1076A000BA4500DDBA46BAF1000F1EDC4FF0010802
:1076B000BA4500DDBA46BAF1000F28DBD144A7EB8A
:1076C0000A07503400943B462A460AEB0601484616
:1076D000FFF711FF0446E8B1A04500F02F814FF0FD
:1076E00002082BE14FF0000AD4E704F118030093DD
:1076F00053462A4631464846FFF7FDFE804600289D
:10770000D6D152460021484605F0A4FFD0E74FF0FD
:10771000000AD3E73A460021484605F09BFFDBE725
:10772000B42A40F39180D4F814E0BEF1B40F40F3D2
:107730008B80724540F38880AB42C0F2FB80606F63
:107740000CFB00F04FEAA028E06B0CFB00004FEAB6
:10775000A02AA2F20F13582B02D8BAF1000F0EDBA9
:10776000531E592B02D8BAF1000F22DB5B3AB22A22
:1077700007D8BAF1000F04DD4FF0000A01E04FF026
:10778000000AAEF20F13582B02D8BAF1000F13DB28
:107790000EF1FF33592B02D8BAF1000F36DBAEF1F0
:1077A0005B03B22B0AD8BAF1000F07DD4FF0000AD5
:1077B00004E04FF0000AE4E74FF0000AA8EB0A00EB
:1077C0000AEB600AAAEB010A574500DABA46BAF199
:1077D000000F1EDC4FF00108BA4500DDBA46BAF1D1
:1077E000000F28DBD144A7EB0A07183400943B466E
:1077F0002A460AEB06014846FFF77DFE0446E8B13B
:10780000A04500F09B804FF0020897E04FF0000A7F
:10781000D4E704F15003009353462A4631464846C4
:10782000FFF769FE80460028D6D15246002148461F
:1078300005F010FFD0E74FF0000AD3E73A460021E9
:10784000484605F007FFDBE7B42A05D09AB9AB42FA
:1078500027DD4FF0030A03E0AB421FDD4FF0010AC2
:107860006369B42B26D0002B3BD1E368AB424FDDDC
:107870004FF0010823E0B32A01DCAB4214DCB42A48
:1078800001DDAB4213DD04F1180300933B462A46A9
:1078900031464846FFF72FFE8246E1E74FF0030AE4
:1078A000DEE74FF0010ADBE74FF0030AD8E74FF0BD
:1078B000030AD5E7E368AB4227DD4FF00308BAF1CE
:1078C000000F3AD0B8F1000F38D0BAF1030F28D02A
:1078D000BAF1010F36D1B8F1010F2FD04FF00208E5
:1078E0002CE0B32B02DCE268AA4214DCB42B02DDEC
:1078F000E368AB4212DD503400943B462A463146E1
:107900004846FFF7F8FD8046D9E74FF00108D6E773
:107910004FF00308D3E74FF00308D0E74FF0030818
:10792000CDE7B8F1030FD3D14FF0000806E04FF0D8
:10793000010803E04FF0010800E0D046404602B0E5
:10794000BDE8F0874FF00208F8E72DE9F04F89B065
:1079500007468B4615461E46129C94F81C90D4F898
:107960001880A2680492E368059320690690616913
:10797000079119F0010931D19D42C0F22E818D424B
:1079800000F32F8108EB020CDC4505DC0BEB060C49
:10799000A0EB080EF44506DD4344AB424EDCA1EB00
:1079A0000801A9424ADBB9F1000F2AD1A2EB0B056D
:1079B000AE42C0F21A81002D17DA069CA4EB0B042C
:1079C0000134002C40F31381A64214DC002D40F05A
:1079D0001081A64200F00F810220FFE09D42C0F21C
:1079E00002818D42CEDD0120F8E02A460021384692
:1079F00005F030FEE1E7321B0021381905F02AFEC0
:107A0000E4E7B2EB0B0A10D4B2450CDCA0EB0B029E
:107A1000A2EB0A0201320AEB0203B34201DDA6EB3C
:107A20000A02002A04DA0220D8E04FF0000AEBE74D
:107A3000002107EB0A0005F00DFEF4E7A2EB0B0AAC
:107A40000DF1100B5846F7F7B4FB01905846F7F7C5
:107A5000B5FB059BED1AA84518DDA8EB0505691EC9
:107A600002AB03AA206AFFF7B0FA019A5244A2EBD4
:107A70000802029B1A44D044A8EB030808F1FF3423
:107A8000B9F1000F40F08D8000230CE0A0EB08005E
:107A9000291AE5E761461EE000211CE04FF0000CCA
:107AA00007F801C001330399994227DDC91A01394A
:107AB00010F801C09D180FD4B5420DDA795DFC298C
:107AC000E8D80229E8D901FB0CF101EB012E01EB0A
:107AD000CE11C1F3C7517955E11AE3D4B142E1DACD
:107AE0007D5CFC2DDCD8022DD8D905FB0CF505EB0F
:107AF000052C05EBCC15C5F3C75CD1E798180346F8
:107B0000B042A8BF334623EAE370321A002138445A
:107B100005F0A0FD039BE21A0132B242A8BF324633
:107B200022EAE2720021384605F094FD022055E079
:107B30000D461FE000251DE0002179550133039912
:107B4000994230DD0139C91A415CC943C9B213EB0E
:107B5000020C11D4B4450FDA17F80C50FC2DE7D8FD
:107B6000022DE7D901FB05F505EB052E05EBCE153A
:107B7000C5F3C75507F80C50E51ADFD4B542DDDA76
:107B800017F805C0BCF1FC0FD7D8BCF1020FD3D950
:107B90000CFB01FC0CEB0C210CEBC11CCCF3C75112
:107BA000CBE70023CBE7B045A8BFB04628EAE87092
:107BB000964206DD131ADB0F43B9964204DD121A12
:107BC00005E0331ADB0FF7E7321A00E0002200214C
:107BD000384405F03FFD022000E0002009B0BDE878
:107BE000F08F0020FAE70120F8E70020F6E70020F8
:107BF000F4E70220F2E70120F0E7002900F05581C8
:107C00002DE9F04F8DB0054689468161006808B1C5
:107C1000FAF7B2FD09F1010606EB46004000FAF75B
:107C20008FFD286008B368604FEA490302330344BC
:107C3000EB604FEA8904231D0344AB60B9F1010FE7
:107C400014D03001FAF786FD0746E0B100EBC60616
:107C5000224609A90AA8FFF78DF90A9B9B100593F4
:107C6000002301931C469A463AE0FEE7B4230370D2
:107C7000EA6800231380EA6801215180AA68138012
:107C80000DB0BDE8F08FFEE7B8F1040F40F0A28020
:107C9000059B089A934246D0069A934258D047F8DB
:107CA000243046F824A06A680199115569680A5D74
:107CB00012010A55611C013B47F8213046F821A00A
:107CC000029B039A13446A68049850FA83F30433BE
:107CD00053546A68535C1B01535402340AF1010A7D
:107CE0000AA8FFF74EF9002874D04FF00008B8F149
:107CF000030FC9DC0DF1280B09A95846FFF748F915
:107D00005846FFF73EF90028BED00A9B99100CAAEE
:107D100002EB880242F81C1C03F0030342F82C3CDF
:107D200008F10108E3E747F8243046F824A0019B56
:107D3000029A1344039A52FA83F36A68049951FA37
:107D400083F313556A68135D1B0113550134C5E7AE
:107D5000079A93421ED047F8243046F824A0696859
:107D6000019A029802440A5569680A5D12010A558F
:107D7000621C013B47F8223046F822A06968039B49
:107D80000498034408338B5469688B5C1B018B5443
:107D90000234A3E747F8243046F824A0019A029958
:107DA0000A446968039850FA82F20A5569680A5DC4
:107DB00012010A55621C013B47F8223046F822A006
:107DC0006968049B0C338B5469688B5C1B018B5472
:107DD000023483E740F2D32303FB09F94FEAA921D8
:107DE000224604F18040013857F82030B3EBA92F28
:107DF00015D0C9F30909B9F5007F15DC09FB09F9AC
:107E00004FEAE93347F8221046F8221069688B548C
:107E100069688B5C1B018B540134A31E1AE056F871
:107E200020308B42E5D1F8E7C9F5806909FB09F9F3
:107E30004FEAE933C3F10F03E4E756F8232047F88C
:107E4000242057F8232046F824206A68D15C115575
:107E5000013B0134002BF0DAEA68002313809E46D0
:107E600012E057F82300A96831F80C208242A8BF1D
:107E7000024621F80C200133A34203DA56F82320EE
:107E80007245EED00EF1010EA3420ADAEA684FEA1B
:107E90004E0C22F81E3057F82310AA6822F81E1044
:107EA000EAE73846FAF768FCEAE6704770472DE9DA
:107EB000F04F83B00646894690461F46DDF830A055
:107EC0000024A34600E0013456F824306BB11D684D
:107ED000009353463A4641464846A847034640B1B8
:107EE0000228F0D14FF0010BEDE7BBF1000F04D1F8
:107EF0000123184603B0BDE8F08F0223F9E70379A8
:107F0000022B00D0704710B50446036A2BB11A69E2
:107F1000002A03DB5A69013A5A6110BD5868FAF722
:107F20002BFC206AFAF728FCF7E7000038B500249C
:107F30000CE0C5EBC505A80000F5AC701C220021C3
:107F40000A4B184405F086FB0134E4B2032C0CD82C
:107F50002546C4EBC4039A00044B1344D3F85801DC
:107F60000028E6D0FAF708FCE3E738BD241C00201F
:107F70002DE9F8430446884615461F46089E9DF89D
:107F800024903822002105F065FBB5425AD0B54255
:107F900005DC33462E461D463B464746984632464C
:107FA000394604F10800F7F701FB2A46414604F17F
:107FB0001000F7F7FBFA237E69F3020323763246BB
:107FC000394604F11C00F7F7F1FAA8EB070787EA36
:107FD000E773A3EBE773AD1B85EAE572A2EBE572ED
:107FE0009342D4BF0023012394F8342063F30002AA
:107FF00084F834200023A36263623C4A2260237128
:1080000094F8343013F0010F22D03FB14FF48013B5
:1080100093FBF7F305FB03F39B12A3623DB14FF40F
:10802000801393FBF5F307FB03F39B126362A36AD0
:10803000E362237E03F00703032B24D8DFE803F079
:108040001D2A3142B9F1030FA1D1013D013E9EE746
:108050003DB14FF4801393FBF5F307FB03F39B1241
:1080600063623FB14FF4801393FBF7F303FB05F515
:10807000AD12A562636AE362DBE794F8343023F063
:10808000020384F83430E26A93102363002A2ADB67
:10809000BDE8F88394F8343043F0020384F83430B8
:1080A000F1E7E36A002B06DD94F8343043F0020375
:1080B00084F83430E7E794F8343023F0020384F88E
:1080C0003430E0E7E36A002B06DD94F8343023F027
:1080D000020384F83430D6E794F8343043F00203D6
:1080E00084F83430CFE75B422363D1E7F7740108AB
:1080F0002DE9F04182B007460D4616461C46B42BCA
:1081000002DDA3F1B40424B204F15A0000B2F8F77E
:108110002BFD05EB60182046F8F726FD06EB6010F6
:108120009DF8203001930090434632462946384658
:10813000FFF71EFF02B0BDE8F08100002DE9F0431B
:1081400083B005460F4690460A9E1C1E05DBB4F51B
:10815000B47F03DB40F2671400E00024002E05DB4F
:10816000B6F5B47F03DB40F2671600E00026B442A8
:1081700014DD331B03F5B473A5F888302C616E61F0
:108180004246394605F10800F7F710FA1D4B2B60FF
:1081900001232B71B4F5B47F07D9FEE7331B002B05
:1081A000B8BF5B42A5F88830E8E7B32C06D80023B7
:1081B000002E02DBB4F5B47F02DDFEE70123F7E712
:1081C000B32E06D9A6F1B402B32A18D84FF000098D
:1081D00001E04FF00109009323B24246394605F110
:1081E0001800FFF785FFCDF8009033B242463946BC
:1081F00005F15000FFF77CFF03B0BDE8F0834FF0BE
:108200000109E8E7D97501082DE9F04104460E4659
:1082100090461F460846F6F7CCFF05463046F6F76F
:10822000CDFFA842A8BF28464510B8EB600F00DC80
:108230004546002D1FDB3368A3607368E360B368B5
:108240002361F3686361A561227F67F300022277EF
:10825000414B2360022323717DB10023032B33D8CC
:10826000C3EBC3013D4A02EB8102D2F87021AA425E
:1082700006D00133F2E70025DDE7002323625EE04C
:10828000364A02EB8102D2F86C110131C2F86C114E
:10829000D2F868210F2D15DD2D112A44B2F57A7F11
:1082A000A8BF4FF47A722D48C3EBC30100EB8101E4
:1082B000C1F86821C3EBC3039B0003F5AC7303440F
:1082C00023623CE00125E8E70020034605E0880042
:1082D00000F5AC70214A10440133032B1CD8C3EBCA
:1082E000C3011E4A02EB8102D2F86C21002AF3D1AD
:1082F0000028ECD0C3EBC301184A02EB8102D2F88C
:10830000681102699142E7DAC3EBC300800000F50F
:10831000AC70124A1044DFE798B1436901334361FE
:10832000002303610F2D15DD2B11B3F57A7FA8BF54
:108330004FF47A73036120622946FFF75EFCBDE8C3
:10834000F0811C20FAF706FA18B14FF0FF330361F1
:10835000F1E7FEE70123E8E74B790108241C002040
:108360002DE9F04397B080460C4601F1280600F154
:108370003802314612A8F6F7CBFD002800F0B38092
:10838000D8F84870D7F8009094F83C3013F0010FFB
:1083900013D005AD0023A26B31462846FFF734FF0A
:1083A000002303930493039512A8F6F702FF0446F3
:1083B000FAF7C6F90646139D6DE0E36A013B0EAD80
:1083C0000093D8F84030D8F83C20D8F83810284628
:1083D000F6F76AFD7969BA69524249422846F6F7CA
:1083E0008AFD29464846F3F7B5FF626BD8F844305A
:1083F0000093D8F840300132D8F838102846F6F704
:1084000053FD7969BA69524249422846F6F773FD2D
:1084100029464846F3F79EFFA36A626B0092013B30
:10842000E26AD8F838102846F6F73EFD7969BA694D
:10843000524249422846F6F75EFD29464846F3F780
:1084400089FF216B636B0093D8F84030E26A0131F9
:108450002846F6F729FD7969BA6952424942284609
:10846000F6F749FD29464846F3F774FF91E70133D3
:10847000A3420FD2F25CFF2AF9D000EB830191F8FE
:1084800003C002FB0CFC4FEA1C2C81F803C0EEE792
:108490000023EDE70135159BAB421EDB2246FF2191
:1084A000304605F0D7F800942B46129A314603A8BF
:1084B000FFF7FDFC80460128ECD07B69BA69AA1A57
:1084C0001299C91A3846F3F7D9F9B8F1000FDFD17C
:1084D000A200002105F0BEF8DCE73046FAF74CF9BF
:1084E00005A8FFF70CFD17B0BDE8F08384B001903C
:1084F0009DF80710D9B900238DF806308DF80530A6
:108500008DF80430019B039300209DF80C3063F339
:1085100007009DF80D3063F30F209DF80E3063F3D4
:1085200017409DF80F3063F31F6004B070479DF84B
:1085300006304FF47F4292FBF1F202FB03F31B1271
:108540008DF806309DF8053002FB03F31B128DF801
:1085500005309DF8043002FB03F31B128DF8043044
:10856000D0E72DE9F04F8BB0069002920593DDF82D
:1085700050A0DDF85490DDF858B0DDF85C80189D0F
:10858000199C9DF8683007930023019102E00022B6
:10859000E2540133AB4280F2A5800BFB03F70AEBF8
:1085A000272708FB03F609EB262630123A12EED4F1
:1085B00001998A42EBDA0028E9DB02998842E6DA7F
:1085C0005FFA87FE5FFA86FC17F0800F4FD1CEF17D
:1085D0007F0E4FEA4E0108914FF0FF31039116F0E4
:1085E000800F4CD1CCF17F0C4FEA4C0109914FF038
:1085F000FF310491059901FB0026069901EB060C59
:1086000004EB030E8E5DE654079900293FD00399D1
:1086100089183CD4019FB94239DA04990F1836D42D
:1086200002998F4233DA039A1CF80270049A059972
:1086300001FB02F21CF80220BE4208D00999C1F5E4
:10864000807006FB00F001FB0700C0F3072796428D
:1086500008D00899C1F5807006FB00F001FB02000C
:10866000C0F307223A4452108EF8002091E7AEF191
:10867000800E4FEA4E01089101210391AFE7ACF162
:10868000800C4FEA4C01099101210491B2E712B923
:10869000039900291DDB019901F1FF3C944515D098
:1086A00010B9049A002A08DB029A013A82427FF448
:1086B00070AF049A002A7FF76CAF099AC2F1FF02EB
:1086C00002FB06F636128EF8006062E7039A002A73
:1086D000E6DD089AC2F1FF0206FB02F212128EF8E2
:1086E000002056E70BB0BDE8F08F2DE9F04F8FB0BA
:1086F00006908E4601920493DDF86080DDF8689064
:10870000DDF86CA0DDF870B01D9C1E9D9DF87C30DE
:1087100005939DF880300793002303E00022E25484
:10872000EA5401335B4580F2328109FB03F208EB26
:1087300022220AFB03F1199800EB21210E121012DC
:10874000ECD47045EADA002EE8DB019FBE42E5DAA0
:108750005FFA82FCCFB212F0800F7ED1CCF17F0C99
:108760004FEA4C0C4FF0FF32029211F0800F7BD198
:10877000C7F17F07790008914FF0FF310391059908
:10878000002900F0A0804100049F07FB0611069A13
:1087900017460F440997E7180B97515CE154E91805
:1087A0000A9109994978E954079F002F62D0029AEB
:1087B00012185FD472455DDA039A92195AD4019F58
:1087C000BA4257DA0999029A31F81220ADF83020EE
:1087D000039A049F07FB02F28A5AADF834209DF8F1
:1087E00034009DF83060E15C814208D0089FC7F5F5
:1087F000807201FB02F207FB0022C2F30720B142A4
:1088000007D0CCF5807201FB02F20CFB0622C2F30A
:108810000726821952100B990A709DF835009DF8B1
:1088200031600A9A1278824208D0089FC7F5807199
:1088300002FB01F107FB0011C1F30720B24207D090
:10884000CCF5807101FB02F20CFB0622C2F3072675
:10885000821952100A990A7063E7ACF1800C4FEA52
:108860004C0C0122029280E7803F7900089101219F
:10887000039184E710B9029A002A1CDB0EF1FF373E
:10888000874215D016B9039A002A08DB019A013AEB
:10889000B2427FF446AF039A002A7FF742AF089AAC
:1088A000C2F1FF0202FB01F109120A9A117038E7C6
:1088B000029A002AE6DDCCF1FF0201FB02F212125D
:1088C0000A990A702DE7049901FB0601069F7A18A0
:1088D0000A92E2180992795CE154EF18FF21E954F9
:1088E000079A6AB3029909182AD4714528DA039ABB
:1088F000911925D4019A914222DA039E049800FB33
:1089000006F60A9A905D0299565CE25C824208D0B3
:10891000089FC7F5807102FB01F107FB0011C1F34D
:108920000720B24207D0CCF5807101FB02F20CFBAC
:108930000622C2F307268219521009990A70F0E63E
:1089400010B9029A002A1BDB0EF1FF31814214D0CC
:1089500016B9039A002A08DB019A013AB2427FF461
:10896000E0AE039A002A7FF7DCAE089AC2F1FF025C
:10897000C2EB022212123A70D3E6029A002AE7DD15
:10898000CCF1FF02C2EB022212123A70C9E60FB01C
:10899000BDE8F08F30B4046A1CB98569B5F5807FF5
:1089A00015D0C56A491B056B521BD4B909048469EB
:1089B00091FBF4F1446A214419601204C36992FBEB
:1089C000F3F2836A1A44029B1A6030BC7047C5698F
:1089D000B5F5807FE5D1090219601202029B1A6089
:1089E000F3E78469B4F5807F1DD0456901FB05FC80
:1089F000056902FB15CC4FEA0C2C9CFBF4FC446A85
:108A000004EBAC041C600469436902FB03F301FB43
:108A100004331B02C26993FBF2F3826A02EBA303E5
:108A2000029A1360D1E7C569B5F5807FDDD144694D
:108A300001FB04F4056902FB1544456A05EBA40437
:108A40001C600469436902FB03F301FB0433826A7F
:108A500002EBA303029A1360B7E72DE9F04F8DB044
:108A600004900F4601920393DDF864A0DDF868B02E
:108A70001B9E9DF8703005930024DDF85C80DDF8C6
:108A8000609004E006EB84030022DA7001345C4558
:108A900080F2DB8009FB04F1169B03EB21210AFB2A
:108AA00004F008EB202002120B12EBD4BB42E9DAEF
:108AB000002AE7DB019DAA42E4DA5FFA81FCC5B235
:108AC00011F0800F50D1CCF17F0106914FF0FF3CA7
:108AD00010F0800F4ED1C5F17F0107914FF0FF31AB
:108AE00002911D9901FB03F1039800FB0211009113
:108AF000049841180991A500089506EB840591F8A2
:108B000002E085F802E091F801E085F801E00099C3
:108B1000415C06F82410FF21E970059951B11CEB66
:108B2000030107D4B94205DA0299891802D40198E1
:108B3000814225DB13B9BCF1000F7EDB791E99421F
:108B400078D012B9029B002B06DB019B013B9342BC
:108B50009CD1029B002B99DD079BC3F1FF03C3EB64
:108B600003231B12EB7091E7ACF1800106914FF0EB
:108B7000010CADE7A5F18001079101210291B0E759
:108B80001D9B03FB0CFC099800EB0C039A788DF8F5
:108B90002A205B788DF8293010F80C308DF82830B9
:108BA000FF238DF82B30029A039901FB02F2811802
:108BB00091F802C08DF82EC049788DF82D10825C96
:108BC0008DF82C208DF82F300B9956F82400F6F7ED
:108BD000F5FFD8B10A99089BF058F6F7EFFF002887
:108BE0007FF454AF069B8DF82B30089BF1580A9800
:108BF000F7F7A2F9089BF054C0F307236B70C0F39A
:108C00000743AB70C0F30760E8703FE7079B8DF840
:108C10002F3056F824100B98F7F78EF906F8240039
:108C2000C0F307236B70C0F30743AB70C0F307605A
:108C3000E870CFE7BCF1000F83DD069BC3F1FF03B3
:108C4000C3EB03231B12EB7020E70DB0BDE8F08FE0
:108C50002DE9F04F8BB001900E4600920393DDF8A2
:108C60005890DDF85CB0DDF860A0199D9DF8683083
:108C700004930024DDF8548003E0002345F82430F9
:108C80000134544580F2F18009FB04F3149A02EB9D
:108C900023230BFB04F208EB222210121912ECD44E
:108CA000B142EADA0028E8DB009FB842E5DA5FFA71
:108CB00083FE5FFA82FC13F0800F55D1CEF17F0363
:108CC00005934FF0FF3312F0800F52D1CCF17F02A9
:108CD00006924FF0FF324FEA810E039F07FB00EE32
:108CE000019F07EB0E0CA700079705EB840702977F
:108CF000019F57F80EE045F824E0049F002F00F094
:108D00008C8013EB010E00F18880B64580F28580DF
:108D100012EB000E00F18180009FBE457DDA5CF809
:108D200023000890039B03FB02F25CF80200099009
:108D30009DF827301F460BBB0299CB78069AC2F1EB
:108D4000FF0202FB03F31B12CB709DF823301F467A
:108D5000002B3AD10299CB78059AC2F1FF0202FBAF
:108D600003F31B12CB708BE7AEF180030593012355
:108D7000A9E7ACF1800206920122ACE70999079BB2
:108D8000E858F6F71BFF0028DFD10299CB7843B1F2
:108D90000698C0F1FF0202FB03F300FB07331B122E
:108DA000CB70069B8DF82730079FE9590998F7F794
:108DB000C3F8E855C0F3072202994A70C0F307428E
:108DC0008A70C0F30763CB70BFE70899079BE85828
:108DD000F6F7F4FE00287FF453AF0299CB7843B145
:108DE0000598C0F1FF0202FB03F300FB07331B12DF
:108DF000CB70059B8DF82330079FE9590898F7F74A
:108E00009BF8E855C0F3072202994A70C0F3074265
:108E10008A70C0F30763CB7032E709B9002B1ADB05
:108E200006F1FF3C8C4514D008B9002A07DB009BF3
:108E3000013B83427FF424AF002A7FF721AF0299E0
:108E4000CA78069BC3F17F0302FB03F3DB11CB70EF
:108E500016E7002BE8DD0299CB78059AC2F17F0274
:108E600002FB03F3DB11CB700AE70BB0BDE8F08F18
:108E70002DE9F04F8BB004900F4600920393DDF87C
:108E80005CA0DDF860B0199D9DF868300593002462
:108E9000DDF85090DDF8588003E0002345F82430D9
:108EA00001345C4580F2578108FB04F309EB23236E
:108EB0000AFB04F2159901EB222210121912ECD4CC
:108EC000B942EADA0028E8DB009EB042E5DA5FFA50
:108ED00083FCD6B213F0800F7ED1CCF17F030693D2
:108EE0004FF0FF3312F0800F7BD1C6F17F02079263
:108EF0004FF0FF3202924FEA810E039A02FB00EE1E
:108F0000049A02EB0E0CA600019605EB840652F8BB
:108F10000EE045F824E0059A002A00F0B68013EB35
:108F2000010E00F1B280BE4580F2AF80029A12EBD2
:108F3000000E00F1AA80009A964580F2A6805CF8A7
:108F400023000890039A029B02FB03F35CF80300E2
:108F5000099055F82400FFF7C9FA05F82400C0F37A
:108F600007237370C0F30743B370C0F30760F0705A
:108F70000898FFF7BBFA08900998FFF7B7FA09902D
:108F80009DF827300293002B31D1F378079AC2F174
:108F9000FF0202FB03F31B12F3709DF823300293D0
:108FA000002B4BD1F378069AC2F1FF0202FB03F3C8
:108FB0001B12F370B278F37803FB02F21212B27054
:108FC000727803FB02F21212727001996A5C02FB62
:108FD00003F31B126B5463E7ACF180030693012388
:108FE00080E7A6F1800207920122029283E70999A5
:108FF000019BE858F6F7E2FD0028CED1F3784BB19B
:109000000799C1F1FF0202FB03F3029A01FB02334D
:109010001B12F370079B8DF82730019BE9580998C4
:10902000F6F78AFF019AA854C0F307227270C0F3C2
:109030000742B270C0F30763F370AEE70899019B73
:10904000E858F6F7BBFD0028B4D1F3784BB1069988
:10905000C1F1FF0202FB03F3029A01FB02331B1270
:10906000F370069B8DF82330019BE9580898F6F7BA
:1090700063FF019AA854C0F307227270C0F307423D
:10908000B270C0F30763F37094E709B9002B3ADBC1
:1090900007F1FF3C8C4534D010B9029B002B08DB54
:1090A000009B013B83427FF4FBAE029B002B7FF7CA
:1090B000F7AE01996858FFF719FA01996854C0F39F
:1090C00007237370C0F30743B370C0F30760F070F9
:1090D000C3B2079AC2F17F0202FB03F3C3F3C713C3
:1090E000F370B27803FB02F21212B270727803FBD3
:1090F00002F2121272706A5C02FB03F31B126B54D1
:10910000CEE6002BC8DD01996858FFF7EFF9019909
:109110006854C0F307237370C0F30743B370C0F300
:109120000760F070C3B2069AC2F17F0202FB03F33C
:10913000C3F3C713F370B27803FB02F21212B270DA
:10914000727803FB02F2121272706A5C02FB03F384
:109150001B126B54A4E60BB0BDE8F08F2DE9F04F65
:109160008FB006900E4601920593DDF868A0DDF8F9
:109170006C801C9FDDF878B09DF87C1007919DF8FD
:109180008010089102FB03020C9203EBD3735B1077
:109190000B930024189DDDF8649003E000230BF886
:1091A00004300134BC4280F2F5800AFB04F105EB87
:1091B000212108FB04FC09EB2C2C4FEA2C220B127A
:1091C000ECD4B342EADA002AE8DB01989042E5DD0C
:1091D000C8B25FFA8CFE11F0800F74D1C0F17F002D
:1091E000410009914FF0FF3102911CF0800F70D1C6
:1091F000CEF17F0E4FEA4E0C4FF0FF310491590033
:10920000059802FB0011069800EB010E415A0394E9
:1092100060000A9049BA1D9820F814100899002996
:1092200000F082800299C9187ED4B1427CDA049998
:10923000891879D40198814276DA02993EF81110A2
:1092400049BA89B20D910499059800FB01F13EF8E5
:10925000011049BA1FFA81FE0799002940D00B99E5
:1092600002FB01330C9802461A440BEB04010391F4
:10927000C35C0BF804300299515C029104980B997D
:1092800001FB00F0125C934207D0CCF5807003FB29
:1092900000F00CFB0200C0F30722029883420AD0C0
:1092A0000999C1F5807000FB03F3029801FB0033BC
:1092B000C3F307230293029B1344C3F34703039AA8
:1092C00013708BB96DE7803841000991012102913B
:1092D0008BE7AEF1800E4FEA4E0C012104918EE730
:1092E000FF23039A0BF802301D9B0A9A995A714585
:1092F00003D10D9B99423FF454AF0CF0FE0270462F
:10930000F6F7BEFC0290099B03F0FE021D990A9B32
:10931000C95A0D98F6F7B4FC7F220299F6F7B0FC13
:109320001D9A0A9BD0523CE70799C1B10B9902FBE9
:1093300001310C98415C13B90298002814DB06F146
:10934000FF3E9E450DD012B9049B002B19DB019BFB
:10935000013B934212D0039B0BF8031021E7FF213E
:10936000E9E7029B002BEEDD099BC3F1FF0301FB44
:1093700003F31B12039A0BF8023012E7049B002B35
:10938000E9DDCCF1FF0301FB03F31B12039A0BF899
:10939000023006E70FB0BDE8F08F2DE9F04F8FB037
:1093A00006900E4601920593DDF868A0DDF86C800A
:1093B0001C9FDDF878B09DF87C1007919DF8801017
:1093C000089102FB03020B9203EBD3735B100C9327
:1093D0000024DDF8649003E000230BF8043001342E
:1093E000BC4280F2E8800AFB04F1189B03EB2121C8
:1093F00008FB04FC09EB2C2C4FEA2C220B12EBD4BB
:10940000B342E9DA002AE7DB01989042E4DDC8B212
:109410005FFA8CFE11F0800F67D1C0F17F00410030
:1094200009914FF0FF3102911CF0800F63D1CEF112
:109430007F0E4FEA4E0C4FF0FF3104915900059812
:1094400002FB0011069D05EB010E039460000A90DB
:10945000695A1D9820F814100899002975D00299AE
:10946000C91872D4B14270DA049881186DD4019D84
:10947000A9426ADA02993EF811100D910146059849
:1094800000FB01F13EF801E0079D002D3AD00C9D54
:1094900002FB05330B990A461A440BEB04000390B8
:1094A000CB5C0BF804300299515C049805FB00F08A
:1094B000125C934207D0CCF5807003FB00F00CFBEC
:1094C0000200C0F307228B4208D0099DC5F58070C9
:1094D00000FB03F305FB0133C3F307215318C3F368
:1094E0004703039A13708BB979E7803841000991DB
:1094F0000121029198E7AEF1800E4FEA4E0C012156
:1095000004919BE7FF23039A0BF802301D9B0A9AF4
:10951000995A714503D10D9B99423FF460AF0CF00D
:10952000FE027046F6F7ACFB0290099B03F0FE02C8
:109530001D9B0A9D595B0D98F6F7A2FB7F220299AD
:10954000F6F79EFB1D9B585349E70799C1B10C994B
:1095500002FB01310B98415C13B90298002814DB1F
:1095600006F1FF3E9E450DD012B9049B002B19DB7E
:10957000019B013B934212D0039B0BF803102EE793
:10958000FF21E9E7029B002BEEDD099BC3F1FF03FE
:1095900001FB03F31B12039A0BF802301FE7049B35
:1095A000002BE9DDCCF1FF0301FB03F31B12039A4F
:1095B0000BF8023013E70FB0BDE8F08F2DE9F04F44
:1095C000A9B0074611910E920F93DDF8CC809DF85B
:1095D000D4B0D8F83C305E422396D8F8402021928F
:1095E000D8F84420229208F1500292E8030028AAF9
:1095F00002E90300DFF8409489FB0612F617C6EB78
:10960000A20606F1010A6FF0090406FB04F4E41A4D
:1096100030B2F7F7A9FA0A900FFA8AF0F7F7A4FA2E
:10962000054606F15A0000B2F7F79EFA06460AF11F
:109630005A0000B2F7F798FAC4F10A0304FB05F5E3
:109640000A9A02FB035589FB0512ED17C5EBA2052B
:109650001F9500FB04F406FB034489FB0439E4175F
:10966000C4EBA90420946D111F9564112094269BCE
:109670001B022493279B1B0225933846F5F799FD7F
:1096800004463846F5F79AFD0A90ABF106030F2B16
:1096900013D8DFE803F02C12121212121212120861
:1096A000121212120F2C1020F6F763FA04FB00F3CB
:1096B0000B9308E063000B9308E05846F6F759FA5D
:1096C00004FB00F30B93BBF1120F12D0ABF10603B6
:1096D000152B19D8DFE803F01318181818181818E4
:1096E0001818181818180D1318181818180D0B94A6
:1096F000ECE7369B0B9A0A9901FB023605E0369B94
:109700000A9A02FB043600E0002698F85D30C3F3A5
:1097100000131093D8F83C509DB34FF0000ACDF8D9
:1097200034A0CDF830A0D1464FF000080A9B9845F0
:1097300080F27F81002D40F081800D9B08FB03F1BA
:109740000C9B03EB21212B46ABF10602152A00F2FC
:109750007081DFE812F044016E016E016E016E014E
:109760006E016E016E01CF00BB00E1009F0005019C
:109770006E012F0159016E016E016E016E01F30041
:109780001A010E9B013BD8F850209B1AD8F84010C4
:1097900001FB03F302EB23220F9B013BD8F854108B
:1097A0005B1AD8F8440000FB03F301EB23293B6864
:1097B0009342A8BF134619461793BB689342A8BFAC
:1097C0001346984619937B684B45A8BF4B461A46EB
:1097D0001893FB689945A8BF9946CDF868900DF19C
:1097E0006C0A14AB009313AB5046FFF7D3F816ABDB
:1097F000009315AB4A4641465046FFF7CBF8139904
:10980000159B5A1A1498169B1B1A012C12DD120272
:1098100004F1FF3C92FBFCFA0A9A012A0CDD1B02C0
:10982000013A93FBF2F30D9301F1800900F18003FB
:109830000C9379E7AA46EFE70D95F5E77A680DF105
:109840006C0915AB009314AB424439684846FFF7E6
:10985000A1F87A6817AB009316AB4244B968484642
:10986000FFF798F8149A169BA3EB020A1599179B19
:109870005B1A012C0BDD4FEA0A2A601E9AFBF0FAF4
:109880001B0293FBF0F302F1800980315CE70023B7
:109890009A46F8E704220792109A0692369A0592A1
:1098A00004940393CDF808A00191CDF80090329B69
:1098B0000F9A0E991198FFF7D0F8369B0B9A134424
:1098C000369306B1264408F101082FE703220792D8
:1098D000109A0692369A059204940393CDF808A044
:1098E0000191CDF80090329B0F9A0E991198FFF7D5
:1098F000B4F8E2E7109A0692369A0592049403931C
:10990000CDF808A00191CDF80090329B0F9A0E99E6
:109910001198FEF726FED0E7109A0692369A059225
:1099200004940393CDF808A00191CDF80090329BE8
:109930000F9A0E991198FFF78BF9BEE7109A0692CD
:10994000369A059204940393CDF808A00191CDF8BE
:109950000090329B0F9A0E991198FFF789FAACE7A5
:10996000109A0892002207920696369A059204945D
:109970000393CDF808A00191CDF80090329B0F9A87
:109980000E991198FFF709FD97E7109A08920022A7
:1099900007920696369A059204940393CDF808A090
:1099A0000191CDF80090329B0F9A0E991198FFF714
:1099B000D5FB82E7109A0892012207920696369A02
:1099C000059204940393CDF808A00191CDF800907E
:1099D000329B0F9A0E991198FFF7DFFC6DE7109AF2
:1099E0000892002207920696369A059204940393F1
:1099F000CDF808A00191CDF80090329B0F9A0E99F6
:109A00001198FEF772FE58E7109A08920122079209
:109A10000696369A059204940393CDF808A0019116
:109A2000CDF80090329B0F9A0E991198FEF75DFECB
:109A300043E729B0BDE8F08F676666662DE9F04F11
:109A4000D1B081460F468D6B0A6B8E6A1346B242C7
:109A5000A8BF3346AB42A8BF2B464C93C86B4B6B99
:109A6000CC6A1946A342A8BF21468142A8BF01463D
:109A70004D91B242B8BF3246AA42B8BF2A464E9272
:109A8000A342B8BF23468342B8BF03464F9309F1B0
:109A900038024CA948A8F5F73BFA002800F0CF811E
:109AA000BB6A3A6B934200F0BE80B96B8B4200F008
:109AB000DA808A4200F0F78002AC07F128012046E4
:109AC000F5F76AFD42AB94E8030083E8030007F171
:109AD00030012046F5F760FD44AB94E8030083E8CD
:109AE000030007F138012046F5F756FD46AB94E830
:109AF000030083E80300439A459B9A4200F3F380F6
:109B0000439A479B9A4200F3F380459A479B9A42B7
:109B1000C0F2F380439A479B9A4200F3F380439A42
:109B2000459B9A4200F3F380459A479B9A42C0F2C4
:109B3000F380449B42995C1A439A4798801A00FB31
:109B400004F4459EB51A4698401A00FB15444FEAA6
:109B5000D47C00203E903F9040904190CDF804C0CE
:109B6000009630A8FEF704FAE443E40F0194479B03
:109B70000093469B439A429922A8FEF7F9F9459A29
:109B8000479B9A4200F0CD8001940093469B4499F4
:109B900014A8FEF7EDF930AB3E9322AB3F9314AB24
:109BA00040930DF590784046F5F703FB0646F8F72D
:109BB000C7FD054610AC98E80F0084E80F00E1608F
:109BC000B7F8400097F84210ADF829008DF82B1037
:109BD00097F843208DF828200B9505940D940022CA
:109BE0000E928DF83C20069297F84F8008F00F08EF
:109BF0000DF5987A5046F5F7DCFA04465046F5F72D
:109C0000DDFA0246214607F14400FBF7E0FB8246FD
:109C1000002800F0A180B8F1020F00F08B804FF017
:109C2000000B499CBFE002AC07F128012046F5F784
:109C3000B3FC42AB94E8030083E8030007F1300172
:109C40002046F5F7A9FC44AB94E8030083E8030041
:109C500007F138012046F5F79FFC46AB94E8030076
:109C600083E8030056E702AC07F128012046F5F728
:109C700093FC42AB94E8030083E8030007F138014A
:109C80002046F5F789FC44AB94E8030083E8030021
:109C900007F130012046F5F77FFC46AB94E803005E
:109CA00083E8030036E702AC07F130012046F5F700
:109CB00073FC42AB94E8030083E8030007F138012A
:109CC0002046F5F769FC44AB94E8030083E8030001
:109CD00007F128012046F5F75FFC46AB94E8030046
:109CE00083E8030016E744A942A8F5F79CFD07E7BF
:109CF00046A942A8F5F797FD07E746A944A8F5F756
:109D000092FD07E746A942A8F5F78DFD07E744A9AC
:109D100042A8F5F788FD07E746A944A8F5F783FDB3
:109D200007E7022101910093469B449914A8FEF78E
:109D30001FF930E710AB09930168489B4C981B1A38
:109D400003EB430001440691DAF8041001EB030B26
:109D50000F238DF8203064E7834662E7BAF1000FE5
:109D600044D0DAF800004D9BE31A03EB430100EB0B
:109D7000010C405A9CF80210ADF829008DF82B1008
:109D8000DAF80420D35C8DF8283097F84320FC2AB9
:109D900004D802FB03F31B0A8DF8283005A94846B6
:109DA00015F01AFD01344B9BA34236DB119413943A
:109DB0003246FF21284603F04DFC00962346489A80
:109DC00029463EA8FEF773F88DF83000B8F1010F70
:109DD000C4D0B8F1020FE1D1BBF1000FDED00228F0
:109DE00005D0012813D00028D8D1DBE7FEE70B957A
:109DF000002300E00133B342D0DA1BF80310FC2942
:109E0000F8D8EA5C01FB02F2120AEA54F2E7CDF854
:109E10002CB002228DF83020C0E72846F8F7ACFCC1
:109E200014A8FEF76CF830A8FEF769F822A8FEF730
:109E300066F8BAF1000F02D05046FBF7E9FA51B0CC
:109E4000BDE8F08F10B410F0020F06D002881302A4
:109E500043EA122320F8023B01394C08034659E03B
:109E60001A684FEA122C0CF0FF1C120202F0FF22BB
:109E70004CEA02021A605A684FEA122C0CF0FF1CDE
:109E8000120202F0FF224CEA02025A609A684FEA7C
:109E9000122C0CF0FF1C120202F0FF224CEA02020C
:109EA0009A60DA684FEA122C0CF0FF1C120202F0E2
:109EB000FF224CEA0202DA601A694FEA122C0CF017
:109EC000FF1C120202F0FF224CEA02021A615A69D8
:109ED0004FEA122C0CF0FF1C120202F0FF224CEA97
:109EE00002025A619A694FEA122C0CF0FF1C12020E
:109EF00002F0FF224CEA02029A61DA694FEA122C60
:109F00000CF0FF1C120202F0FF224CEA0202DA619E
:109F10002033083C072CA3D80CE01A684FEA122C17
:109F20000CF0FF1C120202F0FF224CEA020243F87E
:109F3000042B013C002CF0D111F0010F07D00139A6
:109F400030F81120130243EA122320F811305DF893
:109F5000044B704703680A78934201D0981A7047FF
:109F600040684B78C01A704703680A88934201D052
:109F7000981A704740684B88C01A704700880B8851
:109F8000C01A70478C4600295CD070B584B08469D3
:109F90000021638AC3F308038B4251D9A26801EB05
:109FA00081039D0002EB83035059ACEB0002B3F830
:109FB00004E0964541D993F812E0BEF1030F43D86F
:109FC000DFE80EF00624020ED888104404B070BDFD
:109FD000DD68AA5C0AB960452FD1D8881044F5E73E
:109FE000ADF80E2099681A8A184B009302230DF1E0
:109FF0000E00F8F781FB38B1A3682B449968421A28
:10A00000D88800EB6200E1E70020DFE7ADF80E2022
:10A0100099681A8A0D4B009302230DF10E00F8F790
:10A020006BFB40B1A3682B449968421AD968D88861
:10A030008B5A1844CAE70020C8E7013189B2A8E763
:10A040000020C3E7084670470020BFE77D9F010856
:10A050008369D87C10F0200F36D130B585B0DC682C
:10A06000E37A3F2B06D903F0C003402B17D0002022
:10A0700005B030BD256802910392A2681C4B009385
:10A08000022322F04042294602A8F8F735FB20B10E
:10A09000431B5B106268D056EAE70020E8E72568BA
:10A0A00002910392A268134B0093042322F04042D2
:10A0B000294602A8F8F720FB20B1431B9B106268D9
:10A0C000D056D5E70020D3E7DB685868415C986834
:10A0D000825C41B14AB1186801395B7B013A03FBEC
:10A0E000012280567047002070470020704700BF53
:10A0F000559F0108699F01082DE9F0470268D2F8D1
:10A1000018A08269002A00F0618103460E46DAF841
:10A11000044004EBC20590F8119019F0020931D106
:10A120000F692879697900FB01F1002900F050815D
:10A13000B3F80E809AF813303F2B00F24B81DAF817
:10A14000003054F83220C2F313029C180E21F1F7AC
:10A1500017FF9AF8133003F01E03023B0E2B00F298
:10A160002F81DFE813F088002D01D9002D012D018A
:10A170002D010E012D012D012D012D012D012D018E
:10A180002D012A01DAF8000054F83230C3F313032A
:10A190001844BDE8F08794F9001000291EDB4946F9
:10A1A000B954013201332979914251DD03F007039B
:10A1B000072BF6D801A151F823F000BF97A10108A1
:10A1C000E1A10108EFA10108FDA101080BA201080E
:10A1D00019A2010827A2010835A20108FF21DFE723
:10A1E000217811F0400100D0FF21B954D9E721783E
:10A1F00011F0200100D0FF21B954D2E7217811F0ED
:10A20000100100D0FF21B954CBE7217811F00801EB
:10A2100000D0FF21B954C4E7217811F0040100D027
:10A22000FF21B954BDE7217811F0020100D0FF21D0
:10A23000B954B6E7217811F0010100D0FF21B954DB
:10A240000CF1FF3C1FFA8CFC0134AAE7C44610E075
:10A25000B8F1000F01D06444002307440EF1010E51
:10A260006A79724540F3AC80B8F1000FEED195F8F1
:10A2700004C0002297E74FF0000E7346F0E7217804
:10A280008909DFF8549119F80110B95401320133EA
:10A29000297991422EDD03F00303032BF6D801A1A7
:10A2A00051F823F07FA20108B5A20108C7A2010856
:10A2B000D9A201082178C1F30111DFF81C9119F826
:10A2C0000110B954E2E72178C1F38101DFF8089168
:10A2D00019F80110B954D9E714F8011B01F0030172
:10A2E000DFF8F49019F80110B9540CF1FF3CCDE7F8
:10A2F000C4460FE0B8F1000F01D0644400230744C6
:10A300000EF1010E6A7972455ADDB8F1000FEFD1F6
:10A3100095F804C00022BBE74FF0000E7346F1E74A
:10A3200014F8011B01F00F01DFF8B09019F80110CB
:10A33000B9540CF1FF3C1FFA8CFC0132013329792E
:10A3400091420CDD13F00103EAD121780909DFF80D
:10A350008C9019F80110B954EFE7C4460FE0B8F13A
:10A36000000F01D06444002307440EF1010E6A7906
:10A37000724525DDB8F1000FEFD195F804C0002239
:10A38000DDE74FF0000E7346F1E743460AE007446D
:10A390001C440CF1010C6B79634511DDB8F1000F21
:10A3A000F3D12B79002229799142F0DD14F8011BB9
:10A3B000B954013B9BB20132F5E74FF0000CEAE7DC
:10A3C00000213046F1F724FE3046E2E60020E0E6C8
:10A3D0000020DEE60020DCE6EC6F0408F06F0408E5
:10A3E0002DE9F84380460C4615469946092A12D0B5
:10A3F0001146D8F818604046FFF7C4FD074600280C
:10A4000053D0F3687BB149464046FFF7BBFD024697
:10A4100018B9002308E02021EBE739464046FFF752
:10A4200017FE034600E00023726802EBC702318A80
:10A4300001FB03F31B115188C1F30B11092D1FD030
:10A440000B4408331B09A380537923811179E180E0
:10A4500092F90630638192F90730A381327D8AB97F
:10A460000023E381F37CC3F343032374637C23F071
:10A4700001036374A761092D13D00120BDE8F8839F
:10A480004900DDE7F37CC3F3430301FB03F3073328
:10A4900002EBD303013BB3FBF2F313FB02F3E381C3
:10A4A000E0E74900E1800120E8E70020E6E730B47A
:10A4B000029C039D012B07DD0138042839D8DFE811
:10A4C00000F013082F221A00A0F1030CBCF1010FB9
:10A4D000F2D800232B6023688A1A02EBD27203EBB6
:10A4E0006203236030BC704700232B6023688A1A04
:10A4F00013442360F6E7012BF4DD8A1A013B92FB3B
:10A50000F3F22A60EEE728688A1A92FBF3F28318C6
:10A510002B60226803EBD37302EB63022260E1E756
:10A520008A1A013392FBF3F22A6023681A442260EC
:10A53000D8E700232B60D5E749B11368013B1360CE
:10A54000002B0FDB8268126852F8230070471368F3
:10A55000013313608268118E8B4205DA126852F85B
:10A5600023007047002070470020704730B583B04B
:10A5700005460C46A0220021EDF792FE019000F066
:10A58000010383F00103E27863F30002E270C0F399
:10A590008002E37862F34103E370C0F3C003E27822
:10A5A00063F38202E270A12200212846EDF778FED3
:10A5B00001902070A22200212846EDF771FE019043
:10A5C0006070A32200212846EDF76AFE0190A0707A
:10A5D00003B030BD2DE9F04182B005460E461A2287
:10A5E000EDF75EFE0446019080463822314628464B
:10A5F000EDF756FE074601903C2231462846EDF71E
:10A600004FFE019010F0040F01D004EB0708404604
:10A6100002B0BDE8F0812DE9F04182B005460E465A
:10A620001822EDF73DFE044601908046382231465F
:10A630002846EDF735FE074601903C223146284674
:10A64000EDF72EFE019010F0020F01D004EB070889
:10A65000404602B0BDE8F0812DE9F04182B00546E8
:10A660000E461B22EDF71CFE044601908046382260
:10A6700031462846EDF714FE074601903C2231464C
:10A680002846EDF70DFE019010F0080F01D004EB05
:10A690000708404602B0BDE8F081F0B583B0064639
:10A6A0000F461922EDF7FCFD044601903822394689
:10A6B0003046EDF7F5FD054601903C22394630461F
:10A6C000EDF7EEFD019000F0010005FB004003B046
:10A6D000F0BD00B583B02022EDF7E2FD019003B09C
:10A6E00000BD00B583B02122EDF7DAFD019003B083
:10A6F00000BD00B583B02222EDF7D2FD019003B07A
:10A7000000BD00B583B02322EDF7CAFD019003B070
:10A7100000BD00002DE9F04F87B083460E469046FD
:10A720000193119D01220021EDF7BAFD044604902A
:10A73000022200215846EDF7B3FD07460490584623
:10A74000EEF7EFFDB8B184220021EDF7A9FD0490EA
:10A750001FFA80F9A42200215846EDF7A1FD0490CC
:10A76000C0B2B9F1010F01D0002205E008B9002202
:10A7700002E0012200E00022F37813F0020F0BD078
:10A7800013F0010303D06FF040418C421FD01BB97E
:10A790006FF040439F421AD0F37813F001031DD0AD
:10A7A000874A0292EBB9DFF8189200236B60AB6026
:10A7B000EB60AB612B602B616B61CDF8148041467F
:10A7C0005846EEF7E1FD04464FF0010AB9E0002AD1
:10A7D000E2D1F37823F00203F370DDE7794A0292C5
:10A7E000E0E7DFF8E091E0E7A42200212046EDF762
:10A7F00057FD0746049010F0FF0F73D0F37813F065
:10A80000010F61D008212046EAF7E0FF8246059A51
:10A8100042455FD0109B0AEB0301F37813F0020F5F
:10A8200007D0AB68E86803440B4401998B4200F3FE
:10A83000A180EB685344EB60424503D0AB68109AAB
:10A840001344AB60A9690131A9612B7F13F0010F9B
:10A850005ED001EB4101C9006869F7F797FF0390EB
:10A86000002839D0F37813F0010F36D009212046A3
:10A87000EAF7ACFFAB6903EB4303DB00183B03993A
:10A88000CC50AB6903EB4303DB00183B0B44C3F82C
:10A8900004A0AB6903EB4303DB00183B0B44986057
:10A8A000AB6903EB4303DB00183B0B44FFB21F61B2
:10A8B000AB6903EB4303DB00183B0B441A7D22F02A
:10A8C00001021A75696123E00A212046EBF78CF832
:10A8D00082469CE75146A0E7FEE70B212046EBF7B6
:10A8E00083F8C7E72046029B9847BAF1000F01D1D1
:10A8F000109B1844F37813F0020F06D0AB68EA6897
:10A9000013440344019A934234DCAB680344AB60C4
:10A910002046C8472B68984202DD2046C8470346B8
:10A920002B602B6901332B61DDF800A01BE00121B6
:10A93000059B1944059100291CDB5846EEF724FDC0
:10A940000446BCB1059B434505D04FF400012046A9
:10A95000E8F7EEFC70B91C492046E8F759FD009075
:10A9600000283FF441AFF37813F0040FDFD04FF02D
:10A97000FF31DDE7AB690BB9AB680193019B6B60FD
:10A9800014B1059B434503D0059807B0BDE8F08F8F
:10A99000DBF80820126852F82340F17805AAC1F3C9
:10A9A00080015846FFF7C8FD002CEDD02046C8476F
:10A9B00028602046029B9847686001232B61E3E7EB
:10A9C000FDAA0108D1AA0108010006008368002B36
:10A9D0007AD02DE9F0418CB004460D4616460BA9FD
:10A9E000FFF7C4FD9DF82F3003F00103B3426DD192
:10A9F0009DF82F3023F002038DF82F3000232B60B9
:10AA00009DF82F3013F0010F23D01E220021204685
:10AA1000EDF746FC064603909DF82F3013F0010F2A
:10AA20001FD000212046FFF7D5FD07469DF82F30A7
:10AA300013F0010F1BD000212046FFF70DFE8046CA
:10AA40009DF82F3013F0040F3CD0A3681A8E013A02
:10AA50002AE01D2200212046EDF722FC0646039045
:10AA6000DAE700212046FFF7D6FD0746DEE70021A2
:10AA70002046FFF712FE8046E2E79DF8283023F0DB
:10AA800001038DF8283003AB0193009600230BA936
:10AA90002046FFF73FFE0246059B06990B442968B6
:10AAA0008B42B8BF0B462B60A3681B8E934201DD1F
:10AAB000002AE2DA2B6847443B442B6001200CB0AB
:10AAC000BDE8F0810022EFE7002070470020F6E7A4
:10AAD00030B583B0044620220021EDF7E1FB0546A6
:10AAE00001902046EAF796FC0544212200212046E9
:10AAF000EDF7D6FB0190284403B030BD30B583B0EC
:10AB0000044622220021EDF7CBFB054601902046AA
:10AB1000EAF779FC0544232200212046EDF7C0FB2B
:10AB20000190284403B030BD2DE9F04F95B002905C
:10AB30008A460D929B46229CCB7813F0010315D0D8
:10AB4000A24A0C92ABB1A24A0592ABB9A04A0792B5
:10AB5000ABB1DFF88492ABB19E4A0692ABB99E4A84
:10AB60000892ABB99B4B0993012666E09B4A0C9275
:10AB7000E8E79B4A0592E8E7994A0792E8E7DFF899
:10AB80006892E8E7974A0692E8E7974A0892E8E76A
:10AB9000944B0993E8E7DB68C01A01318F420BD967
:10ABA000636901EB410503EBC5031D7D15F0010F42
:10ABB000F1D11B691A44F0E700252B4637460BE01C
:10ABC000FEE761693144C1F80C80616931440E6966
:10ABD000921BC968401A0133A16999422CD9616955
:10ABE00003EB430C4FEACC0601EBCC0C9CF81410A1
:10ABF00011F0010FEFD1002AE2D0DCF8101002EBC7
:10AC0000D27E4FEA6E0E01FB00EE9EFBF2FEDCF8F8
:10AC100008107145A8BF71468846DCF804108845C5
:10AC2000B8BF8846F045CCD09CF8141041F0010123
:10AC30008CF814103D46C4E72E463EB1A7692FB1EB
:10AC40006068A368C01A00221146A7E7812200218C
:10AC50000298EDF725FB0E90C5B20B9500231393D8
:10AC6000129312AB019313AB00932369626820998E
:10AC70009AF80000FFF71BFC9AF8033013F0010F5D
:10AC800001D0012D05D00D990298EEF77DFB054608
:10AC9000E7E0139B209AD31A1393F4E79AF8031072
:10ACA0000DAAC1F380010298FFF746FC0546D8E0E3
:10ACB0000133A2699A420DD9626903EB430102EBA9
:10ACC000C10052F83120AA42F2D1C368039303E0D5
:10ACD0000023EEE7002303939AF8033013F0010FEB
:10ACE00032D095F82B3043F0080385F82B30DBB2D7
:10ACF00023F0040385F82B3005F114084046059B2A
:10AD00009847039B984200F0D5802846EBF74FF810
:10AD10006B690E93AB690F93EB6910932B6A1193D8
:10AD2000039940460C9B98470EAA32212846EAF721
:10AD300050F82846EEF7F5FA2A462B21EAF749F8AB
:10AD40002846EBF734F8B5E095F82B3043F00403D0
:10AD500085F82B30DBB223F0080385F82B30CBE7E6
:10AD6000266805F11400079B9847361A00212846EB
:10AD7000099B9847361ACEE000212846089B984741
:10AD80000646C8E005F11400059B9847139B1B1A63
:10AD90001393C9E028F0C0486FF06043984580F2F3
:10ADA000E080B8F1805F05DBC8F17F6808F57F2897
:10ADB00008F6FF780A9B03FB08F80C4B83FB08237B
:10ADC0004FEAE878C8EB63130393CAE0B5EE0008D6
:10ADD000B3F1000803A70108F3A60108BFEE0008BD
:10ADE000BDF10008E3A60108D3A601081F85EB51B9
:10ADF00027F0C0476FF060439F4280F2B880B7F100
:10AE0000805F05DBC7F17F6707F57F2707F6FF77D0
:10AE100000FB07F77E4B83FB0732FF17C7EB62137C
:10AE20000493A4E03346B8E005F11400059B98476D
:10AE3000219BC618129B1E4400212846C847064481
:10AE400000212846069B98470644139B33441393DE
:10AE50009AF803100DAAC1F380010298FFF76CFB6A
:10AE60000546002D00F0D0800D9B5B4500F0CC80A6
:10AE700068492846E8F7CCFA00287FF40FAF95F828
:10AE80002B60C6F3C007C6F38006A4220021284623
:10AE9000EDF706FA0E9010F0FF0F7FF419AF95F85A
:10AEA0002B3023F0080385F82B30DBB223F00403AA
:10AEB00085F82B3095F82B30C3F3C0039F4205D1A2
:10AEC00095F82B30C3F380039E4202D02846EAF760
:10AED0002BFA9AF80130012B3FF442AF022B7FF49A
:10AEE0004BAF2368013323F0010605F11400079BE3
:10AEF0009847331A03EBD3735E1000212846089B52
:10AF00009847074600212846099B98473B1A03EBC0
:10AF1000D37306EB63069AF8033013F0010F03D0E6
:10AF20000B9B012B3FF42EAF0C2200212846EDF79E
:10AF3000B7F980460E9003900D2200212846EDF7C8
:10AF4000AFF907460E9004902846EAF75CFA0A909B
:10AF50002846EAF75FFA08F0C043B3F1005F3FF418
:10AF600019AF07F0C043B3F1005F3FF441AF6B6925
:10AF70001E9AD31A039F1F44AB691F9AD31A049ACF
:10AF80001A4490469AF8033013F0010F3FF44AAF89
:10AF900000212846C847139B03441F449AF80330F6
:10AFA00013F0010F04D100212846C847139BC6188F
:10AFB000464407B9BEB12846EAF7F9FE6B693B443F
:10AFC0006B61EB693B44EB61AB693344AB612B6A6A
:10AFD00033442B622846EAF7EAFE0023324639461C
:10AFE0002846EAF723FD9AF8033013F0010F3FF4E7
:10AFF0001BAF0B9B012B7FF417AF129B219A1A44B6
:10B00000139B9B1A139323E715B0BDE8F08F00BF85
:10B010001F85EB51010006002DE9F04F97B0044663
:10B0200015A9FFF7A3FA812200212046EDF738F990
:10B030000A90C6B29DF8573013F0010F6FD11E224F
:10B0400000212046EDF72CF90A9081469DF85730F3
:10B0500013F0010F6BD01E2200212046EDF720F9DE
:10B0600005460A909DF8573013F0010F67D020462F
:10B07000EAF7E3F90746D4F8188000212046FFF7E5
:10B08000CAFA80442046EBF76BFEA8EB0000149050
:10B09000D4F8148000212046FFF79CFA8044204613
:10B0A000EBF757FEA8EB000013909DF8563007937E
:10B0B0009DF8573013F0010F46D00DF150080122D2
:10B0C00000212046EDF7ECF808900A9002220021BA
:10B0D0002046EDF7E5F809900A909DF8573013F0F7
:10B0E000010203D06FF04041884230D022B96FF0A6
:10B0F00040410898884232D0012E38D00022129266
:10B10000079A002A00F08E8013F0040F00F083806D
:10B11000A3681A8E013A4FF0000BDA4649E01D226F
:10B1200000212046EDF7BCF80A9081468EE71D22EB
:10B1300000212046EDF7B4F805460A9092E7204634
:10B14000EAF78EF9074696E70DF14C08B7E794F851
:10B150002B1011F0040FC9D100210791CCE794F80E
:10B160002B1011F0080FC7D100210791C4E7002A66
:10B17000C4D1079A12B912920796C5E7079A012A15
:10B18000BCD1002312939A4630E09DF8443023F05E
:10B1900001038DF844300AAB019300953B4615A995
:10B1A0002046FFF7B7FA02460A9B4B449A440BF13C
:10B1B000010BA3681B8E934201DD002AE5DABBF187
:10B1C000000F01D0AAEB090A9DF8573013F0010FC8
:10B1D00023D02046EAF744F9014612AB0193CDF89B
:10B1E00000805B4652460798FFF761F99DF857309B
:10B1F00013F0040F19D0A268B2F830B00BF1FF3B86
:10B20000012E2BD113F0010F28D1D8F80030534470
:10B21000C8F8003022E000227DE72046EAF70DF969
:10B220000146DAE74FF0000AE0E74FF0000BE7E7EE
:10B230009DF8573013F0010F29D1D8F800300A9A41
:10B240009B1AC8F8003022E0D8F800200A9B129917
:10B250000B444B441A44C8F80020D346A3681B8E05
:10B260005B4536DDBBF1000F33DB9DF8443043F026
:10B2700001038DF844300AAB019300953B465A46D2
:10B2800015A92046FFF746FA8246012ED0D00AAB18
:10B29000049303950297149B0193139B00935346C9
:10B2A0005A4615A92046FFF73FFC0F98F7F764FAB6
:10B2B00000230F93012EC7D19DF8573013F0010FD3
:10B2C000C2D1D8F80030129A4A449B1AC8F800300C
:10B2D000C3E76FF04043089A9A420AD0099A9A420B
:10B2E00007D0002234212046E9F773FD17B0BDE8EE
:10B2F000F08F2046EAF782FDF3E70000054B1A6E57
:10B300000549D1601A6E054911611B6E00225A6110
:10B31000704700BF241C002019B00108CDA9010806
:10B3200010B504460022EDF7BBFF002201212046A4
:10B33000EDF7A2FF10BD70B5044616461D4600226B
:10B34000EDF7B8FF002231462046EDF7BDFF0022A1
:10B3500029462046EDF7C2FF002201212046EDF7E5
:10B360008BFF70BD10B504460022EDF7C1FF2046EB
:10B37000EDF7D7FF08B1E9F7D7FF10BDF0B5844668
:10B38000059D069E079C9DF8207079B100222260E1
:10B390000022691E91425AD954F8221056F8220010
:10B3A00001440132194444F82210F2E7111FC9B2D6
:10B3B000022902D8012D03D0002300218E4607E088
:10B3C00000230122F9E756F8210018448644013190
:10B3D000A942F8D3AEEB030E062AD9D801A151F841
:10B3E00022F000BF01B4010807B4010817B4010836
:10B3F00091B3010841B401082FB401081FB401083A
:10B4000000222260C4E7ACEB0E0E0EEBDE7E4FEAAC
:10B410006E022260BCE7ACEB0E022260B8E70023AC
:10B420002360ACEB0E0E6B1E9EFBF3F3B0E7ACEBB0
:10B430000E0E9EFBF5F303EBD37252102260A7E7CA
:10B44000ACEB0E0E6B1C9EFBF3F32360A0E705F143
:10B450008043013B54F8230056F8233018442368F6
:10B46000C01A6FB9F0BD54F82320ACEB020256F8B5
:10B470002310521A44F823200133AB42F3D3F1E7EF
:10B480000023FAE70146002000E0013051F82020B7
:10B490006FF060439A42F8D1704710B504460068D7
:10B4A000F7F76AF96068F7F767F9A068F7F764F9E2
:10B4B000E068F7F761F910BD2DE9F04F85B08046DF
:10B4C0000C46A6220021ECF7EBFE039088B18146E2
:10B4D000002301934846FFF7D5FF60618000F7F72E
:10B4E0002FF9606060698000F7F72AF9E0600026B4
:10B4F0005BE04046EDF715FFA6220021ECF7D0FEF9
:10B5000005460390002800F0BC80AD220021404693
:10B51000ECF7C6FE06460390AE2200214046ECF74B
:10B52000BFFE0746039001308000F7F709F9814616
:10B53000BA0005EB860101F0F9FF6FF0604349F8AE
:10B54000273001230193C5E701354046EDF762FF3F
:10B55000A84223D929464046EDF716FF07464A4937
:10B56000E7F756FF0028EFD1AE2200213846ECF76E
:10B5700097FE03900128E7D1AD2200213846ECF771
:10B580008FFE03908642DFD13846E9F743FF5845E6
:10B59000DADB3846E9F73EFF8346D5E7BBF1000F1B
:10B5A00011DBE36843F80AB001366369B3420FD98F
:10B5B0004FEA860A59F82620344B9A42F4D10025E6
:10B5C000DFF8CCB0C1E7E368002243F80A20EBE7DC
:10B5D00000263546334606E02C498A4211D0E16800
:10B5E0000A501644013362699A420ED9980059F8FC
:10B5F000232026498A42EFDD2A4402F16045653561
:10B60000F0E7E26812581644ECE71D22002140469C
:10B61000ECF746FE074603904046E9F721FF6369D1
:10B62000013B03FB1700861B1ED4002300E00133FF
:10B6300062699A421AD9CDB159F8232013498A4236
:10B64000F5DD02F160426532E06805EBD571491025
:10B6500002FB061191FBF5F140F82310AD1AE268E8
:10B6600052F82320B61AE2E70026DEE7019B1BB959
:10B67000012005B0BDE8F08F4846F7F77DF80120BE
:10B68000F7E70020F5E700BF010006009AFFFF1F63
:10B69000010000E02DE9F04182B005460E461A2275
:10B6A000ECF7FEFD044601908046382231462846DC
:10B6B000ECF7F6FD074601903C2231462846ECF7B0
:10B6C000EFFD019010F0040F01D004EB0708404695
:10B6D00002B0BDE8F0812DE9F04182B005460E468A
:10B6E0001822ECF7DDFD04460190804638223146F1
:10B6F0002846ECF7D5FD074601903C223146284606
:10B70000ECF7CEFD019010F0020F01D004EB07081A
:10B71000404602B0BDE8F08130B583B00546222234
:10B720000021ECF7BDFD04460190232200212846AC
:10B73000ECF7B6FD0190204403B030BD30B583B0C6
:10B74000054620220021ECF7ABFD044601902122A2
:10B7500000212846ECF7A4FD0190204403B030BD41
:10B760002DE9F04F85B007460D46A5220021ECF7E4
:10B7700097FD0390C0B180464FF000093846E9F7C5
:10B780005CFE82464046FFF77DFE28618000F6F7AA
:10B79000D7FF286028698000F6F7D2FFA86000264E
:10B7A000C34629464D4661E03846EDF7BAFDA5226D
:10B7B0000021ECF775FD04460390002800F0CA80D4
:10B7C000AA2200213846ECF76BFD06460390AB2217
:10B7D00000213846ECF764FD81460390013080007B
:10B7E000F6F7AEFF80464FEA890204EB860101F0CE
:10B7F0009DFE6FF0604348F829304FF00109BDE726
:10B8000001343846EDF706FEA04223D921463846DA
:10B81000EDF7BAFD80465049E7F7FAFD0028EFD171
:10B82000AB2200214046ECF73BFD03900128E7D115
:10B83000AA2200214046ECF733FD03908642DFD177
:10B840004046E9F7E0FD4845DADB4046E9F7DBFD35
:10B850008146D5E7DDF800805946DDF804B0B9F13E
:10B86000000F16DB8A6842F8089001360B69B34274
:10B8700014D94FEA86085BF82630384A9342F4D14F
:10B880000024DFF8DC90CDF80080CDF804B08B46C2
:10B89000B7E78B68002243F80820E6E7D846A946B8
:10B8A0000D4600263446334606E02C498A4211D024
:10B8B000A9680A50164401332A699A420ED99800A1
:10B8C00058F8232025498A42EFDD224402F16044E2
:10B8D0006534F0E7AA6812581644ECE71E220021EE
:10B8E0003846ECF7DDFC03902B69013B03FB10AA03
:10B8F000BAEB060A1FD4002300E001332A699A42FA
:10B900001CD9DCB158F8232014498A42F5DD02F134
:10B9100060426532A86804EBD471491002FB0A1139
:10B9200091FBF4F140F82310A41AAA6852F82320DE
:10B93000AAEB020AE1E74FF0000ADCE7B9F1000FD9
:10B9400003D1012005B0BDE8F08F4046F6F714FFA3
:10B950000120F7E70020F5E7010006009AFFFF1F2E
:10B96000010000E02DE9F04F87B004460D460021AC
:10B97000EDF70AFD48B129462046FFF79DFD034635
:10B9800050B9184607B0BDE8F08F202200212846A4
:10B9900001F060FE0023F4E729462046FFF7E0FEB1
:10B9A00003460028EDD01E2200212046ECF778FC4B
:10B9B000804605901D2200212046ECF771FC0746C9
:10B9C0000590812200212046ECF76AFC0590C6B262
:10B9D000012E14BF00260126012200212046ECF78B
:10B9E0005FFC82460590022200212046ECF758FCBD
:10B9F000814605906FF040439A453AD04FF0000BD6
:10BA00002046E9F71AFD8246A82200212046ECF7DD
:10BA100047FC059003962B680293AB6801932B6952
:10BA200000934346C2B259465046FFF7A7FCA861AF
:10BA30006FF04043994527D04FF000082046E9F7C2
:10BA40000FFD0646A92200212046ECF729FC0590AF
:10BA5000002303936B680293EB6801936B69009377
:10BA60003B46C2B241463046FFF788FCE8610123FD
:10BA700087E794F82B3013F0080F02D04FF0000B3B
:10BA8000BEE74FF0010BBBE794F82B3013F0040F27
:10BA900002D04FF00008D1E74FF00108CEE70000D8
:10BAA0002DE9F04F8DB004460D469246C249E7F7A6
:10BAB000AFFC10B10DB0BDE8F08FAB2200212046E5
:10BAC000ECF7EEFB06460890AE2200212046ECF78C
:10BAD000E7FB814608900028ECD0002EEAD02046F3
:10BAE000EDF71FFC81220021ECF7DAFB0890C3B2CE
:10BAF0000193AA2200212046ECF7D2FB0390089084
:10BB00000490AD2200212046ECF7CAFB8046089045
:10BB1000AC2200212046ECF7C3FB0890C7B2AF224D
:10BB200000212046ECF7BCFB05900890019B012BFF
:10BB300000F0E2802A68039B52F82310F31803F107
:10BB40008043013B52F82320A86850F82330134467
:10BB50005B1A06936B6853F82820C14409F18049A9
:10BB600009F1FF3953F82930E96851F829100B44DD
:10BB70009B1A0793812200212046ECF791FB089045
:10BB8000C0B2012800F0CC8004F1140B5846F3F742
:10BB900010FB81465846F3F711FB0290019B012BE5
:10BBA00000F0C680022F00F00981032F00F0C8804A
:10BBB000012F00F0DD802B68049A53F822602222C6
:10BBC00000212046ECF76CFB0890064494F82B30DB
:10BBD00023F0080384F82B309DF81430022B00F07A
:10BBE0004081032B00F00281012B00F017816B686C
:10BBF00053F82850202200212046ECF751FB0890F2
:10BC000005EB000894F82B3023F0040384F82B3064
:10BC10002046E9F7F8FB484500F03D816369089349
:10BC2000A3690993E3690A93236A0B932046EAF711
:10BC3000BEF849465846F3F73DF902995846F3F7DE
:10BC40003EF92046EAF7B3F808AA32212046E9F780
:10BC5000C0F82046EDF765FB22462B21E9F7B9F83D
:10BC60000C2200212046ECF71BFB07460890834678
:10BC70000D2200212046ECF713FB05460890814673
:10BC80002046E9F7C0FB01902046E9F7C3FB07F027
:10BC9000C043B3F1005F00F0068105F0C043B3F18B
:10BCA000005F00F01A815E44C844DAF8083033447B
:10BCB0006269DAF80C604644A169761A9D1A02D1CD
:10BCC000002E3FF4F7AE2046EAF771F863692B4483
:10BCD0006361E3692B44E361A3693344A361236A8D
:10BCE000334423622046EAF762F8002332462946AD
:10BCF0002046E9F79BFEDDE6012E7FF61BAF2A68A2
:10BD00000398331803F18043013B52F8231052F893
:10BD10002030AA6852F8202013445B1A069319E7D2
:10BD200027B1022F7FF430AF00272DE702272BE742
:10BD3000012E7FF637AF039B1E44731E049331E739
:10BD40002B68049A53F82260222200212046ECF747
:10BD5000A7FA089006442046FFF7DEFC069BA3EBFB
:10BD6000000994F82B3043F0080384F82B3033E7B4
:10BD70002B68049A53F82260069BA3EB090303EB9C
:10BD8000D37306EB6306222200212046ECF788FAE3
:10BD900007460890232200212046ECF781FA0890FC
:10BDA0003F1A07EBD77706EB670694F82B3023F0A2
:10BDB000080384F82B300FE7010006002B68049A73
:10BDC00053F82270069B1F442046E9F71CFB3E1ADD
:10BDD000232200212046ECF763FA0890361A94F8E3
:10BDE0002B3023F0080384F82B30F5E66B6853F80A
:10BDF0002850202200212046ECF752FA089005EB4B
:10BE000000082046FFF79AFC079B1B1A029394F840
:10BE10002B3043F0040384F82B30F9E66B6853F8B9
:10BE20002820079B02995B1A03EBD37302EB63088C
:10BE3000202200212046ECF733FA05460890212203
:10BE400000212046ECF72CFA08902D1A05EBD57549
:10BE500008EB650894F82B3023F0040384F82B30AA
:10BE6000D6E66B6853F82830079A1A449046204665
:10BE7000E9F7D0FAA8EB0008212200212046ECF7D0
:10BE80000FFA0890A8EB000894F82B3023F0040375
:10BE900084F82B30BCE62046E9F7BCFA029B9842B6
:10BEA0007FF4BCAEDCE627F0C0476FF060439F42F2
:10BEB000BFF6F3AEB7F1805F05DBC7F17F6707F52B
:10BEC0007F2707F6FF77019B03FB07F70F4B83FBE9
:10BED000073BFF17C7EB6B1BDFE625F0C0456FF094
:10BEE00060439D42BFF6DFAEB5F1805F05DBC5F173
:10BEF0007F6505F57F2505F6FF7505FB00F0034B13
:10BF000083FB0032C517C5EB6219CCE61F85EB51E8
:10BF1000F0B58FB0054606A9FFF724FD012801D032
:10BF20000FB0F0BD1022002102A801F093FB002108
:10BF30002846FFF7AFFB074600212846FFF7CBFB5B
:10BF400006466C693C442846EAF703FF241A049429
:10BF5000AC6934442846EAF703FF241A0594002408
:10BF600007E01B6802AA06A953F82400FFF798FD12
:10BF70000134AB681A8EA242F3D806A8FFF78DFAF7
:10BF8000012200212846ECF78BF904460190022299
:10BF900000212846ECF784F901906FF040439C4261
:10BFA00007D0984205D0002234212846E8F711FF37
:10BFB000B6E72846E9F722FFF5E70000044B1A6EC2
:10BFC00004499161196E0022CA611B6E1A627047A2
:10BFD000241C002011BF010800207047002070477A
:10BFE00070B5059E073803284ED8DFE800F002162A
:10BFF000242F1046002A0EDB049C04EBE00ED243F3
:10C0000002F0070001250124AC40A4B2013CA4B217
:10C010004FF0000C26E0D01DEEE71046002A08DBAA
:10C02000049C04EBA00ED04300F003004000022566
:10C03000E9E7D01CF4E702EBD270049C04EB600E3D
:10C04000D04300F0010080000425DCE7049800EBF9
:10C05000020E00200825D6E7C5F108000EF1010EFA
:10C060000CF1010C9C450DDA9EF8002002412240A3
:10C07000D2B251F8222046F82C20401B40B20028B2
:10C08000EEDAE9E7012070BD0020FCE730B583B0AF
:10C090000D461446C9682B7C4BB1012B17D0022BDF
:10C0A00035D101239380D3800E23537003E00C22FB
:10C0B000204601F03BFA607838B12378192B28D05C
:10C0C000638823F001036380012003B030BD08467C
:10C0D000F4F7C6FB104901F041FB08B10020F4E77A
:10C0E00001AB0C22214605F11400F4F7F9FA0028FF
:10C0F000F4D1019B0C2BF1D12378192B02D0637062
:10C1000019232370638843F020036380D3E7002062
:10C11000DBE70120D9E700BF1CD003082DE9F0417F
:10C12000044690461E46069F0FB100233B60002246
:10C130002046F4F704FB054610B12846BDE8F0811F
:10C140003B46324641462046F4F7CAFA0543EDB273
:10C15000F3E72DE9F04385B00C468E6CD6F80080ED
:10C1600091F82150EB1F032B03D8DFE803F00E05F5
:10C17000080B4FF000090AE04FF0100907E04FF0FC
:10C18000400904E04FF4806901E04FF00809638C36
:10C1900013F0080F09D0336A1F692763073D032D89
:10C1A00023D8DFE805F02F242A2C237C012B03D091
:10C1B00053BBE3681F69F0E74846F6F7C1FA074644
:10C1C00080B103AB00934B4602460C214046FFF77B
:10C1D000A5FF10B9039B4B4505D03846F6F7CCFABE
:10C1E000002007E0FEE77760D7E7002300E00423A4
:10C1F0006363012005B0BDE8F0831023F8E74FF436
:10C200008073F5E70223F3E70020F3E72DE9F04F11
:10C2100085B00D46D1F8488091F82100F3F720FC55
:10C22000044618B9204605B0BDE8F08FB5F828B02F
:10C230004FEACB06814696FBF0F626F06043EA8C87
:10C2400002FB06F60BFB02FB00930E23A98C3B4876
:10C25000EFF728FF074600286DD0D0F810A06B8CB0
:10C2600013F0080F1BD12B7C012B20D08BB395F83A
:10C2700021300E2B5AD00BF1FF3ED644731E0AEB31
:10C28000030C4FF0010A0AFA09FA5FFA8AFA0AF176
:10C29000FF3A5FFA8AFA4FF00009484639E0D8F8C9
:10C2A00020305A461969504601F040F9DFE7D8F8C6
:10C2B000000003AB00935B4652460C21FFF72EFFB4
:10C2C00010B9039B5B45D2D03846EFF77EFF0024C0
:10C2D000A8E7EB685A461969504601F027F9C6E706
:10C2E000C3F1080201FA02F24BEA02025FFA82FB92
:10C2F0002344DBB2072BF3D98CF800B02044C0B242
:10C30000072802D90EF1FF3E00200CF1FF3C09F195
:10C310000109B1450AD29EF8001001411AEA010153
:10C3200002D023468B46E5E78B46E5E7C8F81C704C
:10C33000EF62012476E7002474E700BF281D002087
:10C3400038B5846CBCB10546206820B1F4F7A6F975
:10C350002068F6F711FAE06908B1EFF736FF206AB6
:10C3600008B1EFF732FF6068F6F706FA2046F6F7F5
:10C3700003FA0023AB6438BD38B50C468D6C2DB183
:10C38000286C18B1EFF721FF00232B642046FFF73C
:10C39000D7FF38BD10B50446806C00B110BD4420F5
:10C3A000F6F7D8F908B1A064F8E7FEE72DE9F04305
:10C3B0008FB006460C460D7C012D4CD0002D40F070
:10C3C000FF80CF683B69002B00F0FE8097F801806A
:10C3D0004B8C13F0080F00F09480FFF7FFFD05462B
:10C3E0000027012D40F0ED80E56A002D00F0178157
:10C3F000638C13F0010F03D06B8843F001036B8053
:10C4000029462046F1F75EFF8046002800F0E080D4
:10C41000854208D02046FFF793FF2046FFF7BAFF7A
:10C42000C0F81C800027C4F82C80638CFF2B06D931
:10C4300003F47F43B8F802201343A8F802301FB971
:10C44000A379002B00F0C980237A13B10FB1002328
:10C4500023720125B8E0C868F4F702FA714901F0C7
:10C460007DF908B10025AFE02046FFF793FF0546B0
:10C47000002800F0D280A0640C20F6F761F907468E
:10C4800090B10222E168F4F78FF990B92F6094F827
:10C490002130628C12F0080F13D021463046FFF78E
:10C4A0009DFD054600279CE72046FFF749FF002534
:10C4B0008AE03846F6F760F92046FFF741FF00258D
:10C4C00082E0DA1FD2B2032A0ED8E77937B12146CB
:10C4D0003046FFF781FD0546002782E721463046BA
:10C4E000FFF737FE05467CE70B3BDBB2032B01D998
:10C4F000002779E721463046FFF788FE05460027EA
:10C500006FE7A8F10703DBB2032B10D9A8F10B03E7
:10C51000DBB2022B1ED80846FFF73CFF002853D0A1
:10C5200021463046FFF772FE0546002759E70846C8
:10C53000FFF730FF002847D0E7792FB1214630467A
:10C54000FFF74AFD05464CE721463046FFF701FE5E
:10C55000054646E70846FFF71DFF7B8813F0100FDE
:10C5600024D100F124093B89D3B901AD0FCF0FC508
:10C5700097E8070085E80700BDF808504046F3F744
:10C580006FFA00FB05F30733DB10ADF80C3001A99F
:10C590004846EFF7E1FF0546012D12D14F4606E070
:10C5A00039464846EFF7D8FF0546F5E70125E7622B
:10C5B0003B891BB9238D3B81012712E7012710E737
:10C5C00000252046FFF7BCFE28460FB0BDE8F083EB
:10C5D0002046FFF7B5FE0025F6E71FF039FF08B942
:10C5E0000125F1E7237C8DF82830E3680993E26A9E
:10C5F000D3680893A36C08A93046F1F741FE38B11F
:10C6000060642046FFF7C6FE0023C3610125DBE717
:10C610002046FFF795FE0025D6E70025D4E7012543
:10C62000D2E700BF1CD003082DE9F04F87B091F886
:10C6300021601B2E00F211810D4617461C46A6F103
:10C6400007085FFA88F88D4BF34013F0010F00F0F4
:10C650000681D1F84890B9F1000F00F00281D9F8B5
:10C6600000B03046F3F7FCF904903846F2F7A1FD2C
:10C6700082462B7C012B2ED0002303936368804AD3
:10C6800093422BD001336360E3680133E360D9F850
:10C690004080D8F810906268FB689A4200F3E88006
:10C6A000F31F142B00F2E680DFE813F04700470089
:10C6B00047004700E400E400E400E400910091003A
:10C6C000910091009100AA00E400E400E400E4007D
:10C6D000E400E40091000C230393CFE7B8F1030FCB
:10C6E00001D9059601E010230593D9F840000023F5
:10C6F0000093012352460599EFF740FD804628B18B
:10C7000097E80F0084E80F00E160C2E7D9F8400025
:10C7100020B1EFF75AFD0023C9F840300023009301
:10C72000059B012251465748EFF7BCFC8046002884
:10C7300000F09C80C9F84000E2E721680823049CCF
:10C74000B3FBF4F3B1FBF3F003FB1013049304FB0E
:10C750000AF30733DB08013305936B6B039800EB97
:10C760008303288D00FB023304FB01F103EBD104AA
:10C770002B7C012B12D0EB681F692744CDF8049065
:10C7800000975346049A296B3046FFF729FC2B7C0F
:10C79000012B18D0C5F82C80012763E00598F5F728
:10C7A000CFFF074670B100230093059B0246214648
:10C7B0005846FFF7B3FC0028E0D03846F5F7DCFF19
:10C7C00000274FE0FEE73846F5F7D6FFE2E7049E84
:10C7D00006FB0AF3288D039900FB0210216806FB73
:10C7E00001F100220092DB084A4600EBD1015846D5
:10C7F000FFF794FC00283FD1C5F82C80012731E0D9
:10C80000B8F808602B8D039903FB02112368180107
:10C810000023009333464A4601EBD0015846FFF708
:10C820007DFC074608B100271CE0E98C2B8D03FB3B
:10C8300001F10C3162685B0803FB021120680023E0
:10C840000093534609EB060201445846FFF766FC85
:10C8500040B9C5F82C80012704E0002702E000273A
:10C8600000E00027384607B0BDE8F08F0027F9E761
:10C870000027F7E70027F5E70027F3E780871F0881
:10C88000010000E0281D002010B5F1F7E1FC90B197
:10C8900004460949F1F7ECFC08492046F1F7EAFCA7
:10C8A00007492046F1F7E8FC06492046F1F7E6FC87
:10C8B000054B636110BDFEE78DC00108ADC30108E3
:10C8C00029C6010879C3010820D0030870B50446C1
:10C8D0000D4603681B6A984788B1064623685B6962
:10C8E0002A46014620469847A469304600F0BAF827
:10C8F0002946A047304600F0E1F8012070BD002035
:10C90000FCE7F8B504460F46154603685E6A134611
:10C910000022B047012815D002280CD12946204614
:10C92000FFF7D4FF80B123685E6A2B4600223946A8
:10C930002046B047F0E723681B692A46394620465F
:10C940009847F8BD0020FCE70020FAE782B0F8B570
:10C9500005460F461646079303689847A0B104465C
:10C960000560476086600023C36000F1100307AADA
:10C9700007CA83E807006B682046984728B120461D
:10C98000BDE8F84002B07047FEE72046F5F7F4FE38
:10C990000024F4E770B1034669B110B5C06858B11E
:10C9A0001868C4681846A047044608B100F060F84B
:10C9B000204610BDFEE7FEE70024F9E761B170B53F
:10C9C000054614460E461146304600F05BF83046E8
:10C9D00000F03EF808B170BDFEE7304600F03CF8CC
:10C9E0000028F8D0AD69304600F03CF82146A84751
:10C9F000304600F063F8EEE768B1034661B110B568
:10CA0000806850B11846FFF77CFF044608B100F07B
:10CA10002FF8204610BDFEE7FEE70024F9E7806806
:10CA2000003818BF0120704700B10162704718B18B
:10CA30004368013343607047FEE728B14368013B18
:10CA40004360002B01DB7047FEE700234360FAE7F9
:10CA500008B140687047FEE718B1007B00F00100A4
:10CA60007047FEE7034610B18068181A7047FEE76A
:10CA700038B110B50446FFF7DAFF2046FFF7F2FFA2
:10CA800010BDFEE728B110B50446FFF7E1FF08B975
:10CA900010BDFEE72046FFF7D0FFF9E708B10844D4
:10CAA0007047FEE71030704730B131B101608260ED
:10CAB0000022426002737047FEE7FEE728B108B526
:10CAC000027B12F0020F01D008BDFEE7FFF7CAFF9C
:10CAD000F5F752FEF8E7000010B54FF480310C482E
:10CAE00001F056F90B4CC4F8D40104F5F07404219C
:10CAF0002046F3F7F5FE2046F3F719FF38B1044658
:10CB0000044BD3F8D40101F052F9206010BDFEE7C8
:10CB1000281E0020241C002010B501460B4BD3F822
:10CB2000D40101F04AF9044670B101F0DEF8074A79
:10CB3000D2F8D8311844C2F8D801D2F8DC31984282
:10CB400038BF1846C2F8DC01204610BD241C002066
:10CB500070B504460D4601F0C8F806462A4621463F
:10CB60000E4BD3F8D40101F058F9054698B10B4C9F
:10CB7000D4F8D8319B1BC4F8D83101F0B6F8D4F8FA
:10CB8000D8311844C4F8D801D4F8DC31984238BF01
:10CB90001846C4F8DC01284670BD00BF241C0020E4
:10CBA00070B5054601F0A1F80446094E2946D6F8AD
:10CBB000D40101F013F9D6F8D831A34203D91B1BD5
:10CBC000C6F8D83170BD024B0022C3F8D821F9E76E
:10CBD000241C00209A4200D28854704770470146B6
:10CBE000002008E000EB8000531C0B60137803EB7F
:10CBF0004003A3F130000A681378303BDBB2092B05
:10CC0000F0D970472DE9F04F83B005460E469346A4
:10CC10001F46DDF830A00D9CDDF838900F9B13F017
:10CC2000030F19D1A046019208E002F1010B3B4627
:10CC300031462020A84708F101085A46C845F4D3D8
:10CC4000DDF804B008E0013C02F101083B46314642
:10CC50001AF80400A8474246002CF4D10F9B13F0A9
:10CC6000020F09D1104603B0BDE8F08F541C3B46BB
:10CC700031462020A8472246A2EB0B034B45F5D3B3
:10CC8000F0E72DE9F04385B099460C9D0D9C9DF889
:10CC90003880DDF840E0119F129E16F0020F21D17E
:10CCA0007FB116F0010F0CD0B8F1000F02D116F0D1
:10CCB0000C0F06D0013F04E04FF0300C05F804C023
:10CCC0000134744501D21F2CF6D916F0010F09D09A
:10CCD000BC4207D21F2C05D84FF0300C05F804C019
:10CCE0000134F2E716F0100F14D016F4806F04D15F
:10CCF0001CB1744522D0BC4220D00F9B102B33D0E6
:10CD00000F9B022B3DD01F2C0ED84FF0300C05F896
:10CD100004C001341F2C07D8B8F1000F39D04FF0F0
:10CD20002D0C05F804C00134039602970194009578
:10CD30004B46FFF767FF05B0BDE8F083B4F1010C87
:10CD40001DD00F9B102B0ED064460F9B102BD7D1FC
:10CD500016F0200FD4D01F2CD2D84FF0580C05F865
:10CD600004C00134CFE7023C16F0200FEDD11F2C98
:10CD7000EBD84FF0780C05F804C00134C3E76446E3
:10CD8000BBE71F2CD0D84FF0620C05F804C001346B
:10CD9000B9E716F0040F05D04FF02B0C05F804C0CE
:10CDA0000134C1E716F0080FBED04FF0200C05F893
:10CDB00004C00134B8E7F0B591B0169C189D1B9ED5
:10CDC0000CB926F0100616F4806E1DD064B34FF037
:10CDD000000E19E016F0200F24D04127BC445FFA62
:10CDE0008CFCACF10A0C5FFA8CFC0EF101070EF121
:10CDF000400EEE440EF820CCB4FBF5FCAC4214D34C
:10CE00001F2F12D8BE466446B4FBF5FC05FB1C4C34
:10CE10005FFA8CFCBCF1090FDCD80CF1300C5FFA26
:10CE20008CFCE2E76127D9E7274606961A9C059411
:10CE3000199C049403959DF85C400294019708ACFA
:10CE40000094FFF71EFF11B0F0BD2DE9F04F95B033
:10CE500009900A910B929846DDF878B0DDF87C9045
:10CE6000229D239F269E5BEA090201D126F010062F
:10CE700016F4806424D05BEA09022FD000241FE05E
:10CE800016F0200F28D041231344DBB20A3BDBB25B
:10CE900004F1010A04F150020DEB020404F8203CF5
:10CEA0002A463B4658464946E3F75AFAAB4579EBE2
:10CEB000070915D3BAF11F0F12D854468346894685
:10CEC0002A463B4658464946E3F74AFAD2B2092A6F
:10CED000D6D83032D3B2DBE76123D5E74FF0000A72
:10CEE0000696259B0593249B049303959DF880301B
:10CEF0000293CDF804A00CAB009343460B9A0A9919
:10CF00000998FFF7BEFE15B0BDE8F08F2DE9F04F90
:10CF100093B0074616460F938946002900F0D28247
:10CF200000240F9B1878002800F0CE82252809D015
:10CF3000651C334622464946B8470F9B01330F9381
:10CF40002C46EEE701330F934FF000081FE048F046
:10CF5000010801320F92012318E048F00208013263
:10CF60000F92012312E048F0040801320F920123CE
:10CF70000CE048F0080801320F92012306E048F067
:10CF8000100801320F92012300E0002353B30F9ADF
:10CF90001378203B102BF8D801A151F823F000BFE3
:10CFA00073CF01088BCF01088BCF01087FCF010819
:10CFB0008BCF01088BCF01088BCF01088BCF0108E5
:10CFC0008BCF01088BCF01088BCF010867CF0108F9
:10CFD0008BCF01085BCF01088BCF01088BCF0108F5
:10CFE0004FCF01080B930F9B1A78A2F13003DBB2ED
:10CFF000092B18D92A2A1BD0DDF82CB00F9B1A78E0
:10D000002E2A25D00F9A1378683B122B5CD8DFE8C4
:10D0100003F0495B7B5B3B5B5B5B5B5B5B5B575B39
:10D020005B5B5B5B80000FA8FFF7D9FD8346E5E7FC
:10D030001C9B1A1D1C921B68002B04DB9B460F9B3C
:10D0400001330F93DAE748F00208C3F1000BF6E76B
:10D0500048F480685A1C0F925A78A2F13003DBB270
:10D06000092B0CD92A2ACDD11C9B1A1D1C921D6894
:10D0700025EAE5730B930F9B01330F93C2E70FA8CB
:10D08000FFF7ADFD0B90BDE748F48071531C0F9383
:10D0900053786C2B01D0884616E048F44078023271
:10D0A0000F9211E048F08001531C0F935378682BC6
:10D0B00001D0884608E048F0C00802320F9203E031
:10D0C00048F4807801320F920F990878782811D8A7
:10D0D000622823D3A0F16202D2B2012393408F4A87
:10D0E0001A406ABB13F4003F40F08F8113F0020F27
:10D0F00040F05681651C334622464946B8470F9B8F
:10D1000001330F932C460CE748F4007801320F925C
:10D11000DAE748F4807801320F92D5E725280AD162
:10D12000651C3346224649462520B8470F9B0133EC
:10D130000F932C46F5E6DDD3502801D05828D9D1DD
:10D140005038282825D8DFE800F017242424242488
:10D1500024241524242424242424242422242424A0
:10D16000242424242424242424631724242424244D
:10D170002424150010220FE048F488784B78562BB1
:10D1800001D0102208E001310F91102204E00222A8
:10D1900002E028F010080A220F9B1B78582B01D0C0
:10D1A000502B01D148F02008692B03D0642B01D00B
:10D1B00028F00C0818F4806F01D028F00108692BC2
:10D1C00028D0642B26D0562B00F0978018F4007FCF
:10D1D00040F0A68018F4807F40F0BF8018F0400F28
:10D1E00000F0D1801C9B191D1C911B78CDF8148078
:10D1F000CDF810B00B990391029200220192009396
:10D200003346224649463846FFF7D5FD044623E01B
:10D210000822C1E718F4007F22D118F4807F44D19E
:10D2200018F0400F5BD01C9B191D1C911B7883EAE2
:10D23000E371A1EBE371CDF81480CDF810B00B9839
:10D2400003900292DB0F0193009133462246494638
:10D250003846FFF7B0FD04460F9B01330F9360E69D
:10D260001C9B073323F0070303F108011C91596845
:10D270001B680846002914DBCDF82080CDF81CB0CF
:10D280000B9D0695049200220592C90F029100930E
:10D2900001903346224649463846FFF7D6FD0446FC
:10D2A000DAE75B4261EB4100E6E71C9B191D1C912C
:10D2B0001B6883EAE371A1EBE371CDF81480CDF82C
:10D2C00010B00B9803900292DB0F0193009133464C
:10D2D000224649463846FFF76EFD0446BCE718F083
:10D2E000800F05D01C9B191D1C91B3F900309EE7DF
:10D2F0001C9B191D1C911B6899E71C9B1A1D1C92F5
:10D300001B685A68126811921B680092321B09EB65
:10D3100004013846FFF7FAFD04449DE785604800A4
:10D320001C9B073323F0070303F108011C91CDF880
:10D330002080CDF81CB00B99069100210492059134
:10D340000291D3E90023CDE9002333462246494622
:10D350003846FFF77AFD04467EE71C9B191D1C9199
:10D36000CDF81480CDF810B00B99039102920022F1
:10D3700001921B6800933346224649463846FFF720
:10D380001AFD044668E718F0800F04D01C9B191D95
:10D390001C911B882AE71C9B191D1C911B6825E703
:10D3A00018F002081FD001251C98031D1C9304F1DE
:10D3B000010A3346224649460078B847B8F1000FC3
:10D3C00014D10F9B01330F935446AAE502F1010AD1
:10D3D000334649462020B8472B4652465D1C9B45A4
:10D3E000F4D81446E0E701232246F7E7524607E067
:10D3F00002F10108334649462020B84725464246F7
:10D400006C1CAB45F4D89246DBE71C9B1A1D1C92A2
:10D41000D3F800A00B9909B94FF0FF31504600F046
:10D420006FF9034618F480620C9203D00B9A904275
:10D4300028BF134618F0020508D00D95CDF838B076
:10D4400022460B9C9B46B0460C9E1CE0224606E002
:10D45000541C334649462020B8474346224603F130
:10D4600001089B45F4D80D95CDF838B00B9CC34608
:10D47000B0460C9E07E01C460AF1010A551C4346C3
:10D480004946B8472A469AF8000020B1002EF3D04A
:10D49000631E002CEFD10D9D14465B46DDF838B0BD
:10D4A000464655B90F9B01330F933AE5551C334659
:10D4B00049462020B84723462A465C1C9B45F5D8A0
:10D4C0001446EFE7074F2BE5B44208D3721E3346EC
:10D4D00049460020B847204613B0BDE8F08F2246E9
:10D4E000F5E700BFDDCB01080CB410B584B00A46E7
:10D4F00006AC54F8043B0394009401460348FFF73C
:10D5000005FD04B0BDE8104002B07047D5CB01085E
:10D5100000B583B0009313460A4601460248FFF760
:10D52000F5FC03B000BD00BFD5CB010810B40F2A35
:10D530001FD900F0030401F003039C4261D1002CC9
:10D5400069D0C4F104040346002C65D0002A63D0DE
:10D5500011F801CB03F801CB013C013AF4E711F8D3
:10D56000014B03F8014B013A002AF8D15DF8044B56
:10D5700070470346F8E70C781C704C785C708C7828
:10D580009C70CC78DC700C791C714C795C718C7956
:10D590009C71CC79DC710C7A1C724C7A5C728C7A3E
:10D5A0009C72CC7ADC720C7B1C734C7B5C738C7B26
:10D5B0009C73CC7BDC730C7C1C744C7C5C748C7C0E
:10D5C0009C74CC7CDC740C7D1C754C7D5C758C7DF6
:10D5D0009C75CC7DDC750C7E1C764C7E5C768C7EDE
:10D5E0009C76CC7EDC760C7F1C774C7F5C778C7FC6
:10D5F0009C77CC7FDC7720332031203A202ABAD8A0
:10D6000006E00346FAE711F8014B03F8014B013A33
:10D61000002AF8D1AAE70346202A13D90C681C6017
:10D620004C685C608C689C60CC68DC600C691C6138
:10D630004C695C618C699C61CC69DC612033203170
:10D64000203AE9E7002A91D011F8014B03F8014B89
:10D65000013AF7E710F0030309D0C3F1040303E034
:10D6600000F8011B013A013B0BB1002AF8D101EB94
:10D67000012303EB014303EB016309E00360436013
:10D680008360C360036143618361C3612030203ADA
:10D69000202AF3D802E000F8011B013A002AFAD14F
:10D6A000704708B588420AD38B18834207D3884253
:10D6B0001CD902F1FF3C00EB0C03614407E0FFF7CB
:10D6C00035FF08BD11F8012903F80129624602F16E
:10D6D000FF3C002AF6D1F4E711F8012B03F8012BE7
:10D6E000624602F1FF3C002AF6D1EAE70346F8E77A
:10D6F0000246002000E00130135C002BFBD1704794
:10D700000246002000E00130884202D2135C002B68
:10D71000F9D17047002393420FD210B4CC5C3CB1D6
:10D72000C45401339342F9D302E00021C1540133C0
:10D730009342FAD35DF8044B7047934203D2002121
:10D74000C1540133F9E7704784460A7801318CF8F7
:10D7500000200CF1010C002AF7D1704701E00130E4
:10D760000131037813B10A789342F8D00878181A77
:10D77000704770B50546FFF7BBFF441C2046F4F721
:10D78000DFFF064618B122462946FFF7CFFE304696
:10D7900070BD70B50546FFF7B3FF04460130F4F7DE
:10D7A000CFFF064628B122462946FFF7BFFE0023D9
:10D7B0003355304670BD406820F003007047436821
:10D7C00003F003030B434360704708B5FFF7F3FF13
:10D7D000B0FA80F0400908BD406800F001007047D1
:10D7E000436843F0010343607047436823F001033B
:10D7F00043607047406800F002007047436843F0A0
:10D80000020343607047436823F00203436070479C
:10D8100008387047083070470844704710B5044610
:10D82000FFF7E8FF00B9FEE7206810BD38B50446F1
:10D83000FFF7F0FF05462046FFF7BDFF011F284612
:10D84000FFF7EAFF05462046FFF7BFFF00B1FEE7FE
:10D85000284638BD10B50446FFF7E8FF046010BD48
:10D8600010B50446FFF7F6FFFFF7C8FF2046FFF7A5
:10D87000B7FF10BD10B50446FFF7D8FFFFF7C3FF91
:10D880002046FFF7B2FF10BD4B1E0B4200D0FEE753
:10D89000084401384942084070474B1E0B4200D0F3
:10D8A000FEE7494208407047084401384B4218409F
:10D8B0004B1E0B4200D0FEE7704708B500B908BD0B
:10D8C000FFF7E2FFB0F5803F03D20C2838BF0C20F1
:10D8D000F5E70020F3E710B514469E46CB688A684A
:10D8E0006BB16AB1D3609A600EEB441C0CF10E0C64
:10D8F00000EB8C0CDCF804308B4202D010BDFEE74C
:10D90000FEE7CCF804209042F8D1221D00EB820201
:10D910005368012101FA0EF123EA01035360002B41
:10D92000ECD103690122A24023EA02030361E5E787
:10D930002DE9F0411F4603EB421C0CF10E0C00EBED
:10D940008C0CDCF8043083B105460C46164669B1F0
:10D950008B60C860D9600846FFF75CFF80460421F1
:10D96000FFF7A2FF804502D0FEE7FEE7FEE707EBE8
:10D9700046130E3305EB83035C602A69012303FA27
:10D9800006F10A432A61043605EB86056A68BB4046
:10D990001A436A60BDE8F08110B50C46FFF70BFF33
:10D9A0001034A04234BF0020012010BD2DE9F843FF
:10D9B00007460C46FFF72EFF211FFFF72DFF0546F8
:10D9C0003846FFF7F8FE0646031BA3F10409284674
:10D9D000FFF720FF80460421FFF766FF804500D057
:10D9E000FEE704EB090304339E4200D0FEE74946FC
:10D9F0002846FFF7E4FE2846FFF7DDFE0B2800D897
:10DA0000FEE721463846FFF7DAFE2846FFF728FFF3
:10DA10002846BDE8F88338B504460D46FFF7D5FE25
:10DA200000B1FEE72846FFF7C6FE021D63681344F7
:10DA300063602046FFF70EFF204638BD8060C0605F
:10DA40000021016109E002EB41130E3300EB830377
:10DA5000586001321F2AF6DD0131092905DC0B1D52
:10DA600000EB830300225A60F4E7704728B1B0FA54
:10DA700080F0C0F12000013870470020FBE770B54E
:10DA800004460D4616467F2809D80346002804DBC5
:10DA90009C1000202860346070BDC31CF8E7FFF7BD
:10DAA000E5FF431FDC4084F020040638F2E730B580
:10DAB00083B005460C460846FFF77DFE6A4601A97D
:10DAC000FFF7DDFF009B019A21462846FFF730FF54
:10DAD00003B030BD70B506460C4615460846FFF744
:10DAE0007BFE00B9FEE729462046FFF755FF00B947
:10DAF00070BD29462046FFF759FF05462046FFF72F
:10DB0000A9FE2846FFF77AFE29463046FFF7CFFFE9
:10DB1000EEE710B50C4651B102B9FEE7FFF7DAFFA8
:10DB20002046FFF7A7FE2046FFF774FE10BD08460B
:10DB3000FCE730B583B005460C460846FFF73BFED0
:10DB40006A4601A9FFF79BFF009B019A21462846E0
:10DB5000FFF7C1FE03B030BD70B505460C46084660
:10DB6000FFF748FE08B9204670BD2046FFF756FE75
:10DB7000064618B1FFF730FE08B9FEE7FEE731466A
:10DB80002846FFF7D6FF21463046FFF744FF0446FC
:10DB9000E9E770B505460C460846FFF747FE40B179
:10DBA0000646FFF719FE70B12046FFF70EFE08B1DA
:10DBB000FEE7FEE731462846FFF7BBFF3146204629
:10DBC000FFF729FF0446204670BD70B506460C4697
:10DBD00015460846FFF700FE00B1FEE7294620463D
:10DBE000FFF7DAFE00B970BD29462046FFF7DEFEDA
:10DBF0000446FFF708FE21463046FFF7CAFF0146FC
:10DC00003046FFF754FFEEE770B504460D46164662
:10DC10007F2806D9FFF72AFF053801238340013BFF
:10DC20001C44324629462046FFF729FF70BD0346B3
:10DC300090FAA0F0B0FA80F00BB94FF0FF307047C7
:10DC4000F8B5044616460D6812682B1D00EB8303D9
:10DC500058684FF0FF339340184011D10F462069A8
:10DC600001354FF0FF33AB40184013D0FFF7DFFF13
:10DC700005463860031D04EB8303586800B9FEE7CE
:10DC8000FFF7D5FF306000EB45100E3004EB800449
:10DC90006068F8BD0020FCE770B582B000230193F6
:10DCA0000093E1B104460E466A4601A93046FFF7EB
:10DCB000ABFF019B092B16DC6A4601A92046FFF742
:10DCC000BFFF054660B1FFF776FDB04200D2FEE728
:10DCD000009B019A29462046FFF7FDFD00E0002544
:10DCE000284602B070BD0025FAE728B108B5FFF755
:10DCF0008FFDFFF760FD08BD0020704740F23C50EB
:10DD0000704708207047F8B507460C461546FFF7E0
:10DD1000F8FF0421281AFFF7C0FD14F0030F28D1E3
:10DD20000546A0F10C024FF6F4739A4223D86FF027
:10DD300003012046FFF770FD06462946FFF73FFD29
:10DD40003046FFF74DFD3046FFF75DFD3146384662
:10DD5000FFF7ADFE3046FFF77DFD05460021FFF7DA
:10DD60002EFD2846FFF741FD2846FFF747FD2046D8
:10DD7000F8BD0020FCE70020FAE710F0030F05D102
:10DD800010B50446FFF75AFE204610BD002070472C
:10DD900070B505460E46FFF7F0FF0446FFF7AEFFED
:10DDA000321A29182046FFF7AEFF204670BD10B585
:10DDB0000446FFF7A3FF204410BD38B504460846CB
:10DDC0000421FFF77AFD054601462046FFF764FF70
:10DDD00001462A462046FFF79CFE38BD70B5C9B102
:10DDE00005460846FFF714FD0446FFF7F5FC00B1B1
:10DDF000FEE766682046FFF733FD21462846FFF719
:10DE0000ABFE01462846FFF7C4FE01462846FFF751
:10DE10004EFE00E00026304670BD2DE9F84F054665
:10DE2000144629B38946EAB10846FFF7F1FC0746D4
:10DE3000FFF7FCFC82463846FFF7BDFC064650461D
:10DE4000FFF7B9FC831903F1040B04212046FFF707
:10DE500034FD8046B44200D9D8B33846FFF7BCFC45
:10DE600058B1FEE7FFF7BAFF00273846BDE8F88F44
:10DE70001146FFF7A2FF0746F7E7464518D250467E
:10DE8000FFF7AAFC08B1C34512D221462846FFF786
:10DE900094FF07460028E8D02246B44228BF324605
:10DEA0004946FFF743FB49462846FFF797FFDCE763
:10DEB000464506D3424639462846FFF786FE4F467A
:10DEC000D3E739462846FFF764FE3846FFF7D2FC11
:10DED000F0E70027C9E70000F8B50C46D04BD3F8AF
:10DEE000CC510846EBF71DFA002854D00646CD4920
:10DEF0002046E5F7EDFD002800F0B580CA49304620
:10DF0000E5F7E6FD28B101213046EBF73DFA844202
:10DF100054D0C5493046E5F7DBFD28B10021304635
:10DF2000EBF732FA84424AD03046EBF7FAF9BE49B1
:10DF3000E5F7CEFD002855D1BC493046E5F7C8FDD0
:10DF400028B100213046EBF71FFA844264D0B7496C
:10DF50003046E5F7BDFD28B101213046EBF714FA54
:10DF6000844266D0B2493046E5F7B2FD30BB0022AC
:10DF700005F164012046EAF73DFD4FF4803205F1DA
:10DF80004C012046EAF736FDAA4A05F15801204621
:10DF9000EAF730FD12E0002205F140012046EAF7E1
:10DFA00029FD4FF4803205F14C012046EAF722FDAD
:10DFB000A04A05F158012046EAF71CFDF8BD0022F1
:10DFC00005F1B8012046EAF715FD102205F5987114
:10DFD0002046EAF70FFD102205F54D712046EAF7BD
:10DFE00009FDEBE7002205F580712046EAF702FD06
:10DFF000002205F5B6712046EAF7FCFC4FF48032AA
:10E0000005F14C012046EAF7F5FC8A4A05F1580172
:10E010002046EAF7EFFCD1E7002205F1AC012046EB
:10E02000EAF7E8FC002205F1E8012046EAF7E2FC05
:10E03000C4E7002205F140012046EAF7DBFC00229C
:10E0400005F580712046EAF7D5FC4FF4803205F1E2
:10E050004C012046EAF7CEFC764A05F158012046ED
:10E06000EAF7C8FCAAE774492046E5F731FD002825
:10E0700000F085803046EBF754F9074620B10021C7
:10E08000EBF782F986424FD0002205F1700120465D
:10E09000EAF7B0FC002205F17C012046EAF7AAFC71
:10E0A000002205F5C2712046EAF7A4FC802205F1A2
:10E0B000C4012046EAF79EFC802205F5C87120467F
:10E0C000EAF798FC102205F598712046EAF792FCD1
:10E0D000802205F5BC712046EAF78CFC042205F18C
:10E0E00094012046EAF786FC4FF4007205F1D00156
:10E0F0002046EAF77FFC51493046E5F7E9FC30B9A4
:10E100004F493046E5F7E4FC00283FF457AF0022C2
:10E1100005F532712046EAF76DFC802205F538716D
:10E120002046EAF767FC49E73F493846E5F7D0FC67
:10E130000028A9D0802205F1C4012046EAF75AFC44
:10E14000042205F188012046EAF754FC042205F573
:10E1500050712046EAF74EFC102205F598712046D2
:10E16000EAF748FC202205F59E712046EAF742FCBA
:10E17000102205F54D712046EAF73CFC1EE73149B7
:10E180002046E5F7A5FC30B1002205F50B712046CD
:10E19000EAF730FC12E72C492046E5F799FC002805
:10E1A00000F0908022493046E5F792FC002857D1D4
:10E1B000002205F164012046EAF71CFC05F598777A
:10E1C000102239462046EAF715FC05F59E762022F6
:10E1D00031462046EAF70EFC4FF4A02205F170010B
:10E1E0002046EAF707FC194A05F1D0012046EAF774
:10E1F00001FC174A05F1C4012046EAF7FBFB154A6A
:10E2000005F17C012046EAF7F5FB134A3946204622
:10E21000EAF7F0FB114A31462046EAF7EBFBCDE680
:10E22000241C002064F70308F8790408887A04089D
:10E23000D4700408000101005470040898760408A2
:10E24000BC7604080876040878700408000205000B
:10E2500080000500040005001000050020000500F6
:10E26000002205F517712046EAF7C4FB05F59877FB
:10E27000102239462046EAF7BDFB05F59E7620229E
:10E2800031462046EAF7B6FB4FF4A02205F51A7195
:10E290002046EAF7AFFBDE4A05F1C4012046EAF763
:10E2A000A9FBDC4A05F1D0012046EAF7A3FBDA4AD4
:10E2B00039462046EAF79EFBD84A31462046EAF71F
:10E2C00099FB7BE6D6492046E5F702FC30B30022F5
:10E2D00005F188012046EAF78DFB05F5A4760022BA
:10E2E00031462046EAF786FB102205F59871204654
:10E2F000EAF780FB202205F59E712046EAF77AFBBB
:10E300004FF4003205F17C012046EAF773FB4FF42D
:10E31000003231462046EAF76DFB4FE6C149204600
:10E32000E5F7D6FB002841D0002205F18801204600
:10E33000EAF760FB05F5A476002231462046EAF7AD
:10E3400059FB102205F598712046EAF753FB20226D
:10E3500005F59E712046EAF74DFB4FF4003205F1BA
:10E360007C012046EAF746FB4FF400323146204656
:10E37000EAF740FB4FF4403205F5DA712046EAF740
:10E3800039FBA94E324605F5BC712046EAF732FB4F
:10E390004FF4403205F5C2712046EAF72BFB3246B6
:10E3A00005F5C8712046EAF725FB07E69F49204698
:10E3B000E5F78EFB002852D0002205F164012046CB
:10E3C000EAF718FB002205F1DC012046EAF712FB10
:10E3D000002205F5AA712046EAF70CFB102205F58C
:10E3E00098712046EAF706FB202205F59E7120462B
:10E3F000EAF700FB4FF4803205F14C012046EAF7C2
:10E40000F9FA8B4A05F158012046EAF7F3FA4FF47E
:10E41000A02205F1B8012046EAF7ECFA4FF4A02259
:10E4200005F50E712046EAF7E5FA4FF4A02205F54E
:10E4300080712046EAF7DEFA754A05F1C4012046EC
:10E44000EAF7D8FA744A05F17C012046EAF7D2FAD5
:10E45000724A05F194012046EAF7CCFAAEE5754917
:10E460002046E5F735FB002840D0002205F58671EF
:10E470002046EAF7BFFA102205F598712046EAF720
:10E48000B9FA6D4A05F1D0012046EAF7B3FA4FF424
:10E49000003205F502712046EAF7ACFA674E3246C3
:10E4A00005F17C012046EAF7A5FA324605F505712B
:10E4B0002046EAF79FFA7C36324605F1C401204631
:10E4C000EAF798FA324605F5BC712046EAF792FA67
:10E4D000324605F5C8712046EAF78CFA4FF400324F
:10E4E00005F5C2712046EAF785FA67E554492046EA
:10E4F000E5F7EEFA00284FD0002205F1AC012046E6
:10E50000EAF778FA05F5A477002239462046EAF7BB
:10E5100071FA002205F5D4712046EAF76BFA4FF440
:10E52000007205F1D0012046EAF764FA102205F5E1
:10E5300098712046EAF75EFA404E324605F17C01BA
:10E540002046EAF757FA4FF4003239462046EAF7F8
:10E5500051FA4FF4403205F5DA712046EAF74AFAEB
:10E560004FF4403205F1B8012046EAF743FA4FF480
:10E57000403205F508712046EAF73CFA05F5C87502
:10E58000324629462046EAF735FA4FF4003229464A
:10E590002046EAF72FFA11E52A492046E5F798FACE
:10E5A000002851D0002205F164012046EAF722FA42
:10E5B000002205F1F4012046EAF71CFA002205F5D5
:10E5C000F8712046EAF716FA4FF4803205F14C0153
:10E5D0002046EAF70FFA164A05F158012046EAF7F5
:10E5E00009FA05F5EC764FF4A02231462046EAF709
:10E5F00001FA4FF4003205F5F2712046EAF7FAF914
:10E600004FF4C02231462046EAF7F4F9D6E400BFC1
:10E610008000050000020500100005002000050034
:10E62000307004084479040880000300D479040899
:10E6300000010100947104080002020004000200BD
:10E64000B079040870710408D5492046E5F740FA0E
:10E6500058B3002205F164012046EAF7CBF9002205
:10E6600005F5CE712046EAF7C5F9002205F58C7153
:10E670002046EAF7BFF9002205F592712046EAF735
:10E68000B9F9102205F598712046EAF7B3F920226E
:10E6900005F59E712046EAF7ADF94FF4802205F1A9
:10E6A0007C012046EAF7A6F988E4BE492046E5F752
:10E6B0000FFAC0B3002205F164012046EAF79AF987
:10E6C000002205F1F4012046EAF794F9002205F54D
:10E6D000C2712046EAF78EF905F5C87680223146E8
:10E6E0002046EAF787F9802205F1C4012046EAF7BF
:10E6F00081F9102205F598712046EAF77BF920226E
:10E7000005F59E712046EAF775F94FF4003231465F
:10E710002046EAF76FF94FF4007205F1D001204668
:10E72000EAF768F94AE4A0492046E5F7D1F998B339
:10E73000002205F164012046EAF75CF9002205F5A4
:10E740008C712046EAF756F9002205F5FE71204645
:10E75000EAF750F94FF4803205F14C012046EAF710
:10E7600049F9924A05F158012046EAF743F94FF476
:10E77000802205F1B8012046EAF73CF94FF0041277
:10E7800005F17C012046EAF735F9894A05F1C40113
:10E790002046EAF72FF911E486492046E5F798F973
:10E7A000E0B105F5E076002231462046EAF722F98D
:10E7B0004FF4003231462046EAF71CF94FF400329C
:10E7C00005F5E6712046EAF715F94FF4403205F5F4
:10E7D000DA712046EAF70EF9FFF7F0BB76492046DA
:10E7E000E5F776F9A8B105F5E07600223146204636
:10E7F000EAF700F94FF4003231462046EAF7FAF81A
:10E800004FF4003205F5E6712046EAF7F3F8FFF71A
:10E81000D5BB6A492046E5F75BF9D0B3002205F184
:10E8200064012046EAF7E6F8002205F1F4012046EB
:10E83000EAF7E0F84FF4007205F1D0012046EAF75C
:10E84000D9F8102205F598712046EAF7D3F820226E
:10E8500005F59E712046EAF7CDF84FF4803205F1B8
:10E860004C012046EAF7C6F8504A05F15801204607
:10E87000EAF7C0F8524A05F511712046EAF7BAF8EE
:10E880004FF4002205F514712046EAF7B3F8FFF7BC
:10E8900095BB4C492046E5F71BF968B1002205F10C
:10E8A00064012046EAF7A6F8002205F1DC012046C3
:10E8B000EAF7A0F8FFF782BB43492046E5F708F9DD
:10E8C00038B1002205F51D712046EAF793F8FFF7ED
:10E8D00075BB3E492046E5F7FBF838B1002205F547
:10E8E0001D712046EAF786F8FFF768BB38492046D5
:10E8F000E5F7EEF8002877D0002205F14001204628
:10E90000EAF778F895F82830012B46D005F1E801B0
:10E9100000222046EAF76EF8102205F5987120468D
:10E92000EAF768F8202205F59E712046EAF762F8BA
:10E930004FF4A02205F170012046EAF75BF8254A62
:10E9400005F1D0012046EAF755F84FF4A02205F171
:10E95000B8012046EAF74EF84FF4A02205F54171C0
:10E960002046EAF747F81C4A05F1C4012046EAF7B9
:10E9700041F81A4A05F1AC012046EAF73BF8184A7B
:10E9800005F188012046EAF735F8164A05F1A0019D
:10E990002046EAF72FF8FFF711BB05F1F401B7E7BE
:10E9A000FC780408DC710408B87104080001010057
:10E9B000800004000C7004088C7904081C7A040898
:10E9C00008000600D4700408287104084C7104087B
:10E9D0009C75040800020500800005000400050085
:10E9E0001000050020000500C1492046E5F770F839
:10E9F00020B1C0493046E5F76BF8B8B9BE492046AA
:10EA0000E5F766F8D8B9BD492046E5F761F888B35F
:10EA1000002205F1AC012046E9F7ECFF002205F5E4
:10EA20004A712046E9F7E6FFFFF7C8BA4FF48022A3
:10EA300005F17C012046E9F7DDFFFFF7BFBA0022B0
:10EA400005F164012046E9F7D5FF002205F5447180
:10EA50002046E9F7CFFF4FF4803205F14C01204604
:10EA6000E9F7C8FFA64A05F158012046E9F7C2FFB9
:10EA7000FFF7A4BAA3492046E5F72AF828B30022F5
:10EA800005F1B8012046E9F7B5FF002205F5477109
:10EA90002046E9F7AFFF102205F17C012046E9F797
:10EAA000A9FF05F54A76102231462046E9F7A2FF74
:10EAB000802231462046E9F79DFF802205F1C401FE
:10EAC0002046E9F797FFFFF779BA8F492046E4F728
:10EAD000FFFF68B1002205F164012046E9F78AFFD3
:10EAE000002205F520712046E9F784FFFFF766BA9A
:10EAF00086492046E4F7ECFFA0B1002205F5267117
:10EB00002046E9F777FF4FF4803205F14C012046AB
:10EB1000E9F770FF7A4A05F158012046E9F76AFFE4
:10EB2000FFF74CBA7A492046E4F7D2FFA0B10022A1
:10EB300005F529712046E9F75DFF4FF4803205F1B4
:10EB40004C012046E9F756FF6D4A05F15801204671
:10EB5000E9F750FFFFF732BA6E492046E4F7B8FFF5
:10EB6000F8B1002205F523712046E9F743FF802222
:10EB700005F538712046E9F73DFF05F18806842246
:10EB800031462046E9F736FF042231462046E9F7B0
:10EB900031FF102205F17C012046E9F72BFFFFF73A
:10EBA0000DBA5D492046E4F793FF20B95B49204642
:10EBB000E4F78EFF38B1002205F52F712046E9F702
:10EBC00019FFFFF7FBB956492046E4F781FFA0B1D2
:10EBD000002205F52C712046E9F70CFF4FF4803236
:10EBE00005F14C012046E9F705FF454A05F15801BA
:10EBF0002046E9F7FFFEFFF7E1B94A492046E4F76E
:10EC000067FF38B1002205F535712046E9F7F2FEBD
:10EC1000FFF7D4B944492046E4F75AFF38B100223F
:10EC200005F53B712046E9F7E5FEFFF7C7B93F4917
:10EC30002046E4F74DFF98B1002205F1640120461B
:10EC4000E9F7D8FE002205F1DC012046E9F7D2FE03
:10EC5000002205F5B0712046E9F7CCFEFFF7AEB90A
:10EC600033492046E4F734FF38B1002205F53E7100
:10EC70002046E9F7BFFEFFF7A1B92E492046E4F789
:10EC800027FF68B1002205F1F4012046E9F7B2FE42
:10EC9000002205F1AC012046E9F7ACFEFFF78EB982
:10ECA00025492046E4F714FF38B1002205F1F401AC
:10ECB0002046E9F79FFEFFF781B920492046E4F797
:10ECC00007FF00283CD04FF4803205F14C0120466C
:10ECD000E9F790FE0A4A05F158012046E9F78AFE55
:10ECE000002205F1F4012046E9F784FEFFF766B93A
:10ECF000C07504081C7A0408747604082C7604088D
:10ED00000001010050760408B8770408047704086D
:10ED1000E07604087077040898760408BC76040846
:10ED2000947704084C77040828770408B47804081A
:10ED3000DC77040890780408487804086C780408A4
:10ED40006C492046E4F7C4FE20B96B492046E4F73D
:10ED5000BFFE90B3002205F170012046E9F74AFE9C
:10ED6000002205F17C012046E9F744FE002205F56A
:10ED7000C2712046E9F73EFE802205F1C40120461B
:10ED8000E9F738FE802205F5C8712046E9F732FE22
:10ED9000102205F598712046E9F72CFE042205F1B2
:10EDA00094012046E9F726FE4FF4007205F1D001E8
:10EDB0002046E9F71FFEFFF701B950492046E4F766
:10EDC00087FE00B3002205F164012046E9F712FE38
:10EDD000002205F1F4012046E9F70CFE102205F5AA
:10EDE00098712046E9F706FE202205F59E7120461F
:10EDF000E9F700FE4FF4C02205F17C012046E9F757
:10EE0000F9FDFFF7DBB83E492046E4F761FEA0B10B
:10EE1000002205F140012046E9F7ECFD4FF4803275
:10EE200005F14C012046E9F7E5FD364A05F15801A8
:10EE30002046E9F7DFFDFFF7C1B833492046E4F784
:10EE400047FE70B14FF4803205F14C012046E9F7DE
:10EE5000D1FD2C4A05F158012046E9F7CBFDFFF71B
:10EE6000ADB82A492046E4F733FE68B1002205F127
:10EE700040012046E9F7BEFD002205F1DC012046F5
:10EE8000E9F7B8FDFFF79AB821492046E4F720FEDC
:10EE900038B1002205F5B0712046E9F7ABFDFFF768
:10EEA0008DB81C492046E4F713FE38B1002205F561
:10EEB00053712046E9F79EFDFFF780B816492046BA
:10EEC000E4F706FE00283FF479A805F55675002200
:10EED00029462046E9F78EFD4FF4003229462046A8
:10EEE000E9F788FD4FF4A02229462046E9F782FD84
:10EEF000FFF764B8007804082478040868790408E7
:10EF0000647A040800010100407A0408F8790408D2
:10EF1000887A0408E47504082079040838B50446A2
:10EF20000D46F2F7DBFC29462046F2F7E0FC38BD3F
:10EF300038B504460D46F2F7ADFC29462046F2F7F7
:10EF4000B2FC38BD38B504460D46F2F7B5FC29468B
:10EF50002046F2F7BAFC38BD38B504460D46F2F744
:10EF6000ABFC29462046F2F7B0FC29462046F2F7D2
:10EF700091FC29462046F2F796FC38BD044BD3F8A5
:10EF8000CC3113B193F83C0070470020704700BFAC
:10EF9000241C002010B50446FFF7F0FF18B12046EE
:10EFA000F2F7CAFA10BD2046F2F7C0FAFAE70000FD
:10EFB0002DE9F04F93B00446436A13F0010F01F0BE
:10EFC000C083DB48F0F703FE84F83000C0F307236A
:10EFD00084F83130C0F3074084F83200636A13F0DC
:10EFE000010F01F0BE8305211220F1F7F3FF84F831
:10EFF0003300C0F3072384F83430C0F3074084F8AB
:10F000003500636A13F0010F01F0BB83C948F0F7C4
:10F01000DEFD84F83600C0F3072384F83730C0F3F0
:10F02000074084F83800636A13F0010F01F0B783DA
:10F03000C148F0F7CCFD84F83900C0F3072384F809
:10F040003A30C0F3074084F83B0004F5C2794846E3
:10F05000FFF7A0FF04F5C8784046FFF79BFF04F5D3
:10F060005975DFF8DCB2DFF8DCA2002701974623F0
:10F07000009350235A4651462846F2F7FFFA04F50A
:10F080005E760197009750235A4651463046F2F774
:10F09000F5FA29464846F2F792FD31464046F2F726
:10F0A0008EFD04F14C052846FFF774FF636A13F0E8
:10F0B000010F01F0848302211220F1F7CBFF8DF8BC
:10F0C0000800C0F307238DF80930C0F307408DF81E
:10F0D0000A0002992846F2F713FC47F6FF7128460A
:10F0E000F2F739FDE16AC1EBC101EF2941F3768303
:10F0F0005031924B83FB0123C917C1EBA311284662
:10F10000FFF72AFFE16A01EB8101EF2941F36983EF
:10F1100050318A4B83FB0123C917C1EBA311284649
:10F12000F2F782FB66212846F2F7FAFB31462846C1
:10F13000F2F745FD04F158052846FFF72BFFFF21A4
:10F140002846F2F7EDFB04F140052846FFF722FFC1
:10F15000FF212846F2F7E4FB216B2846F2F7D0FBAB
:10F1600094F8333094F8342043EA022394F83510AD
:10F1700043EA01412846F2F7C3FCE1692846F2F769
:10F18000CFFCE16A94F82830012B01F03083022B88
:10F1900001F02A830A2303FB01F1EF2941F32A83BB
:10F1A0005031664B83FB0123C917C1EBA3112846DD
:10F1B000F2F794FBE16A94F82830012B01F02083E8
:10F1C000022B01F01A830A2303FB01F1EF2941F31B
:10F1D0001A835031594B83FB0123C917C1EBA3118B
:10F1E0002846F2F784FBE16A0029C1F20F838910F7
:10F1F00009022846F2F7ECFC04F164052846FFF703
:10F20000C9FEE16A94F82830012B01F0028308233B
:10F2100003FB01F1EF2941F3FF825031474B83FBA0
:10F220000123C917C1EBA3112846F2F794FCFF2173
:10F230002846F2F775FBE38E94F8381043EA014153
:10F240002846F2F75DFB94F8393094F83A2043EA07
:10F25000022394F83B1043EA01412846F2F782FB6F
:10F26000E16A772941F3DB822831344B83FB0123A8
:10F27000C917C1EB63112846F2F78DFB012128461F
:10F28000F2F79BFB94F8333094F8342043EA0223DE
:10F2900094F8351043EA01412846F2F731FCE16A5F
:10F2A00094F82830012B01F0C082022B01F0BA82C1
:10F2B000102303FB01F1EF2941F3BA8250311F4BB8
:10F2C00083FB0123C917C1EBA3112846FFF744FEB6
:10F2D000E16A94F82830012B01F0B082022B01F092
:10F2E000AA820A2303FB01F1EF2941F3AA825031DC
:10F2F000124B83FB0123C917C1EBA3112846F2F778
:10F30000EDFAE16A94F82830012B01F0A082022B7B
:10F3100001F09A820A2303FB01F1EF2941F39A825B
:10F320005031064B83FB0123C917C1EBA3110BE03E
:10F330001A171500302B280037322F0067666666D3
:10F3400069E90008007004082846F2F7D0FA122094
:10F35000F1F714FE8DF80C00C0F307238DF80D3083
:10F36000C0F307408DF80E0003992846F2F796FB8C
:10F37000E16AEF2941F371825031DD4B83FB0123B8
:10F38000C917C1EBA3112846F2F77FFB04F5987566
:10F390002846FFF7FFFD21692846F2F720FBE16AC6
:10F3A00001EB4101EF2941F35B825031D04B83FBEC
:10F3B0000123C917C1EBA3112846F2F707FBE16A45
:10F3C00001EB4101EF2941F34E825031C84B83FBE1
:10F3D0000123C917C1EBA3112846F2F719FB7F21BE
:10F3E0002846F2F70CFB04F59E752846FFF7D2FD80
:10F3F000E37C227D43EA0223617D43EA0141284602
:10F40000F2F7EDFAE16A01EB4101EF2941F32E82B7
:10F410005031B74B83FB0123C917C1EBA311284619
:10F42000F2F7D4FA7F212846F2F7E9FA04F17005E1
:10F430002846FFF7AFFDE16A94F82830012B01F070
:10F440001B82022B01F01582082303FB01F1EF2937
:10F4500041F315825031A64B83FB0123C917C1EB41
:10F46000A3112846F2F777FBFF212846F2F758FA56
:10F4700094F8393094F83A2043EA022394F83B1088
:10F4800043EA01412846F2F73BFA636A13F0010FA1
:10F4900001F0F88194F8333094F8342043EA0223E1
:10F4A00094F8351043EA01412846F2F729FBE16A56
:10F4B00094F82830012B01F05B82022B01F0558279
:10F4C000102303FB01F1EF2941F355825031884BA2
:10F4D00083FB0123C917C1EBA3112846FFF732FDB7
:10F4E000E16A94F82830012B01F04B82022B01F0E5
:10F4F00045820A2303FB01F1EF2941F34582503194
:10F500007B4B83FB0123C917C1EBA3112846FFF7EF
:10F510000FFDE16A01EB8101EF2941F3388250319F
:10F52000734B83FB0123C917C1EBA3112846F2F7E4
:10F53000DEF9E16A01EB8101EF2941F32D825031BF
:10F540006B4B83FB0123C917C1EBA3112846F2F7CC
:10F55000C5F904F1C4052846FFF71CFDF0F7CCFB04
:10F560008DF81400C0F307238DF81530C0F3074061
:10F570008DF8160005992846F2F7FFFA2321284650
:10F58000F2F70BFB04F1D0052846FFF703FD594BBA
:10F59000D3F8CC315B6A13F0010F01F00082022135
:10F5A0001220F1F757FD8DF81800C0F307238DF8EE
:10F5B0001930C0F307408DF81A0006992846F2F773
:10F5C000DCFA7F212846F2F7E8FA04F5B075284600
:10F5D000FFF7E0FC01212846F2F7C6FA0121284690
:10F5E000F2F7EBF904F580752846FFF7D3FCE16AE2
:10F5F00094F82830012B01F0E981022B01F0E3811E
:10F60000102303FB01F1EF2941F3E3815031384B23
:10F6100083FB0123C917C1EBA3112846FFF79CFC0C
:10F62000E16A94F82830012B01F0D981022B01F016
:10F63000D381102303FB01F1EF2941F3D381503132
:10F640002B4B83FB0123C917C1EBA3112846F2F70B
:10F6500045F9E16A94F82830012B01F0C981022BA9
:10F6600001F0C381102303FB01F1EF2941F3C381B2
:10F6700050311F4B83FB0123C917C1EBA31128464F
:10F68000F2F735F904F1F4052846FFF783FCE16A47
:10F6900094F82830012B01F0B481022B01F0AE81E7
:10F6A0000A2303FB01F1EF2941F3AE815031104BE6
:10F6B00083FB0123C917C1EBA3112846FFF74CFCBC
:10F6C000E16A94F82830012B01F0A481022B01F0AB
:10F6D0009E810A2303FB01F1EF2941F39E81503102
:10F6E000034B83FB0123C917C1EBA31104E000BF47
:10F6F00067666666241C00202846FFF70FFC04F5A9
:10F7000086752846FFF746FCE36A03EB83035B003C
:10F71000EF2B41F385815033D54A82FB0312DB176F
:10F72000C3EBA2112846F2F7D9F8E36A03EB83038F
:10F730005B00EF2B41F377815033CD4A82FB0312FC
:10F74000DB17C3EBA2112846F2F7D1F804F58C754C
:10F750002846FFF71FFCE36A03EB83039B00EF2BB4
:10F7600041F364815033C24A82FB0312DB17C3EBBF
:10F77000A2112846F2F7DDF904F592752846FFF745
:10F7800009FC02212846F2F7DDF904F1DC052846E0
:10F79000FFF700FC00212846FFF7DEFB002128468A
:10F7A000F2F79CF800212846F2F7A1F804F1E805E9
:10F7B0002846FFF7EFFBE16A94F82830012B01F0AF
:10F7C0003B81022B01F03581022303FB01F1EF297C
:10F7D00041F335815031A64B83FB0123C917C1EB9F
:10F7E000A3112846FFF7B8FBE16A94F82830012BF3
:10F7F00001F02B81022B01F02581022303FB01F193
:10F80000EF2941F325815031994B83FB0123C9171F
:10F81000C1EBA3112846F2F761F8E16A94F82830A9
:10F82000012B01F01B81022B01F01581022303FB48
:10F8300001F1EF2941F3158150318D4B83FB0123F9
:10F84000C917C1EBA3112846F2F751F804F17C0562
:10F850002846FFF79FFB21692846F2F751F8F0F799
:10F860002BFA8DF82000C0F307238DF82130C0F368
:10F8700007408DF8220008992846F2F741F9FF2148
:10F880002846F2F74DF804F188052846FFF782FB79
:10F8900021692846F2F734F821692846F2F730F951
:10F8A00033212846F2F73CF804F194052846FFF787
:10F8B00071FBE37C227D43EA0223617D43EA01413F
:10F8C0002846F2F71DF8F0F7F7F98DF82400C0F399
:10F8D00007238DF82530C0F307408DF826000999DD
:10F8E0002846F2F70DF9FF212846F2F719F804F13E
:10F8F000A0052846FFF74EFBE37C227D43EA022366
:10F90000617D43EA01412846F1F7FAFFE37C227D5D
:10F9100043EA0223617D43EA01412846F2F7F0F809
:10F9200033212846F1F7FCFF04F1AC052846FFF728
:10F9300031FB94F8393094F83A2043EA022394F8E2
:10F940003B1043EA01412846F1F7DAFFFF21284640
:10F95000F1F7E6FF94F8333094F8342043EA0223B9
:10F9600094F8351043EA01412846F2F7C9F804F14A
:10F97000B8052846FFF70EFBE38E94F8381043EAEB
:10F9800001412846F1F7BCFFFF212846F1F7C8FFE7
:10F9900094F8333094F8342043EA022394F8351075
:10F9A00043EA01412846F2F7ABF804F5A47528466E
:10F9B000FFF7F0FA47F6FF712846F2F7CCF804F5A6
:10F9C000AA752846FFF7E6FA00212846F2F7C3F8A1
:10F9D00004F5B6752846FFF7DDFAE16A0029C1F2A1
:10F9E0004380891009022846F2F7F2F804F5BC7545
:10F9F0002846FFF7CFFAE16A01EB4101EF2941F315
:10FA0000368050311A4B83FB0123C917C1EBA31178
:10FA10002846F1F72DFFE16A01EB4101EF2941F39F
:10FA200029805031124B83FB0123C917C1EBA3116D
:10FA30002846F1F726FF04F5DA752846FFF7AAFAFB
:10FA400021692846F1F75CFFFF212846F1F768FF9E
:10FA5000E36A03EB43035B00EF2B41F30E8050336B
:10FA6000034A82FB0312DB17C3EBA21102E000BFC3
:10FA7000676666662846FFF76FFA47F6FF71284605
:10FA8000F2F769F804F5CE752846FFF783FAC82126
:10FA90002846F2F78BF804F5D4752846FFF77AFA72
:10FAA00078212846F2F782F804F5E0752846FFF73A
:10FAB00071FA94F8393094F83A2043EA022394F822
:10FAC0003B1043EA01412846F2F70AF8E16AC1EB2C
:10FAD0000111EF2940F3D4875031E44B83FB01231C
:10FAE000C917C1EBA3112846F1F7E8FF0121284609
:10FAF000F1F7EDFF04F5E6752846FFF74BFA2169AB
:10FB00002846F1F7EDFF04F5FE752846FFF742FAA7
:10FB10004FF482712846F1F799FE04F502752846E4
:10FB2000FFF738FAE16A01EB4101EF2940F3AB87B7
:10FB30005031CE4B83FB0123C917C1EBA3112846DB
:10FB4000FFF70AFAE16A772940F3A0872831C74B0B
:10FB500083FB0123C917C1EB63112846F1F71BFF93
:10FB600021692846F1F7FEFEE38E94F8381043EA47
:10FB700001412846F1F7C4FEFF212846F1F7D0FEE7
:10FB8000E16A94F82830012B00F08387082303FBF7
:10FB900001F1EF2940F380875031B44B83FB0123FF
:10FBA000C917C1EBE3112846F1F7D5FFA169284633
:10FBB000F1F7B6FFF0F780F88DF82800C0F30723BF
:10FBC0008DF82930C0F307408DF82A000A9928469D
:10FBD000F1F796FF04F505752846FFF7DBF9A44910
:10FBE0002846F1F7B6FE04F508752846FFF7D2F966
:10FBF000E16A3B2940F3538714319C4B83FB01237B
:10FC0000C917A1EB23112846FFF7A6F9F0F754F81E
:10FC10008DF82C00C0F307238DF82D30C0F307407A
:10FC20008DF82E000B992846F1F76AFE04F50B7546
:10FC30002846FFF7AFF901212846F1F726FF94F88F
:10FC4000333094F8342043EA022394F8351043EA21
:10FC500001412846F1F722FF04F5F8752846FFF721
:10FC600099F900212846F1F7A8FEE36A03EB830324
:10FC70005B00EF2B40F3178750337C4A82FB031263
:10FC8000DB17C3EBA2112846F1F731FE94F83930A7
:10FC900094F83A2043EA022394F83B1043EA0141E6
:10FCA0002846F1F7FBFE04F5EC763046FFF772F9D3
:10FCB000E16A01EB4101EF2940F3F88650316B4BCB
:10FCC00083FB0123C917C1EBA3113046F1F7DDFE19
:10FCD000E16A01EB4101EF2940F3EB865031634BC0
:10FCE00083FB0123C917C1EBA3113046F1F733FFA2
:10FCF000E56A1D2D40F3E0860A355C4B83FB052346
:10FD0000ED17C5EBE30529463046F1F78DFD294691
:10FD10003046F1F792FDE16A772940F3D086283129
:10FD2000524B83FB0123C917C1EB63113046F1F736
:10FD3000DEFD04F5F2763046FFF72CF947F6FF7149
:10FD40003046F1F708FF29463046F1F76DFD2946A8
:10FD50003046F1F772FD21693046F1F7D1FDFF2100
:10FD60003046F1F7DDFD04F520752846FFF712F95E
:10FD700000212846FFF7F0F800212846FFF7CEF8CB
:10FD800000212846F1F7E7FE01212846F1F7ECFEB5
:10FD900000212846F1F708FE04F535752846FFF7DF
:10FDA000F9F8E16A94F82830012B00F08B860823DB
:10FDB00003FB01F1EF2940F3888650312B4B83FB85
:10FDC0000123C917C1EBA3112846F1F7C4FE012195
:10FDD0002846F1F7C9FEFF212846F1F7A1FDE38E81
:10FDE00094F8381043EA01412846F1F789FD94F868
:10FDF000333094F8342043EA022394F8351043EA70
:10FE000001412846F1F77CFE04F523752846FFF7EB
:10FE1000C1F8E16A94F82830012B00F05C86022BCF
:10FE200000F056860A2303FB01F1EF2940F35686C2
:10FE300050310E4B83FB0123C917C1EBA311284698
:10FE4000FFF780F8E16A94F82830012B00F04C8627
:10FE5000022B00F046860A2303FB01F1EF2940F351
:10FE600046865031014B83FB012303E067666666DB
:10FE700024D00308C917C1EBA3112846FFF758F88F
:10FE8000E16A94F82830012B00F03786022B00F04D
:10FE900031860A2303FB01F1EF2940F3318650310B
:10FEA000E04B83FB0123C917C1EBA3112846FFF7E1
:10FEB00035F8E16AEF2940F326865031D94B83FBB0
:10FEC0000123C917C1EBA3112846F1F764FD1921DD
:10FED0002846F1F757FD94F8333094F8342043EA7C
:10FEE000022394F8351043EA01412846F1F73AFD20
:10FEF00000212846F1F758FD04F526752846FFF73E
:10FF000049F800212846FFF727F800212846FFF787
:10FF100005F8E16AEF2940F3F9855031C14B83FBC5
:10FF20000123C917C1EBA3112846F1F734FD1921AC
:10FF30002846F1F727FD94F8333094F8342043EA4B
:10FF4000022394F8351043EA01412846F1F70AFDEF
:10FF500008212846F1F728FD04F529752846FFF702
:10FF600019F800212846FEF7F7FF00212846FEF782
:10FF7000D5FF04F52F752846FFF70CF8E16A94F8D1
:10FF80002830012B00F0C885022B00F0C2850A231F
:10FF900003FB01F1EF2940F3C2855031A14B83FBF4
:10FFA0000123C917C1EBA3112846FEF7CBFFE16A75
:10FFB00094F82830012B00F0B885022B00F0B285B0
:10FFC000022303FB01F1EF2940F3B2855031954B39
:10FFD00083FB0123C917C1EBA3112846FEF7A8FF35
:10FFE000E16A94F82830012B00F0A885022B00F07C
:10FFF000A2850A2303FB01F1EF2940F3A2855031CA
:020000040802F0
:10000000884B83FB0123C917C1EBA3112846FEF7D8
:1000100085FF04F532752846FEF7BCFFE16A94F8C7
:100020002830012B00F09385022B00F08D850223F0
:1000300003FB01F1EF2940F38D855031794B83FBB0
:100040000123C917C1EBA3112846FEF77BFFE16A24
:1000500094F82830012B00F08385022B00F07D8579
:10006000022303FB01F1EF2940F37D8550316D4BF5
:1000700083FB0123C917C1EBA3112846FEF758FFE4
:1000800000212846F1F7F8FC00212846F1F748FC4A
:1000900094F8333094F8342043EA022394F835106E
:1000A00043EA01412846F1F72BFD04F52C7528465B
:1000B000FEF770FF00212846FEF744FF0021284686
:1000C000FEF72CFF04F538752846FEF763FF332151
:1000D0002846F1F725FC1220F0F750FF8DF830008C
:1000E000C0F307238DF83130C0F307408DF832009C
:1000F0000C992846F1F704FC04F53B752846FEF7F9
:1001000049FF00212846F1F70BFCE16A94F82830FA
:10011000012B00F02E85022B00F02885022303FB23
:1001200001F1EF2940F3288550313E4B83FB012339
:10013000C917C1EBA3112846FEF7FAFE04F50E75A8
:100140002846FEF727FFE16AEF2940F31885503172
:10015000344B83FB0123C917C1EBA3112846F1F7E8
:100160001AFC94F8393094F83A2043EA022394F8C0
:100170003B1043EA01412846F1F7F4FB03212846EE
:10018000F1F712FC04F511752846FEF703FF94F809
:10019000333094F8342043EA022394F8351043EACC
:1001A00001412846F1F7DEFBE16A772940F3EA8452
:1001B00028311C4B83FB0123C917C1EB631128466F
:1001C000F1F7E9FBE16AEF2940F3DF845031154B89
:1001D00083FB0123C917A1EBA3112846F1F76CFBA0
:1001E00004212846F1F7E0FB4FF4C8712846F1F7E7
:1001F000DDFC04F514752846FEF7CCFE636A13F0A7
:10020000010F00F0C68402211220F0F723FF8DF8C1
:100210003400C0F307238DF83530C0F307408DF864
:10022000360001E0676666660D992846F1F768FCBE
:1002300004F517752846FEF7ADFEE16A94F82830FC
:10024000012B00F0B984022B00F0B3840A2303FBD6
:1002500001F1EF2940F3B3845031D74B83FB0123E5
:10026000C917C1EBA3112846FEF776FEE16A94F8A0
:100270002830012B00F0A984022B00F0A3840A236C
:1002800003FB01F1EF2940F3A3845031CA4B83FBF8
:100290000123C917C1EBE3112846FEF73FFE04F521
:1002A0001A752846FEF776FEE16AEF2940F393843B
:1002B0005031C14B83FB0123C917C1EBA311284661
:1002C000F1F769FB94F8393094F83A2043EA0223B5
:1002D00094F83B1043EA01412846F1F743FBE38ED3
:1002E00094F8381043EA01412846F1F709FB33211D
:1002F0002846F1F715FB04F51D752846FEF74AFE62
:10030000E16A94F82830012B00F06B84022B00F096
:1003100065840A2303FB01F1EF2940F36584503122
:10032000A54B83FB0123C917C1EBA3112846FEF798
:1003300009FEE16A94F82830012B00F05B84022B5F
:1003400000F055840A2303FB01F1EF2940F35584A3
:100350005031994B83FB0123C917C1EBA3112846E8
:10036000F1F798FAE16A94F82830012B00F04B84F9
:10037000022B00F04584022303FB01F1EF2940F337
:10038000458450318C4B83FB0123C917C1EBA3116A
:100390002846F1F788FAE16A94F82830012B00F03A
:1003A0003B84022B00F035840A2303FB01F1EF2983
:1003B00040F335845031804B83FB0123C917C1EBD7
:1003C000A3112846FEF7AAFD04F53E752846FEF760
:1003D000E1FD1220F0F7D2FD8DF83800C0F30723BD
:1003E0008DF83930C0F307408DF83A000E99284651
:1003F000F1F786FA7F212846F1F792FA04F5417564
:100400002846FEF7C7FD00212846F1F70AFB94F8BD
:100410002830032B00F00684E16A012B00F01584DC
:10042000082303FB01F1EF2940F315845031624B9F
:1004300083FB0123C917C1EBA3112846F1F78BFBFE
:1004400004F550752846FEF7A5FD21692846F1F709
:1004500089FAE36A772B40F301842833564A82FBFA
:100460000312D917C1EB621149002846F1F793FA3C
:1004700001212846F1F798FAE36A772B40F3F083DD
:1004800028334D4A82FB0312D917C1EB6211490090
:100490002846F1F7FFF904F54D752846FEF77AFD79
:1004A000E16A772940F3DE832831434B83FB012344
:1004B000C917A1EB63112846F1F7AAFA04F54475B0
:1004C0002846FEF767FDE16A94F82830012B00F01A
:1004D000CE83022B00F0C983102303FB01F1EF2927
:1004E00040F3C7835031344B83FB0123C917C1EB61
:1004F000A3112846FEF726FD00212846FEF718FD29
:1005000000212846FEF70AFD01212846F1F72CFBC1
:1005100004F547752846FEF73DFDE16AEF2940F3F3
:10052000AA835031244B83FB0123C917C1EBA311CC
:100530002846F1F730FA94F8393094F83A2043EA33
:10054000022394F83B1043EA01412846F1F70AFAE6
:1005500001212846F1F728FAE16A94F82830012BA6
:1005600000F08D83022B00F088830A2303FB01F146
:10057000EF2940F3868350310F4B83FB0123C917CA
:10058000C1EBA3112846FEF7E7FCE16A94F8283096
:10059000012B00F07A83022B00F075830A2303FB02
:1005A00001F1EF2940F373835031034B83FB0123A7
:1005B000C917C1EBA31101E0676666662846F1F72B
:1005C00096F904F54A752846FEF7E4FCE16A94F8CA
:1005D0002830012B00F05F83022B00F05A83102398
:1005E00003FB01F1EF2940F358835031E94B83FBC2
:1005F0000123C917C1EBA3112846F1F739F904F516
:1006000053752846FEF7C6FCFF212846F1F788F906
:10061000EFF752FB8DF83C00C0F307238DF83D3017
:10062000C0F307408DF83E000F992846F1F768F9AE
:100630001220F0F7A3FC8DF84000C0F307238DF8DB
:100640004130C0F307408DF8420010992846F1F779
:1006500070F947F6FF712846F1F77DFAE16AC1EBC0
:100660000111EF2940F31B835031CA4B83FB012357
:10067000C917C1EBA3112846F1F7D3F9EFF71CFB1B
:100680008DF84400C0F307238DF84530C0F30740D0
:100690008DF8460011992846F1F7DEF9E16A01EB81
:1006A0008101EF2940F3FD825031BA4B83FB0123D6
:1006B000C917C1EBA3112846F1F7C5F904F5567522
:1006C0002846FEF767FC94F8333094F8342043EA68
:1006D000022394F8351043EA01412846F1F7DEF988
:1006E0000020EAF7F1FA772800F3DD82012128469D
:1006F000F1F7CBF994F8333094F8342043EA02232D
:1007000094F8351043EA01412846F1F7E9F9002051
:10071000EAF7DAFA772800F3D18201212846F1F7C7
:10072000CDF90020EAF7D0FA00EB40004000EF28B6
:1007300000F3CF8201212846F1F791F813B0BDE80C
:10074000F08F04211220F0F745FC84F83000C0F34C
:10075000072384F83130C0F3074084F83200FEF7F5
:100760003DBC04211220F0F775FC84F83300C0F37F
:10077000072384F83430C0F3074084F83500FEF7CF
:1007800040BCEFF799FA84F83600C0F3072384F8E9
:100790003730C0F3074084F83800FEF744BC02212C
:1007A0001220F0F717FC84F83900C0F3072384F80F
:1007B0003A30C0F3074084F83B00FEF746BC1220F5
:1007C000F0F7DCFB8DF80800C0F307238DF8093043
:1007D000C0F307408DF80A00FEF77BBC0121FEF74D
:1007E0008EBC0121FEF79BBC0C23FEF7D4BC0E236C
:1007F000FEF7D1BC0121FEF7DABC0C23FEF7E4BC06
:100800000E23FEF7E1BC0121FEF7EABC0331FEF73F
:10081000EEBC0C23FEF7FCBC0121FEF705BD012157
:10082000FEF729BD1423FEF744BD1823FEF741BD92
:100830000121FEF74ABD0C23FEF754BD0E23FEF73F
:1008400051BD0121FEF75ABD0C23FEF764BD0E23F6
:10085000FEF761BD0121FEF777BD0121FEF793BDD3
:100860000121FEF7A9BD0121FEF7B6BD0121FEF76A
:10087000D6BD0C23FEF7E9BD1023FEF7E6BD01212E
:10088000FEF7EFBD1220F0F779FB8DF81000C0F3F2
:1008900007238DF81130C0F307408DF8120004993A
:1008A0002846F1F7D9F80020EAF70EFA00EB4000ED
:1008B000EF2823DC01212846F1F7B3F87F212846F1
:1008C000F1F7DAF80020EAF7FFF93B2805DD002010
:1008D000EAF7FAF93B304E2845D9E66A0020EAF7F4
:1008E000F3F93B2818DC012303FB06F6EF2E1EDC90
:1008F00001212846F1F79EF8FEF7CCBD0020EAF76B
:10090000E3F900EB400000F15001224B83FB01238F
:10091000C917C1EBA311CEE70020EAF7D5F91430CF
:100920001C4B83FB0023C017C0EB2313DCE7E66AF4
:100930000020EAF7C9F93B280ADC012303FB06F192
:100940005031144B83FB0123C917C1EBA311D0E72E
:100950000020EAF7B9F914300E4A82FB0032C317BF
:10096000C3EB2213EAE70021C3E71423FEF7A9BD76
:100970001823FEF7A6BD0121FEF7AFBD0C23FEF73D
:10098000B9BD0E23FEF7B6BD0121FEF7BFBD0121A3
:10099000FEF7CCBD676666660121FEF7D7BD022172
:1009A0001220F0F717FB8DF81C00C0F307238DF819
:1009B0001D30C0F307408DF81E0007992846F1F757
:1009C000DCF8FEF7FEBD1423FEF71BBE1823FEF76E
:1009D00018BE0121FEF721BE1423FEF72BBE1823FB
:1009E000FEF728BE0121FEF731BE1423FEF73BBE01
:1009F0001823FEF738BE0121FEF741BE0C23FEF797
:100A000050BE0E23FEF74DBE0121FEF756BE0C234D
:100A1000FEF760BE0E23FEF75DBE0121FEF76CBE41
:100A20000121FEF77FBE0121FEF78DBE0121FEF7F9
:100A3000A0BE0623FEF7C9BE0823FEF7C6BE0121ED
:100A4000FEF7CFBE0623FEF7D9BE0823FEF7D6BEBB
:100A50000121FEF7DFBE0623FEF7E9BE0823FEF7FD
:100A6000E6BE0121FEF7EFBE0331FEF7BABF01215A
:100A7000FEF7CEBF0121FEF7DBBF0121FEF7FABF73
:100A80000121FFF730B80121FFF759B80121FFF725
:100A900064B80C23FFF77BB80021FFF784B84FF050
:100AA000FF31FFF7B0B80121FFF7EDB80121FFF7E3
:100AB0000CB90121FFF719B90125FFF724B901216C
:100AC000FFF734B90C23FFF773B90121FFF77CB9A5
:100AD0000C23FFF7A8B90E23FFF7A5B90121FFF7F3
:100AE000AEB90C23FFF7B8B90E23FFF7B5B9012152
:100AF000FFF7C3B90C23FFF7CDB90E23FFF7CAB92F
:100B00000121FFF7D3B90121FFF7DEB90121FFF77A
:100B10000BBA0C23FFF73CBA0E23FFF739BA0121B9
:100B2000FFF742BA0623FFF74CBA0823FFF749BA8A
:100B30000121FFF752BA0C23FFF75CBA0E23FFF72F
:100B400059BA0121FFF762BA0623FFF771BA0823E9
:100B5000FFF76EBA0121FFF777BA0623FFF781BAD4
:100B60000823FFF77EBA0121FFF787BA0623FFF7B4
:100B7000D6BA0823FFF7D3BA0121FFF7DCBA012167
:100B8000FFF7ECBA0121FFF71ABB4FF0FF31FFF777
:100B900024BB01211220F0F71DFA8DF83400C0F3B8
:100BA00007238DF83530C0F307408DF83600FFF786
:100BB0003BBB0C23FFF74BBB0E23FFF748BB0121C8
:100BC000FFF751BB0C23FFF75BBB0E23FFF758BBAE
:100BD0000021FFF761BB0121FFF771BB0C23FFF779
:100BE00099BB0E23FFF796BB0121FFF79FBB0C2398
:100BF000FFF7A9BB0E23FFF7A6BB0121FFF7AFBB91
:100C00000623FFF7B9BB0823FFF7B6BB0121FFF7A7
:100C1000BFBB0C23FFF7C9BB0E23FFF7C6BB0121E7
:100C2000FFF7CFBBE16A012B0DD0082303FB01F1D5
:100C3000EF290DDD50312E4B83FB0123C917C1EB8A
:100C4000E311FFF7FABB0C23F0E70C23FFF7E9BB36
:100C50000021FFF7F2BB0121FFF7EFBB022104E403
:100C6000022115E44FF0FF3125E4142335E4182365
:100C700033E401213DE401215AE40C2376E40E2300
:100C800074E401217EE40C2389E40E2387E401212E
:100C900094E41423A4E41823A2E40121ACE4012188
:100CA000E9E4012107E50020EAF70EF82830104BAF
:100CB00083FB0023C117C1EB631118E50020EAF79D
:100CC00003F828300A4B83FB0023C117C1EB6311E3
:100CD00024E50020E9F7F8FF00EB40004100503127
:100CE000034B83FB0123C917C1EBA31123E500BF0D
:100CF000676666662DE9F04782B00646019100926C
:100D00009946DDF828A0FEF739F9D0B1464BD3F863
:100D1000CC4106B335462846E9F7D6FF804628463B
:100D2000E9F78EFF07462846E9F7A0FFB842B8BFAB
:100D30003846B0F5A07F12DDB0F5347F4FDA0227D8
:100D40000EE04FF46370F1F705FD374BC3F8CC01AB
:100D50000028DBD1FEE7E9F75FFF0546DBE7032765
:100D600094F83C3013B1E36A43453AD084F82870D4
:100D7000C4F82C80E560019B23821B0CA374BDF892
:100D800000209DF80230A4F813206375C4F818A061
:100D9000C4F81CA0C4F820A0244B2360C4F82490FD
:100DA0002046FEF705F926B13046EAF7E7F9844216
:100DB00002D10020E7F7BEFE012384F83C301C4E30
:100DC000224631462846EAF79BF923463722314628
:100DD0002846EAF770F8204602B0BDE8F087012700
:100DE000BEE794F82830BB42C0D101992069EEF7E4
:100DF000D5FE0028BAD0E37C227D43EA0223607D41
:100E0000009943EA0040EEF7C9FE0028AED0626ABE
:100E1000B9F1000F06D001239A42A7D1A369534527
:100E2000A4D1D8E70023F7E7241C0020D9DE01086D
:100E3000350E020830B583B00546EFF7C9FA04460F
:100E40002846EFF7CDFA436AC2690092C27C017D61
:100E500042EA0122417D003B18BF012342EA0142E0
:100E600001692046FFF746FF03B030BD08B5FEF725
:100E700085F818B1024BD3F8CC0108BD0020FCE77F
:100E8000241C00200346006B93F8502012F0060249
:100E900002D19B6B18447047042A02D0022A03D067
:100EA00070475B6B1844704730B4196CDA6B8A4238
:100EB00001DD01F5B4719D6B5C6BAC420BDD05F59A
:100EC000B47C531803EBD3735A10B4EB630F04DAFA
:100ED000204430BC7047AC46F3E7944501DD28441C
:100EE000F7E71044F5E740B110B48446046CC06BDA
:100EF000231A844204D100202EE0FEE703F5B473E8
:100F0000002BFBDB01E0A3F5B473B3F5B47FFADA91
:100F10000BB94FF4B4738B420CDAC3F5B470904242
:100F200024DDC1F5B47090422DDD13448B4237DAD5
:100F3000002011E003EBD373B1EB630F0FDA9CF8E1
:100F4000503043F008038CF850309CF8503043F098
:100F500010038CF8503001205DF8044B70479CF86A
:100F6000503023F008038CF85030EEE79CF85030F6
:100F700043F008038CF85030DBB243F010038CF8D8
:100F800050300120E8E79CF8503043F008038CF81B
:100F90005030DBB223F010038CF850300120DBE737
:100FA0009CF8503023F008038CF85030DBB223F06B
:100FB00010038CF850300120CEE72DE9F04F83B0BC
:100FC00004460F4690461A220021E7F769F90646C3
:100FD00001901B2200212046E7F762F9824601902A
:100FE000182200212046E7F75BF9054601901922F7
:100FF00000212046E7F754F9814601902046E4F7A6
:1010000002FAA0EB060BABEB0A0B2046E4F702FA60
:10101000401BA0EB0900834518DA2046E4F7F3F9FA
:10102000831BA3EB0A0303EBD3735B1062691A44BF
:1010300032443A60A2691A442A447A60B8F1000F37
:1010400001D0C8F8003003B0BDE8F08F2046E4F7C7
:10105000E1F9431BA3EB090303EBD3735B10E5E753
:10106000F0B583B005461A224FF40031E7F718F9BE
:10107000064601901B224FF400312846E7F710F98D
:101080000446019018224FF400312846E7F708F98A
:101090000746019019224FF400312846E7F700F97E
:1010A0000190B842B8BF3846B442B8BF3446A042F7
:1010B000B8BF204603B0F0BD70B582B004464A22E6
:1010C0004FF44031E7F7ECF80546019063224FF406
:1010D00040312046E7F7E4F80190054461224FF4DF
:1010E00040312046E7F7DCF8019000282FDD61222F
:1010F0004FF440312046E7F7D3F8064601902E44DE
:1011000062224FF440312046E7F7CAF801900028E8
:1011100026DD62224FF440312046E7F7C1F805464C
:101120000190354440224FF440312046E7F7B8F8AB
:101130000646019043224FF440312046E7F7B0F8CD
:1011400001903044A842B8BF284602B070BD612269
:101150004FF440312046E7F7A3F801904642CEE72E
:1011600062224FF440312046E7F79AF80190454259
:10117000D7E7000038B50C4600250D638723CB6305
:101180002D220A644B634FF487738B6391F85030C0
:1011900065F3420381F85030164B4B6491F85030A0
:1011A00043F0080381F850308D646423CB6491F8D8
:1011B000503065F3000381F850304FF434734B65C1
:1011C000F1F768FBA065A36BE36594F8503065F315
:1011D000041384F8503002212046E2F70EFC4FF44D
:1011E00044712046E2F71CF90D212046E5F7A5FCE5
:1011F00038BD00BF0080FFFF00284FD02DE9F0412F
:101200008CB00D4614461E460746E5F779FC0028CB
:1012100041D0A5423FD0B5F5B47F01DDA5F5B47549
:10122000B4F5B47F01DDA4F5B4743B6B1D441C44DC
:10123000B5F5B47F01DDA5F5B475B4F5B47F01DD76
:10124000A4F5B4740BAA09A93846FFF7B6FEB6F5A3
:10125000003F24D04C2231463846E7F721F880463B
:1012600004906F2231463846E7F71AF804900038A8
:1012700018BF012005AE03960290CDF804800094BB
:101280002B46BDF82C200A990998EAF7B1FB3146A4
:101290003846E4F779FD0CB0BDE8F081FEE738464A
:1012A000FFF7DEFE0B9B1B1A0B93D3E708B5034633
:1012B00010B9FEE701F5B4710029FBDB01E0A1F5EF
:1012C000B471B1F5B47FFADA19631846E4F76FFD2B
:1012D00008BD08B1406C7047FEE710B1B0F960007E
:1012E0007047FEE72DE9F04F85B004460F46924661
:1012F0001D464C224FF40031E6F7D2FF039000EB7D
:10130000D0704FEA6009AAEB600A2046FFF7A8FEFA
:10131000AAEB000A2046FFF7B5FD06462046FFF778
:10132000DCFF304486B206F15A0000B2EFF71CFC35
:101330000AFB00F84FEAE83830B2EFF715FC0AFB79
:1013400000F6F6131A224FF440312046E6F7A8FFC4
:10135000834603901B224FF440312046E6F7A0FF5E
:101360008246039018224FF440312046E6F798FF5A
:101370000190039019224FF440312046E6F790FF88
:10138000024603903B684344A3EB0B03A3EB090322
:101390002B603B68434453444B44AB607B6833440D
:1013A00001995B1AA3EB09036B6078683044104421
:1013B0004844E86005B0BDE8F08FF0B5C3B005461D
:1013C000EFF704F804462846E3F798FD05463FAAE0
:1013D00040A92046FFF7F1FD3F9B002B1FDC3F9EFD
:1013E0002046FFF73DFE361A002E38DC29AF3B467B
:1013F0003F9A40A92046FFF775FF01AE3046ECF753
:1014000061FA059532464FF440312046E2F7A3FEDB
:101410003A4631462846ECF7E0FA43B0F0BD2DAE2F
:101420003046EAF782FA3195324600212046E3F74A
:1014300057FA3BAB42AA12E9030083E80300E36BCF
:10144000226B13443993236C226B13443A933F9BD2
:10145000ADF8F83031462846EAF781FABFE72DAFFC
:101460003846EAF762FA31953A464FF400312046A1
:10147000E3F736FA3BAB42AA12E9030083E8030024
:10148000636B226B13443993A36B226B13443A931F
:10149000ADF8F86039462846EAF761FAA6E730B5B4
:1014A00089B0044606AD05AA2946FFF786FD01ABC3
:1014B000059A29462046FFF715FF2046FFF7FCFD59
:1014C000011E05DC01A92046E4F75EFC09B030BD31
:1014D0000A4601A8EDF702FDF4E700B338B50C4663
:1014E0000546B1F5B47F01DDA1F5B474AB6B696B52
:1014F0001A1B5B1A14D4002A15DBD01A0028B8BFB7
:101500004042B42812DC93421BDC934211DA4FF4C0
:1015100000330A4621462846FFF76EFE09E0FEE743
:1015200003F5B473E7E702F5B472E6E72846E4F79B
:101530003EFC2846FFF7B3FF6C632846FFF7AFFF7A
:1015400038BD4FF4003322462846FFF755FEF0E73A
:10155000F8B138B50C460546B1F5B47F01DDA1F50B
:10156000B474A96B6B6BE21ACB1A13D4002A14DB88
:10157000D01A0028B8BF4042B42811DC93421ADCCC
:10158000934210DA4FF4003322462846FFF734FE28
:1015900009E0FEE703F5B473E8E702F5B472E7E7A4
:1015A0002846E4F704FC2846FFF779FFAC63284699
:1015B000FFF775FF38BD4FF400330A462146284631
:1015C000FFF71AFEEFE738B504460D461146FFF760
:1015D000BFFF29462046FFF780FF38BD18B370B51E
:1015E00082B00446406C10F5004F56D0236CE56B7A
:1015F0009D4201DD03F5B47394F85020C2F341021B
:10160000012A11D0022A3CD0002A46D100932B4651
:10161000E26CA16CEFF77DFC05460246E16B2046CB
:10162000FFF7D1FF38E0FEE7EE1806EBD67676102E
:10163000A16CE26C01EB020C0CEBDC7C4FEA6C0E53
:10164000B0EB6C0F0EDA00962B467246EFF761FC9A
:10165000054601462046FFF740FF31462046FFF78A
:1016600077FF19E0009333467146EFF752FC0546C9
:1016700031462046FFF731FF29462046FFF768FF35
:101680000AE00095E26CA16CEFF743FC0546226C82
:1016900001462046FFF797FFE56502B070BDF8B13F
:1016A00038B50C460546B1F5B47F01DDA1F5B4743B
:1016B0002B6CE96B1A1B5B1A13D4002A14DBD01AAB
:1016C0000028B8BF4042B42811DC934217DC934293
:1016D00010DA00230A4621462846FFF78DFD09E06F
:1016E000FEE703F5B473E8E702F5B472E7E72846CE
:1016F000E4F75DFBEC632846FFF770FF38BD00237D
:1017000022462846FFF778FDF4E7F0B138B50C46DD
:101710000546B1F5B47F01DDA1F5B474296CEB6B1E
:10172000E21ACB1A12D4002A13DBD01A0028B8BF51
:101730004042B42810DC934216DC93420FDA0023B7
:1017400022462846FFF758FD09E0FEE703F5B4738B
:10175000E9E702F5B472E8E72846E4F728FB2C64D1
:101760002846FFF73BFF38BD00230A46214628469E
:10177000FFF742FDF3E738B504460D461146FFF783
:10178000C4FF29462046FFF78AFF38BD98B108B547
:101790000346426C8A420DD0C06C8142A8BF01460C
:1017A000986C8142B8BF01468A4203D059641846FA
:1017B000FFF714FF08BDFEE72DE9F0438BB00D469F
:1017C000BB48E3F777FA012802D00BB0BDE8F083FD
:1017D0002846EEF7FFFD04462846EEF7F7FD0646DD
:1017E000A31E1B2BF1D801A252F823F05D180208AA
:1017F000DD1A0208CB170208CB170208CB17020824
:10180000CB170208CB170208CB170208CB17020828
:10181000DD1A0208CB170208CB170208CB17020803
:10182000CB170208CB170208131B02085D1B020826
:10183000CB170208CB170208CB170208891B020836
:10184000CB170208CB170208CB170208CB170208E8
:101850006F1C0208CB170208451D0208ECF780FE3A
:1018600004460028B1D0ECF781FE0128ADD104A9CF
:101870002046ECF78AFE02AA06A93046FFF79DFB38
:10188000049B069A9B1A0493059B079A9B1A05933F
:1018900096F8503013F0010F1BD096F8503013F02B
:1018A000010F92D0049911B9059B002B8DD0356C96
:1018B000F36BAB4201DD05F5B4750598EFF794FACB
:1018C000336BC41AF36BE41A002C3EDA04F5B474DB
:1018D000FAE74C224FF400313046E6F7E1FC0446CB
:1018E0000390029B1B1A02934FF480313046E1F7BC
:1018F0001FFDD0B1029B1B1B0293029B002B21DD1D
:10190000049B059A02FB02F203FB0322029B03FBEA
:1019100003F39A42C1DD96F8503043F0010386F894
:101920005030F0F7B7FFB065B7E7029B1A46002BBF
:1019300006DB9210A242ACBF9B1A1B1B0293DCE792
:10194000DA1CF6E701230293DAE7B4F5B47F02DB91
:10195000A4F5B474F9E7029B4FF41D7202FB03F780
:10196000544BA3FB07377F091420E9F783FC4FF49E
:10197000B47303FB00F296F85080C8F3C008B2FBC2
:10198000F7F221463046FFF7AEFA00283FF41DAFCC
:10199000F16B6A1AF76D7F1AE31B002BB8BF5B422D
:1019A000B3F58C7F4FDD96F8501011F0080F54D02E
:1019B0000024B8F1000F54D1B8F1000F05D196F80A
:1019C000501001F0180108295ED0E41BB06DF0F74B
:1019D00077FF736D00FB03F34FF47A72B3FBF2F3FE
:1019E0009C4203DC5B42A34200DC2346DA19F16B24
:1019F0006C1AE400D6F84CC0B36CACEB030094FB5B
:101A0000F0F404344DD402EB2410776CCDF800C010
:101A10002A460844EFF77DFA044696F8503003F062
:101A20000603042B3FD03046FFF753FCA04243D1BE
:101A3000B36CA34203D0F36CA3427FF4C6AEF0F7BD
:101A400029FFB065C1E696F8500010F0100FB0D134
:101A500010F0080F03D04C1BABE71446A9E714465F
:101A6000A7E796F8501011F0080FA5D111F0100F4C
:101A7000A2D1B3F58C7F9FDD96F8503068F3C30395
:101A800086F850300024A0E7C3F5B473B3F58C7F1B
:101A90009BDD96F8503068F3C30386F85030144647
:101AA00093E70F34AFE7F36C1B1AB46C1C44BAE72E
:101AB0000C7004081F85EB51F0F7ECFEB065214671
:101AC0003046FFF763FEBC42B2D0002223213046ED
:101AD000E3F77FF901287FF478AEA9E790F850305A
:101AE00023F0010380F85030E1F7F0FC0546E0F701
:101AF000F1FF0446ECF734FDECF738FD04287FF4E1
:101B000064AE002C3FF461AE00212846E0F7C0FF30
:101B10005BE62846E3F703FA746CA0F11103032B8C
:101B20000AD8DFE803F0021302133046FFF7D1FBB7
:101B3000411C3046FFF72AFE736CA3423FF445AECA
:101B4000002223213046E3F744F93EE63046FFF712
:101B5000C0FB411E3046FFF719FEEDE72846E3F7CC
:101B6000EBF90446756C3046FFF7B3FB01193046BC
:101B7000FFF70CFE736CAB423FF427AE002223212B
:101B80003046E3F726F920E62846EEF727FC07461D
:101B900003AA04A93046FFF710FAB36813B3D3F8C9
:101BA00028904C2200213046E6F77AFB0546069045
:101BB00009EB00030399C91A03910498059A06AC2E
:101BC0008B1800930B18521A411A2046EDF76CF946
:101BD00047F6FF7239682046EDF7F5FA28B1002381
:101BE0003B71F2E54FF00009DBE73B685868196884
:101BF000049BC91A059BC01AEFF7F6F8336BC41A99
:101C0000F36BE41A01E004F5B474002CFBDB01E093
:101C1000A4F5B474B4F5B47FFADA039B4FF41D72E3
:101C200002FB03F8494BA3FB08384FEA581814206D
:101C3000E9F720FB4FF4B47303FB00F2B2FBF8F2B8
:101C400021463046FFF74FF910B900233B71BCE540
:101C500005EB490106AC0A462046EDF73FF947F689
:101C6000FF7239682046EDF7AEFA3871ADE51A22F9
:101C70000021E6F715FB804606901B220021304626
:101C8000E6F70EFB04460690182200213046E6F7E0
:101C900007FB07460690192200213046E6F700FBB5
:101CA00006908742B8BF07464445B8BF4446A7429E
:101CB000B8BF27461A224FF440313046E6F7F0FA13
:101CC000814606901B224FF440313046E6F7E8FA91
:101CD0008046069018224FF440313046E6F7E0FA8D
:101CE0000446069019224FF440313046E6F7D8FA00
:101CF00006908442B8BF0446C845B8BFC8462346CC
:101D00004445B8BF43469C1CE41B3046FFF7D4F95A
:101D100004442846EEF762FB054603689C42B8BFC0
:101D20001C4604604FF400313046E2F760FE844206
:101D300002DD2868286048E54FF400313046E2F7BC
:101D400056FEF7E72846FFF738FB3EE51F85EB51C7
:101D5000086000234B608B604FF0FF33CB6070470F
:101D600010B50C46002104F15400ECF765FE00218B
:101D700004F16400ECF760FE10BD08B503681A6852
:101D80004FF0FF31D96002F15401994207D002F1BE
:101D90006401994206D01868E4F709F808BD99680B
:101DA0001163F8E79968D163F5E708B5C160006889
:101DB000E3F7FDFF08BD0000F0B59BB006460D46F9
:101DC00017461C469DF8803083B3E368B3F1FF3FAC
:101DD00040D0A3686360A1603D6000212046ECF71D
:101DE0002BFE02AD2846ECF70DFE21462846ECF707
:101DF000B1FE1A492846ECF7AFFE4FF4807200217D
:101E00002846ECF7B0FE16492846ECF7B6FE7522D8
:101E100000213046E6F744FA014601902846ECF7E7
:101E20009DFE2846ECF7CAFF1BB0F0BD00212046FE
:101E3000ECF702FE4FF0FF33E3603D603046E3F71E
:101E4000B6FF00212046ECF7F7FD21463046FFF7AC
:101E50007FFFE9E713686360A160BDE7AB1D02087F
:101E60007B1D020810B501460348E1F767FE0446F2
:101E7000E1F7F4FE204610BD30700408F8B1844646
:101E8000036B8B421CD0806B8142A8BF0146DCF8FB
:101E900034008142B8BF0146DCF83C008142B8BF43
:101EA00001468B420CD000B583B000920CF1540374
:101EB0000CF130026046FFF77FFF03B000BDFEE784
:101EC000704738B50C4600254D6364238B63CD63A2
:101ED0000D630D648D644D64CD6491F8743065F3C9
:101EE000020381F87430DBB265F3C50381F8743006
:101EF00081F8505054312046FFF72AFF04F1640165
:101F00002046FFF725FF08212046E1F789FA102136
:101F10002046E1F785FA2A4629462046FFF7AEFF1C
:101F200038BDF8B190F8743003F00703022B1AD1D2
:101F3000836B9942A8BF1946436B9942B8BF1946B3
:101F4000036B9942A8BF1946C36B8B420BD000B5F7
:101F500083B0009200F1640300F13C02FFF72CFF14
:101F600003B000BDFEE7704728B1026EB2F1FF3F3B
:101F700002D0C06D7047FEE7006B704738B190F833
:101F8000743003F00703022B02D0406B7047FEE76A
:101F9000036FB3F1FF3F01D0C06E7047C06B704755
:101FA00020B190F8740000F007007047FEE728B3F6
:101FB00070B5154604469142CCBF0123002380F83A
:101FC00050301CDD1646A94200DD0D46636BB3425E
:101FD00002D1A36BAB4210D0A56366632046FFF726
:101FE000DFFF022800D0E663236BAB4209DC236BE2
:101FF000B3420DDB2046E3F7DAFE70BDFEE70E4686
:10200000E1E72563002229462046FFF737FFEEE788
:102010002663002231462046FFF730FFEAE738B159
:1020200090F8743003F00703012B02D000207047B2
:10203000FEE7436B002B01DB00207047816B00291A
:1020400004DDC26B934203D000207047002070472C
:10205000012070472DE9F04FADF5237D0546EEF7E1
:10206000B5F904462846E2F749FF00909EAD29469F
:102070002046E3F788F9042200212046E6F710F90C
:1020800006463D90052200212046E6F709F9024662
:102090003D9031462846ECF721FF2846EDF789F8B8
:1020A00005902846EDF78AF80690A76B636BFF1A38
:1020B00000D1012794F87430C3F3C203012B00F060
:1020C000A480022B00F0A480059B069A9342B4BF23
:1020D0004FF000094FF001092046FFF7A0FF0890DC
:1020E0001A2200212046E6F7DBF8064607903D90CD
:1020F0001B2200212046E6F7D3F802903D901822DB
:1021000000212046E6F7CCF803903D9019220021EB
:102110002046E6F7C5F804903D909E9820649F9A6B
:102120006264A099A164A19BE36430442064029896
:10213000091AA16403990A446264049A9B1AE3642D
:10214000B9F1000F67D004F14000EDF737F803282C
:1021500009DCA369069A02EBD27203EB62039A1EB2
:1021600062640233E36404F1400A5046EDF721F85B
:1021700001905046EDF722F8B9F1000F5CD0D0463F
:1021800004F1480BAB4B0993226FB2F1FF3F5DD0D6
:10219000A56E616B6D1A019800FB05F595FBF7F5CF
:1021A000E36E5B1A00FB03F393FBF7F35B1B03FB8C
:1021B00002F2002A48DB05EB2225226EB2F1FF3F36
:1021C0004FD0A66D616B761A019800FB06F696FB60
:1021D000F7F6E36D5B1A00FB03F393FBF7F39B1B2E
:1021E00003FB02F2002A3ADB06EB222681220021C1
:1021F0002046E6F755F83D90C0B2B9F1000F39D04E
:10220000012800F0B280002335E04FF0010963E7B8
:102210004FF0000960E704F14000ECF7CAFF032823
:10222000A1DC6369059A02EBD27203EB62039A1E8A
:1022300022640233A36496E704F1440804F14C0BD2
:1022400001907D4B09939FE7FF32B4E7E56B636B29
:10225000ED1A019B03FB05F595FBF7F5ADE7FF32A2
:10226000C2E7266B636BF61A019B03FB06F696FB2F
:10227000F7F6BBE7002394F85010721E994205D080
:10228000C6F101026D424046D8468346B9F1000FBF
:102290006DD0D8F800001044CBF80000D8F800202A
:1022A0002A44C8F80020089A002A6BD15046099B9E
:1022B0009847012840F3AC80236C9A93636C9B93FE
:1022C000A36C9C93E36C9D9372AD2846EBF7FAFAEE
:1022D000009B76932A464FF400312046E1F73BFFFE
:1022E000782200212046E5F7DBFF3D90059B069A0A
:1022F0009342A8BF13464FEA6308B0EB630F00DCBC
:10230000804689224FF400312046E5F7C9FF054693
:102310003D9065AE3046E9F793FD7C9B7093324665
:102320004FF400312046E2F742FB002D76D17C9C31
:102330005046ECF73EFF06465046ECF73FFF86421C
:1023400072DA5046ECF735FF4FEA600BB4EB600FE2
:1023500000DCA346B9F1000F70D09DF8173203F0EE
:102360000F03022B64D000266FE0012383E7DBF824
:102370000000801AC8F80000DBF80020521BCBF8E0
:10238000002090E7626B5242019800FB02F292FB40
:10239000F7F2B9F1000F1DD0994210D05D46994275
:1023A0000FD0404699420ED0D8F800309B1A013326
:1023B000DBF800209A420ADD02602B607CE745468C
:1023C000EDE75846EEE7D8F800301344F0E72A600E
:1023D000036071E799420FD05D4699420ED04046A6
:1023E00099420DD0DBF800301344D8F800209A420F
:1023F0000BDD02602B605FE74546EEE75846EFE7EE
:10240000DBF800309B1A0133EFE72A60036053E7E3
:10241000002222212046E2F7DCFC8FE09AAA314616
:102420000098E9F716FD82E75046ECF7C7FE8BE708
:102430004E460AE0B3F10008BDF100089DF81732DE
:1024400003F00F03012B7DD04E467D9B03B1012687
:10245000079B002B0ADB029B002B07DB039B002B57
:1024600004DB049B002B01DBD8456DDC002E00F063
:102470009E803DAFA02272A938461AF0F5F80024DC
:102480008DF82F418DF830418DF82E418DF82B417C
:102490009AAA39460098EBF7A0FA4FF0000A8DF897
:1024A00005A23DAFA02272A938461AF0DDF88DF8DA
:1024B0002FA18DF830A10AAF9AAB0FCB87E80F00A0
:1024C00066B1B9F1000F4DD09E9B079A13443B6053
:1024D000A09B02995B1ABB60002247920DF128096C
:1024E0004A4610210098E9F77AF907464A463DA97D
:1024F000EBF773FA0EA8EBF7ABF9002C3BD1002EEB
:1025000048D11EAC2046EAF7ABF828970AAA214624
:10251000009E3046EAF7D4F93DACA02272A92046CD
:102520001AF0A2F800238DF82E318DF82B319AAADB
:1025300021463046EBF751FA002D3ED00DF5237DB4
:10254000BDE8F08F012680E742469EA99AA8EDF7E4
:1025500030F800288AD100238DF803328DF8043238
:1025600001249AE79F9B039A13440B93A19B049920
:102570005B1A0D93B0E70DF1380C18ACA2AB13E960
:102580000F0084E80F00CDF8708061463846EBF705
:1025900065F9B4E70EAE18AC9AAB0FCB84E80F0028
:1025A000CDF870B031463846EBF758F9A9E79AAA4A
:1025B00072A90098EBF711FABEE79AAA65A90098EC
:1025C000E9F747FCBAE700BF2DE9F04182B00D46BC
:1025D0004948E2F76FFB012802D002B0BDE8F08164
:1025E0002846EDF7F7FE04462846EDF7EFFE0646CF
:1025F000631E1C2BF1D801A252F823F0E526020835
:10260000DB250208DB250208DB250208DB250208A2
:10261000DB250208DB250208DB250208DB25020892
:10262000DB250208E5260208DB250208DB25020877
:10263000DB250208DB250208DB250208DB25020872
:10264000DB250208DB250208DB250208DB25020862
:10265000DB250208DB250208DB250208DB25020852
:10266000DB25020871260208DB250208EF26020896
:102670004FF40031E2F7BBF904462846EDF7AEFE11
:10268000054603689C42B8BF1C4604601A2200211C
:102690003046E5F705FE074601901B220021304633
:1026A000E5F7FEFD04460190182200213046E5F7CB
:1026B000F7FD80460190192200213046E5F7F0FD34
:1026C000019003464045A8BF4346BC42A8BF3C46D4
:1026D000A342A8BF2346002BBFF67FAF2A68D21AB9
:1026E0002A607AE700F14001E3F74EFB75E72846E0
:1026F000FFF7B0FC71E700BF3070040810B50C465E
:1027000010212046E0F78CFE4FF480612046E1F76F
:1027100074F910BD10B501460348E1F70FFA0446FD
:10272000E1F79CFA204610BD5470040810F00F0029
:1027300000D101207047C0F300107047C0F30020A3
:102740007047C0F340107047C0F380107047C0F36B
:1027500040207047C0F380207047C0F3C01070471E
:10276000C0F300207047C0F3C0207047036CBBB1BA
:1027700070B50646056B002455F8240098B10C4945
:10278000FAF7ECFF90B155F824301B7863B1B36BC6
:1027900033F81400FFF7DEFF034628B90134EBE7F6
:1027A0000023184670470023184670BD0023FBE73E
:1027B00044D003082DE9F04182B005460E461A22A6
:1027C000E5F76EFD044601908046382231462846E2
:1027D000E5F766FD074601903C2231462846E5F7BD
:1027E0005FFD019010F0040F01D004EB0708404694
:1027F00002B0BDE8F0812DE9F04182B005460E46F9
:102800001822E5F74DFD04460190804638223146F6
:102810002846E5F745FD074601903C22314628460B
:10282000E5F73EFD019010F0020F01D004EB070820
:10283000404602B0BDE8F0812DE9F04F91B0074667
:1028400081220021E5F72CFD0F90C3B206930021F1
:102850003846FFF7AFFF0C9000213846FFF7CBFF5B
:1028600009901D2200213846E5F71AFD04460D9017
:102870000F901E2200213846E5F712FD03900F90BD
:102880003846E2F7DAFD07903846E2F7E9FD3B6C9F
:10289000013B04FB130308933E6B002293461AE0AE
:1028A000BB6B0BEB040233F81200FFF73FFF05444C
:1028B000013456F8240040B13D49FAF74FFF20B1EA
:1028C00056F824301B78002BEAD1424654B9013423
:1028D00006EB840601323B6C93425FD90024254607
:1028E0009046E6E7089B02FB03F3396CB3FBF1F378
:1028F000099803440D9802FB00F003440493089BDD
:1029000008FB0333B3FBF1F309990B441844431E4E
:10291000059304F1FF3C079B039901FB1C3ABAF1B4
:10292000000F06DB4FF00008C1460A960B920C9E82
:1029300010E04FF0000AF5E7786B059A00923344F7
:10294000049A314400EB0B10ECF7AEFA08F10108E1
:102950000BF1010B44451BD9BB6B33F81B00FFF790
:10296000E5FE09FB0AF1B1FBF5F1039B08FB03F35C
:102970001944814409FB0AF2B2FBF5F21344013B0E
:10298000069A012AD8D10798C21A431A1146D3E7EA
:102990000A9E0B9A013406EB84069BE73846E2F761
:1029A0000BF93846E3F703FA11B0BDE8F08F00BF2A
:1029B00044D003082DE9F04F8FB0054603910AA9D2
:1029C000E2F7E1FC2846E2F71EFD01902846E2F717
:1029D00021FD02901A2200212846E5F761FC83467A
:1029E00005901B2200212846E5F75AFC80460590F9
:1029F000182200212846E5F753FC074605901922C6
:102A000000212846E5F74CFC064605901D220021D2
:102A10002846E5F745FC044605901E22002128467D
:102A2000E5F73EFC059004EBD47A4FEA6A0A0AF116
:102A3000010A04F00104A24400EBD0794FEA6909CD
:102A400009F1010900F001008144BAF10D0FA8BF9E
:102A50004FF00D0AB9F10D0FA8BF4FF00D09B8F1F5
:102A60000D0FA8BF4FF00D080D2FA8BF0D270D2E7D
:102A7000A8BF0D2600241CE00A98A0EB09006044C2
:102A8000069032E00B98A0EB0A001844079032E061
:102A90000A9B4B440B44089337E00B9B534413446D
:102AA00009930022039906A8ECF78DFB002836D184
:102AB0000134EB6BA34232D9696B230101EB0412A1
:102AC00051F803C0CDF818C0536807939168089176
:102AD000D2680992E345CFDB0A98BBF10D0FD4BF52
:102AE000A0EB0B000D38604406909F42CADB0B98A8
:102AF000C01B18440790019BA3EB0803023B8B42C9
:102B0000C6DC0A9B43440B440893029B9B1B023B7D
:102B10009342C2DC0B9B334413440993C1E7EB6B34
:102B2000A34203D020460FB0BDE8F08F4FF6FF74EC
:102B3000F8E700004FF6FF7399425DD0F0B58BB017
:102B400004460D46C36B8B4201D80BB0F0BD416B00
:102B50002A0101EB05138A5806925A6807929A686F
:102B60000892DB68099302A9E2F70DFC1D220021FF
:102B70002046E5F795FB074601901E2200212046DE
:102B8000E5F78EFB064601902046E6F7DBFBE8F70B
:102B90009BF81A4A82FB0012C317C3EBA2039F42A1
:102BA000B8BF1F46B342B8BF33460299C81B069A46
:102BB00002440692039AD61A079830440790394483
:102BC0000898084408901A44099B13440993636CBD
:102BD000AB4204D006A92046E3F7D6F8B5E7A36BCD
:102BE00033F8153013F4806FF4D006A8ECF7E6FA4A
:102BF000079B1B1A0793EDE7704700BF6766666681
:102C00002DE9F04FADF5257D0446EDF7DFFBC36BF5
:102C10001BB90DF5257DBDE8F08F83462046E2F710
:102C20006DF9074601909BF82A3043F008038BF8B2
:102C30002A30A0A95846E2F7A6FBBBF82840049426
:102C40004FF0000AABF828A09BF82A3043F00803A5
:102C50008BF82A302EAE3046EAF734FE329710ADAC
:102C60002846EAF73FF8149732464FF4A021584619
:102C7000E1F771FA2A464FF4A0215846E1F7BFFC6C
:102C80009BF82A306AF3C3038BF82A30ABF828404C
:102C9000182251465846E5F703FB06900C9019227E
:102CA00051465846E5F7FCFA07900C901A22514617
:102CB0005846E5F7F5FA08900C901B225146584605
:102CC000E5F7EEFA0C90D0465446099003E108F17E
:102CD0000108DBF830304FEA8805C14953F8280075
:102CE000FAF73CFD0028F2D0DBF838304FEA440A0E
:102CF00033F814703846FFF71EFD002840F0E880D6
:102D00003846FFF72DFD002840F0F18000263846B8
:102D1000FFF71AFD002800F0EC8046F40076DBF89F
:102D20003410230101EB0412CB589C9351689D9100
:102D300097689E97D0689F90A09A13449C93A19BFC
:102D400019449D913A449E9203449F93002E40F073
:102D5000EF80A0222EA974A8FAF7E8FB782210A928
:102D600056A8FAF7E3FBDBF8383033F80A00FFF730
:102D7000FAFC002800F007819DF8C031DA0842F023
:102D8000080262F3C7038DF8C03176949DF8503283
:102D900003F01F030F2B26D99DF850320F2262F348
:102DA00004038DF85032DBF81430089A13449C9ACF
:102DB0009A4200F0F280DBF81C30099A9B1A9E9A26
:102DC0009A4200F0F280DBF81830069A13449D9A7C
:102DD0009A4200F0F380DBF82030079A9B1A9F9A02
:102DE0009A4200F0F4809CA8ECF7E8F9059016F000
:102DF0008003029309D0DBF8383033F80A3013F43B
:102E0000806F02D09D9B1B1A9D939CAF3A4674A97C
:102E10000198EAF7E2FD639A039266986599DBF8F8
:102E2000302052F805900CAD00220C920D920E92BB
:102E30000F920C900D919DF8C031C3F3C4038DF82F
:102E40003C30A0A8ECF7B5F90E900AAE2B46039AD9
:102E500049463046EFF794FA3846ECF7AAF90A9B50
:102E6000C01A00EBD0709C9B03EB60039C93384628
:102E7000ECF7A4F90B9BC01A00EBD0709D9A02EB03
:102E800060029D920A989C9901449E9113449F93DD
:102E9000029979B1DBF8381031F80A1011F4806F1B
:102EA00008D0059901EBD171491049420A449D921D
:102EB0000B449F9356A9C1F8289091F8693043F0CC
:102EC000010381F869308C609CAA0198E9F757FFEB
:102ED000013408F10108DBF83C30A3423FF6F9AEBB
:102EE0009BF82A3023F008038BF82A3091E6042659
:102EF0000DE7DBF84430A3427FF411AF049B13F0DD
:102F0000800F01D046F08006049B13F0080F01D01B
:102F100046F00806049B13F0100F01D046F010068F
:102F2000049B13F0200F3FF4FAAE46F02006F6E6BD
:102F3000ABF828609BF82A3043F008038BF82A305E
:102F40000DF5E8794846EAF7BDFC019B789356AF4A
:102F50003846E9F7C7FE019B5A934A464FF4A02131
:102F60005846E1F7F8F83A464FF4A0215846E1F701
:102F700046FB049BABF828309BF82A3023F008036B
:102F80008BF82A30EFE69DF8C031DA0802F017021C
:102F900062F3C7038DF8C031F7E69DF850320B227B
:102FA00062F304038DF8503205E79DF8503203F0C8
:102FB000170262F304038DF8503204E79DF8503293
:102FC00003F01D0262F304038DF8503203E79DF80D
:102FD000503203F01E0262F304038DF8503202E710
:102FE00044D0030838B50546002402E0EFF7C4FBDF
:102FF00001342B6B53F824000028F7D11846EFF763
:10300000BBFB00232B6338BD10B50C46486BEFF7B4
:10301000B3FBA06BEFF7B0FB00236363A36310BDAA
:10302000F8B505460E46012303640024274603E055
:103030002B6C01332B64013456F8240040B1037823
:1030400033B11649FAF78AFB0028F1D00137F2E7CD
:10305000EB6BBB421CD0686B18B1EFF78DFB002304
:103060006B63A86B18B1EFF787FB0023AB633801E4
:10307000EFF766FB686360B17800EFF761FBA86368
:1030800040B16B6B3BB17A000021FAF7E3FAEF63D2
:10309000F8BDFEE7FEE70027F5E700BF44D00308D0
:1030A00010B501460348E0F749FD0446E0F7D6FDB8
:1030B000204610BD78700408B8B138B50C460546F6
:1030C00091B190F8483013F0020F0FD195F84830C5
:1030D00023F0020385F8483021462846FFF7A0FF79
:1030E0002C632846FFF7A8FB38BDFEE7FFF77AFF01
:1030F000ECE7000008B508460023CB630B644FF6ED
:10310000FF724A644B638B630B6391F8482063F34F
:10311000000281F84820D2B263F3410281F84820CE
:103120000149FFF7C9FF08BD9C70040850B110B5F4
:103130000446C26B5200806BFAF7F8F92046FFF79D
:103140007BFB10BDFEE798B138B50C460546C36B56
:103150008B4203D84FF6FF73994208D1696C284619
:10316000FFF7E8FC6C6421462846FFF7E3FC38BD16
:10317000FEE730B138B515460446C36B8B4201D823
:1031800038BDFEE7806B30F81130D24312B21340E5
:1031900020F811302046FFF7CDFC15F4806FEFD0FA
:1031A0002046E1F709FDEBE720B170B50E46054674
:1031B000002406E0FEE7324621462846FFF7D9FF05
:1031C0000134EB6BA342F6D870BDE0B170B50C468C
:1031D00015460646C36B8B4214D990F8483013F05D
:1031E000010F02D012F4807F0ED1B26B32F814308E
:1031F0002B4322F8143021463046FFF79BFC15F490
:10320000806F06D170BDFEE74FF48071FFF7CCFFF1
:10321000EBE73046E1F7D0FCF4E720B170B50E469D
:103220000546002406E0FEE7324621462846FFF721
:10323000CCFF0134EB6BA342F6D870BD08B1406CF3
:103240007047FEE768B12DE9F0410F4680464FF622
:10325000FF73994220D0C36B8B421FD900252E46A5
:1032600001E0FEE72646BD420CD00135741CD8F8BB
:1032700030300C4953F82400FAF770FA0028F1D1E5
:10328000B41CEFE7D8F83C30AB4209D0D8F8303066
:1032900053F82600BDE8F0810020FBE70020F9E7A5
:1032A0000020F7E744D00308034650B1C06B8842C2
:1032B00008D99B6B33F811309A430CBF01200020D2
:1032C0007047FEE70020704770B504460E464FF485
:1032D0008072FFF7E9FF05464FF480712046FFF743
:1032E00063FF05B970BD4FF4807231462046FFF789
:1032F0006CFFF7E72DE9F04784B00D46C348E1F7CE
:10330000D9FC012802D004B0BDE8F0872846EDF7CB
:1033100061F804462846EDF759F806461B2C6BD099
:10332000013C322CEFD801A353F824F02D340208CD
:10333000E134020811360208073302080733020895
:10334000073302080733020807330208C9350208A9
:10335000073302082B350208073302080733020837
:10336000073302080733020807330208D73602087A
:103370000733020821360208073302080733020820
:10338000073302080733020807330208073302082D
:103390000733020807330208073302082B390208F3
:1033A000073302080733020807330208073302080D
:1033B00007330208073302080733020807330208FD
:1033C00007330208073302080733020807330208ED
:1033D00033390208073302080733020807330208AB
:1033E00007330208073302080733020807330208CD
:1033F000253402081D340208FFF7B8F900288FD0E1
:10340000336C23B900212846E1F7A3FD88E7304655
:10341000E2F726F8336CB0FBF3F1F4E73046FFF740
:103420000BFA70E73046FFF707FA6CE72846E1F73A
:1034300053FD0446716C3046FFF77CFBEBF790F8C8
:10344000EBF794F8012829D0032827D0746C4FF6A5
:10345000FF739C423FF457AFB36B33F814502846C8
:10346000FFF775F900287FF44EAF2846FFF772F991
:1034700000287FF448AF2846FFF766F900287FF45C
:1034800042AF2846FFF757F900287FF43CAF01947C
:1034900001AA23213046E1F79CFC34E702AD29461E
:1034A0002046EBF772F829463046FFF783FA0446C8
:1034B0004FF6FF7373649842C8D0B36B33F8105063
:1034C0002846FFF741F90028C0D12846FFF733F915
:1034D0000028BBD1746421463046FFF72BFBB5E7CB
:1034E000726C4FF6FF739A423FF40DAF2846E1F736
:1034F000F3FC0446EBF73AF8012802D003287FF4E6
:1035000002AF02AD29462046EBF73FF82946304688
:10351000FFF750FA716C81423FF4F5AE3046FFF789
:1035200009FB4FF6FF737364EDE6746C4FF6FF739F
:103530009C4235D0B76B37F814502846FFF70DF989
:10354000D0B12846FFF700F9B0B92846FFF708F9CF
:1035500048B196F8483013F0010F04D125F4807576
:1035600027F8145003E045F4807527F8145096F8B6
:10357000483013F0010F18D1B36B756C33F8154058
:103580002046FFF7E4F818B92046FFF7E3F838B112
:103590002046FFF7D9F818B92046FFF7CCF848B114
:1035A000716C3046FFF7C6FAADE6716C3046FFF736
:1035B0008BFEE1E7019501AA23213046E1F709FCE2
:1035C00001287FF4A0AEEBE7746C4FF6FF739C42CA
:1035D0003FF499AEB36B33F814502846FFF7B1F8B7
:1035E00000287FF490AE2846FFF7AEF800287FF45D
:1035F0008AAE2846FFF79FF800287FF484AE019436
:1036000001AA23213046E1F7E4FB7CE67870040848
:10361000716C3046FFF78EFA4FF6FF73736472E6F3
:10362000F36B002B3FF46FAE2846E1F755FC0546DF
:10363000EAF79CFF044695B13046DFF747FFDFF716
:1036400049FA726C4FF6FF739A427FF45CAE022C1B
:103650000ED0042C0AD04FF6FF73736453E600209B
:10366000EAF770FFEAF782FF0446E5E70028F2D0A8
:1036700096F8483013F0010F18D1002419E00134F6
:10368000F36BA34225D9B36B33F814502846FFF7E8
:1036900052F80028F3D12846FFF756F80028EED15B
:1036A0002846FFF74BF80028E9D012E00024E7E7AE
:1036B0000134F36BA3420CD9B36B33F81450284692
:1036C000FFF739F80028F3D12846FFF73DF8002826
:1036D000EED1746417E6716C3046FFF72BFA28467A
:1036E000E1F71DFCA0F11103032B31D8DFE803F053
:1036F000C0640235736C4FF6FF7293420AD00133F7
:103700007364736CF76BBB4201D300237364D6F808
:1037100044800BE000237364F3E701347464A74230
:1037200001D800237364736C43450ED0B36B746C83
:1037300033F814502846FEF7FEFF0028EDD1284646
:10374000FFF702F80028E8D102E04FF6FF73736438
:10375000716C3046FFF7EEF9D5E5726C4FF6FF73EA
:103760009A4206D0736C3BB9F36B013B7364776C80
:103770000BE000237364F5E7013B7364F7E79CB14A
:10378000013C7464736CBB4212D0B36B746C33F83D
:1037900014502846FEF7CFFF0028F0D12846FEF748
:1037A000D3FF0028EBD1D3E7F36B013B7364E9E768
:1037B0004FF6FF737364CBE71E2200213046E4F717
:1037C0006FFD81460190736C4FF6FF7293421AD1E0
:1037D0000023736404E001347464F36B9C420ED2E2
:1037E000B36B746C33F814502846FEF7A4FF00281E
:1037F000F1D12846FEF7A8FF0028ECD1A8E74FF644
:10380000FF737364A4E7706B1A01845800EB031014
:10381000EBF7CFFC04EB6008776C3C4600E001342A
:10382000F56BA5421FD9736B4FEA041C03EB04121E
:10383000506803EB071149688842F0DD53F80C30FB
:103840004345ECDC93684B444345E8DBB36B33F80A
:1038500014A05046FEF778FF0028E0D15046FEF74E
:103860006AFF0028DBD1A5427FF672AF74646FE770
:103870001E2200213046E4F713FD80460190736C50
:103880004FF6FF7293421AD10023736404E00134AF
:103890007464F36B9C420ED2B36B746C33F81450A7
:1038A0002846FEF748FF0028F1D12846FEF74CFFD6
:1038B0000028ECD14CE74FF6FF73736448E7706B58
:1038C0001A01875800EB0310EBF773FC07EB600756
:1038D000756C2CB201E0013C24B2002C20DB736B30
:1038E0004FEA041C03EB0412506803EB051149680E
:1038F0008842F0DA53F80C30A3EB0803BB42EADC51
:103900009368BB42E7DBB36B33F814904846FEF78D
:103910001BFF0028DFD14846FEF70DFF0028DAD153
:10392000002CFFF615AF746412E72846FFF768F91C
:10393000E9E496F8483013F0020F3FF4E4AC304667
:10394000FFF750FBDFE400BF10F0030F12D10C4B68
:10395000A3FB00235B09642202FB130363B9084B3A
:10396000A3FB0023DB094FF4C87202FB13032BB146
:1039700000207047002070470120704701207047E9
:103980001F85EB5108B54A1E18D40B2A01DD013002
:103990000C3A012A16D00E4981FB02311144D3178B
:1039A000C3EBA103C3EBC303D31A03F0010348BF66
:1039B0005B42D8B2C0F11F00C0B208BD013801F1AE
:1039C0000B02E2E7FFF7C0FF1C30C0B2F5E700BF13
:1039D0009324499202298CBF00230123C01A5B4221
:1039E00003F00C031944C1EB41113E390D4BA3FB0D
:1039F000013102EBD103034403EB90030A4AA2FB1B
:103A00000020A3EB501303EBD0130848A0FB0320C6
:103A10001A1A00EB52008008C0EBC000181AC0B29E
:103A2000704700BFABAAAAAA1F85EB512549922473
:103A3000F8B50446ECF7CAFC05462046ECF7CEFC88
:103A4000436D5B68B3F5A02F00D0F8BD0446E9F7DD
:103A5000A3FF07462046E9F7B9FF0646002F54D0DA
:103A6000636D9C68062C53DC17B1002387F82C305B
:103A700016B1002386F834304FF400422146284620
:103A8000FFF712FC18B366B12846EEF7DAFE86F8A7
:103A90002C00C0F3072386F82D30C0F3074086F8CA
:103AA0002E007FB1662387F82C302846EEF7C9FE3A
:103AB00087F82D00C0F3072387F82E30C0F30740A6
:103AC00087F82F002846FFF7B9FB844231D04FF426
:103AD000804221462846FFF7E7FB0028B5D0002E9C
:103AE000B3D0FF2386F834302846EEF7AAFE86F8D6
:103AF0002C00C0F3072386F82D30C0F3074086F86A
:103B00002E00336B013333639FE70028A8D19CE775
:103B1000402221462846FFF7C7FB0028ACD017B14A
:103B2000002387F82C30002EA6D0002386F83430EE
:103B3000A2E7002FCBD0B22387F82C30C7E770B5AF
:103B400005464FF44041006BFFF72EFB012295F82C
:103B50003A10288FFFF73EFF0646EB6BE3B10024D7
:103B600000E001342B6CA34216D9EB6B03EB84010C
:103B700033F824202B8F9A42F3D18A7895F83A3083
:103B80009A42EED1C978013931444FF400420731ED
:103B9000286BFFF71AFBE4E7AB6B6A6B534033F01B
:103BA0007F4300D070BD95F83730013BF1184FF4DA
:103BB00080420731286BFFF708FBF3E790B184469A
:103BC000808E884203D19CF8360090420BD008B515
:103BD000ACF834108CF836208CF837306046FFF79C
:103BE000AEFF08BDFEE79CF837009842EFD1704762
:103BF000C8B12DE9F04F83B08A469346044689B296
:103C00000187D2B280F83A20012380F83B30ADF82A
:103C100004108DF806208DF807304021006BFFF767
:103C2000C3FA002506E0FEE740222946206BFFF795
:103C3000CCFA0135062DF7D91FFA8AFA5FFA8BFB09
:103C400059465046FFF79EFE81460122594650468E
:103C5000FFF7C0FE064607464FF0010810E007EBED
:103C60008700800000F59070204443463B4A1421B1
:103C70000530F9F739FC013708F101085FFA88F8D7
:103C800009EB0605BD42EAD80BF1FF315046FFF7BC
:103C900079FEA0EB06085FFA88F808F101085FFAE0
:103CA00088F8002715E007EB8700800000F590708A
:103CB00020444346294A14210530F9F715FC4022D7
:103CC000F91D206BFFF781FA013708F101085FFA4F
:103CD00088F8B742E7D3012713E005EB85008000A1
:103CE00000F5907020443B461C4A14210530F9F73A
:103CF000FBFB4022E91D206BFFF767FA0135013716
:103D0000FFB2292DE9D92046FFF719FF206BFFF7F5
:103D100095FA4FF6FF73984208D12046E2F747F82C
:103D20002046E5F777FB0646002505E0F11D206BF0
:103D3000FFF709FAF1E70135B5420BD229462046D3
:103D4000E5F722FB236B8342F5D022462321E1F7DE
:103D500040F8F0E703B0BDE8F08F00BF80D0030863
:103D600038B50C464FF45272002104F22510F9F7D1
:103D700071FC00210B4621E0062B15D901EB8102D5
:103D800004EB82024FF0780C82F825C101EB81022E
:103D9000920002F5907222440532103004EB80004C
:103DA00042600131C9B207E02B4A52F8230003F107
:103DB000100204EB820250600133DBB2372B0DD8C6
:103DC000002BF1D018465A1C12F0070FD4D103F182
:103DD000100204EB820221485060EDE7204BC4F84A
:103DE00020312046FFF75CF9206304F14401FFF71E
:103DF00063F94FF40871206BFFF70FFA00232222BA
:103E00001849206BE1F713F8256B6420EBF71CFDD4
:103E100001462846E1F72CFA4FF40421206BDFF726
:103E2000ECFD01212046F7F77BFA0121206BF7F723
:103E300099FA00220221206BE5F70AFA01224FF4D9
:103E4000FD612046FFF7D4FE01231A464FF4FD61C1
:103E50002046FFF7B3FE38BDB870040844D003080D
:103E60005CD00308313A020808B138307047FEE7E9
:103E7000F8B50C4600212046E5F7B7FC00212046A6
:103E8000F7F74EFA0023022219462046F7F753FAB5
:103E90002046FEF73FFC054600222949E5F77AF95E
:103EA0006420EBF7D1FC01462846E1F7FAF92846F1
:103EB000E2F762FB2846E1F7ADFA064601462846DE
:103EC000E1F7D6F91F4F00230A2239462846E0F7CA
:103ED000AEFF04212846DFF7A3FA204603F040FF97
:103EE0000546032103F09EFF002202212846E5F744
:103EF000AFF901212846F7F735FA2046FEF70AFC0C
:103F0000054600221049E5F745F932463146284674
:103F1000E1F7E0F900230A2239462846E0F787FF57
:103F200004212846DFF77CFA002323220749204694
:103F3000E0F77DFF002223212046E0F74AFFF8BD8D
:103F4000ACD00308953F0208B0D00308513F0208E7
:103F500038B5ECF73BFA0546E5F7E3F9FFF784FFE0
:103F60008378013BDBB20B2B00D9FEE7044601212D
:103F70002846E5F709FAA378013B044A52F82330B2
:103F80002288034903F023FF38BD00BFF8700408FE
:103F9000B4D003082DE9F04182B0ECF717FA80465F
:103FA000E5F7BFF90546E5F7BCF90746FFF75CFF03
:103FB000006801909DF80660741EE4B20B2C00D9D5
:103FC000FEE700212846E5F7DFF980451CD00C2EDE
:103FD00028D001368DF80660BDF804609DF80640D3
:103FE000224631463846FFF703FE01212846E5F711
:103FF000CBF9013C104B53F8243032460F4903F003
:10400000E6FE02B0BDE8F081012E02D08DF8064038
:10401000E2E70C238DF80630BDF80430013BADF823
:104020000430D9E701238DF80630BDF804300133A0
:10403000ADF80430D0E700BFF8700408B4D003082E
:1040400070B50C460846E5F76CF906460021204697
:10405000E5F7CBFB00212046F7F762F9204601F097
:1040600089FF0546144901F091FF33462322134985
:104070002846E0F7DCFE01212846F7F773F92046D1
:1040800001F078FF05460E4901F080FF33462322F8
:104090000C492846E0F7CBFE01212846F7F762F9E4
:1040A0000023232208492046E0F7C1FE00222321F5
:1040B0002046E0F78EFE70BD44D103087941020826
:1040C000BCD303083D410208CD40020870B5ECF7AF
:1040D0007DF90646E5F725F9FFF7C6FE04460021FF
:1040E0003046E5F751F9054601213046E5F74CF930
:1040F0000646284602F010F80378303B4178303904
:10410000642202FB01F14FF47A7202FB03118378FF
:10411000303B03EB830301EB4301C378303B19448D
:104120002388C91A0029B8BF4942284601F0DCFF9C
:10413000A1780139304601F0D7FF70BD30B583B0AA
:104140000546ECF743F904462846ECF749F90546DD
:10415000204601F0EBFF04462846FFF785FE006885
:104160000190621CD2B28DF80620BDF804102846DA
:10417000FFF73EFD03B030BDF0B583B00446ECF769
:1041800025F905462046ECF72BF90646284601F0AE
:10419000CDFF0446284601F0BFFF054604EB84042A
:1041A000E71CF9F7A5FA874200D3FEE72A5D303A0B
:1041B000631CEB5C303B642101FB03F34FF47A7129
:1041C00001FB023302342A5D303A02EB820203EB38
:1041D0004204EB5D303B1C443046FFF745FE00686F
:1041E0000190ADF804409DF80620A1B23046FFF7DB
:1041F000FFFC03B0F0BD00B583B084461046097CD7
:10420000C1F3001101F114025CF8222012315CF8B4
:10421000211000930023ECF77CFE03B000BD436F38
:104220008B4240F2B6802DE9F04385B004460D463E
:1042300090F8783013F0300F28D0E1F7FEF80646FA
:104240002046E2F7EBFD8046382200212046E4F7C5
:1042500027F8074600901A2200212046E4F720F8AC
:104260000090636903443B44A3EB080794F878305B
:1042700003F00F035A1ED2B2012A0CD9033BDBB262
:10428000012B5DD92046E1F792FD01E0E1F78FFDBA
:1042900005B0BDE8F0834B224FF4A0212046E3F7A0
:1042A000FFFF8146009001224FF400312046E3F7E2
:1042B000F7FF8046009063690093A2690192E36969
:1042C0000293216A039100EB0903D21A01920B4475
:1042D0000393636F013BAB421CD8002DD8D06B1EFB
:1042E00006FB03F3626F013AB3FBF2F33B44A3EB2B
:1042F0000903A3EB0803009305FB06F3B3FBF2F3FA
:104300003B44994408EB0903029369462046E1F7D0
:104310003BFDBDE705FB06F2B2FBF3F23A44A2EB2C
:104320000902121A009205FB0662B2FBF3F33B444A
:104330004B440344029369462046E1F725FDCCE750
:104340001E2200212046E3F7ABFF81460090636FF9
:104350005A1E02FB1068B8FBF3F8012B17D9A6EB25
:10436000080605FB06F6B6FBF2F669462046E1F7BD
:104370000AF8F3190093984408EB09020292A3EBA0
:104380000903009369462046E1F7FEFC80E700261A
:10439000EBE770472DE9F04F9DB005460E463822F9
:1043A0000021E3F77DFF044606901A2200212846EB
:1043B000E3F776FF0690031903931822002128469D
:1043C000E3F76EFF069004442846E1F736F8074607
:1043D0002846E1F745F880460DF11C094846E9F703
:1043E0001BF90B964A4600212846E0F703FA3A22C9
:1043F00000212846E3F754FF06905FFA80FB38223D
:1044000000212846E3F74CFF029006903C22002151
:104410002846E3F745FF019006902846E2F7FEFCA8
:1044200004902846E2F7A3FCEA6E0592012A46D9D9
:10443000AB692344A3EB00096B691193EB691393F8
:104440000FFA82FABBF1020F22D9029B002B21DD69
:10445000019A12F0020F10D10024019B13F0010FFA
:104460002BD0192200212846E3F71AFF069020BB23
:10447000059B013B0FFA83FA1FE018220021284612
:10448000E3F70EFF069008B10024E6E70124E4E715
:10449000002412E0002410E008FB04F3EA6E013A65
:1044A000B3FBF2F312934B4412931493099407A9AC
:1044B0003046E9F7CBF8013424B25445ECDBD5F8AB
:1044C0007090B9F1010F55D96C69039B1C44049B92
:1044D000E41AAB6912932B6A14930FFA89F8BBF1B3
:1044E000020F2AD9029B002B2CDD019B13F0040F35
:1044F00008D14FF0000A019B13F0080F0FD1A1461D
:10450000544635E01A2200212846E3F7C9FE0690FA
:1045100010B14FF0000AEEE74FF0010AEBE71B2263
:1045200000212846E3F7BCFE069030BB09F1FF39B5
:104530000FFA89F8A14654461AE04FF0000AA14646
:10454000544615E04FF0000AA146544610E007FB20
:1045500004F32A6F013AB3FBF2F311934B44119326
:104560001393099407A93046E9F770F8013424B28F
:104570004445ECDB1DB0BDE8F08FA1465446F7E79B
:104580002DE9F04FCBB007468A460691382200212C
:10459000E3F786FE064609901A2200213846E3F723
:1045A0007FFE81460990182200213846E3F778FE05
:1045B000054609903846E0F740FF04903846E0F79A
:1045C0004FFF80467B694B4403EB06093846E2F710
:1045D00025FCA9EB00030393BB691D443544384611
:1045E000E2F7C5FB2B1A059335AD2846E9F714F819
:1045F000CDF8E4A02A464FF4A0213846E0F7FAF8B7
:104600000DAD2846E9F75EF9CDF844A02A464FF4EF
:1046100000313846DFF79FFD01224FF40031384664
:10462000E3F73EFE099000EBD0704FEA600A0222E9
:104630004FF400313846E3F733FE099000EBD070B9
:104640004FEA60095246CA45A8BF4A46469B03EB5B
:10465000D371B2EB610F05DD9DF8252142F0040214
:104660008DF82521012B07D007F130042046ECF707
:1046700081F90546CB46D9E09DF8253143F0040386
:104680008DF82531F0E700230293E8E028682B7CC1
:10469000C3F3C00303F1180257F82220163357F86A
:1046A000231050F82900049B00930023ECF731FC01
:1046B00041903044419068682B7CC3F3001303F1B0
:1046C000140257F82220123357F82310029B50F897
:1046D0002300CDF800800023ECF71BFC4290A8EBF0
:1046E00000034293059A13444293C6E002947B6F01
:1046F000013BB34272D001367C6FB44240F28A80F3
:10470000419B3F93429B409309EB0603B3FBF4F2BA
:1047100004FB12346B6853F824006FF00043984296
:1047200076D02B7CC3F3001303F1140257F8222038
:10473000123357F82310CDF800800023ECF7E9FB83
:104740004290A8EB00004290059B184442902868D4
:104750002B7CC3F3C00303F1180257F82220163351
:1047600057F8231050F82400049B00930023ECF723
:10477000D0FB4190039B18444190002EB7D03F9A44
:10478000A2EB0A01099152440B92409AA2EB0B0151
:104790000A915A440C926B68029A53F822106FF0F7
:1047A00000429142A2D053F824206FF000439A4275
:1047B0009CD0731E0293389335A90698E8F746FFFC
:1047C000BAF1000F92D0BBF1000F8FD0029B109373
:1047D00009AA0DA90698E9F700F987E76B6853F86D
:1047E00024206FF000439A4285D0419BA3EB0A013D
:1047F00009AA116053449360429BA3EB0B015160E3
:104800005B44D36010960DA90698E9F7E6F872E7C5
:10481000029470E7079C379B013337930F9B01335A
:104820000F9329462046ECF7ADF8054645B32B7C9F
:1048300013F0010FF5D1AB68ADF814311B0C8DF8F6
:1048400016312A89AB7AADF872208DF8743097F85A
:10485000783013F0300F7FF416AFEB680293039EAD
:104860003F9641966B68029A914653F822300A2B84
:104870007FF40CAF044B41934293002607943BE72F
:104880004BB0BDE8F08F00BF010000E0436F012B8B
:1048900040F2BE812DE9F04FD5B081460F4600F1C0
:1048A00030030A931846ECF700F9054610B955B0E5
:1048B000BDE8F08F382200214846E3F7F1FC0646B8
:1048C00013901A2200214846E3F7EAFC139000EB0C
:1048D0000608182200214846E3F7E2FC139006443C
:1048E0004846E0F7AAFD83464846E0F7B9FD0B903D
:1048F000D9F8143098444846E2F790FAA8EB000340
:104900000393D9F818301E444846E2F730FA331AB8
:104910000C933FAE3046E8F77FFE439732464FF4A4
:10492000A0214846DFF766FF013D4195D9F8743074
:10493000049301224FF400314846E3F7B1FC0E9096
:10494000139000EBD0735D10109502224FF40031EC
:104950004846E3F7A5FC0F90139000EBD0735B1073
:104960001193D9F87430012B1FD9013BBBFBF3F332
:104970002B44509A03EB0208049B5B4518DB049B15
:104980005B4522DB0BEB480000EB4000C000EDF77D
:10499000D7FE0990099B002B89D04D930A98EBF71D
:1049A000E9FF3B4607469A46F5E04FF00008E3E78B
:1049B00017AC2046E8F786FF22464FF40031484600
:1049C000DFF7C9FB419B1993D9E7D9F87400C00000
:1049D000EDF7B6FE0990DDE7BB68ADF83C311B0C86
:1049E0008DF83E31BB68ADF814311B0C8DF81631D3
:1049F00099F8783013F0300F11D1FB680593D9F88E
:104A000020300793D9F818300893039B49934B93B0
:104A100000254E95059E02967E4B0D9364E0002383
:104A20000593ECE73B7CC3F3001303F1120259F842
:104A30002210143359F823C00C9B00930B9AD318FF
:104A40006246ECF766FA77E07B68029A53F8221028
:104A50006FF00042914245D0069A9A586FF0004399
:104A60009A423FD008998142B8BF01460891079BFE
:104A70008342A8BF034607930D9AA24232D04D9BB2
:104A80004E9A03EBC203079A5A604D9B4E9A43F825
:104A900032404E9B5A1C4D9B03EBC20359604E9B08
:104AA00001334D9A42F833404E9B9A1C4D9B03EBC9
:104AB000C2036FF000425A604E9B02334D9A42F897
:104AC00033404D9B4E9A03EBC2014968013203EB20
:104AD000C2035A6891423ED04E9B03334E930D94CD
:104AE0000890079001350296D9F87420AA4235D96A
:104AF00005FB0BF4531EB4FBF3F4039B1C44DAF8E0
:104B00003C3043440133A34228DBDAF83430A3EBD2
:104B10000803013BA342E5DC059B5E19B6FBF2F3FB
:104B200002FB13667B68B200069253F826006FF012
:104B3000004398427FF476AF049B5B4584DA4E9B3A
:104B4000099A42F833404E9B02EBC30358604E9BD8
:104B500001334E93C6E701325A60BDE73FA9504684
:104B6000E8F774FD049B5B450DDA3A89BB7AADF832
:104B70009A208DF89C30419B19930E9B012B02DDEE
:104B80000F9B012B14DC419B013B419339460A9852
:104B9000EBF7F8FE0746002F36D03B7C13F0010FF1
:104BA0003FF41AAF419B002BF0D0013B4193EDE75E
:104BB000013D1A954E9C013C0297099D109E119F44
:104BC00000E0013C002C1DDB05EBC40359686FF0CD
:104BD00000429142F5D055F83420911B13AA116080
:104BE00055F83410314491605968C91B51605B68B5
:104BF0003B44D36017A95046E8F7EFFE1A9B013BF0
:104C00001A93DEE7029FBEE70998EDF7B5FD4EE681
:104C1000704700BFF0D8FFFF08B5FFF737FE08BDAB
:104C20002DE9F04FB5B0064689461A220021E3F778
:104C300037FB05460790182200213046E3F730FB8A
:104C4000044607903046E0F7F8FB80460490304673
:104C5000E0F706FC834606F1300A5046EBF725FFE5
:104C600010B935B0BDE8F08F07461E22002130464E
:104C7000E3F716FB0790736F5A1E02FB1080B0FB20
:104C8000F3F305931E224FF4A0213046E3F708FB0F
:104C90000190079007F1FF38059B08FB1038B8FB1F
:104CA000F7F8B8F1000F2EDD382200213046E3F787
:104CB000F7FA074607903046E2F7B0F82D1AEB19DD
:104CC00003933046E2F753F8241AE319029308AC31
:104CD0002046E8F7F7FDCDF8309022464FF4A021AA
:104CE0003046DFF738FA9DF86F3023F00F038DF868
:104CF0006F30FF238DF85A30336A129A134433937E
:104D0000002300936AE04FF00108CDE77569039B2B
:104D10001D4477E000221EE00A9B01330A933D46C2
:104D200008E030AA08A94846E8F757FE0A9B013375
:104D30000A933D4621465046EBF720FE0446002CE0
:104D400049D0237C13F0010FF4D196F8783013F09A
:104D5000300FDFD1E268309508EB0503013B329359
:104D6000019908EB01072F44D9F834108B42D3DBAB
:104D7000D9F83C30AB422EDB2189A37AADF85E1026
:104D80008DF86030009B1A44736FB2FBF3F103FBA4
:104D90001122636853F82230217CC1F3001101F124
:104DA000120056F820001B1A0BFB03F3143156F8BF
:104DB0002110091A93FBF1F3ABEB0303B1690B4428
:104DC00002990B443193636853F822206FF000433B
:104DD0009A42ABD0A5E7009B01330093736F009A12
:104DE00093427FF63EAF012B90D9049A0599551A4C
:104DF000009A02FB05F5013BB5FBF3F573691D4411
:104E0000039B1D44009B0B9300230A935046EBF732
:104E1000ADFD044693E72DE9F04FB9B0054689464C
:104E200000911A220021E3F73BFA804604901922F0
:104E300000212846E3F734FA044604902846E0F7B8
:104E4000FCFA074603902846E0F70AFB824605F184
:104E500030063046EBF729FE10B939B0BDE8F08FC7
:104E60001E2200212846E3F71BFA04906B6F5A1E9E
:104E700002FB1070B0FBF3FB382200212846E3F759
:104E80000FFA074604902846E1F7C8FFA8EB000890
:104E900008EB070302932846E1F769FF241AE31998
:104EA000019310AC2046E8F70DFDCDF85090224656
:104EB0004FF4A0212846DFF74EF99DF88F3023F0FC
:104EC0000F038DF88F30FF238DF87A300CAC09F189
:104ED00034030FCB84E80F00002744E000233B4459
:104EE0006A6FB3FBF2F002FB10334A6852F82330CA
:104EF0006FF00042934202D0002B00DD1C4430468C
:104F0000EBF73CFD014651B10B7C13F0010FF6D1DC
:104F100095F8783013F0300FE0D1CB68DFE73046FA
:104F2000EBF724FD0146534622462846FFF763F976
:104F3000002817DD6A6F012A20D9039BA3EB0B031E
:104F400007FB03F3013AB3FBF2F36A691344029AD5
:104F500013440893089A02EB0B03013B0A930C9944
:104F60008B4210DA01376B6FBB4276D9139700245E
:104F700012943046EBF7FAFC0146C4E76B69029ADB
:104F800013440893E6E70E9B9A4266DC2C6A1A9B50
:104F900023440B93019BE31A1B1A013309930DF170
:104FA000100C08AB0FCB8CE80F0004F10108304661
:104FB000EBF7DCFC04464FF0000909E000230FE0AA
:104FC000129B0133129321463046EBF7D7FC04467F
:104FD000002CC7D095F8783013F0300FEED1E3688D
:104FE0002189A27AADF87E108DF880203B446A6F4B
:104FF000B3FBF2F102FB1133626852F823306FF019
:1050000000429342DCD0002BDADD227C12F0010F4B
:10501000D6D1994453464A4621462846FFF7EBF835
:1050200008F1FF3307932B6A019A9B1A1B1A03F1AD
:105030000108CDF8148004AA0CA9009B03F13400E8
:10504000E9F766FF18B9129B01331293BBE708AA70
:1050500010A90098E8F7C1FCF5E7009C34340CABCC
:105060000FCB84E80F00F8E670B50D460AE0237C0C
:1050700013F0020F18D021463046EBF7B9FC20465A
:10508000EDF77AFB6B6B9BB105F130063046EBF721
:105090006DFC04460028F5D0037C13F0040FE6D124
:1050A0004068EDF769FBE2E72068EDF765FBE2E7B2
:1050B00005F13000EBF747FD0CE005F13C0630460A
:1050C000EBF754FC044601463046EBF791FC2046D2
:1050D000EDF752FB2B6C002BEFD105F13C00EBF709
:1050E00032FD70BD10B50C46142104F13000EBF711
:1050F000F7FB182104F13C00EBF7F2FB0023A3645B
:10510000A365E364E36564222265226662656266E4
:105110000322E266052222670A2262676FF00042DC
:10512000A26694F87820012161F3030284F87820C4
:10513000D2B263F3051284F8782010BD80B12DE956
:10514000F04F89B00D4617461C46064649B1436FDD
:10515000934207D800232360636009B0BDE8F08F55
:10516000FEE7FEE7E0F769F980463046E0F778F9B8
:10517000814696F8783003F00F03013B042B00F2D0
:105180001A81DFE803F0030361C34200736F012B50
:1051900038D907FB08F8013BB8FBF3F323606A68D2
:1051A0004B4652F8272029463046FFF724F8A9EB52
:1051B00000006060382200213046E3F771F80546B0
:1051C00007901A2200213046E3F76AF80790431946
:1051D00022681A4422603046E1F720FE23681B1A39
:1051E0002360182200213046E3F75AF807902B1865
:1051F00062681A4462603046E1F7B9FD63681B1AC1
:105200006360AAE700232360C9E728682B7CC3F307
:10521000C00303F1180256F82220163356F8231063
:1052200050F82700CDF800800023EBF772FE2060D5
:105230006A684B4652F8272029463046FEF7DBFFC6
:10524000A9EB00006060B5E706F1300B5846EBF7BC
:105250002CFC03901E224FF4A0213046E3F720F8E7
:10526000049007901E2200213046E3F719F80590BC
:105270000790736F5A1E02FB1081B1FBF3F102918C
:10528000012B16D9A8EB010307FB03F3B3FBF2F3E1
:1052900023605846EBF76AFB01464FF0000A59B10C
:1052A000A94209D00AF1010A5846EBF767FB01460B
:1052B000F5E700232360ECE7059B434407FB03F37A
:1052C000726FB3FBF2F22260039999B102980AFB64
:1052D00000F3B3FBF1F303EB020CC4F800C04A1E69
:1052E000049B02FB1302B2FBF1F202EBD2720CEB55
:1052F000620323606A684B4652F8272029463046ED
:10530000FEF779FFA9EB0000606053E71E22002141
:105310003046E2F7C5FF03460790716F481E00FB59
:105320001383B3FBF1F2012915D9A8EB020307FBA4
:1053300003F3B3FBF0F32360236802EBD27203EBB9
:105340006203236006F130084046EBF70FFB01468D
:105350004FF0000A19E000232360EDE700233B44EF
:10536000726FB3FBF2F002FB10334A6852F823303D
:105370006FF00042934204D0002B02DD9A44A94210
:105380000FD04046EBF7FAFA014651B10B7C13F00F
:10539000010FF6D196F8783013F0300FDED1CB68DC
:1053A000DDE74B46524629463046FEF724FFA9EB7F
:1053B00000006060FEE6002323606360FAE678B1D7
:1053C0002DE9F04FADF5017D8A46074600F13C0B13
:1053D0005846EBF7ABFB20B10DF5017DBDE8F08F32
:1053E000FEE76BAC2046E8F717F9CDF8BCA12246E2
:1053F0004FF4C0213846DFF7FDF943AC2046E8F70B
:1054000061FACDF81CA122464FF4C0213846DEF7E0
:10541000A2FE01224FF4C0213846E2F741FF02907C
:1054200000EBD0704FEA600801224FF4C0213846EB
:10543000E2F736FF029000EBD0704FEA6009584661
:10544000EBF798FA04465DE0A2686FF000439A42D9
:1054500053D002AD2B4621693846FFF76FFE029EFE
:10546000039B6EE000230193A6EB0802029208EB77
:1054700006020492A5EB0902039209EB05020592CC
:10548000237D13F0030F16D013F0010F00D1314626
:1054900038913995237D13F0020F60D0FB692EA956
:1054A0000B634D630023CB6009935046E8F7CEF8B9
:1054B000019B002B55D1237D13F00C0F17D038968C
:1054C000237D13F0040F52D0BA6939923A96237DA6
:1054D00013F0080F00D03D6A2EA94D630123CB6065
:1054E00009935046E8F7B2F8019B002B41D16D9B20
:1054F00001336D93459B0133459321465846EBF7A5
:1055000041FA0446002C3FF467AF54226BA92EA841
:10551000F8F70CF8A02243A906A8F8F707F8E36803
:10552000ADF8F8301B0C8DF8FA30A189A27BADF8EC
:1055300056108DF85820637D13F0010F84D0266833
:10554000636879690E44BD691D44B8F1000F89D0C4
:10555000B9F1000F01D1002385E7012383E733462A
:105560009DE702AA06A95046E8F737FAA3E72A46BC
:10557000ABE702AA06A95046E8F72FFAB7E728B129
:1055800008B521B13030EBF7F9F908BDFEE730304E
:10559000EBF7ECF9F9E72DE9F04784B005460C4646
:1055A000DFF74BFF06461A2200212846E2F778FE75
:1055B0000390241A7BD4A6420FDB95F8783003F0D1
:1055C0000F035A1ED2B2012A0AD9DA1ED2B2012A18
:1055D00010D9052B14D000276AE06F6F013F67E0F8
:1055E0006B6F013B06EBD6777F1003FB0477B7FBAD
:1055F000F6F75DE06F6F04FB07F7B7FBF6F757E0D0
:1056000000212846FFF7BBFF814628B14FF0000874
:1056100047466FF0004A18E0002749E0D9F800003B
:1056200099F81030C3F3C00303F1180255F8222093
:10563000163355F8231050F8280000960023EBF796
:1056400068FC001B2EE008F101086B6F43452FD961
:10565000D9F8000099F81030C3F3C00303F1180221
:1056600055F82220163355F8231050F828000096DC
:105670000023EBF74EFC201A0028CFDDD9F80000FC
:1056800099F81030C3F3C00303F1180255F8222033
:10569000163355F8231050F8280000960023EBF736
:1056A00038FC201A8245CEDD47468246CBE70027EC
:1056B000384604B0BDE8F08770B58CB00C464E4853
:1056C000DFF7F8FA012801D00CB070BD2046EAF7E8
:1056D00081FE05462046EAF779FE0646012D3DD0BB
:1056E0000B2D5ED01D2DEFD12046DFF707FC0446C1
:1056F00069463046DFF747FE3046DFF757FA014686
:1057000002466846E9F7EAFB04F13402694604A858
:10571000E9F7FEFB0028D7D004F1340595E80F0027
:105720000DF1300C0CE90F0004AB0FCB85E80F0036
:1057300021463046FEF72EFE06F13000EBF7F6F973
:10574000002839D196F8783003F00F03013B042B81
:1057500032D8DFE803F02D3C41464B00E8F700FF6C
:1057600008A9E8F712FF7369089CE41A0894304608
:10577000E1F754FB21183046FFF70DFF0446B36EE6
:105780008342A1D001463046FEF749FDB16E304656
:10579000FEF745FDB466002223213046DFF719FBF2
:1057A00092E7816EFEF73BFD6FF00043B3668BE737
:1057B00021463046FFF76AF821463046FFF7FFFDE5
:1057C00034340CAB13E90F0084E80F007CE721466A
:1057D0003046FFF721FAEFE721463046FFF720FA7F
:1057E000EAE721463046FFF716FBE5E7214630465B
:1057F000FEF7C6FEE0E700BF707104082DE9F04F28
:10580000E3B00546EAF7E2FD04462846DFF776FBFB
:1058100080464D2200212046E2F742FD0290099089
:10582000E8F789FE8146812200212046E2F738FD13
:105830000990C5B2382200212046E2F731FD074623
:105840000990182200212046E2F72AFD0990C61986
:10585000012D00F0C0801A2200212046E2F720FD31
:1058600009903B1801931E2200212046E2F718FD03
:10587000039009901A224FF400312046E2F710FD00
:10588000049009901B224FF400312046E2F708FDF6
:105890000590099018224FF400312046E2F700FDF0
:1058A0008346099019224FF400312046E2F7F8FCB4
:1058B0008246099004224FF400312046E2F7F0FCC2
:1058C0000690099005224FF400312046E2F7E8FCEB
:1058D000079009903AAF3846E7F7F4FFCDF8F88023
:1058E0003A464FF400312046DEF735FC012D7DD0DD
:1058F0006369019A134436934B44049A1344059AFE
:105900001344013B3893A2693244379202EB0903F6
:105910005B445344013B3993369932913392389A20
:105920003492359332AF079A06993846E9F7D6FA9A
:105930003A463AA94046E8F750F80DF1B80A002770
:105940002E972F9730973197672239462046E2F7F6
:10595000A7FC09902F90662239462046E2F7A0FC6A
:1059600009902E908DF8C4706FF0604330935346C9
:10597000029A216B2CA8ECF703FD0DF1380A504672
:10598000E7F7B0F9CDF84880524639462046DEF7B1
:1059900036FE236B189336A8E9F710FCA0EB09003C
:1059A00000EBD0704010012D2DD0389B039A13448A
:1059B0000A932C990B440C93A369334403440AAA19
:1059C00053602D990B44D3600EA94046E7F7D7F9F1
:1059D00063B0BDE8F08F0DF1240A1B2200212046A0
:1059E000E2F75EFCCAF8000001903CE7E369019A27
:1059F0009B1A3893A3EB0903049A9B1A059A9B1AE6
:105A0000013336937FE7369B039A9B1A0C932C99AC
:105A10005B1A0A93D0E700002DE9F04788B00C46E6
:105A20004648DFF747F9012802D008B0BDE8F08703
:105A30002046EAF7CFFC05462046EAF7C7FC0646B3
:105A4000352D07D01B2D6AD01D2DEED12046FFF736
:105A5000D5FEEAE72046EAF7C1FC05464D220021C3
:105A60003046E2F71DFC07460490E8F764FD8046E7
:105A70000DF11009002404940594069407946722FC
:105A800021463046E2F70CFC029005906622214642
:105A90003046E2F705FC029004906FF060430693F5
:105AA0008DF81C404B463A46316B6846ECF768FC73
:105AB0001E2221463046E2F7F3FB074602901A22E7
:105AC0004FF400313046E2F7EBFB044602901B2214
:105AD0004FF400313046E2F7E3FB82460290182291
:105AE0004FF400313046E2F7DBFB81460290192289
:105AF0004FF400313046E2F7D3FB02904444544463
:105B0000029408EB090303440393009A14443C44B1
:105B10002C60019A9342B8BF13466B6085E720461C
:105B2000EAF75CFC04464FF400313046DEF75FFFD5
:105B300023689842B8BF1846206076E7947104083D
:105B400091F8343013F0010F00D0704710B50C46B7
:105B5000086BECF711FE0023236310BD10B50C4653
:105B60000C4B0B6391F8343043F0010381F834306F
:105B700002212046DDF741FF08212046DDF73DFFE9
:105B80004FF480612046DDF738FF10212046DDF715
:105B900047FC10BD08D403080B6B00221A63704742
:105BA000006B20B108B50021E3F7EEFB08BD70479C
:105BB000F0B583B004460D46FFF7F2FF40B107464B
:105BC000DFF728FC06462046DFF74AFC864201DC68
:105BD00003B0F0BD4D2200213846E2F761FB019091
:105BE000E8F7A9FC0646672200213846E2F758FB91
:105BF00001900644616C2A4606FB01F1206BE1F737
:105C000049FB206BE0F7D3F8E2E7F0B583B0054637
:105C10000E46FFF7C5FFE8B107468369F61A4D2225
:105C20000021E2F73DFB0190E8F785FC044667227E
:105C300000213846E2F734FB019000EBD07306EB0D
:105C40006303044493FBF4F02B6C834200D8581E8A
:105C500003B0F0BD0020FBE710B50C46086B18B18F
:105C6000E3F714FD0023236394F8503013F0100F72
:105C700009D00023E36394F8503013F0400F06D0AE
:105C80000023636310BDE06BECF776FDF1E7606B1A
:105C9000ECF772FDF4E7000010B501460348DDF7AC
:105CA0004DFF0446DDF7DAFF204610BDB871040849
:105CB00070B582B00446066BE8F752FCA8B1054601
:105CC000E8F754FC012804D02846E8F74FFC0328E5
:105CD0000BD169462846E8F758FC01993046FFF792
:105CE00094FFF0642046E0F762F802B070BD2DE941
:105CF000F047AEB092464FF6FF72924552D005463D
:105D00000F46046BB4F82890994506D0238594F883
:105D10002A3043F0080384F82A304D224FF48021C2
:105D20002046E2F7BDFA8046019067224FF48021B9
:105D30002046E2F7B5FA064601904046E8F7FBFB3D
:105D400080462846FFF72CFF78B383692B9308EB36
:105D500006020AFB02322B9206EBD673A2EB630318
:105D60002B9343443344013B2D932B6B5A692A9266
:105D7000DB692C9302AD2846E7F7A4FD06972A4677
:105D80004FF480212046DEF7E6F92AAA2946384654
:105D9000E7F723FEA4F8289094F82A3023F00803AC
:105DA00084F82A302EB0BDE8F087FEE72DE9F043F5
:105DB000ABB090464FF6FF7290454AD007460D466D
:105DC000046B268D9E4206D0238594F82A3043F03A
:105DD000080384F82A300DF130094846E6F782FFBF
:105DE00010954A464FF480212046DEF708FC6722D2
:105DF0004FF480212046E2F753FA00901B9038467A
:105E0000FFF7CEFE074620B31998E8F794FBBB696D
:105E100009931B990A1808FB0232099201EBD1730E
:105E2000A2EB630209920244114401390B916369A8
:105E30000893E3690A9308AA05F1340104A8E9F775
:105E400067F848B9268594F82A3023F0080384F8C7
:105E50002A302BB0BDE8F08305F1340898E80F0034
:105E60008DE80F0004AB0FCB88E80F00384602F036
:105E70004DF8169007F114020CA92846E6F77FFFAB
:105E80009DE80F0088E80F00DCE730B589B00446D4
:105E9000EAF79CFA056B2046DFF730F804462A6BD8
:105EA000143200F1340104A8E9F732F878B304F1B0
:105EB000340C9CE80F008DE80F0008AB13E90F00CD
:105EC0008CE80F0095F8503013F0200F2DD0EA6CBD
:105ED0006B6C9A421DD0802321462846FFF707FFAE
:105EE0008023EA6C21462846FFF760FF04236A6C92
:105EF00021462846FFF7FBFE04236A6C214628460C
:105F0000FFF754FF34349DE80F0084E80F0009B018
:105F100030BD842321462846FFF7E9FE8423EA6C3E
:105F200021462846FFF742FFECE78023EA6C214632
:105F30002846FFF7DCFE8023EA6C21462846FFF75F
:105F400035FFDFE710B50C464FF480612046DDF7E2
:105F500067FA04212046DDF763FA4FF4003120464A
:105F6000DDF74BFD01212046DDF747FD204601F01E
:105F7000F7FE10BD10B501460348DDF7DFFD04460E
:105F8000DDF76CFE204610BDDC71040830B170B541
:105F90000C46054619B10023036402E0FEE7FEE764
:105FA0000133E25C2AB10A2AFAD12A6C01322A644E
:105FB000F6E72B6C01332B6400236B64AB64204643
:105FC000F7F796FB461CE86B20B195F8503013F0BC
:105FD000100F15D03046ECF7B3FBE863A8B12146AB
:105FE000F7F7B2FB95F8503023F0100385F85030E6
:105FF0002846DFF7DCFE286B08B1DFF7D8FE70BD5E
:10600000ECF7BAFB0023EB63E4E7FEE730B138B509
:106010000D46044619B10023036402E0FEE7FEE7E3
:106020000133EA5C2AB10A2AFAD1226C01322264D5
:10603000F6E7236C0133236400236364A36494F8BC
:10604000503013F0100F05D1E06B18B1ECF794FB52
:106050000023E36394F8503043F0100384F8503089
:10606000E5632046DFF7A3FE206B08B1DFF79FFE54
:1060700038BD000010B50C4600230B63CB63184AF3
:106080008A634B6391F8502042F0100281F850204F
:10609000D2B242F0200281F85020D2B242F0400247
:1060A00081F850204B648B644FF6FF72CA640B6416
:1060B00091F85030082262F3030381F850304FF416
:1060C00080612046DDF799FC06492046FFF79EFFD8
:1060D0002046E3F72AF9FFF7DFFD2063046310BDD4
:1060E00020D4030824D40308A0B110B50446436C9F
:1060F0008B420ED0036C8B4200D8591E6164A164A0
:10610000236B1BB100212046FFF752FD2046DFF72D
:106110004EFE10BDFEE7000010B1C06B08B1704725
:10612000FEE70148FBE700BF5CD0030808B1406C04
:106130007047FEE750B170B50E4615460446C06B79
:1061400028B1F7F7D5FA00210B4604E0FEE700235B
:106150000B7023E00133834221D2A26C8A4205D026
:10616000E26BD25C0A2AF5D10131F3E74FF0000C63
:1061700004E006F80CE00CF1010C013383420AD272
:10618000E26B12F803E0BEF10A0F04D0002DF0D04C
:106190006A1E6245EDD8002306F80C3070BD4FF042
:1061A000000CEBE72DE9F04FADF50F7D0546EAF762
:1061B0000DF904462846DEF7A1FE8046382200216C
:1061C0002046E2F76DF8054609901A220021204684
:1061D000E2F766F8099046191B2200212046E2F7F3
:1061E0005FF80990471900238A938B938C938D93C2
:1061F0006CAD2846E6F776FDCDF8C0812A464FF40F
:1062000000312046DEF7FBF9D4F83490B9F1000FE5
:1062100060D094F8503003F00F03012B62D00023BC
:106220000393812200212046E2F73AF80990C0B298
:1062300001285AD0A06B002800F08B80E6F736FAD0
:106240000546022854D009A9A06BE7F779FF012879
:1062500068D04FF0FF3BDA46A36906935B44013BED
:106260000893636905935344013B0793039B002BF9
:106270005DD0002300933346072205A904F11400E2
:10628000E9F734F8022D5CD009AD2846E6F7E8F9C5
:10629000CDF834802A464FF400312046DEF721FA4B
:1062A0000AEBDA710BEBDB7B4FEA6B0249101DA89E
:1062B000E9F77CF99C224FF400312046E1F7F0FF2A
:1062C00004901890A36B139305AA29464046E6F75D
:1062D00045FB40E00DF59879802249462046FFF7BE
:1062E00029FF96E7012303939BE701230393A1E78B
:1062F0007C9B8A937B9B8B936FF060438C939DF880
:106300001832C3F3C4038DF834320DF1240B8AAB79
:10631000799AA16B5846ECF733F8DDF824A0DDF844
:1063200028B099E7BDF828A0BDF82AB094E700236B
:1063300000937B42082205A904F11400E8F7D6FF78
:10634000A0E7A36B769305AA6CA94046E6F717FD74
:1063500001E04FF0FF3A2EAD2846E6F7C3FCCDF83A
:10636000C8802A4600212046DEF749F99DF82031F1
:10637000DA0842F0010262F3C7038DF820313E9B38
:106380008A936FF060438C933D9B8B938DF83422FE
:106390000DF1B00B8AAB3B9A49465846EBF7F0FF3C
:1063A0006369334428A90B60E369DB1B8B60A36935
:1063B0004B602D9A1344013BCB6004F1140500237C
:1063C000009309222846E8F791FFA36B33B31E22FE
:1063D00000212046E1F764FF09905044039B2BB352
:1063E0009DF81C3113B903228DF81C2128A90B68D4
:1063F00003440B60002300937B4208222846E8F701
:1064000075FFCDF8E090636B13B328AA2EA9404620
:10641000E6F7B5FC0DF50F7DBDE8F08F9DF81C315A
:10642000002BD4D102228DF81C21EAE79DF81C3103
:1064300013B901228DF81C2128A98B681B1A8B60C7
:1064400000230093334607222846E8F74FFFD8E79A
:106450009DF8213143F001038DF82131D5E7002863
:1064600075D02DE9F04184B004460421DCF768FFC3
:10647000256B2046E2F759FF01462846E3F748F925
:106480004FF0FF31206BE3F7B0F90121206BDCF70F
:10649000C7FF002226212046DEF79BFC2046FFF79F
:1064A0007FFB0646E16B01F0A0FC6FF04041206BE2
:1064B000DEF7DEFE3046E0F75FF8206BDEF7A3FF85
:1064C00005462046DEF79FFF854207DC94F85030F2
:1064D00003F00F03042B3BD0082B39D03046DEF7F6
:1064E00099FF054638220021206BE1F7D9FE80464E
:1064F000039018220021206BE1F7D2FE039000EBFD
:10650000080719220021206BE1F7CAFE03904044DE
:106510003D44054494F8503003F00F07082F20D075
:10652000042F3FD02B46AB4200DC1D462946206B92
:10653000DEF7B7FE00212046FFF73AFB7B1E072B54
:1065400051D8DFE803F0757D506D50505049FEE79B
:10655000256B2046DEF757FF01462846DEF788FE0A
:10656000BCE7236A03EB0508E4F756FBE4F77EFB80
:10657000804501DC2B46D6E7D4F81880E4F74CFBC5
:10658000E4F774FB236AC31A984503DDA369013B52
:106590000427C8E7E4F740FBE4F768FB226A831AA4
:1065A000013BC0E7D4F81880A8EB0503002B01DB02
:1065B0002B46B8E7E4F730FBE4F758FB236AC31A2D
:1065C000984501DBA369AEE7E4F726FBE4F74EFB51
:1065D000236AC31A0827A6E7002300930D22214649
:1065E000206BDFF7F3FF206BDFF7C6FF94F8503026
:1065F00003F00F03013BDBB2012B29D9E26B002131
:106600003046E2F70AF8022844D003283BD00023A2
:106610001A4601213046DEF7A9FE04B0BDE8F0813C
:10662000002300930A222146206BDFF7CFFFDAE731
:106630000023009310222146206BDFF7C7FFD2E72B
:106640000023009313222146206BDFF7BFFFCAE728
:10665000206BDEF7B9FE0746206BDEF7E2FE05464B
:10666000E4F7DAFAE4F702FBA842C7DCD4F830809A
:10667000E4F7D2FAE4F7FAFA2D1A791B0139404609
:10668000DEF7D1FDBAE700231A4603213046DEF7D4
:106690006DFEC2E700231A4602213046DEF766FE91
:1066A000BBE788B110B504460421DCF778FE4FF64D
:1066B000FF73E3640121206BDDF79FF9002227219E
:1066C0002046DEF786FB10BDFEE770B584B0046B94
:1066D000E7F746FF0546E7F749FF042821D028469B
:1066E000E7F744FF012804D02846E7F73FFF0328D7
:1066F00009D101A92846E7F748FF02992046FFF78C
:1067000084FA6064A0642046FFF7CBFF636BBBB1E3
:10671000636C039303AA23212046DEF75AFB04B0DF
:1067200070BD636CA3642046DCF7D0FE0646DCF740
:10673000D1F90028D3D000213046DCF7A9F9CEE703
:106740002046DFF734FBE3E770B50D460846E9F76E
:1067500041FE0446202805D029461C48DEF7AAFA47
:10676000012824D12846E9F731FE0646036B013C97
:106770001F2C1CD8DFE804F0191B1B1B1B1B1B1B49
:106780001B1B101C1B1B1B1B1B1B1B1B1B1B1B1B63
:106790001B1B1B1B1B1B1B22E7F7E2FEE7F71AFF65
:1067A00028B93046FFF791FF01E0FFF781FA70BD8D
:1067B0004FF6FF72DA64DFF7FAFAF8E72846FFF7D8
:1067C00064FB29460148DEF775FAF0E7B871040862
:1067D00040B108B50121006BDCF7AAFD80F0010093
:1067E000C0B208BDFEE730B583B00446E7F7B8FE97
:1067F0000546E7F7EFFE38B1A36C63642046DFF788
:10680000D6FA012003B030BD2046FFF7E1FF08B300
:106810002046FFF746FFA26C636C9A420BD0A3643C
:10682000019301AA23212046DEF7D3FA0128E9D1FA
:106830002046DFF7BCFA2846E7F798FE042801D087
:106840000120DFE72046DCF741FE0021DCF720F9DC
:106850000120D7E72046FFF702FE0120D2E7000023
:1068600070B582B00D469048DEF724FA012801D0B9
:1068700002B070BD2846E9F7ADFD04462846E9F7A9
:10688000A5FD0646A4F10B032A2BF1D801A252F86C
:1068900023F000BF7369020871680208716802087A
:1068A000716802087168020871680208A16902082B
:1068B0006D6A0208416902086D6902086D69020883
:1068C000716802087168020871680208716802083C
:1068D0007168020871680208716802089F6A0208FC
:1068E000716802087168020871680208716802081C
:1068F000716802087168020871680208716802080C
:1069000071680208716802087168020871680208FB
:1069100071680208716802087168020871680208EB
:1069200071680208716802087168020871680208DB
:106930007F6902087969020871680208856902089E
:10694000DCF7C4FDDCF7C6F80446E7F709FEE7F715
:106950000DFE04288CD11CB13046FFF780FD87E77F
:10696000B36C73643046FFF79CFE81E7FFF799FE36
:106970007EE7FFF738FF7BE7DFF73BF878E7DFF7E5
:1069800038F875E72846E9F729FD04464D2200212D
:106990003046E1F785FC0190E7F7CDFD606067E7E1
:1069A0002846DEF7BCFAA0F10A03112B3FF660AFD0
:1069B00001A252F823F000BF5B6A02087168020866
:1069C000716802087168020871680208716802083B
:1069D00071680208296A0208016A0208016A02084D
:1069E000296A020871680208716802087168020861
:1069F0007168020871680208716802084F6A02082B
:106A00003046FFF7E5FE58B1736C0133326C9342A8
:106A1000BFF42EAF736401213046FFF7C9F827E7B2
:106A20003046FFF71CFD23E73046FFF7D1FE50B19B
:106A3000736C002B3FF41CAF013B736401213046A3
:106A4000FFF7B6F814E73046FFF709FD10E7B36C1F
:106A500073643046FFF725FE0AE7E7F7DDFD86425F
:106A60003FF406AF3046FFF7BEFE01E7FFF7B0FE8A
:106A700018B93046FFF7F3FCFAE62846DEF75CFA71
:106A8000736CC218336C013B9342A8BF134623EAD0
:106A9000E373736401213046FFF78AF8E8E628467D
:106AA000FFF780FBE4E600BFDC71040891F85C307E
:106AB00003F00303013BDBB2012B00D9704710B593
:106AC0000C46086BEBF758FE0023236394F85C3008
:106AD00043F0030384F85C3010BD000038B50C4669
:106AE00000250D6391F85C3043F0030381F85C30BE
:106AF000DBB265F3860381F85C300846DEF783FC81
:106B000020642046DEF786FC6064A5644FF4807341
:106B1000E364236594F85C3043F0800384F85C30D0
:106B20002A46294604F13800E8F740FD0B490A4699
:106B300004F15400E8F73AFD94F85D30092262F35D
:106B4000030384F85D3002212046DCF769FC4FF432
:106B500080312046DCF751FF38BD00BF32000020F5
:106B600010B5044690F85C3003F00303013BDBB240
:106B7000012B12D90023236394F85C2042F0030216
:106B800084F85C2023646364D2B263F3860284F8E1
:106B90005C202046DEF72DFF10BD006BEBF7ECFD0F
:106BA000E8E7000010B501460348DCF7C7FF0446DC
:106BB000DDF754F8204610BD0072040868B138B5FE
:106BC0000C460546016C406DE8F754FE2060696C88
:106BD000A86DE8F74FFE606038BDFEE72DE9F0478D
:106BE0008AB004468A469146DFF7C6FC2046DEF7A7
:106BF0000AFC06462046DEF70DFC07460DF110089C
:106C000041462046FFF7DAFF06ADCDF80880B4F81C
:106C100050300193B4F84C300093A36C3A4631469F
:106C20002846E5F7C7FD6269511E069B0B44069393
:106C3000A369581E0799014407910132089911442C
:106C400008910133099A1A44099229462046DFF730
:106C50009BF8C4F84CA0C4F850902046E2F772FBB1
:106C600081460021E4F794FA2046DDF7A5FF0121D3
:106C70004846E4F78DFACDF80880B4F85030019317
:106C8000B4F84C300093A36C3A4631462846E5F7F9
:106C900091FD6269511E069B0B440693A369581E21
:106CA0000799014407910132089911440891013371
:106CB000099A1A44099229462046DFF765F80AB076
:106CC000BDE8F08760B12DE9F0438BB00C46054676
:106CD00090F85D3003F00F030A2B04D900240AE07A
:106CE000FEE7A4F56164B4F5616FFADA01E004F53A
:106CF0006164002CFBDBAB6CA34260D02846DFF75D
:106D00003BFC2846DEF77FFB07462846DEF782FB82
:106D100080460DF1100949462846FFF74FFF06AEA1
:106D2000CDF80890B5F850300193B5F84C30009389
:106D3000AB6C424639463046E5F73CFD6A69069B36
:106D400013440693AB6907991944079108990A44BB
:106D50000892099A1344099331462846DFF714F83C
:106D6000AC642846E2F7EEFA04460021E4F710FA94
:106D70002846DDF721FF01212046E4F709FACDF886
:106D80000890B5F850300193B5F84C300093AB6CD7
:106D9000424639463046E5F70DFD6A69069B1344C5
:106DA0000693AB6907991944079108990A44089218
:106DB000099A1344099331462846DEF7E5FF0BB0E4
:106DC000BDE8F083002800F081802DE9F0478AB00B
:106DD0000D461646044690F85D3003F00F030A2B6B
:106DE00001D900263546636DAB4202D1A36DB34293
:106DF00069D02046DFF7C0FB2046DEF704FB804663
:106E00002046DEF707FB81460DF1100A5146204669
:106E1000FFF7D4FE06AFCDF808A0B4F850300193C8
:106E2000B4F84C300093A36C4A4641463846E5F727
:106E3000C1FC6269069B13440693A3690799194430
:106E4000079108990A440892099A1344099339460C
:106E50002046DEF799FF3246294604F15400E8F750
:106E6000A5FB2046E2F76EFA05460021E4F790F90B
:106E70002046DDF7A1FE01212846E4F789F95146B5
:106E80002046FFF79BFECDF808A0B4F850300193E0
:106E9000B4F84C300093A36C4A4641463846E5F7B7
:106EA00089FC6269069B13440693A36907991944F8
:106EB000079108990A440892099A1344099339469C
:106EC0002046DEF761FF0AB0BDE8F087FEE738B57F
:106ED000044690F85D3003F00F030B3B032B00F2E8
:106EE0008480DFE803F00274264E0021FFF7EAFEFB
:106EF000002211462046FFF765FF236C002B74D05B
:106F0000636C002B71D02046DFF736FB2046DEF79E
:106F10007AFA0502236C95FBF3F52046DEF77AFA40
:106F20000002626C90FBF2F229462046FFF756FE03
:106F30005BE00021FFF7C6FE002211462046FFF766
:106F400041FF236C002B50D0636C002B4DD02046AA
:106F5000DFF712FB2046DEF756FA0102236C91FBA5
:106F6000F3F52046DEF756FA0302626C93FBF2F368
:106F700029469D42A8BF19460A462046FFF72EFE25
:106F800033E00021FFF79EFE002211462046FFF766
:106F900019FF236C4BB3636C3BB32046DFF7ECFA6D
:106FA0002046DEF730FA0102236C91FBF3F5204610
:106FB000DEF730FA0302626C93FBF2F329469D423E
:106FC000B8BF19460A462046FFF708FE0DE000212B
:106FD000FFF778FE002211462046FFF7F3FE4FF43C
:106FE000807211462046FFF7F9FD38BD002851D0C8
:106FF0002DE9F0418CB00D460446DEF7D8FE284658
:10700000E5F754FB0646032845D009A92846E7F7CB
:1070100097F8012843D1002E49D1BDF8263013F04E
:10702000100F03D06B6993B3AB6983B394F85C30F2
:1070300003F00303013BDBB2012B34D92563022E9D
:1070400051D094F85C3066F3010384F85C30BDF8ED
:1070500028302364BDF82A3063649DF8252094F815
:107060005C3062F3860384F85C302046DEF7C1FCB6
:107070002046FFF72CFFA36C1BB9E36CB3F5807FB0
:107080005FD02046DDF798FD2046DEF790FE0CB07D
:10709000BDE8F081FEE72046FFF762FDF7E72046F6
:1070A000FFF75EFDF3E7206BEBF766FBC6E7731EA9
:1070B000DBB2012BC5D8276BAF42C0D094F85C304F
:1070C00003F00303013BDBB2012B00D90027284664
:1070D000F6F74FFB30B12063002FB0D03846EBF706
:1070E0004BFBACE7FEE74D2200212046E1F7D8F844
:1070F000019005900DF11408002705970697079752
:107100000897662239462046E1F7CAF803900590B1
:10711000672239462046E1F7C3F8039006906FF0E6
:10712000604307938DF820704346019A294603A8CF
:10713000EBF726F9039BADF82830049BADF82A3015
:107140007FE7236DB3F5807F9BD19DE708B1C06CCD
:107150007047FEE72DE9F041AEB00646E9F73AF98F
:1071600004463046E9F732F905461A2C04D01D2CA6
:1071700079D02EB0BDE8F0813046E9F72FF904460A
:107180000378022BF5D095F85C3013F0020F02D093
:1071900001230370EDE795F85C00C0F38400E8F785
:1071A00091FC10B101232370E3E75022002128460F
:1071B000E1F776F80F90C0B2FF2802D001232370C8
:1071C000D7E7AB6C002B3DD1EB6CB3F5807F03D1DF
:1071D0002B6DB3F5807F38D00DF12C084146284641
:1071E000FFF7ECFC2846DEF70EF907462846DEF7E7
:1071F00011F90246EB6C296D0FAECDF8088089B20B
:1072000001919BB20093002339463046E5F7D2FA4C
:107210006A690F9B13440F93AB691099194410913D
:1072200011990A441192129A134412930022314682
:107230006068E8F7BEF998B16B6B002B99D0012319
:10724000237096E70123237093E7002205F11401D0
:107250006068E8F7AEF90028EED10123237088E7D3
:107260000123237085E7436C002B82D0036C002B35
:107270003FF47FAFC36C002B3FF47BAF036D002B5B
:107280003FF477AF036B002B3FF473AF3046DDF76D
:1072900035FE044695F85C3013F0020F27D003F05A
:1072A0000303022B7FF465AF0FAE3046E5F71AFDFE
:1072B0001394324600212846DDF7A1F92B6B199370
:1072C0002F6C05F114063046E7F773FF874200F094
:1072D000E68000231A4695F85D3003F00F03012B7A
:1072E00040F2E780002A00F0EB800021E2E00FAEE0
:1072F0003046E5F7B5F91394324600212846DDF70C
:10730000F0F907AE04F134030FCB86E80F0023A990
:107310002846FFF753FCEB6C1F932B6D2093AB6C4F
:107320001E9395F85C30DB099DF8992063F30412F5
:107330008DF8992095F85D301B09D2B263F30302F2
:107340008DF899206B6B2D932B6B19936969AA6942
:107350002B6C0B44686C104401380090013B29A849
:10736000E7F7A2FD782200212846E0F799FF0B906D
:107370001D9095F85D2002F00F02092A1AD995F8A0
:107380005D3003F00F03A3F10D02D2B2012A20D920
:107390000C2B53D00BAD29AB0FCB85E80F000BAAFC
:1073A0000FA92046E5F7DAFA343407AB0FCB84E8AF
:1073B0000F00DEE6AB6B29AEE96B0091314605F1BB
:1073C0001400E7F793FF0BAD96E80F0085E80F0078
:1073D000E5E72846FFF7BAFE07462846DEF713F82A
:1073E0002B6C07FB03F3002B24DBA0EB232606EB1F
:1073F000D676761005962846DEF70CF802466B6CBA
:1074000007FB03F3002B17DBA2EB232202EBD27264
:107410005210069229AF31463846E7F76CFDEA6B09
:10742000A96B3846E7F767FD0BAD97E80F0085E8D5
:107430000F00B4E7FF33D8E7FF33E5E704F1340684
:1074400005F1140231463046E7F762FD29AFEA6BD9
:10745000A96B3846E7F74FFD636B299A9B1A296C95
:107460004A1E9B1A93FBF1F3A26B2A98121A686CBE
:10747000451E521B92FBF0F200FB02F203FB01F1EE
:107480003846E7F738FD0BAD96E80F0085E80F00AA
:107490009DF8993043F020038DF899307FE76F6CA9
:1074A0003046E7F78BFE874201D0002312E7012325
:1074B00010E70021AA6B2AB9EA6B22B1012202E08F
:1074C0000121F7E7012202F0010201B90AB1092BFB
:1074D00005D932460FA92046E5F751FC49E61F9B26
:1074E0000B931E9B0C936FF060430D934FF00008BD
:1074F0008DF838800BAB1C9A199905A8EAF740FF64
:1075000007AF069B0093059B424641463846E7F786
:10751000CBFC95F85D20AB6BE96B009102F00F029C
:1075200039463046E7F7E2FE3E46D2E7F0B58BB08B
:107530000C460846E8F74EFF054621469048DDF721
:10754000B9FB012801D00BB0F0BD2046E8F73EFFA3
:10755000064608A9FFF732FB163D1F2DF3D801A3FD
:1075600053F825F0BB7602084775020847750208F4
:107570004775020877770208037602084775020804
:10758000777702084775020847750208777702087F
:1075900047750208477502084775020847750208D3
:1075A00047750208477502084775020847750208C3
:1075B00047750208477502084775020847750208B3
:1075C00047750208477502084775020847750208A3
:1075D0004775020881760208E575020847750208BA
:1075E0006777020896F85C3003F00303022B03D0A0
:1075F0003046DDF7E1FAA6E7316B3046FFF7F6FCDF
:10760000A1E72046E8F7EAFE0446B36C1BB9F36C29
:10761000B3F5807F2FD03046DDF7F5FE07463046C4
:10762000DDF7F8FE0546B36CF26C316D08A80290E8
:1076300089B2019192B200922A46394604A8E5F730
:10764000B9F8049B594223689942B8BF1946216092
:10765000059B5A428A42B8BF0A462260069BDB1B42
:107660009342B8BF13462360079A521B9A42B8BF91
:107670001A46226067E7336DB3F5807FCBD162E7AE
:1076800096F85D3003F00F030B2B04D00D2B02D0C6
:107690000E2B7FF458AF3046FFF719FCB36C1BB9C3
:1076A000F36CB3F5807F03D03046DDF785FA4AE707
:1076B000336DB3F5807FF7D145E72046E8F78EFEBE
:1076C0000446356C3046DDF79EFE85420BD004AD96
:1076D00029463046DFF73BFA002221682846E7F7C3
:1076E00072FD20712FE7756C3046DDF793FE854201
:1076F000EDD1F36CB3F5807F03D1336DB3F5807FAB
:107700002DD03046DDF77FFE07463046DDF782FE9E
:107710000246B36CF16CD6F850C004AD08A80290D4
:107720001FFA8CFCCDF804C089B200913946284676
:10773000E5F740F87269049B13440493B369059913
:107740001944059106990A440692079A134407932F
:10775000002221682846E7F736FD2071F3E6B36C76
:10776000002BB4D0CDE72046E8F738FE336C036039
:10777000736C4360E7E62046FFF7ECFCE3E600BFEE
:107780000072040838B5044690F8513013F0010F28
:1077900007D090F85020144B53F82210FBF7C6FC8A
:1077A00038BDC06B4000EAF7CBFF054694F8501097
:1077B000E26B52000C4B53F82110F5F7B7FE002393
:1077C00006E035F8132022F4806225F813200133F7
:1077D000E26B9A42F5D829462046FBF7A7FC2846DB
:1077E000EAF7CAFFDCE700BF0C00002010B5044632
:1077F00090F85020044B53F82210FBF75DFC204614
:10780000FFF7C0FF10BD00BF3400002038B50C46A4
:1078100004212046DBF704FE0025E56484F850507F
:1078200094F8513065F3000384F851302B462A4612
:1078300005212046DDF79AFD2B46232206492046E6
:10784000DDF7F5FA2A4629462046E1F71FFD2046D6
:10785000FFF7CCFF38BD00BF5D78020838B5E8F708
:10786000B5FD90B30446FBF7E9FC01464FF6FF7304
:10787000984236D02046FBF7E5FC054688B36D49B3
:10788000F5F76CFF10B36C492846F5F767FF48B36E
:107890006A492846F5F762FF80B369492846F5F73B
:1078A0005DFF20B167492846F5F758FF90BB0022DD
:1078B00027212046DDF78DFA012812D1E06C80B136
:1078C00000222721DDF785FA0BE0FEE7002384F88C
:1078D00050305D4B19682046FBF7EEFB2046FFF762
:1078E00051FF38BD012384F85030574B596820466A
:1078F000FBF7E2FB2046FFF745FFF2E7022384F89F
:107900005030514B99682046FBF7D6FB2046FFF7D5
:1079100039FFE6E74D492846F5F720FFD8B1E36C7B
:10792000002BDED04A492846F5F718FF20B1494917
:107930002846F5F713FFE8B90A21E06C07F07CFB55
:10794000E06C07F0ACFA0028CBD000222621E06CD6
:10795000DDF73FFAC5E7002226212046DDF739FA98
:107960000128BED1E06C0028BBD000222621DDF723
:1079700030FAB6E738492846F5F7F0FE18B9E06C5A
:1079800007F09DFCADE735492846F5F7E7FE18B945
:10799000E06C07F089FCA4E731492846F5F7DEFEE4
:1079A00018B9E06C07F0B4FB9BE72E492846F5F7C1
:1079B000D5FE002838D1E06C06F0F8FE0546E06CF4
:1079C00006F0B7FE03782D2B0ED02B2B1CD00021F8
:1079D000E06C07F05DF82D21E06C07F02DFB691CD1
:1079E000E06C07F055F87CE70121E06C07F050F8F7
:1079F000E06C07F08DFB2B21E06C07F01DFB2946A6
:107A0000E06C07F045F86CE70121E06C07F040F806
:107A1000E06C07F07DFB2D21E06C07F00DFB2946A3
:107A2000E06C07F035F85CE72946E06C07F064FA93
:107A300057E700BF6CD4030870D4030874D403085C
:107A400078D403087CD403083400002024D0030831
:107A500080D4030888D40308ACD00308B0D003084E
:107A60008CD4030890D40308022A02D0032A0FD032
:107A70007047436B002B08DD4B6C43640B6C036455
:107A80000B6903618B6B836370474B6B4363F3E755
:107A9000436B002B06DD4B6C43640B6C03640B697A
:107AA000036170474B6B4363F5E7836BB3F1FF3FB3
:107AB00004D090F8603013F0100F14D04FF0FF3363
:107AC00083637047C21892F8341031B1826B1A4444
:107AD000046BA1540133032BF4DD4FF0FF338363B8
:107AE0005DF8044B70470023032BE7DCC21892F8C3
:107AF00034100029E2D010B4E8E708B5C165DEF71C
:107B000056F908BD08B58165DEF751F908BD0000DA
:107B1000036BFBB110B5044690F8603043F080036E
:107B200080F86030DEF743F92046DDF762FF94F815
:107B3000613013F0010F00D010BD43F0010384F851
:107B400061302046E1F7FEFB234642220249E3F77B
:107B5000B2F9F1E7704700BF5987020808B5F5F799
:107B6000C7FD013008BD30B583B0044690F86030E1
:107B700013F0200500D0082513F0400F01D045F088
:107B80000105012200212046E0F78AFB01906FF0F9
:107B90004043984202D0284603B030BD092200215C
:107BA0002046E0F77DFB01906FF060439842F2D1F0
:107BB00094F82B3013F0080FEDD145F00205EAE7F9
:107BC00038B5836BB3F1FF3F00D0FEE704460D46A6
:107BD000B1F1FF3F05D0816390F8603013F0100FD2
:107BE00000D038BD016B042229443430F5F792FDF2
:107BF000002302E02E2088540133022B04DC216B89
:107C00005A19885C0028F5D1226B2B440021D154ED
:107C1000E7E730B585B004460D465C22E0F740FB4F
:107C20000246029029462046E0F7C9FB0190ADF8D4
:107C30000C00030C8DF80E3000209DF80C3063F31F
:107C400007009DF80D3063F30F209DF80E3063F3AD
:107C5000174005B030BD000010B50C4691F86030FB
:107C600013F0100F09D0002323632046E1F76AFBCD
:107C700022460449E3F744FA10BD086BEAF77CFD9D
:107C8000F1E700BF5987020808B5006BF5F75CFD06
:107C900008BD70B504460E4611B32046FFF705FF38
:107CA0003046FFF75BFF0546206BB0421AD020B18B
:107CB00094F8603013F0100F20D02846EAF740FD0A
:107CC000206300B331462046FFF7DEFF94F86030B2
:107CD00023F0100384F860302046FFF719FF70BDD1
:107CE000066BDAE794F8603013F0100FDFD1294605
:107CF000EAF74CFD20630028EED1FEE7EAF73CFDF1
:107D000000232363D9E7FEE738B504468C461046C6
:107D10001946BCF1020F03D0BCF1030F13D038BDDC
:107D2000069B049AEAF7E7FA05460598E7F741FA51
:107D300000EBD07005EBD5756D10C5EB60052368C1
:107D40002B442360EBE7069B049AEAF7D4FA054636
:107D50000598E7F72EFA401B236803442360DEE70B
:107D600010B501460348DBF7E9FE0446DBF776FF72
:107D7000204610BDC075040818B108B5FFF789FF8B
:107D800008BDFEE7E0B170B50C4616460546C1B128
:107D9000FFF78BFE286B20B195F8603013F0100FC1
:107DA00010D031462046EAF77AFA286395F8603019
:107DB00023F0100385F860302846FFF7A9FE70BD58
:107DC000FEE7FEE7EAF7D8FC00232B63E9E70EB4F1
:107DD00000B582B003AA52F8041B0192FFF7D2FF4C
:107DE00002B05DF804EB03B07047C8B138B50D467A
:107DF000044690F8603013F0100F05D1006B18B1F5
:107E0000EAF7BAFC0023236335B194F8603043F0FD
:107E1000100384F8603025632046FFF779FE38BDF3
:107E2000FEE7000018B338B50D4604461449E6F7DE
:107E300003FE14492046E6F7FFFD0022114604F137
:107E40005800E7F7B3FBAB1EDBB2022B10D894F857
:107E5000603043F0400384F8603094F8603065F39C
:107E6000030384F860302046FFF752FE38BDFEE77A
:107E700094F8603023F0400384F86030EDE700BFF1
:107E8000057B0208FB7A020870B50C4600250D63DD
:107E900091F8603065F3451381F86030DBB265F32B
:107EA000041381F860304FF0FF368E63DBB265F368
:107EB000030381F860302A46294604F15800E7F7A9
:107EC00075FBE663656425644FF6FF73A364E364A2
:107ED00002212046DBF7A4FA29462046FFF7A2FF3D
:107EE00002492046FFF748FF70BD00BFE0D50308F8
:107EF00020B108B58164DDF75AFF08BDFEE720B167
:107F000008B5C164DDF753FF08BDFEE708B1006B9B
:107F10007047FEE72DE9F04F93B0059104920028D9
:107F200047D08146049B002B44D0FFF7EFFF064665
:107F3000024600214846E0F770FB06903378002B9C
:107F400039D05E4B1B680599304698478346002719
:107F50000E970F97109711974846FFF704FE8DF87C
:107F60004400672239464846E0F79AF908900F9096
:107F7000662239464846E0F793F908900E904D2264
:107F800039464846E0F78CF982460890E6F7D3FA7E
:107F900080460AAC21464846DDF775FA2046E7F7E9
:107FA0000DF907902046E7F704F910903D46079C2D
:107FB00031E0FEE7FEE7049A536002280CD0032864
:107FC00004D0012811D10023136066E04846DDF794
:107FD00034FA049B186060E04846DDF72EFA00EBA7
:107FE000D0704010049B186057E00023049A13607F
:107FF00053E00EAB0093002352464FF0FF31EAF7F7
:1080000069F8284483454BD3335C002B4AD00F9B3F
:1080100043441F4405467019735D9BB107EB080389
:108020000F9A13444344A342E3DD99F8603003F010
:108030000F03012BDDD19DF8443043F004038DF88C
:108040004430D6E72C46BBF1000F07D006EB0B03FC
:1080500013F8013C0A2B27D00D2B25D02E440EAB54
:108060005246ABEB05013046EAF745F90990059B0E
:108070009D4202D00E9B184409900EAB02930AABAE
:108080000193CDF800A0631B3246069909A8FFF7BB
:108090003BFE099B049A1360576013B0BDE8F08F54
:1080A0000446D0E70446CEE716F80B30002BD5D1B6
:1080B0000F9B43441F445D46D0E700BFB46F0408E4
:1080C000002854D02DE9F04F99B00C468346002982
:1080D0004ED00D681A220021E0F7E2F80A90A5EBD5
:1080E000000ACDF858A06468182200215846E0F72D
:1080F000D7F80A90271A179712AD29465846DDF788
:10810000C2F95846FFF702FF80462846E7F756F8BF
:1081100006904D2200215846E0F7C2F805900A90DB
:10812000E6F709FA064600240E940F941094119471
:10813000662221465846E0F7B3F80A900E9067226F
:1081400021465846E0F7ACF80A900F905846FFF7E2
:108150000AFD8DF844002846E7F72BF81090A14659
:10816000CDF81CA0069DCDF818B0BB4611E0FEE787
:10817000FEE70EAB00930023059A4FF0FF3138461F
:10818000E9F7A8FF2044D3451DDD0F9B33449944F4
:10819000044608EB040718F8043033B309EB060A69
:1081A0000F9B53443344AB42E3DD069B93F86030AE
:1081B00003F00F03012BDCD19DF8443043F004039E
:1081C0008DF84430D5E7DDF81CA00546DDF818B081
:1081D0000A90344B1B680AA9404698470A2809D0E0
:1081E00018F8053033B9013504E0DDF81CA0DDF8DE
:1081F00018B0254600260D96DBF83020314658464B
:10820000E0F70BFA01460EAB029312AB0193059B0C
:1082100000932B1B3A460DA8FFF776FD8DF83360CF
:108220000B96002D3CD1204B1E680B993846B04769
:10823000054621464046B047284419B0BDE8F08FB6
:108240000A9A09990598E6F761F90D9B1844824549
:1082500024DB0B9B1A19AA4220D0A21918F802207D
:10826000E2B10D900E9A10440D901E460B9B2344D4
:10827000AB42D8D20BAB0AAA09A93846EAF729F8CB
:108280009DF8443013F0080FDAD00B9BF95C0DF128
:108290003300E9F743FE0028D2D0E7E70B96C2E7A8
:1082A0000026E3E7B86F0408B06F0408036B002BE7
:1082B00000F046822DE9F047A4B004464FF0FF33AA
:1082C000C3631CAF00251C951D951E951F950DF1D0
:1082D00080084146DDF7D7F84D2229462046DFF7D2
:1082E000DFFF06460290672229462046DFF7D8FFC7
:1082F00002901D90662229462046DFF7D1FF0290AA
:108300001C902046FFF72FFC8DF87C004046E6F7D6
:1083100050FF1E902046FFF7C8FB1AAD3B46324681
:10832000216B2846EAF72CF804F1640395E8030072
:1083300083E8030094F8603003F00F03022B0BD0A6
:10834000032B00F0F280012B00F094812046DDF732
:108350002EFD24B0BDE8F087742200212046DFF70F
:108360009FFF07460290752200212046DFF798FF05
:108370000290804600286AD002AD2846E6F742FB0C
:1083800021462846E6F7E6FB4FF0FF312846E6F7A0
:10839000FCFB4FF496712846E6F7F5FB109928464A
:1083A000E6F7F5FB1A9D20A8E6F703FF85425FDD9F
:1083B00020A8E6F7FEFE1A9BC51A0DF1080A2A4608
:1083C00000215046E6F7CFFBDFF878934946504648
:1083D000E6F7C2FB49462046E6F756FB00283FD0A9
:1083E000D0F834A090F85C90C9F340092A460021E7
:1083F0004046E6F7E2FB0546824500DC55460F9510
:10840000B9F1000F09D09DF8643043F002038DF8F4
:1084100064300B9B0D9A0B920D930DF108094146A8
:108420004846E6F79BFB41464846E6F7AAFB3FB1C4
:1084300094F8602002F00F0239464846FFF714FB1B
:1084400002A8E6F7BBFC002D0EDB012516E042F288
:1084500010724FF496712820E6F730FB80468BE7C8
:108460004FF00009CA46C1E70023A365012505E0D6
:10847000B4492046E6F7E0FA0025A565DDF86C90E2
:1084800020A8E6F79BFE814500DD35B1AE492046C8
:10849000E6F7D2FA0023E36558E720A8E6F78EFE58
:1084A0001B9BA0EB03093046E6F745F80DF1080ADF
:1084B000A9EB000200215046E6F755FBA24E3146DB
:1084C0005046E6F749FB31462046E6F7DDFA50B361
:1084D000426B90F85C50C5F340050E9B934200DB65
:1084E00013460F934DB19DF8643043F002038DF8AD
:1084F00064300B9B0D9A0B920D9302AD41462846BA
:10850000E6F72CFB41462846E6F73BFB3FB194F8E3
:10851000602002F00F0239462846FFF7A5FA02A8AC
:10852000E6F74CFC12E70022D7E774220021204630
:10853000DFF7B6FE05460290752200212046DFF7E0
:10854000AFFE02908046002854D002AF3846E6F7CE
:1085500059FA21463846E6F7FDFA4FF0FF31384622
:10856000E6F713FB1A9F20A8E6F723FE87424CDDAF
:10857000202211463046E5F7C9FFA0EB800002AF8C
:108580001A9A821A00213846E6F7EDFADFF8B4911C
:1085900049463846E6F7E0FA41463846E6F7DEFA5D
:1085A00049462046E6F770FA68B3476B0D9A0B9977
:1085B0004046E6F702FB874200DA0F973DB194F898
:1085C000602002F00F02294602A8FFF74DFA02A828
:1085D000E6F7F4FB0127DDF86C9020A8E6F7EEFD46
:1085E000814500DDC7B158492046E6F725FA00234A
:1085F000E365ABE642F210724FF496712820E6F77D
:108600005DFA8046A1E70027D0E74E492046E6F70D
:1086100013FA0027A765DEE71B9F7F423046E5F788
:108620008AFF02AE3A1A00213046E6F79CFA464F1E
:1086300039463046E6F790FA41463046E6F78EFA7C
:1086400039462046E6F720FA68B1436B6DB194F8DD
:10865000602002F00F02294602A8FFF705FA02A8DF
:10866000E6F7ACFB72E60023F0E70E9A9A42F6DDDD
:108670000F93F4E71B9D20A8E6F7A0FD85427FF746
:1086800065AE1B9D3046E5F756FF85427FF75EAE2F
:108690002E4B1B68206B984703287FF657AE20AF00
:1086A0003846E6F786FD05462E2211463046E5F7A8
:1086B0002DFF1C9B0344A3EB83031D440295384606
:1086C000E6F77CFD054603903046E5F734FF1D9B39
:1086D000034495FBF3F203FB12553046E5F72BFFFD
:1086E000A84216DD039B5B1B03931D9A9B1A039301
:1086F000002202A92046FFF7E3FC0646206BF4F7B0
:10870000F7FF0546124B1B683146206B98470190D6
:108710000EE0039B5B1B03933046E5F70CFF039BC6
:1087200003440393E4E70B4B1B6801A9206B9847B4
:108730000199CB1CAB42F6D82046FFF741FA05E67B
:10874000704700BF057B0208FB7A0208AC6F040883
:10875000B46F0408B86F040810B5E7F741FE04468B
:10876000E0F7F0FD22460949E2F7CAFC94F86130CF
:1087700013F0010F00D110BD94F8613023F0010314
:1087800084F861302046FFF791FDF4E7598702082D
:108790002DE9F04F93B0039000283AD08A46002983
:1087A00038D00EAD2946DDF80C804046DCF76BFE74
:1087B00000240A940B940C940D944046FFF7A6FBFA
:1087C00007464D2221464046DFF76AFD029005909C
:1087D000E5F7B1FE06462846E6F7F0FC8146284656
:1087E000E6F7E7FC0C90672221464046DFF758FD8C
:1087F00005900B90662221464046DFF751FD05901B
:108800000A904046FFF7AFF98DF83400A0464D4678
:1088100013E0FEE7FEE70AAB00930023029A4FF055
:10882000FF315846E9F756FC2044DAF80430994500
:1088300044DA0B9B33449844044607EB040B3B5D3E
:10884000A3B108EB06090B9B4B443344AB42E2DD7A
:10885000039B93F8603003F00F03012BDBD19DF8ED
:10886000343043F004038DF83430D4E72546039BBD
:108870001A6B00211846DFF7D0FE022820D003280B
:1088800030D0002600238DF82730089407930693F4
:10889000002D5CD19846069A07990298E5F736FEB6
:1088A0000A9A83180133DAF80010A8EB0202914209
:1088B00050DB9844414551DD00204CE00546D6E7A9
:1088C0000AAB029A291B5846E9F715FD06460EA881
:1088D000E6F76FFC00EBD07006EBD6767610C6EBB1
:1088E0006006CFE70AAB029A291B5846E9F703FD59
:1088F00006460EA8E6F75DFC861BC3E7069A0799B5
:108900000298E5F703FE3044DAF8003083421BDBBF
:10891000089CB0460A9E06446B1E089A9342BAD33E
:1089200008AB06AA07A93846E9F7D3FC9DF834300E
:1089300013F0080FE2D0089BF95C0DF12700E9F76E
:10894000EDFA0028DAD0E7E70894B046A3E74FF045
:108950000008E1E7002013B0BDE8F08F0120FAE73E
:1089600008B1806C7047FEE708B1C06C7047FEE745
:10897000F0B5B3B00546E7F729FD04462846DCF715
:10898000BDFA05462AA92046DCF77DFD2046FFF703
:10899000EAF806460CA8E4F7A5F9236B169394F8B9
:1089A0006030C3F300139DF8992063F341028DF802
:1089B0009920A36D1D93E36D1E9317AB04F1640220
:1089C00092E8030083E8030094F8603003F00F039B
:1089D000032B6FD19DF8983066F3C7038DF898305C
:1089E00010950CAA00212046DBF709FE9DF8943073
:1089F00013B901238DF894302046FFF7B1FF0646E6
:108A000020902046FFF7B0FF21904FF6FF739E4263
:108A100001D0984258D16D2200212046DFF740FC5A
:108A20000090ADF8C400030C8DF8C630319BADF852
:108A3000C0301B0C8DF8C230309BADF8A0301B0C41
:108A40008DF8A2306C2200212046DFF729FC00902F
:108A50008DF897006B2200212046DFF721FC009063
:108A6000299094F8603003F00E03022B55D005F1E5
:108A700034022AA908A8E6F74BFA002800F09780EC
:108A800094F8603013F00F0F5DD094F8603003F06D
:108A90000E02022A62D003F00F03042B5ED09DF871
:108AA0004B30002B00F085802AAA0CA92846E4F759
:108AB00066F966E02AA8E6F781FBB0F5806F89DBEE
:108AC00004F13C03279385E74FF480212046FFF70C
:108AD000A0F88DF88800C0F307238DF88930C0F323
:108AE00007408DF88A0049224FF480212046DFF7A5
:108AF000D7FB0090ADF8BC00030C8DF8BE302F9B67
:108B0000ADF8B8301B0C8DF8BA30BDF8B820DBB228
:108B1000ADF88B208DF88D307DE79DF89430023BC9
:108B2000DBB2012BA3D804F1640292E80300CDE983
:108B3000000106462AA8E6F73CFB864297DD0123A2
:108B40008DF8943093E72046DEF711F94242002178
:108B50002AA8E6F7D0F9236A2D9396E705F13406A3
:108B600096E80F008DE80F0008AB0FCB86E80F00EA
:108B70002AAA0CA92846E4F702F99DE80F0086E826
:108B80000F0004AE05F1340C9CE80F0086E80F00DE
:108B900008AB0FCB8CE80F0094F8603003F00F03A4
:108BA000032B18D0343504AB0FCB85E80F0033B05E
:108BB000F0BD05F1340696E80F008DE80F000B9B21
:108BC0002B642AAA0CA92846E4F7D9F89DE80F00DF
:108BD00086E80F00D5E704F1640292E80300CDE9CE
:108BE000000106462AA8E6F7E4FA864214DC019E54
:108BF0002AA8E6F7E3FA8642D4DDA36D1D93E36D60
:108C00001E441998E5F797FC06441E962AAA0CA95B
:108C10002846E4F7B4F8C5E7A36D1E4420221146A8
:108C20001998E5F773FC00EB400006441D96E36DD0
:108C30001E932AAA0CA92846E4F7A1F8D7E700005A
:108C40002DE9F04F89B00C467B48DCF733F801285A
:108C500002D009B0BDE8F08F2046E7F7BBFB06461F
:108C60002046E7F7B3FB0546A6F11B001A28F0D80B
:108C700001A353F820F000BFED8C0208538C0208CA
:108C8000318E0208538C0208538C0208538C020860
:108C9000538C0208538C0208538C0208538C020830
:108CA000538C0208538C0208538C0208538C020820
:108CB000538C0208538C0208538C0208538C020810
:108CC000538C0208538C0208538C0208538C020800
:108CD000538C0208E58C0208E58C0208538C0208CC
:108CE0000F8D02082846FEF713FFB2E74D22002140
:108CF0002846DFF7D5FA0490E5F71DFC011E04DBDA
:108D000089102046DCF725F9A3E70331F8E795F948
:108D10006030002B0FDB2046E7F760FB2B6D02680D
:108D20009342B8BF134603606B6D42689342B8BF6D
:108D3000134643608DE74D2200212846DFF7B0FA45
:108D400080460490662200212846DFF7A9FA814672
:108D50000490672200212846DFF7A2FA8346049098
:108D600095F8603013F0200A01D04FF0080A13F094
:108D7000400F01D04AF0010A012200212846DFF706
:108D80008FFA04906FF04043984204D195F82B304D
:108D900013F0080F39D02846DCF74FFB06460922AE
:108DA00000212846DFF77CFA0490864230DAAB6B6C
:108DB00001932846FEF779FE04AB002704975F6015
:108DC0009F60DF60CDF81090CDF814B08DF81CA036
:108DD00006964246296B05F15000E9F7D1FA019950
:108DE0002846FEF7EDFE6E6D0B2239462846DFF76A
:108DF00057FA0390864213DA6B6D6B6595F8603015
:108E000023F0800385F8603085E76FF06046C6E7A1
:108E1000092200212846DFF743FA06460490C6E7F8
:108E20000B2200212846DFF73BFA03460390E4E7D4
:108E30002046FFF79DFD0CE7C075040820B190F8AF
:108E40006000C0F340107047FEE7000050B1F8B575
:108E50000E461446054632B190F8603013F0100FFC
:108E600002D0F8BDFEE7FEE7006BF4F741FC0746D1
:108E70002046F4F73DFC39180131286BE9F786FCF0
:108E8000286368B14FF6FF739E420AD022463146EE
:108E9000286BE9F7C5F900212846FEF76DFFE0E7EA
:108EA000FEE7024B1B6898470646EFE7AC6F0408E5
:108EB00070B5B4B00C460846E7F78CFA0546A0F149
:108EC0001D03012B05D92146E148DBF7F3FE0128FC
:108ED00005D12046E7F77AFA06461D2D01D034B0B9
:108EE00070BD2046DCF70AF804466846E4F7EAFC61
:108EF00004946A4600213046DBF72DF9E6F7FCFEC4
:108F00008DF8A000C0F307238DF8A130C0F307400F
:108F10008DF8A200BDF83E309DF8400043EA0040C5
:108F2000E7F7A4F802462899306BE6F7BEFF8DF804
:108F30003E00C0F307238DF83F30C0F307408DF8A3
:108F40004000E6F7D9FE8DF8A400C0F307238DF8A2
:108F5000A530C0F307408DF8A6001198E7F786F812
:108F600002462999306BE6F7A0FF8DF84400C0F364
:108F700007238DF84530C0F307408DF84600E6F72B
:108F8000BBFE8DF8A800C0F307238DF8A930C0F30D
:108F900007408DF8AA009DF849309DF84A2043EA21
:108FA00002239DF84B0043EA0040E7F75FF80246D2
:108FB0002A99306BE6F779FF8DF84900C0F3072353
:108FC0008DF84A30C0F307408DF84B00E6F794FE69
:108FD0008DF8AC00C0F307238DF8AD30C0F3074027
:108FE0008DF8AE002398E7F741F802462B99306BD5
:108FF000E6F75BFF8DF88C00C0F307238DF88D300A
:10900000C0F307408DF88E00E6F776FE8DF8B000CD
:10901000C0F307238DF8B130C0F307408DF8B200DC
:109020001E98E7F723F802462C99306BE6F73DFFD0
:109030008DF87800C0F307238DF87930C0F307402E
:109040008DF87A00E6F758FE8DF8B400C0F30723D8
:109050008DF8B530C0F307408DF8B6009DF881302B
:109060009DF8822043EA02239DF8830043EA0040F2
:10907000E6F7FCFF02462D99306BE6F716FF8DF8F8
:109080008100C0F307238DF88230C0F307408DF8CC
:109090008300E6F731FE8DF8B800C0F307238DF8A2
:1090A000B930C0F307408DF8BA00BDF83E309DF8E6
:1090B000400096F833202E9943EA0040E6F7F5FE8B
:1090C0008DF83E00C0F307238DF83F30C0F3074012
:1090D0008DF84000E6F710FE8DF8BC00C0F30723C2
:1090E0008DF8BD30C0F307408DF8BE0096F83320F0
:1090F0002F991198E6F7D9FE8DF84400C0F30723A5
:109100008DF84530C0F307408DF84600E6F7F4FDD2
:109110008DF8C000C0F307238DF8C130C0F30740BD
:109120008DF8C2009DF849309DF84A2043EA022399
:109130009DF84B0096F83320309943EA0040E6F75B
:10914000B4FE8DF84900C0F307238DF84A30C0F310
:1091500007408DF84B00E6F7CFFD8DF8C400C0F353
:1091600007238DF8C530C0F307408DF8C60096F888
:10917000332031991E98E6F798FE8DF87800C0F3F9
:1091800007238DF87930C0F307408DF87A00E6F7B1
:10919000B3FD8DF8C800C0F307238DF8C930C0F3C4
:1091A00007408DF8CA0096F8332032992398E6F7E5
:1091B0007CFE8DF88C00C0F307238DF88D30C0F352
:1091C00007408DF88E00E6F797FD8DF8CC00C0F3D0
:1091D00007238DF8CD30C0F307408DF8CE009DF801
:1091E00081309DF8822043EA02239DF8830096F89F
:1091F0003320339943EA0040E6F757FE8DF88100AB
:10920000C0F307238DF88230C0F307408DF8830048
:1092100096F83330503B249A02FB03F30D4A82FB4D
:109220000301DB17C3EBA113249396F83330503BB3
:10923000279901FB03F382FB0312DB17C3EBA21395
:10924000279306F1140269462046E4F7C6FB46E67A
:10925000E475040891739F5D10B50C460846E9F764
:10926000F0FA84F83000C0F3072384F83130C0F3FB
:10927000074084F83200FF2384F8333010BD00002B
:1092800000F0C043B3F1005F1BD120F0C0436FF08A
:109290006042934215DAB3F1805F05DBC3F17F636F
:1092A00003F57F2303F6FF7301FB03F3054A82FBFB
:1092B0000302DB17C3EB62139942A8BF194621EAE8
:1092C000E17070471F85EB512DE9F04F9DB00D46C1
:1092D0006648DBF7EFFC012802D01DB0BDE8F08F37
:1092E0002846E7F777F806462846E7F76FF804467A
:1092F0001B2E2AD0352E36D01D2EEED12846DBF778
:10930000FDFD06460190636B012BE6D9236B002B14
:10931000E3D003A92046DCF736F8039D2046DDF7AD
:1093200018FDA5EB000B049D2046DDF719FDA5EB0C
:10933000000A07AD2846E4F76FF90B962A4600218C
:109340002046DBF757FA002755E04B220021DEF7D5
:10935000A7FF044607902846E7F740F80368A342B2
:10936000BBDA0460B9E7436B002BB6D0036B002B6C
:10937000B3D02846E7F732F800231E461F460AE01E
:1093800022F0C04C6FF06045AC4514DB10E0964213
:10939000B8BF16460133626B9A4219D9226B02EBB1
:1093A000C30152F8332002F0C045B5F1005FE7D0A9
:1093B0009742B8BF17464A6802F0C041B1F1005F5A
:1093C000E5D122F0C0456FF060418D42E2DBDEE77F
:1093D0000760466081E7AE1B564412962D1A55442D
:1093E000149507A90198E4F731F99DF86D3023F041
:1093F00001038DF86D30636B013BBB427FF66DAFAF
:109400002046DCF700F880462046DCF703F80546E6
:10941000D4F8309009EBC706CDF80080414659F8E2
:109420003700FFF72DFF5844119029467068FFF769
:1094300027FF0646129001374FEAC708009959F8EE
:109440003700FFF71DFF58441390236B4344294610
:109450005868FFF715FF149094F8383013F0010F97
:10946000B9D15644129650441490BAE708760408CD
:1094700008B5084600234B630B6391F8382063F36B
:10948000000281F83820D2B263F3410281F838201B
:109490000221D9F7C5FF08BD78B110B504460163B4
:1094A000426390F8382063F3410280F83820DCF7FB
:1094B000A0FA2046DCF77BFC10BDFEE708B50123CF
:1094C000FFF7EAFF08BD08B1406B7047FEE720B127
:1094D00090F83800C0F340007047FEE730B190F8D4
:1094E000382012F0020F02D0006B7047FEE7002018
:1094F000704708B501F16000E7F725FB08BD10B51E
:109500000C4601212046F1F70BFF02212046D9F736
:1095100087FF10BD10B50C4600212046F1F700FF73
:1095200002231A4600212046F1F705FF02212046BA
:10953000D9F776FF10BD0000F8B50C460121204692
:10954000DBF708FF00212046F1F7EAFE94F86E30C1
:1095500023F00E0384F86E30DBB223F0300384F87E
:109560006E30002584F86C5084F86D50DBB265F3E2
:10957000000384F86E30042104F16000E7F7B0F9CD
:109580002046D9F7C7FE20630121DAF736FAA56431
:1095900025656565A565E56421463448DAF7CEFAA8
:1095A0000646DAF75BFB324F39463046DBF779FE89
:1095B00001213046F1F7D6FE01213046F1F7B0FE29
:1095C0004FF480413046DAF718FA02213046D9F7D5
:1095D00027FF666331462748DAF7B0FA0646DAF71E
:1095E0003DFB6FF0404239463046DBF773FE2946BB
:1095F0003046F1F795FE02231A4629463046F1F728
:109600009AFE02213046D9F70BFF4FF480413046D5
:10961000DAF7F3F9E6633046F9F77CF806462346B5
:109620000A221549DBF703FC4FF480413046DAF794
:10963000E4F929463046F1F773FE26643046FDF71B
:10964000B1FA0E49FDF7D2FCE06BFEF789FB064646
:109650000121DAF7D2F96664A563E5652346232282
:1096600007492046DBF7E3FBF8BD00BFE0760408BE
:1096700064000020BC760408FD980208ACD0030802
:109680006197020810B50C4691F834301BB9086B8D
:1096900008B1E9F771F80023236384F8343010BD72
:1096A00010B50C460846DFF73CFE016B2046E0F79C
:1096B0002FF801212046F1F733FE02231A4600213C
:1096C0002046F1F738FE4FF480412046DAF795F94D
:1096D00010BD38B310B50446C06B10B3A36B03B311
:1096E00094F86E30C3F34203012B1CD0022B22D01E
:1096F00033B90021E0F779F80121A06BF1F732FED0
:10970000E06BDCF77BFBA06BDCF778FBE06BDCF756
:1097100033FFE06BDBF7A4FEA8B90121E06BDAF7B9
:109720006CF910BDFEE70021E0F75FF80021A06BA7
:10973000F1F718FEE4E70121E0F757F80121A06BEB
:10974000F1F710FEDCE70121E06BD9F769FEE8E7ED
:1097500008B1806B7047FEE708B1C06C7047FEE748
:1097600010B5E6F73DFE0446FFF7F2FF50B10346A1
:10977000606C38B1196BA9B1FEF7FEFA0121606C7B
:10978000D9F74EFE2046FFF7E7FF034648B1A06D2C
:1097900038B1196B51B1FEF7EFFA0121A06DD9F77D
:1097A0003FFE10BD0121DAF728F9EBE70121DAF7D6
:1097B00024F9F6E738B1426D8A420BD0026C8A4236
:1097C00002D000207047FEE790F86D30012B03D9DE
:1097D00000207047012070470120704740B110B54C
:1097E00004466030E7F7AFF9002384F86C3010BD11
:1097F000FEE700284AD038B50D460446806B10B10C
:10980000216BDFF785FF002D42D004F16000E7F700
:109810006FF800283BD0056094F86C30013384F871
:109820006C30616B2846DFF773FFA563E06D20B1F4
:10983000E36C8BB30421D9F783FDE36C002B41D09B
:1098400094F86E3013F0010F0BD003F03003102B9F
:1098500026D00121606DDAF7D0F80221606DD9F7CA
:10986000DFFD94F86C30012B23D90121206CD9F74E
:10987000D7FD0221206CDAF7C0F800222321204610
:10988000DBF7A7FA2046FFF724FF38BDFEE7FEE727
:109890002046FFF7A3FFC8E70421D9F780FDCCE7F6
:1098A0000121606DD9F7BCFD0221606DDAF7A5F8E2
:1098B000D7E70121206CDAF7A0F80221206CD9F754
:1098C000AFFDDAE794F86C30012B05D894F86E30D0
:1098D00003F03003102B08D10121206CD9F7A0FD33
:1098E0000221206CDAF789F8C7E70121206CDAF74A
:1098F00084F80221206CD9F793FDBEE7F8B5044641
:10990000E6F768FD0A2800D0F8BD2046E6F75EFDC0
:1099100005462046E6F764FD0446036CAB4202D0E0
:10992000436DAB42F0D194F86C3084F86D30294629
:109930002046FFF73FFF0028E6D104F160063046DD
:10994000E7F714F8054601463046E7F717F80746EB
:109950000028D9D029463046E7F74AF82846E8F7E4
:109960000BFF94F86C30013B84F86C30394630467C
:10997000E7F73EF894F86C30013B84F86C303968B6
:109980002046FFF736FF3846E8F7F6FEBCE708B595
:10999000DBF749FC08BD2DE9F04387B00546884652
:1099A0004FF480794E46002725E09C22002128466E
:1099B000DEF776FC0390384407B29822002128464F
:1099C000DEF76EFC044603900128B8BF01249922FB
:1099D00000212846DEF764FC03900128B8BF01206F
:1099E00006FB04F4261200FB09F34FEA232928465C
:1099F000DFF797FC0546002DD7D10023049305938C
:109A000006B90126B9F1000F01D14FF001094FF459
:109A100080320023019304AB009392FBF9F392FB95
:109A2000F6F279424046E5F7B5FB07B0BDE8F083B2
:109A300008B50021DFF7A8FC08BD2DE9F04188B08A
:109A40000446FFF7F5FF40B3804604AF00250495B8
:109A50000595069507954D224FF480212046DEF7A7
:109A60001FFC0646019066224FF480212046DEF757
:109A700017FC019004906FF0604306938DF81C5022
:109A80004046FEF743FA01463B46324602A8E8F755
:109A900077FC029808B0BDE8F0810020FAE790F862
:109AA000403003F00303012B00D07047F0B583B0C2
:109AB0000446016BC26BB1FBF2F1436BB3FBF1F0F7
:109AC00001FB10336363520801FB02F2134463632A
:109AD000B3FBF1F001FB1033A3631A44A2634D22E0
:109AE00000212046DEF7DCFB0546019067220021BD
:109AF0002046DEF7D5FB064601902846E4F71BFD1D
:109B000005462046DBF7ACFC07462046FFF790FFF2
:109B1000616B2E4407EBD77705EBD5756D10C5EB60
:109B2000670506FB1151DBF77EFB03B0F0BD08B5FE
:109B30000068DFF7F6FBFFF7B2FF08BD2DE9F0473D
:109B400098B080460E46FFF773FF002853D00546B5
:109B5000FEF7DCF9024600212846DEF75EFD02280A
:109B600003D003284AD000210AE04046DBF765FC19
:109B700004462846DBF747FC201A00EBD070411062
:109B80002846DBF737FB4D2200214046DEF788FBF5
:109B900004460090672200214046DEF781FB8146A3
:109BA00000902046E4F7C7FC04464046DBF758FC2B
:109BB0008246752200214046DEF772FB0746009080
:109BC00006B110B94046FFF76AFFD8F83430A14417
:109BD0000AEBDA7A04EBD4746410C4EB6A0403FB76
:109BE000194406B19FB91B492846E4F725FF2146D1
:109BF0002846DBF718FB18B0BDE8F0874046DBF7D6
:109C00001CFC04462846DBF7FEFB211AB8E7684631
:109C1000E4F7F8FE29466846E4F79CFF0D496846DC
:109C2000E4F79AFF2846DBF7CFFB01462246684659
:109C3000E4F799FF39466846E4F790FF064968461D
:109C4000E4F79BFF05496846E4F793FF6846E5F7AC
:109C5000B5F8D0E78F9902082F9B02080DEB00089A
:109C6000F0B587B006460F464D220021DEF718FBFF
:109C7000044601904D224FF480213046DEF710FB60
:109C8000054601902046E4F756FC04462846E4F7D2
:109C900052FC0546672200213046DEF701FB0190A9
:109CA000631903EBD37300EB6305B4693046DBF74C
:109CB000B1FB00EBD07004EB600305EBD572A3EBB6
:109CC00062037B602B44FB6002A93046DBF75BFB41
:109CD000029B3B60049BBB6007B0F0BD2DE9F043E5
:109CE000BFB00646E6F776FB04463046E6F76EFB65
:109CF00005461D2C04D0202C1CD03FB0BDE8F083BD
:109D00003046DBF7FBF8044612AF39462846FFF72A
:109D1000A7FF16AE3046E3F7D5FD1A9432464FF44E
:109D200080212846DAF717FA3A4631462046E3F70B
:109D300054FEE2E73046DBF7E1F8044616AE304663
:109D4000E2F7D0FF1A9432464FF480212846DAF722
:109D500056FC00230293039304930593269B0293DE
:109D6000259B03932846DBF74EFB049001238DF8D7
:109D7000143006AE31462846FFF772FF324604F132
:109D800034010AA8E5F7C4F80028B6D02846FFF742
:109D90004FFE8046FFF752F840B19DF8C030DA0818
:109DA00042F0080262F3C7038DF8C0304046FEF768
:109DB000ADF8014602AB239A6846E8F7E1FA284677
:109DC000DBF728FB06464D2200212846DEF768FA1D
:109DD00081461290D8F81870C36803EBD37307EB71
:109DE000630706EBD6735E10AA6902EB6302BF1A23
:109DF0004046DBF70FFBD9F80C30C01A002802DD13
:109E0000BF0397FBF0F7239BDB68AA691644019A0E
:109E1000D21A07FB02F206EBA23603EBD373A6EBD2
:109E20006306382200212846DEF73AFA07461290E8
:109E30001A2200212846DEF733FA814612901B22AF
:109E400000212846DEF72CFA12906B694B443B4404
:109E50000E930F96EB691B1ADB1B1093019B334487
:109E600011939DF8C030DA0842F0010262F3C70393
:109E70008DF8C03012AE04F1340595E80F0086E885
:109E80000F000AAB0FCB85E80F004046FEF73EF807
:109E900020900EAA16A92046E2F771FF96E80F005F
:109EA00085E80F0029E72DE9F041B2B00446E6F756
:109EB0008DFA0546DFF735FA07462046DBF71EF830
:109EC000044614AE3046E2F70DFF189432460021E6
:109ED0003846DAF794FB2846FEF7B0FF40B19DF80C
:109EE000B830DA0842F0080262F3C7038DF8B830E0
:109EF0000DF1400C04F1340696E80F008CE80F00D9
:109F000007F1140231460CA8E5F702F810B932B097
:109F1000BDE8F0810CAB0FCB86E80F0008A93846EE
:109F2000FFF79EFE6B690493AB690593EB6906939B
:109F3000099B079304A802463146E4F7E9FF98B964
:109F40006B6904930B9B0593EB6906932B6A07934C
:109F500004A802463146E4F7DBFFE0B9343410AB25
:109F60000FCB84E80F00D2E796E80F008DE80F00D2
:109F700004AB0FCB86E80F002846FDF7C7FF1E9005
:109F800005F1140214A92046E2F7F9FE9DE80F003E
:109F900086E80F00D4E704F1340696E80F008DE858
:109FA0000F0004AB0FCB86E80F002846FDF7AEFF8D
:109FB0001E9005F1140214A92046E2F7E0FE9DE888
:109FC0000F0086E80F00C9E770B50D460846E6F7B2
:109FD00001FA04461D2805D029461748DAF76AFE1B
:109FE000012809D12846E6F7F1F906461B2C04D0D2
:109FF000322C16D01D2C1AD070BD2846E6F7EEF98B
:10A0000005463046DFF78DF9FFF717FD0446304669
:10A01000DBF7F9F9241A2B689C42B8BF1C462C6068
:10A02000EAE7DFF77EF90021FFF788FDE4E728463D
:10A03000FFF739FFE0E700BFD878040870B12DE9D9
:10A04000F04782B00D461646044641B1FFF7F0FCDA
:10A05000074600236363A363236302E0FEE7FEE792
:10A060000133E85C28B10A28FAD1216B0131216360
:10A07000F6E7236B013323638EB994F8403023F065
:10A08000030384F8403029463846FDF775FE636BBC
:10A09000A3633846DAF790FD02B0BDE8F08794F884
:10A0A0004030012262F3010384F840304D22002148
:10A0B0002046DEF7F5F80190D4F83080E4F73BFA5B
:10A0C0000646662200212046DEF7EAF801900644A3
:10A0D00006FB08F84FF47A7393FBF8F30F2BA8BF35
:10A0E0000F23032BB8BF0323E36313F0010F01D148
:10A0F0000133E3632846F3F7FBFA00F10109E36B50
:10A1000000FB033ABAF1000F01D14FF0010A5046AB
:10A11000E8F716FB804600260BE0294609FB06807F
:10A12000F3F712FB013609FB06F3013B0A2208F89C
:10A130000320E36BB342F0D80AF1FF3A002308F89A
:10A140000A3041463846FDF717FE4046E8F714FB53
:10A15000E36B5A08216B01FB02F2626301FB03F31C
:10A1600023632046FFF79BFC91E7000038B50C46BF
:10A1700091F8403023F0030381F8403000250D634F
:10A180004D638D6310212046D9F74AF94FF40071D1
:10A190002046D9F745F921460548D9F7CFFCD9F72C
:10A1A0005DFD2A4603492046FFF748FF38BD00BF42
:10A1B000D878040858D70308B0B138B50B46114613
:10A1C000844690F8400000F0030001280DD0DCF830
:10A1D00030209A4200D8531ECCF83430CCF83830B6
:10A1E0006046FFF7ABFC38BDFEE7DCF83020DCF85A
:10A1F0003C00B2FBF0F2DCF83400B0FBF2FE93421C
:10A20000E5D20EFB02F402FB1E001D46A0EB030E7E
:10A210000FFA8EFEBEF1000F07DDBEEB520F02D922
:10A22000834205D29D186319D1E7CEF1000EF4E701
:10A230009D1AF8E72DE9F04385B00546FFF7F8FBD6
:10A24000002800F0B2800646E4F78AF98046E4F779
:10A250008DF9042801D0022803D16B6BAB6304286D
:10A260002AD04046E4F782F9012832D195F84030EF
:10A2700013F0040F44D101AC21464046E4F785F9C0
:10A28000032221462846DBF744FCB269029B9B1A55
:10A2900002937269019B9B1A019301222146304669
:10A2A000FDF70EFF07463046FDF730FE81460024DD
:10A2B00000942646A04615E02846D9F707F904463B
:10A2C000D8F708FC0028CCD000212046D8F7E0FBC6
:10A2D000C7E74046E4F74AF9032856D1C6E7DDF858
:10A2E00000800136BE424ED2314B1B68694648465B
:10A2F00098470A28F3D1B845F1D0611C0CB2EEE7BB
:10A300004D2200212846DDF7CBFF0746019067224A
:10A3100000212846DDF7C4FF044601903846E4F7E3
:10A320000AF90719AC692B6A1B1B03EBD37304EB07
:10A33000630401AB08F1C80292E8030083E803005C
:10A3400019462846FFF727FB98F8290002990022B2
:10A350000AE00A44C0F1640301FB03F3154981FBE1
:10A3600003C1DB17C3EB61110029F2D1B3691344B8
:10A37000E41A94FBF7F4002C00DB21462B6B8B4294
:10A3800000DC591E0CB2002C09DA6B6B039303AA94
:10A3900023212846DAF71DFD05B0BDE8F083012230
:10A3A00021462846FFF708FFEFE70120F4E700BF4A
:10A3B000BC6F04081F85EB5170B582B00D46A948EB
:10A3C000DAF778FC012801D002B070BD2846E6F724
:10A3D00001F804462846E5F7F9FF0646631E342BCC
:10A3E000F2D801A252F823F0F5A4020829A5020828
:10A3F0006FA50208C9A30208C9A30208C9A30208DD
:10A40000C9A30208C9A30208C9A3020815A5020826
:10A410006FA50208C9A30208C9A30208C9A30208BC
:10A42000C9A30208C9A30208CDA502081FA60208F5
:10A430007DA50208B9A50208C9A30208C9A302089C
:10A44000C9A30208C9A30208C9A30208C9A3020834
:10A4500053A60208C9A302085DA60208C9A3020800
:10A46000C9A302085DA60208C9A30208C9A302087D
:10A47000C9A30208C9A30208C9A30208C9A3020804
:10A48000C9A30208C9A30208C9A30208C9A30208F4
:10A49000C9A30208C9A30208C9A30208C9A30208E4
:10A4A000C9A30208C9A30208C9A30208EDA40208AF
:10A4B000CFA40208C9A30208BDA402082846E5F7F4
:10A4C0008DFF04463046FFF7B8FA20607CE7FFF7BF
:10A4D000AFFA18B100223321DAF77BFC3046DBF704
:10A4E00088FA00213046FFF729FB6DE70021FFF7CE
:10A4F00025FB69E7036B012B7FF666AF90F84030D0
:10A5000023F0040380F84030FFF792FA5649E4F74D
:10A5100093FA59E790F8403013F0040F3FF454AF2A
:10A520002846E5F75FFF4FE7036B012B7FF64CAF43
:10A53000E4F716F86946E4F75AF869463046FFF73B
:10A540002AFA019B002B3FF43FAF3046FFF770FA29
:10A550000446DAF74FFF019901442046DAF763FE1B
:10A5600096F8403043F0040386F840302CE7036B44
:10A57000012B7FF629AFFFF75DFE25E7D8F7A6FF91
:10A580000446E3F7EDFFE3F7F1FF042802D0736B15
:10A59000B36319E72046D8F79DFA10B1736BB36324
:10A5A00012E7726BB36B9A423FF40EAF73630121F3
:10A5B0003046FFF7C3FA07E7426B836B9A423FF4DA
:10A5C00003AF43630121FFF7B9FAFDE6036B012BEB
:10A5D0007FF6FAAE2846DAF7A2FCA0F11203012BAF
:10A5E00010D9142802D011287FF4EEAE716B002927
:10A5F0003FF4EAAEB46B012201393046FFF7DCFDCF
:10A60000B463E1E6716B0131336B9942BFF4DCAEA8
:10A61000B46B01223046FFF7CFFDB463D4E6036B81
:10A62000012B7FF6D1AE2846DAF786FC746B02194F
:10A63000336B591E9142A8BF114621EAE1718C4249
:10A640003FF4C2AEB46B01223046FFF7B5FDB463F0
:10A65000BAE6FFF7EDF9DAF7AFFAB5E62846FFF705
:10A660003DFBB1E6FC7804088F990208B0F84CC0B5
:10A67000CCF30E0C02B100938C4500D069B990F870
:10A680004030082B09D0102B07D08C4506D0022B68
:10A690000ED0042B0CD0009B03667047022B04D015
:10A6A000042B02D0009B43667047009B03667047F3
:10A6B000009B43667047C36D9A4211DCC36B02F185
:10A6C0008042013A53F822303BB18B6291F86930F5
:10A6D00023F0010381F86930704700238B627047D3
:10A6E00000238B6270470000C26C084B134043B1DB
:10A6F000C2F3CE33B1FBF3F203FB121119B1002008
:10A700007047002070470120704700BF0080FF3F66
:10A710002DE9F04F83B08046D0F844B0D0F848A07F
:10A72000B0F84C90C9F30E0900262BE04E6191F869
:10A73000343067F3000381F8343014E08E6191F80F
:10A74000343067F3410381F834302846E6F71AF9CC
:10A750000146B1B1CB68A342F7DC0B69A342F4DB3D
:10A760004B69FF2BE2D08B69FF2BE7D04B69B342DB
:10A77000EBD08E6191F8343067F3410381F83430C7
:10A78000E3E701364E4515D231464046FFF7ACFFB0
:10A790000746CDF800A05B4609F1FF3200213046A4
:10A7A000E6F7B7FB044608F130052846E6F7E2F87D
:10A7B0000146CEE703B0BDE8F08FF0B587B007469D
:10A7C0000C461D46002A4CD016466A464B213046A0
:10A7D000E6F750FF01281BD1009B63646A465A21AB
:10A7E0003046E6F747FF01281AD1009BA4F8403015
:10A7F0001B0C84F842306A4652213046E6F73AFF95
:10A80000012825D19DF8003084F8503007B0F0BD04
:10A810004B2229463846DDF743FD01906064DDE7B1
:10A820005A2229463846DDF73BFD0190ADF80C0071
:10A83000030C8DF80E30039BADF808301B0C8DF81F
:10A840000A30029BA4F840301B0C84F84230D2E757
:10A85000522229463846DDF723FD019084F8500046
:10A86000D4E75A221946DDF71BFD0190ADF814001C
:10A87000030C8DF81630059BADF810301B0C8DF8CD
:10A880001230049BA4F840301B0C84F84230522252
:10A8900029463846DDF704FD019084F850004B222C
:10A8A00029463846DDF7FCFC01906064AEE72DE9EF
:10A8B000F04F83B08146019193469A460C9E9DF8D5
:10A8C00034500E9F00F130084046E6F753F8044636
:10A8D00011E04FF4A023A26851464846FFF76DFFF0
:10A8E00063699D421AD0A3699D4235D021464046F6
:10A8F000E6F748F80446002C4CD0E368B342EFDC9E
:10A900002369B342ECDB019B002BE2D04FF4003310
:10A91000626859464846FFF750FFE1E794F8343043
:10A9200013F0010F12D0DBF8442004F1240397E860
:10A93000030083E8030012F0010F0BD099F84030B8
:10A94000022B06D0042B04D0013A03E0DAF84420AD
:10A95000EBE70132E261C6E794F8343013F0020FFE
:10A9600012D0DBF8442004F12C0397E8030083E8BD
:10A97000030012F0010F0BD099F84030022B06D0E3
:10A98000042B04D0013203E0DAF84420EBE7013A6B
:10A990002262ABE703B0BDE8F08F70B586B0054624
:10A9A0000C46002A5FD016466A465C213046E6F720
:10A9B00061FE012823D1009B23871B0C84F83A30C9
:10A9C0006A4654213046E6F755FE01282FD19DF8FE
:10A9D000003084F866306A4666213046E6F74AFE63
:10A9E00001282ED1009B23646A464D213046E6F7AC
:10A9F00041FE01282ED1009B636306B070BD5C222E
:10AA00004FF400312846DDF74BFC0190ADF80C0007
:10AA1000030C8DF80E30039BADF808301B0C8DF83D
:10AA20000A30029B23871B0C84F83A30C8E7542273
:10AA30004FF400312846DDF733FC019084F86600BE
:10AA4000C9E766224FF400312846DDF729FC019062
:10AA50002064C9E74D224FF400312846DDF720FC81
:10AA600001906063C9E75C224FF40031DDF718FC08
:10AA70000190ADF81400030C8DF81630059BADF86D
:10AA800010301B0C8DF81230049B23871B0C84F8AC
:10AA90003A3054224FF400312846DDF701FC019092
:10AAA00084F8660066224FF400312846DDF7F8FB93
:10AAB000019020644D224FF400312846DDF7F0FB71
:10AAC0000190606399E770B586B005460C46002A90
:10AAD00079D016466A464C213046E6F7CBFD012870
:10AAE00031D1009BE3626A465B213046E6F7C2FD46
:10AAF000012830D1009B23851B0C84F82A306A463C
:10AB000053213046E6F7B6FD01283BD19DF80030D1
:10AB100084F846306A466F213046E6F7ABFD0128DF
:10AB200039D194F84730009A62F3000384F8473033
:10AB30006A4660213046E6F79DFD01283BD1009B27
:10AB4000236406B070BD4C2200212846DDF7A8FB27
:10AB50000190E062C7E75B2200212846DDF7A0FBF9
:10AB60000190ADF80C00030C8DF80E30039BADF88E
:10AB700008301B0C8DF80A30029B23851B0C84F8CF
:10AB80002A30BCE7532200212846DDF789FB0190DB
:10AB900084F84600BEE76F2200212846DDF780FBDF
:10ABA0000190003818BF012094F8473060F300038B
:10ABB00084F84730BCE7602200212846DDF770FBAF
:10ABC00001902064BDE75B220021DDF769FB019065
:10ABD000ADF81400030C8DF81630059BADF810305D
:10ABE0001B0C8DF81230049B23851B0C84F82A3033
:10ABF000532200212846DDF753FB019084F84600DC
:10AC00004C2200212846DDF74BFB0190E0626F22C9
:10AC100000212846DDF744FB0190003818BF0120D1
:10AC200094F8473060F3000384F847306022002135
:10AC30002846DDF735FB0190206482E72DE9F04FCF
:10AC400083B004460F4690461A220021DDF728FB08
:10AC5000064601901B2200212046DDF721FB82469B
:10AC60000190182200212046DDF71AFB05460190CD
:10AC7000192200212046DDF713FB81460190204672
:10AC8000DAF7C1FBA0EB060BABEB0A0B2046DAF7B9
:10AC9000C1FB401BA0EB0900834518DA2046DAF718
:10ACA000B2FB831BA3EB0A0303EBD3735B10626954
:10ACB0001A4432443A60A2691A442A447A60B8F1CC
:10ACC000000F01D0C8F8003003B0BDE8F08F204677
:10ACD000DAF7A0FB431BA3EB090303EBD3735B1071
:10ACE000E5E72DE9F04FA7B004460F4691461E4612
:10ACF00011AD2846E2F790FC2A4600212046D9F7FC
:10AD000079FDB9F1000F28D003224FF4003120461D
:10AD1000DDF7C6FA0D9002900E224FF40031204666
:10AD2000DDF7BEFA0D908046002594F84030102BD8
:10AD300000F2EE80DFE813F0240024002400EC0091
:10AD40002400EC00EC00EC001901EC00EC00EC003D
:10AD5000EC00EC00EC00EC00190103224FF4A02100
:10AD60002046DDF79DFA05460D900E224FF4A021F6
:10AD70002046DDF795FA0D90804600230293D4E734
:10AD8000382200212046DDF78BFA83460D901822E9
:10AD900000212046DDF784FA0D9000EB0B030393AE
:10ADA000192200212046DDF77BFA0D9000EB0B0AFB
:10ADB0001B2200212046DDF773FA0D9000EB0B03F8
:10ADC00007931A2200212046DDF76AFA0D9083448A
:10ADD0001B224FF4A0212046DDF762FA09900D9066
:10ADE0001A224FF4A0212046DDF75AFA08900D9060
:10ADF00018224FF4A0212046DDF752FA04900D905E
:10AE000019224FF4A0212046DDF74AFA05900D9053
:10AE100094F84030022B12D0042B27D0012B34D0D1
:10AE20006169089A5A4401EB0208216A229A02EBEE
:10AE3000D27201EB6201A1EB0A0206920EE0E16917
:10AE4000229A02EBD27201EB6201079AA1EB02088F
:10AE5000A169039A049802448A1806922BB3042B22
:10AE600023D0B9F1000F25D0029D23E06169229A19
:10AE700002EBD27201EB620101EB0B08A169039AAC
:10AE8000049802448A180692E8E76169079A0998CB
:10AE9000024401EB0208A169229A02EBD27201EB93
:10AEA0006201039A8A180692D8E7B9F1000F1BD005
:10AEB000029A5542B4F84C90C9F30E0909F1FF39D2
:10AEC000022B13D0042B11D04F4538D0002F3CD18A
:10AED000C6F80080069B7360309BC3F800807368DF
:10AEE0002B44309A536013E06D42E3E7226A059BDE
:10AEF0005344A2EB030B4F451ED067B908F1FF3353
:10AF00003360C6F804B05B1B309A1360C2F804B01B
:10AF100027B0BDE8F08F2046DAF77CFA039B534454
:10AF2000049A1344059A1344C31A07FB03F393FBD3
:10AF3000F9F3ABEB030BE1E7DDF818B0DEE7E2690C
:10AF4000089B5B44A2EB0308C2E72046DAF75BFAF2
:10AF5000079B5B44099A1344089A1344C31A07FBDE
:10AF600003F393FBF9F39844B2E70DF1340B594620
:10AF70002046DAF788FA5846E4F71BF900EBD07060
:10AF80004FEA600A5846E4F719F900EBD070BAEBC3
:10AF9000600F4CDA5846E4F70CF900EBD070431020
:10AFA0000D9919440B910E9A1A440C92626D07FB8D
:10AFB00002F202EB82077F00B4F84C20C2F30E02CB
:10AFC000013AB7FBF2F7A26D02EB820207EB4207F0
:10AFD00094F84020082A31D0229A9B1AB9F1000F28
:10AFE00000D0029D1D441944414431600C9B7360A4
:10AFF0004FF00009CDF804900BAC00944FF480732F
:10B000001A4639463046E4F7C5F80B9B2B444344B7
:10B01000309A13600C9B5360CDF8049000944FF469
:10B0200080731A4639463098E4F7B4F870E70DA8F3
:10B03000E4F7C4F800EBD0704310B1E7229A9B1AF2
:10B04000B9F1000F00D0029D5D1BCCE72DE9F04760
:10B05000B2B0B0F84CA0CAF30E0ABAF1010F7DD914
:10B06000054690F84030102B78D0082B76D01DACD8
:10B070002046E2F7D1FA22464FF400312846D9F7AC
:10B08000B9FB08AC2046E2F7C7FA22464FF4A021EC
:10B090002846D9F7AFFB4FF0000847E04FF4A02354
:10B0A000A26808A92846FFF788FB21E01DAA4FF4F3
:10B0B00000312846D9F79EFB08AA4FF4A021284664
:10B0C000D9F798FB21463846E5F75CFC04467CB18D
:10B0D000E368B342EADC2369B342E7DBB9F1000F6E
:10B0E000DCD04FF4003362681DA92846FFF765FBEA
:10B0F00004AC06AB009323464A4641462846FFF778
:10B10000F0FD199B00932E9B4A4641462846FFF7C7
:10B11000ADFA02945FFA88F30193009608AB1DAA7A
:10B1200049462846FFF7C3FB08F10108D04515D270
:10B1300041462846FFF7D8FA8146AB6C00936B6C0A
:10B140000AF1FF3200214046E5F7E3FE064605F12D
:10B1500030073846E5F70EFC0446B8E732B0BDE8E4
:10B16000F087F0B589B004468C4616461D4600218E
:10B170000491059106910791DCF840300493DCF8C6
:10B180003C3005936FF060430693DCF82810A9B1BA
:10B1900004ABDCF8342002A8E7F7F2F894F840306A
:10B1A000102B00F28980DFE803F00D0D3887388717
:10B1B000878775878787878787877500002302932E
:10B1C0000393EBE73268029B03EBD373A2EB6302BA
:10B1D0002A60326802EB6302AA6094F84030012BC7
:10B1E0000DD0766818224FF400312046DDF758F86C
:10B1F0000190331AEB60039A9B1A6B605CE07668EF
:10B2000019224FF400312046DDF74AF80190331837
:10B210006B60039A1344EB604EE07268039B03EB90
:10B22000D373A2EB63026A60726802EB6302EA60A6
:10B2300094F84030022B16D037681B224FF40031AF
:10B240002046DDF72DF8019007442F603668029BF9
:10B250001E441B224FF400312046DDF721F80190F7
:10B260000644AE6028E03768029BFF1A1A224FF4AA
:10B2700000312046DDF714F801903F1A2F60366840
:10B280001A224FF400312046DDF70AF80190361AF1
:10B29000AE6011E03268029800EBD073A2EB63025B
:10B2A0002A607368039901EBD174A3EB64036B60AC
:10B2B0000244AA600B44EB6009B0F0BD2DE9F04FE9
:10B2C000B1B0044615461E460846D9F717FE81461A
:10B2D00000212B912C912D912E912F91E36B5BB33B
:10B2E000B2B229462046FFF7E6F90C224FF40031AE
:10B2F0002046DCF7D5FF064608900D224FF40031BA
:10B300002046DCF7CDFF804608909C224FF40031A8
:10B310002046DCF7C5FF0746089094F84030102B14
:10B3200064D8DFE803F01818186318636363666372
:10B3300063636363636366002BAE3A9B824A1421A6
:10B340003046F2F7D1F8AE6295F8693043F0010368
:10B3500085F86930C9E73B9B1B68334408933B9BE6
:10B360005B684344099327AB08AA29462046FFF7A8
:10B37000F8FEC7F31206002E40F3DF8027AC22460A
:10B3800010214846E0F72BFA074622462946E1F706
:10B39000F6FC2046E3F70DFF00EBD070401006905E
:10B3A0002046E3F70BFF00EBD070401007900DF143
:10B3B00020084046E1F754F9129717961CAB06AAED
:10B3C00092E8030083E80300224641464846E1F73D
:10B3D00077FA95F8693013F0010F07D00022AA62BE
:10B3E00095F8693062F3000385F8693031B0BDE843
:10B3F000F08F7C224FF400312046DCF751FF82466B
:10B4000008901C224FF400312046DCF749FF0890D9
:10B4100000F10F0303930DF1200B59462046DAF794
:10B4200032F85846E3F7C5FE00EBD07043100293A4
:10B430005846E3F7C3FE00EBD070029BB3EB600FFE
:10B4400043DA5846E3F7B5FE00EBD0704FEA600BE5
:10B45000089B5B440493099B5B44059303224FF4D0
:10B4600000312046DCF71CFF0690636D3C9A02FB1E
:10B4700003F303EB83014900B4F84C30C3F30E032C
:10B48000013BB1FBF3F10AEB8A0A01EB4A01A36D20
:10B4900003EB830301EB430194F84030082B1CD0ED
:10B4A000102B22D04FF0000B049B5B441E440696E9
:10B4B000059B4344079317F4801F2AD0C7F3120655
:10B4C0000E4417F4002F18D125E008A8E3F776FE04
:10B4D00000EBD0704FEA600BBAE7ABEB000B2B6CC4
:10B4E000039A1344ABEB030BDEE783442B6C039A04
:10B4F00013449B44D8E7A6F56166B6F5616FFADCA4
:10B50000A6F2853240F2DA539A4204D806F5E16693
:10B5100001E0C7F3120606AF0023019304AB0093CA
:10B520004FF480731A463846E3F734FE27AB3A46A9
:10B5300029462046FFF715FE1DE727AA294648465B
:10B54000E1F71DFC45E700BFA4D703082DE9F04F44
:10B55000EDB0054607910846D9F7D0FC0590B5F83F
:10B560004C30C3F30E03012B40F2EE8006464EAC86
:10B570002046E1F7B7FB529622464FF400312846A9
:10B58000D9F73DF839AC2046E2F746F83D96224619
:10B590004FF400312846D9F72DF995F84030102B9B
:10B5A00001D0082B05D19DF8353123F004038DF827
:10B5B000353124AC2046E2F72FF8059E2896224626
:10B5C0004FF4A0212846D9F715F90FAC2046E2F731
:10B5D00023F81396224600212846D9F70BF9B5F82F
:10B5E0004C30C3F30E0B0023069398466FE04FF4E4
:10B5F000A023A26824A92846FFF7DFF82CE04EAA72
:10B600004FF400312846D8F7FAFF39AA4FF4003139
:10B610002846D9F7EFF824AA4FF4A0212846D9F7F5
:10B62000E9F821463846E5F7ADF90446A4B1E368E8
:10B63000B342E4DC2369B342E1DBBAF1000FD6D0B8
:10B6400062684EA92846FFF7A8F94FF400336268F4
:10B6500039A92846FFF7B1F80DAB00930BAB524662
:10B6600049462846FFF73DFB95F84F3013F0400F51
:10B670000DD0BAF1000F0DD0CDF808900DAB0193AD
:10B680000096069B4EAA07992846FFF717FEBAF1C7
:10B69000000F3ED124AF08AC0BA92046E3F781FF91
:10B6A0002EAB94E8030083E803000DA92046E3F7DE
:10B6B00078FF30AB94E8030083E80300CDF898905E
:10B6C000279639460598E1F7C1FF08F10108D845EA
:10B6D0003ADAC14641462846FFF706F8824610B1DD
:10B6E000069B01330693AB6C00936B6C0BF1FF323E
:10B6F00000214046E5F70DFC0646CDF840915190FB
:10B70000059B529305F130073846E5F733F90446B7
:10B710008CE708AC0BA92046E3F743FF43AB94E862
:10B72000030083E803000DA92046E3F73AFF45AB89
:10B7300094E8030083E80300CDF8EC903C9639A927
:10B740000598E1F783FFC0E76DB0BDE8F08F2DE904
:10B75000F04FB7B004460846D9F7D0FBB4F84C30E8
:10B76000C3F30E03012B40F28781064694F8403064
:10B77000102B00F28181DFE813F01100110011009D
:10B780007F0111007F017F017F0104017F017F01A3
:10B790007F017F017F017F017F0104010CAD2846FD
:10B7A000E1F73AFF10962A4600212046D9F722F801
:10B7B000382200212046DCF773FD0546219018222F
:10B7C00000212046DCF76CFD219000EB05091922D1
:10B7D00000212046DCF764FD219000EB05081A22C9
:10B7E00000212046DCF75CFD219047191B22002137
:10B7F0002046DCF755FD2190284494F84020022A89
:10B8000011D0042A19D000210B46012A1FD03ABBBF
:10B8100063693B44216A1D9800EBD07001EB600125
:10B82000A1EB08011CE0E3691D9901EBD17103EB69
:10B8300061031B1AA1694944E7E763691D9901EB9C
:10B84000D17103EB61033B44A1694944DDE76369BE
:10B850000344A1691D9800EBD07001EB60014944DD
:10B86000022A14D0042A12D004930591E269D21B53
:10B8700006920791216E01EBD171A3EB6103049352
:10B88000636E03EBD37302EB6302069213E0013B9A
:10B89000049305910693236AA3EB08030793226E92
:10B8A00002EBD272A1EB62020592626E02EBD272DF
:10B8B00003EB6203079302AD04A92846E3F771FE88
:10B8C00016AB95E8030083E8030006A92846E3F7D2
:10B8D00068FE18AB95E8030083E803000CA9304626
:10B8E000E1F7B4FE04F130073846E5F743F80546C2
:10B8F00021E004980890A96A194409910A902B6BD9
:10B900009B1A0B930DF1840800232A6841462046B8
:10B91000FEF753FF089B2B93099B2C930A9B2D93B7
:10B920000B9B2E9341463046E1F790FE2946384660
:10B93000E5F728F80546002D00F09E800DF18408FB
:10B940004046E1F769FE2596424600212046D8F799
:10B9500051FFEB6903EBD3735B102A6A02EBD272DF
:10B96000521094F840100229C3D00429C1D0696A4A
:10B97000C91A089105990991EB6A13440A930B912E
:10B98000C0E70CAD2846DFF7D0FF10962A4600210D
:10B990002046D8F7A5FF0DF1200804AA414620460D
:10B9A000FFF74CF9606CA36D626D1A440092A26CB3
:10B9B0000146E5F7AEFA0746A06CA36D616D194428
:10B9C00000910246616CE5F7A4FA02461AAB98E8CA
:10B9D000030083E80300049BADF8743018971992B4
:10B9E00029463046DFF7BBFF04F1300B5846E4F739
:10B9F000C1FF05463EE021AF3846DFF796FF2596AA
:10BA00003A4600212046D8F76BFF0DF1280A06AA16
:10BA100051462046FFF712F9A36D626D1A44E8689B
:10BA20000092A26C616CE5F774FA8146A36D626DB9
:10BA30001A4428690092A26C616CE5F76AFA8046A4
:10BA40002A6839462046FFF73EF82FAB9AE80300F4
:10BA500083E80300069BADF8C830CDF8B490CDF86C
:10BA6000B88039463046DFF77AFF29465846E4F772
:10BA700089FF0546002DBED137B0BDE8F08F00002C
:10BA800070B50D460CE005F130063046E4F76EFF68
:10BA9000044601463046E4F7ABFF2046E6F76CFE6D
:10BAA0006B6B002BEFD105F13000E5F74CF8EE6E33
:10BAB000002409E0214605F16800E3F75DFF06492F
:10BAC0000068D9F7E4F90134B442F3D305F1680012
:10BAD000E3F700FF70BD00BFE9BA020808B5E4F75C
:10BAE0007FFCE6F749FE08BD2DE9F0410446E4F786
:10BAF00077FC06462046D9F7EAF90746D6F86C8067
:10BB0000002400E0013444450CD206F168052146CA
:10BB10002846E3F731FF0368BB42F3D121462846AC
:10BB2000E3F736FFBDE8F08110B50C46382104F18B
:10BB30003000E4F7D5FEB4F84C300B2262F30E036C
:10BB4000A4F84C30E36C052262F3DD33E364012397
:10BB500084F8403094F84F3043F0400384F84F307D
:10BB60004FF4877363658723A365002161646423B1
:10BB7000A3642166616694F84F3061F3C71384F8BB
:10BB80004F3094F8503061F3000384F85030E16591
:10BB9000E1630C2204F16800E3F78CFE10212046DB
:10BBA000D7F73EFC10BD00002DE9F04385B00546F7
:10BBB0000E4690469946C76E002400E00134BC4210
:10BBC00010D2214605F16800E3F7D6FE0368B342C0
:10BBD000F4D1C0F80490C0F808800124204605B0D4
:10BBE000BDE8F0830196CDF80890CDF80C8001A94E
:10BBF00005F16800E3F79DFE0446012801D000240A
:10BC0000ECE72B462A2202493046D9F710F9E5E73E
:10BC1000E9BA02082DE9F04F87B0019260B30D46F2
:10BC20009846814690F84030082B02D0102B40F007
:10BC30009E8000231A4601212846D9F797FB01224E
:10BC400000214846DCF72CFB044605900222002127
:10BC50004846DCF725FB06460590A04240F0878069
:10BC600004EBD4746710019BB3EB640F0BDA002B69
:10BC700003DBDDF804A007E0FEE717EB030A03D5BA
:10BC80004FF0000A00E0BA46D9F84420424510DCE3
:10BC9000D9F84810414502DAD9F854400AE0D9F8F9
:10BCA0005430A8EB020000FB03F4891AB4FBF1F452
:10BCB00000E00024D9F85830A4B2234418B2E5F7C4
:10BCC00057F90AFB00F3DB130293D9F85830E01858
:10BCD00000B2E4F749FF0AFB00F3DB1303932846A5
:10BCE000FDF7F5FB68B12846FDF7EDFB012802D80A
:10BCF0004FF0000B07E02846FDF7F0FB8346E0B964
:10BD000001E04FF0000B2846D9F7A2F88246002444
:10BD100054450FD221462846D9F7A5F80090E4F7FC
:10BD200023FB1B4B834201D00134F1E70098E4F779
:10BD30001FFB8346BBF1000F1CD0CBF8007006EB55
:10BD4000D6767310CBF80430029A3A44CBF8082028
:10BD5000039A1344CBF80C30022259462846FDF7CB
:10BD6000ADFB4346019A29464846FFF71DFF07B041
:10BD7000BDE8F08F1020E6F7E3FC834630B10346C0
:10BD80002A2203492846D9F752F8D6E7FEE700BF32
:10BD9000DDBA020888B170B50E461446054690F823
:10BDA0004030082B01D0102B1FD16A6CA2420DDC51
:10BDB000A96CA14202DA6B6D09E0FEE76B6DA01A77
:10BDC00000FB03F3891AB3FBF1F300E00023AA6D33
:10BDD000134403EB830359003046FAF773FF2346FD
:10BDE000002231462846FFF7DFFE70BDF8B50D464C
:10BDF0003C48D8F75FFF012800D0F8BD2846E4F79B
:10BE0000E9FA04462846E4F7E1FA06461D2C08D074
:10BE1000202C26D01B2C45D0332CEED1F76E0025DC
:10BE20004BE090F94F30002BF2DBFEF771FC30460F
:10BE3000FFF70CF996F8503013F0010F08D029469F
:10BE40003046FFF784FC29463046FFF77FFBDFE7EB
:10BE500029463046FFF77AFB29463046FFF777FC44
:10BE6000D6E796F94F30002BC7DA3046FEF750FC84
:10BE70003046FFF7EBF896F8503013F0010F08D07A
:10BE800029463046FFF763FC29463046FFF75EFB44
:10BE9000B3E729463046FFF759FB29463046FFF7FE
:10BEA00056FCAAE764212846D9F753F8A5E762684B
:10BEB00021683046FFF76EFF0135BD429DD229460D
:10BEC00006F16800E3F758FD044607490068D7F714
:10BED00008FE0028EBD06368A26821683046FFF7AF
:10BEE00099FEE9E7207904080876040838B590F847
:10BEF000743013F0380303D0082B0DD0002038BD68
:10BF00000446D9F780FA05462046D9F783FA8542D8
:10BF1000B4BF00200120F2E70120F0E72DE9F0474F
:10BF200082B005460C46002B4ED00B68A3EB620393
:10BF30000B601344013B8B6083694B60036ACB60E9
:10BF40001A224FF440312846DCF7AAF90646019040
:10BF50001B224FF440312846DCF7A2F982460190BB
:10BF600018224FF440312846DCF79AF980460190B8
:10BF700019224FF440312846DCF792F981460190AE
:10BF800004224FF440312846DCF78AF90746019035
:10BF900005224FF440312846DCF782F901902268EF
:10BFA0003E44921B2260A26857443A44A2606268F1
:10BFB0008044A2EB08026260E26800EB09031A44C5
:10BFC000E26002B0BDE8F0874B68A3EB62034B6010
:10BFD0001344013BCB6043690B60C3698B60AFE7DF
:10BFE00038B50C460025C1F8A05091F8A43065F38F
:10BFF000000381F8A430DBB265F3410381F8A4307B
:10C000004FF480712046D7F70BFA10212046D7F75E
:10C0100007FA4FF480612046D7F7EFFC2846DEF799
:10C0200053FE1D2804DC01212046DAF786FD38BDC9
:10C030002846DEF749FE0A30034B83FB0023C11775
:10C04000C1EBE301F0E700BF6766666608B5F5F788
:10C0500015FF08BD08B5F5F764FF08BD08B5F5F78D
:10C0600083FF08BD08B5F5F789FF08BD08B5F5F7EA
:10C0700097FF012802D0022800D0002008BD30B56B
:10C0800085B00446FFF7F2FF94F8A43043F00103B3
:10C0900084F8A430012803D9022806D005B030BDA9
:10C0A00004F13003C4F8A030F8E7E2F759FA02AD22
:10C0B0002946E2F76AFA032229462046D9F729FDE4
:10C0C000812200212046DCF7EBF80190C5B2204622
:10C0D000FFF70CFF94F85030012D0FD078B10022FB
:10C0E000934220D0934224D0D4F8881002988842FA
:10C0F0001FDA04F13003C4F8A030CFE788B923B9C0
:10C10000D4F88C200399914206DB002B56D0D4F84A
:10C1100094200399914251DD04F13003C4F8A0301A
:10C12000BCE70122DCE7D4F8901002988842E0DCFA
:10C13000D8E793420BD093420ED0D4F88030029AC5
:10C140009A4209DD04F13C03C4F8A030A6E7A16FD0
:10C1500002988842F6DBEEE7A36FD4F88020D21A6B
:10C1600002EBD27203EB62020298121A002AB8BFE5
:10C170005242D4F88830D4F89010C91A01EBD1712A
:10C1800003EB61031B1A002BB8BF5B429A420ADD26
:10C1900004F13003C4F8A03094F8A43023F0020373
:10C1A00084F8A4307AE704F13C03C4F8A03094F892
:10C1B000A43043F0020384F8A4306FE723B9D4F825
:10C1C00084200399914204DC43B1E36F039A9A42BD
:10C1D00004DA04F13C03C4F8A0305FE7E36FD4F85D
:10C1E0008420D21A02EBD27203EB62020398121A75
:10C1F000002AB8BF5242D4F88C30D4F89410C91A2F
:10C2000001EBD17103EB61031B1A002BB8BF5B423A
:10C210009A420ADD04F13003C4F8A03094F8A43047
:10C2200023F0020384F8A43038E704F13C03C4F897
:10C23000A03094F8A43043F0020384F8A4302DE732
:10C240002DE9F04784B004460E46E2F789F9054629
:10C25000E2F78CF9012802D004B0BDE8F087284647
:10C26000E2F7B8F90028F7D102AF39462846E2F7DD
:10C270008CF9032239462046D9F74BFC2046FFF7BC
:10C2800035FE07468EB194F8A43013F0010F0CD19F
:10C29000002849D0D4F89820029B9B1A002BB8BFE5
:10C2A0005B4295F828209342D6DBD4F8A030002BCF
:10C2B0003FD0A56B636BED1A812200212046DBF78E
:10C2C000EFFF0190C6B22046FFF710FE94F85080B1
:10C2D000012E32D04FF00009002F3BD01A2200214E
:10C2E0002046DBF7DDFF824601901B22002120461D
:10C2F000DBF7D6FF064601902046D9F784F8A0EB7D
:10C300000A02921BC8451FD0E3699B1B02995B1A66
:10C31000002A42D002EBD271491005FB031393FBB4
:10C32000F2F2636B134438E0D4F89C20039B9B1A11
:10C33000B4E72046FFF7A3FEBBE710B94FF00009B2
:10C34000CAE74FF00109C7E7636903EB0A01029BE3
:10C350005B1ADDE7182200212046DBF7A1FF064625
:10C360000190192200212046DBF79AFF82460190B6
:10C370002046D9F74FF8A0EB0A039B1BC8452FD0E6
:10C38000A26932440399891A03EBD372521005FB58
:10C39000012292FBF3F2636B1344A06B616BD4F840
:10C3A000A02004F13C05AA421FD0E16B8342A8BF44
:10C3B00003468B42B8BF0B46116899423FF44CAF1D
:10C3C0001360A7B14FF400712046D7F729F8204633
:10C3D000D9F7EDFC002223212046D8F7FAFC3BE7F1
:10C3E000226A52440399511ACEE7206BDEE74FF4DC
:10C3F00080712046D7F714F8E9E708B5F5F70FFE86
:10C4000008BD2DE9F047D4B00546E3F7DFFF044649
:10C410002846D8F773FD0746812200212046DBF726
:10C420003FFF0090C5B22046FFF760FD064694F836
:10C430005090012D41D04FF0000A2046FFF7DDFF5C
:10C440008046002E49D02046D8F7E4FF0546B8F1D3
:10C45000000F02D0236B002B36DBD1453BD0236C81
:10C4600050930DF1A0084046E1F72CFA2C97424674
:10C470004FF440312046D7F76EFE33462A4650A986
:10C480002046FFF74BFD509BC4F88830519BC4F801
:10C490008C30529BC4F89030539BC4F894302046A3
:10C4A000FFF7E4FD022830D004F188024146384607
:10C4B000E1F793FA54B0BDE8F08710B94FF0000AE5
:10C4C000BBE74FF0010AB8E7D14502D0A36C509307
:10C4D000C7E7236CFBE7A36CC2E72046D8F793FFBE
:10C4E0000546B8F1000F02D0236B002B04DBD145C9
:10C4F00009D0E36C5193B4E7D14502D0636C5193FA
:10C50000AFE7E36CFBE7636CF4E70DF1A008A02252
:10C5100041466846F1F70AF804F188024146384678
:10C52000E1F75BFA16B3D1451ED0A36C50933346A6
:10C530002A4650A92046FFF7F1FC509BA367519B68
:10C54000E367529BC4F88030539BC4F8843028AD15
:10C55000A02269462846F0F7E9FF04F1780229464F
:10C560003846E1F73AFAA5E7236CDFE7D14502D078
:10C57000636C5193DBE7E36CFBE700002DE9F04FC0
:10C5800087B00C46D748D8F795FB012802D007B0F2
:10C59000BDE8F08F2046E3F71DFF06462046E3F78F
:10C5A00015FF0546FFF762FD0746731E312BEED8D7
:10C5B00001A252F823F000BFFFC6020819C7020803
:10C5C00023C702088FC502088FC502088FC502085D
:10C5D0008FC502088FC502088FC502088FC50208E3
:10C5E00023C702088FC502088FC502088FC502083D
:10C5F0008FC502088FC50208F7C8020875C902086E
:10C60000C7C702088FC502088FC5020881C6020885
:10C610008FC502088FC502088FC502088FC50208A2
:10C6200021C802088FC50208B5C902088FC50208D3
:10C630008FC502088FC502088FC502088FC5020882
:10C640008FC502088FC502088FC502088FC5020872
:10C650008FC502088FC502088FC502088FC5020862
:10C660008FC502088FC502088FC502088FC5020852
:10C670008FC502088FC502088FC50208E7C70208E8
:10C680002046E3F7ABFE0446AB68002B35D09E6A2C
:10C69000D5F888300293D5F88C300393D5F89030D4
:10C6A0000493D5F8943005930DF1080832463146CD
:10C6B0004046E2F713FC002221684046E2F783FD82
:10C6C000207100287FF463AF022F7FF460AFAB6F5F
:10C6D0000293EB6F0393D5F880300493D5F8843040
:10C6E0000593324631464046E2F7F8FB00222168C6
:10C6F0004046E2F768FD207149E70026C8E7E1F708
:10C700002FFF05F198042146E1F73FFF0322214660
:10C710002846D9F7FEF93AE701212846FFF790FDB0
:10C7200035E700212846FFF78BFD95F8A43023F06C
:10C73000010385F8A4300023C5F8A0302846D9F7B6
:10C7400036FB2846D6F7C2FE0646D6F7C3F904469E
:10C75000E1F706FFE1F70AFF04280CD001287FF477
:10C7600016AF2846FFF7C2FB38B34FF400712846D6
:10C77000D7F743F90BE7002C3FF409AF2846FFF742
:10C7800075FC022814D195F8A43013F0020F04D1DF
:10C7900043F0020385F8A430F9E695F8A43023F0BD
:10C7A000020385F8A43000213046D6F771F9EEE691
:10C7B00000213046D6F76CF9E9E64FF4807128463F
:10C7C000D7F71BF9E3E6E1F7CBFEE1F7CFFE04284C
:10C7D00002D002287FF4DBAE95F8A43023F00203E8
:10C7E00085F8A430D3E62846FFF780FB68B14FF404
:10C7F00000712846D7F701F94FF480712846D6F723
:10C800000FFE2846D8F7D8F9C1E64FF480712846C4
:10C81000D7F7F3F84FF400712846D6F701FEF0E79A
:10C820001A224FF440312846DBF73AFD8246029047
:10C830001B224FF440312846DBF732FD06460290BA
:10C8400018224FF440312846DBF72AFD8346029038
:10C8500019224FF440312846DBF722FD07460290AB
:10C8600004224FF440312846DBF71AFD814602903E
:10C8700005224FF440312846DBF712FD8046029036
:10C880002846D8F7C0FD4FEA4903009300EB490959
:10C890002846D8F7BFFD4FEA4802019200EB480353
:10C8A000994521DA2846D8F7AEFD009B03445B107A
:10C8B0005F45B8BF5F465645B8BF5646B742ACBFA6
:10C8C000DB199B199E1C4FF440312846D8F78FF88E
:10C8D00035182046E3F782FD03689D42B8BF1D4628
:10C8E000056054E6447904082846D8F793FD019B77
:10C8F00003445B10DCE72046D8F711FBA0F11103DD
:10C90000032B3FF644AEDFE803F0021E021E95F84B
:10C91000A43013F0020F0DD12846FFF79FFB012230
:10C9200081182846FFF792FB002223212846D8F7DA
:10C9300050FA2CE62846FFF795FB0122811828467D
:10C94000FFF788FBF0E795F8A43013F0020F08D149
:10C950002846FFF783FB0122411E2846FFF776FB9E
:10C96000E2E72846FFF77EFB0122411E2846FFF73B
:10C9700071FBD9E72046D8F7DFFA044695F8A430D2
:10C9800013F0020F0DD12846FFF768FB01220119B1
:10C990002846FFF75BFB002223212846D8F719FA27
:10C9A000F5E52846FFF75EFB012281182846FFF7D0
:10C9B00051FBF0E72046FFF724FDE8E508B540F21B
:10C9C0000470E5F7BDFE034BC3F8F80100B108BDE4
:10C9D000FEE700BF241C0020F0B58BB00446002306
:10C9E0000593069307930893ADF82430D0F8803070
:10C9F000002B23DB012605AFA36F01AD002BB8BFD1
:10CA00005B423E4A0E212846F0F76EFD2846F0F7BD
:10CA10006FFE94F8885005F00F052A1A002A24DDCD
:10CA2000002817DB831800F12801694411F8241C41
:10CA300028336B4403F8241C0138F1E7836F002B83
:10CA400006DB2B238DF8143000260DF11507D3E7F4
:10CA50002D23F7E70023934207DA03F12801694405
:10CA6000302001F8240C0133F5E794F888300F2BBF
:10CA700000D91D09002302E007F8012B01339D4274
:10CA800006DD03F128026A4412F8242C002AF3D1AF
:10CA900094F888200F2A13D92E2207F8012B02E0E0
:10CAA00007F8012B013394F8882002F00F029A4214
:10CAB00006DD03F128026A4412F8242C002AEFD183
:10CAC00005A9204602F086FBD4F8843094F888103B
:10CAD00001F00F0106E00A4A82FB0302DB17C3EBF9
:10CAE000A2030139092BF6DCA94200D90131891BC7
:10CAF000204601F0CDFF0BB0F0BD00BFA4D7030866
:10CB00006766666638B50C4600238B6791F8882007
:10CB100063F3071281F88820D2B2052161F3030282
:10CB200084F888200125C4F884500E4AE2670E4A32
:10CB3000C4F8802094F8892063F3000284F88920E7
:10CB4000D3B2022262F3420384F889302946204698
:10CB500001F0ADFD2946204601F0A0FD2046FFF77B
:10CB60003BFF38BD9F8601006179FEFF90B108B59B
:10CB70000246D0F88430084981FB0301DB17C3EB80
:10CB8000A103012BB8BF0123C2F884301046FFF780
:10CB900023FF08BDFEE700BF67666666C0B108B543
:10CBA0000146D0F88030002BB8BF5B42C26F934281
:10CBB000B8BF1346D0F8842002EB82025000B3EBDA
:10CBC000420F01DBC1F884000846FFF705FF08BDEE
:10CBD000FEE7A0B108B50346816F002910DB0846C7
:10CBE000D3F884200244D86F824216DD93F889205E
:10CBF00012F0010F10D088420BD002460DE0FEE784
:10CC0000D0F884000844002801DD4042E8E70846E7
:10CC1000E6E7D3F8802000E002468A4200D108BD52
:10CC20009A671846FFF7D8FEF9E758B108B50246EB
:10CC3000816F002909DDD0F88430C81A002802DB92
:10CC40000B4603E0FEE75B1A00E00B46D2F88400D7
:10CC50001B1AD2F8800083420BDA92F8893013F065
:10CC6000010F05D0884201D0034602E0D36F00E0F7
:10CC700003468B4200D108BD93671046FFF7ACFE18
:10CC8000F9E7000070B50C466648D8F713F801289C
:10CC900000D070BD2046E3F79DFB06462046E3F733
:10CCA00095FB05460B2E13D0112EF2D1E1F758FC5F
:10CCB000E1F75CFC06462046E3F790FB0168A1F132
:10CCC0001103032B00F2A980DFE803F09FA38B95EB
:10CCD000E1F746FCE1F74AFC042828D0284601F099
:10CCE00028FD0446F0F704FD2B6DE25C2E2A5AD095
:10CCF00083425CD01BB9D5F88030002B5CDB2B6DF8
:10CD000095F88820B3EB121F02D90F2A00D9013BF6
:10CD100095F8881001F00F010139C91AD5F8803053
:10CD2000002B4EDB0123C5F88430002253E0284657
:10CD3000D6F7CCFBD5F7CEFE0028CFD095F88820CB
:10CD400002F00F02012AA4D995F8893003F00603F6
:10CD5000042B12D1D5F88430012B03DD2846FFF7D0
:10CD600005FF96E7023A0A200021E4F798F8C5F893
:10CD700084002846FFF712FF8BE7D5F88460F4178C
:10CD8000013A0A200021E4F78AF886428C4103DA4E
:10CD90002846FFF703FF7CE70A23C5F884302846BE
:10CDA000FFF7E4FE75E7284602F089FAA7E7411E7F
:10CDB000284601F06DFEA2E70121284601F068FE39
:10CDC0009DE70131AEE7D5F8843003EB83035B00C8
:10CDD000C5F8843001329142F5D82846FFF7FCFDB2
:10CDE00057E7042E03D02846FFF7C0FE51E7284638
:10CDF000FFF7EFFE4DE7042E03D02846FFF7CEFEE7
:10CE000047E72846FFF711FF43E72846FFF7E1FE13
:10CE10003FE72846FFF709FF3BE7284602F00CF9F9
:10CE200037E700BF6879040808B5F4F756FB08BD7A
:10CE300008B5F4F78DFB08BD002850D0F0B59BB0C5
:10CE40000F4615460646416682660021E1F7F4FD6D
:10CE500002AC2046E1F7D6FD31462046E1F77AFEE6
:10CE60001F492046E1F778FE4FF0FF312046E1F7F9
:10CE70008CFE39462046E1F771FE05F5B47229466D
:10CE80002046E1F770FE2046E1F798FF154920465D
:10CE9000E1F76FFE4FF480630093002340F25122CC
:10CEA0004FF4D7712046E1F77DFE4FF4B4720021B4
:10CEB0002046E1F758FE0C492046E1F74DFE20469A
:10CEC000E1F77CFF4FF4B47200213046F4F753FCD5
:10CED0004FF487713046F4F7E9F91BB0F0BDFEE777
:10CEE00031CE020837EB000829CE020810B50C46F7
:10CEF00002212046D6F794FAC8224FF47A712046D0
:10CF0000FFF79AFF10BD08B500684FF0FF330363C9
:10CF1000D8F74DFF08BD08B50163D8F748FF08BD35
:10CF200008B508460021E1F787FD08BD58B12DE995
:10CF3000F04198B0044690F82C3013F0010F03D163
:10CF400018B0BDE8F081FEE775220021DBF7A8F9F3
:10CF5000054600900028F3D02046D6F7A5FA00F049
:10CF60000400276BB7F1FF3F2AD098B34FF48078C5
:10CF7000A7EB0806002EB8BF764205FB06F6360A78
:10CF800000212046E1F758FD6846E1F73BFD2146C8
:10CF90006846E1F7DFFD11496846E1F7DDFD4246ED
:10CFA00039466846E1F7DFFD0D496846E1F7E5FDE2
:10CFB00031466846E1F7D2FD6846E1F7FFFEBFE77C
:10CFC00018B14FF480780027D2E74FF000084FF4F3
:10CFD0008077CDE74FF00008CAE700BF17CF0208FF
:10CFE00007CF02082DE9F043DBB00546E3F7EEF981
:10CFF00004462846D7F782FF054656AF39462046F5
:10D00000D8F741FA2EAE3046E0F75CFC3295324656
:10D010004FF400312046D7F79EF83A46314628466D
:10D02000E0F7DBFC63692A93A3692B93E3692C93F4
:10D03000236A2D9304F114073846E2F7BAF806463E
:10D040003846E2F7BBF894F8343003F00703012BBD
:10D0500003D0022B73D0864271DB2046D8F7DAF971
:10D0600006463846E2F7A5F8A0EB0608276BB7F1AD
:10D07000FF3F57D008FB07F7002F51DB3F128122FB
:10D0800000212046DBF70CF90190C0B2012853D0F3
:10D090002A9B3B442A93012EB8BF0126013E33440C
:10D0A0002C931A224FF440312046DBF7F9F88046E2
:10D0B00001901B224FF440312046DBF7F1F8074680
:10D0C000019018224FF440312046DBF7E9F806467C
:10D0D000019019224FF440312046DBF7E1F801902E
:10D0E0002A9AA2EB08022A922C9A3A442C922B9A62
:10D0F000921B2B922D9A02442D9202AE3046E0F7FD
:10D10000E1FB069532464FF440312046D7F723F82D
:10D110002AAA31462846E0F760FC5BB0BDE8F08300
:10D12000FF37ABE72046D6F7BFF910F0040F01D068
:10D130004746A4E70027A2E7A8EB0707A8E7204691
:10D14000D8F761F906463846E2F738F8A0EB06084A
:10D15000276BB7F1FF3F19D008FB07F7002F13DB50
:10D160003F12812200212046DBF79AF80190C0B2DD
:10D17000012815D02D9BDB1B2D93012EB8BF012656
:10D18000013E9B1B2B938CE7FF37E9E72046D6F740
:10D190008BF910F0040F01D04746E2E70027E0E7E3
:10D1A000A8EB0707E6E700002DE9F04182B00C4646
:10D1B0003948D7F77FFD012802D002B0BDE8F081E1
:10D1C0002046E3F707F905462046E3F7FFF8064651
:10D1D0001B2D07D0282D4CD01D2DEED12046FFF75A
:10D1E00001FFEAE71A224FF44031DBF759F8804695
:10D1F00001901B224FF440313046DBF751F80746CF
:10D20000019018224FF440313046DBF749F80546CB
:10D21000019019224FF440313046DBF741F801907C
:10D220008542B8BF05464745B8BF4746BD42B8BF6F
:10D230003D4602354FF440313046D7F7D8FB054420
:10D240002046E3F7CBF8074603689D42B8BF1D466A
:10D2500005604FF400313046D7F7C9FB854202DD47
:10D2600038683860A9E74FF400313046D7F7BFFB84
:10D27000F7E72046D7F77BFE04463046D6F714F989
:10D28000604010F0040F98D03046FFF74FFE304654
:10D29000D8F78DFD91E700BFB079040810B50C46B2
:10D2A0004FF0FF330B6391F8343023F0070381F81C
:10D2B000343010212046D6F7B3F808212046D6F79F
:10D2C0009CFB4FF480612046D6F797FB10BD2DE9FB
:10D2D000F04F89B080468B4601921C46DDF854A081
:10D2E0001046E1F728F900EB0A09169B9944D8F893
:10D2F00030300BFB03FB0027049705970697079731
:10D300000494129B05935E462EE09CF8003013F0C7
:10D31000020F10D00198E1F70EF900EB0A03169AFC
:10D3200013444B451EDD0198E1F705F900EB0A09AE
:10D33000169B994416E0139B149A9A18069B9B1A05
:10D34000069351F80E1004AB019A083102A8E5F7D4
:10D3500017F8039B5344169A13449945B8BF99464E
:10D360002E44274601360137D8F8302002EB0B0354
:10D37000B34223D9D8F838104FEA860E51F826C0A8
:10D38000BCF1000FEED0D8F8400050F827300693DB
:10D3900000257C19531E9C42B7D2731951F82330D3
:10D3A000002BB2D01B7813F0010FAED0013450F82F
:10D3B0002440069B234406930135EAE7484609B01A
:10D3C000BDE8F08F2DE9F04F8DB005460C461A22CE
:10D3D0004FF4A021DAF764FF83460B901B224FF431
:10D3E000A0212846DAF75CFF82460B9018224FF402
:10D3F000A0212846DAF754FF81460B9019224FF4FA
:10D40000A0212846DAF74CFF07900B9066224FF4D4
:10D41000A0212846DAF744FF08900B9067224FF4CA
:10D42000A0212846DAF73CFF07460B904D224FF427
:10D43000A0212846DAF734FF09900B900A224FF416
:10D44000A0212846DAF72CFF06460B900B224FF45A
:10D45000A0212846DAF724FF80460B903A4657462B
:10D4600033465E469B46924617E0079B0493CDF8F1
:10D470000C9002970196CDF800A0089B099A2146CE
:10D480002846FFF724FF4045A8BF4046EB6B5845B0
:10D49000B8BF584643F8240001346B6BA342E4D86C
:10D4A0002846D8F7A6FA2846D8F781FC0DB0BDE883
:10D4B000F08F2DE9F04184B004460D461646E1F7A1
:10D4C0004FF8E1F753F801280DD003280BD016B11F
:10D4D0004FF6FF73336015B14FF6FF732B600020DA
:10D4E00004B0BDE8F081E1F73BF802A9E1F74DF89F
:10D4F000A6B3029F2046D9F72CFC074481220021C5
:10D500002046DAF7CDFE0190C0B2012817D063693A
:10D51000FF1A1A2200212046DAF7C2FE0190381ABB
:10D52000002232603368216B8B4215D2216C51F896
:10D5300023100A44904230DB01333360F2E7D4F821
:10D540001C801B2200212046DAF7AAFE0190A8EBDE
:10D550000008A8EB0700E3E7002600E0002605B37B
:10D56000039F2046D9F7FCFB0744A369FF1A182242
:10D5700000212046DAF794FE0190381A00222A6032
:10D580002B68616B8B420AD2E16B51F823100A447D
:10D5900090420BDB01332B60F2E70126DFE700232B
:10D5A00000E0002326B12BB9002099E70123F9E719
:10D5B000002095E7012093E72DE9F04383B004466E
:10D5C0000F4616461D4600232B6006E02A68216C94
:10D5D00051F823100A442A600133B342F6D34FF0C6
:10D5E0000008414605E0236C013053F82030984490
:10D5F00001318819236B5A1E904209D2A26B07FB96
:10D60000031352F823301BB11B7813F0010FEAD13A
:10D61000812200212046DAF743FE0190C0B20128A2
:10D6200018D02046D9F795FB2B681B1A2B601A22BD
:10D6300000212046DAF734FE01902B6803442B606A
:10D64000226C52F8262042441344013BAB60002375
:10D650006B6022E02046D9F77CFB2B6803442B60EB
:10D660002046D7F7D0FE2B68A0EB03091B22002130
:10D670002046DAF715FE0190A9EB0003AB60226C9F
:10D6800052F8262042449B1A2B60E0E76A68E16B5F
:10D6900051F823100A446A600133BB42F6D31822C2
:10D6A00000212046DAF7FCFD01906B6803446B60B3
:10D6B0002046D9F755FB6B68181A6860E36B53F87E
:10D6C000273018440138E86003B0BDE8F08330B576
:10D6D00085B004466B46426C816CFFF76DFF009984
:10D6E000002910DB029D2046D7F78DFE854210DD14
:10D6F0002046D7F788FE012300220299411A2046CE
:10D70000D9F744FD05E00123002249422046D9F71C
:10D710003DFD019A002A10DB039D2046D7F77AFED3
:10D72000854210DD2046D7F775FE0123039A821A41
:10D7300000212046D9F72AFD05E0012352420021AD
:10D740002046D9F723FD05B030BD2DE9F04FADF5EA
:10D75000397D0446E2F73AFE83462046D7F7CEFBF2
:10D760000746059000F134020BF11401B4A8E1F76B
:10D77000CFFB18B90DF5397DBDE8F08FB0AD07F1DD
:10D78000340494E80F0085E80F00B8AB13E90F00EC
:10D7900084E80F00382200215846DAF781FD8146DF
:10D7A0001A90182200215846DAF77AFD08901A904C
:10D7B000192200215846DAF773FD09901A901A22AF
:10D7C00000215846DAF76CFD06901A901B220021C2
:10D7D0005846DAF765FD07901A90BBF828100D91AE
:10D7E0000024ABF828409BF82A3043F008038BF85C
:10D7F0002A3082AD2846E0F765F886972A464FF42E
:10D80000A0215846D6F7A7FC3CAD2846DFF76AFAB8
:10D8100040972A464FF4A0215846D6F7F0FE0D99BE
:10D82000ABF828109BF82A3064F3C3038BF82A3036
:10D83000DBF81830089A13445D1E5846D9F790FA61
:10D840002B1A4B44AD93AA94AC945846D9F781FA5D
:10D850008046812221465846DAF722FD1A90C7B247
:10D86000CDF82C80CDF83090A146DA46A346A3E14E
:10D87000DAF81C30079A9B1A013B0B9A9B1A0C9AF8
:10D880009B1AAA93B7E10023029324E1AA9B013BD0
:10D89000AC93DAF8400050F826001B1A0133AA9323
:10D8A00026E1AA98001BAA9001357419531E9C42C8
:10D8B00013D209EB050351F8233073B11B7813F031
:10D8C000010F0AD0DAF84030013453F82440012F18
:10D8D000E7D0AC9B2344AC93E6E70194AD9BB59AAB
:10D8E0009342C0F20781DDF8A8E2CDF838E0AB99A9
:10D8F0000F91DDF8B0C2CDF840C011939DF88802B9
:10D9000000F01F0210F0040F0BD0DAF81400069C90
:10D910002044704505DAA19800EBD070AEEB6000B2
:10D920000E9012F0020F0BD0DAF81800089C204479
:10D93000884205DAA19800EBD070A1EB60010F914D
:10D9400012F0080F0FD0DAF81C100798091A0139E5
:10D95000614508DDA19901EBD17001F0010101EBF6
:10D9600060016144109112F0010F0FD0DAF820200D
:10D970000999521A013A934208DAA19A02EBD2713C
:10D9800002F0010202EB610213441193DAF848300D
:10D99000434504D1DAF84430B34200F0AF80A0220E
:10D9A00082A95AA8EFF7C2FD78223CA90DEB02002C
:10D9B000EFF7BCFD5AA9C1F80880CE60CDF8808091
:10D9C00021960EAA0598E0F708F8DAF8383053F8EF
:10D9D0000B30002B6BD01A224FF4A0215046DAF7FF
:10D9E0005FFC03901A901B224FF4A0215046DAF7F7
:10D9F00057FC04901A9018224FF4A0215046DAF7F1
:10DA00004FFC04461A9019224FF4A0215046DAF731
:10DA100047FC03461A900022129213921492159218
:10DA20002E9912912D9A1392AA9A03990A4416A834
:10DA30000260AC9A0499521A8260AB9A2244426006
:10DA4000AD9AD21AC260E1F7B4FB1490029B13F0B6
:10DA500002060BD001228DF854209DF8E030DA0840
:10DA600042F0010262F3C7038DF8E030DAF8383093
:10DA700053F80B1012AB499A0831AEA8E4F780FCBA
:10DA800076B90A9B03EBD373AB9A02EB6302AF9BAD
:10DA900003EBD3735B105B42D0181790D21A199224
:10DAA000AAAAB4A91AA8E1F733FA00286AD14D440A
:10DAB00005F10109019E0136DAF83020B24279D928
:10DAC000DAF838104FEA890B51F82930002B3FF46F
:10DAD000DAAE1B780293012F3FF4D8AEAC9B013332
:10DAE000AA93DAF8400050F826000344013BAC93B7
:10DAF0000025DAE6A94409F10109DBE7BAF8283084
:10DB000013F4807F04D113F0800202D0802200E061
:10DB1000002213F0080F01D042F0080213F0100F9A
:10DB200001D042F0100213F0200F28D042F0200262
:10DB3000AAF828209AF82A3043F008038AF82A30F5
:10DB40005AA8DFF7BFFE059C5E941EA8DFF7CAF84F
:10DB500022945AAA4FF4A0215046D6F7FCFA1EAAE6
:10DB60004FF4A0215046D6F74AFD0D9BAAF8283065
:10DB70009AF82A3023F008038AF82A301AE7002A94
:10DB8000D6D10CE71AAB059C04F134060FCB86E81E
:10DB90000F00DAF8383053F80B3008331EA98B62C7
:10DBA00016AA2046DFF7EBF8B8AB13E90F0086E8BA
:10DBB0000F007CE708F1010BDAF834305B451DD922
:10DBC000DAF83C3053F82B200A92AD9B0133AB932B
:10DBD0009A18013AAD92B79A93420FDC012F3FF4A5
:10DBE00047AEDAF81430069A1344013B0B9A9B1A9D
:10DBF0000C9A1344AC930026D8465DE7059C343458
:10DC0000B0AB0FCB84E80F00B4E5000070B582B074
:10DC10000C46A248D7F74EF8012801D002B070BDDB
:10DC20002046E2F7D7FB05462046E2F7CFFB064643
:10DC30006B1E342BF2D801A252F823F055DD0208F6
:10DC400055DD02081DDC02081DDC02081DDC02088F
:10DC50001DDC02081DDC02081DDC02081DDC0208B8
:10DC60001DDC020883DD02081DDC02081DDC020841
:10DC70001DDC02081DDC02081DDC0208D5DD0208DF
:10DC80001DDC0208CFDD02081DDC02081DDC0208D5
:10DC90001DDC02081DDC02081DDC02081DDC020878
:10DCA0001DDC02081DDC02081DDC020893DE0208F0
:10DCB0001DDC02081DDC02081DDC02081DDC020858
:10DCC0001DDC02081DDC02081DDC02081DDC020848
:10DCD0001DDC02081DDC02081DDC02081DDC020838
:10DCE0001DDC02081DDC02081DDC02081DDC020828
:10DCF0001DDC02081DDC02081DDC02081DDC020818
:10DD00001DDC020811DD02081DDC020819DD020815
:10DD10000021FFF757FB81E72046E2F75FFB002178
:10DD20000B4604E0326C52F8232011440133326B6D
:10DD30009A42F7D80022134604E0F46B54F82340CB
:10DD400022440133746B9C42F7D801390160013AD7
:10DD5000426063E76A4601A9FFF7ABFB01287FF445
:10DD60005DAF726C009B9A4204D1B16C019A9142F2
:10DD70003FF454AF7364019BB3643046D8F717F88F
:10DD80004CE7D8F714F8E0F7EBFBE0F723FC726CF4
:10DD90004FF6FF739A4203D0B26C9A4200D068B13A
:10DDA000E0F7DEFBE0F7E2FB012802D003287FF476
:10DDB00035AF4FF6FF737364B3642FE7002223215E
:10DDC0003046D7F706F801287FF428AFE8E7D7F701
:10DDD000EEFF23E72046E2F701FB0468716C0A4678
:10DDE000B06C03464FF6FF75A94212D0A84210D07E
:10DDF000D6F830C08C4500DC0022756B854200DC13
:10DE00000023113C032C3FF609AFDFE804F017199B
:10DE1000150C00237364B3643046FFF758FC30469A
:10DE2000D7F7C5FFFAE6013A94450EDC6A1E9A421E
:10DE300008DD013300220AE00132F5E7013BF3E798
:10DE40000133F1E70CF1FF3201E0002A16DB9D42BD
:10DE50001BDC6B1E1446914202D198423FF4DEAEA9
:10DE60007464B3643046D7F7A2FF3046FFF72FFC47
:10DE7000002223213046D6F7ACFFCFE61BB10CF1D0
:10DE8000FF32013BE3E71A46E1E7002BE2DA002329
:10DE9000E0E72046FFF759FCC0E600BFD47904084C
:10DEA00038B50D46002400E001342B6B6A6B02FB91
:10DEB00003F3A3420BD9AB6B53F824000028F3D033
:10DEC000E4F75AFCAB6B002243F82420ECE7A86B84
:10DED00008B1E4F751FCE86B08B1E4F74DFC286C9D
:10DEE00008B1E4F749FC38BD10B50C4601230B63BB
:10DEF0004B630420E4F724FC2064606B8000E4F7AB
:10DF00001FFCE063226C82231360E26B1360616B81
:10DF1000236B03FB01F18900A06BE4F737FCA063DE
:10DF2000002303604FF6FF73A364636410BD08B160
:10DF3000006B7047FEE708B50121DBF725FA08BD45
:10DF400008B50021DBF720FA08BD70B138B50C46E2
:10DF50000546FFF7F5FF95F8343013F00C0F05D0A8
:10DF60002146D7F79EF9AC6338BDFEE72146D7F7C7
:10DF70007FF9F8E760B12DE9F0410C4605464B1EEC
:10DF8000072B09D8DFE803F0333708050808082F06
:10DF9000FEE70121EDF7C4F92846FFF7D1FF074658
:10DFA0002846FFF7C8FF0646042C2AD027D8631E50
:10DFB000DBB2012B3DD83949D7F773F9012130463F
:10DFC000EDF7D0F901213846EDF7AAF901213046E5
:10DFD000EDF7A6F900213046D8F77EFE0321304642
:10DFE000D8F787FE25E00921EDF79AF9D4E700215B
:10DFF000EDF796F9D0E70821EDF792F9CCE7082C78
:10E0000017D126493046D7F733F901213046EDF7CD
:10E01000A9F900213846EDF783F900213046EDF7E4
:10E020007FF903213046D8F757FE00213046D8F754
:10E0300060FE95F8343003F00C03003B18BF012359
:10E0400004F00C08B8F1000218BF0122934207D176
:10E0500085F83440A96B2846FFF777FFBDE8F081CB
:10E060002846DBF76FF9DCF72FFE0646B8F1000F04
:10E070000AD06420E1F7E8FB014606EBD676721081
:10E080003846D7F727F9E3E76420E1F7DDFB0246DE
:10E0900031463846D7F71EF9DAE700BF64000020A2
:10E0A000F8B50C46002681F834601B490A46204624
:10E0B000D7F710F92046D5F72DF92046D5F72AF9DC
:10E0C00005463146EDF72CF9144F334634223946D4
:10E0D0002846D6F7ACFE33460E2239462846D6F7F8
:10E0E000A6FE31462846D8F7CFFD2046DBF72AF9B1
:10E0F000DCF7EAFD00EBD0704010A063042120465D
:10E10000FFF738FF80212846D5F777FC4FF4806170
:10E110002846D5F785F9F8BD6400002055E20208CD
:10E1200030B108B5FFF70CFF0249DBF7B7F908BDBE
:10E13000FEE700BF54700408002839D02DE9F047ED
:10E1400082B00D46904604460163FFF7F4FE074691
:10E150002046FFF7F5FE06462046FFF7E1FF854221
:10E1600057D2002F55D02046D8F706FA94F834300D
:10E1700013F00C0F26D01E2200213846DAF790F853
:10E18000824601903846D7F758F98146812200210E
:10E190002046DAF785F80190C3B2012B09D009EBCC
:10E1A0000A01424605FB01F13846D9F75FF81AE04B
:10E1B000FEE76942D144424601FB09F13846D9F7EE
:10E1C00055F810E01D2200213846DAF769F80446B8
:10E1D00001903846D7F744F90119424605FB01F191
:10E1E0003846D9F757F80C4A00213046DBF7E3F8F8
:10E1F00000240CE0AC4214BF002201220421D5F718
:10E20000FFF80134044A21463046DBF7D4F80028F1
:10E21000F0D102B0BDE8F0875470040838B50C4660
:10E220000B48D6F747FD012800D038BD2046E2F75D
:10E23000D1F805462046E2F7C9F80446322DF4D15C
:10E24000FFF775FE014600222046FFF775FFECE759
:10E25000F879040870B584B00446E2F7B7F80546CB
:10E260002046E2F7B7F804462846DBF75AF8064698
:10E27000342C03D00E2C09D004B070BDFFF757FE2C
:10E28000014600223046FFF757FFF5E7E0F768F94F
:10E2900010B1037A012BEFD002A92846D8F784FEEB
:10E2A00096F8343013F00C0F1CD02846D7F7C5F879
:10E2B0000446812200213046D9F7F2FF0190C0B216
:10E2C000012807D004EBD472029B03EB620393FB9B
:10E2D000F4F411E004EBD472029BC3EB620393FBF2
:10E2E000F4F409E02846D7F7BBF800EBD073039CA1
:10E2F00004EB630494FBF0F4002C16DB3046FFF7CC
:10E3000016FE2546A04212D00124E0F729F980B17B
:10E31000012229463046FFF70FFF002CACD0002227
:10E3200023213046D6F755FDA6E70024E6E7002472
:10E33000EBE7002229463046FFF7FEFEEDE7704787
:10E3400008B50249E0F778FB08BD00BF3FE30208CB
:10E3500090F8683003F001038B4223D070B584B08D
:10E36000F1B1012290F8683062F3000380F8683060
:10E37000436D0093816D0191C56D0295046E039408
:10E38000066B726913440093B369194401912A44DE
:10E390000292234403936946D7F7F6FC04B070BD9C
:10E3A0000022DFE77047000070B598B0064675227E
:10E3B0004FF4C021D9F774FF009058B9184930467E
:10E3C000E0F73AFB96F8683043F0010386F86830CE
:10E3D00018B070BD04466846E0F714FB3146684645
:10E3E000E0F7B8FB0E496846E0F7B6FB2146684601
:10E3F000E0F7B4FB21466846E0F7C3FB00220121A9
:10E400006846E0F7B0FB07496846E0F7B2FB4FF01B
:10E41000FF316846E0F7B9FB6846E0F7CFFCD7E785
:10E4200051E3020827EB00082DE9F043A3B00546AD
:10E43000E1F7CCFF04462846D6F760FD0546206B81
:10E44000F9F764FD03781BB9636B0BB11B7813B943
:10E4500023B0BDE8F08304AE3046DEF743FC0895F8
:10E4600032464FF400212046D6F7C9F894F87430AC
:10E4700013F0080F08D09DF87830DA0842F0010256
:10E4800062F3C7038DF878301A2200212046D9F7AD
:10E4900007FF074600901B2200212046D9F700FF06
:10E4A00081460090182200212046D9F7F9FE064641
:10E4B0000090192200212046D9F7F2FE80460090F4
:10E4C000382200212046D9F7EBFE03460090D4F80D
:10E4D00014C0CDF800C0A0690190E1690291226AE0
:10E4E00003921F44674400979944A1EB09010291EC
:10E4F0001E44064401964344D21A0392636B0E9362
:10E500006A4604A92846DEF73AFCA1E72DE9F04F58
:10E51000D1B00546E1F75AFF04462846D6F7EEFC8F
:10E520000546206BF9F7F2FC94F8683013F0010F00
:10E5300002D151B0BDE8F08F064627AF3846DFF76D
:10E54000C1F92B953A464FF4C0212046D5F703FE7A
:10E55000636D2393A16D2491D4F85CC0CDF894C071
:10E56000206E2690D4F830E0DEF814201344239374
:10E57000DEF818301944249162442592034426930E
:10E5800023AA39462846DFF728FA38224FF4C0215B
:10E590002046D9F785FE074601901A224FF4C02184
:10E5A0002046D9F77DFE019000EB070818224FF4B2
:10E5B000C0212046D9F774FE019007440DF1840B69
:10E5C0004FF0000ACDF884A0CDF888A0636E1E44F9
:10E5D000214B1B6830469847024631465846EEF7B5
:10E5E000A5FF239B43442393249B3B4424935C2219
:10E5F0005146206BD9F754FE0190ADF83C01000C58
:10E600008DF83E014F9BADF880301B0C8DF88230A9
:10E6100002AE3046DEF766FB069532464FF4C02167
:10E620002046D5F7ECFF9DF8D630022B06D820996E
:10E63000B06BE1F7B3FA00287FF47BAF02A921ABFE
:10E640008B6291F8693043F0010381F8693023AAA5
:10E650002846DEF794FB6CE7C46F040810B50C463F
:10E66000886B18B1E4F788F80023A363E06B18B156
:10E67000E4F782F80023E363606B18B1E4F77CF8F9
:10E680000023636394F8743013F0100F02D000235A
:10E69000236410BD206CE4F76FF8F8E730B190F810
:10E6A000682061F3410280F868207047FEE748B3B4
:10E6B000F8B50C46054690F87430C3F3C0038B429E
:10E6C0001FD001B390F8743043F0080380F8743021
:10E6D0006FF0404714BB00263946286BD6F7C8FDBB
:10E6E00000223146286BDAF7E0FCE4B16FF04041DC
:10E6F0002846D6F7D6FD00231A4619462846D8F7ED
:10E70000DDFDF8BDFEE790F8743023F0080380F8D3
:10E7100074306420E1F798F80746DBE76420E1F7FE
:10E7200093F80646D8E7002202212846DAF74CFA89
:10E73000E1E738B108B590F8742012F0040F02D068
:10E74000806B08BDFEE7006BF9F7E0FBF9E700001E
:10E7500070B582B004460D46436C8BB9236CDBB1B7
:10E760001B78DBB100230193206C019BC35C8BB150
:10E770000C4B1B6801A99847A842F5D101200EE077
:10E78000094B1E68FFF7D5FFB047636C9842E5D38D
:10E79000002004E0002002E0012000E0012002B09F
:10E7A00070BD00BFBC6F0408AC6F040808B1006DF9
:10E7B0007047FEE72DE9F04F91B004464D2200214D
:10E7C000D9F76EFD05460590672200212046D9F74E
:10E7D00067FD029005902046FFF7E8FF8146206B19
:10E7E000F9F794FB06460390764B1B684946984719
:10E7F0000746754BD3F800A006EB000B00215846E6
:10E80000D04706462846DFF796FE01900D2E47D8E2
:10E8100042F20143F34013F0010F43D020210022C4
:10E820002846DFF773FE804600900EAA4946206B0B
:10E83000F9F770FBD4F830904846F9F767FB0246C9
:10E8400000214846D9F7E9FE226B51690E9B0B4423
:10E850004344D26993422DDD94F8743013F0080FCD
:10E8600028D1032826D000230E93029B019A13443B
:10E870000F9A1A440F92BEB1544B1B6858469847E2
:10E880000744002103983844D04701460D280CD88E
:10E8900042F20143C34013F0010F06D0202104E0EF
:10E8A0003146BCE73146BAE7202100222846DFF78F
:10E8B0002DFE0090676638224FF4C0212046D9F71C
:10E8C000EFFC0546059018224FF4C0212046D9F7E9
:10E8D000E7FC059000EB050819224FF4C021204603
:10E8E000D9F7DEFC059000EB05091A224FF4C02190
:10E8F0002046D9F7D5FC059046191B224FF4C021BC
:10E900002046D9F7CDFC059000EB050A66220021D0
:10E91000206BD9F7C5FC05900E9DAE1B00EBD072A5
:10E92000A6EB62060A960F9FA7EB0808CDF82C808D
:10E930005544009B1D44013D431C03EBD37305EB81
:10E9400063050C954F44019B1F44013F0D97636D78
:10E950000693A16D0791D4F85CC0CDF820C0206E5D
:10E960000990D4F830E0DEF8142013440693DEF862
:10E9700018301944079162440892034409930DF139
:10E98000180949462046D7F7FFF96665C4F858804C
:10E99000E56527660696CDF81C8008950997236BD8
:10E9A00059690E4406969A6908EB020307930D44D1
:10E9B00008951744099749462046D7F7E5F911B05D
:10E9C000BDE8F08FB46F0408BC6F0408C46F04087E
:10E9D000F0B585B004460E46006BD7F7CDFD4D224D
:10E9E00000212046D9F75CFC0546019002AA314679
:10E9F000206BF9F78FFA2846DFF79DFD0646039D49
:10EA00002046D8F7B4F9854228DB2046D6F728FD02
:10EA10000746039D35442046D8F7A9F92D1ABD4273
:10EA200022DC029D2046D8F7F9F9854224DB2046F6
:10EA3000D6F703FD02998B19834223DD091A0122BF
:10EA400031442046D8F712FC029BE3642046FFF7CE
:10EA5000ABFC2046FFF7AEFE05B0F0BD01220399E6
:10EA60002046D8F717FCD0E70399C91B012231448F
:10EA70002046D8F70FFCD4E7012202992046D8F7A8
:10EA8000F5FBD4E7012200212046D8F7EFFBDBE7B6
:10EA9000F0B170B50C460546036D8B4217D00E4B96
:10EAA0001E68006BF9F732FAB047002C11DB0646FE
:10EAB000A04204DB47F6FF739C4200D026462E6539
:10EAC0002846D7F759FD31462846FFF781FF70BD2C
:10EAD000FEE70444EBE700BFAC6F04082DE9F0410A
:10EAE0008AB00546DFF73CFD48B106462846E1F707
:10EAF0006DFC044690F8683013F0020F02D10AB0A2
:10EB0000BDE8F0813046DFF731FD0228F7D030460E
:10EB1000DFF72CFD0428F2D006A9206BD6F733FCD2
:10EB200004A93046DFF731FD02A93046DFF75FFD6B
:10EB3000049B002BE3DB059A002AE0DB06995B1AB5
:10EB40000093079BD21A01922846E1F743FC054641
:10EB5000206BD6F758FC266B009B002B13DB8342FF
:10EB600003DB012247F6FF770FE0012269463046BA
:10EB7000F9F7A6FA07466946206BF9F709FE80F017
:10EB80000102D2B201E00122002794F8743013F0A0
:10EB9000020F0DD013F0010302D10AB9012D32D0BA
:10EBA0000BB1022D3FD01BB1032D3ED00B2D3CD01D
:10EBB00094F8743013F0010F01D1012D03D13946BF
:10EBC0002046FFF765FF94F8743013F0010F96D0DC
:10EBD000E26E236F9A422ED9B16C8B4202D1F16C56
:10EBE0008A4205D0B364E36EF3642046D7F7DFF8BA
:10EBF000032D01D00B2D82D194F8743023F0010342
:10EC000084F874307BE7E7664FF6FF73236794F868
:10EC1000743043F0010384F874304FF4407120469F
:10EC2000D4F7FEFBC4E72767C2E74FF440712046E4
:10EC3000D4F7E3FEBCE79A420CD2B16C8A4202D10F
:10EC4000F16C8B42D4D0B264236FF3642046D7F7C3
:10EC5000AEF8CDE7B26C4FF6FF739A4202D1F26C78
:10EC60009A42C5D04FF6FF73B364F3642046D7F7DA
:10EC70009EF8BDE770B50C4691F8743023F004039C
:10EC800081F8743000258D63CD6340F2DC538B64D2
:10EC90000D6491F8743043F0100381F874304D64C2
:10ECA00091F8683043F0010381F8683001230B6567
:10ECB00091F8683043F0020381F86830CD6491F830
:10ECC000743065F3C30381F87430DBB265F341033C
:10ECD00081F874300D634D630846F9F741F8064634
:10ECE00020636420E0F7B0FD01463046D6F7C0FA55
:10ECF0001149206BF9F740F8104E2B46332231466C
:10ED0000206BD6F794F82B4632223146206BD6F78B
:10ED10008EF84FF480612046D4F76FFE4FF4006107
:10ED20002046D4F77DFB29462046FFF7B1FE20465A
:10ED3000FFF73AFB70BD00BF5CD0030841ED02084D
:10ED400070B50546E1F746FB04462846E1F73EFB71
:10ED50000646DAF7E6FA323C012C00D970BD0546CA
:10ED600000213046F9F708F82846FFF723FD28462A
:10ED7000FFF71AFBF2E7000018B10346C06B08B1B9
:10ED80007047FEE700B58BB04D2200211846D9F739
:10ED900087FA0190002342F2220202A9DFF75AFB10
:10EDA00010B902480BB000BD0148FBE7C8D4030806
:10EDB000FCD703082DE9F84390F8743013F0040FE2
:10EDC00001D1BDE8F8830546006BF9F79FF8184BB1
:10EDD0001B68984780460028F3D02846FFF7CCFFF1
:10EDE0008146EEF785FC064600FB08F00130E3F7AC
:10EDF000A7FC0746002406E03246494606FB04709D
:10EE0000EEF794FB01344445F6D306FB04F40023EB
:10EE10003B553946286BF8F7AFFF3846E3F7ACFCB3
:10EE20002846FFF78DFA2846FFF7C4FCC9E700BF64
:10EE3000AC6F040830B599B00446836C1BB9FFF77A
:10EE4000B9FF19B030BD6846DFF7DCFD21466846E2
:10EE5000DFF780FE0C496846DFF77EFEA16C68464E
:10EE6000DFF77CFE012200216846DFF77CFE0749C0
:10EE70006846DFF77EFE06496846DFF77EFE684695
:10EE8000DFF79CFFDDE700BF3FE3020827EB000848
:10EE900095EE020808B50068FFF78CFF08BD20B1A9
:10EEA00090F87400C0F3C0007047FEE708B1006C32
:10EEB0007047FEE708B1406C7047FEE798B110B5A7
:10EEC0000446006BF9F74CFD4FF6FF7398420BD0E8
:10EED0004FF6FF71206BF9F70BF84FF6FF71206BBF
:10EEE000F9F70DF810BDFEE7206BF9F73DFD4FF681
:10EEF000FF739842ECD1F5E780B170B582B00C4653
:10EF0000054661B190F8743013F0040F08D128461B
:10EF1000FFF7CCFF38B10023019359E0FEE7FEE78D
:10EF2000FFF748FFF3E72846FFF7C4FF0028F2D1B8
:10EF30002146284600F05EF801284DD16B6B2BB1BD
:10EF4000286BF8F7E3FF0378002B47D02246296DA2
:10EF5000286BF9F77BFF2846FFF7B0FF95F8743070
:10EF600013F0040F15D0A86BEEF7C2FB064620463F
:10EF7000EEF7BEFB314601440131A86BE3F706FC16
:10EF8000A86378B32246296DE3F74AF92846FFF7CC
:10EF900051FF2846FFF70AFC0646134B1B68204624
:10EFA0009847314601442846FFF772FD002223218D
:10EFB0002846D5F70EFF0FE00C4B1B6801A9204631
:10EFC00098470B4B1B6898470146284600F034F8D9
:10EFD000019BE35C002BEFD102B070BD2846D6F751
:10EFE000E6FEB3E7FEE700BFAC6F0408BC6F0408A1
:10EFF000C06F040870B506460C460E4D00232B600A
:10F000000A462421D5F7E5FE2B680BB1187878B1B4
:10F010006BB121461846EEF7A1FB08B9012007E0C5
:10F02000044B19683046FFF767FF002000E001201D
:10F0300070BD00BF281E012000285CD030B585B00F
:10F04000044690F8743013F0080F03D00A2950D00A
:10F050000D294ED0029100230393019102A920466D
:10F06000FFF7C8FF012844D1284B1B68002101A8E5
:10F07000984701462046FFF76BFB002839D094F8EB
:10F08000743013F0040F37D1636B23B1206BF8F7A2
:10F090003DFF0378A3B302AA216D206BF9F7D6FEDA
:10F0A0002046FFF70BFF94F8743013F0040F14D0D0
:10F0B000A06BEEF71DFB054602A8EEF719FB291819
:10F0C0000131A06BE3F762FBA063E8B102AA216DF6
:10F0D000E3F7A6F82046FFF7ADFE2046FFF766FBF4
:10F0E000411C2046FFF7D4FC002223212046D5F7FF
:10F0F00070FE05B030BDFEE72046FFF75BFEC3E7BC
:10F100002046D6F754FEC6E7FEE700BFBC6F0408F2
:10F1100030B130B583B00446036D13B903B030BDD0
:10F12000FEE77F23ADF8043001A9FFF763FF012854
:10F13000F4D1206BF8F7EAFE0546216D0122013972
:10F14000E3F792F82946206BF8F716FE2046FFF702
:10F15000B5FE636B23B1206BF8F7D8FE0378FBB1E3
:10F1600094F8743013F0040F0FD0216D012201398F
:10F17000A06BE3F779F8A56B2846EEF7B9FA411CC6
:10F180002846E3F703FBA06370B1216D01392046E7
:10F19000FFF77EFC002223212046D5F71AFEBDE7AB
:10F1A0002046D6F704FEDBE7FEE770B138B504462B
:10F1B000FFF7FCFA0546411C2046FFF769FC204694
:10F1C000FFF7F4FAA84201D138BDFEE72046FFF769
:10F1D0009FFFF9E7F0B130B583B00C460546D1B1D9
:10F1E000FFF76CFE2846FFF761FEA8B12B49286B9C
:10F1F000F8F7C2FD47F6FF712846FFF749FC95F87E
:10F20000743013F0040F02D0AB6B00221A7000238D
:10F2100001931CE0FEE7FEE72846FFF74BFE0028BF
:10F22000E4D12146286BF8F7A7FD47F6FF71284681
:10F23000FFF72EFC0FE01A4B1B6801A920469847E8
:10F24000184B1B68984701462846FFF7F5FE019BBF
:10F25000E35C002BEFD16B6B23B1286BF8F756FE04
:10F260000378B3B195F8743013F0040F0AD0A86B8B
:10F27000E3F782FA2046EEF77CFAA86368B12846E5
:10F28000FFF798FD002223212846D5F7A2FD03B001
:10F2900030BD2846D6F78BFDE4E7FEE75CD00308D7
:10F2A000BC6F0408C06F040840B110B50446FFF7F6
:10F2B0007DFA411C2046FFF7EBFB10BDFEE728B1AD
:10F2C00010B50446FFF772FA08B910BDFEE7411EFB
:10F2D0002046FFF7DDFBF8E738B330B585B00446CC
:10F2E000056BFFF763FA014602AA2846F8F712FEFB
:10F2F000672200212046D8F7D3FF054601904D2212
:10F3000000212046D8F7CCFF0190DFF714F943190C
:10F310000133039D1D440395E36C0293206BD6F7E4
:10F3200079F8854202DB05B030BDFEE7012202A973
:10F33000206BF8F7C5FE0146E56C2046FFF7A8FBF9
:10F34000E564F0E770B370B584B00446056BFFF771
:10F350002DFA014602AE32462846F8F7DBFD672259
:10F3600000212046D8F79CFF054601904D22002140
:10F370002046D8F795FF0190DFF7DDF84319013BF0
:10F38000039AD21A0392E36C029301223146206B56
:10F39000F8F796FE0146E56C2046FFF779FBE56439
:10F3A00004B070BDFEE7000070B50C466B48D5F7A1
:10F3B00081FC012800D070BD2046E1F70BF805461E
:10F3C0002046E1F703F806466B1E322BF3D801A264
:10F3D00052F823F03DF502083DF502083DF502081C
:10F3E000B7F30208B7F30208B7F30208B7F302084D
:10F3F000B7F30208B7F30208B7F302083DF50208B5
:10F40000B7F30208B7F30208B7F30208B7F302082C
:10F41000B7F30208A7F40208B7F30208A1F4020840
:10F42000B7F30208B7F30208B7F30208B7F302080C
:10F43000B7F30208B7F30208B7F30208B7F30208FC
:10F44000B7F3020845F50208B7F30208B7F302085C
:10F450004DF50208B7F30208B7F30208B7F3020844
:10F46000B7F30208B7F30208B7F30208B7F30208CC
:10F47000B7F30208B7F30208B7F30208B7F30208BC
:10F48000B7F30208B7F30208B7F30208B7F30208AC
:10F49000B7F30208B7F3020855F5020855F502085C
:10F4A000FEF782FF87E72046E0F798FF0468142CF8
:10F4B00010D8022C37D3A31E122B34D8DFE803F068
:10F4C00024293333333320332F3333333333331857
:10F4D0001C1014007F2C26D13046FFF766FE6AE729
:10F4E0003046FFF7E1FE66E73046FFF7E8FE62E7E9
:10F4F0003046FFF727FF5EE73046FFF7EDFE5AE79D
:10F500003046FFF705FE56E700213046FFF7C0FA08
:10F5100051E747F6FF713046FFF7BAFA4BE730463E
:10F52000FFF7BDFC20B921463046FFF785FD42E7D5
:10F53000002226213046D5F74CFC3CE72046FFF759
:10F54000CDFA38E72046FEF76FFF34E72046FEF796
:10F55000DDFF30E7016DFFF73BFA2CE71C7A04086A
:10F5600010B50C460B490A462046D5F7B3FE0023DA
:10F570000E2209492046D5F75AFC80212046D4F7AF
:10F580003CFA03212046D7F7A7FB03212046D7F7F3
:10F59000B0FB10BD640000209DF502082DE9F0438A
:10F5A00083B00546E0F716FF04462846E0F70EFF55
:10F5B0000E2C02D003B0BDE8F0830746DEF7D0FF83
:10F5C00010B1037A012BF5D03846D5F736FF054642
:10F5D0003846D5F745FF044669463846D7F7E4FC78
:10F5E00005EBD572009B03EB620898FBF5F805FB71
:10F5F00008F804EBD472019B03EB620999FBF4F960
:10F6000004FB09F9002400E001343846D9F702FF71
:10F61000A04217D921463846D9F7B6FE0546D5F798
:10F62000BDFE06462846D5F7CFFEB045ECD1814554
:10F63000EAD13D6395F83040002223213846D5F7C2
:10F64000C8FB00E00F2421463846D7F735FBB1E769
:10F6500010B50C4604490A462046D5F73BFE204625
:10F66000D6F78AFF10BD00BF6400002070B50C46BD
:10F670000846D9F756FE0646D5F7C5FE054630467C
:10F68000D5F7C8FE024629462046D5F723FE0121BC
:10F690002046EBF745FE2046D3F73CFE05462046C4
:10F6A000D9F750FEDBF710FB00EBD0700D4E421087
:10F6B00031462846D5F70EFE00212846EBF730FEEE
:10F6C00002231A4600212846EBF735FE2046D3F7E1
:10F6D00021FE04460121EBF745FE31462046D5F7D1
:10F6E000C7FD70BD6400002008B50A46831F152BB6
:10F6F0000FD8DFE803F029310E0E0E0E0E0E25177F
:10F70000131C0B0E0E2D0E0E0E0E210F104609F0BF
:10F7100063F808BD10460BF0E5F8FAE7104603F071
:10F7200084F8F6E7032110460CF015FBF1E70421FD
:10F7300010460CF010FBECE7104604F0A1F8E8E7E7
:10F74000104600F05EFCE4E7104607F020F9E0E721
:10F75000104601F0C8FBDCE7104605F0BBFFD8E718
:10F7600008B50A46831F152B0FD8DFE803F02931AF
:10F770000E0E0E0E0E0E2517131C0B0E0B2D0E0E5D
:10F780000E0E210F104609F060F908BD10460BF06F
:10F79000ACF9FAE7104603F039F9F6E70321104611
:10F7A0000CF0DDFBF1E7042110460CF0D8FBECE790
:10F7B000104604F093F9E8E7104600F086FCE4E711
:10F7C000104607F08AF9E0E7104601F076FCDCE726
:10F7D000104606F031F9D8E70B7D022B40F2048188
:10F7E000F0B597B005460C468B690BB10B7F33B172
:10F7F00005F13802216812A8DFF78AFB08B917B0B3
:10F80000F0BDAE6C33681F8996F84C00E3F7AAF997
:10F81000034618B1214628469847F0E76368002B55
:10F8200000F0838012A822690146DFF771FB0028EF
:10F83000E5D0226A2AB112A80146DFF769FB002849
:10F84000DDD012AD2846DFF7B4FC02902846DFF782
:10F85000B5FC03900497237D8DF8253094F828306B
:10F860008DF82630A3680893207B8DF82400656806
:10F87000E0F7F6F821694A68139B9A1A0968129B07
:10F880005B1A00FB03F3DB08089902FB01331D44FC
:10F89000079500230693A369002B00F09A80227F2E
:10F8A000012A00F099800593059AAAB1206A0028E0
:10F8B00000F095800593626A002A00F0918006921C
:10F8C000206A4168139B591A0068129B1B1A02FB9D
:10F8D0000133059A1A4405920AAD16AB13E90F00DD
:10F8E00085E80F007169B269524249422846DFF744
:10F8F00002FB23690EAC0FCB84E80F007169B2697B
:10F90000524249422046DFF7F6FA7369B269139909
:10F910008A1A1299C91A3046DBF7B0FF019001A983
:10F9200096F84C00FFF71CFF69E712AD2846DFF799
:10F9300040FC02902846DFF741FC03900497237DAA
:10F940008DF81F30B4F81520E37DADF81C208DF83C
:10F950001E3000230693A369002B31D0227F012A99
:10F9600030D0059308AD16AB13E90F0085E80F0002
:10F970007169B269524249422846DFF7BCFA73699D
:10F98000B26913998A1A1299C91A3046DBF776FFC1
:10F990000190059B73B1606AB8B10690216A4A680C
:10F9A000139B9A1A0968129B5B1A00FB0233059A93
:10F9B0001A44059201A996F84C00FFF795FE1EE740
:10F9C0000593CFE700230593CCE7206ADFF7F1FB2F
:10F9D000E3E70022059267E70022059264E7FEE76D
:10F9E000DFF7E7FB02466AE770472DE9F04F83B087
:10F9F0004568876890F821C00368D0F80CE08469F6
:10FA0000D0F81C800669D0F814A04EB1002E7FD02B
:10FA1000BCF1FC0F56D8002E7AD04FF0000970E0F0
:10FA2000BCF1FC0F15D84FF0000A29E0013101327A
:10FA3000AA4205DA5E5CA05C8642F7D25854F5E72C
:10FA4000734444440CF1010CBC4561DA00221146B8
:10FA5000EEE74FF0000CF7E701300131A9420BDA75
:10FA60001E5C625C02FB0CF24FEA1229B6EB122F0D
:10FA7000F2D203F80090EFE7734444440AF1010A1C
:10FA8000BA4545DA00210846E8E701300132AA42CA
:10FA90000EDA13F800C0B15C14F802B00BFB01F1F0
:10FAA0004FEA112BBCEB112FEFD203F800B0ECE7BB
:10FAB00073444444564409F10109B94528DA002247
:10FAC0001046E4E74FF00009F7E701300131A942A1
:10FAD00010DA13F80090725C02FB0CF214F801B01B
:10FAE0000BFB02F24FEA124BB9EB124FEDD203F8C7
:10FAF00000B0EAE7DDF8049073444444564409F149
:10FB00000109B94504DA00210846CDF80490DEE782
:10FB100003B0BDE8F08F2DE9F04F83B04468D0F812
:10FB2000088090F821700568D0F80C908169D0F8B1
:10FB30001CA00669D0F814C066B1002E00F0C28087
:10FB4000FC2F00F28780002E00F0BC804FF0000BED
:10FB5000CE46B0E0FC2F4CD9002620E0DA1D06E0AE
:10FB600001300133A34217DA1A46002BF6DBD2101C
:10FB70008F5CD3F1000C03F007020CF0070C58BFA8
:10FB8000CCF10002C2F1070247FA02F212F0010FB3
:10FB9000E6D0FF222A54E3E74D445144013646455E
:10FBA00080F2908000231846DCE7DA1D06E0013081
:10FBB0000133A3421ADA1A46002BF6DBD21011F8F1
:10FBC00002C0D3F1000E03F007020EF0070E58BF7B
:10FBD000CEF10002C2F107024CFA02F212F0010F5C
:10FBE000E5D02A5CBA42E2D22F54E0E74D445144BA
:10FBF0000136464566DA00231846DAE7DA1D06E0E4
:10FC000001300133A3421CDA1A46002BF6DBD21076
:10FC100011F802E0D3F1000B03F007020BF0070B21
:10FC200058BFCBF10002C2F107024EFA02F212F005
:10FC3000010FE5D015F800E0F25C9645E0D22A54B9
:10FC4000DEE74D4451446644013747453ADA002324
:10FC50001846D7E70027F8E7DA1D07E009F10109A0
:10FC60000133A34220DA1A46002BF5DBD210885C60
:10FC7000D3F1000B03F007020BF0070B58BFCBF1D9
:10FC80000002C2F10702104110F0010FE6D0F25C51
:10FC900007FB02F24FEA122B15F80900B0EB122F06
:10FCA000DCD205F809B0D9E7DDF804B07544514459
:10FCB00066440BF1010BC34504DA00239946CDF8E5
:10FCC00004B0CEE703B0BDE8F08F2DE9F04F83B06C
:10FCD0004568876890F821C00368D0F80CE0846913
:10FCE000D0F81C800669D0F814A05EB1002E00F098
:10FCF0008980BCF1FC0F5DD8002E00F083804FF0AE
:10FD0000000978E0BCF1FC0F17D84FF000092DE096
:10FD100001310132AA4207DA5E5C04EB420040780E
:10FD20008642F5D25854F3E7734444440CF1010C75
:10FD3000BC4567DA00221146ECE74FF0000CF7E70C
:10FD400001300131A9420DDA1E5C04EB4102527808
:10FD500002FB0CF24FEA122AB6EB122FF0D203F894
:10FD600000A0EDE77344444409F10109B94549DABB
:10FD700000210846E6E701300132AA4210DA13F802
:10FD800000C004EB4201497816F802B00BFB01F108
:10FD90004FEA112BBCEB112FEDD203F800B0EAE7CC
:10FDA00073444444564409F10109B9452ADA002252
:10FDB0001046E2E74FF00009F7E701300131A942B0
:10FDC00012DA13F8009004EB4102527816F801B0F1
:10FDD0000BFB02F202FB0CF24FEA124BB9EB124F93
:10FDE000EBD203F800B0E8E7DDF804907344444434
:10FDF000564409F10109B94504DA00210846CDF855
:10FE00000490DCE703B0BDE8F08F2DE9F04F034626
:10FE10004568876890F821800268C0689C69D3F8BB
:10FE20001CC01E69D3F814E04EB1002E7BD0B8F18F
:10FE3000FC0F56D8002E76D04FF0000A6FE0B8F1D4
:10FE4000FC0F15D84FF000092AE00133AB4207DA66
:10FE5000D65C04EB8301C9788E42F6D2D154F4E724
:10FE6000024464440EF1010EBE455CDA0023EDE766
:10FE70004FF0000EF8E70133AB420DDAD65C04EB2D
:10FE80008301C97801FB08F14FEA112EB6EB112F5F
:10FE9000F1D202F803E0EEE70244644409F10109FB
:10FEA000B94540DA0023E7E70133AB4210DA12F834
:10FEB000038004EB8301C97816F8039009FB01F174
:10FEC0004FEA1129B8EB112FEED202F80390EBE7BD
:10FED0000244644476440AF1010ABA4523DA002355
:10FEE000E3E74FF0000AF8E70131A94212DA12F80D
:10FEF000019004EB8103DB7803FB08F316F801B0F3
:10FF00000BFB03F34FEA134BB9EB134FECD202F8A0
:10FF100001B0E9E70244644476440AF1010ABA45B3
:10FF200001DA0021E1E7BDE8F08F2DE9F047034653
:10FF30004568866890F821E00468C7680069D3F8CE
:10FF4000148038B1002859D0BEF1FC0F39D84FF0D9
:10FF5000000A4EE0BEF1FC0F1AD94FF0000807E08E
:10FF60002A46FF212046EDF775FB3C4408F10108C5
:10FF7000B045F5DBBDE8F08701330132AA4205DA6E
:10FF8000E15C7145F8D204F803E0F5E73C44013048
:10FF9000B042EFDA00231A46F0E701320133AB42F8
:10FFA00006DA14F802C0C15C8C45F6D2A154F4E71D
:10FFB0003C4440440EF1010EB645DBDA0022134604
:10FFC000EDE74FF0000EF7E701310132AA420CDAFB
:10FFD00014F801C0835C03FB0EF34FEA1329BCEB5A
:10FFE000132FF1D204F80190EEE73C4440440AF1AB
:10FFF000010AB245BEDA00210A46E7E74FF0000ADF
:020000040803EF
:10000000F7E72DE9F8434468856890F81BC001695B
:10001000D0F81480C66841B100293BD0BCF1FC0F78
:1000200038D907684FF0000C30E0BCF1FC0F0ED956
:10003000D0F80080002706E02246FF214046EDF779
:1000400009FBB0440137AF42F6DBBDE8F883016835
:1000500000200AE00133A34205DACA5C6245F9D206
:1000600001F803C0F6E731440130A842EDDA00237D
:10007000F1E70133A34205DAF85CCA5C9042F8D29A
:10008000FA54F6E7374441440CF1010CAC45DCDA94
:100090000023EFE707684FF0000912E00133A342A5
:1000A0000BDACA5C02FB0CF24FEA122EF85CB0EBE2
:1000B000122FF3D207F803E0F0E73744414409F187
:1000C0000109A945C1DA0023E9E708B590F8203015
:1000D000063B152B0ED8DFE803F01D230D0D0D0D8B
:1000E0000D0D1A1117140B0D0D200D0D0D0D0D0E0C
:1000F000FFF71BFF08BDFFF718FFFBE7FFF715FF32
:10010000F8E7FFF712FFF5E7FFF77FFEF2E7FFF7EB
:100110006CFCEFE7FFF709FFECE7FFF7D6FDE9E737
:10012000FFF7F9FCE6E700B589B0ADF804009DF8EB
:100130000530FC2B02D84878022804D8BDF80430DA
:100140000B8009B000BD022BFBD9FF2810D092F81C
:1001500003C060452AD0C3F1FF0CC0F1FF0000FBD3
:100160000CF0C0F30720C043C0B2907118BBFEE78B
:10017000BDF80420ADF808200A88ADF80C209DF8E1
:1001800008009DF80C20C3F1FF0C0CFB02F203FBEE
:1001900000231B0A8DF80C30BDF80C30ADF814307C
:1001A000ADF81030BDF810300B80CAE792F801C0EE
:1001B0006345D0D104E0C3EB0323B3FBF0F3D37169
:1001C0000B88ADF808305388ADF80C30BDF8080046
:1001D000BDF80C30984229D0BDF8043013800B884C
:1001E0005380D0798DF80500BDF80430ADF80830A3
:1001F0000B88ADF80C309DF808C09DF80C30C0F1AC
:10020000FF0E0EFB03F300FB0C331B0A8DF80C30C2
:10021000BDF80C30ADF81C30ADF81830BDF8183012
:1002200093809379537193880B808AE7BDF80430EB
:10023000ADF808301388ADF80C30BDF80800BDF8F3
:100240000C309842C8D1EEE700B585B0ADF8041087
:1002500011461A460139032914D8DFE801F00215C6
:100260001E2703789DF804100B44FF2BA8BFFF2323
:100270008DF80C309DF805308DF80D30014603984F
:10028000FFF751FF05B000BD03789DF804105B1A1D
:1002900023EAE3738DF80C30ECE703789DF8041043
:1002A00001FB03F31B128DF80C30E3E703789DF894
:1002B00004105B1A002BB8BF5B428DF80C30D9E7F5
:1002C00010B5044602220021EDF7C4F902220021F4
:1002D000A018EDF7BFF902220021201DEDF7BAF9B1
:1002E000FF23A371E37110BD2DE9F04F89B0814662
:1002F000D0F80480D0F808B090F821A00668C36850
:1003000001938769C369009305694369029306A84D
:10031000FFF7D6FF99F82230002B40F0AC8085B172
:10032000002D00F0B180BAF1FC0F56D8002D00F07E
:10033000AB804FF000094B46B1462E463D461F4666
:100340006DE0BAF1FC0F14D8DDF8009027E006EB61
:100350004302F95C06F81310FF2151700133434545
:10036000F5DB26442F440130584580F28D80002370
:10037000F5E70020019C009DF6E73B5D8DF8143009
:100380008DF815A006AA06EB44010598FFF7CBFEF1
:1003900001344445F1DB019B1E444F4401355D456A
:1003A00072DA0024F5E719F804308DF814302B5D6B
:1003B0008DF8153006AA07EB44010598FFF7B3FE48
:1003C00001344445EFDB5744009B9944029B1D4494
:1003D00001365E4558DA0024F3E74FF000094B463A
:1003E000B9463746DDF804A01E46F2E72B5D8DF8CE
:1003F0001430335D03FB0AF31B0A8DF8153006AA8F
:1004000009EB44010598FFF78EFE01344445EDDB0E
:10041000019B9944009B1D44029B1E4401375F458C
:1004200032DA0024F2E7335D03FB0AF31B0A8DF88E
:10043000153006AB99F82220059907EB4000FFF72D
:1004400003FF0134444508DA20462B5D8DF8143053
:10045000002EE8D18DF815A0EBE70EB1029B1E44EB
:10046000019B1F44009B1D440BF1010B039B9B450B
:100470000ADA0024E6E700222B463D463746CDF84F
:100480000CB093461E46F1E709B0BDE8F08F2DE9A8
:10049000F04F89B08146D0F80480D0F808B090F8C9
:1004A00021A00768C36801938669C3690093056941
:1004B0004369029306A8FFF703FF99F82230002B47
:1004C00040F0CD808DB1002D00F0D180BAF1FC0F4D
:1004D0006AD8002D00F0CB804FF000092A4635463F
:1004E0004B46B9461F46164684E0BAF1FC0F19D8B0
:1004F000DDF8009034E006EB440216F81430507832
:1005000006AA07EB440143EA0020FFF70CFE013482
:100510004445F0DB4F44564401355D4580F2A780E9
:100520000024F5E70025DDF80490DDF800A0F4E7ED
:1005300036F81430ADF814309DF8153003FB0AF38B
:100540001B0A8DF8153006AA07EB44010598FFF742
:10055000EAFD01344445EBDB019B1F444E44013569
:100560005D4580F284800024F4E739F81430ADF85A
:1005700014309DF815302A5D02FB03F31B0A8DF839
:10058000153006AA07EB44010598FFF7CCFD0134AE
:100590004445EADB5744009B9944029B1D440136C5
:1005A0005E4564DA0024F3E74FF000094B46B1469C
:1005B000DDF804A01E46F3E735F81430ADF814302A
:1005C0009DF81530325D02FB03F303FB0AF31B0CAD
:1005D0008DF8153006AA09EB44010598FFF7A3FD35
:1005E00001344445E8DB019B9944009B1D44029B78
:1005F0001E4401375F453ADA0024F2E79DF81530D2
:100600003A5D02FB03F303FB0AF31B0C8DF8153074
:1006100006AB99F8222005992844FFF715FE01340E
:1006200044450EDA600036F81430ADF81430002F6F
:10063000E4D19DF8153003FB0AF31B0A8DF8153041
:10064000E6E70FB1029B1F44019B1D44009B1E4423
:100650000BF1010B039B9B4509DA0024E0E7002323
:100660002A463D46CDF80CB09B461746F2E709B046
:10067000BDE8F08F2DE9F04F89B08146D0F80480B5
:10068000D0F808B090F821A00568C3680193866986
:10069000C369009307694369029306A8FFF710FE38
:1006A00099F82230002B40F0178187B11FB1BAF1C1
:1006B000FC0F00F29280002F00F00981BAF1FC0FCC
:1006C00040F2C5800022CDF80CB09346FAE0BAF1B2
:1006D000FC0F28D8DDF800904DE0D210B25CD3F1C9
:1006E000000C03F007010CF0070C58BFCCF100011F
:1006F000C1F107010A4105EB430142F3000205F88D
:100700001320FF224A700133434504DA1A46002BB6
:10071000E3DADA1DE1E725443E440130584580F232
:10072000DB800023F0E70020019C009FF6E7DB1050
:10073000F35C614204F0070201F0070158BF4A422E
:10074000C2F10702134143F300038DF814308DF812
:1007500015A006AA05EB44010598FFF7E4FC013457
:10076000444504DA2346002CE1DAE31DDFE7019B70
:100770001D444E4401375F4580F2AE800024EFE710
:10078000DB1019F80330614204F0070201F00701A1
:1007900058BF4A42C2F10702134143F300038DF8E8
:1007A00014302B5D8DF8153006AA07EB440105982F
:1007B000FFF7B9FC0134444504DA2346002CDFDAA4
:1007C000E31DDDE75744009B9944029B1D4401361D
:1007D0005E4580F281800024EDE74FF000093A4643
:1007E0002F464B46B146DDF804A01E461546EFE7FE
:1007F000DB10EB5C614204F0070201F0070158BF17
:100800004A42C2F10702134143F300038DF814304A
:10081000335D03FB0AF31B0A8DF8153006AA09EBBA
:1008200044010598FFF77FFC0134444504DA234670
:10083000002CDDDAE31DDBE7019B9944009B1D449E
:10084000029B1E4401375F4546DA0024EDE74FF076
:1008500000094B46A94635463E461F46F3E7DB10E6
:10086000F35C614204F0070201F0070158BF4A42FD
:10087000C2F10702134143F300038DF81430AFB106
:100880003B5D03FB0AF31B0A8DF8153006AB99F8A4
:100890002220059905EB4400FFF7D6FC01344445BE
:1008A00007DA2346002CDADAE31DD8E78DF815A025
:1008B000ECE70FB1029B1F44019B1D44009B1E44AB
:1008C0000BF1010B039B9B4506DA0024E7E70022AE
:1008D000CDF80CB09346F5E709B0BDE8F08F2DE9EF
:1008E000F04F8BB08346D0F80480D0F8089090F891
:1008F00021A00668C36802938769C36901930569EB
:100900004369049308A8FFF7DBFC9BF82230002B17
:1009100040F0CD805DB1002D00F09180BAF1FC0F68
:1009200061D84FF0000B5B46AB461D4682E0BAF142
:10093000FC0F19D84FF0000B32E006EB440537F8F6
:100940001400DFF759FA06F81400FF236B70013426
:100950004445F2DB029B1E445F440AF1010ACA458A
:1009600080F2AA800024F3E74FF0000ADDF804B01B
:10097000F5E7650037F81400DFF73EFA8DF81C0044
:100980008DF81DA008AA71190798FFF7CCFB013458
:100990004445EEDB029B1E44019B1F440BF1010BFF
:1009A000CB4580F289800024F2E766003AF8140013
:1009B000DFF722FA8DF81C002B5D8DF81D3008AA98
:1009C000B9190798FFF7AFFB01344445EDDB029EF0
:1009D0005F44019B9A44049B1D4401364E456BDAEB
:1009E00000240296F1E74FF0000A5346BA46374614
:1009F000DDF808B01E46F1E7650037F81400DFF7B0
:100A0000FBF98DF81C001BF8043003FB0AF31B0AEA
:100A10008DF81D3008AA71190798FFF784FB01347F
:100A20004445E9DB039D029B1E44019B1F44049B3C
:100A30009B4401354D453FDA00240395F0E74FF024
:100A4000000B5B46AB461D46F4E7335D03FB0AF340
:100A50001B0A8DF81D3008AB9BF82220079909EB83
:100A60000500FFF7F1FB013444450BDA650037F868
:100A70001400DFF7C1F98DF81C00002EE5D18DF8C8
:100A80001DA0E8E732464E46039B91460AB1049A00
:100A90009144029A1644019A17440133059A9342ED
:100AA0000ADA00244A46B14603931646DCE70023DF
:100AB000CDF81490A946F1E70BB0BDE8F08F2DE911
:100AC000F04F8DB083468A46D0F804908368029335
:100AD00090F8213001930768C3680393D0F8188019
:100AE000C36904930669436906930AA8FFF7E8FB04
:100AF0009BF82230002B40F0DE805EB13EB1019BBE
:100B0000FC2B79D81EB1019BFC2B40F2A0800DB0CC
:100B1000BDE8F08F019BFC2B21D8019BFC2BEDD86D
:100B20004FF0000B0596019E3AE007EB440608EBF8
:100B30000500DFF77EF907F81400FF237370013416
:100B400055444C45F1DB059E039B1F44049B984490
:100B500001365E450ADA00252C460596F1E74FF08E
:100B6000000B07965E46DDF808B0F2E7079ED4E773
:100B700008EB0500DFF75DF98DF824008DF825609E
:100B80000AAA07EB44010998FFF7CDFA013455444E
:100B90004C45EDDB039B1F44049B98440BF1010B78
:100BA000029B9B4502DA00252C46F1E7059EA5E74E
:100BB00008EB0B00DFF73DF98DF82400735D8DF82D
:100BC00025300AAA07EB44010998FFF7ACFA013572
:100BD0000134D3444C45EBDB059A039B1F44049B33
:100BE0009844069B1E440132029B9A428ADA0025F1
:100BF000AB462C460592EDE70022F5E707EB0B002C
:100C0000DFF717F98DF82400735D019A02FB03F3F7
:100C10001B0A8DF825300AAA08EB44010998FFF752
:100C200082FA01350134D3444C45E7DB059A039B36
:100C30009844049B1F44069B1E440132029B9A4227
:100C4000BFF665AF0025AB462C460592ECE70022C7
:100C50004346B8461F46F1E7335D019A02FB03F3B2
:100C60001B0A8DF825300AAB9BF82220099908EB66
:100C70004400FFF7E9FA013455444C450ADA781983
:100C8000DFF7D7F88DF82400002EE5D1019B8DF811
:100C90002530E8E7059B0EB1069A1644039A904466
:100CA000049A17440133029A9342BFF630AF0025ED
:100CB0002C460593E1E700234246B8461746F2E783
:100CC0002DE9F04F8BB08146D0F804A0856890F8EC
:100CD00021B0D0F80080C36803938669C36902938A
:100CE00007694369049308A8FFF7EAFA99F82230E4
:100CF000002B40F0EC807FB1002F00F0F180BBF1C1
:100D0000FC0F7DD8002F00F0EB804FF000092B4640
:100D10004D46B9461F469EE0BBF1FC0F20D84FF070
:100D200000093FE006EB840756F82400DFF79CF843
:100D30008DF81C00FB788DF81D3008AA08EB4401E3
:100D40000798FFF7F0F901345445EBDB039B984417
:100D50005E4409F10109A94580F2C2800024F3E74D
:100D60004FF00009DDF808B0F5E706EB840756F808
:100D70002400DFF779F88DF81C00FB7803FB0BF3F8
:100D80001B0A8DF81D3008AA08EB44010798FFF7ED
:100D9000CAF901345445E8DB039B9844029B1E4486
:100DA00009F10109A94580F29B800024F2E706EBD6
:100DB000840956F82400DFF757F88DF81C0099F8DD
:100DC000033018F8042002FB03F31B0A8DF81D30D2
:100DD00008AA07EB44010798FFF7A5F90134544529
:100DE000E5DBDDF800905F44029B1E44049B9844C1
:100DF00009F10109A94573DA0024CDF80090EEE766
:100E00004FF000093B464746DDF80CB09846F1E745
:100E100006EB840556F82400DFF726F88DF81C0051
:100E2000EB7819F8042002FB03F303FB0BF31B0C14
:100E30008DF81D3008AA08EB44010798FFF773F9F5
:100E400001345445E4DB009D039B9844029B1E44FF
:100E5000049B99440135BD4242DA00240095F0E735
:100E6000325D02FB03F303FB0BF31B0C8DF81D300B
:100E700008AB009A92F82220079908EB4900FFF787
:100E8000E3F90134544513DAA14607EB840557F81A
:100E90002400DEF7E9FF8DF81C00EB788DF81D309B
:100EA000002EDDD103FB0BF31B0A8DF81D30DFE7AD
:100EB000019D0EB1049B1E44039B9844029B1F445A
:100EC0000135059B9D420BDA00240195DAE70022EB
:100ED0003B46374605951546CDF800901E46F0E78F
:100EE0000BB0BDE8F08F2DE9F04F87B004464568A0
:100EF000D0F808A090F81B80066943690193D0F8E8
:100F00000CB004A8FFF7DCF96EB11EB1B8F1FC0F0C
:100F100000F29A80A069DEF74EFF8DF80C0027687A
:100F20004FF00009C2E0B8F1FC0F74D9A069DEF7F8
:100F300042FF8DF80C00FF238DF80D30226800244D
:100F400065E0BDF80C1022F81310591CBDF80C0018
:100F500022F81100991CBDF80C0022F81100D91CD0
:100F6000BDF80C0022F81100191DBDF80C0022F884
:100F70001100591DBDF80C0022F81100991DBDF893
:100F80000C0022F81100D91DBDF80C0022F8110048
:100F900003F10801BDF80C0022F8110003F109016A
:100FA000BDF80C0022F8110003F10A01BDF80C0095
:100FB00022F8110003F10B01BDF80C0022F811001A
:100FC00003F10C01BDF80C0022F8110003F10D0132
:100FD000BDF80C0022F8110003F10E01BDF80C0061
:100FE00022F8110003F10F01BDF80C0022F81100E6
:100FF0001033A5F110019942A3DC04E0BDF80C10F8
:1010000022F813100133AB42F8DB5A440134544543
:1010100050DA0023EDE7A069DEF7CDFE8DF80C0075
:101020008DF80D80266800270AE004AA06EB44012B
:101030000398FFF778F80134AC42F6DB5E440137E1
:10104000574537DA0024F7E7A069DEF7B4FE8DF8DC
:101050000C0027684FF0000810E0335D8DF80D306C
:1010600004AA07EB44010398FFF75DF80134AC4292
:10107000F3DB5F44019B1E4408F10108D04519DAF7
:101080000024F4E7335D03FB08F31B0A8DF80D30F1
:1010900004AA07EB44010398FFF745F80134AC427A
:1010A000F0DB5F44019B1E4409F10109D14501DADF
:1010B0000024F4E707B0BDE8F08F08B590F82030C1
:1010C000063B0F2B0BD8DFE803F0161C0A0A0A0AAE
:1010D0000A0A0A0B130F080A0A19FFF700FC08BDD9
:1010E0000321FFF7ECFCFAE70421FFF7E8FCF6E741
:1010F000FFF7E6FDF3E7FFF7F7F8F0E7FFF7C7F9CB
:10110000EDE7FFF7B7FAEAE71346D2B1FF22CA705C
:10111000FC2B03D98870487008707047DA43D2B24C
:1011200003FB00F08B7802FB03031B0A8B704B78E8
:1011300003FB02031B0A4B700B7803FB02031B0A21
:101140000B70704710B5044604220021ECF782FAB8
:1011500004220021A018ECF77DFA0422002104F1FA
:101160000800ECF777FAFF232373637310BD10B503
:1011700084B0019000919DF80730FC2B18D81446DC
:101180009DF80310022913D9022B26D9FF2927D055
:10119000D27991422AD0C3F1FF02C1F1FF0101FBD4
:1011A00002F2C2F30722D243D2B2227312BBFEE78D
:1011B000019B039300209DF80C3063F307009DF81A
:1011C0000D3063F30F209DF80E3063F317409DF848
:1011D0000F3063F31F6004B010BD009B0393E9E779
:1011E00000990198DEF7A8FE0390E3E7E2789342C6
:1011F000D1D104E0C3EB0323B3FBF2F36373616863
:101200000098DEF7DBFC20B121680198DEF7D6FC00
:10121000B0B90198206000986060637B8DF807305A
:1012200001460198DEF788FE2072C0F3072363723F
:10123000C0F30743A372C0F30760E072237BE3723D
:10124000A0680390B6E710B584B00446019111463A
:101250001A460139032930D8DFE801F002314A6328
:1012600083789DF806100B44FF2BA8BFFF238DF851
:101270000E3043789DF805100B44FF2BA8BFFF23C9
:101280008DF80D3003789DF804100B44FF2BA8BF98
:10129000FF238DF80C309DF807308DF80F30216852
:1012A0000398FFF764FF2070C0F307236370C0F357
:1012B0000743A370C0F30760E07004B010BD8378EB
:1012C0009DF806105B1A23EAE3738DF80E3043781D
:1012D0009DF805105B1A23EAE3738DF80D3003784F
:1012E0009DF804105B1A23EAE3738DF80C30D2E703
:1012F00083789DF8061001FB03F31B128DF80E3066
:1013000043789DF8051001FB03F31B128DF80D3097
:1013100003789DF8041001FB03F31B128DF80C30C9
:10132000B9E783789DF806105B1A002BB8BF5B42C3
:101330008DF80E3043789DF805105B1A002BB8BF6E
:101340005B428DF80D3003789DF804105B1A002B7A
:10135000B8BF5B428DF80C309DE72DE9F04F8DB0A2
:10136000D0F804908368039390F821A00668C368BE
:1013700001938769C3690293D0F81080436905938C
:1013800090F82230002B40F08880B8F1000F12D086
:10139000B8F1000F00F0BA80BAF1FC0F5CD8B8F1D8
:1013A000000F00F0B3804FF0000B5B46C346B84619
:1013B00037461E466BE0BAF1FC0F19D8DDF80CB0C9
:1013C0002DE006EB8201FF20C870F85C8870487041
:1013D000F95C06F82210013201334B45F1DB66441B
:1013E00077440134AC4280F2918000231A46F4E73E
:1013F0000024039DDDF804C0DDF808E0F2E7524662
:1014000006EB8501385DFFF77FFE013501344C4561
:10141000F5DB019B1E44029B1F4408F10108D845DF
:1014200074DA00242546F2E7019B1E44029B1F4408
:10143000059B98440AF1010ADA4567DA002425463B
:101440004C45F1DA18F8042006EB8501385DFFF70A
:101450005BFE01350134F3E74FF0000ADDF80CB014
:10146000EAE71BF8042002FB0AF2120A07EB8501E7
:1014700018F80400FFF748FE013501344C45F0DB55
:10148000019B1F44029B9844059B9B440136039B90
:101490009E423BDA00242546F0E7834608A8FFF782
:1014A00051FE00224346B84637461E4627E08DF8D7
:1014B0001FA008AB9BF82220079907EB8500FFF7D8
:1014C000C2FE013501344C4510DA18F804308DF8AD
:1014D0001E308DF81D308DF81C30002EE7D0735D66
:1014E00003FB0AF31B0A8DF81F30E2E7049A0EB1E2
:1014F000059B1E44019B1F44029B98440132039BA1
:101500009A4203DA002425460492DCE70DB0BDE8D8
:10151000F08F2DE9F04F8DB0D0F8049083680393DD
:1015200090F821A0D0F80080C36801938469C36952
:10153000029307694369059390F82230002B40F02D
:101540009A8077B1002F00F0D480BAF1FC0F69D8EF
:10155000002F00F0CE804FF0000B5B46BB461F46CD
:1015600083E0BAF1FC0F1CD83B464746DDF80CB0CF
:10157000984632E004EB45035A7808EB860114F8EC
:101580001500FFF7C1FD013601354D45F2DB019B2A
:1015900098445C440137574580F2AB8000252E46C5
:1015A000F3E70027DDF80CA0DDF808B0F3E704EB63
:1015B00045035A7802FB0AF2120A07EB860114F877
:1015C0001500FFF7A1FD013601354D45EFDB019B0D
:1015D0001F44029B1C4408F10108D84580F2898011
:1015E00000252E46F1E7019B1F44029B1C44059BEE
:1015F00098440AF1010ADA457BDA00252E464D456A
:10160000F1DA04EB45035A7818F8053003FB02F2CF
:10161000120A07EB860114F81500FFF775FD013675
:101620000135ECE74FF0000A3B464746DDF80CB0C9
:101630009846E0E704EB45035A781BF8053003FBB6
:1016400002F202FB0AF2120C08EB860114F81500F4
:10165000FFF75AFD013601354D45EBDB019B984400
:10166000029B1C44059B9B440137039B9F4240DA2D
:1016700000252E46F0E7834608A8FFF763FD002209
:1016800030E0537803FB0AF31B0A8DF81F3008ABD8
:101690009BF82220079908EB8600FFF7D4FD01365E
:1016A00001354D4515DA04EB450214F815308DF877
:1016B0001E308DF81D308DF81C30002FE1D053788E
:1016C000BA5D02FB03F303FB0AF31B0C8DF81F301A
:1016D000DDE7049A0FB1059B1F44019B9844029BD0
:1016E0001C440132039B9A4203DA00252E460492E1
:1016F000D7E70DB0BDE8F08F2DE9F04F8DB0D0F8F1
:1017000004908368039390F821A00668C36801934E
:10171000D0F81880C369029307694369059390F86C
:101720002230002B40F0D88097B1002F00F02581A7
:10173000BAF1FC0F00F29980002F00F01E814FF0EB
:10174000000B3A4647465B46B3461E469046BDE010
:10175000BAF1FC0F30D84346B046DDF80CB01E4657
:1017600052E0DB1018F80330D2F1000E02F007014E
:101770000EF0070E58BFCEF10001C1F107010B4179
:1017800043F30003DBB206EB8001CB708B704B7030
:1017900006F82030013001324A4504DA1346002AA7
:1017A000DFDAD31DDDE73E44E0440134AC4280F291
:1017B000E48000221046EFE70024039D019FDDF83E
:1017C00008C0F3E7DB10F05C624204F0070302F0AC
:1017D000070258BF5342C3F10703184140F300000A
:1017E000524608EB8501C0B2FFF78EFC013501348B
:1017F0004C4504DA2346002CE4DAE31DE2E7019BC2
:101800009844029B1E4401375F4580F2B680002455
:101810002546EDE7DB10F05C624204F0070302F0BE
:10182000070258BF5342C3F10703184140F30000B9
:101830003A5D0AEB8501C0B2FFF766FC0135013461
:101840004C4504DA2346002CE4DAE31DE2E7019B71
:101850009A44029B1E44059B1F4408F10108D84589
:1018600080F28B8000242546EAE74FF0000A5346B9
:10187000B2464646DDF80CB09846F0E7DB10F85C5F
:10188000624204F0070302F0070258BF5342C3F15B
:101890000703184140F3000018F8042002FB0AF285
:1018A000120A0BEB8501C0B2FFF72EFC01350134A3
:1018B0004C4504DA2346002CE0DAE31DDEE7019B09
:1018C0009B44029B1F44059B98440136039B9E4208
:1018D00053DA00242546EBE7834608A8FFF732FCDD
:1018E00000213B463746464698463CE0DB1018F858
:1018F0000330614204F0070201F0070158BF4A4279
:10190000C2F10702134143F30003DBB28DF81E302E
:101910008DF81D308DF81C30B6B1735D03FB0AF3F2
:101920001B0A8DF81F3008AB9BF82220079907EBA4
:101930008500FFF788FC013501344C4507DA234662
:10194000002CD3DAE31DD1E78DF81FA0EBE7334677
:101950004646049998460BB1059B9844019B1F4449
:10196000029B1E440131039B994206DA002425465E
:101970004346B04604911E46DFE70DB0BDE8F08F48
:101980002DE9F04F8BB08346D0F80480D0F808A042
:1019900090F821900668C36800938569C369019334
:1019A00007694369029305A8FFF7CCFB9BF8223037
:1019B000002B40F0308157B1B9F1FC0F00F2988054
:1019C0004FF0000B5B46BB462F461D46DAE08DF814
:1019D00027904FF00009DDF804B039E005EB44032F
:1019E0005B78DB0840F63A0202FB03F31B128DF82A
:1019F000263035F81430C3F3451340F20D4101FB96
:101A000003F31B128DF8253015F8143003F01F0373
:101A100002FB03F31B128DF8243006EB840705AAA2
:101A200056F824100998FFF7A2FB06F82400C0F32B
:101A300007237B70C0F30743BB70C0F30760F870E7
:101A400001344445CADB009B1E445D4409F1010991
:101A5000D14580F2E5800024F3E73B5D8DF8273027
:101A600005EB44035B78DB0840F63A0202FB03F324
:101A70001B128DF8263035F81430C3F3451340F2AD
:101A80000D4101FB03F31B128DF8253015F81430BE
:101A900003F01F0302FB03F31B128DF8243006EB47
:101AA000840B05AA56F824100998FFF760FB06F886
:101AB0002400C0F307238BF80130C0F307438BF8F1
:101AC0000230C0F307608BF8030001344445C4DBE7
:101AD000DDF808B0009B1E44019B1D444F440BF1F0
:101AE000010BD34580F29C800024CDF808B0EDE7CF
:101AF0004FF00009CB46DDF80890F2E71BF8043000
:101B000003FB09F31B0A8DF8273007EB44035B78CE
:101B1000DB0840F63A0202FB03F31B128DF8263075
:101B200037F81430C3F3451340F20D4101FB03F3C2
:101B30001B128DF8253017F8143003F01F0302FB39
:101B400003F31B128DF8243006EB840505AA56F822
:101B500024100998FFF70BFB06F82400C0F30723B5
:101B60006B70C0F30743AB70C0F30760E8700134DB
:101B70004445C3DB039D009B1E44019B1F44029B05
:101B80009B44013555454BDA00240395F0E73B5D56
:101B900003FB09F31B0A8DF8133005AB9BF82220D9
:101BA000049906EB8000FFF74EFB0134444524DA2C
:101BB000204605EB44035B78DB0840F63A0202FB63
:101BC00003F31B128DF8123035F81430C3F34513AC
:101BD00040F20D4101FB03F31B128DF8113015F893
:101BE000143003F01F0302FB03F31B128DF81030B7
:101BF000002FCCD18DF81390CFE70FB1029B1F447B
:101C0000009B1E44019B1D440AF1010A039B9A4557
:101C100006DA0024CAE70022CDF80CA09246F5E7C8
:101C20000BB0BDE8F08F2DE9F04F8DB080464368D2
:101C300005938368039390F8213001930468C36887
:101C400002938769C369009306694369049307A8EF
:101C5000FFF778FA98F82230002B40F055814EB10A
:101C6000019BFC2B00F2A5804FF00008DDF81490DA
:101C70009B46F3E0019B8DF82F3033463E46DDF85E
:101C80001480DDF80C90DDF808A01F463CE036F823
:101C900015305BBAC3F3C42161F3CF2BC3F34512F4
:101CA00062F34A1B03F01F0363F3040B40F63A0090
:101CB00000FB01F109128DF82E1040F20D4101FBDD
:101CC00002F212128DF82D2000FB03F31B128DF887
:101CD0002C3004EB850707AA54F825100B98FFF762
:101CE00046FA04F82500C0F307237B70C0F30743CE
:101CF000BB70C0F30760F87001354545C7DB019F35
:101D00005444009B1E4401374F4580F20681002554
:101D10000197F2E77B5D8DF82F3036F815305BBA0E
:101D2000C3F3C42161F3CF29C3F3451262F34A1907
:101D300003F01F0363F3040940F63A0000FB01F1CE
:101D400009128DF82E1040F20D4101FB02F2121221
:101D50008DF82D2000FB03F31B128DF82C3004EBC3
:101D6000850807AA54F825100B98FFF700FA04F825
:101D70002500C0F3072388F80130C0F3074388F833
:101D80000230C0F3076088F8030001355545C1DB18
:101D9000DDF80480029B1C44009B1E44049B1F44EE
:101DA00008F10108D84580F2B8800025CDF80480FC
:101DB000ECE74FF0000833463E46DDF814A0DDF8AE
:101DC0000CB01F46EEE7735D03FB0BF31B0A8DF8A7
:101DD0002F3037F815305BBAC3F3C42161F3CF2A33
:101DE000C3F3451262F34A1A03F01F0363F3040AB4
:101DF00040F63A0000FB01F109128DF82E1040F276
:101E00000D4101FB02F212128DF82D2000FB03F3AD
:101E10001B128DF82C3004EB850807AA54F8251006
:101E20000B98FFF7A4F904F82500C0F3072388F8FE
:101E30000130C0F3074388F80230C0F3076088F828
:101E4000030001354D45BEDBDDF80480029B1C44D8
:101E5000009B1F44049B1E4408F10108039B984506
:101E60005BDA0025CDF80480ECE716F8093004FBB6
:101E700003F31B0A8DF81B3007AB98F82220069954
:101E800007EB8000FFF7DFF909F10109D94528DAEE
:101E900048463AF819305BBAC3F3C42C6CF3CF252B
:101EA000C3F3451262F34A1503F01F0363F30405FD
:101EB00040F63A0101FB0CFC4FEA2C2C8DF81AC0BD
:101EC00040F20D4C0CFB02F212128DF8192001FBAE
:101ED00003F31B128DF81830002EC6D18DF81B406D
:101EE000CAE7DDF804C00EB1049B1E44029B1F44E8
:101EF000009B9A440CF1010C039B9C450DDA4FF0BA
:101F00000009CDF804C0C1E74FF0000AD446BA4634
:101F10002746DDF814B0019CEEE70DB0BDE8F08F68
:101F20002DE9F04F8DB083464768D0F808A090F8AF
:101F300021800468C36802938669C36901930569B7
:101F40004369039307A8FFF7FDF89BF82230002BA5
:101F500040F0B38185B1002D00F0B481B8F1FC0FE1
:101F600000F20181002D00F0AD8100221346CDF872
:101F700014A0AA4625464BE1B8F1FC0F4ED84FF00D
:101F80000009CB46B1462646CDF80CA0DDF808A0E6
:101F90008EE00135BD4237DA4FEA850856F8250054
:101FA0000B909DF82F30002BF3D09DF82E104FF49E
:101FB0007F4292FBF3F202FB01F31B128DF82E30ED
:101FC0009DF82D3002FB03F31B128DF82D309DF888
:101FD0002C3002FB03F31B128DF82C30A04407AA0F
:101FE00054F825100B98FFF7C2F804F82500C0F349
:101FF000072388F80130C0F3074388F80230C0F3A4
:10200000076088F80300C4E7029B1C445E4409F1A2
:102010000109D14580F256810025BBE74FF0000948
:10202000DDF804B0F5E706EB0B0407AA56F80B1031
:102030000B98FFF79CF806F80B00C0F307236370BA
:10204000C0F30743A370C0F30760E0700135BD42E1
:1020500027DA4FEA850B59F825000B909DF82F30B1
:10206000002BE0D09DF82E204FF47F4191FBF3F13F
:1020700001FB02F212128DF82E209DF82D2001FB9B
:1020800002F212128DF82D209DF82C2001FB02F295
:1020900012128DF82C2003FB08F31B0A8DF82F3049
:1020A000C1E7DDF808B05644019B99440BF1010BE0
:1020B000039B9B4580F206810025CDF808B0C6E75A
:1020C00005EB0B0407AA55F80B100B98FFF74FF818
:1020D00005F80B00C0F307236370C0F30743A37038
:1020E000C0F30760E07008F10108B84529DA4FEA4B
:1020F000880B56F828000B909DF82F30002BDFD06E
:102100009DF82E204FF47F4191FBF3F101FB02F289
:1021100012128DF82E209DF82D2001FB02F21212D2
:102120008DF82D209DF82C2001FB02F212128DF863
:102130002C2019F8082002FB03F31B0A8DF82F301E
:10214000BEE7DDF808B05544019B1E44039B99444B
:102150000BF1010B049B9B4580F2B4804FF000080B
:10216000CDF808B0C1E74FF00009CB46A946254697
:10217000CDF810A0DDF808A0ECE705EB0B0407AAEA
:1021800055F80B100B98FEF7F2FF05F80B00C0F3A3
:1021900007236370C0F30743A370C0F30760E070C8
:1021A00009F10109B9452BDA4FEA890B56F82900E4
:1021B0000B909DF82F30002BDFD09DF82E204FF490
:1021C0007F4191FBF3F101FB02F212128DF82E20F8
:1021D0009DF82D2001FB02F212128DF82D209DF8A2
:1021E0002C2001FB02F212128DF82C2003FB08F3C5
:1021F0001AF8092002FB03F31B0C8DF82F30BCE703
:10220000049B029A1544019A1644039A924401339E
:10221000059A934256DA4FF000090493C2E7BDB322
:102220006A5C02FB03F303FB08F31B0C8DF82F30F1
:1022300007AB9BF822200B9904EB0C00FFF703F887
:1022400009F10109B94529DA49464FEA890C56F8DE
:1022500029000B909DF82F30002BE0D09DF82E2008
:102260004FF47F4090FBF3F000FB02F212128DF866
:102270002E209DF82D2000FB02F212128DF82D2049
:102280009DF82C2000FB02F212128DF82C20C6E7DC
:1022900003FB08F31B0A8DF82F30C9E70DB1039B30
:1022A0001D44029B1C44019B1E440AF1010A049B2D
:1022B0009A4507DA4FF00009C4E70022CDF810A0D4
:1022C0009246F4E70DB0BDE8F08F2DE9F04F8BB0EA
:1022D0008346D0F80480D0F808A090F821900568D3
:1022E000C36800938769C3690193066943690393CF
:1022F00005A8FEF727FF9BF82230002B40F00F8146
:1023000086B1002E00F01381B9F1FC0F00F29B8022
:10231000002E00F00C814FF0000B5B46B3462E46BA
:102320001D46C5E0B9F1FC0F24D8B3463E46019FD7
:102330004FE005EB840605AA55F8241057F8240051
:10234000FEF715FF05F82400C0F307237370C0F3F0
:102350000743B370C0F30760F07001344445E8DB15
:10236000009B1D445F4409F10109D14580F2DF80E3
:102370000024F3E74FF00009DDF804B0F5E756F864
:10238000240009909DF8273003FB09F31B0A8DF800
:10239000273005EB840B05AA55F824100998FEF7A1
:1023A000E6FE05F82400C0F307238BF80130C0F3E4
:1023B00007438BF80230C0F307608BF80300013449
:1023C0004445DCDBDDF804B0009B1D443E440BF1CA
:1023D000010BD34580F2AB800024CDF804B0EFE7C9
:1023E00056F8240009909DF827303A5D02FB03F36C
:1023F0001B0A8DF8273005EB840B05AA55F824102D
:102400000998FEF7B4FE05F82400C0F307238BF803
:102410000130C0F307438BF80230C0F307608BF83C
:10242000030001344445DBDBDDF808B0009B1D44AC
:10243000019B1E444F440BF1010BD34577DA002476
:10244000CDF808B0EEE74FF0000933463E46CB46E4
:10245000DDF80C901F46F0E757F8240009909DF82E
:10246000273003FB09F31BF8042002FB03F31B0CCA
:102470008DF8273006EB840505AA56F82410099834
:10248000FEF775FE06F82400C0F307236B70C0F357
:102490000743AB70C0F30760E87001344445DBDBF1
:1024A000029D009B1E44019B1F44039B9B440135DE
:1024B00055453CDA00240295F0E79DF827303A5D57
:1024C00002FB03F303FB09F31B0C8DF8273005AB6C
:1024D0009BF82220099905EB0C00FEF7B4FE0134AD
:1024E00044450EDA4FEA840C56F824000990002F78
:1024F000E3D19DF8273003FB09F31B0A8DF8273041
:10250000E5E70FB1039B1F44009B1D44019B1E4444
:102510000AF1010A029B9A4509DA0024E0E7002348
:1025200032463E46CDF808A09A461746F2E70BB071
:10253000BDE8F08F2DE9F04F8FB083468A46D0F882
:1025400004908368029390F8213001930768C36870
:1025500004938669C3690593D0F810804369069394
:1025600009A8FEF7EFFD9BF82230002B40F05881C0
:10257000B8F1000F10D0B8F1000F0AD0019BFC2B6E
:1025800000F2D480B8F1000F03D0019BFC2B40F285
:102590000B810FB0BDE8F08F019BFC2B05D9BAF180
:1025A000040F0FD0BAF1030F49D0019BFC2BE2D8E6
:1025B0008DF837304FF0000BCDF81C80D846DDF891
:1025C00008B06EE04FEA89050024CDF80C80CDF804
:1025D0001C90DDF80880DDF81090DDF814B007E0FD
:1025E0002A4631463846EAF7A1FF4F445E4401349B
:1025F0004445F5DBDDF80C80DDF81C90D5E707EBF2
:10260000830406EB020E9EF802B084F802B09EF836
:1026100001E084F801E016F802E007F823E04FF04B
:10262000FF0E84F803E0013303324B45E7DB2F4410
:10263000664401318142B8DA00221346F5E70021F1
:102640000298049DDDF814C0F4E773199A788DF8A8
:1026500036205B788DF83530735D8DF8343007EBBC
:10266000840809AA57F824100D98FEF780FD07F892
:102670002400C0F3072388F80130C0F3074388F82B
:102680000230C0F3076088F80300013455444C451C
:10269000DBDBDDF80C80049B1F44059B1E4408F126
:1026A0000108D84504DA00252C46CDF80C80EEE769
:1026B000DDF81C805FE718F804308DF837307319A7
:1026C0009A788DF836205B788DF83530735D8DF80B
:1026D000343007EB840B09AA57F824100D98FEF745
:1026E00046FD07F82400C0F307238BF80130C0F340
:1026F00007438BF80230C0F307608BF80300013406
:1027000055444C45D7DBDDF80CB0049B1F44059BBA
:102710001E44069B98440BF1010B029B9B45BFF6A0
:1027200031AF00252C46CDF80CB0EAE74FF0000B96
:10273000F3E71AF80430019A02FB03F31B128DF839
:10274000373008EB05039A788DF836205B788DF8E2
:10275000353018F805308DF8343007EB840609AAB7
:1027600057F824100D98FEF702FD07F82400C0F377
:1027700007237370C0F30743B370C0F30760F070B2
:1027800001345D444C45D4DB039E049B1F44059BF0
:102790009844069B9A440136029B9E42BFF6F9AECE
:1027A00000252C460396EDE74FF0000B5346C2463A
:1027B000B0465E469B46EFE73B5D019A02FB03F3A2
:1027C0001B0A8DF8233009AB9BF82220089908EBEF
:1027D0008400FEF738FD013455444C450FDA731977
:1027E0009A788DF822205B788DF82130735D8DF812
:1027F0002030002FE0D1019B8DF82330E3E7039ACE
:102800000FB1069B1F44049B9844059B1E44013254
:10281000029B9A42BFF6BDAE00252C460392DCE730
:1028200000224346B8461F46F2E72DE9F04F89B033
:1028300004464768D0F8089090F81BB0D0F8108094
:1028400043690193D0F80CA004A8FEF77BFCB8F113
:10285000000F0DD0B8F1000F02D0BBF1FC0F7FD8F4
:102860005946A069DDF73AF9039026680025C5E0CE
:10287000BBF1FC0F4ED9A069DDF76BF90146226868
:10288000002443E042F82310581C42F82010981C02
:1028900042F82010D81C42F82010181D42F82010D1
:1028A000581D42F82010981D42F82010D81D42F8FB
:1028B000201003F1080042F8201003F1090042F84B
:1028C000201003F10A0042F8201003F10B0042F837
:1028D000201003F10C0042F8201003F10D0042F823
:1028E000201003F10E0042F8201003F10F0042F80F
:1028F00020101033A7F10F009842C3DC02E042F829
:1029000023100133BB42FADB524401344C457ADADE
:102910000023EFE75946A069DDF7E0F80390266849
:102920004FF0000818E006EB840504AA56F82410BE
:102930000398FEF71CFC06F82400C0F307236B7015
:10294000C0F30743AB70C0F30760E8700134BC42CA
:10295000E9DB564408F10108C84554DA0024F6E7DB
:10296000FF21A069DDF7BAF8039026684FF0000B4D
:102970001EE018F804308DF80F3006EB840504AA29
:1029800056F824100398FEF7F2FB06F82400C0F373
:1029900007236B70C0F30743AB70C0F30760E870A8
:1029A0000134BC42E5DB5644019B98440BF1010B1A
:1029B000CB4528DA0024F4E718F8043003FB0BF3C6
:1029C0001B0A8DF80F3006EB840504AA56F8241074
:1029D0000398FEF7CCFB06F82400C0F307236B70C6
:1029E000C0F30743AB70C0F30760E8700134BC422A
:1029F000E2DB009D5644019B984401354D4502DAC7
:102A000000240095F3E709B0BDE8F08F08B590F811
:102A10002030063B152B0ED8DFE803F01F250D0DE7
:102A20000D0D0D0D0D111C150B0D0D220D0D0D0DA8
:102A3000190EFEF7A5FF08BDFFF7F5F8FBE7032128
:102A4000FFF778FDF7E70421FFF774FDF3E7FFF7E1
:102A500067FAF0E7FFF739FCEDE7FEF77EFCEAE7FF
:102A6000FEF757FDE7E7FEF747FEE4E710B504463B
:102A700004220021EAF7EEFD04220021A018EAF763
:102A8000E9FD0422002104F10800EAF7E3FDFF2339
:102A90002373637310BD30B585B0019000919DF82C
:102AA0000750FC2D18D814469DF80320022A13D98C
:102AB000022D26D9FF2A27D0E3799A422AD0C5F1E0
:102AC000FF03C2F1FF0202FB03F3C3F30723DB435F
:102AD000DBB2237313BBFEE7019B039300209DF839
:102AE0000C3063F307009DF80D3063F30F209DF861
:102AF0000E3063F317409DF80F3063F31F6005B08D
:102B000030BD009B0393E9E700990198DDF76BFA6C
:102B10000390E3E7E3789D42D1D104E0C5EB0522C1
:102B2000B2FBF3F3637361680098DDF747F828BBE5
:102B30000198206000986060C5F1FF059DF806309F
:102B40009DF8022005FB02F203EB1223A3729DF80D
:102B500005309DF8012005FB02F203EB122363729E
:102B60009DF804309DF8002005FB02F203EB1223D0
:102B70002372237BE372A0680390AFE7216801987A
:102B8000DDF71CF80028F6D1D2E710B584B0044672
:102B9000019111461A469DF80700E378013903298F
:102BA0002ED8DFE801F0022F4868A1789DF806C012
:102BB00061449942A8BF19468DF80E1061789DF8BE
:102BC00005C061449942A8BF19468DF80D102178BF
:102BD0009DF804C061448B42A8BF0B468DF80C30B1
:102BE0008DF80F0021680398FFF755FF2070C0F3A0
:102BF00007236370C0F30743A370C0F30760E0705E
:102C000004B010BDA3789DF806105B1A23EAE373A5
:102C10008DF80E3063789DF805105B1A23EAE37394
:102C20008DF80D3023789DF804105B1A23EAE373C6
:102C30008DF80C30D4E7A3789DF8061001FB03F360
:102C40000146012838BF012193FBF1F38DF80E30C6
:102C500063789DF805C00CFB03F393FBF1F38DF84B
:102C60000D3023789DF804C00CFB03F393FBF1F3C4
:102C70008DF80C30B4E7A3789DF806105B1A002B92
:102C8000B8BF5B428DF80E3063789DF805105B1A73
:102C9000002BB8BF5B428DF80D3023789DF80410EF
:102CA0005B1A002BB8BF5B428DF80C3098E72DE91A
:102CB000F04F8DB083464768D0F808A090F8218087
:102CC0000668C36801938569C3690293046943690F
:102CD000049307A8FFF7CAFE9BF82230002B40F0B0
:102CE0001E8274B1002C00F02282B8F1FC0F00F2B9
:102CF0005081002C00F01B824FF0000BCDF814A087
:102D0000B9E1B8F1FC0F63D84FF00009CDF80CA081
:102D1000DDF808B0C4E0022B34D906EB010898F8BE
:102D200002009DF82E20904205D198F801C09DF830
:102D30002D00844538D003FB02F212128DF82E20AC
:102D40009DF82D2003FB02F212128DF82D209DF824
:102D50002C2002FB03F31B128DF82C3007AAD8F8A5
:102D600000100B98FFF797FE88F80000C0F30723C8
:102D700088F80130C0F3074388F80230C0F30760D9
:102D800088F803000134BC4218DAA10055F8240089
:102D90000B909DF82F30FC2BBDD9FF238DF82F30E1
:102DA0000B9846F82400EDE7705C9DF82C108842E3
:102DB000C1D198F803108B42BDD1E3E7019B1E44BB
:102DC0005D4409F10109D14580F2B1810024DAE7BF
:102DD0004FF00009DDF808B0F5E7022A36D906EB16
:102DE0000C0999F802E09DF82E00864505D199F866
:102DF00001A09DF82DE0F24540D08DF82F2001FB79
:102E000000F000128DF82E009DF82D3001FB03F329
:102E10001B128DF82D309DF82C3001FB03F31B1293
:102E20008DF82C3007AAD9F800100B98FFF733FE65
:102E300089F80000C0F3072389F80130C0F3074385
:102E400089F80230C0F3076089F803000134BC42FE
:102E50001FDA4FEA840C55F824000B909DF82F30B0
:102E600003FB08F00112020AB0F57D4FB5D3FF2332
:102E70008DF82F300B9846F82400E7E716F80CE0A1
:102E80009DF82CC0E645B8D199F803C06345B4D18C
:102E9000DCE7DDF80890019B1E445D4409F101095F
:102EA000039B994580F243810024CDF80890CEE73A
:102EB000022A36D906EB0C0999F802E09DF82E009B
:102EC000864505D199F801A09DF82DE0F24543D043
:102ED0008DF82F2001FB00F000128DF82E009DF8D8
:102EE0002D3001FB03F31B128DF82D309DF82C3093
:102EF00001FB03F31B128DF82C3007AAD9F8001040
:102F00000B98FFF7C8FD89F80000C0F3072389F884
:102F10000130C0F3074389F80230C0F3076089F835
:102F2000030008F10108B84521DA4FEA880C55F88A
:102F300028000B909DF82F3014F8080003FB00F0D8
:102F40000112020AB0F57D4FB2D3FF238DF82F3066
:102F50000B9846F82800E4E716F80CE09DF82CC022
:102F6000E645B5D199F803C06345B1D1D9E7DDF89D
:102F70000C90019B1E44029B1D445C4409F1010915
:102F8000059B994580F2D3804FF00008CDF80C9056
:102F9000C9E74FF00009CDF814A0DDF810B0EFE755
:102FA000022A36D906EB0C0A9AF802E09DF82E00A8
:102FB000864505D19AF801B09DF82DE0F34545D03E
:102FC0008DF82F2001FB00F000128DF82E009DF8E7
:102FD0002D3001FB03F31B128DF82D309DF82C30A2
:102FE00001FB03F31B128DF82C3007AADAF800104E
:102FF0000B98FFF750FD8AF80000C0F307238AF80A
:103000000130C0F307438AF80230C0F307608AF842
:10301000030009F10109B94523DA4FEA890C55F893
:1030200029000B909DF82F3003FB08F014F80920BD
:1030300002FB00F00114020CB0F57D0FB0D3FF23AA
:103040008DF82F300B9846F82900E2E716F80CE0CF
:103050009DF82CC0E645B3D19AF803C06345AFD1C3
:10306000D7E7DDF80CB0019B1E44029B1D44049B76
:103070001C440BF1010B059B9B4558DA4FF00009EE
:10308000CDF80CB0C7E79DF82F3016F8092002FBE9
:1030900003F303FB08F31B0C8DF82F309DF82E2053
:1030A0009DF82F3003FB02F212128DF82E209DF8AE
:1030B0002D2003FB02F212128DF82D209DF82C20FA
:1030C00002FB03F31B128DF82C3007AB9BF8222078
:1030D0000B9904EB0C00FFF758FD09F10109B94504
:1030E0000EDA4FEA890C55F829000B90002ECAD150
:1030F0009DF82F3003FB08F31B0A8DF82F30CDE726
:103100000EB1049B1E44019B1C44029B1D440AF10A
:10311000010A039B9A450ADA4FF00009DFE7002312
:1031200022463446CDF80CA09A461646F1E70DB07B
:10313000BDE8F08F2DE9F04F8DB083464768D0F899
:1031400008A090F821800468C36801938669C36968
:10315000029305694369039307A8FFF787FC9BF86F
:103160002230002B40F0E98185B1002D00F0EA818A
:10317000B8F1FC0F00F20D81002D00F0E381002278
:10318000CDF814A0AA463546164669E1B8F1FC0F01
:103190002DD84FF00009CB46B1462646CDF80CA0FD
:1031A000DDF804A082E004EB850807AA54F8251096
:1031B00056F82500FFF76FFC04F82500C0F307233D
:1031C00088F80130C0F3074388F80230C0F3076085
:1031D00088F803000135BD42E5DB019B1C445E44D9
:1031E00009F10109D14580F2AD810025F3E74FF0E7
:1031F0000009DDF808B0F5E703FB08F31B0A8DF8BA
:103200002F309DF82E2003FB02F212128DF82E2093
:103210009DF82D2003FB02F212128DF82D209DF84F
:103220002C2002FB03F31B128DF82C3006EB0B0451
:1032300007AA56F80B100B98FFF72DFC06F80B00A9
:10324000C0F307236370C0F30743A370C0F30760A4
:10325000E0700135BD4222DA4FEA850B59F82500AE
:103260000B909DF82F30002BC6D09DF82E204FF4E8
:103270007F4191FBF3F101FB02F212128DF82E2037
:103280009DF82D2001FB02F212128DF82D209DF8E1
:103290002C2001FB02F212128DF82C20ACE7DDF895
:1032A00004B05644029B99440BF1010B039B9B45D0
:1032B00080F248810025CDF804B0CBE7725C02FBB8
:1032C00003F31B0A8DF82F309DF82E2003FB02F22A
:1032D00012128DF82E209DF82D2003FB02F21212FF
:1032E0008DF82D209DF82C2002FB03F31B128DF886
:1032F0002C3004EB0B0907AA54F80B100B98FFF7BE
:10330000CAFB04F80B00C0F3072389F80130C0F3AF
:10331000074389F80230C0F3076089F8030008F119
:103320000108B84523DA41464FEA880B55F82800D2
:103330000B909DF82F30002BC0D09DF82E204FF41D
:103340007F4090FBF3F000FB02F212128DF82E206A
:103350009DF82D2000FB02F212128DF82D209DF811
:103360002C2000FB02F212128DF82C20A6E7DDF8CB
:103370001090019B1C44029B1D44039B1E4409F1B9
:103380000109D14580F2DE804FF00008CDF81090A1
:10339000C7E74FF000092B4635461E46F1E703FB11
:1033A00008F31AF8012002FB03F31B0C8DF82F30F1
:1033B0009DF82E2003FB02F212128DF82E209DF8AC
:1033C0002D2003FB02F212128DF82D209DF82C20E7
:1033D00002FB03F31B128DF82C3004EB0B0607AA3B
:1033E00054F80B100B98FFF756FB04F80B00C0F3D2
:1033F00007237370C0F30743B370C0F30760F07026
:1034000009F10109B94523DA49464FEA890B55F814
:1034100029000B909DF82F30002BC0D09DF82E2056
:103420004FF47F4090FBF3F000FB02F212128DF894
:103430002E209DF82D2000FB02F212128DF82D2077
:103440009DF82C2000FB02F212128DF82C20A6E72A
:10345000049E019B1C44029B1D44039B9A4401361D
:10346000059B9E426EDA4FF000090496CAE7002DD4
:103470004ED06A5C02FB03F303FB08F31B0C8DF8D0
:103480002F309DF82E209DF82F3003FB02F21212F0
:103490008DF82E209DF82D2003FB02F212128DF8DC
:1034A0002D209DF82C2002FB03F31B128DF82C30ED
:1034B00007AB9BF822200B9904EB0C00FFF765FB90
:1034C00009F10109B94529DA49464FEA890C56F84C
:1034D00029000B909DF82F30002BC8D09DF82E208E
:1034E0004FF47F4090FBF3F000FB02F212128DF8D4
:1034F0002E209DF82D2000FB02F212128DF82D20B7
:103500009DF82C2000FB02F212128DF82C20AEE761
:1035100003FB08F31B0A8DF82F30B2E70DB1039BB4
:103520001D44019B1C44029B1E440AF1010A049B9A
:103530009A4507DA4FF00009C4E70022CDF810A041
:103540009246F4E70DB0BDE8F08F2DE9F04F8FB053
:1035500083460191D0F804908368029390F821A0EB
:103560000768C36804938669C3690593D0F810801F
:103570004369069309A8FFF779FA9BF82230002BDC
:1035800040F07981B8F1000F10D0B8F1000F0AD0E7
:10359000BAF1FC0F00F2E680B8F1000F03D0BAF1E7
:1035A000FC0F40F22E810FB0BDE8F08FBAF1FC0F96
:1035B00005D9019B042B0FD0019B032B49D0BAF1F5
:1035C000FC0FE2D88DF837A04FF0000BCDF81C802F
:1035D000D846DDF804B077E04FEA89050024CDF83D
:1035E0000C80CDF81C90DDF80880DDF81090DDF837
:1035F00014B007E02A4631463846E9F797FF4F44B2
:103600005E4401344445F5DBDDF80C80DDF81C90A8
:10361000D5E707EB830406EB020E9EF802B084F8B0
:1036200002B09EF801E084F801E016F802E007F825
:1036300023E04FF0FF0E84F803E0013303324B45E3
:10364000E7DB2F44664401318142B8DA0022134699
:10365000F5E700210298049DDDF814C0F4E7721923
:1036600093780AFB03F31B128DF83630537803FB73
:103670000AF31B128DF83530735D03FB0AF31B123E
:103680008DF8343007EB840809AA57F824100D98F8
:10369000FFF701FA07F82400C0F3072388F8013088
:1036A000C0F3074388F80230C0F3076088F80300CE
:1036B00001345D444C45D2DBDDF80C80049B1F4493
:1036C000059B1E4408F10108029B984504DA002579
:1036D0002C46CDF80C80EDE7DDF81C8055E718F896
:1036E00004308DF8373071198A7803FB02F2121218
:1036F0008DF836204A7803FB02F212128DF835203D
:10370000725D02FB03F31B128DF8343007EB840A61
:1037100009AA57F824100D98FFF7BDF907F82400FF
:10372000C0F307238AF80130C0F307438AF8023058
:10373000C0F307608AF8030001345D444C45CEDBDA
:10374000DDF80CA0049B1F44059B1E44069B984477
:103750000AF1010A029B9A450CDA00252C46CDF8A5
:103760000CA0EBE74FF0000BCDF81CA0DA46DDF81B
:1037700004B0EFE7DDF81CA00EE71BF8043003FBF4
:103780000AF31B128DF8373008EB05018A7803FB2A
:1037900002F212128DF836204A7803FB02F212125E
:1037A0008DF8352018F8052002FB03F31B128DF865
:1037B000343007EB840609AA57F824100D98FFF758
:1037C0006AF907F82400C0F307237370C0F30743B6
:1037D000B370C0F30760F0700134019B1D444C4589
:1037E000CBDB039E049B1F44059B9844069B9B4494
:1037F0000136029B9E42BFF6D6AE00252C460396AC
:10380000EDE74FF0000B5B46C346B0461E46F0E7BF
:103810003B5D03FB0AF31B0A8DF8233009AB9BF8D1
:103820002220089908EB8400FFF7AFF90134019BCF
:103830001D444C450EDA73199A788DF822205B7876
:103840008DF82130735D8DF82030002FE0D18DF898
:1038500023A0E3E7039A0FB1069B1F44049B9844FF
:10386000059B1E440132029B9A42BFF69CAE002586
:103870002C460392DDE700224346B8461F46F2E796
:103880002DE9F04F8BB004464568D0F8089090F8C9
:103890001BB0066943690193D0F80CA006A8FFF796
:1038A000E5F8BBF1FC0F01D94FF0FF0B5946A069B9
:1038B000DCF714F90590BBF1FF0F23D08DF813B09E
:1038C0009DF816300BFB03F31B128DF812309DF898
:1038D000153003FB0BF31B128DF811309DF81430DB
:1038E00003FB0BF31B128DF810306EB1002E00F0AD
:1038F0009380BBF1FC0F40F28F80D4F800804FF032
:10390000000B85E00490F0E7BBF1FC0F03D82768BB
:103910004FF000082AE0A069DCF71BF922680021BB
:1039200006E042F823000133AB42FADB5244013196
:10393000494580F2D0800023F6E707EB840606AA0B
:1039400057F824100498FFF7A6F807F82400C0F3EE
:1039500007237370C0F30743B370C0F30760F070C0
:103960000134AC42E9DB574408F10108C84580F254
:10397000B2800024F5E708EB840706AA58F8241063
:103980000398FFF788F808F82400C0F307237B703A
:10399000C0F30743BB70C0F30760F8700134AC425A
:1039A00031DA059B0393335DFC2BE4D8022BF5D968
:1039B0008DF80F309DF80E2003FB02F212128DF8E5
:1039C0000E209DF80D2003FB02F212128DF80D203F
:1039D0009DF80C2002FB03F31B128DF80C3008EB52
:1039E000840706AA58F824100398FFF754F808F83B
:1039F0002400C0F307237B70C0F30743BB70C0F300
:103A00000760F870CAE7D044019B1E440BF1010B1C
:103A1000CB4560DA0024C2E7D4F8008000272B46AB
:103A20003D461F4652E008EB840506AA58F82410CC
:103A30000398FFF730F808F82400C0F307236B70F1
:103A4000C0F30743AB70C0F30760E8700134BC42B9
:103A500037DA059B0393325D02FB0BF31912C3F3B4
:103A60000723FC2BDFD8022AF0D98DF80F309DF800
:103A70000E20CBB203FB02F212128DF80E209DF83D
:103A80000D2003FB02F212128DF80D209DF80C2080
:103A900002FB03F31B128DF80C3008EB840506AA19
:103AA00058F824100398FEF7F6FF08F82400C0F336
:103AB00007236B70C0F30743AB70C0F30760E87077
:103AC000C4E7009DD044019B1E4401354D4502DAF8
:103AD00000240095BBE70BB0BDE8F08F08B590F867
:103AE00020300F3B0B2B09D8DFE803F009060D0847
:103AF0000808080808080811FFF7D9F808BD0321CD
:103B0000FFF723FDFAE70421FFF71FFDF6E7FFF7B4
:103B100011FBF3E7944662B1FC2A01D908707047A3
:103B2000D343DBB20A7802FB03F300FB0C331B0A1E
:103B30000B707047F0B585B006460C4601921F46E3
:103B40001046DCF791F92546002C17DBED10725D6D
:103B5000634204F0070403F0070358BF5C42C4F15A
:103B60000704224142F30002D2B28DF80F20013F38
:103B7000032F1CD8DFE807F0041D2227E51DE5E729
:103B800010440246FF28A8BFFF22D0B29DF80720AC
:103B90000DF10F01FFF7BEFF9DF90F30002B18DB71
:103BA000725D0123A340DB435BB21340735505B044
:103BB000F0BD101A20EAE070C0B2E7E702FB00F0A7
:103BC000C0F30720E2E7101A0028B8BF4042C0B295
:103BD000DCE7735D0122A24013437355E7E72DE94B
:103BE000F04F8BB08246D0F804B08368019390F810
:103BF00021300668C26803928569C2690492D0F8D0
:103C000010804169406A424200F0070C02F007024E
:103C100058BFC2F1000C9AF82220002A40F0BB8164
:103C2000B8F1000F17D0B8F1000F00F0BD81FC2BE8
:103C300000F20681B8F1000F00F0B68100242A4698
:103C40003546CDF800B0C346A04602930791CDF8A3
:103C500014C016464DE1FC2B4DD84FF0000AA94682
:103C60000093654691E007EB09031A46002B10DB31
:103C7000D210B15C584203F0070300F0070058BFB0
:103C80004342C3F10703012000FA03F30B43B3548B
:103C900013E0DA1DECE7D210B15C584203F00703E1
:103CA00000F0070058BF4342C3F10703012000FAA8
:103CB00003F3DB435BB21940B154013701345C4577
:103CC0000DDA35F81400DCF797F810F0800FCAD140
:103CD00007EB09031A46002BDDDADA1DDBE7039B4D
:103CE0001E44049B1D4408F10108D04580F25C810C
:103CF00000273C46E3E74FF00008DDF804A0E1466A
:103D0000F3E704F1070A16E016F80A200123A3409E
:103D1000DB435BB2134006F80A3008F101080137B3
:103D20005F452ADA39F81700DCF766F808EB050476
:103D3000A246002CE5DB4FEAEA0A16F80A30624296
:103D400004F0070402F0070258BF5442C4F107040C
:103D5000234143F300038DF82430009A09A9FFF7AB
:103D6000D9FE9DF92430002BCEDA16F80A30012254
:103D7000A240134306F80A30CFE7DDF808A0039B02
:103D80001E44049B99440AF1010A019B9A4580F262
:103D90000B814FF000084746CDF808A0C0E707F1B7
:103DA000070917E018F809300122BA40134308F850
:103DB000093001340AF1010A0135009B9A452EDAD7
:103DC00036F81500DCF718F8029B0AEB0307B94632
:103DD000002FE4DB4FEAE90918F809307A4207F0CE
:103DE000070702F0070258BF5742C7F107073B41D8
:103DF00043F300038DF824301BF8042009A9FFF7D2
:103E000089FE9DF92430002BCCDB18F80920012312
:103E1000BB40DB435BB2134008F80930C9E7059F9C
:103E2000039B9844049B1E44069B9B440137019BC3
:103E30009F4280F2B9800024A24625460597BCE740
:103E400000242746CDF800B0C346B0462E46069162
:103E5000CDF808C0EBE704F1070817E015F80830C3
:103E60000122A240134305F8083009F10109013786
:103E70000AF1010A009B9F4231DA36F81A00DBF79B
:103E8000BBFF059BFC18A046002CE4DB4FEAE808CA
:103E900015F80830624204F0070402F0070258BF28
:103EA0005442C4F10704234143F300038DF8243046
:103EB0001BF80920029B03FB02F2120A09A9FFF773
:103EC00029FE9DF92430002BC8DB15F808200123BA
:103ED000A340DB435BB2134005F80830C5E7DDF8CB
:103EE0001880039B1D44049B1E44079B9B4408F1C0
:103EF0000108019B984557DA4FF000094F46CA4622
:103F0000CDF81880B6E7335D009A02FB03F31B0A75
:103F10008DF827309AF82230099A07EB08014846B5
:103F2000FFF708FE013401375C4524DA05EB440352
:103F30005B78DB0840F63A0202FB03F31B128DF8B4
:103F4000263035F81430C3F3451340F20D4101FB20
:103F500003F31B128DF8253015F8143003F01F03FE
:103F600002FB03F31B128DF82430002ECBD1009BF3
:103F70008DF82730CEE702980EB1059B1E44039BB7
:103F80009944049B1D440130019B98420CDA0027A0
:103F90003C460290C8E74FF000094846B146464605
:103FA00000930591E046EFE70BB0BDE8F08F2DE9F7
:103FB000F04F8DB0436802938368039390F821C05B
:103FC0000568C368059383690193C3690693D0F8B4
:103FD0001080D0F814E0416A4B4201F0070103F071
:103FE000070358BF594290F82230002B40F0F1816E
:103FF000B8F1000F15D0B8F1000F00F0FA81BCF154
:10400000FC0F00F22F81B8F1000F00F0F2810024C4
:104010004346A846CDF810C0CDF824E007911D46D0
:1040200081E1BCF1FC0F5FD84FF0000ADDF804B06D
:104030005746AA46029DCDF804C00291AAE007EBBC
:104040000B031A46002B10DBD210A95C584203F078
:10405000070300F0070058BF4342C3F107030120E4
:1040600000FA03F30B43AB5413E0DA1DECE7D21074
:10407000A95C584203F0070300F0070058BF434211
:10408000C3F10703012000FA03F3DB435BB21940DD
:10409000A95401370136564519DA39F816305BBA9A
:1040A000C3F3C42262F3CF24C3F3451262F34A146C
:1040B00063F304042046DBF79FFE10F0800FBED1AF
:1040C00007EB0B031A46002BD1DADA1DCFE7059B6D
:1040D0001D44069B994408F10108039B984580F212
:1040E000888100273E46D6E74FF00008DDF80490AF
:1040F000DDF808A08B46F0E7E71D24E01AF807205A
:104100000123A340DB435BB213400AF8073009F1F7
:10411000010908F10108A84536DA3BF818305BBA06
:10412000C3F3C42262F3CF26C3F3451262F34A16E7
:1041300063F304063046DBF75FFE029B09EB0304E2
:104140002746002CD8DBFF101AF80730624204F033
:10415000070402F0070258BF5442C4F10704234188
:1041600043F300038DF82C30019A0BA9FFF7D2FC22
:104170009DF92C30002BC1DA1AF807300122A24039
:1041800013430AF80730C2E7049F059B9A44069B35
:104190009B440137039B9F4280F22B814FF0000923
:1041A000C8460497B7E7E61D24E018F80630012258
:1041B000A240134308F806300AF1010A01370BF157
:1041C000010B029B9F4239DA019B33F81B305BBA2B
:1041D000C3F3C42262F3CF29C3F3451262F34A1931
:1041E00063F304094846DBF707FE049BFC182646E8
:1041F000002CD8DBF61018F80630624204F00704F1
:1042000002F0070258BF5442C4F10704234143F3AC
:1042100000038DF82C3015F80A200BA9FFF77AFC63
:104220009DF92C30002BC0DB18F806200123A34099
:10423000DB435BB2134008F80630BDE7079C059BE3
:104240009844019B069A13440193089B1D44013432
:10425000039B9C4280F2CD804FF0000A5746D34624
:104260000794AEE700244346A846CDF820E0049129
:104270001D46EDE7E61D24E018F806300122A240B5
:10428000134308F8063009F1010901370BF1010B5E
:10429000029B9F423DDA019B33F81B305BBAC3F3AC
:1042A000C42262F3CF2AC3F3451262F34A1A63F3BE
:1042B000040A5046DBF7A0FD079BFC182646002C9D
:1042C000D8DBF61018F80630624204F0070402F05A
:1042D000070258BF5442C4F10704234143F30003CB
:1042E0008DF82C3015F80920049B03FB02F2120A0A
:1042F0000BA9FFF70FFC9DF92C30002BBCDB18F845
:1043000006200123A340DB435BB2134008F80630CC
:10431000B9E7089C059B9844019B069A13440193B6
:10432000099B1D440134039B9C4262DA4FF0000953
:104330004F46CB460894ABE72B5D029A02FB03F392
:104340001B0A8DF82F309BF822300B9A06EB0801E0
:104350000198FFF7EFFB01340136544527DA39F8AD
:1043600014305BBAC3F3C42161F3CF27C3F3451202
:1043700062F34A1703F01F0363F3040740F63A00A1
:1043800000FB01F109128DF82E1040F20D4101FBE6
:1043900002F212128DF82D2000FB03F31B128DF890
:1043A0002C30002DC8D1029B8DF82F30CBE701981F
:1043B00004990DB1079B1D44059B1844069B994425
:1043C0000131039B994214DA00263446019004918E
:1043D000C3E783464FF0000928464546DDF808A0AC
:1043E000CDF808C0CDF81CE088464946DDF80490B9
:1043F000E7E70DB0BDE8F08F2DE9F04F8BB08246B6
:10440000D0F80480856890F821B00468D0F80CE0FA
:104410008769C369029306694269436A584203F097
:10442000070300F0070058BF43429AF82200002813
:1044300040F09181B6B1002E00F09781BBF1FC0FE6
:1044400000F20281002E00F090814FF000090595E6
:10445000CDF804B0B3463E464F46CDF818E007927B
:10446000039340E1BBF1FC0F54D8B14626460495B6
:10447000CDF804B0BB46CDF814E01F4690E0C2185A
:104480001646002A16DBF61014F806C0D2F1000B0F
:1044900002F007020BF0070B58BFCBF10002C2F18C
:1044A00007024FF0010B0BFA02F24CEA020C04F87F
:1044B00006C018E0D61DE6E7F61014F806C0D2F1E3
:1044C000000B02F007020BF0070B58BFCBF1000204
:1044D000C2F1070B012202FA0BF2D24352B20CEAEC
:1044E000020C04F806C001300131414508DA7A5661
:1044F000002AC4DBC2181646002ADDDAD61DDBE727
:1045000074444F440AF1010AAA4580F22E8100202A
:104510000146EAE74FF0000ADDF80890F4E705F1FC
:10452000070911E016F809200123AB40DB435BB219
:10453000134006F8093001340AF1010AC24527DAAE
:10454000E519A946002DEADB4FEAE90916F809301A
:104550006A4205F0070502F0070258BF5542C5F14F
:1045600007052B4143F300038DF82430019A09A974
:104570001BF80A00FFF7CEFA9DF92430002BD1DAA0
:1045800016F809300122AA40134306F80930D2E791
:10459000DDF80C90059B1E44029B9B4409F1010928
:1045A000049B994580F2E1800024A246CDF80C904E
:1045B000C4E705F1070A13E016F80A300122AA4001
:1045C000134306F80A3001340BF1010BC3452BDA13
:1045D0005A4619F80B00019BE518AA46002DE8DBA6
:1045E0004FEAEA0A16F80A30694205F0070501F0B9
:1045F000070158BF4D42C5F107052B4143F30003A6
:104600008DF82430BA5C09A9FFF784FA9DF92430AB
:10461000002BD1DB16F80A200123AB40DB435BB251
:10462000134006F80A30CEE7039D059B1E44029B0B
:104630009944069B1F440135049B9D4280F295805E
:104640000024A3460395C1E74FF0000904954D46A9
:10465000B94637462646CDF814E006920193EBE7BB
:10466000EF1D13E0E35D0122AA401343E3550AF175
:10467000010A09F10109C1452DDA4A4616F8090077
:10468000039B0AEB03052F46002DE9DBFF10E35DDA
:10469000694205F0070501F0070158BF4D42C5F119
:1046A00007052B4143F300038DF824301BF802204B
:1046B000019B03FB02F2120A09A9FFF72BFA9DF9ED
:1046C0002430002BCEDBE25D0123AB40DB435BB249
:1046D0001340E355CBE7049F069B1C44029B1E44FA
:1046E000079B9B440137059B9F423EDA4FF0000A2F
:1046F000D1460497BFE715F8093003FB0BF31B0AFB
:104700008DF827309AF82230099A09EB04013846CF
:10471000FFF710FA09F10109C1450CDA16F8093062
:104720008DF826308DF825308DF82430002DE2D11B
:104730008DF827B0E6E701990DB1059B1D44049B58
:104740001F44029B1E440131039B99420DDA4FF036
:1047500000090191E0E70021039535463E462746D2
:10476000CDF810E005921C46EEE70BB0BDE8F08FE7
:104770002DE9F04F8BB08246D0F80490836890F812
:1047800021B00668C26803928569C169D0F81080BB
:104790004069DAF82440624204F0070C02F0070294
:1047A00058BFC2F1000C9AF82220002A40F0B181D3
:1047B000B8F1000F17D0B8F1000F00F0B581BBF1D0
:1047C000FC0F00F20D81B8F1000F00F0AD81002761
:1047D000BA460593CDF804B0C346A84606910790A3
:1047E000CDF808C052E1BBF1FC0F4CD80027B84609
:1047F0002F4604930591CDF804C092E0E71D11E027
:10480000F25D0123A340DB435BB21340F3550AF191
:10481000010A08F10108C84526DA0AEB0B0427460D
:10482000002CEBDBFF10F35D624204F0070402F0A2
:10483000070258BF5442C4F10704234143F3000365
:104840008DF8243005EB48035A7809A915F81800AB
:10485000FFF760F99DF92430002BD1DAF35D0122D6
:10486000A2401343F355D2E7019F039B1E44049BD0
:104870001D440137029B9F4280F256814FF0000891
:10488000C2460197C7E74FF0000B5F4602930491C1
:10489000E346EFE704F1070812E016F808200123C9
:1048A000A340DB435BB2134006F8083001350AF140
:1048B000010ACA452DDA019BEC18A046002CE9DB61
:1048C0004FEAE80816F80830624204F0070402F0E4
:1048D000070258BF5442C4F10704234143F30003C5
:1048E0008DF8243007EB4A035A7802FB0BF2120AC8
:1048F00009A917F81A00FFF70DF99DF92430002BCC
:10490000CBDA16F808300122A240134306F808302B
:10491000CCE7DDF80880039B1E44059B1F4408F18B
:104920000108049B984580F2FF804FF0000A55462D
:10493000CDF80880BDE704F1070A10E016F80A3048
:104940000122A240134306F80A3001350BF1010B96
:10495000CB4531DA019BEC18A246002CEBDB4FEA89
:10496000EA0A16F80A30624204F0070402F007026D
:1049700058BF5442C4F10704234143F300038DF8A8
:10498000243007EB4B035A7818F80B3003FB02F284
:10499000120A09A917F81B00FFF7BCF89DF924308B
:1049A000002BCBDB16F80A200123A340DB435BB2CC
:1049B000134006F80A30C8E7DDF808A0039B1E4440
:1049C000059B1F44069B98440AF1010A049B9A45E3
:1049D00080F2AA804FF0000B5D46CDF808A0B7E743
:1049E0000027BA462F46049305910690CDF804C0DF
:1049F000ECE704F1070A0FE016F80A300122A240A2
:104A0000134306F80A30013701354D4534DA029B6D
:104A1000FC18A246002CECDB4FEAEA0A16F80A3032
:104A2000624204F0070402F0070258BF5442C4F186
:104A30000704234143F300038DF8243008EB4503BA
:104A40005A781BF8053003FB02F2019B03FB02F2CC
:104A5000120C09A918F81500FFF75CF89DF924302D
:104A6000002BC9DB16F80A200123A340DB435BB20D
:104A7000134006F80A30C6E7DDF810A0039B1E4479
:104A8000069B9844079B9B440AF1010A059B9A45A3
:104A90004ADA00252F46CDF810A0B6E75378325DEC
:104AA00002FB03F303FB0BF31B0C8DF827309AF882
:104AB0002230099A019979184046FFF73BF80137EF
:104AC00001344C4512DA05EB440215F814308DF828
:104AD00026308DF825308DF82430002EDED1537825
:104AE00003FB0BF31B0A8DF82730E0E7DDF808E045
:104AF0000EB1069B1E44039B9844059B1D440EF17A
:104B0000010E049B9E450FDA00242746CDF808E0ED
:104B1000D7E74FF0000E4246B04604930591069049
:104B2000CDF804C01646ECE70BB0BDE8F08F2DE9D8
:104B3000F04F8BB047688368029390F82180046837
:104B4000C3688669D0F81CE0056942690492416A2D
:104B50004A4201F0070B02F0070258BFC2F1000BF6
:104B600090F82220002A40F0FC818DB1002D00F049
:104B70000382B8F1FC0F00F23681002D00F0FC81B9
:104B80000021CDF80C8006930B46CDF81CE095E192
:104B9000B8F1FC0F68D84FF0000A0393B8E0D11DBC
:104BA0001DE04FEAE80814F80890D1F1000A01F07E
:104BB00007010AF0070A58BFCAF10001C1F1070155
:104BC0004FF0010A0AFA01F149EA010904F80890D4
:104BD00001300132BA423EDA1146002ADFDBC91049
:104BE00016F80180D2F1000902F0070109F0070967
:104BF00058BFC9F10001C1F1070148FA01F111F0F4
:104C0000010F07D000EB0B0188460029C9DA01F13A
:104C10000708C6E700EB0B018846002918DB4FEABE
:104C2000E80814F80890D1F1000A01F007010AF031
:104C3000070A58BFCAF10001C1F1070A012101FAB0
:104C40000AF1C94349B209EA010904F80890BFE72B
:104C500001F10708E3E71C4476440135654580F21D
:104C60008B8100221046B5E70025DDF808C0F5E786
:104C7000CB1D11E0DD1D22E001229A40D24352B249
:104C80000CEA020C04F805C009F101090131B9422E
:104C900037DA0B460029EBDBDB10F25C484201F00F
:104CA000070300F0070058BF4342C3F107031A414E
:104CB00002F0010209EB0B031D46002BDADBED10BD
:104CC00014F805C0584203F0070300F0070058BF6E
:104CD0004342C3F107034CFA03FA524208EA0202C4
:104CE000C8F1FF004AF3000A00EA0A0052FA80F015
:104CF00010F0800FC0D001229A404CEA02026255A7
:104D0000C2E7DDF804A0039B1C4476440AF1010AC3
:104D1000029B9A4580F2308100218946CDF804A09B
:104D2000B5E7CB1D11E003F1070E23E001229A4005
:104D300048EA020204F80E2009F101090131B942E2
:104D40003FDA685C0B460029EBDBDB10F25CD1F14B
:104D5000000E01F007030EF0070E58BFCEF100035E
:104D6000C3F107031A4102F0010209EB0B039E464F
:104D7000002BD8DB4FEAEE0E14F80E80D3F1000AB8
:104D800003F007030AF0070A58BFCAF10003C3F192
:104D9000070348FA03FA52420240C0F1FF004AF307
:104DA000000A00EA0A0052FA80F010F0800FBDD12C
:104DB00001229A40D24352B208EA020804F80E8057
:104DC000BAE7DDF804A0039B1C44059B1E44654420
:104DD0000AF1010A029B9A4580F2CE8000218946A1
:104DE000CDF804A0ABE74FF0000A0393CDF814E030
:104DF000DDF810C0EEE7D31D13E003F1070E26E047
:104E00000121994048EA010104F80E1009F1010955
:104E10000132BA4249DAA85C0028F7D01346002ACA
:104E2000E9DBDB100199C95CD2F1000C02F0070349
:104E30000CF0070C58BFCCF10003C3F10703194174
:104E400001F0010109EB0B039E46002BD5DB4FEA75
:104E5000EE0E14F80E80D3F1000C03F007030CF0F3
:104E6000070C58BFCCF10003C3F1070348FA03FA5B
:104E7000039E00FB06FC4FEA1C20494201EA1C216C
:104E8000C0F1FF004AF3000A00EA0A0051FA80F07C
:104E900010F0800FB4D1012101FA03F3DB435BB2C0
:104EA00008EA030804F80E80B0E7019E059B069A05
:104EB0001444079A1644049A15440133029A934203
:104EC0005ADA0022914601960593A2E7DB10E35CD3
:104ED000D9F1000109F0070201F0070158BF4A4269
:104EE000C2F10702134143F30003DBB28DF8263011
:104EF0008DF825308DF82430E6B116F80A3003FB22
:104F000008F31B0A8DF82730019B93F82230099A89
:104F10000AEB0B012846FEF70DFE0AF1010A09F122
:104F20000109B94509DA4B46B9F1000FCEDA09F1AA
:104F30000703CBE78DF82780E6E7DDF80CC00EB15C
:104F4000049B1E44059B1D44069B1C440CF1010C54
:104F5000029B9C4510DA4FF00009CA46CDF80CC000
:104F6000DFE74FF0000C2A46254634460593CDF87E
:104F700018E001901646EBE70BB0BDE8F08F2DE985
:104F8000F04F8BB0D0F804B08368019390F821C043
:104F90000468C36803938669C36904930769436916
:104FA000416A4A4201F0070A02F0070258BFC2F103
:104FB000000A90F82220002A40F0A381B7B1002F08
:104FC00000F0AB81BCF1FC0F00F20F81002F00F06C
:104FD000A4810025CDF800B0BB46CDF808C00793EA
:104FE000CDF814A0B24626462C4650E1BCF1FC0F89
:104FF00055D84FF0000933462646C846CDF800C0C4
:105000001C469CE005F1070816E016F8082001236D
:10501000AB40DB435BB2134006F8083001375F4515
:105020002DDA04EB870954F82700DAF71DFF07EBA8
:105030000A05A846002DE5DB4FEAE80816F8083017
:105040006A4205F0070502F0070258BF5542C5F154
:1050500007052B4143F300038DF8243099F8032012
:1050600009A9FEF757FD9DF92430002BCDDA16F87B
:1050700008300122AA40134306F80830CEE7DDF8D5
:105080000080039B1E44049B1C4408F10108019B03
:10509000984580F242810027CDF80080BFE74FF0AD
:1050A000000933462646C8461C46F0E705F10708C6
:1050B00016E016F808200123AB40DB435BB2134037
:1050C00006F8083001375F4531DA04EB870954F8F8
:1050D0002700DAF7C9FE07EB0A05A846002DE5DB35
:1050E0004FEAE80816F808306A4205F0070502F0B2
:1050F000070258BF5542C5F107052B4143F3000392
:105100008DF8243099F80320009B03FB02F2120A69
:1051100009A9FEF7FFFC9DF92430002BC9DA16F827
:1051200008300122AA40134306F80830CAE7DDF828
:105130000880039B1E44049B1C4408F10108019B4A
:10514000984580F2EA800027CDF80880BBE7E51D8E
:1051500016E07B5D0122A24013437B5509F1010952
:10516000009B994531DAC8460AEB89065AF82900AE
:10517000DAF77AFE029B09EB03042546002CE6DBF6
:10518000ED107B5D624204F0070402F0070258BF95
:105190005442C4F10704234143F300038DF8243043
:1051A0001BF80820F37803FB02F2120A09A9FEF7A4
:1051B000B1FC9DF92430002BCBDB7A5D0123A340A9
:1051C000DB435BB213407B55C8E7059D039B1F443F
:1051D000049B9A44069B9B440135019B9D4280F2AF
:1051E0009C804FF000090595BAE70025CDF800B086
:1051F000BB4627460693CDF808A0B246EDE7E71D6B
:1052000014E0F35D0122A2401343F3550135009BE6
:105210009D4234DAA9460AEB85085AF82500DAF7E8
:1052200023FE059BEC182746002CE8DBFF10F35DFE
:10523000624204F0070402F0070258BF5442C4F16E
:105240000704234143F300038DF824301BF80920A1
:10525000029B03FB02F298F8033003FB02F2120CEC
:1052600009A9FEF757FC9DF92430002BC9DBF25D3C
:105270000123A340DB435BB21340F355C6E7069C12
:10528000039B1E44049B9A44079B9B440134019B4F
:105290009C4242DA00250694B9E79DF82730725DFA
:1052A00002FB03F304FB03F31B0C8DF8273098F883
:1052B0002230099A05EB0A014846FEF73BFC01350E
:1052C0005D450CDA57F825000990002EE5D19DF8D0
:1052D000273004FB03F31B0A8DF82730E7E7DDF8DE
:1052E00000C00EB1029B1E44039B9944049B1F44C3
:1052F0000CF1010C019B9C450FDA0025CDF800C094
:10530000DEE780464FF00009394637466246CC4614
:10531000A146029314460E46ECE70BB0BDE8F08FB1
:105320002DE9F04F8DB00191D0F80480D0F808C07D
:1053300090F8213002930568C36805938769C369B3
:1053400006930269D0F814E0416A4B4201F007016C
:1053500003F0070358BF594290F82230002B40F069
:10536000B5818146B2B11AB1029BFC2B00F20781D4
:10537000002A00F0A081029BFC2B40F25A814FF0E2
:10538000000A5046AA461546CDF810C0CDF81CE0DC
:105390008B4689E1029BFC2B4ED84FF0000BAA46AE
:1053A000CDF810C00D4695E004EB0A031A46002B19
:1053B00010DBD210A95C584203F0070300F007008D
:1053C00058BF4342C3F10703012000FA03F30B4324
:1053D000AB5413E0DA1DECE7D210A95C584203F09D
:1053E000070300F0070058BF4342C3F10703012041
:1053F00000FA03F3DB435BB21940A95401345E4465
:1054000044450DDA09EB0600DAF713FD10F0800FC2
:10541000CAD104EB0A031A46002BDDDADA1DDBE7FA
:10542000059B1D44069B99440137029B9F4280F2D5
:105430004D8100263446E3E74FF000094B46B9465C
:10544000CDF808C08A46DDF804B01F46EDE704F148
:10545000070B13E01AF80B300122A24013430AF89D
:105460000B300136019B994446452BDA07EB0900C6
:10547000DAF7DFFC7419A346002CE8DB4FEAEB0BEC
:105480001AF80B30624204F0070402F0070258BF1A
:105490005442C4F10704234143F300038DF82C3038
:1054A000029A0BA9FEF736FB9DF92C30002BD1DBBD
:1054B0001AF80B200123A340DB435BB213400AF828
:1054C0000B30CEE7DDF80CB0059B9A44069B1F44D9
:1054D0000BF1010B049B9B4580F2F8804FF0000913
:1054E0004E46CDF80CB0BFE7E71D15E0EB5D01229D
:1054F000A2401343EB5509F101090136019B9A447F
:10550000029B9E4229DA0BEB0A00DAF792FC039B1E
:10551000F4182746002CE7DBFF10EB5D624204F035
:10552000070402F0070258BF5442C4F107042341A4
:1055300043F300038DF82C3018F809200BA9FEF76F
:10554000E9FA9DF92C30002BD0DBEA5D0123A34062
:10555000DB435BB21340EB55CDE7049F059B1D4435
:10556000069B9B44089B98440137079B9F4280F20F
:10557000AD804FF00009CA464E460497C0E70024AC
:10558000BB462746CDF808809046CDF81CC0CDF824
:1055900020E00391E9E7E71D15E0EB5D0122A24061
:1055A0001343EB5509F101090136019B9A44039B12
:1055B0009E422DDA0BEB0A00DAF73BFC049BF41851
:1055C0002746002CE7DBFF10EB5D624204F0070486
:1055D00002F0070258BF5442C4F10704234143F3C9
:1055E00000038DF82C3018F80920029B03FB02F20F
:1055F000120A0BA9FEF78EFA9DF92C30002BCCDB9A
:10560000EA5D0123A340DB435BB21340EB55C9E7DE
:10561000079F059B1D44069B9B44099B98440137AB
:10562000089B9F4252DA4FF00009CA464E46079740
:10563000BDE74FF0000B5B46BB46CDF80C809046B3
:10564000CDF820C0CDF824E004911F46E8E7029B86
:105650008DF82F3099F822300B9A04EB0B0150464D
:10566000FEF768FA0134019B1E44444513DABB1966
:105670009A788DF82E205B788DF82D30BB5D8DF8F3
:105680002C30002DE3D02B5D029A02FB03F31B0AA2
:105690008DF82F30DEE703980DB1079B1D44059B65
:1056A0009A44069B1F440130049B98420EDA002660
:1056B00034460390D9E74FF0000A5046AA461546F3
:1056C000CDF810C0CDF81CE08B46EDE70DB0BDE87D
:1056D000F08F00002DE9F04F87B080464468D0F885
:1056E0000890C67E056943690393C3680493806983
:1056F000DAF761FBC0F3C71BD8F80070D8F81C209C
:10570000534202F0070A03F0070358BFC3F1000A2F
:105710005DB1002D00F08481FC2E00F22681002373
:10572000CDF814909946019673E1FC2E4CD84FF0B9
:105730000008DDF810C087E0F61017F806C0D3F1B6
:10574000000E03F007030EF0070E58BFCEF1000362
:10575000C3F107034FF0010E0EFA03F34CEA030303
:10576000BB550132A24228DA7F2806D902EB0A0390
:105770001E46002BE0DADE1DDEE702EB0A031E46C2
:10578000002B18DBF61017F806C0D3F1000E03F05B
:1057900007030EF0070E58BFCEF10003C3F1070355
:1057A0004FF0010E0EFA03F3DB435BB20CEA030C7D
:1057B00007F806C0D5E7DE1DE4E72F44013149456F
:1057C00080F234810022CDE70021049DF7E7D11D4E
:1057D0000FE001239340DB435BB20EEA030E07F8B0
:1057E00001E00130A0422ADA00EB0A021146002A49
:1057F000EDDBC91017F801E0534202F0070203F095
:10580000070358BF5A42C2F107024EFA02F303F0EF
:105810000103C6F1FF0505FB03F306FB0B33854DC2
:1058200085FB03851D44DB17C3EBE51313F0FF0F66
:10583000CFD0012393404EEA03037B54D1E7DDF838
:105840000480674408F10108C84580F2EF80002019
:10585000CDF80480C6E77F281BD901EB0A031A465E
:10586000002B14DBD210BE5CD3F1000C03F0070355
:105870000CF0070C58BFCCF10003C3F107034FF045
:10588000010C0CFA03FC46EA0C06BE5428E0DA1DB3
:10589000E8E701EB0A031A46002B14DBD210BE5CCA
:1058A000D3F1000C03F007030CF0070C58BFCCF148
:1058B0000003C3F1070C012303FA0CF3DB435BB2D3
:1058C0001E40BE540CE0DA1DE8E706F1070C14E0B8
:1058D0000123B340DB435BB20EEA030E07F80CE092
:1058E0000131A14231DA6A5C002AF9D0FF2AB2D034
:1058F00001EB0A06B446002EE7DB4FEAEC0C17F882
:105900000CE0734206F0070603F0070358BF5E423F
:10591000C6F107064EFA06F303F00103C2F1FF09D0
:1059200009FB03F302FB0B33424A82FB03921A4446
:10593000DB17C3EBE21313F0FF0FC9D00123B34011
:105940004EEA030307F80C30CAE74246DDF804804C
:105950001744039B1D4408F10108029B984565DA32
:105960000021CDF804809046BBE74FF00008CDF849
:105970000890049AF1E702F1070E12E00123934028
:10598000DB435BB208EA030807F80E800131A1424D
:1059900037DA685C0028F9D001EB0A029646002A43
:1059A000E9DB4FEAEE0E17F80E80534202F00702D1
:1059B00003F0070358BF5A42C2F1070248FA02F344
:1059C00003F00103019E06FB00FC1A4880FB0C96C5
:1059D0006644C6F3C716C6F1FF0C0CFB03F306FBC7
:1059E0000B3380FB03601844DB17C3EBE01313F0A9
:1059F000FF0FC3D00123934048EA030307F80E309A
:105A0000C4E7DDF80890049B1F44039B1D4409F183
:105A10000109059B994509DA0021CDF80890B6E700
:105A20000023CDF8149099460196F2E707B0BDE83F
:105A3000F08F00BF8180808008B590F82030063B51
:105A4000152B0ED8DFE803F01C220D0D0D0D0D0DEA
:105A50000D1119150B0D0D1F0D0D0D0D0D0EFEF772
:105A6000BEF808BDFEF7A3FAFBE70321FFF758FCD9
:105A7000F7E70421FFF754FCF3E7FFF780FAF0E7BC
:105A8000FEF7BAFCEDE7FEF773FEEAE7FFF74FF823
:105A9000E7E7944662B1FC2A01D908707047D34306
:105AA000DBB20A7802FB03F300FB0C331B0A0B701A
:105AB000704730B583B00446019115460846DAF7C1
:105AC000D3F96A1E032A0ED8DFE802F0020F151B75
:105AD00023781844FF28A8BFFF20C0B29DF80720F4
:105AE0002146FFF7D6FF03B030BD2378181A20EA0D
:105AF000E073D8B2F2E7237800FB03F3C3F3072087
:105B0000ECE723781B1A002BB8BF5B42D8B2E5E75D
:105B10002DE9F04F89B047688368029390F821908F
:105B2000D0F800B0C36801938569C3690393D0F8C6
:105B300010A0416990F82230002B40F0E680BAF1C5
:105B4000000F10D0BAF1000F00F08880B9F1FC0FFF
:105B500060D84FF000085246AA464346D846049102
:105B60009B46154674E0B9F1FC0F17D8DDF80880A4
:105B70002EE035F81400DAF73FF90BF8060001368D
:105B80000134BC42F5DB019B9B444D440AF1010A00
:105B9000C24580F2BE8000263446F2E74FF0000A8C
:105BA000DDF80880DDF80C90F2E735F81400DAF73C
:105BB00023F94A460BEB0601FFF76BFF0136013470
:105BC000BC42F2DB019B9B44039B1D440AF1010A8A
:105BD000C24580F29E8000263446F1E735F8140075
:105BE000DAF70AF918F804200BEB0601FFF751FF6A
:105BF00001360134BC42F1DB019B9B44039B1D44F5
:105C0000D04409F10109029B994580F28280002667
:105C10003446EFE74FF00008C146D0468A46F2E727
:105C20003AF81400DAF7E8F82A5D02FB09F2120AE2
:105C300008EB0601FFF72DFF01360134BC42EFDB14
:105C4000019B9844039B9A44049B1D440BF1010B58
:105C5000029B9B455DDA00263446EFE74FF00008D3
:105C60005246AA464346D84604919B461546EFE75E
:105C70003B5D03FB09F31B0A8DF81F3098F82220C7
:105C800007990BEB0600FFF714FF0134013654456A
:105C900023DA05EB44035B78DB0840F63A0202FBAB
:105CA00003F31B128DF81E3035F81430C3F345137F
:105CB00040F20D4101FB03F31B128DF81D3015F866
:105CC000143003F01F0302FB03F31B128DF81C308A
:105CD000002FCDD18DF81F90D0E7049A5346BA46D5
:105CE0001F46BAF1000F01D0059B9A44019B9B44CB
:105CF000039B1D440132029B9A420ADA0026344675
:105D000004923B4657469A46C1E7804600220591D9
:105D1000F1E709B0BDE8F08F2DE9F04F89B0D0F878
:105D200004908368019390F821C0D0F80080C36884
:105D30000293D0F818B0C36903930769416990F8DA
:105D40002230002B40F019817FB1002F00F0BC8081
:105D5000BCF1FC0F00F282804FF0000AD646C2462A
:105D6000D846BB4667460491A6E0BCF1FC0F25D897
:105D70000026E246BDF8005041E03BF814305BBA23
:105D8000C3F3C42262F3CF2AC3F3451262F34A1A63
:105D900063F3040A5046DAF72FF808F805000135D6
:105DA00001344C45E9DB029B9844039B9B4401363C
:105DB000BE4280F2EE8000252C46F2E70026019FCD
:105DC000F6E73BF814305BBAC3F3C42262F3CF2585
:105DD000C3F3451262F34A1563F304052846DAF764
:105DE0000BF8524608EB0701FFF753FE0137013469
:105DF0004C45E6DB029B9844039B9B440136019B88
:105E00009E4280F2C68000273C46F1E73AF8143003
:105E10005BBAC3F3C42262F3CF25C3F3451262F326
:105E20004A1563F304052846D9F7E6FF3A5D08EB07
:105E30000601FFF72EFE013601344C45E6DB029BDE
:105E40009844039B9A44009B1F440BF1010B019B58
:105E50009B4580F29E8000263446EEE74FF0000A14
:105E60005346DA4600919B46F1E738F815305BBAA5
:105E7000C3F3C42262F3CF24C3F3451262F34A147E
:105E800063F304042046D9F7B7FF1BF8052007FB8E
:105E900002F2120A0AEB0601FFF7FBFD013601359B
:105EA0004D45E2DBDDF800E0029B9A44039B9844F9
:105EB000049B9B440EF1010E019B9E4569DA00266E
:105EC0003546CDF800E0EBE74FF0000AD646C24673
:105ED000D846BB4667460491EEE73B5D009A02FB5D
:105EE00003F31B0A8DF81F3098F8222007990BEB5B
:105EF0000500FFF7DEFD013401354C4527DA3AF89D
:105F000014305BBAC3F3C42161F3CF26C3F3451247
:105F100062F34A1603F01F0363F3040640F63A00E7
:105F200000FB01F109128DF81E1040F20D4101FB3A
:105F300002F212128DF81D2000FB03F31B128DF8E4
:105F40001C30002FC9D1009B8DF81F30CCE73B4699
:105F5000574604989A460BB1059B9A44029B9B4472
:105F6000039B1F440130019B984212DA00252C4606
:105F70005346BA4604901F46BFE74FF0000ACDF8DB
:105F800000C0059103465046BA465F46C346984650
:105F9000E9E709B0BDE8F08F2DE9F04F89B08246FE
:105FA000D0F804808368019390F82190D0F800B075
:105FB000C3688669C169076940699AF82220002A86
:105FC00040F0C78097B1002F00F0C980B9F1FC0FF5
:105FD00066D8002F00F0C3804FF0000A5246BA4640
:105FE0005F4602930391049093467BE0B9F1FC0F66
:105FF0001AD8DA4602938B462EE006EB44035A7811
:106000000BEB050116F81400FFF743FD01350134D1
:106010004445F2DBCB4456440137019B9F4280F25A
:106020009E8000242546F3E7002799468A46F4E738
:1060300006EB44035A7802FB09F2120A0AEB050147
:1060400016F81400FFF725FD013501344445EFDB58
:10605000029B9A445E440137019B9F427FDA0024F1
:106060002546F3E706EB44035A783B5D03FB02F257
:10607000120A0AEB050116F81400FFF70AFD0135B4
:1060800001344445EEDB029B9A44039B1E445F446B
:1060900009F10109019B994561DA00242546F0E7E1
:1060A0004FF00009DA46029303918346F2E706EBCC
:1060B00044035A781AF8043003FB02F202FB09F297
:1060C000120C791916F81400FFF7E3FC01350134BE
:1060D0004445ECDB029B1F44039B1E44049B9A44F3
:1060E0000BF1010B019B9B4539DA00242546EFE7B4
:1060F0007B5D03FB09F31B0A8DF81F309AF8222001
:1061000007990BEB0500FFF7D4FC0135013444453A
:106110000CDA16F814308DF81E308DF81D308DF81D
:106120001C30002FE4D18DF81F90E7E7DDF808C0A0
:106130000FB1059B1F44039B9B44049B1E440CF121
:10614000010C019B9C450ADA00242546CDF808C0C5
:10615000DDE74FF0000C039304910590F1E709B0DF
:10616000BDE8F08F2DE9F04F89B08346D0F8049058
:1061700080689BF821A0DBF80070DBF80C300293FC
:10618000DBF81880DBF81C10DBF81060DBF814C0BB
:106190009BF82230002B40F02381AEB1002E00F09E
:1061A0002881BAF1FC0F00F29C80002E00F02181C2
:1061B0004FF0000B5B46BB464746B046019003914B
:1061C000CDF810C01E46C0E0BAF1FC0F2ED8334601
:1061D0004646B846834601911F4651E0DB10F05C0D
:1061E000624204F0070302F0070258BF5342C3F1B2
:1061F0000703184140F30000524608EB0501C0B206
:10620000FFF747FC013501344C4504DA2346002CE6
:10621000E4DAE31DE2E7029B9844019B1E44013748
:106220005F4580F2E68000242546EDE700263346F0
:106230004646B846834601911F46F1E7DB10F05C05
:10624000624204F0070302F0070258BF5342C3F151
:106250000703184140F30000524608EB0501C0B2A5
:10626000FFF717FC013501344C4504DA2346002CB6
:10627000E4DAE31DE2E7029B9844019B1E440137E8
:106280005F4580F2B68000242546EDE7DB10F05C28
:10629000624204F0070302F0070258BF5342C3F101
:1062A0000703184140F300003A5D0AEB0501C0B254
:1062B000FFF7EFFB013501344C4504DA2346002C8F
:1062C000E4DAE31DE2E7029B9A44019B1E44039B30
:1062D0001F4408F10108D84580F28B800024254630
:1062E000EAE74FF0000A5346BA4637464646834629
:1062F0000191CDF80CC09846EDE7DB10F85C6242E6
:1063000004F0070302F0070258BF5342C3F107032A
:10631000184140F3000018F8042002FB0AF2120AA8
:106320000BEB0501C0B2FFF7B4FB013501344C455E
:1063300004DA2346002CE0DAE31DDEE7029B9B44EF
:10634000039B1F44049B98440136019B9E4250DAF4
:1063500000242546EBE7DB1018F80330614204F017
:10636000070201F0070158BF4A42C2F10702134178
:1063700043F30003DBB28DF81E308DF81D308DF82D
:106380001C30A6B1735D03FB0AF31B0A8DF81F30A6
:106390009BF8222007997819FFF78BFB0135013410
:1063A0004C4507DA2346002CD5DAE31DD3E78DF8F8
:1063B0001FA0EDE733464646019A98460BB1059B70
:1063C0009844029B1F44049B1E440132039B9A4243
:1063D0000FDA002425464346B04601921E46DFE709
:1063E00000223346464603900491CDF814C09846E7
:1063F000ECE709B0BDE8F08F2DE9F04F87B081469A
:1064000046688368009390F82180D0F800A0C068A7
:10641000D9F81850D9F81C300193D9F810B0D9F830
:10642000141099F82230002B40F0D280BBF1000FFD
:1064300011D0BBF1000F00F0D280B8F1FC0F6BD887
:10644000BBF1000F00F0CB800027B9465746DA4673
:1064500003908B4685E0B8F1FC0F19D8814633E0F4
:1064600005EB840755F82400D9F7FEFCFA780AEB0F
:106470000401FFF70EFB0134B442F1DBCA44019B77
:106480001D440BF1010BC34580F2A9800024F3E702
:106490004FF0000BDDF800808146F4E705EB840740
:1064A00055F82400D9F7E0FCFA7802FB08F2120A4A
:1064B0000AEB0401FFF7EDFA0134B442EEDBCA4403
:1064C000019B1D440BF1010B009B9B4580F28780D3
:1064D0000024F2E705EB840B55F82400D9F7C4FC3F
:1064E0009BF8032018F8043003FB02F2120A391952
:1064F000FFF7CFFA0134B442ECDBDDF808B04F44CB
:10650000019B1D44D0440BF1010B009B9B4566DAB7
:106510000024CDF808B0EEE70027D846BB46574622
:1065200081468A46F1E705EB840955F82400D9F73E
:106530009BFC99F8032002FB08F21AF8043003FBD5
:1065400002F2120C3919FFF7A4FA0134B442EADB63
:10655000DDF80890039B1F44019B1D44DA4409F1B8
:106560000109009B99453ADA0024CDF80890EDE73F
:106570009DF817302A5D02FB03F303FB08F31B0CA5
:106580008DF8173099F8222005990AEB0C00FFF7D7
:1065900090FA0134B4420DDAA44657F8240005906D
:1065A000002DE5D19DF8173003FB08F31B0A8DF889
:1065B0001730E7E70DB1039B1D44029B9A44019BF2
:1065C0001F440BF1010B009B9B4508DA0024E1E717
:1065D00000232F465D469B4602900391F3E707B0E8
:1065E000BDE8F08F2DE9F04F89B088464768836891
:1065F000019390F82120D0F800A0C3680293866927
:10660000C3690393D0F810904369059390F8223042
:10661000002B40F0E580B9F1000F0DD0B9F1000F6B
:1066200007D0FC2A73D8B9F1000F02D0FC2A40F23F
:106630009E8009B0BDE8F08FFC2A1ED8FC2AEDD858
:106640004FF0000B33465646CDF8009091469A46DF
:1066500032E07019D9F7EDFB0AF804000134454423
:10666000BC42F6DB029B9A44039B1E4409F10109DC
:10667000D9450BDA00252C46F2E74FF0000BCDF898
:106680000090D946DDF804B00492F1E7DDF80090FF
:10669000049AD3E70AEB0500D9F7CBFB4A46311938
:1066A000FFF7F7F901344544BC42F3DB029B1E447B
:1066B000039B9A440BF1010B019B9B4502DA0025D9
:1066C0002C46F1E75346B2464A46DDF800901E4696
:1066D000A4E70AEB0B00D9F7ACFB725D09EB0401F0
:1066E000FFF7D7F901350134C344BC42F1DB009B0D
:1066F000029A9144039A9244059A16440133019AEE
:1067000093420BDA0025AB462C460093EDE70023BD
:106710004946D146B24604920E46F0E73346564605
:10672000CA46049A99467EE709EB0B00D9F781FB2C
:10673000725D009B03FB02F2120A0AEB0401FFF7F1
:10674000A8F901350134C344BC42EDDB0498029B37
:106750009A44039B9944059B1E440130019B984237
:10676000BFF667AF0025AB462C460490ECE700204F
:106770004B46B14600921E46F0E73B5D009A02FB95
:1067800003F31B0A8DF81F309BF8222007990AEBB0
:106790000400FFF78EF901344D4444450FDA7319B4
:1067A0009A788DF81E205B788DF81D30735D8DF81A
:1067B0001C30002FE1D1009B8DF81F30E4E70498D6
:1067C0000FB1059B1F44029B9A44039B1E4401305A
:1067D000019B9842BFF62DAF00252C460490DCE7C4
:1067E000834600200092B8464F468946F0E72DE9DF
:1067F000F04F89B08246D0F804808368019390F806
:1068000021900668C3688769C169D0F810B04069F3
:106810009AF82220002A40F0B080BBF1000F11D07E
:10682000BBF1000F22D0B9F1FC0F52D8BBF1000F21
:106830001CD04FF0000A5246DA46029303910490AE
:10684000934663E0B9F1FC0F13D84FF0000ABB4642
:10685000574602938A461FE0424639463046E6F7DD
:1068600065FE4E4457440134AC42F5DB09B0BDE847
:10687000F08F0024019D99468A46F5E74A46711932
:106880001BF80400FFF705F9013501344445F5DB39
:10689000029B1E44D3440137019B9F42E6DA002449
:1068A0002546F3E73A5D71191AF80400FFF7F1F88D
:1068B000013501344445F5DB029B1E44039B9A4499
:1068C0005F4409F10109019B9945CFDA002425466F
:1068D000F0E74FF00009BA465F4602930391834602
:1068E000F1E71AF8042002FB09F2120A7119385D67
:1068F000FFF7CFF8013501344445F2DB029B1E441B
:10690000039B1F44049B9A440BF1010B019B9B4585
:10691000ACDA00242546EFE77B5D03FB09F31B0A95
:106920008DF81F309AF8222007990BEB0500FFF72E
:10693000C0F80135013444450BDA335D8DF81E3063
:106940008DF81D308DF81C30002FE5D18DF81F908B
:10695000E8E7DDF808C00FB1059B1F44039B9B448B
:10696000049B1E440CF1010C019B9C45BFF67EAFBD
:1069700000242546CDF808C0DDE74FF0000C5A464C
:10698000B3463E460393049105901746ECE72DE984
:10699000F04F83B007464468D0F80890C57E06697A
:1069A00043690093D0F80CA07EB10EB1FC2D62D8E3
:1069B000B869D9F700FA8046D7F800B00023CDF8BF
:1069C00004A0DA46B3461E4680E0FC2D3CD980691F
:1069D000D9F7F1F93A68002532E0D054591C5054E7
:1069E000991C5054D91C5054191D5054591D5054C1
:1069F000991D5054D91D505403F10801505403F10E
:106A00000901505403F10A01505403F10B01505491
:106A100003F10C01505403F10D01505403F10E0128
:106A2000505403F10F0150541033A4F11001994256
:106A3000D3DC01E0D0540133A342FBDB52440135E7
:106A40004D4547DA0023F0E78069D9F7B4F980466D
:106A50003F684FF0000B0AE02A46B9194046FFF79D
:106A600018F80136A642F7DB57440BF1010BCB4572
:106A700030DA0026F6E78069D9F79DF980463F684D
:106A80004FF0000B0CE0725D79194046FFF701F8FA
:106A90000135A542F7DB5744009B1E440BF1010B67
:106AA000CB4517DA0025F4E71BF8072005FB02F2B7
:106AB000120A0AEB07014046FEF7EBFF0137A74237
:106AC000F2DB019B9A44009B9B4401364E4501DA60
:106AD0000027F4E703B0BDE8F08F08B590F8203048
:106AE000063B152B0ED8DFE803F01C220D0D0D0D13
:106AF0000D0D0D1119150B0D0D1F0D0D0D0D0D0E9D
:106B0000FFF706F808BDFFF707F9FBE70321FFF7DA
:106B100069FDF7E70421FFF765FDF3E7FFF76CFC7C
:106B2000F0E7FFF764FEEDE7FFF736FAEAE7FFF775
:106B300019FBE7E7002A39D0FF2A27D000B5D34355
:106B4000DBB290F802C0CA0A03FB02F2120A02EB9F
:106B5000DC0290F801E0C1F3451C0CFB03FCCCF314
:106B6000072C0CEB9E0C5FFA8CFC90F800E001F017
:106B70001F0101FB03F31B0A03EBDE03D20292B2F7
:106B800002EB4C1292B2134498B200BD8178090214
:106B900001F4784109B24378DB0003F4FC63194344
:106BA00089B2037801EBD30080B270470846704782
:106BB0009AB310B51446FF2A22D06FEA020E5FFA8C
:106BC0008EFE4FEAD00C02FB0CFCCB0A0EFB03C37B
:106BD000DB0003F4FC331BB28008C1F3451202FB57
:106BE0000EF200FB0422D21002F4FC6213439BB2AB
:106BF00001F01F0101FB0ECC03EB2C2398B210BD5A
:106C0000010201F4784109B2C30003F4FC631943A3
:106C100089B201EBD00080B2F1E708467047002A44
:106C20003DD010B584469646FF2A28D0D243D2B232
:106C30008078C008CB0A02FB03F30EFB0033DB00B5
:106C400003F4FC331BB29CF80140A408C1F34510C7
:106C500002FB00F004FB0E00C01000F4FC600343D4
:106C60009BB29CF800C04FEADC0C01F01F0101FB55
:106C700002F20CFB0E2203EB222080B210BD8178C1
:106C8000090201F4784109B24378DB0003F4FC63A4
:106C9000194389B2037801EBD30080B2EEE70846CE
:106CA000704700002DE9F04F87B08B46D0F804A064
:106CB000816890F821900568C36802938769C36969
:106CC0000393D0F810804369059390F82230002B8D
:106CD00040F09681B8F1000F0FD0B8F1000F09D045
:106CE000B9F1FC0F73D8B8F1000F03D0B9F1FC0F64
:106CF00040F2978007B0BDE8F08FB9F1FC0F26D8BD
:106D0000CDF80480984630E03544674401348C4225
:106D1000E3DA002002465245F6DA07EB000E9EF851
:106D200002301B0203F478431BB29EF801E04FEAE5
:106D3000CE0E0EF4FC6E43EA0E039BB217F800E091
:106D400003EBDE0325F8123001325844E3E7002458
:106D5000029EDDF80CC0DAE74146DDF80080029BB8
:106D60001D44039B1F4408F10108884511DA0026E1
:106D70003446CDF8008088465445EDDA4A4635F869
:106D80001410B819FFF74BFF25F8140001345E44C6
:106D9000F2E7DDF80480A0E7029B1D44039B1F443B
:106DA000059B984409F10109009B994515DA0026D5
:106DB00034465445F0DA18F8042035F81410B819A0
:106DC000FFF72DFF25F8140001345E44F1E700239E
:106DD0000091CDF804909946E6E71946DDF8049055
:106DE00081E7009B029A1544039A9044059A174440
:106DF0000133019A9342BFF67DAF002634460093DB
:106E00005445EEDA3A5D02FB09F2120A35F8141025
:106E100008EB0600FFF703FF25F8140001345E4479
:106E2000EEE700234246B84601911746E1E705EB3D
:106E300044035978BA199378DB0803EBD1031F2B6D
:106E4000A8BF1F23DB029BB235F81400C0F3451026
:106E5000527800EB92003F28A8BF3F20400180B24B
:106E6000184480B215F8143003F01F03BA5D03EB29
:106E7000D2031F2BD4BFC0181F3080B2B8F1000F4F
:106E800000F09780B9F1FC0F40F29B8018F80420C5
:106E900035F81410D8F7F4FE25F8140001345E44D8
:106EA000544580F29A80009B93F82230013B032BDB
:106EB0003FF620AF01A252F823F000BF2F6E030867
:106EC000CD6E0308196F0308616F030805EB4403D7
:106ED0005978BA199378DB08C3EBD10323EAE3733B
:106EE0009BB2DB029BB235F81400C0F34510527818
:106EF000A0EB920020EAE070400180B2184480B21A
:106F000015F8143003F01F03BA5DA3EBD203002B76
:106F1000A8BFC01880B2B1E705EB44035B78DB087B
:106F2000BA199178C90801FB03F35B0935F814001D
:106F3000C0F345105278920802FB00F08011400126
:106F400080B200EBC32080B215F8143003F01F03A9
:106F5000BA5DD20802FB03F300EB631080B28DE749
:106F600005EB44035978BA199378DB08C3EBD103D6
:106F7000002BB8BF5B429BB2DB029BB235F814001A
:106F8000C0F345105278A0EB92000028B8BF4042F1
:106F9000400180B2184480B215F8143003F01F038A
:106FA000BA5DA3EBD203002BB8BF5B42184480B29A
:106FB00064E74A4635F81410D8F762FE25F8140045
:106FC0006CE718F8042002FB09F2120A35F81410D5
:106FD000D8F756FE25F8140060E7019B029A154485
:106FE000039A1744B8F1000F01D0059A9044013379
:106FF000049A9342BFF67EAE0026344601934FE7D3
:10700000002304910090F3E72DE9F04F87B0D0F80A
:1070100004808368049390F821900568C368029304
:107020008769C3690393D0F810B04369059390F85A
:107030002230002B40F09781BBF1000F10D0BBF144
:10704000000F00F09381B9F1FC0F68D8BBF1000F7D
:1070500000F08C814FF0000A5346BA461F466DE09F
:10706000B9F1FC0F1AD8DDF810A024E0029B1D44F2
:1070700057440BF1010BCB4580F278810026344652
:107080004445F3DAF31CFA5C35F81410B819FFF72D
:10709000C6FD25F8140001340436F1E74FF0000B6B
:1070A000DDF81090DDF80CA0E5E7029B1D44039B82
:1070B0001F440BF1010BD34580F258810026344662
:1070C0004445F2DAB819C27802FB09F2120A35F81F
:1070D0001410FFF7A4FD25F8140001340436EFE77F
:1070E000029B1D44039B1F44059B99440BF1010B1C
:1070F000D34580F23B81002634464445F0DAB81986
:10710000C27819F8043003FB02F2120A35F81410A1
:10711000FFF785FD25F8140001340436EDE74FF044
:1071200000094B46D946DDF810A09B46E0E7029BDC
:107130001D44039B9A44059B9B440137049B9F423B
:1071400080F21481002634464445F0DA0AEB06004A
:10715000C2781BF8043003FB02F202FB09F2120CA6
:1071600035F81410FFF75BFD25F8140001340436E0
:10717000EAE705EB44035978BA199378DB0803EB87
:10718000D1031F2BA8BF1F23DB029BB235F81400CD
:10719000C0F34510527800EB92003F28A8BF3F2073
:1071A000400180B2184480B215F8143003F01F0378
:1071B000BA5D03EBD2031F2BD4BFC0181F3080B2BF
:1071C000BBF1000F00F09580B9F1FC0F40F2A980EF
:1071D0001BF8042035F81410D8F752FD25F81400D8
:1071E00001340436444580F2AC809AF82230013BE9
:1071F000032B00F2BB8001A252F823F07371030845
:107200000D72030859720308A172030805EB4403C9
:107210005978BA199378DB08C3EBD10323EAE373F7
:107220009BB2DB029BB235F81400C0F345105278D4
:10723000A0EB920020EAE070400180B2184480B2D6
:1072400015F8143003F01F03BA5DA3EBD203002B33
:10725000A8BFC01880B2B3E705EB44035B78DB0836
:10726000BA199178C90801FB03F35B0935F81400DA
:10727000C0F345105278920802FB00F080114001E3
:1072800080B200EBC32080B215F8143003F01F0366
:10729000BA5DD20802FB03F300EB631080B28FE704
:1072A00005EB44035978BA199378DB08C3EBD10393
:1072B000002BB8BF5B429BB2DB029BB235F81400D7
:1072C000C0F345105278A0EB92000028B8BF4042AE
:1072D000400180B2184480B215F8143003F01F0347
:1072E000BA5DA3EBD203002BB8BF5B42184480B257
:1072F00066E7B9F1FC0F08D9F31CFA5C35F81410F5
:10730000D8F7BEFC25F814006AE7BB19DA7802FB4F
:1073100009F2120A35F81410D8F7B2FC25F8140057
:107320005EE71BF8042002FB09F2BB19DB7803FBC4
:1073300002F2120C35F81410D8F7A2FC25F814004C
:107340004EE7019B029A1544039A1744BBF1000FC4
:1073500001D0059A93440133049A934206DA002639
:10736000344601933EE782460023F5E707B0BDE8C7
:10737000F08F00BF2DE9F04F89B0D0F8048083680A
:10738000049390F821900568C36802938769C369E4
:107390000393D0F810B04369059390F82230002B86
:1073A00040F0E981BBF1000F0ED0BBF1000F00F0FF
:1073B000E581B9F1FC0F00F29E80BBF1000F00F0F7
:1073C000DD814FF0000AD5E0B9F1FC0F1AD8DDF8E5
:1073D00010A04FE0029B1D4457440BF1010BCB451D
:1073E00080F2CC81002634464445F3DAF31CFA5C83
:1073F00035F81410B819FFF79DFB25F81400013477
:107400000436F1E74FF0000BDDF81090DDF80CA02A
:10741000E5E701340436444526DAF11C785C00289F
:10742000F7D0BB5D4FF47F4292FBF0F202FB03F317
:107430001B128DF81C30B819437802FB03F31B12A2
:107440008DF81D30837802FB03F31B128DF81E307C
:107450007A5C02FB09F2120A35F8141007A8FFF74C
:10746000DEFB25F81400D4E7029B1D44039B1F4458
:107470000BF1010BD34580F2818100263446CAE727
:1074800001340436444528DAF11C785C0028F7D032
:10749000BB5D4FF47F4292FBF0F202FB03F31B1241
:1074A0008DF81C30B819437802FB03F31B128DF8DA
:1074B0001D30837802FB03F31B128DF81E307A5CBB
:1074C00019F8043003FB02F2120A35F8141007A869
:1074D000FFF7A5FB25F81400D2E7029B1D44039B90
:1074E0001F44059B99440BF1010BD34580F2468163
:1074F00000263446C6E74FF000094B46D946DDF872
:1075000010A09B46F1E7BB5D4FF47F4292FBF0F287
:1075100002FB03F31B128DF81C30B819437802FBF1
:1075200003F31B128DF81D30837802FB03F31B124B
:107530008DF81E307A5C1BF8043003FB02F202FB6C
:1075400009F2120C35F8141007A8FFF768FB25F8AC
:10755000140001340436444504DAF11C785C002838
:10756000F7D0D0E7029B1D44039B1F44059B9B441F
:107570000AF1010A049B9A4580F2008100263446F4
:10758000E9E705EB44035978BA199378DB0803EB74
:10759000D1031F2BA8BF1F23DB029BB235F81400B9
:1075A000C0F34510527800EB92003F28A8BF3F205F
:1075B000400180B2184480B215F8143003F01F0364
:1075C000BA5D03EBD2031F2BD4BFC0181F3080B2AB
:1075D000BBF1000F00F09580B9F1FC0F40F2A980DB
:1075E0001BF8042035F81410D8F74AFB25F81400CE
:1075F00001340436444580F2AC809AF82230013BD5
:10760000032B00F2BB8001A252F823F0837503081C
:107610001D76030869760308B176030805EB440379
:107620005978BA199378DB08C3EBD10323EAE373E3
:107630009BB2DB029BB235F81400C0F345105278C0
:10764000A0EB920020EAE070400180B2184480B2C2
:1076500015F8143003F01F03BA5DA3EBD203002B1F
:10766000A8BFC01880B2B3E705EB44035B78DB0822
:10767000BA199178C90801FB03F35B0935F81400C6
:10768000C0F345105278920802FB00F080114001CF
:1076900080B200EBC32080B215F8143003F01F0352
:1076A000BA5DD20802FB03F300EB631080B28FE7F0
:1076B00005EB44035978BA199378DB08C3EBD1037F
:1076C000002BB8BF5B429BB2DB029BB235F81400C3
:1076D000C0F345105278A0EB92000028B8BF40429A
:1076E000400180B2184480B215F8143003F01F0333
:1076F000BA5DA3EBD203002BB8BF5B42184480B243
:1077000066E7B9F1FC0F08D9F31CFA5C35F81410E0
:10771000D8F7B6FA25F814006AE7BB19DA7802FB45
:1077200009F2120A35F81410D8F7AAFA25F814004D
:107730005EE71BF8042002FB09F2BB19DB7803FBB0
:1077400002F2120C35F81410D8F79AFA25F8140042
:107750004EE7019B029A1544039A1744BBF1000FB0
:1077600001D0059A93440133049A934206DA002625
:10777000344601933EE782460023F5E709B0BDE8B1
:10778000F08F00BF2DE9F04F87B0D0F804A08368D8
:10779000049390F821800568C3680293D0F818908C
:1077A000C369039307694369059390F82230002B5E
:1077B00040F0698177B1002F00F06881B8F1FC0FCB
:1077C00069D8002F00F062814FF0000B5B46BB468A
:1077D0001F4670E0B8F1FC0F24D83B464F46DDF859
:1077E00010B099462AE03D44E1440134B44280F2AD
:1077F0004D81002001465145F5DA19F800204FEA85
:10780000022E0EF4784E0FFA8EFED30003F4FC63C2
:1078100043EA0E03D20812FA83F325F8113001313E
:107820000130E8E70024049E029FDDF80CC0DDE78C
:10783000029B1D44039B1F4409F10109D94580F2B5
:107840002581002634465445F2DA424635F81410B4
:10785000B85DFFF7ADF925F8140001340136F2E701
:10786000029B1D44039B1F44059B984409F1010999
:10787000D94580F20B81002634465445F0DA18F8D9
:10788000042035F81410B85DFFF792F925F81400BC
:1078900001340136F1E74FF000084346B8464F4641
:1078A000DDF810B09946E3E7029B1D44039B994421
:1078B000059B9B440137049B9F4280F2E780002692
:1078C00034465445F0DA1BF8042002FB08F2120A91
:1078D00035F8141019F80600FFF76AF925F81400B6
:1078E00001340136EDE705EB4402527803EBD20296
:1078F0001F2AA8BF1F22D20292B235F81400C0F38B
:10790000451008443F28A8BF3F20400180B21044E2
:1079100080B215F8142002F01F0213441F2BD4BFAD
:10792000C0181F3080B2002F00F08480B8F1FC0F27
:1079300040F28E803A5D35F81410D8F7A1F925F899
:10794000140001340436544580F28D8019F8061075
:10795000CB0889089BF82220013A032A00F296807E
:1079600001A050F822F000BFE778030879790308F6
:10797000B7790308F179030805EB44025278C3EBA9
:10798000D20222EAE27292B2D20292B235F8140026
:10799000C0F34510401A20EAE070400180B2104464
:1079A00080B215F8142002F01F02D31A002BA8BFD2
:1079B000C01880B2B7E705EB44025278D20803FB47
:1079C00002F2520935F81400C0F3451001FB00F033
:1079D0008011400180B200EBC22080B215F8142063
:1079E00002F01F0202FB03F300EB631080B29AE780
:1079F00005EB44025278C3EBD202002AB8BF5242D0
:107A000092B2D20292B235F81400C0F34510401A77
:107A10000028B8BF4042400180B2104480B215F83F
:107A2000142002F01F02D31A002BB8BF5B42184487
:107A300080B278E7B8F1FC0F02D925F8140080E78E
:107A4000424635F81410D8F71BF925F8140078E7EA
:107A50003A5D02FB08F2120A35F81410D8F710F953
:107A600025F814006DE7019B029A1544039A91448E
:107A70000FB1059A17440133049A934206DA00269F
:107A8000344601935FE783460023F5E707B0BDE87E
:107A9000F08F00BF2DE9F04F87B0D0F804808368E5
:107AA000049390F821A00568C36802938769C369AD
:107AB0000393D0F810904369059390F82230002B7F
:107AC00040F08B81B9F1000F10D0B9F1000F00F038
:107AD0008781BAF1FC0F70D8B9F1000F00F08081F6
:107AE0004FF0000B5B46CB46994673E0BAF1FC0FB2
:107AF0001CD8DDF810B026E0029B1D445F4409F15C
:107B00000109D14580F26C81002634464445F3DA00
:107B100007EB46035A7835F8141017F81600FFF7EC
:107B200047F825F8140001340136EFE74FF000095B
:107B3000DDF810A0DDF80CB0E3E7029B1D44039BC9
:107B40001F4409F10109D94580F24A8100263446D3
:107B50004445F2DA07EB46035A7802FB0AF2120AAE
:107B600035F8141017F81600FFF722F825F814005E
:107B700001340136ECE7029B1D44039B1F44059B27
:107B800099440AF1010ADA4580F22A810026344636
:107B90004445F0DA07EB46035A7819F8043003FB42
:107BA00002F2120A35F8141017F81600FFF700F861
:107BB00025F8140001340136EAE74FF0000ADDF839
:107BC00010B0E0E7029B1D44039B1F44059B9B44B0
:107BD00009F10109049B994580F20281002634468F
:107BE0004445EFDA07EB46035A781BF8043003FBF1
:107BF00002F202FB0AF2120C35F8141017F8160004
:107C0000FEF7D6FF25F8140001340136E8E705EB4E
:107C100044035B7802EBD3031F2BA8BF1F23DB02B7
:107C20009BB235F81400C0F3451060443F28A8BF4C
:107C30003F20400180B2184480B215F8143003F0A0
:107C40001F0313441F2BD4BFC0181F3080B2B9F1DB
:107C5000000F00F08B80BAF1FC0F40F29D8019F804
:107C6000042035F81410D8F70BF825F81400013467
:107C70000436444580F29F8007EB460117F816C092
:107C80004FEADC024FEA9C0C9BF82230013B032BAD
:107C900000F2A68001A050F823F000BF0F7C03087B
:107CA000AD7C0308ED7C0308277D030805EB440346
:107CB0005B78C2EBD30323EAE3739BB2DB029BB294
:107CC00035F81400C0F34510A0EB0C0020EAE0707A
:107CD000400180B2184480B215F8143003F01F033D
:107CE0009B1A002BA8BFC01880B2B0E705EB440375
:107CF0005B78DB0802FB03F35B0935F81400C0F383
:107D0000451000FB0CF08011400180B200EBC32055
:107D100080B215F8143003F01F0302FB03F300EBED
:107D2000631080B293E705EB44035B78C2EBD303A7
:107D3000002BB8BF5B429BB2DB029BB235F814004C
:107D4000C0F34510A0EB0C000028B8BF4042400132
:107D500080B2184480B215F8143003F01F039B1A48
:107D6000002BB8BF5B42184480B270E7BAF1FC0F39
:107D700007D94A7835F81410D7F782FF25F8140090
:107D800075E74A7802FB0AF2120A35F81410D7F7A1
:107D900077FF25F814006AE719F8042002FB0AF2BD
:107DA0004B7803FB02F2120C35F81410D7F768FF7A
:107DB00025F814005BE70199029B1D44039B1F44B7
:107DC000B9F1000F01D0059B99440131049B994200
:107DD00006DA0026344601914BE783460021F5E799
:107DE00007B0BDE8F08F00BF2DE9F04F87B0D0F8A5
:107DF00004A08368049390F821800668C368029306
:107E0000D0F81890C369039307694369059390F804
:107E10002230002B40F0B5817FB1002F00F0B581FA
:107E2000B8F1FC0F00F2A780002F00F0AE814FF0F8
:107E3000000B5B46BB461F46D1E0B8F1FC0F3CD8B7
:107E40003B464F46DDF810B0994660E0DB1019F86C
:107E500003C0D2F1000E02F007030EF0070E58BF68
:107E6000CEF10003C3F107034CFA03FC4CF3000C02
:107E70005FFA8CF34FEA032E0EF4784E0FFA8EFE63
:107E8000DB0003F4FC6343EA0E034FEADC6C1CFAEC
:107E900083F326F8113001310132514504DA1346DB
:107EA000002AD3DAD31DD1E72E44B9440130A042D1
:107EB00080F26B8100221146EFE70020049C029DB6
:107EC000039FF4E7DB10F85C624204F0070302F062
:107ED000070258BF5342C3F10703184140F30000A3
:107EE000424636F81510C0B2FEF762FE26F81500BD
:107EF00001350134554504DA2346002CE2DAE31D4E
:107F0000E0E7029B1E44039B1F4409F10109D94588
:107F100080F23B8100242546ECE7DB10F85C6242EE
:107F200004F0070302F0070258BF5342C3F10703EE
:107F3000184140F3000018F8052036F81510C0B2BB
:107F4000FEF736FE26F8150001350134554504DAF2
:107F50002346002CE1DAE31DDFE7029B1E44039B6E
:107F60001F44059B984409F10109D94580F20D8110
:107F700000242546EAE74FF000084346B8464F463E
:107F8000DDF810B09946F0E7DB1019F80300624203
:107F900004F0070302F0070258BF5342C3F107037E
:107FA000184140F300001BF8052002FB08F2120AFA
:107FB00036F81510C0B2FEF7FBFD26F815000135A6
:107FC0000134554504DA2346002CDDDAE31DDBE7F6
:107FD000029B1E44039B9944059B9B440137049BD1
:107FE0009F4280F2D28000242546EAE7E31D61E04B
:107FF00036F815001A0202F4784212B2D90001F4E0
:10800000FC610A4392B202EBD3039BB2C1184FF654
:10801000FE72914200F3848088B238E036F8150091
:108020001A0202F4784212B2D90001F4FC610A4348
:1080300092B202EBD3039BB2C21A002A73DD90B254
:1080400025E036F81520190201F4784109B2D8006C
:1080500000F4FC60014389B201EBD303C2F3451085
:10806000C3F3850101FB00F08011D10AC3F3CC0CEE
:1080700011FB0CF1400140EAC12000B202F01F02E6
:1080800003F01F0303FB02F240EA621080B2002FEC
:108090004BD0B8F1FC0F56D97A5D36F81510D7F7EA
:1080A000EFFD26F8150001350434554556DA234610
:1080B000002C9BDBDB1019F80330614204F007024F
:1080C00001F0070158BF4A42C2F10702134143F3CE
:1080D0000003DBB29BF82220013A032A55D801A104
:1080E00051F822F0F17F03081D8003084380030844
:1080F000F580030836F81520180200F4784000B225
:10810000D90001F4FC61084380B200EBD30080B2D7
:10811000131A002B01DD98B2B9E7801A80B2B6E7D6
:108120004FF6FF70B3E70020B1E7B8F1FC0F02D9BA
:1081300026F81500B7E7424636F81510D7F7A0FD28
:1081400026F81500AFE77A5D02FB08F2120A36F84E
:108150001510D7F795FD26F81500A4E7DDF804E023
:10816000029B1E44039B99440FB1059B1F440EF1D3
:10817000010E049B9E4508DA00242546CDF804E054
:1081800093E783464FF0000EF3E707B0BDE8F08FAA
:108190002DE9F04F85B0D0F804808368029390F801
:1081A00021900568C36801938669C36900930769D4
:1081B0004369039390F82220002A40F07F814FB159
:1081C000002F76D0B9F1FC0F4DD84FF0000ADDF842
:1081D00008B05BE0B9F1FC0F29D94FEA4808002448
:1081E000029FDDF80490DDF800A007E0424631462A
:1081F0002846E5F79BF94D4456440134BC42F5DB73
:1082000005B0BDE8F08F4A4635F8141036F8140072
:10821000D7F736FD25F8140001344445F3DB019B04
:108220001D445E4401375745EADA0024F5E700278C
:10823000DDF808A0DDF800B0F5E75D44009B994447
:10824000039B1E4401375745DADA00244445F4DA2B
:10825000325D35F8141039F81400D7F711FD25F800
:1082600014000134F2E74FF000094B46B1463E4698
:10827000DDF808A0DDF804B01F46E4E7019B1D44CB
:10828000009B1E44039B1F440AF1010ADA45B7DA3A
:1082900000244445F2DA3A5D02FB09F2120A35F88D
:1082A000141036F81400D7F7EBFC25F8140001344D
:1082B000EFE74FF0000ADDF808B0E7E7630006EBF0
:1082C000440136F81420002A00F0C1802B445A786B
:1082D0004B78DB0803EBD2031F2BA8BF1F23DB0265
:1082E0009BB235F81400C0F3451036F81420C2F3E1
:1082F000451210443F28A8BF3F20400180B21844D7
:1083000080B215F8143003F01F0316F8142002F0A1
:108310001F0213441F2BD4BFC0181F3080B28BE044
:10832000630006EB440136F81420002A00F08F8029
:108330002B445A784B78DB08C3EBD20323EAE37370
:108340009BB2DB029BB235F81400C0F3451036F83F
:108350001420C2F34512801A20EAE070400180B276
:10836000184480B215F8143003F01F0316F81420D7
:1083700002F01F029B1A002BA8BFC01880B25BE05E
:10838000630006EB440136F814004FF6FF7290428A
:108390005DD02B445B78DB084A78D20802FB03F3FC
:1083A0005B0935F81400C0F3451036F81420C2F309
:1083B000451202FB00F08011400180B200EBC320A7
:1083C00080B215F8143003F01F0316F8142002F0E1
:1083D0001F0202FB03F300EB631080B22CE005EBFD
:1083E00044035A7806EB44035B78DB08C3EBD20303
:1083F000002BB8BF5B429BB2DB029BB235F8140086
:10840000C0F3451036F81420C2F34512801A002834
:10841000B8BF4042400180B2184480B215F8143011
:1084200003F01F0316F8142002F01F029B1A002B02
:10843000B8BF5B42184480B2F7B1B9F1FC0F23D941
:108440003A5D35F81410D7F71BFC25F814000134F9
:10845000444524DA9AF82230013B032B3FF6D0AE94
:1084600001A252F823F000BFBD8203082183030854
:1084700081830308DF8303084A4635F81410D7F7D1
:10848000FFFB25F81400E2E73A5D02FB09F2120A4D
:1084900035F81410D7F7F4FB25F81400D7E7019B43
:1084A0001D44009B1E440FB1039B1F440BF1010BA5
:1084B000029B9B45BFF6A4AE0024C9E782464FF05D
:1084C000000BF5E72DE9F04F89B00290D0F8049049
:1084D0008268069290F821B00568C2680592D0F8CB
:1084E0001880C2690492D0F810A04269079290F8EF
:1084F0002230002B40F06D81BAF1000F0DD0BAF19F
:10850000000F00F08280BBF1FC0F57D800263346E5
:108510004646D046069F9A4661E0BBF1FC0F2FD934
:108520004FEA49060024069FDDF814A0DDF810B0DC
:108530000BE0324641462846E4F7F8FF4946284614
:10854000E1F780FC5544D8440134BC42F1DB09B06A
:10855000BDE8F08F38F8140040BA5A4635F81410C8
:1085600080B2D7F78DFB25F8140001344C45F1DBC0
:10857000059B1D44D0440136BE42E8DA0024F5E7ED
:108580000026069FDDF810A0F6E75D44049B9A44A0
:10859000079B1E4408F10108B845D8DA00244C4571
:1085A000F3DA3AF8140040BA325D35F8141080B2AC
:1085B000D7F766FB25F814000134F0E700263346B0
:1085C0005646C246069FDDF814B09846E4E7059B80
:1085D0001D44049B1E44079B98440AF1010ABA45B6
:1085E000B5DA00244C45F2DA36F8140040BA18F82F
:1085F000042002FB0BF2120A35F8141080B2D7F7F0
:108600003FFB25F814000134ECE7002633464646CC
:10861000D046069F9A46E2E7BCF1000F00F08D803D
:10862000A919497802EBD1021F2AA8BF1F2292B2D2
:10863000D20292B235F81410C1F3451108443F2814
:10864000A8BF3F20400180B2104480B215F814202A
:1086500002F01F0213441F2BD4BFC0181F3080B27A
:108660005EE0BCF1000F68D0A9194978C2EBD102D5
:1086700022EAE27292B2D20292B2A95BC1F3451130
:10868000081A20EAE070400180B2104480B2AA5D6E
:1086900002F01F02D31A002BA8BFC01880B23FE01F
:1086A0004FF6FF718C4548D0A9194978C90801FBDC
:1086B00002F2C2F34F12D20292B2A95BC1F345118A
:1086C00001FB00F08011400180B2104480B2AA5D2D
:1086D00002F01F0202FB03F300EB631080B21FE005
:1086E000A9194978C2EBD102002AB8BF524292B20E
:1086F000D20292B235F81410C1F34511081A0028BD
:10870000B8BF4042400180B2104480B215F8142036
:1087100002F01F02D31A002BB8BF5B42184480B28C
:10872000BAF1000F32D0BBF1FC0F35D9019B1AF81A
:108730000320A95BD7F7A4FAA85301344C4536DAD5
:108740000194660038F814C09CFA9CF3C3F3C42269
:1087500062F3CF27C3F3451060F34A1703F01F03FA
:1087600063F30407029991F82210013903293FF6B7
:10877000EEAE0FF2080E5EF821F000BF1986030876
:1087800063860308A1860308E18603085A46A95BAD
:10879000D7F776FAA853D0E7019B1AF8032002FB1B
:1087A0000BF2120AA95BD7F76BFAA853C5E7039E31
:1087B000059B1D44049B9844BAF1000F01D0079B10
:1087C0009A440136069B9E42BFF6C1AE0024039632
:1087D000B4E70026F6E700BF2DE9F04F87B0054665
:1087E0004768836804938069D7F79DF9064695F832
:1087F0001B90D5F81080D5F814A02C68EB68039373
:10880000B8F1000F11D0B8F1000F00F01B81B9F1E1
:10881000FC0F00F2F980B8F1000F00F013814FF067
:10882000000B5B46C346984607E1B9F1FC0F31D80F
:10883000238801330193002302939A46DDF810B098
:10884000DDF80C8085E023606360A360E360236152
:108850006361A361E36120349442F4D301E024F81E
:10886000026B8C42FBD3AEEB00031C440135654523
:1088700080F2E880780004EB47017A1E22F00F02B4
:1088800004EB420214F0030F01D024F8026B06EB54
:108890000643E1E70025DDF810C0DDF80CE0E6E76F
:1088A0004A4621883046D7F7EBF920800125CDF8DC
:1088B0000CA0CDF810B0CDF814800EE04A4630463A
:1088C000D7F7DEF924F815004A4634F81810304678
:1088D000D7F7D6F924F818000235BB1EAB4223DDCA
:1088E00004EB450A34F8151005F1010804EB480BB8
:1088F00034F818309942E1D154F81530019A934276
:1089000003D1029B44F81530E6E7DAF80030019312
:108910004A463046D7F7B4F9AAF80000ABF8000091
:10892000DAF800300293D7E7DDF80CA0DDF810B0DC
:10893000DDF8148008E04A4634F815103046D7F7C1
:108940009FF924F815000135BD42F4DB44440AF1D7
:10895000010ADA4576DA14F0030FA1D10025CDF82B
:108960000CA0CDF810B0CDF81480B6E798F8002030
:1089700021883046D7F784F920800125CDF804B04E
:1089800005E024F815606B1C24F8136002357B1E8B
:10899000AB421CDD38F805304FF6FF729342F0D041
:1089A000002BF3D018F8052034F815103046D7F70F
:1089B00067F924F8150005F1010B18F80B2034F8BD
:1089C0001B103046D7F75CF924F81B00DEE7DDF812
:1089D00004B0BD420DDB039B1C44D0440BF1010BE2
:1089E000CB452FDA18F0010FC0D10025CDF804B027
:1089F000CDE718F8052034F815103046D7F740F9C0
:108A000024F815000135E4E74FF0000BDDF8109075
:108A1000E6E71BF8052002FB09F2120A34F81510EC
:108A20003046D7F72DF924F815000135BD42F0DBAB
:108A3000039B1C44D34408F10108049B984501DAC8
:108A40000025F3E707B0BDE8F08F08B590F82030B7
:108A5000063B152B0ED8DFE803F01F250D0D0D0D7D
:108A60000D0D0D1119150B0D0D220D0D0D0D1C0EFB
:108A7000FFF78EFB08BDFFF725FDFBE70321FEF79F
:108A800011F9F7E70421FEF70DF9F3E7FEF7BCFA59
:108A9000F0E7FEF76FFCEDE7FEF774FEEAE7FEF79E
:108AA000F9FFE7E7FFF7A0F9E4E7002A39D0FF2A4A
:108AB00027D000B5D343DBB290F802C0CA0A03FB4B
:108AC00002F2120A02EBDC0290F801E0C1F3451C4D
:108AD0000CFB03FCCCF3072C0CEB9E0C5FFA8CFC1C
:108AE00090F800E001F01F0101FB03F31B0A03EB08
:108AF000DE03D20292B202EB4C1292B2134498B24D
:108B000000BD8178090201F4784109B24378DB00A5
:108B100003F4FC63194389B2037801EBD30080B2FC
:108B20007047084670479AB310B51446FF2A22D002
:108B30006FEA020E5FFA8EFE4FEAD00C02FB0CFCCD
:108B4000CB0A0EFB03C3DB0003F4FC331BB280082B
:108B5000C1F3451202FB0EF200FB0422D21002F414
:108B6000FC6213439BB201F01F0101FB0ECC03EB2F
:108B70002C2398B210BD010201F4784109B2C30060
:108B800003F4FC63194389B201EBD00080B2F1E732
:108B900008467047002A3DD010B584469646FF2A05
:108BA00028D0D243D2B28078C008CB0A02FB03F3AC
:108BB0000EFB0033DB0003F4FC331BB29CF80140D6
:108BC000A408C1F3451002FB00F004FB0E00C01026
:108BD00000F4FC6003439BB29CF800C04FEADC0C3D
:108BE00001F01F0101FB02F20CFB0E2203EB22201D
:108BF00080B210BD8178090201F4784109B243784E
:108C0000DB0003F4FC63194389B2037801EBD30062
:108C100080B2EEE7084670472DE9F04F87B0D0F8F4
:108C200004A08368049390F821800668C3680293C7
:108C3000D0F81890C369039307694369059390F8C6
:108C40002230002B40F0D2817FB1002F00F0D28182
:108C5000B8F1FC0F00F2AE80002F00F0CB814FF096
:108C6000000B5B46BB461F46DBE0B8F1FC0F3DD86E
:108C70003B464F46DDF810B0994664E0DB1019F82A
:108C800003C0D2F1000E02F007030EF0070E58BF2A
:108C9000CEF10003C3F107034CFA03FC4CF3000CC4
:108CA0005FFA8CF34FEA032E0EF4784E0FFA8EFE25
:108CB000DB0003F4FC6343EA0E034FEADC6C1CFAAE
:108CC00083F35BBA26F8113001310132514504DAE1
:108CD0001346002AD2DAD31DD0E72E44B94401301E
:108CE000A04280F2878100221146EFE70020049C19
:108CF000029D039FF4E7DB10F85C624204F0070377
:108D000002F0070258BF5342C3F10703184140F372
:108D1000000036F8151049BA424689B2C0B2FFF7D2
:108D200002FF40BA26F8150001350134554504DA32
:108D30002346002CDFDAE31DDDE7029B1E44039B84
:108D40001F4409F10109D94580F2548100242546C8
:108D5000ECE7DB10F85C624204F0070302F0070264
:108D600058BF5342C3F10703184140F3000036F8DF
:108D7000151049BA18F8052089B2C0B2FFF7D3FE22
:108D800040BA26F8150001350134554504DA23466A
:108D9000002CDEDAE31DDCE7029B1E44039B1F442C
:108DA000059B984409F10109D94580F223810024EB
:108DB0002546EAE74FF000084346B8464F46DDF83F
:108DC00010B09946F0E7DB1019F80300624204F096
:108DD000070302F0070258BF5342C3F107031841CB
:108DE00040F3000036F8151049BA1BF8052002FBC5
:108DF00008F2120A89B2C0B2FFF795FE40BA26F80F
:108E0000150001350134554504DA2346002CDADA21
:108E1000E31DD8E7029B1E44039B9944059B9B449A
:108E20000137049B9F4280F2E58000242546EAE753
:108E3000E31D6AE036F8152052BA92B2180200F427
:108E4000784000B2D90001F4FC61084380B200EB25
:108E5000D30080B211184FF6FE73994200F38E8052
:108E600088B23CE036F8150040BA80B21A0202F42B
:108E7000784212B2D90001F4FC610A4392B202EBCB
:108E8000D3039BB2C21A002A7BDD90B227E036F8EA
:108E9000152052BA190201F4784109B2D80000F441
:108EA000FC60014389B201EBD303C2F34510C3F365
:108EB000850101FB00F08011C2F3C421C3F3CC0C87
:108EC00011FB0CF1400140EAC12000B202F01F0288
:108ED00003F01F0303FB02F240EA621080B2002F8E
:108EE00051D0B8F1FC0F60D936F8151049BA7A5D47
:108EF00089B2D6F7C5FE40BA26F81500013504340C
:108F0000554560DA2346002C92DBDB1019F803305C
:108F1000614204F0070201F0070158BF4A42C2F162
:108F20000702134143F30003DBB29BF82220013A0E
:108F3000032A5FD801A151F822F000BF358E030843
:108F4000658E03088F8E03084D8F030836F81520B1
:108F500052BA92B2180200F4784000B2D90001F47B
:108F6000FC61084380B200EBD30080B2131A002BDF
:108F700001DD98B2B3E7801A80B2B0E74FF6FF7018
:108F8000ADE70020ABE7B8F1FC0F03D940BA26F8F3
:108F90001500B3E736F8151049BA424689B2D6F73C
:108FA0006FFE40BA26F81500A8E736F8151049BA42
:108FB0007A5D02FB08F2120A89B2D6F761FE40BA66
:108FC00026F815009AE7DDF804E0029B1E44039B97
:108FD00099440FB1059B1F440EF1010E049B9E4561
:108FE00008DA00242546CDF804E089E783464FF0EF
:108FF000000EF3E707B0BDE8F08F00BF2DE9F04F9A
:1090000089B0D0F804908368049390F821B0056883
:10901000C36803938769C3690293D0F810A04369BA
:10902000059390F82230002B40F0A281BAF1000F96
:109030000ED0BAF1000F00F08880BBF1FC0F5AD8B7
:10904000002633463E465746DDF810809A4664E0D7
:10905000BBF1FC0F2ED94FEA49090024049EDDF82C
:109060000C80DDF808A007E04A4639462846E4F7B8
:109070005DFA454457440134B442F5DB09B0BDE81C
:10908000F08F35F8141049BA37F8140040BA5A4630
:1090900089B280B2D6F7F4FD40BA25F81400013445
:1090A0004C45EEDB039B1D44574401364645E5DA4B
:1090B0000024F5E70026DDF81080DDF808A0F5E7CC
:1090C0005D44029B9A44059B1E4401374745D5DA0F
:1090D00000244C45F4DA35F8141049BA3AF8140073
:1090E00040BA325D89B280B2D6F7CAFD40BA25F8DF
:1090F00014000134EDE7002633465646BA46DDF843
:109100001080DDF80CB01F46E0E7039B1D44029B76
:109110001E44059B1F440AF1010AC245AEDA002431
:109120004C45F2DA35F8141049BA36F8140040BA52
:109130003A5D02FB0BF2120A89B280B2D6F7A0FDAB
:1091400040BA25F814000134EAE7002633463E46CB
:109150005746DDF810809A46DFE73AF81430002BC6
:1091600000F0C280AA1935F814305BBA25F8143023
:1091700051789DF81D20D20802EBD1021F2AA8BF0A
:109180001F22D20292B2C3F34510BDF81C30C3F3C4
:10919000451318443F28A8BF3F20400180B2104427
:1091A00080B215F8143003F01F039DF81C2002F064
:1091B0001F0213441F2BD4BFC0181F3080B288E099
:1091C0003AF81430002B00F08F80AA19AB5B5BBA21
:1091D000AB5351789DF81D20D208C2EBD10222EA90
:1091E000E27292B2D20292B2C3F34510BDF81C30C3
:1091F000C3F34513C01A20EAE070400180B2104466
:1092000080B2AB5D03F01F039DF81C2002F01F022B
:109210009B1A002BA8BFC01880B25AE03AF814205D
:109220004FF6FF739A425FD0AA19AB5B5BBAAB53A0
:109230005278D2089DF81D10C90801FB02F25209AC
:10924000C3F34510BDF81C30C3F3451303FB00F016
:109250008011400180B200EBC22080B2AB5D03F010
:109260001F039DF81C2002F01F0202FB03F300EB1A
:10927000631080B22DE0AA1935F814305BBA25F8D6
:10928000143051789DF81D20D208C2EBD102002A7B
:10929000B8BF524292B2D20292B2C3F34510BDF8A7
:1092A0001C30C3F34513C01A0028B8BF4042400128
:1092B00080B2104480B215F8143003F01F039DF8FB
:1092C0001C2002F01F029B1A002BB8BF5B421844FF
:1092D00080B25FB3BBF1FC0F2FD9009BFA5CA95B96
:1092E000D6F7CEFC40BAA85301344C4530DA00948E
:1092F00066003AF814305BBAADF81E3002220DF168
:109300001E0107A8E4F712F998F82230013B032B5D
:109310003FF6B4AE01A252F823F000BF5B91030800
:10932000C19103081D920308779203085A46A95B6E
:10933000D6F7A6FC40BAA853D6E7009BFA5C02FB1E
:109340000BF2120AA95BD6F79BFC40BAA853CBE7F5
:10935000019E039B1D44029B9A440FB1059B1F4431
:109360000136049B9E42BFF689AE00240196BCE7FD
:10937000804600265346BA461F46F2E72DE9F04FD5
:1093800085B0D0F804808368029390F82190056836
:10939000C36801938669C3690093076943690393AE
:1093A00090F82220002A40F09D8157B1002F00F054
:1093B0008580B9F1FC0F58D84FF0000ADDF808B0ED
:1093C00066E0B9F1FC0F31D94FEA48070024DDF817
:1093D0000890DDF804A0DDF800B00BE03A46314615
:1093E0002846E4F7A3F841462846E0F72BFD55440C
:1093F0005E4401344C45F1DB05B0BDE8F08F35F833
:10940000141049BA4A4689B236F81400D6F738FC27
:1094100040BA25F8140001344445F0DB019B1D449B
:109420005E4401375745E7DA0024F5E70027DDF809
:1094300008A0DDF800B0F5E75D44009B9944039B6C
:109440001E4401375745D7DA00244445F4DA35F88D
:10945000141049BA325D89B239F81400D6F710FCFD
:1094600040BA25F814000134EFE74FF000094B46ED
:10947000B1463E46DDF808A0DDF804B01F46E1E73E
:10948000019B1D44009B1E44039B1F440AF1010ADB
:10949000DA45B1DA00244445F2DA35F8141049BA55
:1094A0003A5D02FB09F2120A89B236F81400D6F7C7
:1094B000E7FB40BA25F814000134ECE74FF0000A4E
:1094C000DDF808B0E4E7630006EB440136F8142049
:1094D000002A00F0CE80EA1835F814305BBA25F87F
:1094E000143050784A78D20802EBD0021F2AA8BF65
:1094F0001F22D20292B2C3F3451036F81430C3F3E0
:10950000451318443F28A8BF3F20400180B21044B3
:1095100080B215F8143003F01F0316F8142002F07F
:109520001F0213441F2BD4BFC0181F3080B294E019
:10953000630006EB440136F81420002A00F09980FD
:10954000EA1835F814305BBA25F8143050784A78A8
:10955000D208C2EBD00222EAE27292B2D20292B2F6
:10956000C3F3451036F81430C3F34513C01A20EA8C
:10957000E070400180B2104480B215F8143003F05E
:109580001F0316F8142002F01F029B1A002BA8BF1D
:10959000C01880B261E0630006EB440136F81400A5
:1095A0004FF6FF72904264D0EA1835F814305BBA77
:1095B00025F814305278D2084978C90801FB02F224
:1095C0005209C3F3451036F81430C3F3451303FBB7
:1095D00000F08011400180B200EBC22080B215F88B
:1095E000143003F01F0316F8142002F01F0202FBD0
:1095F00003F300EB631080B22FE005EB440235F873
:1096000014305BBA25F81430517806EB44025278D6
:10961000D208C2EBD102002AB8BF524292B2D202A3
:1096200092B2C3F3451036F81430C3F34513C01A91
:109630000028B8BF4042400180B2104480B215F803
:10964000143003F01F0316F8142002F01F029B1AB7
:10965000002BB8BF5B42184480B2FFB1B9F1FC0FD8
:1096600025D93A5D35F81410D6F70AFB40BA25F82B
:1096700014000134444526DA9AF82230013B032BCA
:109680003FF6BAAE01A252F823F000BFC794030818
:109690003195030897950308FB9503084A4635F86A
:1096A0001410D6F7EDFA40BA25F81400E1E73A5D58
:1096B00002FB09F2120A35F81410D6F7E1FA40BAA3
:1096C00025F81400D5E7019B1D44009B1E440FB1F3
:1096D000039B1F440BF1010B029B9B45BFF68CAE15
:1096E0000024C7E782464FF0000BF5E72DE9F04F65
:1096F00087B000908B46D0F804A08268029290F860
:1097000021900568C26803928769C2690492D0F803
:1097100010804269059290F82220002A40F0A18131
:10972000B8F1000F0FD0B8F1000F09D0B9F1FC0F5C
:1097300077D8B8F1000F03D0B9F1FC0F40F29C804C
:1097400007B0BDE8F08FB9F1FC0F28D80023CDF8A1
:10975000008098462FE03544674401348442E2DAC1
:1097600000210A465245F6DA07EB010E9EF8023058
:109770001B0203F478431BB29EF801E04FEACE0EC1
:109780000EF4FC6E43EA0E039BB217F801E003EB04
:10979000DE035BBA25F8123001325944E2E70024B7
:1097A0000298039EDDF810C0D8E7039B1D44049B7C
:1097B0001F4408F10108029B984511DA002634463F
:1097C0005445F2DA35F8141049BA4A4689B2B81944
:1097D000FFF7E0F940BA25F8140001345E44EFE7E2
:1097E000DDF800809FE7039B1D44049B1F44059BFD
:1097F000984409F10109029B994517DA002634467D
:109800005445F0DA35F8141049BA18F8042089B232
:10981000B819FFF7BFF940BA25F8140001345E44C7
:10982000EEE70023CDF800909946E4E7DDF80090DC
:109830007FE7009B039A1544049A9044059A1744C5
:109840000133029A9342BFF67BAF00263446009361
:109850005445EEDA35F8141049BA3A5D02FB09F2C4
:10986000120A89B208EB0600FFF794F940BA25F80E
:10987000140001345E44EBE700234246B846174625
:10988000DFE705EB44035978BA199378DB0803EB5B
:10989000D1031F2BA8BF1F23DB029BB235F8140096
:1098A000C0F34510527800EB92003F28A8BF3F203C
:1098B000400180B2184480B215F8143003F01F0341
:1098C000BA5D03EBD2031F2BD4BFC0181F3080B288
:1098D000B8F1000F00F09780B9F1FC0F40F29C80C6
:1098E00018F8042035F81410D6F7CAF940BA25F84C
:1098F000140001345E44544580F29B80009B93F831
:109900002230013B032B3FF61BAF01A252F823F09C
:1099100083980308219903086D990308B5990308F2
:1099200005EB44035978BA199378DB08C3EBD103EC
:1099300023EAE3739BB2DB029BB235F81400C0F359
:1099400045105278A0EB920020EAE070400180B20E
:10995000184480B215F8143003F01F03BA5DA3EB6E
:10996000D203002BA8BFC01880B2B1E705EB4403B7
:109970005B78DB08BA199178C90801FB03F35B092E
:1099800035F81400C0F345105278920802FB00F03D
:109990008011400180B200EBC32080B215F8143072
:1099A00003F01F03BA5DD20802FB03F300EB631060
:1099B00080B28DE705EB44035978BA199378DB0838
:1099C000C3EBD103002BB8BF5B429BB2DB029BB25F
:1099D00035F81400C0F345105278A0EB920000282F
:1099E000B8BF4042400180B2184480B215F814302C
:1099F00003F01F03BA5DA3EBD203002BB8BF5B4299
:109A0000184480B264E74A4635F81410D6F738F99E
:109A100040BA25F814006CE718F8042002FB09F29C
:109A2000120A35F81410D6F72BF940BA25F81400AD
:109A30005FE7039B1D44049B1F44B8F1000F01D056
:109A4000059B9844019B01330193019B029A934229
:109A5000BFF676AE51462846E0F7F4F900263446C4
:109A600049E700230193F0E72DE9F04F87B0D0F8E4
:109A700004A08368049390F821900568C36802935A
:109A80008769C3690393D0F810804369059390F800
:109A90002230002B40F0AD81B8F1000F10D0B8F1AA
:109AA000000F00F0AA81B9F1FC0F71D8B8F1000FD6
:109AB00000F0A3814FF0000B5B46BB461F4677E0EA
:109AC000B9F1FC0F1DD8DDF810B027E0029B1D4452
:109AD0005F4408F10108C84580F28F8100263446B2
:109AE0005445F3DA35F8141049BAF31CFA5C89B21C
:109AF000B819FFF74FF840BA25F8140001340436BE
:109B0000EEE74FF00008DDF81090DDF80CB0E2E76A
:109B1000029B1D44039B1F4408F10108D84580F2B5
:109B20006C81002634465445F2DA35F8141049BAEF
:109B3000B819C27802FB09F2120A89B2FFF72AF8B3
:109B400040BA25F8140001340436ECE7029B1D44AA
:109B5000039B9944059B1F4408F10108D84580F2F6
:109B60004C81002634465445F0DA35F8141049BAD1
:109B700009EB0600C2783B5D03FB02F2120A89B2D0
:109B8000FFF708F840BA25F8140001340436EAE774
:109B90004FF000094B46B9464746DDF810B09846ED
:109BA000DCE7029B1D44039B9B44059B98440137C3
:109BB000049B9F4280F22181002634465445F0DA0E
:109BC00035F8141049BA0BEB0600C27818F80430C7
:109BD00003FB02F202FB09F2120C89B2FEF7DAFF74
:109BE00040BA25F8140001340436E7E705EB4403D6
:109BF0005978BA199378DB0803EBD1031F2BA8BF60
:109C00001F23DB029BB235F81400C0F345105278D5
:109C100000EB92003F28A8BF3F20400180B21844CB
:109C200080B215F8143003F01F03BA5D03EBD203C2
:109C30001F2BD4BFC0181F3080B2B8F1000F00F046
:109C40009680B9F1FC0F40F2AC8018F8042035F88A
:109C50001410D6F715F840BA25F81400013404366C
:109C6000544580F2AF809BF82230013B032B00F279
:109C7000C48001A252F823F0ED9B0308899C0308DD
:109C8000D59C03081D9D030805EB44035978BA19B8
:109C90009378DB08C3EBD10323EAE3739BB2DB02C7
:109CA0009BB235F81400C0F345105278A0EB920037
:109CB00020EAE070400180B2184480B215F81430F8
:109CC00003F01F03BA5DA3EBD203002BA8BFC0189B
:109CD00080B2B2E705EB44035B78DB08BA199178F0
:109CE000C90801FB03F35B0935F81400C0F3451004
:109CF0005278920802FB00F08011400180B200EB24
:109D0000C32080B215F8143003F01F03BA5DD208E7
:109D100002FB03F300EB631080B28EE705EB440314
:109D20005978BA199378DB08C3EBD103002BB8BF7D
:109D30005B429BB2DB029BB235F81400C0F34510C6
:109D40005278A0EB92000028B8BF4042400180B298
:109D5000184480B215F8143003F01F03BA5DA3EB6A
:109D6000D203002BB8BF5B42184480B265E7B9F15B
:109D7000FC0F09D9F31CFA5C35F81410D5F780FFF5
:109D800040BA25F8140069E7BB19DA7802FB09F23A
:109D9000120A35F81410D5F773FF40BA25F81400ED
:109DA0005CE718F8042002FB09F2BB19DB7803FB1F
:109DB00002F2120C35F81410D5F762FF40BA25F8FC
:109DC00014004BE7029B1D44039B1F44B8F1000F96
:109DD00001D0059B9844019B01330193019B049A98
:109DE00093420ADA51462846E0F72CF8002634461A
:109DF00036E7834600230193F0E707B0BDE8F08F14
:109E00002DE9F04F89B0D0F804A08368049390F84E
:109E100021900568C36802938769C3690393D0F8EA
:109E200010804369059390F82230002B40F0FF81A9
:109E3000B8F1000F11D0B8F1000F00F0FC81B9F1BA
:109E4000FC0F00F2AA80B8F1000F00F0F4814FF08F
:109E5000000B5B46C3469846DEE0B9F1FC0F1DD807
:109E6000DDF810B055E0029B1D445F4408F1010885
:109E7000C84580F2E081002634465445F3DA35F8CF
:109E8000141049BAF31CFA5C89B2B819FEF70DFE3A
:109E900040BA25F8140001340436EEE74FF000080C
:109EA000DDF81090DDF80CB0E2E7013404365445DB
:109EB00029DAF01C395C0029F7D0BB5D4FF47F42F2
:109EC00092FBF1F202FB03F31B128DF81C30B9195F
:109ED0004B7802FB03F31B128DF81D308B7802FBCD
:109EE00003F31B128DF81E3035F8141049BA3A5C92
:109EF00002FB09F2120A89B207A8FEF74BFE43BA29
:109F000025F81430D1E7029B1D44039B1F4408F140
:109F10000108D84580F28F8100263446C7E7013416
:109F2000043654452BDAF01C395C0029F7D0BB5DB0
:109F30004FF47F4292FBF1F202FB03F31B128DF808
:109F40001C30B9194B7802FB03F31B128DF81D303E
:109F50008B7802FB03F31B128DF81E3035F81410BA
:109F600049BA3A5C18F8043003FB02F2120A89B2CB
:109F700007A8FEF70FFE40BA25F81400CFE7029BB2
:109F80001D44039B1F44059B984409F10109D945D1
:109F900080F2518100263446C3E74FF00009DDF816
:109FA00010B0F4E7BB5D4FF47F4292FBF1F202FB8D
:109FB00003F31B128DF81C30B9194B7802FB03F325
:109FC0001B128DF81D308B7802FB03F31B128DF8EA
:109FD0001E3035F8141049BA3A5C1BF8043003FB04
:109FE00002F202FB09F2120C89B207A8FEF7D2FDB9
:109FF00040BA25F8140001340436544504DAF01C44
:10A00000395C0029F7D0CDE7029B1D44039B1F4418
:10A01000059B9B4408F10108049B984580F20B8145
:10A0200000263446E9E705EB44035978BA199378DA
:10A03000DB0803EBD1031F2BA8BF1F23DB029BB25E
:10A0400035F81400C0F34510527800EB92003F2819
:10A05000A8BF3F20400180B2184480B215F81430E8
:10A0600003F01F03BA5D03EBD2031F2BD4BFC0184C
:10A070001F3080B2B8F1000F00F09780B9F1FC0FEB
:10A0800040F2AD8018F8042035F81410D5F7F8FD2B
:10A0900040BA25F8140001340436544580F2B080EB
:10A0A0009BF82230013B032B00F2C58001A252F83D
:10A0B00023F000BF27A00308C5A0030811A10308CF
:10A0C00059A1030805EB44035978BA199378DB08C2
:10A0D000C3EBD10323EAE3739BB2DB029BB235F8F7
:10A0E0001400C0F345105278A0EB920020EAE07013
:10A0F000400180B2184480B215F8143003F01F03F9
:10A10000BA5DA3EBD203002BA8BFC01880B2B1E7A1
:10A1100005EB44035B78DB08BA199178C90801FBA9
:10A1200003F35B0935F81400C0F345105278920828
:10A1300002FB00F08011400180B200EBC32080B22E
:10A1400015F8143003F01F03BA5DD20802FB03F3C5
:10A1500000EB631080B28DE705EB44035978BA1920
:10A160009378DB08C3EBD103002BB8BF5B429BB2F3
:10A17000DB029BB235F81400C0F345105278A0EB17
:10A1800092000028B8BF4042400180B2184480B21B
:10A1900015F8143003F01F03BA5DA3EBD203002BB4
:10A1A000B8BF5B42184480B264E7B9F1FC0F09D92B
:10A1B000F31CFA5C35F81410D5F762FD40BA25F8A7
:10A1C000140068E7BB19DA7802FB09F2120A35F8C5
:10A1D0001410D5F755FD40BA25F814005BE718F8C0
:10A1E000042002FB09F2BB19DB7803FB02F2120C1C
:10A1F00035F81410D5F744FD40BA25F814004AE7A5
:10A20000029B1D44039B1F44B8F1000F01D0059B26
:10A210009844019B01330193019B049A93420ADA0B
:10A2200051462846DFF70EFE0026344635E78346C2
:10A2300000230193F0E709B0BDE8F08F2DE9F04F5E
:10A2400087B0D0F804A0836890F821800568C268C0
:10A250000292D0F81890C269039207694269059288
:10A2600090F82220002A40F077817FB1002F00F083
:10A270007881B8F1FC0F6DD8002F00F072814FF09B
:10A28000000B5A46BB460193174672E0B8F1FC0F2B
:10A2900023D89B462AE03544B94401349C4280F2DD
:10A2A0006081002001465145F5DA19F800C04FEAF7
:10A2B0000C2E0EF4784E0FFA8EFE4FEACC0202F40A
:10A2C000FC6242EA0E024FEADC0C1CFA82F252BA3D
:10A2D00025F8112001310130E5E70024029E039F9B
:10A2E000DCE7029B1D44039B994401375F4580F2E4
:10A2F0003881002634465445F3DA35F8141049BA4B
:10A30000424689B219F80600FEF70DFC40BA25F85E
:10A31000140001340136EEE7029B1D44039B1F44E9
:10A32000059B984409F10109D94580F21A8100265C
:10A3300034465445F0DA35F8141049BA18F80420B8
:10A3400089B2B85DFEF7EFFB40BA25F8140001347E
:10A350000136EEE74FF000084246B8464F469B46AE
:10A360009146E1E7029B1D44039B9944059B9B4456
:10A370000137019B9F4280F2F48000263446544509
:10A38000F0DA35F8141049BA1BF8042002FB08F281
:10A39000120A89B219F80600FEF7C5FB40BA25F883
:10A3A000140001340136EAE705EB4402527803EB6E
:10A3B000D2021F2AA8BF1F22D20292B235F814007F
:10A3C000C0F3451008443F28A8BF3F20400180B299
:10A3D000104480B215F8142002F01F0213441F2B02
:10A3E000D4BFC0181F3080B2002F00F08580B8F1B4
:10A3F000FC0F40F290803A5D35F81410D5F740FC20
:10A4000040BA25F8140001340436544580F28F8098
:10A4100019F80610CB0889089BF82220013A032A74
:10A4200000F29F8001A050F822F000BFA9A303080A
:10A430003DA403087BA40308B5A4030805EB44026C
:10A440005278C3EBD20222EAE27292B2D20292B204
:10A4500035F81400C0F34510401A20EAE0704001BE
:10A4600080B2104480B215F8142002F01F02D31AF3
:10A47000002BA8BFC01880B2B6E705EB44025278A3
:10A48000D20803FB02F2520935F81400C0F345105C
:10A4900001FB00F08011400180B200EBC22080B2CD
:10A4A00015F8142002F01F0202FB03F300EB631007
:10A4B00080B299E705EB44025278C3EBD202002A3E
:10A4C000B8BF524292B2D20292B235F81400C0F331
:10A4D0004510401A0028B8BF4042400180B21044E5
:10A4E00080B215F8142002F01F02D31A002BB8BF57
:10A4F0005B42184480B277E7B8F1FC0F02D925F827
:10A50000140080E7424635F81410D5F7B9FB40BA7D
:10A5100025F8140077E73A5D02FB08F2120A35F8D5
:10A520001410D5F7ADFB40BA25F814006BE7029B79
:10A530001D44039B99440FB1059B1F44019B0133AC
:10A540000193019B049A93420BDA51462846DFF7A8
:10A5500079FC0026344658E7834600220192049392
:10A56000EFE707B0BDE8F08F2DE9F04F87B0D0F8E6
:10A5700004A08368049390F821900568C36802934F
:10A580008769C3690393D0F810804369059390F8F5
:10A590002230002B40F09F81B8F1000F10D0B8F1AD
:10A5A000000F00F09C81B9F1FC0F79D8B8F1000FD1
:10A5B00000F095814FF0000B5B46C34698467CE067
:10A5C000B9F1FC0F1FD8DDF810B029E0029B1D4443
:10A5D0005F4408F10108C84580F2818100263446B5
:10A5E0005445F3DA07EB460335F8141049BA5A78A4
:10A5F00089B217F81600FEF796FA40BA25F814004B
:10A6000001340136ECE74FF00008DDF81090DDF87A
:10A610000CB0E0E7029B1D44039B1F4408F10108B6
:10A62000D84580F25C81002634465445F2DA07EBC7
:10A63000460335F8141049BA5A7802FB09F2120A97
:10A6400089B217F81600FEF76EFA40BA25F8140022
:10A6500001340136E9E7029B1D44039B1F44059B1F
:10A66000984409F10109D94580F239810026344620
:10A670005445F0DA07EB460335F8141049BA5A7816
:10A6800018F8043003FB02F2120A89B217F8160018
:10A69000FEF749FA40BA25F8140001340136E7E71D
:10A6A0004FF00009DDF810B0DDE7029B1D44039B6D
:10A6B0001F44059B9B4408F10108049B984580F2C8
:10A6C0000E81002634465445EFDA07EB460335F891
:10A6D000141049BA5A781BF8043003FB02F202FB4B
:10A6E00009F2120C89B217F81600FEF71CFA40BAEC
:10A6F00025F8140001340136E5E705EB44035B78E7
:10A7000002EBD3031F2BA8BF1F23DB029BB235F83C
:10A710001400C0F3451060443F28A8BF3F2040010B
:10A7200080B2184480B215F8143003F01F031344AC
:10A730001F2BD4BFC0181F3080B2B8F1000F00F03B
:10A740008B80B9F1FC0F40F29F8018F8042035F897
:10A750001410D5F795FA40BA25F8140001340436E0
:10A76000544580F2A18007EB460117F816C04FEA66
:10A77000DC024FEA9C0C9BF82230013B032B00F2D9
:10A78000AE8001A050F823F0FBA6030899A70308A8
:10A79000D9A7030813A8030805EB44035B78C2EBB1
:10A7A000D30323EAE3739BB2DB029BB235F81400B8
:10A7B000C0F34510A0EB0C0020EAE070400180B22D
:10A7C000184480B215F8143003F01F039B1A002BB5
:10A7D000A8BFC01880B2B0E705EB44035B78DB0884
:10A7E00002FB03F35B0935F81400C0F3451000FBCE
:10A7F0000CF08011400180B200EBC32080B215F84C
:10A80000143003F01F0302FB03F300EB631080B26C
:10A8100093E705EB44035B78C2EBD303002BB8BF8F
:10A820005B429BB2DB029BB235F81400C0F34510CB
:10A83000A0EB0C000028B8BF4042400180B2184491
:10A8400080B215F8143003F01F039B1A002BB8BF19
:10A850005B42184480B270E7B9F1FC0F08D94A781E
:10A8600035F81410D5F70CFA40BA25F8140075E73E
:10A870004A7802FB09F2120A35F81410D5F700FAEB
:10A8800040BA25F8140069E718F8042002FB09F221
:10A890004B7803FB02F2120C35F81410D5F7F0F9DF
:10A8A00040BA25F8140059E7029B1D44039B1F443E
:10A8B000B8F1000F01D0059B9844019B013301932F
:10A8C000019B049A93420ADA51462846DFF7BAFA06
:10A8D0000026344644E7834600230193F0E707B09F
:10A8E000BDE8F08F2DE9F04F87B0054646688368D4
:10A8F00001938069D5F717F9824690FA90F81FFA0C
:10A9000088F895F81B902F696B6902932C68D5F82D
:10A910000CB07FB1002F00F0E580B9F1FC0F00F220
:10A92000BD80002F00F0DE804FF000084346B8469F
:10A930001F46D2E0B9F1FC0F29D84FF0000841E0E2
:10A9400023606360A360E36023616361A361E361EB
:10A9500020349442F4D301E024F8028B8C42FBD3E0
:10A96000ABEB00031C440135BD4280F2BB8070009C
:10A9700004EB4601721E22F00F0204EB420214F0B7
:10A98000030F01D024F8028B08EB0843E1E7002510
:10A99000019FE9E738800135B54210DA04EB45073D
:10A9A00034F815109942F5D049BA4A4689B2504652
:10A9B000D5F766F940BA80B234F81530EAE75C445E
:10A9C00008F10108019B984580F28C802388013BA7
:10A9D0009BB200200546DFE7218849BA3A7889B260
:10A9E0005846D5F74DF940BA20800125CDF80CA086
:10A9F000CDF8109005E024F815806B1C24F8138026
:10AA00000235731EAB4225DD7B5B4FF6FF7293422E
:10AA1000F1D0002BF4D034F8151049BA05F1010A31
:10AA200034F81A9099FA99F91FFA89F97A5D89B27E
:10AA30005846D5F725F9019017F80A204946584697
:10AA4000D5F71EF9019B5BBA24F8153040BA24F8FB
:10AA50001A00D5E7DDF80CA0DDF81090B54210DB48
:10AA6000059B1C44029B1F440AF1010ACA4539DABE
:10AA700017F0010FB0D10025CDF80CA0CDF8109043
:10AA8000BFE734F8151049BA7A5D89B25846D5F750
:10AA9000F7F840BA24F815000135DFE74FF0000958
:10AAA000CDF814B08346CA46DDF80490DEE734F8EA
:10AAB000151049BA18F8052002FB09F2120A89B2EA
:10AAC0005046D5F7DDF840BA24F815000135B542F7
:10AAD000EDDB5C44029B98440137019B9F4201DA05
:10AAE0000025F4E707B0BDE8F08F08B590F82030F6
:10AAF000063B152B0ED8DFE803F01F250D0D0D0DBD
:10AB00000D0D0D1119150E0D0D220D0D0D0D1C0B3A
:10AB1000FEF774FA08BDFEF731FCFBE70321FEF7F0
:10AB2000E5FDF7E70421FEF7E1FDF3E7FEF79CFF03
:10AB3000F0E7FFF765F9EDE7FFF780FBEAE7FFF7DE
:10AB400013FDE7E7FEF768F8E4E70AB3FC2A06D945
:10AB500003780B7043784B7083788B707047D343C6
:10AB6000DBB2027891F800C003FB0CFC02EB1C2264
:10AB70000A70427891F801C00CFB03FC02EB1C2226
:10AB80004A708278887800FB03F302EB13238B7002
:10AB900070471346C2B1FC2A03D908704870887008
:10ABA0007047D243D2B203FB00F00B7802FB0303E1
:10ABB0001B0A0B704B7803FB02031B0A4B708B784C
:10ABC00003FB02031B0A8B7070473AB39446FC2ABE
:10ABD00006D903780B7043784B7083788B7070477D
:10ABE00000B5D343DBB290F800E00A7803FB02F231
:10ABF0000CFB0E22120A0A7090F801E04A7803FB5F
:10AC000002F20EFB0C22120A4A708278887800FB4E
:10AC100003F302FB0C331B0A8B7000BD704700B5B9
:10AC200085B001910023ADF80C308DF80E30013A5B
:10AC3000032A24D8DFE802F002253E5703789DF866
:10AC400004201344FF2BA8BFFF238DF80C3043785A
:10AC50009DF805201344FF2BA8BFFF238DF80D306E
:10AC600083789DF806201344FF2BA8BFFF238DF89F
:10AC70000E309DF80720014603A8FFF7A6FF05B098
:10AC800000BD03789DF804209B1A23EAE3738DF836
:10AC90000C3043789DF805209B1A23EAE3738DF866
:10ACA0000D3083789DF806209B1A23EAE3738DF814
:10ACB0000E30DEE703789DF8042002FB03F31B123D
:10ACC0008DF80C3043789DF8052002FB03F31B122E
:10ACD0008DF80D3083789DF8062002FB03F31B12DC
:10ACE0008DF80E30C5E703789DF804209B1A002BE1
:10ACF000B8BF5B428DF80C3043789DF805209B1A55
:10AD0000002BB8BF5B428DF80D3083789DF806208C
:10AD10009B1A002BB8BF5B428DF80E30A9E72DE9D6
:10AD2000F04F89B084468A46D0F804908368019336
:10AD300090F821B00768C068DCF81880DCF81C3097
:10AD4000DCF81060DCF814109CF82220002A40F097
:10AD5000BF8096B1002E00F0C380BBF1FC0F5DD820
:10AD6000002E00F0BD804FF0000C32463E464746B4
:10AD7000029003930491904671E0BBF1FC0F1CD844
:10AD800032463E46474600900293904628E08D1C8E
:10AD900018F802407C554D1C7C5518F802407C5434
:10ADA000514401324A45F2DB074498440136664576
:10ADB00080F2968000221146F4E70026DDF804C0F8
:10ADC000F5E75A467119385DFFF7E3FE5544013443
:10ADD0004C45F6DB009B1E44029B1F4408F1010812
:10ADE000019B98457CDA00242546F1E718F80420F9
:10ADF0007119385DFFF7CDFE554401344C45F5DB44
:10AE0000009B1E44029B1F44039B98440BF1010BC3
:10AE1000019B9B4564DA00242546EFE74FF0000BC9
:10AE200032463E4647460090029303919046EFE734
:10AE300018F8042002FB0BF2120A7119385DFFF7B3
:10AE4000A8FE554401344C45F2DBDDF800C0029BFE
:10AE50001E44039B1F44049B98440CF1010C019B6E
:10AE60009C453DDA00242546CDF800C0EBE7735D34
:10AE700003FB0BF31B0A8DF81F30009B93F8222075
:10AE800007997819FFF7CBFE554401344C450CDA8D
:10AE900018F804308DF81E308DF81D308DF81C30F8
:10AEA000002EE4D18DF81FB0E7E7DDF808E00EB121
:10AEB000059B1E44039B1F44049B98440EF1010E06
:10AEC000019B9E450CDA00242546CDF808E0DDE71D
:10AED0004FF0000E039004930591CDF800C0EFE70A
:10AEE00009B0BDE8F08F2DE9F04F89B08946D0F860
:10AEF00004808368019390F821B0D0F800A0C36863
:10AF000003938569C1690769436990F82220002A83
:10AF100040F0D6807FB1002F00F0D880BBF1FC0F4D
:10AF200069D8002F00F0D28000203A46574602919F
:10AF30000493924682E0BBF1FC0F1CD83B46574677
:10AF400000919A4631E005EB44035A78B91915F897
:10AF50001400FFF71EFE4E4401344445F3DB039B0F
:10AF60001F4455440BF1010B019B9B4580F2AE80C1
:10AF700000242646F1E70027BB4657468A46F3E7FA
:10AF800005EB44035A7802FB0BF2120AB91915F8C3
:10AF90001400FFF7FEFD4E4401344445F0DB039BF3
:10AFA0001F44009B1D440AF1010A019B9A4580F24F
:10AFB0008D8000242646F0E705EB44035A781AF802
:10AFC000043003FB02F2120AB91915F81400FFF756
:10AFD000E0FD4E4401344445EEDB039B1F44009BDF
:10AFE0001D44029B9A440BF1010B019B9B456DDABA
:10AFF00000242646EFE74FF0000B3A4657460091F3
:10B0000002939246F1E705EB44035A781AF80430AC
:10B0100003FB02F202FB0BF2120CB91915F8140033
:10B02000FFF7B7FD4E4401344445ECDB0098039B29
:10B030001F44029B1D44049B9A440130019B98428B
:10B0400044DA002426460090EEE75378BA5D02FB0E
:10B0500003F303FB0BF31B0C8DF81F30009B93F8DD
:10B06000222007990AEB0600FFF7D9FD4E44013470
:10B07000444512DA05EB440215F814308DF81C3003
:10B080008DF81D308DF81E30002FDED1537803FB74
:10B090000BF31B0A8DF81F30E0E7DDF808C00FB195
:10B0A000059B1F44039B9A44049B1D440CF1010C17
:10B0B000019B9C450ADA00242646CDF808C0D7E754
:10B0C0004FF0000C049105930090F1E709B0BDE842
:10B0D000F08F2DE9F04F89B08A46D0F8049081684E
:10B0E00090F821B00768C3680293D0F81880D0F8B0
:10B0F0001CE006694369039390F82230002B40F06E
:10B100001E8196B1002E00F02381BBF1FC0F00F2EE
:10B110009480002E00F01C814FF0000C4346B8468E
:10B120000191CDF810E01F46BBE0BBF1FC0F2CD81D
:10B130000091CDF804E04DE0DB1018F80330D2F1B7
:10B14000000C02F007060CF0070C58BFCCF100060B
:10B15000C6F10706334143F30003DBB2861CBB553F
:10B16000461CBB553B54504401324A4504DA134651
:10B17000002AE1DAD31DDFE72F44F04401348C428A
:10B1800080F2E68000221046EFE70024029DF6E7F9
:10B19000DB1018F80300624204F0070302F0070214
:10B1A00058BF5342C3F10703184140F300005A4609
:10B1B0007919C0B2FFF7EDFC554401344C4504DA6F
:10B1C0002346002CE4DAE31DE2E7029B1F44019BC7
:10B1D00098440136009B9E4280F2BA8000242546A6
:10B1E000ECE7DB1018F80300624204F0070302F0FA
:10B1F000070258BF5342C3F10703184140F3000050
:10B200003A5D0BEB0501C0B2FFF7C3FC55440134B6
:10B210004C4504DA2346002CE3DAE31DE1E7029B08
:10B220009B44019B9844039B1F440136009B9E4214
:10B2300080F28E8000242546EAE74FF0000B5B4643
:10B24000BB4637460091CDF804E01E46EEE7DB1022
:10B25000F85C624204F0070302F0070258BF534251
:10B26000C3F10703184140F30000325D02FB0BF20B
:10B27000120A08EB0501C0B2FFF78BFC55440134FC
:10B280004C4504DA2346002CE1DAE31DDFE7DDF864
:10B2900000C0029B9844049B1F44039B1E440CF176
:10B2A000010C019B9C4553DA00242546CDF800C0D3
:10B2B000E6E7DB1018F80330614204F0070201F002
:10B2C000070158BF4A42C2F10702134143F300038A
:10B2D000DBB28DF81E308DF81D308DF81C30AEB10C
:10B2E000335D03FB0BF31B0A8DF81F30009B93F8B3
:10B2F000222007997819FFF792FC554401344C45F8
:10B3000007DA2346002CD4DAE31DD2E78DF81FB00C
:10B31000ECE733464646019A98460BB1039B9844A6
:10B32000029B1F44059B1E440132049B9A420FDA84
:10B33000002425464346B04601921E46DFE7002220
:10B34000334646460491CDF814E000909846ECE769
:10B3500009B0BDE8F08F2DE9F04F89B08A46D0F8EA
:10B360000490D0F808E090F821B0D0F80080D0F830
:10B370000CC08569C16907694369029390F822305E
:10B38000002B40F048816FB1002F00F0F780BBF137
:10B39000FC0F00F2AD800020CDF804E0CDF80CC029
:10B3A0000491E4E0BBF1FC0F33D8CDF800E0CDF818
:10B3B00004C002915DE005EB42035B78DB0840F6D8
:10B3C0003A0606FB03F31B12871C08F8073035F812
:10B3D0001230C3F3451340F20D4707FB03F31B1272
:10B3E000471C08F8073015F8123003F01F0306FB5E
:10B3F00003F31B1208F80030504401324A45DADBEF
:10B40000E0440D440134744580F20D810020024671
:10B41000F4E70024F7E705EB44035B78DB0840F62C
:10B420003A0202FB03F31B128DF81E3035F814307C
:10B43000C3F3451340F20D4101FB03F31B128DF8DA
:10B440001D3015F8143003F01F0302FB03F31B1229
:10B450008DF81C305A4608EB060107A8FFF7B5FB2C
:10B46000564401344C45D6DB019B9844029B1D4455
:10B470000137009B9F4280F2D68000263446F1E7D8
:10B4800005EB44035B78DB0840F63A0202FB03F36A
:10B490001B128DF81E3035F81430C3F3451340F2FB
:10B4A0000D4101FB03F31B128DF81D3015F814300C
:10B4B00003F01F0302FB03F31B128DF81C301BF873
:10B4C000042008EB060107A8FFF77FFB5644013470
:10B4D0004C45D5DB019B9844039B1D44029B9B4438
:10B4E0000137009B9F4280F29E8000263446EFE7A2
:10B4F0004FF0000B5B46BB46CDF800E0CDF804C032
:10B5000003911F46EDE705EB44035B78DB0840F64B
:10B510003A0202FB03F31B128DF81E3035F814308B
:10B52000C3F3451340F20D4101FB03F31B128DF8E9
:10B530001D3015F8143003F01F0302FB03F31B1238
:10B540008DF81C303A5D02FB0BF2120A08EB060183
:10B5500007A8FFF73AFB564401344C45D3DB00986B
:10B56000039B9844049B1D44029B1F440130019B94
:10B57000984258DA002634460090EEE70020CDF8D5
:10B5800004E0CDF80CC00491F1E73B5D03FB0BF345
:10B590001B0A8DF81F30009B93F82220079908EBB7
:10B5A0000600FFF73CFB013456444C4523DA05EB1B
:10B5B00044035B78DB0840F63A0202FB03F31B12FC
:10B5C0008DF81E3035F81430C3F3451340F20D41A9
:10B5D00001FB03F31B128DF81D3015F8143003F036
:10B5E0001F0302FB03F31B128DF81C30002FCCD17C
:10B5F0008DF81FB0CFE7019A0FB1029B1F44049B47
:10B600009844059B1D440132039B9A420BDA0026A5
:10B6100034460192C9E70022CDF80CE0CDF810C005
:10B6200005910090F0E709B0BDE8F08F2DE9F04FEB
:10B6300089B08946D0F804808368019390F821B0DE
:10B640000768C3680393D0F818A0C1690669436905
:10B6500090F82220002A40F0D2808EB1002E00F017
:10B66000D780BBF1FC0F67D8002E00F0D1804FF0DF
:10B67000000C32465646BA4602910493174680E0C3
:10B68000BBF1FC0F1BD83346564600919A462FE07B
:10B6900006EB8400C2780AEB0501FFF796FA4D44E9
:10B6A00001344445F4DB039B9A443E440BF1010B07
:10B6B000019B9B4580F2AC8000242546F1E70026E3
:10B6C000B3465646BA460F46F2E706EB8400C27808
:10B6D00002FB0BF2120A7919FFF777FA4D44013495
:10B6E0004445F2DB039B1F44009B1E440AF1010A00
:10B6F000019B9A4580F28C8000242546F0E706EBFA
:10B700008400C2783B5D03FB02F2120A0BEB0501D9
:10B71000FFF75BFA4D4401344445F0DB039B9B4447
:10B72000009B1E44029B1F440AF1010A019B9A459B
:10B730006EDA00242546EFE74FF0000B5A46BB4671
:10B7400037465646009102939246EFE706EB840097
:10B75000C2783B5D03FB02F202FB0BF2120C0AEB18
:10B760000501FFF732FA4D4401344445EEDBDDF8C4
:10B7700000C0039B9A44029B1E44049B1F440CF18F
:10B78000010C019B9C4543DA00242546CDF800C0FE
:10B79000EBE79DF81F30725D02FB03F303FB0BF335
:10B7A0001B0C8DF81F30009B93F8222007990AEBA1
:10B7B0000500FFF734FA4D44013444450CDA57F8DC
:10B7C00024000790002EE4D19DF81F3003FB0BF3FB
:10B7D0001B0A8DF81F30E6E7DDF808C00EB1059BA7
:10B7E0001E44039B9A44049B1F440CF1010C019BD3
:10B7F0009C450DDA00242546CDF808C0DDE74FF062
:10B80000000C5246BA460491059300901746EEE7A5
:10B8100009B0BDE8F08F2DE9F04F89B08846476840
:10B820008368019390F821B0D0F800A0C368039317
:10B830008669C3690493D0F81090416990F822306A
:10B84000002B40F04581B9F1000F11D0B9F1000F84
:10B8500000F04681BBF1FC0F00F2A180B9F1000FAE
:10B8600000F03E8100204B46D14602919A46D3E03B
:10B87000BBF1FC0F4ED94FF00009DDF804B010E029
:10B8800006EB8400C2780AEB0501FFF75EF9454438
:10B890000134BC42F4DB039B9A44049B1E4409F12F
:10B8A0000109D94580F21C8100242546F1E7454471
:10B8B0000134BC4228DA56F8240007909DF81F2076
:10B8C000002AF4D09DF81E304FF47F4191FBF2F135
:10B8D00001FB03F31B128DF81E309DF81D3001FB98
:10B8E00003F31B128DF81D309DF81C3001FB03F390
:10B8F0001B128DF81C3002FB0BF2120A0AEB050139
:10B9000007A8FFF762F9D2E7039B9A44049B1E4401
:10B9100009F10109019B994580F2E2800024254646
:10B92000C7E745440134BC422ADA56F824000790A0
:10B930009DF81F20002AF4D09DF81E304FF47F415F
:10B9400091FBF2F101FB03F31B128DF81E309DF801
:10B950001D3001FB03F31B128DF81D309DF81C30C8
:10B9600001FB03F31B128DF81C3019F8043003FBA4
:10B9700002F2120A0AEB050107A8FFF726F9D0E741
:10B98000039B9A44049B1E44009B99440BF1010BBA
:10B99000019B9B4580F2A48000242546C3E74FF01D
:10B9A000000B0091F4E745440134BC422CDA56F810
:10B9B000240007909DF81F30002BF4D09DF81E2026
:10B9C0004FF47F4191FBF3F101FB02F212128DF86B
:10B9D0001E209DF81D2001FB02F212128DF81D2081
:10B9E0009DF81C2001FB02F212128DF81C201AF89F
:10B9F000042002FB03F303FB0BF2120C09EB05011D
:10BA000007A8FFF7E2F8CEE70098039B9944049B50
:10BA10001E44029B9A440130019B984260DA002444
:10BA200025460090C1E7A6B3725D02FB03F303FB5A
:10BA30000BF31B0C8DF81F30009B93F82220079905
:10BA400009EB0500FFF7EBF845440134BC4226DA68
:10BA50005AF8240007909DF81F30002BE3D09DF882
:10BA60001E204FF47F4191FBF3F101FB02F2121211
:10BA70008DF81E209DF81D2001FB02F212128DF898
:10BA80001D209DF81C2001FB02F212128DF81C20D3
:10BA9000C9E703FB0BF31B0A8DF81F30CCE73346D5
:10BAA0005646DDF808E09A460BB1059B9A44039B85
:10BAB0009944049B1E440EF1010E019B9E450FDA32
:10BAC000002425465346B246CDF808E01E46BDE7A1
:10BAD0004FF0000E4B46D146059100909A46ECE798
:10BAE00009B0BDE8F08F2DE9F04F8BB083468A4650
:10BAF000114643680AFB03F880689BF821C0DBF815
:10BB00000070DBF80C300493DBF81850DBF81C30C5
:10BB10000593DBF81060DBF8143006939BF82230B5
:10BB2000002B40F0108166B146B1BCF1FC0F00F271
:10BB30009B801EB1BCF1FC0F40F2CB800BB0BDE886
:10BB4000F08FBCF1FC0F49D9924519D04FF0000E8F
:10BB50000296E146049EDDF814C024E042462946E0
:10BB60003846E1F7E3FC4F4455440134B442F5DB79
:10BB70003046019EDDF808C0DDF80CA059462DE0E6
:10BB8000002401960646CDF808C0DDF81090CDF8E7
:10BB90000CA0DDF814A09346E8E7DDF804E0374494
:10BBA00065440EF1010E864516DA00221346CDF8E3
:10BBB00004E04345F1DAAC5CFC5403F1010EAC182F
:10BBC00094F801B007F80EB003F1020EA47807F85C
:10BBD0000E4053440A44ECE7029ECC46BCF1FC0FF5
:10BBE000A2D84FF0000B03960290E1460B4659464F
:10BBF0009B460EE04A463919A819FEF7E6FF544461
:10BC00005E444445F6DB0199049B1F44059B1D449B
:10BC10000131029B994203DA002634460191F0E794
:10BC2000039E1846CC4659467EE715F80920391977
:10BC300006EB0B00FEF7C9FF09F101095444019B13
:10BC40009B444445F1DB029B049A1744059A164431
:10BC5000069A15440133039A93420EDA4FF0000915
:10BC6000CB464C460293ECE7002332462E46039027
:10BC7000CDF81CC001911546EDE72B463546104620
:10BC8000DDF81CC001991E4653E716F80920019BF8
:10BC900003FB02F2120A391905EB0B00FEF795FFC0
:10BCA00009F101095444029B9B444445EDDB039B8D
:10BCB000049A1744059A1544069A16440133079AC4
:10BCC0009342BFF63BAF4FF00009CB464C4603937F
:10BCD000EBE700230790CDF804C00291EFE7335D56
:10BCE000019A02FB03F31B0A8DF827309BF82220F0
:10BCF00009993819FEF793FF5444029B4B4444457D
:10BD000010DA9946EA1891788DF8261052788DF855
:10BD10002520EB5C8DF82430002EE0D1019B8DF8BE
:10BD20002730E3E703980EB1069B1E44049B1F4493
:10BD3000059B1D440130079B9842BFF6FFAE0023D0
:10BD40001C460390DBE74FF0000907904846CDF80A
:10BD500004C00292EFE72DE9F04F87B00446884611
:10BD600046688368039390F81B90076943690293C0
:10BD7000C368019397B11FB1B9F1FC0F00F2AF8016
:10BD8000A069D3F7E6FE0590D4F800A008FB06F6FC
:10BD90004FF0000B5346BA461F46D9E0B9F1FC0FED
:10BDA00040F28180032905D0B8F1040F2AD007B0F2
:10BDB000BDE8F08FD0F800A001FB06F6374600235F
:10BDC0000BE0227E0AF803205A1C617E0AF802105A
:10BDD0009A1CA17E0AF802100333B342F1DB019BE7
:10BDE0000AEB030901250296039E9B4606E03A46AC
:10BDF00051464846E1F79AFBD9440135B542F6DB96
:10BE0000029ED1E7A069D3F7A4FE01462268002470
:10BE1000039D019F43E042F82310581C42F8201074
:10BE2000981C42F82010D81C42F82010181D42F827
:10BE30002010581D42F82010981D42F82010D81DDF
:10BE400042F8201003F1080042F8201003F1090025
:10BE500042F8201003F10A0042F8201003F10B0011
:10BE600042F8201003F10C0042F8201003F10D00FD
:10BE700042F8201003F10E0042F8201003F10F00E9
:10BE800042F820101033A6F10F009842C3DC02E004
:10BE900042F8231001339E42FADC3A440134AC42AA
:10BEA00085DA0023EFE78069D3F753FE0590256814
:10BEB00008FB06F60027DDF80CA0DDF804B009E069
:10BEC0004A46291905A8FEF780FE4444B442F7DB30
:10BED0005D4401375745BFF66AAF0024F6E7806935
:10BEE000D3F737FE0590D4F8009008FB06F64FF024
:10BEF000000A4B46D146DDF80CB09A460FE07A5D59
:10BF00000AEB040105A8FEF760FE44440135B44283
:10BF1000F5DB019B9A44029B1F4409F10109D945B5
:10BF2000BFF645AF00252C46F1E71AF8052002FBC5
:10BF300009F2120A391905A8FEF747FE44440135F3
:10BF4000B442F2DB019B1F44029B9A440BF1010BAC
:10BF5000039B9B45BFF62BAF00252C46F0E708B5A9
:10BF600090F82030063B142B0ED8DFE803F01E2497
:10BF70000D0D0D0D0D0D0D0E18130B0D0D210D0DCD
:10BF80000D0D1B00FFF7E7F908BD0322C9B2FFF74B
:10BF9000AAFDF9E70422C9B2FFF7A5FDF4E7FFF710
:10BFA00045FBF1E7FFF737FCEEE7FEF7B8FEEBE7FE
:10BFB000FEF799FFE8E7FFF78CF8E5E720B108B551
:10BFC0000268D269904708BDFEE788B138B51546CA
:10BFD000044671B1C36B08469847A36883420CD3EB
:10BFE000E3682B440344A268934204D8002038BD80
:10BFF000FEE70020F4E70220F9E70120F7E701203F
:10C00000704700687047000010B504464068E0F7CC
:10C0100049FD0146024B04222046D4F73BFC10BDEB
:10C0200025C00308B9B170B5044616460D46096827
:10C0300091B13030D4F7A2FC28602B688BB11B681B
:10C040001D696068E0F72EFD024629463046E1F79B
:10C050006DFA012070BDFEE73030D4F787FC286010
:10C06000EBE70020F6E7B8B1F8B5064600F1300777
:10C070003846D4F77FFC044684B123687168186998
:10C08000E0F70CFD0546E0F7E3FC30B12146384609
:10C09000D4F778FC0446EFE7FEE72C462046F8BDCF
:10C0A00050B12DE9F0418846064600F13007384688
:10C0B000D4F75CFC044605E0FEE721463846D4F799
:10C0C0005DFC044674B123681D6971682846E0F779
:10C0D000E5FCE0F7BDFC0028EFD1B36941462846F6
:10C0E0009847EAE706F12400D5F76DF93846D4F70A
:10C0F0002AFD0023F360BDE8F08190B32DE9F04103
:10C100001546044671B300F124073846D5F712F9F5
:10C11000064620B3D0F81080A369294640469847C8
:10C12000E36B40469847E3681B1AE360616840464A
:10C13000E0F7B4FC05463269E36A043B52F8038039
:10C1400031463846D5F768F92846E0F7B7FC41464E
:10C1500004F13000D4F74CFC4046D6F70DFBBDE8A7
:10C16000F081FEE7FEE720B3F8B5044611B30846B8
:10C17000E0F778FC054604F1240601463046D5F781
:10C18000D9F80146A0B10269E36A043BD7583046AA
:10C19000D5F742F9394604F13000D4F729FC384686
:10C1A000D6F7EAFAE36B28469847E3681B1AE36080
:10C1B000F8BDFEE7FEE7002835D02DE9F04182B05A
:10C1C0000C46054681B300F124073846D5F7C6F87A
:10C1D000019020B3D0F8108069684046E0F75EFC1B
:10C1E00006466A6821464046E1F7A0F905F13000AD
:10C1F000D4F77EFB0090C0B104220DEB0201E1F701
:10C2000095F9019B1869EB6A043B042269461844BE
:10C21000E1F78CF96A6829463046E0F745FC019859
:10C2200002B0BDE8F081FEE7FEE701993846D5F798
:10C2300047F900230193F2E7A0B170B50C4605461B
:10C2400089B1FFF7B8FF064650B169680069E0F7A9
:10C2500025FC0646EB6B20469847EB680344EB60F1
:10C26000304670BDFEE7FEE790B32DE9F0410C4685
:10C27000064671B300F130073846D4F777FB60B15A
:10C280000368D3F8108071684046E0F707FC054664
:10C290003369214640469847B8B1214606F124004B
:10C2A000D5F748F8054680B10269F36A043BD458D3
:10C2B0003846D4F75BFB024621463846D4F705FCE6
:10C2C00071682869E0F7EAFB05462846BDE8F08179
:10C2D000FEE7FEE738B505692DB1044683691BB159
:10C2E000406810B9FEE7FEE7FEE7E0F7DBFB021D62
:10C2F000294604F12400D5F709F8054608B928466F
:10C3000038BD042104F13000D4F7EAFA014BE363AD
:10C31000F5E700BFFFBF030838B505692DB1044636
:10C3200083691BB1406810B9FEE7FEE7FEE7E0F75E
:10C33000B9FB021D294604F12400D4F7E7FF0546A6
:10C3400008B9284638BD042104F13000D4F7C8FAF2
:10C35000014BE363F5E700BF03C0030810B54020BD
:10C36000D6F7EEF930B1044640220021E1F772F928
:10C37000204610BDFEE710B50446C068438813F0A0
:10C38000100F03D1237A012B03D010BDCFF71DFF6F
:10C39000F8E76068D6F7F0F9F7E7994203D09942D9
:10C3A0001AD901207047012905D0C1B9904216D091
:10C3B0000DD90120704708B51146E1F7CFF948B112
:10C3C000002801DD012006E04FF0FF3003E04FF0D0
:10C3D000FF307047002008BD4FF0FF30704700204D
:10C3E000704708B50B7A4A68017A4068FFF7D5FFB5
:10C3F00008BD0000124BD3F82C310BB1012070475F
:10C4000010B586B084460F4B93E8070006AB03E9EE
:10C41000070013E903008DE80300039B624618211F
:10C420000948E0F793FA064CC4F82C010749E0F7F5
:10C43000FBFAD4F82C01003818BF012006B010BD5B
:10C44000241C002034CF0308AC7A040828D8030841
:10C4500008B5034BD3F82C01E0F7E1FA08BD00BFA3
:10C46000241C002008B50379012B00D008BD00680A
:10C47000D6F782F9FAE7994203D099421AD90120F6
:10C480007047012905D0C1B9904216D00DD90120BD
:10C49000704708B51146E1F761F948B1002801DDA0
:10C4A000012006E04FF0FF3003E04FF0FF3070470F
:10C4B000002008BD4FF0FF3070470020704708B5DE
:10C4C0000B790A6801790068FFF7D5FF08BD000005
:10C4D000124BD3F830310BB10120704710B586B044
:10C4E00084460F4B93E8070006AB03E9070013E906
:10C4F00003008DE80300039B624618210948E0F71A
:10C5000025FA064CC4F830010749E0F78DFAD4F853
:10C510003001003818BF012006B010BD241C0020D7
:10C5200040CF0308D87A040830D8030808B5034B75
:10C53000D3F83001E0F773FA08BD00BF241C0020D7
:10C540000D488546C6F7B6F80C480D490D4A00233C
:10C5500002E0D458C4500433C4188C42F9D30A4AB8
:10C560000A4C002301E013600432A242FBD300F026
:10C5700055F8C4F7BDF8FEE70000022000000020D7
:10C58000AC000020487B0408AC000020741F012090
:10C59000FEE700000CB430B5184B0C1E1D689DB0B2
:10C5A00008DA8B232B604FF0FF301DB0BDE8304020
:10C5B00002B070474FF40273ADF814304FF000032F
:10C5C0001B9314BF04F1FF332346049307934FF6E4
:10C5D000FF7302900690ADF81630209A21AB02A9A5
:10C5E0002846019300F0A6F9431CBCBF8B232B60A7
:10C5F000002CDAD0029B00221A70D6E75C000020E3
:10C6000002440346934200D1704703F8011BF9E747
:10C61000014B1868704700BF5C00002070B50D4BDF
:10C620000D4D5B1B9C100026A64209D100F06EFC4C
:10C630000A4D0B4B5B1B9C100026A64205D170BD1A
:10C6400055F8043B98470136EEE755F8043B984708
:10C650000136F2E7407B0408407B0408407B040875
:10C66000447B0408704770470A44914200F1FF334D
:10C6700000D1704710B511F8014B03F8014F9142FA
:10C68000F9D110BD38B50546002941D051F8043C18
:10C690000C1F002BB8BFE41800F0E0F81D4A136827
:10C6A00033B9636014602846BDE8384000F0DCB858
:10C6B000A34208D9206821188B4201BF19685B6822
:10C6C00009182160EDE71A465B680BB1A342FAD95D
:10C6D00011685018A0420BD12068014450188342C1
:10C6E0001160E0D118685B68536008441060DAE7B5
:10C6F00002D90C232B60D6E7206821188B4204BF97
:10C7000019685B68636004BF091821605460CAE758
:10C7100038BD00BF701F012070B50F4E0C46316848
:10C72000054611B900F0ACFB30602146284600F008
:10C73000A7FB431C03D14FF0FF34204670BDC41C3F
:10C7400024F00304A042F8D0211A284600F098FBF8
:10C750000130F2D1EFE700BF6C1F01202DE9F84353
:10C76000CD1C25F0030508350C2D38BF0C25002DF8
:10C77000064601DBA94204D90C2333600020BDE842
:10C78000F883DFF8D48000F069F8D8F800301C4650
:10C7900044BB29463046FFF7BFFF431C044658D12F
:10C7A000D8F800402746002F43D1002C4BD02368F7
:10C7B0003946304604EB030900F062FB814542D163
:10C7C00021686D1A29463046FFF7A6FF01303AD09E
:10C7D00023682B442360D8F800305A6862BBC8F83D
:10C7E00000700FE02268521B20D40B2A17D9611960
:10C7F000A342256018BF5960636808BFC8F80010DD
:10C8000062514B60304600F02FF804F10B00231DFD
:10C8100020F00700C21A1CBF1B1AA350AFE76268C2
:10C82000A3420CBFC8F800205A60EBE723466468B7
:10C83000AEE73C467F68B6E71A465B68A342FBD189
:10C8400000235360DEE70C233360304600F00CF821
:10C8500094E70560D6E700BF701F01200148FFF78D
:10C8600001BF00BF681F01200148FFF7FCBE00BFE9
:10C87000681F01202DE9F0478E681F46BE428246A0
:10C880000C469046334653D8B1F90C0010F4906F23
:10C890002BD065692368096905EB4505A3EB010900
:10C8A00005EBD5757B1C6D104B44AB422A4684BF0B
:10C8B0001D462A46430527D511465046FFF74EFF31
:10C8C000064658B321694A46FFF7CEFEA38923F4F2
:10C8D000906343F08003A381266165614E44A5EB1C
:10C8E00009052660A5603E463B461F4620683A463D
:10C8F000414600F0ABFAA3689B1BA36023683B444E
:10C9000023600020BDE8F087504600F0C9FA0646D3
:10C910000028E1D121695046FFF7B4FE0C23CAF884
:10C920000030A38943F04003A3814FF0FF30E9E7D3
:10C930003E46DBE72DE9F0471F468B891B069CB07E
:10C9400006460D46144610D50B6973B94021FFF712
:10C9500005FF2860286130B90C2333604FF0FF30A9
:10C960001CB0BDE8F08740236B61002309932023AE
:10C970008DF8293003973023654F8DF82A304FF01A
:10C9800001082346994613F8012B0AB1252AF9D14B
:10C99000B9EB040A0BD05346224629463046FFF72E
:10C9A00069FF013000F0A480099A5244099299F875
:10C9B0000030002B00F09C8000234FF0FF32CDE9C7
:10C9C000052309F10109049307938DF853301A9355
:10C9D0004C464F4814F8011B0522C3F721FC049B69
:10C9E000D0B9D80644BF20228DF85320190744BF80
:10C9F0002B228DF8532099F800202A2A13D0079A69
:10CA00004C4600204FF00A0C214611F8013B303B08
:10CA1000092B49D968B913E0C01B08FA00F0184384
:10CA20000490A146D4E7039A111D12680391002ACD
:10CA300001DB079204E0524243F0020307920493A1
:10CA400023782E2B0AD163782A2B32D1039B1A1D0F
:10CA50001B68039243EAE37302340593DFF8C09046
:10CA6000217803224846C3F7DBFB38B1049BA0EBD7
:10CA700009004022824013430134049314F8011B3F
:10CA800024488DF828100622C3F7CAFB002835D0A9
:10CA9000214818BB039B073323F007030833039394
:10CAA000099B034409936CE70CFB02320C460120FE
:10CAB000AAE700230134059319464FF00A0C2046DB
:10CAC00010F8012B303A092A03D9002BC6D0059162
:10CAD000C4E70CFB012104460123F0E703AB0093FC
:10CAE0002A460E4B04A93046AFF30080421CD7D132
:10CAF000AB895B063FF532AF099831E703AB009392
:10CB00002A46064B04A9304600F07AF8EEE700BF4B
:10CB1000047B04080E7B04080000000075C80308AD
:10CB20000A7B04082DE9F047164698468A680B6987
:10CB3000DDF820909342B8BF1346336091F843204C
:10CB400007460C460AB1013333602368990642BF99
:10CB5000336802333360256815F0060506D104F109
:10CB6000190AE36832689B1AAB4226DC94F843301A
:10CB70002268003B18BF012392062BD404F1430224
:10CB800041463846C84701301ED02368226903F069
:10CB90000603042B02BFE5683368ED1AA3680CBFD7
:10CBA00025EAE57500259342C4BF9B1AED180026BF
:10CBB0001A34B5421AD1002008E0012352464146FA
:10CBC0003846C847013003D14FF0FF30BDE8F08749
:10CBD0000135C6E7E1185A1C302081F84300224491
:10CBE00094F8451082F843100233C7E70123224628
:10CBF00041463846C8470130E6D00136D9E7000043
:10CC00002DE9F0430D7E85B0782D90460C9E0746A9
:10CC10000C46994601F1430207D8622D0AD8002D2F
:10CC200000F0D780582D00F0BC8004F1420684F853
:10CC300042503BE0A5F16303152BF6D801A151F852
:10CC400023F000BF9DCC0308B1CC03082BCC030814
:10CC50002BCC03082BCC03082BCC0308B1CC030846
:10CC60002BCC03082BCC03082BCC03082BCC0308BC
:10CC7000B9CD0308DBCC03086BCD03082BCC03082C
:10CC80002BCC0308DBCD03082BCC0308DBCC03083B
:10CC90002BCC03082BCC030873CD030833681A1D73
:10CCA0001B68326004F1420684F842300123A1E09F
:10CCB00033682068191D3160060601D51D6803E040
:10CCC0004506FBD5B3F90050002D03DA2D236D4244
:10CCD00084F843305B480A2311E021683368080672
:10CCE00053F8045B02D4490648BFADB23360237EDB
:10CCF00054486F2B5CD10823002184F843106668E8
:10CD0000A660002E05DB21682E4321F0040121607E
:10CD100050D01646B5FBF3F103FB115C10F80CC0C4
:10CD200006F801CDAC4663450D46F3D9082B0BD16F
:10CD30002368DB0708D5236961689942DEBF302389
:10CD400006F8013C06F1FF36921B2261CDF80090F7
:10CD5000434603AA21463846FFF7E4FE01304ED190
:10CD60004FF0FF3005B0BDE8F083236843F02003A7
:10CD700023603548782584F845502368316813F0DE
:10CD8000800F51F8045B03D113F0400F18BFADB210
:10CD90003160D90744BF43F0200323601DB1102345
:10CDA000AAE72848E7E7236823F020032360F6E793
:10CDB0000A23A1E71646B9E7336825686169181D9B
:10CDC00030602E061B6801D5196002E06806FBD5AD
:10CDD0001980002323611646B8E733681A1D3260B4
:10CDE0001E68626800213046C3F71AFA08B1801B3A
:10CDF000606063682361002384F84330A6E72369F9
:10CE0000324641463846C8470130A9D023689B07BF
:10CE100013D4E068039B9842B8BF1846A2E70123E9
:10CE2000324641463846C847013099D00135E3685B
:10CE300003995B1AAB42F2DCEBE7002504F119061B
:10CE4000F5E700BF157B0408267B0408884210B56F
:10CE500001EB020402D98442234607D8431EA142B3
:10CE600007D011F8012B03F8012FF8E702448242A2
:10CE700000D110BD13F8011D02F8011DF7E70000F5
:10CE800038B5064D0023044608462B60C5F71CFC48
:10CE9000431C02D12B6803B1236038BD641F0120FD
:10CEA0002DE9F041074614460D4621B9BDE8F04191
:10CEB0001146FFF753BC2AB9FFF7E4FB2546284685
:10CEC000BDE8F08100F01AF88442064602D8B4EBBF
:10CED000500FF4D821463846FFF740FC804608B989
:10CEE0004546ECE7B4422246294628BF3246FFF7C2
:10CEF000BBFB29463846FFF7C5FBF1E751F8043C78
:10CF0000181F002BBCBF0B58C0187047F8B500BFE6
:10CF1000F8BC08BC9E467047F8B500BFF8BC08BC1A
:04CF20009E46704772
:10CF2400010000E0010000E0010000E0010000E079
:10CF3400E3C303080000000077C30308BFC4030869
:10CF44000000000065C40308E6B8A9E5BAA63A20C3
:10CF540032352E3643000000E6B9BFE5BAA63A20C2
:10CF640036332E3225000000E5B7A5E4BD9C3A20F7
:10CF7400E887AAE58AA80000E79BAEE6A0873A20E6
:10CF840036302500E699BAE883BDE58AA0E6B9BF44
:10CF9400E599A8003330250039302500E6B8A9E525
:10CFA400BAA63A202D2D2E2D43000000E6B9BFE588
:10CFB400BAA63A202D2D2E2D250000002D25642EF5
:10CFC400256425730000000025642E256425730064
:10CFD400E6B8A9E5BAA63A2025730000E6B9BFE58C
:10CFE400BAA63A2025730000E4BCA0E6849FE59924
:10CFF400A8E5BC82E5B8B800BE080000AC33000068
:10D004006C765F6F626A0000202C2E3B3A2D5F29FC
:10D014005D7D00005357000062696E0042494E0076
:10D02400EF808C006C765F61726300006C765F62E7
:10D03400617200006C765F627574746F6E0000003C
:10D044000A0000006C765F627574746F6E6D6174B3
:10D054007269780042746E310000000042746E32CE
:10D064000000000042746E330000000042746E340D
:10D074000000000042746E350000000025640000CA
:10D08400537500004D6F0000547500005765000093
:10D094005468000046720000536100006C765F63C0
:10D0A400616C656E64617200EF819300EF8194009E
:10D0B40025642025730000004A616E756172790051
:10D0C4004665627275617279000000004D61726399
:10D0D40068000000417072696C0000004D617900C5
:10D0E4004A756E65000000004A756C790000000006
:10D0F400417567757374000053657074656D62657E
:10D10400720000004F63746F626572004E6F766543
:10D114006D62657200000000446563656D6265724E
:10D12400000000006C765F63616C656E6461725F21
:10D134006865616465725F6172726F7700000000F8
:10D14400323032360A323032350A323032340A3230
:10D154003032330A323032320A323032310A32302B
:10D1640032300A323031390A323031380A32303111
:10D17400370A323031360A323031350A32303134FE
:10D184000A323031330A323031320A323031310A24
:10D19400323031300A323030390A323030380A32E3
:10D1A4003030370A323030360A323030350A3230D5
:10D1B40030340A323030330A323030320A323030CE
:10D1C400310A323030300A313939390A3139393893
:10D1D4000A313939370A313939360A313939350A98
:10D1E400313939340A313939330A313939320A316A
:10D1F4003939310A313939300A313938390A313952
:10D2040038380A313938370A313938360A31393839
:10D21400350A313938340A313938330A3139383238
:10D224000A313938310A313938300A313937390A53
:10D23400313937380A313937370A313937360A3113
:10D244003937350A313937340A313937330A313904
:10D2540037320A313937310A313937300A31393600
:10D26400390A313936380A313936370A31393636DE
:10D274000A313936350A313936340A313936330A06
:10D28400313936320A313936310A313936300A31D8
:10D294003935390A313935380A313935370A3139AE
:10D2A40035360A313935350A313935340A313935AB
:10D2B400330A313935320A313935310A31393530A9
:10D2C4000A313934390A313934380A313934370AB0
:10D2D400313934360A313934350A313934340A3182
:10D2E4003934330A313934320A313934310A313973
:10D2F40034300A313933390A313933380A31393360
:10D30400370A313933360A313933350A313933344E
:10D314000A313933330A313933320A313933310A74
:10D32400313933300A313932390A313932380A3134
:10D334003932370A313932360A313932350A31391C
:10D3440032340A313932330A313932320A3139321C
:10D35400310A313932300A313931390A3139313807
:10D364000A313931370A313931360A313931350A1E
:10D37400313931340A313931330A313931320A31F0
:10D384003931310A313931300A313930390A3139D8
:10D3940030380A313930370A313930360A313930C8
:10D3A400350A313930340A313930330A31393032BF
:10D3B4000A3139303100000030310A30320A30335A
:10D3C4000A30340A30350A30360A30370A30380A1F
:10D3D40030390A31300A31310A3132006C765F63F8
:10D3E400616C656E6461725F6865616465725F64D7
:10D3F400726F70646F776E006C765F6368617274CD
:10D4040000000000436865636B20626F78000000D1
:10D414006C765F636865636B626F7800EF81B80058
:10D424004F7074696F6E20310A4F7074696F6E208B
:10D43400320A4F7074696F6E203300006C765F643B
:10D44400726F70646F776E2D6C69737400000000E6
:10D454006C765F64726F70646F776E006C765F6970
:10D464006D61676500000000616263004142430032
:10D4740031230000EF808D00EF849C00456E7465BD
:10D4840072000000EFA2A200EF959A002B2F2D004E
:10D4940032000000330000003400000035000000BA
:10D4A400360000003700000038000000390000009A
:10D4B400300000002E0000002B00000026000000B9
:10D4C4002F0000002A0000003D00000021000000A1
:10D4D4003F000000230000003C0000003E0000006C
:10D4E4005C00000040000000240000002800000050
:10D4F400290000007B0000007D0000005B000000AC
:10D504005D0000003B000000220000002700000036
:10D5140020000000510000005700000052000000ED
:10D5240054000000590000005500000049000000AC
:10D534004F000000500000004100000053000000B4
:10D5440044000000460000004700000048000000BE
:10D554004A0000004B0000004C0000005F00000087
:10D564002D0000005A000000580000005600000082
:10D57400420000004E0000004D0000002C0000009E
:10D584003A00000071000000770000006500000010
:10D594007900000075000000690000006F000000C1
:10D5A40070000000610000006400000066000000DC
:10D5B400670000006A0000006B0000007A000000B1
:10D5C4006300000076000000620000006D000000AF
:10D5D4006C765F6B6579626F617264005465787410
:10D5E400000000006C765F6C6162656C00000000F6
:10D5F4006C765F6C656400006C765F6C696E6500C8
:10D604006C765F6C6973745F7465787400000000F5
:10D614006C765F6C6973745F627574746F6E00000E
:10D624006C765F6C697374006C765F6D656E755FA4
:10D63400736964656261725F686561646572000044
:10D644006C765F6D656E755F6D61696E5F6865614F
:10D65400646572006C765F6D656E755F6D61696E91
:10D664005F636F6E7461696E657200006C765F6DE6
:10D67400656E755F73696465626172006C765F6D77
:10D68400656E755F736570617261746F720000001E
:10D694006C765F6D656E755F73656374696F6E003C
:10D6A4006C765F6D656E755F636F6E74000000006D
:10D6B4006C765F6D656E755F706167650000000074
:10D6C4006C765F6D656E75006C765F6D7367626F07
:10D6D400785F6261636B64726F7000006C765F6D7B
:10D6E4007367626F785F6865616465725F627574A1
:10D6F400746F6E006C765F6D7367626F785F666FD0
:10D704006F7465725F627574746F6E006C765F6DB2
:10D714007367626F785F666F6F74657200000000F4
:10D724006C765F6D7367626F785F636F6E74656E3E
:10D73400740000006C765F6D7367626F785F686574
:10D7440061646572000000006C765F6D7367626FE0
:10D75400780000004F7074696F6E20310A4F707446
:10D76400696F6E20320A4F7074696F6E20330A4FEE
:10D774007074696F6E20340A4F7074696F6E20354F
:10D78400000000006C765F726F6C6C65725F6C6198
:10D7940062656C006C765F726F6C6C657200000081
:10D7A400256C64006C765F7363616C650000000037
:10D7B4006C765F736C696465720000006C765F73ED
:10D7C40070696E626F7800006C765F7370696E6E5C
:10D7D400657200006C765F7377697463680000009B
:10D7E4006C765F7461626C65000000006C765F7437
:10D7F4006162766965770000E280A2006C765F74EE
:10D8040065787461726561006C765F74696C65003B
:10D814006C765F74696C6576696577006C765F77A2
:10D82400696E0000494D414745000000494D41479C
:10D83400455F484541444552000000005910000826
:10D84400A510000800000000100000000200000005
:10D854000CFE0100000000000000000000000000B9
:10D864000321000054F60308204F000054F5030878
:10D874005C4F000054F40308DD4F000054F3030828
:10D88400A052000054F20308A852000054F1030807
:10D894006856000054F003088358000054EF03084E
:10D8A4009C5B000054EE0308E55D000054ED0308A2
:10D8B400385E000054EC0308A65E000054EB030835
:10D8C400025F000054EA03080F5F000054E90308F4
:10D8D4001F61000054E803080163000054E70308D3
:10D8E4007A66000054E603080768000054E503085C
:10D8F400216A000054E40308296E000054E303087D
:10D904007F6E000054E20308AF73000054E1030883
:10D91400EE76000054E00308FD80000054DF0308A5
:10D924001282000054DE03088282000054DD0308E2
:10D93400EA81000054DC0308038C000054DB030874
:10D944000290000054DA03080CFF000054D90308C5
:10D9540000000013010000000000000000000000AF
:10D9640000002BFCBC0000000000000000000000D0
:10D9740000001EE5FD0A0000000000000000000099
:10D984000000001FEE000000000000000000000086
:10D99400000007A387000000000000000000000052
:10D9A4000000B59804000000000000000000000022
:10D9B40000000C0000000000000000000000000057
:10D9C4000000000000000000000000000000000053
:10D9D4000000000000000000000000000000000043
:10D9E4000000000000000000000000000000000033
:10D9F4000000000000000000000000000000000023
:10DA04000000000000000000000000000000000012
:10DA14000000000000000000000000000000000002
:10DA240000000000000000000000000000000000F2
:10DA340000000000000000000000000000000000E2
:10DA440000000000000000000000000000000000D2
:10DA5400001200000000000000000000205600003A
:10DA640000A99C0200021D3E5F80ABDEFFD41300C0
:10DA74000009BE950040D1BBA4BFCB4316000000F3
:10DA8400000012AB0D0000000067AB0000000000B6
:10DA9400000000001EF3F3F3F3F8FCF3F3F3F3399F
:10DAA40000000000000000000067AB000000000060
:10DAB40056FBFBE4000000000067AB000000000020
:10DAC40000001FE7000000000067AB00000000003A
:10DAD40000001FE70000CFEDE7E7E7E7E7FF1300EB
:10DAE40000001FE70000CF370000000000FF130014
:10DAF40000001FE70000CF370000000000FF130004
:10DB040000001FE70000CF370000000000FF1300F3
:10DB140000001FE80000BCE7E7E7E7E7E7E71200DB
:10DB24000048C2A9AE662B0500000000010C180ACB
:10DB34001FE127000758AFE0EDF3F5F5F2EADF2324
:10DB4400000C0000000000000000000000000000C5
:10DB540000002000000000000000000000000000A1
:10DB6400000FE2630000CDF3F3F3F3F3F3F3B60035
:10DB7400000026E65A00D71B000361000037BF00EF
:10DB8400000000378100D71B0007D7000037BF0013
:10DB9400000000000000D71BB6D9F9D79B37BF009F
:10DBA4001C6363630700D71B0007D7000037BF005F
:10DBB4002EA3A3FD1300D71B0007D7000037BF0017
:10DBC400000000F71300D946D7D7D7D7D756BF00E0
:10DBD400000000F71300E113000000000037BF004D
:10DBE400000000F71300EB0AA8CFCFCF6737BF00C0
:10DBF400000000F71309ED00CF07005B7F37BF007B
:10DC0400000000F71339D200CF07005B7F37BF0055
:10DC1400000001FAA4E29D00CFD9D7E67F37BF0008
:10DC240000002EFFCEBA6000C60700000037BF0018
:10DC340000009FCC23E6100000000000003FBC0061
:10DC4400000034103F85000000000034F6EB6E0045
:10DC5400000000000000007C4800000000000000FC
:10DC640000000000000002EF40000000000000007F
:10DC740000000103030334E8060303030302000066
:10DC8400000057FFFFFFFFFFFFFFFFFFFF930000B0
:10DC9400000057BB00000000000000008393000058
:10DCA400000057BB00000000000000008393000048
:10DCB400000057FFFFFFFFFFFFFFFFFFFF93000080
:10DCC400000057BD0303030303030303859300000C
:10DCD400000057BB00000000000000008393000018
:10DCE400000057BB00000000000000008393000008
:10DCF400000057FEFBFBFBFBFBFBFBFBFE93000062
:10DD0400000057BB000000000000000083930000E7
:10DD1400000057BB000000000000000083930000D7
:10DD2400000057BB000000000000000083930000C7
:10DD3400000057FFFFFFFFFFFFFFFFFFFF930000FF
:10DD440000004CA400000000000000006975000001
:10DD54000000000043B200000000B94700000000CA
:10DD6400000000004BC700000000CF4F000000007F
:10DD74001BFFFFFFFFFFFFFFFFFFFFFFFFFFFF1B77
:10DD8400010B0B0B54CA0B0B0B0BD2580B0B0B01D7
:10DD9400000000004BC700000000CF4F000000004F
:10DDA400000000000000000000000000000000006F
:10DDB400006FFFFFFFFFFFFFFFFFFFFFFF83000078
:10DDC400000307070732F407070707079B830000D0
:10DDD40000000000002BF300000000009783000007
:10DDE40000000000002BF3000000000097830000F7
:10DDF40000000000002BF3000000000097830000E7
:10DE040000000000002BF300000000009D820000D1
:10DE140000000000002BF3000070F6F4F746000049
:10DE240000000000002BF30000081E19030000008E
:10DE340000000000002BF3000000000000000000C0
:10DE440000000000001EA700000000000000000009
:10DE54000000001CAB0500000000000000000000F2
:10DE6400000005C5F46D000085F3F3F3F3F57400C9
:10DE7400000DAAAC1BBBB10C000B000073CD0B0052
:10DE840029DBA405000292BF05C19A81C4130000D6
:10DE94001966C0E7E7E7912400047FFD3100000024
:10DEA40000000007F70000000000006ED001000031
:10DEB40000000007F7000013FBFBFBFBFEFBF9234C
:10DEC40000BCEBECFFFFFFAC333347EF0035D6006B
:10DED40000000007F7000000000017EF00897B0036
:10DEE40000000007F7000000000017EF00BC1D0051
:10DEF400004FE7E8FFE7E741000017EF00000000EC
:10DF04000057A3000000BB47000017EF000000000B
:10DF14000057A3000000BB47000017EF00000000FB
:10DF24000057A3000000BB47000017EF00000000EB
:10DF34000057FAEFEFEFFB47000121EE000000006D
:10DF4400003B6E000000491C00D2F3A10000000059
:10DF540000000091320000001FA800000000000033
:10DF640000003AE40C8417002BDF0000085702007D
:10DF74000001C155007BA9002BDF2888EAEE36009A
:10DF84000077C621324AF3402BFEFFC8670A00001F
:10DF940001E2F1D8C3AFB6B92BEA230000000400B4
:10DFA400000B0000000008482BDF00000000B6232F
:10DFB4000058EBEBEBEBEB4226EE0D00000AE91701
:10DFC400005FA3000000C74705BCF3F7F7F4A10006
:10DFD400005FA3000000C7471C920000000000007F
:10DFE400005FF4DFDFDFF8472BE300000362220069
:10DFF400005FA3000000C7472BE3116BD9CD3E009F
:10E00400005FF3DBDBDBF8472BFAE9A346000000F3
:10E01400005FA3000000C7472BE8080000001D00B4
:10E02400005FA3000000C7472BE300000000A551D8
:10E03400005FA3000000D34525F10E000005D33591
:10E04400005FA3008EF5D51704BBF2F7F7F5B60110
:10E0540000006FFFFFFFFFFFFFFFFFFFFF57000000
:10E0640000006FA90F0F0F0F0F0F0F0FCB570000FA
:10E0740000006FA30000000000000000C75700006C
:10E0840000006FA30000000000000000C75700005C
:10E0940000006FFFFFFFFFFFFFFFFFFFFF570000C0
:10E0A40000006FA60707070707070707C9570000FF
:10E0B40000006FA30000000000000000C75700002C
:10E0C40000006FA30000000000000000C75700001C
:10E0D40000006FFFFFFFFFFFFFFFFFFFFF57000080
:10E0E40000006FA60707070707070707C9570000BF
:10E0F40000006FA30000000000000000C7570000EC
:10E1040000006FA30000000000000000C7570000DB
:10E1140000006FFFFFFFFFFFFFFFFFFFFF5700003F
:10E1240000006FA80B0B0B0B0B0B0B0BCA5700005B
:10E1340000003B5700000000000000006A2E0000B1
:10E1440000000000000000000000000000000000CB
:10E154004EFBFBFBFB66BFFFFFFFFFFFFFFFFF0F55
:10E1640000005F9B0000080B0B0CD26C0B0B0B0028
:10E1740000005F9B000000000043F70F0000000058
:10E1840000005F9B0000000000B9BF000000000019
:10E1940000005F9B0000000030FFC3B61A000000BF
:10E1A40013FFFFFFFF0F0000B5DEBB82C8070000AE
:10E1B4000003629D0300006CE161BB02B79700009D
:10E1C40000005F9B000046F54553BB0015EC46007C
:10E1D40000005F9B001AF66A0053BB000061C80090
:10E1E40000005F9B00063C000053BB0000001700CA
:10E1F400000063D4D55C00000053BB0000000000A5
:10E2040028AFF7B8510400000053BB000000000021
:10E2140029882200000000000053BB000000000019
:10E2240000000000000000000053BB0000000000DC
:10E234000000000000000000003B8400000000001B
:10E2440000000000000000000000000000000000CA
:10E25400000F51000000000000000000000000005A
:10E264000030DBC62237FCEFEFEFEFEFEFFD3300BA
:10E274000000079CA337CB000000000000D7330048
:10E28400000000000D37CB000000000000D7330071
:10E29400000000000037FAE3E3E3E3E3E3FB3300C9
:10E2A400129F1E000037CB000000000000D733008F
:10E2B40014A3F3520037CB000000000000D7330052
:10E2C40000004CB40133EBEBEBEBEBEBEBEB2F008F
:10E2D40000000000000000007E0A18760000000024
:10E2E4000000002F01661B00E7132BD700267A00DD
:10E2F400000008E824769700E7132BD7008E8400EB
:10E30400000066BA000CED12E7132BD70FE21400DD
:10E314000003DA4C0000A95DE7132BD77C7B0000D7
:10E324000063D50100001101E7132BD70D0800008D
:10E3340000B25D00D5F3F3F3FEF4F6FEF3F3F3530A
:10E3440000060400000000000000000000000000BF
:10E35400000A5D040000000000000000000000004E
:10E364000022C4DD4303FFEBEBEBEBEBF2B3000065
:10E374000000006BD706FB000000000053B3000050
:10E38400000000000A03FB000000000053B300007B
:10E39400000000000003FFE3E3E3E3E3EDB3000068
:10E3A40019B264080003FB000000000053B300002E
:10E3B400001D9FDE0803FFE7E7E7E7E7EFB3000090
:10E3C4000000002900000000000000000000000020
:10E3D4000000000000000000000000000000000039
:10E3E40000000021418FF9F3FEF3F8FAF3FD3B003E
:10E3F400000000A1808F6B00D700578300C73B004B
:10E4040000002AED108F6B00D700578300C73B0034
:10E414000000B47F008F6B00D700578300C73B0018
:10E42400004AE80C008F6B00D700578300C73B00FD
:10E4340000B66700E8FAF9F3FEF3F8FAF3FDF657CD
:10E44400000C0300000000000000000000000000B9
:10E4540000001899000000009120002D86000000A3
:10E46400000023DF00000000D72F0043C700000096
:10E47400000023DF0043EFEFFDF2EFF4FCEFEF1AAF
:10E48400000023DF00000000CD2D0040BE0000008E
:10E494002BFFFFFFFF9378CFCFCFCFCFCFCF33006A
:10E4A400000048EE0C00936F0000000000C73F001E
:10E4B400000092F68C0093E2CBCBCBCBCBF43F00A5
:10E4C4000000DDDFBC1E936F0000000000C73F00AA
:10E4D4000037C8DF6291936F0000000000C73F005F
:10E4E400009A7DDF0F577AD3D3E1F5D3D3D3340029
:10E4F4001FE52FDF00000000006AA50000000000F7
:10E50400447B23DF0092EFEFEFFEFEF5EFEFEF0E1B
:10E51400000623DF0000000032ED74CB0A00000087
:10E52400000023DF0000002DE26703BCB20B0000F3
:10E53400000023DF0049A0EF6900000CAEEF8C1847
:10E5440000001BAB00867518000000000048A011F5
:10E55400000000703D00000000000000000000000A
:10E56400000000AF5F000000000000000000000099
:10E57400000000AF5F00008FFFFFFFFFFFFF670099
:10E58400000000AF5F000000000000000000000079
:10E594002BFFFFFFFFFF7F000000000000000000D2
:10E5A40000001BFE680000000000000000000000E6
:10E5B40000006DFFE3133FFFFFFFFFFFFFFFFF437B
:10E5C4000000C0EBBBB200000000C74F0000000019
:10E5D400001CDAB160BA5B000000C74F0000000005
:10E5E40000927AAF5F25133BB600C74F4E9D0000E3
:10E5F4002CE914AF5F00008D7F00C74F0EED1300B0
:10E60400677100AF5F0003E02A00C74F009F7300EB
:10E61400030500AF5F0064C00000C74F0049C60097
:10E62400000000AF5F06E53B0000C74F000AF51786
:10E63400000000AF5F0034001011D64D0000460901
:10E64400000000AF5F000000BCFAD41A0000000014
:10E654000000534D00000000000000000000000016
:10E664000000CA5300000000000000000000000089
:10E67400003AF7E3FAE9E38E43FDF7F7F7FE4700C4
:10E6840006D94800D132000043BB000000C3470054
:10E6940029FFDFDFFAE5DFDF4EBB000000C34700E0
:10E6A4000000003DFC40000043BB000000C34700E5
:10E6B400000010D575D0990D43FDF7F7F7FE47001C
:10E6C400003AD7840008A29A00000000000000006D
:10E6D40017D35800000000060000000000000000EE
:10E6E400000000D3EDE7E7E7E7E7E7EBE70000002A
:10E6F400000000D33700000000000027E7000000FE
:10E70400000000D3E0D7D7D7D7D7D7DEE700000083
:10E71400000000D33700000000000027E7000000DD
:10E72400000000D33700000000000027E7000000CD
:10E73400000000D3EDE7E7E7E7E7E7EBE7000000D9
:10E7440000000095270000000000001A9B00000054
:10E7540000002EB5000000000000BF100000000003
:10E76400000033CB000000000000EB1300000000A9
:10E77400000033CB00005AFBFBFBFFFCFBFB8D00CE
:10E78400000033CB000000000000EB130000000089
:10E794004FFFFFFFFF8B00000000EB1300000000A1
:10E7A400000033CB000000000000EB130000000069
:10E7B400000033CB0037FBFBFBFBFBFBFFFCFB52F6
:10E7C400000033CB0009000000000000CF37000038
:10E7D400000051ECD582000000000000CF3700009B
:10E7E4004DDDF7E44407FFFFFFFFFFFFFFFFFF3BA3
:10E7F4002C4C39CB0000002015000000CF3700005E
:10E80400000033CB0000007EAD000000CF370000D5
:10E81400000033CB00000006D74B0000CF370000C8
:10E82400000033CB000000005BAF0000CF370000D6
:10E83400000040C900000000030C0407DB350000A1
:10E8440000D8EF7C000000000005EEF8CB0E0000BD
:10E854000000000000000000006F1E776703000046
:10E86400000000000000000000BD430F9A87000074
:10E874000000EBE9E7E7E7E7E7F6F1E7E7E7E72496
:10E884000000EB130000000000807F000012000075
:10E894000000EE42CBCBCBCBA251AD002BED090057
:10E8A4000002FD08000000000020E400AB8B000023
:10E8B4000013F604FACFCFE27B00D760F21C00000D
:10E8C400002CD603E30000637B0084F86D000D0088
:10E8D4000065A103E30000637B01A0FC1F00A42EDC
:10E8E40000BB5C03CFCFCFCF72A3C899C626D41880
:10E8F4001AE10700000000133699080185E3A5001A
:10E904000012000060241AE433000000241E0000FA
:10E914000000BA2BC74B0048E416000177BD000085
:10E924000044D701C74B0000815400B138DA5100CC
:10E9340006D65200C2630000000010E82160C40043
:10E94400075400005BD2E2E3E3E3DC8C0005100033
:10E95400000000000000000000B631426B0000001F
:10E96400000000000000000000DB4211B2AD09000D
:10E97400000000000000000000D1480002822000D6
:10E984001BFFFFFFFFFFFFFFFFFFFFFFFFFFFF2353
:10E99400010B0B0B0B0B0B0B0BB36F0B0B0B0B01CB
:10E9A400000000000000000000958200000000004C
:10E9B4000000000000000000007A9D00000000003C
:10E9C400008FFFFFFFFFFFFF8B60B8000000000017
:10E9D40000060B0BA07E0B0B0644D70000000000C2
:10E9E400000000009B770000001AFC0800000000F3
:10E9F400000000009B7700000000E83800000000E1
:10EA0400000000009B7700000000A97A0000380A8B
:10EA1400000000009B77033473005ECD0000936315
:10EA24000000073BC4E0F1EFAE050BF03B00AD4A3C
:10EA340000B5F7F6BC7A360300000075D936E41B3E
:10EA440000543A0600000000000000038EEF9D0011
:10EA54000000ADEBEBEBEBEBEBEBEBEBEB370000A0
:10EA64000000BB530000000000000000CF3B00008A
:10EA74000000BB530000000000000000CF3B00007A
:10EA84000000BBF2EBEBEBEBEBEBEBEBFC3B000046
:10EA94000000BB530000000000000000002C4700F1
:10EAA4000000AD7C03000000000000000396A000FD
:10EAB40000003BCEF3F7F7F7F7F7F7F7F6D02B00A4
:10EAC4000000000000000000000000000000000042
:10EAD40000000000CB4300000000878B0000000012
:10EAE40000000000CD4200000000878B0000000001
:10EAF40027FFFFFFFFFFFFFFFFFFFFFFFFFFFF2FCA
:10EB040000000032EE0400000000878B00000000CB
:10EB140000000ECD7E0000000000878B0000000086
:10EB24000041D6A7050000000000878B000000000C
:10EB340003A55F010000000000006A6D00000000F2
:10EB440000000000000000000000000000000000C1
:10EB5400000000000000002EAE00000000000000D5
:10EB6400000003030303030AE94903030303030047
:10EB74000000EFFFFFFFFFFFFFFFFFFFFFFFFF2787
:10EB84000000EF1B0000731A000000642B0000005B
:10EB94000000EF1B0000D32F000000B74F0000005F
:10EBA4000000EF88E7E7FBECE7E7E7F9EFE7DD00D4
:10EBB4000000F11B0000D32F000000B74F0000003D
:10EBC4000000FC150000D32F000000B74F00000028
:10EBD400000AFF100000BCE3E3E3E3E347000000A6
:10EBE4000018FC020000000000000000000100000A
:10EBF4000026E836E7EBF2E7E7E7E7E7FB87000004
:10EC04000048C9000047DC1D00000065D80D000065
:10EC1400007A980000006BDE4B1092D226000000B0
:10EC240000BA64000000016EFFF3CC100000000085
:10EC34001CF714557FA8E8D07D64BEF2B07E56114F
:10EC4400237D0076815420000000001D5B8EB00BF4
:10EC540000000C6B0300003753000002761700001D
:10EC6400000004CB7A00006FA7000070D80A0000EF
:10EC740000000036BE01006FA70003BC2B0000009B
:10EC84000093FBF7F7F7F7F7F7F7F7F7F7FAB3009F
:10EC940000936F000000000000000000005FB3005C
:10ECA40000936F1DD3D3D3D3D3D3D3D33B5FB3005C
:10ECB400001E1623E7000000000000CB47132400C9
:10ECC40000000023E7000000000000CB4700000024
:10ECD4000000001ED7D7D7E5F5D7D7D73C000000F2
:10ECE4000000000000000057BF000000000000000A
:10ECF400000087F7F7F7F7FAFDF7F7F7F7AE00002C
:10ED040000008B8700000057BF0000005BB30000C9
:10ED140000008B8700000057BF0000005BB30000B9
:10ED240000008B8700000057BF00000064B20000A1
:10ED34000000858100000057BF0096EEE86F0000D8
:10ED440000000000000000449500000000000000E6
:10ED54000053FFFFFFFFFFFFFFFFFFFFFFFF630005
:10ED640000091B1B1B1B1BAA9C1B1B1B1B1B0A0038
:10ED7400000000000000009F8F0000000000000061
:10ED8400000000000000009F8F0000000000000051
:10ED9400000000000000009F8F0000000000000041
:10EDA400000000000000009F8F0000000000000031
:10EDB400000000000000009F8F0000000000000021
:10EDC400000000000000009F8F0000000000000011
:10EDD400000000000000009F8F0000000000000001
:10EDE400000000000000009F8F00000000000000F1
:10EDF400000000000000009F8F00000000000000E1
:10EE040027FFFFFFFFFFFFFFFFFFFFFFFFFFFF2FB6
:10EE140003131313131313131313131313131303DE
:10EE240000000000000000000000000000000000DE
:10EE340000000000000000000000000000000000CE
:10EE440000000000000000000000000000000000BE
:10EE540000000000000000AC3900000000000000C9
:10EE64000000000000000072AB0000000000000081
:10EE740000A1FBFBFBFBFBFCFDFBFBFBFBFBA50081
:10EE840000A367000000000000000000006FA7005E
:10EE940000A367000000000000000000006FA7004E
:10EEA40000352207F3F3F3F3F3F3F3E80024370018
:10EEB40000000007FB00000000001FF3000000003A
:10EEC40000000007FB00000000001FF3000000002A
:10EED40000000007FFEBEBEBEBEBEEF300000000B0
:10EEE40000000007FB00000000001FF3000000000A
:10EEF40000000007FB00000000001FF300000000FA
:10EF040000000007FFEBEBEBEBEBEEF3000000007F
:10EF140000000007FB00000000001FF300000000D9
:10EF240000000007FB00000000001FF300000000C9
:10EF34001BFBFBFCFFFBFBFBFBFBFCFFFBFBFB1BD3
:10EF440000000000000000000000000000000000BD
:10EF540000003E6E000000000057A7000000000003
:10EF640000005FA7000094E7E7EBFFE7E7E7530043
:10EF740000005FA70000002B8300001C900000002D
:10EF840000005FA70000000AE807007B840000007F
:10EF94002BFFFFFFFF65EBEBF3EBEBF9F1EBBC00B1
:10EFA40000005FA700000000000000000000000057
:10EFB40000005FA7000040C3C3C3C3C3C3B40000C1
:10EFC40000005FA7000053A7000000001BEB000037
:10EFD40000005FA7000053E8BBBBBBBBC3EB000052
:10EFE40000005FA7000053A7000000001BEB000017
:10EFF40000005FBC7B5B53ECC7C7C7C7CEEB000008
:10F004000341B3FDAE300000B55117EF000000001E
:10F014004DF4942400000001E32717EF00001100D1
:10F024000811000000000052D40117EF0000AD27C2
:10F034000000000000045BEC490014F80804CE2032
:10F044000000000007D0B0380000019CDCDBA10206
:10F054000000EBF4F3F4F3001BFEF3F3F4F7000009
:10F064000000EB0B000FF3001BDF000013F70000A0
:10F074000000EB0B000FF3001BDF000013F7000090
:10F084000000EB0B000FF3001BDF000013F7000080
:10F094000000E0F3F3F3EA141AF3FFFFF3EC0000CB
:10F0A4000000000000019CA5020696E4690000002F
:10F0B40026F3F3F3F3F5FFF5F3F3F3F5F8F3F3299C
:10F0C40000000005A0D40E000049F03F000000003D
:10F0D400000016BAEA210000000081F74D0000008C
:10F0E4001388F4F83B00000000000080FC91140039
:10F0F400279DF3F4F3F4EF0017FEF3F3F4FFF53276
:10F104000000EB0F0013EF0017E7000013F70D00EA
:10F114000000EB0F0013EF0017E7000013F70000E7
:10F124000000EBF0EFF1EF0017FEEFEFF1F7000056
:10F134000000970A000756000F9400000A8300009D
:10F1440000000000000000000000000000000000BB
:10F1540000000000000000000000222C000000005D
:10F164000000000000000000000075950000000091
:10F174000089FBFBFBFBFB99000076940000000078
:10F18400000000000000000000007C8E0000000071
:10F194000000000000000000DFFFFFFFFFFFFF187A
:10F1A400000000000000000006079D790708FC0E1F
:10F1B4001FFBFBFFFCFBFBE80000AF5F0005FF0546
:10F1C40000000BF8190000000000C44A000EFC0007
:10F1D40000004CCA002557000000E92B001AF1007A
:10F1E4000000957A0015E306001CF5030027E400EF
:10F1F4000004E51B0000A85A0055C5000038D500DE
:10F204000058C54B7EB0E8B500B57700004DC2008C
:10F2140000CCEEB3794112DA2CF816000070A70086
:10F22400001D020000000008C99A040004B479001B
:10F234000000000000000067D70B6AFCFBDE1A0028
:10F2440000000000000000031D00000D1301000079
:10F25400000000791D000000000000000000000014
:10F26400000000D13C00000000000000000000008D
:10F27400000000D23A00000000CFFFFFFFFF930020
:10F28400010707D43F07070600CF410B0B85930006
:10F2940023FFFFFFFFFFFFCB00CF3700007F93006A
:10F2A400000000E4260043C600CF3700007F93002F
:10F2B400000000F3160048C100CF3700007F930020
:10F2C400000004FF05004EBA00CF3700007F930012
:10F2D400000023E9000055B500CF3700007F9300FC
:10F2E40000004DBE00005EAD00CF3700007F9300EC
:10F2F40000007D94000069A300CF3700007F9300D5
:10F304000000D04E0000799600CF3700007F9300B4
:10F31400002DF0070000938200CF3700007F930098
:10F3240002C292010408CB5C00CFFFFFFFFF9300F1
:10F3340054E40E0BF8FFD81000CF410B0B8593005B
:10F34400022C0000090D0000005E190000272E00A9
:10F354000000000075320000000000000000000002
:10F3640000000024F217E8F7F7F7F7F7F7F7510072
:10F37400000000A18C00EF130000000000B7530050
:10F38400000026F21700EF130000000000B753003E
:10F394000004C6D30000EF130000000000B75300C0
:10F3A400008CEFD30000EFF8F7F7F7F7F7FD530001
:10F3B4004DFC6AD3000000000063AF0000000000B1
:10F3C4006A9333D3000000000063AF000000000024
:10F3D4000C0E33D3000000000063AF0000000000F7
:10F3E400000033D327FFFFFFFFFFFFFFFFFFFF3FB7
:10F3F400000033D3000000007EF1F1BC03000000E4
:10F40400000033D300000052D973B0A58700000078
:10F41400000033D300003CE82C63AF0CD85D00003F
:10F42400000033D3026CE5430063AF0027E47E049D
:10F43400000033D34DCB1F000063AF000022CF5E2A
:10F44400000029A8000300000054940000000500F7
:10F45400000000005B4E00005D270000000000007B
:10F4640000000005E43F0010F42600000000000046
:10F4740000000060C9000070BE0000000000000031
:10F48400000001D5520001D9FFFFFFFFFFFFFF5B22
:10F4940000005FFF05005DCB08C55507070707029D
:10F4A4000014EBFF0315EC4B00C34F0000000000F9
:10F4B40002B8C5FF03A5BE0000C34F000000000052
:10F4C4003EE626FF08B31C0000C3FFFFFFFFFB005E
:10F4D400002B0FFF0300000000C34F0000000000DA
:10F4E40000000FFF0300000000C34F0000000000F5
:10F4F40000000FFF0300000000C34F0000000000E5
:10F5040000000FFF0300000000C3FFFFFFFFFF37F1
:10F5140000000FFF0300000000C34F0000000000C4
:10F5240000000FFF0300000000C34F0000000000B4
:10F5340000000FFF0300000000C34F0000000000A4
:10F5440000000DD30300000000A5430000000000EC
:10F55400000000019B1F0000009F2100000000002C
:10F5640000000051D903000019F607000000000054
:10F57400000000CF5D6EFBFBFCFFFBFBFBFB81008F
:10F5840000004FDB03000000A86D00000000000035
:10F594000013E4A300000002ED24000000000000BA
:10F5A40000B2F1A357FFFFFFFFFFFFFFFFFFFF3B89
:10F5B4006BF280A3010303819F030303030303008E
:10F5C400707367A3000000B569000000000000002C
:10F5D400110567A3000002ED3500000000030000E0
:10F5E400000067A3000037FFFFFFFFFFFFEC1000E0
:10F5F400000067A30000000000000020E6550000A2
:10F60400000067A3000000000B0011D67600000084
:10F61400000067A300000029EB6AC092000000000C
:10F62400000067A30000000032D9EB0F00000000C7
:10F63400000067A300000000000BB1D01B00000015
:10F6440000005282000000000000028B2400000031
:10F65400002DA8A92A000000000000210D000000D0
:10F6640006DD3E3CD50200000894EEFFFCC52B00ED
:10F6740028BC0000BA210009CFE45014268FAC0046
:10F684000DDB0B0DE20D0077F21B00000000010002
:10F694000058D5D65A0002EF8C000000000000008C
:10F6A4000000000000001FFF4500000000000000F3
:10F6B40000000000000043FF2600000000000000DE
:10F6C40000000000000050FF1E00000000000000C9
:10F6D40000000000000030FF3800000000000000BF
:10F6E4000000000000000FFF5F00000000000000A9
:10F6F40000000000000000C7BE0000000000000081
:10F704000000000000000049FF520000000A7200DF
:10F71400000000000000000094FB8A4865CDD6126A
:10F7240000000000000000000060BBEFD4950F0053
:10F7340000000000000000000000000000000000C5
:10F7440000000000000000000000000000000000B5
:10F75400000000000000000001020304060708097D
:10F764000000000099300008A3390008D9340008CB
:10F774000000000004D003088200000082000000A2
:10F784000A030000E1A30108F9A001080000000039
:10F79400100000000300000000FF0100ACF70308A4
:10F7A4000000000000000000580A0408680504086E
:10F7B400C4040408C4F70308100002280000000071
:10F7C400D4F7030824040408840304083D3100002A
:10F7D4000001000000000000000100000200000021
:10F7E4000002000000000000000000000000000013
:10F7F4000000010000000000000000000000000004
:10F8040000010A0006FB00000000F4F3020B0504EB
:10F81400F7020B01090207000000000000000000CD
:10F8240000000D02FE0000000000000000000000C7
:10F83400000400F90000000000FC04040000FE00C5
:10F84400FE0200FE00FEFFFC00000000FE0000FDC2
:10F85400FD0000FE00FC000000000000000000FEAF
:10F86400FE00FD00FA00E50000FC0004070000FCB7
:10F8740002020704FC040000F30000000000000082
:10F8840000000000F800000000000000000000007C
:10F89400000000FAFDF500F7FE000000000009007A
:10F8A400F9FEFF0100FC0000FEEF00000000000074
:10F8B4000000000000EEFE0900000000000000004F
:10F8C40000000000F7000000000000000000000736
:10F8D40000020000FC000000000000000000000026
:10F8E4000000000000000902010000000000000008
:10F8F4000000000000000000000000000000000004
:10F9040000000000000000000000000000000000F3
:10F91400F8000000000000000000000000000000EB
:10F924000000000000000002040207FE000004FEC4
:10F93400F9E102060400FD00080007000700EB00DF
:10F94400FD070007FE0402000001FE0000FC120097
:10F954001200070009030407000000F8000000007B
:10F9640001FE0002FCFDFC0200FE000000F70000A6
:10F97400000000000000000000F100000000000092
:10F9840000000000000000000001F400F20000008C
:10F9940000FE0016FDFD0202FE00FD020000F40060
:10F9A40000000000000000000000EA000200000067
:10F9B400000000000000000000F2000D0000F8004C
:10F9C4000700F1EAF1FC070000F10003FB00FD0071
:10F9D40000000000000000000000000607E5000031
:10F9E400000000000000000000000B000200000006
:10F9F40000000202FDFC00FFFFFE0000FE0000000C
:10FA0400FC00FE00FBFC00FAF9F9FC00FC00FC0021
:10FA1400000000FE0000020002FE000100000002DF
:10FA2400FE000000FE0202FF000000FC00FF0000D8
:10FA3400000000010003FE00FD00FC0000FE0007C2
:10FA44000000FE0000000000FF01FEFE0000FE00BA
:10FA5400FE000000000000000000FFFF00FEFD00AB
:10FA640000000000010000FE00FEFEFE0000000099
:10FA74000000000000FF00000000FEFD00FD00F992
:10FA8400FEF9040000FC02040600FAFFFD00FFF585
:10FA940002FE02F402000001F400F4FEEDFE00F5A3
:10FAA4000004060003000000000000FCFD00F90053
:10FAB4000000FE000000FE0000000000FFFF00FF49
:10FAC400FD00000000000000FEFE00FEFDFE000040
:10FAD400FE0000000000000000000000FEFE00FD2B
:10FAE40000FE00FC020000FD010202000000000014
:10FAF40000FE0000000000020000FE00FEFEFD000B
:10FB04000000000000000200FE00000000FEFD00F6
:10FB1400FC0007FE01F9000006F5F4F7FC0200FE04
:10FB2400F1FC00FC00FC03FCF200FA000001FF02FF
:10FB3400FE000200F9F700F5FBFBFBF9FDFA00FCFF
:10FB4400FA01000100FE00000002000200000000B3
:10FB540000000000000000FE00FF00FFFE00FCFBB0
:10FB6400FBFF00F9000000000000FE00000000019F
:10FB7400FF0000000200000000000000000B000075
:10FB84000000000002000000FE0000000000000071
:10FB940000000000FC000200000000000000000063
:10FBA40000000000FE000000FC00000000F5F90069
:10FBB4000000FDF50000FE0200FA00000000000055
:10FBC40000000000FC0000FC000000000000000039
:10FBD400000000000200FC00000000030002FCFC26
:10FBE40000FEFEFD000000000000F900FE00FDFE26
:10FBF40000FBFAF9FE00FC00F9000000001200000E
:10FC0400010000FD000200F60000000000EBFC070C
:10FC140007FEF70002FD00F5FFFD02F0FE030003FE
:10FC2400F8FDF8F9F70000F3000D0000FF000000F4
:10FC3400FFFFFEFAF900EB000000000000000000E6
:10FC440001000000000000000000000000000000AF
:10FC540000FE00FFFEFD0000FC00FE0000000000AE
:10FC640000000000000000000000FF00FC00000491
:10FC7400FF0300FB02FEFFFAFE00FDFEFE00FDFC9A
:10FC84000000FEFFFEFCFD0000FE0002FE00FB0083
:10FC94000000FC00FC00FCFC02000000000000006E
:10FCA40000FC0200FD00FEFDF9FEFEFEFFFEFDFF6E
:10FCB4000000000000FEFEFE0000000003FE00FE47
:10FCC400000000FEFDFEFEFDFE000209FF00FA003A
:10FCD400FE0400FEF7FD030000F5FC02FC0200FE3A
:10FCE400FEF900FD010000FC0000000202FCFC0023
:10FCF400FCFEFDFEFE00FC01FCFC07000000000011
:10FD040000000000020000000000000000000000ED
:10FD1400000000000000000000000000FC000000E3
:10FD240000000000000000000000000000000000CF
:10FD340000000000000000000000000000000000BF
:10FD44000000000000000000FE00000000000000B1
:10FD5400000000000000000000000000000000009F
:10FD6400000000000000FEFE000000000000000093
:10FD740000000000FD0000FD0000FEFE0000000089
:10FD8400FE00000000FF0000000000FE0000000074
:10FD9400FD00FC000000F90002FB0400FEF5000079
:10FDA400FBFE00F7FAFA0000F6FEF7F7F500FA009A
:10FDB400020FFD00FBFEFFFEFCFAFCF8F7FBFE0061
:10FDC40000FE00010000F0FE0705FBF80001F90049
:10FDD400F5FEFE04EBFD010000F1FDF4FEF0000071
:10FDE400F0000D0100FE00000000FFFEF7FE00F130
:10FDF40000000000F900FE00FFFAF50000FFFDF925
:10FE0400FE00FE00000000F6FEF9F9FEFCFAFEFC1E
:10FE140000FCFEF9FD00FDFCFEFC000100FEF90003
:10FE24000400FC00000000030002FC0900FEFEFDCB
:10FE3400000000000000F900FE00FDFE00FBFAF9DE
:10FE4400FE00FC020900000000120000010000FD99
:10FE5400000200000000000000000000000000009C
:10FE6400FEFC0000000000FF000000FEFE0000FC9D
:10FE7400FE0000FC0004FF00000000000001000080
:10FE84000000030402FE00F9FC0007F9F9FCFC0978
:10FE94000402EDFE04FE00FE02FEF800FE02FDFE7A
:10FEA400F9FE0000070400FA00F4FD06FDF701FD69
:10FEB400F9F9FE090200FD00FA000207FBF8F7FA5F
:10FEC400070001F0FE02FCFEFB00FBF8FDFDFE0056
:10FED40000FBFBFE000705FEF400F4FD00F8F3FF51
:10FEE400F9FCF9FA060000FD00FCFE00FEFC00042B
:10FEF400F9020000F400FEFBFCFEF9FAF9FB00F93C
:10FF0400FEFBFCF9FE0000010BFC00F9FE00FEFC08
:10FF1400FBFAFAF7FDFC0400FD00F5FD0104F9F815
:10FF2400FCF907FE01EBFC04FBFCF800F9F7FDFE0D
:10FF3400FEFEFBF9FF00000706FEF100F3FB05F7E8
:10FF4400F1FCF8F7F5F90400000000FD000002FDE3
:10FF54000402FC040000F9FF00FF000101FE0000A0
:10FF640000000000FE0000000002070000FD000089
:10FF74000000FEFEFD00000001020000000002007F
:10FF8400FE000900040101FD00040000000200005D
:10FF94000000000000000000000700060000000050
:10FFA40000000000000000000000F300FE04000751
:10FFB40000001603FCFC0202FE01F500000BF30036
:10FFC40000000000000000000000F1091F00000014
:10FFD400000000000000000000F30000000000002A
:10FFE400000000000000000000000000000000000D
:0CFFF40000000000FC0000FCFE0000000B
:020000040804EE
:1000000000000000000000000000000000000000F0
:10001000FE00FA0000010000021DFCFE0706FA02C5
:1000200000000202FD0000000000000000000000CF
:10003000E3060000000000000000000000000000D7
:10004000000000FA000000FA00000000FBFF0000C2
:1000500000FB00FD00F500000000000000000000B3
:1000600000F10000000001000000000000FE0000A0
:10007000FC00FD00FA000000FC02FD0000FAFEFB9F
:100080000000FA00FE00F500FE0000EEFCF7FEF8AE
:100090000000F100FAFF0000000000000000FDFC7D
:1000A000FEFC00000000FB00FB03FE0400FEFBFE64
:1000B000FCFC00FDFFFE02FAFF000000ECFEFD006C
:1000C000FB00FEF5FE0000FEFE000000000200FE48
:1000D000FCFE040000000000000000000000000022
:1000E0000000000000000000000000000000000010
:1000F00000000000000000000000000000000300FD
:100100000000000000FB00FE000000FC02000000F8
:10011000FAFEFC0000FA00FE00F500000000EA0014
:10012000FCF8F50000F100FEFD00000000000000FA
:1001300000FEFDFFFD01000004FD00070BFEFEF9BF
:10014000030B0405FA03090306050600000000007E
:100150000000000000000E0BFCFE00FE120A120060
:100160000000020000080000FC0000000000000089
:100170000000FE000000000000000003000000007E
:10018000EDFDFEF7F50000F10000000000000000AA
:10019000000000000000000000FC00000000000063
:1001A000000000FE0000000000000000030000004E
:1001B00000EDFDFEF7F50000F70000000000000074
:1001C000000000000000000000000000FE00000031
:1001D000FB0200FE020402F90000FE020002000021
:1001E0000000FA00FEFEFC00FEF7000EFE00FBFE23
:1001F00000FEFC00FEFAFCFD000000FC0000000018
:100200000000000000FE00000000000000000300ED
:10021000000000EDFDFEF7F50000F1000000000019
:10022000000B00000000000000000000FC00F9FDD1
:10023000FE07FEFEF701FF01FEFA000500020102C3
:10024000FBF7FD00F7FCFAF7F700FCFCFDFDFEFEF6
:10025000FDFE00FEFF030003FE000700000000009B
:1002600000000000000000FEFEFE0000FA00FF009B
:10027000FC0000000000000000000000F30000008F
:100280000000000000000000FEFE00FD0000000075
:10029000FE0000FCFE0200FCFCFE00FAFEFBFEFD80
:1002A00000FC0000000000000000000000F100075A
:1002B0000000FC00000000FD00FE0000FF0000FE4A
:1002C00000FB000009FDF9F902020200FA02030234
:1002D000070207FEFA0000F70000F9FA0000FC0030
:1002E000FDFC00FD00FD00FE0300FEF9FE0800001D
:1002F000FE00FC000003FB0002FE020000F900FE0D
:10030000FF00FE02FE000000F7FDFB00F90000F513
:100310000008FE00FC000100FE00FEF900FE0200E5
:10032000000000FE000002FD010000FDFE00FD00D7
:1003300000000000000000000000000000000000BD
:10034000F200050000FE000000000000FEFE0000BC
:10035000000400050000000000F2F3010A0704F7A2
:100360000209000800040000000000000000000076
:10037000000C000000000000000000000000000071
:100380000000000000000102000304050206070847
:10039000090A090A0B0C0D0E0F10110C121314157B
:1003A0001500000016171819171919191719191A15
:1003B0001919191917191719031B1C1D1D1E1F20A8
:1003C0002122230024002526272727002726282945
:1003D00026262A2A272A272A2B2C2D2E2E2F2E306E
:1003E00000002309310900000000000000000000A7
:1003F00000000000000000000000000000000000FD
:1004000000000000000000000000000000000000EC
:1004100000000000000000000000000000000000DC
:1004200000000000000001020003040502060708A6
:10043000090A090A0B0C000D0E0F101112130C14EF
:10044000140000001516171819161A1B1C1D1D1E66
:100450001F201D1D1621222303241E2525262728A3
:10046000292A2B002C002D2E2F303132332D3434FD
:1004700035302D2D2E2E36373839333A3A3B3A3C2B
:10048000290000093D0900000000000000000000F4
:10049000000000000000000000000000000000005C
:1004A000000000000000000000000000000000004C
:1004B000000000000000000000000000000000003C
:1004C00000000000200000005F00010000000000AC
:1004D0000000000000000200B0000000F3F7600020
:1004E000EC040408000000003E0003000000721F3E
:1004F00051EF58EF5BEF5CEF5DEF61EF63EF65EF9E
:1005000069EF6CEF71EF76EF77EF78EF8EEF93EFA7
:1005100098EF9BEF9CEF9DEFA1EFA2EFA3EFA4EF6D
:10052000B7EFB8EFBEEFC0EFC1EFC4EFC7EFC8EF52
:10053000C9EFCBEFE3EFE5EF14F015F017F019F08A
:1005400030F037F03AF043F06CF074F0ABF03BF180
:1005500090F191F192F193F194F1D7F1E3F13DF241
:1005600054F2AAF412F7F2F70000000000000000B5
:100570000000C003000000000000C003030A0000E8
:100580000F008005050500051C00D0090A0A0000BF
:100590004E00B008090F00FE9200D00B0C0A0000BC
:1005A000CE00A0090A0B00FF0501F00203050005BB
:1005B0000D01B004040E01FD2901C004040E00FD6C
:1005C0004501A0050606000557012008080700029E
:1005D00073013003030500FE7B0160050503000382
:1005E00083013003030300008801F004070EFFFFBE
:1005F000B9015009090A0000E6013005040A0000AB
:10060000FA011008080A000022020008080A000087
:100610004A0260090A0A00007C021008080A000069
:10062000A402A008090A0000D1026008080A00001C
:10063000F9020009090A00002603A008080A0000C0
:100640004E033003030800005A033003030B00FD80
:100650006B032008080800018B032008080600022D
:10066000A303200808080001C3030008080A0000CB
:10067000EB03800E0E0D00FD4604400A0C0AFF003D
:100680008204A00A090A0100AF04200A0A0A000035
:10069000E104900B0A0A010013056009080A010031
:1006A0003B05E008080A01006305D00A0A0A0000B9
:1006B0009505600B090A0100C2055004020A0100F9
:1006C000CC053007070AFF00EF05100A0A0A0100EF
:1006D00021065008080A01004906600D0B0A0100B6
:1006E0008006600B090A0100AD06C00B0C0A000071
:1006F000E906200A090A01001607C00B0C0D00FDCF
:100700006407300A090A01009107B008090A0000CD
:10071000BE073008090A0000EB07100B090A0100A8
:100720001808F0090B0AFF004F08C00F100A00005C
:100730009F0870090A0A0000D10810090B0AFF007F
:1007400008093009090A00003509B004040E01FD4A
:100750005109F004070EFFFF8209B004040E00FDEA
:100760009E09300807060102B3090007070100FFD0
:10077000B709600805020109BC0960080808000003
:10078000DC099009080B0100080A000808080000AD
:10079000280A9009090B00005A0A9008080800006E
:1007A0007A0AF004060B00009B0AB009090B00FD51
:1007B000CD0A9009080B0100F90AE003020B0100C1
:1007C000040B0004050EFEFD270BA008080B01001A
:1007D000530BE003020B01005E0BD00E0D0801006D
:1007E000920B900908080100B20BE008090800000C
:1007F000D60B9009080B01FD020C9009090B00FDB6
:10080000340CC00505080100480C0007070800006B
:10081000640CD005060A0000820C8009080801005B
:10082000A20CD0070908FF00C60C900C0D080000B0
:10083000FA0CC007080800001A0DD007090BFFFDCD
:100840004C0D500707080000680DF004050E00FD70
:100850008B0D3004020E01FD990DF004050E00FD14
:10086000BC0D200808030003C80DE00506050006BE
:10087000D70D600404030003DD0D000E0F0FFFFE13
:100880004E0E000E0E0B00009B0E000E0E0D00FF14
:10089000F60E000E0E0B0000430FA0090A0B00001D
:1008A0007A0F000E0E0F00FEE30F000E0E0F00FE7B
:1008B0004C10C00F100D00FFB410000E0E0F00FE04
:1008C0001D11C00F100B00007511000E0E0F00FE61
:1008D000DE110007070C00FF0812800A0B0C00FF56
:1008E0004A12C00F100E00FEBA12000E0E0B0000CE
:1008F0000713A0090A0F00FE5213400C0A0E01FE56
:100900009813400C0D0F00FEFA13400C0D0D00FF64
:100910004F14400C0D0D00FFA414400C0A0E01FEF4
:10092000EA14400C0E0DFFFF4515C008090D00FF2D
:100930008015C008090D00FFBB15400C0D0D00FF10
:100940001016400C0D0400032A16C00F100B0000F7
:1009500082168011120F00FE0917C00F110FFFFE43
:100960008917000E0E0D00FFE417400C0D08000162
:100970001818400C0D0800014C188011120B0000D3
:10098000AF18000E0E0B0000FC18000E0E0F00FE3C
:100990006519000E0F0FFFFED619400C0D0D00FF5C
:1009A0002B1A400C0D0F00FE8D1A400C0D0D00FF90
:1009B000E21A400C0D0C00FF301B000E0E0B000065
:1009C0007D1BC0080A0FFFFEC81B400C0D0F00FE68
:1009D0002A1C400C0D0F00FE8C1CC00F100B0000D9
:1009E000E41C000E100FFFFE5C1D800A0B0F00FEC2
:1009F000AF1D8011120D00FF241E8011120A00008D
:100A00007E1E8011120A0000D81E8011120A0000FA
:100A1000321F8011120A00008C1F8011120A000080
:100A2000E61F8011120C00FF5220400C0C0F00FE3C
:100A3000AC20400C0D0F00FE0E21000E0F0FFFFE2C
:100A40007F218011120B0000E221800A0B0F00FEB3
:100A50003522100E0F0A00000EA0D90D90C80C8090
:100A6000B70A60110B80D91F0991F0881F0880F028
:100A700088000000000D203C00000F0069002FFFDF
:100A8000FFFFF7015C11A610006900C30000880099
:100A9000D2009FFFFFFFF012C523E22000D203C067
:100AA0000000F004B0000000700000000E00000024
:100AB00000E0000019EFEA300CD6E6A702F40E00C1
:100AC000001F80E000006FEF50000016FFE50000FF
:100AD0000E0AF00100E05F13F85E6EB005CFFE91E4
:100AE00000000E0000000070000008DD3000A700CC
:100AF0004B02D004C0007700D01D20004B03D0A7CC
:100B0000000007DC34C4CC3000001D2D22D00000D2
:100B1000A63B00B30005C03A00A3001D200D00D085
:100B200000A60004CC40004DFC300000F718C000C7
:100B300001F205D00000BB6E4000005FF30000072B
:100B4000E6DB03802F301DBAA05F0001DF401FB439
:100B500048FEC003BFFC40B200000000001F01F0CF
:100B60001F00F0000003F10B900F404F007D009B31
:100B700000AA00AA009B007D004F000F400B9003CD
:100B8000F15E000E6008C004F001F300F500E6001D
:100B9000E600F501F304F008C00E605E000093006B
:100BA00088A6C209FE404DDDB142935000520000BC
:100BB0000450000008A0000008A0001FFFFFF3037E
:100BC00039B3300008A0000008A0000103F61E6041
:100BD000E12C00000003FFF90333100003F52E4061
:100BE00000000E400004E000009A00000E400004E7
:100BF000F000009A00000E400003F000009A000090
:100C00000E500003F000009A00000E500003F000A8
:100C100000004CFE70004FB68F900DB0005F32F4B4
:100C20000000E74F20000CA4F20000CA2F40000E85
:100C300070DB0005F204FB68F90004CFE700EFFB6E
:100C400044CB00AB00AB00AB00AB00AB00AB00ABE8
:100C500000AB07DFEA108E857EC0010006F10000C0
:100C600006F000000D900000CC00001CC00001DB6D
:100C700000001DE544427FFFFFF97FFFFFF02444A1
:100C80005F900000BC000009E100003FD8100004A4
:100C90006DD0000002F4100002F4BD757DD019DFA4
:100CA000EA1000000DA0000000AC00000007E10009
:100CB00000004F40100002F600F5001DA000F500F6
:100CC0007FFFFFFFF3133333F730000000F5000020
:100CD0000000F50009FFFFF00AB444400C8000005A
:100CE0000E7000000FFFFC4003345CF2000000F7C0
:100CF000100000F78E856CF108DFFB30002AEFD57D
:100D0000003FD657400CC0000002F40000004F5BCB
:100D1000FFA104FE845DD03F80003F30E80003F275
:100D200006F845DC0005DFE9109FFFFFFD9D444408
:100D3000E99C0004F200000BB000002F400000AD61
:100D4000000001F6000008E000000E8000006F10B7
:100D500000019EFE9100BE636EC00F60006F00CC6C
:100D6000202BC002EFFFE200DC424CD05F20001FCE
:100D700055F20002F50ED535DE001AEFEA1003BF7A
:100D8000EA202FA44BE18E0000E99D0000DD4F71A9
:100D900029FF07FFFC9E000210AC000002F6076569
:100DA0008FB00AEFD7002E53F50000000000003F7F
:100DB00052E42E53F50000000000002E52F60D21E3
:100DC000D001000000003100006CF2018ED6000F4F
:100DD000C300000AFB40000017EE70000005C300CE
:100DE0000000001FFFFFF30333333000000000005A
:100DF0000000001FFFFFF303333330040000000E38
:100E0000D71000005CF92000002AF20003AFB10601
:100E1000DE82001C6000000000000007DFEA109E78
:100E2000746EC0010006F0000009C000008E2000B2
:100E300006F2000008700000000000000B800000B7
:100E40000C900000006CEFDA4000003DA41016D9B1
:100E50000001E509EE98CA900A80BD43AFC0D30FE8
:100E600013F2000CC0693C06D00007C03B4B06D013
:100E70000007C02C3C03F2000CC04A0F10BD439E7B
:100E8000E3C50A8009EE91CF9001E5000000000063
:100E9000003DA41028000000007CEFD910000000E5
:100EA0000CF1000000003FD700000000B96E000008
:100EB0000002F20E50000009A007D000001F300011
:100EC000F400007FFFFFFB0000E733334F2005F005
:100ED00000000C900C90000006F18FFFFEC408E3A8
:100EE000334BF28E00001F58E00018F18FFFFFF81F
:100EF00008E33337F68E000009C8E000009D8E330A
:100F0000347F78FFFFFD700007CFFB4000CF966A6B
:100F1000F50AE20000301F600000004F20000000D2
:100F20004F200000001F600000000AE200003001B6
:100F3000CF966AF50007DFFB408FFFFEA4008E44CA
:100F400046CF708E000007F38E000000DA8E00009E
:100F5000009D8E0000009D8E000000DA8E000007CC
:100F6000F38E4446BF708FFFFEA4008FFFFFF68E06
:100F70004444418E0000008E0000008FFFFFC08EB1
:100F80003333208E0000008E0000008E4444428FD8
:100F9000FFFFF98FFFFFF68E4444418E0000008E64
:100FA0000000008E0000008FFFFFC08E3333208EC4
:100FB0000000008E0000008E0000000007CFFC50F3
:100FC00000CF966AF60AE20000201F600000004F82
:100FD000200000004F200000B91F600000B90AE3A4
:100FE0000000B900CF966AF80007DFFC608E0000B1
:100FF00008E8E000008E8E000008E8E000008E8F18
:10100000FFFFFFE8E333339E8E000008E8E00000B6
:101010008E8E000008E8E000008E8E8E8E8E8E8E02
:101020008E8E8E8E02FFFFC00444BC000009C000FB
:10103000009C000009C000009C000009C02000BA0C
:101040000EB58F603CFE808E00004F508E0004F67F
:10105000008E003F70008E03F800008E2EC000004E
:101060008EECF600008FB07F30008E000AE1008E1B
:101070000000CC008E00001EA08E0000008E00003C
:10108000008E0000008E0000008E0000008E000028
:10109000008E0000008E0000008E4444408FFFFF51
:1010A000F28E00000008E8F7000002FE8FF1000059
:1010B000BFE8DCA0004F9E8D2F300D87E8D09C0646
:1010C000E07E8D01E7E507E8D006FC007E8D000A92
:1010D0002007E8D00000007E8E100008E8FC000029
:1010E0008E8FF90008E8E6F6008E8E09F308E8E036
:1010F0000CE18E8E001EB8E8E0003FEE8E00006F1F
:10110000E8E00000AE0007CFEB500000CF966BF98F
:10111000000AE200005F601F6000000AD04F20005C
:101120000006F04F20000006F01F6000000AD00A01
:10113000E200005F6000CF966BFA000007DFEB5023
:10114000008FFFFD7008E4458FB08E00005F38E02F
:101150000001F58E00003F48E0014DD08FFFFFB247
:1011600008E33310008E00000008E00000000007D4
:10117000CFEB500000CF966BF9000AE200005F60F1
:101180001F6000000AD04F20000006F04F20000032
:1011900005F01F6000000AD00AE200005F6001DF76
:1011A000855AFA000008DFFC5000000001EC219491
:1011B0000000001BFFC10000000012008FFFFD7047
:1011C00008E4458FB08E00005F38E00001F58E0026
:1011D000003F38E0014DD08FFFFFC208E333DA0053
:1011E0008E0002F608E00005F3019EFDA200CE6429
:1011F0006B702F40000001F800000006FD95000014
:10120000016AEE500000009F00200005F13FA54755
:10121000EB004BEFE910FFFFFFFF2444BD4440000B
:1012200009C00000009C00000009C00000009C00F4
:10123000000009C00000009C00000009C000000080
:101240009C00009C00000BA9C00000BA9C00000B91
:10125000A9C00000BA9C00000BA9C00000BA8E0013
:10126000000D94F40003F50CF868FD0009EFE91097
:101270000CB000000AC05F200001F500E900008EFC
:101280000008F0000E70001F6005F10000AD00C9FD
:10129000000003F43F3000000CBAC00000005FF50E
:1012A00000000000EE00006F10000DB00002F21F01
:1012B00060003FF10008D00BB0008BE6000D700617
:1012C000F000E69B002F2001F503F14F108D000088
:1012D000CA09B00E60D800006F0E6009B2F30000BA
:1012E0001F9F1004F9D000000CFB0000EF800000ED
:1012F00007F600009F30003F50000DA008F2009D4F
:101300000000CC04F300002F9E70000006FC0000DB
:101310000009FE1000004F4DB00001E802F7000B7D
:10132000D0007F207F20000BD00CB000009C002F4D
:1013300050002F30009E000C900000E805F10000E6
:1013400005F3E60000000CFD000000003F40000037
:101350000002F3000000002F3000000002F3000044
:101360004FFFFFFF9144444AF3000003F6000001E1
:10137000EA000000CC0000009E1000006F4000005A
:101380003F7000001ED4444436FFFFFFFC8FF68DF3
:10139000318D008D008D008D008D008D008D008DB4
:1013A000008D008D008D318FF65D000000F2000091
:1013B0000B8000006D000001F200000B8000006D4A
:1013C000000001F200000B7000006D000001F2004F
:1013D000000B7000006D000001F2BFF325F302F373
:1013E00002F302F302F302F302F302F302F302F355
:1013F00002F325F3BFF300AD00001EC4000885A072
:1014000000E20E105B00970B5002E0EEEEEEE00BF8
:10141000C00009B004CFEA100B745DB0000004F006
:1014200004CEEEF21F8214F24F1004F21F703DF250
:1014300004DFD7F2BA000000BA000000BA000000D2
:10144000BA8EFC30BFD54BF3BE1000CABA00007E86
:10145000BA00007EBE1000CABFD55BF3B98EFC3067
:10146000007DFD6009F748F42F5000205F00000068
:101470005F0000002F50002009F748F4007DFD6058
:101480000000001F40000001F40000001F4008EFB2
:10149000C4F40AF748FF42F50007F45F00002F4547
:1014A000F00001F42F50006F40AE637EF4008EFC1C
:1014B0004F40008EFC400AD538F42F20008C5FEEA0
:1014C000EEFF5F2111112F70001009F846E4007D36
:1014D000FE80009EE305F44108C000CFFFF029D351
:1014E0002008D00008D00008D00008D00008D000A4
:1014F00008D000007EFC4E60AF747FF62F50005F76
:1015000065F00000F65F00000F62F60006F609F7CE
:1015100047FF5007EFC4F50000003F20CB646EB0DA
:1015200003AEFD8000BA000000BA000000BA00005F
:1015300000BA8EFB20BFC56DD0BE0003F2BA00001A
:10154000F4BA0000F5BA0000F5BA0000F5BA0000E0
:10155000F5BAA800BABABABABABABABA000AB000AA
:101560009900000000AB000AB000AB000AB000AB6D
:10157000000AB000AB000AB000AA064E71DFA0BAA4
:10158000000000BA000000BA000000BA001CC0BA97
:1015900001CC00BA1CD100BBCF6000BFDBE100BDB5
:1015A00011DC00BA003F70BA0007F3BABABABABA8F
:1015B000BABABABABABAB99EFA15DFD40BFB45ED7E
:1015C000E64AF2BE0006F6000E7BA0004F2000C9DE
:1015D000BA0003F1000C9BA0003F1000C9BA000341
:1015E000F1000C9BA0003F1000C9B99EFB20BFB4C6
:1015F0005DD0BE0003F2BA0000F4BA0000F5BA00F4
:1016000000F5BA0000F5BA0000F5007DFD60009F0E
:10161000748F702F50007F05F00001F35F00002FE2
:1016200032F50007F009F748F70007DFD600B98E5A
:10163000FC30BFC43AF3BE1000CABA00007EBA0044
:10164000007EBE1000CABFD55BF3BA7EFC30BA0084
:101650000000BA000000BA000000008EFC3F40AF5E
:10166000748EF42F50007F45F00001F45F00002FCE
:1016700042F50007F40AF748FF4008EFC4F4000001
:10168000001F40000001F40000001F40B98E4BFD18
:1016900071BE100BB000BA000BA000BA000BA00086
:1016A00005DFEA13F735A06F000001EE9610016A1E
:1016B000EF300000D96C646F62AEFD7008D0000896
:1016C000D000CFFFF029D32008D00008D00008D0E8
:1016D0000008D00005F551009FE3C80002F3C800E0
:1016E00002F3C80002F3C80002F3C90003F3AB0021
:1016F00007F35F837EF306DFC5F30D90000AA06E4B
:101700000001F300F5007D0009C00E60003F24F0E9
:101710000000C8B9000006FF3000000FC000C8007C
:1017200006F1000D56D000CF6003F01F302F9C0053
:101730009A00B807B2F10E4005E0D60C74E0000F35
:101740006F007C990000AFA001FF400005F4000B82
:10175000E0004F3007E109D02F4000D9D900003F09
:10176000D000004FE10001E7BB000BB01E707E10FF
:1017700005F30D90000AA06F0001F300F6007D0054
:1017800009C00D60002F34F00000C9A9000005FF5A
:101790002000000EC0000000E5000094AD00001B1A
:1017A000FC2000005FFFFFA13337F40001E70000D9
:1017B000CB00008E10004F40001EA33326FFFFFC1D
:1017C000006EA00F9201F4001F4001F4003F303F73
:1017D000C0006F3001F4001F4001F4001F4000FA08
:1017E0002005EA8B8B8B8B8B8B8B8B8B8B8B8B8BDB
:1017F0008BBE5002AE0005F0005F0005F0004F10F8
:1018000000DF104F5005F0005F0005F0005F002A78
:10181000E00BE40007EC40B41E25DFC0010000002F
:1018200004CC302B01C05700932B01C005CC3006EF
:10183000A10FF60BE2000000000000000000000015
:1018400000027BFB000000049DFFFFD00003AFFF00
:10185000FFFFFD0000AFFFFFFFDFD0000AFFFFB674
:1018600010ED0000AF9400000ED0000AF10000005F
:10187000ED0000AF1000000ED0000AF1000045FDA1
:101880000000AF1001EFFFD0179DF1005FFFFC0ECD
:10189000FFFF1000AFFD31FFFFE00000010003BDBE
:1018A000A3000000000050188888888405FABFDD76
:1018B000DDDDFDAFE47F100000CA4EE04F100000F8
:1018C000C80EFEEF100000CFEFE03FEEEEEEF80E98
:1018D000F68F766666EB6FF8AF100000CC8FE03FB6
:1018E000100000C80EFCDF655555EECFC25FFFFF4C
:1018F000FFF92C57750577777775FFFF1FFFFFFFFF
:10190000FFFFFF2FFFFFFFFFEFFF0EFFFFFFFE01B7
:10191000100011111110EFFE0EFFFFFFFEFFFF2F51
:10192000FFFFFFFFFFFF1FFFFFFFFF68870788889C
:10193000888668870788888886FFFF1FFFFFFFFF6C
:10194000FFFF2FFFFFFFFFDFFD0DFFFFFFFD00008B
:10195000000000015000000000001DF80000000021
:1019600001DFFD000000001DFFE22D600001DFFE31
:1019700020DFF7001DFFE2008FFF71DFFE2000086F
:10198000FFFEFFE20000008FFFFE2000000008FFC6
:10199000E200000000007D200000000000000000C8
:1019A0007F60000BE2EFF600BFF84FFF6BFFD10442
:1019B000FFFFFD10005FFFE10000BFFFF6000BFF1F
:1019C000DFFF60BFFD14FFF5CFD1004FF617100009
:1019D000036000000011000000000000FF00000094
:1019E000006F21FF12F70006FF61FF16FF601FF96D
:1019F00001FF109FF16FE001FF100EF6AF8001FFB5
:101A00001008FACF6001FF1006FCAF8000AA0008A2
:101A1000FB7FD00000000DF71FF80000008FF107DA
:101A2000FF91002AFF70009FFFEEFFF9000005CF35
:101A3000FFFD5000000002442000000000000000F4
:101A4000000000000AFFA0000000000CFFC0000022
:101A500003D6DFFFFD6D300EFFFFFFFFFFE05FFFEE
:101A6000FFAAFFFFF51AFFF4004FFFA103FFD0000C
:101A70000DFF3004FFF0000FFF404FFFFB22BFFFC0
:101A8000F42FFFFFFFFFFFF209FEFFFFFFEF9000C3
:101A9000505EFFE5050000000CFFC00000000004E0
:101AA0007740000000000003100341000000009F89
:101AB000F50DF50000001BFDFF8DF5000002DFB104
:101AC0002DFFF500004FF83EC2BFF50007FF55FFA0
:101AD000FE39FE409FE38FFFFFF56FF6AC2AFFFF54
:101AE000FFFF73E6005FFFFFFFFFF100006FFFD70E
:101AF0007FFFF200006FFF900DFFF200006FFF907C
:101B00000DFFF200004FFF700BFFE10000000033FB
:101B100000000000000BFFB0000000000CFFC00040
:101B20000000000CFFC0000000000CFFC00000001F
:101B3000000CFFC00000008FFFFFFFF800002EFF29
:101B4000FFFFE2000002EFFFFE200000002DFFE299
:101B50000000799982DE289997FFFFFB22BFFFFFE3
:101B6000FFFFFFFFFFFFFFFFFFFFFFFAB3CFACCC8C
:101B7000CCCCCCCCCA0006BBBBBBBA3000004FFFFC
:101B8000FFFFFFE10000EF30000006FB0009F80056
:101B9000000000CF504FD0000000002FE1DF844252
:101BA0000000344BF9FFFFFD0001FFFFFBFFFFFFCB
:101BB000988BFFFFFCFFFFFFFFFFFFFFFCFFFFFF16
:101BC000FFFFFFFFFB9FFFFFFFFFFFFFF60000008F
:101BD0000000003300018DFFC600EF004EFFFFFF45
:101BE000E4DF04FFB3004CFFFF0EF90000008FFF9D
:101BF0006FC00001FFFFFF8E500001DEEEED000020
:101C0000000000000022222200000021FFFFFF1040
:101C10000008F8FFFBBC10001EF4FFFC100001DF01
:101C2000C0FEEFE8448EFE10FE1AFFFFFFC100FD6C
:101C30000028BB940000000002700002EF0002EFD9
:101C4000FDFFFFFFFFFFFFFFFFFFFFFFFFFFFFFFA6
:101C5000FFFF3447FFF00005FF000005C000000053
:101C60000000027000000002EF00000002EFF00030
:101C70000DFFFFFF0220FFFFFFF08E1FFFFFFF00A1
:101C8000E7FFFFFFF03F5FFFFFFF08903447FFF0E3
:101C900000000005FF0000000005C000000000007B
:101CA0000000000000000007700000000270000546
:101CB000FA0000002EF000814F600002EFF001DD1D
:101CC00007F0DFFFFFF0321E80F6FFFFFFF08E27E8
:101CD000E0B9FFFFFFF00E73F19BFFFFFFF03F54F1
:101CE000F09AFFFFFFF0890AC0D83447FFF0007F69
:101CF00043F300005FF002F60CB0000005C00000E6
:101D0000BF10000000000009E30000000000000216
:101D1000100037888888888873EFFFFFFFFFFFFE79
:101D2000FE32DFFFFFFFFFF9007FFFFDFFFFFD1029
:101D3000CFFFA07FFFFFFFFFFA0007FFFFF35FA0C9
:101D40000000CFFF3003000000CFFC0000000000C7
:101D5000CFFFCCCCCCCCCCFFAFFFFFFFFFFFF90017
:101D6000002000000001FA00000006FF1000000D36
:101D7000FF7000006FFFF10001EFFFFA000BFFFFA3
:101D8000FF605FFFFFFFE0CFFFFFFFF6FEBFFFFF3B
:101D9000F9FD4FFFFFF9BF49FFFFF53FE52EFFD0EB
:101DA00006FFFFFD200028BA600004300000311F4C
:101DB000E00006F91FE0007FFA1FE009FFFA1FE0CC
:101DC000AFFFFA1FEBFFFFFA1FFFFFFFFA1FFFFF36
:101DD000FFFA1FE6FFFFFA1FE05FFFFA1FE004FFB4
:101DE000FA1FE0003EFA0FD00002D700000000000A
:101DF0000200000000000CFB2000000000FFFF902C
:101E00000000000FFFFFE6000000FFFFFFFC3000B6
:101E10000FFFFFFFFF9100FFFFFFFFFFE60FFFFF38
:101E2000FFFFFFF2FFFFFFFFFFFD0FFFFFFFFFF8C8
:101E300000FFFFFFFFB2000FFFFFFD400000FFFFAC
:101E4000F70000000FFFA1000000006A4000000042
:101E500000001444200144420DFFFF10DFFFF1FF9A
:101E6000FFF30FFFFF3FFFFF40FFFFF4FFFFF40F03
:101E7000FFFF4FFFFF40FFFFF4FFFFF40FFFFF4F97
:101E8000FFFF40FFFFF4FFFFF40FFFFF4FFFFF4096
:101E9000FFFFF4FFFFF40FFFFF4FFFFF30FFFFF3E3
:101EA0009FFFC009FFFC001444444444420DFFFF5F
:101EB000FFFFFFF1FFFFFFFFFFFF3FFFFFFFFFFF00
:101EC000F4FFFFFFFFFFFF4FFFFFFFFFFFF4FFFFE8
:101ED000FFFFFFFF4FFFFFFFFFFFF4FFFFFFFFFFCD
:101EE000FF4FFFFFFFFFFFF4FFFFFFFFFFFF4FFF6D
:101EF000FFFFFFFFF39FFFFFFFFFFC00021000004A
:101F0000420FE20003FB0FFE3004FB0FFFF404FB63
:101F10000FFFFF54FB0FFFFFFAFB0FFFFFFFFB0F4D
:101F2000FFFFFFFB0FFFFFD6FB0FFFFD14FB0FFFB3
:101F3000C104FB0FFB0004FB0CA00003FA0000002F
:101F4000000000000012000000000003FF6000001D
:101F500000002EFFF500000001EFFFFF4000001D14
:101F6000FFFFFFF30000CFFFFFFFFE200AFFFFFF90
:101F7000FFFFE00EFFFFFFFFFFF203999999999988
:101F800050058888888888700FFFFFFFFFFFF30FD8
:101F9000FFFFFFFFFFF40BFFFFFFFFFFD10000007B
:101FA000000000003F9000003FFC00003FFD1000DB
:101FB0003FFD10003FFD10001FFD100000CFF4009A
:101FC0000000CFF4000000CFF4000000CFF40000C8
:101FD00000CFE0000000A4000000000000CD1000D1
:101FE000001FFD1000003FFD1000003FFD1000002D
:101FF0003FFD1000003FFD000008FF900008FF902B
:102000000008FF900008FF900002FF90000007808A
:10201000000000000004500000000002FF6000000B
:1020200000003FF70000000003FF70000000003FC9
:10203000F7000006999AFFC99980FFFFFFFFFFFF95
:102040003DFFFFFFFFFFF201113FF71110000003FA
:10205000FF70000000003FF70000000003FF700069
:102060000000000CD30000006999999999980FFF1E
:10207000FFFFFFFFF3DFFFFFFFFFFF200000000077
:10208000000000000156640000000003BFFEEFF9ED
:102090001000007FFA1003DFE40008FFA009B41E5F
:1020A000FF504FFF200BFF26FFE1EFFF09CFFF633B
:1020B000FFFABFFF09FFFF54FFF61EFF51DFFB09C8
:1020C000FFB003EFE204305FFC10002CFF956AFFC5
:1020D0009000000049DFFD920000000000000000B9
:1020E000000000CD20000000000000008FF500146B
:1020F000664000000004EFACFFEFFF910000001C01
:10210000FFA1004DFE300000009FF5AB31EFF40061
:1021100007B105FFFFE17FFE100FFE302DFFF54FE9
:10212000FF900CFFE000AFF65FFF6002FFF40006D7
:10213000FFEFFB00004FFD10003EFFC0000002DF7C
:10214000E85401BFE300000005AEFF6007FF600038
:102150000000000000004EF600000000000000013A
:10216000A10000000000000000000000003ED000C0
:1021700000000000000CFF80000000000006FFFFD0
:10218000200000000000EFFFFB00000000008FFCBB
:10219000CFF4000000002FFB00FFD00000000BFF79
:1021A000C00FFF70000004FFFD01FFFF100000DF03
:1021B000FFE02FFFFA00007FFFFF9BFFFFF3001FF0
:1021C000FFFFB00EFFFFC00AFFFFFE24FFFFFF600E
:1021D000FFFFFFFFFFFFFFFA06CCCCCCCCCCCCCB73
:1021E000300000000000360000000000007F80DDAD
:1021F000DB00008DEFF8FFFFB007FFFFFD556FF428
:102200006FF8AFE2000574FF907E2000003FFA00F7
:1022100000000002EFB2504A00012EFD1DF48FB005
:10222000FFFFD10BFFFFFBFFFE2000CFFFFB1221C2
:102230000000029FC000000000005B00000007A03B
:102240000000000008FFB000000008FFFFB0000021
:1022500008FF95FFB00008FF9005FFB007FF900052
:1022600005FFB09F90000005FD0040000000031036
:102270004C20000000B60BFE200000CFF02EFE2008
:1022800000CFF4002EFE20CFF400002EFECFF4008D
:1022900000002EFFF4000000002EF40000000000FB
:1022A0001300000000083000000000000000BFF331
:1022B00008BBBBBB90000BFFFF39FFFFFFF1008F96
:1022C000CFCFF000000AF100382F948000000AF10F
:1022D00000002F900000000AF100002F9000000382
:1022E0000AF130002F9000001FCBF8F8002FEBBB55
:1022F000BB39FFFFE2001FFFFFFFB09FFD20000082
:102300000000000008D10037888700000000EFFFC0
:10231000FFA0000000FFFFFFFDCCCCB6FFFFFFFFDA
:10232000FFFFFFFFFFFFFFFFFFFFFFFFFFFFFFFFBD
:10233000FFFFFFFFFFFFFFFFFFFFFFFFFFFFFFFFAD
:10234000FFFFFFFFFFFFFFFFFFFFFFFFFFAFFFFFED
:10235000FFFFFFF900000000000000000001DD1099
:10236000000000001DFFD100000001DFFFFD100094
:10237000001DFFFFFFD100009FFFFFFFF9000001DC
:102380001CFFC1100000000CFFC0000000000CFF8B
:10239000C0000000000CFFC0000079993BFFB3991A
:1023A00097FFFFB2442BFFFFFFFFFEDDEFFFFFFFB4
:1023B000FFFFFFFAB3CFACCCCCCCCCCCCA00000032
:1023C00000000200000000000004FFC70000000041
:1023D00000AFFFF0000000001FFFFD00000000063E
:1023E000FFFFC00000000008FFF700000000000C25
:1023F000FF300000000004FFC00000000001EFF308
:1024000000004A3002DFF80005DFFE15EFFB000098
:10241000EFFFFFFFFA00000BFFFFFFF70000007F58
:10242000FFFFA200000002BA850000000000048641
:102430000000001006FFFA0002DFD1EF3CF101DFDF
:10244000FA0EE0AF21DFFA009FEFF6DFFA00008D11
:10245000FFFFFB00000006FFFD00000048EFFFF655
:1024600000006FFFFBFFF6000EF3CF23FFF600EE38
:102470000AF204FFF609FEFC0004FFF108DA10007E
:1024800002620000000000000000006FFFF98700FA
:102490000008FFFF98F708A68FFFF95990FFA8FFE3
:1024A000FFFCCC0FFA8FFFFFFFF1FFA8FFFFFFFF3C
:1024B0001FFA8FFFFFFFF1FFA8FFFFFFFF1FFA8F3B
:1024C000FFFFFFF1FFA8FFFFFFFF1FFA7FFFFFFFE6
:1024D000F0FFE3122222210FFFFFFFF90000ACCC36
:1024E000CCCB5000004999999995000EFFFFFFFF52
:1024F000F600FD2222224FF60FC0000001FFF3FC80
:102500000000001FFF6FC0000002FFF6FFFFFFFF8B
:10251000FFFF6FFFFFDCFFFFF6FFFFB005FFFF6F60
:10252000FFF6000FFFF6FFFFC006FFFF6FFFFFED96
:10253000FFFFF69FFFFFFFFFFD10CDDDDDDDDDDDE1
:102540002FFFFFFFFFFFF3122222222222000000B2
:10255000000000000000000000000FFFFFFFFFFF71
:10256000F3DEEEEEEEEEEE200000000000000000D4
:10257000000000000DEEEEEEEEEEE2FFFFFFFFFFCB
:10258000FF3000000000000037888888888873EFDB
:10259000FFFFFFFFFFFEEFFFFFFFFFFFFE1CFFFF40
:1025A000FFFFFFC1D28FFFFFFFF82DFF64EFFFFE9B
:1025B00045FFFFFA2BFFB2AFFFFFFFD3553DFFFFF3
:1025C000FFFFFFBBFFFFFFFFFFFFFFFFFFFFAFFFAF
:1025D000FFFFFFFFF9000000000001FFFFF0000413
:1025E000FFFFD00006FFFF800008FFFF30000AFF5A
:1025F000FFAAA60CFFFFFFF80EFFFFFFE10BDDDFD8
:10260000FF6000004FFD0000007FF3000000BFA04E
:10261000000000FF10000003F800000003C00000ED
:102620000000200000000455EFB5520000FFFD1F20
:10263000FFB0000FFFFFFFFC0000FFFF533320003F
:102640000FFF97FFFB5700FFF8AFFFC6F80FFF8A99
:10265000FFFC4AA1FFF8AFFFE3220FFF8AFFFFFF55
:10266000F4FFF8AFFFFFFF4FFF8AFFFFFFF4355283
:10267000AFFFFFFF40000AFFFFFFF400007FFFFFF6
:10268000FE20000001100000000000AF000000006C
:10269000018FFA30000002EFFFFF500000BFFFFF84
:1026A000FF10001FFFFFFFF50003FFFFFFFF70009B
:1026B0005FFFFFFFF90008FFFFFFFFC000DFFFFF24
:1026C000FFFF209FFFFFFFFFFD0EFFFFFFFFFFF259
:1026D000022222222221000008FFC000000000097F
:1026E000A20000005BBBBBBBBBBBBBA3FFFFFFFFEC
:1026F000FFFFFFFBFC0C30E11D0D11FCFC0B30E07B
:102700001D0D10FCFFFEFFEFFEFEEFFCFFF15A086F
:1027100070A05FFCFFF37B2992C27FFCFFBFCBBBA5
:10272000BBBFCBFCFC0B2000000D00FCFFCFCCCCD2
:10273000CCCFCCFB9FFFFFFFFFFFFFF600000000A8
:1027400000000200000000000005DFB000000000F3
:1027500007EFFFD000000018FFFFFF70000029FF07
:10276000FFFFFF00003BFFFFFFFFF8000AFFFFFF36
:10277000FFFFF1000FFFFFFFFFFFA000049AAAAFC9
:10278000FFFF20000000000EFFFB00000000000E15
:10279000FFF400000000000EFFC000000000000E6B
:1027A000FF5000000000000DFD00000000000004CC
:1027B000B300000035555502000FFFFFF2F400FF93
:1027C000FFFF2FF40FFFFFF2FFF3FFFFFF32221F87
:1027D000FFFFFFFFF7FFFFFFFFFF8FFFFFFFFFF888
:1027E000FFFFFFFFFF8FFFFFFFFFF8FFFFFFFFFF70
:1027F0008FFFFFFFFFF8FFFFFFFFFF8FFFFFFFFFD0
:10280000F88AAAAAAAAA30000000245531000000C4
:102810000003AFFFFFFFC7000002BFFFFEDEFFFFA8
:10282000F6005FFFB51000038EFFB0DFD30000009D
:1028300000008FF5180005AEFEC81004600002DF2E
:10284000FFFFFFF80000000CFF95347DFF40000003
:1028500002A20000007700000000000296000000C5
:10286000000000000DFF500000000000000EFF609F
:1028700000000000000005DA000000005BBBBBBBED
:10288000BBBBBBBA20FFFFFFFFFFFFFFFF90FC12A7
:1028900022222222220FF7FC5FFFFFFFFFFF2CFA0C
:1028A000FC5FFFFFFFFFFF21FAFC5FFFFFFFFFFF61
:1028B00027FAFC2666666666661FFAFEBBBBBBBBD4
:1028C000BBBBBFB1AFFFFFFFFFFFFFFF500000002A
:1028D0000000000000005BBBBBBBBBBBBBBA20FF62
:1028E000FFFFFFFFFFFFFF90FC1222222221000FBB
:1028F000F7FC5FFFFFFFF8000CFAFC5FFFFFFFF83B
:102900000001FAFC5FFFFFFFF80007FAFC2666668D
:102910006663000FFAFEBBBBBBBBBBBBBFB1AFFF67
:10292000FFFFFFFFFFFF500000000000000000005D
:102930005BBBBBBBBBBBBBBA20FFFFFFFFFFFFFF07
:10294000FF90FC1222221000000FF7FC5FFFFFD067
:1029500000000CFAFC5FFFFFD0000001FAFC5FFFF3
:10296000FFD0000007FAFC2666665000000FFAFE52
:10297000BBBBBBBBBBBBBFB1AFFFFFFFFFFFFFFFDD
:10298000500000000000000000005BBBBBBBBBBBF5
:10299000BBBA20FFFFFFFFFFFFFFFF90FC122200EA
:1029A0000000000FF7FC5FFF300000000CFAFC5F36
:1029B000FF3000000001FAFC5FFF3000000007FA62
:1029C000FC2666100000000FFAFEBBBBBBBBBBBB06
:1029D000BFB1AFFFFFFFFFFFFFFF5000000000008F
:1029E000000000005BBBBBBBBBBBBBBA20FFFFFF53
:1029F000FFFFFFFFFF90FC0000000000000FF7FC4E
:102A00000000000000000CFAFC00000000000001C3
:102A1000FAFC00000000000007FAFC0000000000C3
:102A2000000FFAFEBBBBBBBBBBBBBFB1AFFFFFFF21
:102A3000FFFFFFFF5000000000000000000000004A
:102A4000000007B20000000000000ADFFA000000EA
:102A5000000000A93DF5000000044002E000100065
:102A60000000AFF80B600000006C30FFFFFFFFFFBD
:102A7000FFFFFFF4AFF9000C5000006D400550005F
:102A800004C00000100000000000C43EE800000088
:102A90000000002EEFFA000000000000004FFA00D6
:102AA0000000000000000000000000000110000015
:102AB0000007EFFFB30000AFFD8FFF2004FFFD090B
:102AC000FFB00AFEFD12AFF00EF55D2C0EF30FFF06
:102AD00033129FF50FFFF307FFF60FFFE206FFF635
:102AE0000FFE24137FF50DF57D2C0DF30AFFFD116C
:102AF000BFF003FFFE0BFFA0007FFEBFFE10000330
:102B0000ACDC810000003443000005667FFFF966FD
:102B100050FFFFFFFFFFFF356666666666501CCC00
:102B2000CCCCCCC402FFFFFFFFFF602FF3FB7F6D17
:102B3000F602FF2FB7F5DF602FF2FB7F5DF602FF95
:102B40002FB7F5DF602FF2FB7F5DF602FF2FB7F5A1
:102B5000DF602FF3FB7F6DF601FFFFFFFFFF5007E4
:102B6000BCCCCCCC90000000000000012000000094
:102B7000000004FF500000000002FFFF50000000B2
:102B80000439FFFE00000004FF39FFA0000004FF2D
:102B9000FF39B0000004FFFFFF20000004FFFFFF2B
:102BA000B0000004FFFFFFB0000004FFFFFFB00013
:102BB0000004FFFFFFB0000000BFFFFFB0000000F7
:102BC0000DFFFFB000000000FFFFB0000000000993
:102BD000A8600000000000000017888888888740EF
:102BE0000002EFFFFFFFFFFFF4003EFFFFCFFFCF2C
:102BF000FFF703EFFFF908F809FFF83EFFFFFE209B
:102C0000402EFFF8DFFFFFFFE101EFFFF89FFFFF1E
:102C1000FF80008FFFF809FFFFF902C209FFF800EB
:102C20009FFFFE4EFE4EFFF80009FFFFFFFFFFFF74
:102C3000F700008FFFFFFFFFFFC100000000000052
:102C400003EFFFFFE203FBFBCEBFA4FF1D03A1FACE
:102C5000FFF1D03A1FAFFFFFFFFFFAFFFFFFFFFFBB
:102C6000AFFFFFFFFFFAFFFFFFFFFFAFFFFFFFFF19
:102C7000FAFFFFFFFFFFAFFFFFFFFFFAFFFFFFFFBE
:102C8000FFADFFFFFFFFF829AAAAAAA800000000D5
:102C90000000000300000000000004F10008200014
:102CA0000001FF100BF70000002FF10CFF944444CB
:102CB00045FF1BFFFFFFFFFFFFF18FFFFFFFFFFF40
:102CC000FD007FF70000000000006F6000000000C2
:102CD0000000300000000000E1A30108F9A0010895
:102CE00000000000120000000300000000FF0100CF
:102CF000FC2C04080000000000000000A83F0408AD
:102D0000B83A0408143A0408142D040810000228E4
:102D100000000000242D040874390408D438040885
:102D20003D31000000010000000000000001000033
:102D3000030000000002000000000000000000008E
:102D40000000000000000100000000000000000082
:102D50000000000000010C0007FA00000000F2F182
:102D6000020C0604F6020D010B030800000000002F
:102D70000000000000000F02FE0000000000000044
:102D800000000000000500F80000000000FB040542
:102D90000000FD00FE0300FD00FDFFFB0000000041
:102DA000FD0000FDFC0000FD00FB00000000000035
:102DB000000000FDFD00FC00F900E10000FB000543
:102DC000080000FB03030805FC050000F1000000FB
:102DD0000000000000000000F700000000000000FC
:102DE00000000000000000F9FDF300F6FE00000006
:102DF00000010A00F8FEFF0100FC0000FEED0000EB
:102E0000000000000000000000ECFE0A00000000CE
:102E10000000000000000000F600000000000000BC
:102E20000000000800030000FB000000000000009C
:102E3000000000000000000000000A020100000085
:102E40000000000000000000000000000000000082
:102E50000000000000000000000000000000000072
:102E600000000000F700000000000000000000006B
:102E7000000000000000000000000002050308FD43
:102E8000000005FDF8DD02070501FD00090008004E
:102E90000800E800FD080008FD0503000001FD0032
:102EA00000FC1400140008000B030408000000F7E5
:102EB0000000000001FE0002FBFDFB0200FD00001F
:102EC00000F60000000000000000000000EF00001D
:102ED0000000000000000000000000000001F200FF
:102EE000F000000000FE0019FDFD0303FE00FD03DD
:102EF0000000F20000000000000000000000E700F9
:102F000003000000000000000000000000F0000FBF
:102F10000000F7000800EFE7EFFB080000EF0003F8
:102F2000FA00FC00000000000000000000000007A4
:102F300008E10000000000000000000000000C009C
:102F40000200000000000202FDFB00FFFFFD000088
:102F5000FE000000FB00FE00FAFB00FAF8F8FB00A0
:102F6000FB00FB00000000FE0000030002FD00016A
:102F700000000003FE000000FE0303FF000000FB52
:102F800000FF0000000000010003FE00FD00FC0047
:102F900000FE00080000FD0000000000FF01FEFE32
:102FA0000000FD00FD000000000000000000FFFF29
:102FB00000FDFD0000000000010000FE00FDFDFD21
:102FC000000000000000000000FE00000000FEFD08
:102FD00000FC00F8FEF8050000FB03050700FAFFFF
:102FE000FD00FFF403FE02F203000001F300F2FE15
:102FF000EAFE00F30005070003000000000100FBEB
:10300000FD00F8000000FD000000FD0000000000D1
:10301000FFFF00FFFD00000000000000FDFD00FEBE
:10302000FDFE0000FD0000000000000000000000A8
:10303000FEFE00FD00FE00FB030000FD0103030097
:103040000000000000FE0000000000020000FD0083
:10305000FDFEFD000000000000000200FE00000078
:1030600000FDFC00FB0008FE01F8000007F3F3F58B
:10307000FB0300FEEFFB00FB00FB04FBF000F9008C
:103080000001FF02FE000300F8F600F3FAFBFAF875
:10309000FDF9FFFBF902000100FD00000002000342
:1030A0000000000000000000000000FD00FF00FF25
:1030B000FD00FCFAFAFF00F8000000000000FE002E
:1030C00000000001FE0000000300000000000000FE
:1030D000000C00000000000002000000FD000000E5
:1030E0000000000000000000FB00030000000000E2
:1030F0000000000000000000FE000000FB000000D7
:1031000000F3F8000000FCF30000FD0300F90000EC
:103110000000000000000000FC0000FB00000000B8
:1031200000000000000000000300FB00000000039E
:103130000002FBFB00FDFDFD000000000000F800A8
:10314000FD00FCFD00FAFAF8FE00FB00F8000000AC
:1031500000140000010000FD000300F50000000065
:1031600000E8FB0808FEF50003FC00F3FFFD03EE9A
:10317000FD030004F7FCF7F8F50000F1000F000074
:10318000FF000000FFFFFDF9F8FFE800000000006D
:10319000000000000100000000000000000000002E
:1031A0000000000000FD00FFFDFC0000FB00FD0032
:1031B0000000000000000000000000000000FF0010
:1031C000FB000005FF0300FA03FEFFF9FD00FDFD13
:1031D000FE00FCFC0000FEFFFEFCFD0000FD000305
:1031E000FE00FA000000FB00FC00FCFC03000000F5
:1031F0000000000000FB0300FC00FEFDF8FEFEFEE8
:10320000FFFEFDFF0000000000FDFEFE00000000CC
:1032100003FE00FE000000FEFDFEFEFDFE00020AB1
:10322000FF00F900FE0500FDF5FD040000F4FC03BD
:10323000FC0200FEFEF800FC010000FC00000003A0
:1032400003FBFB00FCFDFCFDFD00FC01FBFC08009A
:10325000000000000000000003000000000000006B
:10326000000000000000000000000000000000005E
:10327000FC00000000000000000000000000000052
:10328000000000000000000000000000000000003E
:10329000000000000000000000000000FE00000030
:1032A000000000000000000000000000000000001E
:1032B00000000000000000000000FEFD0000000013
:1032C0000000000000000000FC0000FD0000FDFD0B
:1032D00000000000FD00000000FF0000000000FEF4
:1032E00000000000FC00FB000000F80002FA0501ED
:1032F000FEF40000FAFD00F6FAF90000F5FDF6F61E
:10330000F400F9000211FD00FAFDFFFDFCF9FBF7E6
:10331000F6FAFD0000FE00010000EEFE0806FAF7D6
:103320000001F800F3FEFD05E8FD010000EFFDF3EC
:10333000FDED0000EE000F0100FE00000000FFFEAA
:10334000F6FE00EF00000000F800FE00FFF9F400B8
:1033500000FFFCF8FD00FE00000000F4FDF8F8FEA0
:10336000FCFAFDFC00FBFEF8FC00FDFBFDFB000190
:1033700000FEF8000500FB00000000030002FB0A4D
:1033800000FDFDFD000000000000F800FD00FCFD58
:1033900000FAFAF8FE00FB020A0000000014000028
:1033A000010000FD00030000000000000000FF001D
:1033B00000000000FEFB0000000000FF000000FD18
:1033C000FD0000FBFD0000FB0004FF00000000000A
:1033D000000100000000040502FE00F8FC0008F8EF
:1033E000F8FBFB0A0503EAFE05FD00FD03FDF700FF
:1033F000FD03FDFEF8FE0000080500F900F2FD07E0
:10340000FDF601FDF8F8FD0A0300FC00F9000208D2
:10341000FAF7F6FA080001EDFE03FCFEFA00FAF7EF
:10342000FCFCFE0000FAFBFD000806FDF200F2FCC9
:1034300000F7F1FFF8FCF8F9070000FD00FBFE00C3
:10344000FDFB0004F8030000F200FDFAFCFEF8FAB0
:10345000F8FA00F8FDFAFBF8FD0000010CFC00F89A
:10346000FD00FDFBFAF9F9F6FDFB0500FC00F3FD9C
:103470000205F8F7FBF808FD01E8FB05FAFCF70088
:10348000F8F5FDFDFEFDFBF8FF00000807FEEF006C
:10349000F1FA06F6EFFBF7F5F3F80500000000FD82
:1034A000000003FD0502FB050000F8FF00FF00011E
:1034B00001FE000000000000FD0000000002080105
:1034C00000FD00000000FEFEFD0000000102000003
:1034D00000000200FE000A00050101FD00050000D9
:1034E00000020000000000000000000000080007CB
:1034F0000000000000000000000000000000F100DB
:10350000FD04000800001903FBFB0303FE01F300A8
:10351000000CF10000000000000000000000EF0AB5
:1035200024000000000000000000000000F1000086
:10353000000000000000000000000000000000008B
:103540000000000000000000FC0000FBFE00000086
:10355000000000000000000000000000000000006B
:10356000FE00F900000100000321FBFE0807F9033B
:1035700000000303FD000000000000000000000048
:10358000DF07000000000000000000000000000055
:10359000000000F9000000F900000000FAFF000040
:1035A00000FA00FD00F40000000000000000000030
:1035B00000EF0000000001000000000000FD00001E
:1035C000FB00FC00F9000000FC03FD0000F9FDFA1F
:1035D0000000F900FD00F400FD0000EBFBF6FDF734
:1035E0000000EF00F9FF0000000000000000FCFBFD
:1035F000FEFC00000000FA00FA03FD0500FEFAFEE2
:10360000FCFB00FDFFFE02F9FF000000E9FEFC00EC
:10361000FA00FEF4FE0000FEFE000000000200FEC4
:10362000FCFE04000000000000000000000000009C
:10363000000000000000000000000000000000008A
:103640000000000000000000000000000000030077
:103650000000000000FA00FE000000FB0300000074
:10366000F9FDFB0000F900FD00F400000000E70098
:10367000FBF7F30000EF00FEFC000000000000007C
:1036800000FDFCFFFC01000004FD00080DFDFDF83D
:10369000030D0406F9030B030706070000000000F2
:1036A000000000000000100CFBFD00FE140B1400D5
:1036B0000000030000090000FC0000000000000002
:1036C0000000FE00000000000000000400000000F8
:1036D000EAFDFEF6F30000EF00000000000000002D
:1036E000000000000000000000FC000000000000DE
:1036F000000000FE000000000000000004000000C8
:1037000000EAFDFEF6F30000F600000000000000F5
:10371000000000000000000000000000FE000000AB
:10372000FA0300FD020503F800FFFE03000200009B
:103730000000FA00FEFEFB00FEF60010FD00FAFE9F
:1037400000FEFC00FDF9FBFD000000FC0000000095
:103750000000000000FE0000000000000000040067
:10376000000000EAFDFEF6F30000EF00000000009C
:10377000000D00000000000000000000FC00F8FD4B
:10378000FE08FEFDF601FE01FEF90106010201023E
:10379000FAF6FD00F6FBF9F5F600FCFBFDFDFEFE7A
:1037A000FDFE00FEFF040004FE0008000000000013
:1037B00000000000000000FEFDFD0000F900FF0019
:1037C000FC0000000000000000000000F10000000C
:1037D0000000000000000000FDFD00FD00000000F2
:1037E000FE0000FCFD0300FCFBFE00F9FEFAFEFDFE
:1037F00000FC0000000000000000000000EF0008D6
:103800000000FB00000000FD00FD0000FF0000FEC6
:1038100000FA00000BFDF8F8020303FFF9020402AE
:10382000080208FEF90000F60000F8F90000FB00AD
:10383000FDFC00FC00FC00FE0400FEF8FD09000099
:10384000FE00FB000003FA0003FD020000F800FE8A
:10385000FF00FD03FE000000F6FDFA00F80000F492
:103860000009FD00FB000200FD00FDF800FD030063
:10387000000000FE000003FD010000FDFE00FD0051
:103880000000000000000000000000000000000038
:10389000F000060000FE000000000100FDFD000039
:1038A000000500060000000000F0F1010B0804F61E
:1038B000020B0009000500000000000000000000ED
:1038C000000E0000000000000000000000000000EA
:1038D00000000000000001020003040502060708C2
:1038E000090A090A0B0C0D0E0F10110C12131415F6
:1038F0001500000016171819171919191719191A90
:103900001919191917191719031B1C1D1D1E1F2022
:1039100021222300240025262727270027262829BF
:1039200026262A2A272A272A2B2C2D2E2E2F2E30E8
:103930000000230931090000000000000000000021
:103940000000000000000000000000000000000077
:103950000000000000000000000000000000000067
:103960000000000000000000000000000000000057
:103970000000000000000102000304050206070821
:10398000090A090A0B0C000D0E0F101112130C146A
:10399000140000001516171819161A1B1C1D1D1EE1
:1039A0001F201D1D1621222303241E25252627281E
:1039B000292A2B002C002D2E2F303132332D343478
:1039C00035302D2D2E2E36373839333A3A3B3A3CA6
:1039D000290000093D09000000000000000000006F
:1039E00000000000000000000000000000000000D7
:1039F00000000000000000000000000000000000C7
:103A000000000000000000000000000000000000B6
:103A100000000000200000005F0001000000000026
:103A20000000000000000200B0000000F3F760009A
:103A30003C3A0408000000003E0003000000721F32
:103A400051EF58EF5BEF5CEF5DEF61EF63EF65EF18
:103A500069EF6CEF71EF76EF77EF78EF8EEF93EF22
:103A600098EF9BEF9CEF9DEFA1EFA2EFA3EFA4EFE8
:103A7000B7EFB8EFBEEFC0EFC1EFC4EFC7EFC8EFCD
:103A8000C9EFCBEFE3EFE5EF14F015F017F019F005
:103A900030F037F03AF043F06CF074F0ABF03BF1FB
:103AA00090F191F192F193F194F1D7F1E3F13DF2BC
:103AB00054F2AAF412F7F2F7000000000000000030
:103AC000000050040000000000005004030C01003E
:103AD00012004006050501071F00400B0B0C0000FB
:103AE0006100F0090A1000FEB100800D0D0C00000D
:103AF000FF00000B0B0D00FF4701600302050107EB
:103B00004C016005040F01FD6A017005040F00FD02
:103B10008801600607070005A10150090808010295
:103B2000C101A003030500FEC9012006060300032E
:103B3000D201A00303030000D701A0050810FFFE77
:103B40001702B00A0A0C00005302F005050C000031
:103B500071023009090C0000A7022009090C0000BD
:103B6000DD02B00A0B0C00001F033009090C000035
:103B70005503E0090A0C000091039009090C0000AC
:103B8000C703500A0A0C00000304E0090A0C0000F5
:103B90003F04A003030900004D04A003030C00FD33
:103BA0005F045009080801027F0450090806010358
:103BB0009704500908080102B7043009090C0000F5
:103BC000ED049010100F00FD6505B00B0D0CFF000B
:103BD000B305200C0B0C0100F505900B0B0C00003D
:103BE0003706300D0C0C01007F06C00A090C0100DD
:103BF000B506300A090C0100EB06600C0C0C000045
:103C00003307000D0B0C01007507F004030C0100D5
:103C100087073008080CFF00B707800B0B0C01006A
:103C2000F9078009090C01002F08400F0D0C010055
:103C30007D08000D0B0C0100BF08700D0D0C00007D
:103C40000D09900B0A0C01004909700D0E0F00FDC3
:103C5000B209A00B0A0C0100EE09F0090A0C0000E1
:103C60002A0A60090A0C0000660AA00C0B0C01006D
:103C7000A80A600B0D0CFF00F60A0012120C0000DF
:103C8000620BC00A0B0C0000A40B600A0C0CFF00B6
:103C9000EC0B800A0B0C00002E0C5005050F01FDEB
:103CA000540CA0050810FFFE940C5005040F00FDF5
:103CB000B20C500908070102CE0C0008080200FEF1
:103CC000D60CA0090502010ADB0C900909090000C5
:103CD000040DF00A0A0C0100400D2009090900003A
:103CE000690DF00A0A0C0000A50DD0090A090000B0
:103CF000D20DA005070C0000FC0D100B0A0C00FDF6
:103D0000380EE00A090C01006E0E7004030C01006D
:103D1000800E9004060FFEFDAD0EE009090C0100B7
:103D2000E30E7004020C0100EF0EF0100F09010009
:103D3000330FE00A090901005C0F300A0A0900008C
:103D4000890FF00A0A0C01FDC50FF00A0A0C00FDEC
:103D500001109006060901001C1000080809000067
:103D60004010A006070B00006710D00A09090100E7
:103D70009010F0080A09FF00BD10600E0F09000046
:103D80000111D008090900002A11F0080A0CFFFDF2
:103D900066115008080900008A11A005060F00FDF1
:103DA000B711D004030F01FDCE11A005050F00FDD2
:103DB000F4115009090500040B12B00606060006AE
:103DC0001D1200050304010323120010101100FE50
:103DD000AB120010100C00000B130010100E00FFAF
:103DE0007B130010100C0000DB13000B0B0C000009
:103DF0001D140010101000FE9D140010101000FE85
:103E00001D150012120E00FF9B150010101000FE71
:103E10001B160012120C000087160010101000FE76
:103E200007170008080E00FF3F17000C0C0E00FFDC
:103E300093170012121000FE23180010100C00003F
:103E40008318000B0B1000FEDB18000E0A1002FE98
:103E50002B19000E0E1200FDA919000E0E0F00FF07
:103E6000121A000E0E0E00FF741A000E0A1002FE47
:103E7000C41A000E100EFFFF341B000A0A0E00FFCA
:103E80007A1B000A0A0E00FFC01B000E0E0E00FF78
:103E9000221C000E0E0400043E1C0012120C000036
:103EA000AA1C0014141000FE4A1D00121410FFFE7C
:103EB000EA1D0010101000FE6A1E000E0E0A00011E
:103EC000B01E000E0E0A0001F61E0014140E00FFB4
:103ED000821F0010100C0000E21F0010101000FEE6
:103EE000622000101111FFFEF320000E0F0E00FFE4
:103EF0005C21000E0E1000FECC21000E0E0E00FF05
:103F00002E22000E0E0E00FF90220010100C00005A
:103F1000F022000A0C10FFFE5023000E0E1000FECF
:103F2000C023000E0E1000FE30240012120C000000
:103F30009C2400101212FFFD3E25000C0C1000FE08
:103F40009E250014140F00FF34260014140A0001EB
:103F500098260014140A0001FC260014140A00011B
:103F600060270014140A0001C4270014140A000179
:103F700028280014150E00FFBB28000E0C1001FEAF
:103F80001B29000E0E1000FE8B2900101111FFFDE1
:103F90001C2A0014140C0000942A000C0C1000FEC3
:103FA000F42A2010110B0001BF0BF0AF0AE09E08AD
:103FB000D08C07C0000010BF1AE0F51F3F51F3E49A
:103FC0000F3E40F27208100005C003E000007A00C6
:103FD0005C0000098007A001FFFFFFFFFD033E73A7
:103FE0003C833000F200C500000F100E300002F0DC
:103FF00000F2009FFFFFFFFF4138C336E330008926
:10400000005C00000A7007A00000007900000000BA
:10401000790000005CFFE92006FCBC9E900EB079A0
:1040200000100F807900000DF579000003EFFD50BE
:10403000000006CFFE400000795EF100007905F334
:1040400007007907F12FE9BCAFA003AEFFD700004E
:1040500000790000000079000003DE800005D00038
:10406000E40C5001E3004C005A00A90006A004C073
:104070004E00004C005A0D500000E41C58A00000F7
:1040800003CE73E13CE9000000D60E40A800007C9E
:1040900003C003D0002E203C003D000B7000E2095D
:1040A0008006D00004DDA00009EFB1000009E43C67
:1040B000A00000D9007D00000CC01CA000003FAE95
:1040C000C1000001DFC0000003EB8F701800DB00AF
:1040D0007F65F03F40008FEA03F70000CF700BF9D7
:1040E00066CFBF4008DFEA30A5000000000000F501
:1040F000F5E4E47200DA05F20BC00F703F405F2078
:104100006F107F006F105F203F400F700BC005F2F3
:1041100000DA3F300CB006F101F600E900BC00AD5A
:1041200000AE00AD00BC00E901F606F10CB03F3076
:10413000004A000674A4A02BFFE5007FFB207B6BE8
:104140008D0004A0000013000000051000000F50B7
:1041500000000F5000011F5110EFFFFFF3344F74A8
:1041600040000F5000000F50000952FD0BA0C50F7A
:10417000000111101FFFF30444400312FC1E9000C5
:104180000005F100000AB000000F6000005F1000A1
:1041900000AB000000F6000005F100000AB00000CE
:1041A0000F6000004F100000AC000000F60000049B
:1041B000F100000AC000000E6000004F1000000077
:1041C00008EFC50000CFA8CF7007F5000AF20DC0B8
:1041D0000001F81F800000DC3F600000BD3F600070
:1041E00000BD1F800000DC0DC00001F807F5000ACB
:1041F000F200CFA8CF700008EFC500EFFF367AF3CA
:10420000005F3005F3005F3005F3005F3005F30019
:104210005F3005F3005F3005F304BEFD7007FD98C5
:10422000CF90280000BF00000007F2000000AF00A0
:1042300000004F8000003FC000003EC100002EC1C2
:1042400000002ED100002EF8777746FFFFFFFA6FAF
:10425000FFFFFF0277779FB000000CE1000009F339
:10426000000005F6000000DFE910000459FD000021
:104270000006F40000003F64400008F3BFC98CFB57
:10428000007CFFD700000001EB00000000BE100022
:1042900000006F500000002F900000000CD00000C4
:1042A0000008F301D50003F8002F6000ED2223F78A
:1042B000216FFFFFFFFF81555556F9520000002F77
:1042C0006000000002F60005FFFFFF007F777770B7
:1042D00008E0000000AD0000000BC2100000DFFF8E
:1042E000FB30045568FF20000004F80000000F9226
:1042F000500005F68FD98AFD105BEFE9100005CE5E
:10430000FC60009FC88B7005F80000000CD0000016
:10431000001F800000002F68EFFA103FEE648FD07E
:104320002FF10006F40EC00002F609F10006F301B9
:10433000DE869FB00019EFD8008FFFFFFFE8F77708
:1043400077FC8F00004F5590000BE0000002F80052
:1043500000009F1000000FB0000006F4000000DD18
:104360000000003F7000000AF1000001F9000000A9
:104370005CFFD70006FC76AFA00CD00009F10DC0A1
:104380000007F207F7115EC000BFFFFE1009F954E5
:104390007ED02F800004F64F500000F81FA00005CB
:1043A000F609FB76AFD0006CFFD810008EFD8000C0
:1043B0000CF868FC005F50003F708F00000EC07F5B
:1043C00030001FF01FD413CFF104EFFFA9F000025B
:1043D000310AF00000000EA00000009F3009A78DF8
:1043E000F70007DFEB40001E92FC03100000000006
:1043F0000312FC1E901E92FC03100000000000013E
:10440000E91FD0A80E30A00000004200017DF30398
:104410009FE810BFB50000EE81000017DFB4000078
:1044200004AFD200000182EFFFFFF3455555510064
:1044300000000001111110EFFFFFF334444440501D
:10444000000000EF92000006CFB50000039FE200DD
:10445000006CF3029EE920BFC60000930000000438
:10446000BEFD7007FC77BFA0270000CF0000000949
:10447000F0000001EA000001DD100000CE10000095
:104480003F60000001300000000100000006F50060
:1044900000005F4000000017CEFDB500000005FBE6
:1044A00053237DC200006E400000008E1002F40114
:1044B000AEFA3F49B00A901EE65BEF40E30F308F43
:1044C0001000AF40981F00D900003F406A3F00E84D
:1044D00000001F405C1F00D900003F406A0F308F72
:1044E0001000AF40980A901ED65ADEA6F203F301E0
:1044F000AFFA16EE50006E4000000000000006FB10
:104500005323750000000017CEFDA3000000000239
:10451000FD00000000009FF4000000000F9EB000AE
:10452000000006F27F20000000DC01F80000004FD0
:10453000600BE000000BF0004F600001FA1111ED7C
:1045400000008FFFFFFFF3000EC444444FA006F4A9
:10455000000000AF10CD00000002F85FFFFFEB404D
:1045600005F85557DF405F400001FA05F400000FE1
:10457000A05F51113AF405FFFFFFFA005F74445940
:10458000FA05F4000008F25F4000005F45F4000007
:1045900009F25F85556AFB05FFFFFFD70000028D1A
:1045A000FEB40004FFB89DF902FD20000850BF20B2
:1045B0000000000FA000000002F6000000002F60C5
:1045C00000000000FA000000000BF2000000002FC5
:1045D000D2000085005FFB89DF800029DFEB405FB0
:1045E000FFFFEA30005F97779EF8005F400000AF62
:1045F000605F4000000DE05F40000006F45F400097
:104600000003F65F40000003F65F40000006F45F21
:104610004000000DE05F400000AF605F97779EF8BC
:10462000005FFFFFEA30005FFFFFFF95F9777774C7
:104630005F40000005F40000005F51111105FFFF0D
:10464000FFE05F74444405F40000005F4000000593
:10465000F40000005F97777765FFFFFFFD5FFFFFC6
:10466000FF95F97777745F40000005F40000005F64
:1046700040000005F52222105FFFFFFE05F85555AA
:10468000405F40000005F40000005F40000005F4BA
:1046900000000000018DFEB500004FFB89DFB00275
:1046A000FD200006600BF2000000000FA0000000DB
:1046B000002F60000000002F60000009F00FA00034
:1046C0000009F00BF2000009F002FD20000AF000E2
:1046D0004FFB89DFC000028DFEC6005F4000004F27
:1046E00055F4000004F55F4000004F55F40000044D
:1046F000F55F5222225F55FFFFFFFFF55F8555559D
:104700008F55F4000004F55F4000004F55F40000A1
:1047100004F55F4000004F55F4000004F55F45F4D8
:104720005F45F45F45F45F45F45F45F45F45F40091
:10473000FFFFFA007777FA000000FA000000FA00A5
:104740000000FA000000FA000000FA000000FA0081
:104750000000F9072003F60DE98EF101AEFB305F92
:10476000400002EB05F40001EC005F4001DE1005A3
:10477000F400CE20005F40BF300005F49F900000A1
:104780005FCFEF400005FF91EE10005FA003FC003B
:1047900005F40006F8005F400009F505F400000C80
:1047A000F25F40000005F40000005F40000005F4E7
:1047B0000000005F40000005F40000005F400000C2
:1047C00005F40000005F40000005F40000005F9762
:1047D000777725FFFFFFF55F400000001E95FC0086
:1047E000000008F95FF5000002FF95FDE00000AE53
:1047F000F95F5F70003F5F95F38F100BC0F95F3179
:10480000E904F30F95F307F2DB00F95F300DEF20B9
:104810000F95F3005F9000F95F300071000F95F382
:1048200000000000F95F5000004F55FF200004F524
:104830005FFD00004F55FAF90004F55F4AF5004F9F
:1048400055F40DF204F55F402FD04F55F4006F94EE
:10485000F55F4000AFAF55F40000DFF55F400002A8
:10486000FF55F4000006F500018DFEB5000004FFC1
:10487000B89EFA0002FD200008F900BF2000000ADF
:10488000F20FA00000003F72F600000000F92F6058
:104890000000000F90FA00000003F70BF200000088
:1048A000AF202FD200008F90004FFB89EFA00000B7
:1048B00028DFEB50005FFFFFD7005F9778BFC05F36
:1048C000400007F65F400000FA5F400000FA5F40DA
:1048D0000003F85F62236EF15FFFFFFD305F8554D8
:1048E00020005F400000005F400000005F400000CB
:1048F0000000018DFEB50000004EFB89EFA0000214
:10490000FD200008F9000AF2000000AF200FA0000F
:1049100000003F702F600000000F902F600000002B
:104920000F901F900000002F700BF1000000AF20CF
:1049300003FC100007F900006FFA78DFB0000003F5
:10494000AEFFC500000000003ED415B0000000021C
:10495000BFFF80000000000131005FFFFFD7005F54
:104960009778BFC05F400007F65F400000FA5F40E5
:104970000000FA5F400003F85F52236EE15FFFFF23
:10498000FC305F8555F9005F40007F405F40000CC0
:10499000E05F400002F9005CEFD92007FC87AF9090
:1049A0000EC00001100F800000000DF50000000394
:1049B000EFEA50000005AEFE400000004EF100009E
:1049C0000005F308000008F22FFA77BFA0029DFF50
:1049D000C700FFFFFFFFF56778FB77720001F70064
:1049E000000001F700000001F700000001F70000DF
:1049F0000001F700000001F700000001F7000000CF
:104A000001F700000001F700000001F700006F301F
:104A100000008F16F3000008F16F3000008F16F3CE
:104A2000000008F16F3000008F16F3000008F16FEE
:104A30003000008F05F4000009F03F700000CD0049
:104A4000DE20005F8004FFA8BFD00003BEFD810010
:104A50000CE00000006F306F5000000CC000FB0045
:104A60000003F60009F20000AE00002F80001F9046
:104A70000000CE0007F2000005F600DB0000000E8B
:104A8000C04F500000008F3BE000000002FBF80028
:104A90000000000BFF10000000004FB000005F405E
:104AA0000000DF000002F50F900002FF400007F059
:104AB0000BE00007FE90000CB006F3000CAAE0002B
:104AC0001F6001F8001F54F3006F1000CD007F102D
:104AD000F800CC00007F20CB00AD01F700002F7163
:104AE000F6005F26F200000DC6F1000F7BD000003B
:104AF00008FDC0000BDF80000003FF700006FF30E0
:104B0000000000EF200001FE00003F900000CD00FB
:104B10008F40007F3000DE102F800003FA0CD000A1
:104B20000007FBF30000000CF800000001EFC000DC
:104B30000000BF7F7000006F60AF20002FB001ED5C
:104B4000000CF10004F807F6000009F30CE0000087
:104B500007F203F700001F9000AF10009E10001F27
:104B6000A002F6000008F30BD0000000EC4F40005C
:104B700000005FFB000000000CF20000000009F0E4
:104B80000000000009F00000000009F00000000033
:104B900009F000003FFFFFFFFD01777777BF90002E
:104BA00000001EC00000000CF200000008F500002C
:104BB0000004F900000001EC00000000CF2000001C
:104BC000008F500000004F900000001EF8777777AC
:104BD00005FFFFFFFFF05FFF05F7505F3005F300B3
:104BE0005F3005F3005F3005F3005F3005F3005FD1
:104BF0003005F3005F3005F7505FFF007E000000D6
:104C00001F4000000C90000007E0000002F40000CC
:104C100000C90000007E0000002F4000000C900042
:104C20000007E0000002F3000000D90000007E0051
:104C300000002F3000000D90000007E0BFFA35EAB9
:104C400000EA00EA00EA00EA00EA00EA00EA00EA14
:104C500000EA00EA00EA35EABFFA002F8000009D72
:104C6000E00000F3D50006D07B000C601F203F1051
:104C70000B809A0004E0FFFFFFFF1111111107F6EE
:104C80000003E7019EFD8000CE87AF90020000AFD9
:104C900000000006F202BEFFFF20EC4227F22F5078
:104CA000007F20EC427FF202BFFB6F208F000000EC
:104CB000008F000000008F000000008F2BFEB3006B
:104CC0008FEC78EF308FA0001EC08F200007F18F8F
:104CD000000005F38F200007F18FA0001ED08FEC9D
:104CE00078EF308E2BFEB300003AEFC4004FD87C33
:104CF000F40DD0000713F60000004F30000003F65B
:104D00000000000DD00006104FD77CF4003AEFC42D
:104D10000000000001F700000001F700000001F7AB
:104D2000003BFFA3F704FD87CEF70ED0000BF73F43
:104D3000600003F74F300001F73F500003F70EC04B
:104D4000000AF704FC65BEF7003BFFB2F7003BFE2C
:104D5000A20004FC67EE200EC0001EA03F5000071A
:104D6000F04FFFFFFFF13F722222200EC000020031
:104D700004FD87AF50003AEFD600005DFC002FB570
:104D80007004F3000CFFFFA048F753005F300005EC
:104D9000F300005F300005F300005F300005F30012
:104DA000005F3000003BFFB2E904FE87CFF90ED16F
:104DB000000AF93F600001F94F400000F93F600030
:104DC00001F90ED00009F904FD87CFF8003BFFB3CD
:104DD000F700000005F409E977AFB0017CFFD800C7
:104DE0008F00000008F00000008F00000008F2BFF4
:104DF000EA108FFB89FD08F80006F48F10001F7879
:104E0000F00000F88F00000F88F00000F88F00001D
:104E10000F88F00000F89E1AF20008F08F08F08F5B
:104E200008F08F08F08F08F00007E20009F3000097
:104E3000000007F10007F10007F10007F10007F19A
:104E40000007F10007F10007F10007F10008F01872
:104E50006EC03EFC208F00000008F00000008F00B4
:104E6000000008F0001DD18F001DE208F01DE200D7
:104E70008F2DF30008FEFF70008FE2BF3008F201B3
:104E8000EE108F0003FB08F00007F78F8F8F8F8FD6
:104E90008F8F8F8F8F8F8F8E3CFE913BFEA208FFEE
:104EA000969FCFC68FD08F70009FC0005F58F100D3
:104EB00005F60001F78F00004F40000F88F0000456
:104EC000F40000F88F00004F40000F88F00004F459
:104ED0000000F88F00004F40000F808E3BFEA108BD
:104EE000FFA68FD08F80006F48F10001F78F000080
:104EF0000F88F00000F88F00000F88F00000F88F96
:104F000000000F80003BEFC40004FD87CF600ED08F
:104F1000000BF13F600003F54F300001F73F6000E8
:104F200003F50ED0000BF104FD77CF60003BEFC41A
:104F3000008E3BFEB3008FFB57DF308F90000DC01B
:104F40008F100007F18F000005F38F200007F18F0D
:104F5000A0001ED08FEC78EF308F2BFEB3008F00B7
:104F60000000008F000000008F00000000003BFFE9
:104F7000A2F704FD87DEF70ED0000BF73F600003B9
:104F8000F74F300001F73F600003F70ED0000BF73A
:104F900004FD77CEF7003BFFA3F700000001F70008
:104FA000000001F700000001F78E2BF08FED908FCD
:104FB000A0008F20008F00008F00008F00008F0066
:104FC000008F000002AEFD911ED769D04F30000067
:104FD0002FB4100006EFFD6000015BF5010000F743
:104FE0005FA76BF319DFEC4005F300005F3000CFE3
:104FF000FFFA048F753005F300005F300005F30001
:10500000005F300004F400001FC680005DFC10AE9D
:1050100000002F5AE00002F5AE00002F5AE0000217
:10502000F5AE00002F59F00004F56F3000AF51EEDF
:1050300076BFF502BEFB3F500DC00000CB06F2006C
:1050400002F500F90009E0009E000F80002F606F5C
:1050500010000CC0CB000005F6F4000000EFD000FB
:1050600000008F7000BB00009F10004F16F1000E73
:10507000F60009C00F6005FCB000F600AC00AB5FA5
:10508000105F1005F10F50F70AB0000F76F009C05D
:10509000F50000ACBA004F8F000004FF4000EFA005
:1050A00000000EE00008F400004F70009F208F30D9
:1050B0005F5000CD2E900002FFD000000AF60000E5
:1050C00004FDE10001EB0DC000BE103F806F400009
:1050D0007F400DC00000CB06F30002F400EA000997
:1050E000D0008F101F70001F707F10000AE0D900E1
:1050F0000003F9F2000000CFB00000006F40000094
:1051000000AD00001C79F500001AEE7000004FFFA2
:10511000FFF915555BF400004F800001EC00000B17
:10512000E100008F400004F700001EE555535FFFCB
:10513000FFFC002CF500AF6100CC0000DB0000DBC1
:105140000000DB0002EA001FF40005FA0000DB00AB
:1051500000DB0000DB0000CC0000AF61002CF55F3D
:1051600015F15F15F15F15F15F15F15F15F15F1531
:10517000F15F15F15F10BE8003AF4001F6001F70B4
:1051800001F7001F7000F9000AFB00FB201F7001EF
:10519000F7001F7001F603AF40BE90000000000052
:1051A000003DE400B50C86F51E20F003EF900200F0
:1051B00000100002CE900D40893B000E3B000E0D0A
:1051C000408902CE900008F8EFE7F70000000000E9
:1051D00000000000000000000049DC000000001694
:1051E000BFFFFF0000038DFFFFFFFF0000CFFFFFA9
:1051F000FFFFFF0000FFFFFFFFC7FF0000FFFFEA08
:105200005100FF0000FF83000000FF0000FF0000CE
:105210000000FF0000FF00000000FF0000FF000092
:105220000000FF0000FF00002BFFFF0000FF000058
:10523000DFFFFF2BFFFF0000DFFFFDDFFFFF0000B0
:105240002BFFB2DFFFFD00000000002BFFB20000CB
:10525000000000D00FFFFFFFFFF00DFFFFC88888A0
:105260008CFFFFF00F80000008F00FF00F800000AF
:1052700008F00FFFFF80000008FFFFF00FECCCCC20
:10528000CEF00FF00FECCCCCCEF00FFFFF80000083
:1052900008FFFFF00F80000008F00FF00F80000003
:1052A00008F00FFFFFC888888CFFFFD00FFFFFFFBB
:1052B000FFF00DDFFF73FFFFFFFFFDFFFFA5FFFF07
:1052C000FFFFFFFFFFA5FFFFFFFFFFDFFF73FFFFF4
:1052D000FFFFFD0000000000000000DFFF73FFFF84
:1052E000FFFFFDFFFFA5FFFFFFFFFFFFFFA5FFFF84
:1052F000FFFFFFDFFF73FFFFFFFFFD000000000067
:10530000000000DFFF73FFFFFFFFFDFFFFA5FFFFB2
:10531000FFFFFFFFFFA5FFFFFFFFFFDFFF73FFFFA3
:10532000FFFFFD0000000000000AB10000000000C7
:1053300000BFFC00000000000BFFFB0000000000AD
:10534000BFFFC01BA000000BFFFC00CFFB0000BF95
:10535000FFC000BFFFB00BFFFC00000CFFFBBFFF56
:10536000C0000000CFFFFFFB000000000CFFFFB0FB
:105370000000000000BFFB0000000000000BB000B8
:10538000000000030000000308FC10001CF8FFFCF4
:10539000101CFFF5FFFC2CFFF505FFFFFFF50005D6
:1053A000FFFFF500001DFFFD10001CFFFFFC101C9F
:1053B000FFF9FFFC1CFFF505FFFCDFF50005FFD141
:1053C000A4000004A10000004FE000000000021053
:1053D0006FF1031000005FD06FF13FD10003FFF1C8
:1053E0006FF15FFD000DFF406FF109FF704FF70097
:1053F0006FF100CFE09FF0006FF1005FF3BFC000DE
:105400006FF1002FF5BFC0004FE0001FF6AFE000C6
:105410000000004FF46FF400000000AFF00FFE102A
:10542000000005FFA006FFD300007FFF20009FFFC4
:10543000DABEFFF4000006FFFFFFFD30000000179A
:10544000BDCA5000000000008BB800000000000042
:10545000FFFF000000003006FFFF60030004FDDFD7
:10546000FFFFFDEF400DFFFFFFFFFFFFD04FFFFFEE
:10547000F99FFFFFF408FFFF2002FFFF8000FFF904
:1054800000009FFF0000FFF900009FFF0008FFFFE2
:105490002002FFFF804FFFFFF99FFFFFF40DFFFF8A
:1054A000FFFFFFFFD004FEDFFFFFFDDF40003006FF
:1054B000FFFF600300000000FFFF0000000000008D
:1054C0008BB800000000000003DD303FF300000057
:1054D000006FFFF54FF400000009FF99FFBFF400D3
:1054E0000001BFF6226FFFF400002DFE35FF53EFE1
:1054F000F40004FFC18FFFF82DFE407FFA1AFFFF72
:10550000FFA1AFF7CF82DFFFFFFFFD28FC140EFFE6
:10551000FFFFFFFFE041000FFFFFFFFFFFF0000074
:105520000FFFF9008FFFF000000FFFF8008FFFF072
:1055300000000FFFF8008FFFF000000EFFF6006F75
:10554000FFE000000000DFFD000000000000FFFFA2
:10555000000000000000FFFF000000000000FFFF4F
:10556000000000000000FFFF000000000000FFFF3F
:10557000000000004FFFFFFFFFF400000BFFFFFFE4
:10558000FFB0000000BFFFFFFB000000000BFFFFAB
:10559000B00000000000BFFB000000DFFFFC1BB1FB
:1055A000CFFFFDFFFFFFC22CFFFFFFFFFFFFFFFF4D
:1055B000FFFFFFFFFFFFFFFFF0E0FFDFFFFFFFFF49
:1055C000FFFFFD0004EFFFFFFFFE4000001EFFFF96
:1055D000FFFFFFE10000AFB00000000BFA0005FF85
:1055E0001000000001FF501EF600000000006FE1F7
:1055F000AFB000000000000BFAFFFFFF800008FFC3
:10560000FFFFFFFFFFF1001FFFFFFFFFFFFFFFFF97
:10561000FFFFFFFFFFFFFFFFFFFFFFFFFFFFFFFF9A
:10562000FFFFFFFFFFFF8FFFFFFFFFFFFFFFF80000
:105630000006BDDA5002FF0005EFFFFFFE42FF004B
:105640007FFFA77BFFF9FF05FFC100002CFFFF0EC6
:10565000FC00000222DFFF5FF200000FFFFFFF8F60
:10566000B000000FFFFFFF0000000000000000007E
:1056700000000000000000FFFFFFF000000BF8FF3B
:10568000FFFFF000002FF4FFFD22200000CFE0FF1D
:10569000FFC200002CFF40FF9FFFB76AFFF700FF2B
:1056A00024DFFFFFFE5000FF2005ACDB60000000A0
:1056B0000000000000008D000008FF00008FFFDFE9
:1056C000FFFFFFFFFFFFFFFFFFFFFFFFFFFFFFFFEA
:1056D000FFFFFFDFFFFFFF00008FFF000008FF005C
:1056E00000008D000000000000000000000000002D
:1056F0008D0000000008FF000000008FFF0000CFB9
:10570000FFFFFF0150FFFFFFFF06F7FFFFFFFF0056
:10571000BEFFFFFFFF00AEFFFFFFFF05F8DFFFFF4B
:10572000FF026000009FFF0000000009FF00000072
:1057300000009E00000000000000000000000000CB
:10574000000610000000000000001FD20000000052
:105750008D000003EE10000008FF000AB12FB0001A
:10576000008FFF0005FC07F4DFFFFFFF02505F60C2
:10577000F9FFFFFFFF06F70DC0BDFFFFFFFF00AE03
:1057800009F09FFFFFFFFF00AE09F08FFFFFFFFF53
:1057900006F70DC0ADDFFFFFFF02505F60E90000BC
:1057A0008FFF0005FC06F4000008FF000AB12FB0CF
:1057B0000000008D000002EE100000000000001F3D
:1057C000D2000000000000000610008FFFFFFFFF66
:1057D000FFFFF8FFFCFFFFFFFFFFFFFF202FFFFF92
:1057E000FFFFFFFC000CFFFFEEFFFFFF202FFFFE7F
:1057F00022EFFFFFFCFFFFE2002EFFFFFE4EFE2028
:105800000002FFFFE202C2000000FFFF20000000D4
:105810000000FFFF000000000000FFFFFFFFFFFF90
:10582000FFFFFF8FFFFFFFFFFFFFF800004E40006C
:1058300000000BFB00000001FFF10000009FFF9043
:1058400000002FFFFF30000CFFFFFC0007FFFFFFF1
:10585000F802FFFFFFFFF29FFFFFFFFF9EFFFFFF2A
:10586000FFFEFF2FFFFFFFFEF2BFFFFFFE9FA1BF66
:10587000FFFF92FFA22FFFF204FFFFFFF400029E42
:10588000FE92000000000000FF300001CCFF40004D
:105890002DFFFF4003EFFFFF403FFFFFFF44FFFFEF
:1058A000FFFF9FFFFFFFFFFFFFFFFFFFFFFFFFFF68
:1058B000FFAFFFFFFFFF45FFFFFFFF404FFFFFFF71
:1058C0004003EFFFFF40002EFFFF300001CC00003F
:1058D000000000000000000000008F9100000000A8
:1058E00000FFFF7000000000FFFFFD40000000FF10
:1058F000FFFFFA100000FFFFFFFFF70000FFFFFFB0
:10590000FFFFD500FFFFFFFFFFFFB2FFFFFFFFFF1D
:10591000FFFDFFFFFFFFFFFFFDFFFFFFFFFFFFB2E8
:10592000FFFFFFFFFFD500FFFFFFFFF70000FFFFB6
:10593000FFFA100000FFFFFD40000000FFFF7000B5
:105940000000008EA1000000000000000000000028
:1059500000000000000000008FFFF8008FFFF8FF3C
:10596000FFFF00FFFFFFFFFFFF00FFFFFFFFFFFF45
:1059700000FFFFFFFFFFFF00FFFFFFFFFFFF00FF34
:10598000FFFFFFFFFF00FFFFFFFFFFFF00FFFFFF25
:10599000FFFFFF00FFFFFFFFFFFF00FFFFFFFFFF15
:1059A000FF00FFFFFFFFFFFF00FFFFFFFFFFFF0004
:1059B000FFFFFF7FFFF7007FFFF78FFFFFFFFFFF76
:1059C000F8FFFFFFFFFFFFFFFFFFFFFFFFFFFFFFEE
:1059D000FFFFFFFFFFFFFFFFFFFFFFFFFFFFFFFFD7
:1059E000FFFFFFFFFFFFFFFFFFFFFFFFFFFFFFFFC7
:1059F000FFFFFFFFFFFFFFFFFFFFFFFFFFFFFFFFB7
:105A0000FFFFFFFFFFFFFFFFFFFFFFFFFFFFFFFFA6
:105A1000FFFFFFFFFF8FFFFFFFFFFFF80000000009
:105A200000CC100003FFFFD20004FFFFFE3004FF94
:105A3000FFFFF404FFFFFFFF54FFFFFFFFF9FFFF2D
:105A4000FFFFFFFFFFFFFFFFFFFFFFFFF9FFFFFF6C
:105A5000FF44FFFFFFF304FFFFFE3004FFFFD2000F
:105A600004FFCC100003FF00000000000000002D28
:105A7000D2000000000001EFFE10000000001DFF3A
:105A8000FFD100000000CFFFFFFC0000000BFFFF74
:105A9000FFFFB00000AFFFFFFFFFFA0009FFFFFFAD
:105AA000FFFFFF900FFFFFFFFFFFFFF008FFFFFF6B
:105AB000FFFFFF8000000000000000000CFFFFFF60
:105AC000FFFFFFC00FFFFFFFFFFFFFF00FFFFFFF14
:105AD000FFFFFFF00CFFFFFFFFFFFFC00000001AF9
:105AE00040000001DFF000001DFFA00001DFFA0010
:105AF000001DFFA00001DFFA00000CFFA000000D58
:105B0000FF80000001DFF80000001DFF80000001A1
:105B1000DFF80000001DFF80000001DFF000000042
:105B20001B5004A10000000FFD1000000AFFD1006F
:105B30000000AFFD1000000AFFD1000000AFFD1013
:105B400000000AFFC0000008FFD000008FFD100019
:105B500008FFD100008FFD100008FFD100000FFDED
:105B600010000005B1000000000004FF400000002C
:105B70000008FF800000000008FF8000000000080F
:105B8000FF800000000008FF80000048888CFFC8EC
:105B90008884FFFFFFFFFFFFFFFFFFFFFFFFFFFF07
:105BA00048888CFFC88884000008FF80000000003F
:105BB00008FF800000000008FF800000000008FFD0
:105BC000800000000004FF400000144444444444AA
:105BD00041EFFFFFFFFFFFFEFFFFFFFFFFFFFF7B28
:105BE000BBBBBBBBBBB7000005ADFFDA500000007C
:105BF00004DFFC88CFFD4000007FFE400004EFF78B
:105C00000007FFF4009E804FFF704FFFC000AFF809
:105C10000CFFF4DFFF809AFFFE08FFFDDFFF80EF3F
:105C2000FFFE08FFFD4FFFC08FFFF80CFFF407FFDA
:105C3000F408EE804FFF70007FFE400004EFF80094
:105C40000004DFFC88CFFD4000000005ADFFDA5006
:105C500000008C200000000000000000DFE40000D5
:105C60000000000000001BFF8049DFFDA5000000D0
:105C7000007FFFFFD88CFFD400000004EFF8000085
:105C80004EFF700000001CFF69E804FFF70004E30A
:105C9000009FFEFF80CFFF400DFF7005FFFFE08FEC
:105CA000FFD00DFFF7002DFFE08FFFD004FFFC00B9
:105CB00000AFF8CFFF30007FFF400006FFFFF70086
:105CC0000008FFF400003EFFA00000004DFFC88266
:105CD00001BFF7000000005ADFFC1008FFA0000021
:105CE0000000000000004EFD000000000000000069
:105CF00002C8000000002DD20000000000000000DB
:105D0000BFFB0000000000000005FFFF5000000086
:105D10000000000DFFFFD00000000000007FFFFF2B
:105D2000F7000000000001FFD88DFF100000000008
:105D30000AFFA00AFFA0000000003FFFB00BFFF326
:105D400000000000CFFFC00CFFFC00000005FFFFBB
:105D5000D00DFFFF5000000EFFFFF99FFFFFE00096
:105D6000008FFFFFE22EFFFFF80002FFFFFF900908
:105D7000FFFFFF100AFFFFFFE33EFFFFFFA00FFF43
:105D8000FFFFFFFFFFFFFFF008FFFFFFFFFFFFFF29
:105D9000FF80000000000000000000000000000084
:105DA000D800000000000000FF80FFFF700007FF28
:105DB000FFF8FFFFF6006FFFFFFD788EFF15FFE88D
:105DC000FFE20002E54FFE20FE20000013FFF3007B
:105DD000520000003FFF310052000002EFF45E204D
:105DE000FE20788EFF51FFE8FFE2FFFFF6006FFF15
:105DF000FFFDFFFF700007FFFFF80000000000003C
:105E0000FF80000000000000D8000000000000003B
:105E1000000000000000000000000001DD10000094
:105E200000001DFFD100000001DFFFFD1000001D7C
:105E3000FF99FFD10001DFF9009FFD101DFF9000C9
:105E400009FFD1BFF90000009FFB5F90000000092F
:105E5000F500000000000000000000000000005FEE
:105E60009000000009F5BFF90000009FFB1DFF90A6
:105E70000009FFD101DFF9009FFD10001DFF99FF10
:105E8000D1000001DFFFFD100000001DFFD1000068
:105E9000000001DD10000000000000000000000014
:105EA0000000000000000000001DD1000000000004
:105EB000000001DFFD10EFFFFFFFD0001DFFFFD14D
:105EC000AFFFFFFFF000CFCFFCFC0000000FF000A1
:105ED0006B1FF1B60000000FF000000FF000000093
:105EE000000FF000000FF0000000000FF000000FA6
:105EF000F00000006B1FF1B6000FF0000000CFCFE4
:105F0000FCFC000FFFFFFFFA1DFFFFD1000DFFFF9C
:105F1000FFFE01DFFD10000000000000001DD100A9
:105F2000000000000000000000008FFFFFE2000002
:105F30000000FFFFFFFE20000000FFFFFFFFFFFF4C
:105F4000FFF8FFFFFFFFFFFFFFFFFFFFFFFFFFFF68
:105F5000FFFFFFFFFFFFFFFFFFFFFFFFFFFFFFFF51
:105F6000FFFFFFFFFFFFFFFFFFFFFFFFFFFFFFFF41
:105F7000FFFFFFFFFFFFFFFFFFFFFFFFFFFFFFFF31
:105F8000FFFF8FFFFFFFFFFFFFF80000000BB000D7
:105F90000000000000BFFB00000000000BFFFFB08E
:105FA00000000000BFFFFFFB0000000BFFFFFFFF32
:105FB000B000004FFFFFFFFFF400000000FFFF00F4
:105FC0000000000000FFFF000000000000FFFF00D5
:105FD0000000000000FFFF000000000000FFFF00C5
:105FE0000000DFFFF0DFFD0FFFFDFFFFF900009F66
:105FF000FFFFFFFFFFFFFFFFFFFFFFFFFFFFFFF0C0
:10600000E0FFDFFFFFFFFFFFFFFD000000000000DB
:1060100000000000000000000AEA6200000000002A
:1060200002FFFFF000000000009FFFFF00000000E3
:10603000000FFFFFD00000000002FFFFFB00000088
:10604000000003EFFF70000000000004FFF20000FA
:1060500000000000BFFB0000000000006FFF3000E8
:10606000000200004FFF9000028FF3006FFFD0008E
:106070000AFFFFE4BFFFD10000EFFFFFFFFFD100E9
:10608000000AFFFFFFFF900000006FFFFFFB3000E2
:10609000000002FFDB72000000000008EE8000003C
:1060A000066108FFFF80002DFFD0EF33FE002EFFBA
:1060B000F30EF33FE02EFFF3008FFFFF6EFFF300C0
:1060C000008EFFFFFFF300000002EFFFF30000006F
:1060D000002EFFFF30000008EFFFFFFF300008FF39
:1060E000FFF6EFFF3000EF33FE02EFFF300EF33F1D
:1060F000E002EFFF308FFFF80002DFFD008EE800C6
:10610000000066100000DFFFFF0D200000FFFFFF12
:106110000FE20000FFFFFF0FFDDFF0FFFFFF200099
:10612000FFF0FFFFFFFFFFFFF0FFFFFFFFFFFFF0AC
:10613000FFFFFFFFFFFFF0FFFFFFFFFFFFF0FFFF8D
:10614000FFFFFFFFF0FFFFFFFFFFFFF0FFFFFFFF7D
:10615000FFFFF0FFFFFFFFFFFFF0DFFFFFFFFDFF8F
:10616000F90000000000FFFFFFFFFF0000DFFFFF5E
:10617000FFFD00008FFFFFFFFFC200FFFFFFFFFFDB
:10618000FE20FF00000001FFE2FF00000000FFFC16
:10619000FF00000000FFFFFF00000000FFFFFFFF07
:1061A000FFFFFFFFFFFFFFFFFFFFFFFFFFFFFB11F1
:1061B000BFFFFFFFFFF1001FFFFFFFFFF1001FFF09
:1061C000FFFFFFFB11BFFFFFFFFFFFFFFFFFFF8F81
:1061D000FFFFFFFFFFF812222222222221FFFFFFF2
:1061E000FFFFFFFFFFFFFFFFFFFFFF122222222220
:1061F000222100000000000000122222222222217F
:10620000FFFFFFFFFFFFFFFFFFFFFFFFFFFF122268
:10621000222222222100000000000000122222225D
:10622000222221FFFFFFFFFFFFFFFFFFFFFFFFFF16
:10623000FF122222222222218FFFFFFFFFFFFFF801
:10624000FFFFFFFFFFFFFFFFCFFFFFFFFFFFFFFC91
:1062500009FFFFFFFFFFFF90D25FFFFFFFFFF52D5C
:10626000FF62CFFFFFFC26FFFFFA18FFFF81AFFFA1
:10627000FFFFE34DD43EFFFFFFFFFF8118FFFFFF4D
:10628000FFFFFFFFFFFFFFFFFFFFFFFFFFFFFFFF1E
:106290008FFFFFFFFFFFFFF800DFFFFD000001FFA2
:1062A000FFFC000003FFFFF7000006FFFFF2000005
:1062B00008FFFFD000000AFFFFFFFFD00CFFFFFF29
:1062C000FFA00EFFFFFFFF200DFFFFFFF800000003
:1062D0000AFFE00000000EFF500000002FFC00004D
:1062E00000005FF3000000009FA000000000DF102E
:1062F00000000000D70000000004EE40000000DFB6
:10630000FF99FFFD0000FFFF99FFFF0000FFFFFF67
:10631000FFFF0000FFFF9000000000FFFF0DFFFFE8
:106320000D20FFFF0FFFFF0FE2FFFF0FFFFF0FFD2D
:10633000FFFF0FFFFF2000FFFF0FFFFFFFFFFFFF2B
:106340000FFFFFFFFFFFFF0FFFFFFFFFDFFF0FFF4D
:10635000FFFFFF00000FFFFFFFFF00000FFFFFFF29
:10636000FF00000DFFFFFFFD000000CC000000005B
:106370000002FF3000000001BFFFFC2000001EFFF4
:10638000FFFFE100009FFFFFFFF80000EFFFFFFFAE
:10639000FD0000FFFFFFFFFF0001FFFFFFFFFF0009
:1063A00003FFFFFFFFFF3008FFFFFFFFFF801EFF1F
:1063B000FFFFFFFFE1CFFFFFFFFFFFFCCFFFFFFF6E
:1063C000FFFFFC0000000000000000000EFFE000E6
:1063D00000000004EE4000008FFFFFFFFFFFFFFF03
:1063E000F8FFFFFFFFFFFFFFFFFFFF00F00F00F0D0
:1063F0000F00FFFF00F00F00F00F00FFFFFFFFFF97
:10640000FFFFFFFFFFFFF808808808808FFFFFF87D
:1064100008808808808FFFFFFFFFFFFFFFFFFFFF5F
:10642000FF00F00000000F00FFFF00F00000000F71
:1064300000FFFFFFFFFFFFFFFFFFFF8FFFFFFFFFDB
:10644000FFFFFFF800000000000000000000000057
:1064500000000003AF70000000000004CFFFF00058
:1064600000000006DFFFFFA000000017EFFFFFFFA6
:1064700030000018FFFFFFFFFC00002AFFFFFFFFB6
:10648000FFF40008FFFFFFFFFFFFD0000FFFFFFF3B
:10649000FFFFFF600008FFFFFFFFFFFE000000009E
:1064A0000000FFFFF7000000000000FFFFF1000008
:1064B00000000000FFFF80000000000000FFFF1050
:1064C000000000000000FFFA00000000000000FFD4
:1064D000F2000000000000008F80000000000000BB
:1064E000000000000000DFFFFFF0D200FFFFFFF020
:1064F000FE20FFFFFFF0FFE2FFFFFFF0FFFDFFFFC9
:10650000FFF20000FFFFFFFFFFFFFFFFFFFFFFFFA6
:10651000FFFFFFFFFFFFFFFFFFFFFFFFFFFFFFFF8B
:10652000FFFFFFFFFFFFFFFFFFFFFFFFFFFFFFFF7B
:10653000FFFFFFFFFFFFFFFFFFFFFFFFFFFFFFFF6B
:10654000DFFFFFFFFFFD0000000000000000000073
:106550000000049CEFFEC94000000007EFFFFFFFB2
:10656000FFFE700004DFFFFCA88ACFFFFD406FFF35
:10657000D5000000005DFFF6CFF60000000000002F
:106580006FFC1A30005ADFFDA50003A100004DFF8B
:10659000FFFFFFD400000005FFFEA88AEFFF5000B8
:1065A0000001DF70000007FD100000001200000075
:1065B00000210000000000004EE400000000000088
:1065C0000000EFFE0000000000000000EFFE0000F1
:1065D0000000000000004EE4000000008FFFFFFFFD
:1065E000FFFFFFFFFF80FFFFFFFFFFFFFFFFFFF049
:1065F000FF000000000000000FFDFF0FFFFFFFFF86
:10660000FFFF0FFFFF0FFFFFFFFFFFFF00FFFF0F69
:10661000FFFFFFFFFFFF00FFFF0FFFFFFFFFFFFF79
:106620000FFFFF000000000000000FFDFFFFFFFF55
:10663000FFFFFFFFFFF08FFFFFFFFFFFFFFFFF8068
:106640008FFFFFFFFFFFFFFFFF80FFFFFFFFFFFF49
:10665000FFFFFFF0FF000000000000000FFDFF0F34
:10666000FFFFFFFFF0000FFFFF0FFFFFFFFFF00036
:1066700000FFFF0FFFFFFFFFF00000FFFF0FFFFF16
:10668000FFFFF0000FFFFF000000000000000FFD03
:10669000FFFFFFFFFFFFFFFFFFF08FFFFFFFFFFF89
:1066A000FFFFFF808FFFFFFFFFFFFFFFFF80FFFF68
:1066B000FFFFFFFFFFFFFFF0FF00000000000000F2
:1066C0000FFDFF0FFFFFFF0000000FFFFF0FFFFF99
:1066D000FF00000000FFFF0FFFFFFF00000000FFB2
:1066E000FF0FFFFFFF0000000FFFFF000000000092
:1066F00000000FFDFFFFFFFFFFFFFFFFFFF08FFF19
:10670000FFFFFFFFFFFFFF808FFFFFFFFFFFFFFF88
:10671000FF80FFFFFFFFFFFFFFFFFFF0FF00000014
:10672000000000000FFDFF0FFFF0000000000FFF52
:10673000FF0FFFF00000000000FFFF0FFFF0000060
:10674000000000FFFF0FFFF0000000000FFFFF0040
:106750000000000000000FFDFFFFFFFFFFFFFFFF35
:10676000FFF08FFFFFFFFFFFFFFFFF808FFFFFFFA7
:10677000FFFFFFFFFF80FFFFFFFFFFFFFFFFFFF0B7
:10678000FF000000000000000FFDFF0000000000FF
:1067900000000FFFFF0000000000000000FFFF00EE
:1067A00000000000000000FFFF00000000000000EB
:1067B0000FFFFF000000000000000FFDFFFFFFFFC4
:1067C000FFFFFFFFFFF08FFFFFFFFFFFFFFFFF80D7
:1067D00000000000000100000000000000000007B1
:1067E000FD1000000000000001CFFFF500000000D8
:1067F000000000B929FE100000000000003F100258
:106800000000000003DF800A90000000037000DF3A
:10681000FF77F7555555558FD30FFFFDCCDFDCCCF7
:10682000CCCDFFB08FFE1000AA0000004D40004606
:10683000100001F202331000000000000009B1CF87
:10684000F9000000000000000AFFFF9000000000B7
:1068500000000000BFF9000000000000000001225D
:106860000000000018DFFD920002EFFBEFFF300D8B
:10687000FFFA2EFFE04FFFFA03FFF59FFAFA354FBC
:10688000FACFC08A3D0BFDEFFB03128FFEFFFFB076
:1068900006FFFFFFFFD108FFFFEFFD11109FFFDF95
:1068A000D1593B0BFDAFD7FA381DFB5FFFFA01DF73
:1068B000F70DFFFA1DFFF103EFFCDFFF500018DFBB
:1068C000FEA30000007FFFF70000EFFFFFFFFFFFC8
:1068D000FEEFFFFFFFFFFFFE000000000000000FC3
:1068E000FFFFFFFFFFF00FFFFFFFFFFFF00FF99F1C
:1068F00099F99FF00FF88F88F88FF00FF88F88F8CC
:106900008FF00FF88F88F88FF00FF88F88F88FF0DE
:106910000FF88F88F88FF00FF88F88F88FF00FF945
:106920009F99F99FF00FFFFFFFFFFFF008FFFFFFA8
:10693000FFFF800000000000007FA00000000000BA
:10694000008FFFB000000000000DFFFFA00000005E
:10695000008A1DFFFF000000008FFA1DFF7000007D
:10696000008FFFFA1D800000008FFFFFFA0000007B
:10697000008FFFFFFF800000008FFFFFFF800000FF
:10698000008FFFFFFF800000008FFFFFFF800000EF
:10699000006FFFFFFF800000000BFFFFFF80000083
:1069A0000000DFFFFF80000000000EFFFF800000FE
:1069B000000000DEDB6000000000000000000000BE
:1069C0000000000000001BFFFFFFFFFFFFE40001CD
:1069D000DFFFFFFFFFFFFFFE001DFFFFFAEFFEAF2F
:1069E000FFFF01DFFFFFA02EE20AFFFF1DFFFFFFF9
:1069F000E202202EFFFFCFFFFFFFFE2002EFFFFF8E
:106A0000CFFFFFFFFE2002EFFFFF1DFFFFFFE202AF
:106A1000202EFFFF01DFFFFFA02EE20AFFFF001D77
:106A2000FFFFFAEFFEAFFFFF0001DFFFFFFFFFFFF9
:106A3000FFFE00001BFFFFFFFFFFFFE40008FFFF5A
:106A4000FFE4008FFFFFFFFE08F80F0B40FF8FF8F9
:106A50000F0B40FFFFF80F0B40FFFFFFFFFFFFFF93
:106A6000FFFFFFFFFFFFFFFFFFFFFFFFFFFFFFFF36
:106A7000FFFFFFFFFFFFFFFFFFFFFFFFFFFFFFFF26
:106A8000FFFFFFFFFFFFFFFFFFFFFFFFFFFFFFFF16
:106A9000EFFFFFFFFFFE4EFFFFFFFFE400000000DF
:106AA000000000010000000000000003E0000010F2
:106AB00000000002EF1000BF000000007FF100CFD7
:106AC000F100000007FF11CFFF77777777BFF1CF95
:106AD000FFFFFFFFFFFFFF17FFFFFFFFFFFFFFE0CD
:106AE00007FFF100000000000006FF10000000009A
:106AF000000005A000000000000000000010161BB0
:106B00002023272A2D30323537393B3D404143453C
:106B100047494B4C4E505153545657595A5B5D5E42
:106B200060616263656667686A6B6C6D6E707172D6
:106B3000737475767778797A7B7C7D7E80808182AC
:106B4000838485868788898A8B8C8D8E8F9090919F
:106B50009293949596969798999A9B9B9C9D9E9FAD
:106B6000A0A0A1A2A3A3A4A5A6A7A7A8A9AAAAABCF
:106B7000ACADADAEAFB0B0B1B2B2B3B4B5B5B6B7FF
:106B8000B7B8B9B9BABBBBBCBDBDBEBFC0C0C1C13F
:106B9000C2C3C3C4C5C5C6C7C7C8C9C9CACBCBCC85
:106BA000CCCDCECECFD0D0D1D1D2D3D3D4D4D5D6D4
:106BB000D6D7D7D8D9D9DADADBDBDCDDDDDEDEDF2C
:106BC000E0E0E1E1E2E2E3E3E4E5E5E6E6E7E7E889
:106BD000E8E9EAEAEBEBECECEDEDEEEEEFF0F0F1EC
:106BE000F1F2F2F3F3F4F4F5F5F6F6F7F7F8F8F955
:106BF000F9FAFAFBFBFCFCFDFDFEFEFF00003C0287
:106C00007804B306EE08280B610D990FD011061415
:106C10003A166C189D1ACB1CF71E212148236C25AF
:106C20008E27AC29C72BDF2DF32F033210341836F3
:106C30001D381C3A183C0E3E0040ED41D443B74588
:106C400094476B493D4B084DCE4E8E504752FA53F8
:106C5000A6554C57EB58825A135C9D5D1F5F9A6096
:106C60000E627A63DE643A668E67DA681E6A5A6B71
:106C70008D6CB86DDA6EF46F04710D720C73027462
:106C8000EF74D375AE76807748780779BC79687AE7
:106C90000B7BA37B337CB87C347DA67D0E7E6D7E22
:106CA000C17E0C7F4C7F837FB07FD37FEC7FFB7FE7
:106CB000008000003539E52F2FD32828C61C1CB7CB
:106CC000601BD85B18C25714AD4F0E88AA248EA241
:106CD0001F7B9A1B6A8C144AB1355EA82D51A027E0
:106CE00045921B31AB49399F3F309335287E231A9B
:106CF000E5881ED27619C06515A1470DE59B03D125
:106D00008802BD77029B5701C1AC00A797008F8313
:106D1000006460007B89006B79005C6900404D0075
:106D200047A0433C8E38327D2E205E1B42B37C3818
:106D30009F682F8B551E693333CAC02BB4AF249D77
:106D40009E17778235D8FD2DC0FB25A8F9177FF552
:106D500000B3FF00A0FF008FFF006FFF008CFB005F
:106D60007CF5006CEF0051E61E51F4194AE615431C
:106D7000D80C36BF414C6D37405D2E344E23273E34
:106D80007A6E54645A454F473738322675757561A7
:106D900061614242422121215053EF7373E59A9A77
:106DA000EFD2CDFFEEEBFF7A40EC9262F0B18FF4C0
:106DB000D0BBF8ECE4FCBC47ABC868BAD893CEE7CC
:106DC000BEE1F5E5F3C2577ECD7595DB9DB3E9C411
:106DD000D1F6E7EDC06B5CCB8679DAA89FE9CAC52E
:106DE000F6EAE8F5A542F6B564F9CA90FBDEBBFD0C
:106DF000F2E3F6B629F7C34FFAD481FCE5B3FEF50A
:106E0000E1DAC626E1D04DEADE80F2EBB2FAF7E035
:106E10009AA626ACB64DC4CB80DBDFB2F1F2E06AB5
:106E2000BB6684C781A7D6A5C9E6C8E9F5E865CCE5
:106E30009C81D5AEA5E1C5C8EDDCE9F8F157E1D4F8
:106E400075E7DC9CEEE6C3F4F0E7FBF958EEFF765D
:106E5000F1FF9DF5FFC4F9FFE7FDFF28CAFF4FD5FD
:106E6000FF82E0FFB3ECFFE1F8FF26A7FF4DB7FF7D
:106E700080CCFFB2E0FFE0F3FF4370FF658AFF9133
:106E8000ABFFBCCCFFE7E9FB636E8D7F88A1A4AAB2
:106E9000BCC8CCD7E9EBEF9C9078AEA490C5BEB04F
:106EA000DCD8CFF1EFECBDBDBDE0E0E0EEEEEEF5FD
:106EB000F5F5FAFAFA0000003643F4631EE9B0274C
:106EC0009CB73A67B5513FF39621F4A903D4BC00AF
:106ED00088960050AF4C4AC38B39DCCD3BEBFF07A3
:106EE000C1FF0098FF2257FF4855798B7D609E9E19
:106EF0009E000000FFFFFF000004040222220000A9
:106F0000040404040C0C000004040400000000004D
:106F10000606060600060600060606060000000035
:106F2000000000000000000002000000000000005F
:106F30000400000000000000020002020000000047
:106F40000000020202050000000200000100000033
:106F5000000000000100000000020202000505051B
:106F6000000000000000010000100101000000000E
:106F700000101000000000000005000004000000E8
:106F800000000000000000000202020002000000F9
:106F900032320000323232000404040404040400DB
:106FA000040404040404040400000000F91E0108A1
:106FB000D51E0108A91E01085D1E0108311D01082A
:106FC0008D1C0108571C010880808081818282838A
:106FD00084858687898A8C8D8F91939597999B9EBE
:106FE000A0A2A5A7AAADAFB2B50000000055AAFFA8
:106FF00000112233445566778899AABBCCDDEEFF99
:10700000484904050D0C9C989983820064F7030895
:107010007511020800000000B91702080000000006
:1070200028D0030800000000000000004106000016
:1070300064F70308C31E0208611D0208C92502087F
:107040000000000030D00308040100000D00000023
:107050008007000064F70308FD2602080000000016
:10706000000000000000000038D00308FFFFFF3FD1
:10707000FFFFFF3F0403000064F70308F530020838
:1070800009300208F53202080000000048D0030869
:107090000401000082000000C504000058D003086D
:1070A00060D0030868D0030844D0030870D00308F8
:1070B00078D003085CD0030884D0030888D0030884
:1070C0008CD0030890D0030894D0030898D003080C
:1070D0009CD0030864F70308613D0208000000002B
:1070E0000000000000000000A0D00308C300000062
:1070F000C300000004470000BCD00308C4D003084C
:10710000D0D00308D8D00308E0D00308E4D00308A7
:10711000ECD00308F4D00308FCD0030808D103081E
:1071200010D103081CD1030864F70308713E02085C
:1071300000000000000000000000000028D103084B
:10714000640000202B0000000000000064F703082A
:1071500041400208000000000000000000000000A4
:10716000E0D3030864000020FFFFFF3F00000000A1
:1071700064F70308E550020869500208B95602088E
:1071800000000000FCD3030864000020040100009C
:10719000C007000064F703085D5B0208415B02085A
:1071A000195A02080000000014D40308FFFFFF3F33
:1071B000FFFFFF3F8403000064F70308455F0208F8
:1071C000995B0208496702080000000040D40308E8
:1071D00000000000000000004003000064F7030806
:1071E00075600208595C020861680208000000002E
:1071F00054D4030882000000FFFFFF3F4505000054
:1072000064F70308DD6A0208AD6A02082D750208FA
:107210000000000060D40308FFFFFF3FFFFFFF3FB7
:10722000000600000100010001002203010001002E
:107230000100220301000100010002000100010021
:107240000100010001000000B8D3030894D4030832
:1072500098D403087CD4030844D003089CD40308C2
:10726000A0D40308A4D4030824D0030844D00308FE
:10727000A8D40308ACD40308B0D403088CD4030802
:1072800044D0030890D40308B4D40308B8D4030846
:10729000ACD00308B0D003085CD00308010401049B
:1072A00001040104010401040104010401040104B6
:1072B0000201220301040104010401040104010488
:1072C0000104010401040104010401040104010496
:1072D0000104010401040104010401040104010486
:1072E000010422030201060002012203B8D30308AD
:1072F00094D4030898D403089CD40308A0D40308AA
:10730000A4D40308A8D40308ACD40308B0D4030859
:10731000B4D403088CD4030844D003086CD4030805
:10732000BCD40308C0D40308C4D40308C8D40308D9
:10733000CCD40308BCCF0308D0D40308D4D40308AA
:10734000D8D40308DCD40308E0D4030844D00308ED
:10735000E4D40308E8D40308ECD40308F0D4030809
:10736000F4D40308F8D40308FCD4030800D50308B8
:1073700004D5030808D503080CD5030810D5030865
:1073800044D003087CD40308ACD0030814D5030808
:10739000B0D0030824D003085CD0030825030404FC
:1073A000040404040404040404040404040404049D
:1073B0000404070126030304030403040304030471
:1073C0000304030403040304070101050105010488
:1073D0000104010401040104010401040105010583
:1073E00001052203020106000201220374D40308EE
:1073F00018D503081CD503082CD8030820D503088A
:1074000024D5030828D503082CD5030830D5030854
:1074100034D5030838D503088CD4030844D00308B6
:107420006CD403083CD5030840D5030844D50308B1
:1074300048D503084CD5030850D5030854D5030894
:1074400058D503085CD5030888D4030844D0030842
:1074500060D5030864D5030868D503086CD5030814
:10746000ACCF030870D5030874D5030878D503089A
:107470007CD50308B8D4030880D5030884D5030855
:1074800044D0030878D40308ACD0030814D503080B
:10749000B0D0030824D003085CD0030825030404FB
:1074A000040404040404040404040404040404049C
:1074B0000404070126030304030403040304030470
:1074C0000304030403040304070101050105010487
:1074D0000104010401040104010401040105010582
:1074E00001052203020106000201220374D40308ED
:1074F00088D503088CD5030890D5030804D1030868
:1075000034D7030894D5030898D503089CD50308FD
:10751000A0D50308A4D503088CD4030844D00308DD
:1075200070D40308A8D50308B8D00308ACD5030865
:10753000B0D50308B4D50308D4D00308B8D50308E0
:10754000BCD50308DCD0030888D4030844D0030862
:1075500060D5030864D50308C0D5030810D4030818
:10756000C4D50308C8D50308CCD5030840D0030808
:10757000D0D50308B8D4030880D5030884D5030800
:1075800044D003087CD40308ACD0030814D5030806
:10759000B0D0030824D003085CD003087870040836
:1075A0000D7802080000000000000000000000004C
:1075B000D4D50308640000203200002041050000FB
:1075C00064F70308897E0208597C0208418C02088E
:1075D00000000000E8D50308FFFFFF3FFFFFFF3F6B
:1075E000C006000064F7030859920208000000007A
:1075F000B18E020800000000F4D503081A00000054
:107600001A0000004003000064F7030871940208A8
:1076100000000000C992020800000000FCD5030829
:10762000FFFFFF3FFFFFFF3FC0030000C0750408DE
:10763000000000000000000000000000000000004A
:1076400004D6030864000020FFFFFF3F0000000095
:10765000547004080000000000000000000000005A
:107660000000000014D6030864000020FFFFFF3F65
:107670000000000064F703080000000000000000A4
:10768000000000000000000024D60308C300000032
:10769000040100000000000064F70308000000007F
:1076A0000000000000000000000000002CD60308CD
:1076B00000000000000000000000000064F7030864
:1076C00000000000000000000000000000000000BA
:1076D00044D6030800000000000000000000000085
:1076E00064F7030800000000000000000000000034
:1076F0000000000058D60308000000000000000051
:107700000000000064F70308000000000000000013
:10771000000000000000000070D603080000000018
:10772000000000000000000064F7030800000000F3
:1077300000000000000000000000000080D60308E8
:10774000FFFFFF3FFFFFFF3F0000000064F703085B
:10775000FF9402080000000000000000000000008C
:1077600094D6030864000020FFFFFF3F00000000E4
:1077700064F70308159502080000000000000000EF
:1077800000000000A4D6030864000020FFFFFF3FB4
:107790000000000064F70308A1960208859602081D
:1077A0000000000000000000B4D6030864000020C0
:1077B000FFFFFF3F8003000064F7030839950208CC
:1077C000F39402080000000000000000C4D6030883
:1077D000C3000000040100000007000064F7030874
:1077E0000000000000000000000000000000000099
:1077F000CCD60308640000206400002000030000D1
:1078000064F7030800000000000000000000000012
:1078100000000000E0D603082B00000064000020F8
:107820000403000064F703080000000000000000EB
:107830000000000000000000F8D60308FFFFFF3F33
:10784000640000200403000064F703080000000047
:1078500000000000000000000000000010D7030836
:10786000640000202B0000000003000064F7030800
:107870000000000000000000000000000000000008
:1078800024D7030864000020FFFFFF3F000300002F
:1078900064F7030800000000000000000000000082
:1078A0000000000038D70308640000202B0000000F
:1078B0000003000064F7030800000000000000005F
:1078C00000000000000000004CD703080401000085
:1078D000FFFFFF3F00040000C07504080000000027
:1078E00000000000C99F02080000000088D70308BC
:1078F0000000000000000000C006000064F703085C
:107900006DA1020800000000B9A3020800000000F9
:1079100098D70308FFFFFF3F8200000045040000E6
:1079200064F7030829BB020881BA0208EDBD02080A
:1079300000000000A8D703080000000000000000BD
:10794000C107000030700408E1BF02080000000019
:107950007DC5020800000000B4D703080000000045
:1079600000000000850A00001C7A040805CB02080C
:107970000000000085CC020800000000C0D703080A
:107980008200000000000000C10800000C70040824
:10799000EDCE020800000000000000000000000022
:1079A000CCD703080000000000000000C006000063
:1079B00064F703089DD2020821CF0208A9D102086A
:1079C00000000000D8D70308340000001E000000AB
:1079D0008403000064F70308E9DE0208A1DE020860
:1079E0000DDC020800000000E4D70308FFFFFF3FA2
:1079F000FFFFFF3FC504000064F70308A1E0020891
:107A0000000000001DE2020800000000F0D703089B
:107A10006400002064000020C003000064F7030835
:107A200075EC02085DE60208A9F3020800000000F8
:107A300000D8030804010000820000008507000050
:107A400064F7030851F6020800000000000000007F
:107A5000000000000CD80308000000000000000037
:107A60004003000064F7030861F50208000000000D
:107A7000000000000000000014D80308000000000F
:107A8000000000004003000064F703086DF60208E0
:107A900000000000000000000000000020D80308E3
:107AA0006400002064000020000300005DC30308A0
:107AB00019C30308BDBF030869C2030839C203081C
:107AC00067C10308FBC00308A1C0030867C003081F
:107AD000CBBF030809C003085DC30308D5C2030870
:107AE000BDBF030869C2030839C2030867C10308A0
:107AF000FBC00308A1C0030867C00308CBBF03088D
:107B000009C00308232D302B2000686C4C006566EB
:107B100067454647003031323334353637383941DE
:107B200042434445460030313233343536373839F4
:087B30006162636465660000F8
:087B3800E886FB7F010000005C
:047B40000502000832
:047B4400E101000853
:107B480001000000100000000024F4009C740408E8
:107B58009C7304089C720408247204089C7404082A
:107B68009C7404089C7404089C74040800000000B9
:107B780000000000EC740408EC730408EC720408BC
:107B880048720408EC740408EC740408EC740408E3
:107B9800EC740408000000000000000060000020F1
:107BA800000000002C1E0120941E0120FC1E012054
:107BB80000000000000000000000000000000000BD
:107BC80000000000000000000000000000000000AD
:107BD800000000000000000000000000000000009D
:0C7BE80000000000000000000000000091
:040000050803C541E6
:00000001FF
