ARM GAS  C:\Users\w1785\AppData\Local\Temp\ccYSPyVl.s 			page 1


   1              		.cpu cortex-m4
   2              		.arch armv7e-m
   3              		.fpu fpv4-sp-d16
   4              		.eabi_attribute 27, 1
   5              		.eabi_attribute 28, 1
   6              		.eabi_attribute 20, 1
   7              		.eabi_attribute 21, 1
   8              		.eabi_attribute 23, 3
   9              		.eabi_attribute 24, 1
  10              		.eabi_attribute 25, 1
  11              		.eabi_attribute 26, 1
  12              		.eabi_attribute 30, 1
  13              		.eabi_attribute 34, 1
  14              		.eabi_attribute 18, 4
  15              		.file	"lv_arclabel.c"
  16              		.text
  17              	.Ltext0:
  18              		.cfi_sections	.debug_frame
  19              		.file 1 "Middlewares/LVGL/lvgl/src/widgets/arclabel/lv_arclabel.c"
  20              		.section	.text.deg_to_rad,"ax",%progbits
  21              		.align	1
  22              		.syntax unified
  23              		.thumb
  24              		.thumb_func
  26              	deg_to_rad:
  27              	.LVL0:
  28              	.LFB225:
   1:Middlewares/LVGL/lvgl/src/widgets/arclabel/lv_arclabel.c **** /**
   2:Middlewares/LVGL/lvgl/src/widgets/arclabel/lv_arclabel.c ****  * @file lv_arclabel.c
   3:Middlewares/LVGL/lvgl/src/widgets/arclabel/lv_arclabel.c ****  *
   4:Middlewares/LVGL/lvgl/src/widgets/arclabel/lv_arclabel.c ****  */
   5:Middlewares/LVGL/lvgl/src/widgets/arclabel/lv_arclabel.c **** 
   6:Middlewares/LVGL/lvgl/src/widgets/arclabel/lv_arclabel.c **** /*********************
   7:Middlewares/LVGL/lvgl/src/widgets/arclabel/lv_arclabel.c ****  *      INCLUDES
   8:Middlewares/LVGL/lvgl/src/widgets/arclabel/lv_arclabel.c ****  *********************/
   9:Middlewares/LVGL/lvgl/src/widgets/arclabel/lv_arclabel.c **** 
  10:Middlewares/LVGL/lvgl/src/widgets/arclabel/lv_arclabel.c **** #include "lv_arclabel_private.h"
  11:Middlewares/LVGL/lvgl/src/widgets/arclabel/lv_arclabel.c **** 
  12:Middlewares/LVGL/lvgl/src/widgets/arclabel/lv_arclabel.c **** #if LV_USE_ARCLABEL != 0
  13:Middlewares/LVGL/lvgl/src/widgets/arclabel/lv_arclabel.c **** 
  14:Middlewares/LVGL/lvgl/src/widgets/arclabel/lv_arclabel.c **** #include "../../core/lv_obj_class_private.h"
  15:Middlewares/LVGL/lvgl/src/widgets/arclabel/lv_arclabel.c **** #include "../../core/lv_obj_event_private.h"
  16:Middlewares/LVGL/lvgl/src/widgets/arclabel/lv_arclabel.c **** #include "../../core/lv_obj_private.h"
  17:Middlewares/LVGL/lvgl/src/widgets/arclabel/lv_arclabel.c **** #include "../../misc/lv_area_private.h"
  18:Middlewares/LVGL/lvgl/src/widgets/arclabel/lv_arclabel.c **** #include "../../misc/lv_assert.h"
  19:Middlewares/LVGL/lvgl/src/widgets/arclabel/lv_arclabel.c **** #include "../../misc/lv_text_private.h"
  20:Middlewares/LVGL/lvgl/src/widgets/arclabel/lv_arclabel.c **** 
  21:Middlewares/LVGL/lvgl/src/widgets/arclabel/lv_arclabel.c **** #if LV_USE_FLOAT
  22:Middlewares/LVGL/lvgl/src/widgets/arclabel/lv_arclabel.c ****     #include <math.h>
  23:Middlewares/LVGL/lvgl/src/widgets/arclabel/lv_arclabel.c ****     #include <float.h>
  24:Middlewares/LVGL/lvgl/src/widgets/arclabel/lv_arclabel.c ****     #ifndef  M_PI
  25:Middlewares/LVGL/lvgl/src/widgets/arclabel/lv_arclabel.c ****         #define M_PI 3.14159265358979323846264338327950288
  26:Middlewares/LVGL/lvgl/src/widgets/arclabel/lv_arclabel.c ****     #endif
  27:Middlewares/LVGL/lvgl/src/widgets/arclabel/lv_arclabel.c **** #else
  28:Middlewares/LVGL/lvgl/src/widgets/arclabel/lv_arclabel.c ****     /* Use fixed point math for integer only platforms $ M_PI << 8 $ */
  29:Middlewares/LVGL/lvgl/src/widgets/arclabel/lv_arclabel.c ****     #define M_PI 804
  30:Middlewares/LVGL/lvgl/src/widgets/arclabel/lv_arclabel.c **** #endif
ARM GAS  C:\Users\w1785\AppData\Local\Temp\ccYSPyVl.s 			page 2


  31:Middlewares/LVGL/lvgl/src/widgets/arclabel/lv_arclabel.c **** 
  32:Middlewares/LVGL/lvgl/src/widgets/arclabel/lv_arclabel.c **** /*********************
  33:Middlewares/LVGL/lvgl/src/widgets/arclabel/lv_arclabel.c ****  *      DEFINES
  34:Middlewares/LVGL/lvgl/src/widgets/arclabel/lv_arclabel.c ****  *********************/
  35:Middlewares/LVGL/lvgl/src/widgets/arclabel/lv_arclabel.c **** 
  36:Middlewares/LVGL/lvgl/src/widgets/arclabel/lv_arclabel.c **** #define MY_CLASS (&lv_arclabel_class)
  37:Middlewares/LVGL/lvgl/src/widgets/arclabel/lv_arclabel.c **** 
  38:Middlewares/LVGL/lvgl/src/widgets/arclabel/lv_arclabel.c **** #define LV_ARCLABEL_DEBUG 0
  39:Middlewares/LVGL/lvgl/src/widgets/arclabel/lv_arclabel.c **** 
  40:Middlewares/LVGL/lvgl/src/widgets/arclabel/lv_arclabel.c **** /**********************
  41:Middlewares/LVGL/lvgl/src/widgets/arclabel/lv_arclabel.c ****  *      TYPEDEFS
  42:Middlewares/LVGL/lvgl/src/widgets/arclabel/lv_arclabel.c ****  **********************/
  43:Middlewares/LVGL/lvgl/src/widgets/arclabel/lv_arclabel.c **** 
  44:Middlewares/LVGL/lvgl/src/widgets/arclabel/lv_arclabel.c **** /**********************
  45:Middlewares/LVGL/lvgl/src/widgets/arclabel/lv_arclabel.c ****  *  STATIC PROTOTYPES
  46:Middlewares/LVGL/lvgl/src/widgets/arclabel/lv_arclabel.c ****  **********************/
  47:Middlewares/LVGL/lvgl/src/widgets/arclabel/lv_arclabel.c **** 
  48:Middlewares/LVGL/lvgl/src/widgets/arclabel/lv_arclabel.c **** static void lv_arclabel_constructor(const lv_obj_class_t * class_p, lv_obj_t * obj);
  49:Middlewares/LVGL/lvgl/src/widgets/arclabel/lv_arclabel.c **** static void arclabel_draw_main(lv_event_t * e);
  50:Middlewares/LVGL/lvgl/src/widgets/arclabel/lv_arclabel.c **** static void lv_arclabel_event(const lv_obj_class_t * class_p, lv_event_t * e);
  51:Middlewares/LVGL/lvgl/src/widgets/arclabel/lv_arclabel.c **** static lv_value_precise_t calc_arc_text_total_angle(const char * text, const lv_font_t * font, uint
  52:Middlewares/LVGL/lvgl/src/widgets/arclabel/lv_arclabel.c ****                                                     const lv_value_precise_t angle_size, int32_t le
  53:Middlewares/LVGL/lvgl/src/widgets/arclabel/lv_arclabel.c ****                                                     const lv_arclabel_overflow_t overflow, bool end
  54:Middlewares/LVGL/lvgl/src/widgets/arclabel/lv_arclabel.c **** static lv_value_precise_t arclabel_calc_arc_text_total_angle(lv_obj_t * obj, int32_t * arc_radius, 
  55:Middlewares/LVGL/lvgl/src/widgets/arclabel/lv_arclabel.c ****                                                              uint32_t * letter_count);
  56:Middlewares/LVGL/lvgl/src/widgets/arclabel/lv_arclabel.c **** static const char * recolor_cmd_get_next(const char * text_in, uint32_t len_in,
  57:Middlewares/LVGL/lvgl/src/widgets/arclabel/lv_arclabel.c ****                                          const char ** text_out, uint32_t * len_out,
  58:Middlewares/LVGL/lvgl/src/widgets/arclabel/lv_arclabel.c ****                                          lv_color_t * color_out);
  59:Middlewares/LVGL/lvgl/src/widgets/arclabel/lv_arclabel.c **** static lv_value_precise_t deg_to_rad(lv_value_precise_t deg, int32_t radius);
  60:Middlewares/LVGL/lvgl/src/widgets/arclabel/lv_arclabel.c **** static lv_value_precise_t rad_to_deg(lv_value_precise_t rad, int32_t radius);
  61:Middlewares/LVGL/lvgl/src/widgets/arclabel/lv_arclabel.c **** 
  62:Middlewares/LVGL/lvgl/src/widgets/arclabel/lv_arclabel.c **** /**********************
  63:Middlewares/LVGL/lvgl/src/widgets/arclabel/lv_arclabel.c ****  *  STATIC VARIABLES
  64:Middlewares/LVGL/lvgl/src/widgets/arclabel/lv_arclabel.c ****  **********************/
  65:Middlewares/LVGL/lvgl/src/widgets/arclabel/lv_arclabel.c **** const lv_obj_class_t lv_arclabel_class  = {
  66:Middlewares/LVGL/lvgl/src/widgets/arclabel/lv_arclabel.c ****     .constructor_cb = lv_arclabel_constructor,
  67:Middlewares/LVGL/lvgl/src/widgets/arclabel/lv_arclabel.c ****     .event_cb = lv_arclabel_event,
  68:Middlewares/LVGL/lvgl/src/widgets/arclabel/lv_arclabel.c ****     .instance_size = sizeof(lv_arclabel_t),
  69:Middlewares/LVGL/lvgl/src/widgets/arclabel/lv_arclabel.c ****     .editable = LV_OBJ_CLASS_EDITABLE_FALSE,
  70:Middlewares/LVGL/lvgl/src/widgets/arclabel/lv_arclabel.c ****     .base_class = &lv_obj_class,
  71:Middlewares/LVGL/lvgl/src/widgets/arclabel/lv_arclabel.c ****     .name = "arclabel",
  72:Middlewares/LVGL/lvgl/src/widgets/arclabel/lv_arclabel.c **** };
  73:Middlewares/LVGL/lvgl/src/widgets/arclabel/lv_arclabel.c **** 
  74:Middlewares/LVGL/lvgl/src/widgets/arclabel/lv_arclabel.c **** /**********************
  75:Middlewares/LVGL/lvgl/src/widgets/arclabel/lv_arclabel.c ****  *      MACROS
  76:Middlewares/LVGL/lvgl/src/widgets/arclabel/lv_arclabel.c ****  **********************/
  77:Middlewares/LVGL/lvgl/src/widgets/arclabel/lv_arclabel.c **** 
  78:Middlewares/LVGL/lvgl/src/widgets/arclabel/lv_arclabel.c **** /**********************
  79:Middlewares/LVGL/lvgl/src/widgets/arclabel/lv_arclabel.c ****  *   GLOBAL FUNCTIONS
  80:Middlewares/LVGL/lvgl/src/widgets/arclabel/lv_arclabel.c ****  **********************/
  81:Middlewares/LVGL/lvgl/src/widgets/arclabel/lv_arclabel.c **** 
  82:Middlewares/LVGL/lvgl/src/widgets/arclabel/lv_arclabel.c **** lv_obj_t * lv_arclabel_create(lv_obj_t * parent)
  83:Middlewares/LVGL/lvgl/src/widgets/arclabel/lv_arclabel.c **** {
  84:Middlewares/LVGL/lvgl/src/widgets/arclabel/lv_arclabel.c ****     LV_LOG_INFO("begin");
  85:Middlewares/LVGL/lvgl/src/widgets/arclabel/lv_arclabel.c ****     lv_obj_t * obj = lv_obj_class_create_obj(MY_CLASS, parent);
  86:Middlewares/LVGL/lvgl/src/widgets/arclabel/lv_arclabel.c ****     lv_obj_class_init_obj(obj);
  87:Middlewares/LVGL/lvgl/src/widgets/arclabel/lv_arclabel.c ****     return obj;
ARM GAS  C:\Users\w1785\AppData\Local\Temp\ccYSPyVl.s 			page 3


  88:Middlewares/LVGL/lvgl/src/widgets/arclabel/lv_arclabel.c **** }
  89:Middlewares/LVGL/lvgl/src/widgets/arclabel/lv_arclabel.c **** 
  90:Middlewares/LVGL/lvgl/src/widgets/arclabel/lv_arclabel.c **** /*======================
  91:Middlewares/LVGL/lvgl/src/widgets/arclabel/lv_arclabel.c ****  * Add/remove functions
  92:Middlewares/LVGL/lvgl/src/widgets/arclabel/lv_arclabel.c ****  *=====================*/
  93:Middlewares/LVGL/lvgl/src/widgets/arclabel/lv_arclabel.c **** 
  94:Middlewares/LVGL/lvgl/src/widgets/arclabel/lv_arclabel.c **** /*
  95:Middlewares/LVGL/lvgl/src/widgets/arclabel/lv_arclabel.c ****  * New object specific "add" or "remove" functions come here
  96:Middlewares/LVGL/lvgl/src/widgets/arclabel/lv_arclabel.c ****  */
  97:Middlewares/LVGL/lvgl/src/widgets/arclabel/lv_arclabel.c **** 
  98:Middlewares/LVGL/lvgl/src/widgets/arclabel/lv_arclabel.c **** /*=====================
  99:Middlewares/LVGL/lvgl/src/widgets/arclabel/lv_arclabel.c ****  * Setter functions
 100:Middlewares/LVGL/lvgl/src/widgets/arclabel/lv_arclabel.c ****  *====================*/
 101:Middlewares/LVGL/lvgl/src/widgets/arclabel/lv_arclabel.c **** 
 102:Middlewares/LVGL/lvgl/src/widgets/arclabel/lv_arclabel.c **** void lv_arclabel_set_text(lv_obj_t * obj, const char * text)
 103:Middlewares/LVGL/lvgl/src/widgets/arclabel/lv_arclabel.c **** {
 104:Middlewares/LVGL/lvgl/src/widgets/arclabel/lv_arclabel.c ****     LV_ASSERT_OBJ(obj, MY_CLASS);
 105:Middlewares/LVGL/lvgl/src/widgets/arclabel/lv_arclabel.c ****     lv_arclabel_t * arclabel = (lv_arclabel_t *)obj;
 106:Middlewares/LVGL/lvgl/src/widgets/arclabel/lv_arclabel.c **** 
 107:Middlewares/LVGL/lvgl/src/widgets/arclabel/lv_arclabel.c ****     /*If text is NULL then just refresh with the current text*/
 108:Middlewares/LVGL/lvgl/src/widgets/arclabel/lv_arclabel.c ****     if(text == NULL) text = arclabel->text;
 109:Middlewares/LVGL/lvgl/src/widgets/arclabel/lv_arclabel.c **** 
 110:Middlewares/LVGL/lvgl/src/widgets/arclabel/lv_arclabel.c ****     const size_t text_len = lv_strlen(text) + 1;
 111:Middlewares/LVGL/lvgl/src/widgets/arclabel/lv_arclabel.c **** 
 112:Middlewares/LVGL/lvgl/src/widgets/arclabel/lv_arclabel.c ****     /*If set its own text then reallocate it (maybe its size changed)*/
 113:Middlewares/LVGL/lvgl/src/widgets/arclabel/lv_arclabel.c ****     if(arclabel->text == text && arclabel->static_txt == 0) {
 114:Middlewares/LVGL/lvgl/src/widgets/arclabel/lv_arclabel.c ****         arclabel->text = lv_realloc(arclabel->text, text_len);
 115:Middlewares/LVGL/lvgl/src/widgets/arclabel/lv_arclabel.c ****         LV_ASSERT_MALLOC(arclabel->text);
 116:Middlewares/LVGL/lvgl/src/widgets/arclabel/lv_arclabel.c ****         if(arclabel->text == NULL) return;
 117:Middlewares/LVGL/lvgl/src/widgets/arclabel/lv_arclabel.c ****     }
 118:Middlewares/LVGL/lvgl/src/widgets/arclabel/lv_arclabel.c ****     else {
 119:Middlewares/LVGL/lvgl/src/widgets/arclabel/lv_arclabel.c ****         /*Free the old text*/
 120:Middlewares/LVGL/lvgl/src/widgets/arclabel/lv_arclabel.c ****         if(arclabel->text != NULL && arclabel->static_txt == 0) {
 121:Middlewares/LVGL/lvgl/src/widgets/arclabel/lv_arclabel.c ****             lv_free(arclabel->text);
 122:Middlewares/LVGL/lvgl/src/widgets/arclabel/lv_arclabel.c ****             arclabel->text = NULL;
 123:Middlewares/LVGL/lvgl/src/widgets/arclabel/lv_arclabel.c ****         }
 124:Middlewares/LVGL/lvgl/src/widgets/arclabel/lv_arclabel.c **** 
 125:Middlewares/LVGL/lvgl/src/widgets/arclabel/lv_arclabel.c ****         arclabel->text = lv_malloc(text_len);
 126:Middlewares/LVGL/lvgl/src/widgets/arclabel/lv_arclabel.c ****         LV_ASSERT_MALLOC(arclabel->text);
 127:Middlewares/LVGL/lvgl/src/widgets/arclabel/lv_arclabel.c ****         if(arclabel->text == NULL) return;
 128:Middlewares/LVGL/lvgl/src/widgets/arclabel/lv_arclabel.c **** 
 129:Middlewares/LVGL/lvgl/src/widgets/arclabel/lv_arclabel.c ****         lv_strcpy(arclabel->text, text);
 130:Middlewares/LVGL/lvgl/src/widgets/arclabel/lv_arclabel.c **** 
 131:Middlewares/LVGL/lvgl/src/widgets/arclabel/lv_arclabel.c ****         /*Now the text is dynamically allocated*/
 132:Middlewares/LVGL/lvgl/src/widgets/arclabel/lv_arclabel.c ****         arclabel->static_txt = 0;
 133:Middlewares/LVGL/lvgl/src/widgets/arclabel/lv_arclabel.c ****     }
 134:Middlewares/LVGL/lvgl/src/widgets/arclabel/lv_arclabel.c **** 
 135:Middlewares/LVGL/lvgl/src/widgets/arclabel/lv_arclabel.c ****     lv_obj_invalidate(obj);
 136:Middlewares/LVGL/lvgl/src/widgets/arclabel/lv_arclabel.c **** }
 137:Middlewares/LVGL/lvgl/src/widgets/arclabel/lv_arclabel.c **** 
 138:Middlewares/LVGL/lvgl/src/widgets/arclabel/lv_arclabel.c **** void lv_arclabel_set_text_fmt(lv_obj_t * obj, const char * fmt, ...)
 139:Middlewares/LVGL/lvgl/src/widgets/arclabel/lv_arclabel.c **** {
 140:Middlewares/LVGL/lvgl/src/widgets/arclabel/lv_arclabel.c ****     LV_ASSERT_OBJ(obj, MY_CLASS);
 141:Middlewares/LVGL/lvgl/src/widgets/arclabel/lv_arclabel.c ****     LV_ASSERT_NULL(fmt);
 142:Middlewares/LVGL/lvgl/src/widgets/arclabel/lv_arclabel.c **** 
 143:Middlewares/LVGL/lvgl/src/widgets/arclabel/lv_arclabel.c ****     lv_arclabel_t * arclabel = (lv_arclabel_t *)obj;
 144:Middlewares/LVGL/lvgl/src/widgets/arclabel/lv_arclabel.c **** 
ARM GAS  C:\Users\w1785\AppData\Local\Temp\ccYSPyVl.s 			page 4


 145:Middlewares/LVGL/lvgl/src/widgets/arclabel/lv_arclabel.c ****     /*If text is NULL then refresh*/
 146:Middlewares/LVGL/lvgl/src/widgets/arclabel/lv_arclabel.c ****     if(fmt == NULL) {
 147:Middlewares/LVGL/lvgl/src/widgets/arclabel/lv_arclabel.c ****         lv_obj_invalidate(obj);
 148:Middlewares/LVGL/lvgl/src/widgets/arclabel/lv_arclabel.c ****         return;
 149:Middlewares/LVGL/lvgl/src/widgets/arclabel/lv_arclabel.c ****     }
 150:Middlewares/LVGL/lvgl/src/widgets/arclabel/lv_arclabel.c **** 
 151:Middlewares/LVGL/lvgl/src/widgets/arclabel/lv_arclabel.c ****     if(arclabel->text != NULL && arclabel->static_txt == 0) {
 152:Middlewares/LVGL/lvgl/src/widgets/arclabel/lv_arclabel.c ****         lv_free(arclabel->text);
 153:Middlewares/LVGL/lvgl/src/widgets/arclabel/lv_arclabel.c ****         arclabel->text = NULL;
 154:Middlewares/LVGL/lvgl/src/widgets/arclabel/lv_arclabel.c ****     }
 155:Middlewares/LVGL/lvgl/src/widgets/arclabel/lv_arclabel.c **** 
 156:Middlewares/LVGL/lvgl/src/widgets/arclabel/lv_arclabel.c ****     va_list args;
 157:Middlewares/LVGL/lvgl/src/widgets/arclabel/lv_arclabel.c ****     va_start(args, fmt);
 158:Middlewares/LVGL/lvgl/src/widgets/arclabel/lv_arclabel.c ****     arclabel->text = lv_text_set_text_vfmt(fmt, args);
 159:Middlewares/LVGL/lvgl/src/widgets/arclabel/lv_arclabel.c ****     va_end(args);
 160:Middlewares/LVGL/lvgl/src/widgets/arclabel/lv_arclabel.c ****     arclabel->static_txt = 0; /*Now the text is dynamically allocated*/
 161:Middlewares/LVGL/lvgl/src/widgets/arclabel/lv_arclabel.c **** 
 162:Middlewares/LVGL/lvgl/src/widgets/arclabel/lv_arclabel.c ****     lv_obj_invalidate(obj);
 163:Middlewares/LVGL/lvgl/src/widgets/arclabel/lv_arclabel.c **** }
 164:Middlewares/LVGL/lvgl/src/widgets/arclabel/lv_arclabel.c **** 
 165:Middlewares/LVGL/lvgl/src/widgets/arclabel/lv_arclabel.c **** void lv_arclabel_set_text_static(lv_obj_t * obj, const char * text)
 166:Middlewares/LVGL/lvgl/src/widgets/arclabel/lv_arclabel.c **** {
 167:Middlewares/LVGL/lvgl/src/widgets/arclabel/lv_arclabel.c ****     LV_ASSERT_OBJ(obj, MY_CLASS);
 168:Middlewares/LVGL/lvgl/src/widgets/arclabel/lv_arclabel.c ****     lv_arclabel_t * arclabel = (lv_arclabel_t *)obj;
 169:Middlewares/LVGL/lvgl/src/widgets/arclabel/lv_arclabel.c **** 
 170:Middlewares/LVGL/lvgl/src/widgets/arclabel/lv_arclabel.c ****     if(arclabel->static_txt == 0 && arclabel->text != NULL) {
 171:Middlewares/LVGL/lvgl/src/widgets/arclabel/lv_arclabel.c ****         lv_free(arclabel->text);
 172:Middlewares/LVGL/lvgl/src/widgets/arclabel/lv_arclabel.c ****         arclabel->text = NULL;
 173:Middlewares/LVGL/lvgl/src/widgets/arclabel/lv_arclabel.c ****     }
 174:Middlewares/LVGL/lvgl/src/widgets/arclabel/lv_arclabel.c **** 
 175:Middlewares/LVGL/lvgl/src/widgets/arclabel/lv_arclabel.c ****     if(text != NULL) {
 176:Middlewares/LVGL/lvgl/src/widgets/arclabel/lv_arclabel.c ****         arclabel->static_txt = 1;
 177:Middlewares/LVGL/lvgl/src/widgets/arclabel/lv_arclabel.c ****         arclabel->text       = (char *)text;
 178:Middlewares/LVGL/lvgl/src/widgets/arclabel/lv_arclabel.c ****     }
 179:Middlewares/LVGL/lvgl/src/widgets/arclabel/lv_arclabel.c **** 
 180:Middlewares/LVGL/lvgl/src/widgets/arclabel/lv_arclabel.c ****     lv_obj_invalidate(obj);
 181:Middlewares/LVGL/lvgl/src/widgets/arclabel/lv_arclabel.c **** }
 182:Middlewares/LVGL/lvgl/src/widgets/arclabel/lv_arclabel.c **** 
 183:Middlewares/LVGL/lvgl/src/widgets/arclabel/lv_arclabel.c **** void lv_arclabel_set_angle_start(lv_obj_t * obj, lv_value_precise_t start)
 184:Middlewares/LVGL/lvgl/src/widgets/arclabel/lv_arclabel.c **** {
 185:Middlewares/LVGL/lvgl/src/widgets/arclabel/lv_arclabel.c ****     LV_ASSERT_OBJ(obj, MY_CLASS);
 186:Middlewares/LVGL/lvgl/src/widgets/arclabel/lv_arclabel.c ****     lv_arclabel_t * arc = (lv_arclabel_t *)obj;
 187:Middlewares/LVGL/lvgl/src/widgets/arclabel/lv_arclabel.c **** 
 188:Middlewares/LVGL/lvgl/src/widgets/arclabel/lv_arclabel.c ****     arc->angle_start = start;
 189:Middlewares/LVGL/lvgl/src/widgets/arclabel/lv_arclabel.c ****     lv_obj_invalidate(obj);
 190:Middlewares/LVGL/lvgl/src/widgets/arclabel/lv_arclabel.c **** }
 191:Middlewares/LVGL/lvgl/src/widgets/arclabel/lv_arclabel.c **** 
 192:Middlewares/LVGL/lvgl/src/widgets/arclabel/lv_arclabel.c **** void lv_arclabel_set_angle_size(lv_obj_t * obj, lv_value_precise_t size)
 193:Middlewares/LVGL/lvgl/src/widgets/arclabel/lv_arclabel.c **** {
 194:Middlewares/LVGL/lvgl/src/widgets/arclabel/lv_arclabel.c ****     LV_ASSERT_OBJ(obj, MY_CLASS);
 195:Middlewares/LVGL/lvgl/src/widgets/arclabel/lv_arclabel.c ****     lv_arclabel_t * arc = (lv_arclabel_t *)obj;
 196:Middlewares/LVGL/lvgl/src/widgets/arclabel/lv_arclabel.c **** 
 197:Middlewares/LVGL/lvgl/src/widgets/arclabel/lv_arclabel.c ****     arc->angle_size = size;
 198:Middlewares/LVGL/lvgl/src/widgets/arclabel/lv_arclabel.c ****     lv_obj_invalidate(obj);
 199:Middlewares/LVGL/lvgl/src/widgets/arclabel/lv_arclabel.c **** }
 200:Middlewares/LVGL/lvgl/src/widgets/arclabel/lv_arclabel.c **** 
 201:Middlewares/LVGL/lvgl/src/widgets/arclabel/lv_arclabel.c **** void lv_arclabel_set_offset(lv_obj_t * obj, int32_t offset)
ARM GAS  C:\Users\w1785\AppData\Local\Temp\ccYSPyVl.s 			page 5


 202:Middlewares/LVGL/lvgl/src/widgets/arclabel/lv_arclabel.c **** {
 203:Middlewares/LVGL/lvgl/src/widgets/arclabel/lv_arclabel.c ****     LV_ASSERT_OBJ(obj, MY_CLASS);
 204:Middlewares/LVGL/lvgl/src/widgets/arclabel/lv_arclabel.c ****     lv_arclabel_t * arc = (lv_arclabel_t *)obj;
 205:Middlewares/LVGL/lvgl/src/widgets/arclabel/lv_arclabel.c **** 
 206:Middlewares/LVGL/lvgl/src/widgets/arclabel/lv_arclabel.c ****     arc->offset = offset;
 207:Middlewares/LVGL/lvgl/src/widgets/arclabel/lv_arclabel.c ****     lv_obj_invalidate(obj);
 208:Middlewares/LVGL/lvgl/src/widgets/arclabel/lv_arclabel.c **** }
 209:Middlewares/LVGL/lvgl/src/widgets/arclabel/lv_arclabel.c **** 
 210:Middlewares/LVGL/lvgl/src/widgets/arclabel/lv_arclabel.c **** void lv_arclabel_set_dir(lv_obj_t * obj, lv_arclabel_dir_t dir)
 211:Middlewares/LVGL/lvgl/src/widgets/arclabel/lv_arclabel.c **** {
 212:Middlewares/LVGL/lvgl/src/widgets/arclabel/lv_arclabel.c ****     LV_ASSERT_OBJ(obj, MY_CLASS);
 213:Middlewares/LVGL/lvgl/src/widgets/arclabel/lv_arclabel.c ****     lv_arclabel_t * arc = (lv_arclabel_t *)obj;
 214:Middlewares/LVGL/lvgl/src/widgets/arclabel/lv_arclabel.c **** 
 215:Middlewares/LVGL/lvgl/src/widgets/arclabel/lv_arclabel.c ****     arc->dir = dir;
 216:Middlewares/LVGL/lvgl/src/widgets/arclabel/lv_arclabel.c ****     lv_obj_invalidate(obj);
 217:Middlewares/LVGL/lvgl/src/widgets/arclabel/lv_arclabel.c **** }
 218:Middlewares/LVGL/lvgl/src/widgets/arclabel/lv_arclabel.c **** 
 219:Middlewares/LVGL/lvgl/src/widgets/arclabel/lv_arclabel.c **** void lv_arclabel_set_recolor(lv_obj_t * obj, bool en)
 220:Middlewares/LVGL/lvgl/src/widgets/arclabel/lv_arclabel.c **** {
 221:Middlewares/LVGL/lvgl/src/widgets/arclabel/lv_arclabel.c ****     LV_ASSERT_OBJ(obj, MY_CLASS);
 222:Middlewares/LVGL/lvgl/src/widgets/arclabel/lv_arclabel.c ****     lv_arclabel_t * arc = (lv_arclabel_t *)obj;
 223:Middlewares/LVGL/lvgl/src/widgets/arclabel/lv_arclabel.c ****     arc->recolor = en;
 224:Middlewares/LVGL/lvgl/src/widgets/arclabel/lv_arclabel.c ****     lv_obj_invalidate(obj);
 225:Middlewares/LVGL/lvgl/src/widgets/arclabel/lv_arclabel.c **** }
 226:Middlewares/LVGL/lvgl/src/widgets/arclabel/lv_arclabel.c **** 
 227:Middlewares/LVGL/lvgl/src/widgets/arclabel/lv_arclabel.c **** void lv_arclabel_set_radius(lv_obj_t * obj, uint32_t radius)
 228:Middlewares/LVGL/lvgl/src/widgets/arclabel/lv_arclabel.c **** {
 229:Middlewares/LVGL/lvgl/src/widgets/arclabel/lv_arclabel.c ****     LV_ASSERT_OBJ(obj, MY_CLASS);
 230:Middlewares/LVGL/lvgl/src/widgets/arclabel/lv_arclabel.c ****     lv_arclabel_t * arc = (lv_arclabel_t *)obj;
 231:Middlewares/LVGL/lvgl/src/widgets/arclabel/lv_arclabel.c **** 
 232:Middlewares/LVGL/lvgl/src/widgets/arclabel/lv_arclabel.c ****     arc->radius = radius;
 233:Middlewares/LVGL/lvgl/src/widgets/arclabel/lv_arclabel.c ****     lv_obj_invalidate(obj);
 234:Middlewares/LVGL/lvgl/src/widgets/arclabel/lv_arclabel.c **** }
 235:Middlewares/LVGL/lvgl/src/widgets/arclabel/lv_arclabel.c **** 
 236:Middlewares/LVGL/lvgl/src/widgets/arclabel/lv_arclabel.c **** void lv_arclabel_set_center_offset_x(lv_obj_t * obj, uint32_t x)
 237:Middlewares/LVGL/lvgl/src/widgets/arclabel/lv_arclabel.c **** {
 238:Middlewares/LVGL/lvgl/src/widgets/arclabel/lv_arclabel.c ****     LV_ASSERT_OBJ(obj, MY_CLASS);
 239:Middlewares/LVGL/lvgl/src/widgets/arclabel/lv_arclabel.c ****     lv_arclabel_t * arc = (lv_arclabel_t *)obj;
 240:Middlewares/LVGL/lvgl/src/widgets/arclabel/lv_arclabel.c **** 
 241:Middlewares/LVGL/lvgl/src/widgets/arclabel/lv_arclabel.c ****     arc->center_offset.x = x;
 242:Middlewares/LVGL/lvgl/src/widgets/arclabel/lv_arclabel.c ****     lv_obj_invalidate(obj);
 243:Middlewares/LVGL/lvgl/src/widgets/arclabel/lv_arclabel.c **** }
 244:Middlewares/LVGL/lvgl/src/widgets/arclabel/lv_arclabel.c **** 
 245:Middlewares/LVGL/lvgl/src/widgets/arclabel/lv_arclabel.c **** void lv_arclabel_set_center_offset_y(lv_obj_t * obj, uint32_t y)
 246:Middlewares/LVGL/lvgl/src/widgets/arclabel/lv_arclabel.c **** {
 247:Middlewares/LVGL/lvgl/src/widgets/arclabel/lv_arclabel.c ****     LV_ASSERT_OBJ(obj, MY_CLASS);
 248:Middlewares/LVGL/lvgl/src/widgets/arclabel/lv_arclabel.c ****     lv_arclabel_t * arc = (lv_arclabel_t *)obj;
 249:Middlewares/LVGL/lvgl/src/widgets/arclabel/lv_arclabel.c **** 
 250:Middlewares/LVGL/lvgl/src/widgets/arclabel/lv_arclabel.c ****     arc->center_offset.y = y;
 251:Middlewares/LVGL/lvgl/src/widgets/arclabel/lv_arclabel.c ****     lv_obj_invalidate(obj);
 252:Middlewares/LVGL/lvgl/src/widgets/arclabel/lv_arclabel.c **** }
 253:Middlewares/LVGL/lvgl/src/widgets/arclabel/lv_arclabel.c **** 
 254:Middlewares/LVGL/lvgl/src/widgets/arclabel/lv_arclabel.c **** void lv_arclabel_set_text_vertical_align(lv_obj_t * obj, lv_arclabel_text_align_t align)
 255:Middlewares/LVGL/lvgl/src/widgets/arclabel/lv_arclabel.c **** {
 256:Middlewares/LVGL/lvgl/src/widgets/arclabel/lv_arclabel.c ****     LV_ASSERT_OBJ(obj, MY_CLASS);
 257:Middlewares/LVGL/lvgl/src/widgets/arclabel/lv_arclabel.c ****     lv_arclabel_t * arc = (lv_arclabel_t *)obj;
 258:Middlewares/LVGL/lvgl/src/widgets/arclabel/lv_arclabel.c **** 
ARM GAS  C:\Users\w1785\AppData\Local\Temp\ccYSPyVl.s 			page 6


 259:Middlewares/LVGL/lvgl/src/widgets/arclabel/lv_arclabel.c ****     arc->text_align_v = align;
 260:Middlewares/LVGL/lvgl/src/widgets/arclabel/lv_arclabel.c ****     lv_obj_invalidate(obj);
 261:Middlewares/LVGL/lvgl/src/widgets/arclabel/lv_arclabel.c **** }
 262:Middlewares/LVGL/lvgl/src/widgets/arclabel/lv_arclabel.c **** 
 263:Middlewares/LVGL/lvgl/src/widgets/arclabel/lv_arclabel.c **** void lv_arclabel_set_text_horizontal_align(lv_obj_t * obj, lv_arclabel_text_align_t align)
 264:Middlewares/LVGL/lvgl/src/widgets/arclabel/lv_arclabel.c **** {
 265:Middlewares/LVGL/lvgl/src/widgets/arclabel/lv_arclabel.c ****     LV_ASSERT_OBJ(obj, MY_CLASS);
 266:Middlewares/LVGL/lvgl/src/widgets/arclabel/lv_arclabel.c ****     lv_arclabel_t * arc = (lv_arclabel_t *)obj;
 267:Middlewares/LVGL/lvgl/src/widgets/arclabel/lv_arclabel.c **** 
 268:Middlewares/LVGL/lvgl/src/widgets/arclabel/lv_arclabel.c ****     arc->text_align_h = align;
 269:Middlewares/LVGL/lvgl/src/widgets/arclabel/lv_arclabel.c ****     lv_obj_invalidate(obj);
 270:Middlewares/LVGL/lvgl/src/widgets/arclabel/lv_arclabel.c **** }
 271:Middlewares/LVGL/lvgl/src/widgets/arclabel/lv_arclabel.c **** 
 272:Middlewares/LVGL/lvgl/src/widgets/arclabel/lv_arclabel.c **** void lv_arclabel_set_overflow(lv_obj_t * obj, lv_arclabel_overflow_t overflow)
 273:Middlewares/LVGL/lvgl/src/widgets/arclabel/lv_arclabel.c **** {
 274:Middlewares/LVGL/lvgl/src/widgets/arclabel/lv_arclabel.c ****     LV_ASSERT_OBJ(obj, MY_CLASS);
 275:Middlewares/LVGL/lvgl/src/widgets/arclabel/lv_arclabel.c ****     lv_arclabel_t * arc = (lv_arclabel_t *)obj;
 276:Middlewares/LVGL/lvgl/src/widgets/arclabel/lv_arclabel.c **** 
 277:Middlewares/LVGL/lvgl/src/widgets/arclabel/lv_arclabel.c ****     arc->overflow = overflow;
 278:Middlewares/LVGL/lvgl/src/widgets/arclabel/lv_arclabel.c ****     lv_obj_invalidate(obj);
 279:Middlewares/LVGL/lvgl/src/widgets/arclabel/lv_arclabel.c **** }
 280:Middlewares/LVGL/lvgl/src/widgets/arclabel/lv_arclabel.c **** 
 281:Middlewares/LVGL/lvgl/src/widgets/arclabel/lv_arclabel.c **** void lv_arclabel_set_end_overlap(lv_obj_t * obj, bool overlap)
 282:Middlewares/LVGL/lvgl/src/widgets/arclabel/lv_arclabel.c **** {
 283:Middlewares/LVGL/lvgl/src/widgets/arclabel/lv_arclabel.c ****     LV_ASSERT_OBJ(obj, MY_CLASS);
 284:Middlewares/LVGL/lvgl/src/widgets/arclabel/lv_arclabel.c ****     lv_arclabel_t * arc = (lv_arclabel_t *)obj;
 285:Middlewares/LVGL/lvgl/src/widgets/arclabel/lv_arclabel.c **** 
 286:Middlewares/LVGL/lvgl/src/widgets/arclabel/lv_arclabel.c ****     arc->end_overlap = overlap;
 287:Middlewares/LVGL/lvgl/src/widgets/arclabel/lv_arclabel.c ****     lv_obj_invalidate(obj);
 288:Middlewares/LVGL/lvgl/src/widgets/arclabel/lv_arclabel.c **** }
 289:Middlewares/LVGL/lvgl/src/widgets/arclabel/lv_arclabel.c **** 
 290:Middlewares/LVGL/lvgl/src/widgets/arclabel/lv_arclabel.c **** /*=====================
 291:Middlewares/LVGL/lvgl/src/widgets/arclabel/lv_arclabel.c ****  * Getter functions
 292:Middlewares/LVGL/lvgl/src/widgets/arclabel/lv_arclabel.c ****  *====================*/
 293:Middlewares/LVGL/lvgl/src/widgets/arclabel/lv_arclabel.c **** 
 294:Middlewares/LVGL/lvgl/src/widgets/arclabel/lv_arclabel.c **** lv_value_precise_t lv_arclabel_get_angle_start(lv_obj_t * obj)
 295:Middlewares/LVGL/lvgl/src/widgets/arclabel/lv_arclabel.c **** {
 296:Middlewares/LVGL/lvgl/src/widgets/arclabel/lv_arclabel.c ****     LV_ASSERT_OBJ(obj, MY_CLASS);
 297:Middlewares/LVGL/lvgl/src/widgets/arclabel/lv_arclabel.c ****     return ((lv_arclabel_t *) obj)->angle_start;
 298:Middlewares/LVGL/lvgl/src/widgets/arclabel/lv_arclabel.c **** }
 299:Middlewares/LVGL/lvgl/src/widgets/arclabel/lv_arclabel.c **** 
 300:Middlewares/LVGL/lvgl/src/widgets/arclabel/lv_arclabel.c **** lv_value_precise_t lv_arclabel_get_angle_size(lv_obj_t * obj)
 301:Middlewares/LVGL/lvgl/src/widgets/arclabel/lv_arclabel.c **** {
 302:Middlewares/LVGL/lvgl/src/widgets/arclabel/lv_arclabel.c ****     LV_ASSERT_OBJ(obj, MY_CLASS);
 303:Middlewares/LVGL/lvgl/src/widgets/arclabel/lv_arclabel.c ****     lv_arclabel_t * arclabel = (lv_arclabel_t *)obj;
 304:Middlewares/LVGL/lvgl/src/widgets/arclabel/lv_arclabel.c ****     return arclabel->angle_size;
 305:Middlewares/LVGL/lvgl/src/widgets/arclabel/lv_arclabel.c **** }
 306:Middlewares/LVGL/lvgl/src/widgets/arclabel/lv_arclabel.c **** 
 307:Middlewares/LVGL/lvgl/src/widgets/arclabel/lv_arclabel.c **** lv_arclabel_dir_t lv_arclabel_get_dir(const lv_obj_t * obj)
 308:Middlewares/LVGL/lvgl/src/widgets/arclabel/lv_arclabel.c **** {
 309:Middlewares/LVGL/lvgl/src/widgets/arclabel/lv_arclabel.c ****     LV_ASSERT_OBJ(obj, MY_CLASS);
 310:Middlewares/LVGL/lvgl/src/widgets/arclabel/lv_arclabel.c ****     return ((lv_arclabel_t *) obj)->dir;
 311:Middlewares/LVGL/lvgl/src/widgets/arclabel/lv_arclabel.c **** }
 312:Middlewares/LVGL/lvgl/src/widgets/arclabel/lv_arclabel.c **** 
 313:Middlewares/LVGL/lvgl/src/widgets/arclabel/lv_arclabel.c **** bool lv_arclabel_get_recolor(lv_obj_t * obj)
 314:Middlewares/LVGL/lvgl/src/widgets/arclabel/lv_arclabel.c **** {
 315:Middlewares/LVGL/lvgl/src/widgets/arclabel/lv_arclabel.c ****     LV_ASSERT_OBJ(obj, MY_CLASS);
ARM GAS  C:\Users\w1785\AppData\Local\Temp\ccYSPyVl.s 			page 7


 316:Middlewares/LVGL/lvgl/src/widgets/arclabel/lv_arclabel.c ****     return ((lv_arclabel_t *) obj)->recolor;
 317:Middlewares/LVGL/lvgl/src/widgets/arclabel/lv_arclabel.c **** }
 318:Middlewares/LVGL/lvgl/src/widgets/arclabel/lv_arclabel.c **** 
 319:Middlewares/LVGL/lvgl/src/widgets/arclabel/lv_arclabel.c **** uint32_t lv_arclabel_get_radius(lv_obj_t * obj)
 320:Middlewares/LVGL/lvgl/src/widgets/arclabel/lv_arclabel.c **** {
 321:Middlewares/LVGL/lvgl/src/widgets/arclabel/lv_arclabel.c ****     LV_ASSERT_OBJ(obj, MY_CLASS);
 322:Middlewares/LVGL/lvgl/src/widgets/arclabel/lv_arclabel.c ****     return ((lv_arclabel_t *) obj)->radius;
 323:Middlewares/LVGL/lvgl/src/widgets/arclabel/lv_arclabel.c **** }
 324:Middlewares/LVGL/lvgl/src/widgets/arclabel/lv_arclabel.c **** 
 325:Middlewares/LVGL/lvgl/src/widgets/arclabel/lv_arclabel.c **** uint32_t lv_arclabel_get_center_offset_x(lv_obj_t * obj)
 326:Middlewares/LVGL/lvgl/src/widgets/arclabel/lv_arclabel.c **** {
 327:Middlewares/LVGL/lvgl/src/widgets/arclabel/lv_arclabel.c ****     LV_ASSERT_OBJ(obj, MY_CLASS);
 328:Middlewares/LVGL/lvgl/src/widgets/arclabel/lv_arclabel.c ****     return ((lv_arclabel_t *) obj)->center_offset.x;
 329:Middlewares/LVGL/lvgl/src/widgets/arclabel/lv_arclabel.c **** }
 330:Middlewares/LVGL/lvgl/src/widgets/arclabel/lv_arclabel.c **** 
 331:Middlewares/LVGL/lvgl/src/widgets/arclabel/lv_arclabel.c **** uint32_t lv_arclabel_get_center_offset_y(lv_obj_t * obj)
 332:Middlewares/LVGL/lvgl/src/widgets/arclabel/lv_arclabel.c **** {
 333:Middlewares/LVGL/lvgl/src/widgets/arclabel/lv_arclabel.c ****     LV_ASSERT_OBJ(obj, MY_CLASS);
 334:Middlewares/LVGL/lvgl/src/widgets/arclabel/lv_arclabel.c ****     return ((lv_arclabel_t *) obj)->center_offset.y;
 335:Middlewares/LVGL/lvgl/src/widgets/arclabel/lv_arclabel.c **** }
 336:Middlewares/LVGL/lvgl/src/widgets/arclabel/lv_arclabel.c **** 
 337:Middlewares/LVGL/lvgl/src/widgets/arclabel/lv_arclabel.c **** lv_arclabel_text_align_t lv_arclabel_get_text_vertical_align(lv_obj_t * obj)
 338:Middlewares/LVGL/lvgl/src/widgets/arclabel/lv_arclabel.c **** {
 339:Middlewares/LVGL/lvgl/src/widgets/arclabel/lv_arclabel.c ****     LV_ASSERT_OBJ(obj, MY_CLASS);
 340:Middlewares/LVGL/lvgl/src/widgets/arclabel/lv_arclabel.c ****     return ((lv_arclabel_t *) obj)->text_align_v;
 341:Middlewares/LVGL/lvgl/src/widgets/arclabel/lv_arclabel.c **** }
 342:Middlewares/LVGL/lvgl/src/widgets/arclabel/lv_arclabel.c **** 
 343:Middlewares/LVGL/lvgl/src/widgets/arclabel/lv_arclabel.c **** lv_arclabel_text_align_t lv_arclabel_get_text_horizontal_align(lv_obj_t * obj)
 344:Middlewares/LVGL/lvgl/src/widgets/arclabel/lv_arclabel.c **** {
 345:Middlewares/LVGL/lvgl/src/widgets/arclabel/lv_arclabel.c ****     LV_ASSERT_OBJ(obj, MY_CLASS);
 346:Middlewares/LVGL/lvgl/src/widgets/arclabel/lv_arclabel.c ****     return ((lv_arclabel_t *) obj)->text_align_h;
 347:Middlewares/LVGL/lvgl/src/widgets/arclabel/lv_arclabel.c **** }
 348:Middlewares/LVGL/lvgl/src/widgets/arclabel/lv_arclabel.c **** 
 349:Middlewares/LVGL/lvgl/src/widgets/arclabel/lv_arclabel.c **** lv_arclabel_overflow_t lv_arclabel_get_overflow(lv_obj_t * obj)
 350:Middlewares/LVGL/lvgl/src/widgets/arclabel/lv_arclabel.c **** {
 351:Middlewares/LVGL/lvgl/src/widgets/arclabel/lv_arclabel.c ****     LV_ASSERT_OBJ(obj, MY_CLASS);
 352:Middlewares/LVGL/lvgl/src/widgets/arclabel/lv_arclabel.c ****     return ((lv_arclabel_t *) obj)->overflow;
 353:Middlewares/LVGL/lvgl/src/widgets/arclabel/lv_arclabel.c **** }
 354:Middlewares/LVGL/lvgl/src/widgets/arclabel/lv_arclabel.c **** 
 355:Middlewares/LVGL/lvgl/src/widgets/arclabel/lv_arclabel.c **** bool lv_arclabel_get_end_overlap(lv_obj_t * obj)
 356:Middlewares/LVGL/lvgl/src/widgets/arclabel/lv_arclabel.c **** {
 357:Middlewares/LVGL/lvgl/src/widgets/arclabel/lv_arclabel.c ****     LV_ASSERT_OBJ(obj, MY_CLASS);
 358:Middlewares/LVGL/lvgl/src/widgets/arclabel/lv_arclabel.c ****     return ((lv_arclabel_t *) obj)->end_overlap;
 359:Middlewares/LVGL/lvgl/src/widgets/arclabel/lv_arclabel.c **** }
 360:Middlewares/LVGL/lvgl/src/widgets/arclabel/lv_arclabel.c **** 
 361:Middlewares/LVGL/lvgl/src/widgets/arclabel/lv_arclabel.c **** lv_value_precise_t lv_arclabel_get_text_angle(lv_obj_t * obj)
 362:Middlewares/LVGL/lvgl/src/widgets/arclabel/lv_arclabel.c **** {
 363:Middlewares/LVGL/lvgl/src/widgets/arclabel/lv_arclabel.c ****     LV_ASSERT_OBJ(obj, MY_CLASS);
 364:Middlewares/LVGL/lvgl/src/widgets/arclabel/lv_arclabel.c **** 
 365:Middlewares/LVGL/lvgl/src/widgets/arclabel/lv_arclabel.c ****     return arclabel_calc_arc_text_total_angle(obj, NULL, NULL, NULL);
 366:Middlewares/LVGL/lvgl/src/widgets/arclabel/lv_arclabel.c **** }
 367:Middlewares/LVGL/lvgl/src/widgets/arclabel/lv_arclabel.c **** 
 368:Middlewares/LVGL/lvgl/src/widgets/arclabel/lv_arclabel.c **** /*=====================
 369:Middlewares/LVGL/lvgl/src/widgets/arclabel/lv_arclabel.c ****  * Other functions
 370:Middlewares/LVGL/lvgl/src/widgets/arclabel/lv_arclabel.c ****  *====================*/
 371:Middlewares/LVGL/lvgl/src/widgets/arclabel/lv_arclabel.c **** 
 372:Middlewares/LVGL/lvgl/src/widgets/arclabel/lv_arclabel.c **** /**********************
ARM GAS  C:\Users\w1785\AppData\Local\Temp\ccYSPyVl.s 			page 8


 373:Middlewares/LVGL/lvgl/src/widgets/arclabel/lv_arclabel.c ****  *   STATIC FUNCTIONS
 374:Middlewares/LVGL/lvgl/src/widgets/arclabel/lv_arclabel.c ****  **********************/
 375:Middlewares/LVGL/lvgl/src/widgets/arclabel/lv_arclabel.c **** 
 376:Middlewares/LVGL/lvgl/src/widgets/arclabel/lv_arclabel.c **** static void lv_arclabel_constructor(const lv_obj_class_t * class_p, lv_obj_t * obj)
 377:Middlewares/LVGL/lvgl/src/widgets/arclabel/lv_arclabel.c **** {
 378:Middlewares/LVGL/lvgl/src/widgets/arclabel/lv_arclabel.c ****     LV_UNUSED(class_p);
 379:Middlewares/LVGL/lvgl/src/widgets/arclabel/lv_arclabel.c ****     LV_TRACE_OBJ_CREATE("begin");
 380:Middlewares/LVGL/lvgl/src/widgets/arclabel/lv_arclabel.c **** 
 381:Middlewares/LVGL/lvgl/src/widgets/arclabel/lv_arclabel.c ****     lv_arclabel_t * arc = (lv_arclabel_t *)obj;
 382:Middlewares/LVGL/lvgl/src/widgets/arclabel/lv_arclabel.c **** 
 383:Middlewares/LVGL/lvgl/src/widgets/arclabel/lv_arclabel.c ****     arc->angle_start = 0;
 384:Middlewares/LVGL/lvgl/src/widgets/arclabel/lv_arclabel.c ****     arc->angle_size  = 360;
 385:Middlewares/LVGL/lvgl/src/widgets/arclabel/lv_arclabel.c ****     arc->dir = LV_ARCLABEL_DIR_CLOCKWISE;
 386:Middlewares/LVGL/lvgl/src/widgets/arclabel/lv_arclabel.c ****     arc->recolor = false;
 387:Middlewares/LVGL/lvgl/src/widgets/arclabel/lv_arclabel.c ****     arc->overflow = LV_ARCLABEL_OVERFLOW_CLIP;
 388:Middlewares/LVGL/lvgl/src/widgets/arclabel/lv_arclabel.c ****     arc->end_overlap = true;
 389:Middlewares/LVGL/lvgl/src/widgets/arclabel/lv_arclabel.c **** 
 390:Middlewares/LVGL/lvgl/src/widgets/arclabel/lv_arclabel.c ****     lv_arclabel_set_text_static(obj, LV_ARCLABEL_DEFAULT_TEXT);
 391:Middlewares/LVGL/lvgl/src/widgets/arclabel/lv_arclabel.c **** 
 392:Middlewares/LVGL/lvgl/src/widgets/arclabel/lv_arclabel.c ****     lv_obj_remove_flag(obj, LV_OBJ_FLAG_CLICKABLE | LV_OBJ_FLAG_SCROLL_CHAIN | LV_OBJ_FLAG_SCROLLAB
 393:Middlewares/LVGL/lvgl/src/widgets/arclabel/lv_arclabel.c **** 
 394:Middlewares/LVGL/lvgl/src/widgets/arclabel/lv_arclabel.c ****     LV_TRACE_OBJ_CREATE("finished");
 395:Middlewares/LVGL/lvgl/src/widgets/arclabel/lv_arclabel.c **** }
 396:Middlewares/LVGL/lvgl/src/widgets/arclabel/lv_arclabel.c **** 
 397:Middlewares/LVGL/lvgl/src/widgets/arclabel/lv_arclabel.c **** static void lv_arclabel_event(const lv_obj_class_t * class_p, lv_event_t * e)
 398:Middlewares/LVGL/lvgl/src/widgets/arclabel/lv_arclabel.c **** {
 399:Middlewares/LVGL/lvgl/src/widgets/arclabel/lv_arclabel.c ****     LV_UNUSED(class_p);
 400:Middlewares/LVGL/lvgl/src/widgets/arclabel/lv_arclabel.c **** 
 401:Middlewares/LVGL/lvgl/src/widgets/arclabel/lv_arclabel.c ****     /*Call the ancestor's event handler*/
 402:Middlewares/LVGL/lvgl/src/widgets/arclabel/lv_arclabel.c ****     const lv_result_t res = lv_obj_event_base(MY_CLASS, e);
 403:Middlewares/LVGL/lvgl/src/widgets/arclabel/lv_arclabel.c ****     if(res != LV_RESULT_OK) return;
 404:Middlewares/LVGL/lvgl/src/widgets/arclabel/lv_arclabel.c **** 
 405:Middlewares/LVGL/lvgl/src/widgets/arclabel/lv_arclabel.c ****     const lv_event_code_t code = lv_event_get_code(e);
 406:Middlewares/LVGL/lvgl/src/widgets/arclabel/lv_arclabel.c **** 
 407:Middlewares/LVGL/lvgl/src/widgets/arclabel/lv_arclabel.c ****     if(code == LV_EVENT_DRAW_MAIN) {
 408:Middlewares/LVGL/lvgl/src/widgets/arclabel/lv_arclabel.c ****         arclabel_draw_main(e);
 409:Middlewares/LVGL/lvgl/src/widgets/arclabel/lv_arclabel.c ****     }
 410:Middlewares/LVGL/lvgl/src/widgets/arclabel/lv_arclabel.c **** }
 411:Middlewares/LVGL/lvgl/src/widgets/arclabel/lv_arclabel.c **** 
 412:Middlewares/LVGL/lvgl/src/widgets/arclabel/lv_arclabel.c **** static void arclabel_draw_main(lv_event_t * e)
 413:Middlewares/LVGL/lvgl/src/widgets/arclabel/lv_arclabel.c **** {
 414:Middlewares/LVGL/lvgl/src/widgets/arclabel/lv_arclabel.c ****     lv_obj_t * obj = lv_event_get_current_target(e);
 415:Middlewares/LVGL/lvgl/src/widgets/arclabel/lv_arclabel.c ****     lv_arclabel_t * arclabel = (lv_arclabel_t *)obj;
 416:Middlewares/LVGL/lvgl/src/widgets/arclabel/lv_arclabel.c **** 
 417:Middlewares/LVGL/lvgl/src/widgets/arclabel/lv_arclabel.c ****     const char * text = arclabel->text;
 418:Middlewares/LVGL/lvgl/src/widgets/arclabel/lv_arclabel.c ****     const char * text_start = text;
 419:Middlewares/LVGL/lvgl/src/widgets/arclabel/lv_arclabel.c **** 
 420:Middlewares/LVGL/lvgl/src/widgets/arclabel/lv_arclabel.c ****     lv_area_t coords;
 421:Middlewares/LVGL/lvgl/src/widgets/arclabel/lv_arclabel.c ****     lv_obj_get_content_coords(obj, &coords);
 422:Middlewares/LVGL/lvgl/src/widgets/arclabel/lv_arclabel.c **** 
 423:Middlewares/LVGL/lvgl/src/widgets/arclabel/lv_arclabel.c ****     lv_layer_t * layer = lv_event_get_layer(e);
 424:Middlewares/LVGL/lvgl/src/widgets/arclabel/lv_arclabel.c **** 
 425:Middlewares/LVGL/lvgl/src/widgets/arclabel/lv_arclabel.c ****     const lv_font_t * font = lv_obj_get_style_text_font(obj, LV_PART_MAIN);
 426:Middlewares/LVGL/lvgl/src/widgets/arclabel/lv_arclabel.c ****     const lv_color_t color = lv_obj_get_style_text_color(obj, LV_PART_MAIN);
 427:Middlewares/LVGL/lvgl/src/widgets/arclabel/lv_arclabel.c ****     const lv_opa_t opa = LV_OPA_MIX2(layer->opa, lv_obj_get_style_text_opa(obj, LV_PART_MAIN));
 428:Middlewares/LVGL/lvgl/src/widgets/arclabel/lv_arclabel.c ****     const int32_t letter_space = lv_obj_get_style_text_letter_space(obj, LV_PART_MAIN);
 429:Middlewares/LVGL/lvgl/src/widgets/arclabel/lv_arclabel.c **** 
ARM GAS  C:\Users\w1785\AppData\Local\Temp\ccYSPyVl.s 			page 9


 430:Middlewares/LVGL/lvgl/src/widgets/arclabel/lv_arclabel.c ****     int32_t arc_r = 0;
 431:Middlewares/LVGL/lvgl/src/widgets/arclabel/lv_arclabel.c ****     bool need_ellipsis = false;
 432:Middlewares/LVGL/lvgl/src/widgets/arclabel/lv_arclabel.c ****     uint32_t processed_total_word_count = 0;
 433:Middlewares/LVGL/lvgl/src/widgets/arclabel/lv_arclabel.c ****     const lv_value_precise_t total_visible_angle = arclabel_calc_arc_text_total_angle(obj, &arc_r, 
 434:Middlewares/LVGL/lvgl/src/widgets/arclabel/lv_arclabel.c ****                                                                                       &processed_to
 435:Middlewares/LVGL/lvgl/src/widgets/arclabel/lv_arclabel.c **** 
 436:Middlewares/LVGL/lvgl/src/widgets/arclabel/lv_arclabel.c ****     const int32_t offset = arclabel->offset;
 437:Middlewares/LVGL/lvgl/src/widgets/arclabel/lv_arclabel.c ****     const lv_value_precise_t angle_offset = rad_to_deg(offset, arc_r);
 438:Middlewares/LVGL/lvgl/src/widgets/arclabel/lv_arclabel.c **** 
 439:Middlewares/LVGL/lvgl/src/widgets/arclabel/lv_arclabel.c ****     lv_value_precise_t angle_start = 0;
 440:Middlewares/LVGL/lvgl/src/widgets/arclabel/lv_arclabel.c ****     switch(arclabel->text_align_h) {
 441:Middlewares/LVGL/lvgl/src/widgets/arclabel/lv_arclabel.c ****         case LV_ARCLABEL_TEXT_ALIGN_LEADING:
 442:Middlewares/LVGL/lvgl/src/widgets/arclabel/lv_arclabel.c ****             angle_start = angle_offset;
 443:Middlewares/LVGL/lvgl/src/widgets/arclabel/lv_arclabel.c ****             break;
 444:Middlewares/LVGL/lvgl/src/widgets/arclabel/lv_arclabel.c ****         case LV_ARCLABEL_TEXT_ALIGN_CENTER:
 445:Middlewares/LVGL/lvgl/src/widgets/arclabel/lv_arclabel.c ****             angle_start = (arclabel->angle_size + angle_offset - total_visible_angle) / 2;
 446:Middlewares/LVGL/lvgl/src/widgets/arclabel/lv_arclabel.c ****             break;
 447:Middlewares/LVGL/lvgl/src/widgets/arclabel/lv_arclabel.c ****         case LV_ARCLABEL_TEXT_ALIGN_TRAILING:
 448:Middlewares/LVGL/lvgl/src/widgets/arclabel/lv_arclabel.c ****             angle_start = arclabel->angle_size - total_visible_angle;
 449:Middlewares/LVGL/lvgl/src/widgets/arclabel/lv_arclabel.c ****             break;
 450:Middlewares/LVGL/lvgl/src/widgets/arclabel/lv_arclabel.c ****         default:
 451:Middlewares/LVGL/lvgl/src/widgets/arclabel/lv_arclabel.c ****             break;
 452:Middlewares/LVGL/lvgl/src/widgets/arclabel/lv_arclabel.c ****     }
 453:Middlewares/LVGL/lvgl/src/widgets/arclabel/lv_arclabel.c **** 
 454:Middlewares/LVGL/lvgl/src/widgets/arclabel/lv_arclabel.c ****     bool draw_ellipsis = false;
 455:Middlewares/LVGL/lvgl/src/widgets/arclabel/lv_arclabel.c ****     int ellipsis_dot_index = 0;
 456:Middlewares/LVGL/lvgl/src/widgets/arclabel/lv_arclabel.c ****     uint32_t processed_word_count = 0;
 457:Middlewares/LVGL/lvgl/src/widgets/arclabel/lv_arclabel.c ****     lv_value_precise_t prev_letter_w = 0;
 458:Middlewares/LVGL/lvgl/src/widgets/arclabel/lv_arclabel.c ****     lv_value_precise_t total_arc_length = deg_to_rad(arclabel->angle_size, arc_r);
 459:Middlewares/LVGL/lvgl/src/widgets/arclabel/lv_arclabel.c ****     lv_value_precise_t curr_total_arc_length = deg_to_rad(angle_start, arc_r);
 460:Middlewares/LVGL/lvgl/src/widgets/arclabel/lv_arclabel.c ****     uint32_t letter = 0;
 461:Middlewares/LVGL/lvgl/src/widgets/arclabel/lv_arclabel.c ****     uint32_t letter_next = 0;
 462:Middlewares/LVGL/lvgl/src/widgets/arclabel/lv_arclabel.c ****     while(text) {
 463:Middlewares/LVGL/lvgl/src/widgets/arclabel/lv_arclabel.c ****         uint32_t word_i = 0;
 464:Middlewares/LVGL/lvgl/src/widgets/arclabel/lv_arclabel.c ****         uint32_t text_len = LV_TEXT_LEN_MAX;
 465:Middlewares/LVGL/lvgl/src/widgets/arclabel/lv_arclabel.c ****         lv_color_t recolor_color = color;
 466:Middlewares/LVGL/lvgl/src/widgets/arclabel/lv_arclabel.c ****         if(arclabel->recolor) text = recolor_cmd_get_next(text, LV_TEXT_LEN_MAX, &text_start, &text
 467:Middlewares/LVGL/lvgl/src/widgets/arclabel/lv_arclabel.c ****         else text = NULL;
 468:Middlewares/LVGL/lvgl/src/widgets/arclabel/lv_arclabel.c **** 
 469:Middlewares/LVGL/lvgl/src/widgets/arclabel/lv_arclabel.c **** 
 470:Middlewares/LVGL/lvgl/src/widgets/arclabel/lv_arclabel.c ****         while(word_i < text_len && (arclabel->overflow == LV_ARCLABEL_OVERFLOW_VISIBLE ||
 471:Middlewares/LVGL/lvgl/src/widgets/arclabel/lv_arclabel.c ****                                     curr_total_arc_length <= total_arc_length)) {
 472:Middlewares/LVGL/lvgl/src/widgets/arclabel/lv_arclabel.c ****             if(draw_ellipsis) {
 473:Middlewares/LVGL/lvgl/src/widgets/arclabel/lv_arclabel.c ****                 if(ellipsis_dot_index >= 3) break;
 474:Middlewares/LVGL/lvgl/src/widgets/arclabel/lv_arclabel.c ****                 letter = '.';
 475:Middlewares/LVGL/lvgl/src/widgets/arclabel/lv_arclabel.c ****                 letter_next = ellipsis_dot_index < 2 ? '.' : '\0';
 476:Middlewares/LVGL/lvgl/src/widgets/arclabel/lv_arclabel.c ****                 ellipsis_dot_index++;
 477:Middlewares/LVGL/lvgl/src/widgets/arclabel/lv_arclabel.c ****             }
 478:Middlewares/LVGL/lvgl/src/widgets/arclabel/lv_arclabel.c ****             else lv_text_encoded_letter_next_2(text_start, &letter, &letter_next, &word_i);
 479:Middlewares/LVGL/lvgl/src/widgets/arclabel/lv_arclabel.c **** 
 480:Middlewares/LVGL/lvgl/src/widgets/arclabel/lv_arclabel.c ****             const lv_value_precise_t letter_w = lv_font_get_glyph_width(font, letter, letter_next);
 481:Middlewares/LVGL/lvgl/src/widgets/arclabel/lv_arclabel.c **** 
 482:Middlewares/LVGL/lvgl/src/widgets/arclabel/lv_arclabel.c ****             if(processed_word_count > 0) {
 483:Middlewares/LVGL/lvgl/src/widgets/arclabel/lv_arclabel.c ****                 if(processed_word_count >= processed_total_word_count && arclabel->overflow != LV_A
 484:Middlewares/LVGL/lvgl/src/widgets/arclabel/lv_arclabel.c ****                    !draw_ellipsis) {
 485:Middlewares/LVGL/lvgl/src/widgets/arclabel/lv_arclabel.c ****                     if(need_ellipsis) {
 486:Middlewares/LVGL/lvgl/src/widgets/arclabel/lv_arclabel.c ****                         draw_ellipsis = true;
ARM GAS  C:\Users\w1785\AppData\Local\Temp\ccYSPyVl.s 			page 10


 487:Middlewares/LVGL/lvgl/src/widgets/arclabel/lv_arclabel.c ****                         continue;
 488:Middlewares/LVGL/lvgl/src/widgets/arclabel/lv_arclabel.c ****                     }
 489:Middlewares/LVGL/lvgl/src/widgets/arclabel/lv_arclabel.c ****                     break;
 490:Middlewares/LVGL/lvgl/src/widgets/arclabel/lv_arclabel.c ****                 }
 491:Middlewares/LVGL/lvgl/src/widgets/arclabel/lv_arclabel.c ****                 const lv_value_precise_t arc_offset = (prev_letter_w + letter_w + letter_space) / (
 492:Middlewares/LVGL/lvgl/src/widgets/arclabel/lv_arclabel.c ****                 curr_total_arc_length += arc_offset;
 493:Middlewares/LVGL/lvgl/src/widgets/arclabel/lv_arclabel.c ****             }
 494:Middlewares/LVGL/lvgl/src/widgets/arclabel/lv_arclabel.c **** 
 495:Middlewares/LVGL/lvgl/src/widgets/arclabel/lv_arclabel.c ****             const lv_value_precise_t curr_angle = arclabel->angle_start
 496:Middlewares/LVGL/lvgl/src/widgets/arclabel/lv_arclabel.c ****                                                   + rad_to_deg(arclabel->dir == LV_ARCLABEL_DIR_CLO
 497:Middlewares/LVGL/lvgl/src/widgets/arclabel/lv_arclabel.c ****                                                                ? curr_total_arc_length
 498:Middlewares/LVGL/lvgl/src/widgets/arclabel/lv_arclabel.c ****                                                                : total_arc_length - curr_total_arc_
 499:Middlewares/LVGL/lvgl/src/widgets/arclabel/lv_arclabel.c **** 
 500:Middlewares/LVGL/lvgl/src/widgets/arclabel/lv_arclabel.c **** #if LV_USE_FLOAT
 501:Middlewares/LVGL/lvgl/src/widgets/arclabel/lv_arclabel.c ****             const lv_value_precise_t x = cosf(deg_to_rad(curr_angle, 1)) * arc_r;
 502:Middlewares/LVGL/lvgl/src/widgets/arclabel/lv_arclabel.c ****             const lv_value_precise_t y = sinf(deg_to_rad(curr_angle, 1)) * arc_r;
 503:Middlewares/LVGL/lvgl/src/widgets/arclabel/lv_arclabel.c **** #else
 504:Middlewares/LVGL/lvgl/src/widgets/arclabel/lv_arclabel.c ****             const lv_value_precise_t x = (lv_value_precise_t)(lv_trigo_cos(curr_angle) * arc_r / 32
 505:Middlewares/LVGL/lvgl/src/widgets/arclabel/lv_arclabel.c ****             const lv_value_precise_t y = (lv_value_precise_t)(lv_trigo_sin(curr_angle) * arc_r / 32
 506:Middlewares/LVGL/lvgl/src/widgets/arclabel/lv_arclabel.c **** #endif
 507:Middlewares/LVGL/lvgl/src/widgets/arclabel/lv_arclabel.c **** 
 508:Middlewares/LVGL/lvgl/src/widgets/arclabel/lv_arclabel.c ****             lv_point_t point = {
 509:Middlewares/LVGL/lvgl/src/widgets/arclabel/lv_arclabel.c ****                 (int32_t)(x + (lv_value_precise_t)(lv_area_get_width(&coords) / 2 + coords.x1  + ar
 510:Middlewares/LVGL/lvgl/src/widgets/arclabel/lv_arclabel.c ****                 (int32_t)(y + (lv_value_precise_t)(lv_area_get_height(&coords) / 2 + coords.y1 + ar
 511:Middlewares/LVGL/lvgl/src/widgets/arclabel/lv_arclabel.c ****             };
 512:Middlewares/LVGL/lvgl/src/widgets/arclabel/lv_arclabel.c **** 
 513:Middlewares/LVGL/lvgl/src/widgets/arclabel/lv_arclabel.c ****             lv_draw_letter_dsc_t dsc;
 514:Middlewares/LVGL/lvgl/src/widgets/arclabel/lv_arclabel.c ****             lv_draw_letter_dsc_init(&dsc);
 515:Middlewares/LVGL/lvgl/src/widgets/arclabel/lv_arclabel.c ****             dsc.font = font;
 516:Middlewares/LVGL/lvgl/src/widgets/arclabel/lv_arclabel.c ****             dsc.color = arclabel->recolor ? recolor_color : color;
 517:Middlewares/LVGL/lvgl/src/widgets/arclabel/lv_arclabel.c ****             dsc.opa = opa;
 518:Middlewares/LVGL/lvgl/src/widgets/arclabel/lv_arclabel.c ****             if(arclabel->dir == LV_ARCLABEL_DIR_CLOCKWISE) dsc.rotation = (int32_t)((curr_angle + 9
 519:Middlewares/LVGL/lvgl/src/widgets/arclabel/lv_arclabel.c ****             else dsc.rotation = (int32_t)((curr_angle - 90) * 10);
 520:Middlewares/LVGL/lvgl/src/widgets/arclabel/lv_arclabel.c **** 
 521:Middlewares/LVGL/lvgl/src/widgets/arclabel/lv_arclabel.c ****             dsc.unicode = letter;
 522:Middlewares/LVGL/lvgl/src/widgets/arclabel/lv_arclabel.c ****             if(dsc.unicode == 0) {
 523:Middlewares/LVGL/lvgl/src/widgets/arclabel/lv_arclabel.c ****                 break;
 524:Middlewares/LVGL/lvgl/src/widgets/arclabel/lv_arclabel.c ****             }
 525:Middlewares/LVGL/lvgl/src/widgets/arclabel/lv_arclabel.c **** 
 526:Middlewares/LVGL/lvgl/src/widgets/arclabel/lv_arclabel.c ****             lv_draw_letter(layer, &dsc, &point);
 527:Middlewares/LVGL/lvgl/src/widgets/arclabel/lv_arclabel.c **** 
 528:Middlewares/LVGL/lvgl/src/widgets/arclabel/lv_arclabel.c ****             prev_letter_w = letter_w;
 529:Middlewares/LVGL/lvgl/src/widgets/arclabel/lv_arclabel.c ****             processed_word_count++;
 530:Middlewares/LVGL/lvgl/src/widgets/arclabel/lv_arclabel.c **** 
 531:Middlewares/LVGL/lvgl/src/widgets/arclabel/lv_arclabel.c **** #if LV_ARCLABEL_DEBUG
 532:Middlewares/LVGL/lvgl/src/widgets/arclabel/lv_arclabel.c ****             lv_draw_line_dsc_t line_dsc;
 533:Middlewares/LVGL/lvgl/src/widgets/arclabel/lv_arclabel.c ****             lv_draw_line_dsc_init(&line_dsc);
 534:Middlewares/LVGL/lvgl/src/widgets/arclabel/lv_arclabel.c ****             line_dsc.color = lv_color_make(0x11, 0x45, 0x14);
 535:Middlewares/LVGL/lvgl/src/widgets/arclabel/lv_arclabel.c ****             line_dsc.opa = LV_OPA_30;
 536:Middlewares/LVGL/lvgl/src/widgets/arclabel/lv_arclabel.c ****             line_dsc.width = 2;
 537:Middlewares/LVGL/lvgl/src/widgets/arclabel/lv_arclabel.c ****             line_dsc.p1 = (lv_point_precise_t) {
 538:Middlewares/LVGL/lvgl/src/widgets/arclabel/lv_arclabel.c ****                 .x = point.x,
 539:Middlewares/LVGL/lvgl/src/widgets/arclabel/lv_arclabel.c ****                 .y = point.y
 540:Middlewares/LVGL/lvgl/src/widgets/arclabel/lv_arclabel.c ****             };
 541:Middlewares/LVGL/lvgl/src/widgets/arclabel/lv_arclabel.c ****             line_dsc.p2 = (lv_point_precise_t) {
 542:Middlewares/LVGL/lvgl/src/widgets/arclabel/lv_arclabel.c ****                 .x = lv_area_get_width(&coords) / 2 + coords.x1,
 543:Middlewares/LVGL/lvgl/src/widgets/arclabel/lv_arclabel.c ****                 .y = lv_area_get_height(&coords) / 2 + coords.y1
ARM GAS  C:\Users\w1785\AppData\Local\Temp\ccYSPyVl.s 			page 11


 544:Middlewares/LVGL/lvgl/src/widgets/arclabel/lv_arclabel.c ****             };
 545:Middlewares/LVGL/lvgl/src/widgets/arclabel/lv_arclabel.c **** 
 546:Middlewares/LVGL/lvgl/src/widgets/arclabel/lv_arclabel.c ****             lv_draw_line(layer, &line_dsc);
 547:Middlewares/LVGL/lvgl/src/widgets/arclabel/lv_arclabel.c **** #endif
 548:Middlewares/LVGL/lvgl/src/widgets/arclabel/lv_arclabel.c ****         }
 549:Middlewares/LVGL/lvgl/src/widgets/arclabel/lv_arclabel.c ****     }
 550:Middlewares/LVGL/lvgl/src/widgets/arclabel/lv_arclabel.c **** }
 551:Middlewares/LVGL/lvgl/src/widgets/arclabel/lv_arclabel.c **** 
 552:Middlewares/LVGL/lvgl/src/widgets/arclabel/lv_arclabel.c **** static lv_value_precise_t arclabel_calc_arc_text_total_angle(lv_obj_t * obj, int32_t * arc_radius, 
 553:Middlewares/LVGL/lvgl/src/widgets/arclabel/lv_arclabel.c ****                                                              uint32_t * letter_count)
 554:Middlewares/LVGL/lvgl/src/widgets/arclabel/lv_arclabel.c **** {
 555:Middlewares/LVGL/lvgl/src/widgets/arclabel/lv_arclabel.c ****     lv_arclabel_t * arclabel = (lv_arclabel_t *)obj;
 556:Middlewares/LVGL/lvgl/src/widgets/arclabel/lv_arclabel.c **** 
 557:Middlewares/LVGL/lvgl/src/widgets/arclabel/lv_arclabel.c ****     const char * text = arclabel->text;
 558:Middlewares/LVGL/lvgl/src/widgets/arclabel/lv_arclabel.c ****     const char * text_start = text;
 559:Middlewares/LVGL/lvgl/src/widgets/arclabel/lv_arclabel.c **** 
 560:Middlewares/LVGL/lvgl/src/widgets/arclabel/lv_arclabel.c ****     lv_area_t coords;
 561:Middlewares/LVGL/lvgl/src/widgets/arclabel/lv_arclabel.c ****     lv_obj_get_content_coords(obj, &coords);
 562:Middlewares/LVGL/lvgl/src/widgets/arclabel/lv_arclabel.c **** 
 563:Middlewares/LVGL/lvgl/src/widgets/arclabel/lv_arclabel.c ****     const lv_font_t * font = lv_obj_get_style_text_font(obj, LV_PART_MAIN);
 564:Middlewares/LVGL/lvgl/src/widgets/arclabel/lv_arclabel.c ****     const int32_t letter_space = lv_obj_get_style_text_letter_space(obj, LV_PART_MAIN);
 565:Middlewares/LVGL/lvgl/src/widgets/arclabel/lv_arclabel.c **** 
 566:Middlewares/LVGL/lvgl/src/widgets/arclabel/lv_arclabel.c ****     const int32_t line_height = font->line_height;
 567:Middlewares/LVGL/lvgl/src/widgets/arclabel/lv_arclabel.c ****     const int32_t base_line = font->base_line;
 568:Middlewares/LVGL/lvgl/src/widgets/arclabel/lv_arclabel.c ****     int32_t arc_r_delta = 0;
 569:Middlewares/LVGL/lvgl/src/widgets/arclabel/lv_arclabel.c ****     int32_t arc_r = arclabel->radius;
 570:Middlewares/LVGL/lvgl/src/widgets/arclabel/lv_arclabel.c **** 
 571:Middlewares/LVGL/lvgl/src/widgets/arclabel/lv_arclabel.c ****     if(arc_r == LV_SIZE_CONTENT) arc_r = LV_PCT(100);
 572:Middlewares/LVGL/lvgl/src/widgets/arclabel/lv_arclabel.c ****     if(LV_COORD_IS_PCT(arc_r)) {
 573:Middlewares/LVGL/lvgl/src/widgets/arclabel/lv_arclabel.c ****         const int32_t width = lv_area_get_width(&coords);
 574:Middlewares/LVGL/lvgl/src/widgets/arclabel/lv_arclabel.c ****         const int32_t height = lv_area_get_height(&coords);
 575:Middlewares/LVGL/lvgl/src/widgets/arclabel/lv_arclabel.c ****         arc_r = lv_pct_to_px(arc_r, LV_MIN(width, height)) / 2;
 576:Middlewares/LVGL/lvgl/src/widgets/arclabel/lv_arclabel.c ****     }
 577:Middlewares/LVGL/lvgl/src/widgets/arclabel/lv_arclabel.c **** 
 578:Middlewares/LVGL/lvgl/src/widgets/arclabel/lv_arclabel.c ****     switch(arclabel->text_align_v) {
 579:Middlewares/LVGL/lvgl/src/widgets/arclabel/lv_arclabel.c ****         case LV_ARCLABEL_TEXT_ALIGN_LEADING:
 580:Middlewares/LVGL/lvgl/src/widgets/arclabel/lv_arclabel.c ****             arc_r_delta = line_height - base_line;
 581:Middlewares/LVGL/lvgl/src/widgets/arclabel/lv_arclabel.c ****             break;
 582:Middlewares/LVGL/lvgl/src/widgets/arclabel/lv_arclabel.c ****         case LV_ARCLABEL_TEXT_ALIGN_CENTER:
 583:Middlewares/LVGL/lvgl/src/widgets/arclabel/lv_arclabel.c ****             arc_r_delta = line_height / 2 - base_line;
 584:Middlewares/LVGL/lvgl/src/widgets/arclabel/lv_arclabel.c ****             break;
 585:Middlewares/LVGL/lvgl/src/widgets/arclabel/lv_arclabel.c ****         case LV_ARCLABEL_TEXT_ALIGN_TRAILING:
 586:Middlewares/LVGL/lvgl/src/widgets/arclabel/lv_arclabel.c ****             arc_r_delta = -base_line;
 587:Middlewares/LVGL/lvgl/src/widgets/arclabel/lv_arclabel.c ****             break;
 588:Middlewares/LVGL/lvgl/src/widgets/arclabel/lv_arclabel.c ****         default:
 589:Middlewares/LVGL/lvgl/src/widgets/arclabel/lv_arclabel.c ****             break;
 590:Middlewares/LVGL/lvgl/src/widgets/arclabel/lv_arclabel.c ****     }
 591:Middlewares/LVGL/lvgl/src/widgets/arclabel/lv_arclabel.c **** 
 592:Middlewares/LVGL/lvgl/src/widgets/arclabel/lv_arclabel.c ****     arc_r += arclabel->dir == LV_ARCLABEL_DIR_CLOCKWISE ? -arc_r_delta : arc_r_delta;
 593:Middlewares/LVGL/lvgl/src/widgets/arclabel/lv_arclabel.c ****     if(arc_radius != NULL) *arc_radius = arc_r;
 594:Middlewares/LVGL/lvgl/src/widgets/arclabel/lv_arclabel.c ****     lv_value_precise_t total_visible_angle = calc_arc_text_total_angle(text_start, font, arc_r,
 595:Middlewares/LVGL/lvgl/src/widgets/arclabel/lv_arclabel.c ****                                                                        arclabel->angle_size, letter
 596:Middlewares/LVGL/lvgl/src/widgets/arclabel/lv_arclabel.c ****                                                                        arclabel->overflow, arclabel
 597:Middlewares/LVGL/lvgl/src/widgets/arclabel/lv_arclabel.c ****     return total_visible_angle;
 598:Middlewares/LVGL/lvgl/src/widgets/arclabel/lv_arclabel.c **** }
 599:Middlewares/LVGL/lvgl/src/widgets/arclabel/lv_arclabel.c **** 
 600:Middlewares/LVGL/lvgl/src/widgets/arclabel/lv_arclabel.c **** static lv_value_precise_t calc_arc_text_total_angle(const char * text, const lv_font_t * font, cons
ARM GAS  C:\Users\w1785\AppData\Local\Temp\ccYSPyVl.s 			page 12


 601:Middlewares/LVGL/lvgl/src/widgets/arclabel/lv_arclabel.c ****                                                     const lv_value_precise_t angle_size, const int3
 602:Middlewares/LVGL/lvgl/src/widgets/arclabel/lv_arclabel.c ****                                                     const lv_arclabel_overflow_t overflow, bool end
 603:Middlewares/LVGL/lvgl/src/widgets/arclabel/lv_arclabel.c **** {
 604:Middlewares/LVGL/lvgl/src/widgets/arclabel/lv_arclabel.c ****     const char * text_start = text;
 605:Middlewares/LVGL/lvgl/src/widgets/arclabel/lv_arclabel.c ****     uint32_t processed_letter_count = 0;
 606:Middlewares/LVGL/lvgl/src/widgets/arclabel/lv_arclabel.c ****     lv_value_precise_t prev_letter_w = 0;
 607:Middlewares/LVGL/lvgl/src/widgets/arclabel/lv_arclabel.c ****     lv_value_precise_t first_letter_w = 0;
 608:Middlewares/LVGL/lvgl/src/widgets/arclabel/lv_arclabel.c ****     const lv_value_precise_t angle_size_in_arc_length = deg_to_rad(angle_size, radius);
 609:Middlewares/LVGL/lvgl/src/widgets/arclabel/lv_arclabel.c ****     lv_value_precise_t total_arc_length = 0;
 610:Middlewares/LVGL/lvgl/src/widgets/arclabel/lv_arclabel.c ****     lv_value_precise_t pre_total_arc_length = 0;
 611:Middlewares/LVGL/lvgl/src/widgets/arclabel/lv_arclabel.c ****     uint32_t pre_processed_letter_count = 0;
 612:Middlewares/LVGL/lvgl/src/widgets/arclabel/lv_arclabel.c ****     lv_value_precise_t ellipsis_arc_length = 0;
 613:Middlewares/LVGL/lvgl/src/widgets/arclabel/lv_arclabel.c ****     bool full = false;
 614:Middlewares/LVGL/lvgl/src/widgets/arclabel/lv_arclabel.c ****     uint32_t letter = 0;
 615:Middlewares/LVGL/lvgl/src/widgets/arclabel/lv_arclabel.c ****     uint32_t letter_next = 0;
 616:Middlewares/LVGL/lvgl/src/widgets/arclabel/lv_arclabel.c **** 
 617:Middlewares/LVGL/lvgl/src/widgets/arclabel/lv_arclabel.c ****     lv_value_precise_t available_arc_length = angle_size_in_arc_length;
 618:Middlewares/LVGL/lvgl/src/widgets/arclabel/lv_arclabel.c ****     if(overflow == LV_ARCLABEL_OVERFLOW_ELLIPSIS) {
 619:Middlewares/LVGL/lvgl/src/widgets/arclabel/lv_arclabel.c ****         lv_value_precise_t dot_width = lv_font_get_glyph_width(font, '.', '.');
 620:Middlewares/LVGL/lvgl/src/widgets/arclabel/lv_arclabel.c ****         ellipsis_arc_length = 3 * dot_width + 2 * letter_space;
 621:Middlewares/LVGL/lvgl/src/widgets/arclabel/lv_arclabel.c ****         if(available_arc_length > ellipsis_arc_length) available_arc_length -= ellipsis_arc_length;
 622:Middlewares/LVGL/lvgl/src/widgets/arclabel/lv_arclabel.c ****         else available_arc_length = 0;
 623:Middlewares/LVGL/lvgl/src/widgets/arclabel/lv_arclabel.c ****     }
 624:Middlewares/LVGL/lvgl/src/widgets/arclabel/lv_arclabel.c **** 
 625:Middlewares/LVGL/lvgl/src/widgets/arclabel/lv_arclabel.c ****     while(text) {
 626:Middlewares/LVGL/lvgl/src/widgets/arclabel/lv_arclabel.c ****         uint32_t word_i = 0;
 627:Middlewares/LVGL/lvgl/src/widgets/arclabel/lv_arclabel.c ****         uint32_t text_len = LV_TEXT_LEN_MAX;
 628:Middlewares/LVGL/lvgl/src/widgets/arclabel/lv_arclabel.c ****         if(recolor) text = recolor_cmd_get_next(text, LV_TEXT_LEN_MAX, &text_start, &text_len, NULL
 629:Middlewares/LVGL/lvgl/src/widgets/arclabel/lv_arclabel.c ****         else text = NULL;
 630:Middlewares/LVGL/lvgl/src/widgets/arclabel/lv_arclabel.c **** 
 631:Middlewares/LVGL/lvgl/src/widgets/arclabel/lv_arclabel.c ****         while(word_i < text_len) {
 632:Middlewares/LVGL/lvgl/src/widgets/arclabel/lv_arclabel.c ****             const lv_value_precise_t end_arc_w = end_overlap ? 0 : (first_letter_w + letter_space +
 633:Middlewares/LVGL/lvgl/src/widgets/arclabel/lv_arclabel.c ****                                                  (lv_value_precise_t)2;
 634:Middlewares/LVGL/lvgl/src/widgets/arclabel/lv_arclabel.c ****             if(total_arc_length + end_arc_w > available_arc_length) {
 635:Middlewares/LVGL/lvgl/src/widgets/arclabel/lv_arclabel.c ****                 full = true;
 636:Middlewares/LVGL/lvgl/src/widgets/arclabel/lv_arclabel.c ****                 break;
 637:Middlewares/LVGL/lvgl/src/widgets/arclabel/lv_arclabel.c ****             }
 638:Middlewares/LVGL/lvgl/src/widgets/arclabel/lv_arclabel.c **** 
 639:Middlewares/LVGL/lvgl/src/widgets/arclabel/lv_arclabel.c ****             pre_total_arc_length = total_arc_length;
 640:Middlewares/LVGL/lvgl/src/widgets/arclabel/lv_arclabel.c ****             pre_processed_letter_count = processed_letter_count;
 641:Middlewares/LVGL/lvgl/src/widgets/arclabel/lv_arclabel.c ****             lv_text_encoded_letter_next_2(text_start, &letter, &letter_next, &word_i);
 642:Middlewares/LVGL/lvgl/src/widgets/arclabel/lv_arclabel.c ****             const lv_value_precise_t letter_w = lv_font_get_glyph_width(font, letter, letter_next);
 643:Middlewares/LVGL/lvgl/src/widgets/arclabel/lv_arclabel.c **** 
 644:Middlewares/LVGL/lvgl/src/widgets/arclabel/lv_arclabel.c ****             if(processed_letter_count > 0) {
 645:Middlewares/LVGL/lvgl/src/widgets/arclabel/lv_arclabel.c ****                 const lv_value_precise_t arc_offset = (prev_letter_w + letter_w + letter_space) / (
 646:Middlewares/LVGL/lvgl/src/widgets/arclabel/lv_arclabel.c **** 
 647:Middlewares/LVGL/lvgl/src/widgets/arclabel/lv_arclabel.c ****                 total_arc_length += arc_offset;
 648:Middlewares/LVGL/lvgl/src/widgets/arclabel/lv_arclabel.c ****             }
 649:Middlewares/LVGL/lvgl/src/widgets/arclabel/lv_arclabel.c ****             else {
 650:Middlewares/LVGL/lvgl/src/widgets/arclabel/lv_arclabel.c ****                 first_letter_w = letter_w;
 651:Middlewares/LVGL/lvgl/src/widgets/arclabel/lv_arclabel.c ****             }
 652:Middlewares/LVGL/lvgl/src/widgets/arclabel/lv_arclabel.c **** 
 653:Middlewares/LVGL/lvgl/src/widgets/arclabel/lv_arclabel.c ****             if(letter == 0) break;
 654:Middlewares/LVGL/lvgl/src/widgets/arclabel/lv_arclabel.c **** 
 655:Middlewares/LVGL/lvgl/src/widgets/arclabel/lv_arclabel.c ****             prev_letter_w = letter_w;
 656:Middlewares/LVGL/lvgl/src/widgets/arclabel/lv_arclabel.c ****             processed_letter_count++;
 657:Middlewares/LVGL/lvgl/src/widgets/arclabel/lv_arclabel.c ****         }
ARM GAS  C:\Users\w1785\AppData\Local\Temp\ccYSPyVl.s 			page 13


 658:Middlewares/LVGL/lvgl/src/widgets/arclabel/lv_arclabel.c ****     }
 659:Middlewares/LVGL/lvgl/src/widgets/arclabel/lv_arclabel.c **** 
 660:Middlewares/LVGL/lvgl/src/widgets/arclabel/lv_arclabel.c ****     if(full && (overflow == LV_ARCLABEL_OVERFLOW_ELLIPSIS || overflow == LV_ARCLABEL_OVERFLOW_CLIP)
 661:Middlewares/LVGL/lvgl/src/widgets/arclabel/lv_arclabel.c ****         total_arc_length = pre_total_arc_length + (overflow == LV_ARCLABEL_OVERFLOW_ELLIPSIS
 662:Middlewares/LVGL/lvgl/src/widgets/arclabel/lv_arclabel.c ****                                                    ? ellipsis_arc_length
 663:Middlewares/LVGL/lvgl/src/widgets/arclabel/lv_arclabel.c ****                                                    : 0);
 664:Middlewares/LVGL/lvgl/src/widgets/arclabel/lv_arclabel.c ****         processed_letter_count = pre_processed_letter_count;
 665:Middlewares/LVGL/lvgl/src/widgets/arclabel/lv_arclabel.c ****     }
 666:Middlewares/LVGL/lvgl/src/widgets/arclabel/lv_arclabel.c **** 
 667:Middlewares/LVGL/lvgl/src/widgets/arclabel/lv_arclabel.c ****     if(need_ellipsis && full && overflow == LV_ARCLABEL_OVERFLOW_ELLIPSIS) *need_ellipsis = true;
 668:Middlewares/LVGL/lvgl/src/widgets/arclabel/lv_arclabel.c ****     if(letter_count) *letter_count = processed_letter_count;
 669:Middlewares/LVGL/lvgl/src/widgets/arclabel/lv_arclabel.c **** 
 670:Middlewares/LVGL/lvgl/src/widgets/arclabel/lv_arclabel.c ****     return rad_to_deg(total_arc_length, radius);
 671:Middlewares/LVGL/lvgl/src/widgets/arclabel/lv_arclabel.c **** }
 672:Middlewares/LVGL/lvgl/src/widgets/arclabel/lv_arclabel.c **** 
 673:Middlewares/LVGL/lvgl/src/widgets/arclabel/lv_arclabel.c **** static const char * recolor_cmd_get_next(const char * text_in, uint32_t len_in,
 674:Middlewares/LVGL/lvgl/src/widgets/arclabel/lv_arclabel.c ****                                          const char ** text_out, uint32_t * len_out,
 675:Middlewares/LVGL/lvgl/src/widgets/arclabel/lv_arclabel.c ****                                          lv_color_t * color_out)
 676:Middlewares/LVGL/lvgl/src/widgets/arclabel/lv_arclabel.c **** {
 677:Middlewares/LVGL/lvgl/src/widgets/arclabel/lv_arclabel.c ****     if(!text_in || len_in == 0 || *text_in == '\0') return NULL;
 678:Middlewares/LVGL/lvgl/src/widgets/arclabel/lv_arclabel.c **** 
 679:Middlewares/LVGL/lvgl/src/widgets/arclabel/lv_arclabel.c ****     const char * text = text_in;
 680:Middlewares/LVGL/lvgl/src/widgets/arclabel/lv_arclabel.c ****     uint32_t proc_len = 0;
 681:Middlewares/LVGL/lvgl/src/widgets/arclabel/lv_arclabel.c ****     bool has_cmd = false;
 682:Middlewares/LVGL/lvgl/src/widgets/arclabel/lv_arclabel.c **** 
 683:Middlewares/LVGL/lvgl/src/widgets/arclabel/lv_arclabel.c ****     if(*text == LV_TXT_COLOR_CMD[0]) {
 684:Middlewares/LVGL/lvgl/src/widgets/arclabel/lv_arclabel.c ****         if(len_in < 8) {
 685:Middlewares/LVGL/lvgl/src/widgets/arclabel/lv_arclabel.c ****             if(text_out) *text_out = text_in;
 686:Middlewares/LVGL/lvgl/src/widgets/arclabel/lv_arclabel.c ****             if(len_out) *len_out = len_in;
 687:Middlewares/LVGL/lvgl/src/widgets/arclabel/lv_arclabel.c ****             return NULL;
 688:Middlewares/LVGL/lvgl/src/widgets/arclabel/lv_arclabel.c ****         }
 689:Middlewares/LVGL/lvgl/src/widgets/arclabel/lv_arclabel.c ****         has_cmd = true;
 690:Middlewares/LVGL/lvgl/src/widgets/arclabel/lv_arclabel.c ****         text++;
 691:Middlewares/LVGL/lvgl/src/widgets/arclabel/lv_arclabel.c **** 
 692:Middlewares/LVGL/lvgl/src/widgets/arclabel/lv_arclabel.c ****         int32_t index = 0;
 693:Middlewares/LVGL/lvgl/src/widgets/arclabel/lv_arclabel.c ****         uint8_t color_buf[6];
 694:Middlewares/LVGL/lvgl/src/widgets/arclabel/lv_arclabel.c ****         while(*text && index < 6) {
 695:Middlewares/LVGL/lvgl/src/widgets/arclabel/lv_arclabel.c ****             uint8_t ch = text[index];
 696:Middlewares/LVGL/lvgl/src/widgets/arclabel/lv_arclabel.c ****             if(!((ch >= '0' && ch <= '9') || (ch >= 'A' && ch <= 'F') || (ch >= 'a' && ch <= 'f')))
 697:Middlewares/LVGL/lvgl/src/widgets/arclabel/lv_arclabel.c ****             if(ch >= 'a' && ch <= 'f')      ch -= 'a' - 10;
 698:Middlewares/LVGL/lvgl/src/widgets/arclabel/lv_arclabel.c ****             else if(ch >= 'A' && ch <= 'F') ch -= 'A' - 10;
 699:Middlewares/LVGL/lvgl/src/widgets/arclabel/lv_arclabel.c ****             else                            ch -= '0';
 700:Middlewares/LVGL/lvgl/src/widgets/arclabel/lv_arclabel.c ****             color_buf[index] = ch;
 701:Middlewares/LVGL/lvgl/src/widgets/arclabel/lv_arclabel.c ****             index++;
 702:Middlewares/LVGL/lvgl/src/widgets/arclabel/lv_arclabel.c ****         }
 703:Middlewares/LVGL/lvgl/src/widgets/arclabel/lv_arclabel.c **** 
 704:Middlewares/LVGL/lvgl/src/widgets/arclabel/lv_arclabel.c ****         const bool has_valid_param = index == 6 && text[index] == ' ';
 705:Middlewares/LVGL/lvgl/src/widgets/arclabel/lv_arclabel.c **** 
 706:Middlewares/LVGL/lvgl/src/widgets/arclabel/lv_arclabel.c ****         text += index;
 707:Middlewares/LVGL/lvgl/src/widgets/arclabel/lv_arclabel.c ****         if(has_valid_param && color_out)
 708:Middlewares/LVGL/lvgl/src/widgets/arclabel/lv_arclabel.c ****             *color_out = lv_color_make(color_buf[0] << 4 | color_buf[1],
 709:Middlewares/LVGL/lvgl/src/widgets/arclabel/lv_arclabel.c ****                                        color_buf[2] << 4 | color_buf[3],
 710:Middlewares/LVGL/lvgl/src/widgets/arclabel/lv_arclabel.c ****                                        color_buf[4] << 4 | color_buf[5]);
 711:Middlewares/LVGL/lvgl/src/widgets/arclabel/lv_arclabel.c **** 
 712:Middlewares/LVGL/lvgl/src/widgets/arclabel/lv_arclabel.c ****         proc_len = text - text_in;
 713:Middlewares/LVGL/lvgl/src/widgets/arclabel/lv_arclabel.c ****         while(proc_len < len_in && *text && *text++ != ' ') {
 714:Middlewares/LVGL/lvgl/src/widgets/arclabel/lv_arclabel.c ****             proc_len++;
ARM GAS  C:\Users\w1785\AppData\Local\Temp\ccYSPyVl.s 			page 14


 715:Middlewares/LVGL/lvgl/src/widgets/arclabel/lv_arclabel.c ****         }
 716:Middlewares/LVGL/lvgl/src/widgets/arclabel/lv_arclabel.c ****     }
 717:Middlewares/LVGL/lvgl/src/widgets/arclabel/lv_arclabel.c **** 
 718:Middlewares/LVGL/lvgl/src/widgets/arclabel/lv_arclabel.c ****     const char * text_segment_start = text;
 719:Middlewares/LVGL/lvgl/src/widgets/arclabel/lv_arclabel.c ****     while(proc_len < len_in && *text && *text != LV_TXT_COLOR_CMD[0]) {
 720:Middlewares/LVGL/lvgl/src/widgets/arclabel/lv_arclabel.c ****         text++;
 721:Middlewares/LVGL/lvgl/src/widgets/arclabel/lv_arclabel.c ****         proc_len++;
 722:Middlewares/LVGL/lvgl/src/widgets/arclabel/lv_arclabel.c ****     };
 723:Middlewares/LVGL/lvgl/src/widgets/arclabel/lv_arclabel.c ****     if(text_out) *text_out = text_segment_start;
 724:Middlewares/LVGL/lvgl/src/widgets/arclabel/lv_arclabel.c ****     if(len_out)  *len_out = text - text_segment_start;
 725:Middlewares/LVGL/lvgl/src/widgets/arclabel/lv_arclabel.c ****     if(*text == '\0')  return NULL;
 726:Middlewares/LVGL/lvgl/src/widgets/arclabel/lv_arclabel.c ****     if(has_cmd && *text == LV_TXT_COLOR_CMD[0]) {
 727:Middlewares/LVGL/lvgl/src/widgets/arclabel/lv_arclabel.c ****         text++;
 728:Middlewares/LVGL/lvgl/src/widgets/arclabel/lv_arclabel.c ****         proc_len++;
 729:Middlewares/LVGL/lvgl/src/widgets/arclabel/lv_arclabel.c ****     };
 730:Middlewares/LVGL/lvgl/src/widgets/arclabel/lv_arclabel.c **** 
 731:Middlewares/LVGL/lvgl/src/widgets/arclabel/lv_arclabel.c ****     return proc_len < len_in && *text ? text : NULL;
 732:Middlewares/LVGL/lvgl/src/widgets/arclabel/lv_arclabel.c **** }
 733:Middlewares/LVGL/lvgl/src/widgets/arclabel/lv_arclabel.c **** 
 734:Middlewares/LVGL/lvgl/src/widgets/arclabel/lv_arclabel.c **** static lv_value_precise_t deg_to_rad(lv_value_precise_t deg, int32_t radius)
 735:Middlewares/LVGL/lvgl/src/widgets/arclabel/lv_arclabel.c **** {
  29              		.loc 1 735 1 view -0
  30              		.cfi_startproc
  31              		@ args = 0, pretend = 0, frame = 0
  32              		@ frame_needed = 0, uses_anonymous_args = 0
  33              		@ link register save eliminated.
 736:Middlewares/LVGL/lvgl/src/widgets/arclabel/lv_arclabel.c **** #if LV_USE_FLOAT
 737:Middlewares/LVGL/lvgl/src/widgets/arclabel/lv_arclabel.c ****     return (lv_value_precise_t)(deg * radius * M_PI / 180);
 738:Middlewares/LVGL/lvgl/src/widgets/arclabel/lv_arclabel.c **** #else
 739:Middlewares/LVGL/lvgl/src/widgets/arclabel/lv_arclabel.c ****     return (lv_value_precise_t)((deg * radius * M_PI / 180) >> 8);
  34              		.loc 1 739 5 view .LVU1
  35              		.loc 1 739 38 is_stmt 0 view .LVU2
  36 0000 01FB00F0 		mul	r0, r1, r0
  37              	.LVL1:
  38              		.loc 1 739 47 view .LVU3
  39 0004 4FF44973 		mov	r3, #804
  40 0008 03FB00F0 		mul	r0, r3, r0
  41              		.loc 1 739 54 view .LVU4
  42 000c 044B     		ldr	r3, .L2
  43 000e 83FB0023 		smull	r2, r3, r3, r0
  44 0012 0344     		add	r3, r3, r0
  45 0014 C017     		asrs	r0, r0, #31
  46 0016 C0EBE310 		rsb	r0, r0, r3, asr #7
 740:Middlewares/LVGL/lvgl/src/widgets/arclabel/lv_arclabel.c **** #endif
 741:Middlewares/LVGL/lvgl/src/widgets/arclabel/lv_arclabel.c **** }
  47              		.loc 1 741 1 view .LVU5
  48 001a 0012     		asrs	r0, r0, #8
  49 001c 7047     		bx	lr
  50              	.L3:
  51 001e 00BF     		.align	2
  52              	.L2:
  53 0020 B7600BB6 		.word	-1240768329
  54              		.cfi_endproc
  55              	.LFE225:
  57              		.section	.text.rad_to_deg,"ax",%progbits
  58              		.align	1
  59              		.syntax unified
ARM GAS  C:\Users\w1785\AppData\Local\Temp\ccYSPyVl.s 			page 15


  60              		.thumb
  61              		.thumb_func
  63              	rad_to_deg:
  64              	.LVL2:
  65              	.LFB226:
 742:Middlewares/LVGL/lvgl/src/widgets/arclabel/lv_arclabel.c **** 
 743:Middlewares/LVGL/lvgl/src/widgets/arclabel/lv_arclabel.c **** static lv_value_precise_t rad_to_deg(lv_value_precise_t rad, int32_t radius)
 744:Middlewares/LVGL/lvgl/src/widgets/arclabel/lv_arclabel.c **** {
  66              		.loc 1 744 1 is_stmt 1 view -0
  67              		.cfi_startproc
  68              		@ args = 0, pretend = 0, frame = 0
  69              		@ frame_needed = 0, uses_anonymous_args = 0
  70              		@ link register save eliminated.
 745:Middlewares/LVGL/lvgl/src/widgets/arclabel/lv_arclabel.c **** #if LV_USE_FLOAT
 746:Middlewares/LVGL/lvgl/src/widgets/arclabel/lv_arclabel.c ****     return (lv_value_precise_t)(rad * 180 / M_PI / radius);
 747:Middlewares/LVGL/lvgl/src/widgets/arclabel/lv_arclabel.c **** #else
 748:Middlewares/LVGL/lvgl/src/widgets/arclabel/lv_arclabel.c ****     return (lv_value_precise_t)(((rad * 180) << 8) / M_PI / radius);
  71              		.loc 1 748 5 view .LVU7
  72              		.loc 1 748 39 is_stmt 0 view .LVU8
  73 0000 B423     		movs	r3, #180
  74 0002 00FB03F3 		mul	r3, r0, r3
  75              		.loc 1 748 46 view .LVU9
  76 0006 1B02     		lsls	r3, r3, #8
  77              		.loc 1 748 52 view .LVU10
  78 0008 044A     		ldr	r2, .L5
  79 000a 82FB0302 		smull	r0, r2, r2, r3
  80              	.LVL3:
  81              		.loc 1 748 52 view .LVU11
  82 000e DB17     		asrs	r3, r3, #31
  83 0010 C3EBE203 		rsb	r3, r3, r2, asr #3
 749:Middlewares/LVGL/lvgl/src/widgets/arclabel/lv_arclabel.c **** #endif
 750:Middlewares/LVGL/lvgl/src/widgets/arclabel/lv_arclabel.c **** }
  84              		.loc 1 750 1 view .LVU12
  85 0014 93FBF1F0 		sdiv	r0, r3, r1
  86 0018 7047     		bx	lr
  87              	.L6:
  88 001a 00BF     		.align	2
  89              	.L5:
  90 001c 79198C02 		.word	42735993
  91              		.cfi_endproc
  92              	.LFE226:
  94              		.section	.text.recolor_cmd_get_next,"ax",%progbits
  95              		.align	1
  96              		.syntax unified
  97              		.thumb
  98              		.thumb_func
 100              	recolor_cmd_get_next:
 101              	.LVL4:
 102              	.LFB224:
 676:Middlewares/LVGL/lvgl/src/widgets/arclabel/lv_arclabel.c ****     if(!text_in || len_in == 0 || *text_in == '\0') return NULL;
 103              		.loc 1 676 1 is_stmt 1 view -0
 104              		.cfi_startproc
 105              		@ args = 4, pretend = 0, frame = 8
 106              		@ frame_needed = 0, uses_anonymous_args = 0
 676:Middlewares/LVGL/lvgl/src/widgets/arclabel/lv_arclabel.c ****     if(!text_in || len_in == 0 || *text_in == '\0') return NULL;
 107              		.loc 1 676 1 is_stmt 0 view .LVU14
 108 0000 2DE9F041 		push	{r4, r5, r6, r7, r8, lr}
ARM GAS  C:\Users\w1785\AppData\Local\Temp\ccYSPyVl.s 			page 16


 109              	.LCFI0:
 110              		.cfi_def_cfa_offset 24
 111              		.cfi_offset 4, -24
 112              		.cfi_offset 5, -20
 113              		.cfi_offset 6, -16
 114              		.cfi_offset 7, -12
 115              		.cfi_offset 8, -8
 116              		.cfi_offset 14, -4
 117 0004 82B0     		sub	sp, sp, #8
 118              	.LCFI1:
 119              		.cfi_def_cfa_offset 32
 677:Middlewares/LVGL/lvgl/src/widgets/arclabel/lv_arclabel.c **** 
 120              		.loc 1 677 5 is_stmt 1 view .LVU15
 677:Middlewares/LVGL/lvgl/src/widgets/arclabel/lv_arclabel.c **** 
 121              		.loc 1 677 7 is_stmt 0 view .LVU16
 122 0006 0646     		mov	r6, r0
 123 0008 0028     		cmp	r0, #0
 124 000a 00F09A80 		beq	.L7
 125 000e 0D46     		mov	r5, r1
 126 0010 9046     		mov	r8, r2
 127 0012 1F46     		mov	r7, r3
 677:Middlewares/LVGL/lvgl/src/widgets/arclabel/lv_arclabel.c **** 
 128              		.loc 1 677 17 discriminator 2 view .LVU17
 129 0014 0029     		cmp	r1, #0
 130 0016 00F09D80 		beq	.L31
 677:Middlewares/LVGL/lvgl/src/widgets/arclabel/lv_arclabel.c **** 
 131              		.loc 1 677 35 discriminator 4 view .LVU18
 132 001a 0378     		ldrb	r3, [r0]	@ zero_extendqisi2
 133              	.LVL5:
 677:Middlewares/LVGL/lvgl/src/widgets/arclabel/lv_arclabel.c **** 
 134              		.loc 1 677 32 discriminator 4 view .LVU19
 135 001c 002B     		cmp	r3, #0
 136 001e 00F09B80 		beq	.L32
 679:Middlewares/LVGL/lvgl/src/widgets/arclabel/lv_arclabel.c ****     uint32_t proc_len = 0;
 137              		.loc 1 679 5 is_stmt 1 view .LVU20
 138              	.LVL6:
 680:Middlewares/LVGL/lvgl/src/widgets/arclabel/lv_arclabel.c ****     bool has_cmd = false;
 139              		.loc 1 680 5 view .LVU21
 681:Middlewares/LVGL/lvgl/src/widgets/arclabel/lv_arclabel.c **** 
 140              		.loc 1 681 5 view .LVU22
 683:Middlewares/LVGL/lvgl/src/widgets/arclabel/lv_arclabel.c ****         if(len_in < 8) {
 141              		.loc 1 683 5 view .LVU23
 683:Middlewares/LVGL/lvgl/src/widgets/arclabel/lv_arclabel.c ****         if(len_in < 8) {
 142              		.loc 1 683 7 is_stmt 0 view .LVU24
 143 0022 232B     		cmp	r3, #35
 144 0024 03D0     		beq	.L37
 681:Middlewares/LVGL/lvgl/src/widgets/arclabel/lv_arclabel.c **** 
 145              		.loc 1 681 10 view .LVU25
 146 0026 0023     		movs	r3, #0
 680:Middlewares/LVGL/lvgl/src/widgets/arclabel/lv_arclabel.c ****     bool has_cmd = false;
 147              		.loc 1 680 14 view .LVU26
 148 0028 9C46     		mov	ip, r3
 149              	.LVL7:
 150              	.L9:
 718:Middlewares/LVGL/lvgl/src/widgets/arclabel/lv_arclabel.c ****     while(proc_len < len_in && *text && *text != LV_TXT_COLOR_CMD[0]) {
 151              		.loc 1 718 5 is_stmt 1 view .LVU27
 719:Middlewares/LVGL/lvgl/src/widgets/arclabel/lv_arclabel.c ****         text++;
ARM GAS  C:\Users\w1785\AppData\Local\Temp\ccYSPyVl.s 			page 17


 152              		.loc 1 719 5 view .LVU28
 719:Middlewares/LVGL/lvgl/src/widgets/arclabel/lv_arclabel.c ****         text++;
 153              		.loc 1 719 10 is_stmt 0 view .LVU29
 154 002a 3046     		mov	r0, r6
 155 002c 72E0     		b	.L24
 156              	.LVL8:
 157              	.L37:
 158              	.LBB18:
 684:Middlewares/LVGL/lvgl/src/widgets/arclabel/lv_arclabel.c ****             if(text_out) *text_out = text_in;
 159              		.loc 1 684 9 is_stmt 1 view .LVU30
 684:Middlewares/LVGL/lvgl/src/widgets/arclabel/lv_arclabel.c ****             if(text_out) *text_out = text_in;
 160              		.loc 1 684 11 is_stmt 0 view .LVU31
 161 002e 0729     		cmp	r1, #7
 162 0030 03D9     		bls	.L38
 689:Middlewares/LVGL/lvgl/src/widgets/arclabel/lv_arclabel.c ****         text++;
 163              		.loc 1 689 9 is_stmt 1 view .LVU32
 164              	.LVL9:
 690:Middlewares/LVGL/lvgl/src/widgets/arclabel/lv_arclabel.c **** 
 165              		.loc 1 690 9 view .LVU33
 690:Middlewares/LVGL/lvgl/src/widgets/arclabel/lv_arclabel.c **** 
 166              		.loc 1 690 13 is_stmt 0 view .LVU34
 167 0032 00F1010C 		add	ip, r0, #1
 168              	.LVL10:
 692:Middlewares/LVGL/lvgl/src/widgets/arclabel/lv_arclabel.c ****         uint8_t color_buf[6];
 169              		.loc 1 692 9 is_stmt 1 view .LVU35
 693:Middlewares/LVGL/lvgl/src/widgets/arclabel/lv_arclabel.c ****         while(*text && index < 6) {
 170              		.loc 1 693 9 view .LVU36
 694:Middlewares/LVGL/lvgl/src/widgets/arclabel/lv_arclabel.c ****             uint8_t ch = text[index];
 171              		.loc 1 694 9 view .LVU37
 692:Middlewares/LVGL/lvgl/src/widgets/arclabel/lv_arclabel.c ****         uint8_t color_buf[6];
 172              		.loc 1 692 17 is_stmt 0 view .LVU38
 173 0036 0022     		movs	r2, #0
 174              	.LVL11:
 694:Middlewares/LVGL/lvgl/src/widgets/arclabel/lv_arclabel.c ****             uint8_t ch = text[index];
 175              		.loc 1 694 14 view .LVU39
 176 0038 13E0     		b	.L13
 177              	.LVL12:
 178              	.L38:
 685:Middlewares/LVGL/lvgl/src/widgets/arclabel/lv_arclabel.c ****             if(len_out) *len_out = len_in;
 179              		.loc 1 685 13 is_stmt 1 view .LVU40
 685:Middlewares/LVGL/lvgl/src/widgets/arclabel/lv_arclabel.c ****             if(len_out) *len_out = len_in;
 180              		.loc 1 685 15 is_stmt 0 view .LVU41
 181 003a 0AB1     		cbz	r2, .L11
 685:Middlewares/LVGL/lvgl/src/widgets/arclabel/lv_arclabel.c ****             if(len_out) *len_out = len_in;
 182              		.loc 1 685 26 is_stmt 1 discriminator 1 view .LVU42
 685:Middlewares/LVGL/lvgl/src/widgets/arclabel/lv_arclabel.c ****             if(len_out) *len_out = len_in;
 183              		.loc 1 685 36 is_stmt 0 discriminator 1 view .LVU43
 184 003c C8F80000 		str	r0, [r8]
 185              	.L11:
 686:Middlewares/LVGL/lvgl/src/widgets/arclabel/lv_arclabel.c ****             return NULL;
 186              		.loc 1 686 13 is_stmt 1 view .LVU44
 686:Middlewares/LVGL/lvgl/src/widgets/arclabel/lv_arclabel.c ****             return NULL;
 187              		.loc 1 686 15 is_stmt 0 view .LVU45
 188 0040 07B1     		cbz	r7, .L12
 686:Middlewares/LVGL/lvgl/src/widgets/arclabel/lv_arclabel.c ****             return NULL;
 189              		.loc 1 686 25 is_stmt 1 discriminator 1 view .LVU46
 686:Middlewares/LVGL/lvgl/src/widgets/arclabel/lv_arclabel.c ****             return NULL;
ARM GAS  C:\Users\w1785\AppData\Local\Temp\ccYSPyVl.s 			page 18


 190              		.loc 1 686 34 is_stmt 0 discriminator 1 view .LVU47
 191 0042 3D60     		str	r5, [r7]
 192              	.L12:
 687:Middlewares/LVGL/lvgl/src/widgets/arclabel/lv_arclabel.c ****         }
 193              		.loc 1 687 13 is_stmt 1 view .LVU48
 687:Middlewares/LVGL/lvgl/src/widgets/arclabel/lv_arclabel.c ****         }
 194              		.loc 1 687 20 is_stmt 0 view .LVU49
 195 0044 0020     		movs	r0, #0
 196              	.LVL13:
 687:Middlewares/LVGL/lvgl/src/widgets/arclabel/lv_arclabel.c ****         }
 197              		.loc 1 687 20 view .LVU50
 198 0046 7CE0     		b	.L7
 199              	.LVL14:
 200              	.L14:
 201              	.LBB19:
 698:Middlewares/LVGL/lvgl/src/widgets/arclabel/lv_arclabel.c ****             else                            ch -= '0';
 202              		.loc 1 698 18 is_stmt 1 view .LVU51
 698:Middlewares/LVGL/lvgl/src/widgets/arclabel/lv_arclabel.c ****             else                            ch -= '0';
 203              		.loc 1 698 31 is_stmt 0 view .LVU52
 204 0048 A1F14100 		sub	r0, r1, #65
 205 004c C0B2     		uxtb	r0, r0
 698:Middlewares/LVGL/lvgl/src/widgets/arclabel/lv_arclabel.c ****             else                            ch -= '0';
 206              		.loc 1 698 20 view .LVU53
 207 004e 0528     		cmp	r0, #5
 208 0050 01D8     		bhi	.L16
 698:Middlewares/LVGL/lvgl/src/widgets/arclabel/lv_arclabel.c ****             else                            ch -= '0';
 209              		.loc 1 698 45 is_stmt 1 discriminator 1 view .LVU54
 698:Middlewares/LVGL/lvgl/src/widgets/arclabel/lv_arclabel.c ****             else                            ch -= '0';
 210              		.loc 1 698 48 is_stmt 0 discriminator 1 view .LVU55
 211 0052 3739     		subs	r1, r1, #55
 212              	.LVL15:
 698:Middlewares/LVGL/lvgl/src/widgets/arclabel/lv_arclabel.c ****             else                            ch -= '0';
 213              		.loc 1 698 48 discriminator 1 view .LVU56
 214 0054 CBB2     		uxtb	r3, r1
 215              	.LVL16:
 216              	.L16:
 700:Middlewares/LVGL/lvgl/src/widgets/arclabel/lv_arclabel.c ****             index++;
 217              		.loc 1 700 13 is_stmt 1 view .LVU57
 700:Middlewares/LVGL/lvgl/src/widgets/arclabel/lv_arclabel.c ****             index++;
 218              		.loc 1 700 30 is_stmt 0 view .LVU58
 219 0056 02F10801 		add	r1, r2, #8
 220 005a 6944     		add	r1, sp, r1
 221 005c 01F8083C 		strb	r3, [r1, #-8]
 701:Middlewares/LVGL/lvgl/src/widgets/arclabel/lv_arclabel.c ****         }
 222              		.loc 1 701 13 is_stmt 1 view .LVU59
 701:Middlewares/LVGL/lvgl/src/widgets/arclabel/lv_arclabel.c ****         }
 223              		.loc 1 701 18 is_stmt 0 view .LVU60
 224 0060 0132     		adds	r2, r2, #1
 225              	.LVL17:
 226              	.L13:
 701:Middlewares/LVGL/lvgl/src/widgets/arclabel/lv_arclabel.c ****         }
 227              		.loc 1 701 18 view .LVU61
 228              	.LBE19:
 694:Middlewares/LVGL/lvgl/src/widgets/arclabel/lv_arclabel.c ****             uint8_t ch = text[index];
 229              		.loc 1 694 21 is_stmt 1 view .LVU62
 694:Middlewares/LVGL/lvgl/src/widgets/arclabel/lv_arclabel.c ****             uint8_t ch = text[index];
 230              		.loc 1 694 15 is_stmt 0 view .LVU63
ARM GAS  C:\Users\w1785\AppData\Local\Temp\ccYSPyVl.s 			page 19


 231 0062 7378     		ldrb	r3, [r6, #1]	@ zero_extendqisi2
 694:Middlewares/LVGL/lvgl/src/widgets/arclabel/lv_arclabel.c ****             uint8_t ch = text[index];
 232              		.loc 1 694 21 view .LVU64
 233 0064 B3B1     		cbz	r3, .L15
 694:Middlewares/LVGL/lvgl/src/widgets/arclabel/lv_arclabel.c ****             uint8_t ch = text[index];
 234              		.loc 1 694 21 discriminator 1 view .LVU65
 235 0066 052A     		cmp	r2, #5
 236 0068 14DC     		bgt	.L15
 237              	.LBB20:
 695:Middlewares/LVGL/lvgl/src/widgets/arclabel/lv_arclabel.c ****             if(!((ch >= '0' && ch <= '9') || (ch >= 'A' && ch <= 'F') || (ch >= 'a' && ch <= 'f')))
 238              		.loc 1 695 13 is_stmt 1 view .LVU66
 695:Middlewares/LVGL/lvgl/src/widgets/arclabel/lv_arclabel.c ****             if(!((ch >= '0' && ch <= '9') || (ch >= 'A' && ch <= 'F') || (ch >= 'a' && ch <= 'f')))
 239              		.loc 1 695 21 is_stmt 0 view .LVU67
 240 006a 1CF80210 		ldrb	r1, [ip, r2]	@ zero_extendqisi2
 241              	.LVL18:
 696:Middlewares/LVGL/lvgl/src/widgets/arclabel/lv_arclabel.c ****             if(ch >= 'a' && ch <= 'f')      ch -= 'a' - 10;
 242              		.loc 1 696 13 is_stmt 1 view .LVU68
 696:Middlewares/LVGL/lvgl/src/widgets/arclabel/lv_arclabel.c ****             if(ch >= 'a' && ch <= 'f')      ch -= 'a' - 10;
 243              		.loc 1 696 29 is_stmt 0 view .LVU69
 244 006e A1F13003 		sub	r3, r1, #48
 245 0072 DBB2     		uxtb	r3, r3
 696:Middlewares/LVGL/lvgl/src/widgets/arclabel/lv_arclabel.c ****             if(ch >= 'a' && ch <= 'f')      ch -= 'a' - 10;
 246              		.loc 1 696 15 view .LVU70
 247 0074 092B     		cmp	r3, #9
 248 0076 E7D9     		bls	.L14
 696:Middlewares/LVGL/lvgl/src/widgets/arclabel/lv_arclabel.c ****             if(ch >= 'a' && ch <= 'f')      ch -= 'a' - 10;
 249              		.loc 1 696 57 discriminator 1 view .LVU71
 250 0078 A1F14100 		sub	r0, r1, #65
 251 007c C0B2     		uxtb	r0, r0
 696:Middlewares/LVGL/lvgl/src/widgets/arclabel/lv_arclabel.c ****             if(ch >= 'a' && ch <= 'f')      ch -= 'a' - 10;
 252              		.loc 1 696 43 discriminator 1 view .LVU72
 253 007e 0528     		cmp	r0, #5
 254 0080 E2D9     		bls	.L14
 696:Middlewares/LVGL/lvgl/src/widgets/arclabel/lv_arclabel.c ****             if(ch >= 'a' && ch <= 'f')      ch -= 'a' - 10;
 255              		.loc 1 696 85 discriminator 2 view .LVU73
 256 0082 A1F16103 		sub	r3, r1, #97
 257 0086 DBB2     		uxtb	r3, r3
 696:Middlewares/LVGL/lvgl/src/widgets/arclabel/lv_arclabel.c ****             if(ch >= 'a' && ch <= 'f')      ch -= 'a' - 10;
 258              		.loc 1 696 16 discriminator 2 view .LVU74
 259 0088 052B     		cmp	r3, #5
 260 008a 03D8     		bhi	.L15
 697:Middlewares/LVGL/lvgl/src/widgets/arclabel/lv_arclabel.c ****             else if(ch >= 'A' && ch <= 'F') ch -= 'A' - 10;
 261              		.loc 1 697 13 is_stmt 1 view .LVU75
 697:Middlewares/LVGL/lvgl/src/widgets/arclabel/lv_arclabel.c ****             else if(ch >= 'A' && ch <= 'F') ch -= 'A' - 10;
 262              		.loc 1 697 45 discriminator 1 view .LVU76
 697:Middlewares/LVGL/lvgl/src/widgets/arclabel/lv_arclabel.c ****             else if(ch >= 'A' && ch <= 'F') ch -= 'A' - 10;
 263              		.loc 1 697 48 is_stmt 0 discriminator 1 view .LVU77
 264 008c A1F15703 		sub	r3, r1, #87
 265 0090 DBB2     		uxtb	r3, r3
 266              	.LVL19:
 697:Middlewares/LVGL/lvgl/src/widgets/arclabel/lv_arclabel.c ****             else if(ch >= 'A' && ch <= 'F') ch -= 'A' - 10;
 267              		.loc 1 697 48 discriminator 1 view .LVU78
 268 0092 E0E7     		b	.L16
 269              	.LVL20:
 270              	.L15:
 697:Middlewares/LVGL/lvgl/src/widgets/arclabel/lv_arclabel.c ****             else if(ch >= 'A' && ch <= 'F') ch -= 'A' - 10;
 271              		.loc 1 697 48 discriminator 1 view .LVU79
ARM GAS  C:\Users\w1785\AppData\Local\Temp\ccYSPyVl.s 			page 20


 272              	.LBE20:
 704:Middlewares/LVGL/lvgl/src/widgets/arclabel/lv_arclabel.c **** 
 273              		.loc 1 704 9 is_stmt 1 view .LVU80
 704:Middlewares/LVGL/lvgl/src/widgets/arclabel/lv_arclabel.c **** 
 274              		.loc 1 704 49 is_stmt 0 view .LVU81
 275 0094 062A     		cmp	r2, #6
 276 0096 04D0     		beq	.L39
 277              	.L18:
 278              	.LVL21:
 706:Middlewares/LVGL/lvgl/src/widgets/arclabel/lv_arclabel.c ****         if(has_valid_param && color_out)
 279              		.loc 1 706 9 is_stmt 1 view .LVU82
 706:Middlewares/LVGL/lvgl/src/widgets/arclabel/lv_arclabel.c ****         if(has_valid_param && color_out)
 280              		.loc 1 706 14 is_stmt 0 view .LVU83
 281 0098 0CEB0204 		add	r4, ip, r2
 282              	.LVL22:
 707:Middlewares/LVGL/lvgl/src/widgets/arclabel/lv_arclabel.c ****             *color_out = lv_color_make(color_buf[0] << 4 | color_buf[1],
 283              		.loc 1 707 9 is_stmt 1 view .LVU84
 284              	.L20:
 712:Middlewares/LVGL/lvgl/src/widgets/arclabel/lv_arclabel.c ****         while(proc_len < len_in && *text && *text++ != ' ') {
 285              		.loc 1 712 9 view .LVU85
 712:Middlewares/LVGL/lvgl/src/widgets/arclabel/lv_arclabel.c ****         while(proc_len < len_in && *text && *text++ != ' ') {
 286              		.loc 1 712 25 is_stmt 0 view .LVU86
 287 009c A4EB060C 		sub	ip, r4, r6
 288              	.LVL23:
 713:Middlewares/LVGL/lvgl/src/widgets/arclabel/lv_arclabel.c ****             proc_len++;
 289              		.loc 1 713 9 is_stmt 1 view .LVU87
 713:Middlewares/LVGL/lvgl/src/widgets/arclabel/lv_arclabel.c ****             proc_len++;
 290              		.loc 1 713 14 is_stmt 0 view .LVU88
 291 00a0 2BE0     		b	.L21
 292              	.LVL24:
 293              	.L39:
 704:Middlewares/LVGL/lvgl/src/widgets/arclabel/lv_arclabel.c **** 
 294              		.loc 1 704 56 discriminator 1 view .LVU89
 295 00a2 0CEB0204 		add	r4, ip, r2
 296 00a6 1CF80230 		ldrb	r3, [ip, r2]	@ zero_extendqisi2
 704:Middlewares/LVGL/lvgl/src/widgets/arclabel/lv_arclabel.c **** 
 297              		.loc 1 704 49 discriminator 1 view .LVU90
 298 00aa 202B     		cmp	r3, #32
 299 00ac F4D1     		bne	.L18
 300              	.LVL25:
 706:Middlewares/LVGL/lvgl/src/widgets/arclabel/lv_arclabel.c ****         if(has_valid_param && color_out)
 301              		.loc 1 706 9 is_stmt 1 view .LVU91
 707:Middlewares/LVGL/lvgl/src/widgets/arclabel/lv_arclabel.c ****             *color_out = lv_color_make(color_buf[0] << 4 | color_buf[1],
 302              		.loc 1 707 9 view .LVU92
 707:Middlewares/LVGL/lvgl/src/widgets/arclabel/lv_arclabel.c ****             *color_out = lv_color_make(color_buf[0] << 4 | color_buf[1],
 303              		.loc 1 707 28 is_stmt 0 discriminator 1 view .LVU93
 304 00ae 089B     		ldr	r3, [sp, #32]
 305 00b0 002B     		cmp	r3, #0
 306 00b2 F3D0     		beq	.L20
 708:Middlewares/LVGL/lvgl/src/widgets/arclabel/lv_arclabel.c ****                                        color_buf[2] << 4 | color_buf[3],
 307              		.loc 1 708 13 is_stmt 1 view .LVU94
 708:Middlewares/LVGL/lvgl/src/widgets/arclabel/lv_arclabel.c ****                                        color_buf[2] << 4 | color_buf[3],
 308              		.loc 1 708 49 is_stmt 0 view .LVU95
 309 00b4 9DF80030 		ldrb	r3, [sp]	@ zero_extendqisi2
 708:Middlewares/LVGL/lvgl/src/widgets/arclabel/lv_arclabel.c ****                                        color_buf[2] << 4 | color_buf[3],
 310              		.loc 1 708 69 view .LVU96
 311 00b8 9DF80100 		ldrb	r0, [sp, #1]	@ zero_extendqisi2
ARM GAS  C:\Users\w1785\AppData\Local\Temp\ccYSPyVl.s 			page 21


 709:Middlewares/LVGL/lvgl/src/widgets/arclabel/lv_arclabel.c ****                                        color_buf[4] << 4 | color_buf[5]);
 312              		.loc 1 709 49 view .LVU97
 313 00bc 9DF802C0 		ldrb	ip, [sp, #2]	@ zero_extendqisi2
 709:Middlewares/LVGL/lvgl/src/widgets/arclabel/lv_arclabel.c ****                                        color_buf[4] << 4 | color_buf[5]);
 314              		.loc 1 709 69 view .LVU98
 315 00c0 9DF80310 		ldrb	r1, [sp, #3]	@ zero_extendqisi2
 710:Middlewares/LVGL/lvgl/src/widgets/arclabel/lv_arclabel.c **** 
 316              		.loc 1 710 49 view .LVU99
 317 00c4 9DF804E0 		ldrb	lr, [sp, #4]	@ zero_extendqisi2
 710:Middlewares/LVGL/lvgl/src/widgets/arclabel/lv_arclabel.c **** 
 318              		.loc 1 710 69 view .LVU100
 319 00c8 9DF80520 		ldrb	r2, [sp, #5]	@ zero_extendqisi2
 320              	.LVL26:
 708:Middlewares/LVGL/lvgl/src/widgets/arclabel/lv_arclabel.c ****                                        color_buf[2] << 4 | color_buf[3],
 321              		.loc 1 708 26 view .LVU101
 322 00cc 42EA0E12 		orr	r2, r2, lr, lsl #4
 323 00d0 41EA0C11 		orr	r1, r1, ip, lsl #4
 324 00d4 40EA0310 		orr	r0, r0, r3, lsl #4
 325 00d8 D2B2     		uxtb	r2, r2
 326 00da C9B2     		uxtb	r1, r1
 327 00dc C0B2     		uxtb	r0, r0
 328 00de FFF7FEFF 		bl	lv_color_make
 329              	.LVL27:
 330 00e2 089B     		ldr	r3, [sp, #32]
 331 00e4 1870     		strb	r0, [r3]
 332 00e6 C0F30723 		ubfx	r3, r0, #8, #8
 333 00ea 089A     		ldr	r2, [sp, #32]
 334 00ec 5370     		strb	r3, [r2, #1]
 335 00ee C0F30740 		ubfx	r0, r0, #16, #8
 336 00f2 9070     		strb	r0, [r2, #2]
 337 00f4 D2E7     		b	.L20
 338              	.LVL28:
 339              	.L23:
 714:Middlewares/LVGL/lvgl/src/widgets/arclabel/lv_arclabel.c ****         }
 340              		.loc 1 714 13 is_stmt 1 view .LVU102
 714:Middlewares/LVGL/lvgl/src/widgets/arclabel/lv_arclabel.c ****         }
 341              		.loc 1 714 21 is_stmt 0 view .LVU103
 342 00f6 0CF1010C 		add	ip, ip, #1
 343              	.LVL29:
 344              	.L21:
 713:Middlewares/LVGL/lvgl/src/widgets/arclabel/lv_arclabel.c ****             proc_len++;
 345              		.loc 1 713 42 is_stmt 1 view .LVU104
 346 00fa AC45     		cmp	ip, r5
 347 00fc 04D2     		bcs	.L22
 713:Middlewares/LVGL/lvgl/src/widgets/arclabel/lv_arclabel.c ****             proc_len++;
 348              		.loc 1 713 36 is_stmt 0 discriminator 1 view .LVU105
 349 00fe 2378     		ldrb	r3, [r4]	@ zero_extendqisi2
 713:Middlewares/LVGL/lvgl/src/widgets/arclabel/lv_arclabel.c ****             proc_len++;
 350              		.loc 1 713 33 discriminator 1 view .LVU106
 351 0100 13B1     		cbz	r3, .L22
 713:Middlewares/LVGL/lvgl/src/widgets/arclabel/lv_arclabel.c ****             proc_len++;
 352              		.loc 1 713 50 discriminator 2 view .LVU107
 353 0102 0134     		adds	r4, r4, #1
 354              	.LVL30:
 713:Middlewares/LVGL/lvgl/src/widgets/arclabel/lv_arclabel.c ****             proc_len++;
 355              		.loc 1 713 42 discriminator 2 view .LVU108
 356 0104 202B     		cmp	r3, #32
ARM GAS  C:\Users\w1785\AppData\Local\Temp\ccYSPyVl.s 			page 22


 357 0106 F6D1     		bne	.L23
 358              	.L22:
 713:Middlewares/LVGL/lvgl/src/widgets/arclabel/lv_arclabel.c ****             proc_len++;
 359              		.loc 1 713 42 discriminator 2 view .LVU109
 360 0108 2646     		mov	r6, r4
 361              	.LVL31:
 689:Middlewares/LVGL/lvgl/src/widgets/arclabel/lv_arclabel.c ****         text++;
 362              		.loc 1 689 17 view .LVU110
 363 010a 0123     		movs	r3, #1
 364 010c 8DE7     		b	.L9
 365              	.LVL32:
 366              	.L26:
 689:Middlewares/LVGL/lvgl/src/widgets/arclabel/lv_arclabel.c ****         text++;
 367              		.loc 1 689 17 view .LVU111
 368              	.LBE18:
 720:Middlewares/LVGL/lvgl/src/widgets/arclabel/lv_arclabel.c ****         proc_len++;
 369              		.loc 1 720 9 is_stmt 1 view .LVU112
 720:Middlewares/LVGL/lvgl/src/widgets/arclabel/lv_arclabel.c ****         proc_len++;
 370              		.loc 1 720 13 is_stmt 0 view .LVU113
 371 010e 0130     		adds	r0, r0, #1
 372              	.LVL33:
 721:Middlewares/LVGL/lvgl/src/widgets/arclabel/lv_arclabel.c ****     };
 373              		.loc 1 721 9 is_stmt 1 view .LVU114
 721:Middlewares/LVGL/lvgl/src/widgets/arclabel/lv_arclabel.c ****     };
 374              		.loc 1 721 17 is_stmt 0 view .LVU115
 375 0110 0CF1010C 		add	ip, ip, #1
 376              	.LVL34:
 377              	.L24:
 719:Middlewares/LVGL/lvgl/src/widgets/arclabel/lv_arclabel.c ****         text++;
 378              		.loc 1 719 38 is_stmt 1 view .LVU116
 379 0114 AC45     		cmp	ip, r5
 380 0116 03D2     		bcs	.L25
 719:Middlewares/LVGL/lvgl/src/widgets/arclabel/lv_arclabel.c ****         text++;
 381              		.loc 1 719 32 is_stmt 0 discriminator 1 view .LVU117
 382 0118 0478     		ldrb	r4, [r0]	@ zero_extendqisi2
 719:Middlewares/LVGL/lvgl/src/widgets/arclabel/lv_arclabel.c ****         text++;
 383              		.loc 1 719 29 discriminator 1 view .LVU118
 384 011a 0CB1     		cbz	r4, .L25
 719:Middlewares/LVGL/lvgl/src/widgets/arclabel/lv_arclabel.c ****         text++;
 385              		.loc 1 719 38 discriminator 2 view .LVU119
 386 011c 232C     		cmp	r4, #35
 387 011e F6D1     		bne	.L26
 388              	.L25:
 722:Middlewares/LVGL/lvgl/src/widgets/arclabel/lv_arclabel.c ****     if(text_out) *text_out = text_segment_start;
 389              		.loc 1 722 6 is_stmt 1 view .LVU120
 723:Middlewares/LVGL/lvgl/src/widgets/arclabel/lv_arclabel.c ****     if(len_out)  *len_out = text - text_segment_start;
 390              		.loc 1 723 5 view .LVU121
 723:Middlewares/LVGL/lvgl/src/widgets/arclabel/lv_arclabel.c ****     if(len_out)  *len_out = text - text_segment_start;
 391              		.loc 1 723 7 is_stmt 0 view .LVU122
 392 0120 B8F1000F 		cmp	r8, #0
 393 0124 01D0     		beq	.L27
 723:Middlewares/LVGL/lvgl/src/widgets/arclabel/lv_arclabel.c ****     if(len_out)  *len_out = text - text_segment_start;
 394              		.loc 1 723 18 is_stmt 1 discriminator 1 view .LVU123
 723:Middlewares/LVGL/lvgl/src/widgets/arclabel/lv_arclabel.c ****     if(len_out)  *len_out = text - text_segment_start;
 395              		.loc 1 723 28 is_stmt 0 discriminator 1 view .LVU124
 396 0126 C8F80060 		str	r6, [r8]
 397              	.L27:
ARM GAS  C:\Users\w1785\AppData\Local\Temp\ccYSPyVl.s 			page 23


 724:Middlewares/LVGL/lvgl/src/widgets/arclabel/lv_arclabel.c ****     if(*text == '\0')  return NULL;
 398              		.loc 1 724 5 is_stmt 1 view .LVU125
 724:Middlewares/LVGL/lvgl/src/widgets/arclabel/lv_arclabel.c ****     if(*text == '\0')  return NULL;
 399              		.loc 1 724 7 is_stmt 0 view .LVU126
 400 012a 0FB1     		cbz	r7, .L28
 724:Middlewares/LVGL/lvgl/src/widgets/arclabel/lv_arclabel.c ****     if(*text == '\0')  return NULL;
 401              		.loc 1 724 18 is_stmt 1 discriminator 1 view .LVU127
 724:Middlewares/LVGL/lvgl/src/widgets/arclabel/lv_arclabel.c ****     if(*text == '\0')  return NULL;
 402              		.loc 1 724 34 is_stmt 0 discriminator 1 view .LVU128
 403 012c 861B     		subs	r6, r0, r6
 404              	.LVL35:
 724:Middlewares/LVGL/lvgl/src/widgets/arclabel/lv_arclabel.c ****     if(*text == '\0')  return NULL;
 405              		.loc 1 724 27 discriminator 1 view .LVU129
 406 012e 3E60     		str	r6, [r7]
 407              	.L28:
 725:Middlewares/LVGL/lvgl/src/widgets/arclabel/lv_arclabel.c ****     if(has_cmd && *text == LV_TXT_COLOR_CMD[0]) {
 408              		.loc 1 725 5 is_stmt 1 view .LVU130
 725:Middlewares/LVGL/lvgl/src/widgets/arclabel/lv_arclabel.c ****     if(has_cmd && *text == LV_TXT_COLOR_CMD[0]) {
 409              		.loc 1 725 8 is_stmt 0 view .LVU131
 410 0130 0278     		ldrb	r2, [r0]	@ zero_extendqisi2
 725:Middlewares/LVGL/lvgl/src/widgets/arclabel/lv_arclabel.c ****     if(has_cmd && *text == LV_TXT_COLOR_CMD[0]) {
 411              		.loc 1 725 7 view .LVU132
 412 0132 9AB1     		cbz	r2, .L34
 726:Middlewares/LVGL/lvgl/src/widgets/arclabel/lv_arclabel.c ****         text++;
 413              		.loc 1 726 5 is_stmt 1 view .LVU133
 726:Middlewares/LVGL/lvgl/src/widgets/arclabel/lv_arclabel.c ****         text++;
 414              		.loc 1 726 7 is_stmt 0 view .LVU134
 415 0134 0BB1     		cbz	r3, .L29
 726:Middlewares/LVGL/lvgl/src/widgets/arclabel/lv_arclabel.c ****         text++;
 416              		.loc 1 726 16 discriminator 1 view .LVU135
 417 0136 232A     		cmp	r2, #35
 418 0138 06D0     		beq	.L40
 419              	.LVL36:
 420              	.L29:
 729:Middlewares/LVGL/lvgl/src/widgets/arclabel/lv_arclabel.c **** 
 421              		.loc 1 729 6 is_stmt 1 view .LVU136
 731:Middlewares/LVGL/lvgl/src/widgets/arclabel/lv_arclabel.c **** }
 422              		.loc 1 731 5 view .LVU137
 731:Middlewares/LVGL/lvgl/src/widgets/arclabel/lv_arclabel.c **** }
 423              		.loc 1 731 46 is_stmt 0 view .LVU138
 424 013a AC45     		cmp	ip, r5
 425 013c 10D2     		bcs	.L35
 731:Middlewares/LVGL/lvgl/src/widgets/arclabel/lv_arclabel.c **** }
 426              		.loc 1 731 33 discriminator 1 view .LVU139
 427 013e 0378     		ldrb	r3, [r0]	@ zero_extendqisi2
 428              	.LVL37:
 731:Middlewares/LVGL/lvgl/src/widgets/arclabel/lv_arclabel.c **** }
 429              		.loc 1 731 30 discriminator 1 view .LVU140
 430 0140 33B1     		cbz	r3, .L41
 431              	.LVL38:
 432              	.L7:
 732:Middlewares/LVGL/lvgl/src/widgets/arclabel/lv_arclabel.c **** 
 433              		.loc 1 732 1 view .LVU141
 434 0142 02B0     		add	sp, sp, #8
 435              	.LCFI2:
 436              		.cfi_remember_state
 437              		.cfi_def_cfa_offset 24
ARM GAS  C:\Users\w1785\AppData\Local\Temp\ccYSPyVl.s 			page 24


 438              		@ sp needed
 439 0144 BDE8F081 		pop	{r4, r5, r6, r7, r8, pc}
 440              	.LVL39:
 441              	.L40:
 442              	.LCFI3:
 443              		.cfi_restore_state
 727:Middlewares/LVGL/lvgl/src/widgets/arclabel/lv_arclabel.c ****         proc_len++;
 444              		.loc 1 727 9 is_stmt 1 view .LVU142
 727:Middlewares/LVGL/lvgl/src/widgets/arclabel/lv_arclabel.c ****         proc_len++;
 445              		.loc 1 727 13 is_stmt 0 view .LVU143
 446 0148 0130     		adds	r0, r0, #1
 447              	.LVL40:
 728:Middlewares/LVGL/lvgl/src/widgets/arclabel/lv_arclabel.c ****     };
 448              		.loc 1 728 9 is_stmt 1 view .LVU144
 728:Middlewares/LVGL/lvgl/src/widgets/arclabel/lv_arclabel.c ****     };
 449              		.loc 1 728 17 is_stmt 0 view .LVU145
 450 014a 0CF1010C 		add	ip, ip, #1
 451              	.LVL41:
 728:Middlewares/LVGL/lvgl/src/widgets/arclabel/lv_arclabel.c ****     };
 452              		.loc 1 728 17 view .LVU146
 453 014e F4E7     		b	.L29
 454              	.LVL42:
 455              	.L41:
 731:Middlewares/LVGL/lvgl/src/widgets/arclabel/lv_arclabel.c **** }
 456              		.loc 1 731 46 discriminator 4 view .LVU147
 457 0150 0020     		movs	r0, #0
 458              	.LVL43:
 731:Middlewares/LVGL/lvgl/src/widgets/arclabel/lv_arclabel.c **** }
 459              		.loc 1 731 46 discriminator 4 view .LVU148
 460 0152 F6E7     		b	.L7
 461              	.LVL44:
 462              	.L31:
 677:Middlewares/LVGL/lvgl/src/widgets/arclabel/lv_arclabel.c **** 
 463              		.loc 1 677 60 discriminator 5 view .LVU149
 464 0154 0020     		movs	r0, #0
 465              	.LVL45:
 677:Middlewares/LVGL/lvgl/src/widgets/arclabel/lv_arclabel.c **** 
 466              		.loc 1 677 60 discriminator 5 view .LVU150
 467 0156 F4E7     		b	.L7
 468              	.LVL46:
 469              	.L32:
 677:Middlewares/LVGL/lvgl/src/widgets/arclabel/lv_arclabel.c **** 
 470              		.loc 1 677 60 discriminator 5 view .LVU151
 471 0158 0020     		movs	r0, #0
 472              	.LVL47:
 677:Middlewares/LVGL/lvgl/src/widgets/arclabel/lv_arclabel.c **** 
 473              		.loc 1 677 60 discriminator 5 view .LVU152
 474 015a F2E7     		b	.L7
 475              	.LVL48:
 476              	.L34:
 725:Middlewares/LVGL/lvgl/src/widgets/arclabel/lv_arclabel.c ****     if(has_cmd && *text == LV_TXT_COLOR_CMD[0]) {
 477              		.loc 1 725 31 discriminator 1 view .LVU153
 478 015c 0020     		movs	r0, #0
 479              	.LVL49:
 725:Middlewares/LVGL/lvgl/src/widgets/arclabel/lv_arclabel.c ****     if(has_cmd && *text == LV_TXT_COLOR_CMD[0]) {
 480              		.loc 1 725 31 discriminator 1 view .LVU154
 481 015e F0E7     		b	.L7
ARM GAS  C:\Users\w1785\AppData\Local\Temp\ccYSPyVl.s 			page 25


 482              	.LVL50:
 483              	.L35:
 731:Middlewares/LVGL/lvgl/src/widgets/arclabel/lv_arclabel.c **** }
 484              		.loc 1 731 46 discriminator 4 view .LVU155
 485 0160 0020     		movs	r0, #0
 486              	.LVL51:
 731:Middlewares/LVGL/lvgl/src/widgets/arclabel/lv_arclabel.c **** }
 487              		.loc 1 731 46 discriminator 4 view .LVU156
 488 0162 EEE7     		b	.L7
 489              		.cfi_endproc
 490              	.LFE224:
 492              		.section	.text.calc_arc_text_total_angle,"ax",%progbits
 493              		.align	1
 494              		.syntax unified
 495              		.thumb
 496              		.thumb_func
 498              	calc_arc_text_total_angle:
 499              	.LVL52:
 500              	.LFB223:
 603:Middlewares/LVGL/lvgl/src/widgets/arclabel/lv_arclabel.c ****     const char * text_start = text;
 501              		.loc 1 603 1 is_stmt 1 view -0
 502              		.cfi_startproc
 503              		@ args = 24, pretend = 0, frame = 56
 504              		@ frame_needed = 0, uses_anonymous_args = 0
 603:Middlewares/LVGL/lvgl/src/widgets/arclabel/lv_arclabel.c ****     const char * text_start = text;
 505              		.loc 1 603 1 is_stmt 0 view .LVU158
 506 0000 2DE9F04F 		push	{r4, r5, r6, r7, r8, r9, r10, fp, lr}
 507              	.LCFI4:
 508              		.cfi_def_cfa_offset 36
 509              		.cfi_offset 4, -36
 510              		.cfi_offset 5, -32
 511              		.cfi_offset 6, -28
 512              		.cfi_offset 7, -24
 513              		.cfi_offset 8, -20
 514              		.cfi_offset 9, -16
 515              		.cfi_offset 10, -12
 516              		.cfi_offset 11, -8
 517              		.cfi_offset 14, -4
 518 0004 91B0     		sub	sp, sp, #68
 519              	.LCFI5:
 520              		.cfi_def_cfa_offset 104
 521 0006 0490     		str	r0, [sp, #16]
 522 0008 8946     		mov	r9, r1
 523 000a 0792     		str	r2, [sp, #28]
 524 000c DDF868A0 		ldr	r10, [sp, #104]
 525 0010 9DF86C40 		ldrb	r4, [sp, #108]	@ zero_extendqisi2
 526 0014 0594     		str	r4, [sp, #20]
 527 0016 9DF87040 		ldrb	r4, [sp, #112]	@ zero_extendqisi2
 528 001a 0894     		str	r4, [sp, #32]
 529 001c 9DF87480 		ldrb	r8, [sp, #116]	@ zero_extendqisi2
 604:Middlewares/LVGL/lvgl/src/widgets/arclabel/lv_arclabel.c ****     uint32_t processed_letter_count = 0;
 530              		.loc 1 604 5 is_stmt 1 view .LVU159
 604:Middlewares/LVGL/lvgl/src/widgets/arclabel/lv_arclabel.c ****     uint32_t processed_letter_count = 0;
 531              		.loc 1 604 18 is_stmt 0 view .LVU160
 532 0020 0F90     		str	r0, [sp, #60]
 605:Middlewares/LVGL/lvgl/src/widgets/arclabel/lv_arclabel.c ****     lv_value_precise_t prev_letter_w = 0;
 533              		.loc 1 605 5 is_stmt 1 view .LVU161
ARM GAS  C:\Users\w1785\AppData\Local\Temp\ccYSPyVl.s 			page 26


 534              	.LVL53:
 606:Middlewares/LVGL/lvgl/src/widgets/arclabel/lv_arclabel.c ****     lv_value_precise_t first_letter_w = 0;
 535              		.loc 1 606 5 view .LVU162
 607:Middlewares/LVGL/lvgl/src/widgets/arclabel/lv_arclabel.c ****     const lv_value_precise_t angle_size_in_arc_length = deg_to_rad(angle_size, radius);
 536              		.loc 1 607 5 view .LVU163
 608:Middlewares/LVGL/lvgl/src/widgets/arclabel/lv_arclabel.c ****     lv_value_precise_t total_arc_length = 0;
 537              		.loc 1 608 5 view .LVU164
 608:Middlewares/LVGL/lvgl/src/widgets/arclabel/lv_arclabel.c ****     lv_value_precise_t total_arc_length = 0;
 538              		.loc 1 608 57 is_stmt 0 view .LVU165
 539 0022 1146     		mov	r1, r2
 540              	.LVL54:
 608:Middlewares/LVGL/lvgl/src/widgets/arclabel/lv_arclabel.c ****     lv_value_precise_t total_arc_length = 0;
 541              		.loc 1 608 57 view .LVU166
 542 0024 1846     		mov	r0, r3
 543              	.LVL55:
 608:Middlewares/LVGL/lvgl/src/widgets/arclabel/lv_arclabel.c ****     lv_value_precise_t total_arc_length = 0;
 544              		.loc 1 608 57 view .LVU167
 545 0026 FFF7FEFF 		bl	deg_to_rad
 546              	.LVL56:
 608:Middlewares/LVGL/lvgl/src/widgets/arclabel/lv_arclabel.c ****     lv_value_precise_t total_arc_length = 0;
 547              		.loc 1 608 57 view .LVU168
 548 002a 0746     		mov	r7, r0
 549              	.LVL57:
 609:Middlewares/LVGL/lvgl/src/widgets/arclabel/lv_arclabel.c ****     lv_value_precise_t pre_total_arc_length = 0;
 550              		.loc 1 609 5 is_stmt 1 view .LVU169
 610:Middlewares/LVGL/lvgl/src/widgets/arclabel/lv_arclabel.c ****     uint32_t pre_processed_letter_count = 0;
 551              		.loc 1 610 5 view .LVU170
 611:Middlewares/LVGL/lvgl/src/widgets/arclabel/lv_arclabel.c ****     lv_value_precise_t ellipsis_arc_length = 0;
 552              		.loc 1 611 5 view .LVU171
 612:Middlewares/LVGL/lvgl/src/widgets/arclabel/lv_arclabel.c ****     bool full = false;
 553              		.loc 1 612 5 view .LVU172
 613:Middlewares/LVGL/lvgl/src/widgets/arclabel/lv_arclabel.c ****     uint32_t letter = 0;
 554              		.loc 1 613 5 view .LVU173
 614:Middlewares/LVGL/lvgl/src/widgets/arclabel/lv_arclabel.c ****     uint32_t letter_next = 0;
 555              		.loc 1 614 5 view .LVU174
 614:Middlewares/LVGL/lvgl/src/widgets/arclabel/lv_arclabel.c ****     uint32_t letter_next = 0;
 556              		.loc 1 614 14 is_stmt 0 view .LVU175
 557 002c 0023     		movs	r3, #0
 558 002e 0E93     		str	r3, [sp, #56]
 615:Middlewares/LVGL/lvgl/src/widgets/arclabel/lv_arclabel.c **** 
 559              		.loc 1 615 5 is_stmt 1 view .LVU176
 615:Middlewares/LVGL/lvgl/src/widgets/arclabel/lv_arclabel.c **** 
 560              		.loc 1 615 14 is_stmt 0 view .LVU177
 561 0030 0D93     		str	r3, [sp, #52]
 617:Middlewares/LVGL/lvgl/src/widgets/arclabel/lv_arclabel.c ****     if(overflow == LV_ARCLABEL_OVERFLOW_ELLIPSIS) {
 562              		.loc 1 617 5 is_stmt 1 view .LVU178
 563              	.LVL58:
 618:Middlewares/LVGL/lvgl/src/widgets/arclabel/lv_arclabel.c ****         lv_value_precise_t dot_width = lv_font_get_glyph_width(font, '.', '.');
 564              		.loc 1 618 5 view .LVU179
 618:Middlewares/LVGL/lvgl/src/widgets/arclabel/lv_arclabel.c ****         lv_value_precise_t dot_width = lv_font_get_glyph_width(font, '.', '.');
 565              		.loc 1 618 7 is_stmt 0 view .LVU180
 566 0032 012C     		cmp	r4, #1
 567 0034 0AD0     		beq	.L65
 612:Middlewares/LVGL/lvgl/src/widgets/arclabel/lv_arclabel.c ****     bool full = false;
 568              		.loc 1 612 24 view .LVU181
 569 0036 0023     		movs	r3, #0
 570 0038 0993     		str	r3, [sp, #36]
ARM GAS  C:\Users\w1785\AppData\Local\Temp\ccYSPyVl.s 			page 27


 571              	.LVL59:
 572              	.L43:
 612:Middlewares/LVGL/lvgl/src/widgets/arclabel/lv_arclabel.c ****     bool full = false;
 573              		.loc 1 612 24 view .LVU182
 574 003a 0023     		movs	r3, #0
 575 003c 1D46     		mov	r5, r3
 576 003e 0693     		str	r3, [sp, #24]
 577 0040 0393     		str	r3, [sp, #12]
 578 0042 0293     		str	r3, [sp, #8]
 579 0044 1C46     		mov	r4, r3
 580 0046 9B46     		mov	fp, r3
 581 0048 1E46     		mov	r6, r3
 582 004a 4AE0     		b	.L50
 583              	.LVL60:
 584              	.L65:
 585              	.LBB21:
 619:Middlewares/LVGL/lvgl/src/widgets/arclabel/lv_arclabel.c ****         ellipsis_arc_length = 3 * dot_width + 2 * letter_space;
 586              		.loc 1 619 9 is_stmt 1 view .LVU183
 619:Middlewares/LVGL/lvgl/src/widgets/arclabel/lv_arclabel.c ****         ellipsis_arc_length = 3 * dot_width + 2 * letter_space;
 587              		.loc 1 619 40 is_stmt 0 view .LVU184
 588 004c 2E22     		movs	r2, #46
 589 004e 1146     		mov	r1, r2
 590 0050 4846     		mov	r0, r9
 591              	.LVL61:
 619:Middlewares/LVGL/lvgl/src/widgets/arclabel/lv_arclabel.c ****         ellipsis_arc_length = 3 * dot_width + 2 * letter_space;
 592              		.loc 1 619 40 view .LVU185
 593 0052 FFF7FEFF 		bl	lv_font_get_glyph_width
 594              	.LVL62:
 620:Middlewares/LVGL/lvgl/src/widgets/arclabel/lv_arclabel.c ****         if(available_arc_length > ellipsis_arc_length) available_arc_length -= ellipsis_arc_length;
 595              		.loc 1 620 9 is_stmt 1 view .LVU186
 620:Middlewares/LVGL/lvgl/src/widgets/arclabel/lv_arclabel.c ****         if(available_arc_length > ellipsis_arc_length) available_arc_length -= ellipsis_arc_length;
 596              		.loc 1 620 33 is_stmt 0 view .LVU187
 597 0056 00EB4000 		add	r0, r0, r0, lsl #1
 598              	.LVL63:
 620:Middlewares/LVGL/lvgl/src/widgets/arclabel/lv_arclabel.c ****         if(available_arc_length > ellipsis_arc_length) available_arc_length -= ellipsis_arc_length;
 599              		.loc 1 620 29 view .LVU188
 600 005a 00EB4A03 		add	r3, r0, r10, lsl #1
 601 005e 0993     		str	r3, [sp, #36]
 602              	.LVL64:
 621:Middlewares/LVGL/lvgl/src/widgets/arclabel/lv_arclabel.c ****         else available_arc_length = 0;
 603              		.loc 1 621 9 is_stmt 1 view .LVU189
 621:Middlewares/LVGL/lvgl/src/widgets/arclabel/lv_arclabel.c ****         else available_arc_length = 0;
 604              		.loc 1 621 11 is_stmt 0 view .LVU190
 605 0060 9F42     		cmp	r7, r3
 606 0062 4FDD     		ble	.L57
 621:Middlewares/LVGL/lvgl/src/widgets/arclabel/lv_arclabel.c ****         else available_arc_length = 0;
 607              		.loc 1 621 56 is_stmt 1 discriminator 1 view .LVU191
 621:Middlewares/LVGL/lvgl/src/widgets/arclabel/lv_arclabel.c ****         else available_arc_length = 0;
 608              		.loc 1 621 77 is_stmt 0 discriminator 1 view .LVU192
 609 0064 FF1A     		subs	r7, r7, r3
 610              	.LVL65:
 621:Middlewares/LVGL/lvgl/src/widgets/arclabel/lv_arclabel.c ****         else available_arc_length = 0;
 611              		.loc 1 621 77 discriminator 1 view .LVU193
 612 0066 E8E7     		b	.L43
 613              	.LVL66:
 614              	.L67:
 621:Middlewares/LVGL/lvgl/src/widgets/arclabel/lv_arclabel.c ****         else available_arc_length = 0;
ARM GAS  C:\Users\w1785\AppData\Local\Temp\ccYSPyVl.s 			page 28


 615              		.loc 1 621 77 discriminator 1 view .LVU194
 616              	.LBE21:
 617              	.LBB22:
 628:Middlewares/LVGL/lvgl/src/widgets/arclabel/lv_arclabel.c ****         else text = NULL;
 618              		.loc 1 628 21 is_stmt 1 discriminator 1 view .LVU195
 628:Middlewares/LVGL/lvgl/src/widgets/arclabel/lv_arclabel.c ****         else text = NULL;
 619              		.loc 1 628 28 is_stmt 0 discriminator 1 view .LVU196
 620 0068 0023     		movs	r3, #0
 621 006a 0093     		str	r3, [sp]
 622 006c 0CAB     		add	r3, sp, #48
 623 006e 0FAA     		add	r2, sp, #60
 624 0070 4FF0FF31 		mov	r1, #-1
 625 0074 0498     		ldr	r0, [sp, #16]
 626 0076 FFF7FEFF 		bl	recolor_cmd_get_next
 627              	.LVL67:
 628 007a 0490     		str	r0, [sp, #16]
 629              	.LVL68:
 628:Middlewares/LVGL/lvgl/src/widgets/arclabel/lv_arclabel.c ****         else text = NULL;
 630              		.loc 1 628 28 discriminator 1 view .LVU197
 631 007c 0BE0     		b	.L48
 632              	.LVL69:
 633              	.L59:
 634              	.LBB23:
 632:Middlewares/LVGL/lvgl/src/widgets/arclabel/lv_arclabel.c ****                                                  (lv_value_precise_t)2;
 635              		.loc 1 632 66 discriminator 1 view .LVU198
 636 007e 0023     		movs	r3, #0
 637 0080 16E0     		b	.L45
 638              	.LVL70:
 639              	.L61:
 632:Middlewares/LVGL/lvgl/src/widgets/arclabel/lv_arclabel.c ****                                                  (lv_value_precise_t)2;
 640              		.loc 1 632 66 discriminator 1 view .LVU199
 641 0082 2346     		mov	r3, r4
 650:Middlewares/LVGL/lvgl/src/widgets/arclabel/lv_arclabel.c ****             }
 642              		.loc 1 650 32 view .LVU200
 643 0084 8346     		mov	fp, r0
 644              	.LVL71:
 645              	.L47:
 653:Middlewares/LVGL/lvgl/src/widgets/arclabel/lv_arclabel.c **** 
 646              		.loc 1 653 13 is_stmt 1 view .LVU201
 653:Middlewares/LVGL/lvgl/src/widgets/arclabel/lv_arclabel.c **** 
 647              		.loc 1 653 23 is_stmt 0 view .LVU202
 648 0086 0E9A     		ldr	r2, [sp, #56]
 653:Middlewares/LVGL/lvgl/src/widgets/arclabel/lv_arclabel.c **** 
 649              		.loc 1 653 15 view .LVU203
 650 0088 002A     		cmp	r2, #0
 651 008a 37D0     		beq	.L62
 655:Middlewares/LVGL/lvgl/src/widgets/arclabel/lv_arclabel.c ****             processed_letter_count++;
 652              		.loc 1 655 13 is_stmt 1 view .LVU204
 653              	.LVL72:
 656:Middlewares/LVGL/lvgl/src/widgets/arclabel/lv_arclabel.c ****         }
 654              		.loc 1 656 13 view .LVU205
 640:Middlewares/LVGL/lvgl/src/widgets/arclabel/lv_arclabel.c ****             lv_text_encoded_letter_next_2(text_start, &letter, &letter_next, &word_i);
 655              		.loc 1 640 40 is_stmt 0 view .LVU206
 656 008c 0395     		str	r5, [sp, #12]
 639:Middlewares/LVGL/lvgl/src/widgets/arclabel/lv_arclabel.c ****             pre_processed_letter_count = processed_letter_count;
 657              		.loc 1 639 34 view .LVU207
 658 008e 0294     		str	r4, [sp, #8]
ARM GAS  C:\Users\w1785\AppData\Local\Temp\ccYSPyVl.s 			page 29


 656:Middlewares/LVGL/lvgl/src/widgets/arclabel/lv_arclabel.c ****         }
 659              		.loc 1 656 35 view .LVU208
 660 0090 1C46     		mov	r4, r3
 661              	.LVL73:
 655:Middlewares/LVGL/lvgl/src/widgets/arclabel/lv_arclabel.c ****             processed_letter_count++;
 662              		.loc 1 655 27 view .LVU209
 663 0092 0646     		mov	r6, r0
 656:Middlewares/LVGL/lvgl/src/widgets/arclabel/lv_arclabel.c ****         }
 664              		.loc 1 656 35 view .LVU210
 665 0094 0135     		adds	r5, r5, #1
 666              	.LVL74:
 667              	.L48:
 656:Middlewares/LVGL/lvgl/src/widgets/arclabel/lv_arclabel.c ****         }
 668              		.loc 1 656 35 view .LVU211
 669              	.LBE23:
 631:Middlewares/LVGL/lvgl/src/widgets/arclabel/lv_arclabel.c ****             const lv_value_precise_t end_arc_w = end_overlap ? 0 : (first_letter_w + letter_space +
 670              		.loc 1 631 22 is_stmt 1 view .LVU212
 671 0096 0B9A     		ldr	r2, [sp, #44]
 672 0098 0C9B     		ldr	r3, [sp, #48]
 673 009a 9A42     		cmp	r2, r3
 674 009c 21D2     		bcs	.L50
 675              	.LBB25:
 632:Middlewares/LVGL/lvgl/src/widgets/arclabel/lv_arclabel.c ****                                                  (lv_value_precise_t)2;
 676              		.loc 1 632 13 view .LVU213
 632:Middlewares/LVGL/lvgl/src/widgets/arclabel/lv_arclabel.c ****                                                  (lv_value_precise_t)2;
 677              		.loc 1 632 66 is_stmt 0 view .LVU214
 678 009e B8F1000F 		cmp	r8, #0
 679 00a2 ECD1     		bne	.L59
 632:Middlewares/LVGL/lvgl/src/widgets/arclabel/lv_arclabel.c ****                                                  (lv_value_precise_t)2;
 680              		.loc 1 632 84 discriminator 2 view .LVU215
 681 00a4 0BEB0A03 		add	r3, fp, r10
 632:Middlewares/LVGL/lvgl/src/widgets/arclabel/lv_arclabel.c ****                                                  (lv_value_precise_t)2;
 682              		.loc 1 632 99 discriminator 2 view .LVU216
 683 00a8 3344     		add	r3, r3, r6
 632:Middlewares/LVGL/lvgl/src/widgets/arclabel/lv_arclabel.c ****                                                  (lv_value_precise_t)2;
 684              		.loc 1 632 66 discriminator 2 view .LVU217
 685 00aa 03EBD373 		add	r3, r3, r3, lsr #31
 686 00ae 5B10     		asrs	r3, r3, #1
 687              	.L45:
 688              	.LVL75:
 634:Middlewares/LVGL/lvgl/src/widgets/arclabel/lv_arclabel.c ****                 full = true;
 689              		.loc 1 634 13 is_stmt 1 view .LVU218
 634:Middlewares/LVGL/lvgl/src/widgets/arclabel/lv_arclabel.c ****                 full = true;
 690              		.loc 1 634 33 is_stmt 0 view .LVU219
 691 00b0 2344     		add	r3, r3, r4
 692              	.LVL76:
 634:Middlewares/LVGL/lvgl/src/widgets/arclabel/lv_arclabel.c ****                 full = true;
 693              		.loc 1 634 15 view .LVU220
 694 00b2 BB42     		cmp	r3, r7
 695 00b4 13DC     		bgt	.L60
 639:Middlewares/LVGL/lvgl/src/widgets/arclabel/lv_arclabel.c ****             pre_processed_letter_count = processed_letter_count;
 696              		.loc 1 639 13 is_stmt 1 view .LVU221
 697              	.LVL77:
 640:Middlewares/LVGL/lvgl/src/widgets/arclabel/lv_arclabel.c ****             lv_text_encoded_letter_next_2(text_start, &letter, &letter_next, &word_i);
 698              		.loc 1 640 13 view .LVU222
 641:Middlewares/LVGL/lvgl/src/widgets/arclabel/lv_arclabel.c ****             const lv_value_precise_t letter_w = lv_font_get_glyph_width(font, letter, letter_next);
 699              		.loc 1 641 13 view .LVU223
ARM GAS  C:\Users\w1785\AppData\Local\Temp\ccYSPyVl.s 			page 30


 700 00b6 0BAB     		add	r3, sp, #44
 701 00b8 0DAA     		add	r2, sp, #52
 702 00ba 0EA9     		add	r1, sp, #56
 703 00bc 0F98     		ldr	r0, [sp, #60]
 704 00be FFF7FEFF 		bl	lv_text_encoded_letter_next_2
 705              	.LVL78:
 642:Middlewares/LVGL/lvgl/src/widgets/arclabel/lv_arclabel.c **** 
 706              		.loc 1 642 13 view .LVU224
 642:Middlewares/LVGL/lvgl/src/widgets/arclabel/lv_arclabel.c **** 
 707              		.loc 1 642 49 is_stmt 0 view .LVU225
 708 00c2 0D9A     		ldr	r2, [sp, #52]
 709 00c4 0E99     		ldr	r1, [sp, #56]
 710 00c6 4846     		mov	r0, r9
 711 00c8 FFF7FEFF 		bl	lv_font_get_glyph_width
 712              	.LVL79:
 644:Middlewares/LVGL/lvgl/src/widgets/arclabel/lv_arclabel.c ****                 const lv_value_precise_t arc_offset = (prev_letter_w + letter_w + letter_space) / (
 713              		.loc 1 644 13 is_stmt 1 view .LVU226
 644:Middlewares/LVGL/lvgl/src/widgets/arclabel/lv_arclabel.c ****                 const lv_value_precise_t arc_offset = (prev_letter_w + letter_w + letter_space) / (
 714              		.loc 1 644 15 is_stmt 0 view .LVU227
 715 00cc 002D     		cmp	r5, #0
 716 00ce D8D0     		beq	.L61
 717              	.LBB24:
 645:Middlewares/LVGL/lvgl/src/widgets/arclabel/lv_arclabel.c **** 
 718              		.loc 1 645 17 is_stmt 1 view .LVU228
 645:Middlewares/LVGL/lvgl/src/widgets/arclabel/lv_arclabel.c **** 
 719              		.loc 1 645 70 is_stmt 0 view .LVU229
 720 00d0 3318     		adds	r3, r6, r0
 645:Middlewares/LVGL/lvgl/src/widgets/arclabel/lv_arclabel.c **** 
 721              		.loc 1 645 81 view .LVU230
 722 00d2 5344     		add	r3, r3, r10
 645:Middlewares/LVGL/lvgl/src/widgets/arclabel/lv_arclabel.c **** 
 723              		.loc 1 645 42 view .LVU231
 724 00d4 03EBD373 		add	r3, r3, r3, lsr #31
 725              	.LVL80:
 647:Middlewares/LVGL/lvgl/src/widgets/arclabel/lv_arclabel.c ****             }
 726              		.loc 1 647 17 is_stmt 1 view .LVU232
 647:Middlewares/LVGL/lvgl/src/widgets/arclabel/lv_arclabel.c ****             }
 727              		.loc 1 647 34 is_stmt 0 view .LVU233
 728 00d8 04EB6303 		add	r3, r4, r3, asr #1
 729              	.LVL81:
 647:Middlewares/LVGL/lvgl/src/widgets/arclabel/lv_arclabel.c ****             }
 730              		.loc 1 647 34 view .LVU234
 731              	.LBE24:
 732 00dc D3E7     		b	.L47
 733              	.LVL82:
 734              	.L60:
 635:Middlewares/LVGL/lvgl/src/widgets/arclabel/lv_arclabel.c ****                 break;
 735              		.loc 1 635 22 view .LVU235
 736 00de 0123     		movs	r3, #1
 737 00e0 0693     		str	r3, [sp, #24]
 738              	.LVL83:
 739              	.L50:
 635:Middlewares/LVGL/lvgl/src/widgets/arclabel/lv_arclabel.c ****                 break;
 740              		.loc 1 635 22 view .LVU236
 741              	.LBE25:
 742              	.LBE22:
 625:Middlewares/LVGL/lvgl/src/widgets/arclabel/lv_arclabel.c ****         uint32_t word_i = 0;
ARM GAS  C:\Users\w1785\AppData\Local\Temp\ccYSPyVl.s 			page 31


 743              		.loc 1 625 11 is_stmt 1 view .LVU237
 744 00e2 049B     		ldr	r3, [sp, #16]
 745 00e4 83B1     		cbz	r3, .L66
 746              	.LBB27:
 626:Middlewares/LVGL/lvgl/src/widgets/arclabel/lv_arclabel.c ****         uint32_t text_len = LV_TEXT_LEN_MAX;
 747              		.loc 1 626 9 view .LVU238
 626:Middlewares/LVGL/lvgl/src/widgets/arclabel/lv_arclabel.c ****         uint32_t text_len = LV_TEXT_LEN_MAX;
 748              		.loc 1 626 18 is_stmt 0 view .LVU239
 749 00e6 0023     		movs	r3, #0
 750 00e8 0B93     		str	r3, [sp, #44]
 627:Middlewares/LVGL/lvgl/src/widgets/arclabel/lv_arclabel.c ****         if(recolor) text = recolor_cmd_get_next(text, LV_TEXT_LEN_MAX, &text_start, &text_len, NULL
 751              		.loc 1 627 9 is_stmt 1 view .LVU240
 627:Middlewares/LVGL/lvgl/src/widgets/arclabel/lv_arclabel.c ****         if(recolor) text = recolor_cmd_get_next(text, LV_TEXT_LEN_MAX, &text_start, &text_len, NULL
 752              		.loc 1 627 18 is_stmt 0 view .LVU241
 753 00ea 4FF0FF33 		mov	r3, #-1
 754 00ee 0C93     		str	r3, [sp, #48]
 628:Middlewares/LVGL/lvgl/src/widgets/arclabel/lv_arclabel.c ****         else text = NULL;
 755              		.loc 1 628 9 is_stmt 1 view .LVU242
 628:Middlewares/LVGL/lvgl/src/widgets/arclabel/lv_arclabel.c ****         else text = NULL;
 756              		.loc 1 628 11 is_stmt 0 view .LVU243
 757 00f0 059B     		ldr	r3, [sp, #20]
 758 00f2 002B     		cmp	r3, #0
 759 00f4 B8D1     		bne	.L67
 629:Middlewares/LVGL/lvgl/src/widgets/arclabel/lv_arclabel.c **** 
 760              		.loc 1 629 19 view .LVU244
 761 00f6 0023     		movs	r3, #0
 762 00f8 0493     		str	r3, [sp, #16]
 763              	.LVL84:
 629:Middlewares/LVGL/lvgl/src/widgets/arclabel/lv_arclabel.c **** 
 764              		.loc 1 629 19 view .LVU245
 765 00fa CCE7     		b	.L48
 766              	.LVL85:
 767              	.L62:
 768              	.LBB26:
 640:Middlewares/LVGL/lvgl/src/widgets/arclabel/lv_arclabel.c ****             lv_text_encoded_letter_next_2(text_start, &letter, &letter_next, &word_i);
 769              		.loc 1 640 40 view .LVU246
 770 00fc 0395     		str	r5, [sp, #12]
 639:Middlewares/LVGL/lvgl/src/widgets/arclabel/lv_arclabel.c ****             pre_processed_letter_count = processed_letter_count;
 771              		.loc 1 639 34 view .LVU247
 772 00fe 0294     		str	r4, [sp, #8]
 773              	.LBE26:
 774 0100 1C46     		mov	r4, r3
 775              	.LVL86:
 639:Middlewares/LVGL/lvgl/src/widgets/arclabel/lv_arclabel.c ****             pre_processed_letter_count = processed_letter_count;
 776              		.loc 1 639 34 view .LVU248
 777 0102 EEE7     		b	.L50
 778              	.LVL87:
 779              	.L57:
 639:Middlewares/LVGL/lvgl/src/widgets/arclabel/lv_arclabel.c ****             pre_processed_letter_count = processed_letter_count;
 780              		.loc 1 639 34 view .LVU249
 781              	.LBE27:
 782              	.LBB28:
 622:Middlewares/LVGL/lvgl/src/widgets/arclabel/lv_arclabel.c ****     }
 783              		.loc 1 622 35 view .LVU250
 784 0104 0027     		movs	r7, #0
 785              	.LVL88:
 622:Middlewares/LVGL/lvgl/src/widgets/arclabel/lv_arclabel.c ****     }
ARM GAS  C:\Users\w1785\AppData\Local\Temp\ccYSPyVl.s 			page 32


 786              		.loc 1 622 35 view .LVU251
 787 0106 98E7     		b	.L43
 788              	.LVL89:
 789              	.L66:
 622:Middlewares/LVGL/lvgl/src/widgets/arclabel/lv_arclabel.c ****     }
 790              		.loc 1 622 35 view .LVU252
 791              	.LBE28:
 660:Middlewares/LVGL/lvgl/src/widgets/arclabel/lv_arclabel.c ****         total_arc_length = pre_total_arc_length + (overflow == LV_ARCLABEL_OVERFLOW_ELLIPSIS
 792              		.loc 1 660 5 is_stmt 1 view .LVU253
 660:Middlewares/LVGL/lvgl/src/widgets/arclabel/lv_arclabel.c ****         total_arc_length = pre_total_arc_length + (overflow == LV_ARCLABEL_OVERFLOW_ELLIPSIS
 793              		.loc 1 660 7 is_stmt 0 view .LVU254
 794 0108 069B     		ldr	r3, [sp, #24]
 795              	.LVL90:
 660:Middlewares/LVGL/lvgl/src/widgets/arclabel/lv_arclabel.c ****         total_arc_length = pre_total_arc_length + (overflow == LV_ARCLABEL_OVERFLOW_ELLIPSIS
 796              		.loc 1 660 7 view .LVU255
 797 010a 23B1     		cbz	r3, .L52
 660:Middlewares/LVGL/lvgl/src/widgets/arclabel/lv_arclabel.c ****         total_arc_length = pre_total_arc_length + (overflow == LV_ARCLABEL_OVERFLOW_ELLIPSIS
 798              		.loc 1 660 59 discriminator 1 view .LVU256
 799 010c 089A     		ldr	r2, [sp, #32]
 800 010e 531E     		subs	r3, r2, #1
 801 0110 DBB2     		uxtb	r3, r3
 660:Middlewares/LVGL/lvgl/src/widgets/arclabel/lv_arclabel.c ****         total_arc_length = pre_total_arc_length + (overflow == LV_ARCLABEL_OVERFLOW_ELLIPSIS
 802              		.loc 1 660 13 discriminator 1 view .LVU257
 803 0112 012B     		cmp	r3, #1
 804 0114 10D9     		bls	.L68
 805              	.LVL91:
 806              	.L52:
 667:Middlewares/LVGL/lvgl/src/widgets/arclabel/lv_arclabel.c ****     if(letter_count) *letter_count = processed_letter_count;
 807              		.loc 1 667 5 is_stmt 1 view .LVU258
 667:Middlewares/LVGL/lvgl/src/widgets/arclabel/lv_arclabel.c ****     if(letter_count) *letter_count = processed_letter_count;
 808              		.loc 1 667 7 is_stmt 0 view .LVU259
 809 0116 1E9B     		ldr	r3, [sp, #120]
 810 0118 23B1     		cbz	r3, .L54
 667:Middlewares/LVGL/lvgl/src/widgets/arclabel/lv_arclabel.c ****     if(letter_count) *letter_count = processed_letter_count;
 811              		.loc 1 667 22 discriminator 1 view .LVU260
 812 011a 069B     		ldr	r3, [sp, #24]
 813 011c 13B1     		cbz	r3, .L54
 667:Middlewares/LVGL/lvgl/src/widgets/arclabel/lv_arclabel.c ****     if(letter_count) *letter_count = processed_letter_count;
 814              		.loc 1 667 30 discriminator 2 view .LVU261
 815 011e 089B     		ldr	r3, [sp, #32]
 816 0120 012B     		cmp	r3, #1
 817 0122 12D0     		beq	.L69
 818              	.L54:
 668:Middlewares/LVGL/lvgl/src/widgets/arclabel/lv_arclabel.c **** 
 819              		.loc 1 668 5 is_stmt 1 view .LVU262
 668:Middlewares/LVGL/lvgl/src/widgets/arclabel/lv_arclabel.c **** 
 820              		.loc 1 668 7 is_stmt 0 view .LVU263
 821 0124 1F9B     		ldr	r3, [sp, #124]
 822 0126 03B1     		cbz	r3, .L55
 668:Middlewares/LVGL/lvgl/src/widgets/arclabel/lv_arclabel.c **** 
 823              		.loc 1 668 22 is_stmt 1 discriminator 1 view .LVU264
 668:Middlewares/LVGL/lvgl/src/widgets/arclabel/lv_arclabel.c **** 
 824              		.loc 1 668 36 is_stmt 0 discriminator 1 view .LVU265
 825 0128 1D60     		str	r5, [r3]
 826              	.L55:
 670:Middlewares/LVGL/lvgl/src/widgets/arclabel/lv_arclabel.c **** }
 827              		.loc 1 670 5 is_stmt 1 view .LVU266
ARM GAS  C:\Users\w1785\AppData\Local\Temp\ccYSPyVl.s 			page 33


 670:Middlewares/LVGL/lvgl/src/widgets/arclabel/lv_arclabel.c **** }
 828              		.loc 1 670 12 is_stmt 0 view .LVU267
 829 012a 0799     		ldr	r1, [sp, #28]
 830 012c 2046     		mov	r0, r4
 831 012e FFF7FEFF 		bl	rad_to_deg
 832              	.LVL92:
 671:Middlewares/LVGL/lvgl/src/widgets/arclabel/lv_arclabel.c **** 
 833              		.loc 1 671 1 view .LVU268
 834 0132 11B0     		add	sp, sp, #68
 835              	.LCFI6:
 836              		.cfi_remember_state
 837              		.cfi_def_cfa_offset 36
 838              		@ sp needed
 839 0134 BDE8F08F 		pop	{r4, r5, r6, r7, r8, r9, r10, fp, pc}
 840              	.LVL93:
 841              	.L68:
 842              	.LCFI7:
 843              		.cfi_restore_state
 661:Middlewares/LVGL/lvgl/src/widgets/arclabel/lv_arclabel.c ****                                                    ? ellipsis_arc_length
 844              		.loc 1 661 9 is_stmt 1 view .LVU269
 663:Middlewares/LVGL/lvgl/src/widgets/arclabel/lv_arclabel.c ****         processed_letter_count = pre_processed_letter_count;
 845              		.loc 1 663 52 is_stmt 0 view .LVU270
 846 0138 012A     		cmp	r2, #1
 847 013a 01D0     		beq	.L53
 663:Middlewares/LVGL/lvgl/src/widgets/arclabel/lv_arclabel.c ****         processed_letter_count = pre_processed_letter_count;
 848              		.loc 1 663 52 discriminator 2 view .LVU271
 849 013c 0023     		movs	r3, #0
 850 013e 0993     		str	r3, [sp, #36]
 851              	.LVL94:
 852              	.L53:
 661:Middlewares/LVGL/lvgl/src/widgets/arclabel/lv_arclabel.c ****                                                    ? ellipsis_arc_length
 853              		.loc 1 661 26 view .LVU272
 854 0140 029C     		ldr	r4, [sp, #8]
 855              	.LVL95:
 661:Middlewares/LVGL/lvgl/src/widgets/arclabel/lv_arclabel.c ****                                                    ? ellipsis_arc_length
 856              		.loc 1 661 26 view .LVU273
 857 0142 099B     		ldr	r3, [sp, #36]
 858 0144 1C44     		add	r4, r4, r3
 859              	.LVL96:
 664:Middlewares/LVGL/lvgl/src/widgets/arclabel/lv_arclabel.c ****     }
 860              		.loc 1 664 9 is_stmt 1 view .LVU274
 664:Middlewares/LVGL/lvgl/src/widgets/arclabel/lv_arclabel.c ****     }
 861              		.loc 1 664 32 is_stmt 0 view .LVU275
 862 0146 039D     		ldr	r5, [sp, #12]
 863 0148 E5E7     		b	.L52
 864              	.LVL97:
 865              	.L69:
 667:Middlewares/LVGL/lvgl/src/widgets/arclabel/lv_arclabel.c ****     if(letter_count) *letter_count = processed_letter_count;
 866              		.loc 1 667 76 is_stmt 1 discriminator 3 view .LVU276
 667:Middlewares/LVGL/lvgl/src/widgets/arclabel/lv_arclabel.c ****     if(letter_count) *letter_count = processed_letter_count;
 867              		.loc 1 667 91 is_stmt 0 discriminator 3 view .LVU277
 868 014a 1E9A     		ldr	r2, [sp, #120]
 869 014c 1370     		strb	r3, [r2]
 870 014e E9E7     		b	.L54
 871              		.cfi_endproc
 872              	.LFE223:
 874              		.section	.text.arclabel_calc_arc_text_total_angle,"ax",%progbits
ARM GAS  C:\Users\w1785\AppData\Local\Temp\ccYSPyVl.s 			page 34


 875              		.align	1
 876              		.syntax unified
 877              		.thumb
 878              		.thumb_func
 880              	arclabel_calc_arc_text_total_angle:
 881              	.LVL98:
 882              	.LFB222:
 554:Middlewares/LVGL/lvgl/src/widgets/arclabel/lv_arclabel.c ****     lv_arclabel_t * arclabel = (lv_arclabel_t *)obj;
 883              		.loc 1 554 1 is_stmt 1 view -0
 884              		.cfi_startproc
 885              		@ args = 0, pretend = 0, frame = 40
 886              		@ frame_needed = 0, uses_anonymous_args = 0
 554:Middlewares/LVGL/lvgl/src/widgets/arclabel/lv_arclabel.c ****     lv_arclabel_t * arclabel = (lv_arclabel_t *)obj;
 887              		.loc 1 554 1 is_stmt 0 view .LVU279
 888 0000 2DE9F04F 		push	{r4, r5, r6, r7, r8, r9, r10, fp, lr}
 889              	.LCFI8:
 890              		.cfi_def_cfa_offset 36
 891              		.cfi_offset 4, -36
 892              		.cfi_offset 5, -32
 893              		.cfi_offset 6, -28
 894              		.cfi_offset 7, -24
 895              		.cfi_offset 8, -20
 896              		.cfi_offset 9, -16
 897              		.cfi_offset 10, -12
 898              		.cfi_offset 11, -8
 899              		.cfi_offset 14, -4
 900 0004 91B0     		sub	sp, sp, #68
 901              	.LCFI9:
 902              		.cfi_def_cfa_offset 104
 903 0006 0446     		mov	r4, r0
 904 0008 8946     		mov	r9, r1
 905 000a 0792     		str	r2, [sp, #28]
 906 000c 0893     		str	r3, [sp, #32]
 555:Middlewares/LVGL/lvgl/src/widgets/arclabel/lv_arclabel.c **** 
 907              		.loc 1 555 5 is_stmt 1 view .LVU280
 908              	.LVL99:
 557:Middlewares/LVGL/lvgl/src/widgets/arclabel/lv_arclabel.c ****     const char * text_start = text;
 909              		.loc 1 557 5 view .LVU281
 557:Middlewares/LVGL/lvgl/src/widgets/arclabel/lv_arclabel.c ****     const char * text_start = text;
 910              		.loc 1 557 18 is_stmt 0 view .LVU282
 911 000e D0F830B0 		ldr	fp, [r0, #48]
 912              	.LVL100:
 558:Middlewares/LVGL/lvgl/src/widgets/arclabel/lv_arclabel.c **** 
 913              		.loc 1 558 5 is_stmt 1 view .LVU283
 560:Middlewares/LVGL/lvgl/src/widgets/arclabel/lv_arclabel.c ****     lv_obj_get_content_coords(obj, &coords);
 914              		.loc 1 560 5 view .LVU284
 561:Middlewares/LVGL/lvgl/src/widgets/arclabel/lv_arclabel.c **** 
 915              		.loc 1 561 5 view .LVU285
 916 0012 0CA9     		add	r1, sp, #48
 917              	.LVL101:
 561:Middlewares/LVGL/lvgl/src/widgets/arclabel/lv_arclabel.c **** 
 918              		.loc 1 561 5 is_stmt 0 view .LVU286
 919 0014 FFF7FEFF 		bl	lv_obj_get_content_coords
 920              	.LVL102:
 563:Middlewares/LVGL/lvgl/src/widgets/arclabel/lv_arclabel.c ****     const int32_t letter_space = lv_obj_get_style_text_letter_space(obj, LV_PART_MAIN);
 921              		.loc 1 563 5 is_stmt 1 view .LVU287
 922              	.LBB29:
ARM GAS  C:\Users\w1785\AppData\Local\Temp\ccYSPyVl.s 			page 35


 923              	.LBI29:
 924              		.file 2 "Middlewares/LVGL/lvgl/src/widgets/arclabel/../../core/lv_obj_style_gen.h"
   1:Middlewares/LVGL/lvgl/src/widgets/arclabel/../../core/lv_obj_style_gen.h **** /*
   2:Middlewares/LVGL/lvgl/src/widgets/arclabel/../../core/lv_obj_style_gen.h ****  * @file
   3:Middlewares/LVGL/lvgl/src/widgets/arclabel/../../core/lv_obj_style_gen.h ****  *
   4:Middlewares/LVGL/lvgl/src/widgets/arclabel/../../core/lv_obj_style_gen.h ****  **********************************************************************
   5:Middlewares/LVGL/lvgl/src/widgets/arclabel/../../core/lv_obj_style_gen.h ****  *                            DO NOT EDIT
   6:Middlewares/LVGL/lvgl/src/widgets/arclabel/../../core/lv_obj_style_gen.h ****  * This file is automatically generated by "style_api_gen.py"
   7:Middlewares/LVGL/lvgl/src/widgets/arclabel/../../core/lv_obj_style_gen.h ****  **********************************************************************
   8:Middlewares/LVGL/lvgl/src/widgets/arclabel/../../core/lv_obj_style_gen.h ****  */
   9:Middlewares/LVGL/lvgl/src/widgets/arclabel/../../core/lv_obj_style_gen.h **** 
  10:Middlewares/LVGL/lvgl/src/widgets/arclabel/../../core/lv_obj_style_gen.h **** 
  11:Middlewares/LVGL/lvgl/src/widgets/arclabel/../../core/lv_obj_style_gen.h **** #ifndef LV_OBJ_STYLE_GEN_H
  12:Middlewares/LVGL/lvgl/src/widgets/arclabel/../../core/lv_obj_style_gen.h **** #define LV_OBJ_STYLE_GEN_H
  13:Middlewares/LVGL/lvgl/src/widgets/arclabel/../../core/lv_obj_style_gen.h **** 
  14:Middlewares/LVGL/lvgl/src/widgets/arclabel/../../core/lv_obj_style_gen.h **** #ifdef __cplusplus
  15:Middlewares/LVGL/lvgl/src/widgets/arclabel/../../core/lv_obj_style_gen.h **** extern "C" {
  16:Middlewares/LVGL/lvgl/src/widgets/arclabel/../../core/lv_obj_style_gen.h **** #endif
  17:Middlewares/LVGL/lvgl/src/widgets/arclabel/../../core/lv_obj_style_gen.h **** 
  18:Middlewares/LVGL/lvgl/src/widgets/arclabel/../../core/lv_obj_style_gen.h **** #include "../misc/lv_area.h"
  19:Middlewares/LVGL/lvgl/src/widgets/arclabel/../../core/lv_obj_style_gen.h **** #include "../misc/lv_style.h"
  20:Middlewares/LVGL/lvgl/src/widgets/arclabel/../../core/lv_obj_style_gen.h **** #include "../core/lv_obj_style.h"
  21:Middlewares/LVGL/lvgl/src/widgets/arclabel/../../core/lv_obj_style_gen.h **** #include "../misc/lv_types.h"
  22:Middlewares/LVGL/lvgl/src/widgets/arclabel/../../core/lv_obj_style_gen.h **** 
  23:Middlewares/LVGL/lvgl/src/widgets/arclabel/../../core/lv_obj_style_gen.h **** /**
  24:Middlewares/LVGL/lvgl/src/widgets/arclabel/../../core/lv_obj_style_gen.h ****  * Gets width of Widget. Pixel, percentage and `LV_SIZE_CONTENT` values can be used.
  25:Middlewares/LVGL/lvgl/src/widgets/arclabel/../../core/lv_obj_style_gen.h ****  * Percentage values are relative to the width of the parent's content area.
  26:Middlewares/LVGL/lvgl/src/widgets/arclabel/../../core/lv_obj_style_gen.h ****  * Default: Widget dependent, inherited: No, layout: Yes, ext. draw: No.
  27:Middlewares/LVGL/lvgl/src/widgets/arclabel/../../core/lv_obj_style_gen.h ****  * @param  obj    Pointer to Widget
  28:Middlewares/LVGL/lvgl/src/widgets/arclabel/../../core/lv_obj_style_gen.h ****  * @param  part   One of the `LV_PART_...` enum values
  29:Middlewares/LVGL/lvgl/src/widgets/arclabel/../../core/lv_obj_style_gen.h ****  */
  30:Middlewares/LVGL/lvgl/src/widgets/arclabel/../../core/lv_obj_style_gen.h **** static inline int32_t lv_obj_get_style_width(const lv_obj_t * obj, lv_part_t part)
  31:Middlewares/LVGL/lvgl/src/widgets/arclabel/../../core/lv_obj_style_gen.h **** {
  32:Middlewares/LVGL/lvgl/src/widgets/arclabel/../../core/lv_obj_style_gen.h ****     lv_style_value_t v = lv_obj_get_style_prop(obj, part, LV_STYLE_WIDTH);
  33:Middlewares/LVGL/lvgl/src/widgets/arclabel/../../core/lv_obj_style_gen.h ****     return (int32_t)v.num;
  34:Middlewares/LVGL/lvgl/src/widgets/arclabel/../../core/lv_obj_style_gen.h **** }
  35:Middlewares/LVGL/lvgl/src/widgets/arclabel/../../core/lv_obj_style_gen.h **** 
  36:Middlewares/LVGL/lvgl/src/widgets/arclabel/../../core/lv_obj_style_gen.h **** /**
  37:Middlewares/LVGL/lvgl/src/widgets/arclabel/../../core/lv_obj_style_gen.h ****  * Gets a minimal width. Pixel and percentage values can be used. Percentage values
  38:Middlewares/LVGL/lvgl/src/widgets/arclabel/../../core/lv_obj_style_gen.h ****  * are relative to the width of the parent's content area.
  39:Middlewares/LVGL/lvgl/src/widgets/arclabel/../../core/lv_obj_style_gen.h ****  * Default: 0, inherited: No, layout: Yes, ext. draw: No.
  40:Middlewares/LVGL/lvgl/src/widgets/arclabel/../../core/lv_obj_style_gen.h ****  * @param  obj    Pointer to Widget
  41:Middlewares/LVGL/lvgl/src/widgets/arclabel/../../core/lv_obj_style_gen.h ****  * @param  part   One of the `LV_PART_...` enum values
  42:Middlewares/LVGL/lvgl/src/widgets/arclabel/../../core/lv_obj_style_gen.h ****  */
  43:Middlewares/LVGL/lvgl/src/widgets/arclabel/../../core/lv_obj_style_gen.h **** static inline int32_t lv_obj_get_style_min_width(const lv_obj_t * obj, lv_part_t part)
  44:Middlewares/LVGL/lvgl/src/widgets/arclabel/../../core/lv_obj_style_gen.h **** {
  45:Middlewares/LVGL/lvgl/src/widgets/arclabel/../../core/lv_obj_style_gen.h ****     lv_style_value_t v = lv_obj_get_style_prop(obj, part, LV_STYLE_MIN_WIDTH);
  46:Middlewares/LVGL/lvgl/src/widgets/arclabel/../../core/lv_obj_style_gen.h ****     return (int32_t)v.num;
  47:Middlewares/LVGL/lvgl/src/widgets/arclabel/../../core/lv_obj_style_gen.h **** }
  48:Middlewares/LVGL/lvgl/src/widgets/arclabel/../../core/lv_obj_style_gen.h **** 
  49:Middlewares/LVGL/lvgl/src/widgets/arclabel/../../core/lv_obj_style_gen.h **** /**
  50:Middlewares/LVGL/lvgl/src/widgets/arclabel/../../core/lv_obj_style_gen.h ****  * Gets a maximal width. Pixel and percentage values can be used. Percentage values
  51:Middlewares/LVGL/lvgl/src/widgets/arclabel/../../core/lv_obj_style_gen.h ****  * are relative to the width of the parent's content area.
  52:Middlewares/LVGL/lvgl/src/widgets/arclabel/../../core/lv_obj_style_gen.h ****  * Default: LV_COORD_MAX, inherited: No, layout: Yes, ext. draw: No.
  53:Middlewares/LVGL/lvgl/src/widgets/arclabel/../../core/lv_obj_style_gen.h ****  * @param  obj    Pointer to Widget
  54:Middlewares/LVGL/lvgl/src/widgets/arclabel/../../core/lv_obj_style_gen.h ****  * @param  part   One of the `LV_PART_...` enum values
  55:Middlewares/LVGL/lvgl/src/widgets/arclabel/../../core/lv_obj_style_gen.h ****  */
ARM GAS  C:\Users\w1785\AppData\Local\Temp\ccYSPyVl.s 			page 36


  56:Middlewares/LVGL/lvgl/src/widgets/arclabel/../../core/lv_obj_style_gen.h **** static inline int32_t lv_obj_get_style_max_width(const lv_obj_t * obj, lv_part_t part)
  57:Middlewares/LVGL/lvgl/src/widgets/arclabel/../../core/lv_obj_style_gen.h **** {
  58:Middlewares/LVGL/lvgl/src/widgets/arclabel/../../core/lv_obj_style_gen.h ****     lv_style_value_t v = lv_obj_get_style_prop(obj, part, LV_STYLE_MAX_WIDTH);
  59:Middlewares/LVGL/lvgl/src/widgets/arclabel/../../core/lv_obj_style_gen.h ****     return (int32_t)v.num;
  60:Middlewares/LVGL/lvgl/src/widgets/arclabel/../../core/lv_obj_style_gen.h **** }
  61:Middlewares/LVGL/lvgl/src/widgets/arclabel/../../core/lv_obj_style_gen.h **** 
  62:Middlewares/LVGL/lvgl/src/widgets/arclabel/../../core/lv_obj_style_gen.h **** /**
  63:Middlewares/LVGL/lvgl/src/widgets/arclabel/../../core/lv_obj_style_gen.h ****  * Gets height of Widget. Pixel, percentage and `LV_SIZE_CONTENT` can be used.
  64:Middlewares/LVGL/lvgl/src/widgets/arclabel/../../core/lv_obj_style_gen.h ****  * Percentage values are relative to the height of the parent's content area.
  65:Middlewares/LVGL/lvgl/src/widgets/arclabel/../../core/lv_obj_style_gen.h ****  * Default: Widget dependent, inherited: No, layout: Yes, ext. draw: No.
  66:Middlewares/LVGL/lvgl/src/widgets/arclabel/../../core/lv_obj_style_gen.h ****  * @param  obj    Pointer to Widget
  67:Middlewares/LVGL/lvgl/src/widgets/arclabel/../../core/lv_obj_style_gen.h ****  * @param  part   One of the `LV_PART_...` enum values
  68:Middlewares/LVGL/lvgl/src/widgets/arclabel/../../core/lv_obj_style_gen.h ****  */
  69:Middlewares/LVGL/lvgl/src/widgets/arclabel/../../core/lv_obj_style_gen.h **** static inline int32_t lv_obj_get_style_height(const lv_obj_t * obj, lv_part_t part)
  70:Middlewares/LVGL/lvgl/src/widgets/arclabel/../../core/lv_obj_style_gen.h **** {
  71:Middlewares/LVGL/lvgl/src/widgets/arclabel/../../core/lv_obj_style_gen.h ****     lv_style_value_t v = lv_obj_get_style_prop(obj, part, LV_STYLE_HEIGHT);
  72:Middlewares/LVGL/lvgl/src/widgets/arclabel/../../core/lv_obj_style_gen.h ****     return (int32_t)v.num;
  73:Middlewares/LVGL/lvgl/src/widgets/arclabel/../../core/lv_obj_style_gen.h **** }
  74:Middlewares/LVGL/lvgl/src/widgets/arclabel/../../core/lv_obj_style_gen.h **** 
  75:Middlewares/LVGL/lvgl/src/widgets/arclabel/../../core/lv_obj_style_gen.h **** /**
  76:Middlewares/LVGL/lvgl/src/widgets/arclabel/../../core/lv_obj_style_gen.h ****  * Gets a minimal height. Pixel and percentage values can be used. Percentage values
  77:Middlewares/LVGL/lvgl/src/widgets/arclabel/../../core/lv_obj_style_gen.h ****  * are relative to the height of the parent's content area.
  78:Middlewares/LVGL/lvgl/src/widgets/arclabel/../../core/lv_obj_style_gen.h ****  * Default: 0, inherited: No, layout: Yes, ext. draw: No.
  79:Middlewares/LVGL/lvgl/src/widgets/arclabel/../../core/lv_obj_style_gen.h ****  * @param  obj    Pointer to Widget
  80:Middlewares/LVGL/lvgl/src/widgets/arclabel/../../core/lv_obj_style_gen.h ****  * @param  part   One of the `LV_PART_...` enum values
  81:Middlewares/LVGL/lvgl/src/widgets/arclabel/../../core/lv_obj_style_gen.h ****  */
  82:Middlewares/LVGL/lvgl/src/widgets/arclabel/../../core/lv_obj_style_gen.h **** static inline int32_t lv_obj_get_style_min_height(const lv_obj_t * obj, lv_part_t part)
  83:Middlewares/LVGL/lvgl/src/widgets/arclabel/../../core/lv_obj_style_gen.h **** {
  84:Middlewares/LVGL/lvgl/src/widgets/arclabel/../../core/lv_obj_style_gen.h ****     lv_style_value_t v = lv_obj_get_style_prop(obj, part, LV_STYLE_MIN_HEIGHT);
  85:Middlewares/LVGL/lvgl/src/widgets/arclabel/../../core/lv_obj_style_gen.h ****     return (int32_t)v.num;
  86:Middlewares/LVGL/lvgl/src/widgets/arclabel/../../core/lv_obj_style_gen.h **** }
  87:Middlewares/LVGL/lvgl/src/widgets/arclabel/../../core/lv_obj_style_gen.h **** 
  88:Middlewares/LVGL/lvgl/src/widgets/arclabel/../../core/lv_obj_style_gen.h **** /**
  89:Middlewares/LVGL/lvgl/src/widgets/arclabel/../../core/lv_obj_style_gen.h ****  * Gets a maximal height. Pixel and percentage values can be used. Percentage values
  90:Middlewares/LVGL/lvgl/src/widgets/arclabel/../../core/lv_obj_style_gen.h ****  * are relative to the height of the parent's content area.
  91:Middlewares/LVGL/lvgl/src/widgets/arclabel/../../core/lv_obj_style_gen.h ****  * Default: LV_COORD_MAX, inherited: No, layout: Yes, ext. draw: No.
  92:Middlewares/LVGL/lvgl/src/widgets/arclabel/../../core/lv_obj_style_gen.h ****  * @param  obj    Pointer to Widget
  93:Middlewares/LVGL/lvgl/src/widgets/arclabel/../../core/lv_obj_style_gen.h ****  * @param  part   One of the `LV_PART_...` enum values
  94:Middlewares/LVGL/lvgl/src/widgets/arclabel/../../core/lv_obj_style_gen.h ****  */
  95:Middlewares/LVGL/lvgl/src/widgets/arclabel/../../core/lv_obj_style_gen.h **** static inline int32_t lv_obj_get_style_max_height(const lv_obj_t * obj, lv_part_t part)
  96:Middlewares/LVGL/lvgl/src/widgets/arclabel/../../core/lv_obj_style_gen.h **** {
  97:Middlewares/LVGL/lvgl/src/widgets/arclabel/../../core/lv_obj_style_gen.h ****     lv_style_value_t v = lv_obj_get_style_prop(obj, part, LV_STYLE_MAX_HEIGHT);
  98:Middlewares/LVGL/lvgl/src/widgets/arclabel/../../core/lv_obj_style_gen.h ****     return (int32_t)v.num;
  99:Middlewares/LVGL/lvgl/src/widgets/arclabel/../../core/lv_obj_style_gen.h **** }
 100:Middlewares/LVGL/lvgl/src/widgets/arclabel/../../core/lv_obj_style_gen.h **** 
 101:Middlewares/LVGL/lvgl/src/widgets/arclabel/../../core/lv_obj_style_gen.h **** /**
 102:Middlewares/LVGL/lvgl/src/widgets/arclabel/../../core/lv_obj_style_gen.h ****  * Its meaning depends on the type of Widget. For example in case of lv_scale it means
 103:Middlewares/LVGL/lvgl/src/widgets/arclabel/../../core/lv_obj_style_gen.h ****  * the length of the ticks.
 104:Middlewares/LVGL/lvgl/src/widgets/arclabel/../../core/lv_obj_style_gen.h ****  * Default: 0, inherited: No, layout: No, ext. draw: Yes.
 105:Middlewares/LVGL/lvgl/src/widgets/arclabel/../../core/lv_obj_style_gen.h ****  * @param  obj    Pointer to Widget
 106:Middlewares/LVGL/lvgl/src/widgets/arclabel/../../core/lv_obj_style_gen.h ****  * @param  part   One of the `LV_PART_...` enum values
 107:Middlewares/LVGL/lvgl/src/widgets/arclabel/../../core/lv_obj_style_gen.h ****  */
 108:Middlewares/LVGL/lvgl/src/widgets/arclabel/../../core/lv_obj_style_gen.h **** static inline int32_t lv_obj_get_style_length(const lv_obj_t * obj, lv_part_t part)
 109:Middlewares/LVGL/lvgl/src/widgets/arclabel/../../core/lv_obj_style_gen.h **** {
 110:Middlewares/LVGL/lvgl/src/widgets/arclabel/../../core/lv_obj_style_gen.h ****     lv_style_value_t v = lv_obj_get_style_prop(obj, part, LV_STYLE_LENGTH);
 111:Middlewares/LVGL/lvgl/src/widgets/arclabel/../../core/lv_obj_style_gen.h ****     return (int32_t)v.num;
 112:Middlewares/LVGL/lvgl/src/widgets/arclabel/../../core/lv_obj_style_gen.h **** }
ARM GAS  C:\Users\w1785\AppData\Local\Temp\ccYSPyVl.s 			page 37


 113:Middlewares/LVGL/lvgl/src/widgets/arclabel/../../core/lv_obj_style_gen.h **** 
 114:Middlewares/LVGL/lvgl/src/widgets/arclabel/../../core/lv_obj_style_gen.h **** /**
 115:Middlewares/LVGL/lvgl/src/widgets/arclabel/../../core/lv_obj_style_gen.h ****  * Get X coordinate of Widget considering the ``align`` setting. Pixel and percentage
 116:Middlewares/LVGL/lvgl/src/widgets/arclabel/../../core/lv_obj_style_gen.h ****  * values can be used. Percentage values are relative to the width of the parent's
 117:Middlewares/LVGL/lvgl/src/widgets/arclabel/../../core/lv_obj_style_gen.h ****  * content area.
 118:Middlewares/LVGL/lvgl/src/widgets/arclabel/../../core/lv_obj_style_gen.h ****  * Default: 0, inherited: No, layout: Yes, ext. draw: No.
 119:Middlewares/LVGL/lvgl/src/widgets/arclabel/../../core/lv_obj_style_gen.h ****  * @param  obj    Pointer to Widget
 120:Middlewares/LVGL/lvgl/src/widgets/arclabel/../../core/lv_obj_style_gen.h ****  * @param  part   One of the `LV_PART_...` enum values
 121:Middlewares/LVGL/lvgl/src/widgets/arclabel/../../core/lv_obj_style_gen.h ****  */
 122:Middlewares/LVGL/lvgl/src/widgets/arclabel/../../core/lv_obj_style_gen.h **** static inline int32_t lv_obj_get_style_x(const lv_obj_t * obj, lv_part_t part)
 123:Middlewares/LVGL/lvgl/src/widgets/arclabel/../../core/lv_obj_style_gen.h **** {
 124:Middlewares/LVGL/lvgl/src/widgets/arclabel/../../core/lv_obj_style_gen.h ****     lv_style_value_t v = lv_obj_get_style_prop(obj, part, LV_STYLE_X);
 125:Middlewares/LVGL/lvgl/src/widgets/arclabel/../../core/lv_obj_style_gen.h ****     return (int32_t)v.num;
 126:Middlewares/LVGL/lvgl/src/widgets/arclabel/../../core/lv_obj_style_gen.h **** }
 127:Middlewares/LVGL/lvgl/src/widgets/arclabel/../../core/lv_obj_style_gen.h **** 
 128:Middlewares/LVGL/lvgl/src/widgets/arclabel/../../core/lv_obj_style_gen.h **** /**
 129:Middlewares/LVGL/lvgl/src/widgets/arclabel/../../core/lv_obj_style_gen.h ****  * Get Y coordinate of Widget considering the ``align`` setting. Pixel and percentage
 130:Middlewares/LVGL/lvgl/src/widgets/arclabel/../../core/lv_obj_style_gen.h ****  * values can be used. Percentage values are relative to the height of the parent's
 131:Middlewares/LVGL/lvgl/src/widgets/arclabel/../../core/lv_obj_style_gen.h ****  * content area.
 132:Middlewares/LVGL/lvgl/src/widgets/arclabel/../../core/lv_obj_style_gen.h ****  * Default: 0, inherited: No, layout: Yes, ext. draw: No.
 133:Middlewares/LVGL/lvgl/src/widgets/arclabel/../../core/lv_obj_style_gen.h ****  * @param  obj    Pointer to Widget
 134:Middlewares/LVGL/lvgl/src/widgets/arclabel/../../core/lv_obj_style_gen.h ****  * @param  part   One of the `LV_PART_...` enum values
 135:Middlewares/LVGL/lvgl/src/widgets/arclabel/../../core/lv_obj_style_gen.h ****  */
 136:Middlewares/LVGL/lvgl/src/widgets/arclabel/../../core/lv_obj_style_gen.h **** static inline int32_t lv_obj_get_style_y(const lv_obj_t * obj, lv_part_t part)
 137:Middlewares/LVGL/lvgl/src/widgets/arclabel/../../core/lv_obj_style_gen.h **** {
 138:Middlewares/LVGL/lvgl/src/widgets/arclabel/../../core/lv_obj_style_gen.h ****     lv_style_value_t v = lv_obj_get_style_prop(obj, part, LV_STYLE_Y);
 139:Middlewares/LVGL/lvgl/src/widgets/arclabel/../../core/lv_obj_style_gen.h ****     return (int32_t)v.num;
 140:Middlewares/LVGL/lvgl/src/widgets/arclabel/../../core/lv_obj_style_gen.h **** }
 141:Middlewares/LVGL/lvgl/src/widgets/arclabel/../../core/lv_obj_style_gen.h **** 
 142:Middlewares/LVGL/lvgl/src/widgets/arclabel/../../core/lv_obj_style_gen.h **** /**
 143:Middlewares/LVGL/lvgl/src/widgets/arclabel/../../core/lv_obj_style_gen.h ****  * Get the alignment which tells from which point of the parent the X and Y
 144:Middlewares/LVGL/lvgl/src/widgets/arclabel/../../core/lv_obj_style_gen.h ****  * coordinates should be interpreted. Possible values are: `LV_ALIGN_DEFAULT`,
 145:Middlewares/LVGL/lvgl/src/widgets/arclabel/../../core/lv_obj_style_gen.h ****  * `LV_ALIGN_TOP_LEFT/MID/RIGHT`, `LV_ALIGN_BOTTOM_LEFT/MID/RIGHT`,
 146:Middlewares/LVGL/lvgl/src/widgets/arclabel/../../core/lv_obj_style_gen.h ****  * `LV_ALIGN_LEFT/RIGHT_MID`, `LV_ALIGN_CENTER`. `LV_ALIGN_DEFAULT` means
 147:Middlewares/LVGL/lvgl/src/widgets/arclabel/../../core/lv_obj_style_gen.h ****  * `LV_ALIGN_TOP_LEFT` with LTR base direction and `LV_ALIGN_TOP_RIGHT` with RTL base
 148:Middlewares/LVGL/lvgl/src/widgets/arclabel/../../core/lv_obj_style_gen.h ****  * direction.
 149:Middlewares/LVGL/lvgl/src/widgets/arclabel/../../core/lv_obj_style_gen.h ****  * Default: `LV_ALIGN_DEFAULT`, inherited: No, layout: Yes, ext. draw: No.
 150:Middlewares/LVGL/lvgl/src/widgets/arclabel/../../core/lv_obj_style_gen.h ****  * @param  obj    Pointer to Widget
 151:Middlewares/LVGL/lvgl/src/widgets/arclabel/../../core/lv_obj_style_gen.h ****  * @param  part   One of the `LV_PART_...` enum values
 152:Middlewares/LVGL/lvgl/src/widgets/arclabel/../../core/lv_obj_style_gen.h ****  */
 153:Middlewares/LVGL/lvgl/src/widgets/arclabel/../../core/lv_obj_style_gen.h **** static inline lv_align_t lv_obj_get_style_align(const lv_obj_t * obj, lv_part_t part)
 154:Middlewares/LVGL/lvgl/src/widgets/arclabel/../../core/lv_obj_style_gen.h **** {
 155:Middlewares/LVGL/lvgl/src/widgets/arclabel/../../core/lv_obj_style_gen.h ****     lv_style_value_t v = lv_obj_get_style_prop(obj, part, LV_STYLE_ALIGN);
 156:Middlewares/LVGL/lvgl/src/widgets/arclabel/../../core/lv_obj_style_gen.h ****     return (lv_align_t)v.num;
 157:Middlewares/LVGL/lvgl/src/widgets/arclabel/../../core/lv_obj_style_gen.h **** }
 158:Middlewares/LVGL/lvgl/src/widgets/arclabel/../../core/lv_obj_style_gen.h **** 
 159:Middlewares/LVGL/lvgl/src/widgets/arclabel/../../core/lv_obj_style_gen.h **** /**
 160:Middlewares/LVGL/lvgl/src/widgets/arclabel/../../core/lv_obj_style_gen.h ****  * Make Widget wider on both sides with this value. Pixel and percentage (with
 161:Middlewares/LVGL/lvgl/src/widgets/arclabel/../../core/lv_obj_style_gen.h ****  * `lv_pct(x)`) values can be used. Percentage values are relative to Widget's width.
 162:Middlewares/LVGL/lvgl/src/widgets/arclabel/../../core/lv_obj_style_gen.h ****  * Default: 0, inherited: No, layout: No, ext. draw: Yes.
 163:Middlewares/LVGL/lvgl/src/widgets/arclabel/../../core/lv_obj_style_gen.h ****  * @param  obj    Pointer to Widget
 164:Middlewares/LVGL/lvgl/src/widgets/arclabel/../../core/lv_obj_style_gen.h ****  * @param  part   One of the `LV_PART_...` enum values
 165:Middlewares/LVGL/lvgl/src/widgets/arclabel/../../core/lv_obj_style_gen.h ****  */
 166:Middlewares/LVGL/lvgl/src/widgets/arclabel/../../core/lv_obj_style_gen.h **** static inline int32_t lv_obj_get_style_transform_width(const lv_obj_t * obj, lv_part_t part)
 167:Middlewares/LVGL/lvgl/src/widgets/arclabel/../../core/lv_obj_style_gen.h **** {
 168:Middlewares/LVGL/lvgl/src/widgets/arclabel/../../core/lv_obj_style_gen.h ****     lv_style_value_t v = lv_obj_get_style_prop(obj, part, LV_STYLE_TRANSFORM_WIDTH);
 169:Middlewares/LVGL/lvgl/src/widgets/arclabel/../../core/lv_obj_style_gen.h ****     return (int32_t)v.num;
ARM GAS  C:\Users\w1785\AppData\Local\Temp\ccYSPyVl.s 			page 38


 170:Middlewares/LVGL/lvgl/src/widgets/arclabel/../../core/lv_obj_style_gen.h **** }
 171:Middlewares/LVGL/lvgl/src/widgets/arclabel/../../core/lv_obj_style_gen.h **** 
 172:Middlewares/LVGL/lvgl/src/widgets/arclabel/../../core/lv_obj_style_gen.h **** /**
 173:Middlewares/LVGL/lvgl/src/widgets/arclabel/../../core/lv_obj_style_gen.h ****  * Make Widget higher on both sides with this value. Pixel and percentage (with
 174:Middlewares/LVGL/lvgl/src/widgets/arclabel/../../core/lv_obj_style_gen.h ****  * `lv_pct(x)`) values can be used. Percentage values are relative to Widget's height.
 175:Middlewares/LVGL/lvgl/src/widgets/arclabel/../../core/lv_obj_style_gen.h ****  * Default: 0, inherited: No, layout: No, ext. draw: Yes.
 176:Middlewares/LVGL/lvgl/src/widgets/arclabel/../../core/lv_obj_style_gen.h ****  * @param  obj    Pointer to Widget
 177:Middlewares/LVGL/lvgl/src/widgets/arclabel/../../core/lv_obj_style_gen.h ****  * @param  part   One of the `LV_PART_...` enum values
 178:Middlewares/LVGL/lvgl/src/widgets/arclabel/../../core/lv_obj_style_gen.h ****  */
 179:Middlewares/LVGL/lvgl/src/widgets/arclabel/../../core/lv_obj_style_gen.h **** static inline int32_t lv_obj_get_style_transform_height(const lv_obj_t * obj, lv_part_t part)
 180:Middlewares/LVGL/lvgl/src/widgets/arclabel/../../core/lv_obj_style_gen.h **** {
 181:Middlewares/LVGL/lvgl/src/widgets/arclabel/../../core/lv_obj_style_gen.h ****     lv_style_value_t v = lv_obj_get_style_prop(obj, part, LV_STYLE_TRANSFORM_HEIGHT);
 182:Middlewares/LVGL/lvgl/src/widgets/arclabel/../../core/lv_obj_style_gen.h ****     return (int32_t)v.num;
 183:Middlewares/LVGL/lvgl/src/widgets/arclabel/../../core/lv_obj_style_gen.h **** }
 184:Middlewares/LVGL/lvgl/src/widgets/arclabel/../../core/lv_obj_style_gen.h **** 
 185:Middlewares/LVGL/lvgl/src/widgets/arclabel/../../core/lv_obj_style_gen.h **** /**
 186:Middlewares/LVGL/lvgl/src/widgets/arclabel/../../core/lv_obj_style_gen.h ****  * Move Widget with this value in X direction. Applied after layouts, aligns and other
 187:Middlewares/LVGL/lvgl/src/widgets/arclabel/../../core/lv_obj_style_gen.h ****  * positioning. Pixel and percentage (with `lv_pct(x)`) values can be used. Percentage
 188:Middlewares/LVGL/lvgl/src/widgets/arclabel/../../core/lv_obj_style_gen.h ****  * values are relative to Widget's width.
 189:Middlewares/LVGL/lvgl/src/widgets/arclabel/../../core/lv_obj_style_gen.h ****  * Default: 0, inherited: No, layout: Yes, ext. draw: No.
 190:Middlewares/LVGL/lvgl/src/widgets/arclabel/../../core/lv_obj_style_gen.h ****  * @param  obj    Pointer to Widget
 191:Middlewares/LVGL/lvgl/src/widgets/arclabel/../../core/lv_obj_style_gen.h ****  * @param  part   One of the `LV_PART_...` enum values
 192:Middlewares/LVGL/lvgl/src/widgets/arclabel/../../core/lv_obj_style_gen.h ****  */
 193:Middlewares/LVGL/lvgl/src/widgets/arclabel/../../core/lv_obj_style_gen.h **** static inline int32_t lv_obj_get_style_translate_x(const lv_obj_t * obj, lv_part_t part)
 194:Middlewares/LVGL/lvgl/src/widgets/arclabel/../../core/lv_obj_style_gen.h **** {
 195:Middlewares/LVGL/lvgl/src/widgets/arclabel/../../core/lv_obj_style_gen.h ****     lv_style_value_t v = lv_obj_get_style_prop(obj, part, LV_STYLE_TRANSLATE_X);
 196:Middlewares/LVGL/lvgl/src/widgets/arclabel/../../core/lv_obj_style_gen.h ****     return (int32_t)v.num;
 197:Middlewares/LVGL/lvgl/src/widgets/arclabel/../../core/lv_obj_style_gen.h **** }
 198:Middlewares/LVGL/lvgl/src/widgets/arclabel/../../core/lv_obj_style_gen.h **** 
 199:Middlewares/LVGL/lvgl/src/widgets/arclabel/../../core/lv_obj_style_gen.h **** /**
 200:Middlewares/LVGL/lvgl/src/widgets/arclabel/../../core/lv_obj_style_gen.h ****  * Move Widget with this value in Y direction. Applied after layouts, aligns and other
 201:Middlewares/LVGL/lvgl/src/widgets/arclabel/../../core/lv_obj_style_gen.h ****  * positioning. Pixel and percentage (with `lv_pct(x)`) values can be used. Percentage
 202:Middlewares/LVGL/lvgl/src/widgets/arclabel/../../core/lv_obj_style_gen.h ****  * values are relative to Widget's height.
 203:Middlewares/LVGL/lvgl/src/widgets/arclabel/../../core/lv_obj_style_gen.h ****  * Default: 0, inherited: No, layout: Yes, ext. draw: No.
 204:Middlewares/LVGL/lvgl/src/widgets/arclabel/../../core/lv_obj_style_gen.h ****  * @param  obj    Pointer to Widget
 205:Middlewares/LVGL/lvgl/src/widgets/arclabel/../../core/lv_obj_style_gen.h ****  * @param  part   One of the `LV_PART_...` enum values
 206:Middlewares/LVGL/lvgl/src/widgets/arclabel/../../core/lv_obj_style_gen.h ****  */
 207:Middlewares/LVGL/lvgl/src/widgets/arclabel/../../core/lv_obj_style_gen.h **** static inline int32_t lv_obj_get_style_translate_y(const lv_obj_t * obj, lv_part_t part)
 208:Middlewares/LVGL/lvgl/src/widgets/arclabel/../../core/lv_obj_style_gen.h **** {
 209:Middlewares/LVGL/lvgl/src/widgets/arclabel/../../core/lv_obj_style_gen.h ****     lv_style_value_t v = lv_obj_get_style_prop(obj, part, LV_STYLE_TRANSLATE_Y);
 210:Middlewares/LVGL/lvgl/src/widgets/arclabel/../../core/lv_obj_style_gen.h ****     return (int32_t)v.num;
 211:Middlewares/LVGL/lvgl/src/widgets/arclabel/../../core/lv_obj_style_gen.h **** }
 212:Middlewares/LVGL/lvgl/src/widgets/arclabel/../../core/lv_obj_style_gen.h **** 
 213:Middlewares/LVGL/lvgl/src/widgets/arclabel/../../core/lv_obj_style_gen.h **** /**
 214:Middlewares/LVGL/lvgl/src/widgets/arclabel/../../core/lv_obj_style_gen.h ****  * Move object around the centre of the parent object (e.g. around the circumference
 215:Middlewares/LVGL/lvgl/src/widgets/arclabel/../../core/lv_obj_style_gen.h ****  * of a scale).
 216:Middlewares/LVGL/lvgl/src/widgets/arclabel/../../core/lv_obj_style_gen.h ****  * Default: 0, inherited: No, layout: Yes, ext. draw: No.
 217:Middlewares/LVGL/lvgl/src/widgets/arclabel/../../core/lv_obj_style_gen.h ****  * @param  obj    Pointer to Widget
 218:Middlewares/LVGL/lvgl/src/widgets/arclabel/../../core/lv_obj_style_gen.h ****  * @param  part   One of the `LV_PART_...` enum values
 219:Middlewares/LVGL/lvgl/src/widgets/arclabel/../../core/lv_obj_style_gen.h ****  */
 220:Middlewares/LVGL/lvgl/src/widgets/arclabel/../../core/lv_obj_style_gen.h **** static inline int32_t lv_obj_get_style_translate_radial(const lv_obj_t * obj, lv_part_t part)
 221:Middlewares/LVGL/lvgl/src/widgets/arclabel/../../core/lv_obj_style_gen.h **** {
 222:Middlewares/LVGL/lvgl/src/widgets/arclabel/../../core/lv_obj_style_gen.h ****     lv_style_value_t v = lv_obj_get_style_prop(obj, part, LV_STYLE_TRANSLATE_RADIAL);
 223:Middlewares/LVGL/lvgl/src/widgets/arclabel/../../core/lv_obj_style_gen.h ****     return (int32_t)v.num;
 224:Middlewares/LVGL/lvgl/src/widgets/arclabel/../../core/lv_obj_style_gen.h **** }
 225:Middlewares/LVGL/lvgl/src/widgets/arclabel/../../core/lv_obj_style_gen.h **** 
 226:Middlewares/LVGL/lvgl/src/widgets/arclabel/../../core/lv_obj_style_gen.h **** /**
ARM GAS  C:\Users\w1785\AppData\Local\Temp\ccYSPyVl.s 			page 39


 227:Middlewares/LVGL/lvgl/src/widgets/arclabel/../../core/lv_obj_style_gen.h ****  * Zoom Widget horizontally. The value 256 (or `LV_SCALE_NONE`) means normal size, 128
 228:Middlewares/LVGL/lvgl/src/widgets/arclabel/../../core/lv_obj_style_gen.h ****  * half size, 512 double size, and so on.
 229:Middlewares/LVGL/lvgl/src/widgets/arclabel/../../core/lv_obj_style_gen.h ****  * Default: 0, inherited: No, layout: Yes, ext. draw: Yes.
 230:Middlewares/LVGL/lvgl/src/widgets/arclabel/../../core/lv_obj_style_gen.h ****  * @param  obj    Pointer to Widget
 231:Middlewares/LVGL/lvgl/src/widgets/arclabel/../../core/lv_obj_style_gen.h ****  * @param  part   One of the `LV_PART_...` enum values
 232:Middlewares/LVGL/lvgl/src/widgets/arclabel/../../core/lv_obj_style_gen.h ****  */
 233:Middlewares/LVGL/lvgl/src/widgets/arclabel/../../core/lv_obj_style_gen.h **** static inline int32_t lv_obj_get_style_transform_scale_x(const lv_obj_t * obj, lv_part_t part)
 234:Middlewares/LVGL/lvgl/src/widgets/arclabel/../../core/lv_obj_style_gen.h **** {
 235:Middlewares/LVGL/lvgl/src/widgets/arclabel/../../core/lv_obj_style_gen.h ****     lv_style_value_t v = lv_obj_get_style_prop(obj, part, LV_STYLE_TRANSFORM_SCALE_X);
 236:Middlewares/LVGL/lvgl/src/widgets/arclabel/../../core/lv_obj_style_gen.h ****     return (int32_t)v.num;
 237:Middlewares/LVGL/lvgl/src/widgets/arclabel/../../core/lv_obj_style_gen.h **** }
 238:Middlewares/LVGL/lvgl/src/widgets/arclabel/../../core/lv_obj_style_gen.h **** 
 239:Middlewares/LVGL/lvgl/src/widgets/arclabel/../../core/lv_obj_style_gen.h **** /**
 240:Middlewares/LVGL/lvgl/src/widgets/arclabel/../../core/lv_obj_style_gen.h ****  * Zoom Widget vertically. The value 256 (or `LV_SCALE_NONE`) means normal size, 128
 241:Middlewares/LVGL/lvgl/src/widgets/arclabel/../../core/lv_obj_style_gen.h ****  * half size, 512 double size, and so on.
 242:Middlewares/LVGL/lvgl/src/widgets/arclabel/../../core/lv_obj_style_gen.h ****  * Default: 0, inherited: No, layout: Yes, ext. draw: Yes.
 243:Middlewares/LVGL/lvgl/src/widgets/arclabel/../../core/lv_obj_style_gen.h ****  * @param  obj    Pointer to Widget
 244:Middlewares/LVGL/lvgl/src/widgets/arclabel/../../core/lv_obj_style_gen.h ****  * @param  part   One of the `LV_PART_...` enum values
 245:Middlewares/LVGL/lvgl/src/widgets/arclabel/../../core/lv_obj_style_gen.h ****  */
 246:Middlewares/LVGL/lvgl/src/widgets/arclabel/../../core/lv_obj_style_gen.h **** static inline int32_t lv_obj_get_style_transform_scale_y(const lv_obj_t * obj, lv_part_t part)
 247:Middlewares/LVGL/lvgl/src/widgets/arclabel/../../core/lv_obj_style_gen.h **** {
 248:Middlewares/LVGL/lvgl/src/widgets/arclabel/../../core/lv_obj_style_gen.h ****     lv_style_value_t v = lv_obj_get_style_prop(obj, part, LV_STYLE_TRANSFORM_SCALE_Y);
 249:Middlewares/LVGL/lvgl/src/widgets/arclabel/../../core/lv_obj_style_gen.h ****     return (int32_t)v.num;
 250:Middlewares/LVGL/lvgl/src/widgets/arclabel/../../core/lv_obj_style_gen.h **** }
 251:Middlewares/LVGL/lvgl/src/widgets/arclabel/../../core/lv_obj_style_gen.h **** 
 252:Middlewares/LVGL/lvgl/src/widgets/arclabel/../../core/lv_obj_style_gen.h **** /**
 253:Middlewares/LVGL/lvgl/src/widgets/arclabel/../../core/lv_obj_style_gen.h ****  * Rotate Widget. The value is interpreted in 0.1 degree units. E.g. 450 means 45 deg.
 254:Middlewares/LVGL/lvgl/src/widgets/arclabel/../../core/lv_obj_style_gen.h ****  * Default: 0, inherited: No, layout: Yes, ext. draw: Yes.
 255:Middlewares/LVGL/lvgl/src/widgets/arclabel/../../core/lv_obj_style_gen.h ****  * @param  obj    Pointer to Widget
 256:Middlewares/LVGL/lvgl/src/widgets/arclabel/../../core/lv_obj_style_gen.h ****  * @param  part   One of the `LV_PART_...` enum values
 257:Middlewares/LVGL/lvgl/src/widgets/arclabel/../../core/lv_obj_style_gen.h ****  */
 258:Middlewares/LVGL/lvgl/src/widgets/arclabel/../../core/lv_obj_style_gen.h **** static inline int32_t lv_obj_get_style_transform_rotation(const lv_obj_t * obj, lv_part_t part)
 259:Middlewares/LVGL/lvgl/src/widgets/arclabel/../../core/lv_obj_style_gen.h **** {
 260:Middlewares/LVGL/lvgl/src/widgets/arclabel/../../core/lv_obj_style_gen.h ****     lv_style_value_t v = lv_obj_get_style_prop(obj, part, LV_STYLE_TRANSFORM_ROTATION);
 261:Middlewares/LVGL/lvgl/src/widgets/arclabel/../../core/lv_obj_style_gen.h ****     return (int32_t)v.num;
 262:Middlewares/LVGL/lvgl/src/widgets/arclabel/../../core/lv_obj_style_gen.h **** }
 263:Middlewares/LVGL/lvgl/src/widgets/arclabel/../../core/lv_obj_style_gen.h **** 
 264:Middlewares/LVGL/lvgl/src/widgets/arclabel/../../core/lv_obj_style_gen.h **** /**
 265:Middlewares/LVGL/lvgl/src/widgets/arclabel/../../core/lv_obj_style_gen.h ****  * Get pivot point's X coordinate for transformations. Relative to Widget's top left corner.
 266:Middlewares/LVGL/lvgl/src/widgets/arclabel/../../core/lv_obj_style_gen.h ****  * Default: 0, inherited: No, layout: No, ext. draw: No.
 267:Middlewares/LVGL/lvgl/src/widgets/arclabel/../../core/lv_obj_style_gen.h ****  * @param  obj    Pointer to Widget
 268:Middlewares/LVGL/lvgl/src/widgets/arclabel/../../core/lv_obj_style_gen.h ****  * @param  part   One of the `LV_PART_...` enum values
 269:Middlewares/LVGL/lvgl/src/widgets/arclabel/../../core/lv_obj_style_gen.h ****  */
 270:Middlewares/LVGL/lvgl/src/widgets/arclabel/../../core/lv_obj_style_gen.h **** static inline int32_t lv_obj_get_style_transform_pivot_x(const lv_obj_t * obj, lv_part_t part)
 271:Middlewares/LVGL/lvgl/src/widgets/arclabel/../../core/lv_obj_style_gen.h **** {
 272:Middlewares/LVGL/lvgl/src/widgets/arclabel/../../core/lv_obj_style_gen.h ****     lv_style_value_t v = lv_obj_get_style_prop(obj, part, LV_STYLE_TRANSFORM_PIVOT_X);
 273:Middlewares/LVGL/lvgl/src/widgets/arclabel/../../core/lv_obj_style_gen.h ****     return (int32_t)v.num;
 274:Middlewares/LVGL/lvgl/src/widgets/arclabel/../../core/lv_obj_style_gen.h **** }
 275:Middlewares/LVGL/lvgl/src/widgets/arclabel/../../core/lv_obj_style_gen.h **** 
 276:Middlewares/LVGL/lvgl/src/widgets/arclabel/../../core/lv_obj_style_gen.h **** /**
 277:Middlewares/LVGL/lvgl/src/widgets/arclabel/../../core/lv_obj_style_gen.h ****  * Get pivot point's Y coordinate for transformations. Relative to Widget's top left corner.
 278:Middlewares/LVGL/lvgl/src/widgets/arclabel/../../core/lv_obj_style_gen.h ****  * Default: 0, inherited: No, layout: No, ext. draw: No.
 279:Middlewares/LVGL/lvgl/src/widgets/arclabel/../../core/lv_obj_style_gen.h ****  * @param  obj    Pointer to Widget
 280:Middlewares/LVGL/lvgl/src/widgets/arclabel/../../core/lv_obj_style_gen.h ****  * @param  part   One of the `LV_PART_...` enum values
 281:Middlewares/LVGL/lvgl/src/widgets/arclabel/../../core/lv_obj_style_gen.h ****  */
 282:Middlewares/LVGL/lvgl/src/widgets/arclabel/../../core/lv_obj_style_gen.h **** static inline int32_t lv_obj_get_style_transform_pivot_y(const lv_obj_t * obj, lv_part_t part)
 283:Middlewares/LVGL/lvgl/src/widgets/arclabel/../../core/lv_obj_style_gen.h **** {
ARM GAS  C:\Users\w1785\AppData\Local\Temp\ccYSPyVl.s 			page 40


 284:Middlewares/LVGL/lvgl/src/widgets/arclabel/../../core/lv_obj_style_gen.h ****     lv_style_value_t v = lv_obj_get_style_prop(obj, part, LV_STYLE_TRANSFORM_PIVOT_Y);
 285:Middlewares/LVGL/lvgl/src/widgets/arclabel/../../core/lv_obj_style_gen.h ****     return (int32_t)v.num;
 286:Middlewares/LVGL/lvgl/src/widgets/arclabel/../../core/lv_obj_style_gen.h **** }
 287:Middlewares/LVGL/lvgl/src/widgets/arclabel/../../core/lv_obj_style_gen.h **** 
 288:Middlewares/LVGL/lvgl/src/widgets/arclabel/../../core/lv_obj_style_gen.h **** /**
 289:Middlewares/LVGL/lvgl/src/widgets/arclabel/../../core/lv_obj_style_gen.h ****  * Skew Widget horizontally. The value is interpreted in 0.1 degree units. E.g. 450
 290:Middlewares/LVGL/lvgl/src/widgets/arclabel/../../core/lv_obj_style_gen.h ****  * means 45 deg.
 291:Middlewares/LVGL/lvgl/src/widgets/arclabel/../../core/lv_obj_style_gen.h ****  * Default: 0, inherited: No, layout: Yes, ext. draw: Yes.
 292:Middlewares/LVGL/lvgl/src/widgets/arclabel/../../core/lv_obj_style_gen.h ****  * @param  obj    Pointer to Widget
 293:Middlewares/LVGL/lvgl/src/widgets/arclabel/../../core/lv_obj_style_gen.h ****  * @param  part   One of the `LV_PART_...` enum values
 294:Middlewares/LVGL/lvgl/src/widgets/arclabel/../../core/lv_obj_style_gen.h ****  */
 295:Middlewares/LVGL/lvgl/src/widgets/arclabel/../../core/lv_obj_style_gen.h **** static inline int32_t lv_obj_get_style_transform_skew_x(const lv_obj_t * obj, lv_part_t part)
 296:Middlewares/LVGL/lvgl/src/widgets/arclabel/../../core/lv_obj_style_gen.h **** {
 297:Middlewares/LVGL/lvgl/src/widgets/arclabel/../../core/lv_obj_style_gen.h ****     lv_style_value_t v = lv_obj_get_style_prop(obj, part, LV_STYLE_TRANSFORM_SKEW_X);
 298:Middlewares/LVGL/lvgl/src/widgets/arclabel/../../core/lv_obj_style_gen.h ****     return (int32_t)v.num;
 299:Middlewares/LVGL/lvgl/src/widgets/arclabel/../../core/lv_obj_style_gen.h **** }
 300:Middlewares/LVGL/lvgl/src/widgets/arclabel/../../core/lv_obj_style_gen.h **** 
 301:Middlewares/LVGL/lvgl/src/widgets/arclabel/../../core/lv_obj_style_gen.h **** /**
 302:Middlewares/LVGL/lvgl/src/widgets/arclabel/../../core/lv_obj_style_gen.h ****  * Skew Widget vertically. The value is interpreted in 0.1 degree units. E.g. 450
 303:Middlewares/LVGL/lvgl/src/widgets/arclabel/../../core/lv_obj_style_gen.h ****  * means 45 deg.
 304:Middlewares/LVGL/lvgl/src/widgets/arclabel/../../core/lv_obj_style_gen.h ****  * Default: 0, inherited: No, layout: Yes, ext. draw: Yes.
 305:Middlewares/LVGL/lvgl/src/widgets/arclabel/../../core/lv_obj_style_gen.h ****  * @param  obj    Pointer to Widget
 306:Middlewares/LVGL/lvgl/src/widgets/arclabel/../../core/lv_obj_style_gen.h ****  * @param  part   One of the `LV_PART_...` enum values
 307:Middlewares/LVGL/lvgl/src/widgets/arclabel/../../core/lv_obj_style_gen.h ****  */
 308:Middlewares/LVGL/lvgl/src/widgets/arclabel/../../core/lv_obj_style_gen.h **** static inline int32_t lv_obj_get_style_transform_skew_y(const lv_obj_t * obj, lv_part_t part)
 309:Middlewares/LVGL/lvgl/src/widgets/arclabel/../../core/lv_obj_style_gen.h **** {
 310:Middlewares/LVGL/lvgl/src/widgets/arclabel/../../core/lv_obj_style_gen.h ****     lv_style_value_t v = lv_obj_get_style_prop(obj, part, LV_STYLE_TRANSFORM_SKEW_Y);
 311:Middlewares/LVGL/lvgl/src/widgets/arclabel/../../core/lv_obj_style_gen.h ****     return (int32_t)v.num;
 312:Middlewares/LVGL/lvgl/src/widgets/arclabel/../../core/lv_obj_style_gen.h **** }
 313:Middlewares/LVGL/lvgl/src/widgets/arclabel/../../core/lv_obj_style_gen.h **** 
 314:Middlewares/LVGL/lvgl/src/widgets/arclabel/../../core/lv_obj_style_gen.h **** /**
 315:Middlewares/LVGL/lvgl/src/widgets/arclabel/../../core/lv_obj_style_gen.h ****  * Gets the padding on the top. It makes the content area smaller in this direction.
 316:Middlewares/LVGL/lvgl/src/widgets/arclabel/../../core/lv_obj_style_gen.h ****  * Default: 0, inherited: No, layout: Yes, ext. draw: No.
 317:Middlewares/LVGL/lvgl/src/widgets/arclabel/../../core/lv_obj_style_gen.h ****  * @param  obj    Pointer to Widget
 318:Middlewares/LVGL/lvgl/src/widgets/arclabel/../../core/lv_obj_style_gen.h ****  * @param  part   One of the `LV_PART_...` enum values
 319:Middlewares/LVGL/lvgl/src/widgets/arclabel/../../core/lv_obj_style_gen.h ****  */
 320:Middlewares/LVGL/lvgl/src/widgets/arclabel/../../core/lv_obj_style_gen.h **** static inline int32_t lv_obj_get_style_pad_top(const lv_obj_t * obj, lv_part_t part)
 321:Middlewares/LVGL/lvgl/src/widgets/arclabel/../../core/lv_obj_style_gen.h **** {
 322:Middlewares/LVGL/lvgl/src/widgets/arclabel/../../core/lv_obj_style_gen.h ****     lv_style_value_t v = lv_obj_get_style_prop(obj, part, LV_STYLE_PAD_TOP);
 323:Middlewares/LVGL/lvgl/src/widgets/arclabel/../../core/lv_obj_style_gen.h ****     return (int32_t)v.num;
 324:Middlewares/LVGL/lvgl/src/widgets/arclabel/../../core/lv_obj_style_gen.h **** }
 325:Middlewares/LVGL/lvgl/src/widgets/arclabel/../../core/lv_obj_style_gen.h **** 
 326:Middlewares/LVGL/lvgl/src/widgets/arclabel/../../core/lv_obj_style_gen.h **** /**
 327:Middlewares/LVGL/lvgl/src/widgets/arclabel/../../core/lv_obj_style_gen.h ****  * Gets the padding on the bottom. It makes the content area smaller in this direction.
 328:Middlewares/LVGL/lvgl/src/widgets/arclabel/../../core/lv_obj_style_gen.h ****  * Default: 0, inherited: No, layout: Yes, ext. draw: No.
 329:Middlewares/LVGL/lvgl/src/widgets/arclabel/../../core/lv_obj_style_gen.h ****  * @param  obj    Pointer to Widget
 330:Middlewares/LVGL/lvgl/src/widgets/arclabel/../../core/lv_obj_style_gen.h ****  * @param  part   One of the `LV_PART_...` enum values
 331:Middlewares/LVGL/lvgl/src/widgets/arclabel/../../core/lv_obj_style_gen.h ****  */
 332:Middlewares/LVGL/lvgl/src/widgets/arclabel/../../core/lv_obj_style_gen.h **** static inline int32_t lv_obj_get_style_pad_bottom(const lv_obj_t * obj, lv_part_t part)
 333:Middlewares/LVGL/lvgl/src/widgets/arclabel/../../core/lv_obj_style_gen.h **** {
 334:Middlewares/LVGL/lvgl/src/widgets/arclabel/../../core/lv_obj_style_gen.h ****     lv_style_value_t v = lv_obj_get_style_prop(obj, part, LV_STYLE_PAD_BOTTOM);
 335:Middlewares/LVGL/lvgl/src/widgets/arclabel/../../core/lv_obj_style_gen.h ****     return (int32_t)v.num;
 336:Middlewares/LVGL/lvgl/src/widgets/arclabel/../../core/lv_obj_style_gen.h **** }
 337:Middlewares/LVGL/lvgl/src/widgets/arclabel/../../core/lv_obj_style_gen.h **** 
 338:Middlewares/LVGL/lvgl/src/widgets/arclabel/../../core/lv_obj_style_gen.h **** /**
 339:Middlewares/LVGL/lvgl/src/widgets/arclabel/../../core/lv_obj_style_gen.h ****  * Gets the padding on the left. It makes the content area smaller in this direction.
 340:Middlewares/LVGL/lvgl/src/widgets/arclabel/../../core/lv_obj_style_gen.h ****  * Default: 0, inherited: No, layout: Yes, ext. draw: No.
ARM GAS  C:\Users\w1785\AppData\Local\Temp\ccYSPyVl.s 			page 41


 341:Middlewares/LVGL/lvgl/src/widgets/arclabel/../../core/lv_obj_style_gen.h ****  * @param  obj    Pointer to Widget
 342:Middlewares/LVGL/lvgl/src/widgets/arclabel/../../core/lv_obj_style_gen.h ****  * @param  part   One of the `LV_PART_...` enum values
 343:Middlewares/LVGL/lvgl/src/widgets/arclabel/../../core/lv_obj_style_gen.h ****  */
 344:Middlewares/LVGL/lvgl/src/widgets/arclabel/../../core/lv_obj_style_gen.h **** static inline int32_t lv_obj_get_style_pad_left(const lv_obj_t * obj, lv_part_t part)
 345:Middlewares/LVGL/lvgl/src/widgets/arclabel/../../core/lv_obj_style_gen.h **** {
 346:Middlewares/LVGL/lvgl/src/widgets/arclabel/../../core/lv_obj_style_gen.h ****     lv_style_value_t v = lv_obj_get_style_prop(obj, part, LV_STYLE_PAD_LEFT);
 347:Middlewares/LVGL/lvgl/src/widgets/arclabel/../../core/lv_obj_style_gen.h ****     return (int32_t)v.num;
 348:Middlewares/LVGL/lvgl/src/widgets/arclabel/../../core/lv_obj_style_gen.h **** }
 349:Middlewares/LVGL/lvgl/src/widgets/arclabel/../../core/lv_obj_style_gen.h **** 
 350:Middlewares/LVGL/lvgl/src/widgets/arclabel/../../core/lv_obj_style_gen.h **** /**
 351:Middlewares/LVGL/lvgl/src/widgets/arclabel/../../core/lv_obj_style_gen.h ****  * Gets the padding on the right. It makes the content area smaller in this direction.
 352:Middlewares/LVGL/lvgl/src/widgets/arclabel/../../core/lv_obj_style_gen.h ****  * Default: 0, inherited: No, layout: Yes, ext. draw: No.
 353:Middlewares/LVGL/lvgl/src/widgets/arclabel/../../core/lv_obj_style_gen.h ****  * @param  obj    Pointer to Widget
 354:Middlewares/LVGL/lvgl/src/widgets/arclabel/../../core/lv_obj_style_gen.h ****  * @param  part   One of the `LV_PART_...` enum values
 355:Middlewares/LVGL/lvgl/src/widgets/arclabel/../../core/lv_obj_style_gen.h ****  */
 356:Middlewares/LVGL/lvgl/src/widgets/arclabel/../../core/lv_obj_style_gen.h **** static inline int32_t lv_obj_get_style_pad_right(const lv_obj_t * obj, lv_part_t part)
 357:Middlewares/LVGL/lvgl/src/widgets/arclabel/../../core/lv_obj_style_gen.h **** {
 358:Middlewares/LVGL/lvgl/src/widgets/arclabel/../../core/lv_obj_style_gen.h ****     lv_style_value_t v = lv_obj_get_style_prop(obj, part, LV_STYLE_PAD_RIGHT);
 359:Middlewares/LVGL/lvgl/src/widgets/arclabel/../../core/lv_obj_style_gen.h ****     return (int32_t)v.num;
 360:Middlewares/LVGL/lvgl/src/widgets/arclabel/../../core/lv_obj_style_gen.h **** }
 361:Middlewares/LVGL/lvgl/src/widgets/arclabel/../../core/lv_obj_style_gen.h **** 
 362:Middlewares/LVGL/lvgl/src/widgets/arclabel/../../core/lv_obj_style_gen.h **** /**
 363:Middlewares/LVGL/lvgl/src/widgets/arclabel/../../core/lv_obj_style_gen.h ****  * Gets the padding between the rows. Used by the layouts.
 364:Middlewares/LVGL/lvgl/src/widgets/arclabel/../../core/lv_obj_style_gen.h ****  * Default: 0, inherited: No, layout: Yes, ext. draw: No.
 365:Middlewares/LVGL/lvgl/src/widgets/arclabel/../../core/lv_obj_style_gen.h ****  * @param  obj    Pointer to Widget
 366:Middlewares/LVGL/lvgl/src/widgets/arclabel/../../core/lv_obj_style_gen.h ****  * @param  part   One of the `LV_PART_...` enum values
 367:Middlewares/LVGL/lvgl/src/widgets/arclabel/../../core/lv_obj_style_gen.h ****  */
 368:Middlewares/LVGL/lvgl/src/widgets/arclabel/../../core/lv_obj_style_gen.h **** static inline int32_t lv_obj_get_style_pad_row(const lv_obj_t * obj, lv_part_t part)
 369:Middlewares/LVGL/lvgl/src/widgets/arclabel/../../core/lv_obj_style_gen.h **** {
 370:Middlewares/LVGL/lvgl/src/widgets/arclabel/../../core/lv_obj_style_gen.h ****     lv_style_value_t v = lv_obj_get_style_prop(obj, part, LV_STYLE_PAD_ROW);
 371:Middlewares/LVGL/lvgl/src/widgets/arclabel/../../core/lv_obj_style_gen.h ****     return (int32_t)v.num;
 372:Middlewares/LVGL/lvgl/src/widgets/arclabel/../../core/lv_obj_style_gen.h **** }
 373:Middlewares/LVGL/lvgl/src/widgets/arclabel/../../core/lv_obj_style_gen.h **** 
 374:Middlewares/LVGL/lvgl/src/widgets/arclabel/../../core/lv_obj_style_gen.h **** /**
 375:Middlewares/LVGL/lvgl/src/widgets/arclabel/../../core/lv_obj_style_gen.h ****  * Gets the padding between the columns. Used by the layouts.
 376:Middlewares/LVGL/lvgl/src/widgets/arclabel/../../core/lv_obj_style_gen.h ****  * Default: 0, inherited: No, layout: Yes, ext. draw: No.
 377:Middlewares/LVGL/lvgl/src/widgets/arclabel/../../core/lv_obj_style_gen.h ****  * @param  obj    Pointer to Widget
 378:Middlewares/LVGL/lvgl/src/widgets/arclabel/../../core/lv_obj_style_gen.h ****  * @param  part   One of the `LV_PART_...` enum values
 379:Middlewares/LVGL/lvgl/src/widgets/arclabel/../../core/lv_obj_style_gen.h ****  */
 380:Middlewares/LVGL/lvgl/src/widgets/arclabel/../../core/lv_obj_style_gen.h **** static inline int32_t lv_obj_get_style_pad_column(const lv_obj_t * obj, lv_part_t part)
 381:Middlewares/LVGL/lvgl/src/widgets/arclabel/../../core/lv_obj_style_gen.h **** {
 382:Middlewares/LVGL/lvgl/src/widgets/arclabel/../../core/lv_obj_style_gen.h ****     lv_style_value_t v = lv_obj_get_style_prop(obj, part, LV_STYLE_PAD_COLUMN);
 383:Middlewares/LVGL/lvgl/src/widgets/arclabel/../../core/lv_obj_style_gen.h ****     return (int32_t)v.num;
 384:Middlewares/LVGL/lvgl/src/widgets/arclabel/../../core/lv_obj_style_gen.h **** }
 385:Middlewares/LVGL/lvgl/src/widgets/arclabel/../../core/lv_obj_style_gen.h **** 
 386:Middlewares/LVGL/lvgl/src/widgets/arclabel/../../core/lv_obj_style_gen.h **** /**
 387:Middlewares/LVGL/lvgl/src/widgets/arclabel/../../core/lv_obj_style_gen.h ****  * Pad text labels away from the scale ticks/remainder of the ``LV_PART_``.
 388:Middlewares/LVGL/lvgl/src/widgets/arclabel/../../core/lv_obj_style_gen.h ****  * Default: 0, inherited: No, layout: No, ext. draw: No.
 389:Middlewares/LVGL/lvgl/src/widgets/arclabel/../../core/lv_obj_style_gen.h ****  * @param  obj    Pointer to Widget
 390:Middlewares/LVGL/lvgl/src/widgets/arclabel/../../core/lv_obj_style_gen.h ****  * @param  part   One of the `LV_PART_...` enum values
 391:Middlewares/LVGL/lvgl/src/widgets/arclabel/../../core/lv_obj_style_gen.h ****  */
 392:Middlewares/LVGL/lvgl/src/widgets/arclabel/../../core/lv_obj_style_gen.h **** static inline int32_t lv_obj_get_style_pad_radial(const lv_obj_t * obj, lv_part_t part)
 393:Middlewares/LVGL/lvgl/src/widgets/arclabel/../../core/lv_obj_style_gen.h **** {
 394:Middlewares/LVGL/lvgl/src/widgets/arclabel/../../core/lv_obj_style_gen.h ****     lv_style_value_t v = lv_obj_get_style_prop(obj, part, LV_STYLE_PAD_RADIAL);
 395:Middlewares/LVGL/lvgl/src/widgets/arclabel/../../core/lv_obj_style_gen.h ****     return (int32_t)v.num;
 396:Middlewares/LVGL/lvgl/src/widgets/arclabel/../../core/lv_obj_style_gen.h **** }
 397:Middlewares/LVGL/lvgl/src/widgets/arclabel/../../core/lv_obj_style_gen.h **** 
ARM GAS  C:\Users\w1785\AppData\Local\Temp\ccYSPyVl.s 			page 42


 398:Middlewares/LVGL/lvgl/src/widgets/arclabel/../../core/lv_obj_style_gen.h **** /**
 399:Middlewares/LVGL/lvgl/src/widgets/arclabel/../../core/lv_obj_style_gen.h ****  * Gets margin on the top. Widget will keep this space from its siblings in layouts.
 400:Middlewares/LVGL/lvgl/src/widgets/arclabel/../../core/lv_obj_style_gen.h ****  * Default: 0, inherited: No, layout: Yes, ext. draw: No.
 401:Middlewares/LVGL/lvgl/src/widgets/arclabel/../../core/lv_obj_style_gen.h ****  * @param  obj    Pointer to Widget
 402:Middlewares/LVGL/lvgl/src/widgets/arclabel/../../core/lv_obj_style_gen.h ****  * @param  part   One of the `LV_PART_...` enum values
 403:Middlewares/LVGL/lvgl/src/widgets/arclabel/../../core/lv_obj_style_gen.h ****  */
 404:Middlewares/LVGL/lvgl/src/widgets/arclabel/../../core/lv_obj_style_gen.h **** static inline int32_t lv_obj_get_style_margin_top(const lv_obj_t * obj, lv_part_t part)
 405:Middlewares/LVGL/lvgl/src/widgets/arclabel/../../core/lv_obj_style_gen.h **** {
 406:Middlewares/LVGL/lvgl/src/widgets/arclabel/../../core/lv_obj_style_gen.h ****     lv_style_value_t v = lv_obj_get_style_prop(obj, part, LV_STYLE_MARGIN_TOP);
 407:Middlewares/LVGL/lvgl/src/widgets/arclabel/../../core/lv_obj_style_gen.h ****     return (int32_t)v.num;
 408:Middlewares/LVGL/lvgl/src/widgets/arclabel/../../core/lv_obj_style_gen.h **** }
 409:Middlewares/LVGL/lvgl/src/widgets/arclabel/../../core/lv_obj_style_gen.h **** 
 410:Middlewares/LVGL/lvgl/src/widgets/arclabel/../../core/lv_obj_style_gen.h **** /**
 411:Middlewares/LVGL/lvgl/src/widgets/arclabel/../../core/lv_obj_style_gen.h ****  * Gets margin on the bottom. Widget will keep this space from its siblings in layouts.
 412:Middlewares/LVGL/lvgl/src/widgets/arclabel/../../core/lv_obj_style_gen.h ****  * Default: 0, inherited: No, layout: Yes, ext. draw: No.
 413:Middlewares/LVGL/lvgl/src/widgets/arclabel/../../core/lv_obj_style_gen.h ****  * @param  obj    Pointer to Widget
 414:Middlewares/LVGL/lvgl/src/widgets/arclabel/../../core/lv_obj_style_gen.h ****  * @param  part   One of the `LV_PART_...` enum values
 415:Middlewares/LVGL/lvgl/src/widgets/arclabel/../../core/lv_obj_style_gen.h ****  */
 416:Middlewares/LVGL/lvgl/src/widgets/arclabel/../../core/lv_obj_style_gen.h **** static inline int32_t lv_obj_get_style_margin_bottom(const lv_obj_t * obj, lv_part_t part)
 417:Middlewares/LVGL/lvgl/src/widgets/arclabel/../../core/lv_obj_style_gen.h **** {
 418:Middlewares/LVGL/lvgl/src/widgets/arclabel/../../core/lv_obj_style_gen.h ****     lv_style_value_t v = lv_obj_get_style_prop(obj, part, LV_STYLE_MARGIN_BOTTOM);
 419:Middlewares/LVGL/lvgl/src/widgets/arclabel/../../core/lv_obj_style_gen.h ****     return (int32_t)v.num;
 420:Middlewares/LVGL/lvgl/src/widgets/arclabel/../../core/lv_obj_style_gen.h **** }
 421:Middlewares/LVGL/lvgl/src/widgets/arclabel/../../core/lv_obj_style_gen.h **** 
 422:Middlewares/LVGL/lvgl/src/widgets/arclabel/../../core/lv_obj_style_gen.h **** /**
 423:Middlewares/LVGL/lvgl/src/widgets/arclabel/../../core/lv_obj_style_gen.h ****  * Gets margin on the left. Widget will keep this space from its siblings in layouts.
 424:Middlewares/LVGL/lvgl/src/widgets/arclabel/../../core/lv_obj_style_gen.h ****  * Default: 0, inherited: No, layout: Yes, ext. draw: No.
 425:Middlewares/LVGL/lvgl/src/widgets/arclabel/../../core/lv_obj_style_gen.h ****  * @param  obj    Pointer to Widget
 426:Middlewares/LVGL/lvgl/src/widgets/arclabel/../../core/lv_obj_style_gen.h ****  * @param  part   One of the `LV_PART_...` enum values
 427:Middlewares/LVGL/lvgl/src/widgets/arclabel/../../core/lv_obj_style_gen.h ****  */
 428:Middlewares/LVGL/lvgl/src/widgets/arclabel/../../core/lv_obj_style_gen.h **** static inline int32_t lv_obj_get_style_margin_left(const lv_obj_t * obj, lv_part_t part)
 429:Middlewares/LVGL/lvgl/src/widgets/arclabel/../../core/lv_obj_style_gen.h **** {
 430:Middlewares/LVGL/lvgl/src/widgets/arclabel/../../core/lv_obj_style_gen.h ****     lv_style_value_t v = lv_obj_get_style_prop(obj, part, LV_STYLE_MARGIN_LEFT);
 431:Middlewares/LVGL/lvgl/src/widgets/arclabel/../../core/lv_obj_style_gen.h ****     return (int32_t)v.num;
 432:Middlewares/LVGL/lvgl/src/widgets/arclabel/../../core/lv_obj_style_gen.h **** }
 433:Middlewares/LVGL/lvgl/src/widgets/arclabel/../../core/lv_obj_style_gen.h **** 
 434:Middlewares/LVGL/lvgl/src/widgets/arclabel/../../core/lv_obj_style_gen.h **** /**
 435:Middlewares/LVGL/lvgl/src/widgets/arclabel/../../core/lv_obj_style_gen.h ****  * Gets margin on the right. Widget will keep this space from its siblings in layouts.
 436:Middlewares/LVGL/lvgl/src/widgets/arclabel/../../core/lv_obj_style_gen.h ****  * Default: 0, inherited: No, layout: Yes, ext. draw: No.
 437:Middlewares/LVGL/lvgl/src/widgets/arclabel/../../core/lv_obj_style_gen.h ****  * @param  obj    Pointer to Widget
 438:Middlewares/LVGL/lvgl/src/widgets/arclabel/../../core/lv_obj_style_gen.h ****  * @param  part   One of the `LV_PART_...` enum values
 439:Middlewares/LVGL/lvgl/src/widgets/arclabel/../../core/lv_obj_style_gen.h ****  */
 440:Middlewares/LVGL/lvgl/src/widgets/arclabel/../../core/lv_obj_style_gen.h **** static inline int32_t lv_obj_get_style_margin_right(const lv_obj_t * obj, lv_part_t part)
 441:Middlewares/LVGL/lvgl/src/widgets/arclabel/../../core/lv_obj_style_gen.h **** {
 442:Middlewares/LVGL/lvgl/src/widgets/arclabel/../../core/lv_obj_style_gen.h ****     lv_style_value_t v = lv_obj_get_style_prop(obj, part, LV_STYLE_MARGIN_RIGHT);
 443:Middlewares/LVGL/lvgl/src/widgets/arclabel/../../core/lv_obj_style_gen.h ****     return (int32_t)v.num;
 444:Middlewares/LVGL/lvgl/src/widgets/arclabel/../../core/lv_obj_style_gen.h **** }
 445:Middlewares/LVGL/lvgl/src/widgets/arclabel/../../core/lv_obj_style_gen.h **** 
 446:Middlewares/LVGL/lvgl/src/widgets/arclabel/../../core/lv_obj_style_gen.h **** /**
 447:Middlewares/LVGL/lvgl/src/widgets/arclabel/../../core/lv_obj_style_gen.h ****  * Get background color of Widget.
 448:Middlewares/LVGL/lvgl/src/widgets/arclabel/../../core/lv_obj_style_gen.h ****  * Default: `0xffffff`, inherited: No, layout: No, ext. draw: No.
 449:Middlewares/LVGL/lvgl/src/widgets/arclabel/../../core/lv_obj_style_gen.h ****  * @param  obj    Pointer to Widget
 450:Middlewares/LVGL/lvgl/src/widgets/arclabel/../../core/lv_obj_style_gen.h ****  * @param  part   One of the `LV_PART_...` enum values
 451:Middlewares/LVGL/lvgl/src/widgets/arclabel/../../core/lv_obj_style_gen.h ****  */
 452:Middlewares/LVGL/lvgl/src/widgets/arclabel/../../core/lv_obj_style_gen.h **** static inline lv_color_t lv_obj_get_style_bg_color(const lv_obj_t * obj, lv_part_t part)
 453:Middlewares/LVGL/lvgl/src/widgets/arclabel/../../core/lv_obj_style_gen.h **** {
 454:Middlewares/LVGL/lvgl/src/widgets/arclabel/../../core/lv_obj_style_gen.h ****     lv_style_value_t v = lv_obj_get_style_prop(obj, part, LV_STYLE_BG_COLOR);
ARM GAS  C:\Users\w1785\AppData\Local\Temp\ccYSPyVl.s 			page 43


 455:Middlewares/LVGL/lvgl/src/widgets/arclabel/../../core/lv_obj_style_gen.h ****     return v.color;
 456:Middlewares/LVGL/lvgl/src/widgets/arclabel/../../core/lv_obj_style_gen.h **** }
 457:Middlewares/LVGL/lvgl/src/widgets/arclabel/../../core/lv_obj_style_gen.h **** 
 458:Middlewares/LVGL/lvgl/src/widgets/arclabel/../../core/lv_obj_style_gen.h **** /**
 459:Middlewares/LVGL/lvgl/src/widgets/arclabel/../../core/lv_obj_style_gen.h ****  * Get background color of Widget.
 460:Middlewares/LVGL/lvgl/src/widgets/arclabel/../../core/lv_obj_style_gen.h ****  * Default: `0xffffff`, inherited: No, layout: No, ext. draw: No.
 461:Middlewares/LVGL/lvgl/src/widgets/arclabel/../../core/lv_obj_style_gen.h ****  * @param  obj    Pointer to Widget
 462:Middlewares/LVGL/lvgl/src/widgets/arclabel/../../core/lv_obj_style_gen.h ****  * @param  part   One of the `LV_PART_...` enum values
 463:Middlewares/LVGL/lvgl/src/widgets/arclabel/../../core/lv_obj_style_gen.h ****  */
 464:Middlewares/LVGL/lvgl/src/widgets/arclabel/../../core/lv_obj_style_gen.h **** static inline lv_color_t lv_obj_get_style_bg_color_filtered(const lv_obj_t * obj, lv_part_t part)
 465:Middlewares/LVGL/lvgl/src/widgets/arclabel/../../core/lv_obj_style_gen.h **** {
 466:Middlewares/LVGL/lvgl/src/widgets/arclabel/../../core/lv_obj_style_gen.h ****     lv_style_value_t v = lv_obj_style_apply_color_filter(obj, part, lv_obj_get_style_prop(obj, part
 467:Middlewares/LVGL/lvgl/src/widgets/arclabel/../../core/lv_obj_style_gen.h ****     return v.color;
 468:Middlewares/LVGL/lvgl/src/widgets/arclabel/../../core/lv_obj_style_gen.h **** }
 469:Middlewares/LVGL/lvgl/src/widgets/arclabel/../../core/lv_obj_style_gen.h **** 
 470:Middlewares/LVGL/lvgl/src/widgets/arclabel/../../core/lv_obj_style_gen.h **** /**
 471:Middlewares/LVGL/lvgl/src/widgets/arclabel/../../core/lv_obj_style_gen.h ****  * Get opacity of the background. Value 0, `LV_OPA_0` or `LV_OPA_TRANSP` means fully
 472:Middlewares/LVGL/lvgl/src/widgets/arclabel/../../core/lv_obj_style_gen.h ****  * transparent, 255, `LV_OPA_100` or `LV_OPA_COVER` means fully covering, other values
 473:Middlewares/LVGL/lvgl/src/widgets/arclabel/../../core/lv_obj_style_gen.h ****  * or LV_OPA_10, LV_OPA_20, etc means semi transparency.
 474:Middlewares/LVGL/lvgl/src/widgets/arclabel/../../core/lv_obj_style_gen.h ****  * Default: `LV_OPA_TRANSP`, inherited: No, layout: No, ext. draw: No.
 475:Middlewares/LVGL/lvgl/src/widgets/arclabel/../../core/lv_obj_style_gen.h ****  * @param  obj    Pointer to Widget
 476:Middlewares/LVGL/lvgl/src/widgets/arclabel/../../core/lv_obj_style_gen.h ****  * @param  part   One of the `LV_PART_...` enum values
 477:Middlewares/LVGL/lvgl/src/widgets/arclabel/../../core/lv_obj_style_gen.h ****  */
 478:Middlewares/LVGL/lvgl/src/widgets/arclabel/../../core/lv_obj_style_gen.h **** static inline lv_opa_t lv_obj_get_style_bg_opa(const lv_obj_t * obj, lv_part_t part)
 479:Middlewares/LVGL/lvgl/src/widgets/arclabel/../../core/lv_obj_style_gen.h **** {
 480:Middlewares/LVGL/lvgl/src/widgets/arclabel/../../core/lv_obj_style_gen.h ****     lv_style_value_t v = lv_obj_get_style_prop(obj, part, LV_STYLE_BG_OPA);
 481:Middlewares/LVGL/lvgl/src/widgets/arclabel/../../core/lv_obj_style_gen.h ****     return (lv_opa_t)v.num;
 482:Middlewares/LVGL/lvgl/src/widgets/arclabel/../../core/lv_obj_style_gen.h **** }
 483:Middlewares/LVGL/lvgl/src/widgets/arclabel/../../core/lv_obj_style_gen.h **** 
 484:Middlewares/LVGL/lvgl/src/widgets/arclabel/../../core/lv_obj_style_gen.h **** /**
 485:Middlewares/LVGL/lvgl/src/widgets/arclabel/../../core/lv_obj_style_gen.h ****  * Get gradient color of the background. Used only if `grad_dir` is not `LV_GRAD_DIR_NONE`.
 486:Middlewares/LVGL/lvgl/src/widgets/arclabel/../../core/lv_obj_style_gen.h ****  * Default: `0x000000`, inherited: No, layout: No, ext. draw: No.
 487:Middlewares/LVGL/lvgl/src/widgets/arclabel/../../core/lv_obj_style_gen.h ****  * @param  obj    Pointer to Widget
 488:Middlewares/LVGL/lvgl/src/widgets/arclabel/../../core/lv_obj_style_gen.h ****  * @param  part   One of the `LV_PART_...` enum values
 489:Middlewares/LVGL/lvgl/src/widgets/arclabel/../../core/lv_obj_style_gen.h ****  */
 490:Middlewares/LVGL/lvgl/src/widgets/arclabel/../../core/lv_obj_style_gen.h **** static inline lv_color_t lv_obj_get_style_bg_grad_color(const lv_obj_t * obj, lv_part_t part)
 491:Middlewares/LVGL/lvgl/src/widgets/arclabel/../../core/lv_obj_style_gen.h **** {
 492:Middlewares/LVGL/lvgl/src/widgets/arclabel/../../core/lv_obj_style_gen.h ****     lv_style_value_t v = lv_obj_get_style_prop(obj, part, LV_STYLE_BG_GRAD_COLOR);
 493:Middlewares/LVGL/lvgl/src/widgets/arclabel/../../core/lv_obj_style_gen.h ****     return v.color;
 494:Middlewares/LVGL/lvgl/src/widgets/arclabel/../../core/lv_obj_style_gen.h **** }
 495:Middlewares/LVGL/lvgl/src/widgets/arclabel/../../core/lv_obj_style_gen.h **** 
 496:Middlewares/LVGL/lvgl/src/widgets/arclabel/../../core/lv_obj_style_gen.h **** /**
 497:Middlewares/LVGL/lvgl/src/widgets/arclabel/../../core/lv_obj_style_gen.h ****  * Get gradient color of the background. Used only if `grad_dir` is not `LV_GRAD_DIR_NONE`.
 498:Middlewares/LVGL/lvgl/src/widgets/arclabel/../../core/lv_obj_style_gen.h ****  * Default: `0x000000`, inherited: No, layout: No, ext. draw: No.
 499:Middlewares/LVGL/lvgl/src/widgets/arclabel/../../core/lv_obj_style_gen.h ****  * @param  obj    Pointer to Widget
 500:Middlewares/LVGL/lvgl/src/widgets/arclabel/../../core/lv_obj_style_gen.h ****  * @param  part   One of the `LV_PART_...` enum values
 501:Middlewares/LVGL/lvgl/src/widgets/arclabel/../../core/lv_obj_style_gen.h ****  */
 502:Middlewares/LVGL/lvgl/src/widgets/arclabel/../../core/lv_obj_style_gen.h **** static inline lv_color_t lv_obj_get_style_bg_grad_color_filtered(const lv_obj_t * obj, lv_part_t pa
 503:Middlewares/LVGL/lvgl/src/widgets/arclabel/../../core/lv_obj_style_gen.h **** {
 504:Middlewares/LVGL/lvgl/src/widgets/arclabel/../../core/lv_obj_style_gen.h ****     lv_style_value_t v = lv_obj_style_apply_color_filter(obj, part, lv_obj_get_style_prop(obj, part
 505:Middlewares/LVGL/lvgl/src/widgets/arclabel/../../core/lv_obj_style_gen.h ****     return v.color;
 506:Middlewares/LVGL/lvgl/src/widgets/arclabel/../../core/lv_obj_style_gen.h **** }
 507:Middlewares/LVGL/lvgl/src/widgets/arclabel/../../core/lv_obj_style_gen.h **** 
 508:Middlewares/LVGL/lvgl/src/widgets/arclabel/../../core/lv_obj_style_gen.h **** /**
 509:Middlewares/LVGL/lvgl/src/widgets/arclabel/../../core/lv_obj_style_gen.h ****  * Get direction of the gradient of the background. Possible values are
 510:Middlewares/LVGL/lvgl/src/widgets/arclabel/../../core/lv_obj_style_gen.h ****  * `LV_GRAD_DIR_NONE/HOR/VER`.
 511:Middlewares/LVGL/lvgl/src/widgets/arclabel/../../core/lv_obj_style_gen.h ****  * Default: `LV_GRAD_DIR_NONE`, inherited: No, layout: No, ext. draw: No.
ARM GAS  C:\Users\w1785\AppData\Local\Temp\ccYSPyVl.s 			page 44


 512:Middlewares/LVGL/lvgl/src/widgets/arclabel/../../core/lv_obj_style_gen.h ****  * @param  obj    Pointer to Widget
 513:Middlewares/LVGL/lvgl/src/widgets/arclabel/../../core/lv_obj_style_gen.h ****  * @param  part   One of the `LV_PART_...` enum values
 514:Middlewares/LVGL/lvgl/src/widgets/arclabel/../../core/lv_obj_style_gen.h ****  */
 515:Middlewares/LVGL/lvgl/src/widgets/arclabel/../../core/lv_obj_style_gen.h **** static inline lv_grad_dir_t lv_obj_get_style_bg_grad_dir(const lv_obj_t * obj, lv_part_t part)
 516:Middlewares/LVGL/lvgl/src/widgets/arclabel/../../core/lv_obj_style_gen.h **** {
 517:Middlewares/LVGL/lvgl/src/widgets/arclabel/../../core/lv_obj_style_gen.h ****     lv_style_value_t v = lv_obj_get_style_prop(obj, part, LV_STYLE_BG_GRAD_DIR);
 518:Middlewares/LVGL/lvgl/src/widgets/arclabel/../../core/lv_obj_style_gen.h ****     return (lv_grad_dir_t)v.num;
 519:Middlewares/LVGL/lvgl/src/widgets/arclabel/../../core/lv_obj_style_gen.h **** }
 520:Middlewares/LVGL/lvgl/src/widgets/arclabel/../../core/lv_obj_style_gen.h **** 
 521:Middlewares/LVGL/lvgl/src/widgets/arclabel/../../core/lv_obj_style_gen.h **** /**
 522:Middlewares/LVGL/lvgl/src/widgets/arclabel/../../core/lv_obj_style_gen.h ****  * Get point from which background color should start for gradients. 0 means to
 523:Middlewares/LVGL/lvgl/src/widgets/arclabel/../../core/lv_obj_style_gen.h ****  * top/left side, 255 the bottom/right side, 128 the center, and so on.
 524:Middlewares/LVGL/lvgl/src/widgets/arclabel/../../core/lv_obj_style_gen.h ****  * Default: 0, inherited: No, layout: No, ext. draw: No.
 525:Middlewares/LVGL/lvgl/src/widgets/arclabel/../../core/lv_obj_style_gen.h ****  * @param  obj    Pointer to Widget
 526:Middlewares/LVGL/lvgl/src/widgets/arclabel/../../core/lv_obj_style_gen.h ****  * @param  part   One of the `LV_PART_...` enum values
 527:Middlewares/LVGL/lvgl/src/widgets/arclabel/../../core/lv_obj_style_gen.h ****  */
 528:Middlewares/LVGL/lvgl/src/widgets/arclabel/../../core/lv_obj_style_gen.h **** static inline int32_t lv_obj_get_style_bg_main_stop(const lv_obj_t * obj, lv_part_t part)
 529:Middlewares/LVGL/lvgl/src/widgets/arclabel/../../core/lv_obj_style_gen.h **** {
 530:Middlewares/LVGL/lvgl/src/widgets/arclabel/../../core/lv_obj_style_gen.h ****     lv_style_value_t v = lv_obj_get_style_prop(obj, part, LV_STYLE_BG_MAIN_STOP);
 531:Middlewares/LVGL/lvgl/src/widgets/arclabel/../../core/lv_obj_style_gen.h ****     return (int32_t)v.num;
 532:Middlewares/LVGL/lvgl/src/widgets/arclabel/../../core/lv_obj_style_gen.h **** }
 533:Middlewares/LVGL/lvgl/src/widgets/arclabel/../../core/lv_obj_style_gen.h **** 
 534:Middlewares/LVGL/lvgl/src/widgets/arclabel/../../core/lv_obj_style_gen.h **** /**
 535:Middlewares/LVGL/lvgl/src/widgets/arclabel/../../core/lv_obj_style_gen.h ****  * Get point from which background's gradient color should start. 0 means to top/left
 536:Middlewares/LVGL/lvgl/src/widgets/arclabel/../../core/lv_obj_style_gen.h ****  * side, 255 the bottom/right side, 128 the center, and so on.
 537:Middlewares/LVGL/lvgl/src/widgets/arclabel/../../core/lv_obj_style_gen.h ****  * Default: 255, inherited: No, layout: No, ext. draw: No.
 538:Middlewares/LVGL/lvgl/src/widgets/arclabel/../../core/lv_obj_style_gen.h ****  * @param  obj    Pointer to Widget
 539:Middlewares/LVGL/lvgl/src/widgets/arclabel/../../core/lv_obj_style_gen.h ****  * @param  part   One of the `LV_PART_...` enum values
 540:Middlewares/LVGL/lvgl/src/widgets/arclabel/../../core/lv_obj_style_gen.h ****  */
 541:Middlewares/LVGL/lvgl/src/widgets/arclabel/../../core/lv_obj_style_gen.h **** static inline int32_t lv_obj_get_style_bg_grad_stop(const lv_obj_t * obj, lv_part_t part)
 542:Middlewares/LVGL/lvgl/src/widgets/arclabel/../../core/lv_obj_style_gen.h **** {
 543:Middlewares/LVGL/lvgl/src/widgets/arclabel/../../core/lv_obj_style_gen.h ****     lv_style_value_t v = lv_obj_get_style_prop(obj, part, LV_STYLE_BG_GRAD_STOP);
 544:Middlewares/LVGL/lvgl/src/widgets/arclabel/../../core/lv_obj_style_gen.h ****     return (int32_t)v.num;
 545:Middlewares/LVGL/lvgl/src/widgets/arclabel/../../core/lv_obj_style_gen.h **** }
 546:Middlewares/LVGL/lvgl/src/widgets/arclabel/../../core/lv_obj_style_gen.h **** 
 547:Middlewares/LVGL/lvgl/src/widgets/arclabel/../../core/lv_obj_style_gen.h **** /**
 548:Middlewares/LVGL/lvgl/src/widgets/arclabel/../../core/lv_obj_style_gen.h ****  * Get opacity of the first gradient color.
 549:Middlewares/LVGL/lvgl/src/widgets/arclabel/../../core/lv_obj_style_gen.h ****  * Default: 255, inherited: No, layout: No, ext. draw: No.
 550:Middlewares/LVGL/lvgl/src/widgets/arclabel/../../core/lv_obj_style_gen.h ****  * @param  obj    Pointer to Widget
 551:Middlewares/LVGL/lvgl/src/widgets/arclabel/../../core/lv_obj_style_gen.h ****  * @param  part   One of the `LV_PART_...` enum values
 552:Middlewares/LVGL/lvgl/src/widgets/arclabel/../../core/lv_obj_style_gen.h ****  */
 553:Middlewares/LVGL/lvgl/src/widgets/arclabel/../../core/lv_obj_style_gen.h **** static inline lv_opa_t lv_obj_get_style_bg_main_opa(const lv_obj_t * obj, lv_part_t part)
 554:Middlewares/LVGL/lvgl/src/widgets/arclabel/../../core/lv_obj_style_gen.h **** {
 555:Middlewares/LVGL/lvgl/src/widgets/arclabel/../../core/lv_obj_style_gen.h ****     lv_style_value_t v = lv_obj_get_style_prop(obj, part, LV_STYLE_BG_MAIN_OPA);
 556:Middlewares/LVGL/lvgl/src/widgets/arclabel/../../core/lv_obj_style_gen.h ****     return (lv_opa_t)v.num;
 557:Middlewares/LVGL/lvgl/src/widgets/arclabel/../../core/lv_obj_style_gen.h **** }
 558:Middlewares/LVGL/lvgl/src/widgets/arclabel/../../core/lv_obj_style_gen.h **** 
 559:Middlewares/LVGL/lvgl/src/widgets/arclabel/../../core/lv_obj_style_gen.h **** /**
 560:Middlewares/LVGL/lvgl/src/widgets/arclabel/../../core/lv_obj_style_gen.h ****  * Get opacity of the second gradient color.
 561:Middlewares/LVGL/lvgl/src/widgets/arclabel/../../core/lv_obj_style_gen.h ****  * Default: 255, inherited: No, layout: No, ext. draw: No.
 562:Middlewares/LVGL/lvgl/src/widgets/arclabel/../../core/lv_obj_style_gen.h ****  * @param  obj    Pointer to Widget
 563:Middlewares/LVGL/lvgl/src/widgets/arclabel/../../core/lv_obj_style_gen.h ****  * @param  part   One of the `LV_PART_...` enum values
 564:Middlewares/LVGL/lvgl/src/widgets/arclabel/../../core/lv_obj_style_gen.h ****  */
 565:Middlewares/LVGL/lvgl/src/widgets/arclabel/../../core/lv_obj_style_gen.h **** static inline lv_opa_t lv_obj_get_style_bg_grad_opa(const lv_obj_t * obj, lv_part_t part)
 566:Middlewares/LVGL/lvgl/src/widgets/arclabel/../../core/lv_obj_style_gen.h **** {
 567:Middlewares/LVGL/lvgl/src/widgets/arclabel/../../core/lv_obj_style_gen.h ****     lv_style_value_t v = lv_obj_get_style_prop(obj, part, LV_STYLE_BG_GRAD_OPA);
 568:Middlewares/LVGL/lvgl/src/widgets/arclabel/../../core/lv_obj_style_gen.h ****     return (lv_opa_t)v.num;
ARM GAS  C:\Users\w1785\AppData\Local\Temp\ccYSPyVl.s 			page 45


 569:Middlewares/LVGL/lvgl/src/widgets/arclabel/../../core/lv_obj_style_gen.h **** }
 570:Middlewares/LVGL/lvgl/src/widgets/arclabel/../../core/lv_obj_style_gen.h **** 
 571:Middlewares/LVGL/lvgl/src/widgets/arclabel/../../core/lv_obj_style_gen.h **** /**
 572:Middlewares/LVGL/lvgl/src/widgets/arclabel/../../core/lv_obj_style_gen.h ****  * Get gradient definition. The pointed instance must exist while Widget is alive.
 573:Middlewares/LVGL/lvgl/src/widgets/arclabel/../../core/lv_obj_style_gen.h ****  * NULL to disable. It wraps `BG_GRAD_COLOR`, `BG_GRAD_DIR`, `BG_MAIN_STOP` and
 574:Middlewares/LVGL/lvgl/src/widgets/arclabel/../../core/lv_obj_style_gen.h ****  * `BG_GRAD_STOP` into one descriptor and allows creating gradients with more colors
 575:Middlewares/LVGL/lvgl/src/widgets/arclabel/../../core/lv_obj_style_gen.h ****  * as well. If it's set other gradient related properties will be ignored.
 576:Middlewares/LVGL/lvgl/src/widgets/arclabel/../../core/lv_obj_style_gen.h ****  * Default: `NULL`, inherited: No, layout: No, ext. draw: No.
 577:Middlewares/LVGL/lvgl/src/widgets/arclabel/../../core/lv_obj_style_gen.h ****  * @param  obj    Pointer to Widget
 578:Middlewares/LVGL/lvgl/src/widgets/arclabel/../../core/lv_obj_style_gen.h ****  * @param  part   One of the `LV_PART_...` enum values
 579:Middlewares/LVGL/lvgl/src/widgets/arclabel/../../core/lv_obj_style_gen.h ****  */
 580:Middlewares/LVGL/lvgl/src/widgets/arclabel/../../core/lv_obj_style_gen.h **** static inline const lv_grad_dsc_t * lv_obj_get_style_bg_grad(const lv_obj_t * obj, lv_part_t part)
 581:Middlewares/LVGL/lvgl/src/widgets/arclabel/../../core/lv_obj_style_gen.h **** {
 582:Middlewares/LVGL/lvgl/src/widgets/arclabel/../../core/lv_obj_style_gen.h ****     lv_style_value_t v = lv_obj_get_style_prop(obj, part, LV_STYLE_BG_GRAD);
 583:Middlewares/LVGL/lvgl/src/widgets/arclabel/../../core/lv_obj_style_gen.h ****     return (const lv_grad_dsc_t *)v.ptr;
 584:Middlewares/LVGL/lvgl/src/widgets/arclabel/../../core/lv_obj_style_gen.h **** }
 585:Middlewares/LVGL/lvgl/src/widgets/arclabel/../../core/lv_obj_style_gen.h **** 
 586:Middlewares/LVGL/lvgl/src/widgets/arclabel/../../core/lv_obj_style_gen.h **** /**
 587:Middlewares/LVGL/lvgl/src/widgets/arclabel/../../core/lv_obj_style_gen.h ****  * Get a background image. Can be a pointer to `lv_image_dsc_t`, a path to a file or
 588:Middlewares/LVGL/lvgl/src/widgets/arclabel/../../core/lv_obj_style_gen.h ****  * an `LV_SYMBOL_...`.
 589:Middlewares/LVGL/lvgl/src/widgets/arclabel/../../core/lv_obj_style_gen.h ****  * Default: `NULL`, inherited: No, layout: No, ext. draw: Yes.
 590:Middlewares/LVGL/lvgl/src/widgets/arclabel/../../core/lv_obj_style_gen.h ****  * @param  obj    Pointer to Widget
 591:Middlewares/LVGL/lvgl/src/widgets/arclabel/../../core/lv_obj_style_gen.h ****  * @param  part   One of the `LV_PART_...` enum values
 592:Middlewares/LVGL/lvgl/src/widgets/arclabel/../../core/lv_obj_style_gen.h ****  */
 593:Middlewares/LVGL/lvgl/src/widgets/arclabel/../../core/lv_obj_style_gen.h **** static inline const void * lv_obj_get_style_bg_image_src(const lv_obj_t * obj, lv_part_t part)
 594:Middlewares/LVGL/lvgl/src/widgets/arclabel/../../core/lv_obj_style_gen.h **** {
 595:Middlewares/LVGL/lvgl/src/widgets/arclabel/../../core/lv_obj_style_gen.h ****     lv_style_value_t v = lv_obj_get_style_prop(obj, part, LV_STYLE_BG_IMAGE_SRC);
 596:Middlewares/LVGL/lvgl/src/widgets/arclabel/../../core/lv_obj_style_gen.h ****     return (const void *)v.ptr;
 597:Middlewares/LVGL/lvgl/src/widgets/arclabel/../../core/lv_obj_style_gen.h **** }
 598:Middlewares/LVGL/lvgl/src/widgets/arclabel/../../core/lv_obj_style_gen.h **** 
 599:Middlewares/LVGL/lvgl/src/widgets/arclabel/../../core/lv_obj_style_gen.h **** /**
 600:Middlewares/LVGL/lvgl/src/widgets/arclabel/../../core/lv_obj_style_gen.h ****  * Get opacity of the background image. Value 0, `LV_OPA_0` or `LV_OPA_TRANSP` means
 601:Middlewares/LVGL/lvgl/src/widgets/arclabel/../../core/lv_obj_style_gen.h ****  * fully transparent, 255, `LV_OPA_100` or `LV_OPA_COVER` means fully covering, other
 602:Middlewares/LVGL/lvgl/src/widgets/arclabel/../../core/lv_obj_style_gen.h ****  * values or LV_OPA_10, LV_OPA_20, etc means semi transparency.
 603:Middlewares/LVGL/lvgl/src/widgets/arclabel/../../core/lv_obj_style_gen.h ****  * Default: `LV_OPA_COVER`, inherited: No, layout: No, ext. draw: No.
 604:Middlewares/LVGL/lvgl/src/widgets/arclabel/../../core/lv_obj_style_gen.h ****  * @param  obj    Pointer to Widget
 605:Middlewares/LVGL/lvgl/src/widgets/arclabel/../../core/lv_obj_style_gen.h ****  * @param  part   One of the `LV_PART_...` enum values
 606:Middlewares/LVGL/lvgl/src/widgets/arclabel/../../core/lv_obj_style_gen.h ****  */
 607:Middlewares/LVGL/lvgl/src/widgets/arclabel/../../core/lv_obj_style_gen.h **** static inline lv_opa_t lv_obj_get_style_bg_image_opa(const lv_obj_t * obj, lv_part_t part)
 608:Middlewares/LVGL/lvgl/src/widgets/arclabel/../../core/lv_obj_style_gen.h **** {
 609:Middlewares/LVGL/lvgl/src/widgets/arclabel/../../core/lv_obj_style_gen.h ****     lv_style_value_t v = lv_obj_get_style_prop(obj, part, LV_STYLE_BG_IMAGE_OPA);
 610:Middlewares/LVGL/lvgl/src/widgets/arclabel/../../core/lv_obj_style_gen.h ****     return (lv_opa_t)v.num;
 611:Middlewares/LVGL/lvgl/src/widgets/arclabel/../../core/lv_obj_style_gen.h **** }
 612:Middlewares/LVGL/lvgl/src/widgets/arclabel/../../core/lv_obj_style_gen.h **** 
 613:Middlewares/LVGL/lvgl/src/widgets/arclabel/../../core/lv_obj_style_gen.h **** /**
 614:Middlewares/LVGL/lvgl/src/widgets/arclabel/../../core/lv_obj_style_gen.h ****  * Get a color to mix to the background image.
 615:Middlewares/LVGL/lvgl/src/widgets/arclabel/../../core/lv_obj_style_gen.h ****  * Default: `0x000000`, inherited: No, layout: No, ext. draw: No.
 616:Middlewares/LVGL/lvgl/src/widgets/arclabel/../../core/lv_obj_style_gen.h ****  * @param  obj    Pointer to Widget
 617:Middlewares/LVGL/lvgl/src/widgets/arclabel/../../core/lv_obj_style_gen.h ****  * @param  part   One of the `LV_PART_...` enum values
 618:Middlewares/LVGL/lvgl/src/widgets/arclabel/../../core/lv_obj_style_gen.h ****  */
 619:Middlewares/LVGL/lvgl/src/widgets/arclabel/../../core/lv_obj_style_gen.h **** static inline lv_color_t lv_obj_get_style_bg_image_recolor(const lv_obj_t * obj, lv_part_t part)
 620:Middlewares/LVGL/lvgl/src/widgets/arclabel/../../core/lv_obj_style_gen.h **** {
 621:Middlewares/LVGL/lvgl/src/widgets/arclabel/../../core/lv_obj_style_gen.h ****     lv_style_value_t v = lv_obj_get_style_prop(obj, part, LV_STYLE_BG_IMAGE_RECOLOR);
 622:Middlewares/LVGL/lvgl/src/widgets/arclabel/../../core/lv_obj_style_gen.h ****     return v.color;
 623:Middlewares/LVGL/lvgl/src/widgets/arclabel/../../core/lv_obj_style_gen.h **** }
 624:Middlewares/LVGL/lvgl/src/widgets/arclabel/../../core/lv_obj_style_gen.h **** 
 625:Middlewares/LVGL/lvgl/src/widgets/arclabel/../../core/lv_obj_style_gen.h **** /**
ARM GAS  C:\Users\w1785\AppData\Local\Temp\ccYSPyVl.s 			page 46


 626:Middlewares/LVGL/lvgl/src/widgets/arclabel/../../core/lv_obj_style_gen.h ****  * Get a color to mix to the background image.
 627:Middlewares/LVGL/lvgl/src/widgets/arclabel/../../core/lv_obj_style_gen.h ****  * Default: `0x000000`, inherited: No, layout: No, ext. draw: No.
 628:Middlewares/LVGL/lvgl/src/widgets/arclabel/../../core/lv_obj_style_gen.h ****  * @param  obj    Pointer to Widget
 629:Middlewares/LVGL/lvgl/src/widgets/arclabel/../../core/lv_obj_style_gen.h ****  * @param  part   One of the `LV_PART_...` enum values
 630:Middlewares/LVGL/lvgl/src/widgets/arclabel/../../core/lv_obj_style_gen.h ****  */
 631:Middlewares/LVGL/lvgl/src/widgets/arclabel/../../core/lv_obj_style_gen.h **** static inline lv_color_t lv_obj_get_style_bg_image_recolor_filtered(const lv_obj_t * obj, lv_part_t
 632:Middlewares/LVGL/lvgl/src/widgets/arclabel/../../core/lv_obj_style_gen.h **** {
 633:Middlewares/LVGL/lvgl/src/widgets/arclabel/../../core/lv_obj_style_gen.h ****     lv_style_value_t v = lv_obj_style_apply_color_filter(obj, part, lv_obj_get_style_prop(obj, part
 634:Middlewares/LVGL/lvgl/src/widgets/arclabel/../../core/lv_obj_style_gen.h ****     return v.color;
 635:Middlewares/LVGL/lvgl/src/widgets/arclabel/../../core/lv_obj_style_gen.h **** }
 636:Middlewares/LVGL/lvgl/src/widgets/arclabel/../../core/lv_obj_style_gen.h **** 
 637:Middlewares/LVGL/lvgl/src/widgets/arclabel/../../core/lv_obj_style_gen.h **** /**
 638:Middlewares/LVGL/lvgl/src/widgets/arclabel/../../core/lv_obj_style_gen.h ****  * Get intensity of background image recoloring. Value 0, `LV_OPA_0` or
 639:Middlewares/LVGL/lvgl/src/widgets/arclabel/../../core/lv_obj_style_gen.h ****  * `LV_OPA_TRANSP` means no mixing, 255, `LV_OPA_100` or `LV_OPA_COVER` means full
 640:Middlewares/LVGL/lvgl/src/widgets/arclabel/../../core/lv_obj_style_gen.h ****  * recoloring, other values or LV_OPA_10, LV_OPA_20, etc are interpreted
 641:Middlewares/LVGL/lvgl/src/widgets/arclabel/../../core/lv_obj_style_gen.h ****  * proportionally.
 642:Middlewares/LVGL/lvgl/src/widgets/arclabel/../../core/lv_obj_style_gen.h ****  * Default: `LV_OPA_TRANSP`, inherited: No, layout: No, ext. draw: No.
 643:Middlewares/LVGL/lvgl/src/widgets/arclabel/../../core/lv_obj_style_gen.h ****  * @param  obj    Pointer to Widget
 644:Middlewares/LVGL/lvgl/src/widgets/arclabel/../../core/lv_obj_style_gen.h ****  * @param  part   One of the `LV_PART_...` enum values
 645:Middlewares/LVGL/lvgl/src/widgets/arclabel/../../core/lv_obj_style_gen.h ****  */
 646:Middlewares/LVGL/lvgl/src/widgets/arclabel/../../core/lv_obj_style_gen.h **** static inline lv_opa_t lv_obj_get_style_bg_image_recolor_opa(const lv_obj_t * obj, lv_part_t part)
 647:Middlewares/LVGL/lvgl/src/widgets/arclabel/../../core/lv_obj_style_gen.h **** {
 648:Middlewares/LVGL/lvgl/src/widgets/arclabel/../../core/lv_obj_style_gen.h ****     lv_style_value_t v = lv_obj_get_style_prop(obj, part, LV_STYLE_BG_IMAGE_RECOLOR_OPA);
 649:Middlewares/LVGL/lvgl/src/widgets/arclabel/../../core/lv_obj_style_gen.h ****     return (lv_opa_t)v.num;
 650:Middlewares/LVGL/lvgl/src/widgets/arclabel/../../core/lv_obj_style_gen.h **** }
 651:Middlewares/LVGL/lvgl/src/widgets/arclabel/../../core/lv_obj_style_gen.h **** 
 652:Middlewares/LVGL/lvgl/src/widgets/arclabel/../../core/lv_obj_style_gen.h **** /**
 653:Middlewares/LVGL/lvgl/src/widgets/arclabel/../../core/lv_obj_style_gen.h ****  * If enabled the background image will be tiled. Possible values are `true` or `false`.
 654:Middlewares/LVGL/lvgl/src/widgets/arclabel/../../core/lv_obj_style_gen.h ****  * Default: 0, inherited: No, layout: No, ext. draw: No.
 655:Middlewares/LVGL/lvgl/src/widgets/arclabel/../../core/lv_obj_style_gen.h ****  * @param  obj    Pointer to Widget
 656:Middlewares/LVGL/lvgl/src/widgets/arclabel/../../core/lv_obj_style_gen.h ****  * @param  part   One of the `LV_PART_...` enum values
 657:Middlewares/LVGL/lvgl/src/widgets/arclabel/../../core/lv_obj_style_gen.h ****  */
 658:Middlewares/LVGL/lvgl/src/widgets/arclabel/../../core/lv_obj_style_gen.h **** static inline bool lv_obj_get_style_bg_image_tiled(const lv_obj_t * obj, lv_part_t part)
 659:Middlewares/LVGL/lvgl/src/widgets/arclabel/../../core/lv_obj_style_gen.h **** {
 660:Middlewares/LVGL/lvgl/src/widgets/arclabel/../../core/lv_obj_style_gen.h ****     lv_style_value_t v = lv_obj_get_style_prop(obj, part, LV_STYLE_BG_IMAGE_TILED);
 661:Middlewares/LVGL/lvgl/src/widgets/arclabel/../../core/lv_obj_style_gen.h ****     return (bool)v.num;
 662:Middlewares/LVGL/lvgl/src/widgets/arclabel/../../core/lv_obj_style_gen.h **** }
 663:Middlewares/LVGL/lvgl/src/widgets/arclabel/../../core/lv_obj_style_gen.h **** 
 664:Middlewares/LVGL/lvgl/src/widgets/arclabel/../../core/lv_obj_style_gen.h **** /**
 665:Middlewares/LVGL/lvgl/src/widgets/arclabel/../../core/lv_obj_style_gen.h ****  * Get color of the border.
 666:Middlewares/LVGL/lvgl/src/widgets/arclabel/../../core/lv_obj_style_gen.h ****  * Default: `0x000000`, inherited: No, layout: No, ext. draw: No.
 667:Middlewares/LVGL/lvgl/src/widgets/arclabel/../../core/lv_obj_style_gen.h ****  * @param  obj    Pointer to Widget
 668:Middlewares/LVGL/lvgl/src/widgets/arclabel/../../core/lv_obj_style_gen.h ****  * @param  part   One of the `LV_PART_...` enum values
 669:Middlewares/LVGL/lvgl/src/widgets/arclabel/../../core/lv_obj_style_gen.h ****  */
 670:Middlewares/LVGL/lvgl/src/widgets/arclabel/../../core/lv_obj_style_gen.h **** static inline lv_color_t lv_obj_get_style_border_color(const lv_obj_t * obj, lv_part_t part)
 671:Middlewares/LVGL/lvgl/src/widgets/arclabel/../../core/lv_obj_style_gen.h **** {
 672:Middlewares/LVGL/lvgl/src/widgets/arclabel/../../core/lv_obj_style_gen.h ****     lv_style_value_t v = lv_obj_get_style_prop(obj, part, LV_STYLE_BORDER_COLOR);
 673:Middlewares/LVGL/lvgl/src/widgets/arclabel/../../core/lv_obj_style_gen.h ****     return v.color;
 674:Middlewares/LVGL/lvgl/src/widgets/arclabel/../../core/lv_obj_style_gen.h **** }
 675:Middlewares/LVGL/lvgl/src/widgets/arclabel/../../core/lv_obj_style_gen.h **** 
 676:Middlewares/LVGL/lvgl/src/widgets/arclabel/../../core/lv_obj_style_gen.h **** /**
 677:Middlewares/LVGL/lvgl/src/widgets/arclabel/../../core/lv_obj_style_gen.h ****  * Get color of the border.
 678:Middlewares/LVGL/lvgl/src/widgets/arclabel/../../core/lv_obj_style_gen.h ****  * Default: `0x000000`, inherited: No, layout: No, ext. draw: No.
 679:Middlewares/LVGL/lvgl/src/widgets/arclabel/../../core/lv_obj_style_gen.h ****  * @param  obj    Pointer to Widget
 680:Middlewares/LVGL/lvgl/src/widgets/arclabel/../../core/lv_obj_style_gen.h ****  * @param  part   One of the `LV_PART_...` enum values
 681:Middlewares/LVGL/lvgl/src/widgets/arclabel/../../core/lv_obj_style_gen.h ****  */
 682:Middlewares/LVGL/lvgl/src/widgets/arclabel/../../core/lv_obj_style_gen.h **** static inline lv_color_t lv_obj_get_style_border_color_filtered(const lv_obj_t * obj, lv_part_t par
ARM GAS  C:\Users\w1785\AppData\Local\Temp\ccYSPyVl.s 			page 47


 683:Middlewares/LVGL/lvgl/src/widgets/arclabel/../../core/lv_obj_style_gen.h **** {
 684:Middlewares/LVGL/lvgl/src/widgets/arclabel/../../core/lv_obj_style_gen.h ****     lv_style_value_t v = lv_obj_style_apply_color_filter(obj, part, lv_obj_get_style_prop(obj, part
 685:Middlewares/LVGL/lvgl/src/widgets/arclabel/../../core/lv_obj_style_gen.h ****     return v.color;
 686:Middlewares/LVGL/lvgl/src/widgets/arclabel/../../core/lv_obj_style_gen.h **** }
 687:Middlewares/LVGL/lvgl/src/widgets/arclabel/../../core/lv_obj_style_gen.h **** 
 688:Middlewares/LVGL/lvgl/src/widgets/arclabel/../../core/lv_obj_style_gen.h **** /**
 689:Middlewares/LVGL/lvgl/src/widgets/arclabel/../../core/lv_obj_style_gen.h ****  * Get opacity of the border. Value 0, `LV_OPA_0` or `LV_OPA_TRANSP` means fully
 690:Middlewares/LVGL/lvgl/src/widgets/arclabel/../../core/lv_obj_style_gen.h ****  * transparent, 255, `LV_OPA_100` or `LV_OPA_COVER` means fully covering, other values
 691:Middlewares/LVGL/lvgl/src/widgets/arclabel/../../core/lv_obj_style_gen.h ****  * or LV_OPA_10, LV_OPA_20, etc means semi transparency.
 692:Middlewares/LVGL/lvgl/src/widgets/arclabel/../../core/lv_obj_style_gen.h ****  * Default: `LV_OPA_COVER`, inherited: No, layout: No, ext. draw: No.
 693:Middlewares/LVGL/lvgl/src/widgets/arclabel/../../core/lv_obj_style_gen.h ****  * @param  obj    Pointer to Widget
 694:Middlewares/LVGL/lvgl/src/widgets/arclabel/../../core/lv_obj_style_gen.h ****  * @param  part   One of the `LV_PART_...` enum values
 695:Middlewares/LVGL/lvgl/src/widgets/arclabel/../../core/lv_obj_style_gen.h ****  */
 696:Middlewares/LVGL/lvgl/src/widgets/arclabel/../../core/lv_obj_style_gen.h **** static inline lv_opa_t lv_obj_get_style_border_opa(const lv_obj_t * obj, lv_part_t part)
 697:Middlewares/LVGL/lvgl/src/widgets/arclabel/../../core/lv_obj_style_gen.h **** {
 698:Middlewares/LVGL/lvgl/src/widgets/arclabel/../../core/lv_obj_style_gen.h ****     lv_style_value_t v = lv_obj_get_style_prop(obj, part, LV_STYLE_BORDER_OPA);
 699:Middlewares/LVGL/lvgl/src/widgets/arclabel/../../core/lv_obj_style_gen.h ****     return (lv_opa_t)v.num;
 700:Middlewares/LVGL/lvgl/src/widgets/arclabel/../../core/lv_obj_style_gen.h **** }
 701:Middlewares/LVGL/lvgl/src/widgets/arclabel/../../core/lv_obj_style_gen.h **** 
 702:Middlewares/LVGL/lvgl/src/widgets/arclabel/../../core/lv_obj_style_gen.h **** /**
 703:Middlewares/LVGL/lvgl/src/widgets/arclabel/../../core/lv_obj_style_gen.h ****  * Get width of the border. Only pixel values can be used.
 704:Middlewares/LVGL/lvgl/src/widgets/arclabel/../../core/lv_obj_style_gen.h ****  * Default: 0, inherited: No, layout: Yes, ext. draw: No.
 705:Middlewares/LVGL/lvgl/src/widgets/arclabel/../../core/lv_obj_style_gen.h ****  * @param  obj    Pointer to Widget
 706:Middlewares/LVGL/lvgl/src/widgets/arclabel/../../core/lv_obj_style_gen.h ****  * @param  part   One of the `LV_PART_...` enum values
 707:Middlewares/LVGL/lvgl/src/widgets/arclabel/../../core/lv_obj_style_gen.h ****  */
 708:Middlewares/LVGL/lvgl/src/widgets/arclabel/../../core/lv_obj_style_gen.h **** static inline int32_t lv_obj_get_style_border_width(const lv_obj_t * obj, lv_part_t part)
 709:Middlewares/LVGL/lvgl/src/widgets/arclabel/../../core/lv_obj_style_gen.h **** {
 710:Middlewares/LVGL/lvgl/src/widgets/arclabel/../../core/lv_obj_style_gen.h ****     lv_style_value_t v = lv_obj_get_style_prop(obj, part, LV_STYLE_BORDER_WIDTH);
 711:Middlewares/LVGL/lvgl/src/widgets/arclabel/../../core/lv_obj_style_gen.h ****     return (int32_t)v.num;
 712:Middlewares/LVGL/lvgl/src/widgets/arclabel/../../core/lv_obj_style_gen.h **** }
 713:Middlewares/LVGL/lvgl/src/widgets/arclabel/../../core/lv_obj_style_gen.h **** 
 714:Middlewares/LVGL/lvgl/src/widgets/arclabel/../../core/lv_obj_style_gen.h **** /**
 715:Middlewares/LVGL/lvgl/src/widgets/arclabel/../../core/lv_obj_style_gen.h ****  * Get only which side(s) the border should be drawn. Possible values are
 716:Middlewares/LVGL/lvgl/src/widgets/arclabel/../../core/lv_obj_style_gen.h ****  * `LV_BORDER_SIDE_NONE/TOP/BOTTOM/LEFT/RIGHT/INTERNAL`. OR-ed values can be used as
 717:Middlewares/LVGL/lvgl/src/widgets/arclabel/../../core/lv_obj_style_gen.h ****  * well, e.g. `LV_BORDER_SIDE_TOP | LV_BORDER_SIDE_LEFT`.
 718:Middlewares/LVGL/lvgl/src/widgets/arclabel/../../core/lv_obj_style_gen.h ****  * Default: `LV_BORDER_SIDE_FULL`, inherited: No, layout: No, ext. draw: No.
 719:Middlewares/LVGL/lvgl/src/widgets/arclabel/../../core/lv_obj_style_gen.h ****  * @param  obj    Pointer to Widget
 720:Middlewares/LVGL/lvgl/src/widgets/arclabel/../../core/lv_obj_style_gen.h ****  * @param  part   One of the `LV_PART_...` enum values
 721:Middlewares/LVGL/lvgl/src/widgets/arclabel/../../core/lv_obj_style_gen.h ****  */
 722:Middlewares/LVGL/lvgl/src/widgets/arclabel/../../core/lv_obj_style_gen.h **** static inline lv_border_side_t lv_obj_get_style_border_side(const lv_obj_t * obj, lv_part_t part)
 723:Middlewares/LVGL/lvgl/src/widgets/arclabel/../../core/lv_obj_style_gen.h **** {
 724:Middlewares/LVGL/lvgl/src/widgets/arclabel/../../core/lv_obj_style_gen.h ****     lv_style_value_t v = lv_obj_get_style_prop(obj, part, LV_STYLE_BORDER_SIDE);
 725:Middlewares/LVGL/lvgl/src/widgets/arclabel/../../core/lv_obj_style_gen.h ****     return (lv_border_side_t)v.num;
 726:Middlewares/LVGL/lvgl/src/widgets/arclabel/../../core/lv_obj_style_gen.h **** }
 727:Middlewares/LVGL/lvgl/src/widgets/arclabel/../../core/lv_obj_style_gen.h **** 
 728:Middlewares/LVGL/lvgl/src/widgets/arclabel/../../core/lv_obj_style_gen.h **** /**
 729:Middlewares/LVGL/lvgl/src/widgets/arclabel/../../core/lv_obj_style_gen.h ****  * Gets whether the border should be drawn before or after the children are drawn.
 730:Middlewares/LVGL/lvgl/src/widgets/arclabel/../../core/lv_obj_style_gen.h ****  * `true`: after children, `false`: before children.
 731:Middlewares/LVGL/lvgl/src/widgets/arclabel/../../core/lv_obj_style_gen.h ****  * Default: 0, inherited: No, layout: No, ext. draw: No.
 732:Middlewares/LVGL/lvgl/src/widgets/arclabel/../../core/lv_obj_style_gen.h ****  * @param  obj    Pointer to Widget
 733:Middlewares/LVGL/lvgl/src/widgets/arclabel/../../core/lv_obj_style_gen.h ****  * @param  part   One of the `LV_PART_...` enum values
 734:Middlewares/LVGL/lvgl/src/widgets/arclabel/../../core/lv_obj_style_gen.h ****  */
 735:Middlewares/LVGL/lvgl/src/widgets/arclabel/../../core/lv_obj_style_gen.h **** static inline bool lv_obj_get_style_border_post(const lv_obj_t * obj, lv_part_t part)
 736:Middlewares/LVGL/lvgl/src/widgets/arclabel/../../core/lv_obj_style_gen.h **** {
 737:Middlewares/LVGL/lvgl/src/widgets/arclabel/../../core/lv_obj_style_gen.h ****     lv_style_value_t v = lv_obj_get_style_prop(obj, part, LV_STYLE_BORDER_POST);
 738:Middlewares/LVGL/lvgl/src/widgets/arclabel/../../core/lv_obj_style_gen.h ****     return (bool)v.num;
 739:Middlewares/LVGL/lvgl/src/widgets/arclabel/../../core/lv_obj_style_gen.h **** }
ARM GAS  C:\Users\w1785\AppData\Local\Temp\ccYSPyVl.s 			page 48


 740:Middlewares/LVGL/lvgl/src/widgets/arclabel/../../core/lv_obj_style_gen.h **** 
 741:Middlewares/LVGL/lvgl/src/widgets/arclabel/../../core/lv_obj_style_gen.h **** /**
 742:Middlewares/LVGL/lvgl/src/widgets/arclabel/../../core/lv_obj_style_gen.h ****  * Get width of outline in pixels.
 743:Middlewares/LVGL/lvgl/src/widgets/arclabel/../../core/lv_obj_style_gen.h ****  * Default: 0, inherited: No, layout: No, ext. draw: Yes.
 744:Middlewares/LVGL/lvgl/src/widgets/arclabel/../../core/lv_obj_style_gen.h ****  * @param  obj    Pointer to Widget
 745:Middlewares/LVGL/lvgl/src/widgets/arclabel/../../core/lv_obj_style_gen.h ****  * @param  part   One of the `LV_PART_...` enum values
 746:Middlewares/LVGL/lvgl/src/widgets/arclabel/../../core/lv_obj_style_gen.h ****  */
 747:Middlewares/LVGL/lvgl/src/widgets/arclabel/../../core/lv_obj_style_gen.h **** static inline int32_t lv_obj_get_style_outline_width(const lv_obj_t * obj, lv_part_t part)
 748:Middlewares/LVGL/lvgl/src/widgets/arclabel/../../core/lv_obj_style_gen.h **** {
 749:Middlewares/LVGL/lvgl/src/widgets/arclabel/../../core/lv_obj_style_gen.h ****     lv_style_value_t v = lv_obj_get_style_prop(obj, part, LV_STYLE_OUTLINE_WIDTH);
 750:Middlewares/LVGL/lvgl/src/widgets/arclabel/../../core/lv_obj_style_gen.h ****     return (int32_t)v.num;
 751:Middlewares/LVGL/lvgl/src/widgets/arclabel/../../core/lv_obj_style_gen.h **** }
 752:Middlewares/LVGL/lvgl/src/widgets/arclabel/../../core/lv_obj_style_gen.h **** 
 753:Middlewares/LVGL/lvgl/src/widgets/arclabel/../../core/lv_obj_style_gen.h **** /**
 754:Middlewares/LVGL/lvgl/src/widgets/arclabel/../../core/lv_obj_style_gen.h ****  * Get color of outline.
 755:Middlewares/LVGL/lvgl/src/widgets/arclabel/../../core/lv_obj_style_gen.h ****  * Default: `0x000000`, inherited: No, layout: No, ext. draw: No.
 756:Middlewares/LVGL/lvgl/src/widgets/arclabel/../../core/lv_obj_style_gen.h ****  * @param  obj    Pointer to Widget
 757:Middlewares/LVGL/lvgl/src/widgets/arclabel/../../core/lv_obj_style_gen.h ****  * @param  part   One of the `LV_PART_...` enum values
 758:Middlewares/LVGL/lvgl/src/widgets/arclabel/../../core/lv_obj_style_gen.h ****  */
 759:Middlewares/LVGL/lvgl/src/widgets/arclabel/../../core/lv_obj_style_gen.h **** static inline lv_color_t lv_obj_get_style_outline_color(const lv_obj_t * obj, lv_part_t part)
 760:Middlewares/LVGL/lvgl/src/widgets/arclabel/../../core/lv_obj_style_gen.h **** {
 761:Middlewares/LVGL/lvgl/src/widgets/arclabel/../../core/lv_obj_style_gen.h ****     lv_style_value_t v = lv_obj_get_style_prop(obj, part, LV_STYLE_OUTLINE_COLOR);
 762:Middlewares/LVGL/lvgl/src/widgets/arclabel/../../core/lv_obj_style_gen.h ****     return v.color;
 763:Middlewares/LVGL/lvgl/src/widgets/arclabel/../../core/lv_obj_style_gen.h **** }
 764:Middlewares/LVGL/lvgl/src/widgets/arclabel/../../core/lv_obj_style_gen.h **** 
 765:Middlewares/LVGL/lvgl/src/widgets/arclabel/../../core/lv_obj_style_gen.h **** /**
 766:Middlewares/LVGL/lvgl/src/widgets/arclabel/../../core/lv_obj_style_gen.h ****  * Get color of outline.
 767:Middlewares/LVGL/lvgl/src/widgets/arclabel/../../core/lv_obj_style_gen.h ****  * Default: `0x000000`, inherited: No, layout: No, ext. draw: No.
 768:Middlewares/LVGL/lvgl/src/widgets/arclabel/../../core/lv_obj_style_gen.h ****  * @param  obj    Pointer to Widget
 769:Middlewares/LVGL/lvgl/src/widgets/arclabel/../../core/lv_obj_style_gen.h ****  * @param  part   One of the `LV_PART_...` enum values
 770:Middlewares/LVGL/lvgl/src/widgets/arclabel/../../core/lv_obj_style_gen.h ****  */
 771:Middlewares/LVGL/lvgl/src/widgets/arclabel/../../core/lv_obj_style_gen.h **** static inline lv_color_t lv_obj_get_style_outline_color_filtered(const lv_obj_t * obj, lv_part_t pa
 772:Middlewares/LVGL/lvgl/src/widgets/arclabel/../../core/lv_obj_style_gen.h **** {
 773:Middlewares/LVGL/lvgl/src/widgets/arclabel/../../core/lv_obj_style_gen.h ****     lv_style_value_t v = lv_obj_style_apply_color_filter(obj, part, lv_obj_get_style_prop(obj, part
 774:Middlewares/LVGL/lvgl/src/widgets/arclabel/../../core/lv_obj_style_gen.h ****     return v.color;
 775:Middlewares/LVGL/lvgl/src/widgets/arclabel/../../core/lv_obj_style_gen.h **** }
 776:Middlewares/LVGL/lvgl/src/widgets/arclabel/../../core/lv_obj_style_gen.h **** 
 777:Middlewares/LVGL/lvgl/src/widgets/arclabel/../../core/lv_obj_style_gen.h **** /**
 778:Middlewares/LVGL/lvgl/src/widgets/arclabel/../../core/lv_obj_style_gen.h ****  * Get opacity of outline. Value 0, `LV_OPA_0` or `LV_OPA_TRANSP` means fully
 779:Middlewares/LVGL/lvgl/src/widgets/arclabel/../../core/lv_obj_style_gen.h ****  * transparent, 255, `LV_OPA_100` or `LV_OPA_COVER` means fully covering, other values
 780:Middlewares/LVGL/lvgl/src/widgets/arclabel/../../core/lv_obj_style_gen.h ****  * or LV_OPA_10, LV_OPA_20, etc means semi transparency.
 781:Middlewares/LVGL/lvgl/src/widgets/arclabel/../../core/lv_obj_style_gen.h ****  * Default: `LV_OPA_COVER`, inherited: No, layout: No, ext. draw: Yes.
 782:Middlewares/LVGL/lvgl/src/widgets/arclabel/../../core/lv_obj_style_gen.h ****  * @param  obj    Pointer to Widget
 783:Middlewares/LVGL/lvgl/src/widgets/arclabel/../../core/lv_obj_style_gen.h ****  * @param  part   One of the `LV_PART_...` enum values
 784:Middlewares/LVGL/lvgl/src/widgets/arclabel/../../core/lv_obj_style_gen.h ****  */
 785:Middlewares/LVGL/lvgl/src/widgets/arclabel/../../core/lv_obj_style_gen.h **** static inline lv_opa_t lv_obj_get_style_outline_opa(const lv_obj_t * obj, lv_part_t part)
 786:Middlewares/LVGL/lvgl/src/widgets/arclabel/../../core/lv_obj_style_gen.h **** {
 787:Middlewares/LVGL/lvgl/src/widgets/arclabel/../../core/lv_obj_style_gen.h ****     lv_style_value_t v = lv_obj_get_style_prop(obj, part, LV_STYLE_OUTLINE_OPA);
 788:Middlewares/LVGL/lvgl/src/widgets/arclabel/../../core/lv_obj_style_gen.h ****     return (lv_opa_t)v.num;
 789:Middlewares/LVGL/lvgl/src/widgets/arclabel/../../core/lv_obj_style_gen.h **** }
 790:Middlewares/LVGL/lvgl/src/widgets/arclabel/../../core/lv_obj_style_gen.h **** 
 791:Middlewares/LVGL/lvgl/src/widgets/arclabel/../../core/lv_obj_style_gen.h **** /**
 792:Middlewares/LVGL/lvgl/src/widgets/arclabel/../../core/lv_obj_style_gen.h ****  * Get padding of outline, i.e. the gap between Widget and the outline.
 793:Middlewares/LVGL/lvgl/src/widgets/arclabel/../../core/lv_obj_style_gen.h ****  * Default: 0, inherited: No, layout: No, ext. draw: Yes.
 794:Middlewares/LVGL/lvgl/src/widgets/arclabel/../../core/lv_obj_style_gen.h ****  * @param  obj    Pointer to Widget
 795:Middlewares/LVGL/lvgl/src/widgets/arclabel/../../core/lv_obj_style_gen.h ****  * @param  part   One of the `LV_PART_...` enum values
 796:Middlewares/LVGL/lvgl/src/widgets/arclabel/../../core/lv_obj_style_gen.h ****  */
ARM GAS  C:\Users\w1785\AppData\Local\Temp\ccYSPyVl.s 			page 49


 797:Middlewares/LVGL/lvgl/src/widgets/arclabel/../../core/lv_obj_style_gen.h **** static inline int32_t lv_obj_get_style_outline_pad(const lv_obj_t * obj, lv_part_t part)
 798:Middlewares/LVGL/lvgl/src/widgets/arclabel/../../core/lv_obj_style_gen.h **** {
 799:Middlewares/LVGL/lvgl/src/widgets/arclabel/../../core/lv_obj_style_gen.h ****     lv_style_value_t v = lv_obj_get_style_prop(obj, part, LV_STYLE_OUTLINE_PAD);
 800:Middlewares/LVGL/lvgl/src/widgets/arclabel/../../core/lv_obj_style_gen.h ****     return (int32_t)v.num;
 801:Middlewares/LVGL/lvgl/src/widgets/arclabel/../../core/lv_obj_style_gen.h **** }
 802:Middlewares/LVGL/lvgl/src/widgets/arclabel/../../core/lv_obj_style_gen.h **** 
 803:Middlewares/LVGL/lvgl/src/widgets/arclabel/../../core/lv_obj_style_gen.h **** /**
 804:Middlewares/LVGL/lvgl/src/widgets/arclabel/../../core/lv_obj_style_gen.h ****  * Get width of the shadow in pixels. The value should be >= 0.
 805:Middlewares/LVGL/lvgl/src/widgets/arclabel/../../core/lv_obj_style_gen.h ****  * Default: 0, inherited: No, layout: No, ext. draw: Yes.
 806:Middlewares/LVGL/lvgl/src/widgets/arclabel/../../core/lv_obj_style_gen.h ****  * @param  obj    Pointer to Widget
 807:Middlewares/LVGL/lvgl/src/widgets/arclabel/../../core/lv_obj_style_gen.h ****  * @param  part   One of the `LV_PART_...` enum values
 808:Middlewares/LVGL/lvgl/src/widgets/arclabel/../../core/lv_obj_style_gen.h ****  */
 809:Middlewares/LVGL/lvgl/src/widgets/arclabel/../../core/lv_obj_style_gen.h **** static inline int32_t lv_obj_get_style_shadow_width(const lv_obj_t * obj, lv_part_t part)
 810:Middlewares/LVGL/lvgl/src/widgets/arclabel/../../core/lv_obj_style_gen.h **** {
 811:Middlewares/LVGL/lvgl/src/widgets/arclabel/../../core/lv_obj_style_gen.h ****     lv_style_value_t v = lv_obj_get_style_prop(obj, part, LV_STYLE_SHADOW_WIDTH);
 812:Middlewares/LVGL/lvgl/src/widgets/arclabel/../../core/lv_obj_style_gen.h ****     return (int32_t)v.num;
 813:Middlewares/LVGL/lvgl/src/widgets/arclabel/../../core/lv_obj_style_gen.h **** }
 814:Middlewares/LVGL/lvgl/src/widgets/arclabel/../../core/lv_obj_style_gen.h **** 
 815:Middlewares/LVGL/lvgl/src/widgets/arclabel/../../core/lv_obj_style_gen.h **** /**
 816:Middlewares/LVGL/lvgl/src/widgets/arclabel/../../core/lv_obj_style_gen.h ****  * Get an offset on the shadow in pixels in X direction.
 817:Middlewares/LVGL/lvgl/src/widgets/arclabel/../../core/lv_obj_style_gen.h ****  * Default: 0, inherited: No, layout: No, ext. draw: Yes.
 818:Middlewares/LVGL/lvgl/src/widgets/arclabel/../../core/lv_obj_style_gen.h ****  * @param  obj    Pointer to Widget
 819:Middlewares/LVGL/lvgl/src/widgets/arclabel/../../core/lv_obj_style_gen.h ****  * @param  part   One of the `LV_PART_...` enum values
 820:Middlewares/LVGL/lvgl/src/widgets/arclabel/../../core/lv_obj_style_gen.h ****  */
 821:Middlewares/LVGL/lvgl/src/widgets/arclabel/../../core/lv_obj_style_gen.h **** static inline int32_t lv_obj_get_style_shadow_offset_x(const lv_obj_t * obj, lv_part_t part)
 822:Middlewares/LVGL/lvgl/src/widgets/arclabel/../../core/lv_obj_style_gen.h **** {
 823:Middlewares/LVGL/lvgl/src/widgets/arclabel/../../core/lv_obj_style_gen.h ****     lv_style_value_t v = lv_obj_get_style_prop(obj, part, LV_STYLE_SHADOW_OFFSET_X);
 824:Middlewares/LVGL/lvgl/src/widgets/arclabel/../../core/lv_obj_style_gen.h ****     return (int32_t)v.num;
 825:Middlewares/LVGL/lvgl/src/widgets/arclabel/../../core/lv_obj_style_gen.h **** }
 826:Middlewares/LVGL/lvgl/src/widgets/arclabel/../../core/lv_obj_style_gen.h **** 
 827:Middlewares/LVGL/lvgl/src/widgets/arclabel/../../core/lv_obj_style_gen.h **** /**
 828:Middlewares/LVGL/lvgl/src/widgets/arclabel/../../core/lv_obj_style_gen.h ****  * Get an offset on the shadow in pixels in Y direction.
 829:Middlewares/LVGL/lvgl/src/widgets/arclabel/../../core/lv_obj_style_gen.h ****  * Default: 0, inherited: No, layout: No, ext. draw: Yes.
 830:Middlewares/LVGL/lvgl/src/widgets/arclabel/../../core/lv_obj_style_gen.h ****  * @param  obj    Pointer to Widget
 831:Middlewares/LVGL/lvgl/src/widgets/arclabel/../../core/lv_obj_style_gen.h ****  * @param  part   One of the `LV_PART_...` enum values
 832:Middlewares/LVGL/lvgl/src/widgets/arclabel/../../core/lv_obj_style_gen.h ****  */
 833:Middlewares/LVGL/lvgl/src/widgets/arclabel/../../core/lv_obj_style_gen.h **** static inline int32_t lv_obj_get_style_shadow_offset_y(const lv_obj_t * obj, lv_part_t part)
 834:Middlewares/LVGL/lvgl/src/widgets/arclabel/../../core/lv_obj_style_gen.h **** {
 835:Middlewares/LVGL/lvgl/src/widgets/arclabel/../../core/lv_obj_style_gen.h ****     lv_style_value_t v = lv_obj_get_style_prop(obj, part, LV_STYLE_SHADOW_OFFSET_Y);
 836:Middlewares/LVGL/lvgl/src/widgets/arclabel/../../core/lv_obj_style_gen.h ****     return (int32_t)v.num;
 837:Middlewares/LVGL/lvgl/src/widgets/arclabel/../../core/lv_obj_style_gen.h **** }
 838:Middlewares/LVGL/lvgl/src/widgets/arclabel/../../core/lv_obj_style_gen.h **** 
 839:Middlewares/LVGL/lvgl/src/widgets/arclabel/../../core/lv_obj_style_gen.h **** /**
 840:Middlewares/LVGL/lvgl/src/widgets/arclabel/../../core/lv_obj_style_gen.h ****  * Make shadow calculation to use a larger or smaller rectangle as base. The value can
 841:Middlewares/LVGL/lvgl/src/widgets/arclabel/../../core/lv_obj_style_gen.h ****  * be in pixels to make the area larger/smaller.
 842:Middlewares/LVGL/lvgl/src/widgets/arclabel/../../core/lv_obj_style_gen.h ****  * Default: 0, inherited: No, layout: No, ext. draw: Yes.
 843:Middlewares/LVGL/lvgl/src/widgets/arclabel/../../core/lv_obj_style_gen.h ****  * @param  obj    Pointer to Widget
 844:Middlewares/LVGL/lvgl/src/widgets/arclabel/../../core/lv_obj_style_gen.h ****  * @param  part   One of the `LV_PART_...` enum values
 845:Middlewares/LVGL/lvgl/src/widgets/arclabel/../../core/lv_obj_style_gen.h ****  */
 846:Middlewares/LVGL/lvgl/src/widgets/arclabel/../../core/lv_obj_style_gen.h **** static inline int32_t lv_obj_get_style_shadow_spread(const lv_obj_t * obj, lv_part_t part)
 847:Middlewares/LVGL/lvgl/src/widgets/arclabel/../../core/lv_obj_style_gen.h **** {
 848:Middlewares/LVGL/lvgl/src/widgets/arclabel/../../core/lv_obj_style_gen.h ****     lv_style_value_t v = lv_obj_get_style_prop(obj, part, LV_STYLE_SHADOW_SPREAD);
 849:Middlewares/LVGL/lvgl/src/widgets/arclabel/../../core/lv_obj_style_gen.h ****     return (int32_t)v.num;
 850:Middlewares/LVGL/lvgl/src/widgets/arclabel/../../core/lv_obj_style_gen.h **** }
 851:Middlewares/LVGL/lvgl/src/widgets/arclabel/../../core/lv_obj_style_gen.h **** 
 852:Middlewares/LVGL/lvgl/src/widgets/arclabel/../../core/lv_obj_style_gen.h **** /**
 853:Middlewares/LVGL/lvgl/src/widgets/arclabel/../../core/lv_obj_style_gen.h ****  * Get color of shadow.
ARM GAS  C:\Users\w1785\AppData\Local\Temp\ccYSPyVl.s 			page 50


 854:Middlewares/LVGL/lvgl/src/widgets/arclabel/../../core/lv_obj_style_gen.h ****  * Default: `0x000000`, inherited: No, layout: No, ext. draw: No.
 855:Middlewares/LVGL/lvgl/src/widgets/arclabel/../../core/lv_obj_style_gen.h ****  * @param  obj    Pointer to Widget
 856:Middlewares/LVGL/lvgl/src/widgets/arclabel/../../core/lv_obj_style_gen.h ****  * @param  part   One of the `LV_PART_...` enum values
 857:Middlewares/LVGL/lvgl/src/widgets/arclabel/../../core/lv_obj_style_gen.h ****  */
 858:Middlewares/LVGL/lvgl/src/widgets/arclabel/../../core/lv_obj_style_gen.h **** static inline lv_color_t lv_obj_get_style_shadow_color(const lv_obj_t * obj, lv_part_t part)
 859:Middlewares/LVGL/lvgl/src/widgets/arclabel/../../core/lv_obj_style_gen.h **** {
 860:Middlewares/LVGL/lvgl/src/widgets/arclabel/../../core/lv_obj_style_gen.h ****     lv_style_value_t v = lv_obj_get_style_prop(obj, part, LV_STYLE_SHADOW_COLOR);
 861:Middlewares/LVGL/lvgl/src/widgets/arclabel/../../core/lv_obj_style_gen.h ****     return v.color;
 862:Middlewares/LVGL/lvgl/src/widgets/arclabel/../../core/lv_obj_style_gen.h **** }
 863:Middlewares/LVGL/lvgl/src/widgets/arclabel/../../core/lv_obj_style_gen.h **** 
 864:Middlewares/LVGL/lvgl/src/widgets/arclabel/../../core/lv_obj_style_gen.h **** /**
 865:Middlewares/LVGL/lvgl/src/widgets/arclabel/../../core/lv_obj_style_gen.h ****  * Get color of shadow.
 866:Middlewares/LVGL/lvgl/src/widgets/arclabel/../../core/lv_obj_style_gen.h ****  * Default: `0x000000`, inherited: No, layout: No, ext. draw: No.
 867:Middlewares/LVGL/lvgl/src/widgets/arclabel/../../core/lv_obj_style_gen.h ****  * @param  obj    Pointer to Widget
 868:Middlewares/LVGL/lvgl/src/widgets/arclabel/../../core/lv_obj_style_gen.h ****  * @param  part   One of the `LV_PART_...` enum values
 869:Middlewares/LVGL/lvgl/src/widgets/arclabel/../../core/lv_obj_style_gen.h ****  */
 870:Middlewares/LVGL/lvgl/src/widgets/arclabel/../../core/lv_obj_style_gen.h **** static inline lv_color_t lv_obj_get_style_shadow_color_filtered(const lv_obj_t * obj, lv_part_t par
 871:Middlewares/LVGL/lvgl/src/widgets/arclabel/../../core/lv_obj_style_gen.h **** {
 872:Middlewares/LVGL/lvgl/src/widgets/arclabel/../../core/lv_obj_style_gen.h ****     lv_style_value_t v = lv_obj_style_apply_color_filter(obj, part, lv_obj_get_style_prop(obj, part
 873:Middlewares/LVGL/lvgl/src/widgets/arclabel/../../core/lv_obj_style_gen.h ****     return v.color;
 874:Middlewares/LVGL/lvgl/src/widgets/arclabel/../../core/lv_obj_style_gen.h **** }
 875:Middlewares/LVGL/lvgl/src/widgets/arclabel/../../core/lv_obj_style_gen.h **** 
 876:Middlewares/LVGL/lvgl/src/widgets/arclabel/../../core/lv_obj_style_gen.h **** /**
 877:Middlewares/LVGL/lvgl/src/widgets/arclabel/../../core/lv_obj_style_gen.h ****  * Get opacity of shadow. Value 0, `LV_OPA_0` or `LV_OPA_TRANSP` means fully
 878:Middlewares/LVGL/lvgl/src/widgets/arclabel/../../core/lv_obj_style_gen.h ****  * transparent, 255, `LV_OPA_100` or `LV_OPA_COVER` means fully covering, other values
 879:Middlewares/LVGL/lvgl/src/widgets/arclabel/../../core/lv_obj_style_gen.h ****  * or LV_OPA_10, LV_OPA_20, etc means semi transparency.
 880:Middlewares/LVGL/lvgl/src/widgets/arclabel/../../core/lv_obj_style_gen.h ****  * Default: `LV_OPA_COVER`, inherited: No, layout: No, ext. draw: Yes.
 881:Middlewares/LVGL/lvgl/src/widgets/arclabel/../../core/lv_obj_style_gen.h ****  * @param  obj    Pointer to Widget
 882:Middlewares/LVGL/lvgl/src/widgets/arclabel/../../core/lv_obj_style_gen.h ****  * @param  part   One of the `LV_PART_...` enum values
 883:Middlewares/LVGL/lvgl/src/widgets/arclabel/../../core/lv_obj_style_gen.h ****  */
 884:Middlewares/LVGL/lvgl/src/widgets/arclabel/../../core/lv_obj_style_gen.h **** static inline lv_opa_t lv_obj_get_style_shadow_opa(const lv_obj_t * obj, lv_part_t part)
 885:Middlewares/LVGL/lvgl/src/widgets/arclabel/../../core/lv_obj_style_gen.h **** {
 886:Middlewares/LVGL/lvgl/src/widgets/arclabel/../../core/lv_obj_style_gen.h ****     lv_style_value_t v = lv_obj_get_style_prop(obj, part, LV_STYLE_SHADOW_OPA);
 887:Middlewares/LVGL/lvgl/src/widgets/arclabel/../../core/lv_obj_style_gen.h ****     return (lv_opa_t)v.num;
 888:Middlewares/LVGL/lvgl/src/widgets/arclabel/../../core/lv_obj_style_gen.h **** }
 889:Middlewares/LVGL/lvgl/src/widgets/arclabel/../../core/lv_obj_style_gen.h **** 
 890:Middlewares/LVGL/lvgl/src/widgets/arclabel/../../core/lv_obj_style_gen.h **** /**
 891:Middlewares/LVGL/lvgl/src/widgets/arclabel/../../core/lv_obj_style_gen.h ****  * Get opacity of an image. Value 0, `LV_OPA_0` or `LV_OPA_TRANSP` means fully
 892:Middlewares/LVGL/lvgl/src/widgets/arclabel/../../core/lv_obj_style_gen.h ****  * transparent, 255, `LV_OPA_100` or `LV_OPA_COVER` means fully covering, other values
 893:Middlewares/LVGL/lvgl/src/widgets/arclabel/../../core/lv_obj_style_gen.h ****  * or LV_OPA_10, LV_OPA_20, etc means semi transparency.
 894:Middlewares/LVGL/lvgl/src/widgets/arclabel/../../core/lv_obj_style_gen.h ****  * Default: `LV_OPA_COVER`, inherited: No, layout: No, ext. draw: No.
 895:Middlewares/LVGL/lvgl/src/widgets/arclabel/../../core/lv_obj_style_gen.h ****  * @param  obj    Pointer to Widget
 896:Middlewares/LVGL/lvgl/src/widgets/arclabel/../../core/lv_obj_style_gen.h ****  * @param  part   One of the `LV_PART_...` enum values
 897:Middlewares/LVGL/lvgl/src/widgets/arclabel/../../core/lv_obj_style_gen.h ****  */
 898:Middlewares/LVGL/lvgl/src/widgets/arclabel/../../core/lv_obj_style_gen.h **** static inline lv_opa_t lv_obj_get_style_image_opa(const lv_obj_t * obj, lv_part_t part)
 899:Middlewares/LVGL/lvgl/src/widgets/arclabel/../../core/lv_obj_style_gen.h **** {
 900:Middlewares/LVGL/lvgl/src/widgets/arclabel/../../core/lv_obj_style_gen.h ****     lv_style_value_t v = lv_obj_get_style_prop(obj, part, LV_STYLE_IMAGE_OPA);
 901:Middlewares/LVGL/lvgl/src/widgets/arclabel/../../core/lv_obj_style_gen.h ****     return (lv_opa_t)v.num;
 902:Middlewares/LVGL/lvgl/src/widgets/arclabel/../../core/lv_obj_style_gen.h **** }
 903:Middlewares/LVGL/lvgl/src/widgets/arclabel/../../core/lv_obj_style_gen.h **** 
 904:Middlewares/LVGL/lvgl/src/widgets/arclabel/../../core/lv_obj_style_gen.h **** /**
 905:Middlewares/LVGL/lvgl/src/widgets/arclabel/../../core/lv_obj_style_gen.h ****  * Get color to mix with the image.
 906:Middlewares/LVGL/lvgl/src/widgets/arclabel/../../core/lv_obj_style_gen.h ****  * Default: `0x000000`, inherited: No, layout: No, ext. draw: No.
 907:Middlewares/LVGL/lvgl/src/widgets/arclabel/../../core/lv_obj_style_gen.h ****  * @param  obj    Pointer to Widget
 908:Middlewares/LVGL/lvgl/src/widgets/arclabel/../../core/lv_obj_style_gen.h ****  * @param  part   One of the `LV_PART_...` enum values
 909:Middlewares/LVGL/lvgl/src/widgets/arclabel/../../core/lv_obj_style_gen.h ****  */
 910:Middlewares/LVGL/lvgl/src/widgets/arclabel/../../core/lv_obj_style_gen.h **** static inline lv_color_t lv_obj_get_style_image_recolor(const lv_obj_t * obj, lv_part_t part)
ARM GAS  C:\Users\w1785\AppData\Local\Temp\ccYSPyVl.s 			page 51


 911:Middlewares/LVGL/lvgl/src/widgets/arclabel/../../core/lv_obj_style_gen.h **** {
 912:Middlewares/LVGL/lvgl/src/widgets/arclabel/../../core/lv_obj_style_gen.h ****     lv_style_value_t v = lv_obj_get_style_prop(obj, part, LV_STYLE_IMAGE_RECOLOR);
 913:Middlewares/LVGL/lvgl/src/widgets/arclabel/../../core/lv_obj_style_gen.h ****     return v.color;
 914:Middlewares/LVGL/lvgl/src/widgets/arclabel/../../core/lv_obj_style_gen.h **** }
 915:Middlewares/LVGL/lvgl/src/widgets/arclabel/../../core/lv_obj_style_gen.h **** 
 916:Middlewares/LVGL/lvgl/src/widgets/arclabel/../../core/lv_obj_style_gen.h **** /**
 917:Middlewares/LVGL/lvgl/src/widgets/arclabel/../../core/lv_obj_style_gen.h ****  * Get color to mix with the image.
 918:Middlewares/LVGL/lvgl/src/widgets/arclabel/../../core/lv_obj_style_gen.h ****  * Default: `0x000000`, inherited: No, layout: No, ext. draw: No.
 919:Middlewares/LVGL/lvgl/src/widgets/arclabel/../../core/lv_obj_style_gen.h ****  * @param  obj    Pointer to Widget
 920:Middlewares/LVGL/lvgl/src/widgets/arclabel/../../core/lv_obj_style_gen.h ****  * @param  part   One of the `LV_PART_...` enum values
 921:Middlewares/LVGL/lvgl/src/widgets/arclabel/../../core/lv_obj_style_gen.h ****  */
 922:Middlewares/LVGL/lvgl/src/widgets/arclabel/../../core/lv_obj_style_gen.h **** static inline lv_color_t lv_obj_get_style_image_recolor_filtered(const lv_obj_t * obj, lv_part_t pa
 923:Middlewares/LVGL/lvgl/src/widgets/arclabel/../../core/lv_obj_style_gen.h **** {
 924:Middlewares/LVGL/lvgl/src/widgets/arclabel/../../core/lv_obj_style_gen.h ****     lv_style_value_t v = lv_obj_style_apply_color_filter(obj, part, lv_obj_get_style_prop(obj, part
 925:Middlewares/LVGL/lvgl/src/widgets/arclabel/../../core/lv_obj_style_gen.h ****     return v.color;
 926:Middlewares/LVGL/lvgl/src/widgets/arclabel/../../core/lv_obj_style_gen.h **** }
 927:Middlewares/LVGL/lvgl/src/widgets/arclabel/../../core/lv_obj_style_gen.h **** 
 928:Middlewares/LVGL/lvgl/src/widgets/arclabel/../../core/lv_obj_style_gen.h **** /**
 929:Middlewares/LVGL/lvgl/src/widgets/arclabel/../../core/lv_obj_style_gen.h ****  * Get intensity of color mixing. Value 0, `LV_OPA_0` or `LV_OPA_TRANSP` means fully
 930:Middlewares/LVGL/lvgl/src/widgets/arclabel/../../core/lv_obj_style_gen.h ****  * transparent, 255, `LV_OPA_100` or `LV_OPA_COVER` means fully covering, other values
 931:Middlewares/LVGL/lvgl/src/widgets/arclabel/../../core/lv_obj_style_gen.h ****  * or LV_OPA_10, LV_OPA_20, etc means semi transparency.
 932:Middlewares/LVGL/lvgl/src/widgets/arclabel/../../core/lv_obj_style_gen.h ****  * Default: 0, inherited: No, layout: No, ext. draw: No.
 933:Middlewares/LVGL/lvgl/src/widgets/arclabel/../../core/lv_obj_style_gen.h ****  * @param  obj    Pointer to Widget
 934:Middlewares/LVGL/lvgl/src/widgets/arclabel/../../core/lv_obj_style_gen.h ****  * @param  part   One of the `LV_PART_...` enum values
 935:Middlewares/LVGL/lvgl/src/widgets/arclabel/../../core/lv_obj_style_gen.h ****  */
 936:Middlewares/LVGL/lvgl/src/widgets/arclabel/../../core/lv_obj_style_gen.h **** static inline lv_opa_t lv_obj_get_style_image_recolor_opa(const lv_obj_t * obj, lv_part_t part)
 937:Middlewares/LVGL/lvgl/src/widgets/arclabel/../../core/lv_obj_style_gen.h **** {
 938:Middlewares/LVGL/lvgl/src/widgets/arclabel/../../core/lv_obj_style_gen.h ****     lv_style_value_t v = lv_obj_get_style_prop(obj, part, LV_STYLE_IMAGE_RECOLOR_OPA);
 939:Middlewares/LVGL/lvgl/src/widgets/arclabel/../../core/lv_obj_style_gen.h ****     return (lv_opa_t)v.num;
 940:Middlewares/LVGL/lvgl/src/widgets/arclabel/../../core/lv_obj_style_gen.h **** }
 941:Middlewares/LVGL/lvgl/src/widgets/arclabel/../../core/lv_obj_style_gen.h **** 
 942:Middlewares/LVGL/lvgl/src/widgets/arclabel/../../core/lv_obj_style_gen.h **** /**
 943:Middlewares/LVGL/lvgl/src/widgets/arclabel/../../core/lv_obj_style_gen.h ****  * Get image colorkey definition. The lv_image_colorkey_t contains two color values:
 944:Middlewares/LVGL/lvgl/src/widgets/arclabel/../../core/lv_obj_style_gen.h ****  * `high_color` and `low_color`. the color of pixels ranging from `low_color` to
 945:Middlewares/LVGL/lvgl/src/widgets/arclabel/../../core/lv_obj_style_gen.h ****  * `high_color` will be transparent.
 946:Middlewares/LVGL/lvgl/src/widgets/arclabel/../../core/lv_obj_style_gen.h ****  * Default: `NULL`, inherited: No, layout: No, ext. draw: No.
 947:Middlewares/LVGL/lvgl/src/widgets/arclabel/../../core/lv_obj_style_gen.h ****  * @param  obj    Pointer to Widget
 948:Middlewares/LVGL/lvgl/src/widgets/arclabel/../../core/lv_obj_style_gen.h ****  * @param  part   One of the `LV_PART_...` enum values
 949:Middlewares/LVGL/lvgl/src/widgets/arclabel/../../core/lv_obj_style_gen.h ****  */
 950:Middlewares/LVGL/lvgl/src/widgets/arclabel/../../core/lv_obj_style_gen.h **** static inline const lv_image_colorkey_t * lv_obj_get_style_image_colorkey(const lv_obj_t * obj, lv_
 951:Middlewares/LVGL/lvgl/src/widgets/arclabel/../../core/lv_obj_style_gen.h **** {
 952:Middlewares/LVGL/lvgl/src/widgets/arclabel/../../core/lv_obj_style_gen.h ****     lv_style_value_t v = lv_obj_get_style_prop(obj, part, LV_STYLE_IMAGE_COLORKEY);
 953:Middlewares/LVGL/lvgl/src/widgets/arclabel/../../core/lv_obj_style_gen.h ****     return (const lv_image_colorkey_t *)v.ptr;
 954:Middlewares/LVGL/lvgl/src/widgets/arclabel/../../core/lv_obj_style_gen.h **** }
 955:Middlewares/LVGL/lvgl/src/widgets/arclabel/../../core/lv_obj_style_gen.h **** 
 956:Middlewares/LVGL/lvgl/src/widgets/arclabel/../../core/lv_obj_style_gen.h **** /**
 957:Middlewares/LVGL/lvgl/src/widgets/arclabel/../../core/lv_obj_style_gen.h ****  * Get width of lines in pixels.
 958:Middlewares/LVGL/lvgl/src/widgets/arclabel/../../core/lv_obj_style_gen.h ****  * Default: 0, inherited: No, layout: No, ext. draw: Yes.
 959:Middlewares/LVGL/lvgl/src/widgets/arclabel/../../core/lv_obj_style_gen.h ****  * @param  obj    Pointer to Widget
 960:Middlewares/LVGL/lvgl/src/widgets/arclabel/../../core/lv_obj_style_gen.h ****  * @param  part   One of the `LV_PART_...` enum values
 961:Middlewares/LVGL/lvgl/src/widgets/arclabel/../../core/lv_obj_style_gen.h ****  */
 962:Middlewares/LVGL/lvgl/src/widgets/arclabel/../../core/lv_obj_style_gen.h **** static inline int32_t lv_obj_get_style_line_width(const lv_obj_t * obj, lv_part_t part)
 963:Middlewares/LVGL/lvgl/src/widgets/arclabel/../../core/lv_obj_style_gen.h **** {
 964:Middlewares/LVGL/lvgl/src/widgets/arclabel/../../core/lv_obj_style_gen.h ****     lv_style_value_t v = lv_obj_get_style_prop(obj, part, LV_STYLE_LINE_WIDTH);
 965:Middlewares/LVGL/lvgl/src/widgets/arclabel/../../core/lv_obj_style_gen.h ****     return (int32_t)v.num;
 966:Middlewares/LVGL/lvgl/src/widgets/arclabel/../../core/lv_obj_style_gen.h **** }
 967:Middlewares/LVGL/lvgl/src/widgets/arclabel/../../core/lv_obj_style_gen.h **** 
ARM GAS  C:\Users\w1785\AppData\Local\Temp\ccYSPyVl.s 			page 52


 968:Middlewares/LVGL/lvgl/src/widgets/arclabel/../../core/lv_obj_style_gen.h **** /**
 969:Middlewares/LVGL/lvgl/src/widgets/arclabel/../../core/lv_obj_style_gen.h ****  * Get width of dashes in pixels. Note that dash works only on horizontal and vertical lines.
 970:Middlewares/LVGL/lvgl/src/widgets/arclabel/../../core/lv_obj_style_gen.h ****  * Default: 0, inherited: No, layout: No, ext. draw: No.
 971:Middlewares/LVGL/lvgl/src/widgets/arclabel/../../core/lv_obj_style_gen.h ****  * @param  obj    Pointer to Widget
 972:Middlewares/LVGL/lvgl/src/widgets/arclabel/../../core/lv_obj_style_gen.h ****  * @param  part   One of the `LV_PART_...` enum values
 973:Middlewares/LVGL/lvgl/src/widgets/arclabel/../../core/lv_obj_style_gen.h ****  */
 974:Middlewares/LVGL/lvgl/src/widgets/arclabel/../../core/lv_obj_style_gen.h **** static inline int32_t lv_obj_get_style_line_dash_width(const lv_obj_t * obj, lv_part_t part)
 975:Middlewares/LVGL/lvgl/src/widgets/arclabel/../../core/lv_obj_style_gen.h **** {
 976:Middlewares/LVGL/lvgl/src/widgets/arclabel/../../core/lv_obj_style_gen.h ****     lv_style_value_t v = lv_obj_get_style_prop(obj, part, LV_STYLE_LINE_DASH_WIDTH);
 977:Middlewares/LVGL/lvgl/src/widgets/arclabel/../../core/lv_obj_style_gen.h ****     return (int32_t)v.num;
 978:Middlewares/LVGL/lvgl/src/widgets/arclabel/../../core/lv_obj_style_gen.h **** }
 979:Middlewares/LVGL/lvgl/src/widgets/arclabel/../../core/lv_obj_style_gen.h **** 
 980:Middlewares/LVGL/lvgl/src/widgets/arclabel/../../core/lv_obj_style_gen.h **** /**
 981:Middlewares/LVGL/lvgl/src/widgets/arclabel/../../core/lv_obj_style_gen.h ****  * Get gap between dashes in pixels. Note that dash works only on horizontal and
 982:Middlewares/LVGL/lvgl/src/widgets/arclabel/../../core/lv_obj_style_gen.h ****  * vertical lines.
 983:Middlewares/LVGL/lvgl/src/widgets/arclabel/../../core/lv_obj_style_gen.h ****  * Default: 0, inherited: No, layout: No, ext. draw: No.
 984:Middlewares/LVGL/lvgl/src/widgets/arclabel/../../core/lv_obj_style_gen.h ****  * @param  obj    Pointer to Widget
 985:Middlewares/LVGL/lvgl/src/widgets/arclabel/../../core/lv_obj_style_gen.h ****  * @param  part   One of the `LV_PART_...` enum values
 986:Middlewares/LVGL/lvgl/src/widgets/arclabel/../../core/lv_obj_style_gen.h ****  */
 987:Middlewares/LVGL/lvgl/src/widgets/arclabel/../../core/lv_obj_style_gen.h **** static inline int32_t lv_obj_get_style_line_dash_gap(const lv_obj_t * obj, lv_part_t part)
 988:Middlewares/LVGL/lvgl/src/widgets/arclabel/../../core/lv_obj_style_gen.h **** {
 989:Middlewares/LVGL/lvgl/src/widgets/arclabel/../../core/lv_obj_style_gen.h ****     lv_style_value_t v = lv_obj_get_style_prop(obj, part, LV_STYLE_LINE_DASH_GAP);
 990:Middlewares/LVGL/lvgl/src/widgets/arclabel/../../core/lv_obj_style_gen.h ****     return (int32_t)v.num;
 991:Middlewares/LVGL/lvgl/src/widgets/arclabel/../../core/lv_obj_style_gen.h **** }
 992:Middlewares/LVGL/lvgl/src/widgets/arclabel/../../core/lv_obj_style_gen.h **** 
 993:Middlewares/LVGL/lvgl/src/widgets/arclabel/../../core/lv_obj_style_gen.h **** /**
 994:Middlewares/LVGL/lvgl/src/widgets/arclabel/../../core/lv_obj_style_gen.h ****  * Make end points of the lines rounded. `true`: rounded, `false`: perpendicular line ending.
 995:Middlewares/LVGL/lvgl/src/widgets/arclabel/../../core/lv_obj_style_gen.h ****  * Default: 0, inherited: No, layout: No, ext. draw: No.
 996:Middlewares/LVGL/lvgl/src/widgets/arclabel/../../core/lv_obj_style_gen.h ****  * @param  obj    Pointer to Widget
 997:Middlewares/LVGL/lvgl/src/widgets/arclabel/../../core/lv_obj_style_gen.h ****  * @param  part   One of the `LV_PART_...` enum values
 998:Middlewares/LVGL/lvgl/src/widgets/arclabel/../../core/lv_obj_style_gen.h ****  */
 999:Middlewares/LVGL/lvgl/src/widgets/arclabel/../../core/lv_obj_style_gen.h **** static inline bool lv_obj_get_style_line_rounded(const lv_obj_t * obj, lv_part_t part)
1000:Middlewares/LVGL/lvgl/src/widgets/arclabel/../../core/lv_obj_style_gen.h **** {
1001:Middlewares/LVGL/lvgl/src/widgets/arclabel/../../core/lv_obj_style_gen.h ****     lv_style_value_t v = lv_obj_get_style_prop(obj, part, LV_STYLE_LINE_ROUNDED);
1002:Middlewares/LVGL/lvgl/src/widgets/arclabel/../../core/lv_obj_style_gen.h ****     return (bool)v.num;
1003:Middlewares/LVGL/lvgl/src/widgets/arclabel/../../core/lv_obj_style_gen.h **** }
1004:Middlewares/LVGL/lvgl/src/widgets/arclabel/../../core/lv_obj_style_gen.h **** 
1005:Middlewares/LVGL/lvgl/src/widgets/arclabel/../../core/lv_obj_style_gen.h **** /**
1006:Middlewares/LVGL/lvgl/src/widgets/arclabel/../../core/lv_obj_style_gen.h ****  * Get color of lines.
1007:Middlewares/LVGL/lvgl/src/widgets/arclabel/../../core/lv_obj_style_gen.h ****  * Default: `0x000000`, inherited: No, layout: No, ext. draw: No.
1008:Middlewares/LVGL/lvgl/src/widgets/arclabel/../../core/lv_obj_style_gen.h ****  * @param  obj    Pointer to Widget
1009:Middlewares/LVGL/lvgl/src/widgets/arclabel/../../core/lv_obj_style_gen.h ****  * @param  part   One of the `LV_PART_...` enum values
1010:Middlewares/LVGL/lvgl/src/widgets/arclabel/../../core/lv_obj_style_gen.h ****  */
1011:Middlewares/LVGL/lvgl/src/widgets/arclabel/../../core/lv_obj_style_gen.h **** static inline lv_color_t lv_obj_get_style_line_color(const lv_obj_t * obj, lv_part_t part)
1012:Middlewares/LVGL/lvgl/src/widgets/arclabel/../../core/lv_obj_style_gen.h **** {
1013:Middlewares/LVGL/lvgl/src/widgets/arclabel/../../core/lv_obj_style_gen.h ****     lv_style_value_t v = lv_obj_get_style_prop(obj, part, LV_STYLE_LINE_COLOR);
1014:Middlewares/LVGL/lvgl/src/widgets/arclabel/../../core/lv_obj_style_gen.h ****     return v.color;
1015:Middlewares/LVGL/lvgl/src/widgets/arclabel/../../core/lv_obj_style_gen.h **** }
1016:Middlewares/LVGL/lvgl/src/widgets/arclabel/../../core/lv_obj_style_gen.h **** 
1017:Middlewares/LVGL/lvgl/src/widgets/arclabel/../../core/lv_obj_style_gen.h **** /**
1018:Middlewares/LVGL/lvgl/src/widgets/arclabel/../../core/lv_obj_style_gen.h ****  * Get color of lines.
1019:Middlewares/LVGL/lvgl/src/widgets/arclabel/../../core/lv_obj_style_gen.h ****  * Default: `0x000000`, inherited: No, layout: No, ext. draw: No.
1020:Middlewares/LVGL/lvgl/src/widgets/arclabel/../../core/lv_obj_style_gen.h ****  * @param  obj    Pointer to Widget
1021:Middlewares/LVGL/lvgl/src/widgets/arclabel/../../core/lv_obj_style_gen.h ****  * @param  part   One of the `LV_PART_...` enum values
1022:Middlewares/LVGL/lvgl/src/widgets/arclabel/../../core/lv_obj_style_gen.h ****  */
1023:Middlewares/LVGL/lvgl/src/widgets/arclabel/../../core/lv_obj_style_gen.h **** static inline lv_color_t lv_obj_get_style_line_color_filtered(const lv_obj_t * obj, lv_part_t part)
1024:Middlewares/LVGL/lvgl/src/widgets/arclabel/../../core/lv_obj_style_gen.h **** {
ARM GAS  C:\Users\w1785\AppData\Local\Temp\ccYSPyVl.s 			page 53


1025:Middlewares/LVGL/lvgl/src/widgets/arclabel/../../core/lv_obj_style_gen.h ****     lv_style_value_t v = lv_obj_style_apply_color_filter(obj, part, lv_obj_get_style_prop(obj, part
1026:Middlewares/LVGL/lvgl/src/widgets/arclabel/../../core/lv_obj_style_gen.h ****     return v.color;
1027:Middlewares/LVGL/lvgl/src/widgets/arclabel/../../core/lv_obj_style_gen.h **** }
1028:Middlewares/LVGL/lvgl/src/widgets/arclabel/../../core/lv_obj_style_gen.h **** 
1029:Middlewares/LVGL/lvgl/src/widgets/arclabel/../../core/lv_obj_style_gen.h **** /**
1030:Middlewares/LVGL/lvgl/src/widgets/arclabel/../../core/lv_obj_style_gen.h ****  * Get opacity of lines.
1031:Middlewares/LVGL/lvgl/src/widgets/arclabel/../../core/lv_obj_style_gen.h ****  * Default: `LV_OPA_COVER`, inherited: No, layout: No, ext. draw: No.
1032:Middlewares/LVGL/lvgl/src/widgets/arclabel/../../core/lv_obj_style_gen.h ****  * @param  obj    Pointer to Widget
1033:Middlewares/LVGL/lvgl/src/widgets/arclabel/../../core/lv_obj_style_gen.h ****  * @param  part   One of the `LV_PART_...` enum values
1034:Middlewares/LVGL/lvgl/src/widgets/arclabel/../../core/lv_obj_style_gen.h ****  */
1035:Middlewares/LVGL/lvgl/src/widgets/arclabel/../../core/lv_obj_style_gen.h **** static inline lv_opa_t lv_obj_get_style_line_opa(const lv_obj_t * obj, lv_part_t part)
1036:Middlewares/LVGL/lvgl/src/widgets/arclabel/../../core/lv_obj_style_gen.h **** {
1037:Middlewares/LVGL/lvgl/src/widgets/arclabel/../../core/lv_obj_style_gen.h ****     lv_style_value_t v = lv_obj_get_style_prop(obj, part, LV_STYLE_LINE_OPA);
1038:Middlewares/LVGL/lvgl/src/widgets/arclabel/../../core/lv_obj_style_gen.h ****     return (lv_opa_t)v.num;
1039:Middlewares/LVGL/lvgl/src/widgets/arclabel/../../core/lv_obj_style_gen.h **** }
1040:Middlewares/LVGL/lvgl/src/widgets/arclabel/../../core/lv_obj_style_gen.h **** 
1041:Middlewares/LVGL/lvgl/src/widgets/arclabel/../../core/lv_obj_style_gen.h **** /**
1042:Middlewares/LVGL/lvgl/src/widgets/arclabel/../../core/lv_obj_style_gen.h ****  * Get width (thickness) of arcs in pixels.
1043:Middlewares/LVGL/lvgl/src/widgets/arclabel/../../core/lv_obj_style_gen.h ****  * Default: 0, inherited: No, layout: No, ext. draw: Yes.
1044:Middlewares/LVGL/lvgl/src/widgets/arclabel/../../core/lv_obj_style_gen.h ****  * @param  obj    Pointer to Widget
1045:Middlewares/LVGL/lvgl/src/widgets/arclabel/../../core/lv_obj_style_gen.h ****  * @param  part   One of the `LV_PART_...` enum values
1046:Middlewares/LVGL/lvgl/src/widgets/arclabel/../../core/lv_obj_style_gen.h ****  */
1047:Middlewares/LVGL/lvgl/src/widgets/arclabel/../../core/lv_obj_style_gen.h **** static inline int32_t lv_obj_get_style_arc_width(const lv_obj_t * obj, lv_part_t part)
1048:Middlewares/LVGL/lvgl/src/widgets/arclabel/../../core/lv_obj_style_gen.h **** {
1049:Middlewares/LVGL/lvgl/src/widgets/arclabel/../../core/lv_obj_style_gen.h ****     lv_style_value_t v = lv_obj_get_style_prop(obj, part, LV_STYLE_ARC_WIDTH);
1050:Middlewares/LVGL/lvgl/src/widgets/arclabel/../../core/lv_obj_style_gen.h ****     return (int32_t)v.num;
1051:Middlewares/LVGL/lvgl/src/widgets/arclabel/../../core/lv_obj_style_gen.h **** }
1052:Middlewares/LVGL/lvgl/src/widgets/arclabel/../../core/lv_obj_style_gen.h **** 
1053:Middlewares/LVGL/lvgl/src/widgets/arclabel/../../core/lv_obj_style_gen.h **** /**
1054:Middlewares/LVGL/lvgl/src/widgets/arclabel/../../core/lv_obj_style_gen.h ****  * Make end points of arcs rounded. `true`: rounded, `false`: perpendicular line ending.
1055:Middlewares/LVGL/lvgl/src/widgets/arclabel/../../core/lv_obj_style_gen.h ****  * Default: 0, inherited: No, layout: No, ext. draw: No.
1056:Middlewares/LVGL/lvgl/src/widgets/arclabel/../../core/lv_obj_style_gen.h ****  * @param  obj    Pointer to Widget
1057:Middlewares/LVGL/lvgl/src/widgets/arclabel/../../core/lv_obj_style_gen.h ****  * @param  part   One of the `LV_PART_...` enum values
1058:Middlewares/LVGL/lvgl/src/widgets/arclabel/../../core/lv_obj_style_gen.h ****  */
1059:Middlewares/LVGL/lvgl/src/widgets/arclabel/../../core/lv_obj_style_gen.h **** static inline bool lv_obj_get_style_arc_rounded(const lv_obj_t * obj, lv_part_t part)
1060:Middlewares/LVGL/lvgl/src/widgets/arclabel/../../core/lv_obj_style_gen.h **** {
1061:Middlewares/LVGL/lvgl/src/widgets/arclabel/../../core/lv_obj_style_gen.h ****     lv_style_value_t v = lv_obj_get_style_prop(obj, part, LV_STYLE_ARC_ROUNDED);
1062:Middlewares/LVGL/lvgl/src/widgets/arclabel/../../core/lv_obj_style_gen.h ****     return (bool)v.num;
1063:Middlewares/LVGL/lvgl/src/widgets/arclabel/../../core/lv_obj_style_gen.h **** }
1064:Middlewares/LVGL/lvgl/src/widgets/arclabel/../../core/lv_obj_style_gen.h **** 
1065:Middlewares/LVGL/lvgl/src/widgets/arclabel/../../core/lv_obj_style_gen.h **** /**
1066:Middlewares/LVGL/lvgl/src/widgets/arclabel/../../core/lv_obj_style_gen.h ****  * Get color of arc.
1067:Middlewares/LVGL/lvgl/src/widgets/arclabel/../../core/lv_obj_style_gen.h ****  * Default: `0x000000`, inherited: No, layout: No, ext. draw: No.
1068:Middlewares/LVGL/lvgl/src/widgets/arclabel/../../core/lv_obj_style_gen.h ****  * @param  obj    Pointer to Widget
1069:Middlewares/LVGL/lvgl/src/widgets/arclabel/../../core/lv_obj_style_gen.h ****  * @param  part   One of the `LV_PART_...` enum values
1070:Middlewares/LVGL/lvgl/src/widgets/arclabel/../../core/lv_obj_style_gen.h ****  */
1071:Middlewares/LVGL/lvgl/src/widgets/arclabel/../../core/lv_obj_style_gen.h **** static inline lv_color_t lv_obj_get_style_arc_color(const lv_obj_t * obj, lv_part_t part)
1072:Middlewares/LVGL/lvgl/src/widgets/arclabel/../../core/lv_obj_style_gen.h **** {
1073:Middlewares/LVGL/lvgl/src/widgets/arclabel/../../core/lv_obj_style_gen.h ****     lv_style_value_t v = lv_obj_get_style_prop(obj, part, LV_STYLE_ARC_COLOR);
1074:Middlewares/LVGL/lvgl/src/widgets/arclabel/../../core/lv_obj_style_gen.h ****     return v.color;
1075:Middlewares/LVGL/lvgl/src/widgets/arclabel/../../core/lv_obj_style_gen.h **** }
1076:Middlewares/LVGL/lvgl/src/widgets/arclabel/../../core/lv_obj_style_gen.h **** 
1077:Middlewares/LVGL/lvgl/src/widgets/arclabel/../../core/lv_obj_style_gen.h **** /**
1078:Middlewares/LVGL/lvgl/src/widgets/arclabel/../../core/lv_obj_style_gen.h ****  * Get color of arc.
1079:Middlewares/LVGL/lvgl/src/widgets/arclabel/../../core/lv_obj_style_gen.h ****  * Default: `0x000000`, inherited: No, layout: No, ext. draw: No.
1080:Middlewares/LVGL/lvgl/src/widgets/arclabel/../../core/lv_obj_style_gen.h ****  * @param  obj    Pointer to Widget
1081:Middlewares/LVGL/lvgl/src/widgets/arclabel/../../core/lv_obj_style_gen.h ****  * @param  part   One of the `LV_PART_...` enum values
ARM GAS  C:\Users\w1785\AppData\Local\Temp\ccYSPyVl.s 			page 54


1082:Middlewares/LVGL/lvgl/src/widgets/arclabel/../../core/lv_obj_style_gen.h ****  */
1083:Middlewares/LVGL/lvgl/src/widgets/arclabel/../../core/lv_obj_style_gen.h **** static inline lv_color_t lv_obj_get_style_arc_color_filtered(const lv_obj_t * obj, lv_part_t part)
1084:Middlewares/LVGL/lvgl/src/widgets/arclabel/../../core/lv_obj_style_gen.h **** {
1085:Middlewares/LVGL/lvgl/src/widgets/arclabel/../../core/lv_obj_style_gen.h ****     lv_style_value_t v = lv_obj_style_apply_color_filter(obj, part, lv_obj_get_style_prop(obj, part
1086:Middlewares/LVGL/lvgl/src/widgets/arclabel/../../core/lv_obj_style_gen.h ****     return v.color;
1087:Middlewares/LVGL/lvgl/src/widgets/arclabel/../../core/lv_obj_style_gen.h **** }
1088:Middlewares/LVGL/lvgl/src/widgets/arclabel/../../core/lv_obj_style_gen.h **** 
1089:Middlewares/LVGL/lvgl/src/widgets/arclabel/../../core/lv_obj_style_gen.h **** /**
1090:Middlewares/LVGL/lvgl/src/widgets/arclabel/../../core/lv_obj_style_gen.h ****  * Get opacity of arcs.
1091:Middlewares/LVGL/lvgl/src/widgets/arclabel/../../core/lv_obj_style_gen.h ****  * Default: `LV_OPA_COVER`, inherited: No, layout: No, ext. draw: No.
1092:Middlewares/LVGL/lvgl/src/widgets/arclabel/../../core/lv_obj_style_gen.h ****  * @param  obj    Pointer to Widget
1093:Middlewares/LVGL/lvgl/src/widgets/arclabel/../../core/lv_obj_style_gen.h ****  * @param  part   One of the `LV_PART_...` enum values
1094:Middlewares/LVGL/lvgl/src/widgets/arclabel/../../core/lv_obj_style_gen.h ****  */
1095:Middlewares/LVGL/lvgl/src/widgets/arclabel/../../core/lv_obj_style_gen.h **** static inline lv_opa_t lv_obj_get_style_arc_opa(const lv_obj_t * obj, lv_part_t part)
1096:Middlewares/LVGL/lvgl/src/widgets/arclabel/../../core/lv_obj_style_gen.h **** {
1097:Middlewares/LVGL/lvgl/src/widgets/arclabel/../../core/lv_obj_style_gen.h ****     lv_style_value_t v = lv_obj_get_style_prop(obj, part, LV_STYLE_ARC_OPA);
1098:Middlewares/LVGL/lvgl/src/widgets/arclabel/../../core/lv_obj_style_gen.h ****     return (lv_opa_t)v.num;
1099:Middlewares/LVGL/lvgl/src/widgets/arclabel/../../core/lv_obj_style_gen.h **** }
1100:Middlewares/LVGL/lvgl/src/widgets/arclabel/../../core/lv_obj_style_gen.h **** 
1101:Middlewares/LVGL/lvgl/src/widgets/arclabel/../../core/lv_obj_style_gen.h **** /**
1102:Middlewares/LVGL/lvgl/src/widgets/arclabel/../../core/lv_obj_style_gen.h ****  * Get an image from which arc will be masked out. It's useful to display complex
1103:Middlewares/LVGL/lvgl/src/widgets/arclabel/../../core/lv_obj_style_gen.h ****  * effects on the arcs. Can be a pointer to `lv_image_dsc_t` or a path to a file.
1104:Middlewares/LVGL/lvgl/src/widgets/arclabel/../../core/lv_obj_style_gen.h ****  * Default: `NULL`, inherited: No, layout: No, ext. draw: No.
1105:Middlewares/LVGL/lvgl/src/widgets/arclabel/../../core/lv_obj_style_gen.h ****  * @param  obj    Pointer to Widget
1106:Middlewares/LVGL/lvgl/src/widgets/arclabel/../../core/lv_obj_style_gen.h ****  * @param  part   One of the `LV_PART_...` enum values
1107:Middlewares/LVGL/lvgl/src/widgets/arclabel/../../core/lv_obj_style_gen.h ****  */
1108:Middlewares/LVGL/lvgl/src/widgets/arclabel/../../core/lv_obj_style_gen.h **** static inline const void * lv_obj_get_style_arc_image_src(const lv_obj_t * obj, lv_part_t part)
1109:Middlewares/LVGL/lvgl/src/widgets/arclabel/../../core/lv_obj_style_gen.h **** {
1110:Middlewares/LVGL/lvgl/src/widgets/arclabel/../../core/lv_obj_style_gen.h ****     lv_style_value_t v = lv_obj_get_style_prop(obj, part, LV_STYLE_ARC_IMAGE_SRC);
1111:Middlewares/LVGL/lvgl/src/widgets/arclabel/../../core/lv_obj_style_gen.h ****     return (const void *)v.ptr;
1112:Middlewares/LVGL/lvgl/src/widgets/arclabel/../../core/lv_obj_style_gen.h **** }
1113:Middlewares/LVGL/lvgl/src/widgets/arclabel/../../core/lv_obj_style_gen.h **** 
1114:Middlewares/LVGL/lvgl/src/widgets/arclabel/../../core/lv_obj_style_gen.h **** /**
1115:Middlewares/LVGL/lvgl/src/widgets/arclabel/../../core/lv_obj_style_gen.h ****  * Gets color of text.
1116:Middlewares/LVGL/lvgl/src/widgets/arclabel/../../core/lv_obj_style_gen.h ****  * Default: `0x000000`, inherited: Yes, layout: No, ext. draw: No.
1117:Middlewares/LVGL/lvgl/src/widgets/arclabel/../../core/lv_obj_style_gen.h ****  * @param  obj    Pointer to Widget
1118:Middlewares/LVGL/lvgl/src/widgets/arclabel/../../core/lv_obj_style_gen.h ****  * @param  part   One of the `LV_PART_...` enum values
1119:Middlewares/LVGL/lvgl/src/widgets/arclabel/../../core/lv_obj_style_gen.h ****  */
1120:Middlewares/LVGL/lvgl/src/widgets/arclabel/../../core/lv_obj_style_gen.h **** static inline lv_color_t lv_obj_get_style_text_color(const lv_obj_t * obj, lv_part_t part)
1121:Middlewares/LVGL/lvgl/src/widgets/arclabel/../../core/lv_obj_style_gen.h **** {
1122:Middlewares/LVGL/lvgl/src/widgets/arclabel/../../core/lv_obj_style_gen.h ****     lv_style_value_t v = lv_obj_get_style_prop(obj, part, LV_STYLE_TEXT_COLOR);
1123:Middlewares/LVGL/lvgl/src/widgets/arclabel/../../core/lv_obj_style_gen.h ****     return v.color;
1124:Middlewares/LVGL/lvgl/src/widgets/arclabel/../../core/lv_obj_style_gen.h **** }
1125:Middlewares/LVGL/lvgl/src/widgets/arclabel/../../core/lv_obj_style_gen.h **** 
1126:Middlewares/LVGL/lvgl/src/widgets/arclabel/../../core/lv_obj_style_gen.h **** /**
1127:Middlewares/LVGL/lvgl/src/widgets/arclabel/../../core/lv_obj_style_gen.h ****  * Gets color of text.
1128:Middlewares/LVGL/lvgl/src/widgets/arclabel/../../core/lv_obj_style_gen.h ****  * Default: `0x000000`, inherited: Yes, layout: No, ext. draw: No.
1129:Middlewares/LVGL/lvgl/src/widgets/arclabel/../../core/lv_obj_style_gen.h ****  * @param  obj    Pointer to Widget
1130:Middlewares/LVGL/lvgl/src/widgets/arclabel/../../core/lv_obj_style_gen.h ****  * @param  part   One of the `LV_PART_...` enum values
1131:Middlewares/LVGL/lvgl/src/widgets/arclabel/../../core/lv_obj_style_gen.h ****  */
1132:Middlewares/LVGL/lvgl/src/widgets/arclabel/../../core/lv_obj_style_gen.h **** static inline lv_color_t lv_obj_get_style_text_color_filtered(const lv_obj_t * obj, lv_part_t part)
1133:Middlewares/LVGL/lvgl/src/widgets/arclabel/../../core/lv_obj_style_gen.h **** {
1134:Middlewares/LVGL/lvgl/src/widgets/arclabel/../../core/lv_obj_style_gen.h ****     lv_style_value_t v = lv_obj_style_apply_color_filter(obj, part, lv_obj_get_style_prop(obj, part
1135:Middlewares/LVGL/lvgl/src/widgets/arclabel/../../core/lv_obj_style_gen.h ****     return v.color;
1136:Middlewares/LVGL/lvgl/src/widgets/arclabel/../../core/lv_obj_style_gen.h **** }
1137:Middlewares/LVGL/lvgl/src/widgets/arclabel/../../core/lv_obj_style_gen.h **** 
1138:Middlewares/LVGL/lvgl/src/widgets/arclabel/../../core/lv_obj_style_gen.h **** /**
ARM GAS  C:\Users\w1785\AppData\Local\Temp\ccYSPyVl.s 			page 55


1139:Middlewares/LVGL/lvgl/src/widgets/arclabel/../../core/lv_obj_style_gen.h ****  * Get opacity of text. Value 0, `LV_OPA_0` or `LV_OPA_TRANSP` means fully
1140:Middlewares/LVGL/lvgl/src/widgets/arclabel/../../core/lv_obj_style_gen.h ****  * transparent, 255, `LV_OPA_100` or `LV_OPA_COVER` means fully covering, other values
1141:Middlewares/LVGL/lvgl/src/widgets/arclabel/../../core/lv_obj_style_gen.h ****  * or LV_OPA_10, LV_OPA_20, etc means semi transparency.
1142:Middlewares/LVGL/lvgl/src/widgets/arclabel/../../core/lv_obj_style_gen.h ****  * Default: `LV_OPA_COVER`, inherited: Yes, layout: No, ext. draw: No.
1143:Middlewares/LVGL/lvgl/src/widgets/arclabel/../../core/lv_obj_style_gen.h ****  * @param  obj    Pointer to Widget
1144:Middlewares/LVGL/lvgl/src/widgets/arclabel/../../core/lv_obj_style_gen.h ****  * @param  part   One of the `LV_PART_...` enum values
1145:Middlewares/LVGL/lvgl/src/widgets/arclabel/../../core/lv_obj_style_gen.h ****  */
1146:Middlewares/LVGL/lvgl/src/widgets/arclabel/../../core/lv_obj_style_gen.h **** static inline lv_opa_t lv_obj_get_style_text_opa(const lv_obj_t * obj, lv_part_t part)
1147:Middlewares/LVGL/lvgl/src/widgets/arclabel/../../core/lv_obj_style_gen.h **** {
1148:Middlewares/LVGL/lvgl/src/widgets/arclabel/../../core/lv_obj_style_gen.h ****     lv_style_value_t v = lv_obj_get_style_prop(obj, part, LV_STYLE_TEXT_OPA);
1149:Middlewares/LVGL/lvgl/src/widgets/arclabel/../../core/lv_obj_style_gen.h ****     return (lv_opa_t)v.num;
1150:Middlewares/LVGL/lvgl/src/widgets/arclabel/../../core/lv_obj_style_gen.h **** }
1151:Middlewares/LVGL/lvgl/src/widgets/arclabel/../../core/lv_obj_style_gen.h **** 
1152:Middlewares/LVGL/lvgl/src/widgets/arclabel/../../core/lv_obj_style_gen.h **** /**
1153:Middlewares/LVGL/lvgl/src/widgets/arclabel/../../core/lv_obj_style_gen.h ****  * Get font of text (a pointer `lv_font_t *`).
1154:Middlewares/LVGL/lvgl/src/widgets/arclabel/../../core/lv_obj_style_gen.h ****  * Default: `LV_FONT_DEFAULT`, inherited: Yes, layout: Yes, ext. draw: No.
1155:Middlewares/LVGL/lvgl/src/widgets/arclabel/../../core/lv_obj_style_gen.h ****  * @param  obj    Pointer to Widget
1156:Middlewares/LVGL/lvgl/src/widgets/arclabel/../../core/lv_obj_style_gen.h ****  * @param  part   One of the `LV_PART_...` enum values
1157:Middlewares/LVGL/lvgl/src/widgets/arclabel/../../core/lv_obj_style_gen.h ****  */
1158:Middlewares/LVGL/lvgl/src/widgets/arclabel/../../core/lv_obj_style_gen.h **** static inline const lv_font_t * lv_obj_get_style_text_font(const lv_obj_t * obj, lv_part_t part)
 925              		.loc 2 1158 33 view .LVU288
 926              	.LBB30:
1159:Middlewares/LVGL/lvgl/src/widgets/arclabel/../../core/lv_obj_style_gen.h **** {
1160:Middlewares/LVGL/lvgl/src/widgets/arclabel/../../core/lv_obj_style_gen.h ****     lv_style_value_t v = lv_obj_get_style_prop(obj, part, LV_STYLE_TEXT_FONT);
 927              		.loc 2 1160 5 view .LVU289
 928              		.loc 2 1160 26 is_stmt 0 view .LVU290
 929 0018 4D22     		movs	r2, #77
 930 001a 0021     		movs	r1, #0
 931 001c 2046     		mov	r0, r4
 932 001e FFF7FEFF 		bl	lv_obj_get_style_prop
 933              	.LVL103:
 934 0022 0546     		mov	r5, r0
 935 0024 0B90     		str	r0, [sp, #44]
1161:Middlewares/LVGL/lvgl/src/widgets/arclabel/../../core/lv_obj_style_gen.h ****     return (const lv_font_t *)v.ptr;
 936              		.loc 2 1161 5 is_stmt 1 view .LVU291
 937              	.LVL104:
 938              		.loc 2 1161 5 is_stmt 0 view .LVU292
 939              	.LBE30:
 940              	.LBE29:
 564:Middlewares/LVGL/lvgl/src/widgets/arclabel/lv_arclabel.c **** 
 941              		.loc 1 564 5 is_stmt 1 view .LVU293
 942              	.LBB31:
 943              	.LBI31:
1162:Middlewares/LVGL/lvgl/src/widgets/arclabel/../../core/lv_obj_style_gen.h **** }
1163:Middlewares/LVGL/lvgl/src/widgets/arclabel/../../core/lv_obj_style_gen.h **** 
1164:Middlewares/LVGL/lvgl/src/widgets/arclabel/../../core/lv_obj_style_gen.h **** /**
1165:Middlewares/LVGL/lvgl/src/widgets/arclabel/../../core/lv_obj_style_gen.h ****  * Get letter space in pixels.
1166:Middlewares/LVGL/lvgl/src/widgets/arclabel/../../core/lv_obj_style_gen.h ****  * Default: 0, inherited: Yes, layout: Yes, ext. draw: No.
1167:Middlewares/LVGL/lvgl/src/widgets/arclabel/../../core/lv_obj_style_gen.h ****  * @param  obj    Pointer to Widget
1168:Middlewares/LVGL/lvgl/src/widgets/arclabel/../../core/lv_obj_style_gen.h ****  * @param  part   One of the `LV_PART_...` enum values
1169:Middlewares/LVGL/lvgl/src/widgets/arclabel/../../core/lv_obj_style_gen.h ****  */
1170:Middlewares/LVGL/lvgl/src/widgets/arclabel/../../core/lv_obj_style_gen.h **** static inline int32_t lv_obj_get_style_text_letter_space(const lv_obj_t * obj, lv_part_t part)
 944              		.loc 2 1170 23 view .LVU294
 945              	.LBB32:
1171:Middlewares/LVGL/lvgl/src/widgets/arclabel/../../core/lv_obj_style_gen.h **** {
1172:Middlewares/LVGL/lvgl/src/widgets/arclabel/../../core/lv_obj_style_gen.h ****     lv_style_value_t v = lv_obj_get_style_prop(obj, part, LV_STYLE_TEXT_LETTER_SPACE);
 946              		.loc 2 1172 5 view .LVU295
ARM GAS  C:\Users\w1785\AppData\Local\Temp\ccYSPyVl.s 			page 56


 947              		.loc 2 1172 26 is_stmt 0 view .LVU296
 948 0026 6622     		movs	r2, #102
 949 0028 0021     		movs	r1, #0
 950 002a 2046     		mov	r0, r4
 951              	.LVL105:
 952              		.loc 2 1172 26 view .LVU297
 953 002c FFF7FEFF 		bl	lv_obj_get_style_prop
 954              	.LVL106:
 955 0030 0746     		mov	r7, r0
 956 0032 0B90     		str	r0, [sp, #44]
1173:Middlewares/LVGL/lvgl/src/widgets/arclabel/../../core/lv_obj_style_gen.h ****     return (int32_t)v.num;
 957              		.loc 2 1173 5 is_stmt 1 view .LVU298
 958              	.LVL107:
 959              		.loc 2 1173 5 is_stmt 0 view .LVU299
 960              	.LBE32:
 961              	.LBE31:
 566:Middlewares/LVGL/lvgl/src/widgets/arclabel/lv_arclabel.c ****     const int32_t base_line = font->base_line;
 962              		.loc 1 566 5 is_stmt 1 view .LVU300
 566:Middlewares/LVGL/lvgl/src/widgets/arclabel/lv_arclabel.c ****     const int32_t base_line = font->base_line;
 963              		.loc 1 566 19 is_stmt 0 view .LVU301
 964 0034 D5F80CA0 		ldr	r10, [r5, #12]
 965              	.LVL108:
 567:Middlewares/LVGL/lvgl/src/widgets/arclabel/lv_arclabel.c ****     int32_t arc_r_delta = 0;
 966              		.loc 1 567 5 is_stmt 1 view .LVU302
 567:Middlewares/LVGL/lvgl/src/widgets/arclabel/lv_arclabel.c ****     int32_t arc_r_delta = 0;
 967              		.loc 1 567 19 is_stmt 0 view .LVU303
 968 0038 D5F81080 		ldr	r8, [r5, #16]
 969              	.LVL109:
 568:Middlewares/LVGL/lvgl/src/widgets/arclabel/lv_arclabel.c ****     int32_t arc_r = arclabel->radius;
 970              		.loc 1 568 5 is_stmt 1 view .LVU304
 569:Middlewares/LVGL/lvgl/src/widgets/arclabel/lv_arclabel.c **** 
 971              		.loc 1 569 5 view .LVU305
 569:Middlewares/LVGL/lvgl/src/widgets/arclabel/lv_arclabel.c **** 
 972              		.loc 1 569 29 is_stmt 0 view .LVU306
 973 003c A36C     		ldr	r3, [r4, #72]
 974              	.LVL110:
 571:Middlewares/LVGL/lvgl/src/widgets/arclabel/lv_arclabel.c ****     if(LV_COORD_IS_PCT(arc_r)) {
 975              		.loc 1 571 5 is_stmt 1 view .LVU307
 571:Middlewares/LVGL/lvgl/src/widgets/arclabel/lv_arclabel.c ****     if(LV_COORD_IS_PCT(arc_r)) {
 976              		.loc 1 571 7 is_stmt 0 view .LVU308
 977 003e 6FF04042 		mvn	r2, #-1073741824
 978 0042 9342     		cmp	r3, r2
 979 0044 33D0     		beq	.L78
 980 0046 1E46     		mov	r6, r3
 572:Middlewares/LVGL/lvgl/src/widgets/arclabel/lv_arclabel.c ****         const int32_t width = lv_area_get_width(&coords);
 981              		.loc 1 572 5 is_stmt 1 view .LVU309
 572:Middlewares/LVGL/lvgl/src/widgets/arclabel/lv_arclabel.c ****         const int32_t width = lv_area_get_width(&coords);
 982              		.loc 1 572 8 is_stmt 0 view .LVU310
 983 0048 03F0C043 		and	r3, r3, #1610612736
 984              	.LVL111:
 572:Middlewares/LVGL/lvgl/src/widgets/arclabel/lv_arclabel.c ****         const int32_t width = lv_area_get_width(&coords);
 985              		.loc 1 572 7 view .LVU311
 986 004c B3F1005F 		cmp	r3, #536870912
 987 0050 2ED0     		beq	.L71
 988              	.LVL112:
 989              	.L72:
 578:Middlewares/LVGL/lvgl/src/widgets/arclabel/lv_arclabel.c ****         case LV_ARCLABEL_TEXT_ALIGN_LEADING:
ARM GAS  C:\Users\w1785\AppData\Local\Temp\ccYSPyVl.s 			page 57


 990              		.loc 1 578 5 is_stmt 1 view .LVU312
 578:Middlewares/LVGL/lvgl/src/widgets/arclabel/lv_arclabel.c ****         case LV_ARCLABEL_TEXT_ALIGN_LEADING:
 991              		.loc 1 578 20 is_stmt 0 view .LVU313
 992 0052 94F85530 		ldrb	r3, [r4, #85]	@ zero_extendqisi2
 578:Middlewares/LVGL/lvgl/src/widgets/arclabel/lv_arclabel.c ****         case LV_ARCLABEL_TEXT_ALIGN_LEADING:
 993              		.loc 1 578 5 view .LVU314
 994 0056 022B     		cmp	r3, #2
 995 0058 43D0     		beq	.L73
 996 005a 032B     		cmp	r3, #3
 997 005c 46D0     		beq	.L74
 998 005e 012B     		cmp	r3, #1
 999 0060 47D1     		bne	.L79
 580:Middlewares/LVGL/lvgl/src/widgets/arclabel/lv_arclabel.c ****             break;
 1000              		.loc 1 580 13 is_stmt 1 view .LVU315
 580:Middlewares/LVGL/lvgl/src/widgets/arclabel/lv_arclabel.c ****             break;
 1001              		.loc 1 580 25 is_stmt 0 view .LVU316
 1002 0062 AAEB0808 		sub	r8, r10, r8
 1003              	.LVL113:
 581:Middlewares/LVGL/lvgl/src/widgets/arclabel/lv_arclabel.c ****         case LV_ARCLABEL_TEXT_ALIGN_CENTER:
 1004              		.loc 1 581 13 is_stmt 1 view .LVU317
 1005              	.L75:
 592:Middlewares/LVGL/lvgl/src/widgets/arclabel/lv_arclabel.c ****     if(arc_radius != NULL) *arc_radius = arc_r;
 1006              		.loc 1 592 5 view .LVU318
 592:Middlewares/LVGL/lvgl/src/widgets/arclabel/lv_arclabel.c ****     if(arc_radius != NULL) *arc_radius = arc_r;
 1007              		.loc 1 592 22 is_stmt 0 view .LVU319
 1008 0066 94F85430 		ldrb	r3, [r4, #84]	@ zero_extendqisi2
 592:Middlewares/LVGL/lvgl/src/widgets/arclabel/lv_arclabel.c ****     if(arc_radius != NULL) *arc_radius = arc_r;
 1009              		.loc 1 592 72 view .LVU320
 1010 006a 0BB9     		cbnz	r3, .L76
 592:Middlewares/LVGL/lvgl/src/widgets/arclabel/lv_arclabel.c ****     if(arc_radius != NULL) *arc_radius = arc_r;
 1011              		.loc 1 592 72 discriminator 1 view .LVU321
 1012 006c C8F10008 		rsb	r8, r8, #0
 1013              	.LVL114:
 1014              	.L76:
 592:Middlewares/LVGL/lvgl/src/widgets/arclabel/lv_arclabel.c ****     if(arc_radius != NULL) *arc_radius = arc_r;
 1015              		.loc 1 592 11 discriminator 4 view .LVU322
 1016 0070 06EB0802 		add	r2, r6, r8
 1017              	.LVL115:
 593:Middlewares/LVGL/lvgl/src/widgets/arclabel/lv_arclabel.c ****     lv_value_precise_t total_visible_angle = calc_arc_text_total_angle(text_start, font, arc_r,
 1018              		.loc 1 593 5 is_stmt 1 view .LVU323
 593:Middlewares/LVGL/lvgl/src/widgets/arclabel/lv_arclabel.c ****     lv_value_precise_t total_visible_angle = calc_arc_text_total_angle(text_start, font, arc_r,
 1019              		.loc 1 593 7 is_stmt 0 view .LVU324
 1020 0074 B9F1000F 		cmp	r9, #0
 1021 0078 01D0     		beq	.L77
 593:Middlewares/LVGL/lvgl/src/widgets/arclabel/lv_arclabel.c ****     lv_value_precise_t total_visible_angle = calc_arc_text_total_angle(text_start, font, arc_r,
 1022              		.loc 1 593 28 is_stmt 1 discriminator 1 view .LVU325
 593:Middlewares/LVGL/lvgl/src/widgets/arclabel/lv_arclabel.c ****     lv_value_precise_t total_visible_angle = calc_arc_text_total_angle(text_start, font, arc_r,
 1023              		.loc 1 593 40 is_stmt 0 discriminator 1 view .LVU326
 1024 007a C9F80020 		str	r2, [r9]
 1025              	.L77:
 594:Middlewares/LVGL/lvgl/src/widgets/arclabel/lv_arclabel.c ****                                                                        arclabel->angle_size, letter
 1026              		.loc 1 594 5 is_stmt 1 view .LVU327
 595:Middlewares/LVGL/lvgl/src/widgets/arclabel/lv_arclabel.c ****                                                                        arclabel->overflow, arclabel
 1027              		.loc 1 595 116 is_stmt 0 view .LVU328
 1028 007e 94F85730 		ldrb	r3, [r4, #87]	@ zero_extendqisi2
 1029 0082 C3F34001 		ubfx	r1, r3, #1, #1
 596:Middlewares/LVGL/lvgl/src/widgets/arclabel/lv_arclabel.c ****     return total_visible_angle;
ARM GAS  C:\Users\w1785\AppData\Local\Temp\ccYSPyVl.s 			page 58


 1030              		.loc 1 596 80 view .LVU329
 1031 0086 C3F38100 		ubfx	r0, r3, #2, #2
 594:Middlewares/LVGL/lvgl/src/widgets/arclabel/lv_arclabel.c ****                                                                        arclabel->angle_size, letter
 1032              		.loc 1 594 46 view .LVU330
 1033 008a 089E     		ldr	r6, [sp, #32]
 1034 008c 0596     		str	r6, [sp, #20]
 1035 008e 079E     		ldr	r6, [sp, #28]
 1036 0090 0496     		str	r6, [sp, #16]
 1037 0092 C3F30013 		ubfx	r3, r3, #4, #1
 1038 0096 0393     		str	r3, [sp, #12]
 1039 0098 0290     		str	r0, [sp, #8]
 1040 009a 0191     		str	r1, [sp, #4]
 1041 009c 0097     		str	r7, [sp]
 1042 009e 236C     		ldr	r3, [r4, #64]
 1043 00a0 2946     		mov	r1, r5
 1044 00a2 5846     		mov	r0, fp
 1045 00a4 FFF7FEFF 		bl	calc_arc_text_total_angle
 1046              	.LVL116:
 597:Middlewares/LVGL/lvgl/src/widgets/arclabel/lv_arclabel.c **** }
 1047              		.loc 1 597 5 is_stmt 1 view .LVU331
 598:Middlewares/LVGL/lvgl/src/widgets/arclabel/lv_arclabel.c **** 
 1048              		.loc 1 598 1 is_stmt 0 view .LVU332
 1049 00a8 11B0     		add	sp, sp, #68
 1050              	.LCFI10:
 1051              		.cfi_remember_state
 1052              		.cfi_def_cfa_offset 36
 1053              		@ sp needed
 1054 00aa BDE8F08F 		pop	{r4, r5, r6, r7, r8, r9, r10, fp, pc}
 1055              	.LVL117:
 1056              	.L78:
 1057              	.LCFI11:
 1058              		.cfi_restore_state
 571:Middlewares/LVGL/lvgl/src/widgets/arclabel/lv_arclabel.c ****     if(LV_COORD_IS_PCT(arc_r)) {
 1059              		.loc 1 571 40 discriminator 1 view .LVU333
 1060 00ae 124E     		ldr	r6, .L81
 1061              	.LVL118:
 1062              	.L71:
 572:Middlewares/LVGL/lvgl/src/widgets/arclabel/lv_arclabel.c ****         const int32_t width = lv_area_get_width(&coords);
 1063              		.loc 1 572 8 discriminator 1 view .LVU334
 1064 00b0 26F0C042 		bic	r2, r6, #1610612736
 1065 00b4 6FF06043 		mvn	r3, #-536870912
 1066 00b8 9A42     		cmp	r2, r3
 1067 00ba CADA     		bge	.L72
 1068              	.LBB33:
 573:Middlewares/LVGL/lvgl/src/widgets/arclabel/lv_arclabel.c ****         const int32_t height = lv_area_get_height(&coords);
 1069              		.loc 1 573 9 is_stmt 1 view .LVU335
 573:Middlewares/LVGL/lvgl/src/widgets/arclabel/lv_arclabel.c ****         const int32_t height = lv_area_get_height(&coords);
 1070              		.loc 1 573 31 is_stmt 0 view .LVU336
 1071 00bc 0CA8     		add	r0, sp, #48
 1072              	.LVL119:
 573:Middlewares/LVGL/lvgl/src/widgets/arclabel/lv_arclabel.c ****         const int32_t height = lv_area_get_height(&coords);
 1073              		.loc 1 573 31 view .LVU337
 1074 00be FFF7FEFF 		bl	lv_area_get_width
 1075              	.LVL120:
 1076 00c2 0990     		str	r0, [sp, #36]
 1077              	.LVL121:
 574:Middlewares/LVGL/lvgl/src/widgets/arclabel/lv_arclabel.c ****         arc_r = lv_pct_to_px(arc_r, LV_MIN(width, height)) / 2;
ARM GAS  C:\Users\w1785\AppData\Local\Temp\ccYSPyVl.s 			page 59


 1078              		.loc 1 574 9 is_stmt 1 view .LVU338
 574:Middlewares/LVGL/lvgl/src/widgets/arclabel/lv_arclabel.c ****         arc_r = lv_pct_to_px(arc_r, LV_MIN(width, height)) / 2;
 1079              		.loc 1 574 32 is_stmt 0 view .LVU339
 1080 00c4 0CAB     		add	r3, sp, #48
 1081 00c6 1846     		mov	r0, r3
 1082              	.LVL122:
 574:Middlewares/LVGL/lvgl/src/widgets/arclabel/lv_arclabel.c ****         arc_r = lv_pct_to_px(arc_r, LV_MIN(width, height)) / 2;
 1083              		.loc 1 574 32 view .LVU340
 1084 00c8 FFF7FEFF 		bl	lv_area_get_height
 1085              	.LVL123:
 575:Middlewares/LVGL/lvgl/src/widgets/arclabel/lv_arclabel.c ****     }
 1086              		.loc 1 575 9 is_stmt 1 view .LVU341
 575:Middlewares/LVGL/lvgl/src/widgets/arclabel/lv_arclabel.c ****     }
 1087              		.loc 1 575 17 is_stmt 0 view .LVU342
 1088 00cc 0999     		ldr	r1, [sp, #36]
 1089 00ce 8142     		cmp	r1, r0
 1090 00d0 A8BF     		it	ge
 1091 00d2 0146     		movge	r1, r0
 1092 00d4 3046     		mov	r0, r6
 1093              	.LVL124:
 575:Middlewares/LVGL/lvgl/src/widgets/arclabel/lv_arclabel.c ****     }
 1094              		.loc 1 575 17 view .LVU343
 1095 00d6 FFF7FEFF 		bl	lv_pct_to_px
 1096              	.LVL125:
 575:Middlewares/LVGL/lvgl/src/widgets/arclabel/lv_arclabel.c ****     }
 1097              		.loc 1 575 15 discriminator 1 view .LVU344
 1098 00da 00EBD070 		add	r0, r0, r0, lsr #31
 1099 00de 4610     		asrs	r6, r0, #1
 1100 00e0 B7E7     		b	.L72
 1101              	.LVL126:
 1102              	.L73:
 575:Middlewares/LVGL/lvgl/src/widgets/arclabel/lv_arclabel.c ****     }
 1103              		.loc 1 575 15 discriminator 1 view .LVU345
 1104              	.LBE33:
 583:Middlewares/LVGL/lvgl/src/widgets/arclabel/lv_arclabel.c ****             break;
 1105              		.loc 1 583 13 is_stmt 1 view .LVU346
 583:Middlewares/LVGL/lvgl/src/widgets/arclabel/lv_arclabel.c ****             break;
 1106              		.loc 1 583 39 is_stmt 0 view .LVU347
 1107 00e2 0AEBDA7A 		add	r10, r10, r10, lsr #31
 1108              	.LVL127:
 583:Middlewares/LVGL/lvgl/src/widgets/arclabel/lv_arclabel.c ****             break;
 1109              		.loc 1 583 25 view .LVU348
 1110 00e6 C8EB6A08 		rsb	r8, r8, r10, asr #1
 1111              	.LVL128:
 584:Middlewares/LVGL/lvgl/src/widgets/arclabel/lv_arclabel.c ****         case LV_ARCLABEL_TEXT_ALIGN_TRAILING:
 1112              		.loc 1 584 13 is_stmt 1 view .LVU349
 1113 00ea BCE7     		b	.L75
 1114              	.LVL129:
 1115              	.L74:
 586:Middlewares/LVGL/lvgl/src/widgets/arclabel/lv_arclabel.c ****             break;
 1116              		.loc 1 586 13 view .LVU350
 586:Middlewares/LVGL/lvgl/src/widgets/arclabel/lv_arclabel.c ****             break;
 1117              		.loc 1 586 25 is_stmt 0 view .LVU351
 1118 00ec C8F10008 		rsb	r8, r8, #0
 1119              	.LVL130:
 587:Middlewares/LVGL/lvgl/src/widgets/arclabel/lv_arclabel.c ****         default:
 1120              		.loc 1 587 13 is_stmt 1 view .LVU352
ARM GAS  C:\Users\w1785\AppData\Local\Temp\ccYSPyVl.s 			page 60


 1121 00f0 B9E7     		b	.L75
 1122              	.LVL131:
 1123              	.L79:
 578:Middlewares/LVGL/lvgl/src/widgets/arclabel/lv_arclabel.c ****         case LV_ARCLABEL_TEXT_ALIGN_LEADING:
 1124              		.loc 1 578 5 is_stmt 0 view .LVU353
 1125 00f2 4FF00008 		mov	r8, #0
 1126              	.LVL132:
 578:Middlewares/LVGL/lvgl/src/widgets/arclabel/lv_arclabel.c ****         case LV_ARCLABEL_TEXT_ALIGN_LEADING:
 1127              		.loc 1 578 5 view .LVU354
 1128 00f6 B6E7     		b	.L75
 1129              	.L82:
 1130              		.align	2
 1131              	.L81:
 1132 00f8 64000020 		.word	536871012
 1133              		.cfi_endproc
 1134              	.LFE222:
 1136              		.section	.text.arclabel_draw_main,"ax",%progbits
 1137              		.align	1
 1138              		.syntax unified
 1139              		.thumb
 1140              		.thumb_func
 1142              	arclabel_draw_main:
 1143              	.LVL133:
 1144              	.LFB221:
 413:Middlewares/LVGL/lvgl/src/widgets/arclabel/lv_arclabel.c ****     lv_obj_t * obj = lv_event_get_current_target(e);
 1145              		.loc 1 413 1 is_stmt 1 view -0
 1146              		.cfi_startproc
 1147              		@ args = 0, pretend = 0, frame = 200
 1148              		@ frame_needed = 0, uses_anonymous_args = 0
 413:Middlewares/LVGL/lvgl/src/widgets/arclabel/lv_arclabel.c ****     lv_obj_t * obj = lv_event_get_current_target(e);
 1149              		.loc 1 413 1 is_stmt 0 view .LVU356
 1150 0000 2DE9F04F 		push	{r4, r5, r6, r7, r8, r9, r10, fp, lr}
 1151              	.LCFI12:
 1152              		.cfi_def_cfa_offset 36
 1153              		.cfi_offset 4, -36
 1154              		.cfi_offset 5, -32
 1155              		.cfi_offset 6, -28
 1156              		.cfi_offset 7, -24
 1157              		.cfi_offset 8, -20
 1158              		.cfi_offset 9, -16
 1159              		.cfi_offset 10, -12
 1160              		.cfi_offset 11, -8
 1161              		.cfi_offset 14, -4
 1162 0004 B5B0     		sub	sp, sp, #212
 1163              	.LCFI13:
 1164              		.cfi_def_cfa_offset 248
 1165 0006 0446     		mov	r4, r0
 414:Middlewares/LVGL/lvgl/src/widgets/arclabel/lv_arclabel.c ****     lv_arclabel_t * arclabel = (lv_arclabel_t *)obj;
 1166              		.loc 1 414 5 is_stmt 1 view .LVU357
 414:Middlewares/LVGL/lvgl/src/widgets/arclabel/lv_arclabel.c ****     lv_arclabel_t * arclabel = (lv_arclabel_t *)obj;
 1167              		.loc 1 414 22 is_stmt 0 view .LVU358
 1168 0008 FFF7FEFF 		bl	lv_event_get_current_target
 1169              	.LVL134:
 414:Middlewares/LVGL/lvgl/src/widgets/arclabel/lv_arclabel.c ****     lv_arclabel_t * arclabel = (lv_arclabel_t *)obj;
 1170              		.loc 1 414 22 view .LVU359
 1171 000c 0746     		mov	r7, r0
 1172              	.LVL135:
ARM GAS  C:\Users\w1785\AppData\Local\Temp\ccYSPyVl.s 			page 61


 415:Middlewares/LVGL/lvgl/src/widgets/arclabel/lv_arclabel.c **** 
 1173              		.loc 1 415 5 is_stmt 1 view .LVU360
 417:Middlewares/LVGL/lvgl/src/widgets/arclabel/lv_arclabel.c ****     const char * text_start = text;
 1174              		.loc 1 417 5 view .LVU361
 417:Middlewares/LVGL/lvgl/src/widgets/arclabel/lv_arclabel.c ****     const char * text_start = text;
 1175              		.loc 1 417 18 is_stmt 0 view .LVU362
 1176 000e D0F830B0 		ldr	fp, [r0, #48]
 1177              	.LVL136:
 418:Middlewares/LVGL/lvgl/src/widgets/arclabel/lv_arclabel.c **** 
 1178              		.loc 1 418 5 is_stmt 1 view .LVU363
 418:Middlewares/LVGL/lvgl/src/widgets/arclabel/lv_arclabel.c **** 
 1179              		.loc 1 418 18 is_stmt 0 view .LVU364
 1180 0012 CDF8C8B0 		str	fp, [sp, #200]
 420:Middlewares/LVGL/lvgl/src/widgets/arclabel/lv_arclabel.c ****     lv_obj_get_content_coords(obj, &coords);
 1181              		.loc 1 420 5 is_stmt 1 view .LVU365
 421:Middlewares/LVGL/lvgl/src/widgets/arclabel/lv_arclabel.c **** 
 1182              		.loc 1 421 5 view .LVU366
 1183 0016 2EA9     		add	r1, sp, #184
 1184 0018 FFF7FEFF 		bl	lv_obj_get_content_coords
 1185              	.LVL137:
 423:Middlewares/LVGL/lvgl/src/widgets/arclabel/lv_arclabel.c **** 
 1186              		.loc 1 423 5 view .LVU367
 423:Middlewares/LVGL/lvgl/src/widgets/arclabel/lv_arclabel.c **** 
 1187              		.loc 1 423 26 is_stmt 0 view .LVU368
 1188 001c 2046     		mov	r0, r4
 1189 001e FFF7FEFF 		bl	lv_event_get_layer
 1190              	.LVL138:
 1191 0022 0446     		mov	r4, r0
 1192              	.LVL139:
 423:Middlewares/LVGL/lvgl/src/widgets/arclabel/lv_arclabel.c **** 
 1193              		.loc 1 423 26 view .LVU369
 1194 0024 0990     		str	r0, [sp, #36]
 1195              	.LVL140:
 425:Middlewares/LVGL/lvgl/src/widgets/arclabel/lv_arclabel.c ****     const lv_color_t color = lv_obj_get_style_text_color(obj, LV_PART_MAIN);
 1196              		.loc 1 425 5 is_stmt 1 view .LVU370
 1197              	.LBB34:
 1198              	.LBI34:
1158:Middlewares/LVGL/lvgl/src/widgets/arclabel/../../core/lv_obj_style_gen.h **** {
 1199              		.loc 2 1158 33 view .LVU371
 1200              	.LBB35:
1160:Middlewares/LVGL/lvgl/src/widgets/arclabel/../../core/lv_obj_style_gen.h ****     return (const lv_font_t *)v.ptr;
 1201              		.loc 2 1160 5 view .LVU372
1160:Middlewares/LVGL/lvgl/src/widgets/arclabel/../../core/lv_obj_style_gen.h ****     return (const lv_font_t *)v.ptr;
 1202              		.loc 2 1160 26 is_stmt 0 view .LVU373
 1203 0026 4D22     		movs	r2, #77
 1204 0028 0021     		movs	r1, #0
 1205 002a 3846     		mov	r0, r7
 1206              	.LVL141:
1160:Middlewares/LVGL/lvgl/src/widgets/arclabel/../../core/lv_obj_style_gen.h ****     return (const lv_font_t *)v.ptr;
 1207              		.loc 2 1160 26 view .LVU374
 1208 002c FFF7FEFF 		bl	lv_obj_get_style_prop
 1209              	.LVL142:
 1210 0030 0490     		str	r0, [sp, #16]
 1211 0032 1190     		str	r0, [sp, #68]
1161:Middlewares/LVGL/lvgl/src/widgets/arclabel/../../core/lv_obj_style_gen.h **** }
 1212              		.loc 2 1161 5 is_stmt 1 view .LVU375
 1213              	.LVL143:
ARM GAS  C:\Users\w1785\AppData\Local\Temp\ccYSPyVl.s 			page 62


1161:Middlewares/LVGL/lvgl/src/widgets/arclabel/../../core/lv_obj_style_gen.h **** }
 1214              		.loc 2 1161 5 is_stmt 0 view .LVU376
 1215              	.LBE35:
 1216              	.LBE34:
 426:Middlewares/LVGL/lvgl/src/widgets/arclabel/lv_arclabel.c ****     const lv_opa_t opa = LV_OPA_MIX2(layer->opa, lv_obj_get_style_text_opa(obj, LV_PART_MAIN));
 1217              		.loc 1 426 5 is_stmt 1 view .LVU377
 1218              	.LBB36:
 1219              	.LBI36:
1120:Middlewares/LVGL/lvgl/src/widgets/arclabel/../../core/lv_obj_style_gen.h **** {
 1220              		.loc 2 1120 26 view .LVU378
 1221              	.LBB37:
1122:Middlewares/LVGL/lvgl/src/widgets/arclabel/../../core/lv_obj_style_gen.h ****     return v.color;
 1222              		.loc 2 1122 5 view .LVU379
1122:Middlewares/LVGL/lvgl/src/widgets/arclabel/../../core/lv_obj_style_gen.h ****     return v.color;
 1223              		.loc 2 1122 26 is_stmt 0 view .LVU380
 1224 0034 5C22     		movs	r2, #92
 1225 0036 0021     		movs	r1, #0
 1226 0038 3846     		mov	r0, r7
 1227              	.LVL144:
1122:Middlewares/LVGL/lvgl/src/widgets/arclabel/../../core/lv_obj_style_gen.h ****     return v.color;
 1228              		.loc 2 1122 26 view .LVU381
 1229 003a FFF7FEFF 		bl	lv_obj_get_style_prop
 1230              	.LVL145:
 1231 003e 1190     		str	r0, [sp, #68]
1123:Middlewares/LVGL/lvgl/src/widgets/arclabel/../../core/lv_obj_style_gen.h **** }
 1232              		.loc 2 1123 5 is_stmt 1 view .LVU382
1123:Middlewares/LVGL/lvgl/src/widgets/arclabel/../../core/lv_obj_style_gen.h **** }
 1233              		.loc 2 1123 13 is_stmt 0 view .LVU383
 1234 0040 ADF8CC00 		strh	r0, [sp, #204]	@ movhi
 1235 0044 030C     		lsrs	r3, r0, #16
 1236 0046 8DF8CE30 		strb	r3, [sp, #206]
 1237 004a 339B     		ldr	r3, [sp, #204]
 1238 004c ADF8B430 		strh	r3, [sp, #180]	@ movhi
 1239 0050 1B0C     		lsrs	r3, r3, #16
 1240 0052 8DF8B630 		strb	r3, [sp, #182]
 1241              	.LVL146:
1123:Middlewares/LVGL/lvgl/src/widgets/arclabel/../../core/lv_obj_style_gen.h **** }
 1242              		.loc 2 1123 13 view .LVU384
 1243              	.LBE37:
 1244              	.LBE36:
 427:Middlewares/LVGL/lvgl/src/widgets/arclabel/lv_arclabel.c ****     const int32_t letter_space = lv_obj_get_style_text_letter_space(obj, LV_PART_MAIN);
 1245              		.loc 1 427 5 is_stmt 1 view .LVU385
 427:Middlewares/LVGL/lvgl/src/widgets/arclabel/lv_arclabel.c ****     const int32_t letter_space = lv_obj_get_style_text_letter_space(obj, LV_PART_MAIN);
 1246              		.loc 1 427 26 is_stmt 0 view .LVU386
 1247 0056 94F84E40 		ldrb	r4, [r4, #78]	@ zero_extendqisi2
 1248              	.LVL147:
 1249              	.LBB38:
 1250              	.LBI38:
1146:Middlewares/LVGL/lvgl/src/widgets/arclabel/../../core/lv_obj_style_gen.h **** {
 1251              		.loc 2 1146 24 is_stmt 1 view .LVU387
 1252              	.LBB39:
1148:Middlewares/LVGL/lvgl/src/widgets/arclabel/../../core/lv_obj_style_gen.h ****     return (lv_opa_t)v.num;
 1253              		.loc 2 1148 5 view .LVU388
1148:Middlewares/LVGL/lvgl/src/widgets/arclabel/../../core/lv_obj_style_gen.h ****     return (lv_opa_t)v.num;
 1254              		.loc 2 1148 26 is_stmt 0 view .LVU389
 1255 005a 5422     		movs	r2, #84
 1256 005c 0021     		movs	r1, #0
ARM GAS  C:\Users\w1785\AppData\Local\Temp\ccYSPyVl.s 			page 63


 1257 005e 3846     		mov	r0, r7
 1258 0060 FFF7FEFF 		bl	lv_obj_get_style_prop
 1259              	.LVL148:
 1260 0064 1190     		str	r0, [sp, #68]
1149:Middlewares/LVGL/lvgl/src/widgets/arclabel/../../core/lv_obj_style_gen.h **** }
 1261              		.loc 2 1149 5 is_stmt 1 view .LVU390
 1262              	.LVL149:
1149:Middlewares/LVGL/lvgl/src/widgets/arclabel/../../core/lv_obj_style_gen.h **** }
 1263              		.loc 2 1149 5 is_stmt 0 view .LVU391
 1264              	.LBE39:
 1265              	.LBE38:
 427:Middlewares/LVGL/lvgl/src/widgets/arclabel/lv_arclabel.c ****     const int32_t letter_space = lv_obj_get_style_text_letter_space(obj, LV_PART_MAIN);
 1266              		.loc 1 427 26 discriminator 1 view .LVU392
 1267 0066 C3B2     		uxtb	r3, r0
 1268 0068 04FB03F3 		mul	r3, r4, r3
 427:Middlewares/LVGL/lvgl/src/widgets/arclabel/lv_arclabel.c ****     const int32_t letter_space = lv_obj_get_style_text_letter_space(obj, LV_PART_MAIN);
 1269              		.loc 1 427 20 discriminator 1 view .LVU393
 1270 006c 1B0A     		lsrs	r3, r3, #8
 1271 006e 0893     		str	r3, [sp, #32]
 1272              	.LVL150:
 428:Middlewares/LVGL/lvgl/src/widgets/arclabel/lv_arclabel.c **** 
 1273              		.loc 1 428 5 is_stmt 1 view .LVU394
 1274              	.LBB40:
 1275              	.LBI40:
1170:Middlewares/LVGL/lvgl/src/widgets/arclabel/../../core/lv_obj_style_gen.h **** {
 1276              		.loc 2 1170 23 view .LVU395
 1277              	.LBB41:
1172:Middlewares/LVGL/lvgl/src/widgets/arclabel/../../core/lv_obj_style_gen.h ****     return (int32_t)v.num;
 1278              		.loc 2 1172 5 view .LVU396
1172:Middlewares/LVGL/lvgl/src/widgets/arclabel/../../core/lv_obj_style_gen.h ****     return (int32_t)v.num;
 1279              		.loc 2 1172 26 is_stmt 0 view .LVU397
 1280 0070 6622     		movs	r2, #102
 1281 0072 0021     		movs	r1, #0
 1282 0074 3846     		mov	r0, r7
 1283 0076 FFF7FEFF 		bl	lv_obj_get_style_prop
 1284              	.LVL151:
 1285 007a 0A90     		str	r0, [sp, #40]
 1286 007c 1190     		str	r0, [sp, #68]
 1287              		.loc 2 1173 5 is_stmt 1 view .LVU398
 1288              	.LVL152:
 1289              		.loc 2 1173 5 is_stmt 0 view .LVU399
 1290              	.LBE41:
 1291              	.LBE40:
 430:Middlewares/LVGL/lvgl/src/widgets/arclabel/lv_arclabel.c ****     bool need_ellipsis = false;
 1292              		.loc 1 430 5 is_stmt 1 view .LVU400
 430:Middlewares/LVGL/lvgl/src/widgets/arclabel/lv_arclabel.c ****     bool need_ellipsis = false;
 1293              		.loc 1 430 13 is_stmt 0 view .LVU401
 1294 007e 0023     		movs	r3, #0
 1295 0080 2C93     		str	r3, [sp, #176]
 431:Middlewares/LVGL/lvgl/src/widgets/arclabel/lv_arclabel.c ****     uint32_t processed_total_word_count = 0;
 1296              		.loc 1 431 5 is_stmt 1 view .LVU402
 431:Middlewares/LVGL/lvgl/src/widgets/arclabel/lv_arclabel.c ****     uint32_t processed_total_word_count = 0;
 1297              		.loc 1 431 10 is_stmt 0 view .LVU403
 1298 0082 8DF8AF30 		strb	r3, [sp, #175]
 432:Middlewares/LVGL/lvgl/src/widgets/arclabel/lv_arclabel.c ****     const lv_value_precise_t total_visible_angle = arclabel_calc_arc_text_total_angle(obj, &arc_r, 
 1299              		.loc 1 432 5 is_stmt 1 view .LVU404
 432:Middlewares/LVGL/lvgl/src/widgets/arclabel/lv_arclabel.c ****     const lv_value_precise_t total_visible_angle = arclabel_calc_arc_text_total_angle(obj, &arc_r, 
ARM GAS  C:\Users\w1785\AppData\Local\Temp\ccYSPyVl.s 			page 64


 1300              		.loc 1 432 14 is_stmt 0 view .LVU405
 1301 0086 2A93     		str	r3, [sp, #168]
 433:Middlewares/LVGL/lvgl/src/widgets/arclabel/lv_arclabel.c ****                                                                                       &processed_to
 1302              		.loc 1 433 5 is_stmt 1 view .LVU406
 433:Middlewares/LVGL/lvgl/src/widgets/arclabel/lv_arclabel.c ****                                                                                       &processed_to
 1303              		.loc 1 433 52 is_stmt 0 view .LVU407
 1304 0088 2AAB     		add	r3, sp, #168
 1305 008a 0DF1AF02 		add	r2, sp, #175
 1306 008e 2CA9     		add	r1, sp, #176
 1307 0090 3846     		mov	r0, r7
 1308              	.LVL153:
 433:Middlewares/LVGL/lvgl/src/widgets/arclabel/lv_arclabel.c ****                                                                                       &processed_to
 1309              		.loc 1 433 52 view .LVU408
 1310 0092 FFF7FEFF 		bl	arclabel_calc_arc_text_total_angle
 1311              	.LVL154:
 433:Middlewares/LVGL/lvgl/src/widgets/arclabel/lv_arclabel.c ****                                                                                       &processed_to
 1312              		.loc 1 433 52 view .LVU409
 1313 0096 0646     		mov	r6, r0
 1314              	.LVL155:
 436:Middlewares/LVGL/lvgl/src/widgets/arclabel/lv_arclabel.c ****     const lv_value_precise_t angle_offset = rad_to_deg(offset, arc_r);
 1315              		.loc 1 436 5 is_stmt 1 view .LVU410
 437:Middlewares/LVGL/lvgl/src/widgets/arclabel/lv_arclabel.c **** 
 1316              		.loc 1 437 5 view .LVU411
 437:Middlewares/LVGL/lvgl/src/widgets/arclabel/lv_arclabel.c **** 
 1317              		.loc 1 437 45 is_stmt 0 view .LVU412
 1318 0098 2C9D     		ldr	r5, [sp, #176]
 1319 009a 2946     		mov	r1, r5
 1320 009c 786C     		ldr	r0, [r7, #68]
 1321              	.LVL156:
 437:Middlewares/LVGL/lvgl/src/widgets/arclabel/lv_arclabel.c **** 
 1322              		.loc 1 437 45 view .LVU413
 1323 009e FFF7FEFF 		bl	rad_to_deg
 1324              	.LVL157:
 437:Middlewares/LVGL/lvgl/src/widgets/arclabel/lv_arclabel.c **** 
 1325              		.loc 1 437 45 view .LVU414
 1326 00a2 0446     		mov	r4, r0
 1327              	.LVL158:
 439:Middlewares/LVGL/lvgl/src/widgets/arclabel/lv_arclabel.c ****     switch(arclabel->text_align_h) {
 1328              		.loc 1 439 5 is_stmt 1 view .LVU415
 440:Middlewares/LVGL/lvgl/src/widgets/arclabel/lv_arclabel.c ****         case LV_ARCLABEL_TEXT_ALIGN_LEADING:
 1329              		.loc 1 440 5 view .LVU416
 440:Middlewares/LVGL/lvgl/src/widgets/arclabel/lv_arclabel.c ****         case LV_ARCLABEL_TEXT_ALIGN_LEADING:
 1330              		.loc 1 440 20 is_stmt 0 view .LVU417
 1331 00a4 97F85630 		ldrb	r3, [r7, #86]	@ zero_extendqisi2
 440:Middlewares/LVGL/lvgl/src/widgets/arclabel/lv_arclabel.c ****         case LV_ARCLABEL_TEXT_ALIGN_LEADING:
 1332              		.loc 1 440 5 view .LVU418
 1333 00a8 022B     		cmp	r3, #2
 1334 00aa 17D0     		beq	.L84
 1335 00ac 032B     		cmp	r3, #3
 1336 00ae 1CD0     		beq	.L85
 1337 00b0 012B     		cmp	r3, #1
 1338 00b2 1DD1     		bne	.L105
 1339              	.LVL159:
 1340              	.L86:
 454:Middlewares/LVGL/lvgl/src/widgets/arclabel/lv_arclabel.c ****     int ellipsis_dot_index = 0;
 1341              		.loc 1 454 5 is_stmt 1 view .LVU419
 455:Middlewares/LVGL/lvgl/src/widgets/arclabel/lv_arclabel.c ****     uint32_t processed_word_count = 0;
ARM GAS  C:\Users\w1785\AppData\Local\Temp\ccYSPyVl.s 			page 65


 1342              		.loc 1 455 5 view .LVU420
 456:Middlewares/LVGL/lvgl/src/widgets/arclabel/lv_arclabel.c ****     lv_value_precise_t prev_letter_w = 0;
 1343              		.loc 1 456 5 view .LVU421
 457:Middlewares/LVGL/lvgl/src/widgets/arclabel/lv_arclabel.c ****     lv_value_precise_t total_arc_length = deg_to_rad(arclabel->angle_size, arc_r);
 1344              		.loc 1 457 5 view .LVU422
 458:Middlewares/LVGL/lvgl/src/widgets/arclabel/lv_arclabel.c ****     lv_value_precise_t curr_total_arc_length = deg_to_rad(angle_start, arc_r);
 1345              		.loc 1 458 5 view .LVU423
 458:Middlewares/LVGL/lvgl/src/widgets/arclabel/lv_arclabel.c ****     lv_value_precise_t curr_total_arc_length = deg_to_rad(angle_start, arc_r);
 1346              		.loc 1 458 43 is_stmt 0 view .LVU424
 1347 00b4 2946     		mov	r1, r5
 1348 00b6 386C     		ldr	r0, [r7, #64]
 1349              	.LVL160:
 458:Middlewares/LVGL/lvgl/src/widgets/arclabel/lv_arclabel.c ****     lv_value_precise_t curr_total_arc_length = deg_to_rad(angle_start, arc_r);
 1350              		.loc 1 458 43 view .LVU425
 1351 00b8 FFF7FEFF 		bl	deg_to_rad
 1352              	.LVL161:
 1353 00bc 0790     		str	r0, [sp, #28]
 1354              	.LVL162:
 459:Middlewares/LVGL/lvgl/src/widgets/arclabel/lv_arclabel.c ****     uint32_t letter = 0;
 1355              		.loc 1 459 5 is_stmt 1 view .LVU426
 459:Middlewares/LVGL/lvgl/src/widgets/arclabel/lv_arclabel.c ****     uint32_t letter = 0;
 1356              		.loc 1 459 48 is_stmt 0 view .LVU427
 1357 00be 2946     		mov	r1, r5
 1358 00c0 2046     		mov	r0, r4
 1359              	.LVL163:
 459:Middlewares/LVGL/lvgl/src/widgets/arclabel/lv_arclabel.c ****     uint32_t letter = 0;
 1360              		.loc 1 459 48 view .LVU428
 1361 00c2 FFF7FEFF 		bl	deg_to_rad
 1362              	.LVL164:
 460:Middlewares/LVGL/lvgl/src/widgets/arclabel/lv_arclabel.c ****     uint32_t letter_next = 0;
 1363              		.loc 1 460 5 is_stmt 1 view .LVU429
 460:Middlewares/LVGL/lvgl/src/widgets/arclabel/lv_arclabel.c ****     uint32_t letter_next = 0;
 1364              		.loc 1 460 14 is_stmt 0 view .LVU430
 1365 00c6 0023     		movs	r3, #0
 1366 00c8 2993     		str	r3, [sp, #164]
 461:Middlewares/LVGL/lvgl/src/widgets/arclabel/lv_arclabel.c ****     while(text) {
 1367              		.loc 1 461 5 is_stmt 1 view .LVU431
 461:Middlewares/LVGL/lvgl/src/widgets/arclabel/lv_arclabel.c ****     while(text) {
 1368              		.loc 1 461 14 is_stmt 0 view .LVU432
 1369 00ca 2893     		str	r3, [sp, #160]
 462:Middlewares/LVGL/lvgl/src/widgets/arclabel/lv_arclabel.c ****         uint32_t word_i = 0;
 1370              		.loc 1 462 5 is_stmt 1 view .LVU433
 457:Middlewares/LVGL/lvgl/src/widgets/arclabel/lv_arclabel.c ****     lv_value_precise_t total_arc_length = deg_to_rad(arclabel->angle_size, arc_r);
 1371              		.loc 1 457 24 is_stmt 0 view .LVU434
 1372 00cc 0593     		str	r3, [sp, #20]
 456:Middlewares/LVGL/lvgl/src/widgets/arclabel/lv_arclabel.c ****     lv_value_precise_t prev_letter_w = 0;
 1373              		.loc 1 456 14 view .LVU435
 1374 00ce 9946     		mov	r9, r3
 455:Middlewares/LVGL/lvgl/src/widgets/arclabel/lv_arclabel.c ****     uint32_t processed_word_count = 0;
 1375              		.loc 1 455 9 view .LVU436
 1376 00d0 9A46     		mov	r10, r3
 454:Middlewares/LVGL/lvgl/src/widgets/arclabel/lv_arclabel.c ****     int ellipsis_dot_index = 0;
 1377              		.loc 1 454 10 view .LVU437
 1378 00d2 0693     		str	r3, [sp, #24]
 1379 00d4 CDF82CB0 		str	fp, [sp, #44]
 1380 00d8 0446     		mov	r4, r0
 1381              	.LVL165:
ARM GAS  C:\Users\w1785\AppData\Local\Temp\ccYSPyVl.s 			page 66


 462:Middlewares/LVGL/lvgl/src/widgets/arclabel/lv_arclabel.c ****         uint32_t word_i = 0;
 1382              		.loc 1 462 10 view .LVU438
 1383 00da CBE0     		b	.L87
 1384              	.LVL166:
 1385              	.L84:
 445:Middlewares/LVGL/lvgl/src/widgets/arclabel/lv_arclabel.c ****             break;
 1386              		.loc 1 445 13 is_stmt 1 view .LVU439
 445:Middlewares/LVGL/lvgl/src/widgets/arclabel/lv_arclabel.c ****             break;
 1387              		.loc 1 445 36 is_stmt 0 view .LVU440
 1388 00dc 3B6C     		ldr	r3, [r7, #64]
 445:Middlewares/LVGL/lvgl/src/widgets/arclabel/lv_arclabel.c ****             break;
 1389              		.loc 1 445 49 view .LVU441
 1390 00de 0344     		add	r3, r3, r0
 445:Middlewares/LVGL/lvgl/src/widgets/arclabel/lv_arclabel.c ****             break;
 1391              		.loc 1 445 64 view .LVU442
 1392 00e0 9B1B     		subs	r3, r3, r6
 445:Middlewares/LVGL/lvgl/src/widgets/arclabel/lv_arclabel.c ****             break;
 1393              		.loc 1 445 25 view .LVU443
 1394 00e2 03EBD373 		add	r3, r3, r3, lsr #31
 1395 00e6 5C10     		asrs	r4, r3, #1
 1396              	.LVL167:
 446:Middlewares/LVGL/lvgl/src/widgets/arclabel/lv_arclabel.c ****         case LV_ARCLABEL_TEXT_ALIGN_TRAILING:
 1397              		.loc 1 446 13 is_stmt 1 view .LVU444
 1398 00e8 E4E7     		b	.L86
 1399              	.LVL168:
 1400              	.L85:
 448:Middlewares/LVGL/lvgl/src/widgets/arclabel/lv_arclabel.c ****             break;
 1401              		.loc 1 448 13 view .LVU445
 448:Middlewares/LVGL/lvgl/src/widgets/arclabel/lv_arclabel.c ****             break;
 1402              		.loc 1 448 35 is_stmt 0 view .LVU446
 1403 00ea 3C6C     		ldr	r4, [r7, #64]
 448:Middlewares/LVGL/lvgl/src/widgets/arclabel/lv_arclabel.c ****             break;
 1404              		.loc 1 448 25 view .LVU447
 1405 00ec A41B     		subs	r4, r4, r6
 1406              	.LVL169:
 449:Middlewares/LVGL/lvgl/src/widgets/arclabel/lv_arclabel.c ****         default:
 1407              		.loc 1 449 13 is_stmt 1 view .LVU448
 1408 00ee E1E7     		b	.L86
 1409              	.LVL170:
 1410              	.L105:
 440:Middlewares/LVGL/lvgl/src/widgets/arclabel/lv_arclabel.c ****         case LV_ARCLABEL_TEXT_ALIGN_LEADING:
 1411              		.loc 1 440 5 is_stmt 0 view .LVU449
 1412 00f0 0024     		movs	r4, #0
 1413 00f2 DFE7     		b	.L86
 1414              	.LVL171:
 1415              	.L116:
 1416              	.LBB42:
 466:Middlewares/LVGL/lvgl/src/widgets/arclabel/lv_arclabel.c ****         else text = NULL;
 1417              		.loc 1 466 31 is_stmt 1 discriminator 1 view .LVU450
 466:Middlewares/LVGL/lvgl/src/widgets/arclabel/lv_arclabel.c ****         else text = NULL;
 1418              		.loc 1 466 38 is_stmt 0 discriminator 1 view .LVU451
 1419 00f4 0CAB     		add	r3, sp, #48
 1420 00f6 0093     		str	r3, [sp]
 1421 00f8 0EAB     		add	r3, sp, #56
 1422 00fa 32AA     		add	r2, sp, #200
 1423 00fc 4FF0FF31 		mov	r1, #-1
 1424 0100 0B98     		ldr	r0, [sp, #44]
ARM GAS  C:\Users\w1785\AppData\Local\Temp\ccYSPyVl.s 			page 67


 1425 0102 FFF7FEFF 		bl	recolor_cmd_get_next
 1426              	.LVL172:
 1427 0106 0B90     		str	r0, [sp, #44]
 1428              	.LVL173:
 466:Middlewares/LVGL/lvgl/src/widgets/arclabel/lv_arclabel.c ****         else text = NULL;
 1429              		.loc 1 466 38 discriminator 1 view .LVU452
 1430 0108 7BE0     		b	.L102
 1431              	.LVL174:
 1432              	.L89:
 1433              	.LBB43:
 478:Middlewares/LVGL/lvgl/src/widgets/arclabel/lv_arclabel.c **** 
 1434              		.loc 1 478 18 is_stmt 1 view .LVU453
 1435 010a 0DAB     		add	r3, sp, #52
 1436 010c 28AA     		add	r2, sp, #160
 1437 010e 29A9     		add	r1, sp, #164
 1438 0110 3298     		ldr	r0, [sp, #200]
 1439 0112 FFF7FEFF 		bl	lv_text_encoded_letter_next_2
 1440              	.LVL175:
 1441 0116 90E0     		b	.L92
 1442              	.LVL176:
 1443              	.L114:
 1444              	.LBB44:
 486:Middlewares/LVGL/lvgl/src/widgets/arclabel/lv_arclabel.c ****                         continue;
 1445              		.loc 1 486 25 view .LVU454
 487:Middlewares/LVGL/lvgl/src/widgets/arclabel/lv_arclabel.c ****                     }
 1446              		.loc 1 487 25 view .LVU455
 486:Middlewares/LVGL/lvgl/src/widgets/arclabel/lv_arclabel.c ****                         continue;
 1447              		.loc 1 486 39 is_stmt 0 view .LVU456
 1448 0118 0693     		str	r3, [sp, #24]
 1449 011a 72E0     		b	.L102
 1450              	.LVL177:
 1451              	.L94:
 491:Middlewares/LVGL/lvgl/src/widgets/arclabel/lv_arclabel.c ****                 curr_total_arc_length += arc_offset;
 1452              		.loc 1 491 17 is_stmt 1 view .LVU457
 491:Middlewares/LVGL/lvgl/src/widgets/arclabel/lv_arclabel.c ****                 curr_total_arc_length += arc_offset;
 1453              		.loc 1 491 70 is_stmt 0 view .LVU458
 1454 011c 059B     		ldr	r3, [sp, #20]
 1455 011e 039A     		ldr	r2, [sp, #12]
 1456 0120 1344     		add	r3, r3, r2
 491:Middlewares/LVGL/lvgl/src/widgets/arclabel/lv_arclabel.c ****                 curr_total_arc_length += arc_offset;
 1457              		.loc 1 491 81 view .LVU459
 1458 0122 0A9A     		ldr	r2, [sp, #40]
 1459 0124 1344     		add	r3, r3, r2
 491:Middlewares/LVGL/lvgl/src/widgets/arclabel/lv_arclabel.c ****                 curr_total_arc_length += arc_offset;
 1460              		.loc 1 491 42 view .LVU460
 1461 0126 03EBD373 		add	r3, r3, r3, lsr #31
 1462              	.LVL178:
 492:Middlewares/LVGL/lvgl/src/widgets/arclabel/lv_arclabel.c ****             }
 1463              		.loc 1 492 17 is_stmt 1 view .LVU461
 492:Middlewares/LVGL/lvgl/src/widgets/arclabel/lv_arclabel.c ****             }
 1464              		.loc 1 492 39 is_stmt 0 view .LVU462
 1465 012a 04EB6304 		add	r4, r4, r3, asr #1
 1466              	.LVL179:
 1467              	.L93:
 492:Middlewares/LVGL/lvgl/src/widgets/arclabel/lv_arclabel.c ****             }
 1468              		.loc 1 492 39 view .LVU463
 1469              	.LBE44:
ARM GAS  C:\Users\w1785\AppData\Local\Temp\ccYSPyVl.s 			page 68


 495:Middlewares/LVGL/lvgl/src/widgets/arclabel/lv_arclabel.c ****                                                   + rad_to_deg(arclabel->dir == LV_ARCLABEL_DIR_CLO
 1470              		.loc 1 495 13 is_stmt 1 view .LVU464
 495:Middlewares/LVGL/lvgl/src/widgets/arclabel/lv_arclabel.c ****                                                   + rad_to_deg(arclabel->dir == LV_ARCLABEL_DIR_CLO
 1471              		.loc 1 495 59 is_stmt 0 view .LVU465
 1472 012e FD6B     		ldr	r5, [r7, #60]
 496:Middlewares/LVGL/lvgl/src/widgets/arclabel/lv_arclabel.c ****                                                                ? curr_total_arc_length
 1473              		.loc 1 496 72 view .LVU466
 1474 0130 97F85430 		ldrb	r3, [r7, #84]	@ zero_extendqisi2
 496:Middlewares/LVGL/lvgl/src/widgets/arclabel/lv_arclabel.c ****                                                                ? curr_total_arc_length
 1475              		.loc 1 496 53 view .LVU467
 1476 0134 002B     		cmp	r3, #0
 1477 0136 00F0B380 		beq	.L108
 496:Middlewares/LVGL/lvgl/src/widgets/arclabel/lv_arclabel.c ****                                                                ? curr_total_arc_length
 1478              		.loc 1 496 53 discriminator 1 view .LVU468
 1479 013a 079B     		ldr	r3, [sp, #28]
 1480 013c 181B     		subs	r0, r3, r4
 1481              	.LVL180:
 1482              	.L96:
 496:Middlewares/LVGL/lvgl/src/widgets/arclabel/lv_arclabel.c ****                                                                ? curr_total_arc_length
 1483              		.loc 1 496 53 discriminator 4 view .LVU469
 1484 013e 2C99     		ldr	r1, [sp, #176]
 1485 0140 FFF7FEFF 		bl	rad_to_deg
 1486              	.LVL181:
 495:Middlewares/LVGL/lvgl/src/widgets/arclabel/lv_arclabel.c ****                                                   + rad_to_deg(arclabel->dir == LV_ARCLABEL_DIR_CLO
 1487              		.loc 1 495 38 view .LVU470
 1488 0144 0544     		add	r5, r5, r0
 1489              	.LVL182:
 504:Middlewares/LVGL/lvgl/src/widgets/arclabel/lv_arclabel.c ****             const lv_value_precise_t y = (lv_value_precise_t)(lv_trigo_sin(curr_angle) * arc_r / 32
 1490              		.loc 1 504 13 is_stmt 1 view .LVU471
 504:Middlewares/LVGL/lvgl/src/widgets/arclabel/lv_arclabel.c ****             const lv_value_precise_t y = (lv_value_precise_t)(lv_trigo_sin(curr_angle) * arc_r / 32
 1491              		.loc 1 504 63 is_stmt 0 view .LVU472
 1492 0146 0FFA85FB 		sxth	fp, r5
 1493 014a 5846     		mov	r0, fp
 1494 014c FFF7FEFF 		bl	lv_trigo_cos
 1495              	.LVL183:
 504:Middlewares/LVGL/lvgl/src/widgets/arclabel/lv_arclabel.c ****             const lv_value_precise_t y = (lv_value_precise_t)(lv_trigo_sin(curr_angle) * arc_r / 32
 1496              		.loc 1 504 88 discriminator 1 view .LVU473
 1497 0150 2C9B     		ldr	r3, [sp, #176]
 1498 0152 03FB00F0 		mul	r0, r3, r0
 504:Middlewares/LVGL/lvgl/src/widgets/arclabel/lv_arclabel.c ****             const lv_value_precise_t y = (lv_value_precise_t)(lv_trigo_sin(curr_angle) * arc_r / 32
 1499              		.loc 1 504 38 discriminator 1 view .LVU474
 1500 0156 5B4E     		ldr	r6, .L117
 1501 0158 86FB0023 		smull	r2, r3, r6, r0
 1502 015c 0344     		add	r3, r3, r0
 1503 015e C017     		asrs	r0, r0, #31
 1504 0160 C0EBA338 		rsb	r8, r0, r3, asr #14
 1505              	.LVL184:
 505:Middlewares/LVGL/lvgl/src/widgets/arclabel/lv_arclabel.c **** #endif
 1506              		.loc 1 505 13 is_stmt 1 view .LVU475
 505:Middlewares/LVGL/lvgl/src/widgets/arclabel/lv_arclabel.c **** #endif
 1507              		.loc 1 505 63 is_stmt 0 view .LVU476
 1508 0164 5846     		mov	r0, fp
 1509 0166 FFF7FEFF 		bl	lv_trigo_sin
 1510              	.LVL185:
 505:Middlewares/LVGL/lvgl/src/widgets/arclabel/lv_arclabel.c **** #endif
 1511              		.loc 1 505 88 discriminator 1 view .LVU477
 1512 016a 2C9B     		ldr	r3, [sp, #176]
ARM GAS  C:\Users\w1785\AppData\Local\Temp\ccYSPyVl.s 			page 69


 1513 016c 03FB00F0 		mul	r0, r3, r0
 505:Middlewares/LVGL/lvgl/src/widgets/arclabel/lv_arclabel.c **** #endif
 1514              		.loc 1 505 38 discriminator 1 view .LVU478
 1515 0170 86FB0036 		smull	r3, r6, r6, r0
 1516 0174 0644     		add	r6, r6, r0
 1517 0176 C017     		asrs	r0, r0, #31
 1518 0178 C0EBA636 		rsb	r6, r0, r6, asr #14
 1519              	.LVL186:
 508:Middlewares/LVGL/lvgl/src/widgets/arclabel/lv_arclabel.c ****                 (int32_t)(x + (lv_value_precise_t)(lv_area_get_width(&coords) / 2 + coords.x1  + ar
 1520              		.loc 1 508 13 is_stmt 1 view .LVU479
 509:Middlewares/LVGL/lvgl/src/widgets/arclabel/lv_arclabel.c ****                 (int32_t)(y + (lv_value_precise_t)(lv_area_get_height(&coords) / 2 + coords.y1 + ar
 1521              		.loc 1 509 52 is_stmt 0 view .LVU480
 1522 017c 0DF1B80B 		add	fp, sp, #184
 1523 0180 5846     		mov	r0, fp
 1524 0182 FFF7FEFF 		bl	lv_area_get_width
 1525              	.LVL187:
 509:Middlewares/LVGL/lvgl/src/widgets/arclabel/lv_arclabel.c ****                 (int32_t)(y + (lv_value_precise_t)(lv_area_get_height(&coords) / 2 + coords.y1 + ar
 1526              		.loc 1 509 79 discriminator 1 view .LVU481
 1527 0186 00EBD070 		add	r0, r0, r0, lsr #31
 509:Middlewares/LVGL/lvgl/src/widgets/arclabel/lv_arclabel.c ****                 (int32_t)(y + (lv_value_precise_t)(lv_area_get_height(&coords) / 2 + coords.y1 + ar
 1528              		.loc 1 509 91 discriminator 1 view .LVU482
 1529 018a 2E9B     		ldr	r3, [sp, #184]
 509:Middlewares/LVGL/lvgl/src/widgets/arclabel/lv_arclabel.c ****                 (int32_t)(y + (lv_value_precise_t)(lv_area_get_height(&coords) / 2 + coords.y1 + ar
 1530              		.loc 1 509 83 discriminator 1 view .LVU483
 1531 018c 03EB6003 		add	r3, r3, r0, asr #1
 509:Middlewares/LVGL/lvgl/src/widgets/arclabel/lv_arclabel.c ****                 (int32_t)(y + (lv_value_precise_t)(lv_area_get_height(&coords) / 2 + coords.y1 + ar
 1532              		.loc 1 509 121 discriminator 1 view .LVU484
 1533 0190 FA6C     		ldr	r2, [r7, #76]
 509:Middlewares/LVGL/lvgl/src/widgets/arclabel/lv_arclabel.c ****                 (int32_t)(y + (lv_value_precise_t)(lv_area_get_height(&coords) / 2 + coords.y1 + ar
 1534              		.loc 1 509 31 discriminator 1 view .LVU485
 1535 0192 1344     		add	r3, r3, r2
 509:Middlewares/LVGL/lvgl/src/widgets/arclabel/lv_arclabel.c ****                 (int32_t)(y + (lv_value_precise_t)(lv_area_get_height(&coords) / 2 + coords.y1 + ar
 1536              		.loc 1 509 17 discriminator 1 view .LVU486
 1537 0194 4344     		add	r3, r3, r8
 508:Middlewares/LVGL/lvgl/src/widgets/arclabel/lv_arclabel.c ****                 (int32_t)(x + (lv_value_precise_t)(lv_area_get_width(&coords) / 2 + coords.x1  + ar
 1538              		.loc 1 508 24 view .LVU487
 1539 0196 0F93     		str	r3, [sp, #60]
 510:Middlewares/LVGL/lvgl/src/widgets/arclabel/lv_arclabel.c ****             };
 1540              		.loc 1 510 52 view .LVU488
 1541 0198 5846     		mov	r0, fp
 1542 019a FFF7FEFF 		bl	lv_area_get_height
 1543              	.LVL188:
 510:Middlewares/LVGL/lvgl/src/widgets/arclabel/lv_arclabel.c ****             };
 1544              		.loc 1 510 80 discriminator 1 view .LVU489
 1545 019e 00EBD070 		add	r0, r0, r0, lsr #31
 510:Middlewares/LVGL/lvgl/src/widgets/arclabel/lv_arclabel.c ****             };
 1546              		.loc 1 510 92 discriminator 1 view .LVU490
 1547 01a2 2F9B     		ldr	r3, [sp, #188]
 510:Middlewares/LVGL/lvgl/src/widgets/arclabel/lv_arclabel.c ****             };
 1548              		.loc 1 510 84 discriminator 1 view .LVU491
 1549 01a4 03EB6003 		add	r3, r3, r0, asr #1
 510:Middlewares/LVGL/lvgl/src/widgets/arclabel/lv_arclabel.c ****             };
 1550              		.loc 1 510 121 discriminator 1 view .LVU492
 1551 01a8 3A6D     		ldr	r2, [r7, #80]
 510:Middlewares/LVGL/lvgl/src/widgets/arclabel/lv_arclabel.c ****             };
 1552              		.loc 1 510 31 discriminator 1 view .LVU493
 1553 01aa 1344     		add	r3, r3, r2
ARM GAS  C:\Users\w1785\AppData\Local\Temp\ccYSPyVl.s 			page 70


 510:Middlewares/LVGL/lvgl/src/widgets/arclabel/lv_arclabel.c ****             };
 1554              		.loc 1 510 17 discriminator 1 view .LVU494
 1555 01ac 3344     		add	r3, r3, r6
 508:Middlewares/LVGL/lvgl/src/widgets/arclabel/lv_arclabel.c ****                 (int32_t)(x + (lv_value_precise_t)(lv_area_get_width(&coords) / 2 + coords.x1  + ar
 1556              		.loc 1 508 24 view .LVU495
 1557 01ae 1093     		str	r3, [sp, #64]
 513:Middlewares/LVGL/lvgl/src/widgets/arclabel/lv_arclabel.c ****             lv_draw_letter_dsc_init(&dsc);
 1558              		.loc 1 513 13 is_stmt 1 view .LVU496
 514:Middlewares/LVGL/lvgl/src/widgets/arclabel/lv_arclabel.c ****             dsc.font = font;
 1559              		.loc 1 514 13 view .LVU497
 1560 01b0 11A8     		add	r0, sp, #68
 1561 01b2 FFF7FEFF 		bl	lv_draw_letter_dsc_init
 1562              	.LVL189:
 515:Middlewares/LVGL/lvgl/src/widgets/arclabel/lv_arclabel.c ****             dsc.color = arclabel->recolor ? recolor_color : color;
 1563              		.loc 1 515 13 view .LVU498
 515:Middlewares/LVGL/lvgl/src/widgets/arclabel/lv_arclabel.c ****             dsc.color = arclabel->recolor ? recolor_color : color;
 1564              		.loc 1 515 22 is_stmt 0 view .LVU499
 1565 01b6 049B     		ldr	r3, [sp, #16]
 1566 01b8 1C93     		str	r3, [sp, #112]
 516:Middlewares/LVGL/lvgl/src/widgets/arclabel/lv_arclabel.c ****             dsc.opa = opa;
 1567              		.loc 1 516 13 is_stmt 1 view .LVU500
 516:Middlewares/LVGL/lvgl/src/widgets/arclabel/lv_arclabel.c ****             dsc.opa = opa;
 1568              		.loc 1 516 43 is_stmt 0 view .LVU501
 1569 01ba 97F85730 		ldrb	r3, [r7, #87]	@ zero_extendqisi2
 516:Middlewares/LVGL/lvgl/src/widgets/arclabel/lv_arclabel.c ****             dsc.opa = opa;
 1570              		.loc 1 516 59 view .LVU502
 1571 01be 13F0020F 		tst	r3, #2
 1572 01c2 6FD0     		beq	.L97
 516:Middlewares/LVGL/lvgl/src/widgets/arclabel/lv_arclabel.c ****             dsc.opa = opa;
 1573              		.loc 1 516 23 discriminator 1 view .LVU503
 1574 01c4 0C9B     		ldr	r3, [sp, #48]
 1575 01c6 ADF87430 		strh	r3, [sp, #116]	@ movhi
 1576 01ca 1B0C     		lsrs	r3, r3, #16
 1577 01cc 8DF87630 		strb	r3, [sp, #118]
 1578              	.L98:
 517:Middlewares/LVGL/lvgl/src/widgets/arclabel/lv_arclabel.c ****             if(arclabel->dir == LV_ARCLABEL_DIR_CLOCKWISE) dsc.rotation = (int32_t)((curr_angle + 9
 1579              		.loc 1 517 13 is_stmt 1 view .LVU504
 517:Middlewares/LVGL/lvgl/src/widgets/arclabel/lv_arclabel.c ****             if(arclabel->dir == LV_ARCLABEL_DIR_CLOCKWISE) dsc.rotation = (int32_t)((curr_angle + 9
 1580              		.loc 1 517 21 is_stmt 0 view .LVU505
 1581 01d0 089B     		ldr	r3, [sp, #32]
 1582 01d2 8DF89430 		strb	r3, [sp, #148]
 518:Middlewares/LVGL/lvgl/src/widgets/arclabel/lv_arclabel.c ****             else dsc.rotation = (int32_t)((curr_angle - 90) * 10);
 1583              		.loc 1 518 13 is_stmt 1 view .LVU506
 518:Middlewares/LVGL/lvgl/src/widgets/arclabel/lv_arclabel.c ****             else dsc.rotation = (int32_t)((curr_angle - 90) * 10);
 1584              		.loc 1 518 24 is_stmt 0 view .LVU507
 1585 01d6 97F85430 		ldrb	r3, [r7, #84]	@ zero_extendqisi2
 518:Middlewares/LVGL/lvgl/src/widgets/arclabel/lv_arclabel.c ****             else dsc.rotation = (int32_t)((curr_angle - 90) * 10);
 1586              		.loc 1 518 15 view .LVU508
 1587 01da 002B     		cmp	r3, #0
 1588 01dc 69D1     		bne	.L99
 518:Middlewares/LVGL/lvgl/src/widgets/arclabel/lv_arclabel.c ****             else dsc.rotation = (int32_t)((curr_angle - 90) * 10);
 1589              		.loc 1 518 60 is_stmt 1 discriminator 1 view .LVU509
 518:Middlewares/LVGL/lvgl/src/widgets/arclabel/lv_arclabel.c ****             else dsc.rotation = (int32_t)((curr_angle - 90) * 10);
 1590              		.loc 1 518 97 is_stmt 0 discriminator 1 view .LVU510
 1591 01de 5A35     		adds	r5, r5, #90
 1592              	.LVL190:
 518:Middlewares/LVGL/lvgl/src/widgets/arclabel/lv_arclabel.c ****             else dsc.rotation = (int32_t)((curr_angle - 90) * 10);
ARM GAS  C:\Users\w1785\AppData\Local\Temp\ccYSPyVl.s 			page 71


 1593              		.loc 1 518 75 discriminator 1 view .LVU511
 1594 01e0 05EB8505 		add	r5, r5, r5, lsl #2
 1595              	.LVL191:
 518:Middlewares/LVGL/lvgl/src/widgets/arclabel/lv_arclabel.c ****             else dsc.rotation = (int32_t)((curr_angle - 90) * 10);
 1596              		.loc 1 518 75 discriminator 1 view .LVU512
 1597 01e4 6D00     		lsls	r5, r5, #1
 518:Middlewares/LVGL/lvgl/src/widgets/arclabel/lv_arclabel.c ****             else dsc.rotation = (int32_t)((curr_angle - 90) * 10);
 1598              		.loc 1 518 73 discriminator 1 view .LVU513
 1599 01e6 1E95     		str	r5, [sp, #120]
 1600              	.L100:
 521:Middlewares/LVGL/lvgl/src/widgets/arclabel/lv_arclabel.c ****             if(dsc.unicode == 0) {
 1601              		.loc 1 521 13 is_stmt 1 view .LVU514
 521:Middlewares/LVGL/lvgl/src/widgets/arclabel/lv_arclabel.c ****             if(dsc.unicode == 0) {
 1602              		.loc 1 521 25 is_stmt 0 view .LVU515
 1603 01e8 299B     		ldr	r3, [sp, #164]
 1604 01ea 1B93     		str	r3, [sp, #108]
 522:Middlewares/LVGL/lvgl/src/widgets/arclabel/lv_arclabel.c ****                 break;
 1605              		.loc 1 522 13 is_stmt 1 view .LVU516
 522:Middlewares/LVGL/lvgl/src/widgets/arclabel/lv_arclabel.c ****                 break;
 1606              		.loc 1 522 15 is_stmt 0 view .LVU517
 1607 01ec 002B     		cmp	r3, #0
 1608 01ee 41D0     		beq	.L87
 526:Middlewares/LVGL/lvgl/src/widgets/arclabel/lv_arclabel.c **** 
 1609              		.loc 1 526 13 is_stmt 1 view .LVU518
 1610 01f0 0FAA     		add	r2, sp, #60
 1611 01f2 11A9     		add	r1, sp, #68
 1612 01f4 0998     		ldr	r0, [sp, #36]
 1613 01f6 FFF7FEFF 		bl	lv_draw_letter
 1614              	.LVL192:
 528:Middlewares/LVGL/lvgl/src/widgets/arclabel/lv_arclabel.c ****             processed_word_count++;
 1615              		.loc 1 528 13 view .LVU519
 529:Middlewares/LVGL/lvgl/src/widgets/arclabel/lv_arclabel.c **** 
 1616              		.loc 1 529 13 view .LVU520
 529:Middlewares/LVGL/lvgl/src/widgets/arclabel/lv_arclabel.c **** 
 1617              		.loc 1 529 33 is_stmt 0 view .LVU521
 1618 01fa 09F10109 		add	r9, r9, #1
 1619              	.LVL193:
 528:Middlewares/LVGL/lvgl/src/widgets/arclabel/lv_arclabel.c ****             processed_word_count++;
 1620              		.loc 1 528 27 view .LVU522
 1621 01fe 039B     		ldr	r3, [sp, #12]
 1622 0200 0593     		str	r3, [sp, #20]
 1623              	.LVL194:
 1624              	.L102:
 528:Middlewares/LVGL/lvgl/src/widgets/arclabel/lv_arclabel.c ****             processed_word_count++;
 1625              		.loc 1 528 27 view .LVU523
 1626              	.LBE43:
 470:Middlewares/LVGL/lvgl/src/widgets/arclabel/lv_arclabel.c ****                                     curr_total_arc_length <= total_arc_length)) {
 1627              		.loc 1 470 33 is_stmt 1 view .LVU524
 1628 0202 0D9A     		ldr	r2, [sp, #52]
 1629 0204 0E9B     		ldr	r3, [sp, #56]
 1630 0206 9A42     		cmp	r2, r3
 1631 0208 34D2     		bcs	.L87
 470:Middlewares/LVGL/lvgl/src/widgets/arclabel/lv_arclabel.c ****                                     curr_total_arc_length <= total_arc_length)) {
 1632              		.loc 1 470 56 is_stmt 0 discriminator 1 view .LVU525
 1633 020a 97F85730 		ldrb	r3, [r7, #87]	@ zero_extendqisi2
 470:Middlewares/LVGL/lvgl/src/widgets/arclabel/lv_arclabel.c ****                                     curr_total_arc_length <= total_arc_length)) {
 1634              		.loc 1 470 33 discriminator 1 view .LVU526
ARM GAS  C:\Users\w1785\AppData\Local\Temp\ccYSPyVl.s 			page 72


 1635 020e 13F00C0F 		tst	r3, #12
 1636 0212 02D0     		beq	.L103
 470:Middlewares/LVGL/lvgl/src/widgets/arclabel/lv_arclabel.c ****                                     curr_total_arc_length <= total_arc_length)) {
 1637              		.loc 1 470 88 discriminator 2 view .LVU527
 1638 0214 079B     		ldr	r3, [sp, #28]
 1639 0216 9C42     		cmp	r4, r3
 1640 0218 2CDC     		bgt	.L87
 1641              	.L103:
 1642              	.LBB46:
 472:Middlewares/LVGL/lvgl/src/widgets/arclabel/lv_arclabel.c ****                 if(ellipsis_dot_index >= 3) break;
 1643              		.loc 1 472 13 is_stmt 1 view .LVU528
 472:Middlewares/LVGL/lvgl/src/widgets/arclabel/lv_arclabel.c ****                 if(ellipsis_dot_index >= 3) break;
 1644              		.loc 1 472 15 is_stmt 0 view .LVU529
 1645 021a 069B     		ldr	r3, [sp, #24]
 1646 021c 002B     		cmp	r3, #0
 1647 021e 3FF474AF 		beq	.L89
 473:Middlewares/LVGL/lvgl/src/widgets/arclabel/lv_arclabel.c ****                 letter = '.';
 1648              		.loc 1 473 17 is_stmt 1 view .LVU530
 473:Middlewares/LVGL/lvgl/src/widgets/arclabel/lv_arclabel.c ****                 letter = '.';
 1649              		.loc 1 473 19 is_stmt 0 view .LVU531
 1650 0222 BAF1020F 		cmp	r10, #2
 1651 0226 25DC     		bgt	.L87
 474:Middlewares/LVGL/lvgl/src/widgets/arclabel/lv_arclabel.c ****                 letter_next = ellipsis_dot_index < 2 ? '.' : '\0';
 1652              		.loc 1 474 17 is_stmt 1 view .LVU532
 474:Middlewares/LVGL/lvgl/src/widgets/arclabel/lv_arclabel.c ****                 letter_next = ellipsis_dot_index < 2 ? '.' : '\0';
 1653              		.loc 1 474 24 is_stmt 0 view .LVU533
 1654 0228 2E23     		movs	r3, #46
 1655 022a 2993     		str	r3, [sp, #164]
 475:Middlewares/LVGL/lvgl/src/widgets/arclabel/lv_arclabel.c ****                 ellipsis_dot_index++;
 1656              		.loc 1 475 17 is_stmt 1 view .LVU534
 475:Middlewares/LVGL/lvgl/src/widgets/arclabel/lv_arclabel.c ****                 ellipsis_dot_index++;
 1657              		.loc 1 475 60 is_stmt 0 view .LVU535
 1658 022c BAF1010F 		cmp	r10, #1
 1659 0230 00DD     		ble	.L91
 475:Middlewares/LVGL/lvgl/src/widgets/arclabel/lv_arclabel.c ****                 ellipsis_dot_index++;
 1660              		.loc 1 475 60 discriminator 2 view .LVU536
 1661 0232 0023     		movs	r3, #0
 1662              	.L91:
 475:Middlewares/LVGL/lvgl/src/widgets/arclabel/lv_arclabel.c ****                 ellipsis_dot_index++;
 1663              		.loc 1 475 29 discriminator 4 view .LVU537
 1664 0234 2893     		str	r3, [sp, #160]
 476:Middlewares/LVGL/lvgl/src/widgets/arclabel/lv_arclabel.c ****             }
 1665              		.loc 1 476 17 is_stmt 1 view .LVU538
 476:Middlewares/LVGL/lvgl/src/widgets/arclabel/lv_arclabel.c ****             }
 1666              		.loc 1 476 35 is_stmt 0 view .LVU539
 1667 0236 0AF1010A 		add	r10, r10, #1
 1668              	.LVL195:
 1669              	.L92:
 480:Middlewares/LVGL/lvgl/src/widgets/arclabel/lv_arclabel.c **** 
 1670              		.loc 1 480 13 is_stmt 1 view .LVU540
 480:Middlewares/LVGL/lvgl/src/widgets/arclabel/lv_arclabel.c **** 
 1671              		.loc 1 480 49 is_stmt 0 view .LVU541
 1672 023a 289A     		ldr	r2, [sp, #160]
 1673 023c 2999     		ldr	r1, [sp, #164]
 1674 023e 0498     		ldr	r0, [sp, #16]
 1675 0240 FFF7FEFF 		bl	lv_font_get_glyph_width
 1676              	.LVL196:
ARM GAS  C:\Users\w1785\AppData\Local\Temp\ccYSPyVl.s 			page 73


 1677 0244 0390     		str	r0, [sp, #12]
 1678              	.LVL197:
 482:Middlewares/LVGL/lvgl/src/widgets/arclabel/lv_arclabel.c ****                 if(processed_word_count >= processed_total_word_count && arclabel->overflow != LV_A
 1679              		.loc 1 482 13 is_stmt 1 view .LVU542
 482:Middlewares/LVGL/lvgl/src/widgets/arclabel/lv_arclabel.c ****                 if(processed_word_count >= processed_total_word_count && arclabel->overflow != LV_A
 1680              		.loc 1 482 15 is_stmt 0 view .LVU543
 1681 0246 B9F1000F 		cmp	r9, #0
 1682 024a 3FF470AF 		beq	.L93
 1683              	.LBB45:
 483:Middlewares/LVGL/lvgl/src/widgets/arclabel/lv_arclabel.c ****                    !draw_ellipsis) {
 1684              		.loc 1 483 17 is_stmt 1 view .LVU544
 483:Middlewares/LVGL/lvgl/src/widgets/arclabel/lv_arclabel.c ****                    !draw_ellipsis) {
 1685              		.loc 1 483 41 is_stmt 0 view .LVU545
 1686 024e 2A9B     		ldr	r3, [sp, #168]
 483:Middlewares/LVGL/lvgl/src/widgets/arclabel/lv_arclabel.c ****                    !draw_ellipsis) {
 1687              		.loc 1 483 19 view .LVU546
 1688 0250 4B45     		cmp	r3, r9
 1689 0252 3FF663AF 		bhi	.L94
 483:Middlewares/LVGL/lvgl/src/widgets/arclabel/lv_arclabel.c ****                    !draw_ellipsis) {
 1690              		.loc 1 483 93 discriminator 1 view .LVU547
 1691 0256 97F85730 		ldrb	r3, [r7, #87]	@ zero_extendqisi2
 483:Middlewares/LVGL/lvgl/src/widgets/arclabel/lv_arclabel.c ****                    !draw_ellipsis) {
 1692              		.loc 1 483 71 discriminator 1 view .LVU548
 1693 025a 13F00C0F 		tst	r3, #12
 1694 025e 3FF45DAF 		beq	.L94
 483:Middlewares/LVGL/lvgl/src/widgets/arclabel/lv_arclabel.c ****                    !draw_ellipsis) {
 1695              		.loc 1 483 125 discriminator 2 view .LVU549
 1696 0262 069B     		ldr	r3, [sp, #24]
 1697 0264 002B     		cmp	r3, #0
 1698 0266 7FF459AF 		bne	.L94
 485:Middlewares/LVGL/lvgl/src/widgets/arclabel/lv_arclabel.c ****                         draw_ellipsis = true;
 1699              		.loc 1 485 21 is_stmt 1 view .LVU550
 485:Middlewares/LVGL/lvgl/src/widgets/arclabel/lv_arclabel.c ****                         draw_ellipsis = true;
 1700              		.loc 1 485 24 is_stmt 0 view .LVU551
 1701 026a 9DF8AF30 		ldrb	r3, [sp, #175]	@ zero_extendqisi2
 485:Middlewares/LVGL/lvgl/src/widgets/arclabel/lv_arclabel.c ****                         draw_ellipsis = true;
 1702              		.loc 1 485 23 view .LVU552
 1703 026e 002B     		cmp	r3, #0
 1704 0270 7FF452AF 		bne	.L114
 1705              	.LVL198:
 1706              	.L87:
 485:Middlewares/LVGL/lvgl/src/widgets/arclabel/lv_arclabel.c ****                         draw_ellipsis = true;
 1707              		.loc 1 485 23 view .LVU553
 1708              	.LBE45:
 1709              	.LBE46:
 1710              	.LBE42:
 462:Middlewares/LVGL/lvgl/src/widgets/arclabel/lv_arclabel.c ****         uint32_t word_i = 0;
 1711              		.loc 1 462 11 is_stmt 1 view .LVU554
 1712 0274 0B9B     		ldr	r3, [sp, #44]
 1713 0276 13B3     		cbz	r3, .L115
 1714              	.LBB48:
 463:Middlewares/LVGL/lvgl/src/widgets/arclabel/lv_arclabel.c ****         uint32_t text_len = LV_TEXT_LEN_MAX;
 1715              		.loc 1 463 9 view .LVU555
 463:Middlewares/LVGL/lvgl/src/widgets/arclabel/lv_arclabel.c ****         uint32_t text_len = LV_TEXT_LEN_MAX;
 1716              		.loc 1 463 18 is_stmt 0 view .LVU556
 1717 0278 0023     		movs	r3, #0
 1718 027a 0D93     		str	r3, [sp, #52]
ARM GAS  C:\Users\w1785\AppData\Local\Temp\ccYSPyVl.s 			page 74


 464:Middlewares/LVGL/lvgl/src/widgets/arclabel/lv_arclabel.c ****         lv_color_t recolor_color = color;
 1719              		.loc 1 464 9 is_stmt 1 view .LVU557
 464:Middlewares/LVGL/lvgl/src/widgets/arclabel/lv_arclabel.c ****         lv_color_t recolor_color = color;
 1720              		.loc 1 464 18 is_stmt 0 view .LVU558
 1721 027c 4FF0FF33 		mov	r3, #-1
 1722 0280 0E93     		str	r3, [sp, #56]
 465:Middlewares/LVGL/lvgl/src/widgets/arclabel/lv_arclabel.c ****         if(arclabel->recolor) text = recolor_cmd_get_next(text, LV_TEXT_LEN_MAX, &text_start, &text
 1723              		.loc 1 465 9 is_stmt 1 view .LVU559
 465:Middlewares/LVGL/lvgl/src/widgets/arclabel/lv_arclabel.c ****         if(arclabel->recolor) text = recolor_cmd_get_next(text, LV_TEXT_LEN_MAX, &text_start, &text
 1724              		.loc 1 465 20 is_stmt 0 view .LVU560
 1725 0282 2D9B     		ldr	r3, [sp, #180]
 1726 0284 ADF83030 		strh	r3, [sp, #48]	@ movhi
 1727 0288 1B0C     		lsrs	r3, r3, #16
 1728 028a 8DF83230 		strb	r3, [sp, #50]
 466:Middlewares/LVGL/lvgl/src/widgets/arclabel/lv_arclabel.c ****         else text = NULL;
 1729              		.loc 1 466 9 is_stmt 1 view .LVU561
 466:Middlewares/LVGL/lvgl/src/widgets/arclabel/lv_arclabel.c ****         else text = NULL;
 1730              		.loc 1 466 12 is_stmt 0 view .LVU562
 1731 028e 97F85730 		ldrb	r3, [r7, #87]	@ zero_extendqisi2
 466:Middlewares/LVGL/lvgl/src/widgets/arclabel/lv_arclabel.c ****         else text = NULL;
 1732              		.loc 1 466 11 view .LVU563
 1733 0292 13F0020F 		tst	r3, #2
 1734 0296 7FF42DAF 		bne	.L116
 467:Middlewares/LVGL/lvgl/src/widgets/arclabel/lv_arclabel.c **** 
 1735              		.loc 1 467 19 view .LVU564
 1736 029a 0023     		movs	r3, #0
 1737 029c 0B93     		str	r3, [sp, #44]
 1738              	.LVL199:
 467:Middlewares/LVGL/lvgl/src/widgets/arclabel/lv_arclabel.c **** 
 1739              		.loc 1 467 19 view .LVU565
 1740 029e B0E7     		b	.L102
 1741              	.LVL200:
 1742              	.L108:
 1743              	.LBB47:
 496:Middlewares/LVGL/lvgl/src/widgets/arclabel/lv_arclabel.c ****                                                                ? curr_total_arc_length
 1744              		.loc 1 496 53 discriminator 2 view .LVU566
 1745 02a0 2046     		mov	r0, r4
 1746              	.LVL201:
 496:Middlewares/LVGL/lvgl/src/widgets/arclabel/lv_arclabel.c ****                                                                ? curr_total_arc_length
 1747              		.loc 1 496 53 discriminator 2 view .LVU567
 1748 02a2 4CE7     		b	.L96
 1749              	.LVL202:
 1750              	.L97:
 516:Middlewares/LVGL/lvgl/src/widgets/arclabel/lv_arclabel.c ****             dsc.opa = opa;
 1751              		.loc 1 516 23 discriminator 2 view .LVU568
 1752 02a4 2D9B     		ldr	r3, [sp, #180]
 1753 02a6 ADF87430 		strh	r3, [sp, #116]	@ movhi
 1754 02aa 1B0C     		lsrs	r3, r3, #16
 1755 02ac 8DF87630 		strb	r3, [sp, #118]
 1756 02b0 8EE7     		b	.L98
 1757              	.L99:
 519:Middlewares/LVGL/lvgl/src/widgets/arclabel/lv_arclabel.c **** 
 1758              		.loc 1 519 18 is_stmt 1 view .LVU569
 519:Middlewares/LVGL/lvgl/src/widgets/arclabel/lv_arclabel.c **** 
 1759              		.loc 1 519 55 is_stmt 0 view .LVU570
 1760 02b2 5A3D     		subs	r5, r5, #90
 1761              	.LVL203:
ARM GAS  C:\Users\w1785\AppData\Local\Temp\ccYSPyVl.s 			page 75


 519:Middlewares/LVGL/lvgl/src/widgets/arclabel/lv_arclabel.c **** 
 1762              		.loc 1 519 33 view .LVU571
 1763 02b4 05EB8505 		add	r5, r5, r5, lsl #2
 1764              	.LVL204:
 519:Middlewares/LVGL/lvgl/src/widgets/arclabel/lv_arclabel.c **** 
 1765              		.loc 1 519 33 view .LVU572
 1766 02b8 6D00     		lsls	r5, r5, #1
 519:Middlewares/LVGL/lvgl/src/widgets/arclabel/lv_arclabel.c **** 
 1767              		.loc 1 519 31 view .LVU573
 1768 02ba 1E95     		str	r5, [sp, #120]
 1769 02bc 94E7     		b	.L100
 1770              	.LVL205:
 1771              	.L115:
 519:Middlewares/LVGL/lvgl/src/widgets/arclabel/lv_arclabel.c **** 
 1772              		.loc 1 519 31 view .LVU574
 1773              	.LBE47:
 1774              	.LBE48:
 550:Middlewares/LVGL/lvgl/src/widgets/arclabel/lv_arclabel.c **** 
 1775              		.loc 1 550 1 view .LVU575
 1776 02be 35B0     		add	sp, sp, #212
 1777              	.LCFI14:
 1778              		.cfi_def_cfa_offset 36
 1779              		@ sp needed
 1780 02c0 BDE8F08F 		pop	{r4, r5, r6, r7, r8, r9, r10, fp, pc}
 1781              	.LVL206:
 1782              	.L118:
 550:Middlewares/LVGL/lvgl/src/widgets/arclabel/lv_arclabel.c **** 
 1783              		.loc 1 550 1 view .LVU576
 1784              		.align	2
 1785              	.L117:
 1786 02c4 03000180 		.word	-2147418109
 1787              		.cfi_endproc
 1788              	.LFE221:
 1790              		.section	.text.lv_arclabel_event,"ax",%progbits
 1791              		.align	1
 1792              		.syntax unified
 1793              		.thumb
 1794              		.thumb_func
 1796              	lv_arclabel_event:
 1797              	.LVL207:
 1798              	.LFB220:
 398:Middlewares/LVGL/lvgl/src/widgets/arclabel/lv_arclabel.c ****     LV_UNUSED(class_p);
 1799              		.loc 1 398 1 is_stmt 1 view -0
 1800              		.cfi_startproc
 1801              		@ args = 0, pretend = 0, frame = 0
 1802              		@ frame_needed = 0, uses_anonymous_args = 0
 398:Middlewares/LVGL/lvgl/src/widgets/arclabel/lv_arclabel.c ****     LV_UNUSED(class_p);
 1803              		.loc 1 398 1 is_stmt 0 view .LVU578
 1804 0000 10B5     		push	{r4, lr}
 1805              	.LCFI15:
 1806              		.cfi_def_cfa_offset 8
 1807              		.cfi_offset 4, -8
 1808              		.cfi_offset 14, -4
 1809 0002 0C46     		mov	r4, r1
 399:Middlewares/LVGL/lvgl/src/widgets/arclabel/lv_arclabel.c **** 
 1810              		.loc 1 399 5 is_stmt 1 view .LVU579
 402:Middlewares/LVGL/lvgl/src/widgets/arclabel/lv_arclabel.c ****     if(res != LV_RESULT_OK) return;
ARM GAS  C:\Users\w1785\AppData\Local\Temp\ccYSPyVl.s 			page 76


 1811              		.loc 1 402 5 view .LVU580
 402:Middlewares/LVGL/lvgl/src/widgets/arclabel/lv_arclabel.c ****     if(res != LV_RESULT_OK) return;
 1812              		.loc 1 402 29 is_stmt 0 view .LVU581
 1813 0004 0748     		ldr	r0, .L123
 1814              	.LVL208:
 402:Middlewares/LVGL/lvgl/src/widgets/arclabel/lv_arclabel.c ****     if(res != LV_RESULT_OK) return;
 1815              		.loc 1 402 29 view .LVU582
 1816 0006 FFF7FEFF 		bl	lv_obj_event_base
 1817              	.LVL209:
 403:Middlewares/LVGL/lvgl/src/widgets/arclabel/lv_arclabel.c **** 
 1818              		.loc 1 403 5 is_stmt 1 view .LVU583
 403:Middlewares/LVGL/lvgl/src/widgets/arclabel/lv_arclabel.c **** 
 1819              		.loc 1 403 7 is_stmt 0 view .LVU584
 1820 000a 0128     		cmp	r0, #1
 1821 000c 00D0     		beq	.L122
 1822              	.LVL210:
 1823              	.L119:
 410:Middlewares/LVGL/lvgl/src/widgets/arclabel/lv_arclabel.c **** 
 1824              		.loc 1 410 1 view .LVU585
 1825 000e 10BD     		pop	{r4, pc}
 1826              	.LVL211:
 1827              	.L122:
 405:Middlewares/LVGL/lvgl/src/widgets/arclabel/lv_arclabel.c **** 
 1828              		.loc 1 405 5 is_stmt 1 view .LVU586
 405:Middlewares/LVGL/lvgl/src/widgets/arclabel/lv_arclabel.c **** 
 1829              		.loc 1 405 34 is_stmt 0 view .LVU587
 1830 0010 2046     		mov	r0, r4
 1831              	.LVL212:
 405:Middlewares/LVGL/lvgl/src/widgets/arclabel/lv_arclabel.c **** 
 1832              		.loc 1 405 34 view .LVU588
 1833 0012 FFF7FEFF 		bl	lv_event_get_code
 1834              	.LVL213:
 407:Middlewares/LVGL/lvgl/src/widgets/arclabel/lv_arclabel.c ****         arclabel_draw_main(e);
 1835              		.loc 1 407 5 is_stmt 1 view .LVU589
 407:Middlewares/LVGL/lvgl/src/widgets/arclabel/lv_arclabel.c ****         arclabel_draw_main(e);
 1836              		.loc 1 407 7 is_stmt 0 view .LVU590
 1837 0016 1D28     		cmp	r0, #29
 1838 0018 F9D1     		bne	.L119
 408:Middlewares/LVGL/lvgl/src/widgets/arclabel/lv_arclabel.c ****     }
 1839              		.loc 1 408 9 is_stmt 1 view .LVU591
 1840 001a 2046     		mov	r0, r4
 1841              	.LVL214:
 408:Middlewares/LVGL/lvgl/src/widgets/arclabel/lv_arclabel.c ****     }
 1842              		.loc 1 408 9 is_stmt 0 view .LVU592
 1843 001c FFF7FEFF 		bl	arclabel_draw_main
 1844              	.LVL215:
 1845 0020 F5E7     		b	.L119
 1846              	.L124:
 1847 0022 00BF     		.align	2
 1848              	.L123:
 1849 0024 00000000 		.word	lv_arclabel_class
 1850              		.cfi_endproc
 1851              	.LFE220:
 1853              		.section	.text.lv_arclabel_create,"ax",%progbits
 1854              		.align	1
 1855              		.global	lv_arclabel_create
 1856              		.syntax unified
ARM GAS  C:\Users\w1785\AppData\Local\Temp\ccYSPyVl.s 			page 77


 1857              		.thumb
 1858              		.thumb_func
 1860              	lv_arclabel_create:
 1861              	.LVL216:
 1862              	.LFB191:
  83:Middlewares/LVGL/lvgl/src/widgets/arclabel/lv_arclabel.c ****     LV_LOG_INFO("begin");
 1863              		.loc 1 83 1 is_stmt 1 view -0
 1864              		.cfi_startproc
 1865              		@ args = 0, pretend = 0, frame = 0
 1866              		@ frame_needed = 0, uses_anonymous_args = 0
  83:Middlewares/LVGL/lvgl/src/widgets/arclabel/lv_arclabel.c ****     LV_LOG_INFO("begin");
 1867              		.loc 1 83 1 is_stmt 0 view .LVU594
 1868 0000 10B5     		push	{r4, lr}
 1869              	.LCFI16:
 1870              		.cfi_def_cfa_offset 8
 1871              		.cfi_offset 4, -8
 1872              		.cfi_offset 14, -4
 1873 0002 0146     		mov	r1, r0
  84:Middlewares/LVGL/lvgl/src/widgets/arclabel/lv_arclabel.c ****     lv_obj_t * obj = lv_obj_class_create_obj(MY_CLASS, parent);
 1874              		.loc 1 84 5 is_stmt 1 view .LVU595
  84:Middlewares/LVGL/lvgl/src/widgets/arclabel/lv_arclabel.c ****     lv_obj_t * obj = lv_obj_class_create_obj(MY_CLASS, parent);
 1875              		.loc 1 84 5 view .LVU596
  84:Middlewares/LVGL/lvgl/src/widgets/arclabel/lv_arclabel.c ****     lv_obj_t * obj = lv_obj_class_create_obj(MY_CLASS, parent);
 1876              		.loc 1 84 5 view .LVU597
  85:Middlewares/LVGL/lvgl/src/widgets/arclabel/lv_arclabel.c ****     lv_obj_class_init_obj(obj);
 1877              		.loc 1 85 5 view .LVU598
  85:Middlewares/LVGL/lvgl/src/widgets/arclabel/lv_arclabel.c ****     lv_obj_class_init_obj(obj);
 1878              		.loc 1 85 22 is_stmt 0 view .LVU599
 1879 0004 0348     		ldr	r0, .L127
 1880              	.LVL217:
  85:Middlewares/LVGL/lvgl/src/widgets/arclabel/lv_arclabel.c ****     lv_obj_class_init_obj(obj);
 1881              		.loc 1 85 22 view .LVU600
 1882 0006 FFF7FEFF 		bl	lv_obj_class_create_obj
 1883              	.LVL218:
  85:Middlewares/LVGL/lvgl/src/widgets/arclabel/lv_arclabel.c ****     lv_obj_class_init_obj(obj);
 1884              		.loc 1 85 22 view .LVU601
 1885 000a 0446     		mov	r4, r0
 1886              	.LVL219:
  86:Middlewares/LVGL/lvgl/src/widgets/arclabel/lv_arclabel.c ****     return obj;
 1887              		.loc 1 86 5 is_stmt 1 view .LVU602
 1888 000c FFF7FEFF 		bl	lv_obj_class_init_obj
 1889              	.LVL220:
  87:Middlewares/LVGL/lvgl/src/widgets/arclabel/lv_arclabel.c **** }
 1890              		.loc 1 87 5 view .LVU603
  88:Middlewares/LVGL/lvgl/src/widgets/arclabel/lv_arclabel.c **** 
 1891              		.loc 1 88 1 is_stmt 0 view .LVU604
 1892 0010 2046     		mov	r0, r4
 1893 0012 10BD     		pop	{r4, pc}
 1894              	.LVL221:
 1895              	.L128:
  88:Middlewares/LVGL/lvgl/src/widgets/arclabel/lv_arclabel.c **** 
 1896              		.loc 1 88 1 view .LVU605
 1897              		.align	2
 1898              	.L127:
 1899 0014 00000000 		.word	lv_arclabel_class
 1900              		.cfi_endproc
 1901              	.LFE191:
ARM GAS  C:\Users\w1785\AppData\Local\Temp\ccYSPyVl.s 			page 78


 1903              		.section	.text.lv_arclabel_set_text,"ax",%progbits
 1904              		.align	1
 1905              		.global	lv_arclabel_set_text
 1906              		.syntax unified
 1907              		.thumb
 1908              		.thumb_func
 1910              	lv_arclabel_set_text:
 1911              	.LVL222:
 1912              	.LFB192:
 103:Middlewares/LVGL/lvgl/src/widgets/arclabel/lv_arclabel.c ****     LV_ASSERT_OBJ(obj, MY_CLASS);
 1913              		.loc 1 103 1 is_stmt 1 view -0
 1914              		.cfi_startproc
 1915              		@ args = 0, pretend = 0, frame = 0
 1916              		@ frame_needed = 0, uses_anonymous_args = 0
 104:Middlewares/LVGL/lvgl/src/widgets/arclabel/lv_arclabel.c ****     lv_arclabel_t * arclabel = (lv_arclabel_t *)obj;
 1917              		.loc 1 104 5 view .LVU607
 104:Middlewares/LVGL/lvgl/src/widgets/arclabel/lv_arclabel.c ****     lv_arclabel_t * arclabel = (lv_arclabel_t *)obj;
 1918              		.loc 1 104 5 view .LVU608
 1919 0000 10B3     		cbz	r0, .L131
 103:Middlewares/LVGL/lvgl/src/widgets/arclabel/lv_arclabel.c ****     LV_ASSERT_OBJ(obj, MY_CLASS);
 1920              		.loc 1 103 1 is_stmt 0 view .LVU609
 1921 0002 70B5     		push	{r4, r5, r6, lr}
 1922              	.LCFI17:
 1923              		.cfi_def_cfa_offset 16
 1924              		.cfi_offset 4, -16
 1925              		.cfi_offset 5, -12
 1926              		.cfi_offset 6, -8
 1927              		.cfi_offset 14, -4
 1928 0004 0C46     		mov	r4, r1
 1929 0006 0646     		mov	r6, r0
 104:Middlewares/LVGL/lvgl/src/widgets/arclabel/lv_arclabel.c ****     lv_arclabel_t * arclabel = (lv_arclabel_t *)obj;
 1930              		.loc 1 104 5 is_stmt 1 view .LVU610
 104:Middlewares/LVGL/lvgl/src/widgets/arclabel/lv_arclabel.c ****     lv_arclabel_t * arclabel = (lv_arclabel_t *)obj;
 1931              		.loc 1 104 33 view .LVU611
 105:Middlewares/LVGL/lvgl/src/widgets/arclabel/lv_arclabel.c **** 
 1932              		.loc 1 105 5 view .LVU612
 1933              	.LVL223:
 108:Middlewares/LVGL/lvgl/src/widgets/arclabel/lv_arclabel.c **** 
 1934              		.loc 1 108 5 view .LVU613
 108:Middlewares/LVGL/lvgl/src/widgets/arclabel/lv_arclabel.c **** 
 1935              		.loc 1 108 7 is_stmt 0 view .LVU614
 1936 0008 F9B1     		cbz	r1, .L141
 1937              	.L132:
 1938              	.LVL224:
 110:Middlewares/LVGL/lvgl/src/widgets/arclabel/lv_arclabel.c **** 
 1939              		.loc 1 110 5 is_stmt 1 view .LVU615
 110:Middlewares/LVGL/lvgl/src/widgets/arclabel/lv_arclabel.c **** 
 1940              		.loc 1 110 29 is_stmt 0 view .LVU616
 1941 000a 2046     		mov	r0, r4
 1942              	.LVL225:
 110:Middlewares/LVGL/lvgl/src/widgets/arclabel/lv_arclabel.c **** 
 1943              		.loc 1 110 29 view .LVU617
 1944 000c FFF7FEFF 		bl	lv_strlen
 1945              	.LVL226:
 110:Middlewares/LVGL/lvgl/src/widgets/arclabel/lv_arclabel.c **** 
 1946              		.loc 1 110 18 discriminator 1 view .LVU618
 1947 0010 451C     		adds	r5, r0, #1
ARM GAS  C:\Users\w1785\AppData\Local\Temp\ccYSPyVl.s 			page 79


 1948              	.LVL227:
 113:Middlewares/LVGL/lvgl/src/widgets/arclabel/lv_arclabel.c ****         arclabel->text = lv_realloc(arclabel->text, text_len);
 1949              		.loc 1 113 5 is_stmt 1 view .LVU619
 113:Middlewares/LVGL/lvgl/src/widgets/arclabel/lv_arclabel.c ****         arclabel->text = lv_realloc(arclabel->text, text_len);
 1950              		.loc 1 113 16 is_stmt 0 view .LVU620
 1951 0012 306B     		ldr	r0, [r6, #48]
 113:Middlewares/LVGL/lvgl/src/widgets/arclabel/lv_arclabel.c ****         arclabel->text = lv_realloc(arclabel->text, text_len);
 1952              		.loc 1 113 7 view .LVU621
 1953 0014 A042     		cmp	r0, r4
 1954 0016 1AD0     		beq	.L142
 1955              	.L133:
 120:Middlewares/LVGL/lvgl/src/widgets/arclabel/lv_arclabel.c ****             lv_free(arclabel->text);
 1956              		.loc 1 120 9 is_stmt 1 view .LVU622
 120:Middlewares/LVGL/lvgl/src/widgets/arclabel/lv_arclabel.c ****             lv_free(arclabel->text);
 1957              		.loc 1 120 11 is_stmt 0 view .LVU623
 1958 0018 20B1     		cbz	r0, .L136
 120:Middlewares/LVGL/lvgl/src/widgets/arclabel/lv_arclabel.c ****             lv_free(arclabel->text);
 1959              		.loc 1 120 59 discriminator 1 view .LVU624
 1960 001a 96F85730 		ldrb	r3, [r6, #87]	@ zero_extendqisi2
 120:Middlewares/LVGL/lvgl/src/widgets/arclabel/lv_arclabel.c ****             lv_free(arclabel->text);
 1961              		.loc 1 120 35 discriminator 1 view .LVU625
 1962 001e 13F0010F 		tst	r3, #1
 1963 0022 20D0     		beq	.L143
 1964              	.L136:
 125:Middlewares/LVGL/lvgl/src/widgets/arclabel/lv_arclabel.c ****         LV_ASSERT_MALLOC(arclabel->text);
 1965              		.loc 1 125 9 is_stmt 1 view .LVU626
 125:Middlewares/LVGL/lvgl/src/widgets/arclabel/lv_arclabel.c ****         LV_ASSERT_MALLOC(arclabel->text);
 1966              		.loc 1 125 26 is_stmt 0 view .LVU627
 1967 0024 2846     		mov	r0, r5
 1968 0026 FFF7FEFF 		bl	lv_malloc
 1969              	.LVL228:
 125:Middlewares/LVGL/lvgl/src/widgets/arclabel/lv_arclabel.c ****         LV_ASSERT_MALLOC(arclabel->text);
 1970              		.loc 1 125 24 discriminator 1 view .LVU628
 1971 002a 3063     		str	r0, [r6, #48]
 126:Middlewares/LVGL/lvgl/src/widgets/arclabel/lv_arclabel.c ****         if(arclabel->text == NULL) return;
 1972              		.loc 1 126 9 is_stmt 1 view .LVU629
 126:Middlewares/LVGL/lvgl/src/widgets/arclabel/lv_arclabel.c ****         if(arclabel->text == NULL) return;
 1973              		.loc 1 126 9 view .LVU630
 1974 002c 00B3     		cbz	r0, .L138
 126:Middlewares/LVGL/lvgl/src/widgets/arclabel/lv_arclabel.c ****         if(arclabel->text == NULL) return;
 1975              		.loc 1 126 9 view .LVU631
 126:Middlewares/LVGL/lvgl/src/widgets/arclabel/lv_arclabel.c ****         if(arclabel->text == NULL) return;
 1976              		.loc 1 126 41 view .LVU632
 127:Middlewares/LVGL/lvgl/src/widgets/arclabel/lv_arclabel.c **** 
 1977              		.loc 1 127 9 view .LVU633
 129:Middlewares/LVGL/lvgl/src/widgets/arclabel/lv_arclabel.c **** 
 1978              		.loc 1 129 9 view .LVU634
 1979 002e 2146     		mov	r1, r4
 1980 0030 FFF7FEFF 		bl	lv_strcpy
 1981              	.LVL229:
 132:Middlewares/LVGL/lvgl/src/widgets/arclabel/lv_arclabel.c ****     }
 1982              		.loc 1 132 9 view .LVU635
 132:Middlewares/LVGL/lvgl/src/widgets/arclabel/lv_arclabel.c ****     }
 1983              		.loc 1 132 30 is_stmt 0 view .LVU636
 1984 0034 96F85730 		ldrb	r3, [r6, #87]	@ zero_extendqisi2
 1985 0038 23F00103 		bic	r3, r3, #1
 1986 003c 86F85730 		strb	r3, [r6, #87]
ARM GAS  C:\Users\w1785\AppData\Local\Temp\ccYSPyVl.s 			page 80


 1987              	.L134:
 135:Middlewares/LVGL/lvgl/src/widgets/arclabel/lv_arclabel.c **** }
 1988              		.loc 1 135 5 is_stmt 1 view .LVU637
 1989 0040 3046     		mov	r0, r6
 1990 0042 FFF7FEFF 		bl	lv_obj_invalidate
 1991              	.LVL230:
 136:Middlewares/LVGL/lvgl/src/widgets/arclabel/lv_arclabel.c **** 
 1992              		.loc 1 136 1 is_stmt 0 view .LVU638
 1993 0046 70BD     		pop	{r4, r5, r6, pc}
 1994              	.LVL231:
 1995              	.L131:
 1996              	.LCFI18:
 1997              		.cfi_def_cfa_offset 0
 1998              		.cfi_restore 4
 1999              		.cfi_restore 5
 2000              		.cfi_restore 6
 2001              		.cfi_restore 14
 104:Middlewares/LVGL/lvgl/src/widgets/arclabel/lv_arclabel.c ****     lv_arclabel_t * arclabel = (lv_arclabel_t *)obj;
 2002              		.loc 1 104 5 is_stmt 1 view .LVU639
 104:Middlewares/LVGL/lvgl/src/widgets/arclabel/lv_arclabel.c ****     lv_arclabel_t * arclabel = (lv_arclabel_t *)obj;
 2003              		.loc 1 104 5 view .LVU640
 104:Middlewares/LVGL/lvgl/src/widgets/arclabel/lv_arclabel.c ****     lv_arclabel_t * arclabel = (lv_arclabel_t *)obj;
 2004              		.loc 1 104 5 view .LVU641
 104:Middlewares/LVGL/lvgl/src/widgets/arclabel/lv_arclabel.c ****     lv_arclabel_t * arclabel = (lv_arclabel_t *)obj;
 2005              		.loc 1 104 5 view .LVU642
 104:Middlewares/LVGL/lvgl/src/widgets/arclabel/lv_arclabel.c ****     lv_arclabel_t * arclabel = (lv_arclabel_t *)obj;
 2006              		.loc 1 104 5 view .LVU643
 2007 0048 FEE7     		b	.L131
 2008              	.LVL232:
 2009              	.L141:
 2010              	.LCFI19:
 2011              		.cfi_def_cfa_offset 16
 2012              		.cfi_offset 4, -16
 2013              		.cfi_offset 5, -12
 2014              		.cfi_offset 6, -8
 2015              		.cfi_offset 14, -4
 108:Middlewares/LVGL/lvgl/src/widgets/arclabel/lv_arclabel.c **** 
 2016              		.loc 1 108 22 discriminator 1 view .LVU644
 108:Middlewares/LVGL/lvgl/src/widgets/arclabel/lv_arclabel.c **** 
 2017              		.loc 1 108 27 is_stmt 0 discriminator 1 view .LVU645
 2018 004a 046B     		ldr	r4, [r0, #48]
 2019 004c DDE7     		b	.L132
 2020              	.LVL233:
 2021              	.L142:
 113:Middlewares/LVGL/lvgl/src/widgets/arclabel/lv_arclabel.c ****         arclabel->text = lv_realloc(arclabel->text, text_len);
 2022              		.loc 1 113 55 discriminator 1 view .LVU646
 2023 004e 96F85730 		ldrb	r3, [r6, #87]	@ zero_extendqisi2
 113:Middlewares/LVGL/lvgl/src/widgets/arclabel/lv_arclabel.c ****         arclabel->text = lv_realloc(arclabel->text, text_len);
 2024              		.loc 1 113 31 discriminator 1 view .LVU647
 2025 0052 13F0010F 		tst	r3, #1
 2026 0056 DFD1     		bne	.L133
 114:Middlewares/LVGL/lvgl/src/widgets/arclabel/lv_arclabel.c ****         LV_ASSERT_MALLOC(arclabel->text);
 2027              		.loc 1 114 9 is_stmt 1 view .LVU648
 114:Middlewares/LVGL/lvgl/src/widgets/arclabel/lv_arclabel.c ****         LV_ASSERT_MALLOC(arclabel->text);
 2028              		.loc 1 114 26 is_stmt 0 view .LVU649
 2029 0058 2946     		mov	r1, r5
 2030 005a FFF7FEFF 		bl	lv_realloc
ARM GAS  C:\Users\w1785\AppData\Local\Temp\ccYSPyVl.s 			page 81


 2031              	.LVL234:
 114:Middlewares/LVGL/lvgl/src/widgets/arclabel/lv_arclabel.c ****         LV_ASSERT_MALLOC(arclabel->text);
 2032              		.loc 1 114 24 discriminator 1 view .LVU650
 2033 005e 3063     		str	r0, [r6, #48]
 115:Middlewares/LVGL/lvgl/src/widgets/arclabel/lv_arclabel.c ****         if(arclabel->text == NULL) return;
 2034              		.loc 1 115 9 is_stmt 1 view .LVU651
 115:Middlewares/LVGL/lvgl/src/widgets/arclabel/lv_arclabel.c ****         if(arclabel->text == NULL) return;
 2035              		.loc 1 115 9 view .LVU652
 2036 0060 0028     		cmp	r0, #0
 2037 0062 EDD1     		bne	.L134
 2038              	.L135:
 115:Middlewares/LVGL/lvgl/src/widgets/arclabel/lv_arclabel.c ****         if(arclabel->text == NULL) return;
 2039              		.loc 1 115 9 view .LVU653
 115:Middlewares/LVGL/lvgl/src/widgets/arclabel/lv_arclabel.c ****         if(arclabel->text == NULL) return;
 2040              		.loc 1 115 9 view .LVU654
 115:Middlewares/LVGL/lvgl/src/widgets/arclabel/lv_arclabel.c ****         if(arclabel->text == NULL) return;
 2041              		.loc 1 115 9 view .LVU655
 115:Middlewares/LVGL/lvgl/src/widgets/arclabel/lv_arclabel.c ****         if(arclabel->text == NULL) return;
 2042              		.loc 1 115 9 view .LVU656
 115:Middlewares/LVGL/lvgl/src/widgets/arclabel/lv_arclabel.c ****         if(arclabel->text == NULL) return;
 2043              		.loc 1 115 9 view .LVU657
 2044 0064 FEE7     		b	.L135
 2045              	.L143:
 121:Middlewares/LVGL/lvgl/src/widgets/arclabel/lv_arclabel.c ****             arclabel->text = NULL;
 2046              		.loc 1 121 13 view .LVU658
 2047 0066 FFF7FEFF 		bl	lv_free
 2048              	.LVL235:
 122:Middlewares/LVGL/lvgl/src/widgets/arclabel/lv_arclabel.c ****         }
 2049              		.loc 1 122 13 view .LVU659
 122:Middlewares/LVGL/lvgl/src/widgets/arclabel/lv_arclabel.c ****         }
 2050              		.loc 1 122 28 is_stmt 0 view .LVU660
 2051 006a 0023     		movs	r3, #0
 2052 006c 3363     		str	r3, [r6, #48]
 2053 006e D9E7     		b	.L136
 2054              	.L138:
 126:Middlewares/LVGL/lvgl/src/widgets/arclabel/lv_arclabel.c ****         if(arclabel->text == NULL) return;
 2055              		.loc 1 126 9 is_stmt 1 view .LVU661
 126:Middlewares/LVGL/lvgl/src/widgets/arclabel/lv_arclabel.c ****         if(arclabel->text == NULL) return;
 2056              		.loc 1 126 9 view .LVU662
 126:Middlewares/LVGL/lvgl/src/widgets/arclabel/lv_arclabel.c ****         if(arclabel->text == NULL) return;
 2057              		.loc 1 126 9 view .LVU663
 126:Middlewares/LVGL/lvgl/src/widgets/arclabel/lv_arclabel.c ****         if(arclabel->text == NULL) return;
 2058              		.loc 1 126 9 view .LVU664
 126:Middlewares/LVGL/lvgl/src/widgets/arclabel/lv_arclabel.c ****         if(arclabel->text == NULL) return;
 2059              		.loc 1 126 9 view .LVU665
 2060 0070 FEE7     		b	.L138
 2061              		.cfi_endproc
 2062              	.LFE192:
 2064              		.section	.text.lv_arclabel_set_text_fmt,"ax",%progbits
 2065              		.align	1
 2066              		.global	lv_arclabel_set_text_fmt
 2067              		.syntax unified
 2068              		.thumb
 2069              		.thumb_func
 2071              	lv_arclabel_set_text_fmt:
 2072              	.LVL236:
 2073              	.LFB193:
ARM GAS  C:\Users\w1785\AppData\Local\Temp\ccYSPyVl.s 			page 82


 139:Middlewares/LVGL/lvgl/src/widgets/arclabel/lv_arclabel.c ****     LV_ASSERT_OBJ(obj, MY_CLASS);
 2074              		.loc 1 139 1 view -0
 2075              		.cfi_startproc
 2076              		@ args = 4, pretend = 12, frame = 8
 2077              		@ frame_needed = 0, uses_anonymous_args = 1
 139:Middlewares/LVGL/lvgl/src/widgets/arclabel/lv_arclabel.c ****     LV_ASSERT_OBJ(obj, MY_CLASS);
 2078              		.loc 1 139 1 is_stmt 0 view .LVU667
 2079 0000 0EB4     		push	{r1, r2, r3}
 2080              	.LCFI20:
 2081              		.cfi_def_cfa_offset 12
 2082              		.cfi_offset 1, -12
 2083              		.cfi_offset 2, -8
 2084              		.cfi_offset 3, -4
 2085 0002 30B5     		push	{r4, r5, lr}
 2086              	.LCFI21:
 2087              		.cfi_def_cfa_offset 24
 2088              		.cfi_offset 4, -24
 2089              		.cfi_offset 5, -20
 2090              		.cfi_offset 14, -16
 2091 0004 82B0     		sub	sp, sp, #8
 2092              	.LCFI22:
 2093              		.cfi_def_cfa_offset 32
 2094 0006 059D     		ldr	r5, [sp, #20]
 140:Middlewares/LVGL/lvgl/src/widgets/arclabel/lv_arclabel.c ****     LV_ASSERT_NULL(fmt);
 2095              		.loc 1 140 5 is_stmt 1 view .LVU668
 140:Middlewares/LVGL/lvgl/src/widgets/arclabel/lv_arclabel.c ****     LV_ASSERT_NULL(fmt);
 2096              		.loc 1 140 5 view .LVU669
 2097 0008 E0B1     		cbz	r0, .L146
 2098 000a 0446     		mov	r4, r0
 140:Middlewares/LVGL/lvgl/src/widgets/arclabel/lv_arclabel.c ****     LV_ASSERT_NULL(fmt);
 2099              		.loc 1 140 5 view .LVU670
 140:Middlewares/LVGL/lvgl/src/widgets/arclabel/lv_arclabel.c ****     LV_ASSERT_NULL(fmt);
 2100              		.loc 1 140 33 view .LVU671
 141:Middlewares/LVGL/lvgl/src/widgets/arclabel/lv_arclabel.c **** 
 2101              		.loc 1 141 5 view .LVU672
 141:Middlewares/LVGL/lvgl/src/widgets/arclabel/lv_arclabel.c **** 
 2102              		.loc 1 141 5 view .LVU673
 2103 000c DDB1     		cbz	r5, .L148
 141:Middlewares/LVGL/lvgl/src/widgets/arclabel/lv_arclabel.c **** 
 2104              		.loc 1 141 5 view .LVU674
 141:Middlewares/LVGL/lvgl/src/widgets/arclabel/lv_arclabel.c **** 
 2105              		.loc 1 141 24 view .LVU675
 143:Middlewares/LVGL/lvgl/src/widgets/arclabel/lv_arclabel.c **** 
 2106              		.loc 1 143 5 view .LVU676
 2107              	.LVL237:
 146:Middlewares/LVGL/lvgl/src/widgets/arclabel/lv_arclabel.c ****         lv_obj_invalidate(obj);
 2108              		.loc 1 146 5 view .LVU677
 151:Middlewares/LVGL/lvgl/src/widgets/arclabel/lv_arclabel.c ****         lv_free(arclabel->text);
 2109              		.loc 1 151 5 view .LVU678
 151:Middlewares/LVGL/lvgl/src/widgets/arclabel/lv_arclabel.c ****         lv_free(arclabel->text);
 2110              		.loc 1 151 16 is_stmt 0 view .LVU679
 2111 000e 006B     		ldr	r0, [r0, #48]
 2112              	.LVL238:
 151:Middlewares/LVGL/lvgl/src/widgets/arclabel/lv_arclabel.c ****         lv_free(arclabel->text);
 2113              		.loc 1 151 7 view .LVU680
 2114 0010 20B1     		cbz	r0, .L149
 151:Middlewares/LVGL/lvgl/src/widgets/arclabel/lv_arclabel.c ****         lv_free(arclabel->text);
ARM GAS  C:\Users\w1785\AppData\Local\Temp\ccYSPyVl.s 			page 83


 2115              		.loc 1 151 55 discriminator 1 view .LVU681
 2116 0012 94F85730 		ldrb	r3, [r4, #87]	@ zero_extendqisi2
 151:Middlewares/LVGL/lvgl/src/widgets/arclabel/lv_arclabel.c ****         lv_free(arclabel->text);
 2117              		.loc 1 151 31 discriminator 1 view .LVU682
 2118 0016 13F0010F 		tst	r3, #1
 2119 001a 15D0     		beq	.L151
 2120              	.L149:
 156:Middlewares/LVGL/lvgl/src/widgets/arclabel/lv_arclabel.c ****     va_start(args, fmt);
 2121              		.loc 1 156 5 is_stmt 1 view .LVU683
 157:Middlewares/LVGL/lvgl/src/widgets/arclabel/lv_arclabel.c ****     arclabel->text = lv_text_set_text_vfmt(fmt, args);
 2122              		.loc 1 157 5 view .LVU684
 2123 001c 06A9     		add	r1, sp, #24
 2124 001e 0191     		str	r1, [sp, #4]
 158:Middlewares/LVGL/lvgl/src/widgets/arclabel/lv_arclabel.c ****     va_end(args);
 2125              		.loc 1 158 5 view .LVU685
 158:Middlewares/LVGL/lvgl/src/widgets/arclabel/lv_arclabel.c ****     va_end(args);
 2126              		.loc 1 158 22 is_stmt 0 view .LVU686
 2127 0020 2846     		mov	r0, r5
 2128 0022 FFF7FEFF 		bl	lv_text_set_text_vfmt
 2129              	.LVL239:
 158:Middlewares/LVGL/lvgl/src/widgets/arclabel/lv_arclabel.c ****     va_end(args);
 2130              		.loc 1 158 20 discriminator 1 view .LVU687
 2131 0026 2063     		str	r0, [r4, #48]
 159:Middlewares/LVGL/lvgl/src/widgets/arclabel/lv_arclabel.c ****     arclabel->static_txt = 0; /*Now the text is dynamically allocated*/
 2132              		.loc 1 159 5 is_stmt 1 view .LVU688
 160:Middlewares/LVGL/lvgl/src/widgets/arclabel/lv_arclabel.c **** 
 2133              		.loc 1 160 5 view .LVU689
 160:Middlewares/LVGL/lvgl/src/widgets/arclabel/lv_arclabel.c **** 
 2134              		.loc 1 160 26 is_stmt 0 view .LVU690
 2135 0028 94F85730 		ldrb	r3, [r4, #87]	@ zero_extendqisi2
 2136 002c 23F00103 		bic	r3, r3, #1
 2137 0030 84F85730 		strb	r3, [r4, #87]
 162:Middlewares/LVGL/lvgl/src/widgets/arclabel/lv_arclabel.c **** }
 2138              		.loc 1 162 5 is_stmt 1 view .LVU691
 2139 0034 2046     		mov	r0, r4
 2140 0036 FFF7FEFF 		bl	lv_obj_invalidate
 2141              	.LVL240:
 163:Middlewares/LVGL/lvgl/src/widgets/arclabel/lv_arclabel.c **** 
 2142              		.loc 1 163 1 is_stmt 0 view .LVU692
 2143 003a 02B0     		add	sp, sp, #8
 2144              	.LCFI23:
 2145              		.cfi_remember_state
 2146              		.cfi_def_cfa_offset 24
 2147              		@ sp needed
 2148 003c BDE83040 		pop	{r4, r5, lr}
 2149              	.LCFI24:
 2150              		.cfi_restore 14
 2151              		.cfi_restore 5
 2152              		.cfi_restore 4
 2153              		.cfi_def_cfa_offset 12
 2154              	.LVL241:
 163:Middlewares/LVGL/lvgl/src/widgets/arclabel/lv_arclabel.c **** 
 2155              		.loc 1 163 1 view .LVU693
 2156 0040 03B0     		add	sp, sp, #12
 2157              	.LCFI25:
 2158              		.cfi_restore 3
 2159              		.cfi_restore 2
ARM GAS  C:\Users\w1785\AppData\Local\Temp\ccYSPyVl.s 			page 84


 2160              		.cfi_restore 1
 2161              		.cfi_def_cfa_offset 0
 2162 0042 7047     		bx	lr
 2163              	.LVL242:
 2164              	.L146:
 2165              	.LCFI26:
 2166              		.cfi_restore_state
 140:Middlewares/LVGL/lvgl/src/widgets/arclabel/lv_arclabel.c ****     LV_ASSERT_NULL(fmt);
 2167              		.loc 1 140 5 is_stmt 1 view .LVU694
 140:Middlewares/LVGL/lvgl/src/widgets/arclabel/lv_arclabel.c ****     LV_ASSERT_NULL(fmt);
 2168              		.loc 1 140 5 view .LVU695
 140:Middlewares/LVGL/lvgl/src/widgets/arclabel/lv_arclabel.c ****     LV_ASSERT_NULL(fmt);
 2169              		.loc 1 140 5 view .LVU696
 140:Middlewares/LVGL/lvgl/src/widgets/arclabel/lv_arclabel.c ****     LV_ASSERT_NULL(fmt);
 2170              		.loc 1 140 5 view .LVU697
 140:Middlewares/LVGL/lvgl/src/widgets/arclabel/lv_arclabel.c ****     LV_ASSERT_NULL(fmt);
 2171              		.loc 1 140 5 view .LVU698
 2172 0044 FEE7     		b	.L146
 2173              	.L148:
 141:Middlewares/LVGL/lvgl/src/widgets/arclabel/lv_arclabel.c **** 
 2174              		.loc 1 141 5 view .LVU699
 141:Middlewares/LVGL/lvgl/src/widgets/arclabel/lv_arclabel.c **** 
 2175              		.loc 1 141 5 view .LVU700
 141:Middlewares/LVGL/lvgl/src/widgets/arclabel/lv_arclabel.c **** 
 2176              		.loc 1 141 5 view .LVU701
 141:Middlewares/LVGL/lvgl/src/widgets/arclabel/lv_arclabel.c **** 
 2177              		.loc 1 141 5 view .LVU702
 141:Middlewares/LVGL/lvgl/src/widgets/arclabel/lv_arclabel.c **** 
 2178              		.loc 1 141 5 view .LVU703
 2179 0046 FEE7     		b	.L148
 2180              	.LVL243:
 2181              	.L151:
 152:Middlewares/LVGL/lvgl/src/widgets/arclabel/lv_arclabel.c ****         arclabel->text = NULL;
 2182              		.loc 1 152 9 view .LVU704
 2183 0048 FFF7FEFF 		bl	lv_free
 2184              	.LVL244:
 153:Middlewares/LVGL/lvgl/src/widgets/arclabel/lv_arclabel.c ****     }
 2185              		.loc 1 153 9 view .LVU705
 153:Middlewares/LVGL/lvgl/src/widgets/arclabel/lv_arclabel.c ****     }
 2186              		.loc 1 153 24 is_stmt 0 view .LVU706
 2187 004c 0023     		movs	r3, #0
 2188 004e 2363     		str	r3, [r4, #48]
 2189 0050 E4E7     		b	.L149
 2190              		.cfi_endproc
 2191              	.LFE193:
 2193              		.section	.text.lv_arclabel_set_text_static,"ax",%progbits
 2194              		.align	1
 2195              		.global	lv_arclabel_set_text_static
 2196              		.syntax unified
 2197              		.thumb
 2198              		.thumb_func
 2200              	lv_arclabel_set_text_static:
 2201              	.LVL245:
 2202              	.LFB194:
 166:Middlewares/LVGL/lvgl/src/widgets/arclabel/lv_arclabel.c ****     LV_ASSERT_OBJ(obj, MY_CLASS);
 2203              		.loc 1 166 1 is_stmt 1 view -0
 2204              		.cfi_startproc
ARM GAS  C:\Users\w1785\AppData\Local\Temp\ccYSPyVl.s 			page 85


 2205              		@ args = 0, pretend = 0, frame = 0
 2206              		@ frame_needed = 0, uses_anonymous_args = 0
 167:Middlewares/LVGL/lvgl/src/widgets/arclabel/lv_arclabel.c ****     lv_arclabel_t * arclabel = (lv_arclabel_t *)obj;
 2207              		.loc 1 167 5 view .LVU708
 167:Middlewares/LVGL/lvgl/src/widgets/arclabel/lv_arclabel.c ****     lv_arclabel_t * arclabel = (lv_arclabel_t *)obj;
 2208              		.loc 1 167 5 view .LVU709
 2209 0000 C8B1     		cbz	r0, .L154
 166:Middlewares/LVGL/lvgl/src/widgets/arclabel/lv_arclabel.c ****     LV_ASSERT_OBJ(obj, MY_CLASS);
 2210              		.loc 1 166 1 is_stmt 0 view .LVU710
 2211 0002 38B5     		push	{r3, r4, r5, lr}
 2212              	.LCFI27:
 2213              		.cfi_def_cfa_offset 16
 2214              		.cfi_offset 3, -16
 2215              		.cfi_offset 4, -12
 2216              		.cfi_offset 5, -8
 2217              		.cfi_offset 14, -4
 2218 0004 0D46     		mov	r5, r1
 2219 0006 0446     		mov	r4, r0
 167:Middlewares/LVGL/lvgl/src/widgets/arclabel/lv_arclabel.c ****     lv_arclabel_t * arclabel = (lv_arclabel_t *)obj;
 2220              		.loc 1 167 5 is_stmt 1 view .LVU711
 167:Middlewares/LVGL/lvgl/src/widgets/arclabel/lv_arclabel.c ****     lv_arclabel_t * arclabel = (lv_arclabel_t *)obj;
 2221              		.loc 1 167 33 view .LVU712
 168:Middlewares/LVGL/lvgl/src/widgets/arclabel/lv_arclabel.c **** 
 2222              		.loc 1 168 5 view .LVU713
 2223              	.LVL246:
 170:Middlewares/LVGL/lvgl/src/widgets/arclabel/lv_arclabel.c ****         lv_free(arclabel->text);
 2224              		.loc 1 170 5 view .LVU714
 170:Middlewares/LVGL/lvgl/src/widgets/arclabel/lv_arclabel.c ****         lv_free(arclabel->text);
 2225              		.loc 1 170 29 is_stmt 0 view .LVU715
 2226 0008 90F85730 		ldrb	r3, [r0, #87]	@ zero_extendqisi2
 170:Middlewares/LVGL/lvgl/src/widgets/arclabel/lv_arclabel.c ****         lv_free(arclabel->text);
 2227              		.loc 1 170 7 view .LVU716
 2228 000c 13F0010F 		tst	r3, #1
 2229 0010 05D1     		bne	.L155
 170:Middlewares/LVGL/lvgl/src/widgets/arclabel/lv_arclabel.c ****         lv_free(arclabel->text);
 2230              		.loc 1 170 45 discriminator 1 view .LVU717
 2231 0012 006B     		ldr	r0, [r0, #48]
 2232              	.LVL247:
 170:Middlewares/LVGL/lvgl/src/widgets/arclabel/lv_arclabel.c ****         lv_free(arclabel->text);
 2233              		.loc 1 170 34 discriminator 1 view .LVU718
 2234 0014 18B1     		cbz	r0, .L155
 171:Middlewares/LVGL/lvgl/src/widgets/arclabel/lv_arclabel.c ****         arclabel->text = NULL;
 2235              		.loc 1 171 9 is_stmt 1 view .LVU719
 2236 0016 FFF7FEFF 		bl	lv_free
 2237              	.LVL248:
 172:Middlewares/LVGL/lvgl/src/widgets/arclabel/lv_arclabel.c ****     }
 2238              		.loc 1 172 9 view .LVU720
 172:Middlewares/LVGL/lvgl/src/widgets/arclabel/lv_arclabel.c ****     }
 2239              		.loc 1 172 24 is_stmt 0 view .LVU721
 2240 001a 0023     		movs	r3, #0
 2241 001c 2363     		str	r3, [r4, #48]
 2242              	.L155:
 175:Middlewares/LVGL/lvgl/src/widgets/arclabel/lv_arclabel.c ****         arclabel->static_txt = 1;
 2243              		.loc 1 175 5 is_stmt 1 view .LVU722
 175:Middlewares/LVGL/lvgl/src/widgets/arclabel/lv_arclabel.c ****         arclabel->static_txt = 1;
 2244              		.loc 1 175 7 is_stmt 0 view .LVU723
 2245 001e 35B1     		cbz	r5, .L156
ARM GAS  C:\Users\w1785\AppData\Local\Temp\ccYSPyVl.s 			page 86


 176:Middlewares/LVGL/lvgl/src/widgets/arclabel/lv_arclabel.c ****         arclabel->text       = (char *)text;
 2246              		.loc 1 176 9 is_stmt 1 view .LVU724
 176:Middlewares/LVGL/lvgl/src/widgets/arclabel/lv_arclabel.c ****         arclabel->text       = (char *)text;
 2247              		.loc 1 176 30 is_stmt 0 view .LVU725
 2248 0020 94F85730 		ldrb	r3, [r4, #87]	@ zero_extendqisi2
 2249 0024 43F00103 		orr	r3, r3, #1
 2250 0028 84F85730 		strb	r3, [r4, #87]
 177:Middlewares/LVGL/lvgl/src/widgets/arclabel/lv_arclabel.c ****     }
 2251              		.loc 1 177 9 is_stmt 1 view .LVU726
 177:Middlewares/LVGL/lvgl/src/widgets/arclabel/lv_arclabel.c ****     }
 2252              		.loc 1 177 30 is_stmt 0 view .LVU727
 2253 002c 2563     		str	r5, [r4, #48]
 2254              	.L156:
 180:Middlewares/LVGL/lvgl/src/widgets/arclabel/lv_arclabel.c **** }
 2255              		.loc 1 180 5 is_stmt 1 view .LVU728
 2256 002e 2046     		mov	r0, r4
 2257 0030 FFF7FEFF 		bl	lv_obj_invalidate
 2258              	.LVL249:
 181:Middlewares/LVGL/lvgl/src/widgets/arclabel/lv_arclabel.c **** 
 2259              		.loc 1 181 1 is_stmt 0 view .LVU729
 2260 0034 38BD     		pop	{r3, r4, r5, pc}
 2261              	.LVL250:
 2262              	.L154:
 2263              	.LCFI28:
 2264              		.cfi_def_cfa_offset 0
 2265              		.cfi_restore 3
 2266              		.cfi_restore 4
 2267              		.cfi_restore 5
 2268              		.cfi_restore 14
 167:Middlewares/LVGL/lvgl/src/widgets/arclabel/lv_arclabel.c ****     lv_arclabel_t * arclabel = (lv_arclabel_t *)obj;
 2269              		.loc 1 167 5 is_stmt 1 view .LVU730
 167:Middlewares/LVGL/lvgl/src/widgets/arclabel/lv_arclabel.c ****     lv_arclabel_t * arclabel = (lv_arclabel_t *)obj;
 2270              		.loc 1 167 5 view .LVU731
 167:Middlewares/LVGL/lvgl/src/widgets/arclabel/lv_arclabel.c ****     lv_arclabel_t * arclabel = (lv_arclabel_t *)obj;
 2271              		.loc 1 167 5 view .LVU732
 167:Middlewares/LVGL/lvgl/src/widgets/arclabel/lv_arclabel.c ****     lv_arclabel_t * arclabel = (lv_arclabel_t *)obj;
 2272              		.loc 1 167 5 view .LVU733
 167:Middlewares/LVGL/lvgl/src/widgets/arclabel/lv_arclabel.c ****     lv_arclabel_t * arclabel = (lv_arclabel_t *)obj;
 2273              		.loc 1 167 5 view .LVU734
 2274 0036 FEE7     		b	.L154
 2275              		.cfi_endproc
 2276              	.LFE194:
 2278              		.section	.rodata.lv_arclabel_constructor.str1.4,"aMS",%progbits,1
 2279              		.align	2
 2280              	.LC0:
 2281 0000 41726365 		.ascii	"Arced Text\000"
 2281      64205465 
 2281      787400
 2282              		.section	.text.lv_arclabel_constructor,"ax",%progbits
 2283              		.align	1
 2284              		.syntax unified
 2285              		.thumb
 2286              		.thumb_func
 2288              	lv_arclabel_constructor:
 2289              	.LVL251:
 2290              	.LFB219:
 377:Middlewares/LVGL/lvgl/src/widgets/arclabel/lv_arclabel.c ****     LV_UNUSED(class_p);
ARM GAS  C:\Users\w1785\AppData\Local\Temp\ccYSPyVl.s 			page 87


 2291              		.loc 1 377 1 view -0
 2292              		.cfi_startproc
 2293              		@ args = 0, pretend = 0, frame = 0
 2294              		@ frame_needed = 0, uses_anonymous_args = 0
 377:Middlewares/LVGL/lvgl/src/widgets/arclabel/lv_arclabel.c ****     LV_UNUSED(class_p);
 2295              		.loc 1 377 1 is_stmt 0 view .LVU736
 2296 0000 10B5     		push	{r4, lr}
 2297              	.LCFI29:
 2298              		.cfi_def_cfa_offset 8
 2299              		.cfi_offset 4, -8
 2300              		.cfi_offset 14, -4
 2301 0002 0C46     		mov	r4, r1
 378:Middlewares/LVGL/lvgl/src/widgets/arclabel/lv_arclabel.c ****     LV_TRACE_OBJ_CREATE("begin");
 2302              		.loc 1 378 5 is_stmt 1 view .LVU737
 379:Middlewares/LVGL/lvgl/src/widgets/arclabel/lv_arclabel.c **** 
 2303              		.loc 1 379 33 view .LVU738
 381:Middlewares/LVGL/lvgl/src/widgets/arclabel/lv_arclabel.c **** 
 2304              		.loc 1 381 5 view .LVU739
 2305              	.LVL252:
 383:Middlewares/LVGL/lvgl/src/widgets/arclabel/lv_arclabel.c ****     arc->angle_size  = 360;
 2306              		.loc 1 383 5 view .LVU740
 383:Middlewares/LVGL/lvgl/src/widgets/arclabel/lv_arclabel.c ****     arc->angle_size  = 360;
 2307              		.loc 1 383 22 is_stmt 0 view .LVU741
 2308 0004 0023     		movs	r3, #0
 2309 0006 CB63     		str	r3, [r1, #60]
 384:Middlewares/LVGL/lvgl/src/widgets/arclabel/lv_arclabel.c ****     arc->dir = LV_ARCLABEL_DIR_CLOCKWISE;
 2310              		.loc 1 384 5 is_stmt 1 view .LVU742
 384:Middlewares/LVGL/lvgl/src/widgets/arclabel/lv_arclabel.c ****     arc->dir = LV_ARCLABEL_DIR_CLOCKWISE;
 2311              		.loc 1 384 22 is_stmt 0 view .LVU743
 2312 0008 4FF4B472 		mov	r2, #360
 2313 000c 0A64     		str	r2, [r1, #64]
 385:Middlewares/LVGL/lvgl/src/widgets/arclabel/lv_arclabel.c ****     arc->recolor = false;
 2314              		.loc 1 385 5 is_stmt 1 view .LVU744
 385:Middlewares/LVGL/lvgl/src/widgets/arclabel/lv_arclabel.c ****     arc->recolor = false;
 2315              		.loc 1 385 14 is_stmt 0 view .LVU745
 2316 000e 81F85430 		strb	r3, [r1, #84]
 386:Middlewares/LVGL/lvgl/src/widgets/arclabel/lv_arclabel.c ****     arc->overflow = LV_ARCLABEL_OVERFLOW_CLIP;
 2317              		.loc 1 386 5 is_stmt 1 view .LVU746
 386:Middlewares/LVGL/lvgl/src/widgets/arclabel/lv_arclabel.c ****     arc->overflow = LV_ARCLABEL_OVERFLOW_CLIP;
 2318              		.loc 1 386 18 is_stmt 0 view .LVU747
 2319 0012 91F85720 		ldrb	r2, [r1, #87]	@ zero_extendqisi2
 2320 0016 63F34102 		bfi	r2, r3, #1, #1
 2321 001a 81F85720 		strb	r2, [r1, #87]
 387:Middlewares/LVGL/lvgl/src/widgets/arclabel/lv_arclabel.c ****     arc->end_overlap = true;
 2322              		.loc 1 387 5 is_stmt 1 view .LVU748
 387:Middlewares/LVGL/lvgl/src/widgets/arclabel/lv_arclabel.c ****     arc->end_overlap = true;
 2323              		.loc 1 387 19 is_stmt 0 view .LVU749
 2324 001e D3B2     		uxtb	r3, r2
 2325 0020 0222     		movs	r2, #2
 2326 0022 62F38303 		bfi	r3, r2, #2, #2
 2327 0026 81F85730 		strb	r3, [r1, #87]
 388:Middlewares/LVGL/lvgl/src/widgets/arclabel/lv_arclabel.c **** 
 2328              		.loc 1 388 5 is_stmt 1 view .LVU750
 388:Middlewares/LVGL/lvgl/src/widgets/arclabel/lv_arclabel.c **** 
 2329              		.loc 1 388 22 is_stmt 0 view .LVU751
 2330 002a DBB2     		uxtb	r3, r3
 2331 002c 43F01003 		orr	r3, r3, #16
ARM GAS  C:\Users\w1785\AppData\Local\Temp\ccYSPyVl.s 			page 88


 2332 0030 81F85730 		strb	r3, [r1, #87]
 390:Middlewares/LVGL/lvgl/src/widgets/arclabel/lv_arclabel.c **** 
 2333              		.loc 1 390 5 is_stmt 1 view .LVU752
 2334 0034 0449     		ldr	r1, .L161
 2335              	.LVL253:
 390:Middlewares/LVGL/lvgl/src/widgets/arclabel/lv_arclabel.c **** 
 2336              		.loc 1 390 5 is_stmt 0 view .LVU753
 2337 0036 2046     		mov	r0, r4
 2338              	.LVL254:
 390:Middlewares/LVGL/lvgl/src/widgets/arclabel/lv_arclabel.c **** 
 2339              		.loc 1 390 5 view .LVU754
 2340 0038 FFF7FEFF 		bl	lv_arclabel_set_text_static
 2341              	.LVL255:
 392:Middlewares/LVGL/lvgl/src/widgets/arclabel/lv_arclabel.c **** 
 2342              		.loc 1 392 5 is_stmt 1 view .LVU755
 2343 003c 40F21231 		movw	r1, #786
 2344 0040 2046     		mov	r0, r4
 2345 0042 FFF7FEFF 		bl	lv_obj_remove_flag
 2346              	.LVL256:
 394:Middlewares/LVGL/lvgl/src/widgets/arclabel/lv_arclabel.c **** }
 2347              		.loc 1 394 36 view .LVU756
 395:Middlewares/LVGL/lvgl/src/widgets/arclabel/lv_arclabel.c **** 
 2348              		.loc 1 395 1 is_stmt 0 view .LVU757
 2349 0046 10BD     		pop	{r4, pc}
 2350              	.LVL257:
 2351              	.L162:
 395:Middlewares/LVGL/lvgl/src/widgets/arclabel/lv_arclabel.c **** 
 2352              		.loc 1 395 1 view .LVU758
 2353              		.align	2
 2354              	.L161:
 2355 0048 00000000 		.word	.LC0
 2356              		.cfi_endproc
 2357              	.LFE219:
 2359              		.section	.text.lv_arclabel_set_angle_start,"ax",%progbits
 2360              		.align	1
 2361              		.global	lv_arclabel_set_angle_start
 2362              		.syntax unified
 2363              		.thumb
 2364              		.thumb_func
 2366              	lv_arclabel_set_angle_start:
 2367              	.LVL258:
 2368              	.LFB195:
 184:Middlewares/LVGL/lvgl/src/widgets/arclabel/lv_arclabel.c ****     LV_ASSERT_OBJ(obj, MY_CLASS);
 2369              		.loc 1 184 1 is_stmt 1 view -0
 2370              		.cfi_startproc
 2371              		@ args = 0, pretend = 0, frame = 0
 2372              		@ frame_needed = 0, uses_anonymous_args = 0
 185:Middlewares/LVGL/lvgl/src/widgets/arclabel/lv_arclabel.c ****     lv_arclabel_t * arc = (lv_arclabel_t *)obj;
 2373              		.loc 1 185 5 view .LVU760
 185:Middlewares/LVGL/lvgl/src/widgets/arclabel/lv_arclabel.c ****     lv_arclabel_t * arc = (lv_arclabel_t *)obj;
 2374              		.loc 1 185 5 view .LVU761
 2375 0000 20B1     		cbz	r0, .L165
 184:Middlewares/LVGL/lvgl/src/widgets/arclabel/lv_arclabel.c ****     LV_ASSERT_OBJ(obj, MY_CLASS);
 2376              		.loc 1 184 1 is_stmt 0 view .LVU762
 2377 0002 08B5     		push	{r3, lr}
 2378              	.LCFI30:
 2379              		.cfi_def_cfa_offset 8
ARM GAS  C:\Users\w1785\AppData\Local\Temp\ccYSPyVl.s 			page 89


 2380              		.cfi_offset 3, -8
 2381              		.cfi_offset 14, -4
 185:Middlewares/LVGL/lvgl/src/widgets/arclabel/lv_arclabel.c ****     lv_arclabel_t * arc = (lv_arclabel_t *)obj;
 2382              		.loc 1 185 5 is_stmt 1 view .LVU763
 185:Middlewares/LVGL/lvgl/src/widgets/arclabel/lv_arclabel.c ****     lv_arclabel_t * arc = (lv_arclabel_t *)obj;
 2383              		.loc 1 185 33 view .LVU764
 186:Middlewares/LVGL/lvgl/src/widgets/arclabel/lv_arclabel.c **** 
 2384              		.loc 1 186 5 view .LVU765
 2385              	.LVL259:
 188:Middlewares/LVGL/lvgl/src/widgets/arclabel/lv_arclabel.c ****     lv_obj_invalidate(obj);
 2386              		.loc 1 188 5 view .LVU766
 188:Middlewares/LVGL/lvgl/src/widgets/arclabel/lv_arclabel.c ****     lv_obj_invalidate(obj);
 2387              		.loc 1 188 22 is_stmt 0 view .LVU767
 2388 0004 C163     		str	r1, [r0, #60]
 189:Middlewares/LVGL/lvgl/src/widgets/arclabel/lv_arclabel.c **** }
 2389              		.loc 1 189 5 is_stmt 1 view .LVU768
 2390 0006 FFF7FEFF 		bl	lv_obj_invalidate
 2391              	.LVL260:
 190:Middlewares/LVGL/lvgl/src/widgets/arclabel/lv_arclabel.c **** 
 2392              		.loc 1 190 1 is_stmt 0 view .LVU769
 2393 000a 08BD     		pop	{r3, pc}
 2394              	.LVL261:
 2395              	.L165:
 2396              	.LCFI31:
 2397              		.cfi_def_cfa_offset 0
 2398              		.cfi_restore 3
 2399              		.cfi_restore 14
 185:Middlewares/LVGL/lvgl/src/widgets/arclabel/lv_arclabel.c ****     lv_arclabel_t * arc = (lv_arclabel_t *)obj;
 2400              		.loc 1 185 5 is_stmt 1 view .LVU770
 185:Middlewares/LVGL/lvgl/src/widgets/arclabel/lv_arclabel.c ****     lv_arclabel_t * arc = (lv_arclabel_t *)obj;
 2401              		.loc 1 185 5 view .LVU771
 185:Middlewares/LVGL/lvgl/src/widgets/arclabel/lv_arclabel.c ****     lv_arclabel_t * arc = (lv_arclabel_t *)obj;
 2402              		.loc 1 185 5 view .LVU772
 185:Middlewares/LVGL/lvgl/src/widgets/arclabel/lv_arclabel.c ****     lv_arclabel_t * arc = (lv_arclabel_t *)obj;
 2403              		.loc 1 185 5 view .LVU773
 185:Middlewares/LVGL/lvgl/src/widgets/arclabel/lv_arclabel.c ****     lv_arclabel_t * arc = (lv_arclabel_t *)obj;
 2404              		.loc 1 185 5 view .LVU774
 2405 000c FEE7     		b	.L165
 2406              		.cfi_endproc
 2407              	.LFE195:
 2409              		.section	.text.lv_arclabel_set_angle_size,"ax",%progbits
 2410              		.align	1
 2411              		.global	lv_arclabel_set_angle_size
 2412              		.syntax unified
 2413              		.thumb
 2414              		.thumb_func
 2416              	lv_arclabel_set_angle_size:
 2417              	.LVL262:
 2418              	.LFB196:
 193:Middlewares/LVGL/lvgl/src/widgets/arclabel/lv_arclabel.c ****     LV_ASSERT_OBJ(obj, MY_CLASS);
 2419              		.loc 1 193 1 view -0
 2420              		.cfi_startproc
 2421              		@ args = 0, pretend = 0, frame = 0
 2422              		@ frame_needed = 0, uses_anonymous_args = 0
 194:Middlewares/LVGL/lvgl/src/widgets/arclabel/lv_arclabel.c ****     lv_arclabel_t * arc = (lv_arclabel_t *)obj;
 2423              		.loc 1 194 5 view .LVU776
 194:Middlewares/LVGL/lvgl/src/widgets/arclabel/lv_arclabel.c ****     lv_arclabel_t * arc = (lv_arclabel_t *)obj;
ARM GAS  C:\Users\w1785\AppData\Local\Temp\ccYSPyVl.s 			page 90


 2424              		.loc 1 194 5 view .LVU777
 2425 0000 20B1     		cbz	r0, .L170
 193:Middlewares/LVGL/lvgl/src/widgets/arclabel/lv_arclabel.c ****     LV_ASSERT_OBJ(obj, MY_CLASS);
 2426              		.loc 1 193 1 is_stmt 0 view .LVU778
 2427 0002 08B5     		push	{r3, lr}
 2428              	.LCFI32:
 2429              		.cfi_def_cfa_offset 8
 2430              		.cfi_offset 3, -8
 2431              		.cfi_offset 14, -4
 194:Middlewares/LVGL/lvgl/src/widgets/arclabel/lv_arclabel.c ****     lv_arclabel_t * arc = (lv_arclabel_t *)obj;
 2432              		.loc 1 194 5 is_stmt 1 view .LVU779
 194:Middlewares/LVGL/lvgl/src/widgets/arclabel/lv_arclabel.c ****     lv_arclabel_t * arc = (lv_arclabel_t *)obj;
 2433              		.loc 1 194 33 view .LVU780
 195:Middlewares/LVGL/lvgl/src/widgets/arclabel/lv_arclabel.c **** 
 2434              		.loc 1 195 5 view .LVU781
 2435              	.LVL263:
 197:Middlewares/LVGL/lvgl/src/widgets/arclabel/lv_arclabel.c ****     lv_obj_invalidate(obj);
 2436              		.loc 1 197 5 view .LVU782
 197:Middlewares/LVGL/lvgl/src/widgets/arclabel/lv_arclabel.c ****     lv_obj_invalidate(obj);
 2437              		.loc 1 197 21 is_stmt 0 view .LVU783
 2438 0004 0164     		str	r1, [r0, #64]
 198:Middlewares/LVGL/lvgl/src/widgets/arclabel/lv_arclabel.c **** }
 2439              		.loc 1 198 5 is_stmt 1 view .LVU784
 2440 0006 FFF7FEFF 		bl	lv_obj_invalidate
 2441              	.LVL264:
 199:Middlewares/LVGL/lvgl/src/widgets/arclabel/lv_arclabel.c **** 
 2442              		.loc 1 199 1 is_stmt 0 view .LVU785
 2443 000a 08BD     		pop	{r3, pc}
 2444              	.LVL265:
 2445              	.L170:
 2446              	.LCFI33:
 2447              		.cfi_def_cfa_offset 0
 2448              		.cfi_restore 3
 2449              		.cfi_restore 14
 194:Middlewares/LVGL/lvgl/src/widgets/arclabel/lv_arclabel.c ****     lv_arclabel_t * arc = (lv_arclabel_t *)obj;
 2450              		.loc 1 194 5 is_stmt 1 view .LVU786
 194:Middlewares/LVGL/lvgl/src/widgets/arclabel/lv_arclabel.c ****     lv_arclabel_t * arc = (lv_arclabel_t *)obj;
 2451              		.loc 1 194 5 view .LVU787
 194:Middlewares/LVGL/lvgl/src/widgets/arclabel/lv_arclabel.c ****     lv_arclabel_t * arc = (lv_arclabel_t *)obj;
 2452              		.loc 1 194 5 view .LVU788
 194:Middlewares/LVGL/lvgl/src/widgets/arclabel/lv_arclabel.c ****     lv_arclabel_t * arc = (lv_arclabel_t *)obj;
 2453              		.loc 1 194 5 view .LVU789
 194:Middlewares/LVGL/lvgl/src/widgets/arclabel/lv_arclabel.c ****     lv_arclabel_t * arc = (lv_arclabel_t *)obj;
 2454              		.loc 1 194 5 view .LVU790
 2455 000c FEE7     		b	.L170
 2456              		.cfi_endproc
 2457              	.LFE196:
 2459              		.section	.text.lv_arclabel_set_offset,"ax",%progbits
 2460              		.align	1
 2461              		.global	lv_arclabel_set_offset
 2462              		.syntax unified
 2463              		.thumb
 2464              		.thumb_func
 2466              	lv_arclabel_set_offset:
 2467              	.LVL266:
 2468              	.LFB197:
 202:Middlewares/LVGL/lvgl/src/widgets/arclabel/lv_arclabel.c ****     LV_ASSERT_OBJ(obj, MY_CLASS);
ARM GAS  C:\Users\w1785\AppData\Local\Temp\ccYSPyVl.s 			page 91


 2469              		.loc 1 202 1 view -0
 2470              		.cfi_startproc
 2471              		@ args = 0, pretend = 0, frame = 0
 2472              		@ frame_needed = 0, uses_anonymous_args = 0
 203:Middlewares/LVGL/lvgl/src/widgets/arclabel/lv_arclabel.c ****     lv_arclabel_t * arc = (lv_arclabel_t *)obj;
 2473              		.loc 1 203 5 view .LVU792
 203:Middlewares/LVGL/lvgl/src/widgets/arclabel/lv_arclabel.c ****     lv_arclabel_t * arc = (lv_arclabel_t *)obj;
 2474              		.loc 1 203 5 view .LVU793
 2475 0000 20B1     		cbz	r0, .L175
 202:Middlewares/LVGL/lvgl/src/widgets/arclabel/lv_arclabel.c ****     LV_ASSERT_OBJ(obj, MY_CLASS);
 2476              		.loc 1 202 1 is_stmt 0 view .LVU794
 2477 0002 08B5     		push	{r3, lr}
 2478              	.LCFI34:
 2479              		.cfi_def_cfa_offset 8
 2480              		.cfi_offset 3, -8
 2481              		.cfi_offset 14, -4
 203:Middlewares/LVGL/lvgl/src/widgets/arclabel/lv_arclabel.c ****     lv_arclabel_t * arc = (lv_arclabel_t *)obj;
 2482              		.loc 1 203 5 is_stmt 1 view .LVU795
 203:Middlewares/LVGL/lvgl/src/widgets/arclabel/lv_arclabel.c ****     lv_arclabel_t * arc = (lv_arclabel_t *)obj;
 2483              		.loc 1 203 33 view .LVU796
 204:Middlewares/LVGL/lvgl/src/widgets/arclabel/lv_arclabel.c **** 
 2484              		.loc 1 204 5 view .LVU797
 2485              	.LVL267:
 206:Middlewares/LVGL/lvgl/src/widgets/arclabel/lv_arclabel.c ****     lv_obj_invalidate(obj);
 2486              		.loc 1 206 5 view .LVU798
 206:Middlewares/LVGL/lvgl/src/widgets/arclabel/lv_arclabel.c ****     lv_obj_invalidate(obj);
 2487              		.loc 1 206 17 is_stmt 0 view .LVU799
 2488 0004 4164     		str	r1, [r0, #68]
 207:Middlewares/LVGL/lvgl/src/widgets/arclabel/lv_arclabel.c **** }
 2489              		.loc 1 207 5 is_stmt 1 view .LVU800
 2490 0006 FFF7FEFF 		bl	lv_obj_invalidate
 2491              	.LVL268:
 208:Middlewares/LVGL/lvgl/src/widgets/arclabel/lv_arclabel.c **** 
 2492              		.loc 1 208 1 is_stmt 0 view .LVU801
 2493 000a 08BD     		pop	{r3, pc}
 2494              	.LVL269:
 2495              	.L175:
 2496              	.LCFI35:
 2497              		.cfi_def_cfa_offset 0
 2498              		.cfi_restore 3
 2499              		.cfi_restore 14
 203:Middlewares/LVGL/lvgl/src/widgets/arclabel/lv_arclabel.c ****     lv_arclabel_t * arc = (lv_arclabel_t *)obj;
 2500              		.loc 1 203 5 is_stmt 1 view .LVU802
 203:Middlewares/LVGL/lvgl/src/widgets/arclabel/lv_arclabel.c ****     lv_arclabel_t * arc = (lv_arclabel_t *)obj;
 2501              		.loc 1 203 5 view .LVU803
 203:Middlewares/LVGL/lvgl/src/widgets/arclabel/lv_arclabel.c ****     lv_arclabel_t * arc = (lv_arclabel_t *)obj;
 2502              		.loc 1 203 5 view .LVU804
 203:Middlewares/LVGL/lvgl/src/widgets/arclabel/lv_arclabel.c ****     lv_arclabel_t * arc = (lv_arclabel_t *)obj;
 2503              		.loc 1 203 5 view .LVU805
 203:Middlewares/LVGL/lvgl/src/widgets/arclabel/lv_arclabel.c ****     lv_arclabel_t * arc = (lv_arclabel_t *)obj;
 2504              		.loc 1 203 5 view .LVU806
 2505 000c FEE7     		b	.L175
 2506              		.cfi_endproc
 2507              	.LFE197:
 2509              		.section	.text.lv_arclabel_set_dir,"ax",%progbits
 2510              		.align	1
 2511              		.global	lv_arclabel_set_dir
ARM GAS  C:\Users\w1785\AppData\Local\Temp\ccYSPyVl.s 			page 92


 2512              		.syntax unified
 2513              		.thumb
 2514              		.thumb_func
 2516              	lv_arclabel_set_dir:
 2517              	.LVL270:
 2518              	.LFB198:
 211:Middlewares/LVGL/lvgl/src/widgets/arclabel/lv_arclabel.c ****     LV_ASSERT_OBJ(obj, MY_CLASS);
 2519              		.loc 1 211 1 view -0
 2520              		.cfi_startproc
 2521              		@ args = 0, pretend = 0, frame = 0
 2522              		@ frame_needed = 0, uses_anonymous_args = 0
 212:Middlewares/LVGL/lvgl/src/widgets/arclabel/lv_arclabel.c ****     lv_arclabel_t * arc = (lv_arclabel_t *)obj;
 2523              		.loc 1 212 5 view .LVU808
 212:Middlewares/LVGL/lvgl/src/widgets/arclabel/lv_arclabel.c ****     lv_arclabel_t * arc = (lv_arclabel_t *)obj;
 2524              		.loc 1 212 5 view .LVU809
 2525 0000 28B1     		cbz	r0, .L180
 211:Middlewares/LVGL/lvgl/src/widgets/arclabel/lv_arclabel.c ****     LV_ASSERT_OBJ(obj, MY_CLASS);
 2526              		.loc 1 211 1 is_stmt 0 view .LVU810
 2527 0002 08B5     		push	{r3, lr}
 2528              	.LCFI36:
 2529              		.cfi_def_cfa_offset 8
 2530              		.cfi_offset 3, -8
 2531              		.cfi_offset 14, -4
 212:Middlewares/LVGL/lvgl/src/widgets/arclabel/lv_arclabel.c ****     lv_arclabel_t * arc = (lv_arclabel_t *)obj;
 2532              		.loc 1 212 5 is_stmt 1 view .LVU811
 212:Middlewares/LVGL/lvgl/src/widgets/arclabel/lv_arclabel.c ****     lv_arclabel_t * arc = (lv_arclabel_t *)obj;
 2533              		.loc 1 212 33 view .LVU812
 213:Middlewares/LVGL/lvgl/src/widgets/arclabel/lv_arclabel.c **** 
 2534              		.loc 1 213 5 view .LVU813
 2535              	.LVL271:
 215:Middlewares/LVGL/lvgl/src/widgets/arclabel/lv_arclabel.c ****     lv_obj_invalidate(obj);
 2536              		.loc 1 215 5 view .LVU814
 215:Middlewares/LVGL/lvgl/src/widgets/arclabel/lv_arclabel.c ****     lv_obj_invalidate(obj);
 2537              		.loc 1 215 14 is_stmt 0 view .LVU815
 2538 0004 80F85410 		strb	r1, [r0, #84]
 216:Middlewares/LVGL/lvgl/src/widgets/arclabel/lv_arclabel.c **** }
 2539              		.loc 1 216 5 is_stmt 1 view .LVU816
 2540 0008 FFF7FEFF 		bl	lv_obj_invalidate
 2541              	.LVL272:
 217:Middlewares/LVGL/lvgl/src/widgets/arclabel/lv_arclabel.c **** 
 2542              		.loc 1 217 1 is_stmt 0 view .LVU817
 2543 000c 08BD     		pop	{r3, pc}
 2544              	.LVL273:
 2545              	.L180:
 2546              	.LCFI37:
 2547              		.cfi_def_cfa_offset 0
 2548              		.cfi_restore 3
 2549              		.cfi_restore 14
 212:Middlewares/LVGL/lvgl/src/widgets/arclabel/lv_arclabel.c ****     lv_arclabel_t * arc = (lv_arclabel_t *)obj;
 2550              		.loc 1 212 5 is_stmt 1 view .LVU818
 212:Middlewares/LVGL/lvgl/src/widgets/arclabel/lv_arclabel.c ****     lv_arclabel_t * arc = (lv_arclabel_t *)obj;
 2551              		.loc 1 212 5 view .LVU819
 212:Middlewares/LVGL/lvgl/src/widgets/arclabel/lv_arclabel.c ****     lv_arclabel_t * arc = (lv_arclabel_t *)obj;
 2552              		.loc 1 212 5 view .LVU820
 212:Middlewares/LVGL/lvgl/src/widgets/arclabel/lv_arclabel.c ****     lv_arclabel_t * arc = (lv_arclabel_t *)obj;
 2553              		.loc 1 212 5 view .LVU821
 212:Middlewares/LVGL/lvgl/src/widgets/arclabel/lv_arclabel.c ****     lv_arclabel_t * arc = (lv_arclabel_t *)obj;
ARM GAS  C:\Users\w1785\AppData\Local\Temp\ccYSPyVl.s 			page 93


 2554              		.loc 1 212 5 view .LVU822
 2555 000e FEE7     		b	.L180
 2556              		.cfi_endproc
 2557              	.LFE198:
 2559              		.section	.text.lv_arclabel_set_recolor,"ax",%progbits
 2560              		.align	1
 2561              		.global	lv_arclabel_set_recolor
 2562              		.syntax unified
 2563              		.thumb
 2564              		.thumb_func
 2566              	lv_arclabel_set_recolor:
 2567              	.LVL274:
 2568              	.LFB199:
 220:Middlewares/LVGL/lvgl/src/widgets/arclabel/lv_arclabel.c ****     LV_ASSERT_OBJ(obj, MY_CLASS);
 2569              		.loc 1 220 1 view -0
 2570              		.cfi_startproc
 2571              		@ args = 0, pretend = 0, frame = 0
 2572              		@ frame_needed = 0, uses_anonymous_args = 0
 221:Middlewares/LVGL/lvgl/src/widgets/arclabel/lv_arclabel.c ****     lv_arclabel_t * arc = (lv_arclabel_t *)obj;
 2573              		.loc 1 221 5 view .LVU824
 221:Middlewares/LVGL/lvgl/src/widgets/arclabel/lv_arclabel.c ****     lv_arclabel_t * arc = (lv_arclabel_t *)obj;
 2574              		.loc 1 221 5 view .LVU825
 2575 0000 48B1     		cbz	r0, .L185
 220:Middlewares/LVGL/lvgl/src/widgets/arclabel/lv_arclabel.c ****     LV_ASSERT_OBJ(obj, MY_CLASS);
 2576              		.loc 1 220 1 is_stmt 0 view .LVU826
 2577 0002 08B5     		push	{r3, lr}
 2578              	.LCFI38:
 2579              		.cfi_def_cfa_offset 8
 2580              		.cfi_offset 3, -8
 2581              		.cfi_offset 14, -4
 221:Middlewares/LVGL/lvgl/src/widgets/arclabel/lv_arclabel.c ****     lv_arclabel_t * arc = (lv_arclabel_t *)obj;
 2582              		.loc 1 221 5 is_stmt 1 view .LVU827
 221:Middlewares/LVGL/lvgl/src/widgets/arclabel/lv_arclabel.c ****     lv_arclabel_t * arc = (lv_arclabel_t *)obj;
 2583              		.loc 1 221 33 view .LVU828
 222:Middlewares/LVGL/lvgl/src/widgets/arclabel/lv_arclabel.c ****     arc->recolor = en;
 2584              		.loc 1 222 5 view .LVU829
 2585              	.LVL275:
 223:Middlewares/LVGL/lvgl/src/widgets/arclabel/lv_arclabel.c ****     lv_obj_invalidate(obj);
 2586              		.loc 1 223 5 view .LVU830
 223:Middlewares/LVGL/lvgl/src/widgets/arclabel/lv_arclabel.c ****     lv_obj_invalidate(obj);
 2587              		.loc 1 223 18 is_stmt 0 view .LVU831
 2588 0004 90F85720 		ldrb	r2, [r0, #87]	@ zero_extendqisi2
 2589 0008 61F34102 		bfi	r2, r1, #1, #1
 2590 000c 80F85720 		strb	r2, [r0, #87]
 224:Middlewares/LVGL/lvgl/src/widgets/arclabel/lv_arclabel.c **** }
 2591              		.loc 1 224 5 is_stmt 1 view .LVU832
 2592 0010 FFF7FEFF 		bl	lv_obj_invalidate
 2593              	.LVL276:
 225:Middlewares/LVGL/lvgl/src/widgets/arclabel/lv_arclabel.c **** 
 2594              		.loc 1 225 1 is_stmt 0 view .LVU833
 2595 0014 08BD     		pop	{r3, pc}
 2596              	.LVL277:
 2597              	.L185:
 2598              	.LCFI39:
 2599              		.cfi_def_cfa_offset 0
 2600              		.cfi_restore 3
 2601              		.cfi_restore 14
ARM GAS  C:\Users\w1785\AppData\Local\Temp\ccYSPyVl.s 			page 94


 221:Middlewares/LVGL/lvgl/src/widgets/arclabel/lv_arclabel.c ****     lv_arclabel_t * arc = (lv_arclabel_t *)obj;
 2602              		.loc 1 221 5 is_stmt 1 view .LVU834
 221:Middlewares/LVGL/lvgl/src/widgets/arclabel/lv_arclabel.c ****     lv_arclabel_t * arc = (lv_arclabel_t *)obj;
 2603              		.loc 1 221 5 view .LVU835
 221:Middlewares/LVGL/lvgl/src/widgets/arclabel/lv_arclabel.c ****     lv_arclabel_t * arc = (lv_arclabel_t *)obj;
 2604              		.loc 1 221 5 view .LVU836
 221:Middlewares/LVGL/lvgl/src/widgets/arclabel/lv_arclabel.c ****     lv_arclabel_t * arc = (lv_arclabel_t *)obj;
 2605              		.loc 1 221 5 view .LVU837
 221:Middlewares/LVGL/lvgl/src/widgets/arclabel/lv_arclabel.c ****     lv_arclabel_t * arc = (lv_arclabel_t *)obj;
 2606              		.loc 1 221 5 view .LVU838
 2607 0016 FEE7     		b	.L185
 2608              		.cfi_endproc
 2609              	.LFE199:
 2611              		.section	.text.lv_arclabel_set_radius,"ax",%progbits
 2612              		.align	1
 2613              		.global	lv_arclabel_set_radius
 2614              		.syntax unified
 2615              		.thumb
 2616              		.thumb_func
 2618              	lv_arclabel_set_radius:
 2619              	.LVL278:
 2620              	.LFB200:
 228:Middlewares/LVGL/lvgl/src/widgets/arclabel/lv_arclabel.c ****     LV_ASSERT_OBJ(obj, MY_CLASS);
 2621              		.loc 1 228 1 view -0
 2622              		.cfi_startproc
 2623              		@ args = 0, pretend = 0, frame = 0
 2624              		@ frame_needed = 0, uses_anonymous_args = 0
 229:Middlewares/LVGL/lvgl/src/widgets/arclabel/lv_arclabel.c ****     lv_arclabel_t * arc = (lv_arclabel_t *)obj;
 2625              		.loc 1 229 5 view .LVU840
 229:Middlewares/LVGL/lvgl/src/widgets/arclabel/lv_arclabel.c ****     lv_arclabel_t * arc = (lv_arclabel_t *)obj;
 2626              		.loc 1 229 5 view .LVU841
 2627 0000 20B1     		cbz	r0, .L190
 228:Middlewares/LVGL/lvgl/src/widgets/arclabel/lv_arclabel.c ****     LV_ASSERT_OBJ(obj, MY_CLASS);
 2628              		.loc 1 228 1 is_stmt 0 view .LVU842
 2629 0002 08B5     		push	{r3, lr}
 2630              	.LCFI40:
 2631              		.cfi_def_cfa_offset 8
 2632              		.cfi_offset 3, -8
 2633              		.cfi_offset 14, -4
 229:Middlewares/LVGL/lvgl/src/widgets/arclabel/lv_arclabel.c ****     lv_arclabel_t * arc = (lv_arclabel_t *)obj;
 2634              		.loc 1 229 5 is_stmt 1 view .LVU843
 229:Middlewares/LVGL/lvgl/src/widgets/arclabel/lv_arclabel.c ****     lv_arclabel_t * arc = (lv_arclabel_t *)obj;
 2635              		.loc 1 229 33 view .LVU844
 230:Middlewares/LVGL/lvgl/src/widgets/arclabel/lv_arclabel.c **** 
 2636              		.loc 1 230 5 view .LVU845
 2637              	.LVL279:
 232:Middlewares/LVGL/lvgl/src/widgets/arclabel/lv_arclabel.c ****     lv_obj_invalidate(obj);
 2638              		.loc 1 232 5 view .LVU846
 232:Middlewares/LVGL/lvgl/src/widgets/arclabel/lv_arclabel.c ****     lv_obj_invalidate(obj);
 2639              		.loc 1 232 17 is_stmt 0 view .LVU847
 2640 0004 8164     		str	r1, [r0, #72]
 233:Middlewares/LVGL/lvgl/src/widgets/arclabel/lv_arclabel.c **** }
 2641              		.loc 1 233 5 is_stmt 1 view .LVU848
 2642 0006 FFF7FEFF 		bl	lv_obj_invalidate
 2643              	.LVL280:
 234:Middlewares/LVGL/lvgl/src/widgets/arclabel/lv_arclabel.c **** 
 2644              		.loc 1 234 1 is_stmt 0 view .LVU849
ARM GAS  C:\Users\w1785\AppData\Local\Temp\ccYSPyVl.s 			page 95


 2645 000a 08BD     		pop	{r3, pc}
 2646              	.LVL281:
 2647              	.L190:
 2648              	.LCFI41:
 2649              		.cfi_def_cfa_offset 0
 2650              		.cfi_restore 3
 2651              		.cfi_restore 14
 229:Middlewares/LVGL/lvgl/src/widgets/arclabel/lv_arclabel.c ****     lv_arclabel_t * arc = (lv_arclabel_t *)obj;
 2652              		.loc 1 229 5 is_stmt 1 view .LVU850
 229:Middlewares/LVGL/lvgl/src/widgets/arclabel/lv_arclabel.c ****     lv_arclabel_t * arc = (lv_arclabel_t *)obj;
 2653              		.loc 1 229 5 view .LVU851
 229:Middlewares/LVGL/lvgl/src/widgets/arclabel/lv_arclabel.c ****     lv_arclabel_t * arc = (lv_arclabel_t *)obj;
 2654              		.loc 1 229 5 view .LVU852
 229:Middlewares/LVGL/lvgl/src/widgets/arclabel/lv_arclabel.c ****     lv_arclabel_t * arc = (lv_arclabel_t *)obj;
 2655              		.loc 1 229 5 view .LVU853
 229:Middlewares/LVGL/lvgl/src/widgets/arclabel/lv_arclabel.c ****     lv_arclabel_t * arc = (lv_arclabel_t *)obj;
 2656              		.loc 1 229 5 view .LVU854
 2657 000c FEE7     		b	.L190
 2658              		.cfi_endproc
 2659              	.LFE200:
 2661              		.section	.text.lv_arclabel_set_center_offset_x,"ax",%progbits
 2662              		.align	1
 2663              		.global	lv_arclabel_set_center_offset_x
 2664              		.syntax unified
 2665              		.thumb
 2666              		.thumb_func
 2668              	lv_arclabel_set_center_offset_x:
 2669              	.LVL282:
 2670              	.LFB201:
 237:Middlewares/LVGL/lvgl/src/widgets/arclabel/lv_arclabel.c ****     LV_ASSERT_OBJ(obj, MY_CLASS);
 2671              		.loc 1 237 1 view -0
 2672              		.cfi_startproc
 2673              		@ args = 0, pretend = 0, frame = 0
 2674              		@ frame_needed = 0, uses_anonymous_args = 0
 238:Middlewares/LVGL/lvgl/src/widgets/arclabel/lv_arclabel.c ****     lv_arclabel_t * arc = (lv_arclabel_t *)obj;
 2675              		.loc 1 238 5 view .LVU856
 238:Middlewares/LVGL/lvgl/src/widgets/arclabel/lv_arclabel.c ****     lv_arclabel_t * arc = (lv_arclabel_t *)obj;
 2676              		.loc 1 238 5 view .LVU857
 2677 0000 20B1     		cbz	r0, .L195
 237:Middlewares/LVGL/lvgl/src/widgets/arclabel/lv_arclabel.c ****     LV_ASSERT_OBJ(obj, MY_CLASS);
 2678              		.loc 1 237 1 is_stmt 0 view .LVU858
 2679 0002 08B5     		push	{r3, lr}
 2680              	.LCFI42:
 2681              		.cfi_def_cfa_offset 8
 2682              		.cfi_offset 3, -8
 2683              		.cfi_offset 14, -4
 238:Middlewares/LVGL/lvgl/src/widgets/arclabel/lv_arclabel.c ****     lv_arclabel_t * arc = (lv_arclabel_t *)obj;
 2684              		.loc 1 238 5 is_stmt 1 view .LVU859
 238:Middlewares/LVGL/lvgl/src/widgets/arclabel/lv_arclabel.c ****     lv_arclabel_t * arc = (lv_arclabel_t *)obj;
 2685              		.loc 1 238 33 view .LVU860
 239:Middlewares/LVGL/lvgl/src/widgets/arclabel/lv_arclabel.c **** 
 2686              		.loc 1 239 5 view .LVU861
 2687              	.LVL283:
 241:Middlewares/LVGL/lvgl/src/widgets/arclabel/lv_arclabel.c ****     lv_obj_invalidate(obj);
 2688              		.loc 1 241 5 view .LVU862
 241:Middlewares/LVGL/lvgl/src/widgets/arclabel/lv_arclabel.c ****     lv_obj_invalidate(obj);
 2689              		.loc 1 241 26 is_stmt 0 view .LVU863
ARM GAS  C:\Users\w1785\AppData\Local\Temp\ccYSPyVl.s 			page 96


 2690 0004 C164     		str	r1, [r0, #76]
 242:Middlewares/LVGL/lvgl/src/widgets/arclabel/lv_arclabel.c **** }
 2691              		.loc 1 242 5 is_stmt 1 view .LVU864
 2692 0006 FFF7FEFF 		bl	lv_obj_invalidate
 2693              	.LVL284:
 243:Middlewares/LVGL/lvgl/src/widgets/arclabel/lv_arclabel.c **** 
 2694              		.loc 1 243 1 is_stmt 0 view .LVU865
 2695 000a 08BD     		pop	{r3, pc}
 2696              	.LVL285:
 2697              	.L195:
 2698              	.LCFI43:
 2699              		.cfi_def_cfa_offset 0
 2700              		.cfi_restore 3
 2701              		.cfi_restore 14
 238:Middlewares/LVGL/lvgl/src/widgets/arclabel/lv_arclabel.c ****     lv_arclabel_t * arc = (lv_arclabel_t *)obj;
 2702              		.loc 1 238 5 is_stmt 1 view .LVU866
 238:Middlewares/LVGL/lvgl/src/widgets/arclabel/lv_arclabel.c ****     lv_arclabel_t * arc = (lv_arclabel_t *)obj;
 2703              		.loc 1 238 5 view .LVU867
 238:Middlewares/LVGL/lvgl/src/widgets/arclabel/lv_arclabel.c ****     lv_arclabel_t * arc = (lv_arclabel_t *)obj;
 2704              		.loc 1 238 5 view .LVU868
 238:Middlewares/LVGL/lvgl/src/widgets/arclabel/lv_arclabel.c ****     lv_arclabel_t * arc = (lv_arclabel_t *)obj;
 2705              		.loc 1 238 5 view .LVU869
 238:Middlewares/LVGL/lvgl/src/widgets/arclabel/lv_arclabel.c ****     lv_arclabel_t * arc = (lv_arclabel_t *)obj;
 2706              		.loc 1 238 5 view .LVU870
 2707 000c FEE7     		b	.L195
 2708              		.cfi_endproc
 2709              	.LFE201:
 2711              		.section	.text.lv_arclabel_set_center_offset_y,"ax",%progbits
 2712              		.align	1
 2713              		.global	lv_arclabel_set_center_offset_y
 2714              		.syntax unified
 2715              		.thumb
 2716              		.thumb_func
 2718              	lv_arclabel_set_center_offset_y:
 2719              	.LVL286:
 2720              	.LFB202:
 246:Middlewares/LVGL/lvgl/src/widgets/arclabel/lv_arclabel.c ****     LV_ASSERT_OBJ(obj, MY_CLASS);
 2721              		.loc 1 246 1 view -0
 2722              		.cfi_startproc
 2723              		@ args = 0, pretend = 0, frame = 0
 2724              		@ frame_needed = 0, uses_anonymous_args = 0
 247:Middlewares/LVGL/lvgl/src/widgets/arclabel/lv_arclabel.c ****     lv_arclabel_t * arc = (lv_arclabel_t *)obj;
 2725              		.loc 1 247 5 view .LVU872
 247:Middlewares/LVGL/lvgl/src/widgets/arclabel/lv_arclabel.c ****     lv_arclabel_t * arc = (lv_arclabel_t *)obj;
 2726              		.loc 1 247 5 view .LVU873
 2727 0000 20B1     		cbz	r0, .L200
 246:Middlewares/LVGL/lvgl/src/widgets/arclabel/lv_arclabel.c ****     LV_ASSERT_OBJ(obj, MY_CLASS);
 2728              		.loc 1 246 1 is_stmt 0 view .LVU874
 2729 0002 08B5     		push	{r3, lr}
 2730              	.LCFI44:
 2731              		.cfi_def_cfa_offset 8
 2732              		.cfi_offset 3, -8
 2733              		.cfi_offset 14, -4
 247:Middlewares/LVGL/lvgl/src/widgets/arclabel/lv_arclabel.c ****     lv_arclabel_t * arc = (lv_arclabel_t *)obj;
 2734              		.loc 1 247 5 is_stmt 1 view .LVU875
 247:Middlewares/LVGL/lvgl/src/widgets/arclabel/lv_arclabel.c ****     lv_arclabel_t * arc = (lv_arclabel_t *)obj;
 2735              		.loc 1 247 33 view .LVU876
ARM GAS  C:\Users\w1785\AppData\Local\Temp\ccYSPyVl.s 			page 97


 248:Middlewares/LVGL/lvgl/src/widgets/arclabel/lv_arclabel.c **** 
 2736              		.loc 1 248 5 view .LVU877
 2737              	.LVL287:
 250:Middlewares/LVGL/lvgl/src/widgets/arclabel/lv_arclabel.c ****     lv_obj_invalidate(obj);
 2738              		.loc 1 250 5 view .LVU878
 250:Middlewares/LVGL/lvgl/src/widgets/arclabel/lv_arclabel.c ****     lv_obj_invalidate(obj);
 2739              		.loc 1 250 26 is_stmt 0 view .LVU879
 2740 0004 0165     		str	r1, [r0, #80]
 251:Middlewares/LVGL/lvgl/src/widgets/arclabel/lv_arclabel.c **** }
 2741              		.loc 1 251 5 is_stmt 1 view .LVU880
 2742 0006 FFF7FEFF 		bl	lv_obj_invalidate
 2743              	.LVL288:
 252:Middlewares/LVGL/lvgl/src/widgets/arclabel/lv_arclabel.c **** 
 2744              		.loc 1 252 1 is_stmt 0 view .LVU881
 2745 000a 08BD     		pop	{r3, pc}
 2746              	.LVL289:
 2747              	.L200:
 2748              	.LCFI45:
 2749              		.cfi_def_cfa_offset 0
 2750              		.cfi_restore 3
 2751              		.cfi_restore 14
 247:Middlewares/LVGL/lvgl/src/widgets/arclabel/lv_arclabel.c ****     lv_arclabel_t * arc = (lv_arclabel_t *)obj;
 2752              		.loc 1 247 5 is_stmt 1 view .LVU882
 247:Middlewares/LVGL/lvgl/src/widgets/arclabel/lv_arclabel.c ****     lv_arclabel_t * arc = (lv_arclabel_t *)obj;
 2753              		.loc 1 247 5 view .LVU883
 247:Middlewares/LVGL/lvgl/src/widgets/arclabel/lv_arclabel.c ****     lv_arclabel_t * arc = (lv_arclabel_t *)obj;
 2754              		.loc 1 247 5 view .LVU884
 247:Middlewares/LVGL/lvgl/src/widgets/arclabel/lv_arclabel.c ****     lv_arclabel_t * arc = (lv_arclabel_t *)obj;
 2755              		.loc 1 247 5 view .LVU885
 247:Middlewares/LVGL/lvgl/src/widgets/arclabel/lv_arclabel.c ****     lv_arclabel_t * arc = (lv_arclabel_t *)obj;
 2756              		.loc 1 247 5 view .LVU886
 2757 000c FEE7     		b	.L200
 2758              		.cfi_endproc
 2759              	.LFE202:
 2761              		.section	.text.lv_arclabel_set_text_vertical_align,"ax",%progbits
 2762              		.align	1
 2763              		.global	lv_arclabel_set_text_vertical_align
 2764              		.syntax unified
 2765              		.thumb
 2766              		.thumb_func
 2768              	lv_arclabel_set_text_vertical_align:
 2769              	.LVL290:
 2770              	.LFB203:
 255:Middlewares/LVGL/lvgl/src/widgets/arclabel/lv_arclabel.c ****     LV_ASSERT_OBJ(obj, MY_CLASS);
 2771              		.loc 1 255 1 view -0
 2772              		.cfi_startproc
 2773              		@ args = 0, pretend = 0, frame = 0
 2774              		@ frame_needed = 0, uses_anonymous_args = 0
 256:Middlewares/LVGL/lvgl/src/widgets/arclabel/lv_arclabel.c ****     lv_arclabel_t * arc = (lv_arclabel_t *)obj;
 2775              		.loc 1 256 5 view .LVU888
 256:Middlewares/LVGL/lvgl/src/widgets/arclabel/lv_arclabel.c ****     lv_arclabel_t * arc = (lv_arclabel_t *)obj;
 2776              		.loc 1 256 5 view .LVU889
 2777 0000 28B1     		cbz	r0, .L205
 255:Middlewares/LVGL/lvgl/src/widgets/arclabel/lv_arclabel.c ****     LV_ASSERT_OBJ(obj, MY_CLASS);
 2778              		.loc 1 255 1 is_stmt 0 view .LVU890
 2779 0002 08B5     		push	{r3, lr}
 2780              	.LCFI46:
ARM GAS  C:\Users\w1785\AppData\Local\Temp\ccYSPyVl.s 			page 98


 2781              		.cfi_def_cfa_offset 8
 2782              		.cfi_offset 3, -8
 2783              		.cfi_offset 14, -4
 256:Middlewares/LVGL/lvgl/src/widgets/arclabel/lv_arclabel.c ****     lv_arclabel_t * arc = (lv_arclabel_t *)obj;
 2784              		.loc 1 256 5 is_stmt 1 view .LVU891
 256:Middlewares/LVGL/lvgl/src/widgets/arclabel/lv_arclabel.c ****     lv_arclabel_t * arc = (lv_arclabel_t *)obj;
 2785              		.loc 1 256 33 view .LVU892
 257:Middlewares/LVGL/lvgl/src/widgets/arclabel/lv_arclabel.c **** 
 2786              		.loc 1 257 5 view .LVU893
 2787              	.LVL291:
 259:Middlewares/LVGL/lvgl/src/widgets/arclabel/lv_arclabel.c ****     lv_obj_invalidate(obj);
 2788              		.loc 1 259 5 view .LVU894
 259:Middlewares/LVGL/lvgl/src/widgets/arclabel/lv_arclabel.c ****     lv_obj_invalidate(obj);
 2789              		.loc 1 259 23 is_stmt 0 view .LVU895
 2790 0004 80F85510 		strb	r1, [r0, #85]
 260:Middlewares/LVGL/lvgl/src/widgets/arclabel/lv_arclabel.c **** }
 2791              		.loc 1 260 5 is_stmt 1 view .LVU896
 2792 0008 FFF7FEFF 		bl	lv_obj_invalidate
 2793              	.LVL292:
 261:Middlewares/LVGL/lvgl/src/widgets/arclabel/lv_arclabel.c **** 
 2794              		.loc 1 261 1 is_stmt 0 view .LVU897
 2795 000c 08BD     		pop	{r3, pc}
 2796              	.LVL293:
 2797              	.L205:
 2798              	.LCFI47:
 2799              		.cfi_def_cfa_offset 0
 2800              		.cfi_restore 3
 2801              		.cfi_restore 14
 256:Middlewares/LVGL/lvgl/src/widgets/arclabel/lv_arclabel.c ****     lv_arclabel_t * arc = (lv_arclabel_t *)obj;
 2802              		.loc 1 256 5 is_stmt 1 view .LVU898
 256:Middlewares/LVGL/lvgl/src/widgets/arclabel/lv_arclabel.c ****     lv_arclabel_t * arc = (lv_arclabel_t *)obj;
 2803              		.loc 1 256 5 view .LVU899
 256:Middlewares/LVGL/lvgl/src/widgets/arclabel/lv_arclabel.c ****     lv_arclabel_t * arc = (lv_arclabel_t *)obj;
 2804              		.loc 1 256 5 view .LVU900
 256:Middlewares/LVGL/lvgl/src/widgets/arclabel/lv_arclabel.c ****     lv_arclabel_t * arc = (lv_arclabel_t *)obj;
 2805              		.loc 1 256 5 view .LVU901
 256:Middlewares/LVGL/lvgl/src/widgets/arclabel/lv_arclabel.c ****     lv_arclabel_t * arc = (lv_arclabel_t *)obj;
 2806              		.loc 1 256 5 view .LVU902
 2807 000e FEE7     		b	.L205
 2808              		.cfi_endproc
 2809              	.LFE203:
 2811              		.section	.text.lv_arclabel_set_text_horizontal_align,"ax",%progbits
 2812              		.align	1
 2813              		.global	lv_arclabel_set_text_horizontal_align
 2814              		.syntax unified
 2815              		.thumb
 2816              		.thumb_func
 2818              	lv_arclabel_set_text_horizontal_align:
 2819              	.LVL294:
 2820              	.LFB204:
 264:Middlewares/LVGL/lvgl/src/widgets/arclabel/lv_arclabel.c ****     LV_ASSERT_OBJ(obj, MY_CLASS);
 2821              		.loc 1 264 1 view -0
 2822              		.cfi_startproc
 2823              		@ args = 0, pretend = 0, frame = 0
 2824              		@ frame_needed = 0, uses_anonymous_args = 0
 265:Middlewares/LVGL/lvgl/src/widgets/arclabel/lv_arclabel.c ****     lv_arclabel_t * arc = (lv_arclabel_t *)obj;
 2825              		.loc 1 265 5 view .LVU904
ARM GAS  C:\Users\w1785\AppData\Local\Temp\ccYSPyVl.s 			page 99


 265:Middlewares/LVGL/lvgl/src/widgets/arclabel/lv_arclabel.c ****     lv_arclabel_t * arc = (lv_arclabel_t *)obj;
 2826              		.loc 1 265 5 view .LVU905
 2827 0000 28B1     		cbz	r0, .L210
 264:Middlewares/LVGL/lvgl/src/widgets/arclabel/lv_arclabel.c ****     LV_ASSERT_OBJ(obj, MY_CLASS);
 2828              		.loc 1 264 1 is_stmt 0 view .LVU906
 2829 0002 08B5     		push	{r3, lr}
 2830              	.LCFI48:
 2831              		.cfi_def_cfa_offset 8
 2832              		.cfi_offset 3, -8
 2833              		.cfi_offset 14, -4
 265:Middlewares/LVGL/lvgl/src/widgets/arclabel/lv_arclabel.c ****     lv_arclabel_t * arc = (lv_arclabel_t *)obj;
 2834              		.loc 1 265 5 is_stmt 1 view .LVU907
 265:Middlewares/LVGL/lvgl/src/widgets/arclabel/lv_arclabel.c ****     lv_arclabel_t * arc = (lv_arclabel_t *)obj;
 2835              		.loc 1 265 33 view .LVU908
 266:Middlewares/LVGL/lvgl/src/widgets/arclabel/lv_arclabel.c **** 
 2836              		.loc 1 266 5 view .LVU909
 2837              	.LVL295:
 268:Middlewares/LVGL/lvgl/src/widgets/arclabel/lv_arclabel.c ****     lv_obj_invalidate(obj);
 2838              		.loc 1 268 5 view .LVU910
 268:Middlewares/LVGL/lvgl/src/widgets/arclabel/lv_arclabel.c ****     lv_obj_invalidate(obj);
 2839              		.loc 1 268 23 is_stmt 0 view .LVU911
 2840 0004 80F85610 		strb	r1, [r0, #86]
 269:Middlewares/LVGL/lvgl/src/widgets/arclabel/lv_arclabel.c **** }
 2841              		.loc 1 269 5 is_stmt 1 view .LVU912
 2842 0008 FFF7FEFF 		bl	lv_obj_invalidate
 2843              	.LVL296:
 270:Middlewares/LVGL/lvgl/src/widgets/arclabel/lv_arclabel.c **** 
 2844              		.loc 1 270 1 is_stmt 0 view .LVU913
 2845 000c 08BD     		pop	{r3, pc}
 2846              	.LVL297:
 2847              	.L210:
 2848              	.LCFI49:
 2849              		.cfi_def_cfa_offset 0
 2850              		.cfi_restore 3
 2851              		.cfi_restore 14
 265:Middlewares/LVGL/lvgl/src/widgets/arclabel/lv_arclabel.c ****     lv_arclabel_t * arc = (lv_arclabel_t *)obj;
 2852              		.loc 1 265 5 is_stmt 1 view .LVU914
 265:Middlewares/LVGL/lvgl/src/widgets/arclabel/lv_arclabel.c ****     lv_arclabel_t * arc = (lv_arclabel_t *)obj;
 2853              		.loc 1 265 5 view .LVU915
 265:Middlewares/LVGL/lvgl/src/widgets/arclabel/lv_arclabel.c ****     lv_arclabel_t * arc = (lv_arclabel_t *)obj;
 2854              		.loc 1 265 5 view .LVU916
 265:Middlewares/LVGL/lvgl/src/widgets/arclabel/lv_arclabel.c ****     lv_arclabel_t * arc = (lv_arclabel_t *)obj;
 2855              		.loc 1 265 5 view .LVU917
 265:Middlewares/LVGL/lvgl/src/widgets/arclabel/lv_arclabel.c ****     lv_arclabel_t * arc = (lv_arclabel_t *)obj;
 2856              		.loc 1 265 5 view .LVU918
 2857 000e FEE7     		b	.L210
 2858              		.cfi_endproc
 2859              	.LFE204:
 2861              		.section	.text.lv_arclabel_set_overflow,"ax",%progbits
 2862              		.align	1
 2863              		.global	lv_arclabel_set_overflow
 2864              		.syntax unified
 2865              		.thumb
 2866              		.thumb_func
 2868              	lv_arclabel_set_overflow:
 2869              	.LVL298:
 2870              	.LFB205:
ARM GAS  C:\Users\w1785\AppData\Local\Temp\ccYSPyVl.s 			page 100


 273:Middlewares/LVGL/lvgl/src/widgets/arclabel/lv_arclabel.c ****     LV_ASSERT_OBJ(obj, MY_CLASS);
 2871              		.loc 1 273 1 view -0
 2872              		.cfi_startproc
 2873              		@ args = 0, pretend = 0, frame = 0
 2874              		@ frame_needed = 0, uses_anonymous_args = 0
 274:Middlewares/LVGL/lvgl/src/widgets/arclabel/lv_arclabel.c ****     lv_arclabel_t * arc = (lv_arclabel_t *)obj;
 2875              		.loc 1 274 5 view .LVU920
 274:Middlewares/LVGL/lvgl/src/widgets/arclabel/lv_arclabel.c ****     lv_arclabel_t * arc = (lv_arclabel_t *)obj;
 2876              		.loc 1 274 5 view .LVU921
 2877 0000 48B1     		cbz	r0, .L215
 273:Middlewares/LVGL/lvgl/src/widgets/arclabel/lv_arclabel.c ****     LV_ASSERT_OBJ(obj, MY_CLASS);
 2878              		.loc 1 273 1 is_stmt 0 view .LVU922
 2879 0002 08B5     		push	{r3, lr}
 2880              	.LCFI50:
 2881              		.cfi_def_cfa_offset 8
 2882              		.cfi_offset 3, -8
 2883              		.cfi_offset 14, -4
 274:Middlewares/LVGL/lvgl/src/widgets/arclabel/lv_arclabel.c ****     lv_arclabel_t * arc = (lv_arclabel_t *)obj;
 2884              		.loc 1 274 5 is_stmt 1 view .LVU923
 274:Middlewares/LVGL/lvgl/src/widgets/arclabel/lv_arclabel.c ****     lv_arclabel_t * arc = (lv_arclabel_t *)obj;
 2885              		.loc 1 274 33 view .LVU924
 275:Middlewares/LVGL/lvgl/src/widgets/arclabel/lv_arclabel.c **** 
 2886              		.loc 1 275 5 view .LVU925
 2887              	.LVL299:
 277:Middlewares/LVGL/lvgl/src/widgets/arclabel/lv_arclabel.c ****     lv_obj_invalidate(obj);
 2888              		.loc 1 277 5 view .LVU926
 277:Middlewares/LVGL/lvgl/src/widgets/arclabel/lv_arclabel.c ****     lv_obj_invalidate(obj);
 2889              		.loc 1 277 19 is_stmt 0 view .LVU927
 2890 0004 90F85720 		ldrb	r2, [r0, #87]	@ zero_extendqisi2
 2891 0008 61F38302 		bfi	r2, r1, #2, #2
 2892 000c 80F85720 		strb	r2, [r0, #87]
 278:Middlewares/LVGL/lvgl/src/widgets/arclabel/lv_arclabel.c **** }
 2893              		.loc 1 278 5 is_stmt 1 view .LVU928
 2894 0010 FFF7FEFF 		bl	lv_obj_invalidate
 2895              	.LVL300:
 279:Middlewares/LVGL/lvgl/src/widgets/arclabel/lv_arclabel.c **** 
 2896              		.loc 1 279 1 is_stmt 0 view .LVU929
 2897 0014 08BD     		pop	{r3, pc}
 2898              	.LVL301:
 2899              	.L215:
 2900              	.LCFI51:
 2901              		.cfi_def_cfa_offset 0
 2902              		.cfi_restore 3
 2903              		.cfi_restore 14
 274:Middlewares/LVGL/lvgl/src/widgets/arclabel/lv_arclabel.c ****     lv_arclabel_t * arc = (lv_arclabel_t *)obj;
 2904              		.loc 1 274 5 is_stmt 1 view .LVU930
 274:Middlewares/LVGL/lvgl/src/widgets/arclabel/lv_arclabel.c ****     lv_arclabel_t * arc = (lv_arclabel_t *)obj;
 2905              		.loc 1 274 5 view .LVU931
 274:Middlewares/LVGL/lvgl/src/widgets/arclabel/lv_arclabel.c ****     lv_arclabel_t * arc = (lv_arclabel_t *)obj;
 2906              		.loc 1 274 5 view .LVU932
 274:Middlewares/LVGL/lvgl/src/widgets/arclabel/lv_arclabel.c ****     lv_arclabel_t * arc = (lv_arclabel_t *)obj;
 2907              		.loc 1 274 5 view .LVU933
 274:Middlewares/LVGL/lvgl/src/widgets/arclabel/lv_arclabel.c ****     lv_arclabel_t * arc = (lv_arclabel_t *)obj;
 2908              		.loc 1 274 5 view .LVU934
 2909 0016 FEE7     		b	.L215
 2910              		.cfi_endproc
 2911              	.LFE205:
ARM GAS  C:\Users\w1785\AppData\Local\Temp\ccYSPyVl.s 			page 101


 2913              		.section	.text.lv_arclabel_set_end_overlap,"ax",%progbits
 2914              		.align	1
 2915              		.global	lv_arclabel_set_end_overlap
 2916              		.syntax unified
 2917              		.thumb
 2918              		.thumb_func
 2920              	lv_arclabel_set_end_overlap:
 2921              	.LVL302:
 2922              	.LFB206:
 282:Middlewares/LVGL/lvgl/src/widgets/arclabel/lv_arclabel.c ****     LV_ASSERT_OBJ(obj, MY_CLASS);
 2923              		.loc 1 282 1 view -0
 2924              		.cfi_startproc
 2925              		@ args = 0, pretend = 0, frame = 0
 2926              		@ frame_needed = 0, uses_anonymous_args = 0
 283:Middlewares/LVGL/lvgl/src/widgets/arclabel/lv_arclabel.c ****     lv_arclabel_t * arc = (lv_arclabel_t *)obj;
 2927              		.loc 1 283 5 view .LVU936
 283:Middlewares/LVGL/lvgl/src/widgets/arclabel/lv_arclabel.c ****     lv_arclabel_t * arc = (lv_arclabel_t *)obj;
 2928              		.loc 1 283 5 view .LVU937
 2929 0000 48B1     		cbz	r0, .L220
 282:Middlewares/LVGL/lvgl/src/widgets/arclabel/lv_arclabel.c ****     LV_ASSERT_OBJ(obj, MY_CLASS);
 2930              		.loc 1 282 1 is_stmt 0 view .LVU938
 2931 0002 08B5     		push	{r3, lr}
 2932              	.LCFI52:
 2933              		.cfi_def_cfa_offset 8
 2934              		.cfi_offset 3, -8
 2935              		.cfi_offset 14, -4
 283:Middlewares/LVGL/lvgl/src/widgets/arclabel/lv_arclabel.c ****     lv_arclabel_t * arc = (lv_arclabel_t *)obj;
 2936              		.loc 1 283 5 is_stmt 1 view .LVU939
 283:Middlewares/LVGL/lvgl/src/widgets/arclabel/lv_arclabel.c ****     lv_arclabel_t * arc = (lv_arclabel_t *)obj;
 2937              		.loc 1 283 33 view .LVU940
 284:Middlewares/LVGL/lvgl/src/widgets/arclabel/lv_arclabel.c **** 
 2938              		.loc 1 284 5 view .LVU941
 2939              	.LVL303:
 286:Middlewares/LVGL/lvgl/src/widgets/arclabel/lv_arclabel.c ****     lv_obj_invalidate(obj);
 2940              		.loc 1 286 5 view .LVU942
 286:Middlewares/LVGL/lvgl/src/widgets/arclabel/lv_arclabel.c ****     lv_obj_invalidate(obj);
 2941              		.loc 1 286 22 is_stmt 0 view .LVU943
 2942 0004 90F85720 		ldrb	r2, [r0, #87]	@ zero_extendqisi2
 2943 0008 61F30412 		bfi	r2, r1, #4, #1
 2944 000c 80F85720 		strb	r2, [r0, #87]
 287:Middlewares/LVGL/lvgl/src/widgets/arclabel/lv_arclabel.c **** }
 2945              		.loc 1 287 5 is_stmt 1 view .LVU944
 2946 0010 FFF7FEFF 		bl	lv_obj_invalidate
 2947              	.LVL304:
 288:Middlewares/LVGL/lvgl/src/widgets/arclabel/lv_arclabel.c **** 
 2948              		.loc 1 288 1 is_stmt 0 view .LVU945
 2949 0014 08BD     		pop	{r3, pc}
 2950              	.LVL305:
 2951              	.L220:
 2952              	.LCFI53:
 2953              		.cfi_def_cfa_offset 0
 2954              		.cfi_restore 3
 2955              		.cfi_restore 14
 283:Middlewares/LVGL/lvgl/src/widgets/arclabel/lv_arclabel.c ****     lv_arclabel_t * arc = (lv_arclabel_t *)obj;
 2956              		.loc 1 283 5 is_stmt 1 view .LVU946
 283:Middlewares/LVGL/lvgl/src/widgets/arclabel/lv_arclabel.c ****     lv_arclabel_t * arc = (lv_arclabel_t *)obj;
 2957              		.loc 1 283 5 view .LVU947
ARM GAS  C:\Users\w1785\AppData\Local\Temp\ccYSPyVl.s 			page 102


 283:Middlewares/LVGL/lvgl/src/widgets/arclabel/lv_arclabel.c ****     lv_arclabel_t * arc = (lv_arclabel_t *)obj;
 2958              		.loc 1 283 5 view .LVU948
 283:Middlewares/LVGL/lvgl/src/widgets/arclabel/lv_arclabel.c ****     lv_arclabel_t * arc = (lv_arclabel_t *)obj;
 2959              		.loc 1 283 5 view .LVU949
 283:Middlewares/LVGL/lvgl/src/widgets/arclabel/lv_arclabel.c ****     lv_arclabel_t * arc = (lv_arclabel_t *)obj;
 2960              		.loc 1 283 5 view .LVU950
 2961 0016 FEE7     		b	.L220
 2962              		.cfi_endproc
 2963              	.LFE206:
 2965              		.section	.text.lv_arclabel_get_angle_start,"ax",%progbits
 2966              		.align	1
 2967              		.global	lv_arclabel_get_angle_start
 2968              		.syntax unified
 2969              		.thumb
 2970              		.thumb_func
 2972              	lv_arclabel_get_angle_start:
 2973              	.LVL306:
 2974              	.LFB207:
 295:Middlewares/LVGL/lvgl/src/widgets/arclabel/lv_arclabel.c ****     LV_ASSERT_OBJ(obj, MY_CLASS);
 2975              		.loc 1 295 1 view -0
 2976              		.cfi_startproc
 2977              		@ args = 0, pretend = 0, frame = 0
 2978              		@ frame_needed = 0, uses_anonymous_args = 0
 2979              		@ link register save eliminated.
 296:Middlewares/LVGL/lvgl/src/widgets/arclabel/lv_arclabel.c ****     return ((lv_arclabel_t *) obj)->angle_start;
 2980              		.loc 1 296 5 view .LVU952
 296:Middlewares/LVGL/lvgl/src/widgets/arclabel/lv_arclabel.c ****     return ((lv_arclabel_t *) obj)->angle_start;
 2981              		.loc 1 296 5 view .LVU953
 2982 0000 08B1     		cbz	r0, .L225
 296:Middlewares/LVGL/lvgl/src/widgets/arclabel/lv_arclabel.c ****     return ((lv_arclabel_t *) obj)->angle_start;
 2983              		.loc 1 296 5 view .LVU954
 296:Middlewares/LVGL/lvgl/src/widgets/arclabel/lv_arclabel.c ****     return ((lv_arclabel_t *) obj)->angle_start;
 2984              		.loc 1 296 33 view .LVU955
 297:Middlewares/LVGL/lvgl/src/widgets/arclabel/lv_arclabel.c **** }
 2985              		.loc 1 297 5 view .LVU956
 298:Middlewares/LVGL/lvgl/src/widgets/arclabel/lv_arclabel.c **** 
 2986              		.loc 1 298 1 is_stmt 0 view .LVU957
 2987 0002 C06B     		ldr	r0, [r0, #60]
 2988              	.LVL307:
 298:Middlewares/LVGL/lvgl/src/widgets/arclabel/lv_arclabel.c **** 
 2989              		.loc 1 298 1 view .LVU958
 2990 0004 7047     		bx	lr
 2991              	.LVL308:
 2992              	.L225:
 296:Middlewares/LVGL/lvgl/src/widgets/arclabel/lv_arclabel.c ****     return ((lv_arclabel_t *) obj)->angle_start;
 2993              		.loc 1 296 5 is_stmt 1 view .LVU959
 296:Middlewares/LVGL/lvgl/src/widgets/arclabel/lv_arclabel.c ****     return ((lv_arclabel_t *) obj)->angle_start;
 2994              		.loc 1 296 5 view .LVU960
 296:Middlewares/LVGL/lvgl/src/widgets/arclabel/lv_arclabel.c ****     return ((lv_arclabel_t *) obj)->angle_start;
 2995              		.loc 1 296 5 view .LVU961
 296:Middlewares/LVGL/lvgl/src/widgets/arclabel/lv_arclabel.c ****     return ((lv_arclabel_t *) obj)->angle_start;
 2996              		.loc 1 296 5 view .LVU962
 296:Middlewares/LVGL/lvgl/src/widgets/arclabel/lv_arclabel.c ****     return ((lv_arclabel_t *) obj)->angle_start;
 2997              		.loc 1 296 5 view .LVU963
 2998 0006 FEE7     		b	.L225
 2999              		.cfi_endproc
 3000              	.LFE207:
ARM GAS  C:\Users\w1785\AppData\Local\Temp\ccYSPyVl.s 			page 103


 3002              		.section	.text.lv_arclabel_get_angle_size,"ax",%progbits
 3003              		.align	1
 3004              		.global	lv_arclabel_get_angle_size
 3005              		.syntax unified
 3006              		.thumb
 3007              		.thumb_func
 3009              	lv_arclabel_get_angle_size:
 3010              	.LVL309:
 3011              	.LFB208:
 301:Middlewares/LVGL/lvgl/src/widgets/arclabel/lv_arclabel.c ****     LV_ASSERT_OBJ(obj, MY_CLASS);
 3012              		.loc 1 301 1 view -0
 3013              		.cfi_startproc
 3014              		@ args = 0, pretend = 0, frame = 0
 3015              		@ frame_needed = 0, uses_anonymous_args = 0
 3016              		@ link register save eliminated.
 302:Middlewares/LVGL/lvgl/src/widgets/arclabel/lv_arclabel.c ****     lv_arclabel_t * arclabel = (lv_arclabel_t *)obj;
 3017              		.loc 1 302 5 view .LVU965
 302:Middlewares/LVGL/lvgl/src/widgets/arclabel/lv_arclabel.c ****     lv_arclabel_t * arclabel = (lv_arclabel_t *)obj;
 3018              		.loc 1 302 5 view .LVU966
 3019 0000 08B1     		cbz	r0, .L228
 302:Middlewares/LVGL/lvgl/src/widgets/arclabel/lv_arclabel.c ****     lv_arclabel_t * arclabel = (lv_arclabel_t *)obj;
 3020              		.loc 1 302 5 view .LVU967
 302:Middlewares/LVGL/lvgl/src/widgets/arclabel/lv_arclabel.c ****     lv_arclabel_t * arclabel = (lv_arclabel_t *)obj;
 3021              		.loc 1 302 33 view .LVU968
 303:Middlewares/LVGL/lvgl/src/widgets/arclabel/lv_arclabel.c ****     return arclabel->angle_size;
 3022              		.loc 1 303 5 view .LVU969
 3023              	.LVL310:
 304:Middlewares/LVGL/lvgl/src/widgets/arclabel/lv_arclabel.c **** }
 3024              		.loc 1 304 5 view .LVU970
 305:Middlewares/LVGL/lvgl/src/widgets/arclabel/lv_arclabel.c **** 
 3025              		.loc 1 305 1 is_stmt 0 view .LVU971
 3026 0002 006C     		ldr	r0, [r0, #64]
 3027              	.LVL311:
 305:Middlewares/LVGL/lvgl/src/widgets/arclabel/lv_arclabel.c **** 
 3028              		.loc 1 305 1 view .LVU972
 3029 0004 7047     		bx	lr
 3030              	.LVL312:
 3031              	.L228:
 302:Middlewares/LVGL/lvgl/src/widgets/arclabel/lv_arclabel.c ****     lv_arclabel_t * arclabel = (lv_arclabel_t *)obj;
 3032              		.loc 1 302 5 is_stmt 1 view .LVU973
 302:Middlewares/LVGL/lvgl/src/widgets/arclabel/lv_arclabel.c ****     lv_arclabel_t * arclabel = (lv_arclabel_t *)obj;
 3033              		.loc 1 302 5 view .LVU974
 302:Middlewares/LVGL/lvgl/src/widgets/arclabel/lv_arclabel.c ****     lv_arclabel_t * arclabel = (lv_arclabel_t *)obj;
 3034              		.loc 1 302 5 view .LVU975
 302:Middlewares/LVGL/lvgl/src/widgets/arclabel/lv_arclabel.c ****     lv_arclabel_t * arclabel = (lv_arclabel_t *)obj;
 3035              		.loc 1 302 5 view .LVU976
 302:Middlewares/LVGL/lvgl/src/widgets/arclabel/lv_arclabel.c ****     lv_arclabel_t * arclabel = (lv_arclabel_t *)obj;
 3036              		.loc 1 302 5 view .LVU977
 3037 0006 FEE7     		b	.L228
 3038              		.cfi_endproc
 3039              	.LFE208:
 3041              		.section	.text.lv_arclabel_get_dir,"ax",%progbits
 3042              		.align	1
 3043              		.global	lv_arclabel_get_dir
 3044              		.syntax unified
 3045              		.thumb
 3046              		.thumb_func
ARM GAS  C:\Users\w1785\AppData\Local\Temp\ccYSPyVl.s 			page 104


 3048              	lv_arclabel_get_dir:
 3049              	.LVL313:
 3050              	.LFB209:
 308:Middlewares/LVGL/lvgl/src/widgets/arclabel/lv_arclabel.c ****     LV_ASSERT_OBJ(obj, MY_CLASS);
 3051              		.loc 1 308 1 view -0
 3052              		.cfi_startproc
 3053              		@ args = 0, pretend = 0, frame = 0
 3054              		@ frame_needed = 0, uses_anonymous_args = 0
 3055              		@ link register save eliminated.
 309:Middlewares/LVGL/lvgl/src/widgets/arclabel/lv_arclabel.c ****     return ((lv_arclabel_t *) obj)->dir;
 3056              		.loc 1 309 5 view .LVU979
 309:Middlewares/LVGL/lvgl/src/widgets/arclabel/lv_arclabel.c ****     return ((lv_arclabel_t *) obj)->dir;
 3057              		.loc 1 309 5 view .LVU980
 3058 0000 10B1     		cbz	r0, .L231
 309:Middlewares/LVGL/lvgl/src/widgets/arclabel/lv_arclabel.c ****     return ((lv_arclabel_t *) obj)->dir;
 3059              		.loc 1 309 5 view .LVU981
 309:Middlewares/LVGL/lvgl/src/widgets/arclabel/lv_arclabel.c ****     return ((lv_arclabel_t *) obj)->dir;
 3060              		.loc 1 309 33 view .LVU982
 310:Middlewares/LVGL/lvgl/src/widgets/arclabel/lv_arclabel.c **** }
 3061              		.loc 1 310 5 view .LVU983
 311:Middlewares/LVGL/lvgl/src/widgets/arclabel/lv_arclabel.c **** 
 3062              		.loc 1 311 1 is_stmt 0 view .LVU984
 3063 0002 90F85400 		ldrb	r0, [r0, #84]	@ zero_extendqisi2
 3064              	.LVL314:
 311:Middlewares/LVGL/lvgl/src/widgets/arclabel/lv_arclabel.c **** 
 3065              		.loc 1 311 1 view .LVU985
 3066 0006 7047     		bx	lr
 3067              	.LVL315:
 3068              	.L231:
 309:Middlewares/LVGL/lvgl/src/widgets/arclabel/lv_arclabel.c ****     return ((lv_arclabel_t *) obj)->dir;
 3069              		.loc 1 309 5 is_stmt 1 view .LVU986
 309:Middlewares/LVGL/lvgl/src/widgets/arclabel/lv_arclabel.c ****     return ((lv_arclabel_t *) obj)->dir;
 3070              		.loc 1 309 5 view .LVU987
 309:Middlewares/LVGL/lvgl/src/widgets/arclabel/lv_arclabel.c ****     return ((lv_arclabel_t *) obj)->dir;
 3071              		.loc 1 309 5 view .LVU988
 309:Middlewares/LVGL/lvgl/src/widgets/arclabel/lv_arclabel.c ****     return ((lv_arclabel_t *) obj)->dir;
 3072              		.loc 1 309 5 view .LVU989
 309:Middlewares/LVGL/lvgl/src/widgets/arclabel/lv_arclabel.c ****     return ((lv_arclabel_t *) obj)->dir;
 3073              		.loc 1 309 5 view .LVU990
 3074 0008 FEE7     		b	.L231
 3075              		.cfi_endproc
 3076              	.LFE209:
 3078              		.section	.text.lv_arclabel_get_recolor,"ax",%progbits
 3079              		.align	1
 3080              		.global	lv_arclabel_get_recolor
 3081              		.syntax unified
 3082              		.thumb
 3083              		.thumb_func
 3085              	lv_arclabel_get_recolor:
 3086              	.LVL316:
 3087              	.LFB210:
 314:Middlewares/LVGL/lvgl/src/widgets/arclabel/lv_arclabel.c ****     LV_ASSERT_OBJ(obj, MY_CLASS);
 3088              		.loc 1 314 1 view -0
 3089              		.cfi_startproc
 3090              		@ args = 0, pretend = 0, frame = 0
 3091              		@ frame_needed = 0, uses_anonymous_args = 0
 3092              		@ link register save eliminated.
ARM GAS  C:\Users\w1785\AppData\Local\Temp\ccYSPyVl.s 			page 105


 315:Middlewares/LVGL/lvgl/src/widgets/arclabel/lv_arclabel.c ****     return ((lv_arclabel_t *) obj)->recolor;
 3093              		.loc 1 315 5 view .LVU992
 315:Middlewares/LVGL/lvgl/src/widgets/arclabel/lv_arclabel.c ****     return ((lv_arclabel_t *) obj)->recolor;
 3094              		.loc 1 315 5 view .LVU993
 3095 0000 20B1     		cbz	r0, .L234
 315:Middlewares/LVGL/lvgl/src/widgets/arclabel/lv_arclabel.c ****     return ((lv_arclabel_t *) obj)->recolor;
 3096              		.loc 1 315 5 view .LVU994
 315:Middlewares/LVGL/lvgl/src/widgets/arclabel/lv_arclabel.c ****     return ((lv_arclabel_t *) obj)->recolor;
 3097              		.loc 1 315 33 view .LVU995
 316:Middlewares/LVGL/lvgl/src/widgets/arclabel/lv_arclabel.c **** }
 3098              		.loc 1 316 5 view .LVU996
 316:Middlewares/LVGL/lvgl/src/widgets/arclabel/lv_arclabel.c **** }
 3099              		.loc 1 316 35 is_stmt 0 view .LVU997
 3100 0002 90F85700 		ldrb	r0, [r0, #87]	@ zero_extendqisi2
 3101              	.LVL317:
 317:Middlewares/LVGL/lvgl/src/widgets/arclabel/lv_arclabel.c **** 
 3102              		.loc 1 317 1 view .LVU998
 3103 0006 C0F34000 		ubfx	r0, r0, #1, #1
 3104 000a 7047     		bx	lr
 3105              	.LVL318:
 3106              	.L234:
 315:Middlewares/LVGL/lvgl/src/widgets/arclabel/lv_arclabel.c ****     return ((lv_arclabel_t *) obj)->recolor;
 3107              		.loc 1 315 5 is_stmt 1 view .LVU999
 315:Middlewares/LVGL/lvgl/src/widgets/arclabel/lv_arclabel.c ****     return ((lv_arclabel_t *) obj)->recolor;
 3108              		.loc 1 315 5 view .LVU1000
 315:Middlewares/LVGL/lvgl/src/widgets/arclabel/lv_arclabel.c ****     return ((lv_arclabel_t *) obj)->recolor;
 3109              		.loc 1 315 5 view .LVU1001
 315:Middlewares/LVGL/lvgl/src/widgets/arclabel/lv_arclabel.c ****     return ((lv_arclabel_t *) obj)->recolor;
 3110              		.loc 1 315 5 view .LVU1002
 315:Middlewares/LVGL/lvgl/src/widgets/arclabel/lv_arclabel.c ****     return ((lv_arclabel_t *) obj)->recolor;
 3111              		.loc 1 315 5 view .LVU1003
 3112 000c FEE7     		b	.L234
 3113              		.cfi_endproc
 3114              	.LFE210:
 3116              		.section	.text.lv_arclabel_get_radius,"ax",%progbits
 3117              		.align	1
 3118              		.global	lv_arclabel_get_radius
 3119              		.syntax unified
 3120              		.thumb
 3121              		.thumb_func
 3123              	lv_arclabel_get_radius:
 3124              	.LVL319:
 3125              	.LFB211:
 320:Middlewares/LVGL/lvgl/src/widgets/arclabel/lv_arclabel.c ****     LV_ASSERT_OBJ(obj, MY_CLASS);
 3126              		.loc 1 320 1 view -0
 3127              		.cfi_startproc
 3128              		@ args = 0, pretend = 0, frame = 0
 3129              		@ frame_needed = 0, uses_anonymous_args = 0
 3130              		@ link register save eliminated.
 321:Middlewares/LVGL/lvgl/src/widgets/arclabel/lv_arclabel.c ****     return ((lv_arclabel_t *) obj)->radius;
 3131              		.loc 1 321 5 view .LVU1005
 321:Middlewares/LVGL/lvgl/src/widgets/arclabel/lv_arclabel.c ****     return ((lv_arclabel_t *) obj)->radius;
 3132              		.loc 1 321 5 view .LVU1006
 3133 0000 08B1     		cbz	r0, .L237
 321:Middlewares/LVGL/lvgl/src/widgets/arclabel/lv_arclabel.c ****     return ((lv_arclabel_t *) obj)->radius;
 3134              		.loc 1 321 5 view .LVU1007
 321:Middlewares/LVGL/lvgl/src/widgets/arclabel/lv_arclabel.c ****     return ((lv_arclabel_t *) obj)->radius;
ARM GAS  C:\Users\w1785\AppData\Local\Temp\ccYSPyVl.s 			page 106


 3135              		.loc 1 321 33 view .LVU1008
 322:Middlewares/LVGL/lvgl/src/widgets/arclabel/lv_arclabel.c **** }
 3136              		.loc 1 322 5 view .LVU1009
 323:Middlewares/LVGL/lvgl/src/widgets/arclabel/lv_arclabel.c **** 
 3137              		.loc 1 323 1 is_stmt 0 view .LVU1010
 3138 0002 806C     		ldr	r0, [r0, #72]
 3139              	.LVL320:
 323:Middlewares/LVGL/lvgl/src/widgets/arclabel/lv_arclabel.c **** 
 3140              		.loc 1 323 1 view .LVU1011
 3141 0004 7047     		bx	lr
 3142              	.LVL321:
 3143              	.L237:
 321:Middlewares/LVGL/lvgl/src/widgets/arclabel/lv_arclabel.c ****     return ((lv_arclabel_t *) obj)->radius;
 3144              		.loc 1 321 5 is_stmt 1 view .LVU1012
 321:Middlewares/LVGL/lvgl/src/widgets/arclabel/lv_arclabel.c ****     return ((lv_arclabel_t *) obj)->radius;
 3145              		.loc 1 321 5 view .LVU1013
 321:Middlewares/LVGL/lvgl/src/widgets/arclabel/lv_arclabel.c ****     return ((lv_arclabel_t *) obj)->radius;
 3146              		.loc 1 321 5 view .LVU1014
 321:Middlewares/LVGL/lvgl/src/widgets/arclabel/lv_arclabel.c ****     return ((lv_arclabel_t *) obj)->radius;
 3147              		.loc 1 321 5 view .LVU1015
 321:Middlewares/LVGL/lvgl/src/widgets/arclabel/lv_arclabel.c ****     return ((lv_arclabel_t *) obj)->radius;
 3148              		.loc 1 321 5 view .LVU1016
 3149 0006 FEE7     		b	.L237
 3150              		.cfi_endproc
 3151              	.LFE211:
 3153              		.section	.text.lv_arclabel_get_center_offset_x,"ax",%progbits
 3154              		.align	1
 3155              		.global	lv_arclabel_get_center_offset_x
 3156              		.syntax unified
 3157              		.thumb
 3158              		.thumb_func
 3160              	lv_arclabel_get_center_offset_x:
 3161              	.LVL322:
 3162              	.LFB212:
 326:Middlewares/LVGL/lvgl/src/widgets/arclabel/lv_arclabel.c ****     LV_ASSERT_OBJ(obj, MY_CLASS);
 3163              		.loc 1 326 1 view -0
 3164              		.cfi_startproc
 3165              		@ args = 0, pretend = 0, frame = 0
 3166              		@ frame_needed = 0, uses_anonymous_args = 0
 3167              		@ link register save eliminated.
 327:Middlewares/LVGL/lvgl/src/widgets/arclabel/lv_arclabel.c ****     return ((lv_arclabel_t *) obj)->center_offset.x;
 3168              		.loc 1 327 5 view .LVU1018
 327:Middlewares/LVGL/lvgl/src/widgets/arclabel/lv_arclabel.c ****     return ((lv_arclabel_t *) obj)->center_offset.x;
 3169              		.loc 1 327 5 view .LVU1019
 3170 0000 08B1     		cbz	r0, .L240
 327:Middlewares/LVGL/lvgl/src/widgets/arclabel/lv_arclabel.c ****     return ((lv_arclabel_t *) obj)->center_offset.x;
 3171              		.loc 1 327 5 view .LVU1020
 327:Middlewares/LVGL/lvgl/src/widgets/arclabel/lv_arclabel.c ****     return ((lv_arclabel_t *) obj)->center_offset.x;
 3172              		.loc 1 327 33 view .LVU1021
 328:Middlewares/LVGL/lvgl/src/widgets/arclabel/lv_arclabel.c **** }
 3173              		.loc 1 328 5 view .LVU1022
 329:Middlewares/LVGL/lvgl/src/widgets/arclabel/lv_arclabel.c **** 
 3174              		.loc 1 329 1 is_stmt 0 view .LVU1023
 3175 0002 C06C     		ldr	r0, [r0, #76]
 3176              	.LVL323:
 329:Middlewares/LVGL/lvgl/src/widgets/arclabel/lv_arclabel.c **** 
 3177              		.loc 1 329 1 view .LVU1024
ARM GAS  C:\Users\w1785\AppData\Local\Temp\ccYSPyVl.s 			page 107


 3178 0004 7047     		bx	lr
 3179              	.LVL324:
 3180              	.L240:
 327:Middlewares/LVGL/lvgl/src/widgets/arclabel/lv_arclabel.c ****     return ((lv_arclabel_t *) obj)->center_offset.x;
 3181              		.loc 1 327 5 is_stmt 1 view .LVU1025
 327:Middlewares/LVGL/lvgl/src/widgets/arclabel/lv_arclabel.c ****     return ((lv_arclabel_t *) obj)->center_offset.x;
 3182              		.loc 1 327 5 view .LVU1026
 327:Middlewares/LVGL/lvgl/src/widgets/arclabel/lv_arclabel.c ****     return ((lv_arclabel_t *) obj)->center_offset.x;
 3183              		.loc 1 327 5 view .LVU1027
 327:Middlewares/LVGL/lvgl/src/widgets/arclabel/lv_arclabel.c ****     return ((lv_arclabel_t *) obj)->center_offset.x;
 3184              		.loc 1 327 5 view .LVU1028
 327:Middlewares/LVGL/lvgl/src/widgets/arclabel/lv_arclabel.c ****     return ((lv_arclabel_t *) obj)->center_offset.x;
 3185              		.loc 1 327 5 view .LVU1029
 3186 0006 FEE7     		b	.L240
 3187              		.cfi_endproc
 3188              	.LFE212:
 3190              		.section	.text.lv_arclabel_get_center_offset_y,"ax",%progbits
 3191              		.align	1
 3192              		.global	lv_arclabel_get_center_offset_y
 3193              		.syntax unified
 3194              		.thumb
 3195              		.thumb_func
 3197              	lv_arclabel_get_center_offset_y:
 3198              	.LVL325:
 3199              	.LFB213:
 332:Middlewares/LVGL/lvgl/src/widgets/arclabel/lv_arclabel.c ****     LV_ASSERT_OBJ(obj, MY_CLASS);
 3200              		.loc 1 332 1 view -0
 3201              		.cfi_startproc
 3202              		@ args = 0, pretend = 0, frame = 0
 3203              		@ frame_needed = 0, uses_anonymous_args = 0
 3204              		@ link register save eliminated.
 333:Middlewares/LVGL/lvgl/src/widgets/arclabel/lv_arclabel.c ****     return ((lv_arclabel_t *) obj)->center_offset.y;
 3205              		.loc 1 333 5 view .LVU1031
 333:Middlewares/LVGL/lvgl/src/widgets/arclabel/lv_arclabel.c ****     return ((lv_arclabel_t *) obj)->center_offset.y;
 3206              		.loc 1 333 5 view .LVU1032
 3207 0000 08B1     		cbz	r0, .L243
 333:Middlewares/LVGL/lvgl/src/widgets/arclabel/lv_arclabel.c ****     return ((lv_arclabel_t *) obj)->center_offset.y;
 3208              		.loc 1 333 5 view .LVU1033
 333:Middlewares/LVGL/lvgl/src/widgets/arclabel/lv_arclabel.c ****     return ((lv_arclabel_t *) obj)->center_offset.y;
 3209              		.loc 1 333 33 view .LVU1034
 334:Middlewares/LVGL/lvgl/src/widgets/arclabel/lv_arclabel.c **** }
 3210              		.loc 1 334 5 view .LVU1035
 335:Middlewares/LVGL/lvgl/src/widgets/arclabel/lv_arclabel.c **** 
 3211              		.loc 1 335 1 is_stmt 0 view .LVU1036
 3212 0002 006D     		ldr	r0, [r0, #80]
 3213              	.LVL326:
 335:Middlewares/LVGL/lvgl/src/widgets/arclabel/lv_arclabel.c **** 
 3214              		.loc 1 335 1 view .LVU1037
 3215 0004 7047     		bx	lr
 3216              	.LVL327:
 3217              	.L243:
 333:Middlewares/LVGL/lvgl/src/widgets/arclabel/lv_arclabel.c ****     return ((lv_arclabel_t *) obj)->center_offset.y;
 3218              		.loc 1 333 5 is_stmt 1 view .LVU1038
 333:Middlewares/LVGL/lvgl/src/widgets/arclabel/lv_arclabel.c ****     return ((lv_arclabel_t *) obj)->center_offset.y;
 3219              		.loc 1 333 5 view .LVU1039
 333:Middlewares/LVGL/lvgl/src/widgets/arclabel/lv_arclabel.c ****     return ((lv_arclabel_t *) obj)->center_offset.y;
 3220              		.loc 1 333 5 view .LVU1040
ARM GAS  C:\Users\w1785\AppData\Local\Temp\ccYSPyVl.s 			page 108


 333:Middlewares/LVGL/lvgl/src/widgets/arclabel/lv_arclabel.c ****     return ((lv_arclabel_t *) obj)->center_offset.y;
 3221              		.loc 1 333 5 view .LVU1041
 333:Middlewares/LVGL/lvgl/src/widgets/arclabel/lv_arclabel.c ****     return ((lv_arclabel_t *) obj)->center_offset.y;
 3222              		.loc 1 333 5 view .LVU1042
 3223 0006 FEE7     		b	.L243
 3224              		.cfi_endproc
 3225              	.LFE213:
 3227              		.section	.text.lv_arclabel_get_text_vertical_align,"ax",%progbits
 3228              		.align	1
 3229              		.global	lv_arclabel_get_text_vertical_align
 3230              		.syntax unified
 3231              		.thumb
 3232              		.thumb_func
 3234              	lv_arclabel_get_text_vertical_align:
 3235              	.LVL328:
 3236              	.LFB214:
 338:Middlewares/LVGL/lvgl/src/widgets/arclabel/lv_arclabel.c ****     LV_ASSERT_OBJ(obj, MY_CLASS);
 3237              		.loc 1 338 1 view -0
 3238              		.cfi_startproc
 3239              		@ args = 0, pretend = 0, frame = 0
 3240              		@ frame_needed = 0, uses_anonymous_args = 0
 3241              		@ link register save eliminated.
 339:Middlewares/LVGL/lvgl/src/widgets/arclabel/lv_arclabel.c ****     return ((lv_arclabel_t *) obj)->text_align_v;
 3242              		.loc 1 339 5 view .LVU1044
 339:Middlewares/LVGL/lvgl/src/widgets/arclabel/lv_arclabel.c ****     return ((lv_arclabel_t *) obj)->text_align_v;
 3243              		.loc 1 339 5 view .LVU1045
 3244 0000 10B1     		cbz	r0, .L246
 339:Middlewares/LVGL/lvgl/src/widgets/arclabel/lv_arclabel.c ****     return ((lv_arclabel_t *) obj)->text_align_v;
 3245              		.loc 1 339 5 view .LVU1046
 339:Middlewares/LVGL/lvgl/src/widgets/arclabel/lv_arclabel.c ****     return ((lv_arclabel_t *) obj)->text_align_v;
 3246              		.loc 1 339 33 view .LVU1047
 340:Middlewares/LVGL/lvgl/src/widgets/arclabel/lv_arclabel.c **** }
 3247              		.loc 1 340 5 view .LVU1048
 341:Middlewares/LVGL/lvgl/src/widgets/arclabel/lv_arclabel.c **** 
 3248              		.loc 1 341 1 is_stmt 0 view .LVU1049
 3249 0002 90F85500 		ldrb	r0, [r0, #85]	@ zero_extendqisi2
 3250              	.LVL329:
 341:Middlewares/LVGL/lvgl/src/widgets/arclabel/lv_arclabel.c **** 
 3251              		.loc 1 341 1 view .LVU1050
 3252 0006 7047     		bx	lr
 3253              	.LVL330:
 3254              	.L246:
 339:Middlewares/LVGL/lvgl/src/widgets/arclabel/lv_arclabel.c ****     return ((lv_arclabel_t *) obj)->text_align_v;
 3255              		.loc 1 339 5 is_stmt 1 view .LVU1051
 339:Middlewares/LVGL/lvgl/src/widgets/arclabel/lv_arclabel.c ****     return ((lv_arclabel_t *) obj)->text_align_v;
 3256              		.loc 1 339 5 view .LVU1052
 339:Middlewares/LVGL/lvgl/src/widgets/arclabel/lv_arclabel.c ****     return ((lv_arclabel_t *) obj)->text_align_v;
 3257              		.loc 1 339 5 view .LVU1053
 339:Middlewares/LVGL/lvgl/src/widgets/arclabel/lv_arclabel.c ****     return ((lv_arclabel_t *) obj)->text_align_v;
 3258              		.loc 1 339 5 view .LVU1054
 339:Middlewares/LVGL/lvgl/src/widgets/arclabel/lv_arclabel.c ****     return ((lv_arclabel_t *) obj)->text_align_v;
 3259              		.loc 1 339 5 view .LVU1055
 3260 0008 FEE7     		b	.L246
 3261              		.cfi_endproc
 3262              	.LFE214:
 3264              		.section	.text.lv_arclabel_get_text_horizontal_align,"ax",%progbits
 3265              		.align	1
ARM GAS  C:\Users\w1785\AppData\Local\Temp\ccYSPyVl.s 			page 109


 3266              		.global	lv_arclabel_get_text_horizontal_align
 3267              		.syntax unified
 3268              		.thumb
 3269              		.thumb_func
 3271              	lv_arclabel_get_text_horizontal_align:
 3272              	.LVL331:
 3273              	.LFB215:
 344:Middlewares/LVGL/lvgl/src/widgets/arclabel/lv_arclabel.c ****     LV_ASSERT_OBJ(obj, MY_CLASS);
 3274              		.loc 1 344 1 view -0
 3275              		.cfi_startproc
 3276              		@ args = 0, pretend = 0, frame = 0
 3277              		@ frame_needed = 0, uses_anonymous_args = 0
 3278              		@ link register save eliminated.
 345:Middlewares/LVGL/lvgl/src/widgets/arclabel/lv_arclabel.c ****     return ((lv_arclabel_t *) obj)->text_align_h;
 3279              		.loc 1 345 5 view .LVU1057
 345:Middlewares/LVGL/lvgl/src/widgets/arclabel/lv_arclabel.c ****     return ((lv_arclabel_t *) obj)->text_align_h;
 3280              		.loc 1 345 5 view .LVU1058
 3281 0000 10B1     		cbz	r0, .L249
 345:Middlewares/LVGL/lvgl/src/widgets/arclabel/lv_arclabel.c ****     return ((lv_arclabel_t *) obj)->text_align_h;
 3282              		.loc 1 345 5 view .LVU1059
 345:Middlewares/LVGL/lvgl/src/widgets/arclabel/lv_arclabel.c ****     return ((lv_arclabel_t *) obj)->text_align_h;
 3283              		.loc 1 345 33 view .LVU1060
 346:Middlewares/LVGL/lvgl/src/widgets/arclabel/lv_arclabel.c **** }
 3284              		.loc 1 346 5 view .LVU1061
 347:Middlewares/LVGL/lvgl/src/widgets/arclabel/lv_arclabel.c **** 
 3285              		.loc 1 347 1 is_stmt 0 view .LVU1062
 3286 0002 90F85600 		ldrb	r0, [r0, #86]	@ zero_extendqisi2
 3287              	.LVL332:
 347:Middlewares/LVGL/lvgl/src/widgets/arclabel/lv_arclabel.c **** 
 3288              		.loc 1 347 1 view .LVU1063
 3289 0006 7047     		bx	lr
 3290              	.LVL333:
 3291              	.L249:
 345:Middlewares/LVGL/lvgl/src/widgets/arclabel/lv_arclabel.c ****     return ((lv_arclabel_t *) obj)->text_align_h;
 3292              		.loc 1 345 5 is_stmt 1 view .LVU1064
 345:Middlewares/LVGL/lvgl/src/widgets/arclabel/lv_arclabel.c ****     return ((lv_arclabel_t *) obj)->text_align_h;
 3293              		.loc 1 345 5 view .LVU1065
 345:Middlewares/LVGL/lvgl/src/widgets/arclabel/lv_arclabel.c ****     return ((lv_arclabel_t *) obj)->text_align_h;
 3294              		.loc 1 345 5 view .LVU1066
 345:Middlewares/LVGL/lvgl/src/widgets/arclabel/lv_arclabel.c ****     return ((lv_arclabel_t *) obj)->text_align_h;
 3295              		.loc 1 345 5 view .LVU1067
 345:Middlewares/LVGL/lvgl/src/widgets/arclabel/lv_arclabel.c ****     return ((lv_arclabel_t *) obj)->text_align_h;
 3296              		.loc 1 345 5 view .LVU1068
 3297 0008 FEE7     		b	.L249
 3298              		.cfi_endproc
 3299              	.LFE215:
 3301              		.section	.text.lv_arclabel_get_overflow,"ax",%progbits
 3302              		.align	1
 3303              		.global	lv_arclabel_get_overflow
 3304              		.syntax unified
 3305              		.thumb
 3306              		.thumb_func
 3308              	lv_arclabel_get_overflow:
 3309              	.LVL334:
 3310              	.LFB216:
 350:Middlewares/LVGL/lvgl/src/widgets/arclabel/lv_arclabel.c ****     LV_ASSERT_OBJ(obj, MY_CLASS);
 3311              		.loc 1 350 1 view -0
ARM GAS  C:\Users\w1785\AppData\Local\Temp\ccYSPyVl.s 			page 110


 3312              		.cfi_startproc
 3313              		@ args = 0, pretend = 0, frame = 0
 3314              		@ frame_needed = 0, uses_anonymous_args = 0
 3315              		@ link register save eliminated.
 351:Middlewares/LVGL/lvgl/src/widgets/arclabel/lv_arclabel.c ****     return ((lv_arclabel_t *) obj)->overflow;
 3316              		.loc 1 351 5 view .LVU1070
 351:Middlewares/LVGL/lvgl/src/widgets/arclabel/lv_arclabel.c ****     return ((lv_arclabel_t *) obj)->overflow;
 3317              		.loc 1 351 5 view .LVU1071
 3318 0000 20B1     		cbz	r0, .L252
 351:Middlewares/LVGL/lvgl/src/widgets/arclabel/lv_arclabel.c ****     return ((lv_arclabel_t *) obj)->overflow;
 3319              		.loc 1 351 5 view .LVU1072
 351:Middlewares/LVGL/lvgl/src/widgets/arclabel/lv_arclabel.c ****     return ((lv_arclabel_t *) obj)->overflow;
 3320              		.loc 1 351 33 view .LVU1073
 352:Middlewares/LVGL/lvgl/src/widgets/arclabel/lv_arclabel.c **** }
 3321              		.loc 1 352 5 view .LVU1074
 352:Middlewares/LVGL/lvgl/src/widgets/arclabel/lv_arclabel.c **** }
 3322              		.loc 1 352 35 is_stmt 0 view .LVU1075
 3323 0002 90F85700 		ldrb	r0, [r0, #87]	@ zero_extendqisi2
 3324              	.LVL335:
 353:Middlewares/LVGL/lvgl/src/widgets/arclabel/lv_arclabel.c **** 
 3325              		.loc 1 353 1 view .LVU1076
 3326 0006 C0F38100 		ubfx	r0, r0, #2, #2
 3327 000a 7047     		bx	lr
 3328              	.LVL336:
 3329              	.L252:
 351:Middlewares/LVGL/lvgl/src/widgets/arclabel/lv_arclabel.c ****     return ((lv_arclabel_t *) obj)->overflow;
 3330              		.loc 1 351 5 is_stmt 1 view .LVU1077
 351:Middlewares/LVGL/lvgl/src/widgets/arclabel/lv_arclabel.c ****     return ((lv_arclabel_t *) obj)->overflow;
 3331              		.loc 1 351 5 view .LVU1078
 351:Middlewares/LVGL/lvgl/src/widgets/arclabel/lv_arclabel.c ****     return ((lv_arclabel_t *) obj)->overflow;
 3332              		.loc 1 351 5 view .LVU1079
 351:Middlewares/LVGL/lvgl/src/widgets/arclabel/lv_arclabel.c ****     return ((lv_arclabel_t *) obj)->overflow;
 3333              		.loc 1 351 5 view .LVU1080
 351:Middlewares/LVGL/lvgl/src/widgets/arclabel/lv_arclabel.c ****     return ((lv_arclabel_t *) obj)->overflow;
 3334              		.loc 1 351 5 view .LVU1081
 3335 000c FEE7     		b	.L252
 3336              		.cfi_endproc
 3337              	.LFE216:
 3339              		.section	.text.lv_arclabel_get_end_overlap,"ax",%progbits
 3340              		.align	1
 3341              		.global	lv_arclabel_get_end_overlap
 3342              		.syntax unified
 3343              		.thumb
 3344              		.thumb_func
 3346              	lv_arclabel_get_end_overlap:
 3347              	.LVL337:
 3348              	.LFB217:
 356:Middlewares/LVGL/lvgl/src/widgets/arclabel/lv_arclabel.c ****     LV_ASSERT_OBJ(obj, MY_CLASS);
 3349              		.loc 1 356 1 view -0
 3350              		.cfi_startproc
 3351              		@ args = 0, pretend = 0, frame = 0
 3352              		@ frame_needed = 0, uses_anonymous_args = 0
 3353              		@ link register save eliminated.
 357:Middlewares/LVGL/lvgl/src/widgets/arclabel/lv_arclabel.c ****     return ((lv_arclabel_t *) obj)->end_overlap;
 3354              		.loc 1 357 5 view .LVU1083
 357:Middlewares/LVGL/lvgl/src/widgets/arclabel/lv_arclabel.c ****     return ((lv_arclabel_t *) obj)->end_overlap;
 3355              		.loc 1 357 5 view .LVU1084
ARM GAS  C:\Users\w1785\AppData\Local\Temp\ccYSPyVl.s 			page 111


 3356 0000 20B1     		cbz	r0, .L255
 357:Middlewares/LVGL/lvgl/src/widgets/arclabel/lv_arclabel.c ****     return ((lv_arclabel_t *) obj)->end_overlap;
 3357              		.loc 1 357 5 view .LVU1085
 357:Middlewares/LVGL/lvgl/src/widgets/arclabel/lv_arclabel.c ****     return ((lv_arclabel_t *) obj)->end_overlap;
 3358              		.loc 1 357 33 view .LVU1086
 358:Middlewares/LVGL/lvgl/src/widgets/arclabel/lv_arclabel.c **** }
 3359              		.loc 1 358 5 view .LVU1087
 358:Middlewares/LVGL/lvgl/src/widgets/arclabel/lv_arclabel.c **** }
 3360              		.loc 1 358 35 is_stmt 0 view .LVU1088
 3361 0002 90F85700 		ldrb	r0, [r0, #87]	@ zero_extendqisi2
 3362              	.LVL338:
 359:Middlewares/LVGL/lvgl/src/widgets/arclabel/lv_arclabel.c **** 
 3363              		.loc 1 359 1 view .LVU1089
 3364 0006 C0F30010 		ubfx	r0, r0, #4, #1
 3365 000a 7047     		bx	lr
 3366              	.LVL339:
 3367              	.L255:
 357:Middlewares/LVGL/lvgl/src/widgets/arclabel/lv_arclabel.c ****     return ((lv_arclabel_t *) obj)->end_overlap;
 3368              		.loc 1 357 5 is_stmt 1 view .LVU1090
 357:Middlewares/LVGL/lvgl/src/widgets/arclabel/lv_arclabel.c ****     return ((lv_arclabel_t *) obj)->end_overlap;
 3369              		.loc 1 357 5 view .LVU1091
 357:Middlewares/LVGL/lvgl/src/widgets/arclabel/lv_arclabel.c ****     return ((lv_arclabel_t *) obj)->end_overlap;
 3370              		.loc 1 357 5 view .LVU1092
 357:Middlewares/LVGL/lvgl/src/widgets/arclabel/lv_arclabel.c ****     return ((lv_arclabel_t *) obj)->end_overlap;
 3371              		.loc 1 357 5 view .LVU1093
 357:Middlewares/LVGL/lvgl/src/widgets/arclabel/lv_arclabel.c ****     return ((lv_arclabel_t *) obj)->end_overlap;
 3372              		.loc 1 357 5 view .LVU1094
 3373 000c FEE7     		b	.L255
 3374              		.cfi_endproc
 3375              	.LFE217:
 3377              		.section	.text.lv_arclabel_get_text_angle,"ax",%progbits
 3378              		.align	1
 3379              		.global	lv_arclabel_get_text_angle
 3380              		.syntax unified
 3381              		.thumb
 3382              		.thumb_func
 3384              	lv_arclabel_get_text_angle:
 3385              	.LVL340:
 3386              	.LFB218:
 362:Middlewares/LVGL/lvgl/src/widgets/arclabel/lv_arclabel.c ****     LV_ASSERT_OBJ(obj, MY_CLASS);
 3387              		.loc 1 362 1 view -0
 3388              		.cfi_startproc
 3389              		@ args = 0, pretend = 0, frame = 0
 3390              		@ frame_needed = 0, uses_anonymous_args = 0
 363:Middlewares/LVGL/lvgl/src/widgets/arclabel/lv_arclabel.c **** 
 3391              		.loc 1 363 5 view .LVU1096
 363:Middlewares/LVGL/lvgl/src/widgets/arclabel/lv_arclabel.c **** 
 3392              		.loc 1 363 5 view .LVU1097
 3393 0000 30B1     		cbz	r0, .L258
 362:Middlewares/LVGL/lvgl/src/widgets/arclabel/lv_arclabel.c ****     LV_ASSERT_OBJ(obj, MY_CLASS);
 3394              		.loc 1 362 1 is_stmt 0 view .LVU1098
 3395 0002 08B5     		push	{r3, lr}
 3396              	.LCFI54:
 3397              		.cfi_def_cfa_offset 8
 3398              		.cfi_offset 3, -8
 3399              		.cfi_offset 14, -4
 363:Middlewares/LVGL/lvgl/src/widgets/arclabel/lv_arclabel.c **** 
ARM GAS  C:\Users\w1785\AppData\Local\Temp\ccYSPyVl.s 			page 112


 3400              		.loc 1 363 5 is_stmt 1 view .LVU1099
 363:Middlewares/LVGL/lvgl/src/widgets/arclabel/lv_arclabel.c **** 
 3401              		.loc 1 363 33 view .LVU1100
 365:Middlewares/LVGL/lvgl/src/widgets/arclabel/lv_arclabel.c **** }
 3402              		.loc 1 365 5 view .LVU1101
 365:Middlewares/LVGL/lvgl/src/widgets/arclabel/lv_arclabel.c **** }
 3403              		.loc 1 365 12 is_stmt 0 view .LVU1102
 3404 0004 0023     		movs	r3, #0
 3405 0006 1A46     		mov	r2, r3
 3406 0008 1946     		mov	r1, r3
 3407 000a FFF7FEFF 		bl	arclabel_calc_arc_text_total_angle
 3408              	.LVL341:
 366:Middlewares/LVGL/lvgl/src/widgets/arclabel/lv_arclabel.c **** 
 3409              		.loc 1 366 1 view .LVU1103
 3410 000e 08BD     		pop	{r3, pc}
 3411              	.LVL342:
 3412              	.L258:
 3413              	.LCFI55:
 3414              		.cfi_def_cfa_offset 0
 3415              		.cfi_restore 3
 3416              		.cfi_restore 14
 363:Middlewares/LVGL/lvgl/src/widgets/arclabel/lv_arclabel.c **** 
 3417              		.loc 1 363 5 is_stmt 1 view .LVU1104
 363:Middlewares/LVGL/lvgl/src/widgets/arclabel/lv_arclabel.c **** 
 3418              		.loc 1 363 5 view .LVU1105
 363:Middlewares/LVGL/lvgl/src/widgets/arclabel/lv_arclabel.c **** 
 3419              		.loc 1 363 5 view .LVU1106
 363:Middlewares/LVGL/lvgl/src/widgets/arclabel/lv_arclabel.c **** 
 3420              		.loc 1 363 5 view .LVU1107
 363:Middlewares/LVGL/lvgl/src/widgets/arclabel/lv_arclabel.c **** 
 3421              		.loc 1 363 5 view .LVU1108
 3422 0010 FEE7     		b	.L258
 3423              		.cfi_endproc
 3424              	.LFE218:
 3426              		.global	lv_arclabel_class
 3427              		.section	.rodata.str1.4,"aMS",%progbits,1
 3428              		.align	2
 3429              	.LC1:
 3430 0000 6172636C 		.ascii	"arclabel\000"
 3430      6162656C 
 3430      00
 3431              		.section	.rodata.lv_arclabel_class,"a"
 3432              		.align	2
 3435              	lv_arclabel_class:
 3436 0000 00000000 		.word	lv_obj_class
 3437 0004 00000000 		.word	lv_arclabel_constructor
 3438 0008 00000000 		.space	4
 3439 000c 00000000 		.word	lv_arclabel_event
 3440 0010 00000000 		.space	4
 3441 0014 00000000 		.word	.LC1
 3442 0018 00000000 		.space	8
 3442      00000000 
 3443 0020 82       		.byte	130
 3444 0021 05       		.byte	5
 3445 0022 00       		.byte	0
 3446 0023 00       		.space	1
 3447              		.text
ARM GAS  C:\Users\w1785\AppData\Local\Temp\ccYSPyVl.s 			page 113


 3448              	.Letext0:
 3449              		.file 3 "D:\\STM32CubeIDE\\STM32CubeIDE_2.1.1\\STM32CubeIDE\\plugins\\com.st.stm32cube.ide.mcu.ext
 3450              		.file 4 "D:\\STM32CubeIDE\\STM32CubeIDE_2.1.1\\STM32CubeIDE\\plugins\\com.st.stm32cube.ide.mcu.ext
 3451              		.file 5 "D:\\STM32CubeIDE\\STM32CubeIDE_2.1.1\\STM32CubeIDE\\plugins\\com.st.stm32cube.ide.mcu.ext
 3452              		.file 6 "D:\\STM32CubeIDE\\STM32CubeIDE_2.1.1\\STM32CubeIDE\\plugins\\com.st.stm32cube.ide.mcu.ext
 3453              		.file 7 "Middlewares/LVGL/lvgl/src/widgets/arclabel/../../core/../misc/lv_types.h"
 3454              		.file 8 "Middlewares/LVGL/lvgl/src/widgets/arclabel/../../core/lv_obj_private.h"
 3455              		.file 9 "Middlewares/LVGL/lvgl/src/widgets/arclabel/../../core/lv_obj_class_private.h"
 3456              		.file 10 "Middlewares/LVGL/lvgl/src/widgets/arclabel/../../core/../draw/lv_draw.h"
 3457              		.file 11 "Middlewares/LVGL/lvgl/src/widgets/arclabel/../../core/../misc/../font/lv_font.h"
 3458              		.file 12 "Middlewares/LVGL/lvgl/src/widgets/arclabel/lv_arclabel_private.h"
 3459              		.file 13 "Middlewares/LVGL/lvgl/src/widgets/arclabel/../../core/../display/../misc/lv_array.h"
 3460              		.file 14 "Middlewares/LVGL/lvgl/src/widgets/arclabel/../../core/../misc/../font/../draw/lv_draw_bu
 3461              		.file 15 "Middlewares/LVGL/lvgl/src/widgets/arclabel/../../core/../misc/../font/../draw/../misc/lv
 3462              		.file 16 "Middlewares/LVGL/lvgl/src/widgets/arclabel/../../core/../misc/../font/../draw/../misc/lv
 3463              		.file 17 "Middlewares/LVGL/lvgl/src/widgets/arclabel/../../core/../misc/../font/../draw/lv_image_d
 3464              		.file 18 "Middlewares/LVGL/lvgl/src/widgets/arclabel/../../core/../misc/lv_style.h"
 3465              		.file 19 "Middlewares/LVGL/lvgl/src/widgets/arclabel/../../core/../display/../misc/lv_event.h"
 3466              		.file 20 "Middlewares/LVGL/lvgl/src/widgets/arclabel/../../core/lv_obj_style.h"
 3467              		.file 21 "Middlewares/LVGL/lvgl/src/widgets/arclabel/../../core/../draw/lv_draw_label.h"
 3468              		.file 22 "Middlewares/LVGL/lvgl/src/widgets/arclabel/../../core/lv_obj_class.h"
 3469              		.file 23 "Middlewares/LVGL/lvgl/src/widgets/arclabel/../../core/../indev/lv_indev.h"
 3470              		.file 24 "Middlewares/LVGL/lvgl/src/widgets/arclabel/../../core/lv_obj.h"
 3471              		.file 25 "Middlewares/LVGL/lvgl/src/widgets/arclabel/lv_arclabel.h"
 3472              		.file 26 "Middlewares/LVGL/lvgl/src/widgets/arclabel/../../misc/lv_text_private.h"
 3473              		.file 27 "Middlewares/LVGL/lvgl/src/widgets/arclabel/../../core/lv_obj_pos.h"
 3474              		.file 28 "Middlewares/LVGL/lvgl/src/widgets/arclabel/../../core/../misc/../font/../draw/../misc/..
 3475              		.file 29 "Middlewares/LVGL/lvgl/src/widgets/arclabel/../../core/../misc/../font/../draw/../misc/..
 3476              		.file 30 "Middlewares/LVGL/lvgl/src/widgets/arclabel/../../core/../misc/../font/../draw/../misc/lv
 3477              		.file 31 "Middlewares/LVGL/lvgl/src/widgets/arclabel/../../core/lv_obj_event.h"
 3478              		.file 32 "<built-in>"
ARM GAS  C:\Users\w1785\AppData\Local\Temp\ccYSPyVl.s 			page 114


DEFINED SYMBOLS
                            *ABS*:00000000 lv_arclabel.c
C:\Users\w1785\AppData\Local\Temp\ccYSPyVl.s:21     .text.deg_to_rad:00000000 $t
C:\Users\w1785\AppData\Local\Temp\ccYSPyVl.s:26     .text.deg_to_rad:00000000 deg_to_rad
C:\Users\w1785\AppData\Local\Temp\ccYSPyVl.s:53     .text.deg_to_rad:00000020 $d
C:\Users\w1785\AppData\Local\Temp\ccYSPyVl.s:58     .text.rad_to_deg:00000000 $t
C:\Users\w1785\AppData\Local\Temp\ccYSPyVl.s:63     .text.rad_to_deg:00000000 rad_to_deg
C:\Users\w1785\AppData\Local\Temp\ccYSPyVl.s:90     .text.rad_to_deg:0000001c $d
C:\Users\w1785\AppData\Local\Temp\ccYSPyVl.s:95     .text.recolor_cmd_get_next:00000000 $t
C:\Users\w1785\AppData\Local\Temp\ccYSPyVl.s:100    .text.recolor_cmd_get_next:00000000 recolor_cmd_get_next
C:\Users\w1785\AppData\Local\Temp\ccYSPyVl.s:493    .text.calc_arc_text_total_angle:00000000 $t
C:\Users\w1785\AppData\Local\Temp\ccYSPyVl.s:498    .text.calc_arc_text_total_angle:00000000 calc_arc_text_total_angle
C:\Users\w1785\AppData\Local\Temp\ccYSPyVl.s:875    .text.arclabel_calc_arc_text_total_angle:00000000 $t
C:\Users\w1785\AppData\Local\Temp\ccYSPyVl.s:880    .text.arclabel_calc_arc_text_total_angle:00000000 arclabel_calc_arc_text_total_angle
C:\Users\w1785\AppData\Local\Temp\ccYSPyVl.s:1132   .text.arclabel_calc_arc_text_total_angle:000000f8 $d
C:\Users\w1785\AppData\Local\Temp\ccYSPyVl.s:1137   .text.arclabel_draw_main:00000000 $t
C:\Users\w1785\AppData\Local\Temp\ccYSPyVl.s:1142   .text.arclabel_draw_main:00000000 arclabel_draw_main
C:\Users\w1785\AppData\Local\Temp\ccYSPyVl.s:1786   .text.arclabel_draw_main:000002c4 $d
C:\Users\w1785\AppData\Local\Temp\ccYSPyVl.s:1791   .text.lv_arclabel_event:00000000 $t
C:\Users\w1785\AppData\Local\Temp\ccYSPyVl.s:1796   .text.lv_arclabel_event:00000000 lv_arclabel_event
C:\Users\w1785\AppData\Local\Temp\ccYSPyVl.s:1849   .text.lv_arclabel_event:00000024 $d
C:\Users\w1785\AppData\Local\Temp\ccYSPyVl.s:3435   .rodata.lv_arclabel_class:00000000 lv_arclabel_class
C:\Users\w1785\AppData\Local\Temp\ccYSPyVl.s:1854   .text.lv_arclabel_create:00000000 $t
C:\Users\w1785\AppData\Local\Temp\ccYSPyVl.s:1860   .text.lv_arclabel_create:00000000 lv_arclabel_create
C:\Users\w1785\AppData\Local\Temp\ccYSPyVl.s:1899   .text.lv_arclabel_create:00000014 $d
C:\Users\w1785\AppData\Local\Temp\ccYSPyVl.s:1904   .text.lv_arclabel_set_text:00000000 $t
C:\Users\w1785\AppData\Local\Temp\ccYSPyVl.s:1910   .text.lv_arclabel_set_text:00000000 lv_arclabel_set_text
C:\Users\w1785\AppData\Local\Temp\ccYSPyVl.s:2065   .text.lv_arclabel_set_text_fmt:00000000 $t
C:\Users\w1785\AppData\Local\Temp\ccYSPyVl.s:2071   .text.lv_arclabel_set_text_fmt:00000000 lv_arclabel_set_text_fmt
C:\Users\w1785\AppData\Local\Temp\ccYSPyVl.s:2194   .text.lv_arclabel_set_text_static:00000000 $t
C:\Users\w1785\AppData\Local\Temp\ccYSPyVl.s:2200   .text.lv_arclabel_set_text_static:00000000 lv_arclabel_set_text_static
C:\Users\w1785\AppData\Local\Temp\ccYSPyVl.s:2279   .rodata.lv_arclabel_constructor.str1.4:00000000 $d
C:\Users\w1785\AppData\Local\Temp\ccYSPyVl.s:2283   .text.lv_arclabel_constructor:00000000 $t
C:\Users\w1785\AppData\Local\Temp\ccYSPyVl.s:2288   .text.lv_arclabel_constructor:00000000 lv_arclabel_constructor
C:\Users\w1785\AppData\Local\Temp\ccYSPyVl.s:2355   .text.lv_arclabel_constructor:00000048 $d
C:\Users\w1785\AppData\Local\Temp\ccYSPyVl.s:2360   .text.lv_arclabel_set_angle_start:00000000 $t
C:\Users\w1785\AppData\Local\Temp\ccYSPyVl.s:2366   .text.lv_arclabel_set_angle_start:00000000 lv_arclabel_set_angle_start
C:\Users\w1785\AppData\Local\Temp\ccYSPyVl.s:2410   .text.lv_arclabel_set_angle_size:00000000 $t
C:\Users\w1785\AppData\Local\Temp\ccYSPyVl.s:2416   .text.lv_arclabel_set_angle_size:00000000 lv_arclabel_set_angle_size
C:\Users\w1785\AppData\Local\Temp\ccYSPyVl.s:2460   .text.lv_arclabel_set_offset:00000000 $t
C:\Users\w1785\AppData\Local\Temp\ccYSPyVl.s:2466   .text.lv_arclabel_set_offset:00000000 lv_arclabel_set_offset
C:\Users\w1785\AppData\Local\Temp\ccYSPyVl.s:2510   .text.lv_arclabel_set_dir:00000000 $t
C:\Users\w1785\AppData\Local\Temp\ccYSPyVl.s:2516   .text.lv_arclabel_set_dir:00000000 lv_arclabel_set_dir
C:\Users\w1785\AppData\Local\Temp\ccYSPyVl.s:2560   .text.lv_arclabel_set_recolor:00000000 $t
C:\Users\w1785\AppData\Local\Temp\ccYSPyVl.s:2566   .text.lv_arclabel_set_recolor:00000000 lv_arclabel_set_recolor
C:\Users\w1785\AppData\Local\Temp\ccYSPyVl.s:2612   .text.lv_arclabel_set_radius:00000000 $t
C:\Users\w1785\AppData\Local\Temp\ccYSPyVl.s:2618   .text.lv_arclabel_set_radius:00000000 lv_arclabel_set_radius
C:\Users\w1785\AppData\Local\Temp\ccYSPyVl.s:2662   .text.lv_arclabel_set_center_offset_x:00000000 $t
C:\Users\w1785\AppData\Local\Temp\ccYSPyVl.s:2668   .text.lv_arclabel_set_center_offset_x:00000000 lv_arclabel_set_center_offset_x
C:\Users\w1785\AppData\Local\Temp\ccYSPyVl.s:2712   .text.lv_arclabel_set_center_offset_y:00000000 $t
C:\Users\w1785\AppData\Local\Temp\ccYSPyVl.s:2718   .text.lv_arclabel_set_center_offset_y:00000000 lv_arclabel_set_center_offset_y
C:\Users\w1785\AppData\Local\Temp\ccYSPyVl.s:2762   .text.lv_arclabel_set_text_vertical_align:00000000 $t
C:\Users\w1785\AppData\Local\Temp\ccYSPyVl.s:2768   .text.lv_arclabel_set_text_vertical_align:00000000 lv_arclabel_set_text_vertical_align
C:\Users\w1785\AppData\Local\Temp\ccYSPyVl.s:2812   .text.lv_arclabel_set_text_horizontal_align:00000000 $t
C:\Users\w1785\AppData\Local\Temp\ccYSPyVl.s:2818   .text.lv_arclabel_set_text_horizontal_align:00000000 lv_arclabel_set_text_horizontal_align
C:\Users\w1785\AppData\Local\Temp\ccYSPyVl.s:2862   .text.lv_arclabel_set_overflow:00000000 $t
C:\Users\w1785\AppData\Local\Temp\ccYSPyVl.s:2868   .text.lv_arclabel_set_overflow:00000000 lv_arclabel_set_overflow
ARM GAS  C:\Users\w1785\AppData\Local\Temp\ccYSPyVl.s 			page 115


C:\Users\w1785\AppData\Local\Temp\ccYSPyVl.s:2914   .text.lv_arclabel_set_end_overlap:00000000 $t
C:\Users\w1785\AppData\Local\Temp\ccYSPyVl.s:2920   .text.lv_arclabel_set_end_overlap:00000000 lv_arclabel_set_end_overlap
C:\Users\w1785\AppData\Local\Temp\ccYSPyVl.s:2966   .text.lv_arclabel_get_angle_start:00000000 $t
C:\Users\w1785\AppData\Local\Temp\ccYSPyVl.s:2972   .text.lv_arclabel_get_angle_start:00000000 lv_arclabel_get_angle_start
C:\Users\w1785\AppData\Local\Temp\ccYSPyVl.s:3003   .text.lv_arclabel_get_angle_size:00000000 $t
C:\Users\w1785\AppData\Local\Temp\ccYSPyVl.s:3009   .text.lv_arclabel_get_angle_size:00000000 lv_arclabel_get_angle_size
C:\Users\w1785\AppData\Local\Temp\ccYSPyVl.s:3042   .text.lv_arclabel_get_dir:00000000 $t
C:\Users\w1785\AppData\Local\Temp\ccYSPyVl.s:3048   .text.lv_arclabel_get_dir:00000000 lv_arclabel_get_dir
C:\Users\w1785\AppData\Local\Temp\ccYSPyVl.s:3079   .text.lv_arclabel_get_recolor:00000000 $t
C:\Users\w1785\AppData\Local\Temp\ccYSPyVl.s:3085   .text.lv_arclabel_get_recolor:00000000 lv_arclabel_get_recolor
C:\Users\w1785\AppData\Local\Temp\ccYSPyVl.s:3117   .text.lv_arclabel_get_radius:00000000 $t
C:\Users\w1785\AppData\Local\Temp\ccYSPyVl.s:3123   .text.lv_arclabel_get_radius:00000000 lv_arclabel_get_radius
C:\Users\w1785\AppData\Local\Temp\ccYSPyVl.s:3154   .text.lv_arclabel_get_center_offset_x:00000000 $t
C:\Users\w1785\AppData\Local\Temp\ccYSPyVl.s:3160   .text.lv_arclabel_get_center_offset_x:00000000 lv_arclabel_get_center_offset_x
C:\Users\w1785\AppData\Local\Temp\ccYSPyVl.s:3191   .text.lv_arclabel_get_center_offset_y:00000000 $t
C:\Users\w1785\AppData\Local\Temp\ccYSPyVl.s:3197   .text.lv_arclabel_get_center_offset_y:00000000 lv_arclabel_get_center_offset_y
C:\Users\w1785\AppData\Local\Temp\ccYSPyVl.s:3228   .text.lv_arclabel_get_text_vertical_align:00000000 $t
C:\Users\w1785\AppData\Local\Temp\ccYSPyVl.s:3234   .text.lv_arclabel_get_text_vertical_align:00000000 lv_arclabel_get_text_vertical_align
C:\Users\w1785\AppData\Local\Temp\ccYSPyVl.s:3265   .text.lv_arclabel_get_text_horizontal_align:00000000 $t
C:\Users\w1785\AppData\Local\Temp\ccYSPyVl.s:3271   .text.lv_arclabel_get_text_horizontal_align:00000000 lv_arclabel_get_text_horizontal_align
C:\Users\w1785\AppData\Local\Temp\ccYSPyVl.s:3302   .text.lv_arclabel_get_overflow:00000000 $t
C:\Users\w1785\AppData\Local\Temp\ccYSPyVl.s:3308   .text.lv_arclabel_get_overflow:00000000 lv_arclabel_get_overflow
C:\Users\w1785\AppData\Local\Temp\ccYSPyVl.s:3340   .text.lv_arclabel_get_end_overlap:00000000 $t
C:\Users\w1785\AppData\Local\Temp\ccYSPyVl.s:3346   .text.lv_arclabel_get_end_overlap:00000000 lv_arclabel_get_end_overlap
C:\Users\w1785\AppData\Local\Temp\ccYSPyVl.s:3378   .text.lv_arclabel_get_text_angle:00000000 $t
C:\Users\w1785\AppData\Local\Temp\ccYSPyVl.s:3384   .text.lv_arclabel_get_text_angle:00000000 lv_arclabel_get_text_angle
C:\Users\w1785\AppData\Local\Temp\ccYSPyVl.s:3428   .rodata.str1.4:00000000 $d
C:\Users\w1785\AppData\Local\Temp\ccYSPyVl.s:3432   .rodata.lv_arclabel_class:00000000 $d

UNDEFINED SYMBOLS
lv_color_make
lv_font_get_glyph_width
lv_text_encoded_letter_next_2
lv_obj_get_content_coords
lv_obj_get_style_prop
lv_area_get_width
lv_area_get_height
lv_pct_to_px
lv_event_get_current_target
lv_event_get_layer
lv_trigo_cos
lv_trigo_sin
lv_draw_letter_dsc_init
lv_draw_letter
lv_obj_event_base
lv_event_get_code
lv_obj_class_create_obj
lv_obj_class_init_obj
lv_strlen
lv_malloc
lv_strcpy
lv_obj_invalidate
lv_realloc
lv_free
lv_text_set_text_vfmt
lv_obj_remove_flag
lv_obj_class
ARM GAS  C:\Users\w1785\AppData\Local\Temp\ccYSPyVl.s 			page 116


