ARM GAS  C:\Users\w1785\AppData\Local\Temp\ccKUNV1D.s 			page 1


   1              		.cpu cortex-m4
   2              		.arch armv7e-m
   3              		.fpu fpv4-sp-d16
   4              		.eabi_attribute 27, 1
   5              		.eabi_attribute 28, 1
   6              		.eabi_attribute 20, 1
   7              		.eabi_attribute 21, 1
   8              		.eabi_attribute 23, 3
   9              		.eabi_attribute 24, 1
  10              		.eabi_attribute 25, 1
  11              		.eabi_attribute 26, 1
  12              		.eabi_attribute 30, 1
  13              		.eabi_attribute 34, 1
  14              		.eabi_attribute 18, 4
  15              		.file	"lv_anim.c"
  16              		.text
  17              	.Ltext0:
  18              		.cfi_sections	.debug_frame
  19              		.file 1 "Middlewares/LVGL/lvgl/src/misc/lv_anim.c"
  20              		.section	.text.lv_anim_pause_for_internal,"ax",%progbits
  21              		.align	1
  22              		.syntax unified
  23              		.thumb
  24              		.thumb_func
  26              	lv_anim_pause_for_internal:
  27              	.LVL0:
  28              	.LFB258:
   1:Middlewares/LVGL/lvgl/src/misc/lv_anim.c **** /**
   2:Middlewares/LVGL/lvgl/src/misc/lv_anim.c ****  * @file lv_anim.c
   3:Middlewares/LVGL/lvgl/src/misc/lv_anim.c ****  *
   4:Middlewares/LVGL/lvgl/src/misc/lv_anim.c ****  */
   5:Middlewares/LVGL/lvgl/src/misc/lv_anim.c **** 
   6:Middlewares/LVGL/lvgl/src/misc/lv_anim.c **** /*********************
   7:Middlewares/LVGL/lvgl/src/misc/lv_anim.c ****  *      INCLUDES
   8:Middlewares/LVGL/lvgl/src/misc/lv_anim.c ****  *********************/
   9:Middlewares/LVGL/lvgl/src/misc/lv_anim.c **** #include "lv_anim_private.h"
  10:Middlewares/LVGL/lvgl/src/misc/lv_anim.c **** 
  11:Middlewares/LVGL/lvgl/src/misc/lv_anim.c **** #include "../core/lv_global.h"
  12:Middlewares/LVGL/lvgl/src/misc/lv_anim.c **** #include "../tick/lv_tick.h"
  13:Middlewares/LVGL/lvgl/src/misc/lv_anim.c **** #include "lv_assert.h"
  14:Middlewares/LVGL/lvgl/src/misc/lv_anim.c **** #include "lv_timer.h"
  15:Middlewares/LVGL/lvgl/src/misc/lv_anim.c **** #include "lv_math.h"
  16:Middlewares/LVGL/lvgl/src/misc/lv_anim.c **** #include "../stdlib/lv_mem.h"
  17:Middlewares/LVGL/lvgl/src/misc/lv_anim.c **** #include "../stdlib/lv_string.h"
  18:Middlewares/LVGL/lvgl/src/misc/lv_anim.c **** 
  19:Middlewares/LVGL/lvgl/src/misc/lv_anim.c **** /*********************
  20:Middlewares/LVGL/lvgl/src/misc/lv_anim.c ****  *      DEFINES
  21:Middlewares/LVGL/lvgl/src/misc/lv_anim.c ****  *********************/
  22:Middlewares/LVGL/lvgl/src/misc/lv_anim.c **** 
  23:Middlewares/LVGL/lvgl/src/misc/lv_anim.c **** /**Perform linear animations in max 1024 steps. Used in `path_cb`s*/
  24:Middlewares/LVGL/lvgl/src/misc/lv_anim.c **** #define LV_ANIM_RESOLUTION 1024
  25:Middlewares/LVGL/lvgl/src/misc/lv_anim.c **** 
  26:Middlewares/LVGL/lvgl/src/misc/lv_anim.c **** /**log2(LV_ANIM_RESOLUTION)*/
  27:Middlewares/LVGL/lvgl/src/misc/lv_anim.c **** #define LV_ANIM_RES_SHIFT 10
  28:Middlewares/LVGL/lvgl/src/misc/lv_anim.c **** 
  29:Middlewares/LVGL/lvgl/src/misc/lv_anim.c **** /**In an anim. time this bit indicates that the value is speed, and not time*/
  30:Middlewares/LVGL/lvgl/src/misc/lv_anim.c **** #define LV_ANIM_SPEED_MASK 0x80000000
ARM GAS  C:\Users\w1785\AppData\Local\Temp\ccKUNV1D.s 			page 2


  31:Middlewares/LVGL/lvgl/src/misc/lv_anim.c **** 
  32:Middlewares/LVGL/lvgl/src/misc/lv_anim.c **** #define state LV_GLOBAL_DEFAULT()->anim_state
  33:Middlewares/LVGL/lvgl/src/misc/lv_anim.c **** #define anim_ll_p &(state.anim_ll)
  34:Middlewares/LVGL/lvgl/src/misc/lv_anim.c **** 
  35:Middlewares/LVGL/lvgl/src/misc/lv_anim.c **** /**********************
  36:Middlewares/LVGL/lvgl/src/misc/lv_anim.c ****  *      TYPEDEFS
  37:Middlewares/LVGL/lvgl/src/misc/lv_anim.c ****  **********************/
  38:Middlewares/LVGL/lvgl/src/misc/lv_anim.c **** 
  39:Middlewares/LVGL/lvgl/src/misc/lv_anim.c **** /**********************
  40:Middlewares/LVGL/lvgl/src/misc/lv_anim.c ****  *  STATIC PROTOTYPES
  41:Middlewares/LVGL/lvgl/src/misc/lv_anim.c ****  **********************/
  42:Middlewares/LVGL/lvgl/src/misc/lv_anim.c **** static void anim_timer(lv_timer_t * param);
  43:Middlewares/LVGL/lvgl/src/misc/lv_anim.c **** static void anim_vsync_event(lv_event_t * e);
  44:Middlewares/LVGL/lvgl/src/misc/lv_anim.c **** static void anim_mark_list_change(void);
  45:Middlewares/LVGL/lvgl/src/misc/lv_anim.c **** static void anim_completed_handler(lv_anim_t * a);
  46:Middlewares/LVGL/lvgl/src/misc/lv_anim.c **** static int32_t lv_anim_path_cubic_bezier(const lv_anim_t * a, int32_t x1,
  47:Middlewares/LVGL/lvgl/src/misc/lv_anim.c ****                                          int32_t y1, int32_t x2, int32_t y2);
  48:Middlewares/LVGL/lvgl/src/misc/lv_anim.c **** static void lv_anim_pause_for_internal(lv_anim_t * a, uint32_t ms);
  49:Middlewares/LVGL/lvgl/src/misc/lv_anim.c **** static void resolve_time(lv_anim_t * a);
  50:Middlewares/LVGL/lvgl/src/misc/lv_anim.c **** static bool remove_concurrent_anims(const lv_anim_t * a_current);
  51:Middlewares/LVGL/lvgl/src/misc/lv_anim.c **** static void remove_anim(void * a);
  52:Middlewares/LVGL/lvgl/src/misc/lv_anim.c **** 
  53:Middlewares/LVGL/lvgl/src/misc/lv_anim.c **** /**********************
  54:Middlewares/LVGL/lvgl/src/misc/lv_anim.c ****  *  STATIC VARIABLES
  55:Middlewares/LVGL/lvgl/src/misc/lv_anim.c ****  **********************/
  56:Middlewares/LVGL/lvgl/src/misc/lv_anim.c **** 
  57:Middlewares/LVGL/lvgl/src/misc/lv_anim.c **** /**********************
  58:Middlewares/LVGL/lvgl/src/misc/lv_anim.c ****  *      MACROS
  59:Middlewares/LVGL/lvgl/src/misc/lv_anim.c ****  **********************/
  60:Middlewares/LVGL/lvgl/src/misc/lv_anim.c **** #if LV_USE_LOG && LV_LOG_TRACE_ANIM
  61:Middlewares/LVGL/lvgl/src/misc/lv_anim.c ****     #define LV_TRACE_ANIM(...) LV_LOG_TRACE(__VA_ARGS__)
  62:Middlewares/LVGL/lvgl/src/misc/lv_anim.c **** #else
  63:Middlewares/LVGL/lvgl/src/misc/lv_anim.c ****     #define LV_TRACE_ANIM(...)
  64:Middlewares/LVGL/lvgl/src/misc/lv_anim.c **** #endif
  65:Middlewares/LVGL/lvgl/src/misc/lv_anim.c **** 
  66:Middlewares/LVGL/lvgl/src/misc/lv_anim.c **** /**********************
  67:Middlewares/LVGL/lvgl/src/misc/lv_anim.c ****  *   GLOBAL FUNCTIONS
  68:Middlewares/LVGL/lvgl/src/misc/lv_anim.c ****  **********************/
  69:Middlewares/LVGL/lvgl/src/misc/lv_anim.c **** 
  70:Middlewares/LVGL/lvgl/src/misc/lv_anim.c **** void lv_anim_core_init(void)
  71:Middlewares/LVGL/lvgl/src/misc/lv_anim.c **** {
  72:Middlewares/LVGL/lvgl/src/misc/lv_anim.c ****     lv_ll_init(anim_ll_p, sizeof(lv_anim_t));
  73:Middlewares/LVGL/lvgl/src/misc/lv_anim.c ****     state.timer = lv_timer_create(anim_timer, LV_DEF_REFR_PERIOD, NULL);
  74:Middlewares/LVGL/lvgl/src/misc/lv_anim.c ****     anim_mark_list_change(); /*Turn off the animation timer*/
  75:Middlewares/LVGL/lvgl/src/misc/lv_anim.c ****     state.anim_list_changed = false;
  76:Middlewares/LVGL/lvgl/src/misc/lv_anim.c ****     state.anim_run_round = false;
  77:Middlewares/LVGL/lvgl/src/misc/lv_anim.c **** }
  78:Middlewares/LVGL/lvgl/src/misc/lv_anim.c **** 
  79:Middlewares/LVGL/lvgl/src/misc/lv_anim.c **** void lv_anim_core_deinit(void)
  80:Middlewares/LVGL/lvgl/src/misc/lv_anim.c **** {
  81:Middlewares/LVGL/lvgl/src/misc/lv_anim.c ****     lv_anim_delete_all();
  82:Middlewares/LVGL/lvgl/src/misc/lv_anim.c **** }
  83:Middlewares/LVGL/lvgl/src/misc/lv_anim.c **** 
  84:Middlewares/LVGL/lvgl/src/misc/lv_anim.c **** void lv_anim_enable_vsync_mode(bool enable)
  85:Middlewares/LVGL/lvgl/src/misc/lv_anim.c **** {
  86:Middlewares/LVGL/lvgl/src/misc/lv_anim.c ****     if(enable) {
  87:Middlewares/LVGL/lvgl/src/misc/lv_anim.c ****         /* Remove animation timer, use vsync instead */
ARM GAS  C:\Users\w1785\AppData\Local\Temp\ccKUNV1D.s 			page 3


  88:Middlewares/LVGL/lvgl/src/misc/lv_anim.c ****         if(state.timer) {
  89:Middlewares/LVGL/lvgl/src/misc/lv_anim.c ****             lv_timer_delete(state.timer);
  90:Middlewares/LVGL/lvgl/src/misc/lv_anim.c ****             state.timer = NULL;
  91:Middlewares/LVGL/lvgl/src/misc/lv_anim.c ****         }
  92:Middlewares/LVGL/lvgl/src/misc/lv_anim.c ****     }
  93:Middlewares/LVGL/lvgl/src/misc/lv_anim.c ****     else {
  94:Middlewares/LVGL/lvgl/src/misc/lv_anim.c ****         if(!state.timer) {
  95:Middlewares/LVGL/lvgl/src/misc/lv_anim.c ****             state.timer = lv_timer_create(anim_timer, LV_DEF_REFR_PERIOD, NULL);
  96:Middlewares/LVGL/lvgl/src/misc/lv_anim.c ****             LV_ASSERT_NULL(state.timer);
  97:Middlewares/LVGL/lvgl/src/misc/lv_anim.c **** 
  98:Middlewares/LVGL/lvgl/src/misc/lv_anim.c ****             if(state.anim_vsync_registered) {
  99:Middlewares/LVGL/lvgl/src/misc/lv_anim.c ****                 lv_display_unregister_vsync_event(NULL, anim_vsync_event, NULL);
 100:Middlewares/LVGL/lvgl/src/misc/lv_anim.c ****                 state.anim_vsync_registered = false;
 101:Middlewares/LVGL/lvgl/src/misc/lv_anim.c ****             }
 102:Middlewares/LVGL/lvgl/src/misc/lv_anim.c ****         }
 103:Middlewares/LVGL/lvgl/src/misc/lv_anim.c ****     }
 104:Middlewares/LVGL/lvgl/src/misc/lv_anim.c **** 
 105:Middlewares/LVGL/lvgl/src/misc/lv_anim.c ****     anim_mark_list_change();
 106:Middlewares/LVGL/lvgl/src/misc/lv_anim.c **** }
 107:Middlewares/LVGL/lvgl/src/misc/lv_anim.c **** 
 108:Middlewares/LVGL/lvgl/src/misc/lv_anim.c **** void lv_anim_init(lv_anim_t * a)
 109:Middlewares/LVGL/lvgl/src/misc/lv_anim.c **** {
 110:Middlewares/LVGL/lvgl/src/misc/lv_anim.c ****     lv_memzero(a, sizeof(lv_anim_t));
 111:Middlewares/LVGL/lvgl/src/misc/lv_anim.c ****     a->duration = 500;
 112:Middlewares/LVGL/lvgl/src/misc/lv_anim.c ****     a->start_value = 0;
 113:Middlewares/LVGL/lvgl/src/misc/lv_anim.c ****     a->end_value = 100;
 114:Middlewares/LVGL/lvgl/src/misc/lv_anim.c ****     a->repeat_cnt = 1;
 115:Middlewares/LVGL/lvgl/src/misc/lv_anim.c ****     a->path_cb = lv_anim_path_linear;
 116:Middlewares/LVGL/lvgl/src/misc/lv_anim.c ****     a->early_apply = 1;
 117:Middlewares/LVGL/lvgl/src/misc/lv_anim.c **** #if LV_USE_EXT_DATA
 118:Middlewares/LVGL/lvgl/src/misc/lv_anim.c ****     a->ext_data.free_cb = NULL;
 119:Middlewares/LVGL/lvgl/src/misc/lv_anim.c ****     a->ext_data.data = NULL;
 120:Middlewares/LVGL/lvgl/src/misc/lv_anim.c **** #endif
 121:Middlewares/LVGL/lvgl/src/misc/lv_anim.c **** }
 122:Middlewares/LVGL/lvgl/src/misc/lv_anim.c **** 
 123:Middlewares/LVGL/lvgl/src/misc/lv_anim.c **** lv_anim_t * lv_anim_start(const lv_anim_t * a)
 124:Middlewares/LVGL/lvgl/src/misc/lv_anim.c **** {
 125:Middlewares/LVGL/lvgl/src/misc/lv_anim.c ****     LV_TRACE_ANIM("begin");
 126:Middlewares/LVGL/lvgl/src/misc/lv_anim.c **** 
 127:Middlewares/LVGL/lvgl/src/misc/lv_anim.c ****     /*Do not let two animations for the same 'var' with the same 'exec_cb'*/
 128:Middlewares/LVGL/lvgl/src/misc/lv_anim.c ****     if(a->early_apply && (a->exec_cb || a->custom_exec_cb)) {
 129:Middlewares/LVGL/lvgl/src/misc/lv_anim.c ****         remove_concurrent_anims(a);
 130:Middlewares/LVGL/lvgl/src/misc/lv_anim.c ****     }
 131:Middlewares/LVGL/lvgl/src/misc/lv_anim.c **** 
 132:Middlewares/LVGL/lvgl/src/misc/lv_anim.c ****     /*Add the new animation to the animation linked list*/
 133:Middlewares/LVGL/lvgl/src/misc/lv_anim.c ****     lv_anim_t * new_anim = lv_ll_ins_head(anim_ll_p);
 134:Middlewares/LVGL/lvgl/src/misc/lv_anim.c ****     LV_ASSERT_MALLOC(new_anim);
 135:Middlewares/LVGL/lvgl/src/misc/lv_anim.c ****     if(new_anim == NULL) return NULL;
 136:Middlewares/LVGL/lvgl/src/misc/lv_anim.c **** 
 137:Middlewares/LVGL/lvgl/src/misc/lv_anim.c ****     /*Initialize the animation descriptor*/
 138:Middlewares/LVGL/lvgl/src/misc/lv_anim.c ****     lv_memcpy(new_anim, a, sizeof(lv_anim_t));
 139:Middlewares/LVGL/lvgl/src/misc/lv_anim.c ****     if(a->var == a) new_anim->var = new_anim;
 140:Middlewares/LVGL/lvgl/src/misc/lv_anim.c ****     new_anim->run_round = state.anim_run_round;
 141:Middlewares/LVGL/lvgl/src/misc/lv_anim.c ****     new_anim->last_timer_run = lv_tick_get();
 142:Middlewares/LVGL/lvgl/src/misc/lv_anim.c ****     new_anim->is_paused = false;
 143:Middlewares/LVGL/lvgl/src/misc/lv_anim.c **** 
 144:Middlewares/LVGL/lvgl/src/misc/lv_anim.c ****     /*Set the start value*/
ARM GAS  C:\Users\w1785\AppData\Local\Temp\ccKUNV1D.s 			page 4


 145:Middlewares/LVGL/lvgl/src/misc/lv_anim.c ****     if(new_anim->early_apply) {
 146:Middlewares/LVGL/lvgl/src/misc/lv_anim.c ****         if(new_anim->get_value_cb) {
 147:Middlewares/LVGL/lvgl/src/misc/lv_anim.c ****             int32_t v_ofs = new_anim->get_value_cb(new_anim);
 148:Middlewares/LVGL/lvgl/src/misc/lv_anim.c ****             new_anim->start_value += v_ofs;
 149:Middlewares/LVGL/lvgl/src/misc/lv_anim.c ****             new_anim->end_value += v_ofs;
 150:Middlewares/LVGL/lvgl/src/misc/lv_anim.c **** 
 151:Middlewares/LVGL/lvgl/src/misc/lv_anim.c ****         }
 152:Middlewares/LVGL/lvgl/src/misc/lv_anim.c **** 
 153:Middlewares/LVGL/lvgl/src/misc/lv_anim.c ****         resolve_time(new_anim);
 154:Middlewares/LVGL/lvgl/src/misc/lv_anim.c **** 
 155:Middlewares/LVGL/lvgl/src/misc/lv_anim.c ****         new_anim->current_value = new_anim->path_cb(new_anim);
 156:Middlewares/LVGL/lvgl/src/misc/lv_anim.c ****         if(new_anim->exec_cb) {
 157:Middlewares/LVGL/lvgl/src/misc/lv_anim.c ****             new_anim->exec_cb(new_anim->var, new_anim->current_value);
 158:Middlewares/LVGL/lvgl/src/misc/lv_anim.c ****         }
 159:Middlewares/LVGL/lvgl/src/misc/lv_anim.c ****         if(new_anim->custom_exec_cb) {
 160:Middlewares/LVGL/lvgl/src/misc/lv_anim.c ****             new_anim->custom_exec_cb(new_anim, new_anim->current_value);
 161:Middlewares/LVGL/lvgl/src/misc/lv_anim.c ****         }
 162:Middlewares/LVGL/lvgl/src/misc/lv_anim.c ****     }
 163:Middlewares/LVGL/lvgl/src/misc/lv_anim.c **** 
 164:Middlewares/LVGL/lvgl/src/misc/lv_anim.c ****     /*Creating an animation changed the linked list.
 165:Middlewares/LVGL/lvgl/src/misc/lv_anim.c ****      *It's important if it happens in a ready callback. (see `anim_timer`)*/
 166:Middlewares/LVGL/lvgl/src/misc/lv_anim.c ****     anim_mark_list_change();
 167:Middlewares/LVGL/lvgl/src/misc/lv_anim.c **** 
 168:Middlewares/LVGL/lvgl/src/misc/lv_anim.c ****     LV_TRACE_ANIM("finished");
 169:Middlewares/LVGL/lvgl/src/misc/lv_anim.c ****     return new_anim;
 170:Middlewares/LVGL/lvgl/src/misc/lv_anim.c **** }
 171:Middlewares/LVGL/lvgl/src/misc/lv_anim.c **** 
 172:Middlewares/LVGL/lvgl/src/misc/lv_anim.c **** uint32_t lv_anim_get_playtime(const lv_anim_t * a)
 173:Middlewares/LVGL/lvgl/src/misc/lv_anim.c **** {
 174:Middlewares/LVGL/lvgl/src/misc/lv_anim.c ****     if(a->repeat_cnt == LV_ANIM_REPEAT_INFINITE) {
 175:Middlewares/LVGL/lvgl/src/misc/lv_anim.c ****         return LV_ANIM_PLAYTIME_INFINITE;
 176:Middlewares/LVGL/lvgl/src/misc/lv_anim.c ****     }
 177:Middlewares/LVGL/lvgl/src/misc/lv_anim.c **** 
 178:Middlewares/LVGL/lvgl/src/misc/lv_anim.c ****     uint32_t repeat_cnt = a->repeat_cnt;
 179:Middlewares/LVGL/lvgl/src/misc/lv_anim.c ****     if(repeat_cnt < 1) repeat_cnt = 1;
 180:Middlewares/LVGL/lvgl/src/misc/lv_anim.c **** 
 181:Middlewares/LVGL/lvgl/src/misc/lv_anim.c ****     uint32_t playtime = a->repeat_delay + a->duration + a->reverse_delay + a->reverse_duration;
 182:Middlewares/LVGL/lvgl/src/misc/lv_anim.c ****     playtime = playtime * repeat_cnt;
 183:Middlewares/LVGL/lvgl/src/misc/lv_anim.c ****     return playtime;
 184:Middlewares/LVGL/lvgl/src/misc/lv_anim.c **** }
 185:Middlewares/LVGL/lvgl/src/misc/lv_anim.c **** 
 186:Middlewares/LVGL/lvgl/src/misc/lv_anim.c **** bool lv_anim_delete(void * var, lv_anim_exec_xcb_t exec_cb)
 187:Middlewares/LVGL/lvgl/src/misc/lv_anim.c **** {
 188:Middlewares/LVGL/lvgl/src/misc/lv_anim.c ****     lv_anim_t * a;
 189:Middlewares/LVGL/lvgl/src/misc/lv_anim.c ****     bool del_any = false;
 190:Middlewares/LVGL/lvgl/src/misc/lv_anim.c ****     a        = lv_ll_get_head(anim_ll_p);
 191:Middlewares/LVGL/lvgl/src/misc/lv_anim.c ****     while(a != NULL) {
 192:Middlewares/LVGL/lvgl/src/misc/lv_anim.c ****         bool del = false;
 193:Middlewares/LVGL/lvgl/src/misc/lv_anim.c ****         if((a->var == var || var == NULL) && (a->exec_cb == exec_cb || exec_cb == NULL)) {
 194:Middlewares/LVGL/lvgl/src/misc/lv_anim.c ****             remove_anim(a);
 195:Middlewares/LVGL/lvgl/src/misc/lv_anim.c ****             anim_mark_list_change(); /*Read by `anim_timer`. It need to know if a delete occurred i
 196:Middlewares/LVGL/lvgl/src/misc/lv_anim.c ****                                        the linked list*/
 197:Middlewares/LVGL/lvgl/src/misc/lv_anim.c ****             del_any = true;
 198:Middlewares/LVGL/lvgl/src/misc/lv_anim.c ****             del = true;
 199:Middlewares/LVGL/lvgl/src/misc/lv_anim.c ****         }
 200:Middlewares/LVGL/lvgl/src/misc/lv_anim.c **** 
 201:Middlewares/LVGL/lvgl/src/misc/lv_anim.c ****         /*Always start from the head on delete, because we don't know
ARM GAS  C:\Users\w1785\AppData\Local\Temp\ccKUNV1D.s 			page 5


 202:Middlewares/LVGL/lvgl/src/misc/lv_anim.c ****          *how `anim_ll_p` was changes in `a->deleted_cb` */
 203:Middlewares/LVGL/lvgl/src/misc/lv_anim.c ****         a = del ? lv_ll_get_head(anim_ll_p) : lv_ll_get_next(anim_ll_p, a);
 204:Middlewares/LVGL/lvgl/src/misc/lv_anim.c ****     }
 205:Middlewares/LVGL/lvgl/src/misc/lv_anim.c **** 
 206:Middlewares/LVGL/lvgl/src/misc/lv_anim.c ****     return del_any;
 207:Middlewares/LVGL/lvgl/src/misc/lv_anim.c **** }
 208:Middlewares/LVGL/lvgl/src/misc/lv_anim.c **** 
 209:Middlewares/LVGL/lvgl/src/misc/lv_anim.c **** void lv_anim_delete_all(void)
 210:Middlewares/LVGL/lvgl/src/misc/lv_anim.c **** {
 211:Middlewares/LVGL/lvgl/src/misc/lv_anim.c ****     lv_ll_clear_custom(anim_ll_p, remove_anim);
 212:Middlewares/LVGL/lvgl/src/misc/lv_anim.c ****     anim_mark_list_change();
 213:Middlewares/LVGL/lvgl/src/misc/lv_anim.c **** }
 214:Middlewares/LVGL/lvgl/src/misc/lv_anim.c **** 
 215:Middlewares/LVGL/lvgl/src/misc/lv_anim.c **** lv_anim_t * lv_anim_get(void * var, lv_anim_exec_xcb_t exec_cb)
 216:Middlewares/LVGL/lvgl/src/misc/lv_anim.c **** {
 217:Middlewares/LVGL/lvgl/src/misc/lv_anim.c ****     lv_anim_t * a;
 218:Middlewares/LVGL/lvgl/src/misc/lv_anim.c ****     LV_LL_READ(anim_ll_p, a) {
 219:Middlewares/LVGL/lvgl/src/misc/lv_anim.c ****         if(a->var == var && (a->exec_cb == exec_cb || exec_cb == NULL)) {
 220:Middlewares/LVGL/lvgl/src/misc/lv_anim.c ****             return a;
 221:Middlewares/LVGL/lvgl/src/misc/lv_anim.c ****         }
 222:Middlewares/LVGL/lvgl/src/misc/lv_anim.c ****     }
 223:Middlewares/LVGL/lvgl/src/misc/lv_anim.c **** 
 224:Middlewares/LVGL/lvgl/src/misc/lv_anim.c ****     return NULL;
 225:Middlewares/LVGL/lvgl/src/misc/lv_anim.c **** }
 226:Middlewares/LVGL/lvgl/src/misc/lv_anim.c **** 
 227:Middlewares/LVGL/lvgl/src/misc/lv_anim.c **** lv_timer_t * lv_anim_get_timer(void)
 228:Middlewares/LVGL/lvgl/src/misc/lv_anim.c **** {
 229:Middlewares/LVGL/lvgl/src/misc/lv_anim.c ****     return state.timer;
 230:Middlewares/LVGL/lvgl/src/misc/lv_anim.c **** }
 231:Middlewares/LVGL/lvgl/src/misc/lv_anim.c **** 
 232:Middlewares/LVGL/lvgl/src/misc/lv_anim.c **** uint16_t lv_anim_count_running(void)
 233:Middlewares/LVGL/lvgl/src/misc/lv_anim.c **** {
 234:Middlewares/LVGL/lvgl/src/misc/lv_anim.c ****     uint16_t cnt = 0;
 235:Middlewares/LVGL/lvgl/src/misc/lv_anim.c ****     lv_anim_t * a;
 236:Middlewares/LVGL/lvgl/src/misc/lv_anim.c ****     LV_LL_READ(anim_ll_p, a) cnt++;
 237:Middlewares/LVGL/lvgl/src/misc/lv_anim.c **** 
 238:Middlewares/LVGL/lvgl/src/misc/lv_anim.c ****     return cnt;
 239:Middlewares/LVGL/lvgl/src/misc/lv_anim.c **** }
 240:Middlewares/LVGL/lvgl/src/misc/lv_anim.c **** 
 241:Middlewares/LVGL/lvgl/src/misc/lv_anim.c **** uint32_t lv_anim_speed_clamped(uint32_t speed, uint32_t min_time, uint32_t max_time)
 242:Middlewares/LVGL/lvgl/src/misc/lv_anim.c **** {
 243:Middlewares/LVGL/lvgl/src/misc/lv_anim.c **** 
 244:Middlewares/LVGL/lvgl/src/misc/lv_anim.c ****     if(speed > 10000) {
 245:Middlewares/LVGL/lvgl/src/misc/lv_anim.c ****         LV_LOG_WARN("speed is truncated to 10000 (was %"LV_PRIu32")", speed);
 246:Middlewares/LVGL/lvgl/src/misc/lv_anim.c ****         speed = 10230;
 247:Middlewares/LVGL/lvgl/src/misc/lv_anim.c ****     }
 248:Middlewares/LVGL/lvgl/src/misc/lv_anim.c ****     if(min_time > 10000) {
 249:Middlewares/LVGL/lvgl/src/misc/lv_anim.c ****         LV_LOG_WARN("min_time is truncated to 10000 (was %"LV_PRIu32")", min_time);
 250:Middlewares/LVGL/lvgl/src/misc/lv_anim.c ****         min_time = 10230;
 251:Middlewares/LVGL/lvgl/src/misc/lv_anim.c ****     }
 252:Middlewares/LVGL/lvgl/src/misc/lv_anim.c ****     if(max_time > 10000) {
 253:Middlewares/LVGL/lvgl/src/misc/lv_anim.c ****         LV_LOG_WARN("max_time is truncated to 10000 (was %"LV_PRIu32")", max_time);
 254:Middlewares/LVGL/lvgl/src/misc/lv_anim.c ****         max_time = 10230;
 255:Middlewares/LVGL/lvgl/src/misc/lv_anim.c ****     }
 256:Middlewares/LVGL/lvgl/src/misc/lv_anim.c **** 
 257:Middlewares/LVGL/lvgl/src/misc/lv_anim.c ****     /*Lower the resolution to fit the 0.1023 range*/
 258:Middlewares/LVGL/lvgl/src/misc/lv_anim.c ****     speed = (speed + 5) / 10;
ARM GAS  C:\Users\w1785\AppData\Local\Temp\ccKUNV1D.s 			page 6


 259:Middlewares/LVGL/lvgl/src/misc/lv_anim.c ****     min_time = (min_time + 5) / 10;
 260:Middlewares/LVGL/lvgl/src/misc/lv_anim.c ****     max_time = (max_time + 5) / 10;
 261:Middlewares/LVGL/lvgl/src/misc/lv_anim.c **** 
 262:Middlewares/LVGL/lvgl/src/misc/lv_anim.c ****     return LV_ANIM_SPEED_MASK + (max_time << 20) + (min_time << 10) + speed;
 263:Middlewares/LVGL/lvgl/src/misc/lv_anim.c **** 
 264:Middlewares/LVGL/lvgl/src/misc/lv_anim.c **** }
 265:Middlewares/LVGL/lvgl/src/misc/lv_anim.c **** 
 266:Middlewares/LVGL/lvgl/src/misc/lv_anim.c **** uint32_t lv_anim_speed(uint32_t speed)
 267:Middlewares/LVGL/lvgl/src/misc/lv_anim.c **** {
 268:Middlewares/LVGL/lvgl/src/misc/lv_anim.c ****     return lv_anim_speed_clamped(speed, 0, 10000);
 269:Middlewares/LVGL/lvgl/src/misc/lv_anim.c **** }
 270:Middlewares/LVGL/lvgl/src/misc/lv_anim.c **** 
 271:Middlewares/LVGL/lvgl/src/misc/lv_anim.c **** uint32_t lv_anim_speed_to_time(uint32_t speed, int32_t start, int32_t end)
 272:Middlewares/LVGL/lvgl/src/misc/lv_anim.c **** {
 273:Middlewares/LVGL/lvgl/src/misc/lv_anim.c ****     uint32_t d = LV_ABS(start - end);
 274:Middlewares/LVGL/lvgl/src/misc/lv_anim.c ****     uint32_t time = (d * 1000) / speed;
 275:Middlewares/LVGL/lvgl/src/misc/lv_anim.c **** 
 276:Middlewares/LVGL/lvgl/src/misc/lv_anim.c ****     time = time == 0 ? 1 : time;
 277:Middlewares/LVGL/lvgl/src/misc/lv_anim.c **** 
 278:Middlewares/LVGL/lvgl/src/misc/lv_anim.c ****     return time;
 279:Middlewares/LVGL/lvgl/src/misc/lv_anim.c **** }
 280:Middlewares/LVGL/lvgl/src/misc/lv_anim.c **** 
 281:Middlewares/LVGL/lvgl/src/misc/lv_anim.c **** void lv_anim_refr_now(void)
 282:Middlewares/LVGL/lvgl/src/misc/lv_anim.c **** {
 283:Middlewares/LVGL/lvgl/src/misc/lv_anim.c ****     anim_timer(NULL);
 284:Middlewares/LVGL/lvgl/src/misc/lv_anim.c **** }
 285:Middlewares/LVGL/lvgl/src/misc/lv_anim.c **** 
 286:Middlewares/LVGL/lvgl/src/misc/lv_anim.c **** int32_t lv_anim_path_linear(const lv_anim_t * a)
 287:Middlewares/LVGL/lvgl/src/misc/lv_anim.c **** {
 288:Middlewares/LVGL/lvgl/src/misc/lv_anim.c ****     /*Calculate the current step*/
 289:Middlewares/LVGL/lvgl/src/misc/lv_anim.c ****     int32_t step = lv_map(a->act_time, 0, a->duration, 0, LV_ANIM_RESOLUTION);
 290:Middlewares/LVGL/lvgl/src/misc/lv_anim.c **** 
 291:Middlewares/LVGL/lvgl/src/misc/lv_anim.c ****     /*Get the new value which will be proportional to `step`
 292:Middlewares/LVGL/lvgl/src/misc/lv_anim.c ****      *and the `start` and `end` values*/
 293:Middlewares/LVGL/lvgl/src/misc/lv_anim.c ****     int32_t new_value;
 294:Middlewares/LVGL/lvgl/src/misc/lv_anim.c ****     new_value = step * (a->end_value - a->start_value);
 295:Middlewares/LVGL/lvgl/src/misc/lv_anim.c ****     new_value = new_value >> LV_ANIM_RES_SHIFT;
 296:Middlewares/LVGL/lvgl/src/misc/lv_anim.c ****     new_value += a->start_value;
 297:Middlewares/LVGL/lvgl/src/misc/lv_anim.c **** 
 298:Middlewares/LVGL/lvgl/src/misc/lv_anim.c ****     return new_value;
 299:Middlewares/LVGL/lvgl/src/misc/lv_anim.c **** }
 300:Middlewares/LVGL/lvgl/src/misc/lv_anim.c **** 
 301:Middlewares/LVGL/lvgl/src/misc/lv_anim.c **** int32_t lv_anim_path_ease_in(const lv_anim_t * a)
 302:Middlewares/LVGL/lvgl/src/misc/lv_anim.c **** {
 303:Middlewares/LVGL/lvgl/src/misc/lv_anim.c ****     return lv_anim_path_cubic_bezier(a, LV_BEZIER_VAL_FLOAT(0.42), LV_BEZIER_VAL_FLOAT(0),
 304:Middlewares/LVGL/lvgl/src/misc/lv_anim.c ****                                      LV_BEZIER_VAL_FLOAT(1), LV_BEZIER_VAL_FLOAT(1));
 305:Middlewares/LVGL/lvgl/src/misc/lv_anim.c **** }
 306:Middlewares/LVGL/lvgl/src/misc/lv_anim.c **** 
 307:Middlewares/LVGL/lvgl/src/misc/lv_anim.c **** int32_t lv_anim_path_ease_out(const lv_anim_t * a)
 308:Middlewares/LVGL/lvgl/src/misc/lv_anim.c **** {
 309:Middlewares/LVGL/lvgl/src/misc/lv_anim.c ****     return lv_anim_path_cubic_bezier(a, LV_BEZIER_VAL_FLOAT(0), LV_BEZIER_VAL_FLOAT(0),
 310:Middlewares/LVGL/lvgl/src/misc/lv_anim.c ****                                      LV_BEZIER_VAL_FLOAT(0.58), LV_BEZIER_VAL_FLOAT(1));
 311:Middlewares/LVGL/lvgl/src/misc/lv_anim.c **** }
 312:Middlewares/LVGL/lvgl/src/misc/lv_anim.c **** 
 313:Middlewares/LVGL/lvgl/src/misc/lv_anim.c **** int32_t lv_anim_path_ease_in_out(const lv_anim_t * a)
 314:Middlewares/LVGL/lvgl/src/misc/lv_anim.c **** {
 315:Middlewares/LVGL/lvgl/src/misc/lv_anim.c ****     return lv_anim_path_cubic_bezier(a, LV_BEZIER_VAL_FLOAT(0.42), LV_BEZIER_VAL_FLOAT(0),
ARM GAS  C:\Users\w1785\AppData\Local\Temp\ccKUNV1D.s 			page 7


 316:Middlewares/LVGL/lvgl/src/misc/lv_anim.c ****                                      LV_BEZIER_VAL_FLOAT(0.58), LV_BEZIER_VAL_FLOAT(1));
 317:Middlewares/LVGL/lvgl/src/misc/lv_anim.c **** }
 318:Middlewares/LVGL/lvgl/src/misc/lv_anim.c **** 
 319:Middlewares/LVGL/lvgl/src/misc/lv_anim.c **** int32_t lv_anim_path_overshoot(const lv_anim_t * a)
 320:Middlewares/LVGL/lvgl/src/misc/lv_anim.c **** {
 321:Middlewares/LVGL/lvgl/src/misc/lv_anim.c ****     return lv_anim_path_cubic_bezier(a, 341, 0, 683, 1300);
 322:Middlewares/LVGL/lvgl/src/misc/lv_anim.c **** }
 323:Middlewares/LVGL/lvgl/src/misc/lv_anim.c **** 
 324:Middlewares/LVGL/lvgl/src/misc/lv_anim.c **** int32_t lv_anim_path_bounce(const lv_anim_t * a)
 325:Middlewares/LVGL/lvgl/src/misc/lv_anim.c **** {
 326:Middlewares/LVGL/lvgl/src/misc/lv_anim.c ****     /*Calculate the current step*/
 327:Middlewares/LVGL/lvgl/src/misc/lv_anim.c ****     int32_t t = lv_map(a->act_time, 0, a->duration, 0, LV_BEZIER_VAL_MAX);
 328:Middlewares/LVGL/lvgl/src/misc/lv_anim.c ****     int32_t diff = (a->end_value - a->start_value);
 329:Middlewares/LVGL/lvgl/src/misc/lv_anim.c **** 
 330:Middlewares/LVGL/lvgl/src/misc/lv_anim.c ****     /*3 bounces has 5 parts: 3 down and 2 up. One part is t / 5 long*/
 331:Middlewares/LVGL/lvgl/src/misc/lv_anim.c **** 
 332:Middlewares/LVGL/lvgl/src/misc/lv_anim.c ****     if(t < 408) {
 333:Middlewares/LVGL/lvgl/src/misc/lv_anim.c ****         /*Go down*/
 334:Middlewares/LVGL/lvgl/src/misc/lv_anim.c ****         t = (t * 2500) >> LV_BEZIER_VAL_SHIFT; /*[0..1024] range*/
 335:Middlewares/LVGL/lvgl/src/misc/lv_anim.c ****         t = LV_BEZIER_VAL_MAX - t;
 336:Middlewares/LVGL/lvgl/src/misc/lv_anim.c ****     }
 337:Middlewares/LVGL/lvgl/src/misc/lv_anim.c ****     else if(t >= 408 && t < 614) {
 338:Middlewares/LVGL/lvgl/src/misc/lv_anim.c ****         /*First bounce back*/
 339:Middlewares/LVGL/lvgl/src/misc/lv_anim.c ****         t -= 408;
 340:Middlewares/LVGL/lvgl/src/misc/lv_anim.c ****         t    = t * 5; /*to [0..1024] range*/
 341:Middlewares/LVGL/lvgl/src/misc/lv_anim.c ****         diff = diff / 20;
 342:Middlewares/LVGL/lvgl/src/misc/lv_anim.c ****     }
 343:Middlewares/LVGL/lvgl/src/misc/lv_anim.c ****     else if(t >= 614 && t < 819) {
 344:Middlewares/LVGL/lvgl/src/misc/lv_anim.c ****         /*Fall back*/
 345:Middlewares/LVGL/lvgl/src/misc/lv_anim.c ****         t -= 614;
 346:Middlewares/LVGL/lvgl/src/misc/lv_anim.c ****         t    = t * 5; /*to [0..1024] range*/
 347:Middlewares/LVGL/lvgl/src/misc/lv_anim.c ****         t    = LV_BEZIER_VAL_MAX - t;
 348:Middlewares/LVGL/lvgl/src/misc/lv_anim.c ****         diff = diff / 20;
 349:Middlewares/LVGL/lvgl/src/misc/lv_anim.c ****     }
 350:Middlewares/LVGL/lvgl/src/misc/lv_anim.c ****     else if(t >= 819 && t < 921) {
 351:Middlewares/LVGL/lvgl/src/misc/lv_anim.c ****         /*Second bounce back*/
 352:Middlewares/LVGL/lvgl/src/misc/lv_anim.c ****         t -= 819;
 353:Middlewares/LVGL/lvgl/src/misc/lv_anim.c ****         t    = t * 10; /*to [0..1024] range*/
 354:Middlewares/LVGL/lvgl/src/misc/lv_anim.c ****         diff = diff / 40;
 355:Middlewares/LVGL/lvgl/src/misc/lv_anim.c ****     }
 356:Middlewares/LVGL/lvgl/src/misc/lv_anim.c ****     else if(t >= 921 && t <= LV_BEZIER_VAL_MAX) {
 357:Middlewares/LVGL/lvgl/src/misc/lv_anim.c ****         /*Fall back*/
 358:Middlewares/LVGL/lvgl/src/misc/lv_anim.c ****         t -= 921;
 359:Middlewares/LVGL/lvgl/src/misc/lv_anim.c ****         t    = t * 10; /*to [0..1024] range*/
 360:Middlewares/LVGL/lvgl/src/misc/lv_anim.c ****         t    = LV_BEZIER_VAL_MAX - t;
 361:Middlewares/LVGL/lvgl/src/misc/lv_anim.c ****         diff = diff / 40;
 362:Middlewares/LVGL/lvgl/src/misc/lv_anim.c ****     }
 363:Middlewares/LVGL/lvgl/src/misc/lv_anim.c **** 
 364:Middlewares/LVGL/lvgl/src/misc/lv_anim.c ****     if(t > LV_BEZIER_VAL_MAX) t = LV_BEZIER_VAL_MAX;
 365:Middlewares/LVGL/lvgl/src/misc/lv_anim.c ****     if(t < 0) t = 0;
 366:Middlewares/LVGL/lvgl/src/misc/lv_anim.c ****     int32_t step = lv_bezier3(t, 0, 500, 800, LV_BEZIER_VAL_MAX);
 367:Middlewares/LVGL/lvgl/src/misc/lv_anim.c **** 
 368:Middlewares/LVGL/lvgl/src/misc/lv_anim.c ****     int32_t new_value;
 369:Middlewares/LVGL/lvgl/src/misc/lv_anim.c ****     new_value = step * diff;
 370:Middlewares/LVGL/lvgl/src/misc/lv_anim.c ****     new_value = new_value >> LV_BEZIER_VAL_SHIFT;
 371:Middlewares/LVGL/lvgl/src/misc/lv_anim.c ****     new_value = a->end_value - new_value;
 372:Middlewares/LVGL/lvgl/src/misc/lv_anim.c **** 
ARM GAS  C:\Users\w1785\AppData\Local\Temp\ccKUNV1D.s 			page 8


 373:Middlewares/LVGL/lvgl/src/misc/lv_anim.c ****     return new_value;
 374:Middlewares/LVGL/lvgl/src/misc/lv_anim.c **** }
 375:Middlewares/LVGL/lvgl/src/misc/lv_anim.c **** 
 376:Middlewares/LVGL/lvgl/src/misc/lv_anim.c **** int32_t lv_anim_path_step(const lv_anim_t * a)
 377:Middlewares/LVGL/lvgl/src/misc/lv_anim.c **** {
 378:Middlewares/LVGL/lvgl/src/misc/lv_anim.c ****     if(a->act_time >= a->duration)
 379:Middlewares/LVGL/lvgl/src/misc/lv_anim.c ****         return a->end_value;
 380:Middlewares/LVGL/lvgl/src/misc/lv_anim.c ****     else
 381:Middlewares/LVGL/lvgl/src/misc/lv_anim.c ****         return a->start_value;
 382:Middlewares/LVGL/lvgl/src/misc/lv_anim.c **** }
 383:Middlewares/LVGL/lvgl/src/misc/lv_anim.c **** 
 384:Middlewares/LVGL/lvgl/src/misc/lv_anim.c **** int32_t lv_anim_path_custom_bezier3(const lv_anim_t * a)
 385:Middlewares/LVGL/lvgl/src/misc/lv_anim.c **** {
 386:Middlewares/LVGL/lvgl/src/misc/lv_anim.c ****     const lv_anim_bezier3_para_t * para = &a->parameter.bezier3;
 387:Middlewares/LVGL/lvgl/src/misc/lv_anim.c ****     return lv_anim_path_cubic_bezier(a, para->x1, para->y1, para->x2, para->y2);
 388:Middlewares/LVGL/lvgl/src/misc/lv_anim.c **** }
 389:Middlewares/LVGL/lvgl/src/misc/lv_anim.c **** 
 390:Middlewares/LVGL/lvgl/src/misc/lv_anim.c **** void lv_anim_set_var(lv_anim_t * a, void * var)
 391:Middlewares/LVGL/lvgl/src/misc/lv_anim.c **** {
 392:Middlewares/LVGL/lvgl/src/misc/lv_anim.c ****     a->var = var;
 393:Middlewares/LVGL/lvgl/src/misc/lv_anim.c **** }
 394:Middlewares/LVGL/lvgl/src/misc/lv_anim.c **** 
 395:Middlewares/LVGL/lvgl/src/misc/lv_anim.c **** void lv_anim_set_exec_cb(lv_anim_t * a, lv_anim_exec_xcb_t exec_cb)
 396:Middlewares/LVGL/lvgl/src/misc/lv_anim.c **** {
 397:Middlewares/LVGL/lvgl/src/misc/lv_anim.c ****     a->exec_cb = exec_cb;
 398:Middlewares/LVGL/lvgl/src/misc/lv_anim.c **** }
 399:Middlewares/LVGL/lvgl/src/misc/lv_anim.c **** 
 400:Middlewares/LVGL/lvgl/src/misc/lv_anim.c **** void lv_anim_set_duration(lv_anim_t * a, uint32_t duration)
 401:Middlewares/LVGL/lvgl/src/misc/lv_anim.c **** {
 402:Middlewares/LVGL/lvgl/src/misc/lv_anim.c ****     a->duration = duration;
 403:Middlewares/LVGL/lvgl/src/misc/lv_anim.c **** }
 404:Middlewares/LVGL/lvgl/src/misc/lv_anim.c **** 
 405:Middlewares/LVGL/lvgl/src/misc/lv_anim.c **** void lv_anim_set_delay(lv_anim_t * a, uint32_t delay)
 406:Middlewares/LVGL/lvgl/src/misc/lv_anim.c **** {
 407:Middlewares/LVGL/lvgl/src/misc/lv_anim.c ****     a->act_time = -(int32_t)(delay);
 408:Middlewares/LVGL/lvgl/src/misc/lv_anim.c **** }
 409:Middlewares/LVGL/lvgl/src/misc/lv_anim.c **** 
 410:Middlewares/LVGL/lvgl/src/misc/lv_anim.c **** void lv_anim_set_values(lv_anim_t * a, int32_t start, int32_t end)
 411:Middlewares/LVGL/lvgl/src/misc/lv_anim.c **** {
 412:Middlewares/LVGL/lvgl/src/misc/lv_anim.c ****     a->start_value = start;
 413:Middlewares/LVGL/lvgl/src/misc/lv_anim.c ****     a->current_value = INT32_MIN;
 414:Middlewares/LVGL/lvgl/src/misc/lv_anim.c ****     a->end_value = end;
 415:Middlewares/LVGL/lvgl/src/misc/lv_anim.c **** }
 416:Middlewares/LVGL/lvgl/src/misc/lv_anim.c **** 
 417:Middlewares/LVGL/lvgl/src/misc/lv_anim.c **** void lv_anim_set_custom_exec_cb(lv_anim_t * a, lv_anim_custom_exec_cb_t exec_cb)
 418:Middlewares/LVGL/lvgl/src/misc/lv_anim.c **** {
 419:Middlewares/LVGL/lvgl/src/misc/lv_anim.c ****     a->custom_exec_cb = exec_cb;
 420:Middlewares/LVGL/lvgl/src/misc/lv_anim.c **** }
 421:Middlewares/LVGL/lvgl/src/misc/lv_anim.c **** 
 422:Middlewares/LVGL/lvgl/src/misc/lv_anim.c **** void lv_anim_set_path_cb(lv_anim_t * a, lv_anim_path_cb_t path_cb)
 423:Middlewares/LVGL/lvgl/src/misc/lv_anim.c **** {
 424:Middlewares/LVGL/lvgl/src/misc/lv_anim.c ****     a->path_cb = path_cb;
 425:Middlewares/LVGL/lvgl/src/misc/lv_anim.c **** }
 426:Middlewares/LVGL/lvgl/src/misc/lv_anim.c **** 
 427:Middlewares/LVGL/lvgl/src/misc/lv_anim.c **** void lv_anim_set_start_cb(lv_anim_t * a, lv_anim_start_cb_t start_cb)
 428:Middlewares/LVGL/lvgl/src/misc/lv_anim.c **** {
 429:Middlewares/LVGL/lvgl/src/misc/lv_anim.c ****     a->start_cb = start_cb;
ARM GAS  C:\Users\w1785\AppData\Local\Temp\ccKUNV1D.s 			page 9


 430:Middlewares/LVGL/lvgl/src/misc/lv_anim.c **** }
 431:Middlewares/LVGL/lvgl/src/misc/lv_anim.c **** 
 432:Middlewares/LVGL/lvgl/src/misc/lv_anim.c **** void lv_anim_set_get_value_cb(lv_anim_t * a, lv_anim_get_value_cb_t get_value_cb)
 433:Middlewares/LVGL/lvgl/src/misc/lv_anim.c **** {
 434:Middlewares/LVGL/lvgl/src/misc/lv_anim.c ****     a->get_value_cb = get_value_cb;
 435:Middlewares/LVGL/lvgl/src/misc/lv_anim.c **** }
 436:Middlewares/LVGL/lvgl/src/misc/lv_anim.c **** 
 437:Middlewares/LVGL/lvgl/src/misc/lv_anim.c **** void lv_anim_set_completed_cb(lv_anim_t * a, lv_anim_completed_cb_t completed_cb)
 438:Middlewares/LVGL/lvgl/src/misc/lv_anim.c **** {
 439:Middlewares/LVGL/lvgl/src/misc/lv_anim.c ****     a->completed_cb = completed_cb;
 440:Middlewares/LVGL/lvgl/src/misc/lv_anim.c **** }
 441:Middlewares/LVGL/lvgl/src/misc/lv_anim.c **** 
 442:Middlewares/LVGL/lvgl/src/misc/lv_anim.c **** void lv_anim_set_deleted_cb(lv_anim_t * a, lv_anim_deleted_cb_t deleted_cb)
 443:Middlewares/LVGL/lvgl/src/misc/lv_anim.c **** {
 444:Middlewares/LVGL/lvgl/src/misc/lv_anim.c ****     a->deleted_cb = deleted_cb;
 445:Middlewares/LVGL/lvgl/src/misc/lv_anim.c **** }
 446:Middlewares/LVGL/lvgl/src/misc/lv_anim.c **** 
 447:Middlewares/LVGL/lvgl/src/misc/lv_anim.c **** void lv_anim_set_reverse_duration(lv_anim_t * a, uint32_t duration)
 448:Middlewares/LVGL/lvgl/src/misc/lv_anim.c **** {
 449:Middlewares/LVGL/lvgl/src/misc/lv_anim.c ****     a->reverse_duration = duration;
 450:Middlewares/LVGL/lvgl/src/misc/lv_anim.c **** }
 451:Middlewares/LVGL/lvgl/src/misc/lv_anim.c **** 
 452:Middlewares/LVGL/lvgl/src/misc/lv_anim.c **** void lv_anim_set_reverse_time(lv_anim_t * a, uint32_t duration)
 453:Middlewares/LVGL/lvgl/src/misc/lv_anim.c **** {
 454:Middlewares/LVGL/lvgl/src/misc/lv_anim.c ****     lv_anim_set_reverse_duration(a, duration);
 455:Middlewares/LVGL/lvgl/src/misc/lv_anim.c **** }
 456:Middlewares/LVGL/lvgl/src/misc/lv_anim.c **** 
 457:Middlewares/LVGL/lvgl/src/misc/lv_anim.c **** void lv_anim_set_reverse_delay(lv_anim_t * a, uint32_t delay)
 458:Middlewares/LVGL/lvgl/src/misc/lv_anim.c **** {
 459:Middlewares/LVGL/lvgl/src/misc/lv_anim.c ****     a->reverse_delay = delay;
 460:Middlewares/LVGL/lvgl/src/misc/lv_anim.c **** }
 461:Middlewares/LVGL/lvgl/src/misc/lv_anim.c **** 
 462:Middlewares/LVGL/lvgl/src/misc/lv_anim.c **** void lv_anim_set_repeat_count(lv_anim_t * a, uint32_t cnt)
 463:Middlewares/LVGL/lvgl/src/misc/lv_anim.c **** {
 464:Middlewares/LVGL/lvgl/src/misc/lv_anim.c ****     a->repeat_cnt = cnt;
 465:Middlewares/LVGL/lvgl/src/misc/lv_anim.c **** }
 466:Middlewares/LVGL/lvgl/src/misc/lv_anim.c **** 
 467:Middlewares/LVGL/lvgl/src/misc/lv_anim.c **** void lv_anim_set_repeat_delay(lv_anim_t * a, uint32_t delay)
 468:Middlewares/LVGL/lvgl/src/misc/lv_anim.c **** {
 469:Middlewares/LVGL/lvgl/src/misc/lv_anim.c ****     a->repeat_delay = delay;
 470:Middlewares/LVGL/lvgl/src/misc/lv_anim.c **** }
 471:Middlewares/LVGL/lvgl/src/misc/lv_anim.c **** 
 472:Middlewares/LVGL/lvgl/src/misc/lv_anim.c **** void lv_anim_set_early_apply(lv_anim_t * a, bool en)
 473:Middlewares/LVGL/lvgl/src/misc/lv_anim.c **** {
 474:Middlewares/LVGL/lvgl/src/misc/lv_anim.c ****     a->early_apply = en;
 475:Middlewares/LVGL/lvgl/src/misc/lv_anim.c **** }
 476:Middlewares/LVGL/lvgl/src/misc/lv_anim.c **** 
 477:Middlewares/LVGL/lvgl/src/misc/lv_anim.c **** void lv_anim_set_user_data(lv_anim_t * a, void * user_data)
 478:Middlewares/LVGL/lvgl/src/misc/lv_anim.c **** {
 479:Middlewares/LVGL/lvgl/src/misc/lv_anim.c ****     a->user_data = user_data;
 480:Middlewares/LVGL/lvgl/src/misc/lv_anim.c **** }
 481:Middlewares/LVGL/lvgl/src/misc/lv_anim.c **** 
 482:Middlewares/LVGL/lvgl/src/misc/lv_anim.c **** void lv_anim_set_bezier3_param(lv_anim_t * a, int16_t x1, int16_t y1, int16_t x2, int16_t y2)
 483:Middlewares/LVGL/lvgl/src/misc/lv_anim.c **** {
 484:Middlewares/LVGL/lvgl/src/misc/lv_anim.c ****     lv_anim_bezier3_para_t * para = &a->parameter.bezier3;
 485:Middlewares/LVGL/lvgl/src/misc/lv_anim.c **** 
 486:Middlewares/LVGL/lvgl/src/misc/lv_anim.c ****     para->x1 = x1;
ARM GAS  C:\Users\w1785\AppData\Local\Temp\ccKUNV1D.s 			page 10


 487:Middlewares/LVGL/lvgl/src/misc/lv_anim.c ****     para->x2 = x2;
 488:Middlewares/LVGL/lvgl/src/misc/lv_anim.c ****     para->y1 = y1;
 489:Middlewares/LVGL/lvgl/src/misc/lv_anim.c ****     para->y2 = y2;
 490:Middlewares/LVGL/lvgl/src/misc/lv_anim.c **** }
 491:Middlewares/LVGL/lvgl/src/misc/lv_anim.c **** 
 492:Middlewares/LVGL/lvgl/src/misc/lv_anim.c **** uint32_t lv_anim_get_delay(const lv_anim_t * a)
 493:Middlewares/LVGL/lvgl/src/misc/lv_anim.c **** {
 494:Middlewares/LVGL/lvgl/src/misc/lv_anim.c ****     return -a->act_time;
 495:Middlewares/LVGL/lvgl/src/misc/lv_anim.c **** }
 496:Middlewares/LVGL/lvgl/src/misc/lv_anim.c **** 
 497:Middlewares/LVGL/lvgl/src/misc/lv_anim.c **** uint32_t lv_anim_get_time(const lv_anim_t * a)
 498:Middlewares/LVGL/lvgl/src/misc/lv_anim.c **** {
 499:Middlewares/LVGL/lvgl/src/misc/lv_anim.c ****     return a->duration;
 500:Middlewares/LVGL/lvgl/src/misc/lv_anim.c **** }
 501:Middlewares/LVGL/lvgl/src/misc/lv_anim.c **** 
 502:Middlewares/LVGL/lvgl/src/misc/lv_anim.c **** uint32_t lv_anim_get_repeat_count(const lv_anim_t * a)
 503:Middlewares/LVGL/lvgl/src/misc/lv_anim.c **** {
 504:Middlewares/LVGL/lvgl/src/misc/lv_anim.c ****     return a->repeat_cnt;
 505:Middlewares/LVGL/lvgl/src/misc/lv_anim.c **** }
 506:Middlewares/LVGL/lvgl/src/misc/lv_anim.c **** 
 507:Middlewares/LVGL/lvgl/src/misc/lv_anim.c **** void * lv_anim_get_user_data(const lv_anim_t * a)
 508:Middlewares/LVGL/lvgl/src/misc/lv_anim.c **** {
 509:Middlewares/LVGL/lvgl/src/misc/lv_anim.c ****     return a->user_data;
 510:Middlewares/LVGL/lvgl/src/misc/lv_anim.c **** }
 511:Middlewares/LVGL/lvgl/src/misc/lv_anim.c **** 
 512:Middlewares/LVGL/lvgl/src/misc/lv_anim.c **** bool lv_anim_custom_delete(lv_anim_t * a, lv_anim_custom_exec_cb_t exec_cb)
 513:Middlewares/LVGL/lvgl/src/misc/lv_anim.c **** {
 514:Middlewares/LVGL/lvgl/src/misc/lv_anim.c ****     return lv_anim_delete(a ? a->var : NULL, (lv_anim_exec_xcb_t)exec_cb);
 515:Middlewares/LVGL/lvgl/src/misc/lv_anim.c **** }
 516:Middlewares/LVGL/lvgl/src/misc/lv_anim.c **** 
 517:Middlewares/LVGL/lvgl/src/misc/lv_anim.c **** lv_anim_t * lv_anim_custom_get(lv_anim_t * a, lv_anim_custom_exec_cb_t exec_cb)
 518:Middlewares/LVGL/lvgl/src/misc/lv_anim.c **** {
 519:Middlewares/LVGL/lvgl/src/misc/lv_anim.c ****     return lv_anim_get(a ? a->var : NULL, (lv_anim_exec_xcb_t)exec_cb);
 520:Middlewares/LVGL/lvgl/src/misc/lv_anim.c **** }
 521:Middlewares/LVGL/lvgl/src/misc/lv_anim.c **** 
 522:Middlewares/LVGL/lvgl/src/misc/lv_anim.c **** uint32_t lv_anim_resolve_speed(uint32_t speed_or_time, int32_t start, int32_t end)
 523:Middlewares/LVGL/lvgl/src/misc/lv_anim.c **** {
 524:Middlewares/LVGL/lvgl/src/misc/lv_anim.c ****     /*It was a simple time*/
 525:Middlewares/LVGL/lvgl/src/misc/lv_anim.c ****     if((speed_or_time & LV_ANIM_SPEED_MASK) == 0) return speed_or_time;
 526:Middlewares/LVGL/lvgl/src/misc/lv_anim.c **** 
 527:Middlewares/LVGL/lvgl/src/misc/lv_anim.c ****     uint32_t d    = LV_ABS(start - end);
 528:Middlewares/LVGL/lvgl/src/misc/lv_anim.c ****     uint32_t speed = speed_or_time & 0x3FF;
 529:Middlewares/LVGL/lvgl/src/misc/lv_anim.c ****     uint32_t time = (d * 100) / speed; /*Speed is in 10 units per sec*/
 530:Middlewares/LVGL/lvgl/src/misc/lv_anim.c ****     uint32_t max_time = (speed_or_time >> 20) & 0x3FF;
 531:Middlewares/LVGL/lvgl/src/misc/lv_anim.c ****     uint32_t min_time = (speed_or_time >> 10) & 0x3FF;
 532:Middlewares/LVGL/lvgl/src/misc/lv_anim.c **** 
 533:Middlewares/LVGL/lvgl/src/misc/lv_anim.c ****     return LV_CLAMP(min_time * 10, time, max_time * 10);
 534:Middlewares/LVGL/lvgl/src/misc/lv_anim.c **** }
 535:Middlewares/LVGL/lvgl/src/misc/lv_anim.c **** 
 536:Middlewares/LVGL/lvgl/src/misc/lv_anim.c **** bool lv_anim_is_paused(lv_anim_t * a)
 537:Middlewares/LVGL/lvgl/src/misc/lv_anim.c **** {
 538:Middlewares/LVGL/lvgl/src/misc/lv_anim.c ****     LV_ASSERT_NULL(a);
 539:Middlewares/LVGL/lvgl/src/misc/lv_anim.c ****     return a->is_paused;
 540:Middlewares/LVGL/lvgl/src/misc/lv_anim.c **** }
 541:Middlewares/LVGL/lvgl/src/misc/lv_anim.c **** 
 542:Middlewares/LVGL/lvgl/src/misc/lv_anim.c **** void lv_anim_pause(lv_anim_t * a)
 543:Middlewares/LVGL/lvgl/src/misc/lv_anim.c **** {
ARM GAS  C:\Users\w1785\AppData\Local\Temp\ccKUNV1D.s 			page 11


 544:Middlewares/LVGL/lvgl/src/misc/lv_anim.c ****     LV_ASSERT_NULL(a);
 545:Middlewares/LVGL/lvgl/src/misc/lv_anim.c ****     lv_anim_pause_for_internal(a, LV_ANIM_PAUSE_FOREVER);
 546:Middlewares/LVGL/lvgl/src/misc/lv_anim.c **** }
 547:Middlewares/LVGL/lvgl/src/misc/lv_anim.c **** 
 548:Middlewares/LVGL/lvgl/src/misc/lv_anim.c **** void lv_anim_pause_for(lv_anim_t * a, uint32_t ms)
 549:Middlewares/LVGL/lvgl/src/misc/lv_anim.c **** {
 550:Middlewares/LVGL/lvgl/src/misc/lv_anim.c ****     LV_ASSERT_NULL(a);
 551:Middlewares/LVGL/lvgl/src/misc/lv_anim.c ****     lv_anim_pause_for_internal(a, ms);
 552:Middlewares/LVGL/lvgl/src/misc/lv_anim.c **** }
 553:Middlewares/LVGL/lvgl/src/misc/lv_anim.c **** 
 554:Middlewares/LVGL/lvgl/src/misc/lv_anim.c **** void lv_anim_resume(lv_anim_t * a)
 555:Middlewares/LVGL/lvgl/src/misc/lv_anim.c **** {
 556:Middlewares/LVGL/lvgl/src/misc/lv_anim.c ****     LV_ASSERT_NULL(a);
 557:Middlewares/LVGL/lvgl/src/misc/lv_anim.c ****     a->is_paused = false;
 558:Middlewares/LVGL/lvgl/src/misc/lv_anim.c ****     a->pause_duration = 0;
 559:Middlewares/LVGL/lvgl/src/misc/lv_anim.c ****     a->run_round = state.anim_run_round;
 560:Middlewares/LVGL/lvgl/src/misc/lv_anim.c **** }
 561:Middlewares/LVGL/lvgl/src/misc/lv_anim.c **** 
 562:Middlewares/LVGL/lvgl/src/misc/lv_anim.c **** #if LV_USE_EXT_DATA
 563:Middlewares/LVGL/lvgl/src/misc/lv_anim.c **** void lv_anim_set_external_data(lv_anim_t * anim, void * data, void (* free_cb)(void * data))
 564:Middlewares/LVGL/lvgl/src/misc/lv_anim.c **** {
 565:Middlewares/LVGL/lvgl/src/misc/lv_anim.c ****     if(!anim) {
 566:Middlewares/LVGL/lvgl/src/misc/lv_anim.c ****         LV_LOG_WARN("Can't attach external user data and destructor callback to a NULL animation");
 567:Middlewares/LVGL/lvgl/src/misc/lv_anim.c ****         return;
 568:Middlewares/LVGL/lvgl/src/misc/lv_anim.c ****     }
 569:Middlewares/LVGL/lvgl/src/misc/lv_anim.c **** 
 570:Middlewares/LVGL/lvgl/src/misc/lv_anim.c ****     anim->ext_data.data = data;
 571:Middlewares/LVGL/lvgl/src/misc/lv_anim.c ****     anim->ext_data.free_cb = free_cb;
 572:Middlewares/LVGL/lvgl/src/misc/lv_anim.c **** }
 573:Middlewares/LVGL/lvgl/src/misc/lv_anim.c **** #endif
 574:Middlewares/LVGL/lvgl/src/misc/lv_anim.c **** 
 575:Middlewares/LVGL/lvgl/src/misc/lv_anim.c **** /**********************
 576:Middlewares/LVGL/lvgl/src/misc/lv_anim.c ****  *   STATIC FUNCTIONS
 577:Middlewares/LVGL/lvgl/src/misc/lv_anim.c ****  **********************/
 578:Middlewares/LVGL/lvgl/src/misc/lv_anim.c **** 
 579:Middlewares/LVGL/lvgl/src/misc/lv_anim.c **** /**
 580:Middlewares/LVGL/lvgl/src/misc/lv_anim.c ****  * Periodically handle the animations.
 581:Middlewares/LVGL/lvgl/src/misc/lv_anim.c ****  * @param param unused
 582:Middlewares/LVGL/lvgl/src/misc/lv_anim.c ****  */
 583:Middlewares/LVGL/lvgl/src/misc/lv_anim.c **** static void anim_timer(lv_timer_t * param)
 584:Middlewares/LVGL/lvgl/src/misc/lv_anim.c **** {
 585:Middlewares/LVGL/lvgl/src/misc/lv_anim.c ****     LV_UNUSED(param);
 586:Middlewares/LVGL/lvgl/src/misc/lv_anim.c **** 
 587:Middlewares/LVGL/lvgl/src/misc/lv_anim.c ****     /*Flip the run round*/
 588:Middlewares/LVGL/lvgl/src/misc/lv_anim.c ****     state.anim_run_round = state.anim_run_round ? false : true;
 589:Middlewares/LVGL/lvgl/src/misc/lv_anim.c **** 
 590:Middlewares/LVGL/lvgl/src/misc/lv_anim.c ****     lv_anim_t * a = lv_ll_get_head(anim_ll_p);
 591:Middlewares/LVGL/lvgl/src/misc/lv_anim.c ****     while(a != NULL) {
 592:Middlewares/LVGL/lvgl/src/misc/lv_anim.c ****         uint32_t elaps = lv_tick_elaps(a->last_timer_run);
 593:Middlewares/LVGL/lvgl/src/misc/lv_anim.c **** 
 594:Middlewares/LVGL/lvgl/src/misc/lv_anim.c ****         if(a->is_paused) {
 595:Middlewares/LVGL/lvgl/src/misc/lv_anim.c ****             const uint32_t time_paused = lv_tick_elaps(a->pause_time);
 596:Middlewares/LVGL/lvgl/src/misc/lv_anim.c ****             const bool is_pause_over = a->pause_duration != LV_ANIM_PAUSE_FOREVER && time_paused >=
 597:Middlewares/LVGL/lvgl/src/misc/lv_anim.c **** 
 598:Middlewares/LVGL/lvgl/src/misc/lv_anim.c ****             if(is_pause_over) {
 599:Middlewares/LVGL/lvgl/src/misc/lv_anim.c ****                 const uint32_t pause_overrun = time_paused - a->pause_duration;
 600:Middlewares/LVGL/lvgl/src/misc/lv_anim.c ****                 a->is_paused = false;
ARM GAS  C:\Users\w1785\AppData\Local\Temp\ccKUNV1D.s 			page 12


 601:Middlewares/LVGL/lvgl/src/misc/lv_anim.c ****                 a->act_time += pause_overrun;
 602:Middlewares/LVGL/lvgl/src/misc/lv_anim.c ****                 a->run_round = !state.anim_run_round;
 603:Middlewares/LVGL/lvgl/src/misc/lv_anim.c ****             }
 604:Middlewares/LVGL/lvgl/src/misc/lv_anim.c ****         }
 605:Middlewares/LVGL/lvgl/src/misc/lv_anim.c ****         else {
 606:Middlewares/LVGL/lvgl/src/misc/lv_anim.c ****             a->act_time += elaps;
 607:Middlewares/LVGL/lvgl/src/misc/lv_anim.c ****         }
 608:Middlewares/LVGL/lvgl/src/misc/lv_anim.c ****         a->last_timer_run = lv_tick_get();
 609:Middlewares/LVGL/lvgl/src/misc/lv_anim.c **** 
 610:Middlewares/LVGL/lvgl/src/misc/lv_anim.c ****         /*It can be set by `lv_anim_delete()` typically in `end_cb`. If set then an animation delet
 611:Middlewares/LVGL/lvgl/src/misc/lv_anim.c ****          * happened in `anim_completed_handler` which could make this linked list reading corrupt
 612:Middlewares/LVGL/lvgl/src/misc/lv_anim.c ****          * because the list is changed meanwhile
 613:Middlewares/LVGL/lvgl/src/misc/lv_anim.c ****          */
 614:Middlewares/LVGL/lvgl/src/misc/lv_anim.c ****         state.anim_list_changed = false;
 615:Middlewares/LVGL/lvgl/src/misc/lv_anim.c **** 
 616:Middlewares/LVGL/lvgl/src/misc/lv_anim.c ****         if(!a->is_paused && a->run_round != state.anim_run_round) {
 617:Middlewares/LVGL/lvgl/src/misc/lv_anim.c ****             a->run_round = state.anim_run_round; /*The list readying might be reset so need to know
 618:Middlewares/LVGL/lvgl/src/misc/lv_anim.c ****             /*The animation will run now for the first time. Call `start_cb`*/
 619:Middlewares/LVGL/lvgl/src/misc/lv_anim.c ****             if(!a->start_cb_called && a->act_time >= 0) {
 620:Middlewares/LVGL/lvgl/src/misc/lv_anim.c **** 
 621:Middlewares/LVGL/lvgl/src/misc/lv_anim.c ****                 if(a->early_apply == 0 && a->get_value_cb) {
 622:Middlewares/LVGL/lvgl/src/misc/lv_anim.c ****                     int32_t v_ofs = a->get_value_cb(a);
 623:Middlewares/LVGL/lvgl/src/misc/lv_anim.c ****                     a->start_value += v_ofs;
 624:Middlewares/LVGL/lvgl/src/misc/lv_anim.c ****                     a->end_value += v_ofs;
 625:Middlewares/LVGL/lvgl/src/misc/lv_anim.c ****                 }
 626:Middlewares/LVGL/lvgl/src/misc/lv_anim.c **** 
 627:Middlewares/LVGL/lvgl/src/misc/lv_anim.c ****                 resolve_time(a);
 628:Middlewares/LVGL/lvgl/src/misc/lv_anim.c **** 
 629:Middlewares/LVGL/lvgl/src/misc/lv_anim.c ****                 if(a->start_cb) a->start_cb(a);
 630:Middlewares/LVGL/lvgl/src/misc/lv_anim.c ****                 a->start_cb_called = 1;
 631:Middlewares/LVGL/lvgl/src/misc/lv_anim.c **** 
 632:Middlewares/LVGL/lvgl/src/misc/lv_anim.c ****                 /*Do not let two animations for the same 'var' with the same 'exec_cb'*/
 633:Middlewares/LVGL/lvgl/src/misc/lv_anim.c ****                 remove_concurrent_anims(a);
 634:Middlewares/LVGL/lvgl/src/misc/lv_anim.c ****             }
 635:Middlewares/LVGL/lvgl/src/misc/lv_anim.c **** 
 636:Middlewares/LVGL/lvgl/src/misc/lv_anim.c ****             if(a->act_time >= 0) {
 637:Middlewares/LVGL/lvgl/src/misc/lv_anim.c ****                 int32_t act_time_original = a->act_time; /*The unclipped version is used later to c
 638:Middlewares/LVGL/lvgl/src/misc/lv_anim.c ****                 if(a->act_time > a->duration) a->act_time = a->duration;
 639:Middlewares/LVGL/lvgl/src/misc/lv_anim.c **** 
 640:Middlewares/LVGL/lvgl/src/misc/lv_anim.c ****                 int32_t act_time_before_exec = a->act_time;
 641:Middlewares/LVGL/lvgl/src/misc/lv_anim.c ****                 int32_t new_value;
 642:Middlewares/LVGL/lvgl/src/misc/lv_anim.c ****                 new_value = a->path_cb(a);
 643:Middlewares/LVGL/lvgl/src/misc/lv_anim.c **** 
 644:Middlewares/LVGL/lvgl/src/misc/lv_anim.c ****                 if(new_value != a->current_value) {
 645:Middlewares/LVGL/lvgl/src/misc/lv_anim.c ****                     a->current_value = new_value;
 646:Middlewares/LVGL/lvgl/src/misc/lv_anim.c ****                     /*Apply the calculated value*/
 647:Middlewares/LVGL/lvgl/src/misc/lv_anim.c ****                     if(a->exec_cb) a->exec_cb(a->var, new_value);
 648:Middlewares/LVGL/lvgl/src/misc/lv_anim.c ****                     if(!state.anim_list_changed && a->custom_exec_cb) a->custom_exec_cb(a, new_valu
 649:Middlewares/LVGL/lvgl/src/misc/lv_anim.c ****                 }
 650:Middlewares/LVGL/lvgl/src/misc/lv_anim.c **** 
 651:Middlewares/LVGL/lvgl/src/misc/lv_anim.c ****                 if(!state.anim_list_changed) {
 652:Middlewares/LVGL/lvgl/src/misc/lv_anim.c ****                     /*Restore the original time to see if there is over time, ignoring silly values
 653:Middlewares/LVGL/lvgl/src/misc/lv_anim.c ****                      *Restore only if it wasn't changed in the `exec_cb` for some special reasons.*
 654:Middlewares/LVGL/lvgl/src/misc/lv_anim.c ****                     if(a->act_time == act_time_before_exec && act_time_original < a->duration * 2) 
 655:Middlewares/LVGL/lvgl/src/misc/lv_anim.c ****                         a->act_time = act_time_original;
 656:Middlewares/LVGL/lvgl/src/misc/lv_anim.c ****                     }
 657:Middlewares/LVGL/lvgl/src/misc/lv_anim.c **** 
ARM GAS  C:\Users\w1785\AppData\Local\Temp\ccKUNV1D.s 			page 13


 658:Middlewares/LVGL/lvgl/src/misc/lv_anim.c ****                     /*If the time is elapsed the animation is ready*/
 659:Middlewares/LVGL/lvgl/src/misc/lv_anim.c ****                     if(a->act_time >= a->duration) {
 660:Middlewares/LVGL/lvgl/src/misc/lv_anim.c ****                         anim_completed_handler(a);
 661:Middlewares/LVGL/lvgl/src/misc/lv_anim.c ****                     }
 662:Middlewares/LVGL/lvgl/src/misc/lv_anim.c ****                 }
 663:Middlewares/LVGL/lvgl/src/misc/lv_anim.c ****             }
 664:Middlewares/LVGL/lvgl/src/misc/lv_anim.c ****         }
 665:Middlewares/LVGL/lvgl/src/misc/lv_anim.c **** 
 666:Middlewares/LVGL/lvgl/src/misc/lv_anim.c ****         /*If the linked list changed due to anim. delete then it's not safe to continue
 667:Middlewares/LVGL/lvgl/src/misc/lv_anim.c ****          *the reading of the list from here -> start from the head*/
 668:Middlewares/LVGL/lvgl/src/misc/lv_anim.c ****         if(state.anim_list_changed)
 669:Middlewares/LVGL/lvgl/src/misc/lv_anim.c ****             a = lv_ll_get_head(anim_ll_p);
 670:Middlewares/LVGL/lvgl/src/misc/lv_anim.c ****         else
 671:Middlewares/LVGL/lvgl/src/misc/lv_anim.c ****             a = lv_ll_get_next(anim_ll_p, a);
 672:Middlewares/LVGL/lvgl/src/misc/lv_anim.c ****     }
 673:Middlewares/LVGL/lvgl/src/misc/lv_anim.c **** 
 674:Middlewares/LVGL/lvgl/src/misc/lv_anim.c **** }
 675:Middlewares/LVGL/lvgl/src/misc/lv_anim.c **** 
 676:Middlewares/LVGL/lvgl/src/misc/lv_anim.c **** /**
 677:Middlewares/LVGL/lvgl/src/misc/lv_anim.c ****  * Called when an animation is completed to do the necessary things
 678:Middlewares/LVGL/lvgl/src/misc/lv_anim.c ****  * e.g. repeat, play in reverse, delete etc.
 679:Middlewares/LVGL/lvgl/src/misc/lv_anim.c ****  * @param a pointer to an animation descriptor
 680:Middlewares/LVGL/lvgl/src/misc/lv_anim.c ****  */
 681:Middlewares/LVGL/lvgl/src/misc/lv_anim.c **** static void anim_completed_handler(lv_anim_t * a)
 682:Middlewares/LVGL/lvgl/src/misc/lv_anim.c **** {
 683:Middlewares/LVGL/lvgl/src/misc/lv_anim.c ****     /*In the end of a forward anim decrement repeat cnt.*/
 684:Middlewares/LVGL/lvgl/src/misc/lv_anim.c ****     if(a->reverse_play_in_progress == 0 && a->repeat_cnt > 0 && a->repeat_cnt != LV_ANIM_REPEAT_INF
 685:Middlewares/LVGL/lvgl/src/misc/lv_anim.c ****         a->repeat_cnt--;
 686:Middlewares/LVGL/lvgl/src/misc/lv_anim.c ****     }
 687:Middlewares/LVGL/lvgl/src/misc/lv_anim.c **** 
 688:Middlewares/LVGL/lvgl/src/misc/lv_anim.c ****     /*Delete animation if
 689:Middlewares/LVGL/lvgl/src/misc/lv_anim.c ****      * - no repeat left and no reverse play scheduled (simple one shot animation); or
 690:Middlewares/LVGL/lvgl/src/misc/lv_anim.c ****      * - no repeat, reverse play enabled (reverse_duration != 0) and reverse play is completed. */
 691:Middlewares/LVGL/lvgl/src/misc/lv_anim.c ****     if(a->repeat_cnt == 0 && (a->reverse_duration == 0 || a->reverse_play_in_progress == 1)) {
 692:Middlewares/LVGL/lvgl/src/misc/lv_anim.c **** 
 693:Middlewares/LVGL/lvgl/src/misc/lv_anim.c ****         /*Delete the animation from the list.
 694:Middlewares/LVGL/lvgl/src/misc/lv_anim.c ****          * This way the `completed_cb` will see the animations like it's animation is already delet
 695:Middlewares/LVGL/lvgl/src/misc/lv_anim.c ****         lv_ll_remove(anim_ll_p, a);
 696:Middlewares/LVGL/lvgl/src/misc/lv_anim.c ****         /*Flag that the list has changed*/
 697:Middlewares/LVGL/lvgl/src/misc/lv_anim.c ****         anim_mark_list_change();
 698:Middlewares/LVGL/lvgl/src/misc/lv_anim.c **** 
 699:Middlewares/LVGL/lvgl/src/misc/lv_anim.c ****         /*Call the callback function at the end*/
 700:Middlewares/LVGL/lvgl/src/misc/lv_anim.c ****         if(a->completed_cb != NULL) a->completed_cb(a);
 701:Middlewares/LVGL/lvgl/src/misc/lv_anim.c ****         if(a->deleted_cb != NULL) a->deleted_cb(a);
 702:Middlewares/LVGL/lvgl/src/misc/lv_anim.c **** #if LV_USE_EXT_DATA
 703:Middlewares/LVGL/lvgl/src/misc/lv_anim.c ****         if(a->ext_data.free_cb) {
 704:Middlewares/LVGL/lvgl/src/misc/lv_anim.c ****             a->ext_data.free_cb(a->ext_data.data);
 705:Middlewares/LVGL/lvgl/src/misc/lv_anim.c ****             a->ext_data.data = NULL;
 706:Middlewares/LVGL/lvgl/src/misc/lv_anim.c ****         }
 707:Middlewares/LVGL/lvgl/src/misc/lv_anim.c **** #endif
 708:Middlewares/LVGL/lvgl/src/misc/lv_anim.c ****         lv_free(a);
 709:Middlewares/LVGL/lvgl/src/misc/lv_anim.c ****     }
 710:Middlewares/LVGL/lvgl/src/misc/lv_anim.c ****     /*If the animation is not deleted then restart it*/
 711:Middlewares/LVGL/lvgl/src/misc/lv_anim.c ****     else {
 712:Middlewares/LVGL/lvgl/src/misc/lv_anim.c ****         /*Restart the animation. If the time is over a little compensate it.*/
 713:Middlewares/LVGL/lvgl/src/misc/lv_anim.c ****         int32_t over_time = 0;
 714:Middlewares/LVGL/lvgl/src/misc/lv_anim.c ****         a->start_cb_called = 0;
ARM GAS  C:\Users\w1785\AppData\Local\Temp\ccKUNV1D.s 			page 14


 715:Middlewares/LVGL/lvgl/src/misc/lv_anim.c ****         if(a->act_time > a->duration) over_time = a->act_time - a->duration;
 716:Middlewares/LVGL/lvgl/src/misc/lv_anim.c ****         a->act_time = over_time - (int32_t)(a->repeat_delay);
 717:Middlewares/LVGL/lvgl/src/misc/lv_anim.c ****         /*Swap start and end values in reverse-play mode*/
 718:Middlewares/LVGL/lvgl/src/misc/lv_anim.c ****         if(a->reverse_duration != 0) {
 719:Middlewares/LVGL/lvgl/src/misc/lv_anim.c ****             /*If now now playing in reverse, use the 'reverse_delay'.*/
 720:Middlewares/LVGL/lvgl/src/misc/lv_anim.c ****             if(a->reverse_play_in_progress == 0) a->act_time = -(int32_t)(a->reverse_delay);
 721:Middlewares/LVGL/lvgl/src/misc/lv_anim.c **** 
 722:Middlewares/LVGL/lvgl/src/misc/lv_anim.c ****             /*Toggle reverse-play state*/
 723:Middlewares/LVGL/lvgl/src/misc/lv_anim.c ****             a->reverse_play_in_progress = a->reverse_play_in_progress == 0 ? 1 : 0;
 724:Middlewares/LVGL/lvgl/src/misc/lv_anim.c ****             /*Swap the start and end values*/
 725:Middlewares/LVGL/lvgl/src/misc/lv_anim.c ****             int32_t tmp    = a->start_value;
 726:Middlewares/LVGL/lvgl/src/misc/lv_anim.c ****             a->start_value = a->end_value;
 727:Middlewares/LVGL/lvgl/src/misc/lv_anim.c ****             a->end_value   = tmp;
 728:Middlewares/LVGL/lvgl/src/misc/lv_anim.c ****             /*Swap the time and reverse_duration*/
 729:Middlewares/LVGL/lvgl/src/misc/lv_anim.c ****             tmp = a->duration;
 730:Middlewares/LVGL/lvgl/src/misc/lv_anim.c ****             a->duration = a->reverse_duration;
 731:Middlewares/LVGL/lvgl/src/misc/lv_anim.c ****             a->reverse_duration = tmp;
 732:Middlewares/LVGL/lvgl/src/misc/lv_anim.c ****         }
 733:Middlewares/LVGL/lvgl/src/misc/lv_anim.c ****     }
 734:Middlewares/LVGL/lvgl/src/misc/lv_anim.c **** }
 735:Middlewares/LVGL/lvgl/src/misc/lv_anim.c **** 
 736:Middlewares/LVGL/lvgl/src/misc/lv_anim.c **** static void anim_vsync_event(lv_event_t * e)
 737:Middlewares/LVGL/lvgl/src/misc/lv_anim.c **** {
 738:Middlewares/LVGL/lvgl/src/misc/lv_anim.c ****     LV_UNUSED(e);
 739:Middlewares/LVGL/lvgl/src/misc/lv_anim.c ****     anim_timer(NULL);
 740:Middlewares/LVGL/lvgl/src/misc/lv_anim.c **** }
 741:Middlewares/LVGL/lvgl/src/misc/lv_anim.c **** 
 742:Middlewares/LVGL/lvgl/src/misc/lv_anim.c **** static void anim_mark_list_change(void)
 743:Middlewares/LVGL/lvgl/src/misc/lv_anim.c **** {
 744:Middlewares/LVGL/lvgl/src/misc/lv_anim.c ****     state.anim_list_changed = true;
 745:Middlewares/LVGL/lvgl/src/misc/lv_anim.c ****     if(lv_ll_get_head(anim_ll_p) == NULL) {
 746:Middlewares/LVGL/lvgl/src/misc/lv_anim.c ****         if(state.timer) {
 747:Middlewares/LVGL/lvgl/src/misc/lv_anim.c ****             lv_timer_pause(state.timer);
 748:Middlewares/LVGL/lvgl/src/misc/lv_anim.c ****             return;
 749:Middlewares/LVGL/lvgl/src/misc/lv_anim.c ****         }
 750:Middlewares/LVGL/lvgl/src/misc/lv_anim.c **** 
 751:Middlewares/LVGL/lvgl/src/misc/lv_anim.c ****         if(state.anim_vsync_registered) {
 752:Middlewares/LVGL/lvgl/src/misc/lv_anim.c ****             lv_display_unregister_vsync_event(NULL, anim_vsync_event, NULL);
 753:Middlewares/LVGL/lvgl/src/misc/lv_anim.c ****             state.anim_vsync_registered = false;
 754:Middlewares/LVGL/lvgl/src/misc/lv_anim.c ****         }
 755:Middlewares/LVGL/lvgl/src/misc/lv_anim.c **** 
 756:Middlewares/LVGL/lvgl/src/misc/lv_anim.c ****         return;
 757:Middlewares/LVGL/lvgl/src/misc/lv_anim.c ****     }
 758:Middlewares/LVGL/lvgl/src/misc/lv_anim.c **** 
 759:Middlewares/LVGL/lvgl/src/misc/lv_anim.c ****     if(state.timer) {
 760:Middlewares/LVGL/lvgl/src/misc/lv_anim.c ****         lv_timer_resume(state.timer);
 761:Middlewares/LVGL/lvgl/src/misc/lv_anim.c ****         return;
 762:Middlewares/LVGL/lvgl/src/misc/lv_anim.c ****     }
 763:Middlewares/LVGL/lvgl/src/misc/lv_anim.c **** 
 764:Middlewares/LVGL/lvgl/src/misc/lv_anim.c ****     if(!state.anim_vsync_registered) {
 765:Middlewares/LVGL/lvgl/src/misc/lv_anim.c ****         lv_display_register_vsync_event(NULL, anim_vsync_event, NULL);
 766:Middlewares/LVGL/lvgl/src/misc/lv_anim.c ****         state.anim_vsync_registered = true;
 767:Middlewares/LVGL/lvgl/src/misc/lv_anim.c ****     }
 768:Middlewares/LVGL/lvgl/src/misc/lv_anim.c **** }
 769:Middlewares/LVGL/lvgl/src/misc/lv_anim.c **** 
 770:Middlewares/LVGL/lvgl/src/misc/lv_anim.c **** static int32_t lv_anim_path_cubic_bezier(const lv_anim_t * a, int32_t x1, int32_t y1, int32_t x2, i
 771:Middlewares/LVGL/lvgl/src/misc/lv_anim.c **** {
ARM GAS  C:\Users\w1785\AppData\Local\Temp\ccKUNV1D.s 			page 15


 772:Middlewares/LVGL/lvgl/src/misc/lv_anim.c ****     /*Calculate the current step*/
 773:Middlewares/LVGL/lvgl/src/misc/lv_anim.c ****     uint32_t t = lv_map(a->act_time, 0, a->duration, 0, LV_BEZIER_VAL_MAX);
 774:Middlewares/LVGL/lvgl/src/misc/lv_anim.c ****     int32_t step = lv_cubic_bezier(t, x1, y1, x2, y2);
 775:Middlewares/LVGL/lvgl/src/misc/lv_anim.c **** 
 776:Middlewares/LVGL/lvgl/src/misc/lv_anim.c ****     int32_t new_value;
 777:Middlewares/LVGL/lvgl/src/misc/lv_anim.c ****     new_value = step * (a->end_value - a->start_value);
 778:Middlewares/LVGL/lvgl/src/misc/lv_anim.c ****     new_value = new_value >> LV_BEZIER_VAL_SHIFT;
 779:Middlewares/LVGL/lvgl/src/misc/lv_anim.c ****     new_value += a->start_value;
 780:Middlewares/LVGL/lvgl/src/misc/lv_anim.c **** 
 781:Middlewares/LVGL/lvgl/src/misc/lv_anim.c ****     return new_value;
 782:Middlewares/LVGL/lvgl/src/misc/lv_anim.c **** }
 783:Middlewares/LVGL/lvgl/src/misc/lv_anim.c **** 
 784:Middlewares/LVGL/lvgl/src/misc/lv_anim.c **** static void lv_anim_pause_for_internal(lv_anim_t * a, uint32_t ms)
 785:Middlewares/LVGL/lvgl/src/misc/lv_anim.c **** {
  29              		.loc 1 785 1 view -0
  30              		.cfi_startproc
  31              		@ args = 0, pretend = 0, frame = 0
  32              		@ frame_needed = 0, uses_anonymous_args = 0
  33              		.loc 1 785 1 is_stmt 0 view .LVU1
  34 0000 38B5     		push	{r3, r4, r5, lr}
  35              	.LCFI0:
  36              		.cfi_def_cfa_offset 16
  37              		.cfi_offset 3, -16
  38              		.cfi_offset 4, -12
  39              		.cfi_offset 5, -8
  40              		.cfi_offset 14, -4
  41 0002 0446     		mov	r4, r0
  42 0004 0D46     		mov	r5, r1
 786:Middlewares/LVGL/lvgl/src/misc/lv_anim.c **** 
 787:Middlewares/LVGL/lvgl/src/misc/lv_anim.c ****     a->is_paused = true;
  43              		.loc 1 787 5 is_stmt 1 view .LVU2
  44              		.loc 1 787 18 is_stmt 0 view .LVU3
  45 0006 90F85C30 		ldrb	r3, [r0, #92]	@ zero_extendqisi2
  46 000a 43F00103 		orr	r3, r3, #1
  47 000e 80F85C30 		strb	r3, [r0, #92]
 788:Middlewares/LVGL/lvgl/src/misc/lv_anim.c ****     a->pause_time = lv_tick_get();
  48              		.loc 1 788 5 is_stmt 1 view .LVU4
  49              		.loc 1 788 21 is_stmt 0 view .LVU5
  50 0012 FFF7FEFF 		bl	lv_tick_get
  51              	.LVL1:
  52              		.loc 1 788 19 discriminator 1 view .LVU6
  53 0016 6065     		str	r0, [r4, #84]
 789:Middlewares/LVGL/lvgl/src/misc/lv_anim.c ****     a->pause_duration = ms;
  54              		.loc 1 789 5 is_stmt 1 view .LVU7
  55              		.loc 1 789 23 is_stmt 0 view .LVU8
  56 0018 A565     		str	r5, [r4, #88]
 790:Middlewares/LVGL/lvgl/src/misc/lv_anim.c **** }
  57              		.loc 1 790 1 view .LVU9
  58 001a 38BD     		pop	{r3, r4, r5, pc}
  59              		.loc 1 790 1 view .LVU10
  60              		.cfi_endproc
  61              	.LFE258:
  63              		.section	.text.remove_anim,"ax",%progbits
  64              		.align	1
  65              		.syntax unified
  66              		.thumb
  67              		.thumb_func
ARM GAS  C:\Users\w1785\AppData\Local\Temp\ccKUNV1D.s 			page 16


  69              	remove_anim:
  70              	.LVL2:
  71              	.LFB261:
 791:Middlewares/LVGL/lvgl/src/misc/lv_anim.c **** 
 792:Middlewares/LVGL/lvgl/src/misc/lv_anim.c **** static void resolve_time(lv_anim_t * a)
 793:Middlewares/LVGL/lvgl/src/misc/lv_anim.c **** {
 794:Middlewares/LVGL/lvgl/src/misc/lv_anim.c ****     a->duration = lv_anim_resolve_speed(a->duration, a->start_value, a->end_value);
 795:Middlewares/LVGL/lvgl/src/misc/lv_anim.c ****     a->reverse_duration = lv_anim_resolve_speed(a->reverse_duration, a->start_value, a->end_value);
 796:Middlewares/LVGL/lvgl/src/misc/lv_anim.c ****     a->reverse_delay = lv_anim_resolve_speed(a->reverse_delay, a->start_value, a->end_value);
 797:Middlewares/LVGL/lvgl/src/misc/lv_anim.c ****     a->repeat_delay = lv_anim_resolve_speed(a->repeat_delay, a->start_value, a->end_value);
 798:Middlewares/LVGL/lvgl/src/misc/lv_anim.c **** }
 799:Middlewares/LVGL/lvgl/src/misc/lv_anim.c **** 
 800:Middlewares/LVGL/lvgl/src/misc/lv_anim.c **** /**
 801:Middlewares/LVGL/lvgl/src/misc/lv_anim.c ****  * Remove animations which are animating the same var with the same exec_cb
 802:Middlewares/LVGL/lvgl/src/misc/lv_anim.c ****  * and they are already running or they have early_apply
 803:Middlewares/LVGL/lvgl/src/misc/lv_anim.c ****  * @param a_current     the current animation, use its var and exec_cb as reference to know what to
 804:Middlewares/LVGL/lvgl/src/misc/lv_anim.c ****  * @return              true: at least one animation was delete
 805:Middlewares/LVGL/lvgl/src/misc/lv_anim.c ****  */
 806:Middlewares/LVGL/lvgl/src/misc/lv_anim.c **** static bool remove_concurrent_anims(const lv_anim_t * a_current)
 807:Middlewares/LVGL/lvgl/src/misc/lv_anim.c **** {
 808:Middlewares/LVGL/lvgl/src/misc/lv_anim.c ****     if(a_current->exec_cb == NULL && a_current->custom_exec_cb == NULL) return false;
 809:Middlewares/LVGL/lvgl/src/misc/lv_anim.c **** 
 810:Middlewares/LVGL/lvgl/src/misc/lv_anim.c ****     lv_anim_t * a;
 811:Middlewares/LVGL/lvgl/src/misc/lv_anim.c ****     bool del_any = false;
 812:Middlewares/LVGL/lvgl/src/misc/lv_anim.c ****     a = lv_ll_get_head(anim_ll_p);
 813:Middlewares/LVGL/lvgl/src/misc/lv_anim.c ****     while(a != NULL) {
 814:Middlewares/LVGL/lvgl/src/misc/lv_anim.c ****         bool del = false;
 815:Middlewares/LVGL/lvgl/src/misc/lv_anim.c ****         /*We can't test for custom_exec_cb equality because in the MicroPython binding
 816:Middlewares/LVGL/lvgl/src/misc/lv_anim.c ****          *a wrapper callback is used here an the real callback data is stored in the `user_data`.
 817:Middlewares/LVGL/lvgl/src/misc/lv_anim.c ****          *Therefore equality check would remove all animations.*/
 818:Middlewares/LVGL/lvgl/src/misc/lv_anim.c ****         if(a != a_current &&
 819:Middlewares/LVGL/lvgl/src/misc/lv_anim.c ****            (a->act_time >= 0 || a->early_apply) &&
 820:Middlewares/LVGL/lvgl/src/misc/lv_anim.c ****            (a->var == a_current->var) &&
 821:Middlewares/LVGL/lvgl/src/misc/lv_anim.c ****            ((a->exec_cb && a->exec_cb == a_current->exec_cb)
 822:Middlewares/LVGL/lvgl/src/misc/lv_anim.c ****             /*|| (a->custom_exec_cb && a->custom_exec_cb == a_current->custom_exec_cb)*/)) {
 823:Middlewares/LVGL/lvgl/src/misc/lv_anim.c ****             lv_ll_remove(anim_ll_p, a);
 824:Middlewares/LVGL/lvgl/src/misc/lv_anim.c ****             if(a->deleted_cb != NULL) a->deleted_cb(a);
 825:Middlewares/LVGL/lvgl/src/misc/lv_anim.c **** #if LV_USE_EXT_DATA
 826:Middlewares/LVGL/lvgl/src/misc/lv_anim.c ****             if(a->ext_data.free_cb) {
 827:Middlewares/LVGL/lvgl/src/misc/lv_anim.c ****                 a->ext_data.free_cb(a->ext_data.data);
 828:Middlewares/LVGL/lvgl/src/misc/lv_anim.c ****                 a->ext_data.data = NULL;
 829:Middlewares/LVGL/lvgl/src/misc/lv_anim.c ****             }
 830:Middlewares/LVGL/lvgl/src/misc/lv_anim.c **** #endif
 831:Middlewares/LVGL/lvgl/src/misc/lv_anim.c ****             lv_free(a);
 832:Middlewares/LVGL/lvgl/src/misc/lv_anim.c ****             /*Read by `anim_timer`. It need to know if a delete occurred in the linked list*/
 833:Middlewares/LVGL/lvgl/src/misc/lv_anim.c ****             anim_mark_list_change();
 834:Middlewares/LVGL/lvgl/src/misc/lv_anim.c **** 
 835:Middlewares/LVGL/lvgl/src/misc/lv_anim.c ****             del_any = true;
 836:Middlewares/LVGL/lvgl/src/misc/lv_anim.c ****             del = true;
 837:Middlewares/LVGL/lvgl/src/misc/lv_anim.c ****         }
 838:Middlewares/LVGL/lvgl/src/misc/lv_anim.c **** 
 839:Middlewares/LVGL/lvgl/src/misc/lv_anim.c ****         /*Always start from the head on delete, because we don't know
 840:Middlewares/LVGL/lvgl/src/misc/lv_anim.c ****          *how `anim_ll_p` was changes in `a->deleted_cb` */
 841:Middlewares/LVGL/lvgl/src/misc/lv_anim.c ****         a = del ? lv_ll_get_head(anim_ll_p) : lv_ll_get_next(anim_ll_p, a);
 842:Middlewares/LVGL/lvgl/src/misc/lv_anim.c ****     }
 843:Middlewares/LVGL/lvgl/src/misc/lv_anim.c **** 
 844:Middlewares/LVGL/lvgl/src/misc/lv_anim.c ****     return del_any;
ARM GAS  C:\Users\w1785\AppData\Local\Temp\ccKUNV1D.s 			page 17


 845:Middlewares/LVGL/lvgl/src/misc/lv_anim.c **** }
 846:Middlewares/LVGL/lvgl/src/misc/lv_anim.c **** 
 847:Middlewares/LVGL/lvgl/src/misc/lv_anim.c **** static void remove_anim(void * a)
 848:Middlewares/LVGL/lvgl/src/misc/lv_anim.c **** {
  72              		.loc 1 848 1 is_stmt 1 view -0
  73              		.cfi_startproc
  74              		@ args = 0, pretend = 0, frame = 0
  75              		@ frame_needed = 0, uses_anonymous_args = 0
  76              		.loc 1 848 1 is_stmt 0 view .LVU12
  77 0000 10B5     		push	{r4, lr}
  78              	.LCFI1:
  79              		.cfi_def_cfa_offset 8
  80              		.cfi_offset 4, -8
  81              		.cfi_offset 14, -4
  82 0002 0446     		mov	r4, r0
 849:Middlewares/LVGL/lvgl/src/misc/lv_anim.c ****     lv_anim_t * anim = a;
  83              		.loc 1 849 5 is_stmt 1 view .LVU13
  84              	.LVL3:
 850:Middlewares/LVGL/lvgl/src/misc/lv_anim.c ****     lv_ll_remove(anim_ll_p, a);
  85              		.loc 1 850 5 view .LVU14
  86 0004 0146     		mov	r1, r0
  87 0006 0548     		ldr	r0, .L6
  88              	.LVL4:
  89              		.loc 1 850 5 is_stmt 0 view .LVU15
  90 0008 FFF7FEFF 		bl	lv_ll_remove
  91              	.LVL5:
 851:Middlewares/LVGL/lvgl/src/misc/lv_anim.c ****     if(anim->deleted_cb != NULL) anim->deleted_cb(anim);
  92              		.loc 1 851 5 is_stmt 1 view .LVU16
  93              		.loc 1 851 12 is_stmt 0 view .LVU17
  94 000c 6369     		ldr	r3, [r4, #20]
  95              		.loc 1 851 7 view .LVU18
  96 000e 0BB1     		cbz	r3, .L4
  97              		.loc 1 851 34 is_stmt 1 discriminator 1 view .LVU19
  98 0010 2046     		mov	r0, r4
  99 0012 9847     		blx	r3
 100              	.LVL6:
 101              	.L4:
 852:Middlewares/LVGL/lvgl/src/misc/lv_anim.c **** #if LV_USE_EXT_DATA
 853:Middlewares/LVGL/lvgl/src/misc/lv_anim.c ****     if(anim->ext_data.free_cb) {
 854:Middlewares/LVGL/lvgl/src/misc/lv_anim.c ****         anim->ext_data.free_cb(anim->ext_data.data);
 855:Middlewares/LVGL/lvgl/src/misc/lv_anim.c ****         anim->ext_data.data = NULL;
 856:Middlewares/LVGL/lvgl/src/misc/lv_anim.c ****     }
 857:Middlewares/LVGL/lvgl/src/misc/lv_anim.c **** #endif
 858:Middlewares/LVGL/lvgl/src/misc/lv_anim.c ****     lv_free(a);
 102              		.loc 1 858 5 view .LVU20
 103 0014 2046     		mov	r0, r4
 104 0016 FFF7FEFF 		bl	lv_free
 105              	.LVL7:
 859:Middlewares/LVGL/lvgl/src/misc/lv_anim.c **** }
 106              		.loc 1 859 1 is_stmt 0 view .LVU21
 107 001a 10BD     		pop	{r4, pc}
 108              	.LVL8:
 109              	.L7:
 110              		.loc 1 859 1 view .LVU22
 111              		.align	2
 112              	.L6:
 113 001c B0000000 		.word	lv_global+176
ARM GAS  C:\Users\w1785\AppData\Local\Temp\ccKUNV1D.s 			page 18


 114              		.cfi_endproc
 115              	.LFE261:
 117              		.section	.text.anim_mark_list_change,"ax",%progbits
 118              		.align	1
 119              		.syntax unified
 120              		.thumb
 121              		.thumb_func
 123              	anim_mark_list_change:
 124              	.LFB256:
 743:Middlewares/LVGL/lvgl/src/misc/lv_anim.c ****     state.anim_list_changed = true;
 125              		.loc 1 743 1 is_stmt 1 view -0
 126              		.cfi_startproc
 127              		@ args = 0, pretend = 0, frame = 0
 128              		@ frame_needed = 0, uses_anonymous_args = 0
 129 0000 08B5     		push	{r3, lr}
 130              	.LCFI2:
 131              		.cfi_def_cfa_offset 8
 132              		.cfi_offset 3, -8
 133              		.cfi_offset 14, -4
 744:Middlewares/LVGL/lvgl/src/misc/lv_anim.c ****     if(lv_ll_get_head(anim_ll_p) == NULL) {
 134              		.loc 1 744 5 view .LVU24
 744:Middlewares/LVGL/lvgl/src/misc/lv_anim.c ****     if(lv_ll_get_head(anim_ll_p) == NULL) {
 135              		.loc 1 744 29 is_stmt 0 view .LVU25
 136 0002 1A48     		ldr	r0, .L18
 137 0004 0123     		movs	r3, #1
 138 0006 80F8A830 		strb	r3, [r0, #168]
 745:Middlewares/LVGL/lvgl/src/misc/lv_anim.c ****         if(state.timer) {
 139              		.loc 1 745 5 is_stmt 1 view .LVU26
 745:Middlewares/LVGL/lvgl/src/misc/lv_anim.c ****         if(state.timer) {
 140              		.loc 1 745 8 is_stmt 0 view .LVU27
 141 000a B030     		adds	r0, r0, #176
 142 000c FFF7FEFF 		bl	lv_ll_get_head
 143              	.LVL9:
 745:Middlewares/LVGL/lvgl/src/misc/lv_anim.c ****         if(state.timer) {
 144              		.loc 1 745 7 discriminator 1 view .LVU28
 145 0010 40B1     		cbz	r0, .L15
 759:Middlewares/LVGL/lvgl/src/misc/lv_anim.c ****         lv_timer_resume(state.timer);
 146              		.loc 1 759 5 is_stmt 1 view .LVU29
 759:Middlewares/LVGL/lvgl/src/misc/lv_anim.c ****         lv_timer_resume(state.timer);
 147              		.loc 1 759 13 is_stmt 0 view .LVU30
 148 0012 164B     		ldr	r3, .L18
 149 0014 D3F8AC00 		ldr	r0, [r3, #172]
 759:Middlewares/LVGL/lvgl/src/misc/lv_anim.c ****         lv_timer_resume(state.timer);
 150              		.loc 1 759 7 view .LVU31
 151 0018 D0B9     		cbnz	r0, .L16
 764:Middlewares/LVGL/lvgl/src/misc/lv_anim.c ****         lv_display_register_vsync_event(NULL, anim_vsync_event, NULL);
 152              		.loc 1 764 5 is_stmt 1 view .LVU32
 764:Middlewares/LVGL/lvgl/src/misc/lv_anim.c ****         lv_display_register_vsync_event(NULL, anim_vsync_event, NULL);
 153              		.loc 1 764 14 is_stmt 0 view .LVU33
 154 001a 144B     		ldr	r3, .L18
 155 001c 93F8AA30 		ldrb	r3, [r3, #170]	@ zero_extendqisi2
 764:Middlewares/LVGL/lvgl/src/misc/lv_anim.c ****         lv_display_register_vsync_event(NULL, anim_vsync_event, NULL);
 156              		.loc 1 764 7 view .LVU34
 157 0020 CBB1     		cbz	r3, .L17
 158              	.L8:
 768:Middlewares/LVGL/lvgl/src/misc/lv_anim.c **** 
 159              		.loc 1 768 1 view .LVU35
ARM GAS  C:\Users\w1785\AppData\Local\Temp\ccKUNV1D.s 			page 19


 160 0022 08BD     		pop	{r3, pc}
 161              	.L15:
 746:Middlewares/LVGL/lvgl/src/misc/lv_anim.c ****             lv_timer_pause(state.timer);
 162              		.loc 1 746 9 is_stmt 1 view .LVU36
 746:Middlewares/LVGL/lvgl/src/misc/lv_anim.c ****             lv_timer_pause(state.timer);
 163              		.loc 1 746 17 is_stmt 0 view .LVU37
 164 0024 114B     		ldr	r3, .L18
 165 0026 D3F8AC00 		ldr	r0, [r3, #172]
 746:Middlewares/LVGL/lvgl/src/misc/lv_anim.c ****             lv_timer_pause(state.timer);
 166              		.loc 1 746 11 view .LVU38
 167 002a 10B1     		cbz	r0, .L10
 747:Middlewares/LVGL/lvgl/src/misc/lv_anim.c ****             return;
 168              		.loc 1 747 13 is_stmt 1 view .LVU39
 169 002c FFF7FEFF 		bl	lv_timer_pause
 170              	.LVL10:
 748:Middlewares/LVGL/lvgl/src/misc/lv_anim.c ****         }
 171              		.loc 1 748 13 view .LVU40
 172 0030 F7E7     		b	.L8
 173              	.L10:
 751:Middlewares/LVGL/lvgl/src/misc/lv_anim.c ****             lv_display_unregister_vsync_event(NULL, anim_vsync_event, NULL);
 174              		.loc 1 751 9 view .LVU41
 751:Middlewares/LVGL/lvgl/src/misc/lv_anim.c ****             lv_display_unregister_vsync_event(NULL, anim_vsync_event, NULL);
 175              		.loc 1 751 17 is_stmt 0 view .LVU42
 176 0032 0E4B     		ldr	r3, .L18
 177 0034 93F8AA30 		ldrb	r3, [r3, #170]	@ zero_extendqisi2
 751:Middlewares/LVGL/lvgl/src/misc/lv_anim.c ****             lv_display_unregister_vsync_event(NULL, anim_vsync_event, NULL);
 178              		.loc 1 751 11 view .LVU43
 179 0038 002B     		cmp	r3, #0
 180 003a F2D0     		beq	.L8
 752:Middlewares/LVGL/lvgl/src/misc/lv_anim.c ****             state.anim_vsync_registered = false;
 181              		.loc 1 752 13 is_stmt 1 view .LVU44
 182 003c 0022     		movs	r2, #0
 183 003e 0C49     		ldr	r1, .L18+4
 184 0040 1046     		mov	r0, r2
 185 0042 FFF7FEFF 		bl	lv_display_unregister_vsync_event
 186              	.LVL11:
 753:Middlewares/LVGL/lvgl/src/misc/lv_anim.c ****         }
 187              		.loc 1 753 13 view .LVU45
 753:Middlewares/LVGL/lvgl/src/misc/lv_anim.c ****         }
 188              		.loc 1 753 41 is_stmt 0 view .LVU46
 189 0046 094B     		ldr	r3, .L18
 190 0048 0022     		movs	r2, #0
 191 004a 83F8AA20 		strb	r2, [r3, #170]
 756:Middlewares/LVGL/lvgl/src/misc/lv_anim.c ****     }
 192              		.loc 1 756 9 is_stmt 1 view .LVU47
 193 004e E8E7     		b	.L8
 194              	.L16:
 760:Middlewares/LVGL/lvgl/src/misc/lv_anim.c ****         return;
 195              		.loc 1 760 9 view .LVU48
 196 0050 FFF7FEFF 		bl	lv_timer_resume
 197              	.LVL12:
 761:Middlewares/LVGL/lvgl/src/misc/lv_anim.c ****     }
 198              		.loc 1 761 9 view .LVU49
 199 0054 E5E7     		b	.L8
 200              	.L17:
 765:Middlewares/LVGL/lvgl/src/misc/lv_anim.c ****         state.anim_vsync_registered = true;
 201              		.loc 1 765 9 view .LVU50
ARM GAS  C:\Users\w1785\AppData\Local\Temp\ccKUNV1D.s 			page 20


 202 0056 0022     		movs	r2, #0
 203 0058 0549     		ldr	r1, .L18+4
 204 005a 1046     		mov	r0, r2
 205 005c FFF7FEFF 		bl	lv_display_register_vsync_event
 206              	.LVL13:
 766:Middlewares/LVGL/lvgl/src/misc/lv_anim.c ****     }
 207              		.loc 1 766 9 view .LVU51
 766:Middlewares/LVGL/lvgl/src/misc/lv_anim.c ****     }
 208              		.loc 1 766 37 is_stmt 0 view .LVU52
 209 0060 024B     		ldr	r3, .L18
 210 0062 0122     		movs	r2, #1
 211 0064 83F8AA20 		strb	r2, [r3, #170]
 212 0068 DBE7     		b	.L8
 213              	.L19:
 214 006a 00BF     		.align	2
 215              	.L18:
 216 006c 00000000 		.word	lv_global
 217 0070 00000000 		.word	anim_vsync_event
 218              		.cfi_endproc
 219              	.LFE256:
 221              		.section	.text.remove_concurrent_anims,"ax",%progbits
 222              		.align	1
 223              		.syntax unified
 224              		.thumb
 225              		.thumb_func
 227              	remove_concurrent_anims:
 228              	.LVL14:
 229              	.LFB260:
 807:Middlewares/LVGL/lvgl/src/misc/lv_anim.c ****     if(a_current->exec_cb == NULL && a_current->custom_exec_cb == NULL) return false;
 230              		.loc 1 807 1 is_stmt 1 view -0
 231              		.cfi_startproc
 232              		@ args = 0, pretend = 0, frame = 0
 233              		@ frame_needed = 0, uses_anonymous_args = 0
 807:Middlewares/LVGL/lvgl/src/misc/lv_anim.c ****     if(a_current->exec_cb == NULL && a_current->custom_exec_cb == NULL) return false;
 234              		.loc 1 807 1 is_stmt 0 view .LVU54
 235 0000 70B5     		push	{r4, r5, r6, lr}
 236              	.LCFI3:
 237              		.cfi_def_cfa_offset 16
 238              		.cfi_offset 4, -16
 239              		.cfi_offset 5, -12
 240              		.cfi_offset 6, -8
 241              		.cfi_offset 14, -4
 242 0002 0546     		mov	r5, r0
 808:Middlewares/LVGL/lvgl/src/misc/lv_anim.c **** 
 243              		.loc 1 808 5 is_stmt 1 view .LVU55
 808:Middlewares/LVGL/lvgl/src/misc/lv_anim.c **** 
 244              		.loc 1 808 17 is_stmt 0 view .LVU56
 245 0004 4368     		ldr	r3, [r0, #4]
 808:Middlewares/LVGL/lvgl/src/misc/lv_anim.c **** 
 246              		.loc 1 808 7 view .LVU57
 247 0006 2BB1     		cbz	r3, .L31
 248              	.L21:
 810:Middlewares/LVGL/lvgl/src/misc/lv_anim.c ****     bool del_any = false;
 249              		.loc 1 810 5 is_stmt 1 view .LVU58
 811:Middlewares/LVGL/lvgl/src/misc/lv_anim.c ****     a = lv_ll_get_head(anim_ll_p);
 250              		.loc 1 811 5 view .LVU59
 251              	.LVL15:
ARM GAS  C:\Users\w1785\AppData\Local\Temp\ccKUNV1D.s 			page 21


 812:Middlewares/LVGL/lvgl/src/misc/lv_anim.c ****     while(a != NULL) {
 252              		.loc 1 812 5 view .LVU60
 812:Middlewares/LVGL/lvgl/src/misc/lv_anim.c ****     while(a != NULL) {
 253              		.loc 1 812 9 is_stmt 0 view .LVU61
 254 0008 1C48     		ldr	r0, .L33
 255              	.LVL16:
 812:Middlewares/LVGL/lvgl/src/misc/lv_anim.c ****     while(a != NULL) {
 256              		.loc 1 812 9 view .LVU62
 257 000a FFF7FEFF 		bl	lv_ll_get_head
 258              	.LVL17:
 259 000e 0446     		mov	r4, r0
 260              	.LVL18:
 813:Middlewares/LVGL/lvgl/src/misc/lv_anim.c ****         bool del = false;
 261              		.loc 1 813 5 is_stmt 1 view .LVU63
 811:Middlewares/LVGL/lvgl/src/misc/lv_anim.c ****     a = lv_ll_get_head(anim_ll_p);
 262              		.loc 1 811 10 is_stmt 0 view .LVU64
 263 0010 0026     		movs	r6, #0
 813:Middlewares/LVGL/lvgl/src/misc/lv_anim.c ****         bool del = false;
 264              		.loc 1 813 10 view .LVU65
 265 0012 0FE0     		b	.L23
 266              	.LVL19:
 267              	.L31:
 808:Middlewares/LVGL/lvgl/src/misc/lv_anim.c **** 
 268              		.loc 1 808 47 discriminator 1 view .LVU66
 269 0014 8368     		ldr	r3, [r0, #8]
 808:Middlewares/LVGL/lvgl/src/misc/lv_anim.c **** 
 270              		.loc 1 808 35 discriminator 1 view .LVU67
 271 0016 002B     		cmp	r3, #0
 272 0018 F6D1     		bne	.L21
 808:Middlewares/LVGL/lvgl/src/misc/lv_anim.c **** 
 273              		.loc 1 808 80 discriminator 2 view .LVU68
 274 001a 0026     		movs	r6, #0
 275              	.LVL20:
 276              	.L22:
 845:Middlewares/LVGL/lvgl/src/misc/lv_anim.c **** 
 277              		.loc 1 845 1 view .LVU69
 278 001c 3046     		mov	r0, r6
 279 001e 70BD     		pop	{r4, r5, r6, pc}
 280              	.LVL21:
 281              	.L32:
 282              	.LBB4:
 819:Middlewares/LVGL/lvgl/src/misc/lv_anim.c ****            (a->var == a_current->var) &&
 283              		.loc 1 819 30 view .LVU70
 284 0020 94F85C30 		ldrb	r3, [r4, #92]	@ zero_extendqisi2
 285 0024 13F0100F 		tst	r3, #16
 286 0028 0BD1     		bne	.L25
 287              	.L24:
 288              	.LVL22:
 841:Middlewares/LVGL/lvgl/src/misc/lv_anim.c ****     }
 289              		.loc 1 841 47 discriminator 2 view .LVU71
 290 002a 2146     		mov	r1, r4
 291 002c 1348     		ldr	r0, .L33
 292 002e FFF7FEFF 		bl	lv_ll_get_next
 293              	.LVL23:
 294 0032 0446     		mov	r4, r0
 295              	.LVL24:
 296              	.L23:
ARM GAS  C:\Users\w1785\AppData\Local\Temp\ccKUNV1D.s 			page 22


 841:Middlewares/LVGL/lvgl/src/misc/lv_anim.c ****     }
 297              		.loc 1 841 47 discriminator 2 view .LVU72
 298              	.LBE4:
 813:Middlewares/LVGL/lvgl/src/misc/lv_anim.c ****         bool del = false;
 299              		.loc 1 813 13 is_stmt 1 view .LVU73
 300 0034 002C     		cmp	r4, #0
 301 0036 F1D0     		beq	.L22
 302              	.LBB5:
 814:Middlewares/LVGL/lvgl/src/misc/lv_anim.c ****         /*We can't test for custom_exec_cb equality because in the MicroPython binding
 303              		.loc 1 814 9 view .LVU74
 304              	.LVL25:
 818:Middlewares/LVGL/lvgl/src/misc/lv_anim.c ****            (a->act_time >= 0 || a->early_apply) &&
 305              		.loc 1 818 9 view .LVU75
 818:Middlewares/LVGL/lvgl/src/misc/lv_anim.c ****            (a->act_time >= 0 || a->early_apply) &&
 306              		.loc 1 818 11 is_stmt 0 view .LVU76
 307 0038 AC42     		cmp	r4, r5
 308 003a F6D0     		beq	.L24
 819:Middlewares/LVGL/lvgl/src/misc/lv_anim.c ****            (a->var == a_current->var) &&
 309              		.loc 1 819 14 view .LVU77
 310 003c 636B     		ldr	r3, [r4, #52]
 818:Middlewares/LVGL/lvgl/src/misc/lv_anim.c ****            (a->act_time >= 0 || a->early_apply) &&
 311              		.loc 1 818 27 discriminator 1 view .LVU78
 312 003e 002B     		cmp	r3, #0
 313 0040 EEDB     		blt	.L32
 314              	.L25:
 820:Middlewares/LVGL/lvgl/src/misc/lv_anim.c ****            ((a->exec_cb && a->exec_cb == a_current->exec_cb)
 315              		.loc 1 820 14 view .LVU79
 316 0042 2268     		ldr	r2, [r4]
 820:Middlewares/LVGL/lvgl/src/misc/lv_anim.c ****            ((a->exec_cb && a->exec_cb == a_current->exec_cb)
 317              		.loc 1 820 32 view .LVU80
 318 0044 2B68     		ldr	r3, [r5]
 819:Middlewares/LVGL/lvgl/src/misc/lv_anim.c ****            (a->var == a_current->var) &&
 319              		.loc 1 819 49 discriminator 1 view .LVU81
 320 0046 9A42     		cmp	r2, r3
 321 0048 EFD1     		bne	.L24
 821:Middlewares/LVGL/lvgl/src/misc/lv_anim.c ****             /*|| (a->custom_exec_cb && a->custom_exec_cb == a_current->custom_exec_cb)*/)) {
 322              		.loc 1 821 15 view .LVU82
 323 004a 6368     		ldr	r3, [r4, #4]
 820:Middlewares/LVGL/lvgl/src/misc/lv_anim.c ****            ((a->exec_cb && a->exec_cb == a_current->exec_cb)
 324              		.loc 1 820 39 view .LVU83
 325 004c 002B     		cmp	r3, #0
 326 004e ECD0     		beq	.L24
 821:Middlewares/LVGL/lvgl/src/misc/lv_anim.c ****             /*|| (a->custom_exec_cb && a->custom_exec_cb == a_current->custom_exec_cb)*/)) {
 327              		.loc 1 821 51 view .LVU84
 328 0050 6A68     		ldr	r2, [r5, #4]
 821:Middlewares/LVGL/lvgl/src/misc/lv_anim.c ****             /*|| (a->custom_exec_cb && a->custom_exec_cb == a_current->custom_exec_cb)*/)) {
 329              		.loc 1 821 25 view .LVU85
 330 0052 9342     		cmp	r3, r2
 331 0054 E9D1     		bne	.L24
 823:Middlewares/LVGL/lvgl/src/misc/lv_anim.c ****             if(a->deleted_cb != NULL) a->deleted_cb(a);
 332              		.loc 1 823 13 is_stmt 1 view .LVU86
 333 0056 2146     		mov	r1, r4
 334 0058 0848     		ldr	r0, .L33
 335 005a FFF7FEFF 		bl	lv_ll_remove
 336              	.LVL26:
 824:Middlewares/LVGL/lvgl/src/misc/lv_anim.c **** #if LV_USE_EXT_DATA
 337              		.loc 1 824 13 view .LVU87
ARM GAS  C:\Users\w1785\AppData\Local\Temp\ccKUNV1D.s 			page 23


 824:Middlewares/LVGL/lvgl/src/misc/lv_anim.c **** #if LV_USE_EXT_DATA
 338              		.loc 1 824 17 is_stmt 0 view .LVU88
 339 005e 6369     		ldr	r3, [r4, #20]
 824:Middlewares/LVGL/lvgl/src/misc/lv_anim.c **** #if LV_USE_EXT_DATA
 340              		.loc 1 824 15 view .LVU89
 341 0060 0BB1     		cbz	r3, .L26
 824:Middlewares/LVGL/lvgl/src/misc/lv_anim.c **** #if LV_USE_EXT_DATA
 342              		.loc 1 824 39 is_stmt 1 discriminator 1 view .LVU90
 343 0062 2046     		mov	r0, r4
 344 0064 9847     		blx	r3
 345              	.LVL27:
 346              	.L26:
 831:Middlewares/LVGL/lvgl/src/misc/lv_anim.c ****             /*Read by `anim_timer`. It need to know if a delete occurred in the linked list*/
 347              		.loc 1 831 13 view .LVU91
 348 0066 2046     		mov	r0, r4
 349 0068 FFF7FEFF 		bl	lv_free
 350              	.LVL28:
 833:Middlewares/LVGL/lvgl/src/misc/lv_anim.c **** 
 351              		.loc 1 833 13 view .LVU92
 352 006c FFF7FEFF 		bl	anim_mark_list_change
 353              	.LVL29:
 835:Middlewares/LVGL/lvgl/src/misc/lv_anim.c ****             del = true;
 354              		.loc 1 835 13 view .LVU93
 836:Middlewares/LVGL/lvgl/src/misc/lv_anim.c ****         }
 355              		.loc 1 836 13 view .LVU94
 841:Middlewares/LVGL/lvgl/src/misc/lv_anim.c ****     }
 356              		.loc 1 841 9 view .LVU95
 841:Middlewares/LVGL/lvgl/src/misc/lv_anim.c ****     }
 357              		.loc 1 841 19 is_stmt 0 discriminator 1 view .LVU96
 358 0070 0248     		ldr	r0, .L33
 359 0072 FFF7FEFF 		bl	lv_ll_get_head
 360              	.LVL30:
 361 0076 0446     		mov	r4, r0
 362              	.LVL31:
 835:Middlewares/LVGL/lvgl/src/misc/lv_anim.c ****             del = true;
 363              		.loc 1 835 21 view .LVU97
 364 0078 0126     		movs	r6, #1
 365 007a DBE7     		b	.L23
 366              	.L34:
 367              		.align	2
 368              	.L33:
 369 007c B0000000 		.word	lv_global+176
 370              	.LBE5:
 371              		.cfi_endproc
 372              	.LFE260:
 374              		.section	.text.anim_completed_handler,"ax",%progbits
 375              		.align	1
 376              		.syntax unified
 377              		.thumb
 378              		.thumb_func
 380              	anim_completed_handler:
 381              	.LVL32:
 382              	.LFB254:
 682:Middlewares/LVGL/lvgl/src/misc/lv_anim.c ****     /*In the end of a forward anim decrement repeat cnt.*/
 383              		.loc 1 682 1 is_stmt 1 view -0
 384              		.cfi_startproc
 385              		@ args = 0, pretend = 0, frame = 0
ARM GAS  C:\Users\w1785\AppData\Local\Temp\ccKUNV1D.s 			page 24


 386              		@ frame_needed = 0, uses_anonymous_args = 0
 682:Middlewares/LVGL/lvgl/src/misc/lv_anim.c ****     /*In the end of a forward anim decrement repeat cnt.*/
 387              		.loc 1 682 1 is_stmt 0 view .LVU99
 388 0000 10B5     		push	{r4, lr}
 389              	.LCFI4:
 390              		.cfi_def_cfa_offset 8
 391              		.cfi_offset 4, -8
 392              		.cfi_offset 14, -4
 393 0002 0446     		mov	r4, r0
 684:Middlewares/LVGL/lvgl/src/misc/lv_anim.c ****         a->repeat_cnt--;
 394              		.loc 1 684 5 is_stmt 1 view .LVU100
 684:Middlewares/LVGL/lvgl/src/misc/lv_anim.c ****         a->repeat_cnt--;
 395              		.loc 1 684 36 is_stmt 0 view .LVU101
 396 0004 90F85C30 		ldrb	r3, [r0, #92]	@ zero_extendqisi2
 684:Middlewares/LVGL/lvgl/src/misc/lv_anim.c ****         a->repeat_cnt--;
 397              		.loc 1 684 7 view .LVU102
 398 0008 13F00203 		ands	r3, r3, #2
 399 000c 06D1     		bne	.L36
 684:Middlewares/LVGL/lvgl/src/misc/lv_anim.c ****         a->repeat_cnt--;
 400              		.loc 1 684 45 discriminator 1 view .LVU103
 401 000e 426C     		ldr	r2, [r0, #68]
 684:Middlewares/LVGL/lvgl/src/misc/lv_anim.c ****         a->repeat_cnt--;
 402              		.loc 1 684 41 discriminator 1 view .LVU104
 403 0010 22B1     		cbz	r2, .L36
 684:Middlewares/LVGL/lvgl/src/misc/lv_anim.c ****         a->repeat_cnt--;
 404              		.loc 1 684 62 discriminator 2 view .LVU105
 405 0012 B2F1FF3F 		cmp	r2, #-1
 406 0016 01D0     		beq	.L36
 685:Middlewares/LVGL/lvgl/src/misc/lv_anim.c ****     }
 407              		.loc 1 685 9 is_stmt 1 view .LVU106
 685:Middlewares/LVGL/lvgl/src/misc/lv_anim.c ****     }
 408              		.loc 1 685 22 is_stmt 0 view .LVU107
 409 0018 013A     		subs	r2, r2, #1
 410 001a 4264     		str	r2, [r0, #68]
 411              	.L36:
 691:Middlewares/LVGL/lvgl/src/misc/lv_anim.c **** 
 412              		.loc 1 691 5 is_stmt 1 view .LVU108
 691:Middlewares/LVGL/lvgl/src/misc/lv_anim.c **** 
 413              		.loc 1 691 9 is_stmt 0 view .LVU109
 414 001c 626C     		ldr	r2, [r4, #68]
 691:Middlewares/LVGL/lvgl/src/misc/lv_anim.c **** 
 415              		.loc 1 691 7 view .LVU110
 416 001e A2B9     		cbnz	r2, .L37
 691:Middlewares/LVGL/lvgl/src/misc/lv_anim.c **** 
 417              		.loc 1 691 32 discriminator 1 view .LVU111
 418 0020 E26B     		ldr	r2, [r4, #60]
 691:Middlewares/LVGL/lvgl/src/misc/lv_anim.c **** 
 419              		.loc 1 691 27 discriminator 1 view .LVU112
 420 0022 02B1     		cbz	r2, .L38
 691:Middlewares/LVGL/lvgl/src/misc/lv_anim.c **** 
 421              		.loc 1 691 56 discriminator 2 view .LVU113
 422 0024 8BB1     		cbz	r3, .L37
 423              	.L38:
 695:Middlewares/LVGL/lvgl/src/misc/lv_anim.c ****         /*Flag that the list has changed*/
 424              		.loc 1 695 9 is_stmt 1 view .LVU114
 425 0026 2146     		mov	r1, r4
 426 0028 1D48     		ldr	r0, .L46
ARM GAS  C:\Users\w1785\AppData\Local\Temp\ccKUNV1D.s 			page 25


 427              	.LVL33:
 695:Middlewares/LVGL/lvgl/src/misc/lv_anim.c ****         /*Flag that the list has changed*/
 428              		.loc 1 695 9 is_stmt 0 view .LVU115
 429 002a FFF7FEFF 		bl	lv_ll_remove
 430              	.LVL34:
 697:Middlewares/LVGL/lvgl/src/misc/lv_anim.c **** 
 431              		.loc 1 697 9 is_stmt 1 view .LVU116
 432 002e FFF7FEFF 		bl	anim_mark_list_change
 433              	.LVL35:
 700:Middlewares/LVGL/lvgl/src/misc/lv_anim.c ****         if(a->deleted_cb != NULL) a->deleted_cb(a);
 434              		.loc 1 700 9 view .LVU117
 700:Middlewares/LVGL/lvgl/src/misc/lv_anim.c ****         if(a->deleted_cb != NULL) a->deleted_cb(a);
 435              		.loc 1 700 13 is_stmt 0 view .LVU118
 436 0032 2369     		ldr	r3, [r4, #16]
 700:Middlewares/LVGL/lvgl/src/misc/lv_anim.c ****         if(a->deleted_cb != NULL) a->deleted_cb(a);
 437              		.loc 1 700 11 view .LVU119
 438 0034 0BB1     		cbz	r3, .L39
 700:Middlewares/LVGL/lvgl/src/misc/lv_anim.c ****         if(a->deleted_cb != NULL) a->deleted_cb(a);
 439              		.loc 1 700 37 is_stmt 1 discriminator 1 view .LVU120
 440 0036 2046     		mov	r0, r4
 441 0038 9847     		blx	r3
 442              	.LVL36:
 443              	.L39:
 701:Middlewares/LVGL/lvgl/src/misc/lv_anim.c **** #if LV_USE_EXT_DATA
 444              		.loc 1 701 9 view .LVU121
 701:Middlewares/LVGL/lvgl/src/misc/lv_anim.c **** #if LV_USE_EXT_DATA
 445              		.loc 1 701 13 is_stmt 0 view .LVU122
 446 003a 6369     		ldr	r3, [r4, #20]
 701:Middlewares/LVGL/lvgl/src/misc/lv_anim.c **** #if LV_USE_EXT_DATA
 447              		.loc 1 701 11 view .LVU123
 448 003c 0BB1     		cbz	r3, .L40
 701:Middlewares/LVGL/lvgl/src/misc/lv_anim.c **** #if LV_USE_EXT_DATA
 449              		.loc 1 701 35 is_stmt 1 discriminator 1 view .LVU124
 450 003e 2046     		mov	r0, r4
 451 0040 9847     		blx	r3
 452              	.LVL37:
 453              	.L40:
 708:Middlewares/LVGL/lvgl/src/misc/lv_anim.c ****     }
 454              		.loc 1 708 9 view .LVU125
 455 0042 2046     		mov	r0, r4
 456 0044 FFF7FEFF 		bl	lv_free
 457              	.LVL38:
 458 0048 26E0     		b	.L35
 459              	.LVL39:
 460              	.L37:
 461              	.LBB6:
 713:Middlewares/LVGL/lvgl/src/misc/lv_anim.c ****         a->start_cb_called = 0;
 462              		.loc 1 713 9 view .LVU126
 714:Middlewares/LVGL/lvgl/src/misc/lv_anim.c ****         if(a->act_time > a->duration) over_time = a->act_time - a->duration;
 463              		.loc 1 714 9 view .LVU127
 714:Middlewares/LVGL/lvgl/src/misc/lv_anim.c ****         if(a->act_time > a->duration) over_time = a->act_time - a->duration;
 464              		.loc 1 714 28 is_stmt 0 view .LVU128
 465 004a 94F85C30 		ldrb	r3, [r4, #92]	@ zero_extendqisi2
 466 004e 23F00803 		bic	r3, r3, #8
 467 0052 84F85C30 		strb	r3, [r4, #92]
 715:Middlewares/LVGL/lvgl/src/misc/lv_anim.c ****         a->act_time = over_time - (int32_t)(a->repeat_delay);
 468              		.loc 1 715 9 is_stmt 1 view .LVU129
ARM GAS  C:\Users\w1785\AppData\Local\Temp\ccKUNV1D.s 			page 26


 715:Middlewares/LVGL/lvgl/src/misc/lv_anim.c ****         a->act_time = over_time - (int32_t)(a->repeat_delay);
 469              		.loc 1 715 13 is_stmt 0 view .LVU130
 470 0056 636B     		ldr	r3, [r4, #52]
 715:Middlewares/LVGL/lvgl/src/misc/lv_anim.c ****         a->act_time = over_time - (int32_t)(a->repeat_delay);
 471              		.loc 1 715 27 view .LVU131
 472 0058 226B     		ldr	r2, [r4, #48]
 715:Middlewares/LVGL/lvgl/src/misc/lv_anim.c ****         a->act_time = over_time - (int32_t)(a->repeat_delay);
 473              		.loc 1 715 11 view .LVU132
 474 005a 9342     		cmp	r3, r2
 475 005c 1DDD     		ble	.L44
 715:Middlewares/LVGL/lvgl/src/misc/lv_anim.c ****         a->act_time = over_time - (int32_t)(a->repeat_delay);
 476              		.loc 1 715 39 is_stmt 1 discriminator 1 view .LVU133
 715:Middlewares/LVGL/lvgl/src/misc/lv_anim.c ****         a->act_time = over_time - (int32_t)(a->repeat_delay);
 477              		.loc 1 715 49 is_stmt 0 discriminator 1 view .LVU134
 478 005e 9B1A     		subs	r3, r3, r2
 479              	.LVL40:
 480              	.L42:
 716:Middlewares/LVGL/lvgl/src/misc/lv_anim.c ****         /*Swap start and end values in reverse-play mode*/
 481              		.loc 1 716 9 is_stmt 1 view .LVU135
 716:Middlewares/LVGL/lvgl/src/misc/lv_anim.c ****         /*Swap start and end values in reverse-play mode*/
 482              		.loc 1 716 46 is_stmt 0 view .LVU136
 483 0060 216C     		ldr	r1, [r4, #64]
 716:Middlewares/LVGL/lvgl/src/misc/lv_anim.c ****         /*Swap start and end values in reverse-play mode*/
 484              		.loc 1 716 33 view .LVU137
 485 0062 5B1A     		subs	r3, r3, r1
 486              	.LVL41:
 716:Middlewares/LVGL/lvgl/src/misc/lv_anim.c ****         /*Swap start and end values in reverse-play mode*/
 487              		.loc 1 716 21 view .LVU138
 488 0064 6363     		str	r3, [r4, #52]
 718:Middlewares/LVGL/lvgl/src/misc/lv_anim.c ****             /*If now now playing in reverse, use the 'reverse_delay'.*/
 489              		.loc 1 718 9 is_stmt 1 view .LVU139
 718:Middlewares/LVGL/lvgl/src/misc/lv_anim.c ****             /*If now now playing in reverse, use the 'reverse_delay'.*/
 490              		.loc 1 718 13 is_stmt 0 view .LVU140
 491 0066 E16B     		ldr	r1, [r4, #60]
 718:Middlewares/LVGL/lvgl/src/misc/lv_anim.c ****             /*If now now playing in reverse, use the 'reverse_delay'.*/
 492              		.loc 1 718 11 view .LVU141
 493 0068 B1B1     		cbz	r1, .L35
 494              	.LBB7:
 720:Middlewares/LVGL/lvgl/src/misc/lv_anim.c **** 
 495              		.loc 1 720 13 is_stmt 1 view .LVU142
 720:Middlewares/LVGL/lvgl/src/misc/lv_anim.c **** 
 496              		.loc 1 720 44 is_stmt 0 view .LVU143
 497 006a 94F85C30 		ldrb	r3, [r4, #92]	@ zero_extendqisi2
 720:Middlewares/LVGL/lvgl/src/misc/lv_anim.c **** 
 498              		.loc 1 720 15 view .LVU144
 499 006e 13F00203 		ands	r3, r3, #2
 500 0072 02D1     		bne	.L43
 720:Middlewares/LVGL/lvgl/src/misc/lv_anim.c **** 
 501              		.loc 1 720 50 is_stmt 1 discriminator 1 view .LVU145
 720:Middlewares/LVGL/lvgl/src/misc/lv_anim.c **** 
 502              		.loc 1 720 76 is_stmt 0 discriminator 1 view .LVU146
 503 0074 A06B     		ldr	r0, [r4, #56]
 504              	.LVL42:
 720:Middlewares/LVGL/lvgl/src/misc/lv_anim.c **** 
 505              		.loc 1 720 64 discriminator 1 view .LVU147
 506 0076 4042     		rsbs	r0, r0, #0
 720:Middlewares/LVGL/lvgl/src/misc/lv_anim.c **** 
ARM GAS  C:\Users\w1785\AppData\Local\Temp\ccKUNV1D.s 			page 27


 507              		.loc 1 720 62 discriminator 1 view .LVU148
 508 0078 6063     		str	r0, [r4, #52]
 509              	.L43:
 723:Middlewares/LVGL/lvgl/src/misc/lv_anim.c ****             /*Swap the start and end values*/
 510              		.loc 1 723 13 is_stmt 1 view .LVU149
 723:Middlewares/LVGL/lvgl/src/misc/lv_anim.c ****             /*Swap the start and end values*/
 511              		.loc 1 723 80 is_stmt 0 view .LVU150
 512 007a B3FA83F3 		clz	r3, r3
 513 007e 5B09     		lsrs	r3, r3, #5
 723:Middlewares/LVGL/lvgl/src/misc/lv_anim.c ****             /*Swap the start and end values*/
 514              		.loc 1 723 41 view .LVU151
 515 0080 94F85C00 		ldrb	r0, [r4, #92]	@ zero_extendqisi2
 516 0084 63F34100 		bfi	r0, r3, #1, #1
 517 0088 84F85C00 		strb	r0, [r4, #92]
 725:Middlewares/LVGL/lvgl/src/misc/lv_anim.c ****             a->start_value = a->end_value;
 518              		.loc 1 725 13 is_stmt 1 view .LVU152
 725:Middlewares/LVGL/lvgl/src/misc/lv_anim.c ****             a->start_value = a->end_value;
 519              		.loc 1 725 21 is_stmt 0 view .LVU153
 520 008c 636A     		ldr	r3, [r4, #36]
 521              	.LVL43:
 726:Middlewares/LVGL/lvgl/src/misc/lv_anim.c ****             a->end_value   = tmp;
 522              		.loc 1 726 13 is_stmt 1 view .LVU154
 726:Middlewares/LVGL/lvgl/src/misc/lv_anim.c ****             a->end_value   = tmp;
 523              		.loc 1 726 31 is_stmt 0 view .LVU155
 524 008e E06A     		ldr	r0, [r4, #44]
 726:Middlewares/LVGL/lvgl/src/misc/lv_anim.c ****             a->end_value   = tmp;
 525              		.loc 1 726 28 view .LVU156
 526 0090 6062     		str	r0, [r4, #36]
 727:Middlewares/LVGL/lvgl/src/misc/lv_anim.c ****             /*Swap the time and reverse_duration*/
 527              		.loc 1 727 13 is_stmt 1 view .LVU157
 727:Middlewares/LVGL/lvgl/src/misc/lv_anim.c ****             /*Swap the time and reverse_duration*/
 528              		.loc 1 727 28 is_stmt 0 view .LVU158
 529 0092 E362     		str	r3, [r4, #44]
 729:Middlewares/LVGL/lvgl/src/misc/lv_anim.c ****             a->duration = a->reverse_duration;
 530              		.loc 1 729 13 is_stmt 1 view .LVU159
 531              	.LVL44:
 730:Middlewares/LVGL/lvgl/src/misc/lv_anim.c ****             a->reverse_duration = tmp;
 532              		.loc 1 730 13 view .LVU160
 730:Middlewares/LVGL/lvgl/src/misc/lv_anim.c ****             a->reverse_duration = tmp;
 533              		.loc 1 730 25 is_stmt 0 view .LVU161
 534 0094 2163     		str	r1, [r4, #48]
 731:Middlewares/LVGL/lvgl/src/misc/lv_anim.c ****         }
 535              		.loc 1 731 13 is_stmt 1 view .LVU162
 731:Middlewares/LVGL/lvgl/src/misc/lv_anim.c ****         }
 536              		.loc 1 731 33 is_stmt 0 view .LVU163
 537 0096 E263     		str	r2, [r4, #60]
 538              	.LVL45:
 539              	.L35:
 731:Middlewares/LVGL/lvgl/src/misc/lv_anim.c ****         }
 540              		.loc 1 731 33 view .LVU164
 541              	.LBE7:
 542              	.LBE6:
 734:Middlewares/LVGL/lvgl/src/misc/lv_anim.c **** 
 543              		.loc 1 734 1 view .LVU165
 544 0098 10BD     		pop	{r4, pc}
 545              	.LVL46:
 546              	.L44:
ARM GAS  C:\Users\w1785\AppData\Local\Temp\ccKUNV1D.s 			page 28


 547              	.LBB8:
 713:Middlewares/LVGL/lvgl/src/misc/lv_anim.c ****         a->start_cb_called = 0;
 548              		.loc 1 713 17 view .LVU166
 549 009a 0023     		movs	r3, #0
 550 009c E0E7     		b	.L42
 551              	.L47:
 552 009e 00BF     		.align	2
 553              	.L46:
 554 00a0 B0000000 		.word	lv_global+176
 555              	.LBE8:
 556              		.cfi_endproc
 557              	.LFE254:
 559              		.section	.text.lv_anim_path_linear,"ax",%progbits
 560              		.align	1
 561              		.global	lv_anim_path_linear
 562              		.syntax unified
 563              		.thumb
 564              		.thumb_func
 566              	lv_anim_path_linear:
 567              	.LVL47:
 568              	.LFB215:
 287:Middlewares/LVGL/lvgl/src/misc/lv_anim.c ****     /*Calculate the current step*/
 569              		.loc 1 287 1 is_stmt 1 view -0
 570              		.cfi_startproc
 571              		@ args = 0, pretend = 0, frame = 0
 572              		@ frame_needed = 0, uses_anonymous_args = 0
 287:Middlewares/LVGL/lvgl/src/misc/lv_anim.c ****     /*Calculate the current step*/
 573              		.loc 1 287 1 is_stmt 0 view .LVU168
 574 0000 10B5     		push	{r4, lr}
 575              	.LCFI5:
 576              		.cfi_def_cfa_offset 8
 577              		.cfi_offset 4, -8
 578              		.cfi_offset 14, -4
 579 0002 82B0     		sub	sp, sp, #8
 580              	.LCFI6:
 581              		.cfi_def_cfa_offset 16
 582 0004 0446     		mov	r4, r0
 289:Middlewares/LVGL/lvgl/src/misc/lv_anim.c **** 
 583              		.loc 1 289 5 is_stmt 1 view .LVU169
 289:Middlewares/LVGL/lvgl/src/misc/lv_anim.c **** 
 584              		.loc 1 289 20 is_stmt 0 view .LVU170
 585 0006 4FF48063 		mov	r3, #1024
 586 000a 0093     		str	r3, [sp]
 587 000c 0023     		movs	r3, #0
 588 000e 026B     		ldr	r2, [r0, #48]
 589 0010 1946     		mov	r1, r3
 590 0012 406B     		ldr	r0, [r0, #52]
 591              	.LVL48:
 289:Middlewares/LVGL/lvgl/src/misc/lv_anim.c **** 
 592              		.loc 1 289 20 view .LVU171
 593 0014 FFF7FEFF 		bl	lv_map
 594              	.LVL49:
 293:Middlewares/LVGL/lvgl/src/misc/lv_anim.c ****     new_value = step * (a->end_value - a->start_value);
 595              		.loc 1 293 5 is_stmt 1 view .LVU172
 294:Middlewares/LVGL/lvgl/src/misc/lv_anim.c ****     new_value = new_value >> LV_ANIM_RES_SHIFT;
 596              		.loc 1 294 5 view .LVU173
 294:Middlewares/LVGL/lvgl/src/misc/lv_anim.c ****     new_value = new_value >> LV_ANIM_RES_SHIFT;
ARM GAS  C:\Users\w1785\AppData\Local\Temp\ccKUNV1D.s 			page 29


 597              		.loc 1 294 26 is_stmt 0 view .LVU174
 598 0018 E36A     		ldr	r3, [r4, #44]
 294:Middlewares/LVGL/lvgl/src/misc/lv_anim.c ****     new_value = new_value >> LV_ANIM_RES_SHIFT;
 599              		.loc 1 294 41 view .LVU175
 600 001a 626A     		ldr	r2, [r4, #36]
 294:Middlewares/LVGL/lvgl/src/misc/lv_anim.c ****     new_value = new_value >> LV_ANIM_RES_SHIFT;
 601              		.loc 1 294 38 view .LVU176
 602 001c 9B1A     		subs	r3, r3, r2
 294:Middlewares/LVGL/lvgl/src/misc/lv_anim.c ****     new_value = new_value >> LV_ANIM_RES_SHIFT;
 603              		.loc 1 294 15 view .LVU177
 604 001e 03FB00F0 		mul	r0, r3, r0
 605              	.LVL50:
 295:Middlewares/LVGL/lvgl/src/misc/lv_anim.c ****     new_value += a->start_value;
 606              		.loc 1 295 5 is_stmt 1 view .LVU178
 296:Middlewares/LVGL/lvgl/src/misc/lv_anim.c **** 
 607              		.loc 1 296 5 view .LVU179
 298:Middlewares/LVGL/lvgl/src/misc/lv_anim.c **** }
 608              		.loc 1 298 5 view .LVU180
 299:Middlewares/LVGL/lvgl/src/misc/lv_anim.c **** 
 609              		.loc 1 299 1 is_stmt 0 view .LVU181
 610 0022 02EBA020 		add	r0, r2, r0, asr #10
 611              	.LVL51:
 299:Middlewares/LVGL/lvgl/src/misc/lv_anim.c **** 
 612              		.loc 1 299 1 view .LVU182
 613 0026 02B0     		add	sp, sp, #8
 614              	.LCFI7:
 615              		.cfi_def_cfa_offset 8
 616              		@ sp needed
 617 0028 10BD     		pop	{r4, pc}
 299:Middlewares/LVGL/lvgl/src/misc/lv_anim.c **** 
 618              		.loc 1 299 1 view .LVU183
 619              		.cfi_endproc
 620              	.LFE215:
 622              		.section	.text.lv_anim_path_cubic_bezier,"ax",%progbits
 623              		.align	1
 624              		.syntax unified
 625              		.thumb
 626              		.thumb_func
 628              	lv_anim_path_cubic_bezier:
 629              	.LVL52:
 630              	.LFB257:
 771:Middlewares/LVGL/lvgl/src/misc/lv_anim.c ****     /*Calculate the current step*/
 631              		.loc 1 771 1 is_stmt 1 view -0
 632              		.cfi_startproc
 633              		@ args = 4, pretend = 0, frame = 0
 634              		@ frame_needed = 0, uses_anonymous_args = 0
 771:Middlewares/LVGL/lvgl/src/misc/lv_anim.c ****     /*Calculate the current step*/
 635              		.loc 1 771 1 is_stmt 0 view .LVU185
 636 0000 F0B5     		push	{r4, r5, r6, r7, lr}
 637              	.LCFI8:
 638              		.cfi_def_cfa_offset 20
 639              		.cfi_offset 4, -20
 640              		.cfi_offset 5, -16
 641              		.cfi_offset 6, -12
 642              		.cfi_offset 7, -8
 643              		.cfi_offset 14, -4
 644 0002 83B0     		sub	sp, sp, #12
ARM GAS  C:\Users\w1785\AppData\Local\Temp\ccKUNV1D.s 			page 30


 645              	.LCFI9:
 646              		.cfi_def_cfa_offset 32
 647 0004 0446     		mov	r4, r0
 648 0006 0D46     		mov	r5, r1
 649 0008 1646     		mov	r6, r2
 650 000a 1F46     		mov	r7, r3
 773:Middlewares/LVGL/lvgl/src/misc/lv_anim.c ****     int32_t step = lv_cubic_bezier(t, x1, y1, x2, y2);
 651              		.loc 1 773 5 is_stmt 1 view .LVU186
 773:Middlewares/LVGL/lvgl/src/misc/lv_anim.c ****     int32_t step = lv_cubic_bezier(t, x1, y1, x2, y2);
 652              		.loc 1 773 18 is_stmt 0 view .LVU187
 653 000c 4FF48063 		mov	r3, #1024
 654              	.LVL53:
 773:Middlewares/LVGL/lvgl/src/misc/lv_anim.c ****     int32_t step = lv_cubic_bezier(t, x1, y1, x2, y2);
 655              		.loc 1 773 18 view .LVU188
 656 0010 0093     		str	r3, [sp]
 657 0012 0023     		movs	r3, #0
 658 0014 026B     		ldr	r2, [r0, #48]
 659              	.LVL54:
 773:Middlewares/LVGL/lvgl/src/misc/lv_anim.c ****     int32_t step = lv_cubic_bezier(t, x1, y1, x2, y2);
 660              		.loc 1 773 18 view .LVU189
 661 0016 1946     		mov	r1, r3
 662              	.LVL55:
 773:Middlewares/LVGL/lvgl/src/misc/lv_anim.c ****     int32_t step = lv_cubic_bezier(t, x1, y1, x2, y2);
 663              		.loc 1 773 18 view .LVU190
 664 0018 406B     		ldr	r0, [r0, #52]
 665              	.LVL56:
 773:Middlewares/LVGL/lvgl/src/misc/lv_anim.c ****     int32_t step = lv_cubic_bezier(t, x1, y1, x2, y2);
 666              		.loc 1 773 18 view .LVU191
 667 001a FFF7FEFF 		bl	lv_map
 668              	.LVL57:
 774:Middlewares/LVGL/lvgl/src/misc/lv_anim.c **** 
 669              		.loc 1 774 5 is_stmt 1 view .LVU192
 774:Middlewares/LVGL/lvgl/src/misc/lv_anim.c **** 
 670              		.loc 1 774 20 is_stmt 0 view .LVU193
 671 001e 089B     		ldr	r3, [sp, #32]
 672 0020 0093     		str	r3, [sp]
 673 0022 3B46     		mov	r3, r7
 674 0024 3246     		mov	r2, r6
 675 0026 2946     		mov	r1, r5
 676 0028 FFF7FEFF 		bl	lv_cubic_bezier
 677              	.LVL58:
 776:Middlewares/LVGL/lvgl/src/misc/lv_anim.c ****     new_value = step * (a->end_value - a->start_value);
 678              		.loc 1 776 5 is_stmt 1 view .LVU194
 777:Middlewares/LVGL/lvgl/src/misc/lv_anim.c ****     new_value = new_value >> LV_BEZIER_VAL_SHIFT;
 679              		.loc 1 777 5 view .LVU195
 777:Middlewares/LVGL/lvgl/src/misc/lv_anim.c ****     new_value = new_value >> LV_BEZIER_VAL_SHIFT;
 680              		.loc 1 777 26 is_stmt 0 view .LVU196
 681 002c E36A     		ldr	r3, [r4, #44]
 777:Middlewares/LVGL/lvgl/src/misc/lv_anim.c ****     new_value = new_value >> LV_BEZIER_VAL_SHIFT;
 682              		.loc 1 777 41 view .LVU197
 683 002e 626A     		ldr	r2, [r4, #36]
 777:Middlewares/LVGL/lvgl/src/misc/lv_anim.c ****     new_value = new_value >> LV_BEZIER_VAL_SHIFT;
 684              		.loc 1 777 38 view .LVU198
 685 0030 9B1A     		subs	r3, r3, r2
 777:Middlewares/LVGL/lvgl/src/misc/lv_anim.c ****     new_value = new_value >> LV_BEZIER_VAL_SHIFT;
 686              		.loc 1 777 15 view .LVU199
 687 0032 03FB00F0 		mul	r0, r3, r0
ARM GAS  C:\Users\w1785\AppData\Local\Temp\ccKUNV1D.s 			page 31


 688              	.LVL59:
 778:Middlewares/LVGL/lvgl/src/misc/lv_anim.c ****     new_value += a->start_value;
 689              		.loc 1 778 5 is_stmt 1 view .LVU200
 779:Middlewares/LVGL/lvgl/src/misc/lv_anim.c **** 
 690              		.loc 1 779 5 view .LVU201
 781:Middlewares/LVGL/lvgl/src/misc/lv_anim.c **** }
 691              		.loc 1 781 5 view .LVU202
 782:Middlewares/LVGL/lvgl/src/misc/lv_anim.c **** 
 692              		.loc 1 782 1 is_stmt 0 view .LVU203
 693 0036 02EBA020 		add	r0, r2, r0, asr #10
 694              	.LVL60:
 782:Middlewares/LVGL/lvgl/src/misc/lv_anim.c **** 
 695              		.loc 1 782 1 view .LVU204
 696 003a 03B0     		add	sp, sp, #12
 697              	.LCFI10:
 698              		.cfi_def_cfa_offset 20
 699              		@ sp needed
 700 003c F0BD     		pop	{r4, r5, r6, r7, pc}
 782:Middlewares/LVGL/lvgl/src/misc/lv_anim.c **** 
 701              		.loc 1 782 1 view .LVU205
 702              		.cfi_endproc
 703              	.LFE257:
 705              		.section	.text.lv_anim_core_init,"ax",%progbits
 706              		.align	1
 707              		.global	lv_anim_core_init
 708              		.syntax unified
 709              		.thumb
 710              		.thumb_func
 712              	lv_anim_core_init:
 713              	.LFB200:
  71:Middlewares/LVGL/lvgl/src/misc/lv_anim.c ****     lv_ll_init(anim_ll_p, sizeof(lv_anim_t));
 714              		.loc 1 71 1 is_stmt 1 view -0
 715              		.cfi_startproc
 716              		@ args = 0, pretend = 0, frame = 0
 717              		@ frame_needed = 0, uses_anonymous_args = 0
 718 0000 10B5     		push	{r4, lr}
 719              	.LCFI11:
 720              		.cfi_def_cfa_offset 8
 721              		.cfi_offset 4, -8
 722              		.cfi_offset 14, -4
  72:Middlewares/LVGL/lvgl/src/misc/lv_anim.c ****     state.timer = lv_timer_create(anim_timer, LV_DEF_REFR_PERIOD, NULL);
 723              		.loc 1 72 5 view .LVU207
 724 0002 0A4C     		ldr	r4, .L54
 725 0004 6021     		movs	r1, #96
 726 0006 2046     		mov	r0, r4
 727 0008 FFF7FEFF 		bl	lv_ll_init
 728              	.LVL61:
  73:Middlewares/LVGL/lvgl/src/misc/lv_anim.c ****     anim_mark_list_change(); /*Turn off the animation timer*/
 729              		.loc 1 73 5 view .LVU208
  73:Middlewares/LVGL/lvgl/src/misc/lv_anim.c ****     anim_mark_list_change(); /*Turn off the animation timer*/
 730              		.loc 1 73 19 is_stmt 0 view .LVU209
 731 000c 0022     		movs	r2, #0
 732 000e 2121     		movs	r1, #33
 733 0010 0748     		ldr	r0, .L54+4
 734 0012 FFF7FEFF 		bl	lv_timer_create
 735              	.LVL62:
  73:Middlewares/LVGL/lvgl/src/misc/lv_anim.c ****     anim_mark_list_change(); /*Turn off the animation timer*/
ARM GAS  C:\Users\w1785\AppData\Local\Temp\ccKUNV1D.s 			page 32


 736              		.loc 1 73 17 discriminator 1 view .LVU210
 737 0016 44F8040C 		str	r0, [r4, #-4]
  74:Middlewares/LVGL/lvgl/src/misc/lv_anim.c ****     state.anim_list_changed = false;
 738              		.loc 1 74 5 is_stmt 1 view .LVU211
 739 001a FFF7FEFF 		bl	anim_mark_list_change
 740              	.LVL63:
  75:Middlewares/LVGL/lvgl/src/misc/lv_anim.c ****     state.anim_run_round = false;
 741              		.loc 1 75 5 view .LVU212
  75:Middlewares/LVGL/lvgl/src/misc/lv_anim.c ****     state.anim_run_round = false;
 742              		.loc 1 75 29 is_stmt 0 view .LVU213
 743 001e 0023     		movs	r3, #0
 744 0020 04F8083C 		strb	r3, [r4, #-8]
  76:Middlewares/LVGL/lvgl/src/misc/lv_anim.c **** }
 745              		.loc 1 76 5 is_stmt 1 view .LVU214
  76:Middlewares/LVGL/lvgl/src/misc/lv_anim.c **** }
 746              		.loc 1 76 26 is_stmt 0 view .LVU215
 747 0024 04F8073C 		strb	r3, [r4, #-7]
  77:Middlewares/LVGL/lvgl/src/misc/lv_anim.c **** 
 748              		.loc 1 77 1 view .LVU216
 749 0028 10BD     		pop	{r4, pc}
 750              	.L55:
 751 002a 00BF     		.align	2
 752              	.L54:
 753 002c B0000000 		.word	lv_global+176
 754 0030 00000000 		.word	anim_timer
 755              		.cfi_endproc
 756              	.LFE200:
 758              		.section	.text.lv_anim_enable_vsync_mode,"ax",%progbits
 759              		.align	1
 760              		.global	lv_anim_enable_vsync_mode
 761              		.syntax unified
 762              		.thumb
 763              		.thumb_func
 765              	lv_anim_enable_vsync_mode:
 766              	.LVL64:
 767              	.LFB202:
  85:Middlewares/LVGL/lvgl/src/misc/lv_anim.c ****     if(enable) {
 768              		.loc 1 85 1 is_stmt 1 view -0
 769              		.cfi_startproc
 770              		@ args = 0, pretend = 0, frame = 0
 771              		@ frame_needed = 0, uses_anonymous_args = 0
  85:Middlewares/LVGL/lvgl/src/misc/lv_anim.c ****     if(enable) {
 772              		.loc 1 85 1 is_stmt 0 view .LVU218
 773 0000 08B5     		push	{r3, lr}
 774              	.LCFI12:
 775              		.cfi_def_cfa_offset 8
 776              		.cfi_offset 3, -8
 777              		.cfi_offset 14, -4
  86:Middlewares/LVGL/lvgl/src/misc/lv_anim.c ****         /* Remove animation timer, use vsync instead */
 778              		.loc 1 86 5 is_stmt 1 view .LVU219
  86:Middlewares/LVGL/lvgl/src/misc/lv_anim.c ****         /* Remove animation timer, use vsync instead */
 779              		.loc 1 86 7 is_stmt 0 view .LVU220
 780 0002 50B1     		cbz	r0, .L57
  88:Middlewares/LVGL/lvgl/src/misc/lv_anim.c ****             lv_timer_delete(state.timer);
 781              		.loc 1 88 9 is_stmt 1 view .LVU221
  88:Middlewares/LVGL/lvgl/src/misc/lv_anim.c ****             lv_timer_delete(state.timer);
 782              		.loc 1 88 17 is_stmt 0 view .LVU222
ARM GAS  C:\Users\w1785\AppData\Local\Temp\ccKUNV1D.s 			page 33


 783 0004 154B     		ldr	r3, .L63
 784 0006 D3F8AC00 		ldr	r0, [r3, #172]
 785              	.LVL65:
  88:Middlewares/LVGL/lvgl/src/misc/lv_anim.c ****             lv_timer_delete(state.timer);
 786              		.loc 1 88 11 view .LVU223
 787 000a 50B1     		cbz	r0, .L58
  89:Middlewares/LVGL/lvgl/src/misc/lv_anim.c ****             state.timer = NULL;
 788              		.loc 1 89 13 is_stmt 1 view .LVU224
 789 000c FFF7FEFF 		bl	lv_timer_delete
 790              	.LVL66:
  90:Middlewares/LVGL/lvgl/src/misc/lv_anim.c ****         }
 791              		.loc 1 90 13 view .LVU225
  90:Middlewares/LVGL/lvgl/src/misc/lv_anim.c ****         }
 792              		.loc 1 90 25 is_stmt 0 view .LVU226
 793 0010 124B     		ldr	r3, .L63
 794 0012 0022     		movs	r2, #0
 795 0014 C3F8AC20 		str	r2, [r3, #172]
 796 0018 03E0     		b	.L58
 797              	.LVL67:
 798              	.L57:
  94:Middlewares/LVGL/lvgl/src/misc/lv_anim.c ****             state.timer = lv_timer_create(anim_timer, LV_DEF_REFR_PERIOD, NULL);
 799              		.loc 1 94 9 is_stmt 1 view .LVU227
  94:Middlewares/LVGL/lvgl/src/misc/lv_anim.c ****             state.timer = lv_timer_create(anim_timer, LV_DEF_REFR_PERIOD, NULL);
 800              		.loc 1 94 18 is_stmt 0 view .LVU228
 801 001a 104B     		ldr	r3, .L63
 802 001c D3F8AC30 		ldr	r3, [r3, #172]
  94:Middlewares/LVGL/lvgl/src/misc/lv_anim.c ****             state.timer = lv_timer_create(anim_timer, LV_DEF_REFR_PERIOD, NULL);
 803              		.loc 1 94 11 view .LVU229
 804 0020 13B1     		cbz	r3, .L62
 805              	.LVL68:
 806              	.L58:
 105:Middlewares/LVGL/lvgl/src/misc/lv_anim.c **** }
 807              		.loc 1 105 5 is_stmt 1 view .LVU230
 808 0022 FFF7FEFF 		bl	anim_mark_list_change
 809              	.LVL69:
 106:Middlewares/LVGL/lvgl/src/misc/lv_anim.c **** 
 810              		.loc 1 106 1 is_stmt 0 view .LVU231
 811 0026 08BD     		pop	{r3, pc}
 812              	.LVL70:
 813              	.L62:
  95:Middlewares/LVGL/lvgl/src/misc/lv_anim.c ****             LV_ASSERT_NULL(state.timer);
 814              		.loc 1 95 13 is_stmt 1 view .LVU232
  95:Middlewares/LVGL/lvgl/src/misc/lv_anim.c ****             LV_ASSERT_NULL(state.timer);
 815              		.loc 1 95 27 is_stmt 0 view .LVU233
 816 0028 0022     		movs	r2, #0
 817 002a 2121     		movs	r1, #33
 818 002c 0C48     		ldr	r0, .L63+4
 819              	.LVL71:
  95:Middlewares/LVGL/lvgl/src/misc/lv_anim.c ****             LV_ASSERT_NULL(state.timer);
 820              		.loc 1 95 27 view .LVU234
 821 002e FFF7FEFF 		bl	lv_timer_create
 822              	.LVL72:
  95:Middlewares/LVGL/lvgl/src/misc/lv_anim.c ****             LV_ASSERT_NULL(state.timer);
 823              		.loc 1 95 25 discriminator 1 view .LVU235
 824 0032 0A4B     		ldr	r3, .L63
 825 0034 C3F8AC00 		str	r0, [r3, #172]
  96:Middlewares/LVGL/lvgl/src/misc/lv_anim.c **** 
ARM GAS  C:\Users\w1785\AppData\Local\Temp\ccKUNV1D.s 			page 34


 826              		.loc 1 96 13 is_stmt 1 view .LVU236
  96:Middlewares/LVGL/lvgl/src/misc/lv_anim.c **** 
 827              		.loc 1 96 13 view .LVU237
 828 0038 70B1     		cbz	r0, .L60
  96:Middlewares/LVGL/lvgl/src/misc/lv_anim.c **** 
 829              		.loc 1 96 13 view .LVU238
  96:Middlewares/LVGL/lvgl/src/misc/lv_anim.c **** 
 830              		.loc 1 96 40 view .LVU239
  98:Middlewares/LVGL/lvgl/src/misc/lv_anim.c ****                 lv_display_unregister_vsync_event(NULL, anim_vsync_event, NULL);
 831              		.loc 1 98 13 view .LVU240
  98:Middlewares/LVGL/lvgl/src/misc/lv_anim.c ****                 lv_display_unregister_vsync_event(NULL, anim_vsync_event, NULL);
 832              		.loc 1 98 21 is_stmt 0 view .LVU241
 833 003a 084B     		ldr	r3, .L63
 834 003c 93F8AA30 		ldrb	r3, [r3, #170]	@ zero_extendqisi2
  98:Middlewares/LVGL/lvgl/src/misc/lv_anim.c ****                 lv_display_unregister_vsync_event(NULL, anim_vsync_event, NULL);
 835              		.loc 1 98 15 view .LVU242
 836 0040 002B     		cmp	r3, #0
 837 0042 EED0     		beq	.L58
  99:Middlewares/LVGL/lvgl/src/misc/lv_anim.c ****                 state.anim_vsync_registered = false;
 838              		.loc 1 99 17 is_stmt 1 view .LVU243
 839 0044 0022     		movs	r2, #0
 840 0046 0749     		ldr	r1, .L63+8
 841 0048 1046     		mov	r0, r2
 842 004a FFF7FEFF 		bl	lv_display_unregister_vsync_event
 843              	.LVL73:
 100:Middlewares/LVGL/lvgl/src/misc/lv_anim.c ****             }
 844              		.loc 1 100 17 view .LVU244
 100:Middlewares/LVGL/lvgl/src/misc/lv_anim.c ****             }
 845              		.loc 1 100 45 is_stmt 0 view .LVU245
 846 004e 034B     		ldr	r3, .L63
 847 0050 0022     		movs	r2, #0
 848 0052 83F8AA20 		strb	r2, [r3, #170]
 849 0056 E4E7     		b	.L58
 850              	.L60:
  96:Middlewares/LVGL/lvgl/src/misc/lv_anim.c **** 
 851              		.loc 1 96 13 is_stmt 1 view .LVU246
  96:Middlewares/LVGL/lvgl/src/misc/lv_anim.c **** 
 852              		.loc 1 96 13 view .LVU247
  96:Middlewares/LVGL/lvgl/src/misc/lv_anim.c **** 
 853              		.loc 1 96 13 view .LVU248
  96:Middlewares/LVGL/lvgl/src/misc/lv_anim.c **** 
 854              		.loc 1 96 13 view .LVU249
  96:Middlewares/LVGL/lvgl/src/misc/lv_anim.c **** 
 855              		.loc 1 96 13 view .LVU250
 856 0058 FEE7     		b	.L60
 857              	.L64:
 858 005a 00BF     		.align	2
 859              	.L63:
 860 005c 00000000 		.word	lv_global
 861 0060 00000000 		.word	anim_timer
 862 0064 00000000 		.word	anim_vsync_event
 863              		.cfi_endproc
 864              	.LFE202:
 866              		.section	.text.lv_anim_init,"ax",%progbits
 867              		.align	1
 868              		.global	lv_anim_init
 869              		.syntax unified
ARM GAS  C:\Users\w1785\AppData\Local\Temp\ccKUNV1D.s 			page 35


 870              		.thumb
 871              		.thumb_func
 873              	lv_anim_init:
 874              	.LVL74:
 875              	.LFB203:
 109:Middlewares/LVGL/lvgl/src/misc/lv_anim.c ****     lv_memzero(a, sizeof(lv_anim_t));
 876              		.loc 1 109 1 view -0
 877              		.cfi_startproc
 878              		@ args = 0, pretend = 0, frame = 0
 879              		@ frame_needed = 0, uses_anonymous_args = 0
 109:Middlewares/LVGL/lvgl/src/misc/lv_anim.c ****     lv_memzero(a, sizeof(lv_anim_t));
 880              		.loc 1 109 1 is_stmt 0 view .LVU252
 881 0000 10B5     		push	{r4, lr}
 882              	.LCFI13:
 883              		.cfi_def_cfa_offset 8
 884              		.cfi_offset 4, -8
 885              		.cfi_offset 14, -4
 886 0002 0446     		mov	r4, r0
 110:Middlewares/LVGL/lvgl/src/misc/lv_anim.c ****     a->duration = 500;
 887              		.loc 1 110 5 is_stmt 1 view .LVU253
 888              	.LVL75:
 889              	.LBB9:
 890              	.LBI9:
 891              		.file 2 "Middlewares/LVGL/lvgl/src/misc/../core/../draw/../misc/../font/../draw/../misc/../stdlib/
   1:Middlewares/LVGL/lvgl/src/misc/../core/../draw/../misc/../font/../draw/../misc/../stdlib/lv_string.h **** /**
   2:Middlewares/LVGL/lvgl/src/misc/../core/../draw/../misc/../font/../draw/../misc/../stdlib/lv_string.h ****  * @file lv_string.h
   3:Middlewares/LVGL/lvgl/src/misc/../core/../draw/../misc/../font/../draw/../misc/../stdlib/lv_string.h ****  *
   4:Middlewares/LVGL/lvgl/src/misc/../core/../draw/../misc/../font/../draw/../misc/../stdlib/lv_string.h ****  */
   5:Middlewares/LVGL/lvgl/src/misc/../core/../draw/../misc/../font/../draw/../misc/../stdlib/lv_string.h **** 
   6:Middlewares/LVGL/lvgl/src/misc/../core/../draw/../misc/../font/../draw/../misc/../stdlib/lv_string.h **** #ifndef LV_STRING_H
   7:Middlewares/LVGL/lvgl/src/misc/../core/../draw/../misc/../font/../draw/../misc/../stdlib/lv_string.h **** #define LV_STRING_H
   8:Middlewares/LVGL/lvgl/src/misc/../core/../draw/../misc/../font/../draw/../misc/../stdlib/lv_string.h **** 
   9:Middlewares/LVGL/lvgl/src/misc/../core/../draw/../misc/../font/../draw/../misc/../stdlib/lv_string.h **** #ifdef __cplusplus
  10:Middlewares/LVGL/lvgl/src/misc/../core/../draw/../misc/../font/../draw/../misc/../stdlib/lv_string.h **** extern "C" {
  11:Middlewares/LVGL/lvgl/src/misc/../core/../draw/../misc/../font/../draw/../misc/../stdlib/lv_string.h **** #endif
  12:Middlewares/LVGL/lvgl/src/misc/../core/../draw/../misc/../font/../draw/../misc/../stdlib/lv_string.h **** 
  13:Middlewares/LVGL/lvgl/src/misc/../core/../draw/../misc/../font/../draw/../misc/../stdlib/lv_string.h **** /*********************
  14:Middlewares/LVGL/lvgl/src/misc/../core/../draw/../misc/../font/../draw/../misc/../stdlib/lv_string.h ****  *      INCLUDES
  15:Middlewares/LVGL/lvgl/src/misc/../core/../draw/../misc/../font/../draw/../misc/../stdlib/lv_string.h ****  *********************/
  16:Middlewares/LVGL/lvgl/src/misc/../core/../draw/../misc/../font/../draw/../misc/../stdlib/lv_string.h **** #include "../lv_conf_internal.h"
  17:Middlewares/LVGL/lvgl/src/misc/../core/../draw/../misc/../font/../draw/../misc/../stdlib/lv_string.h **** #include "../misc/lv_types.h"
  18:Middlewares/LVGL/lvgl/src/misc/../core/../draw/../misc/../font/../draw/../misc/../stdlib/lv_string.h **** 
  19:Middlewares/LVGL/lvgl/src/misc/../core/../draw/../misc/../font/../draw/../misc/../stdlib/lv_string.h **** /*********************
  20:Middlewares/LVGL/lvgl/src/misc/../core/../draw/../misc/../font/../draw/../misc/../stdlib/lv_string.h ****  *      DEFINES
  21:Middlewares/LVGL/lvgl/src/misc/../core/../draw/../misc/../font/../draw/../misc/../stdlib/lv_string.h ****  *********************/
  22:Middlewares/LVGL/lvgl/src/misc/../core/../draw/../misc/../font/../draw/../misc/../stdlib/lv_string.h **** 
  23:Middlewares/LVGL/lvgl/src/misc/../core/../draw/../misc/../font/../draw/../misc/../stdlib/lv_string.h **** /**********************
  24:Middlewares/LVGL/lvgl/src/misc/../core/../draw/../misc/../font/../draw/../misc/../stdlib/lv_string.h ****  *      TYPEDEFS
  25:Middlewares/LVGL/lvgl/src/misc/../core/../draw/../misc/../font/../draw/../misc/../stdlib/lv_string.h ****  **********************/
  26:Middlewares/LVGL/lvgl/src/misc/../core/../draw/../misc/../font/../draw/../misc/../stdlib/lv_string.h **** 
  27:Middlewares/LVGL/lvgl/src/misc/../core/../draw/../misc/../font/../draw/../misc/../stdlib/lv_string.h **** /**********************
  28:Middlewares/LVGL/lvgl/src/misc/../core/../draw/../misc/../font/../draw/../misc/../stdlib/lv_string.h ****  * GLOBAL PROTOTYPES
  29:Middlewares/LVGL/lvgl/src/misc/../core/../draw/../misc/../font/../draw/../misc/../stdlib/lv_string.h ****  **********************/
  30:Middlewares/LVGL/lvgl/src/misc/../core/../draw/../misc/../font/../draw/../misc/../stdlib/lv_string.h **** 
  31:Middlewares/LVGL/lvgl/src/misc/../core/../draw/../misc/../font/../draw/../misc/../stdlib/lv_string.h **** /**
  32:Middlewares/LVGL/lvgl/src/misc/../core/../draw/../misc/../font/../draw/../misc/../stdlib/lv_string.h ****  * @brief Copies a block of memory from a source address to a destination address.
  33:Middlewares/LVGL/lvgl/src/misc/../core/../draw/../misc/../font/../draw/../misc/../stdlib/lv_string.h ****  * @param dst Pointer to the destination array where the content is to be copied.
ARM GAS  C:\Users\w1785\AppData\Local\Temp\ccKUNV1D.s 			page 36


  34:Middlewares/LVGL/lvgl/src/misc/../core/../draw/../misc/../font/../draw/../misc/../stdlib/lv_string.h ****  * @param src Pointer to the source of data to be copied.
  35:Middlewares/LVGL/lvgl/src/misc/../core/../draw/../misc/../font/../draw/../misc/../stdlib/lv_string.h ****  * @param len Number of bytes to copy.
  36:Middlewares/LVGL/lvgl/src/misc/../core/../draw/../misc/../font/../draw/../misc/../stdlib/lv_string.h ****  * @return Pointer to the destination array.
  37:Middlewares/LVGL/lvgl/src/misc/../core/../draw/../misc/../font/../draw/../misc/../stdlib/lv_string.h ****  * @note The function does not check for any overlapping of the source and destination memory block
  38:Middlewares/LVGL/lvgl/src/misc/../core/../draw/../misc/../font/../draw/../misc/../stdlib/lv_string.h ****  */
  39:Middlewares/LVGL/lvgl/src/misc/../core/../draw/../misc/../font/../draw/../misc/../stdlib/lv_string.h **** void * lv_memcpy(void * dst, const void * src, size_t len);
  40:Middlewares/LVGL/lvgl/src/misc/../core/../draw/../misc/../font/../draw/../misc/../stdlib/lv_string.h **** 
  41:Middlewares/LVGL/lvgl/src/misc/../core/../draw/../misc/../font/../draw/../misc/../stdlib/lv_string.h **** /**
  42:Middlewares/LVGL/lvgl/src/misc/../core/../draw/../misc/../font/../draw/../misc/../stdlib/lv_string.h ****  * @brief Fills a block of memory with a specified value.
  43:Middlewares/LVGL/lvgl/src/misc/../core/../draw/../misc/../font/../draw/../misc/../stdlib/lv_string.h ****  * @param dst Pointer to the destination array to fill with the specified value.
  44:Middlewares/LVGL/lvgl/src/misc/../core/../draw/../misc/../font/../draw/../misc/../stdlib/lv_string.h ****  * @param v Value to be set. The value is passed as an int, but the function fills
  45:Middlewares/LVGL/lvgl/src/misc/../core/../draw/../misc/../font/../draw/../misc/../stdlib/lv_string.h ****  *          the block of memory using the unsigned char conversion of this value.
  46:Middlewares/LVGL/lvgl/src/misc/../core/../draw/../misc/../font/../draw/../misc/../stdlib/lv_string.h ****  * @param len Number of bytes to be set to the value.
  47:Middlewares/LVGL/lvgl/src/misc/../core/../draw/../misc/../font/../draw/../misc/../stdlib/lv_string.h ****  */
  48:Middlewares/LVGL/lvgl/src/misc/../core/../draw/../misc/../font/../draw/../misc/../stdlib/lv_string.h **** void lv_memset(void * dst, uint8_t v, size_t len);
  49:Middlewares/LVGL/lvgl/src/misc/../core/../draw/../misc/../font/../draw/../misc/../stdlib/lv_string.h **** 
  50:Middlewares/LVGL/lvgl/src/misc/../core/../draw/../misc/../font/../draw/../misc/../stdlib/lv_string.h **** /**
  51:Middlewares/LVGL/lvgl/src/misc/../core/../draw/../misc/../font/../draw/../misc/../stdlib/lv_string.h ****  * @brief Move a block of memory from source to destination
  52:Middlewares/LVGL/lvgl/src/misc/../core/../draw/../misc/../font/../draw/../misc/../stdlib/lv_string.h ****  * @param dst Pointer to the destination array where the content is to be copied.
  53:Middlewares/LVGL/lvgl/src/misc/../core/../draw/../misc/../font/../draw/../misc/../stdlib/lv_string.h ****  * @param src Pointer to the source of data to be copied.
  54:Middlewares/LVGL/lvgl/src/misc/../core/../draw/../misc/../font/../draw/../misc/../stdlib/lv_string.h ****  * @param len Number of bytes to copy
  55:Middlewares/LVGL/lvgl/src/misc/../core/../draw/../misc/../font/../draw/../misc/../stdlib/lv_string.h ****  * @return Pointer to the destination array.
  56:Middlewares/LVGL/lvgl/src/misc/../core/../draw/../misc/../font/../draw/../misc/../stdlib/lv_string.h ****  */
  57:Middlewares/LVGL/lvgl/src/misc/../core/../draw/../misc/../font/../draw/../misc/../stdlib/lv_string.h **** void * lv_memmove(void * dst, const void * src, size_t len);
  58:Middlewares/LVGL/lvgl/src/misc/../core/../draw/../misc/../font/../draw/../misc/../stdlib/lv_string.h **** 
  59:Middlewares/LVGL/lvgl/src/misc/../core/../draw/../misc/../font/../draw/../misc/../stdlib/lv_string.h **** /**
  60:Middlewares/LVGL/lvgl/src/misc/../core/../draw/../misc/../font/../draw/../misc/../stdlib/lv_string.h ****  * @brief This function will compare two memory blocks
  61:Middlewares/LVGL/lvgl/src/misc/../core/../draw/../misc/../font/../draw/../misc/../stdlib/lv_string.h ****  * @param p1 Pointer to the first memory block
  62:Middlewares/LVGL/lvgl/src/misc/../core/../draw/../misc/../font/../draw/../misc/../stdlib/lv_string.h ****  * @param p2 Pointer to the second memory block
  63:Middlewares/LVGL/lvgl/src/misc/../core/../draw/../misc/../font/../draw/../misc/../stdlib/lv_string.h ****  * @param len Number of bytes to compare
  64:Middlewares/LVGL/lvgl/src/misc/../core/../draw/../misc/../font/../draw/../misc/../stdlib/lv_string.h ****  * @return The difference between the value of the first unmatching byte.
  65:Middlewares/LVGL/lvgl/src/misc/../core/../draw/../misc/../font/../draw/../misc/../stdlib/lv_string.h ****  */
  66:Middlewares/LVGL/lvgl/src/misc/../core/../draw/../misc/../font/../draw/../misc/../stdlib/lv_string.h **** int lv_memcmp(const void * p1, const void * p2, size_t len);
  67:Middlewares/LVGL/lvgl/src/misc/../core/../draw/../misc/../font/../draw/../misc/../stdlib/lv_string.h **** 
  68:Middlewares/LVGL/lvgl/src/misc/../core/../draw/../misc/../font/../draw/../misc/../stdlib/lv_string.h **** /**
  69:Middlewares/LVGL/lvgl/src/misc/../core/../draw/../misc/../font/../draw/../misc/../stdlib/lv_string.h ****  * Same as `memset(dst, 0x00, len)`.
  70:Middlewares/LVGL/lvgl/src/misc/../core/../draw/../misc/../font/../draw/../misc/../stdlib/lv_string.h ****  * @param dst pointer to the destination buffer
  71:Middlewares/LVGL/lvgl/src/misc/../core/../draw/../misc/../font/../draw/../misc/../stdlib/lv_string.h ****  * @param len number of byte to set
  72:Middlewares/LVGL/lvgl/src/misc/../core/../draw/../misc/../font/../draw/../misc/../stdlib/lv_string.h ****  */
  73:Middlewares/LVGL/lvgl/src/misc/../core/../draw/../misc/../font/../draw/../misc/../stdlib/lv_string.h **** static inline void lv_memzero(void * dst, size_t len)
 892              		.loc 2 73 20 view .LVU254
 893              	.LBB10:
  74:Middlewares/LVGL/lvgl/src/misc/../core/../draw/../misc/../font/../draw/../misc/../stdlib/lv_string.h **** {
  75:Middlewares/LVGL/lvgl/src/misc/../core/../draw/../misc/../font/../draw/../misc/../stdlib/lv_string.h ****     lv_memset(dst, 0x00, len);
 894              		.loc 2 75 5 view .LVU255
 895 0004 6022     		movs	r2, #96
 896 0006 0021     		movs	r1, #0
 897 0008 FFF7FEFF 		bl	lv_memset
 898              	.LVL76:
 899              		.loc 2 75 5 is_stmt 0 view .LVU256
 900              	.LBE10:
 901              	.LBE9:
 111:Middlewares/LVGL/lvgl/src/misc/lv_anim.c ****     a->start_value = 0;
 902              		.loc 1 111 5 is_stmt 1 view .LVU257
 111:Middlewares/LVGL/lvgl/src/misc/lv_anim.c ****     a->start_value = 0;
 903              		.loc 1 111 17 is_stmt 0 view .LVU258
 904 000c 4FF4FA73 		mov	r3, #500
ARM GAS  C:\Users\w1785\AppData\Local\Temp\ccKUNV1D.s 			page 37


 905 0010 2363     		str	r3, [r4, #48]
 112:Middlewares/LVGL/lvgl/src/misc/lv_anim.c ****     a->end_value = 100;
 906              		.loc 1 112 5 is_stmt 1 view .LVU259
 112:Middlewares/LVGL/lvgl/src/misc/lv_anim.c ****     a->end_value = 100;
 907              		.loc 1 112 20 is_stmt 0 view .LVU260
 908 0012 0023     		movs	r3, #0
 909 0014 6362     		str	r3, [r4, #36]
 113:Middlewares/LVGL/lvgl/src/misc/lv_anim.c ****     a->repeat_cnt = 1;
 910              		.loc 1 113 5 is_stmt 1 view .LVU261
 113:Middlewares/LVGL/lvgl/src/misc/lv_anim.c ****     a->repeat_cnt = 1;
 911              		.loc 1 113 18 is_stmt 0 view .LVU262
 912 0016 6423     		movs	r3, #100
 913 0018 E362     		str	r3, [r4, #44]
 114:Middlewares/LVGL/lvgl/src/misc/lv_anim.c ****     a->path_cb = lv_anim_path_linear;
 914              		.loc 1 114 5 is_stmt 1 view .LVU263
 114:Middlewares/LVGL/lvgl/src/misc/lv_anim.c ****     a->path_cb = lv_anim_path_linear;
 915              		.loc 1 114 19 is_stmt 0 view .LVU264
 916 001a 0123     		movs	r3, #1
 917 001c 6364     		str	r3, [r4, #68]
 115:Middlewares/LVGL/lvgl/src/misc/lv_anim.c ****     a->early_apply = 1;
 918              		.loc 1 115 5 is_stmt 1 view .LVU265
 115:Middlewares/LVGL/lvgl/src/misc/lv_anim.c ****     a->early_apply = 1;
 919              		.loc 1 115 16 is_stmt 0 view .LVU266
 920 001e 044B     		ldr	r3, .L67
 921 0020 2362     		str	r3, [r4, #32]
 116:Middlewares/LVGL/lvgl/src/misc/lv_anim.c **** #if LV_USE_EXT_DATA
 922              		.loc 1 116 5 is_stmt 1 view .LVU267
 116:Middlewares/LVGL/lvgl/src/misc/lv_anim.c **** #if LV_USE_EXT_DATA
 923              		.loc 1 116 20 is_stmt 0 view .LVU268
 924 0022 94F85C30 		ldrb	r3, [r4, #92]	@ zero_extendqisi2
 925 0026 43F01003 		orr	r3, r3, #16
 926 002a 84F85C30 		strb	r3, [r4, #92]
 121:Middlewares/LVGL/lvgl/src/misc/lv_anim.c **** 
 927              		.loc 1 121 1 view .LVU269
 928 002e 10BD     		pop	{r4, pc}
 929              	.LVL77:
 930              	.L68:
 121:Middlewares/LVGL/lvgl/src/misc/lv_anim.c **** 
 931              		.loc 1 121 1 view .LVU270
 932              		.align	2
 933              	.L67:
 934 0030 00000000 		.word	lv_anim_path_linear
 935              		.cfi_endproc
 936              	.LFE203:
 938              		.section	.text.lv_anim_get_playtime,"ax",%progbits
 939              		.align	1
 940              		.global	lv_anim_get_playtime
 941              		.syntax unified
 942              		.thumb
 943              		.thumb_func
 945              	lv_anim_get_playtime:
 946              	.LVL78:
 947              	.LFB205:
 173:Middlewares/LVGL/lvgl/src/misc/lv_anim.c ****     if(a->repeat_cnt == LV_ANIM_REPEAT_INFINITE) {
 948              		.loc 1 173 1 is_stmt 1 view -0
 949              		.cfi_startproc
 950              		@ args = 0, pretend = 0, frame = 0
ARM GAS  C:\Users\w1785\AppData\Local\Temp\ccKUNV1D.s 			page 38


 951              		@ frame_needed = 0, uses_anonymous_args = 0
 952              		@ link register save eliminated.
 173:Middlewares/LVGL/lvgl/src/misc/lv_anim.c ****     if(a->repeat_cnt == LV_ANIM_REPEAT_INFINITE) {
 953              		.loc 1 173 1 is_stmt 0 view .LVU272
 954 0000 0346     		mov	r3, r0
 174:Middlewares/LVGL/lvgl/src/misc/lv_anim.c ****         return LV_ANIM_PLAYTIME_INFINITE;
 955              		.loc 1 174 5 is_stmt 1 view .LVU273
 174:Middlewares/LVGL/lvgl/src/misc/lv_anim.c ****         return LV_ANIM_PLAYTIME_INFINITE;
 956              		.loc 1 174 9 is_stmt 0 view .LVU274
 957 0002 406C     		ldr	r0, [r0, #68]
 958              	.LVL79:
 174:Middlewares/LVGL/lvgl/src/misc/lv_anim.c ****         return LV_ANIM_PLAYTIME_INFINITE;
 959              		.loc 1 174 7 view .LVU275
 960 0004 B0F1FF3F 		cmp	r0, #-1
 961 0008 0AD0     		beq	.L69
 178:Middlewares/LVGL/lvgl/src/misc/lv_anim.c ****     if(repeat_cnt < 1) repeat_cnt = 1;
 962              		.loc 1 178 5 is_stmt 1 view .LVU276
 963              	.LVL80:
 179:Middlewares/LVGL/lvgl/src/misc/lv_anim.c **** 
 964              		.loc 1 179 5 view .LVU277
 179:Middlewares/LVGL/lvgl/src/misc/lv_anim.c **** 
 965              		.loc 1 179 7 is_stmt 0 view .LVU278
 966 000a 00B9     		cbnz	r0, .L71
 179:Middlewares/LVGL/lvgl/src/misc/lv_anim.c **** 
 967              		.loc 1 179 35 discriminator 1 view .LVU279
 968 000c 0120     		movs	r0, #1
 969              	.LVL81:
 970              	.L71:
 181:Middlewares/LVGL/lvgl/src/misc/lv_anim.c ****     playtime = playtime * repeat_cnt;
 971              		.loc 1 181 5 is_stmt 1 view .LVU280
 181:Middlewares/LVGL/lvgl/src/misc/lv_anim.c ****     playtime = playtime * repeat_cnt;
 972              		.loc 1 181 26 is_stmt 0 view .LVU281
 973 000e 1A6C     		ldr	r2, [r3, #64]
 181:Middlewares/LVGL/lvgl/src/misc/lv_anim.c ****     playtime = playtime * repeat_cnt;
 974              		.loc 1 181 44 view .LVU282
 975 0010 196B     		ldr	r1, [r3, #48]
 181:Middlewares/LVGL/lvgl/src/misc/lv_anim.c ****     playtime = playtime * repeat_cnt;
 976              		.loc 1 181 41 view .LVU283
 977 0012 0A44     		add	r2, r2, r1
 181:Middlewares/LVGL/lvgl/src/misc/lv_anim.c ****     playtime = playtime * repeat_cnt;
 978              		.loc 1 181 58 view .LVU284
 979 0014 996B     		ldr	r1, [r3, #56]
 181:Middlewares/LVGL/lvgl/src/misc/lv_anim.c ****     playtime = playtime * repeat_cnt;
 980              		.loc 1 181 55 view .LVU285
 981 0016 0A44     		add	r2, r2, r1
 181:Middlewares/LVGL/lvgl/src/misc/lv_anim.c ****     playtime = playtime * repeat_cnt;
 982              		.loc 1 181 77 view .LVU286
 983 0018 DB6B     		ldr	r3, [r3, #60]
 984              	.LVL82:
 181:Middlewares/LVGL/lvgl/src/misc/lv_anim.c ****     playtime = playtime * repeat_cnt;
 985              		.loc 1 181 14 view .LVU287
 986 001a 1A44     		add	r2, r2, r3
 987              	.LVL83:
 182:Middlewares/LVGL/lvgl/src/misc/lv_anim.c ****     return playtime;
 988              		.loc 1 182 5 is_stmt 1 view .LVU288
 182:Middlewares/LVGL/lvgl/src/misc/lv_anim.c ****     return playtime;
 989              		.loc 1 182 14 is_stmt 0 view .LVU289
ARM GAS  C:\Users\w1785\AppData\Local\Temp\ccKUNV1D.s 			page 39


 990 001c 02FB00F0 		mul	r0, r2, r0
 991              	.LVL84:
 183:Middlewares/LVGL/lvgl/src/misc/lv_anim.c **** }
 992              		.loc 1 183 5 is_stmt 1 view .LVU290
 993              	.L69:
 184:Middlewares/LVGL/lvgl/src/misc/lv_anim.c **** 
 994              		.loc 1 184 1 is_stmt 0 view .LVU291
 995 0020 7047     		bx	lr
 996              		.cfi_endproc
 997              	.LFE205:
 999              		.section	.text.lv_anim_delete,"ax",%progbits
 1000              		.align	1
 1001              		.global	lv_anim_delete
 1002              		.syntax unified
 1003              		.thumb
 1004              		.thumb_func
 1006              	lv_anim_delete:
 1007              	.LVL85:
 1008              	.LFB206:
 187:Middlewares/LVGL/lvgl/src/misc/lv_anim.c ****     lv_anim_t * a;
 1009              		.loc 1 187 1 is_stmt 1 view -0
 1010              		.cfi_startproc
 1011              		@ args = 0, pretend = 0, frame = 0
 1012              		@ frame_needed = 0, uses_anonymous_args = 0
 187:Middlewares/LVGL/lvgl/src/misc/lv_anim.c ****     lv_anim_t * a;
 1013              		.loc 1 187 1 is_stmt 0 view .LVU293
 1014 0000 70B5     		push	{r4, r5, r6, lr}
 1015              	.LCFI14:
 1016              		.cfi_def_cfa_offset 16
 1017              		.cfi_offset 4, -16
 1018              		.cfi_offset 5, -12
 1019              		.cfi_offset 6, -8
 1020              		.cfi_offset 14, -4
 1021 0002 0446     		mov	r4, r0
 1022 0004 0D46     		mov	r5, r1
 188:Middlewares/LVGL/lvgl/src/misc/lv_anim.c ****     bool del_any = false;
 1023              		.loc 1 188 5 is_stmt 1 view .LVU294
 189:Middlewares/LVGL/lvgl/src/misc/lv_anim.c ****     a        = lv_ll_get_head(anim_ll_p);
 1024              		.loc 1 189 5 view .LVU295
 1025              	.LVL86:
 190:Middlewares/LVGL/lvgl/src/misc/lv_anim.c ****     while(a != NULL) {
 1026              		.loc 1 190 5 view .LVU296
 190:Middlewares/LVGL/lvgl/src/misc/lv_anim.c ****     while(a != NULL) {
 1027              		.loc 1 190 16 is_stmt 0 view .LVU297
 1028 0006 1148     		ldr	r0, .L82
 1029              	.LVL87:
 190:Middlewares/LVGL/lvgl/src/misc/lv_anim.c ****     while(a != NULL) {
 1030              		.loc 1 190 16 view .LVU298
 1031 0008 FFF7FEFF 		bl	lv_ll_get_head
 1032              	.LVL88:
 190:Middlewares/LVGL/lvgl/src/misc/lv_anim.c ****     while(a != NULL) {
 1033              		.loc 1 190 16 view .LVU299
 1034 000c 0146     		mov	r1, r0
 1035              	.LVL89:
 191:Middlewares/LVGL/lvgl/src/misc/lv_anim.c ****         bool del = false;
 1036              		.loc 1 191 5 is_stmt 1 view .LVU300
 189:Middlewares/LVGL/lvgl/src/misc/lv_anim.c ****     a        = lv_ll_get_head(anim_ll_p);
ARM GAS  C:\Users\w1785\AppData\Local\Temp\ccKUNV1D.s 			page 40


 1037              		.loc 1 189 10 is_stmt 0 view .LVU301
 1038 000e 0026     		movs	r6, #0
 191:Middlewares/LVGL/lvgl/src/misc/lv_anim.c ****         bool del = false;
 1039              		.loc 1 191 10 view .LVU302
 1040 0010 07E0     		b	.L74
 1041              	.LVL90:
 1042              	.L75:
 1043              	.LBB11:
 193:Middlewares/LVGL/lvgl/src/misc/lv_anim.c ****             remove_anim(a);
 1044              		.loc 1 193 48 discriminator 3 view .LVU303
 1045 0012 4B68     		ldr	r3, [r1, #4]
 193:Middlewares/LVGL/lvgl/src/misc/lv_anim.c ****             remove_anim(a);
 1046              		.loc 1 193 43 discriminator 3 view .LVU304
 1047 0014 AB42     		cmp	r3, r5
 1048 0016 0BD0     		beq	.L77
 193:Middlewares/LVGL/lvgl/src/misc/lv_anim.c ****             remove_anim(a);
 1049              		.loc 1 193 69 discriminator 4 view .LVU305
 1050 0018 55B1     		cbz	r5, .L77
 1051              	.L76:
 1052              	.LVL91:
 203:Middlewares/LVGL/lvgl/src/misc/lv_anim.c ****     }
 1053              		.loc 1 203 47 discriminator 2 view .LVU306
 1054 001a 0C48     		ldr	r0, .L82
 1055 001c FFF7FEFF 		bl	lv_ll_get_next
 1056              	.LVL92:
 203:Middlewares/LVGL/lvgl/src/misc/lv_anim.c ****     }
 1057              		.loc 1 203 47 discriminator 2 view .LVU307
 1058 0020 0146     		mov	r1, r0
 1059              	.LVL93:
 1060              	.L74:
 203:Middlewares/LVGL/lvgl/src/misc/lv_anim.c ****     }
 1061              		.loc 1 203 47 discriminator 2 view .LVU308
 1062              	.LBE11:
 191:Middlewares/LVGL/lvgl/src/misc/lv_anim.c ****         bool del = false;
 1063              		.loc 1 191 13 is_stmt 1 view .LVU309
 1064 0022 81B1     		cbz	r1, .L81
 1065              	.LBB12:
 192:Middlewares/LVGL/lvgl/src/misc/lv_anim.c ****         if((a->var == var || var == NULL) && (a->exec_cb == exec_cb || exec_cb == NULL)) {
 1066              		.loc 1 192 9 view .LVU310
 1067              	.LVL94:
 193:Middlewares/LVGL/lvgl/src/misc/lv_anim.c ****             remove_anim(a);
 1068              		.loc 1 193 9 view .LVU311
 193:Middlewares/LVGL/lvgl/src/misc/lv_anim.c ****             remove_anim(a);
 1069              		.loc 1 193 14 is_stmt 0 view .LVU312
 1070 0024 0B68     		ldr	r3, [r1]
 193:Middlewares/LVGL/lvgl/src/misc/lv_anim.c ****             remove_anim(a);
 1071              		.loc 1 193 11 view .LVU313
 1072 0026 A342     		cmp	r3, r4
 1073 0028 F3D0     		beq	.L75
 193:Middlewares/LVGL/lvgl/src/misc/lv_anim.c ****             remove_anim(a);
 1074              		.loc 1 193 27 discriminator 2 view .LVU314
 1075 002a 002C     		cmp	r4, #0
 1076 002c F5D1     		bne	.L76
 1077 002e F0E7     		b	.L75
 1078              	.L77:
 194:Middlewares/LVGL/lvgl/src/misc/lv_anim.c ****             anim_mark_list_change(); /*Read by `anim_timer`. It need to know if a delete occurred i
 1079              		.loc 1 194 13 is_stmt 1 view .LVU315
ARM GAS  C:\Users\w1785\AppData\Local\Temp\ccKUNV1D.s 			page 41


 1080 0030 0846     		mov	r0, r1
 1081 0032 FFF7FEFF 		bl	remove_anim
 1082              	.LVL95:
 195:Middlewares/LVGL/lvgl/src/misc/lv_anim.c ****                                        the linked list*/
 1083              		.loc 1 195 13 view .LVU316
 1084 0036 FFF7FEFF 		bl	anim_mark_list_change
 1085              	.LVL96:
 197:Middlewares/LVGL/lvgl/src/misc/lv_anim.c ****             del = true;
 1086              		.loc 1 197 13 view .LVU317
 198:Middlewares/LVGL/lvgl/src/misc/lv_anim.c ****         }
 1087              		.loc 1 198 13 view .LVU318
 203:Middlewares/LVGL/lvgl/src/misc/lv_anim.c ****     }
 1088              		.loc 1 203 9 view .LVU319
 203:Middlewares/LVGL/lvgl/src/misc/lv_anim.c ****     }
 1089              		.loc 1 203 19 is_stmt 0 discriminator 1 view .LVU320
 1090 003a 0448     		ldr	r0, .L82
 1091 003c FFF7FEFF 		bl	lv_ll_get_head
 1092              	.LVL97:
 1093 0040 0146     		mov	r1, r0
 197:Middlewares/LVGL/lvgl/src/misc/lv_anim.c ****             del = true;
 1094              		.loc 1 197 21 view .LVU321
 1095 0042 0126     		movs	r6, #1
 1096 0044 EDE7     		b	.L74
 1097              	.LVL98:
 1098              	.L81:
 197:Middlewares/LVGL/lvgl/src/misc/lv_anim.c ****             del = true;
 1099              		.loc 1 197 21 view .LVU322
 1100              	.LBE12:
 206:Middlewares/LVGL/lvgl/src/misc/lv_anim.c **** }
 1101              		.loc 1 206 5 is_stmt 1 view .LVU323
 207:Middlewares/LVGL/lvgl/src/misc/lv_anim.c **** 
 1102              		.loc 1 207 1 is_stmt 0 view .LVU324
 1103 0046 3046     		mov	r0, r6
 1104 0048 70BD     		pop	{r4, r5, r6, pc}
 1105              	.LVL99:
 1106              	.L83:
 207:Middlewares/LVGL/lvgl/src/misc/lv_anim.c **** 
 1107              		.loc 1 207 1 view .LVU325
 1108 004a 00BF     		.align	2
 1109              	.L82:
 1110 004c B0000000 		.word	lv_global+176
 1111              		.cfi_endproc
 1112              	.LFE206:
 1114              		.section	.text.lv_anim_delete_all,"ax",%progbits
 1115              		.align	1
 1116              		.global	lv_anim_delete_all
 1117              		.syntax unified
 1118              		.thumb
 1119              		.thumb_func
 1121              	lv_anim_delete_all:
 1122              	.LFB207:
 210:Middlewares/LVGL/lvgl/src/misc/lv_anim.c ****     lv_ll_clear_custom(anim_ll_p, remove_anim);
 1123              		.loc 1 210 1 is_stmt 1 view -0
 1124              		.cfi_startproc
 1125              		@ args = 0, pretend = 0, frame = 0
 1126              		@ frame_needed = 0, uses_anonymous_args = 0
 1127 0000 08B5     		push	{r3, lr}
ARM GAS  C:\Users\w1785\AppData\Local\Temp\ccKUNV1D.s 			page 42


 1128              	.LCFI15:
 1129              		.cfi_def_cfa_offset 8
 1130              		.cfi_offset 3, -8
 1131              		.cfi_offset 14, -4
 211:Middlewares/LVGL/lvgl/src/misc/lv_anim.c ****     anim_mark_list_change();
 1132              		.loc 1 211 5 view .LVU327
 1133 0002 0349     		ldr	r1, .L86
 1134 0004 0348     		ldr	r0, .L86+4
 1135 0006 FFF7FEFF 		bl	lv_ll_clear_custom
 1136              	.LVL100:
 212:Middlewares/LVGL/lvgl/src/misc/lv_anim.c **** }
 1137              		.loc 1 212 5 view .LVU328
 1138 000a FFF7FEFF 		bl	anim_mark_list_change
 1139              	.LVL101:
 213:Middlewares/LVGL/lvgl/src/misc/lv_anim.c **** 
 1140              		.loc 1 213 1 is_stmt 0 view .LVU329
 1141 000e 08BD     		pop	{r3, pc}
 1142              	.L87:
 1143              		.align	2
 1144              	.L86:
 1145 0010 00000000 		.word	remove_anim
 1146 0014 B0000000 		.word	lv_global+176
 1147              		.cfi_endproc
 1148              	.LFE207:
 1150              		.section	.text.lv_anim_core_deinit,"ax",%progbits
 1151              		.align	1
 1152              		.global	lv_anim_core_deinit
 1153              		.syntax unified
 1154              		.thumb
 1155              		.thumb_func
 1157              	lv_anim_core_deinit:
 1158              	.LFB201:
  80:Middlewares/LVGL/lvgl/src/misc/lv_anim.c ****     lv_anim_delete_all();
 1159              		.loc 1 80 1 is_stmt 1 view -0
 1160              		.cfi_startproc
 1161              		@ args = 0, pretend = 0, frame = 0
 1162              		@ frame_needed = 0, uses_anonymous_args = 0
 1163 0000 08B5     		push	{r3, lr}
 1164              	.LCFI16:
 1165              		.cfi_def_cfa_offset 8
 1166              		.cfi_offset 3, -8
 1167              		.cfi_offset 14, -4
  81:Middlewares/LVGL/lvgl/src/misc/lv_anim.c **** }
 1168              		.loc 1 81 5 view .LVU331
 1169 0002 FFF7FEFF 		bl	lv_anim_delete_all
 1170              	.LVL102:
  82:Middlewares/LVGL/lvgl/src/misc/lv_anim.c **** 
 1171              		.loc 1 82 1 is_stmt 0 view .LVU332
 1172 0006 08BD     		pop	{r3, pc}
 1173              		.cfi_endproc
 1174              	.LFE201:
 1176              		.section	.text.lv_anim_get,"ax",%progbits
 1177              		.align	1
 1178              		.global	lv_anim_get
 1179              		.syntax unified
 1180              		.thumb
 1181              		.thumb_func
ARM GAS  C:\Users\w1785\AppData\Local\Temp\ccKUNV1D.s 			page 43


 1183              	lv_anim_get:
 1184              	.LVL103:
 1185              	.LFB208:
 216:Middlewares/LVGL/lvgl/src/misc/lv_anim.c ****     lv_anim_t * a;
 1186              		.loc 1 216 1 is_stmt 1 view -0
 1187              		.cfi_startproc
 1188              		@ args = 0, pretend = 0, frame = 0
 1189              		@ frame_needed = 0, uses_anonymous_args = 0
 216:Middlewares/LVGL/lvgl/src/misc/lv_anim.c ****     lv_anim_t * a;
 1190              		.loc 1 216 1 is_stmt 0 view .LVU334
 1191 0000 38B5     		push	{r3, r4, r5, lr}
 1192              	.LCFI17:
 1193              		.cfi_def_cfa_offset 16
 1194              		.cfi_offset 3, -16
 1195              		.cfi_offset 4, -12
 1196              		.cfi_offset 5, -8
 1197              		.cfi_offset 14, -4
 1198 0002 0446     		mov	r4, r0
 1199 0004 0D46     		mov	r5, r1
 217:Middlewares/LVGL/lvgl/src/misc/lv_anim.c ****     LV_LL_READ(anim_ll_p, a) {
 1200              		.loc 1 217 5 is_stmt 1 view .LVU335
 218:Middlewares/LVGL/lvgl/src/misc/lv_anim.c ****         if(a->var == var && (a->exec_cb == exec_cb || exec_cb == NULL)) {
 1201              		.loc 1 218 5 view .LVU336
 1202 0006 0A48     		ldr	r0, .L96
 1203              	.LVL104:
 218:Middlewares/LVGL/lvgl/src/misc/lv_anim.c ****         if(a->var == var && (a->exec_cb == exec_cb || exec_cb == NULL)) {
 1204              		.loc 1 218 5 is_stmt 0 view .LVU337
 1205 0008 FFF7FEFF 		bl	lv_ll_get_head
 1206              	.LVL105:
 218:Middlewares/LVGL/lvgl/src/misc/lv_anim.c ****         if(a->var == var && (a->exec_cb == exec_cb || exec_cb == NULL)) {
 1207              		.loc 1 218 5 view .LVU338
 1208 000c 0146     		mov	r1, r0
 1209              	.LVL106:
 218:Middlewares/LVGL/lvgl/src/misc/lv_anim.c ****         if(a->var == var && (a->exec_cb == exec_cb || exec_cb == NULL)) {
 1210              		.loc 1 218 5 view .LVU339
 1211 000e 03E0     		b	.L91
 1212              	.LVL107:
 1213              	.L92:
 218:Middlewares/LVGL/lvgl/src/misc/lv_anim.c ****         if(a->var == var && (a->exec_cb == exec_cb || exec_cb == NULL)) {
 1214              		.loc 1 218 5 is_stmt 1 discriminator 2 view .LVU340
 1215 0010 0748     		ldr	r0, .L96
 1216 0012 FFF7FEFF 		bl	lv_ll_get_next
 1217              	.LVL108:
 218:Middlewares/LVGL/lvgl/src/misc/lv_anim.c ****         if(a->var == var && (a->exec_cb == exec_cb || exec_cb == NULL)) {
 1218              		.loc 1 218 5 is_stmt 0 discriminator 2 view .LVU341
 1219 0016 0146     		mov	r1, r0
 1220              	.LVL109:
 1221              	.L91:
 218:Middlewares/LVGL/lvgl/src/misc/lv_anim.c ****         if(a->var == var && (a->exec_cb == exec_cb || exec_cb == NULL)) {
 1222              		.loc 1 218 5 is_stmt 1 discriminator 1 view .LVU342
 1223 0018 39B1     		cbz	r1, .L90
 219:Middlewares/LVGL/lvgl/src/misc/lv_anim.c ****             return a;
 1224              		.loc 1 219 9 view .LVU343
 219:Middlewares/LVGL/lvgl/src/misc/lv_anim.c ****             return a;
 1225              		.loc 1 219 13 is_stmt 0 view .LVU344
 1226 001a 0B68     		ldr	r3, [r1]
 219:Middlewares/LVGL/lvgl/src/misc/lv_anim.c ****             return a;
ARM GAS  C:\Users\w1785\AppData\Local\Temp\ccKUNV1D.s 			page 44


 1227              		.loc 1 219 11 view .LVU345
 1228 001c A342     		cmp	r3, r4
 1229 001e F7D1     		bne	.L92
 219:Middlewares/LVGL/lvgl/src/misc/lv_anim.c ****             return a;
 1230              		.loc 1 219 31 discriminator 1 view .LVU346
 1231 0020 4B68     		ldr	r3, [r1, #4]
 219:Middlewares/LVGL/lvgl/src/misc/lv_anim.c ****             return a;
 1232              		.loc 1 219 26 discriminator 1 view .LVU347
 1233 0022 AB42     		cmp	r3, r5
 1234 0024 01D0     		beq	.L90
 219:Middlewares/LVGL/lvgl/src/misc/lv_anim.c ****             return a;
 1235              		.loc 1 219 52 discriminator 2 view .LVU348
 1236 0026 002D     		cmp	r5, #0
 1237 0028 F2D1     		bne	.L92
 1238              	.L90:
 225:Middlewares/LVGL/lvgl/src/misc/lv_anim.c **** 
 1239              		.loc 1 225 1 view .LVU349
 1240 002a 0846     		mov	r0, r1
 1241 002c 38BD     		pop	{r3, r4, r5, pc}
 1242              	.LVL110:
 1243              	.L97:
 225:Middlewares/LVGL/lvgl/src/misc/lv_anim.c **** 
 1244              		.loc 1 225 1 view .LVU350
 1245 002e 00BF     		.align	2
 1246              	.L96:
 1247 0030 B0000000 		.word	lv_global+176
 1248              		.cfi_endproc
 1249              	.LFE208:
 1251              		.section	.text.lv_anim_get_timer,"ax",%progbits
 1252              		.align	1
 1253              		.global	lv_anim_get_timer
 1254              		.syntax unified
 1255              		.thumb
 1256              		.thumb_func
 1258              	lv_anim_get_timer:
 1259              	.LFB209:
 228:Middlewares/LVGL/lvgl/src/misc/lv_anim.c ****     return state.timer;
 1260              		.loc 1 228 1 is_stmt 1 view -0
 1261              		.cfi_startproc
 1262              		@ args = 0, pretend = 0, frame = 0
 1263              		@ frame_needed = 0, uses_anonymous_args = 0
 1264              		@ link register save eliminated.
 229:Middlewares/LVGL/lvgl/src/misc/lv_anim.c **** }
 1265              		.loc 1 229 5 view .LVU352
 230:Middlewares/LVGL/lvgl/src/misc/lv_anim.c **** 
 1266              		.loc 1 230 1 is_stmt 0 view .LVU353
 1267 0000 014B     		ldr	r3, .L99
 1268 0002 D3F8AC00 		ldr	r0, [r3, #172]
 1269 0006 7047     		bx	lr
 1270              	.L100:
 1271              		.align	2
 1272              	.L99:
 1273 0008 00000000 		.word	lv_global
 1274              		.cfi_endproc
 1275              	.LFE209:
 1277              		.section	.text.lv_anim_count_running,"ax",%progbits
 1278              		.align	1
ARM GAS  C:\Users\w1785\AppData\Local\Temp\ccKUNV1D.s 			page 45


 1279              		.global	lv_anim_count_running
 1280              		.syntax unified
 1281              		.thumb
 1282              		.thumb_func
 1284              	lv_anim_count_running:
 1285              	.LFB210:
 233:Middlewares/LVGL/lvgl/src/misc/lv_anim.c ****     uint16_t cnt = 0;
 1286              		.loc 1 233 1 is_stmt 1 view -0
 1287              		.cfi_startproc
 1288              		@ args = 0, pretend = 0, frame = 0
 1289              		@ frame_needed = 0, uses_anonymous_args = 0
 1290 0000 10B5     		push	{r4, lr}
 1291              	.LCFI18:
 1292              		.cfi_def_cfa_offset 8
 1293              		.cfi_offset 4, -8
 1294              		.cfi_offset 14, -4
 234:Middlewares/LVGL/lvgl/src/misc/lv_anim.c ****     lv_anim_t * a;
 1295              		.loc 1 234 5 view .LVU355
 1296              	.LVL111:
 235:Middlewares/LVGL/lvgl/src/misc/lv_anim.c ****     LV_LL_READ(anim_ll_p, a) cnt++;
 1297              		.loc 1 235 5 view .LVU356
 236:Middlewares/LVGL/lvgl/src/misc/lv_anim.c **** 
 1298              		.loc 1 236 5 view .LVU357
 1299 0002 0848     		ldr	r0, .L105
 1300 0004 FFF7FEFF 		bl	lv_ll_get_head
 1301              	.LVL112:
 1302 0008 0146     		mov	r1, r0
 1303              	.LVL113:
 234:Middlewares/LVGL/lvgl/src/misc/lv_anim.c ****     lv_anim_t * a;
 1304              		.loc 1 234 14 is_stmt 0 view .LVU358
 1305 000a 0024     		movs	r4, #0
 236:Middlewares/LVGL/lvgl/src/misc/lv_anim.c **** 
 1306              		.loc 1 236 5 view .LVU359
 1307 000c 05E0     		b	.L102
 1308              	.LVL114:
 1309              	.L103:
 236:Middlewares/LVGL/lvgl/src/misc/lv_anim.c **** 
 1310              		.loc 1 236 30 is_stmt 1 discriminator 3 view .LVU360
 236:Middlewares/LVGL/lvgl/src/misc/lv_anim.c **** 
 1311              		.loc 1 236 33 is_stmt 0 discriminator 3 view .LVU361
 1312 000e 0134     		adds	r4, r4, #1
 1313              	.LVL115:
 236:Middlewares/LVGL/lvgl/src/misc/lv_anim.c **** 
 1314              		.loc 1 236 33 discriminator 3 view .LVU362
 1315 0010 A4B2     		uxth	r4, r4
 1316              	.LVL116:
 236:Middlewares/LVGL/lvgl/src/misc/lv_anim.c **** 
 1317              		.loc 1 236 5 is_stmt 1 discriminator 3 view .LVU363
 1318 0012 0448     		ldr	r0, .L105
 1319 0014 FFF7FEFF 		bl	lv_ll_get_next
 1320              	.LVL117:
 236:Middlewares/LVGL/lvgl/src/misc/lv_anim.c **** 
 1321              		.loc 1 236 5 is_stmt 0 discriminator 3 view .LVU364
 1322 0018 0146     		mov	r1, r0
 1323              	.LVL118:
 1324              	.L102:
 236:Middlewares/LVGL/lvgl/src/misc/lv_anim.c **** 
ARM GAS  C:\Users\w1785\AppData\Local\Temp\ccKUNV1D.s 			page 46


 1325              		.loc 1 236 5 is_stmt 1 discriminator 1 view .LVU365
 1326 001a 0029     		cmp	r1, #0
 1327 001c F7D1     		bne	.L103
 238:Middlewares/LVGL/lvgl/src/misc/lv_anim.c **** }
 1328              		.loc 1 238 5 view .LVU366
 239:Middlewares/LVGL/lvgl/src/misc/lv_anim.c **** 
 1329              		.loc 1 239 1 is_stmt 0 view .LVU367
 1330 001e 2046     		mov	r0, r4
 1331 0020 10BD     		pop	{r4, pc}
 1332              	.LVL119:
 1333              	.L106:
 239:Middlewares/LVGL/lvgl/src/misc/lv_anim.c **** 
 1334              		.loc 1 239 1 view .LVU368
 1335 0022 00BF     		.align	2
 1336              	.L105:
 1337 0024 B0000000 		.word	lv_global+176
 1338              		.cfi_endproc
 1339              	.LFE210:
 1341              		.section	.text.lv_anim_speed_clamped,"ax",%progbits
 1342              		.align	1
 1343              		.global	lv_anim_speed_clamped
 1344              		.syntax unified
 1345              		.thumb
 1346              		.thumb_func
 1348              	lv_anim_speed_clamped:
 1349              	.LVL120:
 1350              	.LFB211:
 242:Middlewares/LVGL/lvgl/src/misc/lv_anim.c **** 
 1351              		.loc 1 242 1 is_stmt 1 view -0
 1352              		.cfi_startproc
 1353              		@ args = 0, pretend = 0, frame = 0
 1354              		@ frame_needed = 0, uses_anonymous_args = 0
 1355              		@ link register save eliminated.
 244:Middlewares/LVGL/lvgl/src/misc/lv_anim.c ****         LV_LOG_WARN("speed is truncated to 10000 (was %"LV_PRIu32")", speed);
 1356              		.loc 1 244 5 view .LVU370
 244:Middlewares/LVGL/lvgl/src/misc/lv_anim.c ****         LV_LOG_WARN("speed is truncated to 10000 (was %"LV_PRIu32")", speed);
 1357              		.loc 1 244 7 is_stmt 0 view .LVU371
 1358 0000 42F21073 		movw	r3, #10000
 1359 0004 9842     		cmp	r0, r3
 1360 0006 01D9     		bls	.L108
 246:Middlewares/LVGL/lvgl/src/misc/lv_anim.c ****     }
 1361              		.loc 1 246 15 view .LVU372
 1362 0008 42F2F670 		movw	r0, #10230
 1363              	.LVL121:
 1364              	.L108:
 248:Middlewares/LVGL/lvgl/src/misc/lv_anim.c ****         LV_LOG_WARN("min_time is truncated to 10000 (was %"LV_PRIu32")", min_time);
 1365              		.loc 1 248 5 is_stmt 1 view .LVU373
 248:Middlewares/LVGL/lvgl/src/misc/lv_anim.c ****         LV_LOG_WARN("min_time is truncated to 10000 (was %"LV_PRIu32")", min_time);
 1366              		.loc 1 248 7 is_stmt 0 view .LVU374
 1367 000c 42F21073 		movw	r3, #10000
 1368 0010 9942     		cmp	r1, r3
 1369 0012 01D9     		bls	.L109
 250:Middlewares/LVGL/lvgl/src/misc/lv_anim.c ****     }
 1370              		.loc 1 250 18 view .LVU375
 1371 0014 42F2F671 		movw	r1, #10230
 1372              	.LVL122:
 1373              	.L109:
ARM GAS  C:\Users\w1785\AppData\Local\Temp\ccKUNV1D.s 			page 47


 252:Middlewares/LVGL/lvgl/src/misc/lv_anim.c ****         LV_LOG_WARN("max_time is truncated to 10000 (was %"LV_PRIu32")", max_time);
 1374              		.loc 1 252 5 is_stmt 1 view .LVU376
 252:Middlewares/LVGL/lvgl/src/misc/lv_anim.c ****         LV_LOG_WARN("max_time is truncated to 10000 (was %"LV_PRIu32")", max_time);
 1375              		.loc 1 252 7 is_stmt 0 view .LVU377
 1376 0018 42F21073 		movw	r3, #10000
 1377 001c 9A42     		cmp	r2, r3
 1378 001e 01D9     		bls	.L110
 254:Middlewares/LVGL/lvgl/src/misc/lv_anim.c ****     }
 1379              		.loc 1 254 18 view .LVU378
 1380 0020 42F2F672 		movw	r2, #10230
 1381              	.LVL123:
 1382              	.L110:
 258:Middlewares/LVGL/lvgl/src/misc/lv_anim.c ****     min_time = (min_time + 5) / 10;
 1383              		.loc 1 258 5 is_stmt 1 view .LVU379
 258:Middlewares/LVGL/lvgl/src/misc/lv_anim.c ****     min_time = (min_time + 5) / 10;
 1384              		.loc 1 258 20 is_stmt 0 view .LVU380
 1385 0024 0530     		adds	r0, r0, #5
 1386              	.LVL124:
 258:Middlewares/LVGL/lvgl/src/misc/lv_anim.c ****     min_time = (min_time + 5) / 10;
 1387              		.loc 1 258 11 view .LVU381
 1388 0026 094B     		ldr	r3, .L114
 1389 0028 A3FB000C 		umull	r0, ip, r3, r0
 1390              	.LVL125:
 259:Middlewares/LVGL/lvgl/src/misc/lv_anim.c ****     max_time = (max_time + 5) / 10;
 1391              		.loc 1 259 5 is_stmt 1 view .LVU382
 259:Middlewares/LVGL/lvgl/src/misc/lv_anim.c ****     max_time = (max_time + 5) / 10;
 1392              		.loc 1 259 26 is_stmt 0 view .LVU383
 1393 002c 481D     		adds	r0, r1, #5
 259:Middlewares/LVGL/lvgl/src/misc/lv_anim.c ****     max_time = (max_time + 5) / 10;
 1394              		.loc 1 259 14 view .LVU384
 1395 002e A3FB0010 		umull	r1, r0, r3, r0
 1396              	.LVL126:
 259:Middlewares/LVGL/lvgl/src/misc/lv_anim.c ****     max_time = (max_time + 5) / 10;
 1397              		.loc 1 259 14 view .LVU385
 1398 0032 C008     		lsrs	r0, r0, #3
 1399              	.LVL127:
 260:Middlewares/LVGL/lvgl/src/misc/lv_anim.c **** 
 1400              		.loc 1 260 5 is_stmt 1 view .LVU386
 260:Middlewares/LVGL/lvgl/src/misc/lv_anim.c **** 
 1401              		.loc 1 260 26 is_stmt 0 view .LVU387
 1402 0034 0532     		adds	r2, r2, #5
 1403              	.LVL128:
 260:Middlewares/LVGL/lvgl/src/misc/lv_anim.c **** 
 1404              		.loc 1 260 14 view .LVU388
 1405 0036 A3FB0232 		umull	r3, r2, r3, r2
 1406              	.LVL129:
 260:Middlewares/LVGL/lvgl/src/misc/lv_anim.c **** 
 1407              		.loc 1 260 14 view .LVU389
 1408 003a D208     		lsrs	r2, r2, #3
 1409              	.LVL130:
 262:Middlewares/LVGL/lvgl/src/misc/lv_anim.c **** 
 1410              		.loc 1 262 5 is_stmt 1 view .LVU390
 262:Middlewares/LVGL/lvgl/src/misc/lv_anim.c **** 
 1411              		.loc 1 262 62 is_stmt 0 view .LVU391
 1412 003c 8002     		lsls	r0, r0, #10
 1413              	.LVL131:
 262:Middlewares/LVGL/lvgl/src/misc/lv_anim.c **** 
ARM GAS  C:\Users\w1785\AppData\Local\Temp\ccKUNV1D.s 			page 48


 1414              		.loc 1 262 50 view .LVU392
 1415 003e 00EB0250 		add	r0, r0, r2, lsl #20
 262:Middlewares/LVGL/lvgl/src/misc/lv_anim.c **** 
 1416              		.loc 1 262 69 view .LVU393
 1417 0042 00EBDC00 		add	r0, r0, ip, lsr #3
 264:Middlewares/LVGL/lvgl/src/misc/lv_anim.c **** 
 1418              		.loc 1 264 1 view .LVU394
 1419 0046 00F10040 		add	r0, r0, #-2147483648
 1420 004a 7047     		bx	lr
 1421              	.L115:
 1422              		.align	2
 1423              	.L114:
 1424 004c CDCCCCCC 		.word	-858993459
 1425              		.cfi_endproc
 1426              	.LFE211:
 1428              		.section	.text.lv_anim_speed,"ax",%progbits
 1429              		.align	1
 1430              		.global	lv_anim_speed
 1431              		.syntax unified
 1432              		.thumb
 1433              		.thumb_func
 1435              	lv_anim_speed:
 1436              	.LVL132:
 1437              	.LFB212:
 267:Middlewares/LVGL/lvgl/src/misc/lv_anim.c ****     return lv_anim_speed_clamped(speed, 0, 10000);
 1438              		.loc 1 267 1 is_stmt 1 view -0
 1439              		.cfi_startproc
 1440              		@ args = 0, pretend = 0, frame = 0
 1441              		@ frame_needed = 0, uses_anonymous_args = 0
 267:Middlewares/LVGL/lvgl/src/misc/lv_anim.c ****     return lv_anim_speed_clamped(speed, 0, 10000);
 1442              		.loc 1 267 1 is_stmt 0 view .LVU396
 1443 0000 08B5     		push	{r3, lr}
 1444              	.LCFI19:
 1445              		.cfi_def_cfa_offset 8
 1446              		.cfi_offset 3, -8
 1447              		.cfi_offset 14, -4
 268:Middlewares/LVGL/lvgl/src/misc/lv_anim.c **** }
 1448              		.loc 1 268 5 is_stmt 1 view .LVU397
 268:Middlewares/LVGL/lvgl/src/misc/lv_anim.c **** }
 1449              		.loc 1 268 12 is_stmt 0 view .LVU398
 1450 0002 42F21072 		movw	r2, #10000
 1451 0006 0021     		movs	r1, #0
 1452 0008 FFF7FEFF 		bl	lv_anim_speed_clamped
 1453              	.LVL133:
 269:Middlewares/LVGL/lvgl/src/misc/lv_anim.c **** 
 1454              		.loc 1 269 1 view .LVU399
 1455 000c 08BD     		pop	{r3, pc}
 1456              		.cfi_endproc
 1457              	.LFE212:
 1459              		.section	.text.lv_anim_speed_to_time,"ax",%progbits
 1460              		.align	1
 1461              		.global	lv_anim_speed_to_time
 1462              		.syntax unified
 1463              		.thumb
 1464              		.thumb_func
 1466              	lv_anim_speed_to_time:
 1467              	.LVL134:
ARM GAS  C:\Users\w1785\AppData\Local\Temp\ccKUNV1D.s 			page 49


 1468              	.LFB213:
 272:Middlewares/LVGL/lvgl/src/misc/lv_anim.c ****     uint32_t d = LV_ABS(start - end);
 1469              		.loc 1 272 1 is_stmt 1 view -0
 1470              		.cfi_startproc
 1471              		@ args = 0, pretend = 0, frame = 0
 1472              		@ frame_needed = 0, uses_anonymous_args = 0
 1473              		@ link register save eliminated.
 272:Middlewares/LVGL/lvgl/src/misc/lv_anim.c ****     uint32_t d = LV_ABS(start - end);
 1474              		.loc 1 272 1 is_stmt 0 view .LVU401
 1475 0000 0346     		mov	r3, r0
 273:Middlewares/LVGL/lvgl/src/misc/lv_anim.c ****     uint32_t time = (d * 1000) / speed;
 1476              		.loc 1 273 5 is_stmt 1 view .LVU402
 273:Middlewares/LVGL/lvgl/src/misc/lv_anim.c ****     uint32_t time = (d * 1000) / speed;
 1477              		.loc 1 273 18 is_stmt 0 view .LVU403
 1478 0002 891A     		subs	r1, r1, r2
 1479              	.LVL135:
 273:Middlewares/LVGL/lvgl/src/misc/lv_anim.c ****     uint32_t time = (d * 1000) / speed;
 1480              		.loc 1 273 18 view .LVU404
 1481 0004 0029     		cmp	r1, #0
 1482 0006 B8BF     		it	lt
 1483 0008 4942     		rsblt	r1, r1, #0
 1484              	.LVL136:
 274:Middlewares/LVGL/lvgl/src/misc/lv_anim.c **** 
 1485              		.loc 1 274 5 is_stmt 1 view .LVU405
 274:Middlewares/LVGL/lvgl/src/misc/lv_anim.c **** 
 1486              		.loc 1 274 24 is_stmt 0 view .LVU406
 1487 000a 4FF47A72 		mov	r2, #1000
 1488              	.LVL137:
 274:Middlewares/LVGL/lvgl/src/misc/lv_anim.c **** 
 1489              		.loc 1 274 24 view .LVU407
 1490 000e 02FB01F1 		mul	r1, r2, r1
 1491              	.LVL138:
 274:Middlewares/LVGL/lvgl/src/misc/lv_anim.c **** 
 1492              		.loc 1 274 14 view .LVU408
 1493 0012 B1FBF0F0 		udiv	r0, r1, r0
 1494              	.LVL139:
 276:Middlewares/LVGL/lvgl/src/misc/lv_anim.c **** 
 1495              		.loc 1 276 5 is_stmt 1 view .LVU409
 276:Middlewares/LVGL/lvgl/src/misc/lv_anim.c **** 
 1496              		.loc 1 276 26 is_stmt 0 view .LVU410
 1497 0016 9942     		cmp	r1, r3
 1498              	.LVL140:
 276:Middlewares/LVGL/lvgl/src/misc/lv_anim.c **** 
 1499              		.loc 1 276 26 view .LVU411
 1500 0018 00D2     		bcs	.L118
 276:Middlewares/LVGL/lvgl/src/misc/lv_anim.c **** 
 1501              		.loc 1 276 26 discriminator 2 view .LVU412
 1502 001a 0120     		movs	r0, #1
 1503              	.LVL141:
 278:Middlewares/LVGL/lvgl/src/misc/lv_anim.c **** }
 1504              		.loc 1 278 5 is_stmt 1 view .LVU413
 1505              	.L118:
 279:Middlewares/LVGL/lvgl/src/misc/lv_anim.c **** 
 1506              		.loc 1 279 1 is_stmt 0 view .LVU414
 1507 001c 7047     		bx	lr
 1508              		.cfi_endproc
 1509              	.LFE213:
ARM GAS  C:\Users\w1785\AppData\Local\Temp\ccKUNV1D.s 			page 50


 1511              		.section	.text.lv_anim_path_ease_in,"ax",%progbits
 1512              		.align	1
 1513              		.global	lv_anim_path_ease_in
 1514              		.syntax unified
 1515              		.thumb
 1516              		.thumb_func
 1518              	lv_anim_path_ease_in:
 1519              	.LVL142:
 1520              	.LFB216:
 302:Middlewares/LVGL/lvgl/src/misc/lv_anim.c ****     return lv_anim_path_cubic_bezier(a, LV_BEZIER_VAL_FLOAT(0.42), LV_BEZIER_VAL_FLOAT(0),
 1521              		.loc 1 302 1 is_stmt 1 view -0
 1522              		.cfi_startproc
 1523              		@ args = 0, pretend = 0, frame = 0
 1524              		@ frame_needed = 0, uses_anonymous_args = 0
 302:Middlewares/LVGL/lvgl/src/misc/lv_anim.c ****     return lv_anim_path_cubic_bezier(a, LV_BEZIER_VAL_FLOAT(0.42), LV_BEZIER_VAL_FLOAT(0),
 1525              		.loc 1 302 1 is_stmt 0 view .LVU416
 1526 0000 00B5     		push	{lr}
 1527              	.LCFI20:
 1528              		.cfi_def_cfa_offset 4
 1529              		.cfi_offset 14, -4
 1530 0002 83B0     		sub	sp, sp, #12
 1531              	.LCFI21:
 1532              		.cfi_def_cfa_offset 16
 303:Middlewares/LVGL/lvgl/src/misc/lv_anim.c ****                                      LV_BEZIER_VAL_FLOAT(1), LV_BEZIER_VAL_FLOAT(1));
 1533              		.loc 1 303 5 is_stmt 1 view .LVU417
 303:Middlewares/LVGL/lvgl/src/misc/lv_anim.c ****                                      LV_BEZIER_VAL_FLOAT(1), LV_BEZIER_VAL_FLOAT(1));
 1534              		.loc 1 303 12 is_stmt 0 view .LVU418
 1535 0004 4FF48063 		mov	r3, #1024
 1536 0008 0093     		str	r3, [sp]
 1537 000a 0022     		movs	r2, #0
 1538 000c 4FF4D771 		mov	r1, #430
 1539 0010 FFF7FEFF 		bl	lv_anim_path_cubic_bezier
 1540              	.LVL143:
 305:Middlewares/LVGL/lvgl/src/misc/lv_anim.c **** 
 1541              		.loc 1 305 1 view .LVU419
 1542 0014 03B0     		add	sp, sp, #12
 1543              	.LCFI22:
 1544              		.cfi_def_cfa_offset 4
 1545              		@ sp needed
 1546 0016 00BD     		pop	{pc}
 1547              		.cfi_endproc
 1548              	.LFE216:
 1550              		.section	.text.lv_anim_path_ease_out,"ax",%progbits
 1551              		.align	1
 1552              		.global	lv_anim_path_ease_out
 1553              		.syntax unified
 1554              		.thumb
 1555              		.thumb_func
 1557              	lv_anim_path_ease_out:
 1558              	.LVL144:
 1559              	.LFB217:
 308:Middlewares/LVGL/lvgl/src/misc/lv_anim.c ****     return lv_anim_path_cubic_bezier(a, LV_BEZIER_VAL_FLOAT(0), LV_BEZIER_VAL_FLOAT(0),
 1560              		.loc 1 308 1 is_stmt 1 view -0
 1561              		.cfi_startproc
 1562              		@ args = 0, pretend = 0, frame = 0
 1563              		@ frame_needed = 0, uses_anonymous_args = 0
 308:Middlewares/LVGL/lvgl/src/misc/lv_anim.c ****     return lv_anim_path_cubic_bezier(a, LV_BEZIER_VAL_FLOAT(0), LV_BEZIER_VAL_FLOAT(0),
ARM GAS  C:\Users\w1785\AppData\Local\Temp\ccKUNV1D.s 			page 51


 1564              		.loc 1 308 1 is_stmt 0 view .LVU421
 1565 0000 00B5     		push	{lr}
 1566              	.LCFI23:
 1567              		.cfi_def_cfa_offset 4
 1568              		.cfi_offset 14, -4
 1569 0002 83B0     		sub	sp, sp, #12
 1570              	.LCFI24:
 1571              		.cfi_def_cfa_offset 16
 309:Middlewares/LVGL/lvgl/src/misc/lv_anim.c ****                                      LV_BEZIER_VAL_FLOAT(0.58), LV_BEZIER_VAL_FLOAT(1));
 1572              		.loc 1 309 5 is_stmt 1 view .LVU422
 309:Middlewares/LVGL/lvgl/src/misc/lv_anim.c ****                                      LV_BEZIER_VAL_FLOAT(0.58), LV_BEZIER_VAL_FLOAT(1));
 1573              		.loc 1 309 12 is_stmt 0 view .LVU423
 1574 0004 4FF48063 		mov	r3, #1024
 1575 0008 0093     		str	r3, [sp]
 1576 000a 40F25123 		movw	r3, #593
 1577 000e 0022     		movs	r2, #0
 1578 0010 1146     		mov	r1, r2
 1579 0012 FFF7FEFF 		bl	lv_anim_path_cubic_bezier
 1580              	.LVL145:
 311:Middlewares/LVGL/lvgl/src/misc/lv_anim.c **** 
 1581              		.loc 1 311 1 view .LVU424
 1582 0016 03B0     		add	sp, sp, #12
 1583              	.LCFI25:
 1584              		.cfi_def_cfa_offset 4
 1585              		@ sp needed
 1586 0018 00BD     		pop	{pc}
 1587              		.cfi_endproc
 1588              	.LFE217:
 1590              		.section	.text.lv_anim_path_ease_in_out,"ax",%progbits
 1591              		.align	1
 1592              		.global	lv_anim_path_ease_in_out
 1593              		.syntax unified
 1594              		.thumb
 1595              		.thumb_func
 1597              	lv_anim_path_ease_in_out:
 1598              	.LVL146:
 1599              	.LFB218:
 314:Middlewares/LVGL/lvgl/src/misc/lv_anim.c ****     return lv_anim_path_cubic_bezier(a, LV_BEZIER_VAL_FLOAT(0.42), LV_BEZIER_VAL_FLOAT(0),
 1600              		.loc 1 314 1 is_stmt 1 view -0
 1601              		.cfi_startproc
 1602              		@ args = 0, pretend = 0, frame = 0
 1603              		@ frame_needed = 0, uses_anonymous_args = 0
 314:Middlewares/LVGL/lvgl/src/misc/lv_anim.c ****     return lv_anim_path_cubic_bezier(a, LV_BEZIER_VAL_FLOAT(0.42), LV_BEZIER_VAL_FLOAT(0),
 1604              		.loc 1 314 1 is_stmt 0 view .LVU426
 1605 0000 00B5     		push	{lr}
 1606              	.LCFI26:
 1607              		.cfi_def_cfa_offset 4
 1608              		.cfi_offset 14, -4
 1609 0002 83B0     		sub	sp, sp, #12
 1610              	.LCFI27:
 1611              		.cfi_def_cfa_offset 16
 315:Middlewares/LVGL/lvgl/src/misc/lv_anim.c ****                                      LV_BEZIER_VAL_FLOAT(0.58), LV_BEZIER_VAL_FLOAT(1));
 1612              		.loc 1 315 5 is_stmt 1 view .LVU427
 315:Middlewares/LVGL/lvgl/src/misc/lv_anim.c ****                                      LV_BEZIER_VAL_FLOAT(0.58), LV_BEZIER_VAL_FLOAT(1));
 1613              		.loc 1 315 12 is_stmt 0 view .LVU428
 1614 0004 4FF48063 		mov	r3, #1024
 1615 0008 0093     		str	r3, [sp]
ARM GAS  C:\Users\w1785\AppData\Local\Temp\ccKUNV1D.s 			page 52


 1616 000a 40F25123 		movw	r3, #593
 1617 000e 0022     		movs	r2, #0
 1618 0010 4FF4D771 		mov	r1, #430
 1619 0014 FFF7FEFF 		bl	lv_anim_path_cubic_bezier
 1620              	.LVL147:
 317:Middlewares/LVGL/lvgl/src/misc/lv_anim.c **** 
 1621              		.loc 1 317 1 view .LVU429
 1622 0018 03B0     		add	sp, sp, #12
 1623              	.LCFI28:
 1624              		.cfi_def_cfa_offset 4
 1625              		@ sp needed
 1626 001a 00BD     		pop	{pc}
 1627              		.cfi_endproc
 1628              	.LFE218:
 1630              		.section	.text.lv_anim_path_overshoot,"ax",%progbits
 1631              		.align	1
 1632              		.global	lv_anim_path_overshoot
 1633              		.syntax unified
 1634              		.thumb
 1635              		.thumb_func
 1637              	lv_anim_path_overshoot:
 1638              	.LVL148:
 1639              	.LFB219:
 320:Middlewares/LVGL/lvgl/src/misc/lv_anim.c ****     return lv_anim_path_cubic_bezier(a, 341, 0, 683, 1300);
 1640              		.loc 1 320 1 is_stmt 1 view -0
 1641              		.cfi_startproc
 1642              		@ args = 0, pretend = 0, frame = 0
 1643              		@ frame_needed = 0, uses_anonymous_args = 0
 320:Middlewares/LVGL/lvgl/src/misc/lv_anim.c ****     return lv_anim_path_cubic_bezier(a, 341, 0, 683, 1300);
 1644              		.loc 1 320 1 is_stmt 0 view .LVU431
 1645 0000 00B5     		push	{lr}
 1646              	.LCFI29:
 1647              		.cfi_def_cfa_offset 4
 1648              		.cfi_offset 14, -4
 1649 0002 83B0     		sub	sp, sp, #12
 1650              	.LCFI30:
 1651              		.cfi_def_cfa_offset 16
 321:Middlewares/LVGL/lvgl/src/misc/lv_anim.c **** }
 1652              		.loc 1 321 5 is_stmt 1 view .LVU432
 321:Middlewares/LVGL/lvgl/src/misc/lv_anim.c **** }
 1653              		.loc 1 321 12 is_stmt 0 view .LVU433
 1654 0004 40F21453 		movw	r3, #1300
 1655 0008 0093     		str	r3, [sp]
 1656 000a 40F2AB23 		movw	r3, #683
 1657 000e 0022     		movs	r2, #0
 1658 0010 40F25511 		movw	r1, #341
 1659 0014 FFF7FEFF 		bl	lv_anim_path_cubic_bezier
 1660              	.LVL149:
 322:Middlewares/LVGL/lvgl/src/misc/lv_anim.c **** 
 1661              		.loc 1 322 1 view .LVU434
 1662 0018 03B0     		add	sp, sp, #12
 1663              	.LCFI31:
 1664              		.cfi_def_cfa_offset 4
 1665              		@ sp needed
 1666 001a 00BD     		pop	{pc}
 1667              		.cfi_endproc
 1668              	.LFE219:
ARM GAS  C:\Users\w1785\AppData\Local\Temp\ccKUNV1D.s 			page 53


 1670              		.section	.text.lv_anim_path_bounce,"ax",%progbits
 1671              		.align	1
 1672              		.global	lv_anim_path_bounce
 1673              		.syntax unified
 1674              		.thumb
 1675              		.thumb_func
 1677              	lv_anim_path_bounce:
 1678              	.LVL150:
 1679              	.LFB220:
 325:Middlewares/LVGL/lvgl/src/misc/lv_anim.c ****     /*Calculate the current step*/
 1680              		.loc 1 325 1 is_stmt 1 view -0
 1681              		.cfi_startproc
 1682              		@ args = 0, pretend = 0, frame = 0
 1683              		@ frame_needed = 0, uses_anonymous_args = 0
 325:Middlewares/LVGL/lvgl/src/misc/lv_anim.c ****     /*Calculate the current step*/
 1684              		.loc 1 325 1 is_stmt 0 view .LVU436
 1685 0000 30B5     		push	{r4, r5, lr}
 1686              	.LCFI32:
 1687              		.cfi_def_cfa_offset 12
 1688              		.cfi_offset 4, -12
 1689              		.cfi_offset 5, -8
 1690              		.cfi_offset 14, -4
 1691 0002 83B0     		sub	sp, sp, #12
 1692              	.LCFI33:
 1693              		.cfi_def_cfa_offset 24
 1694 0004 0446     		mov	r4, r0
 327:Middlewares/LVGL/lvgl/src/misc/lv_anim.c ****     int32_t diff = (a->end_value - a->start_value);
 1695              		.loc 1 327 5 is_stmt 1 view .LVU437
 327:Middlewares/LVGL/lvgl/src/misc/lv_anim.c ****     int32_t diff = (a->end_value - a->start_value);
 1696              		.loc 1 327 17 is_stmt 0 view .LVU438
 1697 0006 4FF48063 		mov	r3, #1024
 1698 000a 0093     		str	r3, [sp]
 1699 000c 0023     		movs	r3, #0
 1700 000e 026B     		ldr	r2, [r0, #48]
 1701 0010 1946     		mov	r1, r3
 1702 0012 406B     		ldr	r0, [r0, #52]
 1703              	.LVL151:
 327:Middlewares/LVGL/lvgl/src/misc/lv_anim.c ****     int32_t diff = (a->end_value - a->start_value);
 1704              		.loc 1 327 17 view .LVU439
 1705 0014 FFF7FEFF 		bl	lv_map
 1706              	.LVL152:
 328:Middlewares/LVGL/lvgl/src/misc/lv_anim.c **** 
 1707              		.loc 1 328 5 is_stmt 1 view .LVU440
 328:Middlewares/LVGL/lvgl/src/misc/lv_anim.c **** 
 1708              		.loc 1 328 22 is_stmt 0 view .LVU441
 1709 0018 E36A     		ldr	r3, [r4, #44]
 328:Middlewares/LVGL/lvgl/src/misc/lv_anim.c **** 
 1710              		.loc 1 328 37 view .LVU442
 1711 001a 626A     		ldr	r2, [r4, #36]
 328:Middlewares/LVGL/lvgl/src/misc/lv_anim.c **** 
 1712              		.loc 1 328 13 view .LVU443
 1713 001c 9D1A     		subs	r5, r3, r2
 1714              	.LVL153:
 332:Middlewares/LVGL/lvgl/src/misc/lv_anim.c ****         /*Go down*/
 1715              		.loc 1 332 5 is_stmt 1 view .LVU444
 332:Middlewares/LVGL/lvgl/src/misc/lv_anim.c ****         /*Go down*/
 1716              		.loc 1 332 7 is_stmt 0 view .LVU445
ARM GAS  C:\Users\w1785\AppData\Local\Temp\ccKUNV1D.s 			page 54


 1717 001e B0F5CC7F 		cmp	r0, #408
 1718 0022 0DDA     		bge	.L130
 334:Middlewares/LVGL/lvgl/src/misc/lv_anim.c ****         t = LV_BEZIER_VAL_MAX - t;
 1719              		.loc 1 334 9 is_stmt 1 view .LVU446
 334:Middlewares/LVGL/lvgl/src/misc/lv_anim.c ****         t = LV_BEZIER_VAL_MAX - t;
 1720              		.loc 1 334 16 is_stmt 0 view .LVU447
 1721 0024 40F6C413 		movw	r3, #2500
 1722 0028 00FB03F3 		mul	r3, r0, r3
 334:Middlewares/LVGL/lvgl/src/misc/lv_anim.c ****         t = LV_BEZIER_VAL_MAX - t;
 1723              		.loc 1 334 11 view .LVU448
 1724 002c 9B12     		asrs	r3, r3, #10
 1725              	.LVL154:
 335:Middlewares/LVGL/lvgl/src/misc/lv_anim.c ****     }
 1726              		.loc 1 335 9 is_stmt 1 view .LVU449
 335:Middlewares/LVGL/lvgl/src/misc/lv_anim.c ****     }
 1727              		.loc 1 335 11 is_stmt 0 view .LVU450
 1728 002e C3F58060 		rsb	r0, r3, #1024
 1729              	.LVL155:
 1730              	.L131:
 364:Middlewares/LVGL/lvgl/src/misc/lv_anim.c ****     if(t < 0) t = 0;
 1731              		.loc 1 364 5 is_stmt 1 view .LVU451
 364:Middlewares/LVGL/lvgl/src/misc/lv_anim.c ****     if(t < 0) t = 0;
 1732              		.loc 1 364 7 is_stmt 0 view .LVU452
 1733 0032 B0F5806F 		cmp	r0, #1024
 1734 0036 41DC     		bgt	.L136
 365:Middlewares/LVGL/lvgl/src/misc/lv_anim.c ****     int32_t step = lv_bezier3(t, 0, 500, 800, LV_BEZIER_VAL_MAX);
 1735              		.loc 1 365 5 is_stmt 1 view .LVU453
 365:Middlewares/LVGL/lvgl/src/misc/lv_anim.c ****     int32_t step = lv_bezier3(t, 0, 500, 800, LV_BEZIER_VAL_MAX);
 1736              		.loc 1 365 7 is_stmt 0 view .LVU454
 1737 0038 0028     		cmp	r0, #0
 1738 003a 41DA     		bge	.L135
 365:Middlewares/LVGL/lvgl/src/misc/lv_anim.c ****     int32_t step = lv_bezier3(t, 0, 500, 800, LV_BEZIER_VAL_MAX);
 1739              		.loc 1 365 17 discriminator 1 view .LVU455
 1740 003c 0020     		movs	r0, #0
 1741              	.LVL156:
 365:Middlewares/LVGL/lvgl/src/misc/lv_anim.c ****     int32_t step = lv_bezier3(t, 0, 500, 800, LV_BEZIER_VAL_MAX);
 1742              		.loc 1 365 17 discriminator 1 view .LVU456
 1743 003e 3FE0     		b	.L135
 1744              	.LVL157:
 1745              	.L130:
 337:Middlewares/LVGL/lvgl/src/misc/lv_anim.c ****         /*First bounce back*/
 1746              		.loc 1 337 10 is_stmt 1 view .LVU457
 337:Middlewares/LVGL/lvgl/src/misc/lv_anim.c ****         /*First bounce back*/
 1747              		.loc 1 337 22 is_stmt 0 view .LVU458
 1748 0040 A0F5CC73 		sub	r3, r0, #408
 337:Middlewares/LVGL/lvgl/src/misc/lv_anim.c ****         /*First bounce back*/
 1749              		.loc 1 337 12 view .LVU459
 1750 0044 CD2B     		cmp	r3, #205
 1751 0046 08D8     		bhi	.L132
 339:Middlewares/LVGL/lvgl/src/misc/lv_anim.c ****         t    = t * 5; /*to [0..1024] range*/
 1752              		.loc 1 339 9 is_stmt 1 view .LVU460
 1753              	.LVL158:
 340:Middlewares/LVGL/lvgl/src/misc/lv_anim.c ****         diff = diff / 20;
 1754              		.loc 1 340 9 view .LVU461
 340:Middlewares/LVGL/lvgl/src/misc/lv_anim.c ****         diff = diff / 20;
 1755              		.loc 1 340 14 is_stmt 0 view .LVU462
 1756 0048 03EB8300 		add	r0, r3, r3, lsl #2
ARM GAS  C:\Users\w1785\AppData\Local\Temp\ccKUNV1D.s 			page 55


 1757              	.LVL159:
 341:Middlewares/LVGL/lvgl/src/misc/lv_anim.c ****     }
 1758              		.loc 1 341 9 is_stmt 1 view .LVU463
 341:Middlewares/LVGL/lvgl/src/misc/lv_anim.c ****     }
 1759              		.loc 1 341 14 is_stmt 0 view .LVU464
 1760 004c 254A     		ldr	r2, .L139
 1761 004e 82FB0532 		smull	r3, r2, r2, r5
 1762 0052 EB17     		asrs	r3, r5, #31
 1763 0054 C3EBE205 		rsb	r5, r3, r2, asr #3
 1764              	.LVL160:
 341:Middlewares/LVGL/lvgl/src/misc/lv_anim.c ****     }
 1765              		.loc 1 341 14 view .LVU465
 1766 0058 EBE7     		b	.L131
 1767              	.L132:
 343:Middlewares/LVGL/lvgl/src/misc/lv_anim.c ****         /*Fall back*/
 1768              		.loc 1 343 10 is_stmt 1 view .LVU466
 343:Middlewares/LVGL/lvgl/src/misc/lv_anim.c ****         /*Fall back*/
 1769              		.loc 1 343 22 is_stmt 0 view .LVU467
 1770 005a A0F26623 		subw	r3, r0, #614
 343:Middlewares/LVGL/lvgl/src/misc/lv_anim.c ****         /*Fall back*/
 1771              		.loc 1 343 12 view .LVU468
 1772 005e CC2B     		cmp	r3, #204
 1773 0060 0AD8     		bhi	.L133
 345:Middlewares/LVGL/lvgl/src/misc/lv_anim.c ****         t    = t * 5; /*to [0..1024] range*/
 1774              		.loc 1 345 9 is_stmt 1 view .LVU469
 1775              	.LVL161:
 346:Middlewares/LVGL/lvgl/src/misc/lv_anim.c ****         t    = LV_BEZIER_VAL_MAX - t;
 1776              		.loc 1 346 9 view .LVU470
 346:Middlewares/LVGL/lvgl/src/misc/lv_anim.c ****         t    = LV_BEZIER_VAL_MAX - t;
 1777              		.loc 1 346 14 is_stmt 0 view .LVU471
 1778 0062 03EB8300 		add	r0, r3, r3, lsl #2
 1779              	.LVL162:
 347:Middlewares/LVGL/lvgl/src/misc/lv_anim.c ****         diff = diff / 20;
 1780              		.loc 1 347 9 is_stmt 1 view .LVU472
 347:Middlewares/LVGL/lvgl/src/misc/lv_anim.c ****         diff = diff / 20;
 1781              		.loc 1 347 14 is_stmt 0 view .LVU473
 1782 0066 C0F58060 		rsb	r0, r0, #1024
 1783              	.LVL163:
 348:Middlewares/LVGL/lvgl/src/misc/lv_anim.c ****     }
 1784              		.loc 1 348 9 is_stmt 1 view .LVU474
 348:Middlewares/LVGL/lvgl/src/misc/lv_anim.c ****     }
 1785              		.loc 1 348 14 is_stmt 0 view .LVU475
 1786 006a 1E4A     		ldr	r2, .L139
 1787 006c 82FB0532 		smull	r3, r2, r2, r5
 1788 0070 EB17     		asrs	r3, r5, #31
 1789 0072 C3EBE205 		rsb	r5, r3, r2, asr #3
 1790              	.LVL164:
 348:Middlewares/LVGL/lvgl/src/misc/lv_anim.c ****     }
 1791              		.loc 1 348 14 view .LVU476
 1792 0076 DCE7     		b	.L131
 1793              	.L133:
 350:Middlewares/LVGL/lvgl/src/misc/lv_anim.c ****         /*Second bounce back*/
 1794              		.loc 1 350 10 is_stmt 1 view .LVU477
 350:Middlewares/LVGL/lvgl/src/misc/lv_anim.c ****         /*Second bounce back*/
 1795              		.loc 1 350 22 is_stmt 0 view .LVU478
 1796 0078 A0F23333 		subw	r3, r0, #819
 350:Middlewares/LVGL/lvgl/src/misc/lv_anim.c ****         /*Second bounce back*/
ARM GAS  C:\Users\w1785\AppData\Local\Temp\ccKUNV1D.s 			page 56


 1797              		.loc 1 350 12 view .LVU479
 1798 007c 652B     		cmp	r3, #101
 1799 007e 0BD8     		bhi	.L134
 352:Middlewares/LVGL/lvgl/src/misc/lv_anim.c ****         t    = t * 10; /*to [0..1024] range*/
 1800              		.loc 1 352 9 is_stmt 1 view .LVU480
 352:Middlewares/LVGL/lvgl/src/misc/lv_anim.c ****         t    = t * 10; /*to [0..1024] range*/
 1801              		.loc 1 352 11 is_stmt 0 view .LVU481
 1802 0080 A0F23330 		subw	r0, r0, #819
 1803              	.LVL165:
 353:Middlewares/LVGL/lvgl/src/misc/lv_anim.c ****         diff = diff / 40;
 1804              		.loc 1 353 9 is_stmt 1 view .LVU482
 353:Middlewares/LVGL/lvgl/src/misc/lv_anim.c ****         diff = diff / 40;
 1805              		.loc 1 353 14 is_stmt 0 view .LVU483
 1806 0084 00EB8000 		add	r0, r0, r0, lsl #2
 1807              	.LVL166:
 353:Middlewares/LVGL/lvgl/src/misc/lv_anim.c ****         diff = diff / 40;
 1808              		.loc 1 353 14 view .LVU484
 1809 0088 4000     		lsls	r0, r0, #1
 1810              	.LVL167:
 354:Middlewares/LVGL/lvgl/src/misc/lv_anim.c ****     }
 1811              		.loc 1 354 9 is_stmt 1 view .LVU485
 354:Middlewares/LVGL/lvgl/src/misc/lv_anim.c ****     }
 1812              		.loc 1 354 14 is_stmt 0 view .LVU486
 1813 008a 164A     		ldr	r2, .L139
 1814 008c 82FB0532 		smull	r3, r2, r2, r5
 1815 0090 EB17     		asrs	r3, r5, #31
 1816 0092 C3EB2215 		rsb	r5, r3, r2, asr #4
 1817              	.LVL168:
 354:Middlewares/LVGL/lvgl/src/misc/lv_anim.c ****     }
 1818              		.loc 1 354 14 view .LVU487
 1819 0096 CCE7     		b	.L131
 1820              	.L134:
 356:Middlewares/LVGL/lvgl/src/misc/lv_anim.c ****         /*Fall back*/
 1821              		.loc 1 356 10 is_stmt 1 view .LVU488
 356:Middlewares/LVGL/lvgl/src/misc/lv_anim.c ****         /*Fall back*/
 1822              		.loc 1 356 22 is_stmt 0 view .LVU489
 1823 0098 A0F29932 		subw	r2, r0, #921
 356:Middlewares/LVGL/lvgl/src/misc/lv_anim.c ****         /*Fall back*/
 1824              		.loc 1 356 12 view .LVU490
 1825 009c 672A     		cmp	r2, #103
 1826 009e C8D8     		bhi	.L131
 358:Middlewares/LVGL/lvgl/src/misc/lv_anim.c ****         t    = t * 10; /*to [0..1024] range*/
 1827              		.loc 1 358 9 is_stmt 1 view .LVU491
 358:Middlewares/LVGL/lvgl/src/misc/lv_anim.c ****         t    = t * 10; /*to [0..1024] range*/
 1828              		.loc 1 358 11 is_stmt 0 view .LVU492
 1829 00a0 A0F29930 		subw	r0, r0, #921
 1830              	.LVL169:
 359:Middlewares/LVGL/lvgl/src/misc/lv_anim.c ****         t    = LV_BEZIER_VAL_MAX - t;
 1831              		.loc 1 359 9 is_stmt 1 view .LVU493
 359:Middlewares/LVGL/lvgl/src/misc/lv_anim.c ****         t    = LV_BEZIER_VAL_MAX - t;
 1832              		.loc 1 359 14 is_stmt 0 view .LVU494
 1833 00a4 00EB8000 		add	r0, r0, r0, lsl #2
 1834              	.LVL170:
 359:Middlewares/LVGL/lvgl/src/misc/lv_anim.c ****         t    = LV_BEZIER_VAL_MAX - t;
 1835              		.loc 1 359 14 view .LVU495
 1836 00a8 4000     		lsls	r0, r0, #1
 1837              	.LVL171:
ARM GAS  C:\Users\w1785\AppData\Local\Temp\ccKUNV1D.s 			page 57


 360:Middlewares/LVGL/lvgl/src/misc/lv_anim.c ****         diff = diff / 40;
 1838              		.loc 1 360 9 is_stmt 1 view .LVU496
 360:Middlewares/LVGL/lvgl/src/misc/lv_anim.c ****         diff = diff / 40;
 1839              		.loc 1 360 14 is_stmt 0 view .LVU497
 1840 00aa C0F58060 		rsb	r0, r0, #1024
 1841              	.LVL172:
 361:Middlewares/LVGL/lvgl/src/misc/lv_anim.c ****     }
 1842              		.loc 1 361 9 is_stmt 1 view .LVU498
 361:Middlewares/LVGL/lvgl/src/misc/lv_anim.c ****     }
 1843              		.loc 1 361 14 is_stmt 0 view .LVU499
 1844 00ae 0D4A     		ldr	r2, .L139
 1845 00b0 82FB0532 		smull	r3, r2, r2, r5
 1846 00b4 EB17     		asrs	r3, r5, #31
 1847 00b6 C3EB2215 		rsb	r5, r3, r2, asr #4
 1848              	.LVL173:
 361:Middlewares/LVGL/lvgl/src/misc/lv_anim.c ****     }
 1849              		.loc 1 361 14 view .LVU500
 1850 00ba BAE7     		b	.L131
 1851              	.LVL174:
 1852              	.L136:
 364:Middlewares/LVGL/lvgl/src/misc/lv_anim.c ****     if(t < 0) t = 0;
 1853              		.loc 1 364 33 discriminator 1 view .LVU501
 1854 00bc 4FF48060 		mov	r0, #1024
 1855              	.LVL175:
 1856              	.L135:
 366:Middlewares/LVGL/lvgl/src/misc/lv_anim.c **** 
 1857              		.loc 1 366 5 is_stmt 1 view .LVU502
 366:Middlewares/LVGL/lvgl/src/misc/lv_anim.c **** 
 1858              		.loc 1 366 20 is_stmt 0 view .LVU503
 1859 00c0 4FF48063 		mov	r3, #1024
 1860 00c4 0093     		str	r3, [sp]
 1861 00c6 4FF44873 		mov	r3, #800
 1862 00ca 4FF4FA72 		mov	r2, #500
 1863 00ce 0021     		movs	r1, #0
 1864 00d0 FFF7FEFF 		bl	lv_bezier3
 1865              	.LVL176:
 368:Middlewares/LVGL/lvgl/src/misc/lv_anim.c ****     new_value = step * diff;
 1866              		.loc 1 368 5 is_stmt 1 view .LVU504
 369:Middlewares/LVGL/lvgl/src/misc/lv_anim.c ****     new_value = new_value >> LV_BEZIER_VAL_SHIFT;
 1867              		.loc 1 369 5 view .LVU505
 369:Middlewares/LVGL/lvgl/src/misc/lv_anim.c ****     new_value = new_value >> LV_BEZIER_VAL_SHIFT;
 1868              		.loc 1 369 15 is_stmt 0 view .LVU506
 1869 00d4 00FB05F5 		mul	r5, r0, r5
 1870              	.LVL177:
 370:Middlewares/LVGL/lvgl/src/misc/lv_anim.c ****     new_value = a->end_value - new_value;
 1871              		.loc 1 370 5 is_stmt 1 view .LVU507
 371:Middlewares/LVGL/lvgl/src/misc/lv_anim.c **** 
 1872              		.loc 1 371 5 view .LVU508
 371:Middlewares/LVGL/lvgl/src/misc/lv_anim.c **** 
 1873              		.loc 1 371 18 is_stmt 0 view .LVU509
 1874 00d8 E06A     		ldr	r0, [r4, #44]
 1875              	.LVL178:
 373:Middlewares/LVGL/lvgl/src/misc/lv_anim.c **** }
 1876              		.loc 1 373 5 is_stmt 1 view .LVU510
 374:Middlewares/LVGL/lvgl/src/misc/lv_anim.c **** 
 1877              		.loc 1 374 1 is_stmt 0 view .LVU511
 1878 00da A0EBA520 		sub	r0, r0, r5, asr #10
ARM GAS  C:\Users\w1785\AppData\Local\Temp\ccKUNV1D.s 			page 58


 1879              	.LVL179:
 374:Middlewares/LVGL/lvgl/src/misc/lv_anim.c **** 
 1880              		.loc 1 374 1 view .LVU512
 1881 00de 03B0     		add	sp, sp, #12
 1882              	.LCFI34:
 1883              		.cfi_def_cfa_offset 12
 1884              		@ sp needed
 1885 00e0 30BD     		pop	{r4, r5, pc}
 1886              	.LVL180:
 1887              	.L140:
 374:Middlewares/LVGL/lvgl/src/misc/lv_anim.c **** 
 1888              		.loc 1 374 1 view .LVU513
 1889 00e2 00BF     		.align	2
 1890              	.L139:
 1891 00e4 67666666 		.word	1717986919
 1892              		.cfi_endproc
 1893              	.LFE220:
 1895              		.section	.text.lv_anim_path_step,"ax",%progbits
 1896              		.align	1
 1897              		.global	lv_anim_path_step
 1898              		.syntax unified
 1899              		.thumb
 1900              		.thumb_func
 1902              	lv_anim_path_step:
 1903              	.LVL181:
 1904              	.LFB221:
 377:Middlewares/LVGL/lvgl/src/misc/lv_anim.c ****     if(a->act_time >= a->duration)
 1905              		.loc 1 377 1 is_stmt 1 view -0
 1906              		.cfi_startproc
 1907              		@ args = 0, pretend = 0, frame = 0
 1908              		@ frame_needed = 0, uses_anonymous_args = 0
 1909              		@ link register save eliminated.
 378:Middlewares/LVGL/lvgl/src/misc/lv_anim.c ****         return a->end_value;
 1910              		.loc 1 378 5 view .LVU515
 378:Middlewares/LVGL/lvgl/src/misc/lv_anim.c ****         return a->end_value;
 1911              		.loc 1 378 9 is_stmt 0 view .LVU516
 1912 0000 426B     		ldr	r2, [r0, #52]
 378:Middlewares/LVGL/lvgl/src/misc/lv_anim.c ****         return a->end_value;
 1913              		.loc 1 378 24 view .LVU517
 1914 0002 036B     		ldr	r3, [r0, #48]
 378:Middlewares/LVGL/lvgl/src/misc/lv_anim.c ****         return a->end_value;
 1915              		.loc 1 378 7 view .LVU518
 1916 0004 9A42     		cmp	r2, r3
 1917 0006 01DB     		blt	.L142
 379:Middlewares/LVGL/lvgl/src/misc/lv_anim.c ****     else
 1918              		.loc 1 379 9 is_stmt 1 view .LVU519
 379:Middlewares/LVGL/lvgl/src/misc/lv_anim.c ****     else
 1919              		.loc 1 379 17 is_stmt 0 view .LVU520
 1920 0008 C06A     		ldr	r0, [r0, #44]
 1921              	.LVL182:
 379:Middlewares/LVGL/lvgl/src/misc/lv_anim.c ****     else
 1922              		.loc 1 379 17 view .LVU521
 1923 000a 7047     		bx	lr
 1924              	.LVL183:
 1925              	.L142:
 381:Middlewares/LVGL/lvgl/src/misc/lv_anim.c **** }
 1926              		.loc 1 381 9 is_stmt 1 view .LVU522
ARM GAS  C:\Users\w1785\AppData\Local\Temp\ccKUNV1D.s 			page 59


 381:Middlewares/LVGL/lvgl/src/misc/lv_anim.c **** }
 1927              		.loc 1 381 17 is_stmt 0 view .LVU523
 1928 000c 406A     		ldr	r0, [r0, #36]
 1929              	.LVL184:
 382:Middlewares/LVGL/lvgl/src/misc/lv_anim.c **** 
 1930              		.loc 1 382 1 view .LVU524
 1931 000e 7047     		bx	lr
 1932              		.cfi_endproc
 1933              	.LFE221:
 1935              		.section	.text.lv_anim_path_custom_bezier3,"ax",%progbits
 1936              		.align	1
 1937              		.global	lv_anim_path_custom_bezier3
 1938              		.syntax unified
 1939              		.thumb
 1940              		.thumb_func
 1942              	lv_anim_path_custom_bezier3:
 1943              	.LVL185:
 1944              	.LFB222:
 385:Middlewares/LVGL/lvgl/src/misc/lv_anim.c ****     const lv_anim_bezier3_para_t * para = &a->parameter.bezier3;
 1945              		.loc 1 385 1 is_stmt 1 view -0
 1946              		.cfi_startproc
 1947              		@ args = 0, pretend = 0, frame = 0
 1948              		@ frame_needed = 0, uses_anonymous_args = 0
 385:Middlewares/LVGL/lvgl/src/misc/lv_anim.c ****     const lv_anim_bezier3_para_t * para = &a->parameter.bezier3;
 1949              		.loc 1 385 1 is_stmt 0 view .LVU526
 1950 0000 00B5     		push	{lr}
 1951              	.LCFI35:
 1952              		.cfi_def_cfa_offset 4
 1953              		.cfi_offset 14, -4
 1954 0002 83B0     		sub	sp, sp, #12
 1955              	.LCFI36:
 1956              		.cfi_def_cfa_offset 16
 386:Middlewares/LVGL/lvgl/src/misc/lv_anim.c ****     return lv_anim_path_cubic_bezier(a, para->x1, para->y1, para->x2, para->y2);
 1957              		.loc 1 386 5 is_stmt 1 view .LVU527
 1958              	.LVL186:
 387:Middlewares/LVGL/lvgl/src/misc/lv_anim.c **** }
 1959              		.loc 1 387 5 view .LVU528
 387:Middlewares/LVGL/lvgl/src/misc/lv_anim.c **** }
 1960              		.loc 1 387 75 is_stmt 0 view .LVU529
 1961 0004 B0F94E30 		ldrsh	r3, [r0, #78]
 387:Middlewares/LVGL/lvgl/src/misc/lv_anim.c **** }
 1962              		.loc 1 387 12 view .LVU530
 1963 0008 0093     		str	r3, [sp]
 1964 000a B0F94C30 		ldrsh	r3, [r0, #76]
 1965 000e B0F94A20 		ldrsh	r2, [r0, #74]
 1966 0012 B0F94810 		ldrsh	r1, [r0, #72]
 1967 0016 FFF7FEFF 		bl	lv_anim_path_cubic_bezier
 1968              	.LVL187:
 388:Middlewares/LVGL/lvgl/src/misc/lv_anim.c **** 
 1969              		.loc 1 388 1 view .LVU531
 1970 001a 03B0     		add	sp, sp, #12
 1971              	.LCFI37:
 1972              		.cfi_def_cfa_offset 4
 1973              		@ sp needed
 1974 001c 00BD     		pop	{pc}
 1975              		.cfi_endproc
 1976              	.LFE222:
ARM GAS  C:\Users\w1785\AppData\Local\Temp\ccKUNV1D.s 			page 60


 1978              		.section	.text.lv_anim_set_var,"ax",%progbits
 1979              		.align	1
 1980              		.global	lv_anim_set_var
 1981              		.syntax unified
 1982              		.thumb
 1983              		.thumb_func
 1985              	lv_anim_set_var:
 1986              	.LVL188:
 1987              	.LFB223:
 391:Middlewares/LVGL/lvgl/src/misc/lv_anim.c ****     a->var = var;
 1988              		.loc 1 391 1 is_stmt 1 view -0
 1989              		.cfi_startproc
 1990              		@ args = 0, pretend = 0, frame = 0
 1991              		@ frame_needed = 0, uses_anonymous_args = 0
 1992              		@ link register save eliminated.
 392:Middlewares/LVGL/lvgl/src/misc/lv_anim.c **** }
 1993              		.loc 1 392 5 view .LVU533
 392:Middlewares/LVGL/lvgl/src/misc/lv_anim.c **** }
 1994              		.loc 1 392 12 is_stmt 0 view .LVU534
 1995 0000 0160     		str	r1, [r0]
 393:Middlewares/LVGL/lvgl/src/misc/lv_anim.c **** 
 1996              		.loc 1 393 1 view .LVU535
 1997 0002 7047     		bx	lr
 1998              		.cfi_endproc
 1999              	.LFE223:
 2001              		.section	.text.lv_anim_set_exec_cb,"ax",%progbits
 2002              		.align	1
 2003              		.global	lv_anim_set_exec_cb
 2004              		.syntax unified
 2005              		.thumb
 2006              		.thumb_func
 2008              	lv_anim_set_exec_cb:
 2009              	.LVL189:
 2010              	.LFB224:
 396:Middlewares/LVGL/lvgl/src/misc/lv_anim.c ****     a->exec_cb = exec_cb;
 2011              		.loc 1 396 1 is_stmt 1 view -0
 2012              		.cfi_startproc
 2013              		@ args = 0, pretend = 0, frame = 0
 2014              		@ frame_needed = 0, uses_anonymous_args = 0
 2015              		@ link register save eliminated.
 397:Middlewares/LVGL/lvgl/src/misc/lv_anim.c **** }
 2016              		.loc 1 397 5 view .LVU537
 397:Middlewares/LVGL/lvgl/src/misc/lv_anim.c **** }
 2017              		.loc 1 397 16 is_stmt 0 view .LVU538
 2018 0000 4160     		str	r1, [r0, #4]
 398:Middlewares/LVGL/lvgl/src/misc/lv_anim.c **** 
 2019              		.loc 1 398 1 view .LVU539
 2020 0002 7047     		bx	lr
 2021              		.cfi_endproc
 2022              	.LFE224:
 2024              		.section	.text.lv_anim_set_duration,"ax",%progbits
 2025              		.align	1
 2026              		.global	lv_anim_set_duration
 2027              		.syntax unified
 2028              		.thumb
 2029              		.thumb_func
 2031              	lv_anim_set_duration:
ARM GAS  C:\Users\w1785\AppData\Local\Temp\ccKUNV1D.s 			page 61


 2032              	.LVL190:
 2033              	.LFB225:
 401:Middlewares/LVGL/lvgl/src/misc/lv_anim.c ****     a->duration = duration;
 2034              		.loc 1 401 1 is_stmt 1 view -0
 2035              		.cfi_startproc
 2036              		@ args = 0, pretend = 0, frame = 0
 2037              		@ frame_needed = 0, uses_anonymous_args = 0
 2038              		@ link register save eliminated.
 402:Middlewares/LVGL/lvgl/src/misc/lv_anim.c **** }
 2039              		.loc 1 402 5 view .LVU541
 402:Middlewares/LVGL/lvgl/src/misc/lv_anim.c **** }
 2040              		.loc 1 402 17 is_stmt 0 view .LVU542
 2041 0000 0163     		str	r1, [r0, #48]
 403:Middlewares/LVGL/lvgl/src/misc/lv_anim.c **** 
 2042              		.loc 1 403 1 view .LVU543
 2043 0002 7047     		bx	lr
 2044              		.cfi_endproc
 2045              	.LFE225:
 2047              		.section	.text.lv_anim_set_delay,"ax",%progbits
 2048              		.align	1
 2049              		.global	lv_anim_set_delay
 2050              		.syntax unified
 2051              		.thumb
 2052              		.thumb_func
 2054              	lv_anim_set_delay:
 2055              	.LVL191:
 2056              	.LFB226:
 406:Middlewares/LVGL/lvgl/src/misc/lv_anim.c ****     a->act_time = -(int32_t)(delay);
 2057              		.loc 1 406 1 is_stmt 1 view -0
 2058              		.cfi_startproc
 2059              		@ args = 0, pretend = 0, frame = 0
 2060              		@ frame_needed = 0, uses_anonymous_args = 0
 2061              		@ link register save eliminated.
 407:Middlewares/LVGL/lvgl/src/misc/lv_anim.c **** }
 2062              		.loc 1 407 5 view .LVU545
 407:Middlewares/LVGL/lvgl/src/misc/lv_anim.c **** }
 2063              		.loc 1 407 19 is_stmt 0 view .LVU546
 2064 0000 4942     		rsbs	r1, r1, #0
 2065              	.LVL192:
 407:Middlewares/LVGL/lvgl/src/misc/lv_anim.c **** }
 2066              		.loc 1 407 17 view .LVU547
 2067 0002 4163     		str	r1, [r0, #52]
 408:Middlewares/LVGL/lvgl/src/misc/lv_anim.c **** 
 2068              		.loc 1 408 1 view .LVU548
 2069 0004 7047     		bx	lr
 2070              		.cfi_endproc
 2071              	.LFE226:
 2073              		.section	.text.lv_anim_set_values,"ax",%progbits
 2074              		.align	1
 2075              		.global	lv_anim_set_values
 2076              		.syntax unified
 2077              		.thumb
 2078              		.thumb_func
 2080              	lv_anim_set_values:
 2081              	.LVL193:
 2082              	.LFB227:
 411:Middlewares/LVGL/lvgl/src/misc/lv_anim.c ****     a->start_value = start;
ARM GAS  C:\Users\w1785\AppData\Local\Temp\ccKUNV1D.s 			page 62


 2083              		.loc 1 411 1 is_stmt 1 view -0
 2084              		.cfi_startproc
 2085              		@ args = 0, pretend = 0, frame = 0
 2086              		@ frame_needed = 0, uses_anonymous_args = 0
 2087              		@ link register save eliminated.
 412:Middlewares/LVGL/lvgl/src/misc/lv_anim.c ****     a->current_value = INT32_MIN;
 2088              		.loc 1 412 5 view .LVU550
 412:Middlewares/LVGL/lvgl/src/misc/lv_anim.c ****     a->current_value = INT32_MIN;
 2089              		.loc 1 412 20 is_stmt 0 view .LVU551
 2090 0000 4162     		str	r1, [r0, #36]
 413:Middlewares/LVGL/lvgl/src/misc/lv_anim.c ****     a->end_value = end;
 2091              		.loc 1 413 5 is_stmt 1 view .LVU552
 413:Middlewares/LVGL/lvgl/src/misc/lv_anim.c ****     a->end_value = end;
 2092              		.loc 1 413 22 is_stmt 0 view .LVU553
 2093 0002 4FF00043 		mov	r3, #-2147483648
 2094 0006 8362     		str	r3, [r0, #40]
 414:Middlewares/LVGL/lvgl/src/misc/lv_anim.c **** }
 2095              		.loc 1 414 5 is_stmt 1 view .LVU554
 414:Middlewares/LVGL/lvgl/src/misc/lv_anim.c **** }
 2096              		.loc 1 414 18 is_stmt 0 view .LVU555
 2097 0008 C262     		str	r2, [r0, #44]
 415:Middlewares/LVGL/lvgl/src/misc/lv_anim.c **** 
 2098              		.loc 1 415 1 view .LVU556
 2099 000a 7047     		bx	lr
 2100              		.cfi_endproc
 2101              	.LFE227:
 2103              		.section	.text.lv_anim_set_custom_exec_cb,"ax",%progbits
 2104              		.align	1
 2105              		.global	lv_anim_set_custom_exec_cb
 2106              		.syntax unified
 2107              		.thumb
 2108              		.thumb_func
 2110              	lv_anim_set_custom_exec_cb:
 2111              	.LVL194:
 2112              	.LFB228:
 418:Middlewares/LVGL/lvgl/src/misc/lv_anim.c ****     a->custom_exec_cb = exec_cb;
 2113              		.loc 1 418 1 is_stmt 1 view -0
 2114              		.cfi_startproc
 2115              		@ args = 0, pretend = 0, frame = 0
 2116              		@ frame_needed = 0, uses_anonymous_args = 0
 2117              		@ link register save eliminated.
 419:Middlewares/LVGL/lvgl/src/misc/lv_anim.c **** }
 2118              		.loc 1 419 5 view .LVU558
 419:Middlewares/LVGL/lvgl/src/misc/lv_anim.c **** }
 2119              		.loc 1 419 23 is_stmt 0 view .LVU559
 2120 0000 8160     		str	r1, [r0, #8]
 420:Middlewares/LVGL/lvgl/src/misc/lv_anim.c **** 
 2121              		.loc 1 420 1 view .LVU560
 2122 0002 7047     		bx	lr
 2123              		.cfi_endproc
 2124              	.LFE228:
 2126              		.section	.text.lv_anim_set_path_cb,"ax",%progbits
 2127              		.align	1
 2128              		.global	lv_anim_set_path_cb
 2129              		.syntax unified
 2130              		.thumb
 2131              		.thumb_func
ARM GAS  C:\Users\w1785\AppData\Local\Temp\ccKUNV1D.s 			page 63


 2133              	lv_anim_set_path_cb:
 2134              	.LVL195:
 2135              	.LFB229:
 423:Middlewares/LVGL/lvgl/src/misc/lv_anim.c ****     a->path_cb = path_cb;
 2136              		.loc 1 423 1 is_stmt 1 view -0
 2137              		.cfi_startproc
 2138              		@ args = 0, pretend = 0, frame = 0
 2139              		@ frame_needed = 0, uses_anonymous_args = 0
 2140              		@ link register save eliminated.
 424:Middlewares/LVGL/lvgl/src/misc/lv_anim.c **** }
 2141              		.loc 1 424 5 view .LVU562
 424:Middlewares/LVGL/lvgl/src/misc/lv_anim.c **** }
 2142              		.loc 1 424 16 is_stmt 0 view .LVU563
 2143 0000 0162     		str	r1, [r0, #32]
 425:Middlewares/LVGL/lvgl/src/misc/lv_anim.c **** 
 2144              		.loc 1 425 1 view .LVU564
 2145 0002 7047     		bx	lr
 2146              		.cfi_endproc
 2147              	.LFE229:
 2149              		.section	.text.lv_anim_set_start_cb,"ax",%progbits
 2150              		.align	1
 2151              		.global	lv_anim_set_start_cb
 2152              		.syntax unified
 2153              		.thumb
 2154              		.thumb_func
 2156              	lv_anim_set_start_cb:
 2157              	.LVL196:
 2158              	.LFB230:
 428:Middlewares/LVGL/lvgl/src/misc/lv_anim.c ****     a->start_cb = start_cb;
 2159              		.loc 1 428 1 is_stmt 1 view -0
 2160              		.cfi_startproc
 2161              		@ args = 0, pretend = 0, frame = 0
 2162              		@ frame_needed = 0, uses_anonymous_args = 0
 2163              		@ link register save eliminated.
 429:Middlewares/LVGL/lvgl/src/misc/lv_anim.c **** }
 2164              		.loc 1 429 5 view .LVU566
 429:Middlewares/LVGL/lvgl/src/misc/lv_anim.c **** }
 2165              		.loc 1 429 17 is_stmt 0 view .LVU567
 2166 0000 C160     		str	r1, [r0, #12]
 430:Middlewares/LVGL/lvgl/src/misc/lv_anim.c **** 
 2167              		.loc 1 430 1 view .LVU568
 2168 0002 7047     		bx	lr
 2169              		.cfi_endproc
 2170              	.LFE230:
 2172              		.section	.text.lv_anim_set_get_value_cb,"ax",%progbits
 2173              		.align	1
 2174              		.global	lv_anim_set_get_value_cb
 2175              		.syntax unified
 2176              		.thumb
 2177              		.thumb_func
 2179              	lv_anim_set_get_value_cb:
 2180              	.LVL197:
 2181              	.LFB231:
 433:Middlewares/LVGL/lvgl/src/misc/lv_anim.c ****     a->get_value_cb = get_value_cb;
 2182              		.loc 1 433 1 is_stmt 1 view -0
 2183              		.cfi_startproc
 2184              		@ args = 0, pretend = 0, frame = 0
ARM GAS  C:\Users\w1785\AppData\Local\Temp\ccKUNV1D.s 			page 64


 2185              		@ frame_needed = 0, uses_anonymous_args = 0
 2186              		@ link register save eliminated.
 434:Middlewares/LVGL/lvgl/src/misc/lv_anim.c **** }
 2187              		.loc 1 434 5 view .LVU570
 434:Middlewares/LVGL/lvgl/src/misc/lv_anim.c **** }
 2188              		.loc 1 434 21 is_stmt 0 view .LVU571
 2189 0000 8161     		str	r1, [r0, #24]
 435:Middlewares/LVGL/lvgl/src/misc/lv_anim.c **** 
 2190              		.loc 1 435 1 view .LVU572
 2191 0002 7047     		bx	lr
 2192              		.cfi_endproc
 2193              	.LFE231:
 2195              		.section	.text.lv_anim_set_completed_cb,"ax",%progbits
 2196              		.align	1
 2197              		.global	lv_anim_set_completed_cb
 2198              		.syntax unified
 2199              		.thumb
 2200              		.thumb_func
 2202              	lv_anim_set_completed_cb:
 2203              	.LVL198:
 2204              	.LFB232:
 438:Middlewares/LVGL/lvgl/src/misc/lv_anim.c ****     a->completed_cb = completed_cb;
 2205              		.loc 1 438 1 is_stmt 1 view -0
 2206              		.cfi_startproc
 2207              		@ args = 0, pretend = 0, frame = 0
 2208              		@ frame_needed = 0, uses_anonymous_args = 0
 2209              		@ link register save eliminated.
 439:Middlewares/LVGL/lvgl/src/misc/lv_anim.c **** }
 2210              		.loc 1 439 5 view .LVU574
 439:Middlewares/LVGL/lvgl/src/misc/lv_anim.c **** }
 2211              		.loc 1 439 21 is_stmt 0 view .LVU575
 2212 0000 0161     		str	r1, [r0, #16]
 440:Middlewares/LVGL/lvgl/src/misc/lv_anim.c **** 
 2213              		.loc 1 440 1 view .LVU576
 2214 0002 7047     		bx	lr
 2215              		.cfi_endproc
 2216              	.LFE232:
 2218              		.section	.text.lv_anim_set_deleted_cb,"ax",%progbits
 2219              		.align	1
 2220              		.global	lv_anim_set_deleted_cb
 2221              		.syntax unified
 2222              		.thumb
 2223              		.thumb_func
 2225              	lv_anim_set_deleted_cb:
 2226              	.LVL199:
 2227              	.LFB233:
 443:Middlewares/LVGL/lvgl/src/misc/lv_anim.c ****     a->deleted_cb = deleted_cb;
 2228              		.loc 1 443 1 is_stmt 1 view -0
 2229              		.cfi_startproc
 2230              		@ args = 0, pretend = 0, frame = 0
 2231              		@ frame_needed = 0, uses_anonymous_args = 0
 2232              		@ link register save eliminated.
 444:Middlewares/LVGL/lvgl/src/misc/lv_anim.c **** }
 2233              		.loc 1 444 5 view .LVU578
 444:Middlewares/LVGL/lvgl/src/misc/lv_anim.c **** }
 2234              		.loc 1 444 19 is_stmt 0 view .LVU579
 2235 0000 4161     		str	r1, [r0, #20]
ARM GAS  C:\Users\w1785\AppData\Local\Temp\ccKUNV1D.s 			page 65


 445:Middlewares/LVGL/lvgl/src/misc/lv_anim.c **** 
 2236              		.loc 1 445 1 view .LVU580
 2237 0002 7047     		bx	lr
 2238              		.cfi_endproc
 2239              	.LFE233:
 2241              		.section	.text.lv_anim_set_reverse_duration,"ax",%progbits
 2242              		.align	1
 2243              		.global	lv_anim_set_reverse_duration
 2244              		.syntax unified
 2245              		.thumb
 2246              		.thumb_func
 2248              	lv_anim_set_reverse_duration:
 2249              	.LVL200:
 2250              	.LFB234:
 448:Middlewares/LVGL/lvgl/src/misc/lv_anim.c ****     a->reverse_duration = duration;
 2251              		.loc 1 448 1 is_stmt 1 view -0
 2252              		.cfi_startproc
 2253              		@ args = 0, pretend = 0, frame = 0
 2254              		@ frame_needed = 0, uses_anonymous_args = 0
 2255              		@ link register save eliminated.
 449:Middlewares/LVGL/lvgl/src/misc/lv_anim.c **** }
 2256              		.loc 1 449 5 view .LVU582
 449:Middlewares/LVGL/lvgl/src/misc/lv_anim.c **** }
 2257              		.loc 1 449 25 is_stmt 0 view .LVU583
 2258 0000 C163     		str	r1, [r0, #60]
 450:Middlewares/LVGL/lvgl/src/misc/lv_anim.c **** 
 2259              		.loc 1 450 1 view .LVU584
 2260 0002 7047     		bx	lr
 2261              		.cfi_endproc
 2262              	.LFE234:
 2264              		.section	.text.lv_anim_set_reverse_time,"ax",%progbits
 2265              		.align	1
 2266              		.global	lv_anim_set_reverse_time
 2267              		.syntax unified
 2268              		.thumb
 2269              		.thumb_func
 2271              	lv_anim_set_reverse_time:
 2272              	.LVL201:
 2273              	.LFB235:
 453:Middlewares/LVGL/lvgl/src/misc/lv_anim.c ****     lv_anim_set_reverse_duration(a, duration);
 2274              		.loc 1 453 1 is_stmt 1 view -0
 2275              		.cfi_startproc
 2276              		@ args = 0, pretend = 0, frame = 0
 2277              		@ frame_needed = 0, uses_anonymous_args = 0
 453:Middlewares/LVGL/lvgl/src/misc/lv_anim.c ****     lv_anim_set_reverse_duration(a, duration);
 2278              		.loc 1 453 1 is_stmt 0 view .LVU586
 2279 0000 08B5     		push	{r3, lr}
 2280              	.LCFI38:
 2281              		.cfi_def_cfa_offset 8
 2282              		.cfi_offset 3, -8
 2283              		.cfi_offset 14, -4
 454:Middlewares/LVGL/lvgl/src/misc/lv_anim.c **** }
 2284              		.loc 1 454 5 is_stmt 1 view .LVU587
 2285 0002 FFF7FEFF 		bl	lv_anim_set_reverse_duration
 2286              	.LVL202:
 455:Middlewares/LVGL/lvgl/src/misc/lv_anim.c **** 
 2287              		.loc 1 455 1 is_stmt 0 view .LVU588
ARM GAS  C:\Users\w1785\AppData\Local\Temp\ccKUNV1D.s 			page 66


 2288 0006 08BD     		pop	{r3, pc}
 2289              		.cfi_endproc
 2290              	.LFE235:
 2292              		.section	.text.lv_anim_set_reverse_delay,"ax",%progbits
 2293              		.align	1
 2294              		.global	lv_anim_set_reverse_delay
 2295              		.syntax unified
 2296              		.thumb
 2297              		.thumb_func
 2299              	lv_anim_set_reverse_delay:
 2300              	.LVL203:
 2301              	.LFB236:
 458:Middlewares/LVGL/lvgl/src/misc/lv_anim.c ****     a->reverse_delay = delay;
 2302              		.loc 1 458 1 is_stmt 1 view -0
 2303              		.cfi_startproc
 2304              		@ args = 0, pretend = 0, frame = 0
 2305              		@ frame_needed = 0, uses_anonymous_args = 0
 2306              		@ link register save eliminated.
 459:Middlewares/LVGL/lvgl/src/misc/lv_anim.c **** }
 2307              		.loc 1 459 5 view .LVU590
 459:Middlewares/LVGL/lvgl/src/misc/lv_anim.c **** }
 2308              		.loc 1 459 22 is_stmt 0 view .LVU591
 2309 0000 8163     		str	r1, [r0, #56]
 460:Middlewares/LVGL/lvgl/src/misc/lv_anim.c **** 
 2310              		.loc 1 460 1 view .LVU592
 2311 0002 7047     		bx	lr
 2312              		.cfi_endproc
 2313              	.LFE236:
 2315              		.section	.text.lv_anim_set_repeat_count,"ax",%progbits
 2316              		.align	1
 2317              		.global	lv_anim_set_repeat_count
 2318              		.syntax unified
 2319              		.thumb
 2320              		.thumb_func
 2322              	lv_anim_set_repeat_count:
 2323              	.LVL204:
 2324              	.LFB237:
 463:Middlewares/LVGL/lvgl/src/misc/lv_anim.c ****     a->repeat_cnt = cnt;
 2325              		.loc 1 463 1 is_stmt 1 view -0
 2326              		.cfi_startproc
 2327              		@ args = 0, pretend = 0, frame = 0
 2328              		@ frame_needed = 0, uses_anonymous_args = 0
 2329              		@ link register save eliminated.
 464:Middlewares/LVGL/lvgl/src/misc/lv_anim.c **** }
 2330              		.loc 1 464 5 view .LVU594
 464:Middlewares/LVGL/lvgl/src/misc/lv_anim.c **** }
 2331              		.loc 1 464 19 is_stmt 0 view .LVU595
 2332 0000 4164     		str	r1, [r0, #68]
 465:Middlewares/LVGL/lvgl/src/misc/lv_anim.c **** 
 2333              		.loc 1 465 1 view .LVU596
 2334 0002 7047     		bx	lr
 2335              		.cfi_endproc
 2336              	.LFE237:
 2338              		.section	.text.lv_anim_set_repeat_delay,"ax",%progbits
 2339              		.align	1
 2340              		.global	lv_anim_set_repeat_delay
 2341              		.syntax unified
ARM GAS  C:\Users\w1785\AppData\Local\Temp\ccKUNV1D.s 			page 67


 2342              		.thumb
 2343              		.thumb_func
 2345              	lv_anim_set_repeat_delay:
 2346              	.LVL205:
 2347              	.LFB238:
 468:Middlewares/LVGL/lvgl/src/misc/lv_anim.c ****     a->repeat_delay = delay;
 2348              		.loc 1 468 1 is_stmt 1 view -0
 2349              		.cfi_startproc
 2350              		@ args = 0, pretend = 0, frame = 0
 2351              		@ frame_needed = 0, uses_anonymous_args = 0
 2352              		@ link register save eliminated.
 469:Middlewares/LVGL/lvgl/src/misc/lv_anim.c **** }
 2353              		.loc 1 469 5 view .LVU598
 469:Middlewares/LVGL/lvgl/src/misc/lv_anim.c **** }
 2354              		.loc 1 469 21 is_stmt 0 view .LVU599
 2355 0000 0164     		str	r1, [r0, #64]
 470:Middlewares/LVGL/lvgl/src/misc/lv_anim.c **** 
 2356              		.loc 1 470 1 view .LVU600
 2357 0002 7047     		bx	lr
 2358              		.cfi_endproc
 2359              	.LFE238:
 2361              		.section	.text.lv_anim_set_early_apply,"ax",%progbits
 2362              		.align	1
 2363              		.global	lv_anim_set_early_apply
 2364              		.syntax unified
 2365              		.thumb
 2366              		.thumb_func
 2368              	lv_anim_set_early_apply:
 2369              	.LVL206:
 2370              	.LFB239:
 473:Middlewares/LVGL/lvgl/src/misc/lv_anim.c ****     a->early_apply = en;
 2371              		.loc 1 473 1 is_stmt 1 view -0
 2372              		.cfi_startproc
 2373              		@ args = 0, pretend = 0, frame = 0
 2374              		@ frame_needed = 0, uses_anonymous_args = 0
 2375              		@ link register save eliminated.
 474:Middlewares/LVGL/lvgl/src/misc/lv_anim.c **** }
 2376              		.loc 1 474 5 view .LVU602
 474:Middlewares/LVGL/lvgl/src/misc/lv_anim.c **** }
 2377              		.loc 1 474 20 is_stmt 0 view .LVU603
 2378 0000 90F85C30 		ldrb	r3, [r0, #92]	@ zero_extendqisi2
 2379 0004 61F30413 		bfi	r3, r1, #4, #1
 2380 0008 80F85C30 		strb	r3, [r0, #92]
 475:Middlewares/LVGL/lvgl/src/misc/lv_anim.c **** 
 2381              		.loc 1 475 1 view .LVU604
 2382 000c 7047     		bx	lr
 2383              		.cfi_endproc
 2384              	.LFE239:
 2386              		.section	.text.lv_anim_set_user_data,"ax",%progbits
 2387              		.align	1
 2388              		.global	lv_anim_set_user_data
 2389              		.syntax unified
 2390              		.thumb
 2391              		.thumb_func
 2393              	lv_anim_set_user_data:
 2394              	.LVL207:
 2395              	.LFB240:
ARM GAS  C:\Users\w1785\AppData\Local\Temp\ccKUNV1D.s 			page 68


 478:Middlewares/LVGL/lvgl/src/misc/lv_anim.c ****     a->user_data = user_data;
 2396              		.loc 1 478 1 is_stmt 1 view -0
 2397              		.cfi_startproc
 2398              		@ args = 0, pretend = 0, frame = 0
 2399              		@ frame_needed = 0, uses_anonymous_args = 0
 2400              		@ link register save eliminated.
 479:Middlewares/LVGL/lvgl/src/misc/lv_anim.c **** }
 2401              		.loc 1 479 5 view .LVU606
 479:Middlewares/LVGL/lvgl/src/misc/lv_anim.c **** }
 2402              		.loc 1 479 18 is_stmt 0 view .LVU607
 2403 0000 C161     		str	r1, [r0, #28]
 480:Middlewares/LVGL/lvgl/src/misc/lv_anim.c **** 
 2404              		.loc 1 480 1 view .LVU608
 2405 0002 7047     		bx	lr
 2406              		.cfi_endproc
 2407              	.LFE240:
 2409              		.section	.text.lv_anim_set_bezier3_param,"ax",%progbits
 2410              		.align	1
 2411              		.global	lv_anim_set_bezier3_param
 2412              		.syntax unified
 2413              		.thumb
 2414              		.thumb_func
 2416              	lv_anim_set_bezier3_param:
 2417              	.LVL208:
 2418              	.LFB241:
 483:Middlewares/LVGL/lvgl/src/misc/lv_anim.c ****     lv_anim_bezier3_para_t * para = &a->parameter.bezier3;
 2419              		.loc 1 483 1 is_stmt 1 view -0
 2420              		.cfi_startproc
 2421              		@ args = 4, pretend = 0, frame = 0
 2422              		@ frame_needed = 0, uses_anonymous_args = 0
 2423              		@ link register save eliminated.
 484:Middlewares/LVGL/lvgl/src/misc/lv_anim.c **** 
 2424              		.loc 1 484 5 view .LVU610
 486:Middlewares/LVGL/lvgl/src/misc/lv_anim.c ****     para->x2 = x2;
 2425              		.loc 1 486 5 view .LVU611
 486:Middlewares/LVGL/lvgl/src/misc/lv_anim.c ****     para->x2 = x2;
 2426              		.loc 1 486 14 is_stmt 0 view .LVU612
 2427 0000 A0F84810 		strh	r1, [r0, #72]	@ movhi
 487:Middlewares/LVGL/lvgl/src/misc/lv_anim.c ****     para->y1 = y1;
 2428              		.loc 1 487 5 is_stmt 1 view .LVU613
 487:Middlewares/LVGL/lvgl/src/misc/lv_anim.c ****     para->y1 = y1;
 2429              		.loc 1 487 14 is_stmt 0 view .LVU614
 2430 0004 A0F84C30 		strh	r3, [r0, #76]	@ movhi
 488:Middlewares/LVGL/lvgl/src/misc/lv_anim.c ****     para->y2 = y2;
 2431              		.loc 1 488 5 is_stmt 1 view .LVU615
 488:Middlewares/LVGL/lvgl/src/misc/lv_anim.c ****     para->y2 = y2;
 2432              		.loc 1 488 14 is_stmt 0 view .LVU616
 2433 0008 A0F84A20 		strh	r2, [r0, #74]	@ movhi
 489:Middlewares/LVGL/lvgl/src/misc/lv_anim.c **** }
 2434              		.loc 1 489 5 is_stmt 1 view .LVU617
 489:Middlewares/LVGL/lvgl/src/misc/lv_anim.c **** }
 2435              		.loc 1 489 14 is_stmt 0 view .LVU618
 2436 000c BDF90030 		ldrsh	r3, [sp]
 2437              	.LVL209:
 489:Middlewares/LVGL/lvgl/src/misc/lv_anim.c **** }
 2438              		.loc 1 489 14 view .LVU619
 2439 0010 A0F84E30 		strh	r3, [r0, #78]	@ movhi
ARM GAS  C:\Users\w1785\AppData\Local\Temp\ccKUNV1D.s 			page 69


 490:Middlewares/LVGL/lvgl/src/misc/lv_anim.c **** 
 2440              		.loc 1 490 1 view .LVU620
 2441 0014 7047     		bx	lr
 2442              		.cfi_endproc
 2443              	.LFE241:
 2445              		.section	.text.lv_anim_get_delay,"ax",%progbits
 2446              		.align	1
 2447              		.global	lv_anim_get_delay
 2448              		.syntax unified
 2449              		.thumb
 2450              		.thumb_func
 2452              	lv_anim_get_delay:
 2453              	.LVL210:
 2454              	.LFB242:
 493:Middlewares/LVGL/lvgl/src/misc/lv_anim.c ****     return -a->act_time;
 2455              		.loc 1 493 1 is_stmt 1 view -0
 2456              		.cfi_startproc
 2457              		@ args = 0, pretend = 0, frame = 0
 2458              		@ frame_needed = 0, uses_anonymous_args = 0
 2459              		@ link register save eliminated.
 494:Middlewares/LVGL/lvgl/src/misc/lv_anim.c **** }
 2460              		.loc 1 494 5 view .LVU622
 494:Middlewares/LVGL/lvgl/src/misc/lv_anim.c **** }
 2461              		.loc 1 494 14 is_stmt 0 view .LVU623
 2462 0000 406B     		ldr	r0, [r0, #52]
 2463              	.LVL211:
 495:Middlewares/LVGL/lvgl/src/misc/lv_anim.c **** 
 2464              		.loc 1 495 1 view .LVU624
 2465 0002 4042     		rsbs	r0, r0, #0
 2466 0004 7047     		bx	lr
 2467              		.cfi_endproc
 2468              	.LFE242:
 2470              		.section	.text.lv_anim_get_time,"ax",%progbits
 2471              		.align	1
 2472              		.global	lv_anim_get_time
 2473              		.syntax unified
 2474              		.thumb
 2475              		.thumb_func
 2477              	lv_anim_get_time:
 2478              	.LVL212:
 2479              	.LFB243:
 498:Middlewares/LVGL/lvgl/src/misc/lv_anim.c ****     return a->duration;
 2480              		.loc 1 498 1 is_stmt 1 view -0
 2481              		.cfi_startproc
 2482              		@ args = 0, pretend = 0, frame = 0
 2483              		@ frame_needed = 0, uses_anonymous_args = 0
 2484              		@ link register save eliminated.
 499:Middlewares/LVGL/lvgl/src/misc/lv_anim.c **** }
 2485              		.loc 1 499 5 view .LVU626
 500:Middlewares/LVGL/lvgl/src/misc/lv_anim.c **** 
 2486              		.loc 1 500 1 is_stmt 0 view .LVU627
 2487 0000 006B     		ldr	r0, [r0, #48]
 2488              	.LVL213:
 500:Middlewares/LVGL/lvgl/src/misc/lv_anim.c **** 
 2489              		.loc 1 500 1 view .LVU628
 2490 0002 7047     		bx	lr
 2491              		.cfi_endproc
ARM GAS  C:\Users\w1785\AppData\Local\Temp\ccKUNV1D.s 			page 70


 2492              	.LFE243:
 2494              		.section	.text.lv_anim_get_repeat_count,"ax",%progbits
 2495              		.align	1
 2496              		.global	lv_anim_get_repeat_count
 2497              		.syntax unified
 2498              		.thumb
 2499              		.thumb_func
 2501              	lv_anim_get_repeat_count:
 2502              	.LVL214:
 2503              	.LFB244:
 503:Middlewares/LVGL/lvgl/src/misc/lv_anim.c ****     return a->repeat_cnt;
 2504              		.loc 1 503 1 is_stmt 1 view -0
 2505              		.cfi_startproc
 2506              		@ args = 0, pretend = 0, frame = 0
 2507              		@ frame_needed = 0, uses_anonymous_args = 0
 2508              		@ link register save eliminated.
 504:Middlewares/LVGL/lvgl/src/misc/lv_anim.c **** }
 2509              		.loc 1 504 5 view .LVU630
 505:Middlewares/LVGL/lvgl/src/misc/lv_anim.c **** 
 2510              		.loc 1 505 1 is_stmt 0 view .LVU631
 2511 0000 406C     		ldr	r0, [r0, #68]
 2512              	.LVL215:
 505:Middlewares/LVGL/lvgl/src/misc/lv_anim.c **** 
 2513              		.loc 1 505 1 view .LVU632
 2514 0002 7047     		bx	lr
 2515              		.cfi_endproc
 2516              	.LFE244:
 2518              		.section	.text.lv_anim_get_user_data,"ax",%progbits
 2519              		.align	1
 2520              		.global	lv_anim_get_user_data
 2521              		.syntax unified
 2522              		.thumb
 2523              		.thumb_func
 2525              	lv_anim_get_user_data:
 2526              	.LVL216:
 2527              	.LFB245:
 508:Middlewares/LVGL/lvgl/src/misc/lv_anim.c ****     return a->user_data;
 2528              		.loc 1 508 1 is_stmt 1 view -0
 2529              		.cfi_startproc
 2530              		@ args = 0, pretend = 0, frame = 0
 2531              		@ frame_needed = 0, uses_anonymous_args = 0
 2532              		@ link register save eliminated.
 509:Middlewares/LVGL/lvgl/src/misc/lv_anim.c **** }
 2533              		.loc 1 509 5 view .LVU634
 510:Middlewares/LVGL/lvgl/src/misc/lv_anim.c **** 
 2534              		.loc 1 510 1 is_stmt 0 view .LVU635
 2535 0000 C069     		ldr	r0, [r0, #28]
 2536              	.LVL217:
 510:Middlewares/LVGL/lvgl/src/misc/lv_anim.c **** 
 2537              		.loc 1 510 1 view .LVU636
 2538 0002 7047     		bx	lr
 2539              		.cfi_endproc
 2540              	.LFE245:
 2542              		.section	.text.lv_anim_custom_delete,"ax",%progbits
 2543              		.align	1
 2544              		.global	lv_anim_custom_delete
 2545              		.syntax unified
ARM GAS  C:\Users\w1785\AppData\Local\Temp\ccKUNV1D.s 			page 71


 2546              		.thumb
 2547              		.thumb_func
 2549              	lv_anim_custom_delete:
 2550              	.LVL218:
 2551              	.LFB246:
 513:Middlewares/LVGL/lvgl/src/misc/lv_anim.c ****     return lv_anim_delete(a ? a->var : NULL, (lv_anim_exec_xcb_t)exec_cb);
 2552              		.loc 1 513 1 is_stmt 1 view -0
 2553              		.cfi_startproc
 2554              		@ args = 0, pretend = 0, frame = 0
 2555              		@ frame_needed = 0, uses_anonymous_args = 0
 513:Middlewares/LVGL/lvgl/src/misc/lv_anim.c ****     return lv_anim_delete(a ? a->var : NULL, (lv_anim_exec_xcb_t)exec_cb);
 2556              		.loc 1 513 1 is_stmt 0 view .LVU638
 2557 0000 08B5     		push	{r3, lr}
 2558              	.LCFI39:
 2559              		.cfi_def_cfa_offset 8
 2560              		.cfi_offset 3, -8
 2561              		.cfi_offset 14, -4
 514:Middlewares/LVGL/lvgl/src/misc/lv_anim.c **** }
 2562              		.loc 1 514 5 is_stmt 1 view .LVU639
 514:Middlewares/LVGL/lvgl/src/misc/lv_anim.c **** }
 2563              		.loc 1 514 12 is_stmt 0 view .LVU640
 2564 0002 0346     		mov	r3, r0
 2565 0004 00B1     		cbz	r0, .L171
 514:Middlewares/LVGL/lvgl/src/misc/lv_anim.c **** }
 2566              		.loc 1 514 12 discriminator 1 view .LVU641
 2567 0006 0368     		ldr	r3, [r0]
 2568              	.L171:
 514:Middlewares/LVGL/lvgl/src/misc/lv_anim.c **** }
 2569              		.loc 1 514 12 discriminator 4 view .LVU642
 2570 0008 1846     		mov	r0, r3
 2571              	.LVL219:
 514:Middlewares/LVGL/lvgl/src/misc/lv_anim.c **** }
 2572              		.loc 1 514 12 discriminator 4 view .LVU643
 2573 000a FFF7FEFF 		bl	lv_anim_delete
 2574              	.LVL220:
 515:Middlewares/LVGL/lvgl/src/misc/lv_anim.c **** 
 2575              		.loc 1 515 1 view .LVU644
 2576 000e 08BD     		pop	{r3, pc}
 2577              		.cfi_endproc
 2578              	.LFE246:
 2580              		.section	.text.lv_anim_custom_get,"ax",%progbits
 2581              		.align	1
 2582              		.global	lv_anim_custom_get
 2583              		.syntax unified
 2584              		.thumb
 2585              		.thumb_func
 2587              	lv_anim_custom_get:
 2588              	.LVL221:
 2589              	.LFB247:
 518:Middlewares/LVGL/lvgl/src/misc/lv_anim.c ****     return lv_anim_get(a ? a->var : NULL, (lv_anim_exec_xcb_t)exec_cb);
 2590              		.loc 1 518 1 is_stmt 1 view -0
 2591              		.cfi_startproc
 2592              		@ args = 0, pretend = 0, frame = 0
 2593              		@ frame_needed = 0, uses_anonymous_args = 0
 518:Middlewares/LVGL/lvgl/src/misc/lv_anim.c ****     return lv_anim_get(a ? a->var : NULL, (lv_anim_exec_xcb_t)exec_cb);
 2594              		.loc 1 518 1 is_stmt 0 view .LVU646
 2595 0000 08B5     		push	{r3, lr}
ARM GAS  C:\Users\w1785\AppData\Local\Temp\ccKUNV1D.s 			page 72


 2596              	.LCFI40:
 2597              		.cfi_def_cfa_offset 8
 2598              		.cfi_offset 3, -8
 2599              		.cfi_offset 14, -4
 519:Middlewares/LVGL/lvgl/src/misc/lv_anim.c **** }
 2600              		.loc 1 519 5 is_stmt 1 view .LVU647
 519:Middlewares/LVGL/lvgl/src/misc/lv_anim.c **** }
 2601              		.loc 1 519 12 is_stmt 0 view .LVU648
 2602 0002 0346     		mov	r3, r0
 2603 0004 00B1     		cbz	r0, .L174
 519:Middlewares/LVGL/lvgl/src/misc/lv_anim.c **** }
 2604              		.loc 1 519 12 discriminator 1 view .LVU649
 2605 0006 0368     		ldr	r3, [r0]
 2606              	.L174:
 519:Middlewares/LVGL/lvgl/src/misc/lv_anim.c **** }
 2607              		.loc 1 519 12 discriminator 4 view .LVU650
 2608 0008 1846     		mov	r0, r3
 2609              	.LVL222:
 519:Middlewares/LVGL/lvgl/src/misc/lv_anim.c **** }
 2610              		.loc 1 519 12 discriminator 4 view .LVU651
 2611 000a FFF7FEFF 		bl	lv_anim_get
 2612              	.LVL223:
 520:Middlewares/LVGL/lvgl/src/misc/lv_anim.c **** 
 2613              		.loc 1 520 1 view .LVU652
 2614 000e 08BD     		pop	{r3, pc}
 2615              		.cfi_endproc
 2616              	.LFE247:
 2618              		.section	.text.lv_anim_resolve_speed,"ax",%progbits
 2619              		.align	1
 2620              		.global	lv_anim_resolve_speed
 2621              		.syntax unified
 2622              		.thumb
 2623              		.thumb_func
 2625              	lv_anim_resolve_speed:
 2626              	.LVL224:
 2627              	.LFB248:
 523:Middlewares/LVGL/lvgl/src/misc/lv_anim.c ****     /*It was a simple time*/
 2628              		.loc 1 523 1 is_stmt 1 view -0
 2629              		.cfi_startproc
 2630              		@ args = 0, pretend = 0, frame = 0
 2631              		@ frame_needed = 0, uses_anonymous_args = 0
 2632              		@ link register save eliminated.
 525:Middlewares/LVGL/lvgl/src/misc/lv_anim.c **** 
 2633              		.loc 1 525 5 view .LVU654
 525:Middlewares/LVGL/lvgl/src/misc/lv_anim.c **** 
 2634              		.loc 1 525 7 is_stmt 0 view .LVU655
 2635 0000 0028     		cmp	r0, #0
 525:Middlewares/LVGL/lvgl/src/misc/lv_anim.c **** 
 2636              		.loc 1 525 7 view .LVU656
 2637 0002 1ADA     		bge	.L176
 527:Middlewares/LVGL/lvgl/src/misc/lv_anim.c ****     uint32_t speed = speed_or_time & 0x3FF;
 2638              		.loc 1 527 5 is_stmt 1 view .LVU657
 527:Middlewares/LVGL/lvgl/src/misc/lv_anim.c ****     uint32_t speed = speed_or_time & 0x3FF;
 2639              		.loc 1 527 21 is_stmt 0 view .LVU658
 2640 0004 891A     		subs	r1, r1, r2
 2641              	.LVL225:
 527:Middlewares/LVGL/lvgl/src/misc/lv_anim.c ****     uint32_t speed = speed_or_time & 0x3FF;
ARM GAS  C:\Users\w1785\AppData\Local\Temp\ccKUNV1D.s 			page 73


 2642              		.loc 1 527 21 view .LVU659
 2643 0006 0029     		cmp	r1, #0
 2644 0008 B8BF     		it	lt
 2645 000a 4942     		rsblt	r1, r1, #0
 2646              	.LVL226:
 528:Middlewares/LVGL/lvgl/src/misc/lv_anim.c ****     uint32_t time = (d * 100) / speed; /*Speed is in 10 units per sec*/
 2647              		.loc 1 528 5 is_stmt 1 view .LVU660
 528:Middlewares/LVGL/lvgl/src/misc/lv_anim.c ****     uint32_t time = (d * 100) / speed; /*Speed is in 10 units per sec*/
 2648              		.loc 1 528 14 is_stmt 0 view .LVU661
 2649 000c C0F30903 		ubfx	r3, r0, #0, #10
 2650              	.LVL227:
 529:Middlewares/LVGL/lvgl/src/misc/lv_anim.c ****     uint32_t max_time = (speed_or_time >> 20) & 0x3FF;
 2651              		.loc 1 529 5 is_stmt 1 view .LVU662
 529:Middlewares/LVGL/lvgl/src/misc/lv_anim.c ****     uint32_t max_time = (speed_or_time >> 20) & 0x3FF;
 2652              		.loc 1 529 24 is_stmt 0 view .LVU663
 2653 0010 6422     		movs	r2, #100
 2654              	.LVL228:
 529:Middlewares/LVGL/lvgl/src/misc/lv_anim.c ****     uint32_t max_time = (speed_or_time >> 20) & 0x3FF;
 2655              		.loc 1 529 24 view .LVU664
 2656 0012 02FB01F1 		mul	r1, r2, r1
 2657              	.LVL229:
 529:Middlewares/LVGL/lvgl/src/misc/lv_anim.c ****     uint32_t max_time = (speed_or_time >> 20) & 0x3FF;
 2658              		.loc 1 529 14 view .LVU665
 2659 0016 B1FBF3F1 		udiv	r1, r1, r3
 2660              	.LVL230:
 530:Middlewares/LVGL/lvgl/src/misc/lv_anim.c ****     uint32_t min_time = (speed_or_time >> 10) & 0x3FF;
 2661              		.loc 1 530 5 is_stmt 1 view .LVU666
 530:Middlewares/LVGL/lvgl/src/misc/lv_anim.c ****     uint32_t min_time = (speed_or_time >> 10) & 0x3FF;
 2662              		.loc 1 530 14 is_stmt 0 view .LVU667
 2663 001a C0F30952 		ubfx	r2, r0, #20, #10
 2664              	.LVL231:
 531:Middlewares/LVGL/lvgl/src/misc/lv_anim.c **** 
 2665              		.loc 1 531 5 is_stmt 1 view .LVU668
 531:Middlewares/LVGL/lvgl/src/misc/lv_anim.c **** 
 2666              		.loc 1 531 14 is_stmt 0 view .LVU669
 2667 001e C0F38923 		ubfx	r3, r0, #10, #10
 2668              	.LVL232:
 533:Middlewares/LVGL/lvgl/src/misc/lv_anim.c **** }
 2669              		.loc 1 533 5 is_stmt 1 view .LVU670
 533:Middlewares/LVGL/lvgl/src/misc/lv_anim.c **** }
 2670              		.loc 1 533 12 is_stmt 0 view .LVU671
 2671 0022 02EB8202 		add	r2, r2, r2, lsl #2
 2672              	.LVL233:
 533:Middlewares/LVGL/lvgl/src/misc/lv_anim.c **** }
 2673              		.loc 1 533 12 view .LVU672
 2674 0026 5000     		lsls	r0, r2, #1
 2675              	.LVL234:
 533:Middlewares/LVGL/lvgl/src/misc/lv_anim.c **** }
 2676              		.loc 1 533 12 view .LVU673
 2677 0028 8842     		cmp	r0, r1
 2678              	.LVL235:
 533:Middlewares/LVGL/lvgl/src/misc/lv_anim.c **** }
 2679              		.loc 1 533 12 view .LVU674
 2680 002a 28BF     		it	cs
 2681 002c 0846     		movcs	r0, r1
 2682 002e 03EB8303 		add	r3, r3, r3, lsl #2
 2683              	.LVL236:
ARM GAS  C:\Users\w1785\AppData\Local\Temp\ccKUNV1D.s 			page 74


 533:Middlewares/LVGL/lvgl/src/misc/lv_anim.c **** }
 2684              		.loc 1 533 12 view .LVU675
 2685 0032 5B00     		lsls	r3, r3, #1
 2686 0034 9842     		cmp	r0, r3
 2687 0036 38BF     		it	cc
 2688 0038 1846     		movcc	r0, r3
 2689              	.LVL237:
 2690              	.L176:
 534:Middlewares/LVGL/lvgl/src/misc/lv_anim.c **** 
 2691              		.loc 1 534 1 view .LVU676
 2692 003a 7047     		bx	lr
 2693              		.cfi_endproc
 2694              	.LFE248:
 2696              		.section	.text.resolve_time,"ax",%progbits
 2697              		.align	1
 2698              		.syntax unified
 2699              		.thumb
 2700              		.thumb_func
 2702              	resolve_time:
 2703              	.LVL238:
 2704              	.LFB259:
 793:Middlewares/LVGL/lvgl/src/misc/lv_anim.c ****     a->duration = lv_anim_resolve_speed(a->duration, a->start_value, a->end_value);
 2705              		.loc 1 793 1 is_stmt 1 view -0
 2706              		.cfi_startproc
 2707              		@ args = 0, pretend = 0, frame = 0
 2708              		@ frame_needed = 0, uses_anonymous_args = 0
 793:Middlewares/LVGL/lvgl/src/misc/lv_anim.c ****     a->duration = lv_anim_resolve_speed(a->duration, a->start_value, a->end_value);
 2709              		.loc 1 793 1 is_stmt 0 view .LVU678
 2710 0000 70B5     		push	{r4, r5, r6, lr}
 2711              	.LCFI41:
 2712              		.cfi_def_cfa_offset 16
 2713              		.cfi_offset 4, -16
 2714              		.cfi_offset 5, -12
 2715              		.cfi_offset 6, -8
 2716              		.cfi_offset 14, -4
 2717 0002 0446     		mov	r4, r0
 794:Middlewares/LVGL/lvgl/src/misc/lv_anim.c ****     a->reverse_duration = lv_anim_resolve_speed(a->reverse_duration, a->start_value, a->end_value);
 2718              		.loc 1 794 5 is_stmt 1 view .LVU679
 794:Middlewares/LVGL/lvgl/src/misc/lv_anim.c ****     a->reverse_duration = lv_anim_resolve_speed(a->reverse_duration, a->start_value, a->end_value);
 2719              		.loc 1 794 19 is_stmt 0 view .LVU680
 2720 0004 456A     		ldr	r5, [r0, #36]
 2721 0006 C66A     		ldr	r6, [r0, #44]
 2722 0008 3246     		mov	r2, r6
 2723 000a 2946     		mov	r1, r5
 2724 000c 006B     		ldr	r0, [r0, #48]
 2725              	.LVL239:
 794:Middlewares/LVGL/lvgl/src/misc/lv_anim.c ****     a->reverse_duration = lv_anim_resolve_speed(a->reverse_duration, a->start_value, a->end_value);
 2726              		.loc 1 794 19 view .LVU681
 2727 000e FFF7FEFF 		bl	lv_anim_resolve_speed
 2728              	.LVL240:
 794:Middlewares/LVGL/lvgl/src/misc/lv_anim.c ****     a->reverse_duration = lv_anim_resolve_speed(a->reverse_duration, a->start_value, a->end_value);
 2729              		.loc 1 794 17 discriminator 1 view .LVU682
 2730 0012 2063     		str	r0, [r4, #48]
 795:Middlewares/LVGL/lvgl/src/misc/lv_anim.c ****     a->reverse_delay = lv_anim_resolve_speed(a->reverse_delay, a->start_value, a->end_value);
 2731              		.loc 1 795 5 is_stmt 1 view .LVU683
 795:Middlewares/LVGL/lvgl/src/misc/lv_anim.c ****     a->reverse_delay = lv_anim_resolve_speed(a->reverse_delay, a->start_value, a->end_value);
 2732              		.loc 1 795 27 is_stmt 0 view .LVU684
ARM GAS  C:\Users\w1785\AppData\Local\Temp\ccKUNV1D.s 			page 75


 2733 0014 3246     		mov	r2, r6
 2734 0016 2946     		mov	r1, r5
 2735 0018 E06B     		ldr	r0, [r4, #60]
 2736 001a FFF7FEFF 		bl	lv_anim_resolve_speed
 2737              	.LVL241:
 795:Middlewares/LVGL/lvgl/src/misc/lv_anim.c ****     a->reverse_delay = lv_anim_resolve_speed(a->reverse_delay, a->start_value, a->end_value);
 2738              		.loc 1 795 25 discriminator 1 view .LVU685
 2739 001e E063     		str	r0, [r4, #60]
 796:Middlewares/LVGL/lvgl/src/misc/lv_anim.c ****     a->repeat_delay = lv_anim_resolve_speed(a->repeat_delay, a->start_value, a->end_value);
 2740              		.loc 1 796 5 is_stmt 1 view .LVU686
 796:Middlewares/LVGL/lvgl/src/misc/lv_anim.c ****     a->repeat_delay = lv_anim_resolve_speed(a->repeat_delay, a->start_value, a->end_value);
 2741              		.loc 1 796 24 is_stmt 0 view .LVU687
 2742 0020 3246     		mov	r2, r6
 2743 0022 2946     		mov	r1, r5
 2744 0024 A06B     		ldr	r0, [r4, #56]
 2745 0026 FFF7FEFF 		bl	lv_anim_resolve_speed
 2746              	.LVL242:
 796:Middlewares/LVGL/lvgl/src/misc/lv_anim.c ****     a->repeat_delay = lv_anim_resolve_speed(a->repeat_delay, a->start_value, a->end_value);
 2747              		.loc 1 796 22 discriminator 1 view .LVU688
 2748 002a A063     		str	r0, [r4, #56]
 797:Middlewares/LVGL/lvgl/src/misc/lv_anim.c **** }
 2749              		.loc 1 797 5 is_stmt 1 view .LVU689
 797:Middlewares/LVGL/lvgl/src/misc/lv_anim.c **** }
 2750              		.loc 1 797 23 is_stmt 0 view .LVU690
 2751 002c 3246     		mov	r2, r6
 2752 002e 2946     		mov	r1, r5
 2753 0030 206C     		ldr	r0, [r4, #64]
 2754 0032 FFF7FEFF 		bl	lv_anim_resolve_speed
 2755              	.LVL243:
 797:Middlewares/LVGL/lvgl/src/misc/lv_anim.c **** }
 2756              		.loc 1 797 21 discriminator 1 view .LVU691
 2757 0036 2064     		str	r0, [r4, #64]
 798:Middlewares/LVGL/lvgl/src/misc/lv_anim.c **** 
 2758              		.loc 1 798 1 view .LVU692
 2759 0038 70BD     		pop	{r4, r5, r6, pc}
 798:Middlewares/LVGL/lvgl/src/misc/lv_anim.c **** 
 2760              		.loc 1 798 1 view .LVU693
 2761              		.cfi_endproc
 2762              	.LFE259:
 2764              		.section	.text.anim_timer,"ax",%progbits
 2765              		.align	1
 2766              		.syntax unified
 2767              		.thumb
 2768              		.thumb_func
 2770              	anim_timer:
 2771              	.LVL244:
 2772              	.LFB253:
 584:Middlewares/LVGL/lvgl/src/misc/lv_anim.c ****     LV_UNUSED(param);
 2773              		.loc 1 584 1 is_stmt 1 view -0
 2774              		.cfi_startproc
 2775              		@ args = 0, pretend = 0, frame = 0
 2776              		@ frame_needed = 0, uses_anonymous_args = 0
 584:Middlewares/LVGL/lvgl/src/misc/lv_anim.c ****     LV_UNUSED(param);
 2777              		.loc 1 584 1 is_stmt 0 view .LVU695
 2778 0000 F8B5     		push	{r3, r4, r5, r6, r7, lr}
 2779              	.LCFI42:
 2780              		.cfi_def_cfa_offset 24
ARM GAS  C:\Users\w1785\AppData\Local\Temp\ccKUNV1D.s 			page 76


 2781              		.cfi_offset 3, -24
 2782              		.cfi_offset 4, -20
 2783              		.cfi_offset 5, -16
 2784              		.cfi_offset 6, -12
 2785              		.cfi_offset 7, -8
 2786              		.cfi_offset 14, -4
 585:Middlewares/LVGL/lvgl/src/misc/lv_anim.c **** 
 2787              		.loc 1 585 5 is_stmt 1 view .LVU696
 588:Middlewares/LVGL/lvgl/src/misc/lv_anim.c **** 
 2788              		.loc 1 588 5 view .LVU697
 588:Middlewares/LVGL/lvgl/src/misc/lv_anim.c **** 
 2789              		.loc 1 588 33 is_stmt 0 view .LVU698
 2790 0002 5D48     		ldr	r0, .L201
 2791              	.LVL245:
 588:Middlewares/LVGL/lvgl/src/misc/lv_anim.c **** 
 2792              		.loc 1 588 33 view .LVU699
 2793 0004 90F8A930 		ldrb	r3, [r0, #169]	@ zero_extendqisi2
 588:Middlewares/LVGL/lvgl/src/misc/lv_anim.c **** 
 2794              		.loc 1 588 5 view .LVU700
 2795 0008 83F00103 		eor	r3, r3, #1
 588:Middlewares/LVGL/lvgl/src/misc/lv_anim.c **** 
 2796              		.loc 1 588 26 view .LVU701
 2797 000c 80F8A930 		strb	r3, [r0, #169]
 590:Middlewares/LVGL/lvgl/src/misc/lv_anim.c ****     while(a != NULL) {
 2798              		.loc 1 590 5 is_stmt 1 view .LVU702
 590:Middlewares/LVGL/lvgl/src/misc/lv_anim.c ****     while(a != NULL) {
 2799              		.loc 1 590 21 is_stmt 0 view .LVU703
 2800 0010 B030     		adds	r0, r0, #176
 2801 0012 FFF7FEFF 		bl	lv_ll_get_head
 2802              	.LVL246:
 2803 0016 0446     		mov	r4, r0
 2804              	.LVL247:
 591:Middlewares/LVGL/lvgl/src/misc/lv_anim.c ****         uint32_t elaps = lv_tick_elaps(a->last_timer_run);
 2805              		.loc 1 591 5 is_stmt 1 view .LVU704
 591:Middlewares/LVGL/lvgl/src/misc/lv_anim.c ****         uint32_t elaps = lv_tick_elaps(a->last_timer_run);
 2806              		.loc 1 591 10 is_stmt 0 view .LVU705
 2807 0018 60E0     		b	.L182
 2808              	.LVL248:
 2809              	.L200:
 2810              	.LBB13:
 2811              	.LBB14:
 595:Middlewares/LVGL/lvgl/src/misc/lv_anim.c ****             const bool is_pause_over = a->pause_duration != LV_ANIM_PAUSE_FOREVER && time_paused >=
 2812              		.loc 1 595 13 is_stmt 1 view .LVU706
 595:Middlewares/LVGL/lvgl/src/misc/lv_anim.c ****             const bool is_pause_over = a->pause_duration != LV_ANIM_PAUSE_FOREVER && time_paused >=
 2813              		.loc 1 595 42 is_stmt 0 view .LVU707
 2814 001a 606D     		ldr	r0, [r4, #84]
 2815              	.LVL249:
 595:Middlewares/LVGL/lvgl/src/misc/lv_anim.c ****             const bool is_pause_over = a->pause_duration != LV_ANIM_PAUSE_FOREVER && time_paused >=
 2816              		.loc 1 595 42 view .LVU708
 2817 001c FFF7FEFF 		bl	lv_tick_elaps
 2818              	.LVL250:
 596:Middlewares/LVGL/lvgl/src/misc/lv_anim.c **** 
 2819              		.loc 1 596 13 is_stmt 1 view .LVU709
 596:Middlewares/LVGL/lvgl/src/misc/lv_anim.c **** 
 2820              		.loc 1 596 41 is_stmt 0 view .LVU710
 2821 0020 A36D     		ldr	r3, [r4, #88]
 596:Middlewares/LVGL/lvgl/src/misc/lv_anim.c **** 
ARM GAS  C:\Users\w1785\AppData\Local\Temp\ccKUNV1D.s 			page 77


 2822              		.loc 1 596 83 view .LVU711
 2823 0022 B3F1FF3F 		cmp	r3, #-1
 2824 0026 66D0     		beq	.L184
 596:Middlewares/LVGL/lvgl/src/misc/lv_anim.c **** 
 2825              		.loc 1 596 83 discriminator 1 view .LVU712
 2826 0028 8342     		cmp	r3, r0
 2827 002a 64D8     		bhi	.L184
 2828              	.LVL251:
 598:Middlewares/LVGL/lvgl/src/misc/lv_anim.c ****                 const uint32_t pause_overrun = time_paused - a->pause_duration;
 2829              		.loc 1 598 13 is_stmt 1 view .LVU713
 2830              	.LBB15:
 599:Middlewares/LVGL/lvgl/src/misc/lv_anim.c ****                 a->is_paused = false;
 2831              		.loc 1 599 17 view .LVU714
 599:Middlewares/LVGL/lvgl/src/misc/lv_anim.c ****                 a->is_paused = false;
 2832              		.loc 1 599 32 is_stmt 0 view .LVU715
 2833 002c C01A     		subs	r0, r0, r3
 2834              	.LVL252:
 600:Middlewares/LVGL/lvgl/src/misc/lv_anim.c ****                 a->act_time += pause_overrun;
 2835              		.loc 1 600 17 is_stmt 1 view .LVU716
 600:Middlewares/LVGL/lvgl/src/misc/lv_anim.c ****                 a->act_time += pause_overrun;
 2836              		.loc 1 600 30 is_stmt 0 view .LVU717
 2837 002e 94F85C30 		ldrb	r3, [r4, #92]	@ zero_extendqisi2
 2838 0032 23F00103 		bic	r3, r3, #1
 2839 0036 84F85C30 		strb	r3, [r4, #92]
 601:Middlewares/LVGL/lvgl/src/misc/lv_anim.c ****                 a->run_round = !state.anim_run_round;
 2840              		.loc 1 601 17 is_stmt 1 view .LVU718
 601:Middlewares/LVGL/lvgl/src/misc/lv_anim.c ****                 a->run_round = !state.anim_run_round;
 2841              		.loc 1 601 18 is_stmt 0 view .LVU719
 2842 003a 636B     		ldr	r3, [r4, #52]
 601:Middlewares/LVGL/lvgl/src/misc/lv_anim.c ****                 a->run_round = !state.anim_run_round;
 2843              		.loc 1 601 29 view .LVU720
 2844 003c 0344     		add	r3, r3, r0
 2845 003e 6363     		str	r3, [r4, #52]
 602:Middlewares/LVGL/lvgl/src/misc/lv_anim.c ****             }
 2846              		.loc 1 602 17 is_stmt 1 view .LVU721
 602:Middlewares/LVGL/lvgl/src/misc/lv_anim.c ****             }
 2847              		.loc 1 602 38 is_stmt 0 view .LVU722
 2848 0040 4D4B     		ldr	r3, .L201
 2849 0042 93F8A930 		ldrb	r3, [r3, #169]	@ zero_extendqisi2
 602:Middlewares/LVGL/lvgl/src/misc/lv_anim.c ****             }
 2850              		.loc 1 602 32 view .LVU723
 2851 0046 83F00103 		eor	r3, r3, #1
 602:Middlewares/LVGL/lvgl/src/misc/lv_anim.c ****             }
 2852              		.loc 1 602 30 view .LVU724
 2853 004a 94F85C20 		ldrb	r2, [r4, #92]	@ zero_extendqisi2
 2854 004e 63F38202 		bfi	r2, r3, #2, #1
 2855 0052 84F85C20 		strb	r2, [r4, #92]
 2856 0056 4EE0     		b	.L184
 2857              	.LVL253:
 2858              	.L187:
 602:Middlewares/LVGL/lvgl/src/misc/lv_anim.c ****             }
 2859              		.loc 1 602 30 view .LVU725
 2860              	.LBE15:
 2861              	.LBE14:
 627:Middlewares/LVGL/lvgl/src/misc/lv_anim.c **** 
 2862              		.loc 1 627 17 is_stmt 1 view .LVU726
 2863 0058 2046     		mov	r0, r4
ARM GAS  C:\Users\w1785\AppData\Local\Temp\ccKUNV1D.s 			page 78


 2864 005a FFF7FEFF 		bl	resolve_time
 2865              	.LVL254:
 629:Middlewares/LVGL/lvgl/src/misc/lv_anim.c ****                 a->start_cb_called = 1;
 2866              		.loc 1 629 17 view .LVU727
 629:Middlewares/LVGL/lvgl/src/misc/lv_anim.c ****                 a->start_cb_called = 1;
 2867              		.loc 1 629 21 is_stmt 0 view .LVU728
 2868 005e E368     		ldr	r3, [r4, #12]
 629:Middlewares/LVGL/lvgl/src/misc/lv_anim.c ****                 a->start_cb_called = 1;
 2869              		.loc 1 629 19 view .LVU729
 2870 0060 0BB1     		cbz	r3, .L188
 629:Middlewares/LVGL/lvgl/src/misc/lv_anim.c ****                 a->start_cb_called = 1;
 2871              		.loc 1 629 33 is_stmt 1 discriminator 1 view .LVU730
 2872 0062 2046     		mov	r0, r4
 2873 0064 9847     		blx	r3
 2874              	.LVL255:
 2875              	.L188:
 630:Middlewares/LVGL/lvgl/src/misc/lv_anim.c **** 
 2876              		.loc 1 630 17 view .LVU731
 630:Middlewares/LVGL/lvgl/src/misc/lv_anim.c **** 
 2877              		.loc 1 630 36 is_stmt 0 view .LVU732
 2878 0066 94F85C30 		ldrb	r3, [r4, #92]	@ zero_extendqisi2
 2879 006a 43F00803 		orr	r3, r3, #8
 2880 006e 84F85C30 		strb	r3, [r4, #92]
 633:Middlewares/LVGL/lvgl/src/misc/lv_anim.c ****             }
 2881              		.loc 1 633 17 is_stmt 1 view .LVU733
 2882 0072 2046     		mov	r0, r4
 2883 0074 FFF7FEFF 		bl	remove_concurrent_anims
 2884              	.LVL256:
 2885              	.L186:
 636:Middlewares/LVGL/lvgl/src/misc/lv_anim.c ****                 int32_t act_time_original = a->act_time; /*The unclipped version is used later to c
 2886              		.loc 1 636 13 view .LVU734
 636:Middlewares/LVGL/lvgl/src/misc/lv_anim.c ****                 int32_t act_time_original = a->act_time; /*The unclipped version is used later to c
 2887              		.loc 1 636 17 is_stmt 0 view .LVU735
 2888 0078 666B     		ldr	r6, [r4, #52]
 636:Middlewares/LVGL/lvgl/src/misc/lv_anim.c ****                 int32_t act_time_original = a->act_time; /*The unclipped version is used later to c
 2889              		.loc 1 636 15 view .LVU736
 2890 007a 002E     		cmp	r6, #0
 2891 007c 25DB     		blt	.L185
 2892              	.LBB16:
 637:Middlewares/LVGL/lvgl/src/misc/lv_anim.c ****                 if(a->act_time > a->duration) a->act_time = a->duration;
 2893              		.loc 1 637 17 is_stmt 1 view .LVU737
 2894              	.LVL257:
 638:Middlewares/LVGL/lvgl/src/misc/lv_anim.c **** 
 2895              		.loc 1 638 17 view .LVU738
 638:Middlewares/LVGL/lvgl/src/misc/lv_anim.c **** 
 2896              		.loc 1 638 35 is_stmt 0 view .LVU739
 2897 007e 236B     		ldr	r3, [r4, #48]
 638:Middlewares/LVGL/lvgl/src/misc/lv_anim.c **** 
 2898              		.loc 1 638 19 view .LVU740
 2899 0080 9E42     		cmp	r6, r3
 2900 0082 00DD     		ble	.L189
 638:Middlewares/LVGL/lvgl/src/misc/lv_anim.c **** 
 2901              		.loc 1 638 47 is_stmt 1 discriminator 1 view .LVU741
 638:Middlewares/LVGL/lvgl/src/misc/lv_anim.c **** 
 2902              		.loc 1 638 59 is_stmt 0 discriminator 1 view .LVU742
 2903 0084 6363     		str	r3, [r4, #52]
 2904              	.L189:
ARM GAS  C:\Users\w1785\AppData\Local\Temp\ccKUNV1D.s 			page 79


 640:Middlewares/LVGL/lvgl/src/misc/lv_anim.c ****                 int32_t new_value;
 2905              		.loc 1 640 17 is_stmt 1 view .LVU743
 640:Middlewares/LVGL/lvgl/src/misc/lv_anim.c ****                 int32_t new_value;
 2906              		.loc 1 640 25 is_stmt 0 view .LVU744
 2907 0086 676B     		ldr	r7, [r4, #52]
 2908              	.LVL258:
 641:Middlewares/LVGL/lvgl/src/misc/lv_anim.c ****                 new_value = a->path_cb(a);
 2909              		.loc 1 641 17 is_stmt 1 view .LVU745
 642:Middlewares/LVGL/lvgl/src/misc/lv_anim.c **** 
 2910              		.loc 1 642 17 view .LVU746
 642:Middlewares/LVGL/lvgl/src/misc/lv_anim.c **** 
 2911              		.loc 1 642 30 is_stmt 0 view .LVU747
 2912 0088 236A     		ldr	r3, [r4, #32]
 642:Middlewares/LVGL/lvgl/src/misc/lv_anim.c **** 
 2913              		.loc 1 642 29 view .LVU748
 2914 008a 2046     		mov	r0, r4
 2915 008c 9847     		blx	r3
 2916              	.LVL259:
 2917 008e 0546     		mov	r5, r0
 2918              	.LVL260:
 644:Middlewares/LVGL/lvgl/src/misc/lv_anim.c ****                     a->current_value = new_value;
 2919              		.loc 1 644 17 is_stmt 1 view .LVU749
 644:Middlewares/LVGL/lvgl/src/misc/lv_anim.c ****                     a->current_value = new_value;
 2920              		.loc 1 644 34 is_stmt 0 view .LVU750
 2921 0090 A36A     		ldr	r3, [r4, #40]
 644:Middlewares/LVGL/lvgl/src/misc/lv_anim.c ****                     a->current_value = new_value;
 2922              		.loc 1 644 19 view .LVU751
 2923 0092 8342     		cmp	r3, r0
 2924 0094 0ED0     		beq	.L190
 645:Middlewares/LVGL/lvgl/src/misc/lv_anim.c ****                     /*Apply the calculated value*/
 2925              		.loc 1 645 21 is_stmt 1 view .LVU752
 645:Middlewares/LVGL/lvgl/src/misc/lv_anim.c ****                     /*Apply the calculated value*/
 2926              		.loc 1 645 38 is_stmt 0 view .LVU753
 2927 0096 A062     		str	r0, [r4, #40]
 647:Middlewares/LVGL/lvgl/src/misc/lv_anim.c ****                     if(!state.anim_list_changed && a->custom_exec_cb) a->custom_exec_cb(a, new_valu
 2928              		.loc 1 647 21 is_stmt 1 view .LVU754
 647:Middlewares/LVGL/lvgl/src/misc/lv_anim.c ****                     if(!state.anim_list_changed && a->custom_exec_cb) a->custom_exec_cb(a, new_valu
 2929              		.loc 1 647 25 is_stmt 0 view .LVU755
 2930 0098 6368     		ldr	r3, [r4, #4]
 647:Middlewares/LVGL/lvgl/src/misc/lv_anim.c ****                     if(!state.anim_list_changed && a->custom_exec_cb) a->custom_exec_cb(a, new_valu
 2931              		.loc 1 647 23 view .LVU756
 2932 009a 13B1     		cbz	r3, .L191
 647:Middlewares/LVGL/lvgl/src/misc/lv_anim.c ****                     if(!state.anim_list_changed && a->custom_exec_cb) a->custom_exec_cb(a, new_valu
 2933              		.loc 1 647 36 is_stmt 1 discriminator 1 view .LVU757
 2934 009c 0146     		mov	r1, r0
 2935 009e 2068     		ldr	r0, [r4]
 2936              	.LVL261:
 647:Middlewares/LVGL/lvgl/src/misc/lv_anim.c ****                     if(!state.anim_list_changed && a->custom_exec_cb) a->custom_exec_cb(a, new_valu
 2937              		.loc 1 647 36 is_stmt 0 discriminator 1 view .LVU758
 2938 00a0 9847     		blx	r3
 2939              	.LVL262:
 2940              	.L191:
 648:Middlewares/LVGL/lvgl/src/misc/lv_anim.c ****                 }
 2941              		.loc 1 648 21 is_stmt 1 view .LVU759
 648:Middlewares/LVGL/lvgl/src/misc/lv_anim.c ****                 }
 2942              		.loc 1 648 30 is_stmt 0 view .LVU760
 2943 00a2 354B     		ldr	r3, .L201
ARM GAS  C:\Users\w1785\AppData\Local\Temp\ccKUNV1D.s 			page 80


 2944 00a4 93F8A830 		ldrb	r3, [r3, #168]	@ zero_extendqisi2
 648:Middlewares/LVGL/lvgl/src/misc/lv_anim.c ****                 }
 2945              		.loc 1 648 23 view .LVU761
 2946 00a8 23B9     		cbnz	r3, .L190
 648:Middlewares/LVGL/lvgl/src/misc/lv_anim.c ****                 }
 2947              		.loc 1 648 53 discriminator 1 view .LVU762
 2948 00aa A368     		ldr	r3, [r4, #8]
 648:Middlewares/LVGL/lvgl/src/misc/lv_anim.c ****                 }
 2949              		.loc 1 648 49 discriminator 1 view .LVU763
 2950 00ac 13B1     		cbz	r3, .L190
 648:Middlewares/LVGL/lvgl/src/misc/lv_anim.c ****                 }
 2951              		.loc 1 648 71 is_stmt 1 discriminator 2 view .LVU764
 2952 00ae 2946     		mov	r1, r5
 2953 00b0 2046     		mov	r0, r4
 2954 00b2 9847     		blx	r3
 2955              	.LVL263:
 2956              	.L190:
 651:Middlewares/LVGL/lvgl/src/misc/lv_anim.c ****                     /*Restore the original time to see if there is over time, ignoring silly values
 2957              		.loc 1 651 17 view .LVU765
 651:Middlewares/LVGL/lvgl/src/misc/lv_anim.c ****                     /*Restore the original time to see if there is over time, ignoring silly values
 2958              		.loc 1 651 26 is_stmt 0 view .LVU766
 2959 00b4 304B     		ldr	r3, .L201
 2960 00b6 93F8A830 		ldrb	r3, [r3, #168]	@ zero_extendqisi2
 651:Middlewares/LVGL/lvgl/src/misc/lv_anim.c ****                     /*Restore the original time to see if there is over time, ignoring silly values
 2961              		.loc 1 651 19 view .LVU767
 2962 00ba 33B9     		cbnz	r3, .L185
 654:Middlewares/LVGL/lvgl/src/misc/lv_anim.c ****                         a->act_time = act_time_original;
 2963              		.loc 1 654 21 is_stmt 1 view .LVU768
 654:Middlewares/LVGL/lvgl/src/misc/lv_anim.c ****                         a->act_time = act_time_original;
 2964              		.loc 1 654 25 is_stmt 0 view .LVU769
 2965 00bc 636B     		ldr	r3, [r4, #52]
 654:Middlewares/LVGL/lvgl/src/misc/lv_anim.c ****                         a->act_time = act_time_original;
 2966              		.loc 1 654 23 view .LVU770
 2967 00be BB42     		cmp	r3, r7
 2968 00c0 48D0     		beq	.L197
 2969              	.L192:
 659:Middlewares/LVGL/lvgl/src/misc/lv_anim.c ****                         anim_completed_handler(a);
 2970              		.loc 1 659 21 is_stmt 1 view .LVU771
 659:Middlewares/LVGL/lvgl/src/misc/lv_anim.c ****                         anim_completed_handler(a);
 2971              		.loc 1 659 25 is_stmt 0 view .LVU772
 2972 00c2 626B     		ldr	r2, [r4, #52]
 659:Middlewares/LVGL/lvgl/src/misc/lv_anim.c ****                         anim_completed_handler(a);
 2973              		.loc 1 659 40 view .LVU773
 2974 00c4 236B     		ldr	r3, [r4, #48]
 659:Middlewares/LVGL/lvgl/src/misc/lv_anim.c ****                         anim_completed_handler(a);
 2975              		.loc 1 659 23 view .LVU774
 2976 00c6 9A42     		cmp	r2, r3
 2977 00c8 4ADA     		bge	.L198
 2978              	.LVL264:
 2979              	.L185:
 659:Middlewares/LVGL/lvgl/src/misc/lv_anim.c ****                         anim_completed_handler(a);
 2980              		.loc 1 659 23 view .LVU775
 2981              	.LBE16:
 668:Middlewares/LVGL/lvgl/src/misc/lv_anim.c ****             a = lv_ll_get_head(anim_ll_p);
 2982              		.loc 1 668 9 is_stmt 1 view .LVU776
 668:Middlewares/LVGL/lvgl/src/misc/lv_anim.c ****             a = lv_ll_get_head(anim_ll_p);
 2983              		.loc 1 668 17 is_stmt 0 view .LVU777
ARM GAS  C:\Users\w1785\AppData\Local\Temp\ccKUNV1D.s 			page 81


 2984 00ca 2B4B     		ldr	r3, .L201
 2985 00cc 93F8A830 		ldrb	r3, [r3, #168]	@ zero_extendqisi2
 668:Middlewares/LVGL/lvgl/src/misc/lv_anim.c ****             a = lv_ll_get_head(anim_ll_p);
 2986              		.loc 1 668 11 view .LVU778
 2987 00d0 002B     		cmp	r3, #0
 2988 00d2 49D0     		beq	.L193
 669:Middlewares/LVGL/lvgl/src/misc/lv_anim.c ****         else
 2989              		.loc 1 669 13 is_stmt 1 view .LVU779
 669:Middlewares/LVGL/lvgl/src/misc/lv_anim.c ****         else
 2990              		.loc 1 669 17 is_stmt 0 view .LVU780
 2991 00d4 2948     		ldr	r0, .L201+4
 2992 00d6 FFF7FEFF 		bl	lv_ll_get_head
 2993              	.LVL265:
 2994 00da 0446     		mov	r4, r0
 2995              	.LVL266:
 2996              	.L182:
 669:Middlewares/LVGL/lvgl/src/misc/lv_anim.c ****         else
 2997              		.loc 1 669 17 view .LVU781
 2998              	.LBE13:
 591:Middlewares/LVGL/lvgl/src/misc/lv_anim.c ****         uint32_t elaps = lv_tick_elaps(a->last_timer_run);
 2999              		.loc 1 591 13 is_stmt 1 view .LVU782
 3000 00dc 002C     		cmp	r4, #0
 3001 00de 49D0     		beq	.L199
 3002              	.LBB19:
 592:Middlewares/LVGL/lvgl/src/misc/lv_anim.c **** 
 3003              		.loc 1 592 9 view .LVU783
 592:Middlewares/LVGL/lvgl/src/misc/lv_anim.c **** 
 3004              		.loc 1 592 26 is_stmt 0 view .LVU784
 3005 00e0 206D     		ldr	r0, [r4, #80]
 3006 00e2 FFF7FEFF 		bl	lv_tick_elaps
 3007              	.LVL267:
 594:Middlewares/LVGL/lvgl/src/misc/lv_anim.c ****             const uint32_t time_paused = lv_tick_elaps(a->pause_time);
 3008              		.loc 1 594 9 is_stmt 1 view .LVU785
 594:Middlewares/LVGL/lvgl/src/misc/lv_anim.c ****             const uint32_t time_paused = lv_tick_elaps(a->pause_time);
 3009              		.loc 1 594 12 is_stmt 0 view .LVU786
 3010 00e6 94F85C30 		ldrb	r3, [r4, #92]	@ zero_extendqisi2
 594:Middlewares/LVGL/lvgl/src/misc/lv_anim.c ****             const uint32_t time_paused = lv_tick_elaps(a->pause_time);
 3011              		.loc 1 594 11 view .LVU787
 3012 00ea 13F0010F 		tst	r3, #1
 3013 00ee 94D1     		bne	.L200
 606:Middlewares/LVGL/lvgl/src/misc/lv_anim.c ****         }
 3014              		.loc 1 606 13 is_stmt 1 view .LVU788
 606:Middlewares/LVGL/lvgl/src/misc/lv_anim.c ****         }
 3015              		.loc 1 606 14 is_stmt 0 view .LVU789
 3016 00f0 636B     		ldr	r3, [r4, #52]
 606:Middlewares/LVGL/lvgl/src/misc/lv_anim.c ****         }
 3017              		.loc 1 606 25 view .LVU790
 3018 00f2 0344     		add	r3, r3, r0
 3019 00f4 6363     		str	r3, [r4, #52]
 3020              	.LVL268:
 3021              	.L184:
 608:Middlewares/LVGL/lvgl/src/misc/lv_anim.c **** 
 3022              		.loc 1 608 9 is_stmt 1 view .LVU791
 608:Middlewares/LVGL/lvgl/src/misc/lv_anim.c **** 
 3023              		.loc 1 608 29 is_stmt 0 view .LVU792
 3024 00f6 FFF7FEFF 		bl	lv_tick_get
 3025              	.LVL269:
ARM GAS  C:\Users\w1785\AppData\Local\Temp\ccKUNV1D.s 			page 82


 608:Middlewares/LVGL/lvgl/src/misc/lv_anim.c **** 
 3026              		.loc 1 608 27 discriminator 1 view .LVU793
 3027 00fa 2065     		str	r0, [r4, #80]
 614:Middlewares/LVGL/lvgl/src/misc/lv_anim.c **** 
 3028              		.loc 1 614 9 is_stmt 1 view .LVU794
 614:Middlewares/LVGL/lvgl/src/misc/lv_anim.c **** 
 3029              		.loc 1 614 33 is_stmt 0 view .LVU795
 3030 00fc 1E4B     		ldr	r3, .L201
 3031 00fe 0022     		movs	r2, #0
 3032 0100 83F8A820 		strb	r2, [r3, #168]
 616:Middlewares/LVGL/lvgl/src/misc/lv_anim.c ****             a->run_round = state.anim_run_round; /*The list readying might be reset so need to know
 3033              		.loc 1 616 9 is_stmt 1 view .LVU796
 616:Middlewares/LVGL/lvgl/src/misc/lv_anim.c ****             a->run_round = state.anim_run_round; /*The list readying might be reset so need to know
 3034              		.loc 1 616 12 is_stmt 0 view .LVU797
 3035 0104 94F85C30 		ldrb	r3, [r4, #92]	@ zero_extendqisi2
 616:Middlewares/LVGL/lvgl/src/misc/lv_anim.c ****             a->run_round = state.anim_run_round; /*The list readying might be reset so need to know
 3036              		.loc 1 616 11 view .LVU798
 3037 0108 13F0010F 		tst	r3, #1
 3038 010c DDD1     		bne	.L185
 616:Middlewares/LVGL/lvgl/src/misc/lv_anim.c ****             a->run_round = state.anim_run_round; /*The list readying might be reset so need to know
 3039              		.loc 1 616 30 discriminator 1 view .LVU799
 3040 010e C3F38003 		ubfx	r3, r3, #2, #1
 616:Middlewares/LVGL/lvgl/src/misc/lv_anim.c ****             a->run_round = state.anim_run_round; /*The list readying might be reset so need to know
 3041              		.loc 1 616 50 discriminator 1 view .LVU800
 3042 0112 194A     		ldr	r2, .L201
 3043 0114 92F8A920 		ldrb	r2, [r2, #169]	@ zero_extendqisi2
 616:Middlewares/LVGL/lvgl/src/misc/lv_anim.c ****             a->run_round = state.anim_run_round; /*The list readying might be reset so need to know
 3044              		.loc 1 616 26 discriminator 1 view .LVU801
 3045 0118 9342     		cmp	r3, r2
 3046 011a D6D0     		beq	.L185
 617:Middlewares/LVGL/lvgl/src/misc/lv_anim.c ****             /*The animation will run now for the first time. Call `start_cb`*/
 3047              		.loc 1 617 13 is_stmt 1 view .LVU802
 617:Middlewares/LVGL/lvgl/src/misc/lv_anim.c ****             /*The animation will run now for the first time. Call `start_cb`*/
 3048              		.loc 1 617 26 is_stmt 0 view .LVU803
 3049 011c 94F85C30 		ldrb	r3, [r4, #92]	@ zero_extendqisi2
 3050 0120 62F38203 		bfi	r3, r2, #2, #1
 3051 0124 84F85C30 		strb	r3, [r4, #92]
 619:Middlewares/LVGL/lvgl/src/misc/lv_anim.c **** 
 3052              		.loc 1 619 13 is_stmt 1 view .LVU804
 619:Middlewares/LVGL/lvgl/src/misc/lv_anim.c **** 
 3053              		.loc 1 619 16 is_stmt 0 view .LVU805
 3054 0128 DBB2     		uxtb	r3, r3
 619:Middlewares/LVGL/lvgl/src/misc/lv_anim.c **** 
 3055              		.loc 1 619 15 view .LVU806
 3056 012a 13F0080F 		tst	r3, #8
 3057 012e A3D1     		bne	.L186
 619:Middlewares/LVGL/lvgl/src/misc/lv_anim.c **** 
 3058              		.loc 1 619 40 discriminator 1 view .LVU807
 3059 0130 626B     		ldr	r2, [r4, #52]
 619:Middlewares/LVGL/lvgl/src/misc/lv_anim.c **** 
 3060              		.loc 1 619 36 discriminator 1 view .LVU808
 3061 0132 002A     		cmp	r2, #0
 3062 0134 A0DB     		blt	.L186
 621:Middlewares/LVGL/lvgl/src/misc/lv_anim.c ****                     int32_t v_ofs = a->get_value_cb(a);
 3063              		.loc 1 621 17 is_stmt 1 view .LVU809
 621:Middlewares/LVGL/lvgl/src/misc/lv_anim.c ****                     int32_t v_ofs = a->get_value_cb(a);
 3064              		.loc 1 621 19 is_stmt 0 view .LVU810
ARM GAS  C:\Users\w1785\AppData\Local\Temp\ccKUNV1D.s 			page 83


 3065 0136 13F0100F 		tst	r3, #16
 3066 013a 8DD1     		bne	.L187
 621:Middlewares/LVGL/lvgl/src/misc/lv_anim.c ****                     int32_t v_ofs = a->get_value_cb(a);
 3067              		.loc 1 621 44 discriminator 1 view .LVU811
 3068 013c A369     		ldr	r3, [r4, #24]
 621:Middlewares/LVGL/lvgl/src/misc/lv_anim.c ****                     int32_t v_ofs = a->get_value_cb(a);
 3069              		.loc 1 621 40 discriminator 1 view .LVU812
 3070 013e 002B     		cmp	r3, #0
 3071 0140 8AD0     		beq	.L187
 3072              	.LBB17:
 622:Middlewares/LVGL/lvgl/src/misc/lv_anim.c ****                     a->start_value += v_ofs;
 3073              		.loc 1 622 21 is_stmt 1 view .LVU813
 622:Middlewares/LVGL/lvgl/src/misc/lv_anim.c ****                     a->start_value += v_ofs;
 3074              		.loc 1 622 37 is_stmt 0 view .LVU814
 3075 0142 2046     		mov	r0, r4
 3076 0144 9847     		blx	r3
 3077              	.LVL270:
 623:Middlewares/LVGL/lvgl/src/misc/lv_anim.c ****                     a->end_value += v_ofs;
 3078              		.loc 1 623 21 is_stmt 1 view .LVU815
 623:Middlewares/LVGL/lvgl/src/misc/lv_anim.c ****                     a->end_value += v_ofs;
 3079              		.loc 1 623 22 is_stmt 0 view .LVU816
 3080 0146 636A     		ldr	r3, [r4, #36]
 623:Middlewares/LVGL/lvgl/src/misc/lv_anim.c ****                     a->end_value += v_ofs;
 3081              		.loc 1 623 36 view .LVU817
 3082 0148 0344     		add	r3, r3, r0
 3083 014a 6362     		str	r3, [r4, #36]
 624:Middlewares/LVGL/lvgl/src/misc/lv_anim.c ****                 }
 3084              		.loc 1 624 21 is_stmt 1 view .LVU818
 624:Middlewares/LVGL/lvgl/src/misc/lv_anim.c ****                 }
 3085              		.loc 1 624 22 is_stmt 0 view .LVU819
 3086 014c E36A     		ldr	r3, [r4, #44]
 624:Middlewares/LVGL/lvgl/src/misc/lv_anim.c ****                 }
 3087              		.loc 1 624 34 view .LVU820
 3088 014e 0344     		add	r3, r3, r0
 3089 0150 E362     		str	r3, [r4, #44]
 3090 0152 81E7     		b	.L187
 3091              	.LVL271:
 3092              	.L197:
 624:Middlewares/LVGL/lvgl/src/misc/lv_anim.c ****                 }
 3093              		.loc 1 624 34 view .LVU821
 3094              	.LBE17:
 3095              	.LBB18:
 654:Middlewares/LVGL/lvgl/src/misc/lv_anim.c ****                         a->act_time = act_time_original;
 3096              		.loc 1 654 84 discriminator 1 view .LVU822
 3097 0154 236B     		ldr	r3, [r4, #48]
 654:Middlewares/LVGL/lvgl/src/misc/lv_anim.c ****                         a->act_time = act_time_original;
 3098              		.loc 1 654 60 discriminator 1 view .LVU823
 3099 0156 B6EB430F 		cmp	r6, r3, lsl #1
 3100 015a B2DA     		bge	.L192
 655:Middlewares/LVGL/lvgl/src/misc/lv_anim.c ****                     }
 3101              		.loc 1 655 25 is_stmt 1 view .LVU824
 655:Middlewares/LVGL/lvgl/src/misc/lv_anim.c ****                     }
 3102              		.loc 1 655 37 is_stmt 0 view .LVU825
 3103 015c 6663     		str	r6, [r4, #52]
 3104 015e B0E7     		b	.L192
 3105              	.L198:
 660:Middlewares/LVGL/lvgl/src/misc/lv_anim.c ****                     }
ARM GAS  C:\Users\w1785\AppData\Local\Temp\ccKUNV1D.s 			page 84


 3106              		.loc 1 660 25 is_stmt 1 view .LVU826
 3107 0160 2046     		mov	r0, r4
 3108 0162 FFF7FEFF 		bl	anim_completed_handler
 3109              	.LVL272:
 3110 0166 B0E7     		b	.L185
 3111              	.LVL273:
 3112              	.L193:
 660:Middlewares/LVGL/lvgl/src/misc/lv_anim.c ****                     }
 3113              		.loc 1 660 25 is_stmt 0 view .LVU827
 3114              	.LBE18:
 671:Middlewares/LVGL/lvgl/src/misc/lv_anim.c ****     }
 3115              		.loc 1 671 13 is_stmt 1 view .LVU828
 671:Middlewares/LVGL/lvgl/src/misc/lv_anim.c ****     }
 3116              		.loc 1 671 17 is_stmt 0 view .LVU829
 3117 0168 2146     		mov	r1, r4
 3118 016a 0448     		ldr	r0, .L201+4
 3119 016c FFF7FEFF 		bl	lv_ll_get_next
 3120              	.LVL274:
 3121 0170 0446     		mov	r4, r0
 3122              	.LVL275:
 671:Middlewares/LVGL/lvgl/src/misc/lv_anim.c ****     }
 3123              		.loc 1 671 17 view .LVU830
 3124 0172 B3E7     		b	.L182
 3125              	.LVL276:
 3126              	.L199:
 671:Middlewares/LVGL/lvgl/src/misc/lv_anim.c ****     }
 3127              		.loc 1 671 17 view .LVU831
 3128              	.LBE19:
 674:Middlewares/LVGL/lvgl/src/misc/lv_anim.c **** 
 3129              		.loc 1 674 1 view .LVU832
 3130 0174 F8BD     		pop	{r3, r4, r5, r6, r7, pc}
 3131              	.LVL277:
 3132              	.L202:
 674:Middlewares/LVGL/lvgl/src/misc/lv_anim.c **** 
 3133              		.loc 1 674 1 view .LVU833
 3134 0176 00BF     		.align	2
 3135              	.L201:
 3136 0178 00000000 		.word	lv_global
 3137 017c B0000000 		.word	lv_global+176
 3138              		.cfi_endproc
 3139              	.LFE253:
 3141              		.section	.text.anim_vsync_event,"ax",%progbits
 3142              		.align	1
 3143              		.syntax unified
 3144              		.thumb
 3145              		.thumb_func
 3147              	anim_vsync_event:
 3148              	.LVL278:
 3149              	.LFB255:
 737:Middlewares/LVGL/lvgl/src/misc/lv_anim.c ****     LV_UNUSED(e);
 3150              		.loc 1 737 1 is_stmt 1 view -0
 3151              		.cfi_startproc
 3152              		@ args = 0, pretend = 0, frame = 0
 3153              		@ frame_needed = 0, uses_anonymous_args = 0
 737:Middlewares/LVGL/lvgl/src/misc/lv_anim.c ****     LV_UNUSED(e);
 3154              		.loc 1 737 1 is_stmt 0 view .LVU835
 3155 0000 08B5     		push	{r3, lr}
ARM GAS  C:\Users\w1785\AppData\Local\Temp\ccKUNV1D.s 			page 85


 3156              	.LCFI43:
 3157              		.cfi_def_cfa_offset 8
 3158              		.cfi_offset 3, -8
 3159              		.cfi_offset 14, -4
 738:Middlewares/LVGL/lvgl/src/misc/lv_anim.c ****     anim_timer(NULL);
 3160              		.loc 1 738 5 is_stmt 1 view .LVU836
 739:Middlewares/LVGL/lvgl/src/misc/lv_anim.c **** }
 3161              		.loc 1 739 5 view .LVU837
 3162 0002 0020     		movs	r0, #0
 3163              	.LVL279:
 739:Middlewares/LVGL/lvgl/src/misc/lv_anim.c **** }
 3164              		.loc 1 739 5 is_stmt 0 view .LVU838
 3165 0004 FFF7FEFF 		bl	anim_timer
 3166              	.LVL280:
 740:Middlewares/LVGL/lvgl/src/misc/lv_anim.c **** 
 3167              		.loc 1 740 1 view .LVU839
 3168 0008 08BD     		pop	{r3, pc}
 3169              		.cfi_endproc
 3170              	.LFE255:
 3172              		.section	.text.lv_anim_refr_now,"ax",%progbits
 3173              		.align	1
 3174              		.global	lv_anim_refr_now
 3175              		.syntax unified
 3176              		.thumb
 3177              		.thumb_func
 3179              	lv_anim_refr_now:
 3180              	.LFB214:
 282:Middlewares/LVGL/lvgl/src/misc/lv_anim.c ****     anim_timer(NULL);
 3181              		.loc 1 282 1 is_stmt 1 view -0
 3182              		.cfi_startproc
 3183              		@ args = 0, pretend = 0, frame = 0
 3184              		@ frame_needed = 0, uses_anonymous_args = 0
 3185 0000 08B5     		push	{r3, lr}
 3186              	.LCFI44:
 3187              		.cfi_def_cfa_offset 8
 3188              		.cfi_offset 3, -8
 3189              		.cfi_offset 14, -4
 283:Middlewares/LVGL/lvgl/src/misc/lv_anim.c **** }
 3190              		.loc 1 283 5 view .LVU841
 3191 0002 0020     		movs	r0, #0
 3192 0004 FFF7FEFF 		bl	anim_timer
 3193              	.LVL281:
 284:Middlewares/LVGL/lvgl/src/misc/lv_anim.c **** 
 3194              		.loc 1 284 1 is_stmt 0 view .LVU842
 3195 0008 08BD     		pop	{r3, pc}
 3196              		.cfi_endproc
 3197              	.LFE214:
 3199              		.section	.text.lv_anim_start,"ax",%progbits
 3200              		.align	1
 3201              		.global	lv_anim_start
 3202              		.syntax unified
 3203              		.thumb
 3204              		.thumb_func
 3206              	lv_anim_start:
 3207              	.LVL282:
 3208              	.LFB204:
 124:Middlewares/LVGL/lvgl/src/misc/lv_anim.c ****     LV_TRACE_ANIM("begin");
ARM GAS  C:\Users\w1785\AppData\Local\Temp\ccKUNV1D.s 			page 86


 3209              		.loc 1 124 1 is_stmt 1 view -0
 3210              		.cfi_startproc
 3211              		@ args = 0, pretend = 0, frame = 0
 3212              		@ frame_needed = 0, uses_anonymous_args = 0
 124:Middlewares/LVGL/lvgl/src/misc/lv_anim.c ****     LV_TRACE_ANIM("begin");
 3213              		.loc 1 124 1 is_stmt 0 view .LVU844
 3214 0000 38B5     		push	{r3, r4, r5, lr}
 3215              	.LCFI45:
 3216              		.cfi_def_cfa_offset 16
 3217              		.cfi_offset 3, -16
 3218              		.cfi_offset 4, -12
 3219              		.cfi_offset 5, -8
 3220              		.cfi_offset 14, -4
 3221 0002 0546     		mov	r5, r0
 125:Middlewares/LVGL/lvgl/src/misc/lv_anim.c **** 
 3222              		.loc 1 125 27 is_stmt 1 view .LVU845
 128:Middlewares/LVGL/lvgl/src/misc/lv_anim.c ****         remove_concurrent_anims(a);
 3223              		.loc 1 128 5 view .LVU846
 128:Middlewares/LVGL/lvgl/src/misc/lv_anim.c ****         remove_concurrent_anims(a);
 3224              		.loc 1 128 8 is_stmt 0 view .LVU847
 3225 0004 90F85C30 		ldrb	r3, [r0, #92]	@ zero_extendqisi2
 128:Middlewares/LVGL/lvgl/src/misc/lv_anim.c ****         remove_concurrent_anims(a);
 3226              		.loc 1 128 7 view .LVU848
 3227 0008 13F0100F 		tst	r3, #16
 3228 000c 05D0     		beq	.L208
 128:Middlewares/LVGL/lvgl/src/misc/lv_anim.c ****         remove_concurrent_anims(a);
 3229              		.loc 1 128 28 discriminator 1 view .LVU849
 3230 000e 4368     		ldr	r3, [r0, #4]
 128:Middlewares/LVGL/lvgl/src/misc/lv_anim.c ****         remove_concurrent_anims(a);
 3231              		.loc 1 128 23 discriminator 1 view .LVU850
 3232 0010 002B     		cmp	r3, #0
 3233 0012 44D0     		beq	.L217
 3234              	.L209:
 129:Middlewares/LVGL/lvgl/src/misc/lv_anim.c ****     }
 3235              		.loc 1 129 9 is_stmt 1 view .LVU851
 3236 0014 2846     		mov	r0, r5
 3237              	.LVL283:
 129:Middlewares/LVGL/lvgl/src/misc/lv_anim.c ****     }
 3238              		.loc 1 129 9 is_stmt 0 view .LVU852
 3239 0016 FFF7FEFF 		bl	remove_concurrent_anims
 3240              	.LVL284:
 3241              	.L208:
 133:Middlewares/LVGL/lvgl/src/misc/lv_anim.c ****     LV_ASSERT_MALLOC(new_anim);
 3242              		.loc 1 133 5 is_stmt 1 view .LVU853
 133:Middlewares/LVGL/lvgl/src/misc/lv_anim.c ****     LV_ASSERT_MALLOC(new_anim);
 3243              		.loc 1 133 28 is_stmt 0 view .LVU854
 3244 001a 2448     		ldr	r0, .L219
 3245 001c FFF7FEFF 		bl	lv_ll_ins_head
 3246              	.LVL285:
 134:Middlewares/LVGL/lvgl/src/misc/lv_anim.c ****     if(new_anim == NULL) return NULL;
 3247              		.loc 1 134 5 is_stmt 1 view .LVU855
 134:Middlewares/LVGL/lvgl/src/misc/lv_anim.c ****     if(new_anim == NULL) return NULL;
 3248              		.loc 1 134 5 view .LVU856
 3249 0020 0446     		mov	r4, r0
 3250 0022 0028     		cmp	r0, #0
 3251 0024 3FD0     		beq	.L211
 134:Middlewares/LVGL/lvgl/src/misc/lv_anim.c ****     if(new_anim == NULL) return NULL;
ARM GAS  C:\Users\w1785\AppData\Local\Temp\ccKUNV1D.s 			page 87


 3252              		.loc 1 134 5 view .LVU857
 134:Middlewares/LVGL/lvgl/src/misc/lv_anim.c ****     if(new_anim == NULL) return NULL;
 3253              		.loc 1 134 31 view .LVU858
 135:Middlewares/LVGL/lvgl/src/misc/lv_anim.c **** 
 3254              		.loc 1 135 5 view .LVU859
 138:Middlewares/LVGL/lvgl/src/misc/lv_anim.c ****     if(a->var == a) new_anim->var = new_anim;
 3255              		.loc 1 138 5 view .LVU860
 3256 0026 6022     		movs	r2, #96
 3257 0028 2946     		mov	r1, r5
 3258 002a FFF7FEFF 		bl	lv_memcpy
 3259              	.LVL286:
 139:Middlewares/LVGL/lvgl/src/misc/lv_anim.c ****     new_anim->run_round = state.anim_run_round;
 3260              		.loc 1 139 5 view .LVU861
 139:Middlewares/LVGL/lvgl/src/misc/lv_anim.c ****     new_anim->run_round = state.anim_run_round;
 3261              		.loc 1 139 9 is_stmt 0 view .LVU862
 3262 002e 2B68     		ldr	r3, [r5]
 139:Middlewares/LVGL/lvgl/src/misc/lv_anim.c ****     new_anim->run_round = state.anim_run_round;
 3263              		.loc 1 139 7 view .LVU863
 3264 0030 AB42     		cmp	r3, r5
 3265 0032 39D0     		beq	.L218
 3266              	.L212:
 140:Middlewares/LVGL/lvgl/src/misc/lv_anim.c ****     new_anim->last_timer_run = lv_tick_get();
 3267              		.loc 1 140 5 is_stmt 1 view .LVU864
 140:Middlewares/LVGL/lvgl/src/misc/lv_anim.c ****     new_anim->last_timer_run = lv_tick_get();
 3268              		.loc 1 140 32 is_stmt 0 view .LVU865
 3269 0034 1E4B     		ldr	r3, .L219+4
 3270 0036 93F8A920 		ldrb	r2, [r3, #169]	@ zero_extendqisi2
 140:Middlewares/LVGL/lvgl/src/misc/lv_anim.c ****     new_anim->last_timer_run = lv_tick_get();
 3271              		.loc 1 140 25 view .LVU866
 3272 003a 94F85C30 		ldrb	r3, [r4, #92]	@ zero_extendqisi2
 3273 003e 62F38203 		bfi	r3, r2, #2, #1
 3274 0042 84F85C30 		strb	r3, [r4, #92]
 141:Middlewares/LVGL/lvgl/src/misc/lv_anim.c ****     new_anim->is_paused = false;
 3275              		.loc 1 141 5 is_stmt 1 view .LVU867
 141:Middlewares/LVGL/lvgl/src/misc/lv_anim.c ****     new_anim->is_paused = false;
 3276              		.loc 1 141 32 is_stmt 0 view .LVU868
 3277 0046 FFF7FEFF 		bl	lv_tick_get
 3278              	.LVL287:
 141:Middlewares/LVGL/lvgl/src/misc/lv_anim.c ****     new_anim->is_paused = false;
 3279              		.loc 1 141 30 discriminator 1 view .LVU869
 3280 004a 2065     		str	r0, [r4, #80]
 142:Middlewares/LVGL/lvgl/src/misc/lv_anim.c **** 
 3281              		.loc 1 142 5 is_stmt 1 view .LVU870
 142:Middlewares/LVGL/lvgl/src/misc/lv_anim.c **** 
 3282              		.loc 1 142 25 is_stmt 0 view .LVU871
 3283 004c 94F85C30 		ldrb	r3, [r4, #92]	@ zero_extendqisi2
 3284 0050 23F00103 		bic	r3, r3, #1
 3285 0054 84F85C30 		strb	r3, [r4, #92]
 145:Middlewares/LVGL/lvgl/src/misc/lv_anim.c ****         if(new_anim->get_value_cb) {
 3286              		.loc 1 145 5 is_stmt 1 view .LVU872
 145:Middlewares/LVGL/lvgl/src/misc/lv_anim.c ****         if(new_anim->get_value_cb) {
 3287              		.loc 1 145 8 is_stmt 0 view .LVU873
 3288 0058 DBB2     		uxtb	r3, r3
 145:Middlewares/LVGL/lvgl/src/misc/lv_anim.c ****         if(new_anim->get_value_cb) {
 3289              		.loc 1 145 7 view .LVU874
 3290 005a 13F0100F 		tst	r3, #16
 3291 005e 1AD0     		beq	.L213
ARM GAS  C:\Users\w1785\AppData\Local\Temp\ccKUNV1D.s 			page 88


 146:Middlewares/LVGL/lvgl/src/misc/lv_anim.c ****             int32_t v_ofs = new_anim->get_value_cb(new_anim);
 3292              		.loc 1 146 9 is_stmt 1 view .LVU875
 146:Middlewares/LVGL/lvgl/src/misc/lv_anim.c ****             int32_t v_ofs = new_anim->get_value_cb(new_anim);
 3293              		.loc 1 146 20 is_stmt 0 view .LVU876
 3294 0060 A369     		ldr	r3, [r4, #24]
 146:Middlewares/LVGL/lvgl/src/misc/lv_anim.c ****             int32_t v_ofs = new_anim->get_value_cb(new_anim);
 3295              		.loc 1 146 11 view .LVU877
 3296 0062 3BB1     		cbz	r3, .L214
 3297              	.LBB20:
 147:Middlewares/LVGL/lvgl/src/misc/lv_anim.c ****             new_anim->start_value += v_ofs;
 3298              		.loc 1 147 13 is_stmt 1 view .LVU878
 147:Middlewares/LVGL/lvgl/src/misc/lv_anim.c ****             new_anim->start_value += v_ofs;
 3299              		.loc 1 147 29 is_stmt 0 view .LVU879
 3300 0064 2046     		mov	r0, r4
 3301 0066 9847     		blx	r3
 3302              	.LVL288:
 148:Middlewares/LVGL/lvgl/src/misc/lv_anim.c ****             new_anim->end_value += v_ofs;
 3303              		.loc 1 148 13 is_stmt 1 view .LVU880
 148:Middlewares/LVGL/lvgl/src/misc/lv_anim.c ****             new_anim->end_value += v_ofs;
 3304              		.loc 1 148 21 is_stmt 0 view .LVU881
 3305 0068 636A     		ldr	r3, [r4, #36]
 148:Middlewares/LVGL/lvgl/src/misc/lv_anim.c ****             new_anim->end_value += v_ofs;
 3306              		.loc 1 148 35 view .LVU882
 3307 006a 0344     		add	r3, r3, r0
 3308 006c 6362     		str	r3, [r4, #36]
 149:Middlewares/LVGL/lvgl/src/misc/lv_anim.c **** 
 3309              		.loc 1 149 13 is_stmt 1 view .LVU883
 149:Middlewares/LVGL/lvgl/src/misc/lv_anim.c **** 
 3310              		.loc 1 149 21 is_stmt 0 view .LVU884
 3311 006e E36A     		ldr	r3, [r4, #44]
 149:Middlewares/LVGL/lvgl/src/misc/lv_anim.c **** 
 3312              		.loc 1 149 33 view .LVU885
 3313 0070 0344     		add	r3, r3, r0
 3314 0072 E362     		str	r3, [r4, #44]
 3315              	.LVL289:
 3316              	.L214:
 149:Middlewares/LVGL/lvgl/src/misc/lv_anim.c **** 
 3317              		.loc 1 149 33 view .LVU886
 3318              	.LBE20:
 153:Middlewares/LVGL/lvgl/src/misc/lv_anim.c **** 
 3319              		.loc 1 153 9 is_stmt 1 view .LVU887
 3320 0074 2046     		mov	r0, r4
 3321 0076 FFF7FEFF 		bl	resolve_time
 3322              	.LVL290:
 155:Middlewares/LVGL/lvgl/src/misc/lv_anim.c ****         if(new_anim->exec_cb) {
 3323              		.loc 1 155 9 view .LVU888
 155:Middlewares/LVGL/lvgl/src/misc/lv_anim.c ****         if(new_anim->exec_cb) {
 3324              		.loc 1 155 43 is_stmt 0 view .LVU889
 3325 007a 236A     		ldr	r3, [r4, #32]
 155:Middlewares/LVGL/lvgl/src/misc/lv_anim.c ****         if(new_anim->exec_cb) {
 3326              		.loc 1 155 35 view .LVU890
 3327 007c 2046     		mov	r0, r4
 3328 007e 9847     		blx	r3
 3329              	.LVL291:
 3330 0080 0146     		mov	r1, r0
 155:Middlewares/LVGL/lvgl/src/misc/lv_anim.c ****         if(new_anim->exec_cb) {
 3331              		.loc 1 155 33 discriminator 1 view .LVU891
ARM GAS  C:\Users\w1785\AppData\Local\Temp\ccKUNV1D.s 			page 89


 3332 0082 A062     		str	r0, [r4, #40]
 156:Middlewares/LVGL/lvgl/src/misc/lv_anim.c ****             new_anim->exec_cb(new_anim->var, new_anim->current_value);
 3333              		.loc 1 156 9 is_stmt 1 view .LVU892
 156:Middlewares/LVGL/lvgl/src/misc/lv_anim.c ****             new_anim->exec_cb(new_anim->var, new_anim->current_value);
 3334              		.loc 1 156 20 is_stmt 0 view .LVU893
 3335 0084 6368     		ldr	r3, [r4, #4]
 156:Middlewares/LVGL/lvgl/src/misc/lv_anim.c ****             new_anim->exec_cb(new_anim->var, new_anim->current_value);
 3336              		.loc 1 156 11 view .LVU894
 3337 0086 0BB1     		cbz	r3, .L215
 157:Middlewares/LVGL/lvgl/src/misc/lv_anim.c ****         }
 3338              		.loc 1 157 13 is_stmt 1 view .LVU895
 3339 0088 2068     		ldr	r0, [r4]
 3340 008a 9847     		blx	r3
 3341              	.LVL292:
 3342              	.L215:
 159:Middlewares/LVGL/lvgl/src/misc/lv_anim.c ****             new_anim->custom_exec_cb(new_anim, new_anim->current_value);
 3343              		.loc 1 159 9 view .LVU896
 159:Middlewares/LVGL/lvgl/src/misc/lv_anim.c ****             new_anim->custom_exec_cb(new_anim, new_anim->current_value);
 3344              		.loc 1 159 20 is_stmt 0 view .LVU897
 3345 008c A368     		ldr	r3, [r4, #8]
 159:Middlewares/LVGL/lvgl/src/misc/lv_anim.c ****             new_anim->custom_exec_cb(new_anim, new_anim->current_value);
 3346              		.loc 1 159 11 view .LVU898
 3347 008e 13B1     		cbz	r3, .L213
 160:Middlewares/LVGL/lvgl/src/misc/lv_anim.c ****         }
 3348              		.loc 1 160 13 is_stmt 1 view .LVU899
 3349 0090 A16A     		ldr	r1, [r4, #40]
 3350 0092 2046     		mov	r0, r4
 3351 0094 9847     		blx	r3
 3352              	.LVL293:
 3353              	.L213:
 166:Middlewares/LVGL/lvgl/src/misc/lv_anim.c **** 
 3354              		.loc 1 166 5 view .LVU900
 3355 0096 FFF7FEFF 		bl	anim_mark_list_change
 3356              	.LVL294:
 168:Middlewares/LVGL/lvgl/src/misc/lv_anim.c ****     return new_anim;
 3357              		.loc 1 168 30 view .LVU901
 169:Middlewares/LVGL/lvgl/src/misc/lv_anim.c **** }
 3358              		.loc 1 169 5 view .LVU902
 170:Middlewares/LVGL/lvgl/src/misc/lv_anim.c **** 
 3359              		.loc 1 170 1 is_stmt 0 view .LVU903
 3360 009a 2046     		mov	r0, r4
 3361 009c 38BD     		pop	{r3, r4, r5, pc}
 3362              	.LVL295:
 3363              	.L217:
 128:Middlewares/LVGL/lvgl/src/misc/lv_anim.c ****         remove_concurrent_anims(a);
 3364              		.loc 1 128 42 discriminator 2 view .LVU904
 3365 009e 8368     		ldr	r3, [r0, #8]
 128:Middlewares/LVGL/lvgl/src/misc/lv_anim.c ****         remove_concurrent_anims(a);
 3366              		.loc 1 128 38 discriminator 2 view .LVU905
 3367 00a0 002B     		cmp	r3, #0
 3368 00a2 B7D1     		bne	.L209
 3369 00a4 B9E7     		b	.L208
 3370              	.LVL296:
 3371              	.L211:
 134:Middlewares/LVGL/lvgl/src/misc/lv_anim.c ****     if(new_anim == NULL) return NULL;
 3372              		.loc 1 134 5 is_stmt 1 view .LVU906
 134:Middlewares/LVGL/lvgl/src/misc/lv_anim.c ****     if(new_anim == NULL) return NULL;
ARM GAS  C:\Users\w1785\AppData\Local\Temp\ccKUNV1D.s 			page 90


 3373              		.loc 1 134 5 view .LVU907
 134:Middlewares/LVGL/lvgl/src/misc/lv_anim.c ****     if(new_anim == NULL) return NULL;
 3374              		.loc 1 134 5 view .LVU908
 134:Middlewares/LVGL/lvgl/src/misc/lv_anim.c ****     if(new_anim == NULL) return NULL;
 3375              		.loc 1 134 5 view .LVU909
 134:Middlewares/LVGL/lvgl/src/misc/lv_anim.c ****     if(new_anim == NULL) return NULL;
 3376              		.loc 1 134 5 view .LVU910
 3377 00a6 FEE7     		b	.L211
 3378              	.LVL297:
 3379              	.L218:
 139:Middlewares/LVGL/lvgl/src/misc/lv_anim.c ****     new_anim->run_round = state.anim_run_round;
 3380              		.loc 1 139 21 discriminator 1 view .LVU911
 139:Middlewares/LVGL/lvgl/src/misc/lv_anim.c ****     new_anim->run_round = state.anim_run_round;
 3381              		.loc 1 139 35 is_stmt 0 discriminator 1 view .LVU912
 3382 00a8 2460     		str	r4, [r4]
 3383 00aa C3E7     		b	.L212
 3384              	.L220:
 3385              		.align	2
 3386              	.L219:
 3387 00ac B0000000 		.word	lv_global+176
 3388 00b0 00000000 		.word	lv_global
 3389              		.cfi_endproc
 3390              	.LFE204:
 3392              		.section	.text.lv_anim_is_paused,"ax",%progbits
 3393              		.align	1
 3394              		.global	lv_anim_is_paused
 3395              		.syntax unified
 3396              		.thumb
 3397              		.thumb_func
 3399              	lv_anim_is_paused:
 3400              	.LVL298:
 3401              	.LFB249:
 537:Middlewares/LVGL/lvgl/src/misc/lv_anim.c ****     LV_ASSERT_NULL(a);
 3402              		.loc 1 537 1 is_stmt 1 view -0
 3403              		.cfi_startproc
 3404              		@ args = 0, pretend = 0, frame = 0
 3405              		@ frame_needed = 0, uses_anonymous_args = 0
 3406              		@ link register save eliminated.
 538:Middlewares/LVGL/lvgl/src/misc/lv_anim.c ****     return a->is_paused;
 3407              		.loc 1 538 5 view .LVU914
 538:Middlewares/LVGL/lvgl/src/misc/lv_anim.c ****     return a->is_paused;
 3408              		.loc 1 538 5 view .LVU915
 3409 0000 20B1     		cbz	r0, .L223
 538:Middlewares/LVGL/lvgl/src/misc/lv_anim.c ****     return a->is_paused;
 3410              		.loc 1 538 5 view .LVU916
 538:Middlewares/LVGL/lvgl/src/misc/lv_anim.c ****     return a->is_paused;
 3411              		.loc 1 538 22 view .LVU917
 539:Middlewares/LVGL/lvgl/src/misc/lv_anim.c **** }
 3412              		.loc 1 539 5 view .LVU918
 539:Middlewares/LVGL/lvgl/src/misc/lv_anim.c **** }
 3413              		.loc 1 539 13 is_stmt 0 view .LVU919
 3414 0002 90F85C00 		ldrb	r0, [r0, #92]	@ zero_extendqisi2
 3415              	.LVL299:
 540:Middlewares/LVGL/lvgl/src/misc/lv_anim.c **** 
 3416              		.loc 1 540 1 view .LVU920
 3417 0006 00F00100 		and	r0, r0, #1
 3418 000a 7047     		bx	lr
ARM GAS  C:\Users\w1785\AppData\Local\Temp\ccKUNV1D.s 			page 91


 3419              	.LVL300:
 3420              	.L223:
 538:Middlewares/LVGL/lvgl/src/misc/lv_anim.c ****     return a->is_paused;
 3421              		.loc 1 538 5 is_stmt 1 view .LVU921
 538:Middlewares/LVGL/lvgl/src/misc/lv_anim.c ****     return a->is_paused;
 3422              		.loc 1 538 5 view .LVU922
 538:Middlewares/LVGL/lvgl/src/misc/lv_anim.c ****     return a->is_paused;
 3423              		.loc 1 538 5 view .LVU923
 538:Middlewares/LVGL/lvgl/src/misc/lv_anim.c ****     return a->is_paused;
 3424              		.loc 1 538 5 view .LVU924
 538:Middlewares/LVGL/lvgl/src/misc/lv_anim.c ****     return a->is_paused;
 3425              		.loc 1 538 5 view .LVU925
 3426 000c FEE7     		b	.L223
 3427              		.cfi_endproc
 3428              	.LFE249:
 3430              		.section	.text.lv_anim_pause,"ax",%progbits
 3431              		.align	1
 3432              		.global	lv_anim_pause
 3433              		.syntax unified
 3434              		.thumb
 3435              		.thumb_func
 3437              	lv_anim_pause:
 3438              	.LVL301:
 3439              	.LFB250:
 543:Middlewares/LVGL/lvgl/src/misc/lv_anim.c ****     LV_ASSERT_NULL(a);
 3440              		.loc 1 543 1 view -0
 3441              		.cfi_startproc
 3442              		@ args = 0, pretend = 0, frame = 0
 3443              		@ frame_needed = 0, uses_anonymous_args = 0
 544:Middlewares/LVGL/lvgl/src/misc/lv_anim.c ****     lv_anim_pause_for_internal(a, LV_ANIM_PAUSE_FOREVER);
 3444              		.loc 1 544 5 view .LVU927
 544:Middlewares/LVGL/lvgl/src/misc/lv_anim.c ****     lv_anim_pause_for_internal(a, LV_ANIM_PAUSE_FOREVER);
 3445              		.loc 1 544 5 view .LVU928
 3446 0000 28B1     		cbz	r0, .L226
 543:Middlewares/LVGL/lvgl/src/misc/lv_anim.c ****     LV_ASSERT_NULL(a);
 3447              		.loc 1 543 1 is_stmt 0 view .LVU929
 3448 0002 08B5     		push	{r3, lr}
 3449              	.LCFI46:
 3450              		.cfi_def_cfa_offset 8
 3451              		.cfi_offset 3, -8
 3452              		.cfi_offset 14, -4
 544:Middlewares/LVGL/lvgl/src/misc/lv_anim.c ****     lv_anim_pause_for_internal(a, LV_ANIM_PAUSE_FOREVER);
 3453              		.loc 1 544 5 is_stmt 1 view .LVU930
 544:Middlewares/LVGL/lvgl/src/misc/lv_anim.c ****     lv_anim_pause_for_internal(a, LV_ANIM_PAUSE_FOREVER);
 3454              		.loc 1 544 22 view .LVU931
 545:Middlewares/LVGL/lvgl/src/misc/lv_anim.c **** }
 3455              		.loc 1 545 5 view .LVU932
 3456 0004 4FF0FF31 		mov	r1, #-1
 3457 0008 FFF7FEFF 		bl	lv_anim_pause_for_internal
 3458              	.LVL302:
 546:Middlewares/LVGL/lvgl/src/misc/lv_anim.c **** 
 3459              		.loc 1 546 1 is_stmt 0 view .LVU933
 3460 000c 08BD     		pop	{r3, pc}
 3461              	.LVL303:
 3462              	.L226:
 3463              	.LCFI47:
 3464              		.cfi_def_cfa_offset 0
ARM GAS  C:\Users\w1785\AppData\Local\Temp\ccKUNV1D.s 			page 92


 3465              		.cfi_restore 3
 3466              		.cfi_restore 14
 544:Middlewares/LVGL/lvgl/src/misc/lv_anim.c ****     lv_anim_pause_for_internal(a, LV_ANIM_PAUSE_FOREVER);
 3467              		.loc 1 544 5 is_stmt 1 view .LVU934
 544:Middlewares/LVGL/lvgl/src/misc/lv_anim.c ****     lv_anim_pause_for_internal(a, LV_ANIM_PAUSE_FOREVER);
 3468              		.loc 1 544 5 view .LVU935
 544:Middlewares/LVGL/lvgl/src/misc/lv_anim.c ****     lv_anim_pause_for_internal(a, LV_ANIM_PAUSE_FOREVER);
 3469              		.loc 1 544 5 view .LVU936
 544:Middlewares/LVGL/lvgl/src/misc/lv_anim.c ****     lv_anim_pause_for_internal(a, LV_ANIM_PAUSE_FOREVER);
 3470              		.loc 1 544 5 view .LVU937
 544:Middlewares/LVGL/lvgl/src/misc/lv_anim.c ****     lv_anim_pause_for_internal(a, LV_ANIM_PAUSE_FOREVER);
 3471              		.loc 1 544 5 view .LVU938
 3472 000e FEE7     		b	.L226
 3473              		.cfi_endproc
 3474              	.LFE250:
 3476              		.section	.text.lv_anim_pause_for,"ax",%progbits
 3477              		.align	1
 3478              		.global	lv_anim_pause_for
 3479              		.syntax unified
 3480              		.thumb
 3481              		.thumb_func
 3483              	lv_anim_pause_for:
 3484              	.LVL304:
 3485              	.LFB251:
 549:Middlewares/LVGL/lvgl/src/misc/lv_anim.c ****     LV_ASSERT_NULL(a);
 3486              		.loc 1 549 1 view -0
 3487              		.cfi_startproc
 3488              		@ args = 0, pretend = 0, frame = 0
 3489              		@ frame_needed = 0, uses_anonymous_args = 0
 550:Middlewares/LVGL/lvgl/src/misc/lv_anim.c ****     lv_anim_pause_for_internal(a, ms);
 3490              		.loc 1 550 5 view .LVU940
 550:Middlewares/LVGL/lvgl/src/misc/lv_anim.c ****     lv_anim_pause_for_internal(a, ms);
 3491              		.loc 1 550 5 view .LVU941
 3492 0000 18B1     		cbz	r0, .L231
 549:Middlewares/LVGL/lvgl/src/misc/lv_anim.c ****     LV_ASSERT_NULL(a);
 3493              		.loc 1 549 1 is_stmt 0 view .LVU942
 3494 0002 08B5     		push	{r3, lr}
 3495              	.LCFI48:
 3496              		.cfi_def_cfa_offset 8
 3497              		.cfi_offset 3, -8
 3498              		.cfi_offset 14, -4
 550:Middlewares/LVGL/lvgl/src/misc/lv_anim.c ****     lv_anim_pause_for_internal(a, ms);
 3499              		.loc 1 550 5 is_stmt 1 view .LVU943
 550:Middlewares/LVGL/lvgl/src/misc/lv_anim.c ****     lv_anim_pause_for_internal(a, ms);
 3500              		.loc 1 550 22 view .LVU944
 551:Middlewares/LVGL/lvgl/src/misc/lv_anim.c **** }
 3501              		.loc 1 551 5 view .LVU945
 3502 0004 FFF7FEFF 		bl	lv_anim_pause_for_internal
 3503              	.LVL305:
 552:Middlewares/LVGL/lvgl/src/misc/lv_anim.c **** 
 3504              		.loc 1 552 1 is_stmt 0 view .LVU946
 3505 0008 08BD     		pop	{r3, pc}
 3506              	.LVL306:
 3507              	.L231:
 3508              	.LCFI49:
 3509              		.cfi_def_cfa_offset 0
 3510              		.cfi_restore 3
ARM GAS  C:\Users\w1785\AppData\Local\Temp\ccKUNV1D.s 			page 93


 3511              		.cfi_restore 14
 550:Middlewares/LVGL/lvgl/src/misc/lv_anim.c ****     lv_anim_pause_for_internal(a, ms);
 3512              		.loc 1 550 5 is_stmt 1 view .LVU947
 550:Middlewares/LVGL/lvgl/src/misc/lv_anim.c ****     lv_anim_pause_for_internal(a, ms);
 3513              		.loc 1 550 5 view .LVU948
 550:Middlewares/LVGL/lvgl/src/misc/lv_anim.c ****     lv_anim_pause_for_internal(a, ms);
 3514              		.loc 1 550 5 view .LVU949
 550:Middlewares/LVGL/lvgl/src/misc/lv_anim.c ****     lv_anim_pause_for_internal(a, ms);
 3515              		.loc 1 550 5 view .LVU950
 550:Middlewares/LVGL/lvgl/src/misc/lv_anim.c ****     lv_anim_pause_for_internal(a, ms);
 3516              		.loc 1 550 5 view .LVU951
 3517 000a FEE7     		b	.L231
 3518              		.cfi_endproc
 3519              	.LFE251:
 3521              		.section	.text.lv_anim_resume,"ax",%progbits
 3522              		.align	1
 3523              		.global	lv_anim_resume
 3524              		.syntax unified
 3525              		.thumb
 3526              		.thumb_func
 3528              	lv_anim_resume:
 3529              	.LVL307:
 3530              	.LFB252:
 555:Middlewares/LVGL/lvgl/src/misc/lv_anim.c ****     LV_ASSERT_NULL(a);
 3531              		.loc 1 555 1 view -0
 3532              		.cfi_startproc
 3533              		@ args = 0, pretend = 0, frame = 0
 3534              		@ frame_needed = 0, uses_anonymous_args = 0
 3535              		@ link register save eliminated.
 556:Middlewares/LVGL/lvgl/src/misc/lv_anim.c ****     a->is_paused = false;
 3536              		.loc 1 556 5 view .LVU953
 556:Middlewares/LVGL/lvgl/src/misc/lv_anim.c ****     a->is_paused = false;
 3537              		.loc 1 556 5 view .LVU954
 3538 0000 88B1     		cbz	r0, .L236
 556:Middlewares/LVGL/lvgl/src/misc/lv_anim.c ****     a->is_paused = false;
 3539              		.loc 1 556 5 view .LVU955
 556:Middlewares/LVGL/lvgl/src/misc/lv_anim.c ****     a->is_paused = false;
 3540              		.loc 1 556 22 view .LVU956
 557:Middlewares/LVGL/lvgl/src/misc/lv_anim.c ****     a->pause_duration = 0;
 3541              		.loc 1 557 5 view .LVU957
 557:Middlewares/LVGL/lvgl/src/misc/lv_anim.c ****     a->pause_duration = 0;
 3542              		.loc 1 557 18 is_stmt 0 view .LVU958
 3543 0002 90F85C20 		ldrb	r2, [r0, #92]	@ zero_extendqisi2
 3544 0006 22F00102 		bic	r2, r2, #1
 3545 000a 80F85C20 		strb	r2, [r0, #92]
 558:Middlewares/LVGL/lvgl/src/misc/lv_anim.c ****     a->run_round = state.anim_run_round;
 3546              		.loc 1 558 5 is_stmt 1 view .LVU959
 558:Middlewares/LVGL/lvgl/src/misc/lv_anim.c ****     a->run_round = state.anim_run_round;
 3547              		.loc 1 558 23 is_stmt 0 view .LVU960
 3548 000e 0022     		movs	r2, #0
 3549 0010 8265     		str	r2, [r0, #88]
 559:Middlewares/LVGL/lvgl/src/misc/lv_anim.c **** }
 3550              		.loc 1 559 5 is_stmt 1 view .LVU961
 559:Middlewares/LVGL/lvgl/src/misc/lv_anim.c **** }
 3551              		.loc 1 559 25 is_stmt 0 view .LVU962
 3552 0012 054A     		ldr	r2, .L237
 3553 0014 92F8A910 		ldrb	r1, [r2, #169]	@ zero_extendqisi2
ARM GAS  C:\Users\w1785\AppData\Local\Temp\ccKUNV1D.s 			page 94


 559:Middlewares/LVGL/lvgl/src/misc/lv_anim.c **** }
 3554              		.loc 1 559 18 view .LVU963
 3555 0018 90F85C20 		ldrb	r2, [r0, #92]	@ zero_extendqisi2
 3556 001c 61F38202 		bfi	r2, r1, #2, #1
 3557 0020 80F85C20 		strb	r2, [r0, #92]
 560:Middlewares/LVGL/lvgl/src/misc/lv_anim.c **** 
 3558              		.loc 1 560 1 view .LVU964
 3559 0024 7047     		bx	lr
 3560              	.L236:
 556:Middlewares/LVGL/lvgl/src/misc/lv_anim.c ****     a->is_paused = false;
 3561              		.loc 1 556 5 is_stmt 1 view .LVU965
 556:Middlewares/LVGL/lvgl/src/misc/lv_anim.c ****     a->is_paused = false;
 3562              		.loc 1 556 5 view .LVU966
 556:Middlewares/LVGL/lvgl/src/misc/lv_anim.c ****     a->is_paused = false;
 3563              		.loc 1 556 5 view .LVU967
 556:Middlewares/LVGL/lvgl/src/misc/lv_anim.c ****     a->is_paused = false;
 3564              		.loc 1 556 5 view .LVU968
 556:Middlewares/LVGL/lvgl/src/misc/lv_anim.c ****     a->is_paused = false;
 3565              		.loc 1 556 5 view .LVU969
 3566 0026 FEE7     		b	.L236
 3567              	.L238:
 3568              		.align	2
 3569              	.L237:
 3570 0028 00000000 		.word	lv_global
 3571              		.cfi_endproc
 3572              	.LFE252:
 3574              		.text
 3575              	.Letext0:
 3576              		.file 3 "D:\\STM32CubeIDE\\STM32CubeIDE_2.1.1\\STM32CubeIDE\\plugins\\com.st.stm32cube.ide.mcu.ext
 3577              		.file 4 "D:\\STM32CubeIDE\\STM32CubeIDE_2.1.1\\STM32CubeIDE\\plugins\\com.st.stm32cube.ide.mcu.ext
 3578              		.file 5 "D:\\STM32CubeIDE\\STM32CubeIDE_2.1.1\\STM32CubeIDE\\plugins\\com.st.stm32cube.ide.mcu.ext
 3579              		.file 6 "Middlewares/LVGL/lvgl/src/misc/lv_types.h"
 3580              		.file 7 "Middlewares/LVGL/lvgl/src/misc/../core/../draw/lv_draw.h"
 3581              		.file 8 "Middlewares/LVGL/lvgl/src/misc/../core/../draw/lv_draw_private.h"
 3582              		.file 9 "Middlewares/LVGL/lvgl/src/misc/../core/../misc/lv_timer_private.h"
 3583              		.file 10 "Middlewares/LVGL/lvgl/src/misc/lv_anim.h"
 3584              		.file 11 "Middlewares/LVGL/lvgl/src/misc/../core/../draw/../misc/cache/class/../lv_cache_private.h
 3585              		.file 12 "Middlewares/LVGL/lvgl/src/misc/../core/../draw/lv_draw_buf_private.h"
 3586              		.file 13 "Middlewares/LVGL/lvgl/src/misc/../core/../draw/../misc/../font/../draw/lv_draw_buf.h"
 3587              		.file 14 "Middlewares/LVGL/lvgl/src/misc/../tick/lv_tick.h"
 3588              		.file 15 "Middlewares/LVGL/lvgl/src/misc/lv_ll.h"
 3589              		.file 16 "Middlewares/LVGL/lvgl/src/misc/lv_timer.h"
 3590              		.file 17 "Middlewares/LVGL/lvgl/src/misc/lv_anim_private.h"
 3591              		.file 18 "Middlewares/LVGL/lvgl/src/misc/../core/../draw/../misc/../font/../draw/../misc/lv_area.h
 3592              		.file 19 "Middlewares/LVGL/lvgl/src/misc/../core/../draw/../misc/../font/../draw/../misc/lv_color.
 3593              		.file 20 "Middlewares/LVGL/lvgl/src/misc/../core/../draw/../misc/../font/../draw/lv_image_dsc.h"
 3594              		.file 21 "Middlewares/LVGL/lvgl/src/misc/../core/../draw/../misc/../layouts/lv_layout.h"
 3595              		.file 22 "Middlewares/LVGL/lvgl/src/misc/../core/../draw/../misc/lv_event.h"
 3596              		.file 23 "Middlewares/LVGL/lvgl/src/misc/../core/../osal/lv_os_none.h"
 3597              		.file 24 "Middlewares/LVGL/lvgl/src/misc/../core/../stdlib/builtin/lv_tlsf.h"
 3598              		.file 25 "Middlewares/LVGL/lvgl/src/misc/../core/../tick/lv_tick_private.h"
 3599              		.file 26 "Middlewares/LVGL/lvgl/src/misc/../core/../draw/sw/lv_draw_sw_mask_private.h"
 3600              		.file 27 "Middlewares/LVGL/lvgl/src/misc/../core/../stdlib/builtin/lv_tlsf_private.h"
 3601              		.file 28 "Middlewares/LVGL/lvgl/src/misc/../core/../layouts/lv_layout_private.h"
 3602              		.file 29 "Middlewares/LVGL/lvgl/src/misc/../core/lv_global.h"
 3603              		.file 30 "Middlewares/LVGL/lvgl/src/misc/lv_math.h"
 3604              		.file 31 "Middlewares/LVGL/lvgl/src/misc/../core/../draw/sw/../../display/lv_display.h"
ARM GAS  C:\Users\w1785\AppData\Local\Temp\ccKUNV1D.s 			page 95


 3605              		.file 32 "Middlewares/LVGL/lvgl/src/misc/../core/../draw/../misc/../font/../draw/../misc/../stdlib
ARM GAS  C:\Users\w1785\AppData\Local\Temp\ccKUNV1D.s 			page 96


DEFINED SYMBOLS
                            *ABS*:00000000 lv_anim.c
C:\Users\w1785\AppData\Local\Temp\ccKUNV1D.s:21     .text.lv_anim_pause_for_internal:00000000 $t
C:\Users\w1785\AppData\Local\Temp\ccKUNV1D.s:26     .text.lv_anim_pause_for_internal:00000000 lv_anim_pause_for_internal
C:\Users\w1785\AppData\Local\Temp\ccKUNV1D.s:64     .text.remove_anim:00000000 $t
C:\Users\w1785\AppData\Local\Temp\ccKUNV1D.s:69     .text.remove_anim:00000000 remove_anim
C:\Users\w1785\AppData\Local\Temp\ccKUNV1D.s:113    .text.remove_anim:0000001c $d
C:\Users\w1785\AppData\Local\Temp\ccKUNV1D.s:118    .text.anim_mark_list_change:00000000 $t
C:\Users\w1785\AppData\Local\Temp\ccKUNV1D.s:123    .text.anim_mark_list_change:00000000 anim_mark_list_change
C:\Users\w1785\AppData\Local\Temp\ccKUNV1D.s:216    .text.anim_mark_list_change:0000006c $d
C:\Users\w1785\AppData\Local\Temp\ccKUNV1D.s:3147   .text.anim_vsync_event:00000000 anim_vsync_event
C:\Users\w1785\AppData\Local\Temp\ccKUNV1D.s:222    .text.remove_concurrent_anims:00000000 $t
C:\Users\w1785\AppData\Local\Temp\ccKUNV1D.s:227    .text.remove_concurrent_anims:00000000 remove_concurrent_anims
C:\Users\w1785\AppData\Local\Temp\ccKUNV1D.s:369    .text.remove_concurrent_anims:0000007c $d
C:\Users\w1785\AppData\Local\Temp\ccKUNV1D.s:375    .text.anim_completed_handler:00000000 $t
C:\Users\w1785\AppData\Local\Temp\ccKUNV1D.s:380    .text.anim_completed_handler:00000000 anim_completed_handler
C:\Users\w1785\AppData\Local\Temp\ccKUNV1D.s:554    .text.anim_completed_handler:000000a0 $d
C:\Users\w1785\AppData\Local\Temp\ccKUNV1D.s:560    .text.lv_anim_path_linear:00000000 $t
C:\Users\w1785\AppData\Local\Temp\ccKUNV1D.s:566    .text.lv_anim_path_linear:00000000 lv_anim_path_linear
C:\Users\w1785\AppData\Local\Temp\ccKUNV1D.s:623    .text.lv_anim_path_cubic_bezier:00000000 $t
C:\Users\w1785\AppData\Local\Temp\ccKUNV1D.s:628    .text.lv_anim_path_cubic_bezier:00000000 lv_anim_path_cubic_bezier
C:\Users\w1785\AppData\Local\Temp\ccKUNV1D.s:706    .text.lv_anim_core_init:00000000 $t
C:\Users\w1785\AppData\Local\Temp\ccKUNV1D.s:712    .text.lv_anim_core_init:00000000 lv_anim_core_init
C:\Users\w1785\AppData\Local\Temp\ccKUNV1D.s:753    .text.lv_anim_core_init:0000002c $d
C:\Users\w1785\AppData\Local\Temp\ccKUNV1D.s:2770   .text.anim_timer:00000000 anim_timer
C:\Users\w1785\AppData\Local\Temp\ccKUNV1D.s:759    .text.lv_anim_enable_vsync_mode:00000000 $t
C:\Users\w1785\AppData\Local\Temp\ccKUNV1D.s:765    .text.lv_anim_enable_vsync_mode:00000000 lv_anim_enable_vsync_mode
C:\Users\w1785\AppData\Local\Temp\ccKUNV1D.s:860    .text.lv_anim_enable_vsync_mode:0000005c $d
C:\Users\w1785\AppData\Local\Temp\ccKUNV1D.s:867    .text.lv_anim_init:00000000 $t
C:\Users\w1785\AppData\Local\Temp\ccKUNV1D.s:873    .text.lv_anim_init:00000000 lv_anim_init
C:\Users\w1785\AppData\Local\Temp\ccKUNV1D.s:934    .text.lv_anim_init:00000030 $d
C:\Users\w1785\AppData\Local\Temp\ccKUNV1D.s:939    .text.lv_anim_get_playtime:00000000 $t
C:\Users\w1785\AppData\Local\Temp\ccKUNV1D.s:945    .text.lv_anim_get_playtime:00000000 lv_anim_get_playtime
C:\Users\w1785\AppData\Local\Temp\ccKUNV1D.s:1000   .text.lv_anim_delete:00000000 $t
C:\Users\w1785\AppData\Local\Temp\ccKUNV1D.s:1006   .text.lv_anim_delete:00000000 lv_anim_delete
C:\Users\w1785\AppData\Local\Temp\ccKUNV1D.s:1110   .text.lv_anim_delete:0000004c $d
C:\Users\w1785\AppData\Local\Temp\ccKUNV1D.s:1115   .text.lv_anim_delete_all:00000000 $t
C:\Users\w1785\AppData\Local\Temp\ccKUNV1D.s:1121   .text.lv_anim_delete_all:00000000 lv_anim_delete_all
C:\Users\w1785\AppData\Local\Temp\ccKUNV1D.s:1145   .text.lv_anim_delete_all:00000010 $d
C:\Users\w1785\AppData\Local\Temp\ccKUNV1D.s:1151   .text.lv_anim_core_deinit:00000000 $t
C:\Users\w1785\AppData\Local\Temp\ccKUNV1D.s:1157   .text.lv_anim_core_deinit:00000000 lv_anim_core_deinit
C:\Users\w1785\AppData\Local\Temp\ccKUNV1D.s:1177   .text.lv_anim_get:00000000 $t
C:\Users\w1785\AppData\Local\Temp\ccKUNV1D.s:1183   .text.lv_anim_get:00000000 lv_anim_get
C:\Users\w1785\AppData\Local\Temp\ccKUNV1D.s:1247   .text.lv_anim_get:00000030 $d
C:\Users\w1785\AppData\Local\Temp\ccKUNV1D.s:1252   .text.lv_anim_get_timer:00000000 $t
C:\Users\w1785\AppData\Local\Temp\ccKUNV1D.s:1258   .text.lv_anim_get_timer:00000000 lv_anim_get_timer
C:\Users\w1785\AppData\Local\Temp\ccKUNV1D.s:1273   .text.lv_anim_get_timer:00000008 $d
C:\Users\w1785\AppData\Local\Temp\ccKUNV1D.s:1278   .text.lv_anim_count_running:00000000 $t
C:\Users\w1785\AppData\Local\Temp\ccKUNV1D.s:1284   .text.lv_anim_count_running:00000000 lv_anim_count_running
C:\Users\w1785\AppData\Local\Temp\ccKUNV1D.s:1337   .text.lv_anim_count_running:00000024 $d
C:\Users\w1785\AppData\Local\Temp\ccKUNV1D.s:1342   .text.lv_anim_speed_clamped:00000000 $t
C:\Users\w1785\AppData\Local\Temp\ccKUNV1D.s:1348   .text.lv_anim_speed_clamped:00000000 lv_anim_speed_clamped
C:\Users\w1785\AppData\Local\Temp\ccKUNV1D.s:1424   .text.lv_anim_speed_clamped:0000004c $d
C:\Users\w1785\AppData\Local\Temp\ccKUNV1D.s:1429   .text.lv_anim_speed:00000000 $t
C:\Users\w1785\AppData\Local\Temp\ccKUNV1D.s:1435   .text.lv_anim_speed:00000000 lv_anim_speed
C:\Users\w1785\AppData\Local\Temp\ccKUNV1D.s:1460   .text.lv_anim_speed_to_time:00000000 $t
C:\Users\w1785\AppData\Local\Temp\ccKUNV1D.s:1466   .text.lv_anim_speed_to_time:00000000 lv_anim_speed_to_time
ARM GAS  C:\Users\w1785\AppData\Local\Temp\ccKUNV1D.s 			page 97


C:\Users\w1785\AppData\Local\Temp\ccKUNV1D.s:1512   .text.lv_anim_path_ease_in:00000000 $t
C:\Users\w1785\AppData\Local\Temp\ccKUNV1D.s:1518   .text.lv_anim_path_ease_in:00000000 lv_anim_path_ease_in
C:\Users\w1785\AppData\Local\Temp\ccKUNV1D.s:1551   .text.lv_anim_path_ease_out:00000000 $t
C:\Users\w1785\AppData\Local\Temp\ccKUNV1D.s:1557   .text.lv_anim_path_ease_out:00000000 lv_anim_path_ease_out
C:\Users\w1785\AppData\Local\Temp\ccKUNV1D.s:1591   .text.lv_anim_path_ease_in_out:00000000 $t
C:\Users\w1785\AppData\Local\Temp\ccKUNV1D.s:1597   .text.lv_anim_path_ease_in_out:00000000 lv_anim_path_ease_in_out
C:\Users\w1785\AppData\Local\Temp\ccKUNV1D.s:1631   .text.lv_anim_path_overshoot:00000000 $t
C:\Users\w1785\AppData\Local\Temp\ccKUNV1D.s:1637   .text.lv_anim_path_overshoot:00000000 lv_anim_path_overshoot
C:\Users\w1785\AppData\Local\Temp\ccKUNV1D.s:1671   .text.lv_anim_path_bounce:00000000 $t
C:\Users\w1785\AppData\Local\Temp\ccKUNV1D.s:1677   .text.lv_anim_path_bounce:00000000 lv_anim_path_bounce
C:\Users\w1785\AppData\Local\Temp\ccKUNV1D.s:1891   .text.lv_anim_path_bounce:000000e4 $d
C:\Users\w1785\AppData\Local\Temp\ccKUNV1D.s:1896   .text.lv_anim_path_step:00000000 $t
C:\Users\w1785\AppData\Local\Temp\ccKUNV1D.s:1902   .text.lv_anim_path_step:00000000 lv_anim_path_step
C:\Users\w1785\AppData\Local\Temp\ccKUNV1D.s:1936   .text.lv_anim_path_custom_bezier3:00000000 $t
C:\Users\w1785\AppData\Local\Temp\ccKUNV1D.s:1942   .text.lv_anim_path_custom_bezier3:00000000 lv_anim_path_custom_bezier3
C:\Users\w1785\AppData\Local\Temp\ccKUNV1D.s:1979   .text.lv_anim_set_var:00000000 $t
C:\Users\w1785\AppData\Local\Temp\ccKUNV1D.s:1985   .text.lv_anim_set_var:00000000 lv_anim_set_var
C:\Users\w1785\AppData\Local\Temp\ccKUNV1D.s:2002   .text.lv_anim_set_exec_cb:00000000 $t
C:\Users\w1785\AppData\Local\Temp\ccKUNV1D.s:2008   .text.lv_anim_set_exec_cb:00000000 lv_anim_set_exec_cb
C:\Users\w1785\AppData\Local\Temp\ccKUNV1D.s:2025   .text.lv_anim_set_duration:00000000 $t
C:\Users\w1785\AppData\Local\Temp\ccKUNV1D.s:2031   .text.lv_anim_set_duration:00000000 lv_anim_set_duration
C:\Users\w1785\AppData\Local\Temp\ccKUNV1D.s:2048   .text.lv_anim_set_delay:00000000 $t
C:\Users\w1785\AppData\Local\Temp\ccKUNV1D.s:2054   .text.lv_anim_set_delay:00000000 lv_anim_set_delay
C:\Users\w1785\AppData\Local\Temp\ccKUNV1D.s:2074   .text.lv_anim_set_values:00000000 $t
C:\Users\w1785\AppData\Local\Temp\ccKUNV1D.s:2080   .text.lv_anim_set_values:00000000 lv_anim_set_values
C:\Users\w1785\AppData\Local\Temp\ccKUNV1D.s:2104   .text.lv_anim_set_custom_exec_cb:00000000 $t
C:\Users\w1785\AppData\Local\Temp\ccKUNV1D.s:2110   .text.lv_anim_set_custom_exec_cb:00000000 lv_anim_set_custom_exec_cb
C:\Users\w1785\AppData\Local\Temp\ccKUNV1D.s:2127   .text.lv_anim_set_path_cb:00000000 $t
C:\Users\w1785\AppData\Local\Temp\ccKUNV1D.s:2133   .text.lv_anim_set_path_cb:00000000 lv_anim_set_path_cb
C:\Users\w1785\AppData\Local\Temp\ccKUNV1D.s:2150   .text.lv_anim_set_start_cb:00000000 $t
C:\Users\w1785\AppData\Local\Temp\ccKUNV1D.s:2156   .text.lv_anim_set_start_cb:00000000 lv_anim_set_start_cb
C:\Users\w1785\AppData\Local\Temp\ccKUNV1D.s:2173   .text.lv_anim_set_get_value_cb:00000000 $t
C:\Users\w1785\AppData\Local\Temp\ccKUNV1D.s:2179   .text.lv_anim_set_get_value_cb:00000000 lv_anim_set_get_value_cb
C:\Users\w1785\AppData\Local\Temp\ccKUNV1D.s:2196   .text.lv_anim_set_completed_cb:00000000 $t
C:\Users\w1785\AppData\Local\Temp\ccKUNV1D.s:2202   .text.lv_anim_set_completed_cb:00000000 lv_anim_set_completed_cb
C:\Users\w1785\AppData\Local\Temp\ccKUNV1D.s:2219   .text.lv_anim_set_deleted_cb:00000000 $t
C:\Users\w1785\AppData\Local\Temp\ccKUNV1D.s:2225   .text.lv_anim_set_deleted_cb:00000000 lv_anim_set_deleted_cb
C:\Users\w1785\AppData\Local\Temp\ccKUNV1D.s:2242   .text.lv_anim_set_reverse_duration:00000000 $t
C:\Users\w1785\AppData\Local\Temp\ccKUNV1D.s:2248   .text.lv_anim_set_reverse_duration:00000000 lv_anim_set_reverse_duration
C:\Users\w1785\AppData\Local\Temp\ccKUNV1D.s:2265   .text.lv_anim_set_reverse_time:00000000 $t
C:\Users\w1785\AppData\Local\Temp\ccKUNV1D.s:2271   .text.lv_anim_set_reverse_time:00000000 lv_anim_set_reverse_time
C:\Users\w1785\AppData\Local\Temp\ccKUNV1D.s:2293   .text.lv_anim_set_reverse_delay:00000000 $t
C:\Users\w1785\AppData\Local\Temp\ccKUNV1D.s:2299   .text.lv_anim_set_reverse_delay:00000000 lv_anim_set_reverse_delay
C:\Users\w1785\AppData\Local\Temp\ccKUNV1D.s:2316   .text.lv_anim_set_repeat_count:00000000 $t
C:\Users\w1785\AppData\Local\Temp\ccKUNV1D.s:2322   .text.lv_anim_set_repeat_count:00000000 lv_anim_set_repeat_count
C:\Users\w1785\AppData\Local\Temp\ccKUNV1D.s:2339   .text.lv_anim_set_repeat_delay:00000000 $t
C:\Users\w1785\AppData\Local\Temp\ccKUNV1D.s:2345   .text.lv_anim_set_repeat_delay:00000000 lv_anim_set_repeat_delay
C:\Users\w1785\AppData\Local\Temp\ccKUNV1D.s:2362   .text.lv_anim_set_early_apply:00000000 $t
C:\Users\w1785\AppData\Local\Temp\ccKUNV1D.s:2368   .text.lv_anim_set_early_apply:00000000 lv_anim_set_early_apply
C:\Users\w1785\AppData\Local\Temp\ccKUNV1D.s:2387   .text.lv_anim_set_user_data:00000000 $t
C:\Users\w1785\AppData\Local\Temp\ccKUNV1D.s:2393   .text.lv_anim_set_user_data:00000000 lv_anim_set_user_data
C:\Users\w1785\AppData\Local\Temp\ccKUNV1D.s:2410   .text.lv_anim_set_bezier3_param:00000000 $t
C:\Users\w1785\AppData\Local\Temp\ccKUNV1D.s:2416   .text.lv_anim_set_bezier3_param:00000000 lv_anim_set_bezier3_param
C:\Users\w1785\AppData\Local\Temp\ccKUNV1D.s:2446   .text.lv_anim_get_delay:00000000 $t
C:\Users\w1785\AppData\Local\Temp\ccKUNV1D.s:2452   .text.lv_anim_get_delay:00000000 lv_anim_get_delay
C:\Users\w1785\AppData\Local\Temp\ccKUNV1D.s:2471   .text.lv_anim_get_time:00000000 $t
C:\Users\w1785\AppData\Local\Temp\ccKUNV1D.s:2477   .text.lv_anim_get_time:00000000 lv_anim_get_time
ARM GAS  C:\Users\w1785\AppData\Local\Temp\ccKUNV1D.s 			page 98


C:\Users\w1785\AppData\Local\Temp\ccKUNV1D.s:2495   .text.lv_anim_get_repeat_count:00000000 $t
C:\Users\w1785\AppData\Local\Temp\ccKUNV1D.s:2501   .text.lv_anim_get_repeat_count:00000000 lv_anim_get_repeat_count
C:\Users\w1785\AppData\Local\Temp\ccKUNV1D.s:2519   .text.lv_anim_get_user_data:00000000 $t
C:\Users\w1785\AppData\Local\Temp\ccKUNV1D.s:2525   .text.lv_anim_get_user_data:00000000 lv_anim_get_user_data
C:\Users\w1785\AppData\Local\Temp\ccKUNV1D.s:2543   .text.lv_anim_custom_delete:00000000 $t
C:\Users\w1785\AppData\Local\Temp\ccKUNV1D.s:2549   .text.lv_anim_custom_delete:00000000 lv_anim_custom_delete
C:\Users\w1785\AppData\Local\Temp\ccKUNV1D.s:2581   .text.lv_anim_custom_get:00000000 $t
C:\Users\w1785\AppData\Local\Temp\ccKUNV1D.s:2587   .text.lv_anim_custom_get:00000000 lv_anim_custom_get
C:\Users\w1785\AppData\Local\Temp\ccKUNV1D.s:2619   .text.lv_anim_resolve_speed:00000000 $t
C:\Users\w1785\AppData\Local\Temp\ccKUNV1D.s:2625   .text.lv_anim_resolve_speed:00000000 lv_anim_resolve_speed
C:\Users\w1785\AppData\Local\Temp\ccKUNV1D.s:2697   .text.resolve_time:00000000 $t
C:\Users\w1785\AppData\Local\Temp\ccKUNV1D.s:2702   .text.resolve_time:00000000 resolve_time
C:\Users\w1785\AppData\Local\Temp\ccKUNV1D.s:2765   .text.anim_timer:00000000 $t
C:\Users\w1785\AppData\Local\Temp\ccKUNV1D.s:3136   .text.anim_timer:00000178 $d
C:\Users\w1785\AppData\Local\Temp\ccKUNV1D.s:3142   .text.anim_vsync_event:00000000 $t
C:\Users\w1785\AppData\Local\Temp\ccKUNV1D.s:3173   .text.lv_anim_refr_now:00000000 $t
C:\Users\w1785\AppData\Local\Temp\ccKUNV1D.s:3179   .text.lv_anim_refr_now:00000000 lv_anim_refr_now
C:\Users\w1785\AppData\Local\Temp\ccKUNV1D.s:3200   .text.lv_anim_start:00000000 $t
C:\Users\w1785\AppData\Local\Temp\ccKUNV1D.s:3206   .text.lv_anim_start:00000000 lv_anim_start
C:\Users\w1785\AppData\Local\Temp\ccKUNV1D.s:3387   .text.lv_anim_start:000000ac $d
C:\Users\w1785\AppData\Local\Temp\ccKUNV1D.s:3393   .text.lv_anim_is_paused:00000000 $t
C:\Users\w1785\AppData\Local\Temp\ccKUNV1D.s:3399   .text.lv_anim_is_paused:00000000 lv_anim_is_paused
C:\Users\w1785\AppData\Local\Temp\ccKUNV1D.s:3431   .text.lv_anim_pause:00000000 $t
C:\Users\w1785\AppData\Local\Temp\ccKUNV1D.s:3437   .text.lv_anim_pause:00000000 lv_anim_pause
C:\Users\w1785\AppData\Local\Temp\ccKUNV1D.s:3477   .text.lv_anim_pause_for:00000000 $t
C:\Users\w1785\AppData\Local\Temp\ccKUNV1D.s:3483   .text.lv_anim_pause_for:00000000 lv_anim_pause_for
C:\Users\w1785\AppData\Local\Temp\ccKUNV1D.s:3522   .text.lv_anim_resume:00000000 $t
C:\Users\w1785\AppData\Local\Temp\ccKUNV1D.s:3528   .text.lv_anim_resume:00000000 lv_anim_resume
C:\Users\w1785\AppData\Local\Temp\ccKUNV1D.s:3570   .text.lv_anim_resume:00000028 $d

UNDEFINED SYMBOLS
lv_tick_get
lv_ll_remove
lv_free
lv_global
lv_ll_get_head
lv_timer_pause
lv_display_unregister_vsync_event
lv_timer_resume
lv_display_register_vsync_event
lv_ll_get_next
lv_map
lv_cubic_bezier
lv_ll_init
lv_timer_create
lv_timer_delete
lv_memset
lv_ll_clear_custom
lv_bezier3
lv_tick_elaps
lv_ll_ins_head
lv_memcpy
