ARM GAS  C:\Users\w1785\AppData\Local\Temp\ccPkQ7zg.s 			page 1


   1              		.cpu cortex-m4
   2              		.arch armv7e-m
   3              		.fpu fpv4-sp-d16
   4              		.eabi_attribute 27, 1
   5              		.eabi_attribute 28, 1
   6              		.eabi_attribute 20, 1
   7              		.eabi_attribute 21, 1
   8              		.eabi_attribute 23, 3
   9              		.eabi_attribute 24, 1
  10              		.eabi_attribute 25, 1
  11              		.eabi_attribute 26, 1
  12              		.eabi_attribute 30, 1
  13              		.eabi_attribute 34, 1
  14              		.eabi_attribute 18, 4
  15              		.file	"lv_draw_image.c"
  16              		.text
  17              	.Ltext0:
  18              		.cfi_sections	.debug_frame
  19              		.file 1 "Middlewares/LVGL/lvgl/src/draw/lv_draw_image.c"
  20              		.section	.text.img_decode_and_draw,"ax",%progbits
  21              		.align	1
  22              		.syntax unified
  23              		.thumb
  24              		.thumb_func
  26              	img_decode_and_draw:
  27              	.LVL0:
  28              	.LFB208:
   1:Middlewares/LVGL/lvgl/src/draw/lv_draw_image.c **** /**
   2:Middlewares/LVGL/lvgl/src/draw/lv_draw_image.c ****  * @file lv_draw_image.c
   3:Middlewares/LVGL/lvgl/src/draw/lv_draw_image.c ****  *
   4:Middlewares/LVGL/lvgl/src/draw/lv_draw_image.c ****  */
   5:Middlewares/LVGL/lvgl/src/draw/lv_draw_image.c **** 
   6:Middlewares/LVGL/lvgl/src/draw/lv_draw_image.c **** /*********************
   7:Middlewares/LVGL/lvgl/src/draw/lv_draw_image.c ****  *      INCLUDES
   8:Middlewares/LVGL/lvgl/src/draw/lv_draw_image.c ****  *********************/
   9:Middlewares/LVGL/lvgl/src/draw/lv_draw_image.c **** #include "lv_draw_image_private.h"
  10:Middlewares/LVGL/lvgl/src/draw/lv_draw_image.c **** #include "../misc/lv_area_private.h"
  11:Middlewares/LVGL/lvgl/src/draw/lv_draw_image.c **** #include "lv_image_decoder_private.h"
  12:Middlewares/LVGL/lvgl/src/draw/lv_draw_image.c **** #include "lv_draw_private.h"
  13:Middlewares/LVGL/lvgl/src/draw/lv_draw_image.c **** #include "../display/lv_display.h"
  14:Middlewares/LVGL/lvgl/src/draw/lv_draw_image.c **** #include "../misc/lv_log.h"
  15:Middlewares/LVGL/lvgl/src/draw/lv_draw_image.c **** #include "../misc/lv_math.h"
  16:Middlewares/LVGL/lvgl/src/draw/lv_draw_image.c **** #include "../core/lv_refr.h"
  17:Middlewares/LVGL/lvgl/src/draw/lv_draw_image.c **** #include "../core/lv_obj_private.h"
  18:Middlewares/LVGL/lvgl/src/draw/lv_draw_image.c **** #include "../stdlib/lv_mem.h"
  19:Middlewares/LVGL/lvgl/src/draw/lv_draw_image.c **** #include "../stdlib/lv_string.h"
  20:Middlewares/LVGL/lvgl/src/draw/lv_draw_image.c **** 
  21:Middlewares/LVGL/lvgl/src/draw/lv_draw_image.c **** /*********************
  22:Middlewares/LVGL/lvgl/src/draw/lv_draw_image.c ****  *      DEFINES
  23:Middlewares/LVGL/lvgl/src/draw/lv_draw_image.c ****  *********************/
  24:Middlewares/LVGL/lvgl/src/draw/lv_draw_image.c **** 
  25:Middlewares/LVGL/lvgl/src/draw/lv_draw_image.c **** /**********************
  26:Middlewares/LVGL/lvgl/src/draw/lv_draw_image.c ****  *      TYPEDEFS
  27:Middlewares/LVGL/lvgl/src/draw/lv_draw_image.c ****  **********************/
  28:Middlewares/LVGL/lvgl/src/draw/lv_draw_image.c **** 
  29:Middlewares/LVGL/lvgl/src/draw/lv_draw_image.c **** /**********************
  30:Middlewares/LVGL/lvgl/src/draw/lv_draw_image.c ****  *  STATIC PROTOTYPES
ARM GAS  C:\Users\w1785\AppData\Local\Temp\ccPkQ7zg.s 			page 2


  31:Middlewares/LVGL/lvgl/src/draw/lv_draw_image.c ****  **********************/
  32:Middlewares/LVGL/lvgl/src/draw/lv_draw_image.c **** 
  33:Middlewares/LVGL/lvgl/src/draw/lv_draw_image.c **** static void img_decode_and_draw(lv_draw_task_t * t, const lv_draw_image_dsc_t * draw_dsc,
  34:Middlewares/LVGL/lvgl/src/draw/lv_draw_image.c ****                                 lv_image_decoder_dsc_t * decoder_dsc, lv_area_t * relative_decoded_
  35:Middlewares/LVGL/lvgl/src/draw/lv_draw_image.c ****                                 const lv_area_t * img_area, const lv_area_t * clipped_img_area,
  36:Middlewares/LVGL/lvgl/src/draw/lv_draw_image.c ****                                 lv_draw_image_core_cb draw_core_cb);
  37:Middlewares/LVGL/lvgl/src/draw/lv_draw_image.c **** 
  38:Middlewares/LVGL/lvgl/src/draw/lv_draw_image.c **** /**********************
  39:Middlewares/LVGL/lvgl/src/draw/lv_draw_image.c ****  *  STATIC VARIABLES
  40:Middlewares/LVGL/lvgl/src/draw/lv_draw_image.c ****  **********************/
  41:Middlewares/LVGL/lvgl/src/draw/lv_draw_image.c **** 
  42:Middlewares/LVGL/lvgl/src/draw/lv_draw_image.c **** /**********************
  43:Middlewares/LVGL/lvgl/src/draw/lv_draw_image.c ****  *      MACROS
  44:Middlewares/LVGL/lvgl/src/draw/lv_draw_image.c ****  **********************/
  45:Middlewares/LVGL/lvgl/src/draw/lv_draw_image.c **** 
  46:Middlewares/LVGL/lvgl/src/draw/lv_draw_image.c **** /**********************
  47:Middlewares/LVGL/lvgl/src/draw/lv_draw_image.c ****  *   GLOBAL FUNCTIONS
  48:Middlewares/LVGL/lvgl/src/draw/lv_draw_image.c ****  **********************/
  49:Middlewares/LVGL/lvgl/src/draw/lv_draw_image.c **** 
  50:Middlewares/LVGL/lvgl/src/draw/lv_draw_image.c **** void lv_draw_image_dsc_init(lv_draw_image_dsc_t * dsc)
  51:Middlewares/LVGL/lvgl/src/draw/lv_draw_image.c **** {
  52:Middlewares/LVGL/lvgl/src/draw/lv_draw_image.c ****     lv_memzero(dsc, sizeof(lv_draw_image_dsc_t));
  53:Middlewares/LVGL/lvgl/src/draw/lv_draw_image.c ****     dsc->recolor = lv_color_black();
  54:Middlewares/LVGL/lvgl/src/draw/lv_draw_image.c ****     dsc->opa = LV_OPA_COVER;
  55:Middlewares/LVGL/lvgl/src/draw/lv_draw_image.c ****     dsc->scale_x = LV_SCALE_NONE;
  56:Middlewares/LVGL/lvgl/src/draw/lv_draw_image.c ****     dsc->scale_y = LV_SCALE_NONE;
  57:Middlewares/LVGL/lvgl/src/draw/lv_draw_image.c ****     dsc->antialias = LV_COLOR_DEPTH > 8 ? 1 : 0;
  58:Middlewares/LVGL/lvgl/src/draw/lv_draw_image.c ****     dsc->image_area.x2 = LV_COORD_MIN;   /*Indicate invalid area by default by setting a negative s
  59:Middlewares/LVGL/lvgl/src/draw/lv_draw_image.c ****     dsc->base.dsc_size = sizeof(lv_draw_image_dsc_t);
  60:Middlewares/LVGL/lvgl/src/draw/lv_draw_image.c **** }
  61:Middlewares/LVGL/lvgl/src/draw/lv_draw_image.c **** 
  62:Middlewares/LVGL/lvgl/src/draw/lv_draw_image.c **** lv_draw_image_dsc_t * lv_draw_task_get_image_dsc(lv_draw_task_t * task)
  63:Middlewares/LVGL/lvgl/src/draw/lv_draw_image.c **** {
  64:Middlewares/LVGL/lvgl/src/draw/lv_draw_image.c ****     return task->type == LV_DRAW_TASK_TYPE_IMAGE ? (lv_draw_image_dsc_t *)task->draw_dsc : NULL;
  65:Middlewares/LVGL/lvgl/src/draw/lv_draw_image.c **** }
  66:Middlewares/LVGL/lvgl/src/draw/lv_draw_image.c **** 
  67:Middlewares/LVGL/lvgl/src/draw/lv_draw_image.c **** void lv_draw_layer(lv_layer_t * layer, const lv_draw_image_dsc_t * dsc, const lv_area_t * coords)
  68:Middlewares/LVGL/lvgl/src/draw/lv_draw_image.c **** {
  69:Middlewares/LVGL/lvgl/src/draw/lv_draw_image.c ****     if(dsc->scale_x <= 0 || dsc->scale_y <= 0) {
  70:Middlewares/LVGL/lvgl/src/draw/lv_draw_image.c ****         /* NOT draw if scale is negative or zero */
  71:Middlewares/LVGL/lvgl/src/draw/lv_draw_image.c ****         return;
  72:Middlewares/LVGL/lvgl/src/draw/lv_draw_image.c ****     }
  73:Middlewares/LVGL/lvgl/src/draw/lv_draw_image.c **** 
  74:Middlewares/LVGL/lvgl/src/draw/lv_draw_image.c ****     LV_PROFILER_DRAW_BEGIN;
  75:Middlewares/LVGL/lvgl/src/draw/lv_draw_image.c **** 
  76:Middlewares/LVGL/lvgl/src/draw/lv_draw_image.c ****     lv_draw_task_t * t = lv_draw_add_task(layer, coords, LV_DRAW_TASK_TYPE_LAYER);
  77:Middlewares/LVGL/lvgl/src/draw/lv_draw_image.c ****     lv_draw_image_dsc_t * new_image_dsc = t->draw_dsc;
  78:Middlewares/LVGL/lvgl/src/draw/lv_draw_image.c ****     lv_memcpy(new_image_dsc, dsc, sizeof(*dsc));
  79:Middlewares/LVGL/lvgl/src/draw/lv_draw_image.c ****     t->state = LV_DRAW_TASK_STATE_BLOCKED;
  80:Middlewares/LVGL/lvgl/src/draw/lv_draw_image.c **** 
  81:Middlewares/LVGL/lvgl/src/draw/lv_draw_image.c ****     lv_image_buf_get_transformed_area(&t->_real_area, lv_area_get_width(coords), lv_area_get_height
  82:Middlewares/LVGL/lvgl/src/draw/lv_draw_image.c ****                                       dsc->rotation, dsc->scale_x, dsc->scale_y, &dsc->pivot);
  83:Middlewares/LVGL/lvgl/src/draw/lv_draw_image.c ****     lv_area_move(&t->_real_area, coords->x1, coords->y1);
  84:Middlewares/LVGL/lvgl/src/draw/lv_draw_image.c **** 
  85:Middlewares/LVGL/lvgl/src/draw/lv_draw_image.c ****     /*If the image_area is not set assume that it's the same as the rendering area */
  86:Middlewares/LVGL/lvgl/src/draw/lv_draw_image.c ****     if(new_image_dsc->image_area.x2 == LV_COORD_MIN) {
  87:Middlewares/LVGL/lvgl/src/draw/lv_draw_image.c ****         new_image_dsc->image_area = *coords;
ARM GAS  C:\Users\w1785\AppData\Local\Temp\ccPkQ7zg.s 			page 3


  88:Middlewares/LVGL/lvgl/src/draw/lv_draw_image.c ****     }
  89:Middlewares/LVGL/lvgl/src/draw/lv_draw_image.c **** 
  90:Middlewares/LVGL/lvgl/src/draw/lv_draw_image.c ****     lv_layer_t * layer_to_draw = (lv_layer_t *)dsc->src;
  91:Middlewares/LVGL/lvgl/src/draw/lv_draw_image.c ****     layer_to_draw->all_tasks_added = true;
  92:Middlewares/LVGL/lvgl/src/draw/lv_draw_image.c **** 
  93:Middlewares/LVGL/lvgl/src/draw/lv_draw_image.c ****     lv_draw_finalize_task_creation(layer, t);
  94:Middlewares/LVGL/lvgl/src/draw/lv_draw_image.c **** 
  95:Middlewares/LVGL/lvgl/src/draw/lv_draw_image.c ****     LV_PROFILER_DRAW_END;
  96:Middlewares/LVGL/lvgl/src/draw/lv_draw_image.c **** }
  97:Middlewares/LVGL/lvgl/src/draw/lv_draw_image.c **** 
  98:Middlewares/LVGL/lvgl/src/draw/lv_draw_image.c **** void lv_draw_image(lv_layer_t * layer, const lv_draw_image_dsc_t * dsc, const lv_area_t * image_coo
  99:Middlewares/LVGL/lvgl/src/draw/lv_draw_image.c **** {
 100:Middlewares/LVGL/lvgl/src/draw/lv_draw_image.c ****     if(dsc->src == NULL) {
 101:Middlewares/LVGL/lvgl/src/draw/lv_draw_image.c ****         LV_LOG_WARN("Image draw: src is NULL");
 102:Middlewares/LVGL/lvgl/src/draw/lv_draw_image.c ****         return;
 103:Middlewares/LVGL/lvgl/src/draw/lv_draw_image.c ****     }
 104:Middlewares/LVGL/lvgl/src/draw/lv_draw_image.c ****     if(dsc->opa <= LV_OPA_MIN) return;
 105:Middlewares/LVGL/lvgl/src/draw/lv_draw_image.c **** 
 106:Middlewares/LVGL/lvgl/src/draw/lv_draw_image.c ****     if(dsc->scale_x <= 0 || dsc->scale_y <= 0) {
 107:Middlewares/LVGL/lvgl/src/draw/lv_draw_image.c ****         /* NOT draw if scale is negative or zero */
 108:Middlewares/LVGL/lvgl/src/draw/lv_draw_image.c ****         return;
 109:Middlewares/LVGL/lvgl/src/draw/lv_draw_image.c ****     }
 110:Middlewares/LVGL/lvgl/src/draw/lv_draw_image.c **** 
 111:Middlewares/LVGL/lvgl/src/draw/lv_draw_image.c ****     LV_PROFILER_DRAW_BEGIN;
 112:Middlewares/LVGL/lvgl/src/draw/lv_draw_image.c **** 
 113:Middlewares/LVGL/lvgl/src/draw/lv_draw_image.c ****     if(dsc->base.drop_shadow_opa) {
 114:Middlewares/LVGL/lvgl/src/draw/lv_draw_image.c ****         lv_layer_t * ds_layer = lv_draw_layer_create_drop_shadow(layer, &dsc->base, image_coords);
 115:Middlewares/LVGL/lvgl/src/draw/lv_draw_image.c ****         LV_ASSERT_NULL(ds_layer);
 116:Middlewares/LVGL/lvgl/src/draw/lv_draw_image.c ****         lv_draw_image_dsc_t ds_dsc = *dsc;
 117:Middlewares/LVGL/lvgl/src/draw/lv_draw_image.c ****         ds_dsc.base.drop_shadow_opa = 0; /*Disable drop shadow so rendering below will render plain
 118:Middlewares/LVGL/lvgl/src/draw/lv_draw_image.c ****         lv_draw_image(ds_layer, &ds_dsc, image_coords);
 119:Middlewares/LVGL/lvgl/src/draw/lv_draw_image.c ****         lv_draw_layer_finish_drop_shadow(ds_layer, &dsc->base);
 120:Middlewares/LVGL/lvgl/src/draw/lv_draw_image.c ****     }
 121:Middlewares/LVGL/lvgl/src/draw/lv_draw_image.c **** 
 122:Middlewares/LVGL/lvgl/src/draw/lv_draw_image.c ****     lv_draw_image_dsc_t new_image_dsc;
 123:Middlewares/LVGL/lvgl/src/draw/lv_draw_image.c ****     lv_memcpy(&new_image_dsc, dsc, sizeof(*dsc));
 124:Middlewares/LVGL/lvgl/src/draw/lv_draw_image.c ****     lv_result_t res = lv_image_decoder_get_info(new_image_dsc.src, &new_image_dsc.header);
 125:Middlewares/LVGL/lvgl/src/draw/lv_draw_image.c ****     if(res != LV_RESULT_OK) {
 126:Middlewares/LVGL/lvgl/src/draw/lv_draw_image.c ****         LV_LOG_WARN("Couldn't get info about the image");
 127:Middlewares/LVGL/lvgl/src/draw/lv_draw_image.c ****         LV_PROFILER_DRAW_END;
 128:Middlewares/LVGL/lvgl/src/draw/lv_draw_image.c ****         return;
 129:Middlewares/LVGL/lvgl/src/draw/lv_draw_image.c ****     }
 130:Middlewares/LVGL/lvgl/src/draw/lv_draw_image.c **** 
 131:Middlewares/LVGL/lvgl/src/draw/lv_draw_image.c ****     /*If the image_area is not set assume that it's the same as the rendering area */
 132:Middlewares/LVGL/lvgl/src/draw/lv_draw_image.c ****     if(new_image_dsc.image_area.x2 == LV_COORD_MIN) {
 133:Middlewares/LVGL/lvgl/src/draw/lv_draw_image.c ****         new_image_dsc.image_area = *image_coords;
 134:Middlewares/LVGL/lvgl/src/draw/lv_draw_image.c ****     }
 135:Middlewares/LVGL/lvgl/src/draw/lv_draw_image.c **** 
 136:Middlewares/LVGL/lvgl/src/draw/lv_draw_image.c ****     /*Typical case, draw the image as bitmap*/
 137:Middlewares/LVGL/lvgl/src/draw/lv_draw_image.c ****     if(!(new_image_dsc.header.flags & LV_IMAGE_FLAGS_CUSTOM_DRAW)) {
 138:Middlewares/LVGL/lvgl/src/draw/lv_draw_image.c ****         lv_draw_task_t * t = lv_draw_add_task(layer, image_coords, LV_DRAW_TASK_TYPE_IMAGE);
 139:Middlewares/LVGL/lvgl/src/draw/lv_draw_image.c ****         lv_memcpy(t->draw_dsc, &new_image_dsc, sizeof(lv_draw_image_dsc_t));
 140:Middlewares/LVGL/lvgl/src/draw/lv_draw_image.c **** 
 141:Middlewares/LVGL/lvgl/src/draw/lv_draw_image.c ****         lv_image_buf_get_transformed_area(&t->_real_area, lv_area_get_width(image_coords), lv_area_
 142:Middlewares/LVGL/lvgl/src/draw/lv_draw_image.c ****                                           dsc->rotation, dsc->scale_x, dsc->scale_y, &dsc->pivot);
 143:Middlewares/LVGL/lvgl/src/draw/lv_draw_image.c ****         lv_area_move(&t->_real_area, image_coords->x1, image_coords->y1);
 144:Middlewares/LVGL/lvgl/src/draw/lv_draw_image.c **** 
ARM GAS  C:\Users\w1785\AppData\Local\Temp\ccPkQ7zg.s 			page 4


 145:Middlewares/LVGL/lvgl/src/draw/lv_draw_image.c ****         lv_draw_finalize_task_creation(layer, t);
 146:Middlewares/LVGL/lvgl/src/draw/lv_draw_image.c ****     }
 147:Middlewares/LVGL/lvgl/src/draw/lv_draw_image.c ****     /*Use a custom draw callback*/
 148:Middlewares/LVGL/lvgl/src/draw/lv_draw_image.c ****     else {
 149:Middlewares/LVGL/lvgl/src/draw/lv_draw_image.c **** 
 150:Middlewares/LVGL/lvgl/src/draw/lv_draw_image.c ****         lv_image_decoder_dsc_t decoder_dsc;
 151:Middlewares/LVGL/lvgl/src/draw/lv_draw_image.c ****         res = lv_image_decoder_open(&decoder_dsc, new_image_dsc.src, NULL);
 152:Middlewares/LVGL/lvgl/src/draw/lv_draw_image.c ****         if(res != LV_RESULT_OK) {
 153:Middlewares/LVGL/lvgl/src/draw/lv_draw_image.c ****             LV_LOG_ERROR("Failed to open image");
 154:Middlewares/LVGL/lvgl/src/draw/lv_draw_image.c ****             LV_PROFILER_DRAW_END;
 155:Middlewares/LVGL/lvgl/src/draw/lv_draw_image.c ****             return;
 156:Middlewares/LVGL/lvgl/src/draw/lv_draw_image.c ****         }
 157:Middlewares/LVGL/lvgl/src/draw/lv_draw_image.c **** 
 158:Middlewares/LVGL/lvgl/src/draw/lv_draw_image.c ****         if(decoder_dsc.decoder && decoder_dsc.decoder->custom_draw_cb) {
 159:Middlewares/LVGL/lvgl/src/draw/lv_draw_image.c ****             lv_area_t draw_area = layer->buf_area;
 160:Middlewares/LVGL/lvgl/src/draw/lv_draw_image.c ****             lv_area_t coords_area = *image_coords;
 161:Middlewares/LVGL/lvgl/src/draw/lv_draw_image.c **** 
 162:Middlewares/LVGL/lvgl/src/draw/lv_draw_image.c ****             lv_area_t obj_area = dsc->base.obj->coords;
 163:Middlewares/LVGL/lvgl/src/draw/lv_draw_image.c ****             if(layer->parent) { /* child layer */
 164:Middlewares/LVGL/lvgl/src/draw/lv_draw_image.c ****                 if(lv_area_intersect(&coords_area, &coords_area, &obj_area)) {
 165:Middlewares/LVGL/lvgl/src/draw/lv_draw_image.c ****                     int32_t xpos = image_coords->x1 - draw_area.x1;
 166:Middlewares/LVGL/lvgl/src/draw/lv_draw_image.c ****                     int32_t ypos = image_coords->y1 - draw_area.y1;
 167:Middlewares/LVGL/lvgl/src/draw/lv_draw_image.c **** 
 168:Middlewares/LVGL/lvgl/src/draw/lv_draw_image.c ****                     lv_area_move(&coords_area, -(image_coords->x1 - xpos), -(image_coords->y1 - ypo
 169:Middlewares/LVGL/lvgl/src/draw/lv_draw_image.c ****                     layer->_clip_area = coords_area;
 170:Middlewares/LVGL/lvgl/src/draw/lv_draw_image.c ****                     decoder_dsc.decoder->custom_draw_cb(layer, &decoder_dsc, &coords_area, &new_ima
 171:Middlewares/LVGL/lvgl/src/draw/lv_draw_image.c ****                 }
 172:Middlewares/LVGL/lvgl/src/draw/lv_draw_image.c ****             }
 173:Middlewares/LVGL/lvgl/src/draw/lv_draw_image.c ****             else {
 174:Middlewares/LVGL/lvgl/src/draw/lv_draw_image.c ****                 lv_area_t clip_area = draw_area;
 175:Middlewares/LVGL/lvgl/src/draw/lv_draw_image.c ****                 if(lv_area_intersect(&clip_area, &clip_area, &coords_area)) {
 176:Middlewares/LVGL/lvgl/src/draw/lv_draw_image.c **** 
 177:Middlewares/LVGL/lvgl/src/draw/lv_draw_image.c ****                     lv_image_buf_get_transformed_area(&coords_area, lv_area_get_width(image_coords)
 178:Middlewares/LVGL/lvgl/src/draw/lv_draw_image.c ****                                                       dsc->rotation, dsc->scale_x, dsc->scale_y, &d
 179:Middlewares/LVGL/lvgl/src/draw/lv_draw_image.c ****                     lv_area_move(&coords_area, image_coords->x1, image_coords->y1);
 180:Middlewares/LVGL/lvgl/src/draw/lv_draw_image.c **** 
 181:Middlewares/LVGL/lvgl/src/draw/lv_draw_image.c ****                     lv_image_buf_get_transformed_area(&clip_area, lv_area_get_width(image_coords), 
 182:Middlewares/LVGL/lvgl/src/draw/lv_draw_image.c ****                                                       dsc->rotation, dsc->scale_x, dsc->scale_y, &d
 183:Middlewares/LVGL/lvgl/src/draw/lv_draw_image.c ****                     lv_area_move(&clip_area, image_coords->x1, image_coords->y1);
 184:Middlewares/LVGL/lvgl/src/draw/lv_draw_image.c **** 
 185:Middlewares/LVGL/lvgl/src/draw/lv_draw_image.c ****                     if(lv_area_intersect(&clip_area, &clip_area, &obj_area)) {
 186:Middlewares/LVGL/lvgl/src/draw/lv_draw_image.c ****                         decoder_dsc.decoder->custom_draw_cb(layer, &decoder_dsc, &coords_area, &new
 187:Middlewares/LVGL/lvgl/src/draw/lv_draw_image.c ****                     }
 188:Middlewares/LVGL/lvgl/src/draw/lv_draw_image.c ****                 }
 189:Middlewares/LVGL/lvgl/src/draw/lv_draw_image.c ****             }
 190:Middlewares/LVGL/lvgl/src/draw/lv_draw_image.c **** 
 191:Middlewares/LVGL/lvgl/src/draw/lv_draw_image.c ****         }
 192:Middlewares/LVGL/lvgl/src/draw/lv_draw_image.c **** 
 193:Middlewares/LVGL/lvgl/src/draw/lv_draw_image.c ****         lv_image_decoder_close(&decoder_dsc);
 194:Middlewares/LVGL/lvgl/src/draw/lv_draw_image.c ****     }
 195:Middlewares/LVGL/lvgl/src/draw/lv_draw_image.c **** 
 196:Middlewares/LVGL/lvgl/src/draw/lv_draw_image.c ****     LV_PROFILER_DRAW_END;
 197:Middlewares/LVGL/lvgl/src/draw/lv_draw_image.c **** }
 198:Middlewares/LVGL/lvgl/src/draw/lv_draw_image.c **** 
 199:Middlewares/LVGL/lvgl/src/draw/lv_draw_image.c **** lv_image_src_t lv_image_src_get_type(const void * src)
 200:Middlewares/LVGL/lvgl/src/draw/lv_draw_image.c **** {
 201:Middlewares/LVGL/lvgl/src/draw/lv_draw_image.c ****     if(src == NULL) return LV_IMAGE_SRC_UNKNOWN;
ARM GAS  C:\Users\w1785\AppData\Local\Temp\ccPkQ7zg.s 			page 5


 202:Middlewares/LVGL/lvgl/src/draw/lv_draw_image.c ****     const uint8_t * u8_p = src;
 203:Middlewares/LVGL/lvgl/src/draw/lv_draw_image.c **** 
 204:Middlewares/LVGL/lvgl/src/draw/lv_draw_image.c ****     /*The first byte shows the type of the image source*/
 205:Middlewares/LVGL/lvgl/src/draw/lv_draw_image.c ****     if(u8_p[0] >= 0x20 && u8_p[0] <= 0x7F) {
 206:Middlewares/LVGL/lvgl/src/draw/lv_draw_image.c ****         return LV_IMAGE_SRC_FILE; /*If it's an ASCII character then it's file name*/
 207:Middlewares/LVGL/lvgl/src/draw/lv_draw_image.c ****     }
 208:Middlewares/LVGL/lvgl/src/draw/lv_draw_image.c ****     else if(u8_p[0] >= 0x80) {
 209:Middlewares/LVGL/lvgl/src/draw/lv_draw_image.c ****         return LV_IMAGE_SRC_SYMBOL; /*Symbols begins after 0x7F*/
 210:Middlewares/LVGL/lvgl/src/draw/lv_draw_image.c ****     }
 211:Middlewares/LVGL/lvgl/src/draw/lv_draw_image.c ****     else {
 212:Middlewares/LVGL/lvgl/src/draw/lv_draw_image.c ****         return LV_IMAGE_SRC_VARIABLE; /*`lv_image_dsc_t` is draw to the first byte < 0x20*/
 213:Middlewares/LVGL/lvgl/src/draw/lv_draw_image.c ****     }
 214:Middlewares/LVGL/lvgl/src/draw/lv_draw_image.c **** }
 215:Middlewares/LVGL/lvgl/src/draw/lv_draw_image.c **** 
 216:Middlewares/LVGL/lvgl/src/draw/lv_draw_image.c **** void lv_draw_image_normal_helper(lv_draw_task_t * t, const lv_draw_image_dsc_t * draw_dsc,
 217:Middlewares/LVGL/lvgl/src/draw/lv_draw_image.c ****                                  const lv_area_t * coords, lv_draw_image_core_cb draw_core_cb,
 218:Middlewares/LVGL/lvgl/src/draw/lv_draw_image.c ****                                  const lv_image_decoder_args_t * decoder_args)
 219:Middlewares/LVGL/lvgl/src/draw/lv_draw_image.c **** {
 220:Middlewares/LVGL/lvgl/src/draw/lv_draw_image.c ****     if(draw_core_cb == NULL) {
 221:Middlewares/LVGL/lvgl/src/draw/lv_draw_image.c ****         LV_LOG_WARN("draw_core_cb is NULL");
 222:Middlewares/LVGL/lvgl/src/draw/lv_draw_image.c ****         return;
 223:Middlewares/LVGL/lvgl/src/draw/lv_draw_image.c ****     }
 224:Middlewares/LVGL/lvgl/src/draw/lv_draw_image.c **** 
 225:Middlewares/LVGL/lvgl/src/draw/lv_draw_image.c ****     lv_area_t draw_area;
 226:Middlewares/LVGL/lvgl/src/draw/lv_draw_image.c ****     lv_area_copy(&draw_area, coords);
 227:Middlewares/LVGL/lvgl/src/draw/lv_draw_image.c ****     if(draw_dsc->rotation || draw_dsc->scale_x != LV_SCALE_NONE || draw_dsc->scale_y != LV_SCALE_NO
 228:Middlewares/LVGL/lvgl/src/draw/lv_draw_image.c ****         int32_t w = lv_area_get_width(coords);
 229:Middlewares/LVGL/lvgl/src/draw/lv_draw_image.c ****         int32_t h = lv_area_get_height(coords);
 230:Middlewares/LVGL/lvgl/src/draw/lv_draw_image.c **** 
 231:Middlewares/LVGL/lvgl/src/draw/lv_draw_image.c ****         lv_image_buf_get_transformed_area(&draw_area, w, h, draw_dsc->rotation, draw_dsc->scale_x, 
 232:Middlewares/LVGL/lvgl/src/draw/lv_draw_image.c ****                                           &draw_dsc->pivot);
 233:Middlewares/LVGL/lvgl/src/draw/lv_draw_image.c **** 
 234:Middlewares/LVGL/lvgl/src/draw/lv_draw_image.c ****         draw_area.x1 += coords->x1;
 235:Middlewares/LVGL/lvgl/src/draw/lv_draw_image.c ****         draw_area.y1 += coords->y1;
 236:Middlewares/LVGL/lvgl/src/draw/lv_draw_image.c ****         draw_area.x2 += coords->x1;
 237:Middlewares/LVGL/lvgl/src/draw/lv_draw_image.c ****         draw_area.y2 += coords->y1;
 238:Middlewares/LVGL/lvgl/src/draw/lv_draw_image.c ****     }
 239:Middlewares/LVGL/lvgl/src/draw/lv_draw_image.c **** 
 240:Middlewares/LVGL/lvgl/src/draw/lv_draw_image.c ****     lv_area_t clipped_img_area;
 241:Middlewares/LVGL/lvgl/src/draw/lv_draw_image.c ****     if(!lv_area_intersect(&clipped_img_area, &draw_area, &t->clip_area)) {
 242:Middlewares/LVGL/lvgl/src/draw/lv_draw_image.c ****         return;
 243:Middlewares/LVGL/lvgl/src/draw/lv_draw_image.c ****     }
 244:Middlewares/LVGL/lvgl/src/draw/lv_draw_image.c **** 
 245:Middlewares/LVGL/lvgl/src/draw/lv_draw_image.c ****     lv_image_decoder_dsc_t decoder_dsc;
 246:Middlewares/LVGL/lvgl/src/draw/lv_draw_image.c ****     lv_result_t res = lv_image_decoder_open(&decoder_dsc, draw_dsc->src, decoder_args);
 247:Middlewares/LVGL/lvgl/src/draw/lv_draw_image.c ****     if(res != LV_RESULT_OK) {
 248:Middlewares/LVGL/lvgl/src/draw/lv_draw_image.c ****         LV_LOG_ERROR("Failed to open image");
 249:Middlewares/LVGL/lvgl/src/draw/lv_draw_image.c ****         return;
 250:Middlewares/LVGL/lvgl/src/draw/lv_draw_image.c ****     }
 251:Middlewares/LVGL/lvgl/src/draw/lv_draw_image.c **** 
 252:Middlewares/LVGL/lvgl/src/draw/lv_draw_image.c ****     img_decode_and_draw(t, draw_dsc, &decoder_dsc, NULL, coords, &clipped_img_area, draw_core_cb);
 253:Middlewares/LVGL/lvgl/src/draw/lv_draw_image.c **** 
 254:Middlewares/LVGL/lvgl/src/draw/lv_draw_image.c ****     lv_image_decoder_close(&decoder_dsc);
 255:Middlewares/LVGL/lvgl/src/draw/lv_draw_image.c **** }
 256:Middlewares/LVGL/lvgl/src/draw/lv_draw_image.c **** 
 257:Middlewares/LVGL/lvgl/src/draw/lv_draw_image.c **** void lv_draw_image_tiled_helper(lv_draw_task_t * t, const lv_draw_image_dsc_t * draw_dsc,
 258:Middlewares/LVGL/lvgl/src/draw/lv_draw_image.c ****                                 const lv_area_t * coords, lv_draw_image_core_cb draw_core_cb,
ARM GAS  C:\Users\w1785\AppData\Local\Temp\ccPkQ7zg.s 			page 6


 259:Middlewares/LVGL/lvgl/src/draw/lv_draw_image.c ****                                 const lv_image_decoder_args_t * decoder_args)
 260:Middlewares/LVGL/lvgl/src/draw/lv_draw_image.c **** {
 261:Middlewares/LVGL/lvgl/src/draw/lv_draw_image.c ****     if(draw_core_cb == NULL) {
 262:Middlewares/LVGL/lvgl/src/draw/lv_draw_image.c ****         LV_LOG_WARN("draw_core_cb is NULL");
 263:Middlewares/LVGL/lvgl/src/draw/lv_draw_image.c ****         return;
 264:Middlewares/LVGL/lvgl/src/draw/lv_draw_image.c ****     }
 265:Middlewares/LVGL/lvgl/src/draw/lv_draw_image.c **** 
 266:Middlewares/LVGL/lvgl/src/draw/lv_draw_image.c ****     lv_image_decoder_dsc_t decoder_dsc;
 267:Middlewares/LVGL/lvgl/src/draw/lv_draw_image.c ****     lv_result_t res = lv_image_decoder_open(&decoder_dsc, draw_dsc->src, decoder_args);
 268:Middlewares/LVGL/lvgl/src/draw/lv_draw_image.c ****     if(res != LV_RESULT_OK) {
 269:Middlewares/LVGL/lvgl/src/draw/lv_draw_image.c ****         LV_LOG_ERROR("Failed to open image");
 270:Middlewares/LVGL/lvgl/src/draw/lv_draw_image.c ****         return;
 271:Middlewares/LVGL/lvgl/src/draw/lv_draw_image.c ****     }
 272:Middlewares/LVGL/lvgl/src/draw/lv_draw_image.c **** 
 273:Middlewares/LVGL/lvgl/src/draw/lv_draw_image.c ****     int32_t img_w = draw_dsc->header.w;
 274:Middlewares/LVGL/lvgl/src/draw/lv_draw_image.c ****     int32_t img_h = draw_dsc->header.h;
 275:Middlewares/LVGL/lvgl/src/draw/lv_draw_image.c **** 
 276:Middlewares/LVGL/lvgl/src/draw/lv_draw_image.c ****     lv_area_t tile_area;
 277:Middlewares/LVGL/lvgl/src/draw/lv_draw_image.c ****     if(lv_area_get_width(&draw_dsc->image_area) >= 0) {
 278:Middlewares/LVGL/lvgl/src/draw/lv_draw_image.c ****         tile_area = draw_dsc->image_area;
 279:Middlewares/LVGL/lvgl/src/draw/lv_draw_image.c ****     }
 280:Middlewares/LVGL/lvgl/src/draw/lv_draw_image.c ****     else {
 281:Middlewares/LVGL/lvgl/src/draw/lv_draw_image.c ****         tile_area = *coords;
 282:Middlewares/LVGL/lvgl/src/draw/lv_draw_image.c ****     }
 283:Middlewares/LVGL/lvgl/src/draw/lv_draw_image.c ****     lv_area_set_width(&tile_area, img_w);
 284:Middlewares/LVGL/lvgl/src/draw/lv_draw_image.c ****     lv_area_set_height(&tile_area, img_h);
 285:Middlewares/LVGL/lvgl/src/draw/lv_draw_image.c **** 
 286:Middlewares/LVGL/lvgl/src/draw/lv_draw_image.c ****     int32_t tile_x_start = tile_area.x1;
 287:Middlewares/LVGL/lvgl/src/draw/lv_draw_image.c **** 
 288:Middlewares/LVGL/lvgl/src/draw/lv_draw_image.c ****     lv_area_t relative_decoded_area = {
 289:Middlewares/LVGL/lvgl/src/draw/lv_draw_image.c ****         .x1 = LV_COORD_MIN,
 290:Middlewares/LVGL/lvgl/src/draw/lv_draw_image.c ****         .y1 = LV_COORD_MIN,
 291:Middlewares/LVGL/lvgl/src/draw/lv_draw_image.c ****         .x2 = LV_COORD_MIN,
 292:Middlewares/LVGL/lvgl/src/draw/lv_draw_image.c ****         .y2 = LV_COORD_MIN,
 293:Middlewares/LVGL/lvgl/src/draw/lv_draw_image.c ****     };
 294:Middlewares/LVGL/lvgl/src/draw/lv_draw_image.c **** 
 295:Middlewares/LVGL/lvgl/src/draw/lv_draw_image.c ****     while(tile_area.y1 <= coords->y2) {
 296:Middlewares/LVGL/lvgl/src/draw/lv_draw_image.c ****         while(tile_area.x1 <= coords->x2) {
 297:Middlewares/LVGL/lvgl/src/draw/lv_draw_image.c **** 
 298:Middlewares/LVGL/lvgl/src/draw/lv_draw_image.c ****             lv_area_t clipped_img_area;
 299:Middlewares/LVGL/lvgl/src/draw/lv_draw_image.c ****             if(lv_area_intersect(&clipped_img_area, &tile_area, coords)) {
 300:Middlewares/LVGL/lvgl/src/draw/lv_draw_image.c ****                 img_decode_and_draw(t, draw_dsc, &decoder_dsc, &relative_decoded_area, &tile_area, 
 301:Middlewares/LVGL/lvgl/src/draw/lv_draw_image.c ****                                     draw_core_cb);
 302:Middlewares/LVGL/lvgl/src/draw/lv_draw_image.c ****             }
 303:Middlewares/LVGL/lvgl/src/draw/lv_draw_image.c **** 
 304:Middlewares/LVGL/lvgl/src/draw/lv_draw_image.c ****             tile_area.x1 += img_w;
 305:Middlewares/LVGL/lvgl/src/draw/lv_draw_image.c ****             tile_area.x2 += img_w;
 306:Middlewares/LVGL/lvgl/src/draw/lv_draw_image.c ****         }
 307:Middlewares/LVGL/lvgl/src/draw/lv_draw_image.c **** 
 308:Middlewares/LVGL/lvgl/src/draw/lv_draw_image.c ****         tile_area.y1 += img_h;
 309:Middlewares/LVGL/lvgl/src/draw/lv_draw_image.c ****         tile_area.y2 += img_h;
 310:Middlewares/LVGL/lvgl/src/draw/lv_draw_image.c ****         tile_area.x1 = tile_x_start;
 311:Middlewares/LVGL/lvgl/src/draw/lv_draw_image.c ****         tile_area.x2 = tile_x_start + img_w - 1;
 312:Middlewares/LVGL/lvgl/src/draw/lv_draw_image.c ****     }
 313:Middlewares/LVGL/lvgl/src/draw/lv_draw_image.c **** 
 314:Middlewares/LVGL/lvgl/src/draw/lv_draw_image.c ****     lv_image_decoder_close(&decoder_dsc);
 315:Middlewares/LVGL/lvgl/src/draw/lv_draw_image.c **** }
ARM GAS  C:\Users\w1785\AppData\Local\Temp\ccPkQ7zg.s 			page 7


 316:Middlewares/LVGL/lvgl/src/draw/lv_draw_image.c **** 
 317:Middlewares/LVGL/lvgl/src/draw/lv_draw_image.c **** void lv_image_buf_get_transformed_area(lv_area_t * res, int32_t w, int32_t h, int32_t angle,
 318:Middlewares/LVGL/lvgl/src/draw/lv_draw_image.c ****                                        uint16_t scale_x, uint16_t scale_y, const lv_point_t * pivot
 319:Middlewares/LVGL/lvgl/src/draw/lv_draw_image.c **** {
 320:Middlewares/LVGL/lvgl/src/draw/lv_draw_image.c ****     if(angle == 0 && scale_x == LV_SCALE_NONE && scale_y == LV_SCALE_NONE) {
 321:Middlewares/LVGL/lvgl/src/draw/lv_draw_image.c ****         res->x1 = 0;
 322:Middlewares/LVGL/lvgl/src/draw/lv_draw_image.c ****         res->y1 = 0;
 323:Middlewares/LVGL/lvgl/src/draw/lv_draw_image.c ****         res->x2 = w - 1;
 324:Middlewares/LVGL/lvgl/src/draw/lv_draw_image.c ****         res->y2 = h - 1;
 325:Middlewares/LVGL/lvgl/src/draw/lv_draw_image.c ****         return;
 326:Middlewares/LVGL/lvgl/src/draw/lv_draw_image.c ****     }
 327:Middlewares/LVGL/lvgl/src/draw/lv_draw_image.c **** 
 328:Middlewares/LVGL/lvgl/src/draw/lv_draw_image.c ****     lv_point_t p[4] = {
 329:Middlewares/LVGL/lvgl/src/draw/lv_draw_image.c ****         {0, 0},
 330:Middlewares/LVGL/lvgl/src/draw/lv_draw_image.c ****         {w, 0},
 331:Middlewares/LVGL/lvgl/src/draw/lv_draw_image.c ****         {0, h},
 332:Middlewares/LVGL/lvgl/src/draw/lv_draw_image.c ****         {w, h},
 333:Middlewares/LVGL/lvgl/src/draw/lv_draw_image.c ****     };
 334:Middlewares/LVGL/lvgl/src/draw/lv_draw_image.c ****     lv_point_transform(&p[0], angle, scale_x, scale_y, pivot, true);
 335:Middlewares/LVGL/lvgl/src/draw/lv_draw_image.c ****     lv_point_transform(&p[1], angle, scale_x, scale_y, pivot, true);
 336:Middlewares/LVGL/lvgl/src/draw/lv_draw_image.c ****     lv_point_transform(&p[2], angle, scale_x, scale_y, pivot, true);
 337:Middlewares/LVGL/lvgl/src/draw/lv_draw_image.c ****     lv_point_transform(&p[3], angle, scale_x, scale_y, pivot, true);
 338:Middlewares/LVGL/lvgl/src/draw/lv_draw_image.c ****     res->x1 = LV_MIN4(p[0].x, p[1].x, p[2].x, p[3].x);
 339:Middlewares/LVGL/lvgl/src/draw/lv_draw_image.c ****     res->x2 = LV_MAX4(p[0].x, p[1].x, p[2].x, p[3].x) - 1;
 340:Middlewares/LVGL/lvgl/src/draw/lv_draw_image.c ****     res->y1 = LV_MIN4(p[0].y, p[1].y, p[2].y, p[3].y);
 341:Middlewares/LVGL/lvgl/src/draw/lv_draw_image.c ****     res->y2 = LV_MAX4(p[0].y, p[1].y, p[2].y, p[3].y) - 1;
 342:Middlewares/LVGL/lvgl/src/draw/lv_draw_image.c **** }
 343:Middlewares/LVGL/lvgl/src/draw/lv_draw_image.c **** 
 344:Middlewares/LVGL/lvgl/src/draw/lv_draw_image.c **** /**********************
 345:Middlewares/LVGL/lvgl/src/draw/lv_draw_image.c ****  *   STATIC FUNCTIONS
 346:Middlewares/LVGL/lvgl/src/draw/lv_draw_image.c ****  **********************/
 347:Middlewares/LVGL/lvgl/src/draw/lv_draw_image.c **** 
 348:Middlewares/LVGL/lvgl/src/draw/lv_draw_image.c **** static void img_decode_and_draw(lv_draw_task_t * t, const lv_draw_image_dsc_t * draw_dsc,
 349:Middlewares/LVGL/lvgl/src/draw/lv_draw_image.c ****                                 lv_image_decoder_dsc_t * decoder_dsc, lv_area_t * relative_decoded_
 350:Middlewares/LVGL/lvgl/src/draw/lv_draw_image.c ****                                 const lv_area_t * img_area, const lv_area_t * clipped_img_area,
 351:Middlewares/LVGL/lvgl/src/draw/lv_draw_image.c ****                                 lv_draw_image_core_cb draw_core_cb)
 352:Middlewares/LVGL/lvgl/src/draw/lv_draw_image.c **** {
  29              		.loc 1 352 1 view -0
  30              		.cfi_startproc
  31              		@ args = 12, pretend = 0, frame = 80
  32              		@ frame_needed = 0, uses_anonymous_args = 0
  33              		.loc 1 352 1 is_stmt 0 view .LVU1
  34 0000 2DE9F04F 		push	{r4, r5, r6, r7, r8, r9, r10, fp, lr}
  35              	.LCFI0:
  36              		.cfi_def_cfa_offset 36
  37              		.cfi_offset 4, -36
  38              		.cfi_offset 5, -32
  39              		.cfi_offset 6, -28
  40              		.cfi_offset 7, -24
  41              		.cfi_offset 8, -20
  42              		.cfi_offset 9, -16
  43              		.cfi_offset 10, -12
  44              		.cfi_offset 11, -8
  45              		.cfi_offset 14, -4
  46 0004 97B0     		sub	sp, sp, #92
  47              	.LCFI1:
  48              		.cfi_def_cfa_offset 128
ARM GAS  C:\Users\w1785\AppData\Local\Temp\ccPkQ7zg.s 			page 8


  49 0006 8246     		mov	r10, r0
  50 0008 8846     		mov	r8, r1
  51 000a 9346     		mov	fp, r2
  52 000c 1C46     		mov	r4, r3
  53 000e 209E     		ldr	r6, [sp, #128]
  54 0010 DDF88490 		ldr	r9, [sp, #132]
 353:Middlewares/LVGL/lvgl/src/draw/lv_draw_image.c ****     lv_draw_image_sup_t sup;
  55              		.loc 1 353 5 is_stmt 1 view .LVU2
 354:Middlewares/LVGL/lvgl/src/draw/lv_draw_image.c ****     sup.alpha_color = draw_dsc->recolor;
  56              		.loc 1 354 5 view .LVU3
  57              		.loc 1 354 21 is_stmt 0 view .LVU4
  58 0014 8B6D     		ldr	r3, [r1, #88]
  59              	.LVL1:
  60              		.loc 1 354 21 view .LVU5
  61 0016 ADF84C30 		strh	r3, [sp, #76]	@ movhi
  62 001a 1B0C     		lsrs	r3, r3, #16
  63 001c 8DF84E30 		strb	r3, [sp, #78]
 355:Middlewares/LVGL/lvgl/src/draw/lv_draw_image.c ****     sup.palette = decoder_dsc->palette;
  64              		.loc 1 355 5 is_stmt 1 view .LVU6
  65              		.loc 1 355 30 is_stmt 0 view .LVU7
  66 0020 136B     		ldr	r3, [r2, #48]
  67              		.loc 1 355 17 view .LVU8
  68 0022 1493     		str	r3, [sp, #80]
 356:Middlewares/LVGL/lvgl/src/draw/lv_draw_image.c ****     sup.palette_size = decoder_dsc->palette_size;
  69              		.loc 1 356 5 is_stmt 1 view .LVU9
  70              		.loc 1 356 35 is_stmt 0 view .LVU10
  71 0024 526B     		ldr	r2, [r2, #52]
  72              	.LVL2:
  73              		.loc 1 356 22 view .LVU11
  74 0026 BDF85430 		ldrh	r3, [sp, #84]
  75 002a 62F30803 		bfi	r3, r2, #0, #9
  76 002e ADF85430 		strh	r3, [sp, #84]	@ movhi
 357:Middlewares/LVGL/lvgl/src/draw/lv_draw_image.c **** 
 358:Middlewares/LVGL/lvgl/src/draw/lv_draw_image.c ****     /*The whole image is available, just draw it*/
 359:Middlewares/LVGL/lvgl/src/draw/lv_draw_image.c ****     if(decoder_dsc->decoded && (relative_decoded_area == NULL || relative_decoded_area->x1 == LV_CO
  77              		.loc 1 359 5 is_stmt 1 view .LVU12
  78              		.loc 1 359 19 is_stmt 0 view .LVU13
  79 0032 DBF82C30 		ldr	r3, [fp, #44]
  80              		.loc 1 359 7 view .LVU14
  81 0036 2BB1     		cbz	r3, .L2
  82              		.loc 1 359 29 discriminator 1 view .LVU15
  83 0038 002C     		cmp	r4, #0
  84 003a 3ED0     		beq	.L3
  85              		.loc 1 359 87 discriminator 2 view .LVU16
  86 003c 2268     		ldr	r2, [r4]
  87              		.loc 1 359 63 discriminator 2 view .LVU17
  88 003e 264B     		ldr	r3, .L13
  89 0040 9A42     		cmp	r2, r3
  90 0042 3AD0     		beq	.L3
  91              	.L2:
  92              	.LBB7:
 360:Middlewares/LVGL/lvgl/src/draw/lv_draw_image.c ****         draw_core_cb(t, draw_dsc, decoder_dsc, &sup, img_area, clipped_img_area);
 361:Middlewares/LVGL/lvgl/src/draw/lv_draw_image.c ****     }
 362:Middlewares/LVGL/lvgl/src/draw/lv_draw_image.c ****     /*Draw in smaller pieces*/
 363:Middlewares/LVGL/lvgl/src/draw/lv_draw_image.c ****     else {
 364:Middlewares/LVGL/lvgl/src/draw/lv_draw_image.c ****         lv_area_t relative_full_area_to_decode = *clipped_img_area;
  93              		.loc 1 364 9 is_stmt 1 view .LVU18
ARM GAS  C:\Users\w1785\AppData\Local\Temp\ccPkQ7zg.s 			page 9


  94              		.loc 1 364 19 is_stmt 0 view .LVU19
  95 0044 03AD     		add	r5, sp, #12
  96 0046 99E80F00 		ldm	r9, {r0, r1, r2, r3}
  97              	.LVL3:
  98              		.loc 1 364 19 view .LVU20
  99 004a 85E80F00 		stm	r5, {r0, r1, r2, r3}
 365:Middlewares/LVGL/lvgl/src/draw/lv_draw_image.c ****         lv_area_move(&relative_full_area_to_decode, -img_area->x1, -img_area->y1);
 100              		.loc 1 365 9 is_stmt 1 view .LVU21
 101              		.loc 1 365 62 is_stmt 0 view .LVU22
 102 004e 3168     		ldr	r1, [r6]
 103              		.loc 1 365 77 view .LVU23
 104 0050 7268     		ldr	r2, [r6, #4]
 105              		.loc 1 365 9 view .LVU24
 106 0052 5242     		rsbs	r2, r2, #0
 107 0054 4942     		rsbs	r1, r1, #0
 108 0056 2846     		mov	r0, r5
 109 0058 FFF7FEFF 		bl	lv_area_move
 110              	.LVL4:
 366:Middlewares/LVGL/lvgl/src/draw/lv_draw_image.c ****         lv_area_t tmp;
 111              		.loc 1 366 9 is_stmt 1 view .LVU25
 367:Middlewares/LVGL/lvgl/src/draw/lv_draw_image.c ****         if(relative_decoded_area == NULL) relative_decoded_area = &tmp;
 112              		.loc 1 367 9 view .LVU26
 113              		.loc 1 367 11 is_stmt 0 view .LVU27
 114 005c 002C     		cmp	r4, #0
 115 005e 38D0     		beq	.L12
 116              	.LVL5:
 117              	.L5:
 368:Middlewares/LVGL/lvgl/src/draw/lv_draw_image.c ****         relative_decoded_area->x1 = LV_COORD_MIN;
 118              		.loc 1 368 9 is_stmt 1 view .LVU28
 119              		.loc 1 368 35 is_stmt 0 view .LVU29
 120 0060 1D4B     		ldr	r3, .L13
 121 0062 2360     		str	r3, [r4]
 369:Middlewares/LVGL/lvgl/src/draw/lv_draw_image.c ****         relative_decoded_area->y1 = LV_COORD_MIN;
 122              		.loc 1 369 9 is_stmt 1 view .LVU30
 123              		.loc 1 369 35 is_stmt 0 view .LVU31
 124 0064 6360     		str	r3, [r4, #4]
 370:Middlewares/LVGL/lvgl/src/draw/lv_draw_image.c ****         relative_decoded_area->x2 = LV_COORD_MIN;
 125              		.loc 1 370 9 is_stmt 1 view .LVU32
 126              		.loc 1 370 35 is_stmt 0 view .LVU33
 127 0066 A360     		str	r3, [r4, #8]
 371:Middlewares/LVGL/lvgl/src/draw/lv_draw_image.c ****         relative_decoded_area->y2 = LV_COORD_MIN;
 128              		.loc 1 371 9 is_stmt 1 view .LVU34
 129              		.loc 1 371 35 is_stmt 0 view .LVU35
 130 0068 E360     		str	r3, [r4, #12]
 372:Middlewares/LVGL/lvgl/src/draw/lv_draw_image.c ****         lv_result_t res = LV_RESULT_OK;
 131              		.loc 1 372 9 is_stmt 1 view .LVU36
 132              	.LVL6:
 373:Middlewares/LVGL/lvgl/src/draw/lv_draw_image.c **** 
 374:Middlewares/LVGL/lvgl/src/draw/lv_draw_image.c ****         while(res == LV_RESULT_OK) {
 133              		.loc 1 374 9 view .LVU37
 372:Middlewares/LVGL/lvgl/src/draw/lv_draw_image.c ****         lv_result_t res = LV_RESULT_OK;
 134              		.loc 1 372 21 is_stmt 0 view .LVU38
 135 006a 0125     		movs	r5, #1
 136              	.LVL7:
 137              	.L6:
 138              		.loc 1 374 19 is_stmt 1 view .LVU39
 139 006c 012D     		cmp	r5, #1
ARM GAS  C:\Users\w1785\AppData\Local\Temp\ccPkQ7zg.s 			page 10


 140 006e 2DD1     		bne	.L1
 141              	.LBB8:
 375:Middlewares/LVGL/lvgl/src/draw/lv_draw_image.c ****             res = lv_image_decoder_get_area(decoder_dsc, &relative_full_area_to_decode, relative_de
 142              		.loc 1 375 13 view .LVU40
 143              		.loc 1 375 19 is_stmt 0 view .LVU41
 144 0070 2246     		mov	r2, r4
 145 0072 03A9     		add	r1, sp, #12
 146 0074 5846     		mov	r0, fp
 147 0076 FFF7FEFF 		bl	lv_image_decoder_get_area
 148              	.LVL8:
 149 007a 0546     		mov	r5, r0
 150              	.LVL9:
 376:Middlewares/LVGL/lvgl/src/draw/lv_draw_image.c **** 
 377:Middlewares/LVGL/lvgl/src/draw/lv_draw_image.c ****             lv_area_t absolute_decoded_area = *relative_decoded_area;
 151              		.loc 1 377 13 is_stmt 1 view .LVU42
 152              		.loc 1 377 23 is_stmt 0 view .LVU43
 153 007c 0DF12C0C 		add	ip, sp, #44
 154 0080 94E80F00 		ldm	r4, {r0, r1, r2, r3}
 155 0084 8CE80F00 		stm	ip, {r0, r1, r2, r3}
 378:Middlewares/LVGL/lvgl/src/draw/lv_draw_image.c ****             lv_area_move(&absolute_decoded_area, img_area->x1, img_area->y1);
 156              		.loc 1 378 13 is_stmt 1 view .LVU44
 157 0088 7268     		ldr	r2, [r6, #4]
 158 008a 3168     		ldr	r1, [r6]
 159 008c 6046     		mov	r0, ip
 160 008e FFF7FEFF 		bl	lv_area_move
 161              	.LVL10:
 379:Middlewares/LVGL/lvgl/src/draw/lv_draw_image.c ****             if(res == LV_RESULT_OK) {
 162              		.loc 1 379 13 view .LVU45
 163              		.loc 1 379 15 is_stmt 0 view .LVU46
 164 0092 012D     		cmp	r5, #1
 165 0094 EAD1     		bne	.L6
 166              	.LBB9:
 380:Middlewares/LVGL/lvgl/src/draw/lv_draw_image.c ****                 /*Limit draw area to the current decoded area and draw the image*/
 381:Middlewares/LVGL/lvgl/src/draw/lv_draw_image.c ****                 lv_area_t clipped_img_area_sub;
 167              		.loc 1 381 17 is_stmt 1 view .LVU47
 382:Middlewares/LVGL/lvgl/src/draw/lv_draw_image.c ****                 if(lv_area_intersect(&clipped_img_area_sub, clipped_img_area, &absolute_decoded_are
 168              		.loc 1 382 17 view .LVU48
 169              		.loc 1 382 20 is_stmt 0 view .LVU49
 170 0096 0BAA     		add	r2, sp, #44
 171 0098 4946     		mov	r1, r9
 172 009a 0FA8     		add	r0, sp, #60
 173 009c FFF7FEFF 		bl	lv_area_intersect
 174              	.LVL11:
 175              		.loc 1 382 19 discriminator 1 view .LVU50
 176 00a0 0028     		cmp	r0, #0
 177 00a2 E3D0     		beq	.L6
 383:Middlewares/LVGL/lvgl/src/draw/lv_draw_image.c ****                     draw_core_cb(t, draw_dsc, decoder_dsc, &sup,
 178              		.loc 1 383 21 is_stmt 1 view .LVU51
 179 00a4 0FAB     		add	r3, sp, #60
 180 00a6 0193     		str	r3, [sp, #4]
 181 00a8 0BAB     		add	r3, sp, #44
 182 00aa 0093     		str	r3, [sp]
 183 00ac 13AB     		add	r3, sp, #76
 184 00ae 5A46     		mov	r2, fp
 185 00b0 4146     		mov	r1, r8
 186 00b2 5046     		mov	r0, r10
 187 00b4 229F     		ldr	r7, [sp, #136]
ARM GAS  C:\Users\w1785\AppData\Local\Temp\ccPkQ7zg.s 			page 11


 188 00b6 B847     		blx	r7
 189              	.LVL12:
 190 00b8 D8E7     		b	.L6
 191              	.LVL13:
 192              	.L3:
 193              		.loc 1 383 21 is_stmt 0 view .LVU52
 194              	.LBE9:
 195              	.LBE8:
 196              	.LBE7:
 360:Middlewares/LVGL/lvgl/src/draw/lv_draw_image.c ****     }
 197              		.loc 1 360 9 is_stmt 1 view .LVU53
 198 00ba CDF80490 		str	r9, [sp, #4]
 199 00be 0096     		str	r6, [sp]
 200 00c0 13AB     		add	r3, sp, #76
 201 00c2 5A46     		mov	r2, fp
 202 00c4 4146     		mov	r1, r8
 203              	.LVL14:
 360:Middlewares/LVGL/lvgl/src/draw/lv_draw_image.c ****     }
 204              		.loc 1 360 9 is_stmt 0 view .LVU54
 205 00c6 5046     		mov	r0, r10
 206              	.LVL15:
 360:Middlewares/LVGL/lvgl/src/draw/lv_draw_image.c ****     }
 207              		.loc 1 360 9 view .LVU55
 208 00c8 229C     		ldr	r4, [sp, #136]
 209              	.LVL16:
 360:Middlewares/LVGL/lvgl/src/draw/lv_draw_image.c ****     }
 210              		.loc 1 360 9 view .LVU56
 211 00ca A047     		blx	r4
 212              	.LVL17:
 213              	.L1:
 384:Middlewares/LVGL/lvgl/src/draw/lv_draw_image.c ****                                  &absolute_decoded_area, &clipped_img_area_sub);
 385:Middlewares/LVGL/lvgl/src/draw/lv_draw_image.c ****                 }
 386:Middlewares/LVGL/lvgl/src/draw/lv_draw_image.c ****             }
 387:Middlewares/LVGL/lvgl/src/draw/lv_draw_image.c ****         }
 388:Middlewares/LVGL/lvgl/src/draw/lv_draw_image.c ****     }
 389:Middlewares/LVGL/lvgl/src/draw/lv_draw_image.c **** }
 214              		.loc 1 389 1 view .LVU57
 215 00cc 17B0     		add	sp, sp, #92
 216              	.LCFI2:
 217              		.cfi_remember_state
 218              		.cfi_def_cfa_offset 36
 219              		@ sp needed
 220 00ce BDE8F08F 		pop	{r4, r5, r6, r7, r8, r9, r10, fp, pc}
 221              	.LVL18:
 222              	.L12:
 223              	.LCFI3:
 224              		.cfi_restore_state
 225              	.LBB10:
 367:Middlewares/LVGL/lvgl/src/draw/lv_draw_image.c ****         relative_decoded_area->x1 = LV_COORD_MIN;
 226              		.loc 1 367 65 discriminator 1 view .LVU58
 227 00d2 07AC     		add	r4, sp, #28
 228              	.LVL19:
 367:Middlewares/LVGL/lvgl/src/draw/lv_draw_image.c ****         relative_decoded_area->x1 = LV_COORD_MIN;
 229              		.loc 1 367 65 discriminator 1 view .LVU59
 230 00d4 C4E7     		b	.L5
 231              	.L14:
 232 00d6 00BF     		.align	2
ARM GAS  C:\Users\w1785\AppData\Local\Temp\ccPkQ7zg.s 			page 12


 233              	.L13:
 234 00d8 010000E0 		.word	-536870911
 235              	.LBE10:
 236              		.cfi_endproc
 237              	.LFE208:
 239              		.section	.text.lv_draw_image_dsc_init,"ax",%progbits
 240              		.align	1
 241              		.global	lv_draw_image_dsc_init
 242              		.syntax unified
 243              		.thumb
 244              		.thumb_func
 246              	lv_draw_image_dsc_init:
 247              	.LVL20:
 248              	.LFB200:
  51:Middlewares/LVGL/lvgl/src/draw/lv_draw_image.c ****     lv_memzero(dsc, sizeof(lv_draw_image_dsc_t));
 249              		.loc 1 51 1 is_stmt 1 view -0
 250              		.cfi_startproc
 251              		@ args = 0, pretend = 0, frame = 0
 252              		@ frame_needed = 0, uses_anonymous_args = 0
  51:Middlewares/LVGL/lvgl/src/draw/lv_draw_image.c ****     lv_memzero(dsc, sizeof(lv_draw_image_dsc_t));
 253              		.loc 1 51 1 is_stmt 0 view .LVU61
 254 0000 10B5     		push	{r4, lr}
 255              	.LCFI4:
 256              		.cfi_def_cfa_offset 8
 257              		.cfi_offset 4, -8
 258              		.cfi_offset 14, -4
 259 0002 0446     		mov	r4, r0
  52:Middlewares/LVGL/lvgl/src/draw/lv_draw_image.c ****     dsc->recolor = lv_color_black();
 260              		.loc 1 52 5 is_stmt 1 view .LVU62
 261              	.LVL21:
 262              	.LBB11:
 263              	.LBI11:
 264              		.file 2 "Middlewares/LVGL/lvgl/src/draw/../misc/../font/../draw/../misc/../stdlib/lv_string.h"
   1:Middlewares/LVGL/lvgl/src/draw/../misc/../font/../draw/../misc/../stdlib/lv_string.h **** /**
   2:Middlewares/LVGL/lvgl/src/draw/../misc/../font/../draw/../misc/../stdlib/lv_string.h ****  * @file lv_string.h
   3:Middlewares/LVGL/lvgl/src/draw/../misc/../font/../draw/../misc/../stdlib/lv_string.h ****  *
   4:Middlewares/LVGL/lvgl/src/draw/../misc/../font/../draw/../misc/../stdlib/lv_string.h ****  */
   5:Middlewares/LVGL/lvgl/src/draw/../misc/../font/../draw/../misc/../stdlib/lv_string.h **** 
   6:Middlewares/LVGL/lvgl/src/draw/../misc/../font/../draw/../misc/../stdlib/lv_string.h **** #ifndef LV_STRING_H
   7:Middlewares/LVGL/lvgl/src/draw/../misc/../font/../draw/../misc/../stdlib/lv_string.h **** #define LV_STRING_H
   8:Middlewares/LVGL/lvgl/src/draw/../misc/../font/../draw/../misc/../stdlib/lv_string.h **** 
   9:Middlewares/LVGL/lvgl/src/draw/../misc/../font/../draw/../misc/../stdlib/lv_string.h **** #ifdef __cplusplus
  10:Middlewares/LVGL/lvgl/src/draw/../misc/../font/../draw/../misc/../stdlib/lv_string.h **** extern "C" {
  11:Middlewares/LVGL/lvgl/src/draw/../misc/../font/../draw/../misc/../stdlib/lv_string.h **** #endif
  12:Middlewares/LVGL/lvgl/src/draw/../misc/../font/../draw/../misc/../stdlib/lv_string.h **** 
  13:Middlewares/LVGL/lvgl/src/draw/../misc/../font/../draw/../misc/../stdlib/lv_string.h **** /*********************
  14:Middlewares/LVGL/lvgl/src/draw/../misc/../font/../draw/../misc/../stdlib/lv_string.h ****  *      INCLUDES
  15:Middlewares/LVGL/lvgl/src/draw/../misc/../font/../draw/../misc/../stdlib/lv_string.h ****  *********************/
  16:Middlewares/LVGL/lvgl/src/draw/../misc/../font/../draw/../misc/../stdlib/lv_string.h **** #include "../lv_conf_internal.h"
  17:Middlewares/LVGL/lvgl/src/draw/../misc/../font/../draw/../misc/../stdlib/lv_string.h **** #include "../misc/lv_types.h"
  18:Middlewares/LVGL/lvgl/src/draw/../misc/../font/../draw/../misc/../stdlib/lv_string.h **** 
  19:Middlewares/LVGL/lvgl/src/draw/../misc/../font/../draw/../misc/../stdlib/lv_string.h **** /*********************
  20:Middlewares/LVGL/lvgl/src/draw/../misc/../font/../draw/../misc/../stdlib/lv_string.h ****  *      DEFINES
  21:Middlewares/LVGL/lvgl/src/draw/../misc/../font/../draw/../misc/../stdlib/lv_string.h ****  *********************/
  22:Middlewares/LVGL/lvgl/src/draw/../misc/../font/../draw/../misc/../stdlib/lv_string.h **** 
  23:Middlewares/LVGL/lvgl/src/draw/../misc/../font/../draw/../misc/../stdlib/lv_string.h **** /**********************
  24:Middlewares/LVGL/lvgl/src/draw/../misc/../font/../draw/../misc/../stdlib/lv_string.h ****  *      TYPEDEFS
ARM GAS  C:\Users\w1785\AppData\Local\Temp\ccPkQ7zg.s 			page 13


  25:Middlewares/LVGL/lvgl/src/draw/../misc/../font/../draw/../misc/../stdlib/lv_string.h ****  **********************/
  26:Middlewares/LVGL/lvgl/src/draw/../misc/../font/../draw/../misc/../stdlib/lv_string.h **** 
  27:Middlewares/LVGL/lvgl/src/draw/../misc/../font/../draw/../misc/../stdlib/lv_string.h **** /**********************
  28:Middlewares/LVGL/lvgl/src/draw/../misc/../font/../draw/../misc/../stdlib/lv_string.h ****  * GLOBAL PROTOTYPES
  29:Middlewares/LVGL/lvgl/src/draw/../misc/../font/../draw/../misc/../stdlib/lv_string.h ****  **********************/
  30:Middlewares/LVGL/lvgl/src/draw/../misc/../font/../draw/../misc/../stdlib/lv_string.h **** 
  31:Middlewares/LVGL/lvgl/src/draw/../misc/../font/../draw/../misc/../stdlib/lv_string.h **** /**
  32:Middlewares/LVGL/lvgl/src/draw/../misc/../font/../draw/../misc/../stdlib/lv_string.h ****  * @brief Copies a block of memory from a source address to a destination address.
  33:Middlewares/LVGL/lvgl/src/draw/../misc/../font/../draw/../misc/../stdlib/lv_string.h ****  * @param dst Pointer to the destination array where the content is to be copied.
  34:Middlewares/LVGL/lvgl/src/draw/../misc/../font/../draw/../misc/../stdlib/lv_string.h ****  * @param src Pointer to the source of data to be copied.
  35:Middlewares/LVGL/lvgl/src/draw/../misc/../font/../draw/../misc/../stdlib/lv_string.h ****  * @param len Number of bytes to copy.
  36:Middlewares/LVGL/lvgl/src/draw/../misc/../font/../draw/../misc/../stdlib/lv_string.h ****  * @return Pointer to the destination array.
  37:Middlewares/LVGL/lvgl/src/draw/../misc/../font/../draw/../misc/../stdlib/lv_string.h ****  * @note The function does not check for any overlapping of the source and destination memory block
  38:Middlewares/LVGL/lvgl/src/draw/../misc/../font/../draw/../misc/../stdlib/lv_string.h ****  */
  39:Middlewares/LVGL/lvgl/src/draw/../misc/../font/../draw/../misc/../stdlib/lv_string.h **** void * lv_memcpy(void * dst, const void * src, size_t len);
  40:Middlewares/LVGL/lvgl/src/draw/../misc/../font/../draw/../misc/../stdlib/lv_string.h **** 
  41:Middlewares/LVGL/lvgl/src/draw/../misc/../font/../draw/../misc/../stdlib/lv_string.h **** /**
  42:Middlewares/LVGL/lvgl/src/draw/../misc/../font/../draw/../misc/../stdlib/lv_string.h ****  * @brief Fills a block of memory with a specified value.
  43:Middlewares/LVGL/lvgl/src/draw/../misc/../font/../draw/../misc/../stdlib/lv_string.h ****  * @param dst Pointer to the destination array to fill with the specified value.
  44:Middlewares/LVGL/lvgl/src/draw/../misc/../font/../draw/../misc/../stdlib/lv_string.h ****  * @param v Value to be set. The value is passed as an int, but the function fills
  45:Middlewares/LVGL/lvgl/src/draw/../misc/../font/../draw/../misc/../stdlib/lv_string.h ****  *          the block of memory using the unsigned char conversion of this value.
  46:Middlewares/LVGL/lvgl/src/draw/../misc/../font/../draw/../misc/../stdlib/lv_string.h ****  * @param len Number of bytes to be set to the value.
  47:Middlewares/LVGL/lvgl/src/draw/../misc/../font/../draw/../misc/../stdlib/lv_string.h ****  */
  48:Middlewares/LVGL/lvgl/src/draw/../misc/../font/../draw/../misc/../stdlib/lv_string.h **** void lv_memset(void * dst, uint8_t v, size_t len);
  49:Middlewares/LVGL/lvgl/src/draw/../misc/../font/../draw/../misc/../stdlib/lv_string.h **** 
  50:Middlewares/LVGL/lvgl/src/draw/../misc/../font/../draw/../misc/../stdlib/lv_string.h **** /**
  51:Middlewares/LVGL/lvgl/src/draw/../misc/../font/../draw/../misc/../stdlib/lv_string.h ****  * @brief Move a block of memory from source to destination
  52:Middlewares/LVGL/lvgl/src/draw/../misc/../font/../draw/../misc/../stdlib/lv_string.h ****  * @param dst Pointer to the destination array where the content is to be copied.
  53:Middlewares/LVGL/lvgl/src/draw/../misc/../font/../draw/../misc/../stdlib/lv_string.h ****  * @param src Pointer to the source of data to be copied.
  54:Middlewares/LVGL/lvgl/src/draw/../misc/../font/../draw/../misc/../stdlib/lv_string.h ****  * @param len Number of bytes to copy
  55:Middlewares/LVGL/lvgl/src/draw/../misc/../font/../draw/../misc/../stdlib/lv_string.h ****  * @return Pointer to the destination array.
  56:Middlewares/LVGL/lvgl/src/draw/../misc/../font/../draw/../misc/../stdlib/lv_string.h ****  */
  57:Middlewares/LVGL/lvgl/src/draw/../misc/../font/../draw/../misc/../stdlib/lv_string.h **** void * lv_memmove(void * dst, const void * src, size_t len);
  58:Middlewares/LVGL/lvgl/src/draw/../misc/../font/../draw/../misc/../stdlib/lv_string.h **** 
  59:Middlewares/LVGL/lvgl/src/draw/../misc/../font/../draw/../misc/../stdlib/lv_string.h **** /**
  60:Middlewares/LVGL/lvgl/src/draw/../misc/../font/../draw/../misc/../stdlib/lv_string.h ****  * @brief This function will compare two memory blocks
  61:Middlewares/LVGL/lvgl/src/draw/../misc/../font/../draw/../misc/../stdlib/lv_string.h ****  * @param p1 Pointer to the first memory block
  62:Middlewares/LVGL/lvgl/src/draw/../misc/../font/../draw/../misc/../stdlib/lv_string.h ****  * @param p2 Pointer to the second memory block
  63:Middlewares/LVGL/lvgl/src/draw/../misc/../font/../draw/../misc/../stdlib/lv_string.h ****  * @param len Number of bytes to compare
  64:Middlewares/LVGL/lvgl/src/draw/../misc/../font/../draw/../misc/../stdlib/lv_string.h ****  * @return The difference between the value of the first unmatching byte.
  65:Middlewares/LVGL/lvgl/src/draw/../misc/../font/../draw/../misc/../stdlib/lv_string.h ****  */
  66:Middlewares/LVGL/lvgl/src/draw/../misc/../font/../draw/../misc/../stdlib/lv_string.h **** int lv_memcmp(const void * p1, const void * p2, size_t len);
  67:Middlewares/LVGL/lvgl/src/draw/../misc/../font/../draw/../misc/../stdlib/lv_string.h **** 
  68:Middlewares/LVGL/lvgl/src/draw/../misc/../font/../draw/../misc/../stdlib/lv_string.h **** /**
  69:Middlewares/LVGL/lvgl/src/draw/../misc/../font/../draw/../misc/../stdlib/lv_string.h ****  * Same as `memset(dst, 0x00, len)`.
  70:Middlewares/LVGL/lvgl/src/draw/../misc/../font/../draw/../misc/../stdlib/lv_string.h ****  * @param dst pointer to the destination buffer
  71:Middlewares/LVGL/lvgl/src/draw/../misc/../font/../draw/../misc/../stdlib/lv_string.h ****  * @param len number of byte to set
  72:Middlewares/LVGL/lvgl/src/draw/../misc/../font/../draw/../misc/../stdlib/lv_string.h ****  */
  73:Middlewares/LVGL/lvgl/src/draw/../misc/../font/../draw/../misc/../stdlib/lv_string.h **** static inline void lv_memzero(void * dst, size_t len)
 265              		.loc 2 73 20 view .LVU63
 266              	.LBB12:
  74:Middlewares/LVGL/lvgl/src/draw/../misc/../font/../draw/../misc/../stdlib/lv_string.h **** {
  75:Middlewares/LVGL/lvgl/src/draw/../misc/../font/../draw/../misc/../stdlib/lv_string.h ****     lv_memset(dst, 0x00, len);
 267              		.loc 2 75 5 view .LVU64
 268 0004 7C22     		movs	r2, #124
 269 0006 0021     		movs	r1, #0
 270 0008 FFF7FEFF 		bl	lv_memset
ARM GAS  C:\Users\w1785\AppData\Local\Temp\ccPkQ7zg.s 			page 14


 271              	.LVL22:
 272              		.loc 2 75 5 is_stmt 0 view .LVU65
 273              	.LBE12:
 274              	.LBE11:
  53:Middlewares/LVGL/lvgl/src/draw/lv_draw_image.c ****     dsc->opa = LV_OPA_COVER;
 275              		.loc 1 53 5 is_stmt 1 view .LVU66
  53:Middlewares/LVGL/lvgl/src/draw/lv_draw_image.c ****     dsc->opa = LV_OPA_COVER;
 276              		.loc 1 53 20 is_stmt 0 view .LVU67
 277 000c FFF7FEFF 		bl	lv_color_black
 278              	.LVL23:
 279 0010 84F85800 		strb	r0, [r4, #88]
 280 0014 C0F30723 		ubfx	r3, r0, #8, #8
 281 0018 84F85930 		strb	r3, [r4, #89]
 282 001c C0F30740 		ubfx	r0, r0, #16, #8
 283 0020 84F85A00 		strb	r0, [r4, #90]
  54:Middlewares/LVGL/lvgl/src/draw/lv_draw_image.c ****     dsc->scale_x = LV_SCALE_NONE;
 284              		.loc 1 54 5 is_stmt 1 view .LVU68
  54:Middlewares/LVGL/lvgl/src/draw/lv_draw_image.c ****     dsc->scale_x = LV_SCALE_NONE;
 285              		.loc 1 54 14 is_stmt 0 view .LVU69
 286 0024 FF23     		movs	r3, #255
 287 0026 84F85C30 		strb	r3, [r4, #92]
  55:Middlewares/LVGL/lvgl/src/draw/lv_draw_image.c ****     dsc->scale_y = LV_SCALE_NONE;
 288              		.loc 1 55 5 is_stmt 1 view .LVU70
  55:Middlewares/LVGL/lvgl/src/draw/lv_draw_image.c ****     dsc->scale_y = LV_SCALE_NONE;
 289              		.loc 1 55 18 is_stmt 0 view .LVU71
 290 002a 4FF48073 		mov	r3, #256
 291 002e 2364     		str	r3, [r4, #64]
  56:Middlewares/LVGL/lvgl/src/draw/lv_draw_image.c ****     dsc->antialias = LV_COLOR_DEPTH > 8 ? 1 : 0;
 292              		.loc 1 56 5 is_stmt 1 view .LVU72
  56:Middlewares/LVGL/lvgl/src/draw/lv_draw_image.c ****     dsc->antialias = LV_COLOR_DEPTH > 8 ? 1 : 0;
 293              		.loc 1 56 18 is_stmt 0 view .LVU73
 294 0030 6364     		str	r3, [r4, #68]
  57:Middlewares/LVGL/lvgl/src/draw/lv_draw_image.c ****     dsc->image_area.x2 = LV_COORD_MIN;   /*Indicate invalid area by default by setting a negative s
 295              		.loc 1 57 5 is_stmt 1 view .LVU74
  57:Middlewares/LVGL/lvgl/src/draw/lv_draw_image.c ****     dsc->image_area.x2 = LV_COORD_MIN;   /*Indicate invalid area by default by setting a negative s
 296              		.loc 1 57 20 is_stmt 0 view .LVU75
 297 0032 94F85D30 		ldrb	r3, [r4, #93]	@ zero_extendqisi2
 298 0036 43F01003 		orr	r3, r3, #16
 299 003a 84F85D30 		strb	r3, [r4, #93]
  58:Middlewares/LVGL/lvgl/src/draw/lv_draw_image.c ****     dsc->base.dsc_size = sizeof(lv_draw_image_dsc_t);
 300              		.loc 1 58 5 is_stmt 1 view .LVU76
  58:Middlewares/LVGL/lvgl/src/draw/lv_draw_image.c ****     dsc->base.dsc_size = sizeof(lv_draw_image_dsc_t);
 301              		.loc 1 58 24 is_stmt 0 view .LVU77
 302 003e 024B     		ldr	r3, .L17
 303 0040 2367     		str	r3, [r4, #112]
  59:Middlewares/LVGL/lvgl/src/draw/lv_draw_image.c **** }
 304              		.loc 1 59 5 is_stmt 1 view .LVU78
  59:Middlewares/LVGL/lvgl/src/draw/lv_draw_image.c **** }
 305              		.loc 1 59 24 is_stmt 0 view .LVU79
 306 0042 7C23     		movs	r3, #124
 307 0044 2362     		str	r3, [r4, #32]
  60:Middlewares/LVGL/lvgl/src/draw/lv_draw_image.c **** 
 308              		.loc 1 60 1 view .LVU80
 309 0046 10BD     		pop	{r4, pc}
 310              	.LVL24:
 311              	.L18:
  60:Middlewares/LVGL/lvgl/src/draw/lv_draw_image.c **** 
ARM GAS  C:\Users\w1785\AppData\Local\Temp\ccPkQ7zg.s 			page 15


 312              		.loc 1 60 1 view .LVU81
 313              		.align	2
 314              	.L17:
 315 0048 010000E0 		.word	-536870911
 316              		.cfi_endproc
 317              	.LFE200:
 319              		.section	.text.lv_draw_task_get_image_dsc,"ax",%progbits
 320              		.align	1
 321              		.global	lv_draw_task_get_image_dsc
 322              		.syntax unified
 323              		.thumb
 324              		.thumb_func
 326              	lv_draw_task_get_image_dsc:
 327              	.LVL25:
 328              	.LFB201:
  63:Middlewares/LVGL/lvgl/src/draw/lv_draw_image.c ****     return task->type == LV_DRAW_TASK_TYPE_IMAGE ? (lv_draw_image_dsc_t *)task->draw_dsc : NULL;
 329              		.loc 1 63 1 is_stmt 1 view -0
 330              		.cfi_startproc
 331              		@ args = 0, pretend = 0, frame = 0
 332              		@ frame_needed = 0, uses_anonymous_args = 0
 333              		@ link register save eliminated.
  64:Middlewares/LVGL/lvgl/src/draw/lv_draw_image.c **** }
 334              		.loc 1 64 5 view .LVU83
  64:Middlewares/LVGL/lvgl/src/draw/lv_draw_image.c **** }
 335              		.loc 1 64 16 is_stmt 0 view .LVU84
 336 0000 0379     		ldrb	r3, [r0, #4]	@ zero_extendqisi2
  64:Middlewares/LVGL/lvgl/src/draw/lv_draw_image.c **** }
 337              		.loc 1 64 90 view .LVU85
 338 0002 062B     		cmp	r3, #6
 339 0004 01D1     		bne	.L21
  64:Middlewares/LVGL/lvgl/src/draw/lv_draw_image.c **** }
 340              		.loc 1 64 90 discriminator 1 view .LVU86
 341 0006 406D     		ldr	r0, [r0, #84]
 342              	.LVL26:
  64:Middlewares/LVGL/lvgl/src/draw/lv_draw_image.c **** }
 343              		.loc 1 64 90 discriminator 1 view .LVU87
 344 0008 7047     		bx	lr
 345              	.LVL27:
 346              	.L21:
  64:Middlewares/LVGL/lvgl/src/draw/lv_draw_image.c **** }
 347              		.loc 1 64 90 discriminator 2 view .LVU88
 348 000a 0020     		movs	r0, #0
 349              	.LVL28:
  65:Middlewares/LVGL/lvgl/src/draw/lv_draw_image.c **** 
 350              		.loc 1 65 1 view .LVU89
 351 000c 7047     		bx	lr
 352              		.cfi_endproc
 353              	.LFE201:
 355              		.section	.text.lv_image_src_get_type,"ax",%progbits
 356              		.align	1
 357              		.global	lv_image_src_get_type
 358              		.syntax unified
 359              		.thumb
 360              		.thumb_func
 362              	lv_image_src_get_type:
 363              	.LVL29:
 364              	.LFB204:
ARM GAS  C:\Users\w1785\AppData\Local\Temp\ccPkQ7zg.s 			page 16


 200:Middlewares/LVGL/lvgl/src/draw/lv_draw_image.c ****     if(src == NULL) return LV_IMAGE_SRC_UNKNOWN;
 365              		.loc 1 200 1 is_stmt 1 view -0
 366              		.cfi_startproc
 367              		@ args = 0, pretend = 0, frame = 0
 368              		@ frame_needed = 0, uses_anonymous_args = 0
 369              		@ link register save eliminated.
 201:Middlewares/LVGL/lvgl/src/draw/lv_draw_image.c ****     const uint8_t * u8_p = src;
 370              		.loc 1 201 5 view .LVU91
 201:Middlewares/LVGL/lvgl/src/draw/lv_draw_image.c ****     const uint8_t * u8_p = src;
 371              		.loc 1 201 7 is_stmt 0 view .LVU92
 372 0000 60B1     		cbz	r0, .L24
 202:Middlewares/LVGL/lvgl/src/draw/lv_draw_image.c **** 
 373              		.loc 1 202 5 is_stmt 1 view .LVU93
 374              	.LVL30:
 205:Middlewares/LVGL/lvgl/src/draw/lv_draw_image.c ****         return LV_IMAGE_SRC_FILE; /*If it's an ASCII character then it's file name*/
 375              		.loc 1 205 5 view .LVU94
 205:Middlewares/LVGL/lvgl/src/draw/lv_draw_image.c ****         return LV_IMAGE_SRC_FILE; /*If it's an ASCII character then it's file name*/
 376              		.loc 1 205 12 is_stmt 0 view .LVU95
 377 0002 0278     		ldrb	r2, [r0]	@ zero_extendqisi2
 205:Middlewares/LVGL/lvgl/src/draw/lv_draw_image.c ****         return LV_IMAGE_SRC_FILE; /*If it's an ASCII character then it's file name*/
 378              		.loc 1 205 24 view .LVU96
 379 0004 A2F12003 		sub	r3, r2, #32
 380 0008 DBB2     		uxtb	r3, r3
 205:Middlewares/LVGL/lvgl/src/draw/lv_draw_image.c ****         return LV_IMAGE_SRC_FILE; /*If it's an ASCII character then it's file name*/
 381              		.loc 1 205 7 view .LVU97
 382 000a 5F2B     		cmp	r3, #95
 383 000c 08D9     		bls	.L25
 208:Middlewares/LVGL/lvgl/src/draw/lv_draw_image.c ****         return LV_IMAGE_SRC_SYMBOL; /*Symbols begins after 0x7F*/
 384              		.loc 1 208 10 is_stmt 1 view .LVU98
 208:Middlewares/LVGL/lvgl/src/draw/lv_draw_image.c ****         return LV_IMAGE_SRC_SYMBOL; /*Symbols begins after 0x7F*/
 385              		.loc 1 208 12 is_stmt 0 view .LVU99
 386 000e 12F0800F 		tst	r2, #128
 387 0012 01D1     		bne	.L27
 212:Middlewares/LVGL/lvgl/src/draw/lv_draw_image.c ****     }
 388              		.loc 1 212 16 view .LVU100
 389 0014 0020     		movs	r0, #0
 390              	.LVL31:
 214:Middlewares/LVGL/lvgl/src/draw/lv_draw_image.c **** 
 391              		.loc 1 214 1 view .LVU101
 392 0016 7047     		bx	lr
 393              	.LVL32:
 394              	.L27:
 209:Middlewares/LVGL/lvgl/src/draw/lv_draw_image.c ****     }
 395              		.loc 1 209 16 view .LVU102
 396 0018 0220     		movs	r0, #2
 397              	.LVL33:
 209:Middlewares/LVGL/lvgl/src/draw/lv_draw_image.c ****     }
 398              		.loc 1 209 16 view .LVU103
 399 001a 7047     		bx	lr
 400              	.LVL34:
 401              	.L24:
 201:Middlewares/LVGL/lvgl/src/draw/lv_draw_image.c ****     const uint8_t * u8_p = src;
 402              		.loc 1 201 28 discriminator 1 view .LVU104
 403 001c 0320     		movs	r0, #3
 404              	.LVL35:
 201:Middlewares/LVGL/lvgl/src/draw/lv_draw_image.c ****     const uint8_t * u8_p = src;
 405              		.loc 1 201 28 discriminator 1 view .LVU105
ARM GAS  C:\Users\w1785\AppData\Local\Temp\ccPkQ7zg.s 			page 17


 406 001e 7047     		bx	lr
 407              	.LVL36:
 408              	.L25:
 206:Middlewares/LVGL/lvgl/src/draw/lv_draw_image.c ****     }
 409              		.loc 1 206 16 view .LVU106
 410 0020 0120     		movs	r0, #1
 411              	.LVL37:
 206:Middlewares/LVGL/lvgl/src/draw/lv_draw_image.c ****     }
 412              		.loc 1 206 16 view .LVU107
 413 0022 7047     		bx	lr
 414              		.cfi_endproc
 415              	.LFE204:
 417              		.section	.text.lv_draw_image_tiled_helper,"ax",%progbits
 418              		.align	1
 419              		.global	lv_draw_image_tiled_helper
 420              		.syntax unified
 421              		.thumb
 422              		.thumb_func
 424              	lv_draw_image_tiled_helper:
 425              	.LVL38:
 426              	.LFB206:
 260:Middlewares/LVGL/lvgl/src/draw/lv_draw_image.c ****     if(draw_core_cb == NULL) {
 427              		.loc 1 260 1 is_stmt 1 view -0
 428              		.cfi_startproc
 429              		@ args = 4, pretend = 0, frame = 128
 430              		@ frame_needed = 0, uses_anonymous_args = 0
 261:Middlewares/LVGL/lvgl/src/draw/lv_draw_image.c ****         LV_LOG_WARN("draw_core_cb is NULL");
 431              		.loc 1 261 5 view .LVU109
 261:Middlewares/LVGL/lvgl/src/draw/lv_draw_image.c ****         LV_LOG_WARN("draw_core_cb is NULL");
 432              		.loc 1 261 7 is_stmt 0 view .LVU110
 433 0000 002B     		cmp	r3, #0
 434 0002 6CD0     		beq	.L38
 260:Middlewares/LVGL/lvgl/src/draw/lv_draw_image.c ****     if(draw_core_cb == NULL) {
 435              		.loc 1 260 1 view .LVU111
 436 0004 2DE9F047 		push	{r4, r5, r6, r7, r8, r9, r10, lr}
 437              	.LCFI5:
 438              		.cfi_def_cfa_offset 32
 439              		.cfi_offset 4, -32
 440              		.cfi_offset 5, -28
 441              		.cfi_offset 6, -24
 442              		.cfi_offset 7, -20
 443              		.cfi_offset 8, -16
 444              		.cfi_offset 9, -12
 445              		.cfi_offset 10, -8
 446              		.cfi_offset 14, -4
 447 0008 A4B0     		sub	sp, sp, #144
 448              	.LCFI6:
 449              		.cfi_def_cfa_offset 176
 450 000a 0746     		mov	r7, r0
 451 000c 0E46     		mov	r6, r1
 452 000e 1446     		mov	r4, r2
 453 0010 9846     		mov	r8, r3
 266:Middlewares/LVGL/lvgl/src/draw/lv_draw_image.c ****     lv_result_t res = lv_image_decoder_open(&decoder_dsc, draw_dsc->src, decoder_args);
 454              		.loc 1 266 5 is_stmt 1 view .LVU112
 267:Middlewares/LVGL/lvgl/src/draw/lv_draw_image.c ****     if(res != LV_RESULT_OK) {
 455              		.loc 1 267 5 view .LVU113
 267:Middlewares/LVGL/lvgl/src/draw/lv_draw_image.c ****     if(res != LV_RESULT_OK) {
ARM GAS  C:\Users\w1785\AppData\Local\Temp\ccPkQ7zg.s 			page 18


 456              		.loc 1 267 23 is_stmt 0 view .LVU114
 457 0012 2C9A     		ldr	r2, [sp, #176]
 458              	.LVL39:
 267:Middlewares/LVGL/lvgl/src/draw/lv_draw_image.c ****     if(res != LV_RESULT_OK) {
 459              		.loc 1 267 23 view .LVU115
 460 0014 896A     		ldr	r1, [r1, #40]
 461              	.LVL40:
 267:Middlewares/LVGL/lvgl/src/draw/lv_draw_image.c ****     if(res != LV_RESULT_OK) {
 462              		.loc 1 267 23 view .LVU116
 463 0016 11A8     		add	r0, sp, #68
 464              	.LVL41:
 267:Middlewares/LVGL/lvgl/src/draw/lv_draw_image.c ****     if(res != LV_RESULT_OK) {
 465              		.loc 1 267 23 view .LVU117
 466 0018 FFF7FEFF 		bl	lv_image_decoder_open
 467              	.LVL42:
 268:Middlewares/LVGL/lvgl/src/draw/lv_draw_image.c ****         LV_LOG_ERROR("Failed to open image");
 468              		.loc 1 268 5 is_stmt 1 view .LVU118
 268:Middlewares/LVGL/lvgl/src/draw/lv_draw_image.c ****         LV_LOG_ERROR("Failed to open image");
 469              		.loc 1 268 7 is_stmt 0 view .LVU119
 470 001c 0128     		cmp	r0, #1
 471 001e 02D0     		beq	.L41
 472              	.LVL43:
 473              	.L28:
 315:Middlewares/LVGL/lvgl/src/draw/lv_draw_image.c **** 
 474              		.loc 1 315 1 view .LVU120
 475 0020 24B0     		add	sp, sp, #144
 476              	.LCFI7:
 477              		.cfi_remember_state
 478              		.cfi_def_cfa_offset 32
 479              		@ sp needed
 480 0022 BDE8F087 		pop	{r4, r5, r6, r7, r8, r9, r10, pc}
 481              	.LVL44:
 482              	.L41:
 483              	.LCFI8:
 484              		.cfi_restore_state
 273:Middlewares/LVGL/lvgl/src/draw/lv_draw_image.c ****     int32_t img_h = draw_dsc->header.h;
 485              		.loc 1 273 5 is_stmt 1 view .LVU121
 273:Middlewares/LVGL/lvgl/src/draw/lv_draw_image.c ****     int32_t img_h = draw_dsc->header.h;
 486              		.loc 1 273 37 is_stmt 0 view .LVU122
 487 0026 358E     		ldrh	r5, [r6, #48]
 488              	.LVL45:
 274:Middlewares/LVGL/lvgl/src/draw/lv_draw_image.c **** 
 489              		.loc 1 274 5 is_stmt 1 view .LVU123
 274:Middlewares/LVGL/lvgl/src/draw/lv_draw_image.c **** 
 490              		.loc 1 274 37 is_stmt 0 view .LVU124
 491 0028 B6F83290 		ldrh	r9, [r6, #50]
 492              	.LVL46:
 276:Middlewares/LVGL/lvgl/src/draw/lv_draw_image.c ****     if(lv_area_get_width(&draw_dsc->image_area) >= 0) {
 493              		.loc 1 276 5 is_stmt 1 view .LVU125
 277:Middlewares/LVGL/lvgl/src/draw/lv_draw_image.c ****         tile_area = draw_dsc->image_area;
 494              		.loc 1 277 5 view .LVU126
 277:Middlewares/LVGL/lvgl/src/draw/lv_draw_image.c ****         tile_area = draw_dsc->image_area;
 495              		.loc 1 277 8 is_stmt 0 view .LVU127
 496 002c 06F16800 		add	r0, r6, #104
 497              	.LVL47:
 277:Middlewares/LVGL/lvgl/src/draw/lv_draw_image.c ****         tile_area = draw_dsc->image_area;
 498              		.loc 1 277 8 view .LVU128
ARM GAS  C:\Users\w1785\AppData\Local\Temp\ccPkQ7zg.s 			page 19


 499 0030 FFF7FEFF 		bl	lv_area_get_width
 500              	.LVL48:
 277:Middlewares/LVGL/lvgl/src/draw/lv_draw_image.c ****         tile_area = draw_dsc->image_area;
 501              		.loc 1 277 7 discriminator 1 view .LVU129
 502 0034 0028     		cmp	r0, #0
 503 0036 19DB     		blt	.L30
 278:Middlewares/LVGL/lvgl/src/draw/lv_draw_image.c ****     }
 504              		.loc 1 278 9 is_stmt 1 view .LVU130
 278:Middlewares/LVGL/lvgl/src/draw/lv_draw_image.c ****     }
 505              		.loc 1 278 19 is_stmt 0 view .LVU131
 506 0038 0DF1340C 		add	ip, sp, #52
 507 003c 06F16803 		add	r3, r6, #104
 508 0040 0FCB     		ldm	r3, {r0, r1, r2, r3}
 509 0042 8CE80F00 		stm	ip, {r0, r1, r2, r3}
 510              	.L31:
 283:Middlewares/LVGL/lvgl/src/draw/lv_draw_image.c ****     lv_area_set_height(&tile_area, img_h);
 511              		.loc 1 283 5 is_stmt 1 view .LVU132
 512 0046 0DF1340A 		add	r10, sp, #52
 513 004a 2946     		mov	r1, r5
 514 004c 5046     		mov	r0, r10
 515 004e FFF7FEFF 		bl	lv_area_set_width
 516              	.LVL49:
 284:Middlewares/LVGL/lvgl/src/draw/lv_draw_image.c **** 
 517              		.loc 1 284 5 view .LVU133
 518 0052 4946     		mov	r1, r9
 519 0054 5046     		mov	r0, r10
 520 0056 FFF7FEFF 		bl	lv_area_set_height
 521              	.LVL50:
 286:Middlewares/LVGL/lvgl/src/draw/lv_draw_image.c **** 
 522              		.loc 1 286 5 view .LVU134
 286:Middlewares/LVGL/lvgl/src/draw/lv_draw_image.c **** 
 523              		.loc 1 286 13 is_stmt 0 view .LVU135
 524 005a DDF834A0 		ldr	r10, [sp, #52]
 525              	.LVL51:
 288:Middlewares/LVGL/lvgl/src/draw/lv_draw_image.c ****         .x1 = LV_COORD_MIN,
 526              		.loc 1 288 5 is_stmt 1 view .LVU136
 288:Middlewares/LVGL/lvgl/src/draw/lv_draw_image.c ****         .x1 = LV_COORD_MIN,
 527              		.loc 1 288 15 is_stmt 0 view .LVU137
 528 005e 204B     		ldr	r3, .L43
 529 0060 0DF1240C 		add	ip, sp, #36
 530 0064 0FCB     		ldm	r3, {r0, r1, r2, r3}
 531 0066 8CE80F00 		stm	ip, {r0, r1, r2, r3}
 295:Middlewares/LVGL/lvgl/src/draw/lv_draw_image.c ****         while(tile_area.x1 <= coords->x2) {
 532              		.loc 1 295 5 is_stmt 1 view .LVU138
 295:Middlewares/LVGL/lvgl/src/draw/lv_draw_image.c ****         while(tile_area.x1 <= coords->x2) {
 533              		.loc 1 295 10 is_stmt 0 view .LVU139
 534 006a 30E0     		b	.L32
 535              	.LVL52:
 536              	.L30:
 281:Middlewares/LVGL/lvgl/src/draw/lv_draw_image.c ****     }
 537              		.loc 1 281 9 is_stmt 1 view .LVU140
 281:Middlewares/LVGL/lvgl/src/draw/lv_draw_image.c ****     }
 538              		.loc 1 281 19 is_stmt 0 view .LVU141
 539 006c 0DF1340C 		add	ip, sp, #52
 540 0070 94E80F00 		ldm	r4, {r0, r1, r2, r3}
 541 0074 8CE80F00 		stm	ip, {r0, r1, r2, r3}
 542 0078 E5E7     		b	.L31
ARM GAS  C:\Users\w1785\AppData\Local\Temp\ccPkQ7zg.s 			page 20


 543              	.LVL53:
 544              	.L33:
 545              	.LBB13:
 304:Middlewares/LVGL/lvgl/src/draw/lv_draw_image.c ****             tile_area.x2 += img_w;
 546              		.loc 1 304 13 is_stmt 1 view .LVU142
 304:Middlewares/LVGL/lvgl/src/draw/lv_draw_image.c ****             tile_area.x2 += img_w;
 547              		.loc 1 304 22 is_stmt 0 view .LVU143
 548 007a 0D9B     		ldr	r3, [sp, #52]
 304:Middlewares/LVGL/lvgl/src/draw/lv_draw_image.c ****             tile_area.x2 += img_w;
 549              		.loc 1 304 26 view .LVU144
 550 007c 2B44     		add	r3, r3, r5
 551 007e 0D93     		str	r3, [sp, #52]
 305:Middlewares/LVGL/lvgl/src/draw/lv_draw_image.c ****         }
 552              		.loc 1 305 13 is_stmt 1 view .LVU145
 305:Middlewares/LVGL/lvgl/src/draw/lv_draw_image.c ****         }
 553              		.loc 1 305 22 is_stmt 0 view .LVU146
 554 0080 0F9B     		ldr	r3, [sp, #60]
 305:Middlewares/LVGL/lvgl/src/draw/lv_draw_image.c ****         }
 555              		.loc 1 305 26 view .LVU147
 556 0082 2B44     		add	r3, r3, r5
 557 0084 0F93     		str	r3, [sp, #60]
 558              	.L35:
 305:Middlewares/LVGL/lvgl/src/draw/lv_draw_image.c ****         }
 559              		.loc 1 305 26 view .LVU148
 560              	.LBE13:
 296:Middlewares/LVGL/lvgl/src/draw/lv_draw_image.c **** 
 561              		.loc 1 296 28 is_stmt 1 view .LVU149
 296:Middlewares/LVGL/lvgl/src/draw/lv_draw_image.c **** 
 562              		.loc 1 296 37 is_stmt 0 view .LVU150
 563 0086 A368     		ldr	r3, [r4, #8]
 296:Middlewares/LVGL/lvgl/src/draw/lv_draw_image.c **** 
 564              		.loc 1 296 28 view .LVU151
 565 0088 0D9A     		ldr	r2, [sp, #52]
 566 008a 9A42     		cmp	r2, r3
 567 008c 13DC     		bgt	.L42
 568              	.LBB14:
 298:Middlewares/LVGL/lvgl/src/draw/lv_draw_image.c ****             if(lv_area_intersect(&clipped_img_area, &tile_area, coords)) {
 569              		.loc 1 298 13 is_stmt 1 view .LVU152
 299:Middlewares/LVGL/lvgl/src/draw/lv_draw_image.c ****                 img_decode_and_draw(t, draw_dsc, &decoder_dsc, &relative_decoded_area, &tile_area, 
 570              		.loc 1 299 13 view .LVU153
 299:Middlewares/LVGL/lvgl/src/draw/lv_draw_image.c ****                 img_decode_and_draw(t, draw_dsc, &decoder_dsc, &relative_decoded_area, &tile_area, 
 571              		.loc 1 299 16 is_stmt 0 view .LVU154
 572 008e 2246     		mov	r2, r4
 573 0090 0DA9     		add	r1, sp, #52
 574 0092 05A8     		add	r0, sp, #20
 575 0094 FFF7FEFF 		bl	lv_area_intersect
 576              	.LVL54:
 299:Middlewares/LVGL/lvgl/src/draw/lv_draw_image.c ****                 img_decode_and_draw(t, draw_dsc, &decoder_dsc, &relative_decoded_area, &tile_area, 
 577              		.loc 1 299 15 discriminator 1 view .LVU155
 578 0098 0028     		cmp	r0, #0
 579 009a EED0     		beq	.L33
 300:Middlewares/LVGL/lvgl/src/draw/lv_draw_image.c ****                                     draw_core_cb);
 580              		.loc 1 300 17 is_stmt 1 view .LVU156
 581 009c CDF80880 		str	r8, [sp, #8]
 582 00a0 05AB     		add	r3, sp, #20
 583 00a2 0193     		str	r3, [sp, #4]
 584 00a4 0DAB     		add	r3, sp, #52
ARM GAS  C:\Users\w1785\AppData\Local\Temp\ccPkQ7zg.s 			page 21


 585 00a6 0093     		str	r3, [sp]
 586 00a8 09AB     		add	r3, sp, #36
 587 00aa 11AA     		add	r2, sp, #68
 588 00ac 3146     		mov	r1, r6
 589 00ae 3846     		mov	r0, r7
 590 00b0 FFF7FEFF 		bl	img_decode_and_draw
 591              	.LVL55:
 592 00b4 E1E7     		b	.L33
 593              	.L42:
 300:Middlewares/LVGL/lvgl/src/draw/lv_draw_image.c ****                                     draw_core_cb);
 594              		.loc 1 300 17 is_stmt 0 view .LVU157
 595              	.LBE14:
 308:Middlewares/LVGL/lvgl/src/draw/lv_draw_image.c ****         tile_area.y2 += img_h;
 596              		.loc 1 308 9 is_stmt 1 view .LVU158
 308:Middlewares/LVGL/lvgl/src/draw/lv_draw_image.c ****         tile_area.y2 += img_h;
 597              		.loc 1 308 18 is_stmt 0 view .LVU159
 598 00b6 0E9B     		ldr	r3, [sp, #56]
 308:Middlewares/LVGL/lvgl/src/draw/lv_draw_image.c ****         tile_area.y2 += img_h;
 599              		.loc 1 308 22 view .LVU160
 600 00b8 4B44     		add	r3, r3, r9
 601 00ba 0E93     		str	r3, [sp, #56]
 309:Middlewares/LVGL/lvgl/src/draw/lv_draw_image.c ****         tile_area.x1 = tile_x_start;
 602              		.loc 1 309 9 is_stmt 1 view .LVU161
 309:Middlewares/LVGL/lvgl/src/draw/lv_draw_image.c ****         tile_area.x1 = tile_x_start;
 603              		.loc 1 309 18 is_stmt 0 view .LVU162
 604 00bc 109B     		ldr	r3, [sp, #64]
 309:Middlewares/LVGL/lvgl/src/draw/lv_draw_image.c ****         tile_area.x1 = tile_x_start;
 605              		.loc 1 309 22 view .LVU163
 606 00be 4B44     		add	r3, r3, r9
 607 00c0 1093     		str	r3, [sp, #64]
 310:Middlewares/LVGL/lvgl/src/draw/lv_draw_image.c ****         tile_area.x2 = tile_x_start + img_w - 1;
 608              		.loc 1 310 9 is_stmt 1 view .LVU164
 310:Middlewares/LVGL/lvgl/src/draw/lv_draw_image.c ****         tile_area.x2 = tile_x_start + img_w - 1;
 609              		.loc 1 310 22 is_stmt 0 view .LVU165
 610 00c2 CDF834A0 		str	r10, [sp, #52]
 311:Middlewares/LVGL/lvgl/src/draw/lv_draw_image.c ****     }
 611              		.loc 1 311 9 is_stmt 1 view .LVU166
 311:Middlewares/LVGL/lvgl/src/draw/lv_draw_image.c ****     }
 612              		.loc 1 311 37 is_stmt 0 view .LVU167
 613 00c6 05EB0A03 		add	r3, r5, r10
 311:Middlewares/LVGL/lvgl/src/draw/lv_draw_image.c ****     }
 614              		.loc 1 311 45 view .LVU168
 615 00ca 013B     		subs	r3, r3, #1
 311:Middlewares/LVGL/lvgl/src/draw/lv_draw_image.c ****     }
 616              		.loc 1 311 22 view .LVU169
 617 00cc 0F93     		str	r3, [sp, #60]
 618              	.L32:
 295:Middlewares/LVGL/lvgl/src/draw/lv_draw_image.c ****         while(tile_area.x1 <= coords->x2) {
 619              		.loc 1 295 24 is_stmt 1 view .LVU170
 295:Middlewares/LVGL/lvgl/src/draw/lv_draw_image.c ****         while(tile_area.x1 <= coords->x2) {
 620              		.loc 1 295 33 is_stmt 0 view .LVU171
 621 00ce E368     		ldr	r3, [r4, #12]
 295:Middlewares/LVGL/lvgl/src/draw/lv_draw_image.c ****         while(tile_area.x1 <= coords->x2) {
 622              		.loc 1 295 24 view .LVU172
 623 00d0 0E9A     		ldr	r2, [sp, #56]
 624 00d2 9A42     		cmp	r2, r3
 625 00d4 D7DD     		ble	.L35
ARM GAS  C:\Users\w1785\AppData\Local\Temp\ccPkQ7zg.s 			page 22


 314:Middlewares/LVGL/lvgl/src/draw/lv_draw_image.c **** }
 626              		.loc 1 314 5 is_stmt 1 view .LVU173
 627 00d6 11A8     		add	r0, sp, #68
 628 00d8 FFF7FEFF 		bl	lv_image_decoder_close
 629              	.LVL56:
 630 00dc A0E7     		b	.L28
 631              	.LVL57:
 632              	.L38:
 633              	.LCFI9:
 634              		.cfi_def_cfa_offset 0
 635              		.cfi_restore 4
 636              		.cfi_restore 5
 637              		.cfi_restore 6
 638              		.cfi_restore 7
 639              		.cfi_restore 8
 640              		.cfi_restore 9
 641              		.cfi_restore 10
 642              		.cfi_restore 14
 314:Middlewares/LVGL/lvgl/src/draw/lv_draw_image.c **** }
 643              		.loc 1 314 5 is_stmt 0 view .LVU174
 644 00de 7047     		bx	lr
 645              	.L44:
 646              		.align	2
 647              	.L43:
 648 00e0 00000000 		.word	.LANCHOR0
 649              		.cfi_endproc
 650              	.LFE206:
 652              		.section	.text.lv_image_buf_get_transformed_area,"ax",%progbits
 653              		.align	1
 654              		.global	lv_image_buf_get_transformed_area
 655              		.syntax unified
 656              		.thumb
 657              		.thumb_func
 659              	lv_image_buf_get_transformed_area:
 660              	.LVL58:
 661              	.LFB207:
 319:Middlewares/LVGL/lvgl/src/draw/lv_draw_image.c ****     if(angle == 0 && scale_x == LV_SCALE_NONE && scale_y == LV_SCALE_NONE) {
 662              		.loc 1 319 1 is_stmt 1 view -0
 663              		.cfi_startproc
 664              		@ args = 12, pretend = 0, frame = 32
 665              		@ frame_needed = 0, uses_anonymous_args = 0
 319:Middlewares/LVGL/lvgl/src/draw/lv_draw_image.c ****     if(angle == 0 && scale_x == LV_SCALE_NONE && scale_y == LV_SCALE_NONE) {
 666              		.loc 1 319 1 is_stmt 0 view .LVU176
 667 0000 2DE9F043 		push	{r4, r5, r6, r7, r8, r9, lr}
 668              	.LCFI10:
 669              		.cfi_def_cfa_offset 28
 670              		.cfi_offset 4, -28
 671              		.cfi_offset 5, -24
 672              		.cfi_offset 6, -20
 673              		.cfi_offset 7, -16
 674              		.cfi_offset 8, -12
 675              		.cfi_offset 9, -8
 676              		.cfi_offset 14, -4
 677 0004 8BB0     		sub	sp, sp, #44
 678              	.LCFI11:
 679              		.cfi_def_cfa_offset 72
 680 0006 0446     		mov	r4, r0
ARM GAS  C:\Users\w1785\AppData\Local\Temp\ccPkQ7zg.s 			page 23


 681 0008 BDF84850 		ldrh	r5, [sp, #72]
 682 000c BDF84C60 		ldrh	r6, [sp, #76]
 683 0010 DDF85080 		ldr	r8, [sp, #80]
 320:Middlewares/LVGL/lvgl/src/draw/lv_draw_image.c ****         res->x1 = 0;
 684              		.loc 1 320 5 is_stmt 1 view .LVU177
 320:Middlewares/LVGL/lvgl/src/draw/lv_draw_image.c ****         res->x1 = 0;
 685              		.loc 1 320 7 is_stmt 0 view .LVU178
 686 0014 1F46     		mov	r7, r3
 687 0016 13B9     		cbnz	r3, .L46
 320:Middlewares/LVGL/lvgl/src/draw/lv_draw_image.c ****         res->x1 = 0;
 688              		.loc 1 320 19 discriminator 1 view .LVU179
 689 0018 B5F5807F 		cmp	r5, #256
 690 001c 6BD0     		beq	.L49
 691              	.L46:
 328:Middlewares/LVGL/lvgl/src/draw/lv_draw_image.c ****         {0, 0},
 692              		.loc 1 328 5 is_stmt 1 view .LVU180
 328:Middlewares/LVGL/lvgl/src/draw/lv_draw_image.c ****         {0, 0},
 693              		.loc 1 328 16 is_stmt 0 view .LVU181
 694 001e 0023     		movs	r3, #0
 695              	.LVL59:
 328:Middlewares/LVGL/lvgl/src/draw/lv_draw_image.c ****         {0, 0},
 696              		.loc 1 328 16 view .LVU182
 697 0020 0293     		str	r3, [sp, #8]
 698 0022 0393     		str	r3, [sp, #12]
 699 0024 0491     		str	r1, [sp, #16]
 700 0026 0593     		str	r3, [sp, #20]
 701 0028 0693     		str	r3, [sp, #24]
 702 002a 0792     		str	r2, [sp, #28]
 703 002c 0891     		str	r1, [sp, #32]
 704 002e 0992     		str	r2, [sp, #36]
 334:Middlewares/LVGL/lvgl/src/draw/lv_draw_image.c ****     lv_point_transform(&p[1], angle, scale_x, scale_y, pivot, true);
 705              		.loc 1 334 5 is_stmt 1 view .LVU183
 706 0030 4FF00109 		mov	r9, #1
 707 0034 CDF80490 		str	r9, [sp, #4]
 708 0038 CDF80080 		str	r8, [sp]
 709 003c 3346     		mov	r3, r6
 710 003e 2A46     		mov	r2, r5
 711              	.LVL60:
 334:Middlewares/LVGL/lvgl/src/draw/lv_draw_image.c ****     lv_point_transform(&p[1], angle, scale_x, scale_y, pivot, true);
 712              		.loc 1 334 5 is_stmt 0 view .LVU184
 713 0040 3946     		mov	r1, r7
 714              	.LVL61:
 334:Middlewares/LVGL/lvgl/src/draw/lv_draw_image.c ****     lv_point_transform(&p[1], angle, scale_x, scale_y, pivot, true);
 715              		.loc 1 334 5 view .LVU185
 716 0042 02A8     		add	r0, sp, #8
 717              	.LVL62:
 334:Middlewares/LVGL/lvgl/src/draw/lv_draw_image.c ****     lv_point_transform(&p[1], angle, scale_x, scale_y, pivot, true);
 718              		.loc 1 334 5 view .LVU186
 719 0044 FFF7FEFF 		bl	lv_point_transform
 720              	.LVL63:
 335:Middlewares/LVGL/lvgl/src/draw/lv_draw_image.c ****     lv_point_transform(&p[2], angle, scale_x, scale_y, pivot, true);
 721              		.loc 1 335 5 is_stmt 1 view .LVU187
 722 0048 CDF80490 		str	r9, [sp, #4]
 723 004c CDF80080 		str	r8, [sp]
 724 0050 3346     		mov	r3, r6
 725 0052 2A46     		mov	r2, r5
 726 0054 3946     		mov	r1, r7
ARM GAS  C:\Users\w1785\AppData\Local\Temp\ccPkQ7zg.s 			page 24


 727 0056 04A8     		add	r0, sp, #16
 728 0058 FFF7FEFF 		bl	lv_point_transform
 729              	.LVL64:
 336:Middlewares/LVGL/lvgl/src/draw/lv_draw_image.c ****     lv_point_transform(&p[3], angle, scale_x, scale_y, pivot, true);
 730              		.loc 1 336 5 view .LVU188
 731 005c CDF80490 		str	r9, [sp, #4]
 732 0060 CDF80080 		str	r8, [sp]
 733 0064 3346     		mov	r3, r6
 734 0066 2A46     		mov	r2, r5
 735 0068 3946     		mov	r1, r7
 736 006a 06A8     		add	r0, sp, #24
 737 006c FFF7FEFF 		bl	lv_point_transform
 738              	.LVL65:
 337:Middlewares/LVGL/lvgl/src/draw/lv_draw_image.c ****     res->x1 = LV_MIN4(p[0].x, p[1].x, p[2].x, p[3].x);
 739              		.loc 1 337 5 view .LVU189
 740 0070 CDF80490 		str	r9, [sp, #4]
 741 0074 CDF80080 		str	r8, [sp]
 742 0078 3346     		mov	r3, r6
 743 007a 2A46     		mov	r2, r5
 744 007c 3946     		mov	r1, r7
 745 007e 08A8     		add	r0, sp, #32
 746 0080 FFF7FEFF 		bl	lv_point_transform
 747              	.LVL66:
 338:Middlewares/LVGL/lvgl/src/draw/lv_draw_image.c ****     res->x2 = LV_MAX4(p[0].x, p[1].x, p[2].x, p[3].x) - 1;
 748              		.loc 1 338 5 view .LVU190
 338:Middlewares/LVGL/lvgl/src/draw/lv_draw_image.c ****     res->x2 = LV_MAX4(p[0].x, p[1].x, p[2].x, p[3].x) - 1;
 749              		.loc 1 338 15 is_stmt 0 view .LVU191
 750 0084 089B     		ldr	r3, [sp, #32]
 751 0086 069D     		ldr	r5, [sp, #24]
 752 0088 1946     		mov	r1, r3
 753 008a AB42     		cmp	r3, r5
 754 008c A8BF     		it	ge
 755 008e 2946     		movge	r1, r5
 756 0090 049A     		ldr	r2, [sp, #16]
 757 0092 0298     		ldr	r0, [sp, #8]
 758 0094 1646     		mov	r6, r2
 759 0096 8242     		cmp	r2, r0
 760 0098 A8BF     		it	ge
 761 009a 0646     		movge	r6, r0
 762 009c B142     		cmp	r1, r6
 763 009e A8BF     		it	ge
 764 00a0 3146     		movge	r1, r6
 338:Middlewares/LVGL/lvgl/src/draw/lv_draw_image.c ****     res->x2 = LV_MAX4(p[0].x, p[1].x, p[2].x, p[3].x) - 1;
 765              		.loc 1 338 13 view .LVU192
 766 00a2 2160     		str	r1, [r4]
 339:Middlewares/LVGL/lvgl/src/draw/lv_draw_image.c ****     res->y1 = LV_MIN4(p[0].y, p[1].y, p[2].y, p[3].y);
 767              		.loc 1 339 5 is_stmt 1 view .LVU193
 339:Middlewares/LVGL/lvgl/src/draw/lv_draw_image.c ****     res->y1 = LV_MIN4(p[0].y, p[1].y, p[2].y, p[3].y);
 768              		.loc 1 339 15 is_stmt 0 view .LVU194
 769 00a4 AB42     		cmp	r3, r5
 770 00a6 B8BF     		it	lt
 771 00a8 2B46     		movlt	r3, r5
 772 00aa 8242     		cmp	r2, r0
 773 00ac B8BF     		it	lt
 774 00ae 0246     		movlt	r2, r0
 775 00b0 9342     		cmp	r3, r2
 776 00b2 B8BF     		it	lt
ARM GAS  C:\Users\w1785\AppData\Local\Temp\ccPkQ7zg.s 			page 25


 777 00b4 1346     		movlt	r3, r2
 339:Middlewares/LVGL/lvgl/src/draw/lv_draw_image.c ****     res->y1 = LV_MIN4(p[0].y, p[1].y, p[2].y, p[3].y);
 778              		.loc 1 339 55 view .LVU195
 779 00b6 013B     		subs	r3, r3, #1
 339:Middlewares/LVGL/lvgl/src/draw/lv_draw_image.c ****     res->y1 = LV_MIN4(p[0].y, p[1].y, p[2].y, p[3].y);
 780              		.loc 1 339 13 view .LVU196
 781 00b8 A360     		str	r3, [r4, #8]
 340:Middlewares/LVGL/lvgl/src/draw/lv_draw_image.c ****     res->y2 = LV_MAX4(p[0].y, p[1].y, p[2].y, p[3].y) - 1;
 782              		.loc 1 340 5 is_stmt 1 view .LVU197
 340:Middlewares/LVGL/lvgl/src/draw/lv_draw_image.c ****     res->y2 = LV_MAX4(p[0].y, p[1].y, p[2].y, p[3].y) - 1;
 783              		.loc 1 340 15 is_stmt 0 view .LVU198
 784 00ba 099B     		ldr	r3, [sp, #36]
 785 00bc 079D     		ldr	r5, [sp, #28]
 786 00be 1946     		mov	r1, r3
 787 00c0 AB42     		cmp	r3, r5
 788 00c2 A8BF     		it	ge
 789 00c4 2946     		movge	r1, r5
 790 00c6 059A     		ldr	r2, [sp, #20]
 791 00c8 0398     		ldr	r0, [sp, #12]
 792 00ca 1646     		mov	r6, r2
 793 00cc 8242     		cmp	r2, r0
 794 00ce A8BF     		it	ge
 795 00d0 0646     		movge	r6, r0
 796 00d2 B142     		cmp	r1, r6
 797 00d4 A8BF     		it	ge
 798 00d6 3146     		movge	r1, r6
 340:Middlewares/LVGL/lvgl/src/draw/lv_draw_image.c ****     res->y2 = LV_MAX4(p[0].y, p[1].y, p[2].y, p[3].y) - 1;
 799              		.loc 1 340 13 view .LVU199
 800 00d8 6160     		str	r1, [r4, #4]
 341:Middlewares/LVGL/lvgl/src/draw/lv_draw_image.c **** }
 801              		.loc 1 341 5 is_stmt 1 view .LVU200
 341:Middlewares/LVGL/lvgl/src/draw/lv_draw_image.c **** }
 802              		.loc 1 341 15 is_stmt 0 view .LVU201
 803 00da AB42     		cmp	r3, r5
 804 00dc B8BF     		it	lt
 805 00de 2B46     		movlt	r3, r5
 806 00e0 8242     		cmp	r2, r0
 807 00e2 B8BF     		it	lt
 808 00e4 0246     		movlt	r2, r0
 809 00e6 9342     		cmp	r3, r2
 810 00e8 B8BF     		it	lt
 811 00ea 1346     		movlt	r3, r2
 341:Middlewares/LVGL/lvgl/src/draw/lv_draw_image.c **** }
 812              		.loc 1 341 55 view .LVU202
 813 00ec 013B     		subs	r3, r3, #1
 341:Middlewares/LVGL/lvgl/src/draw/lv_draw_image.c **** }
 814              		.loc 1 341 13 view .LVU203
 815 00ee E360     		str	r3, [r4, #12]
 816              	.L45:
 342:Middlewares/LVGL/lvgl/src/draw/lv_draw_image.c **** 
 817              		.loc 1 342 1 view .LVU204
 818 00f0 0BB0     		add	sp, sp, #44
 819              	.LCFI12:
 820              		.cfi_remember_state
 821              		.cfi_def_cfa_offset 28
 822              		@ sp needed
 823 00f2 BDE8F083 		pop	{r4, r5, r6, r7, r8, r9, pc}
ARM GAS  C:\Users\w1785\AppData\Local\Temp\ccPkQ7zg.s 			page 26


 824              	.LVL67:
 825              	.L49:
 826              	.LCFI13:
 827              		.cfi_restore_state
 320:Middlewares/LVGL/lvgl/src/draw/lv_draw_image.c ****         res->x1 = 0;
 828              		.loc 1 320 47 discriminator 2 view .LVU205
 829 00f6 B6F5807F 		cmp	r6, #256
 830 00fa 90D1     		bne	.L46
 321:Middlewares/LVGL/lvgl/src/draw/lv_draw_image.c ****         res->y1 = 0;
 831              		.loc 1 321 9 is_stmt 1 view .LVU206
 321:Middlewares/LVGL/lvgl/src/draw/lv_draw_image.c ****         res->y1 = 0;
 832              		.loc 1 321 17 is_stmt 0 view .LVU207
 833 00fc 0360     		str	r3, [r0]
 322:Middlewares/LVGL/lvgl/src/draw/lv_draw_image.c ****         res->x2 = w - 1;
 834              		.loc 1 322 9 is_stmt 1 view .LVU208
 322:Middlewares/LVGL/lvgl/src/draw/lv_draw_image.c ****         res->x2 = w - 1;
 835              		.loc 1 322 17 is_stmt 0 view .LVU209
 836 00fe 4360     		str	r3, [r0, #4]
 323:Middlewares/LVGL/lvgl/src/draw/lv_draw_image.c ****         res->y2 = h - 1;
 837              		.loc 1 323 9 is_stmt 1 view .LVU210
 323:Middlewares/LVGL/lvgl/src/draw/lv_draw_image.c ****         res->y2 = h - 1;
 838              		.loc 1 323 21 is_stmt 0 view .LVU211
 839 0100 0139     		subs	r1, r1, #1
 840              	.LVL68:
 323:Middlewares/LVGL/lvgl/src/draw/lv_draw_image.c ****         res->y2 = h - 1;
 841              		.loc 1 323 17 view .LVU212
 842 0102 8160     		str	r1, [r0, #8]
 324:Middlewares/LVGL/lvgl/src/draw/lv_draw_image.c ****         return;
 843              		.loc 1 324 9 is_stmt 1 view .LVU213
 324:Middlewares/LVGL/lvgl/src/draw/lv_draw_image.c ****         return;
 844              		.loc 1 324 21 is_stmt 0 view .LVU214
 845 0104 013A     		subs	r2, r2, #1
 846              	.LVL69:
 324:Middlewares/LVGL/lvgl/src/draw/lv_draw_image.c ****         return;
 847              		.loc 1 324 17 view .LVU215
 848 0106 C260     		str	r2, [r0, #12]
 325:Middlewares/LVGL/lvgl/src/draw/lv_draw_image.c ****     }
 849              		.loc 1 325 9 is_stmt 1 view .LVU216
 850 0108 F2E7     		b	.L45
 851              		.cfi_endproc
 852              	.LFE207:
 854              		.section	.text.lv_draw_layer,"ax",%progbits
 855              		.align	1
 856              		.global	lv_draw_layer
 857              		.syntax unified
 858              		.thumb
 859              		.thumb_func
 861              	lv_draw_layer:
 862              	.LVL70:
 863              	.LFB202:
  68:Middlewares/LVGL/lvgl/src/draw/lv_draw_image.c ****     if(dsc->scale_x <= 0 || dsc->scale_y <= 0) {
 864              		.loc 1 68 1 view -0
 865              		.cfi_startproc
 866              		@ args = 0, pretend = 0, frame = 0
 867              		@ frame_needed = 0, uses_anonymous_args = 0
  69:Middlewares/LVGL/lvgl/src/draw/lv_draw_image.c ****         /* NOT draw if scale is negative or zero */
 868              		.loc 1 69 5 view .LVU218
ARM GAS  C:\Users\w1785\AppData\Local\Temp\ccPkQ7zg.s 			page 27


  69:Middlewares/LVGL/lvgl/src/draw/lv_draw_image.c ****         /* NOT draw if scale is negative or zero */
 869              		.loc 1 69 11 is_stmt 0 view .LVU219
 870 0000 0B6C     		ldr	r3, [r1, #64]
  69:Middlewares/LVGL/lvgl/src/draw/lv_draw_image.c ****         /* NOT draw if scale is negative or zero */
 871              		.loc 1 69 7 view .LVU220
 872 0002 002B     		cmp	r3, #0
 873 0004 47DD     		ble	.L54
  68:Middlewares/LVGL/lvgl/src/draw/lv_draw_image.c ****     if(dsc->scale_x <= 0 || dsc->scale_y <= 0) {
 874              		.loc 1 68 1 view .LVU221
 875 0006 2DE9F047 		push	{r4, r5, r6, r7, r8, r9, r10, lr}
 876              	.LCFI14:
 877              		.cfi_def_cfa_offset 32
 878              		.cfi_offset 4, -32
 879              		.cfi_offset 5, -28
 880              		.cfi_offset 6, -24
 881              		.cfi_offset 7, -20
 882              		.cfi_offset 8, -16
 883              		.cfi_offset 9, -12
 884              		.cfi_offset 10, -8
 885              		.cfi_offset 14, -4
 886 000a 84B0     		sub	sp, sp, #16
 887              	.LCFI15:
 888              		.cfi_def_cfa_offset 48
 889 000c 8046     		mov	r8, r0
 890 000e 0C46     		mov	r4, r1
 891 0010 1546     		mov	r5, r2
  69:Middlewares/LVGL/lvgl/src/draw/lv_draw_image.c ****         /* NOT draw if scale is negative or zero */
 892              		.loc 1 69 32 discriminator 1 view .LVU222
 893 0012 4B6C     		ldr	r3, [r1, #68]
  69:Middlewares/LVGL/lvgl/src/draw/lv_draw_image.c ****         /* NOT draw if scale is negative or zero */
 894              		.loc 1 69 26 discriminator 1 view .LVU223
 895 0014 002B     		cmp	r3, #0
 896 0016 35DD     		ble	.L50
  74:Middlewares/LVGL/lvgl/src/draw/lv_draw_image.c **** 
 897              		.loc 1 74 27 is_stmt 1 view .LVU224
  76:Middlewares/LVGL/lvgl/src/draw/lv_draw_image.c ****     lv_draw_image_dsc_t * new_image_dsc = t->draw_dsc;
 898              		.loc 1 76 5 view .LVU225
  76:Middlewares/LVGL/lvgl/src/draw/lv_draw_image.c ****     lv_draw_image_dsc_t * new_image_dsc = t->draw_dsc;
 899              		.loc 1 76 26 is_stmt 0 view .LVU226
 900 0018 0722     		movs	r2, #7
 901              	.LVL71:
  76:Middlewares/LVGL/lvgl/src/draw/lv_draw_image.c ****     lv_draw_image_dsc_t * new_image_dsc = t->draw_dsc;
 902              		.loc 1 76 26 view .LVU227
 903 001a 2946     		mov	r1, r5
 904              	.LVL72:
  76:Middlewares/LVGL/lvgl/src/draw/lv_draw_image.c ****     lv_draw_image_dsc_t * new_image_dsc = t->draw_dsc;
 905              		.loc 1 76 26 view .LVU228
 906 001c FFF7FEFF 		bl	lv_draw_add_task
 907              	.LVL73:
  76:Middlewares/LVGL/lvgl/src/draw/lv_draw_image.c ****     lv_draw_image_dsc_t * new_image_dsc = t->draw_dsc;
 908              		.loc 1 76 26 view .LVU229
 909 0020 0646     		mov	r6, r0
 910              	.LVL74:
  77:Middlewares/LVGL/lvgl/src/draw/lv_draw_image.c ****     lv_memcpy(new_image_dsc, dsc, sizeof(*dsc));
 911              		.loc 1 77 5 is_stmt 1 view .LVU230
  77:Middlewares/LVGL/lvgl/src/draw/lv_draw_image.c ****     lv_memcpy(new_image_dsc, dsc, sizeof(*dsc));
 912              		.loc 1 77 27 is_stmt 0 view .LVU231
ARM GAS  C:\Users\w1785\AppData\Local\Temp\ccPkQ7zg.s 			page 28


 913 0022 476D     		ldr	r7, [r0, #84]
 914              	.LVL75:
  78:Middlewares/LVGL/lvgl/src/draw/lv_draw_image.c ****     t->state = LV_DRAW_TASK_STATE_BLOCKED;
 915              		.loc 1 78 5 is_stmt 1 view .LVU232
 916 0024 7C22     		movs	r2, #124
 917 0026 2146     		mov	r1, r4
 918 0028 3846     		mov	r0, r7
 919              	.LVL76:
  78:Middlewares/LVGL/lvgl/src/draw/lv_draw_image.c ****     t->state = LV_DRAW_TASK_STATE_BLOCKED;
 920              		.loc 1 78 5 is_stmt 0 view .LVU233
 921 002a FFF7FEFF 		bl	lv_memcpy
 922              	.LVL77:
  79:Middlewares/LVGL/lvgl/src/draw/lv_draw_image.c **** 
 923              		.loc 1 79 5 is_stmt 1 view .LVU234
  79:Middlewares/LVGL/lvgl/src/draw/lv_draw_image.c **** 
 924              		.loc 1 79 14 is_stmt 0 view .LVU235
 925 002e 0023     		movs	r3, #0
 926 0030 3365     		str	r3, [r6, #80]
  81:Middlewares/LVGL/lvgl/src/draw/lv_draw_image.c ****                                       dsc->rotation, dsc->scale_x, dsc->scale_y, &dsc->pivot);
 927              		.loc 1 81 5 is_stmt 1 view .LVU236
 928 0032 06F1180A 		add	r10, r6, #24
 929 0036 2846     		mov	r0, r5
 930 0038 FFF7FEFF 		bl	lv_area_get_width
 931              	.LVL78:
 932 003c 8146     		mov	r9, r0
  81:Middlewares/LVGL/lvgl/src/draw/lv_draw_image.c ****                                       dsc->rotation, dsc->scale_x, dsc->scale_y, &dsc->pivot);
 933              		.loc 1 81 5 is_stmt 0 discriminator 1 view .LVU237
 934 003e 2846     		mov	r0, r5
 935 0040 FFF7FEFF 		bl	lv_area_get_height
 936              	.LVL79:
 937 0044 0246     		mov	r2, r0
  81:Middlewares/LVGL/lvgl/src/draw/lv_draw_image.c ****                                       dsc->rotation, dsc->scale_x, dsc->scale_y, &dsc->pivot);
 938              		.loc 1 81 5 view .LVU238
 939 0046 04F15003 		add	r3, r4, #80
 940 004a 0293     		str	r3, [sp, #8]
 941 004c B4F84430 		ldrh	r3, [r4, #68]
 942 0050 0193     		str	r3, [sp, #4]
 943 0052 B4F84030 		ldrh	r3, [r4, #64]
 944 0056 0093     		str	r3, [sp]
 945 0058 E36B     		ldr	r3, [r4, #60]
 946 005a 4946     		mov	r1, r9
 947 005c 5046     		mov	r0, r10
 948 005e FFF7FEFF 		bl	lv_image_buf_get_transformed_area
 949              	.LVL80:
  83:Middlewares/LVGL/lvgl/src/draw/lv_draw_image.c **** 
 950              		.loc 1 83 5 is_stmt 1 view .LVU239
 951 0062 6A68     		ldr	r2, [r5, #4]
 952 0064 2968     		ldr	r1, [r5]
 953 0066 5046     		mov	r0, r10
 954 0068 FFF7FEFF 		bl	lv_area_move
 955              	.LVL81:
  86:Middlewares/LVGL/lvgl/src/draw/lv_draw_image.c ****         new_image_dsc->image_area = *coords;
 956              		.loc 1 86 5 view .LVU240
  86:Middlewares/LVGL/lvgl/src/draw/lv_draw_image.c ****         new_image_dsc->image_area = *coords;
 957              		.loc 1 86 33 is_stmt 0 view .LVU241
 958 006c 3A6F     		ldr	r2, [r7, #112]
  86:Middlewares/LVGL/lvgl/src/draw/lv_draw_image.c ****         new_image_dsc->image_area = *coords;
ARM GAS  C:\Users\w1785\AppData\Local\Temp\ccPkQ7zg.s 			page 29


 959              		.loc 1 86 7 view .LVU242
 960 006e 0A4B     		ldr	r3, .L58
 961 0070 9A42     		cmp	r2, r3
 962 0072 0AD0     		beq	.L57
 963              	.LVL82:
 964              	.L52:
  90:Middlewares/LVGL/lvgl/src/draw/lv_draw_image.c ****     layer_to_draw->all_tasks_added = true;
 965              		.loc 1 90 5 is_stmt 1 view .LVU243
  90:Middlewares/LVGL/lvgl/src/draw/lv_draw_image.c ****     layer_to_draw->all_tasks_added = true;
 966              		.loc 1 90 18 is_stmt 0 view .LVU244
 967 0074 A36A     		ldr	r3, [r4, #40]
 968              	.LVL83:
  91:Middlewares/LVGL/lvgl/src/draw/lv_draw_image.c **** 
 969              		.loc 1 91 5 is_stmt 1 view .LVU245
  91:Middlewares/LVGL/lvgl/src/draw/lv_draw_image.c **** 
 970              		.loc 1 91 36 is_stmt 0 view .LVU246
 971 0076 0122     		movs	r2, #1
 972 0078 83F84D20 		strb	r2, [r3, #77]
  93:Middlewares/LVGL/lvgl/src/draw/lv_draw_image.c **** 
 973              		.loc 1 93 5 is_stmt 1 view .LVU247
 974 007c 3146     		mov	r1, r6
 975 007e 4046     		mov	r0, r8
 976 0080 FFF7FEFF 		bl	lv_draw_finalize_task_creation
 977              	.LVL84:
  95:Middlewares/LVGL/lvgl/src/draw/lv_draw_image.c **** }
 978              		.loc 1 95 25 view .LVU248
 979              	.L50:
  96:Middlewares/LVGL/lvgl/src/draw/lv_draw_image.c **** 
 980              		.loc 1 96 1 is_stmt 0 view .LVU249
 981 0084 04B0     		add	sp, sp, #16
 982              	.LCFI16:
 983              		.cfi_remember_state
 984              		.cfi_def_cfa_offset 32
 985              		@ sp needed
 986 0086 BDE8F087 		pop	{r4, r5, r6, r7, r8, r9, r10, pc}
 987              	.LVL85:
 988              	.L57:
 989              	.LCFI17:
 990              		.cfi_restore_state
  87:Middlewares/LVGL/lvgl/src/draw/lv_draw_image.c ****     }
 991              		.loc 1 87 9 is_stmt 1 view .LVU250
  87:Middlewares/LVGL/lvgl/src/draw/lv_draw_image.c ****     }
 992              		.loc 1 87 35 is_stmt 0 view .LVU251
 993 008a 6837     		adds	r7, r7, #104
 994              	.LVL86:
  87:Middlewares/LVGL/lvgl/src/draw/lv_draw_image.c ****     }
 995              		.loc 1 87 35 view .LVU252
 996 008c 95E80F00 		ldm	r5, {r0, r1, r2, r3}
 997 0090 87E80F00 		stm	r7, {r0, r1, r2, r3}
 998 0094 EEE7     		b	.L52
 999              	.LVL87:
 1000              	.L54:
 1001              	.LCFI18:
 1002              		.cfi_def_cfa_offset 0
 1003              		.cfi_restore 4
 1004              		.cfi_restore 5
 1005              		.cfi_restore 6
ARM GAS  C:\Users\w1785\AppData\Local\Temp\ccPkQ7zg.s 			page 30


 1006              		.cfi_restore 7
 1007              		.cfi_restore 8
 1008              		.cfi_restore 9
 1009              		.cfi_restore 10
 1010              		.cfi_restore 14
  87:Middlewares/LVGL/lvgl/src/draw/lv_draw_image.c ****     }
 1011              		.loc 1 87 35 view .LVU253
 1012 0096 7047     		bx	lr
 1013              	.L59:
 1014              		.align	2
 1015              	.L58:
 1016 0098 010000E0 		.word	-536870911
 1017              		.cfi_endproc
 1018              	.LFE202:
 1020              		.section	.text.lv_draw_image,"ax",%progbits
 1021              		.align	1
 1022              		.global	lv_draw_image
 1023              		.syntax unified
 1024              		.thumb
 1025              		.thumb_func
 1027              	lv_draw_image:
 1028              	.LVL88:
 1029              	.LFB203:
  99:Middlewares/LVGL/lvgl/src/draw/lv_draw_image.c ****     if(dsc->src == NULL) {
 1030              		.loc 1 99 1 is_stmt 1 view -0
 1031              		.cfi_startproc
 1032              		@ args = 0, pretend = 0, frame = 312
 1033              		@ frame_needed = 0, uses_anonymous_args = 0
 100:Middlewares/LVGL/lvgl/src/draw/lv_draw_image.c ****         LV_LOG_WARN("Image draw: src is NULL");
 1034              		.loc 1 100 5 view .LVU255
 100:Middlewares/LVGL/lvgl/src/draw/lv_draw_image.c ****         LV_LOG_WARN("Image draw: src is NULL");
 1035              		.loc 1 100 11 is_stmt 0 view .LVU256
 1036 0000 8B6A     		ldr	r3, [r1, #40]
 100:Middlewares/LVGL/lvgl/src/draw/lv_draw_image.c ****         LV_LOG_WARN("Image draw: src is NULL");
 1037              		.loc 1 100 7 view .LVU257
 1038 0002 002B     		cmp	r3, #0
 1039 0004 00F00881 		beq	.L75
  99:Middlewares/LVGL/lvgl/src/draw/lv_draw_image.c ****     if(dsc->src == NULL) {
 1040              		.loc 1 99 1 view .LVU258
 1041 0008 2DE9F043 		push	{r4, r5, r6, r7, r8, r9, lr}
 1042              	.LCFI19:
 1043              		.cfi_def_cfa_offset 28
 1044              		.cfi_offset 4, -28
 1045              		.cfi_offset 5, -24
 1046              		.cfi_offset 6, -20
 1047              		.cfi_offset 7, -16
 1048              		.cfi_offset 8, -12
 1049              		.cfi_offset 9, -8
 1050              		.cfi_offset 14, -4
 1051 000c D3B0     		sub	sp, sp, #332
 1052              	.LCFI20:
 1053              		.cfi_def_cfa_offset 360
 1054 000e 0646     		mov	r6, r0
 1055 0010 0C46     		mov	r4, r1
 1056 0012 1546     		mov	r5, r2
 104:Middlewares/LVGL/lvgl/src/draw/lv_draw_image.c **** 
 1057              		.loc 1 104 5 is_stmt 1 view .LVU259
ARM GAS  C:\Users\w1785\AppData\Local\Temp\ccPkQ7zg.s 			page 31


 104:Middlewares/LVGL/lvgl/src/draw/lv_draw_image.c **** 
 1058              		.loc 1 104 11 is_stmt 0 view .LVU260
 1059 0014 91F85C30 		ldrb	r3, [r1, #92]	@ zero_extendqisi2
 104:Middlewares/LVGL/lvgl/src/draw/lv_draw_image.c **** 
 1060              		.loc 1 104 7 view .LVU261
 1061 0018 022B     		cmp	r3, #2
 1062 001a 5FD9     		bls	.L60
 106:Middlewares/LVGL/lvgl/src/draw/lv_draw_image.c ****         /* NOT draw if scale is negative or zero */
 1063              		.loc 1 106 5 is_stmt 1 view .LVU262
 106:Middlewares/LVGL/lvgl/src/draw/lv_draw_image.c ****         /* NOT draw if scale is negative or zero */
 1064              		.loc 1 106 11 is_stmt 0 view .LVU263
 1065 001c 0B6C     		ldr	r3, [r1, #64]
 106:Middlewares/LVGL/lvgl/src/draw/lv_draw_image.c ****         /* NOT draw if scale is negative or zero */
 1066              		.loc 1 106 7 view .LVU264
 1067 001e 002B     		cmp	r3, #0
 1068 0020 5CDD     		ble	.L60
 106:Middlewares/LVGL/lvgl/src/draw/lv_draw_image.c ****         /* NOT draw if scale is negative or zero */
 1069              		.loc 1 106 32 discriminator 1 view .LVU265
 1070 0022 4B6C     		ldr	r3, [r1, #68]
 106:Middlewares/LVGL/lvgl/src/draw/lv_draw_image.c ****         /* NOT draw if scale is negative or zero */
 1071              		.loc 1 106 26 discriminator 1 view .LVU266
 1072 0024 002B     		cmp	r3, #0
 1073 0026 59DD     		ble	.L60
 111:Middlewares/LVGL/lvgl/src/draw/lv_draw_image.c **** 
 1074              		.loc 1 111 27 is_stmt 1 view .LVU267
 113:Middlewares/LVGL/lvgl/src/draw/lv_draw_image.c ****         lv_layer_t * ds_layer = lv_draw_layer_create_drop_shadow(layer, &dsc->base, image_coords);
 1075              		.loc 1 113 5 view .LVU268
 113:Middlewares/LVGL/lvgl/src/draw/lv_draw_image.c ****         lv_layer_t * ds_layer = lv_draw_layer_create_drop_shadow(layer, &dsc->base, image_coords);
 1076              		.loc 1 113 17 is_stmt 0 view .LVU269
 1077 0028 CB7E     		ldrb	r3, [r1, #27]	@ zero_extendqisi2
 113:Middlewares/LVGL/lvgl/src/draw/lv_draw_image.c ****         lv_layer_t * ds_layer = lv_draw_layer_create_drop_shadow(layer, &dsc->base, image_coords);
 1078              		.loc 1 113 7 view .LVU270
 1079 002a BBB1     		cbz	r3, .L62
 1080              	.LBB15:
 114:Middlewares/LVGL/lvgl/src/draw/lv_draw_image.c ****         LV_ASSERT_NULL(ds_layer);
 1081              		.loc 1 114 9 is_stmt 1 view .LVU271
 114:Middlewares/LVGL/lvgl/src/draw/lv_draw_image.c ****         LV_ASSERT_NULL(ds_layer);
 1082              		.loc 1 114 33 is_stmt 0 view .LVU272
 1083 002c FFF7FEFF 		bl	lv_draw_layer_create_drop_shadow
 1084              	.LVL89:
 115:Middlewares/LVGL/lvgl/src/draw/lv_draw_image.c ****         lv_draw_image_dsc_t ds_dsc = *dsc;
 1085              		.loc 1 115 9 is_stmt 1 view .LVU273
 115:Middlewares/LVGL/lvgl/src/draw/lv_draw_image.c ****         lv_draw_image_dsc_t ds_dsc = *dsc;
 1086              		.loc 1 115 9 view .LVU274
 1087 0030 0746     		mov	r7, r0
 1088 0032 0028     		cmp	r0, #0
 1089 0034 55D0     		beq	.L64
 115:Middlewares/LVGL/lvgl/src/draw/lv_draw_image.c ****         lv_draw_image_dsc_t ds_dsc = *dsc;
 1090              		.loc 1 115 9 view .LVU275
 115:Middlewares/LVGL/lvgl/src/draw/lv_draw_image.c ****         lv_draw_image_dsc_t ds_dsc = *dsc;
 1091              		.loc 1 115 33 view .LVU276
 116:Middlewares/LVGL/lvgl/src/draw/lv_draw_image.c ****         ds_dsc.base.drop_shadow_opa = 0; /*Disable drop shadow so rendering below will render plain
 1092              		.loc 1 116 9 view .LVU277
 116:Middlewares/LVGL/lvgl/src/draw/lv_draw_image.c ****         ds_dsc.base.drop_shadow_opa = 0; /*Disable drop shadow so rendering below will render plain
 1093              		.loc 1 116 29 is_stmt 0 view .LVU278
 1094 0036 0DF15008 		add	r8, sp, #80
 1095 003a 7C22     		movs	r2, #124
ARM GAS  C:\Users\w1785\AppData\Local\Temp\ccPkQ7zg.s 			page 32


 1096 003c 2146     		mov	r1, r4
 1097 003e 4046     		mov	r0, r8
 1098              	.LVL90:
 116:Middlewares/LVGL/lvgl/src/draw/lv_draw_image.c ****         ds_dsc.base.drop_shadow_opa = 0; /*Disable drop shadow so rendering below will render plain
 1099              		.loc 1 116 29 view .LVU279
 1100 0040 FFF7FEFF 		bl	memcpy
 1101              	.LVL91:
 117:Middlewares/LVGL/lvgl/src/draw/lv_draw_image.c ****         lv_draw_image(ds_layer, &ds_dsc, image_coords);
 1102              		.loc 1 117 9 is_stmt 1 view .LVU280
 117:Middlewares/LVGL/lvgl/src/draw/lv_draw_image.c ****         lv_draw_image(ds_layer, &ds_dsc, image_coords);
 1103              		.loc 1 117 37 is_stmt 0 view .LVU281
 1104 0044 0023     		movs	r3, #0
 1105 0046 8DF86B30 		strb	r3, [sp, #107]
 118:Middlewares/LVGL/lvgl/src/draw/lv_draw_image.c ****         lv_draw_layer_finish_drop_shadow(ds_layer, &dsc->base);
 1106              		.loc 1 118 9 is_stmt 1 view .LVU282
 1107 004a 2A46     		mov	r2, r5
 1108 004c 4146     		mov	r1, r8
 1109 004e 3846     		mov	r0, r7
 1110 0050 FFF7FEFF 		bl	lv_draw_image
 1111              	.LVL92:
 119:Middlewares/LVGL/lvgl/src/draw/lv_draw_image.c ****     }
 1112              		.loc 1 119 9 view .LVU283
 1113 0054 2146     		mov	r1, r4
 1114 0056 3846     		mov	r0, r7
 1115 0058 FFF7FEFF 		bl	lv_draw_layer_finish_drop_shadow
 1116              	.LVL93:
 1117              	.L62:
 119:Middlewares/LVGL/lvgl/src/draw/lv_draw_image.c ****     }
 1118              		.loc 1 119 9 is_stmt 0 view .LVU284
 1119              	.LBE15:
 122:Middlewares/LVGL/lvgl/src/draw/lv_draw_image.c ****     lv_memcpy(&new_image_dsc, dsc, sizeof(*dsc));
 1120              		.loc 1 122 5 is_stmt 1 view .LVU285
 123:Middlewares/LVGL/lvgl/src/draw/lv_draw_image.c ****     lv_result_t res = lv_image_decoder_get_info(new_image_dsc.src, &new_image_dsc.header);
 1121              		.loc 1 123 5 view .LVU286
 1122 005c 7C22     		movs	r2, #124
 1123 005e 2146     		mov	r1, r4
 1124 0060 33A8     		add	r0, sp, #204
 1125 0062 FFF7FEFF 		bl	lv_memcpy
 1126              	.LVL94:
 124:Middlewares/LVGL/lvgl/src/draw/lv_draw_image.c ****     if(res != LV_RESULT_OK) {
 1127              		.loc 1 124 5 view .LVU287
 124:Middlewares/LVGL/lvgl/src/draw/lv_draw_image.c ****     if(res != LV_RESULT_OK) {
 1128              		.loc 1 124 23 is_stmt 0 view .LVU288
 1129 0066 3EA9     		add	r1, sp, #248
 1130 0068 3D98     		ldr	r0, [sp, #244]
 1131 006a FFF7FEFF 		bl	lv_image_decoder_get_info
 1132              	.LVL95:
 125:Middlewares/LVGL/lvgl/src/draw/lv_draw_image.c ****         LV_LOG_WARN("Couldn't get info about the image");
 1133              		.loc 1 125 5 is_stmt 1 view .LVU289
 125:Middlewares/LVGL/lvgl/src/draw/lv_draw_image.c ****         LV_LOG_WARN("Couldn't get info about the image");
 1134              		.loc 1 125 7 is_stmt 0 view .LVU290
 1135 006e 0128     		cmp	r0, #1
 1136 0070 34D1     		bne	.L60
 132:Middlewares/LVGL/lvgl/src/draw/lv_draw_image.c ****         new_image_dsc.image_area = *image_coords;
 1137              		.loc 1 132 5 is_stmt 1 view .LVU291
 132:Middlewares/LVGL/lvgl/src/draw/lv_draw_image.c ****         new_image_dsc.image_area = *image_coords;
 1138              		.loc 1 132 7 is_stmt 0 view .LVU292
ARM GAS  C:\Users\w1785\AppData\Local\Temp\ccPkQ7zg.s 			page 33


 1139 0072 4F9A     		ldr	r2, [sp, #316]
 1140 0074 694B     		ldr	r3, .L80
 1141 0076 9A42     		cmp	r2, r3
 1142 0078 34D0     		beq	.L78
 1143              	.LVL96:
 1144              	.L65:
 137:Middlewares/LVGL/lvgl/src/draw/lv_draw_image.c ****         lv_draw_task_t * t = lv_draw_add_task(layer, image_coords, LV_DRAW_TASK_TYPE_IMAGE);
 1145              		.loc 1 137 5 is_stmt 1 view .LVU293
 137:Middlewares/LVGL/lvgl/src/draw/lv_draw_image.c ****         lv_draw_task_t * t = lv_draw_add_task(layer, image_coords, LV_DRAW_TASK_TYPE_IMAGE);
 1146              		.loc 1 137 30 is_stmt 0 view .LVU294
 1147 007a BDF8FA30 		ldrh	r3, [sp, #250]
 137:Middlewares/LVGL/lvgl/src/draw/lv_draw_image.c ****         lv_draw_task_t * t = lv_draw_add_task(layer, image_coords, LV_DRAW_TASK_TYPE_IMAGE);
 1148              		.loc 1 137 7 view .LVU295
 1149 007e 13F0400F 		tst	r3, #64
 1150 0082 35D1     		bne	.L66
 1151              	.LBB16:
 138:Middlewares/LVGL/lvgl/src/draw/lv_draw_image.c ****         lv_memcpy(t->draw_dsc, &new_image_dsc, sizeof(lv_draw_image_dsc_t));
 1152              		.loc 1 138 9 is_stmt 1 view .LVU296
 138:Middlewares/LVGL/lvgl/src/draw/lv_draw_image.c ****         lv_memcpy(t->draw_dsc, &new_image_dsc, sizeof(lv_draw_image_dsc_t));
 1153              		.loc 1 138 30 is_stmt 0 view .LVU297
 1154 0084 0622     		movs	r2, #6
 1155 0086 2946     		mov	r1, r5
 1156 0088 3046     		mov	r0, r6
 1157 008a FFF7FEFF 		bl	lv_draw_add_task
 1158              	.LVL97:
 1159 008e 0746     		mov	r7, r0
 1160              	.LVL98:
 139:Middlewares/LVGL/lvgl/src/draw/lv_draw_image.c **** 
 1161              		.loc 1 139 9 is_stmt 1 view .LVU298
 1162 0090 7C22     		movs	r2, #124
 1163 0092 33A9     		add	r1, sp, #204
 1164 0094 406D     		ldr	r0, [r0, #84]
 1165              	.LVL99:
 139:Middlewares/LVGL/lvgl/src/draw/lv_draw_image.c **** 
 1166              		.loc 1 139 9 is_stmt 0 view .LVU299
 1167 0096 FFF7FEFF 		bl	lv_memcpy
 1168              	.LVL100:
 141:Middlewares/LVGL/lvgl/src/draw/lv_draw_image.c ****                                           dsc->rotation, dsc->scale_x, dsc->scale_y, &dsc->pivot);
 1169              		.loc 1 141 9 is_stmt 1 view .LVU300
 1170 009a 07F11809 		add	r9, r7, #24
 1171 009e 2846     		mov	r0, r5
 1172 00a0 FFF7FEFF 		bl	lv_area_get_width
 1173              	.LVL101:
 1174 00a4 8046     		mov	r8, r0
 141:Middlewares/LVGL/lvgl/src/draw/lv_draw_image.c ****                                           dsc->rotation, dsc->scale_x, dsc->scale_y, &dsc->pivot);
 1175              		.loc 1 141 9 is_stmt 0 discriminator 1 view .LVU301
 1176 00a6 2846     		mov	r0, r5
 1177 00a8 FFF7FEFF 		bl	lv_area_get_height
 1178              	.LVL102:
 1179 00ac 0246     		mov	r2, r0
 141:Middlewares/LVGL/lvgl/src/draw/lv_draw_image.c ****                                           dsc->rotation, dsc->scale_x, dsc->scale_y, &dsc->pivot);
 1180              		.loc 1 141 9 view .LVU302
 1181 00ae 04F15003 		add	r3, r4, #80
 1182 00b2 0293     		str	r3, [sp, #8]
 1183 00b4 B4F84430 		ldrh	r3, [r4, #68]
 1184 00b8 0193     		str	r3, [sp, #4]
 1185 00ba B4F84030 		ldrh	r3, [r4, #64]
ARM GAS  C:\Users\w1785\AppData\Local\Temp\ccPkQ7zg.s 			page 34


 1186 00be 0093     		str	r3, [sp]
 1187 00c0 E36B     		ldr	r3, [r4, #60]
 1188 00c2 4146     		mov	r1, r8
 1189 00c4 4846     		mov	r0, r9
 1190 00c6 FFF7FEFF 		bl	lv_image_buf_get_transformed_area
 1191              	.LVL103:
 143:Middlewares/LVGL/lvgl/src/draw/lv_draw_image.c **** 
 1192              		.loc 1 143 9 is_stmt 1 view .LVU303
 1193 00ca 6A68     		ldr	r2, [r5, #4]
 1194 00cc 2968     		ldr	r1, [r5]
 1195 00ce 4846     		mov	r0, r9
 1196 00d0 FFF7FEFF 		bl	lv_area_move
 1197              	.LVL104:
 145:Middlewares/LVGL/lvgl/src/draw/lv_draw_image.c ****     }
 1198              		.loc 1 145 9 view .LVU304
 1199 00d4 3946     		mov	r1, r7
 1200 00d6 3046     		mov	r0, r6
 1201 00d8 FFF7FEFF 		bl	lv_draw_finalize_task_creation
 1202              	.LVL105:
 1203              	.L60:
 145:Middlewares/LVGL/lvgl/src/draw/lv_draw_image.c ****     }
 1204              		.loc 1 145 9 is_stmt 0 view .LVU305
 1205              	.LBE16:
 197:Middlewares/LVGL/lvgl/src/draw/lv_draw_image.c **** 
 1206              		.loc 1 197 1 view .LVU306
 1207 00dc 53B0     		add	sp, sp, #332
 1208              	.LCFI21:
 1209              		.cfi_remember_state
 1210              		.cfi_def_cfa_offset 28
 1211              		@ sp needed
 1212 00de BDE8F083 		pop	{r4, r5, r6, r7, r8, r9, pc}
 1213              	.LVL106:
 1214              	.L64:
 1215              	.LCFI22:
 1216              		.cfi_restore_state
 1217              	.LBB17:
 115:Middlewares/LVGL/lvgl/src/draw/lv_draw_image.c ****         lv_draw_image_dsc_t ds_dsc = *dsc;
 1218              		.loc 1 115 9 is_stmt 1 view .LVU307
 115:Middlewares/LVGL/lvgl/src/draw/lv_draw_image.c ****         lv_draw_image_dsc_t ds_dsc = *dsc;
 1219              		.loc 1 115 9 view .LVU308
 115:Middlewares/LVGL/lvgl/src/draw/lv_draw_image.c ****         lv_draw_image_dsc_t ds_dsc = *dsc;
 1220              		.loc 1 115 9 view .LVU309
 115:Middlewares/LVGL/lvgl/src/draw/lv_draw_image.c ****         lv_draw_image_dsc_t ds_dsc = *dsc;
 1221              		.loc 1 115 9 view .LVU310
 115:Middlewares/LVGL/lvgl/src/draw/lv_draw_image.c ****         lv_draw_image_dsc_t ds_dsc = *dsc;
 1222              		.loc 1 115 9 view .LVU311
 1223 00e2 FEE7     		b	.L64
 1224              	.LVL107:
 1225              	.L78:
 115:Middlewares/LVGL/lvgl/src/draw/lv_draw_image.c ****         lv_draw_image_dsc_t ds_dsc = *dsc;
 1226              		.loc 1 115 9 is_stmt 0 view .LVU312
 1227              	.LBE17:
 133:Middlewares/LVGL/lvgl/src/draw/lv_draw_image.c ****     }
 1228              		.loc 1 133 9 is_stmt 1 view .LVU313
 133:Middlewares/LVGL/lvgl/src/draw/lv_draw_image.c ****     }
 1229              		.loc 1 133 34 is_stmt 0 view .LVU314
 1230 00e4 4DAF     		add	r7, sp, #308
ARM GAS  C:\Users\w1785\AppData\Local\Temp\ccPkQ7zg.s 			page 35


 1231 00e6 95E80F00 		ldm	r5, {r0, r1, r2, r3}
 1232              	.LVL108:
 133:Middlewares/LVGL/lvgl/src/draw/lv_draw_image.c ****     }
 1233              		.loc 1 133 34 view .LVU315
 1234 00ea 87E80F00 		stm	r7, {r0, r1, r2, r3}
 1235 00ee C4E7     		b	.L65
 1236              	.L66:
 1237              	.LBB18:
 150:Middlewares/LVGL/lvgl/src/draw/lv_draw_image.c ****         res = lv_image_decoder_open(&decoder_dsc, new_image_dsc.src, NULL);
 1238              		.loc 1 150 9 is_stmt 1 view .LVU316
 151:Middlewares/LVGL/lvgl/src/draw/lv_draw_image.c ****         if(res != LV_RESULT_OK) {
 1239              		.loc 1 151 9 view .LVU317
 151:Middlewares/LVGL/lvgl/src/draw/lv_draw_image.c ****         if(res != LV_RESULT_OK) {
 1240              		.loc 1 151 15 is_stmt 0 view .LVU318
 1241 00f0 0022     		movs	r2, #0
 1242 00f2 3D99     		ldr	r1, [sp, #244]
 1243 00f4 14A8     		add	r0, sp, #80
 1244 00f6 FFF7FEFF 		bl	lv_image_decoder_open
 1245              	.LVL109:
 152:Middlewares/LVGL/lvgl/src/draw/lv_draw_image.c ****             LV_LOG_ERROR("Failed to open image");
 1246              		.loc 1 152 9 is_stmt 1 view .LVU319
 152:Middlewares/LVGL/lvgl/src/draw/lv_draw_image.c ****             LV_LOG_ERROR("Failed to open image");
 1247              		.loc 1 152 11 is_stmt 0 view .LVU320
 1248 00fa 0128     		cmp	r0, #1
 1249 00fc EED1     		bne	.L60
 158:Middlewares/LVGL/lvgl/src/draw/lv_draw_image.c ****             lv_area_t draw_area = layer->buf_area;
 1250              		.loc 1 158 9 is_stmt 1 view .LVU321
 158:Middlewares/LVGL/lvgl/src/draw/lv_draw_image.c ****             lv_area_t draw_area = layer->buf_area;
 1251              		.loc 1 158 23 is_stmt 0 view .LVU322
 1252 00fe 149B     		ldr	r3, [sp, #80]
 158:Middlewares/LVGL/lvgl/src/draw/lv_draw_image.c ****             lv_area_t draw_area = layer->buf_area;
 1253              		.loc 1 158 11 view .LVU323
 1254 0100 D3B1     		cbz	r3, .L69
 158:Middlewares/LVGL/lvgl/src/draw/lv_draw_image.c ****             lv_area_t draw_area = layer->buf_area;
 1255              		.loc 1 158 54 discriminator 1 view .LVU324
 1256 0102 1B69     		ldr	r3, [r3, #16]
 158:Middlewares/LVGL/lvgl/src/draw/lv_draw_image.c ****             lv_area_t draw_area = layer->buf_area;
 1257              		.loc 1 158 32 discriminator 1 view .LVU325
 1258 0104 C3B1     		cbz	r3, .L69
 1259              	.LBB19:
 159:Middlewares/LVGL/lvgl/src/draw/lv_draw_image.c ****             lv_area_t coords_area = *image_coords;
 1260              		.loc 1 159 13 is_stmt 1 view .LVU326
 159:Middlewares/LVGL/lvgl/src/draw/lv_draw_image.c ****             lv_area_t coords_area = *image_coords;
 1261              		.loc 1 159 23 is_stmt 0 view .LVU327
 1262 0106 04AF     		add	r7, sp, #16
 1263 0108 06F11403 		add	r3, r6, #20
 1264 010c 0FCB     		ldm	r3, {r0, r1, r2, r3}
 1265              	.LVL110:
 159:Middlewares/LVGL/lvgl/src/draw/lv_draw_image.c ****             lv_area_t coords_area = *image_coords;
 1266              		.loc 1 159 23 view .LVU328
 1267 010e 87E80F00 		stm	r7, {r0, r1, r2, r3}
 160:Middlewares/LVGL/lvgl/src/draw/lv_draw_image.c **** 
 1268              		.loc 1 160 13 is_stmt 1 view .LVU329
 160:Middlewares/LVGL/lvgl/src/draw/lv_draw_image.c **** 
 1269              		.loc 1 160 23 is_stmt 0 view .LVU330
 1270 0112 08AF     		add	r7, sp, #32
 1271 0114 95E80F00 		ldm	r5, {r0, r1, r2, r3}
ARM GAS  C:\Users\w1785\AppData\Local\Temp\ccPkQ7zg.s 			page 36


 1272 0118 87E80F00 		stm	r7, {r0, r1, r2, r3}
 162:Middlewares/LVGL/lvgl/src/draw/lv_draw_image.c ****             if(layer->parent) { /* child layer */
 1273              		.loc 1 162 13 is_stmt 1 view .LVU331
 162:Middlewares/LVGL/lvgl/src/draw/lv_draw_image.c ****             if(layer->parent) { /* child layer */
 1274              		.loc 1 162 43 is_stmt 0 view .LVU332
 1275 011c 2368     		ldr	r3, [r4]
 162:Middlewares/LVGL/lvgl/src/draw/lv_draw_image.c ****             if(layer->parent) { /* child layer */
 1276              		.loc 1 162 23 view .LVU333
 1277 011e 0CAF     		add	r7, sp, #48
 1278 0120 1433     		adds	r3, r3, #20
 1279 0122 0FCB     		ldm	r3, {r0, r1, r2, r3}
 1280 0124 87E80F00 		stm	r7, {r0, r1, r2, r3}
 163:Middlewares/LVGL/lvgl/src/draw/lv_draw_image.c ****                 if(lv_area_intersect(&coords_area, &coords_area, &obj_area)) {
 1281              		.loc 1 163 13 is_stmt 1 view .LVU334
 163:Middlewares/LVGL/lvgl/src/draw/lv_draw_image.c ****                 if(lv_area_intersect(&coords_area, &coords_area, &obj_area)) {
 1282              		.loc 1 163 21 is_stmt 0 view .LVU335
 1283 0128 B368     		ldr	r3, [r6, #8]
 163:Middlewares/LVGL/lvgl/src/draw/lv_draw_image.c ****                 if(lv_area_intersect(&coords_area, &coords_area, &obj_area)) {
 1284              		.loc 1 163 15 view .LVU336
 1285 012a 03B3     		cbz	r3, .L70
 164:Middlewares/LVGL/lvgl/src/draw/lv_draw_image.c ****                     int32_t xpos = image_coords->x1 - draw_area.x1;
 1286              		.loc 1 164 17 is_stmt 1 view .LVU337
 164:Middlewares/LVGL/lvgl/src/draw/lv_draw_image.c ****                     int32_t xpos = image_coords->x1 - draw_area.x1;
 1287              		.loc 1 164 20 is_stmt 0 view .LVU338
 1288 012c 08A8     		add	r0, sp, #32
 1289 012e 3A46     		mov	r2, r7
 1290 0130 0146     		mov	r1, r0
 1291 0132 FFF7FEFF 		bl	lv_area_intersect
 1292              	.LVL111:
 164:Middlewares/LVGL/lvgl/src/draw/lv_draw_image.c ****                     int32_t xpos = image_coords->x1 - draw_area.x1;
 1293              		.loc 1 164 19 discriminator 1 view .LVU339
 1294 0136 18B9     		cbnz	r0, .L79
 1295              	.LVL112:
 1296              	.L69:
 164:Middlewares/LVGL/lvgl/src/draw/lv_draw_image.c ****                     int32_t xpos = image_coords->x1 - draw_area.x1;
 1297              		.loc 1 164 19 discriminator 1 view .LVU340
 1298              	.LBE19:
 193:Middlewares/LVGL/lvgl/src/draw/lv_draw_image.c ****     }
 1299              		.loc 1 193 9 is_stmt 1 view .LVU341
 1300 0138 14A8     		add	r0, sp, #80
 1301 013a FFF7FEFF 		bl	lv_image_decoder_close
 1302              	.LVL113:
 1303              	.LBE18:
 196:Middlewares/LVGL/lvgl/src/draw/lv_draw_image.c **** }
 1304              		.loc 1 196 25 view .LVU342
 1305              	.LBB23:
 1306 013e CDE7     		b	.L60
 1307              	.LVL114:
 1308              	.L79:
 1309              	.LBB22:
 1310              	.LBB20:
 165:Middlewares/LVGL/lvgl/src/draw/lv_draw_image.c ****                     int32_t ypos = image_coords->y1 - draw_area.y1;
 1311              		.loc 1 165 21 view .LVU343
 165:Middlewares/LVGL/lvgl/src/draw/lv_draw_image.c ****                     int32_t ypos = image_coords->y1 - draw_area.y1;
 1312              		.loc 1 165 64 is_stmt 0 view .LVU344
 1313 0140 0499     		ldr	r1, [sp, #16]
 1314              	.LVL115:
ARM GAS  C:\Users\w1785\AppData\Local\Temp\ccPkQ7zg.s 			page 37


 166:Middlewares/LVGL/lvgl/src/draw/lv_draw_image.c **** 
 1315              		.loc 1 166 21 is_stmt 1 view .LVU345
 166:Middlewares/LVGL/lvgl/src/draw/lv_draw_image.c **** 
 1316              		.loc 1 166 64 is_stmt 0 view .LVU346
 1317 0142 059A     		ldr	r2, [sp, #20]
 1318              	.LVL116:
 168:Middlewares/LVGL/lvgl/src/draw/lv_draw_image.c ****                     layer->_clip_area = coords_area;
 1319              		.loc 1 168 21 is_stmt 1 view .LVU347
 1320 0144 08AC     		add	r4, sp, #32
 1321              	.LVL117:
 168:Middlewares/LVGL/lvgl/src/draw/lv_draw_image.c ****                     layer->_clip_area = coords_area;
 1322              		.loc 1 168 21 is_stmt 0 view .LVU348
 1323 0146 5242     		rsbs	r2, r2, #0
 1324              	.LVL118:
 168:Middlewares/LVGL/lvgl/src/draw/lv_draw_image.c ****                     layer->_clip_area = coords_area;
 1325              		.loc 1 168 21 view .LVU349
 1326 0148 4942     		rsbs	r1, r1, #0
 1327              	.LVL119:
 168:Middlewares/LVGL/lvgl/src/draw/lv_draw_image.c ****                     layer->_clip_area = coords_area;
 1328              		.loc 1 168 21 view .LVU350
 1329 014a 2046     		mov	r0, r4
 1330 014c FFF7FEFF 		bl	lv_area_move
 1331              	.LVL120:
 169:Middlewares/LVGL/lvgl/src/draw/lv_draw_image.c ****                     decoder_dsc.decoder->custom_draw_cb(layer, &decoder_dsc, &coords_area, &new_ima
 1332              		.loc 1 169 21 is_stmt 1 view .LVU351
 169:Middlewares/LVGL/lvgl/src/draw/lv_draw_image.c ****                     decoder_dsc.decoder->custom_draw_cb(layer, &decoder_dsc, &coords_area, &new_ima
 1333              		.loc 1 169 39 is_stmt 0 view .LVU352
 1334 0150 06F13405 		add	r5, r6, #52
 1335              	.LVL121:
 169:Middlewares/LVGL/lvgl/src/draw/lv_draw_image.c ****                     decoder_dsc.decoder->custom_draw_cb(layer, &decoder_dsc, &coords_area, &new_ima
 1336              		.loc 1 169 39 view .LVU353
 1337 0154 94E80F00 		ldm	r4, {r0, r1, r2, r3}
 1338 0158 85E80F00 		stm	r5, {r0, r1, r2, r3}
 170:Middlewares/LVGL/lvgl/src/draw/lv_draw_image.c ****                 }
 1339              		.loc 1 170 21 is_stmt 1 view .LVU354
 170:Middlewares/LVGL/lvgl/src/draw/lv_draw_image.c ****                 }
 1340              		.loc 1 170 32 is_stmt 0 view .LVU355
 1341 015c 149B     		ldr	r3, [sp, #80]
 170:Middlewares/LVGL/lvgl/src/draw/lv_draw_image.c ****                 }
 1342              		.loc 1 170 40 view .LVU356
 1343 015e 1D69     		ldr	r5, [r3, #16]
 170:Middlewares/LVGL/lvgl/src/draw/lv_draw_image.c ****                 }
 1344              		.loc 1 170 21 view .LVU357
 1345 0160 0094     		str	r4, [sp]
 1346 0162 33AB     		add	r3, sp, #204
 1347 0164 2246     		mov	r2, r4
 1348 0166 14A9     		add	r1, sp, #80
 1349 0168 3046     		mov	r0, r6
 1350 016a A847     		blx	r5
 1351              	.LVL122:
 1352 016c E4E7     		b	.L69
 1353              	.LVL123:
 1354              	.L70:
 170:Middlewares/LVGL/lvgl/src/draw/lv_draw_image.c ****                 }
 1355              		.loc 1 170 21 view .LVU358
 1356              	.LBE20:
 1357              	.LBB21:
ARM GAS  C:\Users\w1785\AppData\Local\Temp\ccPkQ7zg.s 			page 38


 174:Middlewares/LVGL/lvgl/src/draw/lv_draw_image.c ****                 if(lv_area_intersect(&clip_area, &clip_area, &coords_area)) {
 1358              		.loc 1 174 17 is_stmt 1 view .LVU359
 174:Middlewares/LVGL/lvgl/src/draw/lv_draw_image.c ****                 if(lv_area_intersect(&clip_area, &clip_area, &coords_area)) {
 1359              		.loc 1 174 27 is_stmt 0 view .LVU360
 1360 016e 10AF     		add	r7, sp, #64
 1361 0170 04AB     		add	r3, sp, #16
 1362 0172 0FCB     		ldm	r3, {r0, r1, r2, r3}
 1363 0174 87E80F00 		stm	r7, {r0, r1, r2, r3}
 175:Middlewares/LVGL/lvgl/src/draw/lv_draw_image.c **** 
 1364              		.loc 1 175 17 is_stmt 1 view .LVU361
 175:Middlewares/LVGL/lvgl/src/draw/lv_draw_image.c **** 
 1365              		.loc 1 175 20 is_stmt 0 view .LVU362
 1366 0178 08AA     		add	r2, sp, #32
 1367 017a 3946     		mov	r1, r7
 1368 017c 3846     		mov	r0, r7
 1369 017e FFF7FEFF 		bl	lv_area_intersect
 1370              	.LVL124:
 175:Middlewares/LVGL/lvgl/src/draw/lv_draw_image.c **** 
 1371              		.loc 1 175 19 discriminator 1 view .LVU363
 1372 0182 0028     		cmp	r0, #0
 1373 0184 D8D0     		beq	.L69
 177:Middlewares/LVGL/lvgl/src/draw/lv_draw_image.c ****                                                       dsc->rotation, dsc->scale_x, dsc->scale_y, &d
 1374              		.loc 1 177 21 is_stmt 1 view .LVU364
 1375 0186 2846     		mov	r0, r5
 1376 0188 FFF7FEFF 		bl	lv_area_get_width
 1377              	.LVL125:
 1378 018c 0746     		mov	r7, r0
 177:Middlewares/LVGL/lvgl/src/draw/lv_draw_image.c ****                                                       dsc->rotation, dsc->scale_x, dsc->scale_y, &d
 1379              		.loc 1 177 21 is_stmt 0 discriminator 1 view .LVU365
 1380 018e 2846     		mov	r0, r5
 1381 0190 FFF7FEFF 		bl	lv_area_get_height
 1382              	.LVL126:
 1383 0194 0246     		mov	r2, r0
 177:Middlewares/LVGL/lvgl/src/draw/lv_draw_image.c ****                                                       dsc->rotation, dsc->scale_x, dsc->scale_y, &d
 1384              		.loc 1 177 21 view .LVU366
 1385 0196 04F15009 		add	r9, r4, #80
 1386 019a 0DF12008 		add	r8, sp, #32
 1387 019e CDF80890 		str	r9, [sp, #8]
 1388 01a2 B4F84430 		ldrh	r3, [r4, #68]
 1389 01a6 0193     		str	r3, [sp, #4]
 1390 01a8 B4F84030 		ldrh	r3, [r4, #64]
 1391 01ac 0093     		str	r3, [sp]
 1392 01ae E36B     		ldr	r3, [r4, #60]
 1393 01b0 3946     		mov	r1, r7
 1394 01b2 4046     		mov	r0, r8
 1395 01b4 FFF7FEFF 		bl	lv_image_buf_get_transformed_area
 1396              	.LVL127:
 179:Middlewares/LVGL/lvgl/src/draw/lv_draw_image.c **** 
 1397              		.loc 1 179 21 is_stmt 1 view .LVU367
 1398 01b8 6A68     		ldr	r2, [r5, #4]
 1399 01ba 2968     		ldr	r1, [r5]
 1400 01bc 4046     		mov	r0, r8
 1401 01be FFF7FEFF 		bl	lv_area_move
 1402              	.LVL128:
 181:Middlewares/LVGL/lvgl/src/draw/lv_draw_image.c ****                                                       dsc->rotation, dsc->scale_x, dsc->scale_y, &d
 1403              		.loc 1 181 21 view .LVU368
 1404 01c2 2846     		mov	r0, r5
ARM GAS  C:\Users\w1785\AppData\Local\Temp\ccPkQ7zg.s 			page 39


 1405 01c4 FFF7FEFF 		bl	lv_area_get_width
 1406              	.LVL129:
 1407 01c8 8046     		mov	r8, r0
 181:Middlewares/LVGL/lvgl/src/draw/lv_draw_image.c ****                                                       dsc->rotation, dsc->scale_x, dsc->scale_y, &d
 1408              		.loc 1 181 21 is_stmt 0 discriminator 1 view .LVU369
 1409 01ca 2846     		mov	r0, r5
 1410 01cc FFF7FEFF 		bl	lv_area_get_height
 1411              	.LVL130:
 1412 01d0 0246     		mov	r2, r0
 181:Middlewares/LVGL/lvgl/src/draw/lv_draw_image.c ****                                                       dsc->rotation, dsc->scale_x, dsc->scale_y, &d
 1413              		.loc 1 181 21 view .LVU370
 1414 01d2 10AF     		add	r7, sp, #64
 1415 01d4 CDF80890 		str	r9, [sp, #8]
 1416 01d8 B4F84430 		ldrh	r3, [r4, #68]
 1417 01dc 0193     		str	r3, [sp, #4]
 1418 01de B4F84030 		ldrh	r3, [r4, #64]
 1419 01e2 0093     		str	r3, [sp]
 1420 01e4 E36B     		ldr	r3, [r4, #60]
 1421 01e6 4146     		mov	r1, r8
 1422 01e8 3846     		mov	r0, r7
 1423 01ea FFF7FEFF 		bl	lv_image_buf_get_transformed_area
 1424              	.LVL131:
 183:Middlewares/LVGL/lvgl/src/draw/lv_draw_image.c **** 
 1425              		.loc 1 183 21 is_stmt 1 view .LVU371
 1426 01ee 6A68     		ldr	r2, [r5, #4]
 1427 01f0 2968     		ldr	r1, [r5]
 1428 01f2 3846     		mov	r0, r7
 1429 01f4 FFF7FEFF 		bl	lv_area_move
 1430              	.LVL132:
 185:Middlewares/LVGL/lvgl/src/draw/lv_draw_image.c ****                         decoder_dsc.decoder->custom_draw_cb(layer, &decoder_dsc, &coords_area, &new
 1431              		.loc 1 185 21 view .LVU372
 185:Middlewares/LVGL/lvgl/src/draw/lv_draw_image.c ****                         decoder_dsc.decoder->custom_draw_cb(layer, &decoder_dsc, &coords_area, &new
 1432              		.loc 1 185 24 is_stmt 0 view .LVU373
 1433 01f8 0CAA     		add	r2, sp, #48
 1434 01fa 3946     		mov	r1, r7
 1435 01fc 3846     		mov	r0, r7
 1436 01fe FFF7FEFF 		bl	lv_area_intersect
 1437              	.LVL133:
 185:Middlewares/LVGL/lvgl/src/draw/lv_draw_image.c ****                         decoder_dsc.decoder->custom_draw_cb(layer, &decoder_dsc, &coords_area, &new
 1438              		.loc 1 185 23 discriminator 1 view .LVU374
 1439 0202 0028     		cmp	r0, #0
 1440 0204 98D0     		beq	.L69
 186:Middlewares/LVGL/lvgl/src/draw/lv_draw_image.c ****                     }
 1441              		.loc 1 186 25 is_stmt 1 view .LVU375
 186:Middlewares/LVGL/lvgl/src/draw/lv_draw_image.c ****                     }
 1442              		.loc 1 186 36 is_stmt 0 view .LVU376
 1443 0206 149B     		ldr	r3, [sp, #80]
 186:Middlewares/LVGL/lvgl/src/draw/lv_draw_image.c ****                     }
 1444              		.loc 1 186 44 view .LVU377
 1445 0208 1C69     		ldr	r4, [r3, #16]
 1446              	.LVL134:
 186:Middlewares/LVGL/lvgl/src/draw/lv_draw_image.c ****                     }
 1447              		.loc 1 186 25 view .LVU378
 1448 020a 0097     		str	r7, [sp]
 1449 020c 33AB     		add	r3, sp, #204
 1450 020e 08AA     		add	r2, sp, #32
 1451 0210 14A9     		add	r1, sp, #80
ARM GAS  C:\Users\w1785\AppData\Local\Temp\ccPkQ7zg.s 			page 40


 1452 0212 3046     		mov	r0, r6
 1453 0214 A047     		blx	r4
 1454              	.LVL135:
 1455 0216 8FE7     		b	.L69
 1456              	.LVL136:
 1457              	.L75:
 1458              	.LCFI23:
 1459              		.cfi_def_cfa_offset 0
 1460              		.cfi_restore 4
 1461              		.cfi_restore 5
 1462              		.cfi_restore 6
 1463              		.cfi_restore 7
 1464              		.cfi_restore 8
 1465              		.cfi_restore 9
 1466              		.cfi_restore 14
 186:Middlewares/LVGL/lvgl/src/draw/lv_draw_image.c ****                     }
 1467              		.loc 1 186 25 view .LVU379
 1468 0218 7047     		bx	lr
 1469              	.L81:
 1470 021a 00BF     		.align	2
 1471              	.L80:
 1472 021c 010000E0 		.word	-536870911
 1473              	.LBE21:
 1474              	.LBE22:
 1475              	.LBE23:
 1476              		.cfi_endproc
 1477              	.LFE203:
 1479              		.section	.text.lv_draw_image_normal_helper,"ax",%progbits
 1480              		.align	1
 1481              		.global	lv_draw_image_normal_helper
 1482              		.syntax unified
 1483              		.thumb
 1484              		.thumb_func
 1486              	lv_draw_image_normal_helper:
 1487              	.LVL137:
 1488              	.LFB205:
 219:Middlewares/LVGL/lvgl/src/draw/lv_draw_image.c ****     if(draw_core_cb == NULL) {
 1489              		.loc 1 219 1 is_stmt 1 view -0
 1490              		.cfi_startproc
 1491              		@ args = 4, pretend = 0, frame = 112
 1492              		@ frame_needed = 0, uses_anonymous_args = 0
 220:Middlewares/LVGL/lvgl/src/draw/lv_draw_image.c ****         LV_LOG_WARN("draw_core_cb is NULL");
 1493              		.loc 1 220 5 view .LVU381
 220:Middlewares/LVGL/lvgl/src/draw/lv_draw_image.c ****         LV_LOG_WARN("draw_core_cb is NULL");
 1494              		.loc 1 220 7 is_stmt 0 view .LVU382
 1495 0000 002B     		cmp	r3, #0
 1496 0002 5ED0     		beq	.L88
 219:Middlewares/LVGL/lvgl/src/draw/lv_draw_image.c ****     if(draw_core_cb == NULL) {
 1497              		.loc 1 219 1 view .LVU383
 1498 0004 2DE9F041 		push	{r4, r5, r6, r7, r8, lr}
 1499              	.LCFI24:
 1500              		.cfi_def_cfa_offset 24
 1501              		.cfi_offset 4, -24
 1502              		.cfi_offset 5, -20
 1503              		.cfi_offset 6, -16
 1504              		.cfi_offset 7, -12
 1505              		.cfi_offset 8, -8
ARM GAS  C:\Users\w1785\AppData\Local\Temp\ccPkQ7zg.s 			page 41


 1506              		.cfi_offset 14, -4
 1507 0008 A0B0     		sub	sp, sp, #128
 1508              	.LCFI25:
 1509              		.cfi_def_cfa_offset 152
 1510 000a 0646     		mov	r6, r0
 1511 000c 0D46     		mov	r5, r1
 1512 000e 1446     		mov	r4, r2
 1513 0010 1F46     		mov	r7, r3
 225:Middlewares/LVGL/lvgl/src/draw/lv_draw_image.c ****     lv_area_copy(&draw_area, coords);
 1514              		.loc 1 225 5 is_stmt 1 view .LVU384
 226:Middlewares/LVGL/lvgl/src/draw/lv_draw_image.c ****     if(draw_dsc->rotation || draw_dsc->scale_x != LV_SCALE_NONE || draw_dsc->scale_y != LV_SCALE_NO
 1515              		.loc 1 226 5 view .LVU385
 1516              	.LVL138:
 1517              	.LBB24:
 1518              	.LBI24:
 1519              		.file 3 "Middlewares/LVGL/lvgl/src/draw/../misc/../font/../draw/../misc/lv_area.h"
   1:Middlewares/LVGL/lvgl/src/draw/../misc/../font/../draw/../misc/lv_area.h **** /**
   2:Middlewares/LVGL/lvgl/src/draw/../misc/../font/../draw/../misc/lv_area.h ****  * @file lv_area.h
   3:Middlewares/LVGL/lvgl/src/draw/../misc/../font/../draw/../misc/lv_area.h ****  *
   4:Middlewares/LVGL/lvgl/src/draw/../misc/../font/../draw/../misc/lv_area.h ****  */
   5:Middlewares/LVGL/lvgl/src/draw/../misc/../font/../draw/../misc/lv_area.h **** 
   6:Middlewares/LVGL/lvgl/src/draw/../misc/../font/../draw/../misc/lv_area.h **** #ifndef LV_AREA_H
   7:Middlewares/LVGL/lvgl/src/draw/../misc/../font/../draw/../misc/lv_area.h **** #define LV_AREA_H
   8:Middlewares/LVGL/lvgl/src/draw/../misc/../font/../draw/../misc/lv_area.h **** 
   9:Middlewares/LVGL/lvgl/src/draw/../misc/../font/../draw/../misc/lv_area.h **** #ifdef __cplusplus
  10:Middlewares/LVGL/lvgl/src/draw/../misc/../font/../draw/../misc/lv_area.h **** extern "C" {
  11:Middlewares/LVGL/lvgl/src/draw/../misc/../font/../draw/../misc/lv_area.h **** #endif
  12:Middlewares/LVGL/lvgl/src/draw/../misc/../font/../draw/../misc/lv_area.h **** 
  13:Middlewares/LVGL/lvgl/src/draw/../misc/../font/../draw/../misc/lv_area.h **** /*********************
  14:Middlewares/LVGL/lvgl/src/draw/../misc/../font/../draw/../misc/lv_area.h ****  *      INCLUDES
  15:Middlewares/LVGL/lvgl/src/draw/../misc/../font/../draw/../misc/lv_area.h ****  *********************/
  16:Middlewares/LVGL/lvgl/src/draw/../misc/../font/../draw/../misc/lv_area.h **** #include "../lv_conf_internal.h"
  17:Middlewares/LVGL/lvgl/src/draw/../misc/../font/../draw/../misc/lv_area.h **** #include "lv_types.h"
  18:Middlewares/LVGL/lvgl/src/draw/../misc/../font/../draw/../misc/lv_area.h **** #include "lv_math.h"
  19:Middlewares/LVGL/lvgl/src/draw/../misc/../font/../draw/../misc/lv_area.h **** 
  20:Middlewares/LVGL/lvgl/src/draw/../misc/../font/../draw/../misc/lv_area.h **** /*********************
  21:Middlewares/LVGL/lvgl/src/draw/../misc/../font/../draw/../misc/lv_area.h ****  *      DEFINES
  22:Middlewares/LVGL/lvgl/src/draw/../misc/../font/../draw/../misc/lv_area.h ****  *********************/
  23:Middlewares/LVGL/lvgl/src/draw/../misc/../font/../draw/../misc/lv_area.h **** 
  24:Middlewares/LVGL/lvgl/src/draw/../misc/../font/../draw/../misc/lv_area.h **** /**********************
  25:Middlewares/LVGL/lvgl/src/draw/../misc/../font/../draw/../misc/lv_area.h ****  *      TYPEDEFS
  26:Middlewares/LVGL/lvgl/src/draw/../misc/../font/../draw/../misc/lv_area.h ****  **********************/
  27:Middlewares/LVGL/lvgl/src/draw/../misc/../font/../draw/../misc/lv_area.h **** 
  28:Middlewares/LVGL/lvgl/src/draw/../misc/../font/../draw/../misc/lv_area.h **** /**
  29:Middlewares/LVGL/lvgl/src/draw/../misc/../font/../draw/../misc/lv_area.h ****  * Represents a point on the screen.
  30:Middlewares/LVGL/lvgl/src/draw/../misc/../font/../draw/../misc/lv_area.h ****  */
  31:Middlewares/LVGL/lvgl/src/draw/../misc/../font/../draw/../misc/lv_area.h **** typedef struct {
  32:Middlewares/LVGL/lvgl/src/draw/../misc/../font/../draw/../misc/lv_area.h ****     int32_t x;
  33:Middlewares/LVGL/lvgl/src/draw/../misc/../font/../draw/../misc/lv_area.h ****     int32_t y;
  34:Middlewares/LVGL/lvgl/src/draw/../misc/../font/../draw/../misc/lv_area.h **** } lv_point_t;
  35:Middlewares/LVGL/lvgl/src/draw/../misc/../font/../draw/../misc/lv_area.h **** 
  36:Middlewares/LVGL/lvgl/src/draw/../misc/../font/../draw/../misc/lv_area.h **** typedef struct {
  37:Middlewares/LVGL/lvgl/src/draw/../misc/../font/../draw/../misc/lv_area.h ****     lv_value_precise_t x;
  38:Middlewares/LVGL/lvgl/src/draw/../misc/../font/../draw/../misc/lv_area.h ****     lv_value_precise_t y;
  39:Middlewares/LVGL/lvgl/src/draw/../misc/../font/../draw/../misc/lv_area.h **** } lv_point_precise_t;
  40:Middlewares/LVGL/lvgl/src/draw/../misc/../font/../draw/../misc/lv_area.h **** 
  41:Middlewares/LVGL/lvgl/src/draw/../misc/../font/../draw/../misc/lv_area.h **** /** Represents an area of the screen.*/
ARM GAS  C:\Users\w1785\AppData\Local\Temp\ccPkQ7zg.s 			page 42


  42:Middlewares/LVGL/lvgl/src/draw/../misc/../font/../draw/../misc/lv_area.h **** typedef struct {
  43:Middlewares/LVGL/lvgl/src/draw/../misc/../font/../draw/../misc/lv_area.h ****     int32_t x1;
  44:Middlewares/LVGL/lvgl/src/draw/../misc/../font/../draw/../misc/lv_area.h ****     int32_t y1;
  45:Middlewares/LVGL/lvgl/src/draw/../misc/../font/../draw/../misc/lv_area.h ****     int32_t x2;
  46:Middlewares/LVGL/lvgl/src/draw/../misc/../font/../draw/../misc/lv_area.h ****     int32_t y2;
  47:Middlewares/LVGL/lvgl/src/draw/../misc/../font/../draw/../misc/lv_area.h **** } lv_area_t;
  48:Middlewares/LVGL/lvgl/src/draw/../misc/../font/../draw/../misc/lv_area.h **** 
  49:Middlewares/LVGL/lvgl/src/draw/../misc/../font/../draw/../misc/lv_area.h **** /** Alignments*/
  50:Middlewares/LVGL/lvgl/src/draw/../misc/../font/../draw/../misc/lv_area.h **** 
  51:Middlewares/LVGL/lvgl/src/draw/../misc/../font/../draw/../misc/lv_area.h **** typedef enum {
  52:Middlewares/LVGL/lvgl/src/draw/../misc/../font/../draw/../misc/lv_area.h ****     LV_ALIGN_DEFAULT = 0,
  53:Middlewares/LVGL/lvgl/src/draw/../misc/../font/../draw/../misc/lv_area.h ****     LV_ALIGN_TOP_LEFT,
  54:Middlewares/LVGL/lvgl/src/draw/../misc/../font/../draw/../misc/lv_area.h ****     LV_ALIGN_TOP_MID,
  55:Middlewares/LVGL/lvgl/src/draw/../misc/../font/../draw/../misc/lv_area.h ****     LV_ALIGN_TOP_RIGHT,
  56:Middlewares/LVGL/lvgl/src/draw/../misc/../font/../draw/../misc/lv_area.h ****     LV_ALIGN_BOTTOM_LEFT,
  57:Middlewares/LVGL/lvgl/src/draw/../misc/../font/../draw/../misc/lv_area.h ****     LV_ALIGN_BOTTOM_MID,
  58:Middlewares/LVGL/lvgl/src/draw/../misc/../font/../draw/../misc/lv_area.h ****     LV_ALIGN_BOTTOM_RIGHT,
  59:Middlewares/LVGL/lvgl/src/draw/../misc/../font/../draw/../misc/lv_area.h ****     LV_ALIGN_LEFT_MID,
  60:Middlewares/LVGL/lvgl/src/draw/../misc/../font/../draw/../misc/lv_area.h ****     LV_ALIGN_RIGHT_MID,
  61:Middlewares/LVGL/lvgl/src/draw/../misc/../font/../draw/../misc/lv_area.h ****     LV_ALIGN_CENTER,
  62:Middlewares/LVGL/lvgl/src/draw/../misc/../font/../draw/../misc/lv_area.h **** 
  63:Middlewares/LVGL/lvgl/src/draw/../misc/../font/../draw/../misc/lv_area.h ****     LV_ALIGN_OUT_TOP_LEFT,
  64:Middlewares/LVGL/lvgl/src/draw/../misc/../font/../draw/../misc/lv_area.h ****     LV_ALIGN_OUT_TOP_MID,
  65:Middlewares/LVGL/lvgl/src/draw/../misc/../font/../draw/../misc/lv_area.h ****     LV_ALIGN_OUT_TOP_RIGHT,
  66:Middlewares/LVGL/lvgl/src/draw/../misc/../font/../draw/../misc/lv_area.h ****     LV_ALIGN_OUT_BOTTOM_LEFT,
  67:Middlewares/LVGL/lvgl/src/draw/../misc/../font/../draw/../misc/lv_area.h ****     LV_ALIGN_OUT_BOTTOM_MID,
  68:Middlewares/LVGL/lvgl/src/draw/../misc/../font/../draw/../misc/lv_area.h ****     LV_ALIGN_OUT_BOTTOM_RIGHT,
  69:Middlewares/LVGL/lvgl/src/draw/../misc/../font/../draw/../misc/lv_area.h ****     LV_ALIGN_OUT_LEFT_TOP,
  70:Middlewares/LVGL/lvgl/src/draw/../misc/../font/../draw/../misc/lv_area.h ****     LV_ALIGN_OUT_LEFT_MID,
  71:Middlewares/LVGL/lvgl/src/draw/../misc/../font/../draw/../misc/lv_area.h ****     LV_ALIGN_OUT_LEFT_BOTTOM,
  72:Middlewares/LVGL/lvgl/src/draw/../misc/../font/../draw/../misc/lv_area.h ****     LV_ALIGN_OUT_RIGHT_TOP,
  73:Middlewares/LVGL/lvgl/src/draw/../misc/../font/../draw/../misc/lv_area.h ****     LV_ALIGN_OUT_RIGHT_MID,
  74:Middlewares/LVGL/lvgl/src/draw/../misc/../font/../draw/../misc/lv_area.h ****     LV_ALIGN_OUT_RIGHT_BOTTOM,
  75:Middlewares/LVGL/lvgl/src/draw/../misc/../font/../draw/../misc/lv_area.h **** } lv_align_t;
  76:Middlewares/LVGL/lvgl/src/draw/../misc/../font/../draw/../misc/lv_area.h **** 
  77:Middlewares/LVGL/lvgl/src/draw/../misc/../font/../draw/../misc/lv_area.h **** typedef enum {
  78:Middlewares/LVGL/lvgl/src/draw/../misc/../font/../draw/../misc/lv_area.h ****     LV_DIR_NONE     = 0x00,
  79:Middlewares/LVGL/lvgl/src/draw/../misc/../font/../draw/../misc/lv_area.h ****     LV_DIR_LEFT     = (1 << 0),
  80:Middlewares/LVGL/lvgl/src/draw/../misc/../font/../draw/../misc/lv_area.h ****     LV_DIR_RIGHT    = (1 << 1),
  81:Middlewares/LVGL/lvgl/src/draw/../misc/../font/../draw/../misc/lv_area.h ****     LV_DIR_TOP      = (1 << 2),
  82:Middlewares/LVGL/lvgl/src/draw/../misc/../font/../draw/../misc/lv_area.h ****     LV_DIR_BOTTOM   = (1 << 3),
  83:Middlewares/LVGL/lvgl/src/draw/../misc/../font/../draw/../misc/lv_area.h ****     LV_DIR_HOR      = LV_DIR_LEFT | LV_DIR_RIGHT,
  84:Middlewares/LVGL/lvgl/src/draw/../misc/../font/../draw/../misc/lv_area.h ****     LV_DIR_VER      = LV_DIR_TOP | LV_DIR_BOTTOM,
  85:Middlewares/LVGL/lvgl/src/draw/../misc/../font/../draw/../misc/lv_area.h ****     LV_DIR_ALL      = LV_DIR_HOR | LV_DIR_VER,
  86:Middlewares/LVGL/lvgl/src/draw/../misc/../font/../draw/../misc/lv_area.h **** } lv_dir_t;
  87:Middlewares/LVGL/lvgl/src/draw/../misc/../font/../draw/../misc/lv_area.h **** 
  88:Middlewares/LVGL/lvgl/src/draw/../misc/../font/../draw/../misc/lv_area.h **** /**********************
  89:Middlewares/LVGL/lvgl/src/draw/../misc/../font/../draw/../misc/lv_area.h ****  * GLOBAL PROTOTYPES
  90:Middlewares/LVGL/lvgl/src/draw/../misc/../font/../draw/../misc/lv_area.h ****  **********************/
  91:Middlewares/LVGL/lvgl/src/draw/../misc/../font/../draw/../misc/lv_area.h **** 
  92:Middlewares/LVGL/lvgl/src/draw/../misc/../font/../draw/../misc/lv_area.h **** /**
  93:Middlewares/LVGL/lvgl/src/draw/../misc/../font/../draw/../misc/lv_area.h ****  * Initialize an area
  94:Middlewares/LVGL/lvgl/src/draw/../misc/../font/../draw/../misc/lv_area.h ****  * @param area_p pointer to an area
  95:Middlewares/LVGL/lvgl/src/draw/../misc/../font/../draw/../misc/lv_area.h ****  * @param x1 left coordinate of the area
  96:Middlewares/LVGL/lvgl/src/draw/../misc/../font/../draw/../misc/lv_area.h ****  * @param y1 top coordinate of the area
  97:Middlewares/LVGL/lvgl/src/draw/../misc/../font/../draw/../misc/lv_area.h ****  * @param x2 right coordinate of the area
  98:Middlewares/LVGL/lvgl/src/draw/../misc/../font/../draw/../misc/lv_area.h ****  * @param y2 bottom coordinate of the area
ARM GAS  C:\Users\w1785\AppData\Local\Temp\ccPkQ7zg.s 			page 43


  99:Middlewares/LVGL/lvgl/src/draw/../misc/../font/../draw/../misc/lv_area.h ****  */
 100:Middlewares/LVGL/lvgl/src/draw/../misc/../font/../draw/../misc/lv_area.h **** void lv_area_set(lv_area_t * area_p, int32_t x1, int32_t y1, int32_t x2, int32_t y2);
 101:Middlewares/LVGL/lvgl/src/draw/../misc/../font/../draw/../misc/lv_area.h **** 
 102:Middlewares/LVGL/lvgl/src/draw/../misc/../font/../draw/../misc/lv_area.h **** /**
 103:Middlewares/LVGL/lvgl/src/draw/../misc/../font/../draw/../misc/lv_area.h ****  * Copy an area
 104:Middlewares/LVGL/lvgl/src/draw/../misc/../font/../draw/../misc/lv_area.h ****  * @param dest pointer to the destination area
 105:Middlewares/LVGL/lvgl/src/draw/../misc/../font/../draw/../misc/lv_area.h ****  * @param src pointer to the source area
 106:Middlewares/LVGL/lvgl/src/draw/../misc/../font/../draw/../misc/lv_area.h ****  */
 107:Middlewares/LVGL/lvgl/src/draw/../misc/../font/../draw/../misc/lv_area.h **** inline static void lv_area_copy(lv_area_t * dest, const lv_area_t * src)
 1520              		.loc 3 107 20 view .LVU386
 1521              	.LBB25:
 108:Middlewares/LVGL/lvgl/src/draw/../misc/../font/../draw/../misc/lv_area.h **** {
 109:Middlewares/LVGL/lvgl/src/draw/../misc/../font/../draw/../misc/lv_area.h ****     dest->x1 = src->x1;
 1522              		.loc 3 109 5 view .LVU387
 1523              		.loc 3 109 19 is_stmt 0 view .LVU388
 1524 0012 1368     		ldr	r3, [r2]
 1525              	.LVL139:
 1526              		.loc 3 109 14 view .LVU389
 1527 0014 1C93     		str	r3, [sp, #112]
 110:Middlewares/LVGL/lvgl/src/draw/../misc/../font/../draw/../misc/lv_area.h ****     dest->y1 = src->y1;
 1528              		.loc 3 110 5 is_stmt 1 view .LVU390
 1529              		.loc 3 110 19 is_stmt 0 view .LVU391
 1530 0016 5368     		ldr	r3, [r2, #4]
 1531              		.loc 3 110 14 view .LVU392
 1532 0018 1D93     		str	r3, [sp, #116]
 111:Middlewares/LVGL/lvgl/src/draw/../misc/../font/../draw/../misc/lv_area.h ****     dest->x2 = src->x2;
 1533              		.loc 3 111 5 is_stmt 1 view .LVU393
 1534              		.loc 3 111 19 is_stmt 0 view .LVU394
 1535 001a 9368     		ldr	r3, [r2, #8]
 1536              		.loc 3 111 14 view .LVU395
 1537 001c 1E93     		str	r3, [sp, #120]
 112:Middlewares/LVGL/lvgl/src/draw/../misc/../font/../draw/../misc/lv_area.h ****     dest->y2 = src->y2;
 1538              		.loc 3 112 5 is_stmt 1 view .LVU396
 1539              		.loc 3 112 19 is_stmt 0 view .LVU397
 1540 001e D368     		ldr	r3, [r2, #12]
 1541              		.loc 3 112 14 view .LVU398
 1542 0020 1F93     		str	r3, [sp, #124]
 1543              	.LVL140:
 1544              		.loc 3 112 14 view .LVU399
 1545              	.LBE25:
 1546              	.LBE24:
 227:Middlewares/LVGL/lvgl/src/draw/lv_draw_image.c ****         int32_t w = lv_area_get_width(coords);
 1547              		.loc 1 227 5 is_stmt 1 view .LVU400
 227:Middlewares/LVGL/lvgl/src/draw/lv_draw_image.c ****         int32_t w = lv_area_get_width(coords);
 1548              		.loc 1 227 16 is_stmt 0 view .LVU401
 1549 0022 CB6B     		ldr	r3, [r1, #60]
 227:Middlewares/LVGL/lvgl/src/draw/lv_draw_image.c ****         int32_t w = lv_area_get_width(coords);
 1550              		.loc 1 227 7 view .LVU402
 1551 0024 1BB9     		cbnz	r3, .L84
 227:Middlewares/LVGL/lvgl/src/draw/lv_draw_image.c ****         int32_t w = lv_area_get_width(coords);
 1552              		.loc 1 227 38 discriminator 1 view .LVU403
 1553 0026 0B6C     		ldr	r3, [r1, #64]
 227:Middlewares/LVGL/lvgl/src/draw/lv_draw_image.c ****         int32_t w = lv_area_get_width(coords);
 1554              		.loc 1 227 27 discriminator 1 view .LVU404
 1555 0028 B3F5807F 		cmp	r3, #256
 1556 002c 2DD0     		beq	.L91
 1557              	.L84:
ARM GAS  C:\Users\w1785\AppData\Local\Temp\ccPkQ7zg.s 			page 44


 1558              	.LBB26:
 228:Middlewares/LVGL/lvgl/src/draw/lv_draw_image.c ****         int32_t h = lv_area_get_height(coords);
 1559              		.loc 1 228 9 is_stmt 1 view .LVU405
 228:Middlewares/LVGL/lvgl/src/draw/lv_draw_image.c ****         int32_t h = lv_area_get_height(coords);
 1560              		.loc 1 228 21 is_stmt 0 view .LVU406
 1561 002e 2046     		mov	r0, r4
 1562              	.LVL141:
 228:Middlewares/LVGL/lvgl/src/draw/lv_draw_image.c ****         int32_t h = lv_area_get_height(coords);
 1563              		.loc 1 228 21 view .LVU407
 1564 0030 FFF7FEFF 		bl	lv_area_get_width
 1565              	.LVL142:
 228:Middlewares/LVGL/lvgl/src/draw/lv_draw_image.c ****         int32_t h = lv_area_get_height(coords);
 1566              		.loc 1 228 21 view .LVU408
 1567 0034 8046     		mov	r8, r0
 1568              	.LVL143:
 229:Middlewares/LVGL/lvgl/src/draw/lv_draw_image.c **** 
 1569              		.loc 1 229 9 is_stmt 1 view .LVU409
 229:Middlewares/LVGL/lvgl/src/draw/lv_draw_image.c **** 
 1570              		.loc 1 229 21 is_stmt 0 view .LVU410
 1571 0036 2046     		mov	r0, r4
 1572              	.LVL144:
 229:Middlewares/LVGL/lvgl/src/draw/lv_draw_image.c **** 
 1573              		.loc 1 229 21 view .LVU411
 1574 0038 FFF7FEFF 		bl	lv_area_get_height
 1575              	.LVL145:
 1576 003c 0246     		mov	r2, r0
 1577              	.LVL146:
 231:Middlewares/LVGL/lvgl/src/draw/lv_draw_image.c ****                                           &draw_dsc->pivot);
 1578              		.loc 1 231 9 is_stmt 1 view .LVU412
 1579 003e 05F15003 		add	r3, r5, #80
 1580 0042 0293     		str	r3, [sp, #8]
 1581 0044 B5F84430 		ldrh	r3, [r5, #68]
 1582 0048 0193     		str	r3, [sp, #4]
 1583 004a B5F84030 		ldrh	r3, [r5, #64]
 1584 004e 0093     		str	r3, [sp]
 1585 0050 EB6B     		ldr	r3, [r5, #60]
 1586 0052 4146     		mov	r1, r8
 1587 0054 1CA8     		add	r0, sp, #112
 1588              	.LVL147:
 231:Middlewares/LVGL/lvgl/src/draw/lv_draw_image.c ****                                           &draw_dsc->pivot);
 1589              		.loc 1 231 9 is_stmt 0 view .LVU413
 1590 0056 FFF7FEFF 		bl	lv_image_buf_get_transformed_area
 1591              	.LVL148:
 234:Middlewares/LVGL/lvgl/src/draw/lv_draw_image.c ****         draw_area.y1 += coords->y1;
 1592              		.loc 1 234 9 is_stmt 1 view .LVU414
 234:Middlewares/LVGL/lvgl/src/draw/lv_draw_image.c ****         draw_area.y1 += coords->y1;
 1593              		.loc 1 234 31 is_stmt 0 view .LVU415
 1594 005a 2168     		ldr	r1, [r4]
 234:Middlewares/LVGL/lvgl/src/draw/lv_draw_image.c ****         draw_area.y1 += coords->y1;
 1595              		.loc 1 234 22 view .LVU416
 1596 005c 1C9B     		ldr	r3, [sp, #112]
 1597 005e 0B44     		add	r3, r3, r1
 1598 0060 1C93     		str	r3, [sp, #112]
 235:Middlewares/LVGL/lvgl/src/draw/lv_draw_image.c ****         draw_area.x2 += coords->x1;
 1599              		.loc 1 235 9 is_stmt 1 view .LVU417
 235:Middlewares/LVGL/lvgl/src/draw/lv_draw_image.c ****         draw_area.x2 += coords->x1;
 1600              		.loc 1 235 31 is_stmt 0 view .LVU418
ARM GAS  C:\Users\w1785\AppData\Local\Temp\ccPkQ7zg.s 			page 45


 1601 0062 6268     		ldr	r2, [r4, #4]
 235:Middlewares/LVGL/lvgl/src/draw/lv_draw_image.c ****         draw_area.x2 += coords->x1;
 1602              		.loc 1 235 22 view .LVU419
 1603 0064 1D9B     		ldr	r3, [sp, #116]
 1604 0066 1344     		add	r3, r3, r2
 1605 0068 1D93     		str	r3, [sp, #116]
 236:Middlewares/LVGL/lvgl/src/draw/lv_draw_image.c ****         draw_area.y2 += coords->y1;
 1606              		.loc 1 236 9 is_stmt 1 view .LVU420
 236:Middlewares/LVGL/lvgl/src/draw/lv_draw_image.c ****         draw_area.y2 += coords->y1;
 1607              		.loc 1 236 18 is_stmt 0 view .LVU421
 1608 006a 1E9B     		ldr	r3, [sp, #120]
 236:Middlewares/LVGL/lvgl/src/draw/lv_draw_image.c ****         draw_area.y2 += coords->y1;
 1609              		.loc 1 236 22 view .LVU422
 1610 006c 0B44     		add	r3, r3, r1
 1611 006e 1E93     		str	r3, [sp, #120]
 237:Middlewares/LVGL/lvgl/src/draw/lv_draw_image.c ****     }
 1612              		.loc 1 237 9 is_stmt 1 view .LVU423
 237:Middlewares/LVGL/lvgl/src/draw/lv_draw_image.c ****     }
 1613              		.loc 1 237 18 is_stmt 0 view .LVU424
 1614 0070 1F9B     		ldr	r3, [sp, #124]
 237:Middlewares/LVGL/lvgl/src/draw/lv_draw_image.c ****     }
 1615              		.loc 1 237 22 view .LVU425
 1616 0072 1344     		add	r3, r3, r2
 1617 0074 1F93     		str	r3, [sp, #124]
 1618              	.LVL149:
 1619              	.L85:
 237:Middlewares/LVGL/lvgl/src/draw/lv_draw_image.c ****     }
 1620              		.loc 1 237 22 view .LVU426
 1621              	.LBE26:
 240:Middlewares/LVGL/lvgl/src/draw/lv_draw_image.c ****     if(!lv_area_intersect(&clipped_img_area, &draw_area, &t->clip_area)) {
 1622              		.loc 1 240 5 is_stmt 1 view .LVU427
 241:Middlewares/LVGL/lvgl/src/draw/lv_draw_image.c ****         return;
 1623              		.loc 1 241 5 view .LVU428
 241:Middlewares/LVGL/lvgl/src/draw/lv_draw_image.c ****         return;
 1624              		.loc 1 241 9 is_stmt 0 view .LVU429
 1625 0076 06F13802 		add	r2, r6, #56
 1626 007a 1CA9     		add	r1, sp, #112
 1627 007c 18A8     		add	r0, sp, #96
 1628 007e FFF7FEFF 		bl	lv_area_intersect
 1629              	.LVL150:
 241:Middlewares/LVGL/lvgl/src/draw/lv_draw_image.c ****         return;
 1630              		.loc 1 241 7 discriminator 1 view .LVU430
 1631 0082 38B9     		cbnz	r0, .L92
 1632              	.L82:
 255:Middlewares/LVGL/lvgl/src/draw/lv_draw_image.c **** 
 1633              		.loc 1 255 1 view .LVU431
 1634 0084 20B0     		add	sp, sp, #128
 1635              	.LCFI26:
 1636              		.cfi_remember_state
 1637              		.cfi_def_cfa_offset 24
 1638              		@ sp needed
 1639 0086 BDE8F081 		pop	{r4, r5, r6, r7, r8, pc}
 1640              	.LVL151:
 1641              	.L91:
 1642              	.LCFI27:
 1643              		.cfi_restore_state
 227:Middlewares/LVGL/lvgl/src/draw/lv_draw_image.c ****         int32_t w = lv_area_get_width(coords);
ARM GAS  C:\Users\w1785\AppData\Local\Temp\ccPkQ7zg.s 			page 46


 1644              		.loc 1 227 76 discriminator 2 view .LVU432
 1645 008a 4B6C     		ldr	r3, [r1, #68]
 227:Middlewares/LVGL/lvgl/src/draw/lv_draw_image.c ****         int32_t w = lv_area_get_width(coords);
 1646              		.loc 1 227 65 discriminator 2 view .LVU433
 1647 008c B3F5807F 		cmp	r3, #256
 1648 0090 CDD1     		bne	.L84
 1649 0092 F0E7     		b	.L85
 1650              	.LVL152:
 1651              	.L92:
 245:Middlewares/LVGL/lvgl/src/draw/lv_draw_image.c ****     lv_result_t res = lv_image_decoder_open(&decoder_dsc, draw_dsc->src, decoder_args);
 1652              		.loc 1 245 5 is_stmt 1 view .LVU434
 246:Middlewares/LVGL/lvgl/src/draw/lv_draw_image.c ****     if(res != LV_RESULT_OK) {
 1653              		.loc 1 246 5 view .LVU435
 246:Middlewares/LVGL/lvgl/src/draw/lv_draw_image.c ****     if(res != LV_RESULT_OK) {
 1654              		.loc 1 246 23 is_stmt 0 view .LVU436
 1655 0094 269A     		ldr	r2, [sp, #152]
 1656 0096 A96A     		ldr	r1, [r5, #40]
 1657 0098 05A8     		add	r0, sp, #20
 1658 009a FFF7FEFF 		bl	lv_image_decoder_open
 1659              	.LVL153:
 247:Middlewares/LVGL/lvgl/src/draw/lv_draw_image.c ****         LV_LOG_ERROR("Failed to open image");
 1660              		.loc 1 247 5 is_stmt 1 view .LVU437
 247:Middlewares/LVGL/lvgl/src/draw/lv_draw_image.c ****         LV_LOG_ERROR("Failed to open image");
 1661              		.loc 1 247 7 is_stmt 0 view .LVU438
 1662 009e 0128     		cmp	r0, #1
 1663 00a0 F0D1     		bne	.L82
 252:Middlewares/LVGL/lvgl/src/draw/lv_draw_image.c **** 
 1664              		.loc 1 252 5 is_stmt 1 view .LVU439
 1665 00a2 0DF11408 		add	r8, sp, #20
 1666 00a6 0297     		str	r7, [sp, #8]
 1667 00a8 18AB     		add	r3, sp, #96
 1668 00aa 0193     		str	r3, [sp, #4]
 1669 00ac 0094     		str	r4, [sp]
 1670 00ae 0023     		movs	r3, #0
 1671 00b0 4246     		mov	r2, r8
 1672 00b2 2946     		mov	r1, r5
 1673 00b4 3046     		mov	r0, r6
 1674              	.LVL154:
 252:Middlewares/LVGL/lvgl/src/draw/lv_draw_image.c **** 
 1675              		.loc 1 252 5 is_stmt 0 view .LVU440
 1676 00b6 FFF7FEFF 		bl	img_decode_and_draw
 1677              	.LVL155:
 254:Middlewares/LVGL/lvgl/src/draw/lv_draw_image.c **** }
 1678              		.loc 1 254 5 is_stmt 1 view .LVU441
 1679 00ba 4046     		mov	r0, r8
 1680 00bc FFF7FEFF 		bl	lv_image_decoder_close
 1681              	.LVL156:
 1682 00c0 E0E7     		b	.L82
 1683              	.LVL157:
 1684              	.L88:
 1685              	.LCFI28:
 1686              		.cfi_def_cfa_offset 0
 1687              		.cfi_restore 4
 1688              		.cfi_restore 5
 1689              		.cfi_restore 6
 1690              		.cfi_restore 7
 1691              		.cfi_restore 8
ARM GAS  C:\Users\w1785\AppData\Local\Temp\ccPkQ7zg.s 			page 47


 1692              		.cfi_restore 14
 254:Middlewares/LVGL/lvgl/src/draw/lv_draw_image.c **** }
 1693              		.loc 1 254 5 is_stmt 0 view .LVU442
 1694 00c2 7047     		bx	lr
 1695              		.cfi_endproc
 1696              	.LFE205:
 1698              		.section	.rodata
 1699              		.align	2
 1700              		.set	.LANCHOR0,. + 0
 1701              	.LC0:
 1702 0000 010000E0 		.word	-536870911
 1703 0004 010000E0 		.word	-536870911
 1704 0008 010000E0 		.word	-536870911
 1705 000c 010000E0 		.word	-536870911
 1706              		.text
 1707              	.Letext0:
 1708              		.file 4 "D:\\STM32CubeIDE\\STM32CubeIDE_2.1.1\\STM32CubeIDE\\plugins\\com.st.stm32cube.ide.mcu.ext
 1709              		.file 5 "D:\\STM32CubeIDE\\STM32CubeIDE_2.1.1\\STM32CubeIDE\\plugins\\com.st.stm32cube.ide.mcu.ext
 1710              		.file 6 "D:\\STM32CubeIDE\\STM32CubeIDE_2.1.1\\STM32CubeIDE\\plugins\\com.st.stm32cube.ide.mcu.ext
 1711              		.file 7 "Middlewares/LVGL/lvgl/src/draw/../misc/lv_types.h"
 1712              		.file 8 "Middlewares/LVGL/lvgl/src/draw/../core/lv_obj_private.h"
 1713              		.file 9 "Middlewares/LVGL/lvgl/src/draw/lv_draw.h"
 1714              		.file 10 "Middlewares/LVGL/lvgl/src/draw/lv_draw_private.h"
 1715              		.file 11 "Middlewares/LVGL/lvgl/src/draw/lv_image_decoder_private.h"
 1716              		.file 12 "Middlewares/LVGL/lvgl/src/draw/lv_draw_image.h"
 1717              		.file 13 "Middlewares/LVGL/lvgl/src/draw/../misc/cache/class/../lv_cache_private.h"
 1718              		.file 14 "Middlewares/LVGL/lvgl/src/draw/lv_draw_image_private.h"
 1719              		.file 15 "Middlewares/LVGL/lvgl/src/draw/../misc/lv_array.h"
 1720              		.file 16 "Middlewares/LVGL/lvgl/src/draw/../misc/../font/../draw/lv_draw_buf.h"
 1721              		.file 17 "Middlewares/LVGL/lvgl/src/draw/../misc/../font/../draw/../misc/lv_color.h"
 1722              		.file 18 "Middlewares/LVGL/lvgl/src/draw/../misc/../font/../draw/lv_image_dsc.h"
 1723              		.file 19 "Middlewares/LVGL/lvgl/src/draw/../misc/lv_style.h"
 1724              		.file 20 "Middlewares/LVGL/lvgl/src/draw/../misc/lv_event.h"
 1725              		.file 21 "Middlewares/LVGL/lvgl/src/draw/../misc/lv_fs.h"
 1726              		.file 22 "Middlewares/LVGL/lvgl/src/draw/lv_image_decoder.h"
 1727              		.file 23 "Middlewares/LVGL/lvgl/src/draw/../misc/cache/class/../../../osal/lv_os_none.h"
 1728              		.file 24 "Middlewares/LVGL/lvgl/src/draw/../core/lv_obj.h"
 1729              		.file 25 "Middlewares/LVGL/lvgl/src/draw/../misc/lv_area_private.h"
 1730              		.file 26 "<built-in>"
ARM GAS  C:\Users\w1785\AppData\Local\Temp\ccPkQ7zg.s 			page 48


DEFINED SYMBOLS
                            *ABS*:00000000 lv_draw_image.c
C:\Users\w1785\AppData\Local\Temp\ccPkQ7zg.s:21     .text.img_decode_and_draw:00000000 $t
C:\Users\w1785\AppData\Local\Temp\ccPkQ7zg.s:26     .text.img_decode_and_draw:00000000 img_decode_and_draw
C:\Users\w1785\AppData\Local\Temp\ccPkQ7zg.s:234    .text.img_decode_and_draw:000000d8 $d
C:\Users\w1785\AppData\Local\Temp\ccPkQ7zg.s:240    .text.lv_draw_image_dsc_init:00000000 $t
C:\Users\w1785\AppData\Local\Temp\ccPkQ7zg.s:246    .text.lv_draw_image_dsc_init:00000000 lv_draw_image_dsc_init
C:\Users\w1785\AppData\Local\Temp\ccPkQ7zg.s:315    .text.lv_draw_image_dsc_init:00000048 $d
C:\Users\w1785\AppData\Local\Temp\ccPkQ7zg.s:320    .text.lv_draw_task_get_image_dsc:00000000 $t
C:\Users\w1785\AppData\Local\Temp\ccPkQ7zg.s:326    .text.lv_draw_task_get_image_dsc:00000000 lv_draw_task_get_image_dsc
C:\Users\w1785\AppData\Local\Temp\ccPkQ7zg.s:356    .text.lv_image_src_get_type:00000000 $t
C:\Users\w1785\AppData\Local\Temp\ccPkQ7zg.s:362    .text.lv_image_src_get_type:00000000 lv_image_src_get_type
C:\Users\w1785\AppData\Local\Temp\ccPkQ7zg.s:418    .text.lv_draw_image_tiled_helper:00000000 $t
C:\Users\w1785\AppData\Local\Temp\ccPkQ7zg.s:424    .text.lv_draw_image_tiled_helper:00000000 lv_draw_image_tiled_helper
C:\Users\w1785\AppData\Local\Temp\ccPkQ7zg.s:648    .text.lv_draw_image_tiled_helper:000000e0 $d
C:\Users\w1785\AppData\Local\Temp\ccPkQ7zg.s:653    .text.lv_image_buf_get_transformed_area:00000000 $t
C:\Users\w1785\AppData\Local\Temp\ccPkQ7zg.s:659    .text.lv_image_buf_get_transformed_area:00000000 lv_image_buf_get_transformed_area
C:\Users\w1785\AppData\Local\Temp\ccPkQ7zg.s:855    .text.lv_draw_layer:00000000 $t
C:\Users\w1785\AppData\Local\Temp\ccPkQ7zg.s:861    .text.lv_draw_layer:00000000 lv_draw_layer
C:\Users\w1785\AppData\Local\Temp\ccPkQ7zg.s:1016   .text.lv_draw_layer:00000098 $d
C:\Users\w1785\AppData\Local\Temp\ccPkQ7zg.s:1021   .text.lv_draw_image:00000000 $t
C:\Users\w1785\AppData\Local\Temp\ccPkQ7zg.s:1027   .text.lv_draw_image:00000000 lv_draw_image
C:\Users\w1785\AppData\Local\Temp\ccPkQ7zg.s:1472   .text.lv_draw_image:0000021c $d
C:\Users\w1785\AppData\Local\Temp\ccPkQ7zg.s:1480   .text.lv_draw_image_normal_helper:00000000 $t
C:\Users\w1785\AppData\Local\Temp\ccPkQ7zg.s:1486   .text.lv_draw_image_normal_helper:00000000 lv_draw_image_normal_helper
C:\Users\w1785\AppData\Local\Temp\ccPkQ7zg.s:1699   .rodata:00000000 $d

UNDEFINED SYMBOLS
lv_area_move
lv_image_decoder_get_area
lv_area_intersect
lv_memset
lv_color_black
lv_image_decoder_open
lv_area_get_width
lv_area_set_width
lv_area_set_height
lv_image_decoder_close
lv_point_transform
lv_draw_add_task
lv_memcpy
lv_area_get_height
lv_draw_finalize_task_creation
lv_draw_layer_create_drop_shadow
memcpy
lv_draw_layer_finish_drop_shadow
lv_image_decoder_get_info
