ARM GAS  C:\Users\w1785\AppData\Local\Temp\cc8yyzgd.s 			page 1


   1              		.cpu cortex-m4
   2              		.arch armv7e-m
   3              		.fpu fpv4-sp-d16
   4              		.eabi_attribute 27, 1
   5              		.eabi_attribute 28, 1
   6              		.eabi_attribute 20, 1
   7              		.eabi_attribute 21, 1
   8              		.eabi_attribute 23, 3
   9              		.eabi_attribute 24, 1
  10              		.eabi_attribute 25, 1
  11              		.eabi_attribute 26, 1
  12              		.eabi_attribute 30, 1
  13              		.eabi_attribute 34, 1
  14              		.eabi_attribute 18, 4
  15              		.file	"lv_msgbox.c"
  16              		.text
  17              	.Ltext0:
  18              		.cfi_sections	.debug_frame
  19              		.file 1 "Middlewares/LVGL/lvgl/src/widgets/msgbox/lv_msgbox.c"
  20              		.section	.text.lv_msgbox_create,"ax",%progbits
  21              		.align	1
  22              		.global	lv_msgbox_create
  23              		.syntax unified
  24              		.thumb
  25              		.thumb_func
  27              	lv_msgbox_create:
  28              	.LVL0:
  29              	.LFB191:
   1:Middlewares/LVGL/lvgl/src/widgets/msgbox/lv_msgbox.c **** /**
   2:Middlewares/LVGL/lvgl/src/widgets/msgbox/lv_msgbox.c ****  * @file lv_msgbox.c
   3:Middlewares/LVGL/lvgl/src/widgets/msgbox/lv_msgbox.c ****  *
   4:Middlewares/LVGL/lvgl/src/widgets/msgbox/lv_msgbox.c ****  */
   5:Middlewares/LVGL/lvgl/src/widgets/msgbox/lv_msgbox.c **** 
   6:Middlewares/LVGL/lvgl/src/widgets/msgbox/lv_msgbox.c **** /*********************
   7:Middlewares/LVGL/lvgl/src/widgets/msgbox/lv_msgbox.c ****  *      INCLUDES
   8:Middlewares/LVGL/lvgl/src/widgets/msgbox/lv_msgbox.c ****  *********************/
   9:Middlewares/LVGL/lvgl/src/widgets/msgbox/lv_msgbox.c **** #include "lv_msgbox_private.h"
  10:Middlewares/LVGL/lvgl/src/widgets/msgbox/lv_msgbox.c **** #include "../../core/lv_obj_private.h"
  11:Middlewares/LVGL/lvgl/src/widgets/msgbox/lv_msgbox.c **** #include "../../core/lv_obj_class_private.h"
  12:Middlewares/LVGL/lvgl/src/widgets/msgbox/lv_msgbox.c **** #if LV_USE_MSGBOX
  13:Middlewares/LVGL/lvgl/src/widgets/msgbox/lv_msgbox.c **** 
  14:Middlewares/LVGL/lvgl/src/widgets/msgbox/lv_msgbox.c **** #include "../label/lv_label.h"
  15:Middlewares/LVGL/lvgl/src/widgets/msgbox/lv_msgbox.c **** #include "../image/lv_image.h"
  16:Middlewares/LVGL/lvgl/src/widgets/msgbox/lv_msgbox.c **** #include "../../misc/lv_assert.h"
  17:Middlewares/LVGL/lvgl/src/widgets/msgbox/lv_msgbox.c **** #include "../../misc/lv_text_private.h"
  18:Middlewares/LVGL/lvgl/src/widgets/msgbox/lv_msgbox.c **** #include "../../display/lv_display.h"
  19:Middlewares/LVGL/lvgl/src/widgets/msgbox/lv_msgbox.c **** #include "../../layouts/flex/lv_flex.h"
  20:Middlewares/LVGL/lvgl/src/widgets/msgbox/lv_msgbox.c **** #include "../../stdlib/lv_string.h"
  21:Middlewares/LVGL/lvgl/src/widgets/msgbox/lv_msgbox.c **** 
  22:Middlewares/LVGL/lvgl/src/widgets/msgbox/lv_msgbox.c **** #if LV_USE_LABEL == 0
  23:Middlewares/LVGL/lvgl/src/widgets/msgbox/lv_msgbox.c ****     #error "lv_mbox: lv_label is required. Enable it in lv_conf.h (LV_USE_LABEL  1) "
  24:Middlewares/LVGL/lvgl/src/widgets/msgbox/lv_msgbox.c **** #endif
  25:Middlewares/LVGL/lvgl/src/widgets/msgbox/lv_msgbox.c **** 
  26:Middlewares/LVGL/lvgl/src/widgets/msgbox/lv_msgbox.c **** /*********************
  27:Middlewares/LVGL/lvgl/src/widgets/msgbox/lv_msgbox.c ****  *      DEFINES
  28:Middlewares/LVGL/lvgl/src/widgets/msgbox/lv_msgbox.c ****  *********************/
  29:Middlewares/LVGL/lvgl/src/widgets/msgbox/lv_msgbox.c **** #define LV_MSGBOX_FLAG_AUTO_PARENT  LV_OBJ_FLAG_WIDGET_1        /*Mark that the parent was automati
ARM GAS  C:\Users\w1785\AppData\Local\Temp\cc8yyzgd.s 			page 2


  30:Middlewares/LVGL/lvgl/src/widgets/msgbox/lv_msgbox.c **** #define MY_CLASS (&lv_msgbox_class)
  31:Middlewares/LVGL/lvgl/src/widgets/msgbox/lv_msgbox.c **** 
  32:Middlewares/LVGL/lvgl/src/widgets/msgbox/lv_msgbox.c **** /**********************
  33:Middlewares/LVGL/lvgl/src/widgets/msgbox/lv_msgbox.c ****  *      TYPEDEFS
  34:Middlewares/LVGL/lvgl/src/widgets/msgbox/lv_msgbox.c ****  **********************/
  35:Middlewares/LVGL/lvgl/src/widgets/msgbox/lv_msgbox.c **** 
  36:Middlewares/LVGL/lvgl/src/widgets/msgbox/lv_msgbox.c **** /**********************
  37:Middlewares/LVGL/lvgl/src/widgets/msgbox/lv_msgbox.c ****  *  STATIC PROTOTYPES
  38:Middlewares/LVGL/lvgl/src/widgets/msgbox/lv_msgbox.c ****  **********************/
  39:Middlewares/LVGL/lvgl/src/widgets/msgbox/lv_msgbox.c **** static void msgbox_close_click_event_cb(lv_event_t * e);
  40:Middlewares/LVGL/lvgl/src/widgets/msgbox/lv_msgbox.c **** static void msgbox_size_changed_event_cb(lv_event_t * e);
  41:Middlewares/LVGL/lvgl/src/widgets/msgbox/lv_msgbox.c **** 
  42:Middlewares/LVGL/lvgl/src/widgets/msgbox/lv_msgbox.c **** /**********************
  43:Middlewares/LVGL/lvgl/src/widgets/msgbox/lv_msgbox.c ****  *  STATIC VARIABLES
  44:Middlewares/LVGL/lvgl/src/widgets/msgbox/lv_msgbox.c ****  **********************/
  45:Middlewares/LVGL/lvgl/src/widgets/msgbox/lv_msgbox.c **** const lv_obj_class_t lv_msgbox_class = {
  46:Middlewares/LVGL/lvgl/src/widgets/msgbox/lv_msgbox.c ****     .base_class = &lv_obj_class,
  47:Middlewares/LVGL/lvgl/src/widgets/msgbox/lv_msgbox.c ****     .width_def = LV_DPI_DEF * 2,
  48:Middlewares/LVGL/lvgl/src/widgets/msgbox/lv_msgbox.c ****     .height_def = LV_SIZE_CONTENT,
  49:Middlewares/LVGL/lvgl/src/widgets/msgbox/lv_msgbox.c ****     .instance_size = sizeof(lv_msgbox_t),
  50:Middlewares/LVGL/lvgl/src/widgets/msgbox/lv_msgbox.c ****     .name = "lv_msgbox",
  51:Middlewares/LVGL/lvgl/src/widgets/msgbox/lv_msgbox.c **** };
  52:Middlewares/LVGL/lvgl/src/widgets/msgbox/lv_msgbox.c **** 
  53:Middlewares/LVGL/lvgl/src/widgets/msgbox/lv_msgbox.c **** const lv_obj_class_t lv_msgbox_header_class = {
  54:Middlewares/LVGL/lvgl/src/widgets/msgbox/lv_msgbox.c ****     .base_class = &lv_obj_class,
  55:Middlewares/LVGL/lvgl/src/widgets/msgbox/lv_msgbox.c ****     .width_def = LV_PCT(100),
  56:Middlewares/LVGL/lvgl/src/widgets/msgbox/lv_msgbox.c ****     .height_def = LV_DPI_DEF / 3,
  57:Middlewares/LVGL/lvgl/src/widgets/msgbox/lv_msgbox.c ****     .instance_size = sizeof(lv_obj_t),
  58:Middlewares/LVGL/lvgl/src/widgets/msgbox/lv_msgbox.c ****     .name = "lv_msgbox_header",
  59:Middlewares/LVGL/lvgl/src/widgets/msgbox/lv_msgbox.c **** };
  60:Middlewares/LVGL/lvgl/src/widgets/msgbox/lv_msgbox.c **** 
  61:Middlewares/LVGL/lvgl/src/widgets/msgbox/lv_msgbox.c **** const lv_obj_class_t lv_msgbox_content_class = {
  62:Middlewares/LVGL/lvgl/src/widgets/msgbox/lv_msgbox.c ****     .base_class = &lv_obj_class,
  63:Middlewares/LVGL/lvgl/src/widgets/msgbox/lv_msgbox.c ****     .width_def = LV_PCT(100),
  64:Middlewares/LVGL/lvgl/src/widgets/msgbox/lv_msgbox.c ****     .height_def = LV_SIZE_CONTENT,
  65:Middlewares/LVGL/lvgl/src/widgets/msgbox/lv_msgbox.c ****     .instance_size = sizeof(lv_obj_t),
  66:Middlewares/LVGL/lvgl/src/widgets/msgbox/lv_msgbox.c ****     .name = "lv_msgbox_content",
  67:Middlewares/LVGL/lvgl/src/widgets/msgbox/lv_msgbox.c **** };
  68:Middlewares/LVGL/lvgl/src/widgets/msgbox/lv_msgbox.c **** 
  69:Middlewares/LVGL/lvgl/src/widgets/msgbox/lv_msgbox.c **** const lv_obj_class_t lv_msgbox_footer_class = {
  70:Middlewares/LVGL/lvgl/src/widgets/msgbox/lv_msgbox.c ****     .base_class = &lv_obj_class,
  71:Middlewares/LVGL/lvgl/src/widgets/msgbox/lv_msgbox.c ****     .width_def = LV_PCT(100),
  72:Middlewares/LVGL/lvgl/src/widgets/msgbox/lv_msgbox.c ****     .height_def = LV_DPI_DEF / 3,
  73:Middlewares/LVGL/lvgl/src/widgets/msgbox/lv_msgbox.c ****     .instance_size = sizeof(lv_obj_t),
  74:Middlewares/LVGL/lvgl/src/widgets/msgbox/lv_msgbox.c ****     .name = "lv_msgbox_footer",
  75:Middlewares/LVGL/lvgl/src/widgets/msgbox/lv_msgbox.c **** };
  76:Middlewares/LVGL/lvgl/src/widgets/msgbox/lv_msgbox.c **** 
  77:Middlewares/LVGL/lvgl/src/widgets/msgbox/lv_msgbox.c **** const lv_obj_class_t lv_msgbox_footer_button_class = {
  78:Middlewares/LVGL/lvgl/src/widgets/msgbox/lv_msgbox.c ****     .base_class = &lv_obj_class,
  79:Middlewares/LVGL/lvgl/src/widgets/msgbox/lv_msgbox.c ****     .width_def = LV_SIZE_CONTENT,
  80:Middlewares/LVGL/lvgl/src/widgets/msgbox/lv_msgbox.c ****     .height_def = LV_PCT(100),
  81:Middlewares/LVGL/lvgl/src/widgets/msgbox/lv_msgbox.c ****     .instance_size = sizeof(lv_obj_t),
  82:Middlewares/LVGL/lvgl/src/widgets/msgbox/lv_msgbox.c ****     .group_def = LV_OBJ_CLASS_GROUP_DEF_TRUE,
  83:Middlewares/LVGL/lvgl/src/widgets/msgbox/lv_msgbox.c ****     .name = "lv_msgbox_footer_button",
  84:Middlewares/LVGL/lvgl/src/widgets/msgbox/lv_msgbox.c **** };
  85:Middlewares/LVGL/lvgl/src/widgets/msgbox/lv_msgbox.c **** 
  86:Middlewares/LVGL/lvgl/src/widgets/msgbox/lv_msgbox.c **** const lv_obj_class_t lv_msgbox_header_button_class = {
ARM GAS  C:\Users\w1785\AppData\Local\Temp\cc8yyzgd.s 			page 3


  87:Middlewares/LVGL/lvgl/src/widgets/msgbox/lv_msgbox.c ****     .base_class = &lv_obj_class,
  88:Middlewares/LVGL/lvgl/src/widgets/msgbox/lv_msgbox.c ****     .width_def = LV_DPI_DEF / 3,
  89:Middlewares/LVGL/lvgl/src/widgets/msgbox/lv_msgbox.c ****     .height_def = LV_PCT(100),
  90:Middlewares/LVGL/lvgl/src/widgets/msgbox/lv_msgbox.c ****     .instance_size = sizeof(lv_obj_t),
  91:Middlewares/LVGL/lvgl/src/widgets/msgbox/lv_msgbox.c ****     .group_def = LV_OBJ_CLASS_GROUP_DEF_TRUE,
  92:Middlewares/LVGL/lvgl/src/widgets/msgbox/lv_msgbox.c ****     .name = "lv_msgbox_header_button",
  93:Middlewares/LVGL/lvgl/src/widgets/msgbox/lv_msgbox.c **** };
  94:Middlewares/LVGL/lvgl/src/widgets/msgbox/lv_msgbox.c **** 
  95:Middlewares/LVGL/lvgl/src/widgets/msgbox/lv_msgbox.c **** const lv_obj_class_t lv_msgbox_backdrop_class = {
  96:Middlewares/LVGL/lvgl/src/widgets/msgbox/lv_msgbox.c ****     .base_class = &lv_obj_class,
  97:Middlewares/LVGL/lvgl/src/widgets/msgbox/lv_msgbox.c ****     .width_def = LV_PCT(100),
  98:Middlewares/LVGL/lvgl/src/widgets/msgbox/lv_msgbox.c ****     .height_def = LV_PCT(100),
  99:Middlewares/LVGL/lvgl/src/widgets/msgbox/lv_msgbox.c ****     .instance_size = sizeof(lv_obj_t),
 100:Middlewares/LVGL/lvgl/src/widgets/msgbox/lv_msgbox.c ****     .name = "lv_msgbox_backdrop",
 101:Middlewares/LVGL/lvgl/src/widgets/msgbox/lv_msgbox.c **** };
 102:Middlewares/LVGL/lvgl/src/widgets/msgbox/lv_msgbox.c **** 
 103:Middlewares/LVGL/lvgl/src/widgets/msgbox/lv_msgbox.c **** /**********************
 104:Middlewares/LVGL/lvgl/src/widgets/msgbox/lv_msgbox.c ****  *      MACROS
 105:Middlewares/LVGL/lvgl/src/widgets/msgbox/lv_msgbox.c ****  **********************/
 106:Middlewares/LVGL/lvgl/src/widgets/msgbox/lv_msgbox.c **** 
 107:Middlewares/LVGL/lvgl/src/widgets/msgbox/lv_msgbox.c **** /**********************
 108:Middlewares/LVGL/lvgl/src/widgets/msgbox/lv_msgbox.c ****  *   GLOBAL FUNCTIONS
 109:Middlewares/LVGL/lvgl/src/widgets/msgbox/lv_msgbox.c ****  **********************/
 110:Middlewares/LVGL/lvgl/src/widgets/msgbox/lv_msgbox.c **** 
 111:Middlewares/LVGL/lvgl/src/widgets/msgbox/lv_msgbox.c **** lv_obj_t * lv_msgbox_create(lv_obj_t * parent)
 112:Middlewares/LVGL/lvgl/src/widgets/msgbox/lv_msgbox.c **** {
  30              		.loc 1 112 1 view -0
  31              		.cfi_startproc
  32              		@ args = 0, pretend = 0, frame = 0
  33              		@ frame_needed = 0, uses_anonymous_args = 0
  34              		.loc 1 112 1 is_stmt 0 view .LVU1
  35 0000 38B5     		push	{r3, r4, r5, lr}
  36              	.LCFI0:
  37              		.cfi_def_cfa_offset 16
  38              		.cfi_offset 3, -16
  39              		.cfi_offset 4, -12
  40              		.cfi_offset 5, -8
  41              		.cfi_offset 14, -4
 113:Middlewares/LVGL/lvgl/src/widgets/msgbox/lv_msgbox.c ****     LV_LOG_INFO("begin");
  42              		.loc 1 113 5 is_stmt 1 view .LVU2
  43              		.loc 1 113 5 view .LVU3
  44              		.loc 1 113 5 view .LVU4
 114:Middlewares/LVGL/lvgl/src/widgets/msgbox/lv_msgbox.c ****     bool auto_parent = false;
  45              		.loc 1 114 5 view .LVU5
  46              	.LVL1:
 115:Middlewares/LVGL/lvgl/src/widgets/msgbox/lv_msgbox.c ****     if(parent == NULL) {
  47              		.loc 1 115 5 view .LVU6
  48              		.loc 1 115 7 is_stmt 0 view .LVU7
  49 0002 28B3     		cbz	r0, .L12
  50 0004 0446     		mov	r4, r0
 114:Middlewares/LVGL/lvgl/src/widgets/msgbox/lv_msgbox.c ****     bool auto_parent = false;
  51              		.loc 1 114 10 view .LVU8
  52 0006 0025     		movs	r5, #0
  53              	.LVL2:
  54              	.L2:
 116:Middlewares/LVGL/lvgl/src/widgets/msgbox/lv_msgbox.c ****         auto_parent = true;
 117:Middlewares/LVGL/lvgl/src/widgets/msgbox/lv_msgbox.c ****         parent = lv_obj_class_create_obj(&lv_msgbox_backdrop_class, lv_layer_top());
ARM GAS  C:\Users\w1785\AppData\Local\Temp\cc8yyzgd.s 			page 4


 118:Middlewares/LVGL/lvgl/src/widgets/msgbox/lv_msgbox.c ****         LV_ASSERT_MALLOC(parent);
 119:Middlewares/LVGL/lvgl/src/widgets/msgbox/lv_msgbox.c ****         lv_obj_class_init_obj(parent);
 120:Middlewares/LVGL/lvgl/src/widgets/msgbox/lv_msgbox.c ****         lv_obj_remove_flag(parent, LV_OBJ_FLAG_IGNORE_LAYOUT);
 121:Middlewares/LVGL/lvgl/src/widgets/msgbox/lv_msgbox.c ****         lv_obj_set_size(parent, LV_PCT(100), LV_PCT(100));
 122:Middlewares/LVGL/lvgl/src/widgets/msgbox/lv_msgbox.c ****     }
 123:Middlewares/LVGL/lvgl/src/widgets/msgbox/lv_msgbox.c **** 
 124:Middlewares/LVGL/lvgl/src/widgets/msgbox/lv_msgbox.c ****     lv_obj_t * obj = lv_obj_class_create_obj(&lv_msgbox_class, parent);
  55              		.loc 1 124 5 is_stmt 1 view .LVU9
  56              		.loc 1 124 22 is_stmt 0 view .LVU10
  57 0008 2146     		mov	r1, r4
  58 000a 2148     		ldr	r0, .L14
  59 000c FFF7FEFF 		bl	lv_obj_class_create_obj
  60              	.LVL3:
 125:Middlewares/LVGL/lvgl/src/widgets/msgbox/lv_msgbox.c ****     LV_ASSERT_MALLOC(obj);
  61              		.loc 1 125 5 is_stmt 1 view .LVU11
  62              		.loc 1 125 5 view .LVU12
  63 0010 0446     		mov	r4, r0
  64              	.LVL4:
  65              		.loc 1 125 5 is_stmt 0 view .LVU13
  66 0012 A0B3     		cbz	r0, .L6
  67              		.loc 1 125 5 is_stmt 1 view .LVU14
  68              		.loc 1 125 26 view .LVU15
 126:Middlewares/LVGL/lvgl/src/widgets/msgbox/lv_msgbox.c ****     if(obj == NULL) return NULL;
  69              		.loc 1 126 5 view .LVU16
 127:Middlewares/LVGL/lvgl/src/widgets/msgbox/lv_msgbox.c ****     lv_obj_class_init_obj(obj);
  70              		.loc 1 127 5 view .LVU17
  71 0014 FFF7FEFF 		bl	lv_obj_class_init_obj
  72              	.LVL5:
 128:Middlewares/LVGL/lvgl/src/widgets/msgbox/lv_msgbox.c ****     lv_msgbox_t * mbox = (lv_msgbox_t *)obj;
  73              		.loc 1 128 5 view .LVU18
 129:Middlewares/LVGL/lvgl/src/widgets/msgbox/lv_msgbox.c ****     lv_obj_set_flex_flow(obj, LV_FLEX_FLOW_COLUMN);
  74              		.loc 1 129 5 view .LVU19
  75 0018 0121     		movs	r1, #1
  76 001a 2046     		mov	r0, r4
  77 001c FFF7FEFF 		bl	lv_obj_set_flex_flow
  78              	.LVL6:
 130:Middlewares/LVGL/lvgl/src/widgets/msgbox/lv_msgbox.c **** 
 131:Middlewares/LVGL/lvgl/src/widgets/msgbox/lv_msgbox.c ****     if(auto_parent) lv_obj_add_flag(obj, LV_MSGBOX_FLAG_AUTO_PARENT);
  79              		.loc 1 131 5 view .LVU20
  80              		.loc 1 131 7 is_stmt 0 view .LVU21
  81 0020 75BB     		cbnz	r5, .L13
  82              	.L7:
 132:Middlewares/LVGL/lvgl/src/widgets/msgbox/lv_msgbox.c **** 
 133:Middlewares/LVGL/lvgl/src/widgets/msgbox/lv_msgbox.c ****     mbox->content = lv_obj_class_create_obj(&lv_msgbox_content_class, obj);
  83              		.loc 1 133 5 is_stmt 1 view .LVU22
  84              		.loc 1 133 21 is_stmt 0 view .LVU23
  85 0022 2146     		mov	r1, r4
  86 0024 1B48     		ldr	r0, .L14+4
  87 0026 FFF7FEFF 		bl	lv_obj_class_create_obj
  88              	.LVL7:
  89              		.loc 1 133 19 discriminator 1 view .LVU24
  90 002a 6063     		str	r0, [r4, #52]
 134:Middlewares/LVGL/lvgl/src/widgets/msgbox/lv_msgbox.c ****     LV_ASSERT_MALLOC(mbox->content);
  91              		.loc 1 134 5 is_stmt 1 view .LVU25
  92              		.loc 1 134 5 view .LVU26
  93 002c 70B3     		cbz	r0, .L9
  94              		.loc 1 134 5 view .LVU27
ARM GAS  C:\Users\w1785\AppData\Local\Temp\cc8yyzgd.s 			page 5


  95              		.loc 1 134 36 view .LVU28
 135:Middlewares/LVGL/lvgl/src/widgets/msgbox/lv_msgbox.c ****     if(mbox->content == NULL) {
  96              		.loc 1 135 5 view .LVU29
 136:Middlewares/LVGL/lvgl/src/widgets/msgbox/lv_msgbox.c ****         lv_obj_delete(obj);
 137:Middlewares/LVGL/lvgl/src/widgets/msgbox/lv_msgbox.c ****         return NULL;
 138:Middlewares/LVGL/lvgl/src/widgets/msgbox/lv_msgbox.c ****     }
 139:Middlewares/LVGL/lvgl/src/widgets/msgbox/lv_msgbox.c ****     lv_obj_class_init_obj(mbox->content);
  97              		.loc 1 139 5 view .LVU30
  98 002e FFF7FEFF 		bl	lv_obj_class_init_obj
  99              	.LVL8:
 140:Middlewares/LVGL/lvgl/src/widgets/msgbox/lv_msgbox.c ****     lv_obj_set_flex_flow(mbox->content, LV_FLEX_FLOW_COLUMN);
 100              		.loc 1 140 5 view .LVU31
 101 0032 0121     		movs	r1, #1
 102 0034 606B     		ldr	r0, [r4, #52]
 103 0036 FFF7FEFF 		bl	lv_obj_set_flex_flow
 104              	.LVL9:
 141:Middlewares/LVGL/lvgl/src/widgets/msgbox/lv_msgbox.c ****     lv_obj_add_event_cb(obj, msgbox_size_changed_event_cb, LV_EVENT_SIZE_CHANGED, 0);
 105              		.loc 1 141 5 view .LVU32
 106 003a 0023     		movs	r3, #0
 107 003c 3222     		movs	r2, #50
 108 003e 1649     		ldr	r1, .L14+8
 109 0040 2046     		mov	r0, r4
 110 0042 FFF7FEFF 		bl	lv_obj_add_event_cb
 111              	.LVL10:
 142:Middlewares/LVGL/lvgl/src/widgets/msgbox/lv_msgbox.c **** 
 143:Middlewares/LVGL/lvgl/src/widgets/msgbox/lv_msgbox.c ****     lv_obj_center(obj);
 112              		.loc 1 143 5 view .LVU33
 113 0046 2046     		mov	r0, r4
 114 0048 FFF7FEFF 		bl	lv_obj_center
 115              	.LVL11:
 144:Middlewares/LVGL/lvgl/src/widgets/msgbox/lv_msgbox.c ****     return obj;
 116              		.loc 1 144 5 view .LVU34
 145:Middlewares/LVGL/lvgl/src/widgets/msgbox/lv_msgbox.c **** }
 117              		.loc 1 145 1 is_stmt 0 view .LVU35
 118 004c 2046     		mov	r0, r4
 119 004e 38BD     		pop	{r3, r4, r5, pc}
 120              	.LVL12:
 121              	.L12:
 116:Middlewares/LVGL/lvgl/src/widgets/msgbox/lv_msgbox.c ****         parent = lv_obj_class_create_obj(&lv_msgbox_backdrop_class, lv_layer_top());
 122              		.loc 1 116 9 is_stmt 1 view .LVU36
 117:Middlewares/LVGL/lvgl/src/widgets/msgbox/lv_msgbox.c ****         LV_ASSERT_MALLOC(parent);
 123              		.loc 1 117 9 view .LVU37
 117:Middlewares/LVGL/lvgl/src/widgets/msgbox/lv_msgbox.c ****         LV_ASSERT_MALLOC(parent);
 124              		.loc 1 117 18 is_stmt 0 view .LVU38
 125 0050 FFF7FEFF 		bl	lv_layer_top
 126              	.LVL13:
 117:Middlewares/LVGL/lvgl/src/widgets/msgbox/lv_msgbox.c ****         LV_ASSERT_MALLOC(parent);
 127              		.loc 1 117 18 view .LVU39
 128 0054 0146     		mov	r1, r0
 117:Middlewares/LVGL/lvgl/src/widgets/msgbox/lv_msgbox.c ****         LV_ASSERT_MALLOC(parent);
 129              		.loc 1 117 18 discriminator 1 view .LVU40
 130 0056 1148     		ldr	r0, .L14+12
 131 0058 FFF7FEFF 		bl	lv_obj_class_create_obj
 132              	.LVL14:
 118:Middlewares/LVGL/lvgl/src/widgets/msgbox/lv_msgbox.c ****         lv_obj_class_init_obj(parent);
 133              		.loc 1 118 9 is_stmt 1 view .LVU41
 118:Middlewares/LVGL/lvgl/src/widgets/msgbox/lv_msgbox.c ****         lv_obj_class_init_obj(parent);
ARM GAS  C:\Users\w1785\AppData\Local\Temp\cc8yyzgd.s 			page 6


 134              		.loc 1 118 9 view .LVU42
 135 005c 0446     		mov	r4, r0
 136 005e 68B1     		cbz	r0, .L4
 118:Middlewares/LVGL/lvgl/src/widgets/msgbox/lv_msgbox.c ****         lv_obj_class_init_obj(parent);
 137              		.loc 1 118 9 view .LVU43
 118:Middlewares/LVGL/lvgl/src/widgets/msgbox/lv_msgbox.c ****         lv_obj_class_init_obj(parent);
 138              		.loc 1 118 33 view .LVU44
 119:Middlewares/LVGL/lvgl/src/widgets/msgbox/lv_msgbox.c ****         lv_obj_remove_flag(parent, LV_OBJ_FLAG_IGNORE_LAYOUT);
 139              		.loc 1 119 9 view .LVU45
 140 0060 FFF7FEFF 		bl	lv_obj_class_init_obj
 141              	.LVL15:
 120:Middlewares/LVGL/lvgl/src/widgets/msgbox/lv_msgbox.c ****         lv_obj_set_size(parent, LV_PCT(100), LV_PCT(100));
 142              		.loc 1 120 9 view .LVU46
 143 0064 4FF40031 		mov	r1, #131072
 144 0068 2046     		mov	r0, r4
 145 006a FFF7FEFF 		bl	lv_obj_remove_flag
 146              	.LVL16:
 121:Middlewares/LVGL/lvgl/src/widgets/msgbox/lv_msgbox.c ****     }
 147              		.loc 1 121 9 view .LVU47
 148 006e 0C49     		ldr	r1, .L14+16
 149 0070 0A46     		mov	r2, r1
 150 0072 2046     		mov	r0, r4
 151 0074 FFF7FEFF 		bl	lv_obj_set_size
 152              	.LVL17:
 116:Middlewares/LVGL/lvgl/src/widgets/msgbox/lv_msgbox.c ****         parent = lv_obj_class_create_obj(&lv_msgbox_backdrop_class, lv_layer_top());
 153              		.loc 1 116 21 is_stmt 0 view .LVU48
 154 0078 0125     		movs	r5, #1
 155 007a C5E7     		b	.L2
 156              	.LVL18:
 157              	.L4:
 118:Middlewares/LVGL/lvgl/src/widgets/msgbox/lv_msgbox.c ****         lv_obj_class_init_obj(parent);
 158              		.loc 1 118 9 is_stmt 1 view .LVU49
 118:Middlewares/LVGL/lvgl/src/widgets/msgbox/lv_msgbox.c ****         lv_obj_class_init_obj(parent);
 159              		.loc 1 118 9 view .LVU50
 118:Middlewares/LVGL/lvgl/src/widgets/msgbox/lv_msgbox.c ****         lv_obj_class_init_obj(parent);
 160              		.loc 1 118 9 view .LVU51
 118:Middlewares/LVGL/lvgl/src/widgets/msgbox/lv_msgbox.c ****         lv_obj_class_init_obj(parent);
 161              		.loc 1 118 9 view .LVU52
 118:Middlewares/LVGL/lvgl/src/widgets/msgbox/lv_msgbox.c ****         lv_obj_class_init_obj(parent);
 162              		.loc 1 118 9 view .LVU53
 163 007c FEE7     		b	.L4
 164              	.LVL19:
 165              	.L6:
 125:Middlewares/LVGL/lvgl/src/widgets/msgbox/lv_msgbox.c ****     if(obj == NULL) return NULL;
 166              		.loc 1 125 5 view .LVU54
 125:Middlewares/LVGL/lvgl/src/widgets/msgbox/lv_msgbox.c ****     if(obj == NULL) return NULL;
 167              		.loc 1 125 5 view .LVU55
 125:Middlewares/LVGL/lvgl/src/widgets/msgbox/lv_msgbox.c ****     if(obj == NULL) return NULL;
 168              		.loc 1 125 5 view .LVU56
 125:Middlewares/LVGL/lvgl/src/widgets/msgbox/lv_msgbox.c ****     if(obj == NULL) return NULL;
 169              		.loc 1 125 5 view .LVU57
 125:Middlewares/LVGL/lvgl/src/widgets/msgbox/lv_msgbox.c ****     if(obj == NULL) return NULL;
 170              		.loc 1 125 5 view .LVU58
 171 007e FEE7     		b	.L6
 172              	.LVL20:
 173              	.L13:
 131:Middlewares/LVGL/lvgl/src/widgets/msgbox/lv_msgbox.c **** 
ARM GAS  C:\Users\w1785\AppData\Local\Temp\cc8yyzgd.s 			page 7


 174              		.loc 1 131 21 discriminator 1 view .LVU59
 175 0080 4FF00071 		mov	r1, #33554432
 176 0084 2046     		mov	r0, r4
 177 0086 FFF7FEFF 		bl	lv_obj_add_flag
 178              	.LVL21:
 179 008a CAE7     		b	.L7
 180              	.L9:
 134:Middlewares/LVGL/lvgl/src/widgets/msgbox/lv_msgbox.c ****     if(mbox->content == NULL) {
 181              		.loc 1 134 5 view .LVU60
 134:Middlewares/LVGL/lvgl/src/widgets/msgbox/lv_msgbox.c ****     if(mbox->content == NULL) {
 182              		.loc 1 134 5 view .LVU61
 134:Middlewares/LVGL/lvgl/src/widgets/msgbox/lv_msgbox.c ****     if(mbox->content == NULL) {
 183              		.loc 1 134 5 view .LVU62
 134:Middlewares/LVGL/lvgl/src/widgets/msgbox/lv_msgbox.c ****     if(mbox->content == NULL) {
 184              		.loc 1 134 5 view .LVU63
 134:Middlewares/LVGL/lvgl/src/widgets/msgbox/lv_msgbox.c ****     if(mbox->content == NULL) {
 185              		.loc 1 134 5 view .LVU64
 186 008c FEE7     		b	.L9
 187              	.L15:
 188 008e 00BF     		.align	2
 189              	.L14:
 190 0090 00000000 		.word	lv_msgbox_class
 191 0094 00000000 		.word	lv_msgbox_content_class
 192 0098 00000000 		.word	msgbox_size_changed_event_cb
 193 009c 00000000 		.word	lv_msgbox_backdrop_class
 194 00a0 64000020 		.word	536871012
 195              		.cfi_endproc
 196              	.LFE191:
 198              		.section	.text.lv_msgbox_add_title,"ax",%progbits
 199              		.align	1
 200              		.global	lv_msgbox_add_title
 201              		.syntax unified
 202              		.thumb
 203              		.thumb_func
 205              	lv_msgbox_add_title:
 206              	.LVL22:
 207              	.LFB192:
 146:Middlewares/LVGL/lvgl/src/widgets/msgbox/lv_msgbox.c **** 
 147:Middlewares/LVGL/lvgl/src/widgets/msgbox/lv_msgbox.c **** lv_obj_t * lv_msgbox_add_title(lv_obj_t * obj, const char * title)
 148:Middlewares/LVGL/lvgl/src/widgets/msgbox/lv_msgbox.c **** {
 208              		.loc 1 148 1 view -0
 209              		.cfi_startproc
 210              		@ args = 0, pretend = 0, frame = 0
 211              		@ frame_needed = 0, uses_anonymous_args = 0
 212              		.loc 1 148 1 is_stmt 0 view .LVU66
 213 0000 F8B5     		push	{r3, r4, r5, r6, r7, lr}
 214              	.LCFI1:
 215              		.cfi_def_cfa_offset 24
 216              		.cfi_offset 3, -24
 217              		.cfi_offset 4, -20
 218              		.cfi_offset 5, -16
 219              		.cfi_offset 6, -12
 220              		.cfi_offset 7, -8
 221              		.cfi_offset 14, -4
 222 0002 0446     		mov	r4, r0
 223 0004 0D46     		mov	r5, r1
 149:Middlewares/LVGL/lvgl/src/widgets/msgbox/lv_msgbox.c ****     lv_msgbox_t * mbox = (lv_msgbox_t *)obj;
ARM GAS  C:\Users\w1785\AppData\Local\Temp\cc8yyzgd.s 			page 8


 224              		.loc 1 149 5 is_stmt 1 view .LVU67
 225              	.LVL23:
 150:Middlewares/LVGL/lvgl/src/widgets/msgbox/lv_msgbox.c ****     if(mbox->header == NULL) {
 226              		.loc 1 150 5 view .LVU68
 227              		.loc 1 150 12 is_stmt 0 view .LVU69
 228 0006 036B     		ldr	r3, [r0, #48]
 229              		.loc 1 150 7 view .LVU70
 230 0008 3BB1     		cbz	r3, .L22
 231              	.LVL24:
 232              	.L17:
 151:Middlewares/LVGL/lvgl/src/widgets/msgbox/lv_msgbox.c ****         mbox->header = lv_obj_class_create_obj(&lv_msgbox_header_class, obj);
 152:Middlewares/LVGL/lvgl/src/widgets/msgbox/lv_msgbox.c ****         LV_ASSERT_MALLOC(mbox->header);
 153:Middlewares/LVGL/lvgl/src/widgets/msgbox/lv_msgbox.c ****         if(mbox->header == NULL) return NULL;
 154:Middlewares/LVGL/lvgl/src/widgets/msgbox/lv_msgbox.c ****         lv_obj_class_init_obj(mbox->header);
 155:Middlewares/LVGL/lvgl/src/widgets/msgbox/lv_msgbox.c **** 
 156:Middlewares/LVGL/lvgl/src/widgets/msgbox/lv_msgbox.c ****         lv_obj_set_size(mbox->header, lv_pct(100), lv_display_get_dpi(lv_obj_get_display(obj)) / 3)
 157:Middlewares/LVGL/lvgl/src/widgets/msgbox/lv_msgbox.c ****         lv_obj_set_flex_flow(mbox->header, LV_FLEX_FLOW_ROW);
 158:Middlewares/LVGL/lvgl/src/widgets/msgbox/lv_msgbox.c ****         lv_obj_set_flex_align(mbox->header, LV_FLEX_ALIGN_START, LV_FLEX_ALIGN_CENTER, LV_FLEX_ALIG
 159:Middlewares/LVGL/lvgl/src/widgets/msgbox/lv_msgbox.c ****         lv_obj_remove_flag(mbox->header, LV_OBJ_FLAG_SCROLLABLE);
 160:Middlewares/LVGL/lvgl/src/widgets/msgbox/lv_msgbox.c ****         lv_obj_move_to_index(mbox->header, 0);
 161:Middlewares/LVGL/lvgl/src/widgets/msgbox/lv_msgbox.c ****     }
 162:Middlewares/LVGL/lvgl/src/widgets/msgbox/lv_msgbox.c **** 
 163:Middlewares/LVGL/lvgl/src/widgets/msgbox/lv_msgbox.c ****     if(mbox->title == NULL) {
 233              		.loc 1 163 5 is_stmt 1 view .LVU71
 234              		.loc 1 163 12 is_stmt 0 view .LVU72
 235 000a E36B     		ldr	r3, [r4, #60]
 236              		.loc 1 163 7 view .LVU73
 237 000c A3B3     		cbz	r3, .L23
 238              	.L20:
 164:Middlewares/LVGL/lvgl/src/widgets/msgbox/lv_msgbox.c ****         mbox->title = lv_label_create(mbox->header);
 165:Middlewares/LVGL/lvgl/src/widgets/msgbox/lv_msgbox.c ****         lv_obj_set_flex_grow(mbox->title, 1);
 166:Middlewares/LVGL/lvgl/src/widgets/msgbox/lv_msgbox.c ****     }
 167:Middlewares/LVGL/lvgl/src/widgets/msgbox/lv_msgbox.c **** 
 168:Middlewares/LVGL/lvgl/src/widgets/msgbox/lv_msgbox.c ****     lv_label_set_text(mbox->title, title);
 239              		.loc 1 168 5 is_stmt 1 view .LVU74
 240 000e 2946     		mov	r1, r5
 241 0010 E06B     		ldr	r0, [r4, #60]
 242 0012 FFF7FEFF 		bl	lv_label_set_text
 243              	.LVL25:
 169:Middlewares/LVGL/lvgl/src/widgets/msgbox/lv_msgbox.c **** 
 170:Middlewares/LVGL/lvgl/src/widgets/msgbox/lv_msgbox.c ****     return mbox->title;
 244              		.loc 1 170 5 view .LVU75
 171:Middlewares/LVGL/lvgl/src/widgets/msgbox/lv_msgbox.c **** }
 245              		.loc 1 171 1 is_stmt 0 view .LVU76
 246 0016 E06B     		ldr	r0, [r4, #60]
 247 0018 F8BD     		pop	{r3, r4, r5, r6, r7, pc}
 248              	.LVL26:
 249              	.L22:
 151:Middlewares/LVGL/lvgl/src/widgets/msgbox/lv_msgbox.c ****         LV_ASSERT_MALLOC(mbox->header);
 250              		.loc 1 151 9 is_stmt 1 view .LVU77
 151:Middlewares/LVGL/lvgl/src/widgets/msgbox/lv_msgbox.c ****         LV_ASSERT_MALLOC(mbox->header);
 251              		.loc 1 151 24 is_stmt 0 view .LVU78
 252 001a 0146     		mov	r1, r0
 253              	.LVL27:
 151:Middlewares/LVGL/lvgl/src/widgets/msgbox/lv_msgbox.c ****         LV_ASSERT_MALLOC(mbox->header);
 254              		.loc 1 151 24 view .LVU79
 255 001c 1A48     		ldr	r0, .L24
ARM GAS  C:\Users\w1785\AppData\Local\Temp\cc8yyzgd.s 			page 9


 256              	.LVL28:
 151:Middlewares/LVGL/lvgl/src/widgets/msgbox/lv_msgbox.c ****         LV_ASSERT_MALLOC(mbox->header);
 257              		.loc 1 151 24 view .LVU80
 258 001e FFF7FEFF 		bl	lv_obj_class_create_obj
 259              	.LVL29:
 151:Middlewares/LVGL/lvgl/src/widgets/msgbox/lv_msgbox.c ****         LV_ASSERT_MALLOC(mbox->header);
 260              		.loc 1 151 22 discriminator 1 view .LVU81
 261 0022 2063     		str	r0, [r4, #48]
 152:Middlewares/LVGL/lvgl/src/widgets/msgbox/lv_msgbox.c ****         if(mbox->header == NULL) return NULL;
 262              		.loc 1 152 9 is_stmt 1 view .LVU82
 152:Middlewares/LVGL/lvgl/src/widgets/msgbox/lv_msgbox.c ****         if(mbox->header == NULL) return NULL;
 263              		.loc 1 152 9 view .LVU83
 264 0024 38B3     		cbz	r0, .L19
 152:Middlewares/LVGL/lvgl/src/widgets/msgbox/lv_msgbox.c ****         if(mbox->header == NULL) return NULL;
 265              		.loc 1 152 9 view .LVU84
 152:Middlewares/LVGL/lvgl/src/widgets/msgbox/lv_msgbox.c ****         if(mbox->header == NULL) return NULL;
 266              		.loc 1 152 39 view .LVU85
 153:Middlewares/LVGL/lvgl/src/widgets/msgbox/lv_msgbox.c ****         lv_obj_class_init_obj(mbox->header);
 267              		.loc 1 153 9 view .LVU86
 154:Middlewares/LVGL/lvgl/src/widgets/msgbox/lv_msgbox.c **** 
 268              		.loc 1 154 9 view .LVU87
 269 0026 FFF7FEFF 		bl	lv_obj_class_init_obj
 270              	.LVL30:
 156:Middlewares/LVGL/lvgl/src/widgets/msgbox/lv_msgbox.c ****         lv_obj_set_flex_flow(mbox->header, LV_FLEX_FLOW_ROW);
 271              		.loc 1 156 9 view .LVU88
 272 002a 276B     		ldr	r7, [r4, #48]
 273 002c 6420     		movs	r0, #100
 274 002e FFF7FEFF 		bl	lv_pct
 275              	.LVL31:
 276 0032 0646     		mov	r6, r0
 156:Middlewares/LVGL/lvgl/src/widgets/msgbox/lv_msgbox.c ****         lv_obj_set_flex_flow(mbox->header, LV_FLEX_FLOW_ROW);
 277              		.loc 1 156 71 is_stmt 0 discriminator 1 view .LVU89
 278 0034 2046     		mov	r0, r4
 279 0036 FFF7FEFF 		bl	lv_obj_get_display
 280              	.LVL32:
 156:Middlewares/LVGL/lvgl/src/widgets/msgbox/lv_msgbox.c ****         lv_obj_set_flex_flow(mbox->header, LV_FLEX_FLOW_ROW);
 281              		.loc 1 156 52 discriminator 2 view .LVU90
 282 003a FFF7FEFF 		bl	lv_display_get_dpi
 283              	.LVL33:
 156:Middlewares/LVGL/lvgl/src/widgets/msgbox/lv_msgbox.c ****         lv_obj_set_flex_flow(mbox->header, LV_FLEX_FLOW_ROW);
 284              		.loc 1 156 96 discriminator 3 view .LVU91
 285 003e 134A     		ldr	r2, .L24+4
 286 0040 82FB0032 		smull	r3, r2, r2, r0
 156:Middlewares/LVGL/lvgl/src/widgets/msgbox/lv_msgbox.c ****         lv_obj_set_flex_flow(mbox->header, LV_FLEX_FLOW_ROW);
 287              		.loc 1 156 9 discriminator 3 view .LVU92
 288 0044 A2EBE072 		sub	r2, r2, r0, asr #31
 289 0048 3146     		mov	r1, r6
 290 004a 3846     		mov	r0, r7
 291 004c FFF7FEFF 		bl	lv_obj_set_size
 292              	.LVL34:
 157:Middlewares/LVGL/lvgl/src/widgets/msgbox/lv_msgbox.c ****         lv_obj_set_flex_align(mbox->header, LV_FLEX_ALIGN_START, LV_FLEX_ALIGN_CENTER, LV_FLEX_ALIG
 293              		.loc 1 157 9 is_stmt 1 view .LVU93
 294 0050 0021     		movs	r1, #0
 295 0052 206B     		ldr	r0, [r4, #48]
 296 0054 FFF7FEFF 		bl	lv_obj_set_flex_flow
 297              	.LVL35:
 158:Middlewares/LVGL/lvgl/src/widgets/msgbox/lv_msgbox.c ****         lv_obj_remove_flag(mbox->header, LV_OBJ_FLAG_SCROLLABLE);
ARM GAS  C:\Users\w1785\AppData\Local\Temp\cc8yyzgd.s 			page 10


 298              		.loc 1 158 9 view .LVU94
 299 0058 0223     		movs	r3, #2
 300 005a 1A46     		mov	r2, r3
 301 005c 0021     		movs	r1, #0
 302 005e 206B     		ldr	r0, [r4, #48]
 303 0060 FFF7FEFF 		bl	lv_obj_set_flex_align
 304              	.LVL36:
 159:Middlewares/LVGL/lvgl/src/widgets/msgbox/lv_msgbox.c ****         lv_obj_move_to_index(mbox->header, 0);
 305              		.loc 1 159 9 view .LVU95
 306 0064 1021     		movs	r1, #16
 307 0066 206B     		ldr	r0, [r4, #48]
 308 0068 FFF7FEFF 		bl	lv_obj_remove_flag
 309              	.LVL37:
 160:Middlewares/LVGL/lvgl/src/widgets/msgbox/lv_msgbox.c ****     }
 310              		.loc 1 160 9 view .LVU96
 311 006c 0021     		movs	r1, #0
 312 006e 206B     		ldr	r0, [r4, #48]
 313 0070 FFF7FEFF 		bl	lv_obj_move_to_index
 314              	.LVL38:
 315 0074 C9E7     		b	.L17
 316              	.L19:
 152:Middlewares/LVGL/lvgl/src/widgets/msgbox/lv_msgbox.c ****         if(mbox->header == NULL) return NULL;
 317              		.loc 1 152 9 view .LVU97
 152:Middlewares/LVGL/lvgl/src/widgets/msgbox/lv_msgbox.c ****         if(mbox->header == NULL) return NULL;
 318              		.loc 1 152 9 view .LVU98
 152:Middlewares/LVGL/lvgl/src/widgets/msgbox/lv_msgbox.c ****         if(mbox->header == NULL) return NULL;
 319              		.loc 1 152 9 view .LVU99
 152:Middlewares/LVGL/lvgl/src/widgets/msgbox/lv_msgbox.c ****         if(mbox->header == NULL) return NULL;
 320              		.loc 1 152 9 view .LVU100
 152:Middlewares/LVGL/lvgl/src/widgets/msgbox/lv_msgbox.c ****         if(mbox->header == NULL) return NULL;
 321              		.loc 1 152 9 view .LVU101
 322 0076 FEE7     		b	.L19
 323              	.L23:
 164:Middlewares/LVGL/lvgl/src/widgets/msgbox/lv_msgbox.c ****         lv_obj_set_flex_grow(mbox->title, 1);
 324              		.loc 1 164 9 view .LVU102
 164:Middlewares/LVGL/lvgl/src/widgets/msgbox/lv_msgbox.c ****         lv_obj_set_flex_grow(mbox->title, 1);
 325              		.loc 1 164 23 is_stmt 0 view .LVU103
 326 0078 206B     		ldr	r0, [r4, #48]
 327 007a FFF7FEFF 		bl	lv_label_create
 328              	.LVL39:
 164:Middlewares/LVGL/lvgl/src/widgets/msgbox/lv_msgbox.c ****         lv_obj_set_flex_grow(mbox->title, 1);
 329              		.loc 1 164 21 discriminator 1 view .LVU104
 330 007e E063     		str	r0, [r4, #60]
 165:Middlewares/LVGL/lvgl/src/widgets/msgbox/lv_msgbox.c ****     }
 331              		.loc 1 165 9 is_stmt 1 view .LVU105
 332 0080 0121     		movs	r1, #1
 333 0082 FFF7FEFF 		bl	lv_obj_set_flex_grow
 334              	.LVL40:
 335 0086 C2E7     		b	.L20
 336              	.L25:
 337              		.align	2
 338              	.L24:
 339 0088 00000000 		.word	lv_msgbox_header_class
 340 008c 56555555 		.word	1431655766
 341              		.cfi_endproc
 342              	.LFE192:
 344              		.section	.rodata.lv_msgbox_add_header_button.str1.4,"aMS",%progbits,1
ARM GAS  C:\Users\w1785\AppData\Local\Temp\cc8yyzgd.s 			page 11


 345              		.align	2
 346              	.LC0:
 347 0000 00       		.ascii	"\000"
 348              		.section	.text.lv_msgbox_add_header_button,"ax",%progbits
 349              		.align	1
 350              		.global	lv_msgbox_add_header_button
 351              		.syntax unified
 352              		.thumb
 353              		.thumb_func
 355              	lv_msgbox_add_header_button:
 356              	.LVL41:
 357              	.LFB193:
 172:Middlewares/LVGL/lvgl/src/widgets/msgbox/lv_msgbox.c **** 
 173:Middlewares/LVGL/lvgl/src/widgets/msgbox/lv_msgbox.c **** lv_obj_t * lv_msgbox_add_header_button(lv_obj_t * obj, const void * icon)
 174:Middlewares/LVGL/lvgl/src/widgets/msgbox/lv_msgbox.c **** {
 358              		.loc 1 174 1 view -0
 359              		.cfi_startproc
 360              		@ args = 0, pretend = 0, frame = 0
 361              		@ frame_needed = 0, uses_anonymous_args = 0
 362              		.loc 1 174 1 is_stmt 0 view .LVU107
 363 0000 70B5     		push	{r4, r5, r6, lr}
 364              	.LCFI2:
 365              		.cfi_def_cfa_offset 16
 366              		.cfi_offset 4, -16
 367              		.cfi_offset 5, -12
 368              		.cfi_offset 6, -8
 369              		.cfi_offset 14, -4
 370 0002 0446     		mov	r4, r0
 371 0004 0D46     		mov	r5, r1
 175:Middlewares/LVGL/lvgl/src/widgets/msgbox/lv_msgbox.c ****     lv_msgbox_t * mbox = (lv_msgbox_t *)obj;
 372              		.loc 1 175 5 is_stmt 1 view .LVU108
 373              	.LVL42:
 176:Middlewares/LVGL/lvgl/src/widgets/msgbox/lv_msgbox.c ****     if(mbox->header == NULL) {
 374              		.loc 1 176 5 view .LVU109
 375              		.loc 1 176 12 is_stmt 0 view .LVU110
 376 0006 036B     		ldr	r3, [r0, #48]
 377              		.loc 1 176 7 view .LVU111
 378 0008 DBB1     		cbz	r3, .L32
 379              	.LVL43:
 380              	.L27:
 177:Middlewares/LVGL/lvgl/src/widgets/msgbox/lv_msgbox.c ****         lv_msgbox_add_title(obj, ""); /*Just to push the buttons to the right*/
 178:Middlewares/LVGL/lvgl/src/widgets/msgbox/lv_msgbox.c ****     }
 179:Middlewares/LVGL/lvgl/src/widgets/msgbox/lv_msgbox.c **** 
 180:Middlewares/LVGL/lvgl/src/widgets/msgbox/lv_msgbox.c ****     lv_obj_t * btn = lv_obj_class_create_obj(&lv_msgbox_header_button_class, mbox->header);
 381              		.loc 1 180 5 is_stmt 1 view .LVU112
 382              		.loc 1 180 22 is_stmt 0 view .LVU113
 383 000a 216B     		ldr	r1, [r4, #48]
 384 000c 0F48     		ldr	r0, .L33
 385 000e FFF7FEFF 		bl	lv_obj_class_create_obj
 386              	.LVL44:
 181:Middlewares/LVGL/lvgl/src/widgets/msgbox/lv_msgbox.c ****     LV_ASSERT_MALLOC(btn);
 387              		.loc 1 181 5 is_stmt 1 view .LVU114
 388              		.loc 1 181 5 view .LVU115
 389 0012 0446     		mov	r4, r0
 390              	.LVL45:
 391              		.loc 1 181 5 is_stmt 0 view .LVU116
 392 0014 C8B1     		cbz	r0, .L29
ARM GAS  C:\Users\w1785\AppData\Local\Temp\cc8yyzgd.s 			page 12


 393              		.loc 1 181 5 is_stmt 1 view .LVU117
 394              		.loc 1 181 26 view .LVU118
 182:Middlewares/LVGL/lvgl/src/widgets/msgbox/lv_msgbox.c ****     if(btn == NULL) return NULL;
 395              		.loc 1 182 5 view .LVU119
 183:Middlewares/LVGL/lvgl/src/widgets/msgbox/lv_msgbox.c ****     lv_obj_class_init_obj(btn);
 396              		.loc 1 183 5 view .LVU120
 397 0016 FFF7FEFF 		bl	lv_obj_class_init_obj
 398              	.LVL46:
 184:Middlewares/LVGL/lvgl/src/widgets/msgbox/lv_msgbox.c ****     lv_obj_remove_flag(btn, LV_OBJ_FLAG_SCROLLABLE);
 399              		.loc 1 184 5 view .LVU121
 400 001a 1021     		movs	r1, #16
 401 001c 2046     		mov	r0, r4
 402 001e FFF7FEFF 		bl	lv_obj_remove_flag
 403              	.LVL47:
 185:Middlewares/LVGL/lvgl/src/widgets/msgbox/lv_msgbox.c **** 
 186:Middlewares/LVGL/lvgl/src/widgets/msgbox/lv_msgbox.c ****     if(icon) {
 404              		.loc 1 186 5 view .LVU122
 405              		.loc 1 186 7 is_stmt 0 view .LVU123
 406 0022 65B1     		cbz	r5, .L26
 407              	.LBB4:
 187:Middlewares/LVGL/lvgl/src/widgets/msgbox/lv_msgbox.c ****         lv_obj_t * img = lv_image_create(btn);
 408              		.loc 1 187 9 is_stmt 1 view .LVU124
 409              		.loc 1 187 26 is_stmt 0 view .LVU125
 410 0024 2046     		mov	r0, r4
 411 0026 FFF7FEFF 		bl	lv_image_create
 412              	.LVL48:
 413 002a 0646     		mov	r6, r0
 414              	.LVL49:
 188:Middlewares/LVGL/lvgl/src/widgets/msgbox/lv_msgbox.c ****         lv_image_set_src(img, icon);
 415              		.loc 1 188 9 is_stmt 1 view .LVU126
 416 002c 2946     		mov	r1, r5
 417 002e FFF7FEFF 		bl	lv_image_set_src
 418              	.LVL50:
 189:Middlewares/LVGL/lvgl/src/widgets/msgbox/lv_msgbox.c ****         lv_obj_align(img, LV_ALIGN_CENTER, 0, 0);
 419              		.loc 1 189 9 view .LVU127
 420 0032 0023     		movs	r3, #0
 421 0034 1A46     		mov	r2, r3
 422 0036 0921     		movs	r1, #9
 423 0038 3046     		mov	r0, r6
 424 003a FFF7FEFF 		bl	lv_obj_align
 425              	.LVL51:
 426              	.LBE4:
 190:Middlewares/LVGL/lvgl/src/widgets/msgbox/lv_msgbox.c ****     }
 191:Middlewares/LVGL/lvgl/src/widgets/msgbox/lv_msgbox.c **** 
 192:Middlewares/LVGL/lvgl/src/widgets/msgbox/lv_msgbox.c ****     return btn;
 427              		.loc 1 192 5 view .LVU128
 428              	.L26:
 193:Middlewares/LVGL/lvgl/src/widgets/msgbox/lv_msgbox.c **** }
 429              		.loc 1 193 1 is_stmt 0 view .LVU129
 430 003e 2046     		mov	r0, r4
 431 0040 70BD     		pop	{r4, r5, r6, pc}
 432              	.LVL52:
 433              	.L32:
 177:Middlewares/LVGL/lvgl/src/widgets/msgbox/lv_msgbox.c ****     }
 434              		.loc 1 177 9 is_stmt 1 view .LVU130
 435 0042 0349     		ldr	r1, .L33+4
 436              	.LVL53:
ARM GAS  C:\Users\w1785\AppData\Local\Temp\cc8yyzgd.s 			page 13


 177:Middlewares/LVGL/lvgl/src/widgets/msgbox/lv_msgbox.c ****     }
 437              		.loc 1 177 9 is_stmt 0 view .LVU131
 438 0044 FFF7FEFF 		bl	lv_msgbox_add_title
 439              	.LVL54:
 177:Middlewares/LVGL/lvgl/src/widgets/msgbox/lv_msgbox.c ****     }
 440              		.loc 1 177 9 view .LVU132
 441 0048 DFE7     		b	.L27
 442              	.LVL55:
 443              	.L29:
 181:Middlewares/LVGL/lvgl/src/widgets/msgbox/lv_msgbox.c ****     if(btn == NULL) return NULL;
 444              		.loc 1 181 5 is_stmt 1 view .LVU133
 181:Middlewares/LVGL/lvgl/src/widgets/msgbox/lv_msgbox.c ****     if(btn == NULL) return NULL;
 445              		.loc 1 181 5 view .LVU134
 181:Middlewares/LVGL/lvgl/src/widgets/msgbox/lv_msgbox.c ****     if(btn == NULL) return NULL;
 446              		.loc 1 181 5 view .LVU135
 181:Middlewares/LVGL/lvgl/src/widgets/msgbox/lv_msgbox.c ****     if(btn == NULL) return NULL;
 447              		.loc 1 181 5 view .LVU136
 181:Middlewares/LVGL/lvgl/src/widgets/msgbox/lv_msgbox.c ****     if(btn == NULL) return NULL;
 448              		.loc 1 181 5 view .LVU137
 449 004a FEE7     		b	.L29
 450              	.L34:
 451              		.align	2
 452              	.L33:
 453 004c 00000000 		.word	lv_msgbox_header_button_class
 454 0050 00000000 		.word	.LC0
 455              		.cfi_endproc
 456              	.LFE193:
 458              		.section	.text.lv_msgbox_add_text,"ax",%progbits
 459              		.align	1
 460              		.global	lv_msgbox_add_text
 461              		.syntax unified
 462              		.thumb
 463              		.thumb_func
 465              	lv_msgbox_add_text:
 466              	.LVL56:
 467              	.LFB194:
 194:Middlewares/LVGL/lvgl/src/widgets/msgbox/lv_msgbox.c **** 
 195:Middlewares/LVGL/lvgl/src/widgets/msgbox/lv_msgbox.c **** lv_obj_t * lv_msgbox_add_text(lv_obj_t * obj, const char * text)
 196:Middlewares/LVGL/lvgl/src/widgets/msgbox/lv_msgbox.c **** {
 468              		.loc 1 196 1 view -0
 469              		.cfi_startproc
 470              		@ args = 0, pretend = 0, frame = 0
 471              		@ frame_needed = 0, uses_anonymous_args = 0
 472              		.loc 1 196 1 is_stmt 0 view .LVU139
 473 0000 38B5     		push	{r3, r4, r5, lr}
 474              	.LCFI3:
 475              		.cfi_def_cfa_offset 16
 476              		.cfi_offset 3, -16
 477              		.cfi_offset 4, -12
 478              		.cfi_offset 5, -8
 479              		.cfi_offset 14, -4
 480 0002 0D46     		mov	r5, r1
 197:Middlewares/LVGL/lvgl/src/widgets/msgbox/lv_msgbox.c ****     lv_msgbox_t * mbox = (lv_msgbox_t *)obj;
 481              		.loc 1 197 5 is_stmt 1 view .LVU140
 482              	.LVL57:
 198:Middlewares/LVGL/lvgl/src/widgets/msgbox/lv_msgbox.c **** 
 199:Middlewares/LVGL/lvgl/src/widgets/msgbox/lv_msgbox.c ****     lv_obj_t * label = lv_label_create(mbox->content);
ARM GAS  C:\Users\w1785\AppData\Local\Temp\cc8yyzgd.s 			page 14


 483              		.loc 1 199 5 view .LVU141
 484              		.loc 1 199 24 is_stmt 0 view .LVU142
 485 0004 406B     		ldr	r0, [r0, #52]
 486              	.LVL58:
 487              		.loc 1 199 24 view .LVU143
 488 0006 FFF7FEFF 		bl	lv_label_create
 489              	.LVL59:
 490              		.loc 1 199 24 view .LVU144
 491 000a 0446     		mov	r4, r0
 492              	.LVL60:
 200:Middlewares/LVGL/lvgl/src/widgets/msgbox/lv_msgbox.c ****     lv_label_set_text(label, text);
 493              		.loc 1 200 5 is_stmt 1 view .LVU145
 494 000c 2946     		mov	r1, r5
 495 000e FFF7FEFF 		bl	lv_label_set_text
 496              	.LVL61:
 201:Middlewares/LVGL/lvgl/src/widgets/msgbox/lv_msgbox.c ****     lv_obj_set_width(label, lv_pct(100));
 497              		.loc 1 201 5 view .LVU146
 498 0012 6420     		movs	r0, #100
 499 0014 FFF7FEFF 		bl	lv_pct
 500              	.LVL62:
 501 0018 0146     		mov	r1, r0
 502              		.loc 1 201 5 is_stmt 0 discriminator 1 view .LVU147
 503 001a 2046     		mov	r0, r4
 504 001c FFF7FEFF 		bl	lv_obj_set_width
 505              	.LVL63:
 202:Middlewares/LVGL/lvgl/src/widgets/msgbox/lv_msgbox.c **** 
 203:Middlewares/LVGL/lvgl/src/widgets/msgbox/lv_msgbox.c ****     return label;
 506              		.loc 1 203 5 is_stmt 1 view .LVU148
 204:Middlewares/LVGL/lvgl/src/widgets/msgbox/lv_msgbox.c **** }
 507              		.loc 1 204 1 is_stmt 0 view .LVU149
 508 0020 2046     		mov	r0, r4
 509 0022 38BD     		pop	{r3, r4, r5, pc}
 510              		.loc 1 204 1 view .LVU150
 511              		.cfi_endproc
 512              	.LFE194:
 514              		.section	.text.lv_msgbox_add_text_fmt,"ax",%progbits
 515              		.align	1
 516              		.global	lv_msgbox_add_text_fmt
 517              		.syntax unified
 518              		.thumb
 519              		.thumb_func
 521              	lv_msgbox_add_text_fmt:
 522              	.LVL64:
 523              	.LFB195:
 205:Middlewares/LVGL/lvgl/src/widgets/msgbox/lv_msgbox.c **** 
 206:Middlewares/LVGL/lvgl/src/widgets/msgbox/lv_msgbox.c **** lv_obj_t * lv_msgbox_add_text_fmt(lv_obj_t * obj, const char * fmt, ...)
 207:Middlewares/LVGL/lvgl/src/widgets/msgbox/lv_msgbox.c **** {
 524              		.loc 1 207 1 is_stmt 1 view -0
 525              		.cfi_startproc
 526              		@ args = 4, pretend = 12, frame = 8
 527              		@ frame_needed = 0, uses_anonymous_args = 1
 528              		.loc 1 207 1 is_stmt 0 view .LVU152
 529 0000 0EB4     		push	{r1, r2, r3}
 530              	.LCFI4:
 531              		.cfi_def_cfa_offset 12
 532              		.cfi_offset 1, -12
 533              		.cfi_offset 2, -8
ARM GAS  C:\Users\w1785\AppData\Local\Temp\cc8yyzgd.s 			page 15


 534              		.cfi_offset 3, -4
 535 0002 30B5     		push	{r4, r5, lr}
 536              	.LCFI5:
 537              		.cfi_def_cfa_offset 24
 538              		.cfi_offset 4, -24
 539              		.cfi_offset 5, -20
 540              		.cfi_offset 14, -16
 541 0004 82B0     		sub	sp, sp, #8
 542              	.LCFI6:
 543              		.cfi_def_cfa_offset 32
 544 0006 05AB     		add	r3, sp, #20
 545 0008 53F8045B 		ldr	r5, [r3], #4
 208:Middlewares/LVGL/lvgl/src/widgets/msgbox/lv_msgbox.c ****     lv_msgbox_t * mbox = (lv_msgbox_t *)obj;
 546              		.loc 1 208 5 is_stmt 1 view .LVU153
 547              	.LVL65:
 209:Middlewares/LVGL/lvgl/src/widgets/msgbox/lv_msgbox.c **** 
 210:Middlewares/LVGL/lvgl/src/widgets/msgbox/lv_msgbox.c ****     va_list args;
 548              		.loc 1 210 5 view .LVU154
 211:Middlewares/LVGL/lvgl/src/widgets/msgbox/lv_msgbox.c ****     va_start(args, fmt);
 549              		.loc 1 211 5 view .LVU155
 550 000c 0193     		str	r3, [sp, #4]
 212:Middlewares/LVGL/lvgl/src/widgets/msgbox/lv_msgbox.c ****     lv_obj_t * label = lv_label_create(mbox->content);
 551              		.loc 1 212 5 view .LVU156
 552              		.loc 1 212 24 is_stmt 0 view .LVU157
 553 000e 406B     		ldr	r0, [r0, #52]
 554              	.LVL66:
 555              		.loc 1 212 24 view .LVU158
 556 0010 FFF7FEFF 		bl	lv_label_create
 557              	.LVL67:
 558 0014 0446     		mov	r4, r0
 559              	.LVL68:
 213:Middlewares/LVGL/lvgl/src/widgets/msgbox/lv_msgbox.c ****     lv_label_set_text_vfmt(label, fmt, args);
 560              		.loc 1 213 5 is_stmt 1 view .LVU159
 561 0016 019A     		ldr	r2, [sp, #4]
 562 0018 2946     		mov	r1, r5
 563 001a FFF7FEFF 		bl	lv_label_set_text_vfmt
 564              	.LVL69:
 214:Middlewares/LVGL/lvgl/src/widgets/msgbox/lv_msgbox.c ****     lv_obj_set_width(label, lv_pct(100));
 565              		.loc 1 214 5 view .LVU160
 566 001e 6420     		movs	r0, #100
 567 0020 FFF7FEFF 		bl	lv_pct
 568              	.LVL70:
 569 0024 0146     		mov	r1, r0
 570              		.loc 1 214 5 is_stmt 0 discriminator 1 view .LVU161
 571 0026 2046     		mov	r0, r4
 572 0028 FFF7FEFF 		bl	lv_obj_set_width
 573              	.LVL71:
 215:Middlewares/LVGL/lvgl/src/widgets/msgbox/lv_msgbox.c ****     va_end(args);
 574              		.loc 1 215 5 is_stmt 1 view .LVU162
 216:Middlewares/LVGL/lvgl/src/widgets/msgbox/lv_msgbox.c **** 
 217:Middlewares/LVGL/lvgl/src/widgets/msgbox/lv_msgbox.c ****     return label;
 575              		.loc 1 217 5 view .LVU163
 218:Middlewares/LVGL/lvgl/src/widgets/msgbox/lv_msgbox.c **** }
 576              		.loc 1 218 1 is_stmt 0 view .LVU164
 577 002c 2046     		mov	r0, r4
 578 002e 02B0     		add	sp, sp, #8
 579              	.LCFI7:
ARM GAS  C:\Users\w1785\AppData\Local\Temp\cc8yyzgd.s 			page 16


 580              		.cfi_def_cfa_offset 24
 581              		@ sp needed
 582 0030 BDE83040 		pop	{r4, r5, lr}
 583              	.LCFI8:
 584              		.cfi_restore 14
 585              		.cfi_restore 5
 586              		.cfi_restore 4
 587              		.cfi_def_cfa_offset 12
 588              	.LVL72:
 589              		.loc 1 218 1 view .LVU165
 590 0034 03B0     		add	sp, sp, #12
 591              	.LCFI9:
 592              		.cfi_restore 3
 593              		.cfi_restore 2
 594              		.cfi_restore 1
 595              		.cfi_def_cfa_offset 0
 596 0036 7047     		bx	lr
 597              		.cfi_endproc
 598              	.LFE195:
 600              		.section	.text.lv_msgbox_add_footer_button,"ax",%progbits
 601              		.align	1
 602              		.global	lv_msgbox_add_footer_button
 603              		.syntax unified
 604              		.thumb
 605              		.thumb_func
 607              	lv_msgbox_add_footer_button:
 608              	.LVL73:
 609              	.LFB196:
 219:Middlewares/LVGL/lvgl/src/widgets/msgbox/lv_msgbox.c **** 
 220:Middlewares/LVGL/lvgl/src/widgets/msgbox/lv_msgbox.c **** lv_obj_t * lv_msgbox_add_footer_button(lv_obj_t * obj, const char * text)
 221:Middlewares/LVGL/lvgl/src/widgets/msgbox/lv_msgbox.c **** {
 610              		.loc 1 221 1 is_stmt 1 view -0
 611              		.cfi_startproc
 612              		@ args = 0, pretend = 0, frame = 0
 613              		@ frame_needed = 0, uses_anonymous_args = 0
 614              		.loc 1 221 1 is_stmt 0 view .LVU167
 615 0000 70B5     		push	{r4, r5, r6, lr}
 616              	.LCFI10:
 617              		.cfi_def_cfa_offset 16
 618              		.cfi_offset 4, -16
 619              		.cfi_offset 5, -12
 620              		.cfi_offset 6, -8
 621              		.cfi_offset 14, -4
 622 0002 0446     		mov	r4, r0
 623 0004 0D46     		mov	r5, r1
 222:Middlewares/LVGL/lvgl/src/widgets/msgbox/lv_msgbox.c ****     lv_msgbox_t * mbox = (lv_msgbox_t *)obj;
 624              		.loc 1 222 5 is_stmt 1 view .LVU168
 625              	.LVL74:
 223:Middlewares/LVGL/lvgl/src/widgets/msgbox/lv_msgbox.c ****     if(mbox->footer == NULL) {
 626              		.loc 1 223 5 view .LVU169
 627              		.loc 1 223 12 is_stmt 0 view .LVU170
 628 0006 836B     		ldr	r3, [r0, #56]
 629              		.loc 1 223 7 view .LVU171
 630 0008 DBB1     		cbz	r3, .L47
 631              	.LVL75:
 632              	.L40:
 224:Middlewares/LVGL/lvgl/src/widgets/msgbox/lv_msgbox.c ****         mbox->footer = lv_obj_class_create_obj(&lv_msgbox_footer_class, obj);
ARM GAS  C:\Users\w1785\AppData\Local\Temp\cc8yyzgd.s 			page 17


 225:Middlewares/LVGL/lvgl/src/widgets/msgbox/lv_msgbox.c ****         LV_ASSERT_MALLOC(mbox->footer);
 226:Middlewares/LVGL/lvgl/src/widgets/msgbox/lv_msgbox.c ****         if(mbox->footer == NULL) return NULL;
 227:Middlewares/LVGL/lvgl/src/widgets/msgbox/lv_msgbox.c ****         lv_obj_class_init_obj(mbox->footer);
 228:Middlewares/LVGL/lvgl/src/widgets/msgbox/lv_msgbox.c **** 
 229:Middlewares/LVGL/lvgl/src/widgets/msgbox/lv_msgbox.c ****         lv_obj_set_flex_flow(mbox->footer, LV_FLEX_FLOW_ROW);
 230:Middlewares/LVGL/lvgl/src/widgets/msgbox/lv_msgbox.c ****         lv_obj_set_flex_align(mbox->footer, LV_FLEX_ALIGN_SPACE_EVENLY, LV_FLEX_ALIGN_CENTER, LV_FL
 231:Middlewares/LVGL/lvgl/src/widgets/msgbox/lv_msgbox.c ****         lv_obj_remove_flag(mbox->footer, LV_OBJ_FLAG_SCROLLABLE);
 232:Middlewares/LVGL/lvgl/src/widgets/msgbox/lv_msgbox.c ****     }
 233:Middlewares/LVGL/lvgl/src/widgets/msgbox/lv_msgbox.c **** 
 234:Middlewares/LVGL/lvgl/src/widgets/msgbox/lv_msgbox.c ****     lv_obj_t * btn = lv_obj_class_create_obj(&lv_msgbox_footer_button_class, mbox->footer);
 633              		.loc 1 234 5 is_stmt 1 view .LVU172
 634              		.loc 1 234 22 is_stmt 0 view .LVU173
 635 000a A16B     		ldr	r1, [r4, #56]
 636 000c 1948     		ldr	r0, .L48
 637 000e FFF7FEFF 		bl	lv_obj_class_create_obj
 638              	.LVL76:
 235:Middlewares/LVGL/lvgl/src/widgets/msgbox/lv_msgbox.c ****     LV_ASSERT_MALLOC(btn);
 639              		.loc 1 235 5 is_stmt 1 view .LVU174
 640              		.loc 1 235 5 view .LVU175
 641 0012 0446     		mov	r4, r0
 642              	.LVL77:
 643              		.loc 1 235 5 is_stmt 0 view .LVU176
 644 0014 68B3     		cbz	r0, .L44
 645              		.loc 1 235 5 is_stmt 1 view .LVU177
 646              		.loc 1 235 26 view .LVU178
 236:Middlewares/LVGL/lvgl/src/widgets/msgbox/lv_msgbox.c ****     if(btn == NULL) return NULL;
 647              		.loc 1 236 5 view .LVU179
 237:Middlewares/LVGL/lvgl/src/widgets/msgbox/lv_msgbox.c ****     lv_obj_class_init_obj(btn);
 648              		.loc 1 237 5 view .LVU180
 649 0016 FFF7FEFF 		bl	lv_obj_class_init_obj
 650              	.LVL78:
 238:Middlewares/LVGL/lvgl/src/widgets/msgbox/lv_msgbox.c ****     lv_obj_remove_flag(btn, LV_OBJ_FLAG_SCROLLABLE);
 651              		.loc 1 238 5 view .LVU181
 652 001a 1021     		movs	r1, #16
 653 001c 2046     		mov	r0, r4
 654 001e FFF7FEFF 		bl	lv_obj_remove_flag
 655              	.LVL79:
 239:Middlewares/LVGL/lvgl/src/widgets/msgbox/lv_msgbox.c **** 
 240:Middlewares/LVGL/lvgl/src/widgets/msgbox/lv_msgbox.c ****     if(text) {
 656              		.loc 1 240 5 view .LVU182
 657              		.loc 1 240 7 is_stmt 0 view .LVU183
 658 0022 65B1     		cbz	r5, .L39
 659              	.LBB5:
 241:Middlewares/LVGL/lvgl/src/widgets/msgbox/lv_msgbox.c ****         lv_obj_t * label = lv_label_create(btn);
 660              		.loc 1 241 9 is_stmt 1 view .LVU184
 661              		.loc 1 241 28 is_stmt 0 view .LVU185
 662 0024 2046     		mov	r0, r4
 663 0026 FFF7FEFF 		bl	lv_label_create
 664              	.LVL80:
 665 002a 0646     		mov	r6, r0
 666              	.LVL81:
 242:Middlewares/LVGL/lvgl/src/widgets/msgbox/lv_msgbox.c ****         lv_label_set_text(label, text);
 667              		.loc 1 242 9 is_stmt 1 view .LVU186
 668 002c 2946     		mov	r1, r5
 669 002e FFF7FEFF 		bl	lv_label_set_text
 670              	.LVL82:
 243:Middlewares/LVGL/lvgl/src/widgets/msgbox/lv_msgbox.c ****         lv_obj_align(label, LV_ALIGN_CENTER, 0, 0);
ARM GAS  C:\Users\w1785\AppData\Local\Temp\cc8yyzgd.s 			page 18


 671              		.loc 1 243 9 view .LVU187
 672 0032 0023     		movs	r3, #0
 673 0034 1A46     		mov	r2, r3
 674 0036 0921     		movs	r1, #9
 675 0038 3046     		mov	r0, r6
 676 003a FFF7FEFF 		bl	lv_obj_align
 677              	.LVL83:
 678              	.LBE5:
 244:Middlewares/LVGL/lvgl/src/widgets/msgbox/lv_msgbox.c ****     }
 245:Middlewares/LVGL/lvgl/src/widgets/msgbox/lv_msgbox.c **** 
 246:Middlewares/LVGL/lvgl/src/widgets/msgbox/lv_msgbox.c ****     return btn;
 679              		.loc 1 246 5 view .LVU188
 680              	.L39:
 247:Middlewares/LVGL/lvgl/src/widgets/msgbox/lv_msgbox.c **** }
 681              		.loc 1 247 1 is_stmt 0 view .LVU189
 682 003e 2046     		mov	r0, r4
 683 0040 70BD     		pop	{r4, r5, r6, pc}
 684              	.LVL84:
 685              	.L47:
 224:Middlewares/LVGL/lvgl/src/widgets/msgbox/lv_msgbox.c ****         LV_ASSERT_MALLOC(mbox->footer);
 686              		.loc 1 224 9 is_stmt 1 view .LVU190
 224:Middlewares/LVGL/lvgl/src/widgets/msgbox/lv_msgbox.c ****         LV_ASSERT_MALLOC(mbox->footer);
 687              		.loc 1 224 24 is_stmt 0 view .LVU191
 688 0042 0146     		mov	r1, r0
 689              	.LVL85:
 224:Middlewares/LVGL/lvgl/src/widgets/msgbox/lv_msgbox.c ****         LV_ASSERT_MALLOC(mbox->footer);
 690              		.loc 1 224 24 view .LVU192
 691 0044 0C48     		ldr	r0, .L48+4
 692              	.LVL86:
 224:Middlewares/LVGL/lvgl/src/widgets/msgbox/lv_msgbox.c ****         LV_ASSERT_MALLOC(mbox->footer);
 693              		.loc 1 224 24 view .LVU193
 694 0046 FFF7FEFF 		bl	lv_obj_class_create_obj
 695              	.LVL87:
 224:Middlewares/LVGL/lvgl/src/widgets/msgbox/lv_msgbox.c ****         LV_ASSERT_MALLOC(mbox->footer);
 696              		.loc 1 224 22 discriminator 1 view .LVU194
 697 004a A063     		str	r0, [r4, #56]
 225:Middlewares/LVGL/lvgl/src/widgets/msgbox/lv_msgbox.c ****         if(mbox->footer == NULL) return NULL;
 698              		.loc 1 225 9 is_stmt 1 view .LVU195
 225:Middlewares/LVGL/lvgl/src/widgets/msgbox/lv_msgbox.c ****         if(mbox->footer == NULL) return NULL;
 699              		.loc 1 225 9 view .LVU196
 700 004c 80B1     		cbz	r0, .L42
 225:Middlewares/LVGL/lvgl/src/widgets/msgbox/lv_msgbox.c ****         if(mbox->footer == NULL) return NULL;
 701              		.loc 1 225 9 view .LVU197
 225:Middlewares/LVGL/lvgl/src/widgets/msgbox/lv_msgbox.c ****         if(mbox->footer == NULL) return NULL;
 702              		.loc 1 225 39 view .LVU198
 226:Middlewares/LVGL/lvgl/src/widgets/msgbox/lv_msgbox.c ****         lv_obj_class_init_obj(mbox->footer);
 703              		.loc 1 226 9 view .LVU199
 227:Middlewares/LVGL/lvgl/src/widgets/msgbox/lv_msgbox.c **** 
 704              		.loc 1 227 9 view .LVU200
 705 004e FFF7FEFF 		bl	lv_obj_class_init_obj
 706              	.LVL88:
 229:Middlewares/LVGL/lvgl/src/widgets/msgbox/lv_msgbox.c ****         lv_obj_set_flex_align(mbox->footer, LV_FLEX_ALIGN_SPACE_EVENLY, LV_FLEX_ALIGN_CENTER, LV_FL
 707              		.loc 1 229 9 view .LVU201
 708 0052 0021     		movs	r1, #0
 709 0054 A06B     		ldr	r0, [r4, #56]
 710 0056 FFF7FEFF 		bl	lv_obj_set_flex_flow
 711              	.LVL89:
ARM GAS  C:\Users\w1785\AppData\Local\Temp\cc8yyzgd.s 			page 19


 230:Middlewares/LVGL/lvgl/src/widgets/msgbox/lv_msgbox.c ****         lv_obj_remove_flag(mbox->footer, LV_OBJ_FLAG_SCROLLABLE);
 712              		.loc 1 230 9 view .LVU202
 713 005a 0223     		movs	r3, #2
 714 005c 1A46     		mov	r2, r3
 715 005e 0321     		movs	r1, #3
 716 0060 A06B     		ldr	r0, [r4, #56]
 717 0062 FFF7FEFF 		bl	lv_obj_set_flex_align
 718              	.LVL90:
 231:Middlewares/LVGL/lvgl/src/widgets/msgbox/lv_msgbox.c ****     }
 719              		.loc 1 231 9 view .LVU203
 720 0066 1021     		movs	r1, #16
 721 0068 A06B     		ldr	r0, [r4, #56]
 722 006a FFF7FEFF 		bl	lv_obj_remove_flag
 723              	.LVL91:
 724 006e CCE7     		b	.L40
 725              	.L42:
 225:Middlewares/LVGL/lvgl/src/widgets/msgbox/lv_msgbox.c ****         if(mbox->footer == NULL) return NULL;
 726              		.loc 1 225 9 view .LVU204
 225:Middlewares/LVGL/lvgl/src/widgets/msgbox/lv_msgbox.c ****         if(mbox->footer == NULL) return NULL;
 727              		.loc 1 225 9 view .LVU205
 225:Middlewares/LVGL/lvgl/src/widgets/msgbox/lv_msgbox.c ****         if(mbox->footer == NULL) return NULL;
 728              		.loc 1 225 9 view .LVU206
 225:Middlewares/LVGL/lvgl/src/widgets/msgbox/lv_msgbox.c ****         if(mbox->footer == NULL) return NULL;
 729              		.loc 1 225 9 view .LVU207
 225:Middlewares/LVGL/lvgl/src/widgets/msgbox/lv_msgbox.c ****         if(mbox->footer == NULL) return NULL;
 730              		.loc 1 225 9 view .LVU208
 731 0070 FEE7     		b	.L42
 732              	.LVL92:
 733              	.L44:
 235:Middlewares/LVGL/lvgl/src/widgets/msgbox/lv_msgbox.c ****     if(btn == NULL) return NULL;
 734              		.loc 1 235 5 view .LVU209
 235:Middlewares/LVGL/lvgl/src/widgets/msgbox/lv_msgbox.c ****     if(btn == NULL) return NULL;
 735              		.loc 1 235 5 view .LVU210
 235:Middlewares/LVGL/lvgl/src/widgets/msgbox/lv_msgbox.c ****     if(btn == NULL) return NULL;
 736              		.loc 1 235 5 view .LVU211
 235:Middlewares/LVGL/lvgl/src/widgets/msgbox/lv_msgbox.c ****     if(btn == NULL) return NULL;
 737              		.loc 1 235 5 view .LVU212
 235:Middlewares/LVGL/lvgl/src/widgets/msgbox/lv_msgbox.c ****     if(btn == NULL) return NULL;
 738              		.loc 1 235 5 view .LVU213
 739 0072 FEE7     		b	.L44
 740              	.L49:
 741              		.align	2
 742              	.L48:
 743 0074 00000000 		.word	lv_msgbox_footer_button_class
 744 0078 00000000 		.word	lv_msgbox_footer_class
 745              		.cfi_endproc
 746              	.LFE196:
 748              		.section	.rodata.lv_msgbox_add_close_button.str1.4,"aMS",%progbits,1
 749              		.align	2
 750              	.LC1:
 751 0000 EF808D00 		.ascii	"\357\200\215\000"
 752              		.section	.text.lv_msgbox_add_close_button,"ax",%progbits
 753              		.align	1
 754              		.global	lv_msgbox_add_close_button
 755              		.syntax unified
 756              		.thumb
 757              		.thumb_func
ARM GAS  C:\Users\w1785\AppData\Local\Temp\cc8yyzgd.s 			page 20


 759              	lv_msgbox_add_close_button:
 760              	.LVL93:
 761              	.LFB197:
 248:Middlewares/LVGL/lvgl/src/widgets/msgbox/lv_msgbox.c **** 
 249:Middlewares/LVGL/lvgl/src/widgets/msgbox/lv_msgbox.c **** lv_obj_t * lv_msgbox_add_close_button(lv_obj_t * obj)
 250:Middlewares/LVGL/lvgl/src/widgets/msgbox/lv_msgbox.c **** {
 762              		.loc 1 250 1 view -0
 763              		.cfi_startproc
 764              		@ args = 0, pretend = 0, frame = 0
 765              		@ frame_needed = 0, uses_anonymous_args = 0
 766              		.loc 1 250 1 is_stmt 0 view .LVU215
 767 0000 10B5     		push	{r4, lr}
 768              	.LCFI11:
 769              		.cfi_def_cfa_offset 8
 770              		.cfi_offset 4, -8
 771              		.cfi_offset 14, -4
 251:Middlewares/LVGL/lvgl/src/widgets/msgbox/lv_msgbox.c ****     lv_obj_t * btn = lv_msgbox_add_header_button(obj, LV_SYMBOL_CLOSE);
 772              		.loc 1 251 5 is_stmt 1 view .LVU216
 773              		.loc 1 251 22 is_stmt 0 view .LVU217
 774 0002 0549     		ldr	r1, .L52
 775 0004 FFF7FEFF 		bl	lv_msgbox_add_header_button
 776              	.LVL94:
 777              		.loc 1 251 22 view .LVU218
 778 0008 0446     		mov	r4, r0
 779              	.LVL95:
 252:Middlewares/LVGL/lvgl/src/widgets/msgbox/lv_msgbox.c ****     lv_obj_add_event_cb(btn, msgbox_close_click_event_cb, LV_EVENT_CLICKED, NULL);
 780              		.loc 1 252 5 is_stmt 1 view .LVU219
 781 000a 0023     		movs	r3, #0
 782 000c 0A22     		movs	r2, #10
 783 000e 0349     		ldr	r1, .L52+4
 784 0010 FFF7FEFF 		bl	lv_obj_add_event_cb
 785              	.LVL96:
 253:Middlewares/LVGL/lvgl/src/widgets/msgbox/lv_msgbox.c ****     return btn;
 786              		.loc 1 253 5 view .LVU220
 254:Middlewares/LVGL/lvgl/src/widgets/msgbox/lv_msgbox.c **** }
 787              		.loc 1 254 1 is_stmt 0 view .LVU221
 788 0014 2046     		mov	r0, r4
 789 0016 10BD     		pop	{r4, pc}
 790              	.LVL97:
 791              	.L53:
 792              		.loc 1 254 1 view .LVU222
 793              		.align	2
 794              	.L52:
 795 0018 00000000 		.word	.LC1
 796 001c 00000000 		.word	msgbox_close_click_event_cb
 797              		.cfi_endproc
 798              	.LFE197:
 800              		.section	.text.lv_msgbox_get_header,"ax",%progbits
 801              		.align	1
 802              		.global	lv_msgbox_get_header
 803              		.syntax unified
 804              		.thumb
 805              		.thumb_func
 807              	lv_msgbox_get_header:
 808              	.LVL98:
 809              	.LFB198:
 255:Middlewares/LVGL/lvgl/src/widgets/msgbox/lv_msgbox.c **** 
ARM GAS  C:\Users\w1785\AppData\Local\Temp\cc8yyzgd.s 			page 21


 256:Middlewares/LVGL/lvgl/src/widgets/msgbox/lv_msgbox.c **** lv_obj_t * lv_msgbox_get_header(lv_obj_t * obj)
 257:Middlewares/LVGL/lvgl/src/widgets/msgbox/lv_msgbox.c **** {
 810              		.loc 1 257 1 is_stmt 1 view -0
 811              		.cfi_startproc
 812              		@ args = 0, pretend = 0, frame = 0
 813              		@ frame_needed = 0, uses_anonymous_args = 0
 814              		@ link register save eliminated.
 258:Middlewares/LVGL/lvgl/src/widgets/msgbox/lv_msgbox.c ****     LV_ASSERT_OBJ(obj, MY_CLASS);
 815              		.loc 1 258 5 view .LVU224
 816              		.loc 1 258 5 view .LVU225
 817 0000 08B1     		cbz	r0, .L56
 818              		.loc 1 258 5 view .LVU226
 819              		.loc 1 258 33 view .LVU227
 259:Middlewares/LVGL/lvgl/src/widgets/msgbox/lv_msgbox.c ****     lv_msgbox_t * mbox = (lv_msgbox_t *)obj;
 820              		.loc 1 259 5 view .LVU228
 821              	.LVL99:
 260:Middlewares/LVGL/lvgl/src/widgets/msgbox/lv_msgbox.c ****     return mbox->header;
 822              		.loc 1 260 5 view .LVU229
 261:Middlewares/LVGL/lvgl/src/widgets/msgbox/lv_msgbox.c **** }
 823              		.loc 1 261 1 is_stmt 0 view .LVU230
 824 0002 006B     		ldr	r0, [r0, #48]
 825              	.LVL100:
 826              		.loc 1 261 1 view .LVU231
 827 0004 7047     		bx	lr
 828              	.LVL101:
 829              	.L56:
 258:Middlewares/LVGL/lvgl/src/widgets/msgbox/lv_msgbox.c ****     lv_msgbox_t * mbox = (lv_msgbox_t *)obj;
 830              		.loc 1 258 5 is_stmt 1 view .LVU232
 258:Middlewares/LVGL/lvgl/src/widgets/msgbox/lv_msgbox.c ****     lv_msgbox_t * mbox = (lv_msgbox_t *)obj;
 831              		.loc 1 258 5 view .LVU233
 258:Middlewares/LVGL/lvgl/src/widgets/msgbox/lv_msgbox.c ****     lv_msgbox_t * mbox = (lv_msgbox_t *)obj;
 832              		.loc 1 258 5 view .LVU234
 258:Middlewares/LVGL/lvgl/src/widgets/msgbox/lv_msgbox.c ****     lv_msgbox_t * mbox = (lv_msgbox_t *)obj;
 833              		.loc 1 258 5 view .LVU235
 258:Middlewares/LVGL/lvgl/src/widgets/msgbox/lv_msgbox.c ****     lv_msgbox_t * mbox = (lv_msgbox_t *)obj;
 834              		.loc 1 258 5 view .LVU236
 835 0006 FEE7     		b	.L56
 836              		.cfi_endproc
 837              	.LFE198:
 839              		.section	.text.lv_msgbox_get_footer,"ax",%progbits
 840              		.align	1
 841              		.global	lv_msgbox_get_footer
 842              		.syntax unified
 843              		.thumb
 844              		.thumb_func
 846              	lv_msgbox_get_footer:
 847              	.LVL102:
 848              	.LFB199:
 262:Middlewares/LVGL/lvgl/src/widgets/msgbox/lv_msgbox.c **** 
 263:Middlewares/LVGL/lvgl/src/widgets/msgbox/lv_msgbox.c **** lv_obj_t * lv_msgbox_get_footer(lv_obj_t * obj)
 264:Middlewares/LVGL/lvgl/src/widgets/msgbox/lv_msgbox.c **** {
 849              		.loc 1 264 1 view -0
 850              		.cfi_startproc
 851              		@ args = 0, pretend = 0, frame = 0
 852              		@ frame_needed = 0, uses_anonymous_args = 0
 853              		@ link register save eliminated.
 265:Middlewares/LVGL/lvgl/src/widgets/msgbox/lv_msgbox.c ****     LV_ASSERT_OBJ(obj, MY_CLASS);
ARM GAS  C:\Users\w1785\AppData\Local\Temp\cc8yyzgd.s 			page 22


 854              		.loc 1 265 5 view .LVU238
 855              		.loc 1 265 5 view .LVU239
 856 0000 08B1     		cbz	r0, .L59
 857              		.loc 1 265 5 view .LVU240
 858              		.loc 1 265 33 view .LVU241
 266:Middlewares/LVGL/lvgl/src/widgets/msgbox/lv_msgbox.c ****     lv_msgbox_t * mbox = (lv_msgbox_t *)obj;
 859              		.loc 1 266 5 view .LVU242
 860              	.LVL103:
 267:Middlewares/LVGL/lvgl/src/widgets/msgbox/lv_msgbox.c ****     return mbox->footer;
 861              		.loc 1 267 5 view .LVU243
 268:Middlewares/LVGL/lvgl/src/widgets/msgbox/lv_msgbox.c **** }
 862              		.loc 1 268 1 is_stmt 0 view .LVU244
 863 0002 806B     		ldr	r0, [r0, #56]
 864              	.LVL104:
 865              		.loc 1 268 1 view .LVU245
 866 0004 7047     		bx	lr
 867              	.LVL105:
 868              	.L59:
 265:Middlewares/LVGL/lvgl/src/widgets/msgbox/lv_msgbox.c ****     lv_msgbox_t * mbox = (lv_msgbox_t *)obj;
 869              		.loc 1 265 5 is_stmt 1 view .LVU246
 265:Middlewares/LVGL/lvgl/src/widgets/msgbox/lv_msgbox.c ****     lv_msgbox_t * mbox = (lv_msgbox_t *)obj;
 870              		.loc 1 265 5 view .LVU247
 265:Middlewares/LVGL/lvgl/src/widgets/msgbox/lv_msgbox.c ****     lv_msgbox_t * mbox = (lv_msgbox_t *)obj;
 871              		.loc 1 265 5 view .LVU248
 265:Middlewares/LVGL/lvgl/src/widgets/msgbox/lv_msgbox.c ****     lv_msgbox_t * mbox = (lv_msgbox_t *)obj;
 872              		.loc 1 265 5 view .LVU249
 265:Middlewares/LVGL/lvgl/src/widgets/msgbox/lv_msgbox.c ****     lv_msgbox_t * mbox = (lv_msgbox_t *)obj;
 873              		.loc 1 265 5 view .LVU250
 874 0006 FEE7     		b	.L59
 875              		.cfi_endproc
 876              	.LFE199:
 878              		.section	.text.lv_msgbox_get_content,"ax",%progbits
 879              		.align	1
 880              		.global	lv_msgbox_get_content
 881              		.syntax unified
 882              		.thumb
 883              		.thumb_func
 885              	lv_msgbox_get_content:
 886              	.LVL106:
 887              	.LFB200:
 269:Middlewares/LVGL/lvgl/src/widgets/msgbox/lv_msgbox.c **** 
 270:Middlewares/LVGL/lvgl/src/widgets/msgbox/lv_msgbox.c **** lv_obj_t * lv_msgbox_get_content(lv_obj_t * obj)
 271:Middlewares/LVGL/lvgl/src/widgets/msgbox/lv_msgbox.c **** {
 888              		.loc 1 271 1 view -0
 889              		.cfi_startproc
 890              		@ args = 0, pretend = 0, frame = 0
 891              		@ frame_needed = 0, uses_anonymous_args = 0
 892              		@ link register save eliminated.
 272:Middlewares/LVGL/lvgl/src/widgets/msgbox/lv_msgbox.c ****     LV_ASSERT_OBJ(obj, MY_CLASS);
 893              		.loc 1 272 5 view .LVU252
 894              		.loc 1 272 5 view .LVU253
 895 0000 08B1     		cbz	r0, .L62
 896              		.loc 1 272 5 view .LVU254
 897              		.loc 1 272 33 view .LVU255
 273:Middlewares/LVGL/lvgl/src/widgets/msgbox/lv_msgbox.c ****     lv_msgbox_t * mbox = (lv_msgbox_t *)obj;
 898              		.loc 1 273 5 view .LVU256
 899              	.LVL107:
ARM GAS  C:\Users\w1785\AppData\Local\Temp\cc8yyzgd.s 			page 23


 274:Middlewares/LVGL/lvgl/src/widgets/msgbox/lv_msgbox.c ****     return mbox->content;
 900              		.loc 1 274 5 view .LVU257
 275:Middlewares/LVGL/lvgl/src/widgets/msgbox/lv_msgbox.c **** }
 901              		.loc 1 275 1 is_stmt 0 view .LVU258
 902 0002 406B     		ldr	r0, [r0, #52]
 903              	.LVL108:
 904              		.loc 1 275 1 view .LVU259
 905 0004 7047     		bx	lr
 906              	.LVL109:
 907              	.L62:
 272:Middlewares/LVGL/lvgl/src/widgets/msgbox/lv_msgbox.c ****     lv_msgbox_t * mbox = (lv_msgbox_t *)obj;
 908              		.loc 1 272 5 is_stmt 1 view .LVU260
 272:Middlewares/LVGL/lvgl/src/widgets/msgbox/lv_msgbox.c ****     lv_msgbox_t * mbox = (lv_msgbox_t *)obj;
 909              		.loc 1 272 5 view .LVU261
 272:Middlewares/LVGL/lvgl/src/widgets/msgbox/lv_msgbox.c ****     lv_msgbox_t * mbox = (lv_msgbox_t *)obj;
 910              		.loc 1 272 5 view .LVU262
 272:Middlewares/LVGL/lvgl/src/widgets/msgbox/lv_msgbox.c ****     lv_msgbox_t * mbox = (lv_msgbox_t *)obj;
 911              		.loc 1 272 5 view .LVU263
 272:Middlewares/LVGL/lvgl/src/widgets/msgbox/lv_msgbox.c ****     lv_msgbox_t * mbox = (lv_msgbox_t *)obj;
 912              		.loc 1 272 5 view .LVU264
 913 0006 FEE7     		b	.L62
 914              		.cfi_endproc
 915              	.LFE200:
 917              		.section	.text.msgbox_size_changed_event_cb,"ax",%progbits
 918              		.align	1
 919              		.syntax unified
 920              		.thumb
 921              		.thumb_func
 923              	msgbox_size_changed_event_cb:
 924              	.LVL110:
 925              	.LFB205:
 276:Middlewares/LVGL/lvgl/src/widgets/msgbox/lv_msgbox.c **** 
 277:Middlewares/LVGL/lvgl/src/widgets/msgbox/lv_msgbox.c **** lv_obj_t * lv_msgbox_get_title(lv_obj_t * obj)
 278:Middlewares/LVGL/lvgl/src/widgets/msgbox/lv_msgbox.c **** {
 279:Middlewares/LVGL/lvgl/src/widgets/msgbox/lv_msgbox.c ****     LV_ASSERT_OBJ(obj, MY_CLASS);
 280:Middlewares/LVGL/lvgl/src/widgets/msgbox/lv_msgbox.c ****     lv_msgbox_t * mbox = (lv_msgbox_t *)obj;
 281:Middlewares/LVGL/lvgl/src/widgets/msgbox/lv_msgbox.c ****     return mbox->title;
 282:Middlewares/LVGL/lvgl/src/widgets/msgbox/lv_msgbox.c **** }
 283:Middlewares/LVGL/lvgl/src/widgets/msgbox/lv_msgbox.c **** 
 284:Middlewares/LVGL/lvgl/src/widgets/msgbox/lv_msgbox.c **** void lv_msgbox_close(lv_obj_t * obj)
 285:Middlewares/LVGL/lvgl/src/widgets/msgbox/lv_msgbox.c **** {
 286:Middlewares/LVGL/lvgl/src/widgets/msgbox/lv_msgbox.c ****     if(lv_obj_has_flag(obj, LV_MSGBOX_FLAG_AUTO_PARENT)) lv_obj_delete(lv_obj_get_parent(obj));
 287:Middlewares/LVGL/lvgl/src/widgets/msgbox/lv_msgbox.c ****     else lv_obj_delete(obj);
 288:Middlewares/LVGL/lvgl/src/widgets/msgbox/lv_msgbox.c **** }
 289:Middlewares/LVGL/lvgl/src/widgets/msgbox/lv_msgbox.c **** 
 290:Middlewares/LVGL/lvgl/src/widgets/msgbox/lv_msgbox.c **** void lv_msgbox_close_async(lv_obj_t * obj)
 291:Middlewares/LVGL/lvgl/src/widgets/msgbox/lv_msgbox.c **** {
 292:Middlewares/LVGL/lvgl/src/widgets/msgbox/lv_msgbox.c ****     if(lv_obj_has_flag(obj, LV_MSGBOX_FLAG_AUTO_PARENT)) lv_obj_delete_async(lv_obj_get_parent(obj)
 293:Middlewares/LVGL/lvgl/src/widgets/msgbox/lv_msgbox.c ****     else lv_obj_delete_async(obj);
 294:Middlewares/LVGL/lvgl/src/widgets/msgbox/lv_msgbox.c **** }
 295:Middlewares/LVGL/lvgl/src/widgets/msgbox/lv_msgbox.c **** 
 296:Middlewares/LVGL/lvgl/src/widgets/msgbox/lv_msgbox.c **** /**********************
 297:Middlewares/LVGL/lvgl/src/widgets/msgbox/lv_msgbox.c ****  *   STATIC FUNCTIONS
 298:Middlewares/LVGL/lvgl/src/widgets/msgbox/lv_msgbox.c ****  **********************/
 299:Middlewares/LVGL/lvgl/src/widgets/msgbox/lv_msgbox.c **** 
 300:Middlewares/LVGL/lvgl/src/widgets/msgbox/lv_msgbox.c **** static void msgbox_close_click_event_cb(lv_event_t * e)
 301:Middlewares/LVGL/lvgl/src/widgets/msgbox/lv_msgbox.c **** {
ARM GAS  C:\Users\w1785\AppData\Local\Temp\cc8yyzgd.s 			page 24


 302:Middlewares/LVGL/lvgl/src/widgets/msgbox/lv_msgbox.c ****     lv_obj_t * btn = lv_event_get_current_target(e);
 303:Middlewares/LVGL/lvgl/src/widgets/msgbox/lv_msgbox.c ****     lv_obj_t * mbox = lv_obj_get_parent(lv_obj_get_parent(btn));
 304:Middlewares/LVGL/lvgl/src/widgets/msgbox/lv_msgbox.c ****     lv_msgbox_close(mbox);
 305:Middlewares/LVGL/lvgl/src/widgets/msgbox/lv_msgbox.c **** }
 306:Middlewares/LVGL/lvgl/src/widgets/msgbox/lv_msgbox.c **** 
 307:Middlewares/LVGL/lvgl/src/widgets/msgbox/lv_msgbox.c **** static void msgbox_size_changed_event_cb(lv_event_t * e)
 308:Middlewares/LVGL/lvgl/src/widgets/msgbox/lv_msgbox.c **** {
 926              		.loc 1 308 1 view -0
 927              		.cfi_startproc
 928              		@ args = 0, pretend = 0, frame = 8
 929              		@ frame_needed = 0, uses_anonymous_args = 0
 930              		.loc 1 308 1 is_stmt 0 view .LVU266
 931 0000 30B5     		push	{r4, r5, lr}
 932              	.LCFI12:
 933              		.cfi_def_cfa_offset 12
 934              		.cfi_offset 4, -12
 935              		.cfi_offset 5, -8
 936              		.cfi_offset 14, -4
 937 0002 83B0     		sub	sp, sp, #12
 938              	.LCFI13:
 939              		.cfi_def_cfa_offset 24
 309:Middlewares/LVGL/lvgl/src/widgets/msgbox/lv_msgbox.c ****     lv_obj_t * mbox = lv_event_get_target(e);
 940              		.loc 1 309 5 is_stmt 1 view .LVU267
 941              		.loc 1 309 23 is_stmt 0 view .LVU268
 942 0004 FFF7FEFF 		bl	lv_event_get_target
 943              	.LVL111:
 944              		.loc 1 309 23 view .LVU269
 945 0008 0546     		mov	r5, r0
 946              	.LVL112:
 310:Middlewares/LVGL/lvgl/src/widgets/msgbox/lv_msgbox.c ****     lv_obj_t * content = lv_msgbox_get_content(mbox);
 947              		.loc 1 310 5 is_stmt 1 view .LVU270
 948              		.loc 1 310 26 is_stmt 0 view .LVU271
 949 000a FFF7FEFF 		bl	lv_msgbox_get_content
 950              	.LVL113:
 951              		.loc 1 310 26 view .LVU272
 952 000e 0446     		mov	r4, r0
 953              	.LVL114:
 311:Middlewares/LVGL/lvgl/src/widgets/msgbox/lv_msgbox.c ****     bool is_msgbox_height_size_content = (lv_obj_get_style_height(mbox, LV_PART_MAIN) == LV_SIZE_CO
 954              		.loc 1 311 5 is_stmt 1 view .LVU273
 955              	.LBB6:
 956              	.LBI6:
 957              		.file 2 "Middlewares/LVGL/lvgl/src/widgets/msgbox/../../core/lv_obj_style_gen.h"
   1:Middlewares/LVGL/lvgl/src/widgets/msgbox/../../core/lv_obj_style_gen.h **** /*
   2:Middlewares/LVGL/lvgl/src/widgets/msgbox/../../core/lv_obj_style_gen.h ****  * @file
   3:Middlewares/LVGL/lvgl/src/widgets/msgbox/../../core/lv_obj_style_gen.h ****  *
   4:Middlewares/LVGL/lvgl/src/widgets/msgbox/../../core/lv_obj_style_gen.h ****  **********************************************************************
   5:Middlewares/LVGL/lvgl/src/widgets/msgbox/../../core/lv_obj_style_gen.h ****  *                            DO NOT EDIT
   6:Middlewares/LVGL/lvgl/src/widgets/msgbox/../../core/lv_obj_style_gen.h ****  * This file is automatically generated by "style_api_gen.py"
   7:Middlewares/LVGL/lvgl/src/widgets/msgbox/../../core/lv_obj_style_gen.h ****  **********************************************************************
   8:Middlewares/LVGL/lvgl/src/widgets/msgbox/../../core/lv_obj_style_gen.h ****  */
   9:Middlewares/LVGL/lvgl/src/widgets/msgbox/../../core/lv_obj_style_gen.h **** 
  10:Middlewares/LVGL/lvgl/src/widgets/msgbox/../../core/lv_obj_style_gen.h **** 
  11:Middlewares/LVGL/lvgl/src/widgets/msgbox/../../core/lv_obj_style_gen.h **** #ifndef LV_OBJ_STYLE_GEN_H
  12:Middlewares/LVGL/lvgl/src/widgets/msgbox/../../core/lv_obj_style_gen.h **** #define LV_OBJ_STYLE_GEN_H
  13:Middlewares/LVGL/lvgl/src/widgets/msgbox/../../core/lv_obj_style_gen.h **** 
  14:Middlewares/LVGL/lvgl/src/widgets/msgbox/../../core/lv_obj_style_gen.h **** #ifdef __cplusplus
  15:Middlewares/LVGL/lvgl/src/widgets/msgbox/../../core/lv_obj_style_gen.h **** extern "C" {
ARM GAS  C:\Users\w1785\AppData\Local\Temp\cc8yyzgd.s 			page 25


  16:Middlewares/LVGL/lvgl/src/widgets/msgbox/../../core/lv_obj_style_gen.h **** #endif
  17:Middlewares/LVGL/lvgl/src/widgets/msgbox/../../core/lv_obj_style_gen.h **** 
  18:Middlewares/LVGL/lvgl/src/widgets/msgbox/../../core/lv_obj_style_gen.h **** #include "../misc/lv_area.h"
  19:Middlewares/LVGL/lvgl/src/widgets/msgbox/../../core/lv_obj_style_gen.h **** #include "../misc/lv_style.h"
  20:Middlewares/LVGL/lvgl/src/widgets/msgbox/../../core/lv_obj_style_gen.h **** #include "../core/lv_obj_style.h"
  21:Middlewares/LVGL/lvgl/src/widgets/msgbox/../../core/lv_obj_style_gen.h **** #include "../misc/lv_types.h"
  22:Middlewares/LVGL/lvgl/src/widgets/msgbox/../../core/lv_obj_style_gen.h **** 
  23:Middlewares/LVGL/lvgl/src/widgets/msgbox/../../core/lv_obj_style_gen.h **** /**
  24:Middlewares/LVGL/lvgl/src/widgets/msgbox/../../core/lv_obj_style_gen.h ****  * Gets width of Widget. Pixel, percentage and `LV_SIZE_CONTENT` values can be used.
  25:Middlewares/LVGL/lvgl/src/widgets/msgbox/../../core/lv_obj_style_gen.h ****  * Percentage values are relative to the width of the parent's content area.
  26:Middlewares/LVGL/lvgl/src/widgets/msgbox/../../core/lv_obj_style_gen.h ****  * Default: Widget dependent, inherited: No, layout: Yes, ext. draw: No.
  27:Middlewares/LVGL/lvgl/src/widgets/msgbox/../../core/lv_obj_style_gen.h ****  * @param  obj    Pointer to Widget
  28:Middlewares/LVGL/lvgl/src/widgets/msgbox/../../core/lv_obj_style_gen.h ****  * @param  part   One of the `LV_PART_...` enum values
  29:Middlewares/LVGL/lvgl/src/widgets/msgbox/../../core/lv_obj_style_gen.h ****  */
  30:Middlewares/LVGL/lvgl/src/widgets/msgbox/../../core/lv_obj_style_gen.h **** static inline int32_t lv_obj_get_style_width(const lv_obj_t * obj, lv_part_t part)
  31:Middlewares/LVGL/lvgl/src/widgets/msgbox/../../core/lv_obj_style_gen.h **** {
  32:Middlewares/LVGL/lvgl/src/widgets/msgbox/../../core/lv_obj_style_gen.h ****     lv_style_value_t v = lv_obj_get_style_prop(obj, part, LV_STYLE_WIDTH);
  33:Middlewares/LVGL/lvgl/src/widgets/msgbox/../../core/lv_obj_style_gen.h ****     return (int32_t)v.num;
  34:Middlewares/LVGL/lvgl/src/widgets/msgbox/../../core/lv_obj_style_gen.h **** }
  35:Middlewares/LVGL/lvgl/src/widgets/msgbox/../../core/lv_obj_style_gen.h **** 
  36:Middlewares/LVGL/lvgl/src/widgets/msgbox/../../core/lv_obj_style_gen.h **** /**
  37:Middlewares/LVGL/lvgl/src/widgets/msgbox/../../core/lv_obj_style_gen.h ****  * Gets a minimal width. Pixel and percentage values can be used. Percentage values
  38:Middlewares/LVGL/lvgl/src/widgets/msgbox/../../core/lv_obj_style_gen.h ****  * are relative to the width of the parent's content area.
  39:Middlewares/LVGL/lvgl/src/widgets/msgbox/../../core/lv_obj_style_gen.h ****  * Default: 0, inherited: No, layout: Yes, ext. draw: No.
  40:Middlewares/LVGL/lvgl/src/widgets/msgbox/../../core/lv_obj_style_gen.h ****  * @param  obj    Pointer to Widget
  41:Middlewares/LVGL/lvgl/src/widgets/msgbox/../../core/lv_obj_style_gen.h ****  * @param  part   One of the `LV_PART_...` enum values
  42:Middlewares/LVGL/lvgl/src/widgets/msgbox/../../core/lv_obj_style_gen.h ****  */
  43:Middlewares/LVGL/lvgl/src/widgets/msgbox/../../core/lv_obj_style_gen.h **** static inline int32_t lv_obj_get_style_min_width(const lv_obj_t * obj, lv_part_t part)
  44:Middlewares/LVGL/lvgl/src/widgets/msgbox/../../core/lv_obj_style_gen.h **** {
  45:Middlewares/LVGL/lvgl/src/widgets/msgbox/../../core/lv_obj_style_gen.h ****     lv_style_value_t v = lv_obj_get_style_prop(obj, part, LV_STYLE_MIN_WIDTH);
  46:Middlewares/LVGL/lvgl/src/widgets/msgbox/../../core/lv_obj_style_gen.h ****     return (int32_t)v.num;
  47:Middlewares/LVGL/lvgl/src/widgets/msgbox/../../core/lv_obj_style_gen.h **** }
  48:Middlewares/LVGL/lvgl/src/widgets/msgbox/../../core/lv_obj_style_gen.h **** 
  49:Middlewares/LVGL/lvgl/src/widgets/msgbox/../../core/lv_obj_style_gen.h **** /**
  50:Middlewares/LVGL/lvgl/src/widgets/msgbox/../../core/lv_obj_style_gen.h ****  * Gets a maximal width. Pixel and percentage values can be used. Percentage values
  51:Middlewares/LVGL/lvgl/src/widgets/msgbox/../../core/lv_obj_style_gen.h ****  * are relative to the width of the parent's content area.
  52:Middlewares/LVGL/lvgl/src/widgets/msgbox/../../core/lv_obj_style_gen.h ****  * Default: LV_COORD_MAX, inherited: No, layout: Yes, ext. draw: No.
  53:Middlewares/LVGL/lvgl/src/widgets/msgbox/../../core/lv_obj_style_gen.h ****  * @param  obj    Pointer to Widget
  54:Middlewares/LVGL/lvgl/src/widgets/msgbox/../../core/lv_obj_style_gen.h ****  * @param  part   One of the `LV_PART_...` enum values
  55:Middlewares/LVGL/lvgl/src/widgets/msgbox/../../core/lv_obj_style_gen.h ****  */
  56:Middlewares/LVGL/lvgl/src/widgets/msgbox/../../core/lv_obj_style_gen.h **** static inline int32_t lv_obj_get_style_max_width(const lv_obj_t * obj, lv_part_t part)
  57:Middlewares/LVGL/lvgl/src/widgets/msgbox/../../core/lv_obj_style_gen.h **** {
  58:Middlewares/LVGL/lvgl/src/widgets/msgbox/../../core/lv_obj_style_gen.h ****     lv_style_value_t v = lv_obj_get_style_prop(obj, part, LV_STYLE_MAX_WIDTH);
  59:Middlewares/LVGL/lvgl/src/widgets/msgbox/../../core/lv_obj_style_gen.h ****     return (int32_t)v.num;
  60:Middlewares/LVGL/lvgl/src/widgets/msgbox/../../core/lv_obj_style_gen.h **** }
  61:Middlewares/LVGL/lvgl/src/widgets/msgbox/../../core/lv_obj_style_gen.h **** 
  62:Middlewares/LVGL/lvgl/src/widgets/msgbox/../../core/lv_obj_style_gen.h **** /**
  63:Middlewares/LVGL/lvgl/src/widgets/msgbox/../../core/lv_obj_style_gen.h ****  * Gets height of Widget. Pixel, percentage and `LV_SIZE_CONTENT` can be used.
  64:Middlewares/LVGL/lvgl/src/widgets/msgbox/../../core/lv_obj_style_gen.h ****  * Percentage values are relative to the height of the parent's content area.
  65:Middlewares/LVGL/lvgl/src/widgets/msgbox/../../core/lv_obj_style_gen.h ****  * Default: Widget dependent, inherited: No, layout: Yes, ext. draw: No.
  66:Middlewares/LVGL/lvgl/src/widgets/msgbox/../../core/lv_obj_style_gen.h ****  * @param  obj    Pointer to Widget
  67:Middlewares/LVGL/lvgl/src/widgets/msgbox/../../core/lv_obj_style_gen.h ****  * @param  part   One of the `LV_PART_...` enum values
  68:Middlewares/LVGL/lvgl/src/widgets/msgbox/../../core/lv_obj_style_gen.h ****  */
  69:Middlewares/LVGL/lvgl/src/widgets/msgbox/../../core/lv_obj_style_gen.h **** static inline int32_t lv_obj_get_style_height(const lv_obj_t * obj, lv_part_t part)
 958              		.loc 2 69 23 view .LVU274
 959              	.LBB7:
  70:Middlewares/LVGL/lvgl/src/widgets/msgbox/../../core/lv_obj_style_gen.h **** {
ARM GAS  C:\Users\w1785\AppData\Local\Temp\cc8yyzgd.s 			page 26


  71:Middlewares/LVGL/lvgl/src/widgets/msgbox/../../core/lv_obj_style_gen.h ****     lv_style_value_t v = lv_obj_get_style_prop(obj, part, LV_STYLE_HEIGHT);
 960              		.loc 2 71 5 view .LVU275
 961              		.loc 2 71 26 is_stmt 0 view .LVU276
 962 0010 0222     		movs	r2, #2
 963 0012 0021     		movs	r1, #0
 964 0014 2846     		mov	r0, r5
 965              	.LVL115:
 966              		.loc 2 71 26 view .LVU277
 967 0016 FFF7FEFF 		bl	lv_obj_get_style_prop
 968              	.LVL116:
 969 001a 0190     		str	r0, [sp, #4]
  72:Middlewares/LVGL/lvgl/src/widgets/msgbox/../../core/lv_obj_style_gen.h ****     return (int32_t)v.num;
 970              		.loc 2 72 5 is_stmt 1 view .LVU278
 971              	.LVL117:
 972              		.loc 2 72 5 is_stmt 0 view .LVU279
 973              	.LBE7:
 974              	.LBE6:
 312:Middlewares/LVGL/lvgl/src/widgets/msgbox/lv_msgbox.c ****     lv_obj_set_flex_grow(content, !is_msgbox_height_size_content);
 975              		.loc 1 312 5 is_stmt 1 view .LVU280
 976 001c 6FF04041 		mvn	r1, #-1073741824
 977 0020 411A     		subs	r1, r0, r1
 978 0022 18BF     		it	ne
 979 0024 0121     		movne	r1, #1
 980 0026 2046     		mov	r0, r4
 981              	.LVL118:
 982              		.loc 1 312 5 is_stmt 0 view .LVU281
 983 0028 FFF7FEFF 		bl	lv_obj_set_flex_grow
 984              	.LVL119:
 313:Middlewares/LVGL/lvgl/src/widgets/msgbox/lv_msgbox.c **** }
 985              		.loc 1 313 1 view .LVU282
 986 002c 03B0     		add	sp, sp, #12
 987              	.LCFI14:
 988              		.cfi_def_cfa_offset 12
 989              		@ sp needed
 990 002e 30BD     		pop	{r4, r5, pc}
 991              		.loc 1 313 1 view .LVU283
 992              		.cfi_endproc
 993              	.LFE205:
 995              		.section	.text.lv_msgbox_get_title,"ax",%progbits
 996              		.align	1
 997              		.global	lv_msgbox_get_title
 998              		.syntax unified
 999              		.thumb
 1000              		.thumb_func
 1002              	lv_msgbox_get_title:
 1003              	.LVL120:
 1004              	.LFB201:
 278:Middlewares/LVGL/lvgl/src/widgets/msgbox/lv_msgbox.c ****     LV_ASSERT_OBJ(obj, MY_CLASS);
 1005              		.loc 1 278 1 is_stmt 1 view -0
 1006              		.cfi_startproc
 1007              		@ args = 0, pretend = 0, frame = 0
 1008              		@ frame_needed = 0, uses_anonymous_args = 0
 1009              		@ link register save eliminated.
 279:Middlewares/LVGL/lvgl/src/widgets/msgbox/lv_msgbox.c ****     lv_msgbox_t * mbox = (lv_msgbox_t *)obj;
 1010              		.loc 1 279 5 view .LVU285
 279:Middlewares/LVGL/lvgl/src/widgets/msgbox/lv_msgbox.c ****     lv_msgbox_t * mbox = (lv_msgbox_t *)obj;
 1011              		.loc 1 279 5 view .LVU286
ARM GAS  C:\Users\w1785\AppData\Local\Temp\cc8yyzgd.s 			page 27


 1012 0000 08B1     		cbz	r0, .L67
 279:Middlewares/LVGL/lvgl/src/widgets/msgbox/lv_msgbox.c ****     lv_msgbox_t * mbox = (lv_msgbox_t *)obj;
 1013              		.loc 1 279 5 view .LVU287
 279:Middlewares/LVGL/lvgl/src/widgets/msgbox/lv_msgbox.c ****     lv_msgbox_t * mbox = (lv_msgbox_t *)obj;
 1014              		.loc 1 279 33 view .LVU288
 280:Middlewares/LVGL/lvgl/src/widgets/msgbox/lv_msgbox.c ****     return mbox->title;
 1015              		.loc 1 280 5 view .LVU289
 1016              	.LVL121:
 281:Middlewares/LVGL/lvgl/src/widgets/msgbox/lv_msgbox.c **** }
 1017              		.loc 1 281 5 view .LVU290
 282:Middlewares/LVGL/lvgl/src/widgets/msgbox/lv_msgbox.c **** 
 1018              		.loc 1 282 1 is_stmt 0 view .LVU291
 1019 0002 C06B     		ldr	r0, [r0, #60]
 1020              	.LVL122:
 282:Middlewares/LVGL/lvgl/src/widgets/msgbox/lv_msgbox.c **** 
 1021              		.loc 1 282 1 view .LVU292
 1022 0004 7047     		bx	lr
 1023              	.LVL123:
 1024              	.L67:
 279:Middlewares/LVGL/lvgl/src/widgets/msgbox/lv_msgbox.c ****     lv_msgbox_t * mbox = (lv_msgbox_t *)obj;
 1025              		.loc 1 279 5 is_stmt 1 view .LVU293
 279:Middlewares/LVGL/lvgl/src/widgets/msgbox/lv_msgbox.c ****     lv_msgbox_t * mbox = (lv_msgbox_t *)obj;
 1026              		.loc 1 279 5 view .LVU294
 279:Middlewares/LVGL/lvgl/src/widgets/msgbox/lv_msgbox.c ****     lv_msgbox_t * mbox = (lv_msgbox_t *)obj;
 1027              		.loc 1 279 5 view .LVU295
 279:Middlewares/LVGL/lvgl/src/widgets/msgbox/lv_msgbox.c ****     lv_msgbox_t * mbox = (lv_msgbox_t *)obj;
 1028              		.loc 1 279 5 view .LVU296
 279:Middlewares/LVGL/lvgl/src/widgets/msgbox/lv_msgbox.c ****     lv_msgbox_t * mbox = (lv_msgbox_t *)obj;
 1029              		.loc 1 279 5 view .LVU297
 1030 0006 FEE7     		b	.L67
 1031              		.cfi_endproc
 1032              	.LFE201:
 1034              		.section	.text.lv_msgbox_close,"ax",%progbits
 1035              		.align	1
 1036              		.global	lv_msgbox_close
 1037              		.syntax unified
 1038              		.thumb
 1039              		.thumb_func
 1041              	lv_msgbox_close:
 1042              	.LVL124:
 1043              	.LFB202:
 285:Middlewares/LVGL/lvgl/src/widgets/msgbox/lv_msgbox.c ****     if(lv_obj_has_flag(obj, LV_MSGBOX_FLAG_AUTO_PARENT)) lv_obj_delete(lv_obj_get_parent(obj));
 1044              		.loc 1 285 1 view -0
 1045              		.cfi_startproc
 1046              		@ args = 0, pretend = 0, frame = 0
 1047              		@ frame_needed = 0, uses_anonymous_args = 0
 285:Middlewares/LVGL/lvgl/src/widgets/msgbox/lv_msgbox.c ****     if(lv_obj_has_flag(obj, LV_MSGBOX_FLAG_AUTO_PARENT)) lv_obj_delete(lv_obj_get_parent(obj));
 1048              		.loc 1 285 1 is_stmt 0 view .LVU299
 1049 0000 10B5     		push	{r4, lr}
 1050              	.LCFI15:
 1051              		.cfi_def_cfa_offset 8
 1052              		.cfi_offset 4, -8
 1053              		.cfi_offset 14, -4
 1054 0002 0446     		mov	r4, r0
 286:Middlewares/LVGL/lvgl/src/widgets/msgbox/lv_msgbox.c ****     else lv_obj_delete(obj);
 1055              		.loc 1 286 5 is_stmt 1 view .LVU300
 286:Middlewares/LVGL/lvgl/src/widgets/msgbox/lv_msgbox.c ****     else lv_obj_delete(obj);
ARM GAS  C:\Users\w1785\AppData\Local\Temp\cc8yyzgd.s 			page 28


 1056              		.loc 1 286 8 is_stmt 0 view .LVU301
 1057 0004 4FF00071 		mov	r1, #33554432
 1058 0008 FFF7FEFF 		bl	lv_obj_has_flag
 1059              	.LVL125:
 286:Middlewares/LVGL/lvgl/src/widgets/msgbox/lv_msgbox.c ****     else lv_obj_delete(obj);
 1060              		.loc 1 286 7 discriminator 1 view .LVU302
 1061 000c 28B1     		cbz	r0, .L69
 286:Middlewares/LVGL/lvgl/src/widgets/msgbox/lv_msgbox.c ****     else lv_obj_delete(obj);
 1062              		.loc 1 286 58 is_stmt 1 discriminator 1 view .LVU303
 1063 000e 2046     		mov	r0, r4
 1064 0010 FFF7FEFF 		bl	lv_obj_get_parent
 1065              	.LVL126:
 1066 0014 FFF7FEFF 		bl	lv_obj_delete
 1067              	.LVL127:
 1068              	.L68:
 288:Middlewares/LVGL/lvgl/src/widgets/msgbox/lv_msgbox.c **** 
 1069              		.loc 1 288 1 is_stmt 0 view .LVU304
 1070 0018 10BD     		pop	{r4, pc}
 1071              	.LVL128:
 1072              	.L69:
 287:Middlewares/LVGL/lvgl/src/widgets/msgbox/lv_msgbox.c **** }
 1073              		.loc 1 287 10 is_stmt 1 view .LVU305
 1074 001a 2046     		mov	r0, r4
 1075 001c FFF7FEFF 		bl	lv_obj_delete
 1076              	.LVL129:
 288:Middlewares/LVGL/lvgl/src/widgets/msgbox/lv_msgbox.c **** 
 1077              		.loc 1 288 1 is_stmt 0 view .LVU306
 1078 0020 FAE7     		b	.L68
 1079              		.cfi_endproc
 1080              	.LFE202:
 1082              		.section	.text.msgbox_close_click_event_cb,"ax",%progbits
 1083              		.align	1
 1084              		.syntax unified
 1085              		.thumb
 1086              		.thumb_func
 1088              	msgbox_close_click_event_cb:
 1089              	.LVL130:
 1090              	.LFB204:
 301:Middlewares/LVGL/lvgl/src/widgets/msgbox/lv_msgbox.c ****     lv_obj_t * btn = lv_event_get_current_target(e);
 1091              		.loc 1 301 1 is_stmt 1 view -0
 1092              		.cfi_startproc
 1093              		@ args = 0, pretend = 0, frame = 0
 1094              		@ frame_needed = 0, uses_anonymous_args = 0
 301:Middlewares/LVGL/lvgl/src/widgets/msgbox/lv_msgbox.c ****     lv_obj_t * btn = lv_event_get_current_target(e);
 1095              		.loc 1 301 1 is_stmt 0 view .LVU308
 1096 0000 08B5     		push	{r3, lr}
 1097              	.LCFI16:
 1098              		.cfi_def_cfa_offset 8
 1099              		.cfi_offset 3, -8
 1100              		.cfi_offset 14, -4
 302:Middlewares/LVGL/lvgl/src/widgets/msgbox/lv_msgbox.c ****     lv_obj_t * mbox = lv_obj_get_parent(lv_obj_get_parent(btn));
 1101              		.loc 1 302 5 is_stmt 1 view .LVU309
 302:Middlewares/LVGL/lvgl/src/widgets/msgbox/lv_msgbox.c ****     lv_obj_t * mbox = lv_obj_get_parent(lv_obj_get_parent(btn));
 1102              		.loc 1 302 22 is_stmt 0 view .LVU310
 1103 0002 FFF7FEFF 		bl	lv_event_get_current_target
 1104              	.LVL131:
 303:Middlewares/LVGL/lvgl/src/widgets/msgbox/lv_msgbox.c ****     lv_msgbox_close(mbox);
ARM GAS  C:\Users\w1785\AppData\Local\Temp\cc8yyzgd.s 			page 29


 1105              		.loc 1 303 5 is_stmt 1 view .LVU311
 303:Middlewares/LVGL/lvgl/src/widgets/msgbox/lv_msgbox.c ****     lv_msgbox_close(mbox);
 1106              		.loc 1 303 41 is_stmt 0 view .LVU312
 1107 0006 FFF7FEFF 		bl	lv_obj_get_parent
 1108              	.LVL132:
 303:Middlewares/LVGL/lvgl/src/widgets/msgbox/lv_msgbox.c ****     lv_msgbox_close(mbox);
 1109              		.loc 1 303 23 discriminator 1 view .LVU313
 1110 000a FFF7FEFF 		bl	lv_obj_get_parent
 1111              	.LVL133:
 304:Middlewares/LVGL/lvgl/src/widgets/msgbox/lv_msgbox.c **** }
 1112              		.loc 1 304 5 is_stmt 1 view .LVU314
 1113 000e FFF7FEFF 		bl	lv_msgbox_close
 1114              	.LVL134:
 305:Middlewares/LVGL/lvgl/src/widgets/msgbox/lv_msgbox.c **** 
 1115              		.loc 1 305 1 is_stmt 0 view .LVU315
 1116 0012 08BD     		pop	{r3, pc}
 1117              		.cfi_endproc
 1118              	.LFE204:
 1120              		.section	.text.lv_msgbox_close_async,"ax",%progbits
 1121              		.align	1
 1122              		.global	lv_msgbox_close_async
 1123              		.syntax unified
 1124              		.thumb
 1125              		.thumb_func
 1127              	lv_msgbox_close_async:
 1128              	.LVL135:
 1129              	.LFB203:
 291:Middlewares/LVGL/lvgl/src/widgets/msgbox/lv_msgbox.c ****     if(lv_obj_has_flag(obj, LV_MSGBOX_FLAG_AUTO_PARENT)) lv_obj_delete_async(lv_obj_get_parent(obj)
 1130              		.loc 1 291 1 is_stmt 1 view -0
 1131              		.cfi_startproc
 1132              		@ args = 0, pretend = 0, frame = 0
 1133              		@ frame_needed = 0, uses_anonymous_args = 0
 291:Middlewares/LVGL/lvgl/src/widgets/msgbox/lv_msgbox.c ****     if(lv_obj_has_flag(obj, LV_MSGBOX_FLAG_AUTO_PARENT)) lv_obj_delete_async(lv_obj_get_parent(obj)
 1134              		.loc 1 291 1 is_stmt 0 view .LVU317
 1135 0000 10B5     		push	{r4, lr}
 1136              	.LCFI17:
 1137              		.cfi_def_cfa_offset 8
 1138              		.cfi_offset 4, -8
 1139              		.cfi_offset 14, -4
 1140 0002 0446     		mov	r4, r0
 292:Middlewares/LVGL/lvgl/src/widgets/msgbox/lv_msgbox.c ****     else lv_obj_delete_async(obj);
 1141              		.loc 1 292 5 is_stmt 1 view .LVU318
 292:Middlewares/LVGL/lvgl/src/widgets/msgbox/lv_msgbox.c ****     else lv_obj_delete_async(obj);
 1142              		.loc 1 292 8 is_stmt 0 view .LVU319
 1143 0004 4FF00071 		mov	r1, #33554432
 1144 0008 FFF7FEFF 		bl	lv_obj_has_flag
 1145              	.LVL136:
 292:Middlewares/LVGL/lvgl/src/widgets/msgbox/lv_msgbox.c ****     else lv_obj_delete_async(obj);
 1146              		.loc 1 292 7 discriminator 1 view .LVU320
 1147 000c 28B1     		cbz	r0, .L75
 292:Middlewares/LVGL/lvgl/src/widgets/msgbox/lv_msgbox.c ****     else lv_obj_delete_async(obj);
 1148              		.loc 1 292 58 is_stmt 1 discriminator 1 view .LVU321
 1149 000e 2046     		mov	r0, r4
 1150 0010 FFF7FEFF 		bl	lv_obj_get_parent
 1151              	.LVL137:
 1152 0014 FFF7FEFF 		bl	lv_obj_delete_async
 1153              	.LVL138:
ARM GAS  C:\Users\w1785\AppData\Local\Temp\cc8yyzgd.s 			page 30


 1154              	.L74:
 294:Middlewares/LVGL/lvgl/src/widgets/msgbox/lv_msgbox.c **** 
 1155              		.loc 1 294 1 is_stmt 0 view .LVU322
 1156 0018 10BD     		pop	{r4, pc}
 1157              	.LVL139:
 1158              	.L75:
 293:Middlewares/LVGL/lvgl/src/widgets/msgbox/lv_msgbox.c **** }
 1159              		.loc 1 293 10 is_stmt 1 view .LVU323
 1160 001a 2046     		mov	r0, r4
 1161 001c FFF7FEFF 		bl	lv_obj_delete_async
 1162              	.LVL140:
 294:Middlewares/LVGL/lvgl/src/widgets/msgbox/lv_msgbox.c **** 
 1163              		.loc 1 294 1 is_stmt 0 view .LVU324
 1164 0020 FAE7     		b	.L74
 1165              		.cfi_endproc
 1166              	.LFE203:
 1168              		.global	lv_msgbox_backdrop_class
 1169              		.section	.rodata.str1.4,"aMS",%progbits,1
 1170              		.align	2
 1171              	.LC2:
 1172 0000 6C765F6D 		.ascii	"lv_msgbox_backdrop\000"
 1172      7367626F 
 1172      785F6261 
 1172      636B6472 
 1172      6F7000
 1173              		.section	.rodata.lv_msgbox_backdrop_class,"a"
 1174              		.align	2
 1177              	lv_msgbox_backdrop_class:
 1178 0000 00000000 		.word	lv_obj_class
 1179 0004 00000000 		.space	16
 1179      00000000 
 1179      00000000 
 1179      00000000 
 1180 0014 00000000 		.word	.LC2
 1181 0018 64000020 		.word	536871012
 1182 001c 64000020 		.word	536871012
 1183 0020 00       		.byte	0
 1184 0021 03       		.byte	3
 1185 0022 00       		.byte	0
 1186 0023 00       		.space	1
 1187              		.global	lv_msgbox_header_button_class
 1188              		.section	.rodata.str1.4
 1189 0013 00       		.align	2
 1190              	.LC3:
 1191 0014 6C765F6D 		.ascii	"lv_msgbox_header_button\000"
 1191      7367626F 
 1191      785F6865 
 1191      61646572 
 1191      5F627574 
 1192              		.section	.rodata.lv_msgbox_header_button_class,"a"
 1193              		.align	2
 1196              	lv_msgbox_header_button_class:
 1197 0000 00000000 		.word	lv_obj_class
 1198 0004 00000000 		.space	16
 1198      00000000 
 1198      00000000 
 1198      00000000 
ARM GAS  C:\Users\w1785\AppData\Local\Temp\cc8yyzgd.s 			page 31


 1199 0014 14000000 		.word	.LC3
 1200 0018 2B000000 		.word	43
 1201 001c 64000020 		.word	536871012
 1202 0020 04       		.byte	4
 1203 0021 03       		.byte	3
 1204 0022 00       		.byte	0
 1205 0023 00       		.space	1
 1206              		.global	lv_msgbox_footer_button_class
 1207              		.section	.rodata.str1.4
 1208              		.align	2
 1209              	.LC4:
 1210 002c 6C765F6D 		.ascii	"lv_msgbox_footer_button\000"
 1210      7367626F 
 1210      785F666F 
 1210      6F746572 
 1210      5F627574 
 1211              		.section	.rodata.lv_msgbox_footer_button_class,"a"
 1212              		.align	2
 1215              	lv_msgbox_footer_button_class:
 1216 0000 00000000 		.word	lv_obj_class
 1217 0004 00000000 		.space	16
 1217      00000000 
 1217      00000000 
 1217      00000000 
 1218 0014 2C000000 		.word	.LC4
 1219 0018 FFFFFF3F 		.word	1073741823
 1220 001c 64000020 		.word	536871012
 1221 0020 04       		.byte	4
 1222 0021 03       		.byte	3
 1223 0022 00       		.byte	0
 1224 0023 00       		.space	1
 1225              		.global	lv_msgbox_footer_class
 1226              		.section	.rodata.str1.4
 1227              		.align	2
 1228              	.LC5:
 1229 0044 6C765F6D 		.ascii	"lv_msgbox_footer\000"
 1229      7367626F 
 1229      785F666F 
 1229      6F746572 
 1229      00
 1230              		.section	.rodata.lv_msgbox_footer_class,"a"
 1231              		.align	2
 1234              	lv_msgbox_footer_class:
 1235 0000 00000000 		.word	lv_obj_class
 1236 0004 00000000 		.space	16
 1236      00000000 
 1236      00000000 
 1236      00000000 
 1237 0014 44000000 		.word	.LC5
 1238 0018 64000020 		.word	536871012
 1239 001c 2B000000 		.word	43
 1240 0020 00       		.byte	0
 1241 0021 03       		.byte	3
 1242 0022 00       		.byte	0
 1243 0023 00       		.space	1
 1244              		.global	lv_msgbox_content_class
 1245              		.section	.rodata.str1.4
ARM GAS  C:\Users\w1785\AppData\Local\Temp\cc8yyzgd.s 			page 32


 1246 0055 000000   		.align	2
 1247              	.LC6:
 1248 0058 6C765F6D 		.ascii	"lv_msgbox_content\000"
 1248      7367626F 
 1248      785F636F 
 1248      6E74656E 
 1248      7400
 1249              		.section	.rodata.lv_msgbox_content_class,"a"
 1250              		.align	2
 1253              	lv_msgbox_content_class:
 1254 0000 00000000 		.word	lv_obj_class
 1255 0004 00000000 		.space	16
 1255      00000000 
 1255      00000000 
 1255      00000000 
 1256 0014 58000000 		.word	.LC6
 1257 0018 64000020 		.word	536871012
 1258 001c FFFFFF3F 		.word	1073741823
 1259 0020 00       		.byte	0
 1260 0021 03       		.byte	3
 1261 0022 00       		.byte	0
 1262 0023 00       		.space	1
 1263              		.global	lv_msgbox_header_class
 1264              		.section	.rodata.str1.4
 1265 006a 0000     		.align	2
 1266              	.LC7:
 1267 006c 6C765F6D 		.ascii	"lv_msgbox_header\000"
 1267      7367626F 
 1267      785F6865 
 1267      61646572 
 1267      00
 1268              		.section	.rodata.lv_msgbox_header_class,"a"
 1269              		.align	2
 1272              	lv_msgbox_header_class:
 1273 0000 00000000 		.word	lv_obj_class
 1274 0004 00000000 		.space	16
 1274      00000000 
 1274      00000000 
 1274      00000000 
 1275 0014 6C000000 		.word	.LC7
 1276 0018 64000020 		.word	536871012
 1277 001c 2B000000 		.word	43
 1278 0020 00       		.byte	0
 1279 0021 03       		.byte	3
 1280 0022 00       		.byte	0
 1281 0023 00       		.space	1
 1282              		.global	lv_msgbox_class
 1283              		.section	.rodata.str1.4
 1284 007d 000000   		.align	2
 1285              	.LC8:
 1286 0080 6C765F6D 		.ascii	"lv_msgbox\000"
 1286      7367626F 
 1286      7800
 1287              		.section	.rodata.lv_msgbox_class,"a"
 1288              		.align	2
 1291              	lv_msgbox_class:
 1292 0000 00000000 		.word	lv_obj_class
ARM GAS  C:\Users\w1785\AppData\Local\Temp\cc8yyzgd.s 			page 33


 1293 0004 00000000 		.space	16
 1293      00000000 
 1293      00000000 
 1293      00000000 
 1294 0014 80000000 		.word	.LC8
 1295 0018 04010000 		.word	260
 1296 001c FFFFFF3F 		.word	1073741823
 1297 0020 00       		.byte	0
 1298 0021 04       		.byte	4
 1299 0022 00       		.byte	0
 1300 0023 00       		.space	1
 1301              		.text
 1302              	.Letext0:
 1303              		.file 3 "D:\\STM32CubeIDE\\STM32CubeIDE_2.1.1\\STM32CubeIDE\\plugins\\com.st.stm32cube.ide.mcu.ext
 1304              		.file 4 "D:\\STM32CubeIDE\\STM32CubeIDE_2.1.1\\STM32CubeIDE\\plugins\\com.st.stm32cube.ide.mcu.ext
 1305              		.file 5 "D:\\STM32CubeIDE\\STM32CubeIDE_2.1.1\\STM32CubeIDE\\plugins\\com.st.stm32cube.ide.mcu.ext
 1306              		.file 6 "Middlewares/LVGL/lvgl/src/widgets/msgbox/../../core/../misc/lv_types.h"
 1307              		.file 7 "Middlewares/LVGL/lvgl/src/widgets/msgbox/../../core/lv_obj_private.h"
 1308              		.file 8 "Middlewares/LVGL/lvgl/src/widgets/msgbox/../../core/lv_obj_class_private.h"
 1309              		.file 9 "Middlewares/LVGL/lvgl/src/widgets/msgbox/lv_msgbox_private.h"
 1310              		.file 10 "Middlewares/LVGL/lvgl/src/widgets/msgbox/../../core/../display/../misc/lv_array.h"
 1311              		.file 11 "Middlewares/LVGL/lvgl/src/widgets/msgbox/../../core/../misc/../font/../draw/../misc/lv_a
 1312              		.file 12 "Middlewares/LVGL/lvgl/src/widgets/msgbox/../../core/../misc/../font/../draw/../misc/lv_c
 1313              		.file 13 "Middlewares/LVGL/lvgl/src/widgets/msgbox/../../core/../misc/../layouts/flex/lv_flex.h"
 1314              		.file 14 "Middlewares/LVGL/lvgl/src/widgets/msgbox/../../core/../misc/lv_style.h"
 1315              		.file 15 "Middlewares/LVGL/lvgl/src/widgets/msgbox/../../core/../display/../misc/lv_event.h"
 1316              		.file 16 "Middlewares/LVGL/lvgl/src/widgets/msgbox/../../core/lv_obj_style.h"
 1317              		.file 17 "Middlewares/LVGL/lvgl/src/widgets/msgbox/../../core/lv_obj_class.h"
 1318              		.file 18 "Middlewares/LVGL/lvgl/src/widgets/msgbox/../../core/../indev/lv_indev.h"
 1319              		.file 19 "Middlewares/LVGL/lvgl/src/widgets/msgbox/../../core/lv_obj.h"
 1320              		.file 20 "Middlewares/LVGL/lvgl/src/widgets/msgbox/lv_msgbox.h"
 1321              		.file 21 "Middlewares/LVGL/lvgl/src/widgets/msgbox/../../core/lv_obj_tree.h"
 1322              		.file 22 "Middlewares/LVGL/lvgl/src/widgets/msgbox/../label/lv_label.h"
 1323              		.file 23 "Middlewares/LVGL/lvgl/src/widgets/msgbox/../../core/lv_obj_pos.h"
 1324              		.file 24 "Middlewares/LVGL/lvgl/src/widgets/msgbox/../image/lv_image.h"
 1325              		.file 25 "Middlewares/LVGL/lvgl/src/widgets/msgbox/../../core/../display/lv_display.h"
 1326              		.file 26 "Middlewares/LVGL/lvgl/src/widgets/msgbox/../../core/lv_obj_event.h"
 1327              		.file 27 "<built-in>"
ARM GAS  C:\Users\w1785\AppData\Local\Temp\cc8yyzgd.s 			page 34


DEFINED SYMBOLS
                            *ABS*:00000000 lv_msgbox.c
C:\Users\w1785\AppData\Local\Temp\cc8yyzgd.s:21     .text.lv_msgbox_create:00000000 $t
C:\Users\w1785\AppData\Local\Temp\cc8yyzgd.s:27     .text.lv_msgbox_create:00000000 lv_msgbox_create
C:\Users\w1785\AppData\Local\Temp\cc8yyzgd.s:190    .text.lv_msgbox_create:00000090 $d
C:\Users\w1785\AppData\Local\Temp\cc8yyzgd.s:1291   .rodata.lv_msgbox_class:00000000 lv_msgbox_class
C:\Users\w1785\AppData\Local\Temp\cc8yyzgd.s:1253   .rodata.lv_msgbox_content_class:00000000 lv_msgbox_content_class
C:\Users\w1785\AppData\Local\Temp\cc8yyzgd.s:923    .text.msgbox_size_changed_event_cb:00000000 msgbox_size_changed_event_cb
C:\Users\w1785\AppData\Local\Temp\cc8yyzgd.s:1177   .rodata.lv_msgbox_backdrop_class:00000000 lv_msgbox_backdrop_class
C:\Users\w1785\AppData\Local\Temp\cc8yyzgd.s:199    .text.lv_msgbox_add_title:00000000 $t
C:\Users\w1785\AppData\Local\Temp\cc8yyzgd.s:205    .text.lv_msgbox_add_title:00000000 lv_msgbox_add_title
C:\Users\w1785\AppData\Local\Temp\cc8yyzgd.s:339    .text.lv_msgbox_add_title:00000088 $d
C:\Users\w1785\AppData\Local\Temp\cc8yyzgd.s:1272   .rodata.lv_msgbox_header_class:00000000 lv_msgbox_header_class
C:\Users\w1785\AppData\Local\Temp\cc8yyzgd.s:345    .rodata.lv_msgbox_add_header_button.str1.4:00000000 $d
C:\Users\w1785\AppData\Local\Temp\cc8yyzgd.s:349    .text.lv_msgbox_add_header_button:00000000 $t
C:\Users\w1785\AppData\Local\Temp\cc8yyzgd.s:355    .text.lv_msgbox_add_header_button:00000000 lv_msgbox_add_header_button
C:\Users\w1785\AppData\Local\Temp\cc8yyzgd.s:453    .text.lv_msgbox_add_header_button:0000004c $d
C:\Users\w1785\AppData\Local\Temp\cc8yyzgd.s:1196   .rodata.lv_msgbox_header_button_class:00000000 lv_msgbox_header_button_class
C:\Users\w1785\AppData\Local\Temp\cc8yyzgd.s:459    .text.lv_msgbox_add_text:00000000 $t
C:\Users\w1785\AppData\Local\Temp\cc8yyzgd.s:465    .text.lv_msgbox_add_text:00000000 lv_msgbox_add_text
C:\Users\w1785\AppData\Local\Temp\cc8yyzgd.s:515    .text.lv_msgbox_add_text_fmt:00000000 $t
C:\Users\w1785\AppData\Local\Temp\cc8yyzgd.s:521    .text.lv_msgbox_add_text_fmt:00000000 lv_msgbox_add_text_fmt
C:\Users\w1785\AppData\Local\Temp\cc8yyzgd.s:601    .text.lv_msgbox_add_footer_button:00000000 $t
C:\Users\w1785\AppData\Local\Temp\cc8yyzgd.s:607    .text.lv_msgbox_add_footer_button:00000000 lv_msgbox_add_footer_button
C:\Users\w1785\AppData\Local\Temp\cc8yyzgd.s:743    .text.lv_msgbox_add_footer_button:00000074 $d
C:\Users\w1785\AppData\Local\Temp\cc8yyzgd.s:1215   .rodata.lv_msgbox_footer_button_class:00000000 lv_msgbox_footer_button_class
C:\Users\w1785\AppData\Local\Temp\cc8yyzgd.s:1234   .rodata.lv_msgbox_footer_class:00000000 lv_msgbox_footer_class
C:\Users\w1785\AppData\Local\Temp\cc8yyzgd.s:749    .rodata.lv_msgbox_add_close_button.str1.4:00000000 $d
C:\Users\w1785\AppData\Local\Temp\cc8yyzgd.s:753    .text.lv_msgbox_add_close_button:00000000 $t
C:\Users\w1785\AppData\Local\Temp\cc8yyzgd.s:759    .text.lv_msgbox_add_close_button:00000000 lv_msgbox_add_close_button
C:\Users\w1785\AppData\Local\Temp\cc8yyzgd.s:795    .text.lv_msgbox_add_close_button:00000018 $d
C:\Users\w1785\AppData\Local\Temp\cc8yyzgd.s:1088   .text.msgbox_close_click_event_cb:00000000 msgbox_close_click_event_cb
C:\Users\w1785\AppData\Local\Temp\cc8yyzgd.s:801    .text.lv_msgbox_get_header:00000000 $t
C:\Users\w1785\AppData\Local\Temp\cc8yyzgd.s:807    .text.lv_msgbox_get_header:00000000 lv_msgbox_get_header
C:\Users\w1785\AppData\Local\Temp\cc8yyzgd.s:840    .text.lv_msgbox_get_footer:00000000 $t
C:\Users\w1785\AppData\Local\Temp\cc8yyzgd.s:846    .text.lv_msgbox_get_footer:00000000 lv_msgbox_get_footer
C:\Users\w1785\AppData\Local\Temp\cc8yyzgd.s:879    .text.lv_msgbox_get_content:00000000 $t
C:\Users\w1785\AppData\Local\Temp\cc8yyzgd.s:885    .text.lv_msgbox_get_content:00000000 lv_msgbox_get_content
C:\Users\w1785\AppData\Local\Temp\cc8yyzgd.s:918    .text.msgbox_size_changed_event_cb:00000000 $t
C:\Users\w1785\AppData\Local\Temp\cc8yyzgd.s:996    .text.lv_msgbox_get_title:00000000 $t
C:\Users\w1785\AppData\Local\Temp\cc8yyzgd.s:1002   .text.lv_msgbox_get_title:00000000 lv_msgbox_get_title
C:\Users\w1785\AppData\Local\Temp\cc8yyzgd.s:1035   .text.lv_msgbox_close:00000000 $t
C:\Users\w1785\AppData\Local\Temp\cc8yyzgd.s:1041   .text.lv_msgbox_close:00000000 lv_msgbox_close
C:\Users\w1785\AppData\Local\Temp\cc8yyzgd.s:1083   .text.msgbox_close_click_event_cb:00000000 $t
C:\Users\w1785\AppData\Local\Temp\cc8yyzgd.s:1121   .text.lv_msgbox_close_async:00000000 $t
C:\Users\w1785\AppData\Local\Temp\cc8yyzgd.s:1127   .text.lv_msgbox_close_async:00000000 lv_msgbox_close_async
C:\Users\w1785\AppData\Local\Temp\cc8yyzgd.s:1170   .rodata.str1.4:00000000 $d
C:\Users\w1785\AppData\Local\Temp\cc8yyzgd.s:1174   .rodata.lv_msgbox_backdrop_class:00000000 $d
C:\Users\w1785\AppData\Local\Temp\cc8yyzgd.s:1193   .rodata.lv_msgbox_header_button_class:00000000 $d
C:\Users\w1785\AppData\Local\Temp\cc8yyzgd.s:1212   .rodata.lv_msgbox_footer_button_class:00000000 $d
C:\Users\w1785\AppData\Local\Temp\cc8yyzgd.s:1231   .rodata.lv_msgbox_footer_class:00000000 $d
C:\Users\w1785\AppData\Local\Temp\cc8yyzgd.s:1250   .rodata.lv_msgbox_content_class:00000000 $d
C:\Users\w1785\AppData\Local\Temp\cc8yyzgd.s:1269   .rodata.lv_msgbox_header_class:00000000 $d
C:\Users\w1785\AppData\Local\Temp\cc8yyzgd.s:1288   .rodata.lv_msgbox_class:00000000 $d

UNDEFINED SYMBOLS
lv_obj_class_create_obj
ARM GAS  C:\Users\w1785\AppData\Local\Temp\cc8yyzgd.s 			page 35


lv_obj_class_init_obj
lv_obj_set_flex_flow
lv_obj_add_event_cb
lv_obj_center
lv_layer_top
lv_obj_remove_flag
lv_obj_set_size
lv_obj_add_flag
lv_label_set_text
lv_pct
lv_obj_get_display
lv_display_get_dpi
lv_obj_set_flex_align
lv_obj_move_to_index
lv_label_create
lv_obj_set_flex_grow
lv_image_create
lv_image_set_src
lv_obj_align
lv_obj_set_width
lv_label_set_text_vfmt
lv_event_get_target
lv_obj_get_style_prop
lv_obj_has_flag
lv_obj_get_parent
lv_obj_delete
lv_event_get_current_target
lv_obj_delete_async
lv_obj_class
