ARM GAS  C:\Users\w1785\AppData\Local\Temp\ccv6fGyr.s 			page 1


   1              		.cpu cortex-m4
   2              		.arch armv7e-m
   3              		.fpu fpv4-sp-d16
   4              		.eabi_attribute 27, 1
   5              		.eabi_attribute 28, 1
   6              		.eabi_attribute 20, 1
   7              		.eabi_attribute 21, 1
   8              		.eabi_attribute 23, 3
   9              		.eabi_attribute 24, 1
  10              		.eabi_attribute 25, 1
  11              		.eabi_attribute 26, 1
  12              		.eabi_attribute 30, 1
  13              		.eabi_attribute 34, 1
  14              		.eabi_attribute 18, 4
  15              		.file	"lv_obj_style.c"
  16              		.text
  17              	.Ltext0:
  18              		.cfi_sections	.debug_frame
  19              		.file 1 "Middlewares/LVGL/lvgl/src/core/lv_obj_style.c"
  20              		.section	.text.lv_style_get_prop_inlined,"ax",%progbits
  21              		.align	1
  22              		.syntax unified
  23              		.thumb
  24              		.thumb_func
  26              	lv_style_get_prop_inlined:
  27              	.LVL0:
  28              	.LFB12:
  29              		.file 2 "Middlewares/LVGL/lvgl/src/core/../misc/lv_style.h"
   1:Middlewares/LVGL/lvgl/src/core/../misc/lv_style.h **** /**
   2:Middlewares/LVGL/lvgl/src/core/../misc/lv_style.h ****  * @file lv_style.h
   3:Middlewares/LVGL/lvgl/src/core/../misc/lv_style.h ****  *
   4:Middlewares/LVGL/lvgl/src/core/../misc/lv_style.h ****  */
   5:Middlewares/LVGL/lvgl/src/core/../misc/lv_style.h **** 
   6:Middlewares/LVGL/lvgl/src/core/../misc/lv_style.h **** #ifndef LV_STYLE_H
   7:Middlewares/LVGL/lvgl/src/core/../misc/lv_style.h **** #define LV_STYLE_H
   8:Middlewares/LVGL/lvgl/src/core/../misc/lv_style.h **** 
   9:Middlewares/LVGL/lvgl/src/core/../misc/lv_style.h **** #ifdef __cplusplus
  10:Middlewares/LVGL/lvgl/src/core/../misc/lv_style.h **** extern "C" {
  11:Middlewares/LVGL/lvgl/src/core/../misc/lv_style.h **** #endif
  12:Middlewares/LVGL/lvgl/src/core/../misc/lv_style.h **** 
  13:Middlewares/LVGL/lvgl/src/core/../misc/lv_style.h **** /*********************
  14:Middlewares/LVGL/lvgl/src/core/../misc/lv_style.h ****  *      INCLUDES
  15:Middlewares/LVGL/lvgl/src/core/../misc/lv_style.h ****  *********************/
  16:Middlewares/LVGL/lvgl/src/core/../misc/lv_style.h **** #include "../font/lv_font.h"
  17:Middlewares/LVGL/lvgl/src/core/../misc/lv_style.h **** #include "lv_color.h"
  18:Middlewares/LVGL/lvgl/src/core/../misc/lv_style.h **** #include "lv_area.h"
  19:Middlewares/LVGL/lvgl/src/core/../misc/lv_style.h **** #include "lv_anim.h"
  20:Middlewares/LVGL/lvgl/src/core/../misc/lv_style.h **** #include "lv_text.h"
  21:Middlewares/LVGL/lvgl/src/core/../misc/lv_style.h **** #include "lv_types.h"
  22:Middlewares/LVGL/lvgl/src/core/../misc/lv_style.h **** #include "lv_assert.h"
  23:Middlewares/LVGL/lvgl/src/core/../misc/lv_style.h **** #include "lv_bidi.h"
  24:Middlewares/LVGL/lvgl/src/core/../misc/lv_style.h **** #include "lv_grad.h"
  25:Middlewares/LVGL/lvgl/src/core/../misc/lv_style.h **** #include "../layouts/lv_layout.h"
  26:Middlewares/LVGL/lvgl/src/core/../misc/lv_style.h **** 
  27:Middlewares/LVGL/lvgl/src/core/../misc/lv_style.h **** /*********************
  28:Middlewares/LVGL/lvgl/src/core/../misc/lv_style.h ****  *      DEFINES
  29:Middlewares/LVGL/lvgl/src/core/../misc/lv_style.h ****  *********************/
ARM GAS  C:\Users\w1785\AppData\Local\Temp\ccv6fGyr.s 			page 2


  30:Middlewares/LVGL/lvgl/src/core/../misc/lv_style.h **** 
  31:Middlewares/LVGL/lvgl/src/core/../misc/lv_style.h **** #define LV_STYLE_SENTINEL_VALUE     0xAABBCCDD
  32:Middlewares/LVGL/lvgl/src/core/../misc/lv_style.h **** 
  33:Middlewares/LVGL/lvgl/src/core/../misc/lv_style.h **** /*
  34:Middlewares/LVGL/lvgl/src/core/../misc/lv_style.h ****  * Flags for style behavior
  35:Middlewares/LVGL/lvgl/src/core/../misc/lv_style.h ****  */
  36:Middlewares/LVGL/lvgl/src/core/../misc/lv_style.h **** #define LV_STYLE_PROP_FLAG_NONE                     (0)       /**< No special behavior */
  37:Middlewares/LVGL/lvgl/src/core/../misc/lv_style.h **** #define LV_STYLE_PROP_FLAG_INHERITABLE              (1 << 0)  /**< Inherited */
  38:Middlewares/LVGL/lvgl/src/core/../misc/lv_style.h **** #define LV_STYLE_PROP_FLAG_EXT_DRAW_UPDATE          (1 << 1)  /**< Requires ext. draw size update w
  39:Middlewares/LVGL/lvgl/src/core/../misc/lv_style.h **** #define LV_STYLE_PROP_FLAG_LAYOUT_UPDATE            (1 << 2)  /**< Requires layout update when chan
  40:Middlewares/LVGL/lvgl/src/core/../misc/lv_style.h **** #define LV_STYLE_PROP_FLAG_PARENT_LAYOUT_UPDATE     (1 << 3)  /**< Requires layout update on parent
  41:Middlewares/LVGL/lvgl/src/core/../misc/lv_style.h **** #define LV_STYLE_PROP_FLAG_LAYER_UPDATE             (1 << 4)  /**< Affects layer handling */
  42:Middlewares/LVGL/lvgl/src/core/../misc/lv_style.h **** #define LV_STYLE_PROP_FLAG_TRANSFORM                (1 << 5)  /**< Affects the object's transformat
  43:Middlewares/LVGL/lvgl/src/core/../misc/lv_style.h **** #define LV_STYLE_PROP_FLAG_ALL                      (0x3F)    /**< Indicating all flags */
  44:Middlewares/LVGL/lvgl/src/core/../misc/lv_style.h **** 
  45:Middlewares/LVGL/lvgl/src/core/../misc/lv_style.h **** /*
  46:Middlewares/LVGL/lvgl/src/core/../misc/lv_style.h ****  * Other constants
  47:Middlewares/LVGL/lvgl/src/core/../misc/lv_style.h ****  */
  48:Middlewares/LVGL/lvgl/src/core/../misc/lv_style.h **** #define LV_SCALE_NONE            256        /**< Value for not zooming the image */
  49:Middlewares/LVGL/lvgl/src/core/../misc/lv_style.h **** LV_EXPORT_CONST_INT(LV_SCALE_NONE);
  50:Middlewares/LVGL/lvgl/src/core/../misc/lv_style.h **** 
  51:Middlewares/LVGL/lvgl/src/core/../misc/lv_style.h **** // *INDENT-OFF*
  52:Middlewares/LVGL/lvgl/src/core/../misc/lv_style.h **** #if LV_USE_ASSERT_STYLE
  53:Middlewares/LVGL/lvgl/src/core/../misc/lv_style.h **** #define LV_STYLE_CONST_INIT(var_name, prop_array)                       \
  54:Middlewares/LVGL/lvgl/src/core/../misc/lv_style.h ****     const lv_style_t var_name = {                                       \
  55:Middlewares/LVGL/lvgl/src/core/../misc/lv_style.h ****         .sentinel = LV_STYLE_SENTINEL_VALUE,                            \
  56:Middlewares/LVGL/lvgl/src/core/../misc/lv_style.h ****         .values_and_props = (void*)prop_array,                          \
  57:Middlewares/LVGL/lvgl/src/core/../misc/lv_style.h ****         .has_group = 0xFFFFFFFF,                                        \
  58:Middlewares/LVGL/lvgl/src/core/../misc/lv_style.h ****         .prop_cnt = 255                                                 \
  59:Middlewares/LVGL/lvgl/src/core/../misc/lv_style.h ****     }
  60:Middlewares/LVGL/lvgl/src/core/../misc/lv_style.h **** #else
  61:Middlewares/LVGL/lvgl/src/core/../misc/lv_style.h **** #define LV_STYLE_CONST_INIT(var_name, prop_array)                       \
  62:Middlewares/LVGL/lvgl/src/core/../misc/lv_style.h ****     const lv_style_t var_name = {                                       \
  63:Middlewares/LVGL/lvgl/src/core/../misc/lv_style.h ****         .values_and_props = (void*)prop_array,                          \
  64:Middlewares/LVGL/lvgl/src/core/../misc/lv_style.h ****         .has_group = 0xFFFFFFFF,                                        \
  65:Middlewares/LVGL/lvgl/src/core/../misc/lv_style.h ****         .prop_cnt = 255,                                                \
  66:Middlewares/LVGL/lvgl/src/core/../misc/lv_style.h ****     }
  67:Middlewares/LVGL/lvgl/src/core/../misc/lv_style.h **** #endif
  68:Middlewares/LVGL/lvgl/src/core/../misc/lv_style.h **** // *INDENT-ON*
  69:Middlewares/LVGL/lvgl/src/core/../misc/lv_style.h **** 
  70:Middlewares/LVGL/lvgl/src/core/../misc/lv_style.h **** #define LV_STYLE_CONST_PROPS_END { .prop = LV_STYLE_PROP_INV, .value = { .num = 0 } }
  71:Middlewares/LVGL/lvgl/src/core/../misc/lv_style.h **** 
  72:Middlewares/LVGL/lvgl/src/core/../misc/lv_style.h **** #if LV_GRADIENT_MAX_STOPS < 2
  73:Middlewares/LVGL/lvgl/src/core/../misc/lv_style.h **** #error LVGL needs at least 2 stops for gradients. Please increase the LV_GRADIENT_MAX_STOPS
  74:Middlewares/LVGL/lvgl/src/core/../misc/lv_style.h **** #endif
  75:Middlewares/LVGL/lvgl/src/core/../misc/lv_style.h **** 
  76:Middlewares/LVGL/lvgl/src/core/../misc/lv_style.h **** #define LV_GRAD_LEFT    LV_PCT(0)
  77:Middlewares/LVGL/lvgl/src/core/../misc/lv_style.h **** #define LV_GRAD_RIGHT   LV_PCT(100)
  78:Middlewares/LVGL/lvgl/src/core/../misc/lv_style.h **** #define LV_GRAD_TOP     LV_PCT(0)
  79:Middlewares/LVGL/lvgl/src/core/../misc/lv_style.h **** #define LV_GRAD_BOTTOM  LV_PCT(100)
  80:Middlewares/LVGL/lvgl/src/core/../misc/lv_style.h **** #define LV_GRAD_CENTER  LV_PCT(50)
  81:Middlewares/LVGL/lvgl/src/core/../misc/lv_style.h **** 
  82:Middlewares/LVGL/lvgl/src/core/../misc/lv_style.h **** /**********************
  83:Middlewares/LVGL/lvgl/src/core/../misc/lv_style.h ****  *      TYPEDEFS
  84:Middlewares/LVGL/lvgl/src/core/../misc/lv_style.h ****  **********************/
  85:Middlewares/LVGL/lvgl/src/core/../misc/lv_style.h **** 
  86:Middlewares/LVGL/lvgl/src/core/../misc/lv_style.h **** /**
ARM GAS  C:\Users\w1785\AppData\Local\Temp\ccv6fGyr.s 			page 3


  87:Middlewares/LVGL/lvgl/src/core/../misc/lv_style.h ****  * Possible options for blending opaque drawings
  88:Middlewares/LVGL/lvgl/src/core/../misc/lv_style.h ****  */
  89:Middlewares/LVGL/lvgl/src/core/../misc/lv_style.h **** typedef enum {
  90:Middlewares/LVGL/lvgl/src/core/../misc/lv_style.h ****     LV_BLEND_MODE_NORMAL,     /**< Simply mix according to the opacity value*/
  91:Middlewares/LVGL/lvgl/src/core/../misc/lv_style.h ****     LV_BLEND_MODE_ADDITIVE,   /**< Add the respective color channels*/
  92:Middlewares/LVGL/lvgl/src/core/../misc/lv_style.h ****     LV_BLEND_MODE_SUBTRACTIVE,/**< Subtract the foreground from the background*/
  93:Middlewares/LVGL/lvgl/src/core/../misc/lv_style.h ****     LV_BLEND_MODE_MULTIPLY,   /**< Multiply the foreground and background*/
  94:Middlewares/LVGL/lvgl/src/core/../misc/lv_style.h ****     LV_BLEND_MODE_DIFFERENCE, /**< Absolute difference between foreground and background*/
  95:Middlewares/LVGL/lvgl/src/core/../misc/lv_style.h **** } lv_blend_mode_t;
  96:Middlewares/LVGL/lvgl/src/core/../misc/lv_style.h **** 
  97:Middlewares/LVGL/lvgl/src/core/../misc/lv_style.h **** /**
  98:Middlewares/LVGL/lvgl/src/core/../misc/lv_style.h ****  * Some options to apply decorations on texts.
  99:Middlewares/LVGL/lvgl/src/core/../misc/lv_style.h ****  * 'OR'ed values can be used.
 100:Middlewares/LVGL/lvgl/src/core/../misc/lv_style.h ****  */
 101:Middlewares/LVGL/lvgl/src/core/../misc/lv_style.h **** typedef enum {
 102:Middlewares/LVGL/lvgl/src/core/../misc/lv_style.h ****     LV_TEXT_DECOR_NONE          = 0x00,
 103:Middlewares/LVGL/lvgl/src/core/../misc/lv_style.h ****     LV_TEXT_DECOR_UNDERLINE     = 0x01,
 104:Middlewares/LVGL/lvgl/src/core/../misc/lv_style.h ****     LV_TEXT_DECOR_STRIKETHROUGH = 0x02,
 105:Middlewares/LVGL/lvgl/src/core/../misc/lv_style.h **** } lv_text_decor_t;
 106:Middlewares/LVGL/lvgl/src/core/../misc/lv_style.h **** 
 107:Middlewares/LVGL/lvgl/src/core/../misc/lv_style.h **** /**
 108:Middlewares/LVGL/lvgl/src/core/../misc/lv_style.h ****  * Selects on which sides border should be drawn
 109:Middlewares/LVGL/lvgl/src/core/../misc/lv_style.h ****  * 'OR'ed values can be used.
 110:Middlewares/LVGL/lvgl/src/core/../misc/lv_style.h ****  */
 111:Middlewares/LVGL/lvgl/src/core/../misc/lv_style.h **** typedef enum {
 112:Middlewares/LVGL/lvgl/src/core/../misc/lv_style.h ****     LV_BORDER_SIDE_NONE     = 0x00,
 113:Middlewares/LVGL/lvgl/src/core/../misc/lv_style.h ****     LV_BORDER_SIDE_BOTTOM   = 0x01,
 114:Middlewares/LVGL/lvgl/src/core/../misc/lv_style.h ****     LV_BORDER_SIDE_TOP      = 0x02,
 115:Middlewares/LVGL/lvgl/src/core/../misc/lv_style.h ****     LV_BORDER_SIDE_LEFT     = 0x04,
 116:Middlewares/LVGL/lvgl/src/core/../misc/lv_style.h ****     LV_BORDER_SIDE_RIGHT    = 0x08,
 117:Middlewares/LVGL/lvgl/src/core/../misc/lv_style.h ****     LV_BORDER_SIDE_FULL     = 0x0F,
 118:Middlewares/LVGL/lvgl/src/core/../misc/lv_style.h ****     LV_BORDER_SIDE_INTERNAL = 0x10, /**< FOR matrix-like objects (e.g. Button matrix)*/
 119:Middlewares/LVGL/lvgl/src/core/../misc/lv_style.h **** } lv_border_side_t;
 120:Middlewares/LVGL/lvgl/src/core/../misc/lv_style.h **** 
 121:Middlewares/LVGL/lvgl/src/core/../misc/lv_style.h **** typedef enum {
 122:Middlewares/LVGL/lvgl/src/core/../misc/lv_style.h ****     LV_BLUR_QUALITY_AUTO = 0,   /**< Set the quality automatically */
 123:Middlewares/LVGL/lvgl/src/core/../misc/lv_style.h ****     LV_BLUR_QUALITY_SPEED,      /**< Prefer speed over precision */
 124:Middlewares/LVGL/lvgl/src/core/../misc/lv_style.h ****     LV_BLUR_QUALITY_PRECISION,  /**< Prefer precision over speed*/
 125:Middlewares/LVGL/lvgl/src/core/../misc/lv_style.h **** } lv_blur_quality_t;
 126:Middlewares/LVGL/lvgl/src/core/../misc/lv_style.h **** 
 127:Middlewares/LVGL/lvgl/src/core/../misc/lv_style.h **** /** A image colorkey definition.
 128:Middlewares/LVGL/lvgl/src/core/../misc/lv_style.h ****  *  The transparency within the color range of [low, high] will be set to LV_OPA_TRANSP If the "ena
 129:Middlewares/LVGL/lvgl/src/core/../misc/lv_style.h ****  */
 130:Middlewares/LVGL/lvgl/src/core/../misc/lv_style.h **** typedef struct {
 131:Middlewares/LVGL/lvgl/src/core/../misc/lv_style.h ****     lv_color_t low;
 132:Middlewares/LVGL/lvgl/src/core/../misc/lv_style.h ****     lv_color_t high;
 133:Middlewares/LVGL/lvgl/src/core/../misc/lv_style.h **** } lv_image_colorkey_t;
 134:Middlewares/LVGL/lvgl/src/core/../misc/lv_style.h **** 
 135:Middlewares/LVGL/lvgl/src/core/../misc/lv_style.h **** /**
 136:Middlewares/LVGL/lvgl/src/core/../misc/lv_style.h ****  * A common type to handle all the property types in the same way.
 137:Middlewares/LVGL/lvgl/src/core/../misc/lv_style.h ****  */
 138:Middlewares/LVGL/lvgl/src/core/../misc/lv_style.h **** typedef union {
 139:Middlewares/LVGL/lvgl/src/core/../misc/lv_style.h ****     int32_t num;         /**< Number integer number (opacity, enums, booleans or "normal" numbers)*
 140:Middlewares/LVGL/lvgl/src/core/../misc/lv_style.h ****     const void * ptr;    /**< Constant pointers  (font, cone text, etc)*/
 141:Middlewares/LVGL/lvgl/src/core/../misc/lv_style.h ****     lv_color_t color;    /**< Colors*/
 142:Middlewares/LVGL/lvgl/src/core/../misc/lv_style.h **** } lv_style_value_t;
 143:Middlewares/LVGL/lvgl/src/core/../misc/lv_style.h **** 
ARM GAS  C:\Users\w1785\AppData\Local\Temp\ccv6fGyr.s 			page 4


 144:Middlewares/LVGL/lvgl/src/core/../misc/lv_style.h **** /**
 145:Middlewares/LVGL/lvgl/src/core/../misc/lv_style.h ****  * Enumeration of all built in style properties
 146:Middlewares/LVGL/lvgl/src/core/../misc/lv_style.h ****  *
 147:Middlewares/LVGL/lvgl/src/core/../misc/lv_style.h ****  * Props are split into groups of 16. When adding a new prop to a group, ensure it does not overflo
 148:Middlewares/LVGL/lvgl/src/core/../misc/lv_style.h ****  */
 149:Middlewares/LVGL/lvgl/src/core/../misc/lv_style.h **** enum _lv_style_id_t {
 150:Middlewares/LVGL/lvgl/src/core/../misc/lv_style.h ****     LV_STYLE_PROP_INV               = 0,
 151:Middlewares/LVGL/lvgl/src/core/../misc/lv_style.h **** 
 152:Middlewares/LVGL/lvgl/src/core/../misc/lv_style.h ****     /*The properties are listed in a special order to make caching more effective.
 153:Middlewares/LVGL/lvgl/src/core/../misc/lv_style.h ****      *Groups are used when LV_OBJ_STYLE_CACHE is enabled.
 154:Middlewares/LVGL/lvgl/src/core/../misc/lv_style.h ****      *If a property from a groups is set, a bit will be set in
 155:Middlewares/LVGL/lvgl/src/core/../misc/lv_style.h ****      *obj->style_main_prop_is_set and style_other_prop_is_set
 156:Middlewares/LVGL/lvgl/src/core/../misc/lv_style.h ****      *to indicate that the property is set.
 157:Middlewares/LVGL/lvgl/src/core/../misc/lv_style.h ****      *
 158:Middlewares/LVGL/lvgl/src/core/../misc/lv_style.h ****      *Strategy 1: group related properties. E.g. if no "border" properties are set
 159:Middlewares/LVGL/lvgl/src/core/../misc/lv_style.h ****      *            they will be skipped quickly.
 160:Middlewares/LVGL/lvgl/src/core/../misc/lv_style.h ****      *
 161:Middlewares/LVGL/lvgl/src/core/../misc/lv_style.h ****      *Strategy 2: group common property with rarely used properties. This way
 162:Middlewares/LVGL/lvgl/src/core/../misc/lv_style.h ****      *            the common property is cached properly and it's rarely affected
 163:Middlewares/LVGL/lvgl/src/core/../misc/lv_style.h ****      *            by other props. The other props are cached in an sub-optimal way,
 164:Middlewares/LVGL/lvgl/src/core/../misc/lv_style.h ****      *            but they are used rarely.
 165:Middlewares/LVGL/lvgl/src/core/../misc/lv_style.h ****      *
 166:Middlewares/LVGL/lvgl/src/core/../misc/lv_style.h ****      *Strategy 3: group properties they are used rarely together so that caching doesn't
 167:Middlewares/LVGL/lvgl/src/core/../misc/lv_style.h ****      *            interfere
 168:Middlewares/LVGL/lvgl/src/core/../misc/lv_style.h ****      *
 169:Middlewares/LVGL/lvgl/src/core/../misc/lv_style.h ****      *Each group can have 8 properties. (see STYLE_PROP_SHIFTED)*/
 170:Middlewares/LVGL/lvgl/src/core/../misc/lv_style.h **** 
 171:Middlewares/LVGL/lvgl/src/core/../misc/lv_style.h ****     /* Size related properties*/
 172:Middlewares/LVGL/lvgl/src/core/../misc/lv_style.h ****     LV_STYLE_WIDTH = 1,
 173:Middlewares/LVGL/lvgl/src/core/../misc/lv_style.h ****     LV_STYLE_HEIGHT,
 174:Middlewares/LVGL/lvgl/src/core/../misc/lv_style.h ****     LV_STYLE_LENGTH,
 175:Middlewares/LVGL/lvgl/src/core/../misc/lv_style.h ****     LV_STYLE_TRANSFORM_WIDTH,
 176:Middlewares/LVGL/lvgl/src/core/../misc/lv_style.h ****     LV_STYLE_TRANSFORM_HEIGHT,
 177:Middlewares/LVGL/lvgl/src/core/../misc/lv_style.h **** 
 178:Middlewares/LVGL/lvgl/src/core/../misc/lv_style.h ****     LV_STYLE_MIN_WIDTH = 8,
 179:Middlewares/LVGL/lvgl/src/core/../misc/lv_style.h ****     LV_STYLE_MAX_WIDTH,
 180:Middlewares/LVGL/lvgl/src/core/../misc/lv_style.h ****     LV_STYLE_MIN_HEIGHT,
 181:Middlewares/LVGL/lvgl/src/core/../misc/lv_style.h ****     LV_STYLE_MAX_HEIGHT,
 182:Middlewares/LVGL/lvgl/src/core/../misc/lv_style.h ****     LV_STYLE_TRANSLATE_X,
 183:Middlewares/LVGL/lvgl/src/core/../misc/lv_style.h ****     LV_STYLE_TRANSLATE_Y,
 184:Middlewares/LVGL/lvgl/src/core/../misc/lv_style.h ****     LV_STYLE_RADIAL_OFFSET,
 185:Middlewares/LVGL/lvgl/src/core/../misc/lv_style.h **** 
 186:Middlewares/LVGL/lvgl/src/core/../misc/lv_style.h ****     /*Position related properties */
 187:Middlewares/LVGL/lvgl/src/core/../misc/lv_style.h ****     LV_STYLE_X = 16,
 188:Middlewares/LVGL/lvgl/src/core/../misc/lv_style.h ****     LV_STYLE_Y,
 189:Middlewares/LVGL/lvgl/src/core/../misc/lv_style.h ****     LV_STYLE_ALIGN,
 190:Middlewares/LVGL/lvgl/src/core/../misc/lv_style.h **** 
 191:Middlewares/LVGL/lvgl/src/core/../misc/lv_style.h ****     /*Padding related properties */
 192:Middlewares/LVGL/lvgl/src/core/../misc/lv_style.h ****     LV_STYLE_PAD_TOP = 24,
 193:Middlewares/LVGL/lvgl/src/core/../misc/lv_style.h ****     LV_STYLE_PAD_BOTTOM,
 194:Middlewares/LVGL/lvgl/src/core/../misc/lv_style.h ****     LV_STYLE_PAD_LEFT,
 195:Middlewares/LVGL/lvgl/src/core/../misc/lv_style.h ****     LV_STYLE_PAD_RIGHT,
 196:Middlewares/LVGL/lvgl/src/core/../misc/lv_style.h ****     LV_STYLE_PAD_RADIAL,
 197:Middlewares/LVGL/lvgl/src/core/../misc/lv_style.h ****     LV_STYLE_PAD_ROW,
 198:Middlewares/LVGL/lvgl/src/core/../misc/lv_style.h ****     LV_STYLE_PAD_COLUMN,
 199:Middlewares/LVGL/lvgl/src/core/../misc/lv_style.h **** 
 200:Middlewares/LVGL/lvgl/src/core/../misc/lv_style.h ****     /*Margin related properties*/
ARM GAS  C:\Users\w1785\AppData\Local\Temp\ccv6fGyr.s 			page 5


 201:Middlewares/LVGL/lvgl/src/core/../misc/lv_style.h ****     LV_STYLE_MARGIN_TOP = 32,
 202:Middlewares/LVGL/lvgl/src/core/../misc/lv_style.h ****     LV_STYLE_MARGIN_BOTTOM,
 203:Middlewares/LVGL/lvgl/src/core/../misc/lv_style.h ****     LV_STYLE_MARGIN_LEFT,
 204:Middlewares/LVGL/lvgl/src/core/../misc/lv_style.h ****     LV_STYLE_MARGIN_RIGHT,
 205:Middlewares/LVGL/lvgl/src/core/../misc/lv_style.h **** 
 206:Middlewares/LVGL/lvgl/src/core/../misc/lv_style.h ****     /*Bg. Gradient*/
 207:Middlewares/LVGL/lvgl/src/core/../misc/lv_style.h ****     LV_STYLE_BG_GRAD = 40,
 208:Middlewares/LVGL/lvgl/src/core/../misc/lv_style.h ****     LV_STYLE_BG_GRAD_DIR,
 209:Middlewares/LVGL/lvgl/src/core/../misc/lv_style.h ****     LV_STYLE_BG_MAIN_OPA,
 210:Middlewares/LVGL/lvgl/src/core/../misc/lv_style.h ****     LV_STYLE_BG_GRAD_OPA,
 211:Middlewares/LVGL/lvgl/src/core/../misc/lv_style.h ****     LV_STYLE_BG_GRAD_COLOR,
 212:Middlewares/LVGL/lvgl/src/core/../misc/lv_style.h ****     LV_STYLE_BG_MAIN_STOP,
 213:Middlewares/LVGL/lvgl/src/core/../misc/lv_style.h ****     LV_STYLE_BG_GRAD_STOP,
 214:Middlewares/LVGL/lvgl/src/core/../misc/lv_style.h **** 
 215:Middlewares/LVGL/lvgl/src/core/../misc/lv_style.h ****     /*Bg image*/
 216:Middlewares/LVGL/lvgl/src/core/../misc/lv_style.h ****     LV_STYLE_BG_IMAGE_SRC = 48,
 217:Middlewares/LVGL/lvgl/src/core/../misc/lv_style.h ****     LV_STYLE_BG_IMAGE_OPA,
 218:Middlewares/LVGL/lvgl/src/core/../misc/lv_style.h ****     LV_STYLE_BG_IMAGE_RECOLOR_OPA,
 219:Middlewares/LVGL/lvgl/src/core/../misc/lv_style.h ****     LV_STYLE_BG_IMAGE_TILED,
 220:Middlewares/LVGL/lvgl/src/core/../misc/lv_style.h ****     LV_STYLE_BG_IMAGE_RECOLOR,
 221:Middlewares/LVGL/lvgl/src/core/../misc/lv_style.h **** 
 222:Middlewares/LVGL/lvgl/src/core/../misc/lv_style.h ****     /*Group 3*/
 223:Middlewares/LVGL/lvgl/src/core/../misc/lv_style.h ****     LV_STYLE_BORDER_WIDTH = 56,
 224:Middlewares/LVGL/lvgl/src/core/../misc/lv_style.h ****     LV_STYLE_BORDER_COLOR,
 225:Middlewares/LVGL/lvgl/src/core/../misc/lv_style.h ****     LV_STYLE_BORDER_OPA,
 226:Middlewares/LVGL/lvgl/src/core/../misc/lv_style.h ****     LV_STYLE_BORDER_POST,
 227:Middlewares/LVGL/lvgl/src/core/../misc/lv_style.h ****     LV_STYLE_BORDER_SIDE,
 228:Middlewares/LVGL/lvgl/src/core/../misc/lv_style.h **** 
 229:Middlewares/LVGL/lvgl/src/core/../misc/lv_style.h ****     /*Outline */
 230:Middlewares/LVGL/lvgl/src/core/../misc/lv_style.h ****     LV_STYLE_OUTLINE_WIDTH = 64,
 231:Middlewares/LVGL/lvgl/src/core/../misc/lv_style.h ****     LV_STYLE_OUTLINE_COLOR,
 232:Middlewares/LVGL/lvgl/src/core/../misc/lv_style.h ****     LV_STYLE_OUTLINE_OPA,
 233:Middlewares/LVGL/lvgl/src/core/../misc/lv_style.h ****     LV_STYLE_OUTLINE_PAD,
 234:Middlewares/LVGL/lvgl/src/core/../misc/lv_style.h **** 
 235:Middlewares/LVGL/lvgl/src/core/../misc/lv_style.h ****     /*Image, Shadow, Line, Arc, and Text are rarely used together.*/
 236:Middlewares/LVGL/lvgl/src/core/../misc/lv_style.h ****     LV_STYLE_BG_OPA = 72,
 237:Middlewares/LVGL/lvgl/src/core/../misc/lv_style.h ****     LV_STYLE_BG_COLOR,
 238:Middlewares/LVGL/lvgl/src/core/../misc/lv_style.h ****     LV_STYLE_SHADOW_WIDTH,
 239:Middlewares/LVGL/lvgl/src/core/../misc/lv_style.h ****     LV_STYLE_LINE_WIDTH,
 240:Middlewares/LVGL/lvgl/src/core/../misc/lv_style.h ****     LV_STYLE_ARC_WIDTH,
 241:Middlewares/LVGL/lvgl/src/core/../misc/lv_style.h ****     LV_STYLE_TEXT_FONT,
 242:Middlewares/LVGL/lvgl/src/core/../misc/lv_style.h ****     LV_STYLE_IMAGE_RECOLOR_OPA,
 243:Middlewares/LVGL/lvgl/src/core/../misc/lv_style.h **** 
 244:Middlewares/LVGL/lvgl/src/core/../misc/lv_style.h ****     LV_STYLE_IMAGE_OPA = 80,
 245:Middlewares/LVGL/lvgl/src/core/../misc/lv_style.h ****     LV_STYLE_SHADOW_OPA,
 246:Middlewares/LVGL/lvgl/src/core/../misc/lv_style.h ****     LV_STYLE_LINE_OPA,
 247:Middlewares/LVGL/lvgl/src/core/../misc/lv_style.h ****     LV_STYLE_ARC_OPA,
 248:Middlewares/LVGL/lvgl/src/core/../misc/lv_style.h ****     LV_STYLE_TEXT_OPA,
 249:Middlewares/LVGL/lvgl/src/core/../misc/lv_style.h **** 
 250:Middlewares/LVGL/lvgl/src/core/../misc/lv_style.h ****     LV_STYLE_SHADOW_COLOR = 88,
 251:Middlewares/LVGL/lvgl/src/core/../misc/lv_style.h ****     LV_STYLE_IMAGE_RECOLOR,
 252:Middlewares/LVGL/lvgl/src/core/../misc/lv_style.h ****     LV_STYLE_LINE_COLOR,
 253:Middlewares/LVGL/lvgl/src/core/../misc/lv_style.h ****     LV_STYLE_ARC_COLOR,
 254:Middlewares/LVGL/lvgl/src/core/../misc/lv_style.h ****     LV_STYLE_TEXT_COLOR,
 255:Middlewares/LVGL/lvgl/src/core/../misc/lv_style.h **** 
 256:Middlewares/LVGL/lvgl/src/core/../misc/lv_style.h ****     LV_STYLE_ARC_IMAGE_SRC = 96,
 257:Middlewares/LVGL/lvgl/src/core/../misc/lv_style.h ****     LV_STYLE_SHADOW_OFFSET_X,
ARM GAS  C:\Users\w1785\AppData\Local\Temp\ccv6fGyr.s 			page 6


 258:Middlewares/LVGL/lvgl/src/core/../misc/lv_style.h ****     LV_STYLE_SHADOW_OFFSET_Y,
 259:Middlewares/LVGL/lvgl/src/core/../misc/lv_style.h ****     LV_STYLE_SHADOW_SPREAD,
 260:Middlewares/LVGL/lvgl/src/core/../misc/lv_style.h ****     LV_STYLE_LINE_DASH_WIDTH,
 261:Middlewares/LVGL/lvgl/src/core/../misc/lv_style.h ****     LV_STYLE_TEXT_ALIGN,
 262:Middlewares/LVGL/lvgl/src/core/../misc/lv_style.h ****     LV_STYLE_TEXT_LETTER_SPACE,
 263:Middlewares/LVGL/lvgl/src/core/../misc/lv_style.h ****     LV_STYLE_TEXT_LINE_SPACE,
 264:Middlewares/LVGL/lvgl/src/core/../misc/lv_style.h **** 
 265:Middlewares/LVGL/lvgl/src/core/../misc/lv_style.h ****     LV_STYLE_LINE_DASH_GAP = 104,
 266:Middlewares/LVGL/lvgl/src/core/../misc/lv_style.h ****     LV_STYLE_LINE_ROUNDED,
 267:Middlewares/LVGL/lvgl/src/core/../misc/lv_style.h ****     LV_STYLE_IMAGE_COLORKEY,
 268:Middlewares/LVGL/lvgl/src/core/../misc/lv_style.h ****     LV_STYLE_TEXT_OUTLINE_STROKE_WIDTH,
 269:Middlewares/LVGL/lvgl/src/core/../misc/lv_style.h ****     LV_STYLE_TEXT_OUTLINE_STROKE_OPA,
 270:Middlewares/LVGL/lvgl/src/core/../misc/lv_style.h ****     LV_STYLE_TEXT_OUTLINE_STROKE_COLOR,
 271:Middlewares/LVGL/lvgl/src/core/../misc/lv_style.h ****     LV_STYLE_TEXT_DECOR,
 272:Middlewares/LVGL/lvgl/src/core/../misc/lv_style.h ****     LV_STYLE_ARC_ROUNDED,
 273:Middlewares/LVGL/lvgl/src/core/../misc/lv_style.h **** 
 274:Middlewares/LVGL/lvgl/src/core/../misc/lv_style.h ****     /*Group unrelated props*/
 275:Middlewares/LVGL/lvgl/src/core/../misc/lv_style.h ****     LV_STYLE_OPA = 112,
 276:Middlewares/LVGL/lvgl/src/core/../misc/lv_style.h ****     LV_STYLE_OPA_LAYERED,
 277:Middlewares/LVGL/lvgl/src/core/../misc/lv_style.h ****     LV_STYLE_COLOR_FILTER_DSC,
 278:Middlewares/LVGL/lvgl/src/core/../misc/lv_style.h ****     LV_STYLE_COLOR_FILTER_OPA,
 279:Middlewares/LVGL/lvgl/src/core/../misc/lv_style.h ****     LV_STYLE_ANIM,
 280:Middlewares/LVGL/lvgl/src/core/../misc/lv_style.h ****     LV_STYLE_ANIM_DURATION,
 281:Middlewares/LVGL/lvgl/src/core/../misc/lv_style.h ****     LV_STYLE_TRANSITION,
 282:Middlewares/LVGL/lvgl/src/core/../misc/lv_style.h **** 
 283:Middlewares/LVGL/lvgl/src/core/../misc/lv_style.h ****     /*Radius is requested a lot, group it with rarely requested ones*/
 284:Middlewares/LVGL/lvgl/src/core/../misc/lv_style.h ****     LV_STYLE_RADIUS = 120,
 285:Middlewares/LVGL/lvgl/src/core/../misc/lv_style.h ****     LV_STYLE_BITMAP_MASK_SRC,
 286:Middlewares/LVGL/lvgl/src/core/../misc/lv_style.h ****     LV_STYLE_BLEND_MODE,
 287:Middlewares/LVGL/lvgl/src/core/../misc/lv_style.h ****     LV_STYLE_ROTARY_SENSITIVITY,
 288:Middlewares/LVGL/lvgl/src/core/../misc/lv_style.h ****     LV_STYLE_TRANSLATE_RADIAL,
 289:Middlewares/LVGL/lvgl/src/core/../misc/lv_style.h **** 
 290:Middlewares/LVGL/lvgl/src/core/../misc/lv_style.h ****     /*Requested a lot but rarely used*/
 291:Middlewares/LVGL/lvgl/src/core/../misc/lv_style.h ****     LV_STYLE_CLIP_CORNER = 128,
 292:Middlewares/LVGL/lvgl/src/core/../misc/lv_style.h ****     LV_STYLE_BASE_DIR,
 293:Middlewares/LVGL/lvgl/src/core/../misc/lv_style.h ****     LV_STYLE_RECOLOR,
 294:Middlewares/LVGL/lvgl/src/core/../misc/lv_style.h ****     LV_STYLE_RECOLOR_OPA,
 295:Middlewares/LVGL/lvgl/src/core/../misc/lv_style.h ****     LV_STYLE_LAYOUT,
 296:Middlewares/LVGL/lvgl/src/core/../misc/lv_style.h **** 
 297:Middlewares/LVGL/lvgl/src/core/../misc/lv_style.h ****     /*Blur*/
 298:Middlewares/LVGL/lvgl/src/core/../misc/lv_style.h ****     LV_STYLE_BLUR_RADIUS = 136,
 299:Middlewares/LVGL/lvgl/src/core/../misc/lv_style.h ****     LV_STYLE_BLUR_BACKDROP,
 300:Middlewares/LVGL/lvgl/src/core/../misc/lv_style.h ****     LV_STYLE_BLUR_QUALITY,
 301:Middlewares/LVGL/lvgl/src/core/../misc/lv_style.h **** 
 302:Middlewares/LVGL/lvgl/src/core/../misc/lv_style.h ****     /*Drop shadow*/
 303:Middlewares/LVGL/lvgl/src/core/../misc/lv_style.h ****     LV_STYLE_DROP_SHADOW_RADIUS = 144,
 304:Middlewares/LVGL/lvgl/src/core/../misc/lv_style.h ****     LV_STYLE_DROP_SHADOW_OFFSET_X,
 305:Middlewares/LVGL/lvgl/src/core/../misc/lv_style.h ****     LV_STYLE_DROP_SHADOW_OFFSET_Y,
 306:Middlewares/LVGL/lvgl/src/core/../misc/lv_style.h ****     LV_STYLE_DROP_SHADOW_COLOR,
 307:Middlewares/LVGL/lvgl/src/core/../misc/lv_style.h ****     LV_STYLE_DROP_SHADOW_OPA,
 308:Middlewares/LVGL/lvgl/src/core/../misc/lv_style.h ****     LV_STYLE_DROP_SHADOW_QUALITY,
 309:Middlewares/LVGL/lvgl/src/core/../misc/lv_style.h **** 
 310:Middlewares/LVGL/lvgl/src/core/../misc/lv_style.h ****     /*Scale and transform*/
 311:Middlewares/LVGL/lvgl/src/core/../misc/lv_style.h ****     LV_STYLE_TRANSFORM_SCALE_X = 152,
 312:Middlewares/LVGL/lvgl/src/core/../misc/lv_style.h ****     LV_STYLE_TRANSFORM_SCALE_Y,
 313:Middlewares/LVGL/lvgl/src/core/../misc/lv_style.h ****     LV_STYLE_TRANSFORM_PIVOT_X,
 314:Middlewares/LVGL/lvgl/src/core/../misc/lv_style.h ****     LV_STYLE_TRANSFORM_PIVOT_Y,
ARM GAS  C:\Users\w1785\AppData\Local\Temp\ccv6fGyr.s 			page 7


 315:Middlewares/LVGL/lvgl/src/core/../misc/lv_style.h ****     LV_STYLE_TRANSFORM_ROTATION,
 316:Middlewares/LVGL/lvgl/src/core/../misc/lv_style.h ****     LV_STYLE_TRANSFORM_SKEW_X,
 317:Middlewares/LVGL/lvgl/src/core/../misc/lv_style.h ****     LV_STYLE_TRANSFORM_SKEW_Y,
 318:Middlewares/LVGL/lvgl/src/core/../misc/lv_style.h **** 
 319:Middlewares/LVGL/lvgl/src/core/../misc/lv_style.h ****     /*Flex and basic grid (rarely used together)*/
 320:Middlewares/LVGL/lvgl/src/core/../misc/lv_style.h ****     LV_STYLE_FLEX_FLOW = 160,
 321:Middlewares/LVGL/lvgl/src/core/../misc/lv_style.h ****     LV_STYLE_FLEX_MAIN_PLACE,
 322:Middlewares/LVGL/lvgl/src/core/../misc/lv_style.h ****     LV_STYLE_FLEX_CROSS_PLACE,
 323:Middlewares/LVGL/lvgl/src/core/../misc/lv_style.h ****     LV_STYLE_FLEX_TRACK_PLACE,
 324:Middlewares/LVGL/lvgl/src/core/../misc/lv_style.h ****     LV_STYLE_FLEX_GROW,
 325:Middlewares/LVGL/lvgl/src/core/../misc/lv_style.h ****     LV_STYLE_GRID_COLUMN_DSC_ARRAY,
 326:Middlewares/LVGL/lvgl/src/core/../misc/lv_style.h ****     LV_STYLE_GRID_ROW_DSC_ARRAY,
 327:Middlewares/LVGL/lvgl/src/core/../misc/lv_style.h **** 
 328:Middlewares/LVGL/lvgl/src/core/../misc/lv_style.h ****     LV_STYLE_GRID_COLUMN_ALIGN = 168,
 329:Middlewares/LVGL/lvgl/src/core/../misc/lv_style.h ****     LV_STYLE_GRID_ROW_ALIGN,
 330:Middlewares/LVGL/lvgl/src/core/../misc/lv_style.h ****     LV_STYLE_GRID_CELL_COLUMN_POS,
 331:Middlewares/LVGL/lvgl/src/core/../misc/lv_style.h ****     LV_STYLE_GRID_CELL_COLUMN_SPAN,
 332:Middlewares/LVGL/lvgl/src/core/../misc/lv_style.h ****     LV_STYLE_GRID_CELL_X_ALIGN,
 333:Middlewares/LVGL/lvgl/src/core/../misc/lv_style.h ****     LV_STYLE_GRID_CELL_ROW_POS,
 334:Middlewares/LVGL/lvgl/src/core/../misc/lv_style.h ****     LV_STYLE_GRID_CELL_ROW_SPAN,
 335:Middlewares/LVGL/lvgl/src/core/../misc/lv_style.h ****     LV_STYLE_GRID_CELL_Y_ALIGN,
 336:Middlewares/LVGL/lvgl/src/core/../misc/lv_style.h **** 
 337:Middlewares/LVGL/lvgl/src/core/../misc/lv_style.h ****     LV_STYLE_LAST_BUILT_IN_PROP,
 338:Middlewares/LVGL/lvgl/src/core/../misc/lv_style.h ****     LV_STYLE_NUM_BUILT_IN_PROPS     = LV_STYLE_LAST_BUILT_IN_PROP + 1,
 339:Middlewares/LVGL/lvgl/src/core/../misc/lv_style.h **** 
 340:Middlewares/LVGL/lvgl/src/core/../misc/lv_style.h ****     LV_STYLE_PROP_ANY                = 0xFF,
 341:Middlewares/LVGL/lvgl/src/core/../misc/lv_style.h ****     LV_STYLE_PROP_CONST             = 0xFF /* magic value for const styles */
 342:Middlewares/LVGL/lvgl/src/core/../misc/lv_style.h **** };
 343:Middlewares/LVGL/lvgl/src/core/../misc/lv_style.h **** 
 344:Middlewares/LVGL/lvgl/src/core/../misc/lv_style.h **** typedef enum {
 345:Middlewares/LVGL/lvgl/src/core/../misc/lv_style.h ****     LV_STYLE_RES_NOT_FOUND,
 346:Middlewares/LVGL/lvgl/src/core/../misc/lv_style.h ****     LV_STYLE_RES_FOUND,
 347:Middlewares/LVGL/lvgl/src/core/../misc/lv_style.h **** } lv_style_res_t;
 348:Middlewares/LVGL/lvgl/src/core/../misc/lv_style.h **** 
 349:Middlewares/LVGL/lvgl/src/core/../misc/lv_style.h **** /**
 350:Middlewares/LVGL/lvgl/src/core/../misc/lv_style.h ****  * Descriptor for style transitions
 351:Middlewares/LVGL/lvgl/src/core/../misc/lv_style.h ****  */
 352:Middlewares/LVGL/lvgl/src/core/../misc/lv_style.h **** typedef struct {
 353:Middlewares/LVGL/lvgl/src/core/../misc/lv_style.h ****     const lv_style_prop_t * props; /**< An array with the properties to animate.*/
 354:Middlewares/LVGL/lvgl/src/core/../misc/lv_style.h ****     void * user_data;              /**< A custom user data that will be passed to the animation's u
 355:Middlewares/LVGL/lvgl/src/core/../misc/lv_style.h ****     lv_anim_path_cb_t path_xcb;    /**< A path for the animation.*/
 356:Middlewares/LVGL/lvgl/src/core/../misc/lv_style.h ****     uint32_t time;                 /**< Duration of the transition in [ms]*/
 357:Middlewares/LVGL/lvgl/src/core/../misc/lv_style.h ****     uint32_t delay;                /**< Delay before the transition in [ms]*/
 358:Middlewares/LVGL/lvgl/src/core/../misc/lv_style.h **** } lv_style_transition_dsc_t;
 359:Middlewares/LVGL/lvgl/src/core/../misc/lv_style.h **** 
 360:Middlewares/LVGL/lvgl/src/core/../misc/lv_style.h **** /**
 361:Middlewares/LVGL/lvgl/src/core/../misc/lv_style.h ****  * Descriptor of a constant style property.
 362:Middlewares/LVGL/lvgl/src/core/../misc/lv_style.h ****  */
 363:Middlewares/LVGL/lvgl/src/core/../misc/lv_style.h **** typedef struct {
 364:Middlewares/LVGL/lvgl/src/core/../misc/lv_style.h ****     lv_style_prop_t prop;
 365:Middlewares/LVGL/lvgl/src/core/../misc/lv_style.h ****     lv_style_value_t value;
 366:Middlewares/LVGL/lvgl/src/core/../misc/lv_style.h **** } lv_style_const_prop_t;
 367:Middlewares/LVGL/lvgl/src/core/../misc/lv_style.h **** 
 368:Middlewares/LVGL/lvgl/src/core/../misc/lv_style.h **** /**
 369:Middlewares/LVGL/lvgl/src/core/../misc/lv_style.h ****  * Descriptor of a style (a collection of properties and values).
 370:Middlewares/LVGL/lvgl/src/core/../misc/lv_style.h ****  */
 371:Middlewares/LVGL/lvgl/src/core/../misc/lv_style.h **** typedef struct {
ARM GAS  C:\Users\w1785\AppData\Local\Temp\ccv6fGyr.s 			page 8


 372:Middlewares/LVGL/lvgl/src/core/../misc/lv_style.h **** 
 373:Middlewares/LVGL/lvgl/src/core/../misc/lv_style.h **** #if LV_USE_ASSERT_STYLE
 374:Middlewares/LVGL/lvgl/src/core/../misc/lv_style.h ****     uint32_t sentinel;
 375:Middlewares/LVGL/lvgl/src/core/../misc/lv_style.h **** #endif
 376:Middlewares/LVGL/lvgl/src/core/../misc/lv_style.h **** 
 377:Middlewares/LVGL/lvgl/src/core/../misc/lv_style.h ****     void * values_and_props;
 378:Middlewares/LVGL/lvgl/src/core/../misc/lv_style.h **** 
 379:Middlewares/LVGL/lvgl/src/core/../misc/lv_style.h ****     uint32_t has_group;
 380:Middlewares/LVGL/lvgl/src/core/../misc/lv_style.h ****     uint8_t prop_cnt;   /**< 255 means it's a constant style*/
 381:Middlewares/LVGL/lvgl/src/core/../misc/lv_style.h **** } lv_style_t;
 382:Middlewares/LVGL/lvgl/src/core/../misc/lv_style.h **** 
 383:Middlewares/LVGL/lvgl/src/core/../misc/lv_style.h **** /**********************
 384:Middlewares/LVGL/lvgl/src/core/../misc/lv_style.h ****  * GLOBAL PROTOTYPES
 385:Middlewares/LVGL/lvgl/src/core/../misc/lv_style.h ****  **********************/
 386:Middlewares/LVGL/lvgl/src/core/../misc/lv_style.h **** 
 387:Middlewares/LVGL/lvgl/src/core/../misc/lv_style.h **** /**
 388:Middlewares/LVGL/lvgl/src/core/../misc/lv_style.h ****  * Initialize a style
 389:Middlewares/LVGL/lvgl/src/core/../misc/lv_style.h ****  * @param style pointer to a style to initialize
 390:Middlewares/LVGL/lvgl/src/core/../misc/lv_style.h ****  * @note Do not call `lv_style_init` on styles that already have some properties
 391:Middlewares/LVGL/lvgl/src/core/../misc/lv_style.h ****  *       because this function won't free the used memory, just sets a default state for the style.
 392:Middlewares/LVGL/lvgl/src/core/../misc/lv_style.h ****  *       In other words be sure to initialize styles only once!
 393:Middlewares/LVGL/lvgl/src/core/../misc/lv_style.h ****  */
 394:Middlewares/LVGL/lvgl/src/core/../misc/lv_style.h **** void lv_style_init(lv_style_t * style);
 395:Middlewares/LVGL/lvgl/src/core/../misc/lv_style.h **** 
 396:Middlewares/LVGL/lvgl/src/core/../misc/lv_style.h **** /**
 397:Middlewares/LVGL/lvgl/src/core/../misc/lv_style.h ****  * Clear all properties from a style and free all allocated memories.
 398:Middlewares/LVGL/lvgl/src/core/../misc/lv_style.h ****  * @param style pointer to a style
 399:Middlewares/LVGL/lvgl/src/core/../misc/lv_style.h ****  */
 400:Middlewares/LVGL/lvgl/src/core/../misc/lv_style.h **** void lv_style_reset(lv_style_t * style);
 401:Middlewares/LVGL/lvgl/src/core/../misc/lv_style.h **** 
 402:Middlewares/LVGL/lvgl/src/core/../misc/lv_style.h **** /**
 403:Middlewares/LVGL/lvgl/src/core/../misc/lv_style.h ****  * Copy all properties of a style to an other.
 404:Middlewares/LVGL/lvgl/src/core/../misc/lv_style.h ****  * It has the same affect callying the same `lv_set_style_...`
 405:Middlewares/LVGL/lvgl/src/core/../misc/lv_style.h ****  * functions on both styles.
 406:Middlewares/LVGL/lvgl/src/core/../misc/lv_style.h ****  * It means new memory will be allocated to store the properties in
 407:Middlewares/LVGL/lvgl/src/core/../misc/lv_style.h ****  * the destination style.
 408:Middlewares/LVGL/lvgl/src/core/../misc/lv_style.h ****  * After the copy the destination style is fully independent of the source
 409:Middlewares/LVGL/lvgl/src/core/../misc/lv_style.h ****  * and source can removed without affecting the destination style.
 410:Middlewares/LVGL/lvgl/src/core/../misc/lv_style.h ****  * @param dst   the destination to copy into (can not the a constant style)
 411:Middlewares/LVGL/lvgl/src/core/../misc/lv_style.h ****  * @param src   the source style to copy from.
 412:Middlewares/LVGL/lvgl/src/core/../misc/lv_style.h ****  */
 413:Middlewares/LVGL/lvgl/src/core/../misc/lv_style.h **** void lv_style_copy(lv_style_t * dst, const lv_style_t * src);
 414:Middlewares/LVGL/lvgl/src/core/../misc/lv_style.h **** 
 415:Middlewares/LVGL/lvgl/src/core/../misc/lv_style.h **** /**
 416:Middlewares/LVGL/lvgl/src/core/../misc/lv_style.h ****  * Copy all properties of a style to an other without resetting the dst style.
 417:Middlewares/LVGL/lvgl/src/core/../misc/lv_style.h ****  * It has the same effect as calling the same `lv_set_style_...`
 418:Middlewares/LVGL/lvgl/src/core/../misc/lv_style.h ****  * functions on both styles.
 419:Middlewares/LVGL/lvgl/src/core/../misc/lv_style.h ****  * It means new memory will be allocated to store the properties in
 420:Middlewares/LVGL/lvgl/src/core/../misc/lv_style.h ****  * the destination style.
 421:Middlewares/LVGL/lvgl/src/core/../misc/lv_style.h ****  * After the copy the destination style is fully independent of the source
 422:Middlewares/LVGL/lvgl/src/core/../misc/lv_style.h ****  * and source can removed without affecting the destination style.
 423:Middlewares/LVGL/lvgl/src/core/../misc/lv_style.h ****  * @param dst   the destination to copy into (cannot be a constant style)
 424:Middlewares/LVGL/lvgl/src/core/../misc/lv_style.h ****  * @param src   the source style to copy from.
 425:Middlewares/LVGL/lvgl/src/core/../misc/lv_style.h ****  */
 426:Middlewares/LVGL/lvgl/src/core/../misc/lv_style.h **** void lv_style_merge(lv_style_t * dst, const lv_style_t * src);
 427:Middlewares/LVGL/lvgl/src/core/../misc/lv_style.h **** 
 428:Middlewares/LVGL/lvgl/src/core/../misc/lv_style.h **** 
ARM GAS  C:\Users\w1785\AppData\Local\Temp\ccv6fGyr.s 			page 9


 429:Middlewares/LVGL/lvgl/src/core/../misc/lv_style.h **** /**
 430:Middlewares/LVGL/lvgl/src/core/../misc/lv_style.h ****  * Check if a style is constant
 431:Middlewares/LVGL/lvgl/src/core/../misc/lv_style.h ****  * @param style     pointer to a style
 432:Middlewares/LVGL/lvgl/src/core/../misc/lv_style.h ****  * @return          true: the style is constant
 433:Middlewares/LVGL/lvgl/src/core/../misc/lv_style.h ****  */
 434:Middlewares/LVGL/lvgl/src/core/../misc/lv_style.h **** static inline bool lv_style_is_const(const lv_style_t * style)
 435:Middlewares/LVGL/lvgl/src/core/../misc/lv_style.h **** {
 436:Middlewares/LVGL/lvgl/src/core/../misc/lv_style.h ****     if(style->prop_cnt == 255) return true;
 437:Middlewares/LVGL/lvgl/src/core/../misc/lv_style.h ****     return false;
 438:Middlewares/LVGL/lvgl/src/core/../misc/lv_style.h **** }
 439:Middlewares/LVGL/lvgl/src/core/../misc/lv_style.h **** 
 440:Middlewares/LVGL/lvgl/src/core/../misc/lv_style.h **** 
 441:Middlewares/LVGL/lvgl/src/core/../misc/lv_style.h **** /**
 442:Middlewares/LVGL/lvgl/src/core/../misc/lv_style.h ****  * Register a new style property for custom usage
 443:Middlewares/LVGL/lvgl/src/core/../misc/lv_style.h ****  * @return a new property ID, or LV_STYLE_PROP_INV if there are no more available.
 444:Middlewares/LVGL/lvgl/src/core/../misc/lv_style.h ****  *
 445:Middlewares/LVGL/lvgl/src/core/../misc/lv_style.h ****  * Example:
 446:Middlewares/LVGL/lvgl/src/core/../misc/lv_style.h ****  * @code
 447:Middlewares/LVGL/lvgl/src/core/../misc/lv_style.h ****  * lv_style_prop_t MY_PROP;
 448:Middlewares/LVGL/lvgl/src/core/../misc/lv_style.h ****  * static inline void lv_style_set_my_prop(lv_style_t * style, lv_color_t value) {
 449:Middlewares/LVGL/lvgl/src/core/../misc/lv_style.h ****  * lv_style_value_t v = {.color = value}; lv_style_set_prop(style, MY_PROP, v); }
 450:Middlewares/LVGL/lvgl/src/core/../misc/lv_style.h ****  *
 451:Middlewares/LVGL/lvgl/src/core/../misc/lv_style.h ****  * ...
 452:Middlewares/LVGL/lvgl/src/core/../misc/lv_style.h ****  * MY_PROP = lv_style_register_prop();
 453:Middlewares/LVGL/lvgl/src/core/../misc/lv_style.h ****  * ...
 454:Middlewares/LVGL/lvgl/src/core/../misc/lv_style.h ****  * lv_style_set_my_prop(&style1, lv_palette_main(LV_PALETTE_RED));
 455:Middlewares/LVGL/lvgl/src/core/../misc/lv_style.h ****  * @endcode
 456:Middlewares/LVGL/lvgl/src/core/../misc/lv_style.h ****  */
 457:Middlewares/LVGL/lvgl/src/core/../misc/lv_style.h **** lv_style_prop_t lv_style_register_prop(uint8_t flag);
 458:Middlewares/LVGL/lvgl/src/core/../misc/lv_style.h **** 
 459:Middlewares/LVGL/lvgl/src/core/../misc/lv_style.h **** /**
 460:Middlewares/LVGL/lvgl/src/core/../misc/lv_style.h ****  * Get the number of custom properties that have been registered thus far.
 461:Middlewares/LVGL/lvgl/src/core/../misc/lv_style.h ****  */
 462:Middlewares/LVGL/lvgl/src/core/../misc/lv_style.h **** lv_style_prop_t lv_style_get_num_custom_props(void);
 463:Middlewares/LVGL/lvgl/src/core/../misc/lv_style.h **** 
 464:Middlewares/LVGL/lvgl/src/core/../misc/lv_style.h **** /**
 465:Middlewares/LVGL/lvgl/src/core/../misc/lv_style.h ****  * Remove a property from a style
 466:Middlewares/LVGL/lvgl/src/core/../misc/lv_style.h ****  * @param style pointer to a style
 467:Middlewares/LVGL/lvgl/src/core/../misc/lv_style.h ****  * @param prop  a style property ORed with a state.
 468:Middlewares/LVGL/lvgl/src/core/../misc/lv_style.h ****  * @return true: the property was found and removed; false: the property wasn't found
 469:Middlewares/LVGL/lvgl/src/core/../misc/lv_style.h ****  */
 470:Middlewares/LVGL/lvgl/src/core/../misc/lv_style.h **** bool lv_style_remove_prop(lv_style_t * style, lv_style_prop_t prop);
 471:Middlewares/LVGL/lvgl/src/core/../misc/lv_style.h **** 
 472:Middlewares/LVGL/lvgl/src/core/../misc/lv_style.h **** /**
 473:Middlewares/LVGL/lvgl/src/core/../misc/lv_style.h ****  * Set the value of property in a style.
 474:Middlewares/LVGL/lvgl/src/core/../misc/lv_style.h ****  * This function shouldn't be used directly by the user.
 475:Middlewares/LVGL/lvgl/src/core/../misc/lv_style.h ****  * Instead use `lv_style_set_<prop_name>()`. E.g. `lv_style_set_bg_color()`
 476:Middlewares/LVGL/lvgl/src/core/../misc/lv_style.h ****  * @param style pointer to style
 477:Middlewares/LVGL/lvgl/src/core/../misc/lv_style.h ****  * @param prop the ID of a property (e.g. `LV_STYLE_BG_COLOR`)
 478:Middlewares/LVGL/lvgl/src/core/../misc/lv_style.h ****  * @param value `lv_style_value_t` variable in which a field is set according to the type of `prop`
 479:Middlewares/LVGL/lvgl/src/core/../misc/lv_style.h ****  */
 480:Middlewares/LVGL/lvgl/src/core/../misc/lv_style.h **** void lv_style_set_prop(lv_style_t * style, lv_style_prop_t prop, lv_style_value_t value);
 481:Middlewares/LVGL/lvgl/src/core/../misc/lv_style.h **** 
 482:Middlewares/LVGL/lvgl/src/core/../misc/lv_style.h **** /**
 483:Middlewares/LVGL/lvgl/src/core/../misc/lv_style.h ****  * Get the value of a property
 484:Middlewares/LVGL/lvgl/src/core/../misc/lv_style.h ****  * @param style pointer to a style
 485:Middlewares/LVGL/lvgl/src/core/../misc/lv_style.h ****  * @param prop  the ID of a property
ARM GAS  C:\Users\w1785\AppData\Local\Temp\ccv6fGyr.s 			page 10


 486:Middlewares/LVGL/lvgl/src/core/../misc/lv_style.h ****  * @param value pointer to a `lv_style_value_t` variable to store the value
 487:Middlewares/LVGL/lvgl/src/core/../misc/lv_style.h ****  * @return LV_RESULT_INVALID: the property wasn't found in the style (`value` is unchanged)
 488:Middlewares/LVGL/lvgl/src/core/../misc/lv_style.h ****  *         LV_RESULT_OK: the property was fond, and `value` is set accordingly
 489:Middlewares/LVGL/lvgl/src/core/../misc/lv_style.h ****  * @note For performance reasons there are no sanity check on `style`
 490:Middlewares/LVGL/lvgl/src/core/../misc/lv_style.h ****  */
 491:Middlewares/LVGL/lvgl/src/core/../misc/lv_style.h **** lv_style_res_t lv_style_get_prop(const lv_style_t * style, lv_style_prop_t prop, lv_style_value_t *
 492:Middlewares/LVGL/lvgl/src/core/../misc/lv_style.h **** 
 493:Middlewares/LVGL/lvgl/src/core/../misc/lv_style.h **** /**
 494:Middlewares/LVGL/lvgl/src/core/../misc/lv_style.h ****  * Initialize a transition descriptor.
 495:Middlewares/LVGL/lvgl/src/core/../misc/lv_style.h ****  * @param tr        pointer to a transition descriptor to initialize
 496:Middlewares/LVGL/lvgl/src/core/../misc/lv_style.h ****  * @param props     an array with the properties to transition. The last element must be zero.
 497:Middlewares/LVGL/lvgl/src/core/../misc/lv_style.h ****  * @param path_cb   an animation path (ease) callback. If `NULL` liner path will be used.
 498:Middlewares/LVGL/lvgl/src/core/../misc/lv_style.h ****  * @param time      duration of the transition in [ms]
 499:Middlewares/LVGL/lvgl/src/core/../misc/lv_style.h ****  * @param delay     delay before the transition in [ms]
 500:Middlewares/LVGL/lvgl/src/core/../misc/lv_style.h ****  * @param user_data any custom data that will be saved in the transition animation and will be avai
 501:Middlewares/LVGL/lvgl/src/core/../misc/lv_style.h ****  *
 502:Middlewares/LVGL/lvgl/src/core/../misc/lv_style.h ****  * Example:
 503:Middlewares/LVGL/lvgl/src/core/../misc/lv_style.h ****  * @code
 504:Middlewares/LVGL/lvgl/src/core/../misc/lv_style.h ****  * const static lv_style_prop_t trans_props[] = { LV_STYLE_BG_OPA, LV_STYLE_BG_COLOR, 0 };
 505:Middlewares/LVGL/lvgl/src/core/../misc/lv_style.h ****  * static lv_style_transition_dsc_t trans1;
 506:Middlewares/LVGL/lvgl/src/core/../misc/lv_style.h ****  * lv_style_transition_dsc_init(&trans1, trans_props, NULL, 300, 0, NULL);
 507:Middlewares/LVGL/lvgl/src/core/../misc/lv_style.h ****  * @endcode
 508:Middlewares/LVGL/lvgl/src/core/../misc/lv_style.h ****  */
 509:Middlewares/LVGL/lvgl/src/core/../misc/lv_style.h **** void lv_style_transition_dsc_init(lv_style_transition_dsc_t * tr, const lv_style_prop_t props[],
 510:Middlewares/LVGL/lvgl/src/core/../misc/lv_style.h ****                                   lv_anim_path_cb_t path_cb, uint32_t time, uint32_t delay, void * 
 511:Middlewares/LVGL/lvgl/src/core/../misc/lv_style.h **** 
 512:Middlewares/LVGL/lvgl/src/core/../misc/lv_style.h **** /**
 513:Middlewares/LVGL/lvgl/src/core/../misc/lv_style.h ****  * Get the default value of a property
 514:Middlewares/LVGL/lvgl/src/core/../misc/lv_style.h ****  * @param prop the ID of a property
 515:Middlewares/LVGL/lvgl/src/core/../misc/lv_style.h ****  * @return the default value
 516:Middlewares/LVGL/lvgl/src/core/../misc/lv_style.h ****  */
 517:Middlewares/LVGL/lvgl/src/core/../misc/lv_style.h **** lv_style_value_t lv_style_prop_get_default(lv_style_prop_t prop);
 518:Middlewares/LVGL/lvgl/src/core/../misc/lv_style.h **** 
 519:Middlewares/LVGL/lvgl/src/core/../misc/lv_style.h **** /**
 520:Middlewares/LVGL/lvgl/src/core/../misc/lv_style.h ****  * Get the value of a property
 521:Middlewares/LVGL/lvgl/src/core/../misc/lv_style.h ****  * @param style pointer to a style
 522:Middlewares/LVGL/lvgl/src/core/../misc/lv_style.h ****  * @param prop  the ID of a property
 523:Middlewares/LVGL/lvgl/src/core/../misc/lv_style.h ****  * @param value pointer to a `lv_style_value_t` variable to store the value
 524:Middlewares/LVGL/lvgl/src/core/../misc/lv_style.h ****  * @return LV_RESULT_INVALID: the property wasn't found in the style (`value` is unchanged)
 525:Middlewares/LVGL/lvgl/src/core/../misc/lv_style.h ****  *         LV_RESULT_OK: the property was fond, and `value` is set accordingly
 526:Middlewares/LVGL/lvgl/src/core/../misc/lv_style.h ****  * @note For performance reasons there are no sanity check on `style`
 527:Middlewares/LVGL/lvgl/src/core/../misc/lv_style.h ****  * @note This function is the same as ::lv_style_get_prop but inlined. Use it only on performance c
 528:Middlewares/LVGL/lvgl/src/core/../misc/lv_style.h ****  */
 529:Middlewares/LVGL/lvgl/src/core/../misc/lv_style.h **** static inline lv_style_res_t lv_style_get_prop_inlined(const lv_style_t * style, lv_style_prop_t pr
 530:Middlewares/LVGL/lvgl/src/core/../misc/lv_style.h ****                                                        lv_style_value_t * value)
 531:Middlewares/LVGL/lvgl/src/core/../misc/lv_style.h **** {
  30              		.loc 2 531 1 view -0
  31              		.cfi_startproc
  32              		@ args = 0, pretend = 0, frame = 0
  33              		@ frame_needed = 0, uses_anonymous_args = 0
  34              		.loc 2 531 1 is_stmt 0 view .LVU1
  35 0000 10B5     		push	{r4, lr}
  36              	.LCFI0:
  37              		.cfi_def_cfa_offset 8
  38              		.cfi_offset 4, -8
  39              		.cfi_offset 14, -4
 532:Middlewares/LVGL/lvgl/src/core/../misc/lv_style.h ****     if(lv_style_is_const(style)) {
ARM GAS  C:\Users\w1785\AppData\Local\Temp\ccv6fGyr.s 			page 11


  40              		.loc 2 532 5 is_stmt 1 view .LVU2
  41              	.LVL1:
  42              	.LBB126:
  43              	.LBI126:
 434:Middlewares/LVGL/lvgl/src/core/../misc/lv_style.h **** {
  44              		.loc 2 434 20 view .LVU3
  45              	.LBB127:
 436:Middlewares/LVGL/lvgl/src/core/../misc/lv_style.h ****     return false;
  46              		.loc 2 436 5 view .LVU4
 436:Middlewares/LVGL/lvgl/src/core/../misc/lv_style.h ****     return false;
  47              		.loc 2 436 13 is_stmt 0 view .LVU5
  48 0002 90F808C0 		ldrb	ip, [r0, #8]	@ zero_extendqisi2
 436:Middlewares/LVGL/lvgl/src/core/../misc/lv_style.h ****     return false;
  49              		.loc 2 436 7 view .LVU6
  50 0006 BCF1FF0F 		cmp	ip, #255
  51 000a 0CD0     		beq	.L2
  52              	.LVL2:
 436:Middlewares/LVGL/lvgl/src/core/../misc/lv_style.h ****     return false;
  53              		.loc 2 436 7 view .LVU7
  54              	.LBE127:
  55              	.LBE126:
  56              	.LBB129:
 533:Middlewares/LVGL/lvgl/src/core/../misc/lv_style.h ****         lv_style_const_prop_t * props = (lv_style_const_prop_t *)style->values_and_props;
 534:Middlewares/LVGL/lvgl/src/core/../misc/lv_style.h ****         uint32_t i;
 535:Middlewares/LVGL/lvgl/src/core/../misc/lv_style.h ****         for(i = 0; props[i].prop != LV_STYLE_PROP_INV; i++) {
 536:Middlewares/LVGL/lvgl/src/core/../misc/lv_style.h ****             if(props[i].prop == prop) {
 537:Middlewares/LVGL/lvgl/src/core/../misc/lv_style.h ****                 *value = props[i].value;
 538:Middlewares/LVGL/lvgl/src/core/../misc/lv_style.h ****                 return LV_STYLE_RES_FOUND;
 539:Middlewares/LVGL/lvgl/src/core/../misc/lv_style.h ****             }
 540:Middlewares/LVGL/lvgl/src/core/../misc/lv_style.h ****         }
 541:Middlewares/LVGL/lvgl/src/core/../misc/lv_style.h ****     }
 542:Middlewares/LVGL/lvgl/src/core/../misc/lv_style.h ****     else {
 543:Middlewares/LVGL/lvgl/src/core/../misc/lv_style.h ****         lv_style_prop_t * props = (lv_style_prop_t *)style->values_and_props + style->prop_cnt * si
  57              		.loc 2 543 9 is_stmt 1 view .LVU8
  58              		.loc 2 543 59 is_stmt 0 view .LVU9
  59 000c 0468     		ldr	r4, [r0]
  60              		.loc 2 543 96 view .LVU10
  61 000e 4FEA8C0E 		lsl	lr, ip, #2
  62              	.LVL3:
 544:Middlewares/LVGL/lvgl/src/core/../misc/lv_style.h ****         uint32_t i;
  63              		.loc 2 544 9 is_stmt 1 view .LVU11
 545:Middlewares/LVGL/lvgl/src/core/../misc/lv_style.h ****         for(i = 0; i < style->prop_cnt; i++) {
  64              		.loc 2 545 9 view .LVU12
  65              		.loc 2 545 15 is_stmt 0 view .LVU13
  66 0012 0023     		movs	r3, #0
  67              	.LVL4:
  68              	.L3:
  69              		.loc 2 545 22 is_stmt 1 discriminator 1 view .LVU14
  70 0014 9C45     		cmp	ip, r3
  71 0016 1BD9     		bls	.L11
 546:Middlewares/LVGL/lvgl/src/core/../misc/lv_style.h ****             if(props[i] == prop) {
  72              		.loc 2 546 13 view .LVU15
  73              		.loc 2 546 21 is_stmt 0 view .LVU16
  74 0018 04EB0E00 		add	r0, r4, lr
  75 001c C05C     		ldrb	r0, [r0, r3]	@ zero_extendqisi2
  76              		.loc 2 546 15 view .LVU17
  77 001e 8842     		cmp	r0, r1
ARM GAS  C:\Users\w1785\AppData\Local\Temp\ccv6fGyr.s 			page 12


  78 0020 11D0     		beq	.L12
 545:Middlewares/LVGL/lvgl/src/core/../misc/lv_style.h ****         for(i = 0; i < style->prop_cnt; i++) {
  79              		.loc 2 545 42 is_stmt 1 discriminator 2 view .LVU18
  80 0022 0133     		adds	r3, r3, #1
  81              	.LVL5:
 545:Middlewares/LVGL/lvgl/src/core/../misc/lv_style.h ****         for(i = 0; i < style->prop_cnt; i++) {
  82              		.loc 2 545 42 is_stmt 0 discriminator 2 view .LVU19
  83 0024 F6E7     		b	.L3
  84              	.LVL6:
  85              	.L2:
 545:Middlewares/LVGL/lvgl/src/core/../misc/lv_style.h ****         for(i = 0; i < style->prop_cnt; i++) {
  86              		.loc 2 545 42 discriminator 2 view .LVU20
  87              	.LBE129:
  88              	.LBB131:
  89              	.LBB128:
 436:Middlewares/LVGL/lvgl/src/core/../misc/lv_style.h ****     return false;
  90              		.loc 2 436 32 is_stmt 1 discriminator 1 view .LVU21
 436:Middlewares/LVGL/lvgl/src/core/../misc/lv_style.h ****     return false;
  91              		.loc 2 436 32 is_stmt 0 discriminator 1 view .LVU22
  92              	.LBE128:
  93              	.LBE131:
  94              	.LBB132:
 533:Middlewares/LVGL/lvgl/src/core/../misc/lv_style.h ****         uint32_t i;
  95              		.loc 2 533 9 is_stmt 1 view .LVU23
 533:Middlewares/LVGL/lvgl/src/core/../misc/lv_style.h ****         uint32_t i;
  96              		.loc 2 533 33 is_stmt 0 view .LVU24
  97 0026 0468     		ldr	r4, [r0]
  98              	.LVL7:
 534:Middlewares/LVGL/lvgl/src/core/../misc/lv_style.h ****         for(i = 0; props[i].prop != LV_STYLE_PROP_INV; i++) {
  99              		.loc 2 534 9 is_stmt 1 view .LVU25
 535:Middlewares/LVGL/lvgl/src/core/../misc/lv_style.h ****             if(props[i].prop == prop) {
 100              		.loc 2 535 9 view .LVU26
 535:Middlewares/LVGL/lvgl/src/core/../misc/lv_style.h ****             if(props[i].prop == prop) {
 101              		.loc 2 535 15 is_stmt 0 view .LVU27
 102 0028 0023     		movs	r3, #0
 103              	.LVL8:
 104              	.L4:
 535:Middlewares/LVGL/lvgl/src/core/../misc/lv_style.h ****             if(props[i].prop == prop) {
 105              		.loc 2 535 34 is_stmt 1 discriminator 1 view .LVU28
 535:Middlewares/LVGL/lvgl/src/core/../misc/lv_style.h ****             if(props[i].prop == prop) {
 106              		.loc 2 535 25 is_stmt 0 discriminator 1 view .LVU29
 107 002a 04EBC30C 		add	ip, r4, r3, lsl #3
 535:Middlewares/LVGL/lvgl/src/core/../misc/lv_style.h ****             if(props[i].prop == prop) {
 108              		.loc 2 535 28 discriminator 1 view .LVU30
 109 002e 14F83300 		ldrb	r0, [r4, r3, lsl #3]	@ zero_extendqisi2
 535:Middlewares/LVGL/lvgl/src/core/../misc/lv_style.h ****             if(props[i].prop == prop) {
 110              		.loc 2 535 34 discriminator 1 view .LVU31
 111 0032 70B1     		cbz	r0, .L6
 536:Middlewares/LVGL/lvgl/src/core/../misc/lv_style.h ****                 *value = props[i].value;
 112              		.loc 2 536 13 is_stmt 1 view .LVU32
 536:Middlewares/LVGL/lvgl/src/core/../misc/lv_style.h ****                 *value = props[i].value;
 113              		.loc 2 536 15 is_stmt 0 view .LVU33
 114 0034 8842     		cmp	r0, r1
 115 0036 01D0     		beq	.L13
 535:Middlewares/LVGL/lvgl/src/core/../misc/lv_style.h ****             if(props[i].prop == prop) {
 116              		.loc 2 535 57 is_stmt 1 discriminator 2 view .LVU34
 117 0038 0133     		adds	r3, r3, #1
ARM GAS  C:\Users\w1785\AppData\Local\Temp\ccv6fGyr.s 			page 13


 118              	.LVL9:
 535:Middlewares/LVGL/lvgl/src/core/../misc/lv_style.h ****             if(props[i].prop == prop) {
 119              		.loc 2 535 57 is_stmt 0 discriminator 2 view .LVU35
 120 003a F6E7     		b	.L4
 121              	.LVL10:
 122              	.L13:
 537:Middlewares/LVGL/lvgl/src/core/../misc/lv_style.h ****                 return LV_STYLE_RES_FOUND;
 123              		.loc 2 537 17 is_stmt 1 view .LVU36
 537:Middlewares/LVGL/lvgl/src/core/../misc/lv_style.h ****                 return LV_STYLE_RES_FOUND;
 124              		.loc 2 537 24 is_stmt 0 view .LVU37
 125 003c DCF80430 		ldr	r3, [ip, #4]
 126              	.LVL11:
 537:Middlewares/LVGL/lvgl/src/core/../misc/lv_style.h ****                 return LV_STYLE_RES_FOUND;
 127              		.loc 2 537 24 view .LVU38
 128 0040 1360     		str	r3, [r2]
 538:Middlewares/LVGL/lvgl/src/core/../misc/lv_style.h ****             }
 129              		.loc 2 538 17 is_stmt 1 view .LVU39
 538:Middlewares/LVGL/lvgl/src/core/../misc/lv_style.h ****             }
 130              		.loc 2 538 24 is_stmt 0 view .LVU40
 131 0042 0120     		movs	r0, #1
 132 0044 05E0     		b	.L6
 133              	.LVL12:
 134              	.L12:
 538:Middlewares/LVGL/lvgl/src/core/../misc/lv_style.h ****             }
 135              		.loc 2 538 24 view .LVU41
 136              	.LBE132:
 137              	.LBB133:
 138              	.LBB130:
 547:Middlewares/LVGL/lvgl/src/core/../misc/lv_style.h ****                 lv_style_value_t * values = (lv_style_value_t *)style->values_and_props;
 139              		.loc 2 547 17 is_stmt 1 view .LVU42
 548:Middlewares/LVGL/lvgl/src/core/../misc/lv_style.h ****                 *value = values[i];
 140              		.loc 2 548 17 view .LVU43
 141              		.loc 2 548 24 is_stmt 0 view .LVU44
 142 0046 54F82330 		ldr	r3, [r4, r3, lsl #2]
 143              	.LVL13:
 144              		.loc 2 548 24 view .LVU45
 145 004a 1360     		str	r3, [r2]
 549:Middlewares/LVGL/lvgl/src/core/../misc/lv_style.h ****                 return LV_STYLE_RES_FOUND;
 146              		.loc 2 549 17 is_stmt 1 view .LVU46
 147              		.loc 2 549 24 is_stmt 0 view .LVU47
 148 004c 0120     		movs	r0, #1
 149 004e 00E0     		b	.L6
 150              	.LVL14:
 151              	.L11:
 152              		.loc 2 549 24 view .LVU48
 153              	.LBE130:
 154              	.LBE133:
 550:Middlewares/LVGL/lvgl/src/core/../misc/lv_style.h ****             }
 551:Middlewares/LVGL/lvgl/src/core/../misc/lv_style.h ****         }
 552:Middlewares/LVGL/lvgl/src/core/../misc/lv_style.h ****     }
 553:Middlewares/LVGL/lvgl/src/core/../misc/lv_style.h ****     return LV_STYLE_RES_NOT_FOUND;
 155              		.loc 2 553 12 view .LVU49
 156 0050 0020     		movs	r0, #0
 157              	.LVL15:
 158              	.L6:
 554:Middlewares/LVGL/lvgl/src/core/../misc/lv_style.h **** }
 159              		.loc 2 554 1 view .LVU50
ARM GAS  C:\Users\w1785\AppData\Local\Temp\ccv6fGyr.s 			page 14


 160 0052 10BD     		pop	{r4, pc}
 161              		.cfi_endproc
 162              	.LFE12:
 164              		.section	.text.get_prop_core,"ax",%progbits
 165              		.align	1
 166              		.syntax unified
 167              		.thumb
 168              		.thumb_func
 170              	get_prop_core:
 171              	.LVL16:
 172              	.LFB231:
   1:Middlewares/LVGL/lvgl/src/core/lv_obj_style.c **** /**
   2:Middlewares/LVGL/lvgl/src/core/lv_obj_style.c ****  * @file lv_obj_style.c
   3:Middlewares/LVGL/lvgl/src/core/lv_obj_style.c ****  *
   4:Middlewares/LVGL/lvgl/src/core/lv_obj_style.c ****  */
   5:Middlewares/LVGL/lvgl/src/core/lv_obj_style.c **** 
   6:Middlewares/LVGL/lvgl/src/core/lv_obj_style.c **** /*********************
   7:Middlewares/LVGL/lvgl/src/core/lv_obj_style.c ****  *      INCLUDES
   8:Middlewares/LVGL/lvgl/src/core/lv_obj_style.c ****  *********************/
   9:Middlewares/LVGL/lvgl/src/core/lv_obj_style.c **** #include "lv_obj_private.h"
  10:Middlewares/LVGL/lvgl/src/core/lv_obj_style.c **** #include "../misc/lv_anim_private.h"
  11:Middlewares/LVGL/lvgl/src/core/lv_obj_style.c **** #include "lv_obj_style_private.h"
  12:Middlewares/LVGL/lvgl/src/core/lv_obj_style.c **** #include "lv_obj_class_private.h"
  13:Middlewares/LVGL/lvgl/src/core/lv_obj_style.c **** #include "../display/lv_display.h"
  14:Middlewares/LVGL/lvgl/src/core/lv_obj_style.c **** #include "../display/lv_display_private.h"
  15:Middlewares/LVGL/lvgl/src/core/lv_obj_style.c **** #include "../misc/lv_color.h"
  16:Middlewares/LVGL/lvgl/src/core/lv_obj_style.c **** #include "../stdlib/lv_string.h"
  17:Middlewares/LVGL/lvgl/src/core/lv_obj_style.c **** #include "../core/lv_global.h"
  18:Middlewares/LVGL/lvgl/src/core/lv_obj_style.c **** #include "lv_observer_private.h"
  19:Middlewares/LVGL/lvgl/src/core/lv_obj_style.c **** 
  20:Middlewares/LVGL/lvgl/src/core/lv_obj_style.c **** /*********************
  21:Middlewares/LVGL/lvgl/src/core/lv_obj_style.c ****  *      DEFINES
  22:Middlewares/LVGL/lvgl/src/core/lv_obj_style.c ****  *********************/
  23:Middlewares/LVGL/lvgl/src/core/lv_obj_style.c **** #define MY_CLASS (&lv_obj_class)
  24:Middlewares/LVGL/lvgl/src/core/lv_obj_style.c **** #define style_refr LV_GLOBAL_DEFAULT()->style_refresh
  25:Middlewares/LVGL/lvgl/src/core/lv_obj_style.c **** #define style_trans_ll_p &(LV_GLOBAL_DEFAULT()->style_trans_ll)
  26:Middlewares/LVGL/lvgl/src/core/lv_obj_style.c **** #define _style_custom_prop_flag_lookup_table LV_GLOBAL_DEFAULT()->style_custom_prop_flag_lookup_tab
  27:Middlewares/LVGL/lvgl/src/core/lv_obj_style.c **** #define STYLE_PROP_SHIFTED(prop) ((uint32_t)1 << ((prop) >> 3))
  28:Middlewares/LVGL/lvgl/src/core/lv_obj_style.c **** 
  29:Middlewares/LVGL/lvgl/src/core/lv_obj_style.c **** /**********************
  30:Middlewares/LVGL/lvgl/src/core/lv_obj_style.c ****  *      TYPEDEFS
  31:Middlewares/LVGL/lvgl/src/core/lv_obj_style.c ****  **********************/
  32:Middlewares/LVGL/lvgl/src/core/lv_obj_style.c **** 
  33:Middlewares/LVGL/lvgl/src/core/lv_obj_style.c **** typedef struct {
  34:Middlewares/LVGL/lvgl/src/core/lv_obj_style.c ****     lv_obj_t * obj;
  35:Middlewares/LVGL/lvgl/src/core/lv_obj_style.c ****     lv_style_prop_t prop;
  36:Middlewares/LVGL/lvgl/src/core/lv_obj_style.c ****     lv_style_selector_t selector;
  37:Middlewares/LVGL/lvgl/src/core/lv_obj_style.c ****     lv_style_value_t start_value;
  38:Middlewares/LVGL/lvgl/src/core/lv_obj_style.c ****     lv_style_value_t end_value;
  39:Middlewares/LVGL/lvgl/src/core/lv_obj_style.c **** } trans_t;
  40:Middlewares/LVGL/lvgl/src/core/lv_obj_style.c **** 
  41:Middlewares/LVGL/lvgl/src/core/lv_obj_style.c **** typedef struct {
  42:Middlewares/LVGL/lvgl/src/core/lv_obj_style.c ****     const lv_style_t * style;
  43:Middlewares/LVGL/lvgl/src/core/lv_obj_style.c ****     lv_style_selector_t selector;
  44:Middlewares/LVGL/lvgl/src/core/lv_obj_style.c ****     int32_t value;
  45:Middlewares/LVGL/lvgl/src/core/lv_obj_style.c **** } bind_style_t;
  46:Middlewares/LVGL/lvgl/src/core/lv_obj_style.c **** 
ARM GAS  C:\Users\w1785\AppData\Local\Temp\ccv6fGyr.s 			page 15


  47:Middlewares/LVGL/lvgl/src/core/lv_obj_style.c **** typedef struct {
  48:Middlewares/LVGL/lvgl/src/core/lv_obj_style.c ****     lv_style_prop_t prop;
  49:Middlewares/LVGL/lvgl/src/core/lv_obj_style.c ****     lv_style_selector_t selector;
  50:Middlewares/LVGL/lvgl/src/core/lv_obj_style.c **** } bind_style_prop_t;
  51:Middlewares/LVGL/lvgl/src/core/lv_obj_style.c **** 
  52:Middlewares/LVGL/lvgl/src/core/lv_obj_style.c **** /**********************
  53:Middlewares/LVGL/lvgl/src/core/lv_obj_style.c ****  *  GLOBAL PROTOTYPES
  54:Middlewares/LVGL/lvgl/src/core/lv_obj_style.c ****  **********************/
  55:Middlewares/LVGL/lvgl/src/core/lv_obj_style.c **** 
  56:Middlewares/LVGL/lvgl/src/core/lv_obj_style.c **** /**********************
  57:Middlewares/LVGL/lvgl/src/core/lv_obj_style.c ****  *  STATIC PROTOTYPES
  58:Middlewares/LVGL/lvgl/src/core/lv_obj_style.c ****  **********************/
  59:Middlewares/LVGL/lvgl/src/core/lv_obj_style.c **** static lv_style_t * get_local_style(lv_obj_t * obj, lv_style_selector_t selector);
  60:Middlewares/LVGL/lvgl/src/core/lv_obj_style.c **** static lv_obj_style_t * get_trans_style(lv_obj_t * obj, lv_style_selector_t selector);
  61:Middlewares/LVGL/lvgl/src/core/lv_obj_style.c **** static lv_style_res_t get_prop_core(const lv_obj_t * obj, lv_style_selector_t selector, lv_style_pr
  62:Middlewares/LVGL/lvgl/src/core/lv_obj_style.c ****                                     lv_style_value_t * v);
  63:Middlewares/LVGL/lvgl/src/core/lv_obj_style.c **** static void report_style_change_core(void * style, lv_obj_t * obj);
  64:Middlewares/LVGL/lvgl/src/core/lv_obj_style.c **** static void refresh_children_style(lv_obj_t * obj);
  65:Middlewares/LVGL/lvgl/src/core/lv_obj_style.c **** static bool trans_delete(lv_obj_t * obj, lv_part_t part, lv_style_prop_t prop, trans_t * tr_limit);
  66:Middlewares/LVGL/lvgl/src/core/lv_obj_style.c **** static void trans_anim_cb(void * _tr, int32_t v);
  67:Middlewares/LVGL/lvgl/src/core/lv_obj_style.c **** static void trans_anim_start_cb(lv_anim_t * a);
  68:Middlewares/LVGL/lvgl/src/core/lv_obj_style.c **** static void trans_anim_completed_cb(lv_anim_t * a);
  69:Middlewares/LVGL/lvgl/src/core/lv_obj_style.c **** static lv_layer_type_t calculate_layer_type(lv_obj_t * obj);
  70:Middlewares/LVGL/lvgl/src/core/lv_obj_style.c **** static void full_cache_refresh(lv_obj_t * obj, lv_part_t part);
  71:Middlewares/LVGL/lvgl/src/core/lv_obj_style.c **** static void fade_anim_cb(void * obj, int32_t v);
  72:Middlewares/LVGL/lvgl/src/core/lv_obj_style.c **** static void fade_in_anim_completed(lv_anim_t * a);
  73:Middlewares/LVGL/lvgl/src/core/lv_obj_style.c **** static bool style_has_flag(const lv_style_t * style, uint32_t flag);
  74:Middlewares/LVGL/lvgl/src/core/lv_obj_style.c **** static lv_style_res_t get_selector_style_prop(const lv_obj_t * obj, lv_style_selector_t selector, l
  75:Middlewares/LVGL/lvgl/src/core/lv_obj_style.c ****                                               lv_style_value_t * value_act);
  76:Middlewares/LVGL/lvgl/src/core/lv_obj_style.c **** static void remove_style_core(lv_obj_t * obj, const lv_style_t * style, lv_style_selector_t selecto
  77:Middlewares/LVGL/lvgl/src/core/lv_obj_style.c **** #if LV_USE_OBSERVER
  78:Middlewares/LVGL/lvgl/src/core/lv_obj_style.c ****     static void bind_style_observer_cb(lv_observer_t * observer, lv_subject_t * subject);
  79:Middlewares/LVGL/lvgl/src/core/lv_obj_style.c ****     static void bind_style_prop_observer_cb(lv_observer_t * observer, lv_subject_t * subject);
  80:Middlewares/LVGL/lvgl/src/core/lv_obj_style.c **** #endif
  81:Middlewares/LVGL/lvgl/src/core/lv_obj_style.c **** 
  82:Middlewares/LVGL/lvgl/src/core/lv_obj_style.c **** /**********************
  83:Middlewares/LVGL/lvgl/src/core/lv_obj_style.c ****  *  STATIC VARIABLES
  84:Middlewares/LVGL/lvgl/src/core/lv_obj_style.c ****  **********************/
  85:Middlewares/LVGL/lvgl/src/core/lv_obj_style.c **** 
  86:Middlewares/LVGL/lvgl/src/core/lv_obj_style.c **** /**********************
  87:Middlewares/LVGL/lvgl/src/core/lv_obj_style.c ****  *      MACROS
  88:Middlewares/LVGL/lvgl/src/core/lv_obj_style.c ****  **********************/
  89:Middlewares/LVGL/lvgl/src/core/lv_obj_style.c **** 
  90:Middlewares/LVGL/lvgl/src/core/lv_obj_style.c **** /**********************
  91:Middlewares/LVGL/lvgl/src/core/lv_obj_style.c ****  *   GLOBAL FUNCTIONS
  92:Middlewares/LVGL/lvgl/src/core/lv_obj_style.c ****  **********************/
  93:Middlewares/LVGL/lvgl/src/core/lv_obj_style.c **** 
  94:Middlewares/LVGL/lvgl/src/core/lv_obj_style.c **** void lv_obj_style_init(void)
  95:Middlewares/LVGL/lvgl/src/core/lv_obj_style.c **** {
  96:Middlewares/LVGL/lvgl/src/core/lv_obj_style.c ****     lv_ll_init(style_trans_ll_p, sizeof(trans_t));
  97:Middlewares/LVGL/lvgl/src/core/lv_obj_style.c **** }
  98:Middlewares/LVGL/lvgl/src/core/lv_obj_style.c **** 
  99:Middlewares/LVGL/lvgl/src/core/lv_obj_style.c **** void lv_obj_style_deinit(void)
 100:Middlewares/LVGL/lvgl/src/core/lv_obj_style.c **** {
 101:Middlewares/LVGL/lvgl/src/core/lv_obj_style.c ****     lv_ll_clear(style_trans_ll_p);
 102:Middlewares/LVGL/lvgl/src/core/lv_obj_style.c ****     if(_style_custom_prop_flag_lookup_table != NULL) {
 103:Middlewares/LVGL/lvgl/src/core/lv_obj_style.c ****         lv_free(_style_custom_prop_flag_lookup_table);
ARM GAS  C:\Users\w1785\AppData\Local\Temp\ccv6fGyr.s 			page 16


 104:Middlewares/LVGL/lvgl/src/core/lv_obj_style.c ****         _style_custom_prop_flag_lookup_table = NULL;
 105:Middlewares/LVGL/lvgl/src/core/lv_obj_style.c ****     }
 106:Middlewares/LVGL/lvgl/src/core/lv_obj_style.c **** }
 107:Middlewares/LVGL/lvgl/src/core/lv_obj_style.c **** 
 108:Middlewares/LVGL/lvgl/src/core/lv_obj_style.c **** void lv_obj_add_style(lv_obj_t * obj, const lv_style_t * style, lv_style_selector_t selector)
 109:Middlewares/LVGL/lvgl/src/core/lv_obj_style.c **** {
 110:Middlewares/LVGL/lvgl/src/core/lv_obj_style.c ****     LV_ASSERT(obj->style_cnt < 63);
 111:Middlewares/LVGL/lvgl/src/core/lv_obj_style.c **** 
 112:Middlewares/LVGL/lvgl/src/core/lv_obj_style.c ****     trans_delete(obj, selector, LV_STYLE_PROP_ANY, NULL);
 113:Middlewares/LVGL/lvgl/src/core/lv_obj_style.c **** 
 114:Middlewares/LVGL/lvgl/src/core/lv_obj_style.c ****     lv_part_t part = lv_obj_style_get_selector_part(selector);
 115:Middlewares/LVGL/lvgl/src/core/lv_obj_style.c **** 
 116:Middlewares/LVGL/lvgl/src/core/lv_obj_style.c ****     if(style && part == LV_PART_MAIN && style_has_flag(style, LV_STYLE_PROP_FLAG_TRANSFORM)) {
 117:Middlewares/LVGL/lvgl/src/core/lv_obj_style.c ****         lv_obj_invalidate(obj);
 118:Middlewares/LVGL/lvgl/src/core/lv_obj_style.c ****     }
 119:Middlewares/LVGL/lvgl/src/core/lv_obj_style.c **** 
 120:Middlewares/LVGL/lvgl/src/core/lv_obj_style.c ****     /*Try removing the style first to be sure it won't be added twice*/
 121:Middlewares/LVGL/lvgl/src/core/lv_obj_style.c ****     lv_obj_remove_style(obj, style, selector);
 122:Middlewares/LVGL/lvgl/src/core/lv_obj_style.c **** 
 123:Middlewares/LVGL/lvgl/src/core/lv_obj_style.c ****     uint32_t i;
 124:Middlewares/LVGL/lvgl/src/core/lv_obj_style.c ****     /*Go after the transition and local styles*/
 125:Middlewares/LVGL/lvgl/src/core/lv_obj_style.c ****     for(i = 0; i < obj->style_cnt; i++) {
 126:Middlewares/LVGL/lvgl/src/core/lv_obj_style.c ****         if(obj->styles[i].is_trans) continue;
 127:Middlewares/LVGL/lvgl/src/core/lv_obj_style.c ****         if(obj->styles[i].is_local) continue;
 128:Middlewares/LVGL/lvgl/src/core/lv_obj_style.c ****         break;
 129:Middlewares/LVGL/lvgl/src/core/lv_obj_style.c ****     }
 130:Middlewares/LVGL/lvgl/src/core/lv_obj_style.c **** 
 131:Middlewares/LVGL/lvgl/src/core/lv_obj_style.c ****     /*Now `i` is at the first normal style. Insert the new style before this*/
 132:Middlewares/LVGL/lvgl/src/core/lv_obj_style.c **** 
 133:Middlewares/LVGL/lvgl/src/core/lv_obj_style.c ****     /*Allocate space for the new style and shift the rest of the style to the end*/
 134:Middlewares/LVGL/lvgl/src/core/lv_obj_style.c ****     obj->style_cnt++;
 135:Middlewares/LVGL/lvgl/src/core/lv_obj_style.c ****     LV_ASSERT(obj->style_cnt != 0);
 136:Middlewares/LVGL/lvgl/src/core/lv_obj_style.c ****     obj->styles = lv_realloc(obj->styles, obj->style_cnt * sizeof(lv_obj_style_t));
 137:Middlewares/LVGL/lvgl/src/core/lv_obj_style.c ****     LV_ASSERT_MALLOC(obj->styles);
 138:Middlewares/LVGL/lvgl/src/core/lv_obj_style.c **** 
 139:Middlewares/LVGL/lvgl/src/core/lv_obj_style.c ****     uint32_t j;
 140:Middlewares/LVGL/lvgl/src/core/lv_obj_style.c ****     for(j = obj->style_cnt - 1; j > i ; j--) {
 141:Middlewares/LVGL/lvgl/src/core/lv_obj_style.c ****         obj->styles[j] = obj->styles[j - 1];
 142:Middlewares/LVGL/lvgl/src/core/lv_obj_style.c ****     }
 143:Middlewares/LVGL/lvgl/src/core/lv_obj_style.c **** 
 144:Middlewares/LVGL/lvgl/src/core/lv_obj_style.c ****     lv_memzero(&obj->styles[i], sizeof(lv_obj_style_t));
 145:Middlewares/LVGL/lvgl/src/core/lv_obj_style.c ****     obj->styles[i].style = style;
 146:Middlewares/LVGL/lvgl/src/core/lv_obj_style.c ****     obj->styles[i].selector = selector;
 147:Middlewares/LVGL/lvgl/src/core/lv_obj_style.c **** 
 148:Middlewares/LVGL/lvgl/src/core/lv_obj_style.c **** #if LV_OBJ_STYLE_CACHE
 149:Middlewares/LVGL/lvgl/src/core/lv_obj_style.c ****     uint32_t * prop_is_set = part == LV_PART_MAIN ? &obj->style_main_prop_is_set : &obj->style_othe
 150:Middlewares/LVGL/lvgl/src/core/lv_obj_style.c ****     if(lv_style_is_const(style)) {
 151:Middlewares/LVGL/lvgl/src/core/lv_obj_style.c ****         lv_style_const_prop_t * props = style->values_and_props;
 152:Middlewares/LVGL/lvgl/src/core/lv_obj_style.c ****         for(i = 0; props[i].prop != LV_STYLE_PROP_INV; i++) {
 153:Middlewares/LVGL/lvgl/src/core/lv_obj_style.c ****             (*prop_is_set) |= STYLE_PROP_SHIFTED(props[i].prop);
 154:Middlewares/LVGL/lvgl/src/core/lv_obj_style.c ****         }
 155:Middlewares/LVGL/lvgl/src/core/lv_obj_style.c ****     }
 156:Middlewares/LVGL/lvgl/src/core/lv_obj_style.c ****     else {
 157:Middlewares/LVGL/lvgl/src/core/lv_obj_style.c ****         lv_style_prop_t * props = (lv_style_prop_t *)style->values_and_props + style->prop_cnt * si
 158:Middlewares/LVGL/lvgl/src/core/lv_obj_style.c ****         for(i = 0; i < style->prop_cnt; i++) {
 159:Middlewares/LVGL/lvgl/src/core/lv_obj_style.c ****             (*prop_is_set) |= STYLE_PROP_SHIFTED(props[i]);
 160:Middlewares/LVGL/lvgl/src/core/lv_obj_style.c ****         }
ARM GAS  C:\Users\w1785\AppData\Local\Temp\ccv6fGyr.s 			page 17


 161:Middlewares/LVGL/lvgl/src/core/lv_obj_style.c ****     }
 162:Middlewares/LVGL/lvgl/src/core/lv_obj_style.c **** #endif
 163:Middlewares/LVGL/lvgl/src/core/lv_obj_style.c **** 
 164:Middlewares/LVGL/lvgl/src/core/lv_obj_style.c ****     lv_obj_refresh_style(obj, selector, LV_STYLE_PROP_ANY);
 165:Middlewares/LVGL/lvgl/src/core/lv_obj_style.c **** }
 166:Middlewares/LVGL/lvgl/src/core/lv_obj_style.c **** 
 167:Middlewares/LVGL/lvgl/src/core/lv_obj_style.c **** bool lv_obj_replace_style(lv_obj_t * obj, const lv_style_t * old_style, const lv_style_t * new_styl
 168:Middlewares/LVGL/lvgl/src/core/lv_obj_style.c ****                           lv_style_selector_t selector)
 169:Middlewares/LVGL/lvgl/src/core/lv_obj_style.c **** {
 170:Middlewares/LVGL/lvgl/src/core/lv_obj_style.c ****     lv_state_t state = lv_obj_style_get_selector_state(selector);
 171:Middlewares/LVGL/lvgl/src/core/lv_obj_style.c ****     lv_part_t part = lv_obj_style_get_selector_part(selector);
 172:Middlewares/LVGL/lvgl/src/core/lv_obj_style.c **** 
 173:Middlewares/LVGL/lvgl/src/core/lv_obj_style.c ****     /*All objects must exist*/
 174:Middlewares/LVGL/lvgl/src/core/lv_obj_style.c ****     if(!obj || !old_style || !new_style || (old_style == new_style)) {
 175:Middlewares/LVGL/lvgl/src/core/lv_obj_style.c ****         return false;
 176:Middlewares/LVGL/lvgl/src/core/lv_obj_style.c ****     }
 177:Middlewares/LVGL/lvgl/src/core/lv_obj_style.c **** 
 178:Middlewares/LVGL/lvgl/src/core/lv_obj_style.c ****     /*Similar to lv_obj_add_style, delete transition*/
 179:Middlewares/LVGL/lvgl/src/core/lv_obj_style.c ****     trans_delete(obj, selector, LV_STYLE_PROP_ANY, NULL);
 180:Middlewares/LVGL/lvgl/src/core/lv_obj_style.c **** 
 181:Middlewares/LVGL/lvgl/src/core/lv_obj_style.c ****     bool replaced = false;
 182:Middlewares/LVGL/lvgl/src/core/lv_obj_style.c ****     uint32_t i;
 183:Middlewares/LVGL/lvgl/src/core/lv_obj_style.c ****     for(i = 0; i < obj->style_cnt; i++) {
 184:Middlewares/LVGL/lvgl/src/core/lv_obj_style.c ****         lv_state_t state_act = lv_obj_style_get_selector_state(obj->styles[i].selector);
 185:Middlewares/LVGL/lvgl/src/core/lv_obj_style.c ****         lv_part_t part_act = lv_obj_style_get_selector_part(obj->styles[i].selector);
 186:Middlewares/LVGL/lvgl/src/core/lv_obj_style.c **** 
 187:Middlewares/LVGL/lvgl/src/core/lv_obj_style.c ****         /*Skip local styles and transitions*/
 188:Middlewares/LVGL/lvgl/src/core/lv_obj_style.c ****         if(obj->styles[i].is_local || obj->styles[i].is_trans) {
 189:Middlewares/LVGL/lvgl/src/core/lv_obj_style.c ****             continue;
 190:Middlewares/LVGL/lvgl/src/core/lv_obj_style.c ****         }
 191:Middlewares/LVGL/lvgl/src/core/lv_obj_style.c **** 
 192:Middlewares/LVGL/lvgl/src/core/lv_obj_style.c ****         /*Skip non-matching styles*/
 193:Middlewares/LVGL/lvgl/src/core/lv_obj_style.c ****         if((state != LV_STATE_ANY && state_act != state) ||
 194:Middlewares/LVGL/lvgl/src/core/lv_obj_style.c ****            (part != LV_PART_ANY && part_act != part) ||
 195:Middlewares/LVGL/lvgl/src/core/lv_obj_style.c ****            (old_style != obj->styles[i].style)) {
 196:Middlewares/LVGL/lvgl/src/core/lv_obj_style.c ****             continue;
 197:Middlewares/LVGL/lvgl/src/core/lv_obj_style.c ****         }
 198:Middlewares/LVGL/lvgl/src/core/lv_obj_style.c **** 
 199:Middlewares/LVGL/lvgl/src/core/lv_obj_style.c ****         lv_memzero(&obj->styles[i], sizeof(lv_obj_style_t));
 200:Middlewares/LVGL/lvgl/src/core/lv_obj_style.c ****         obj->styles[i].style = new_style;
 201:Middlewares/LVGL/lvgl/src/core/lv_obj_style.c ****         obj->styles[i].selector = selector;
 202:Middlewares/LVGL/lvgl/src/core/lv_obj_style.c **** 
 203:Middlewares/LVGL/lvgl/src/core/lv_obj_style.c ****         replaced = true;
 204:Middlewares/LVGL/lvgl/src/core/lv_obj_style.c ****         /*Don't break and continue replacing other occurrences*/
 205:Middlewares/LVGL/lvgl/src/core/lv_obj_style.c ****     }
 206:Middlewares/LVGL/lvgl/src/core/lv_obj_style.c ****     if(replaced) {
 207:Middlewares/LVGL/lvgl/src/core/lv_obj_style.c ****         full_cache_refresh(obj, part);
 208:Middlewares/LVGL/lvgl/src/core/lv_obj_style.c ****         lv_obj_refresh_style(obj, part, LV_STYLE_PROP_ANY);
 209:Middlewares/LVGL/lvgl/src/core/lv_obj_style.c ****     }
 210:Middlewares/LVGL/lvgl/src/core/lv_obj_style.c ****     return replaced;
 211:Middlewares/LVGL/lvgl/src/core/lv_obj_style.c **** }
 212:Middlewares/LVGL/lvgl/src/core/lv_obj_style.c **** 
 213:Middlewares/LVGL/lvgl/src/core/lv_obj_style.c **** void lv_obj_remove_style(lv_obj_t * obj, const lv_style_t * style, lv_style_selector_t selector)
 214:Middlewares/LVGL/lvgl/src/core/lv_obj_style.c **** {
 215:Middlewares/LVGL/lvgl/src/core/lv_obj_style.c ****     remove_style_core(obj, style, selector, false);
 216:Middlewares/LVGL/lvgl/src/core/lv_obj_style.c **** }
 217:Middlewares/LVGL/lvgl/src/core/lv_obj_style.c **** 
ARM GAS  C:\Users\w1785\AppData\Local\Temp\ccv6fGyr.s 			page 18


 218:Middlewares/LVGL/lvgl/src/core/lv_obj_style.c **** void lv_obj_remove_theme(lv_obj_t * obj, lv_style_selector_t selector)
 219:Middlewares/LVGL/lvgl/src/core/lv_obj_style.c **** {
 220:Middlewares/LVGL/lvgl/src/core/lv_obj_style.c ****     remove_style_core(obj, NULL, selector, true);
 221:Middlewares/LVGL/lvgl/src/core/lv_obj_style.c **** }
 222:Middlewares/LVGL/lvgl/src/core/lv_obj_style.c **** 
 223:Middlewares/LVGL/lvgl/src/core/lv_obj_style.c **** void lv_obj_remove_style_all(lv_obj_t * obj)
 224:Middlewares/LVGL/lvgl/src/core/lv_obj_style.c **** {
 225:Middlewares/LVGL/lvgl/src/core/lv_obj_style.c ****     lv_obj_remove_style(obj, NULL, LV_PART_ANY | LV_STATE_ANY);
 226:Middlewares/LVGL/lvgl/src/core/lv_obj_style.c **** }
 227:Middlewares/LVGL/lvgl/src/core/lv_obj_style.c **** 
 228:Middlewares/LVGL/lvgl/src/core/lv_obj_style.c **** void lv_obj_report_style_change(lv_style_t * style)
 229:Middlewares/LVGL/lvgl/src/core/lv_obj_style.c **** {
 230:Middlewares/LVGL/lvgl/src/core/lv_obj_style.c ****     if(!style_refr) return;
 231:Middlewares/LVGL/lvgl/src/core/lv_obj_style.c ****     lv_display_t * d = lv_display_get_next(NULL);
 232:Middlewares/LVGL/lvgl/src/core/lv_obj_style.c **** 
 233:Middlewares/LVGL/lvgl/src/core/lv_obj_style.c ****     while(d) {
 234:Middlewares/LVGL/lvgl/src/core/lv_obj_style.c ****         uint32_t i;
 235:Middlewares/LVGL/lvgl/src/core/lv_obj_style.c ****         for(i = 0; i < d->screen_cnt; i++) {
 236:Middlewares/LVGL/lvgl/src/core/lv_obj_style.c ****             report_style_change_core(style, d->screens[i]);
 237:Middlewares/LVGL/lvgl/src/core/lv_obj_style.c ****         }
 238:Middlewares/LVGL/lvgl/src/core/lv_obj_style.c ****         d = lv_display_get_next(d);
 239:Middlewares/LVGL/lvgl/src/core/lv_obj_style.c ****     }
 240:Middlewares/LVGL/lvgl/src/core/lv_obj_style.c **** }
 241:Middlewares/LVGL/lvgl/src/core/lv_obj_style.c **** 
 242:Middlewares/LVGL/lvgl/src/core/lv_obj_style.c **** void lv_obj_refresh_style(lv_obj_t * obj, lv_part_t part, lv_style_prop_t prop)
 243:Middlewares/LVGL/lvgl/src/core/lv_obj_style.c **** {
 244:Middlewares/LVGL/lvgl/src/core/lv_obj_style.c ****     LV_ASSERT_OBJ(obj, MY_CLASS);
 245:Middlewares/LVGL/lvgl/src/core/lv_obj_style.c **** 
 246:Middlewares/LVGL/lvgl/src/core/lv_obj_style.c ****     if(!style_refr) return;
 247:Middlewares/LVGL/lvgl/src/core/lv_obj_style.c **** 
 248:Middlewares/LVGL/lvgl/src/core/lv_obj_style.c ****     LV_PROFILER_STYLE_BEGIN;
 249:Middlewares/LVGL/lvgl/src/core/lv_obj_style.c **** 
 250:Middlewares/LVGL/lvgl/src/core/lv_obj_style.c ****     lv_obj_invalidate(obj);
 251:Middlewares/LVGL/lvgl/src/core/lv_obj_style.c **** 
 252:Middlewares/LVGL/lvgl/src/core/lv_obj_style.c ****     bool is_layout_refr = lv_style_prop_has_flag(prop, LV_STYLE_PROP_FLAG_LAYOUT_UPDATE);
 253:Middlewares/LVGL/lvgl/src/core/lv_obj_style.c ****     bool is_ext_draw = lv_style_prop_has_flag(prop, LV_STYLE_PROP_FLAG_EXT_DRAW_UPDATE);
 254:Middlewares/LVGL/lvgl/src/core/lv_obj_style.c ****     bool is_inheritable = lv_style_prop_has_flag(prop, LV_STYLE_PROP_FLAG_INHERITABLE);
 255:Middlewares/LVGL/lvgl/src/core/lv_obj_style.c ****     bool is_layer_refr = lv_style_prop_has_flag(prop, LV_STYLE_PROP_FLAG_LAYER_UPDATE);
 256:Middlewares/LVGL/lvgl/src/core/lv_obj_style.c **** 
 257:Middlewares/LVGL/lvgl/src/core/lv_obj_style.c ****     if(is_layout_refr) {
 258:Middlewares/LVGL/lvgl/src/core/lv_obj_style.c ****         if(part == LV_PART_ANY ||
 259:Middlewares/LVGL/lvgl/src/core/lv_obj_style.c ****            part == LV_PART_MAIN ||
 260:Middlewares/LVGL/lvgl/src/core/lv_obj_style.c ****            lv_obj_get_style_height(obj, LV_PART_MAIN) == LV_SIZE_CONTENT ||
 261:Middlewares/LVGL/lvgl/src/core/lv_obj_style.c ****            lv_obj_get_style_width(obj, LV_PART_MAIN) == LV_SIZE_CONTENT) {
 262:Middlewares/LVGL/lvgl/src/core/lv_obj_style.c ****             lv_obj_send_event(obj, LV_EVENT_STYLE_CHANGED, NULL);
 263:Middlewares/LVGL/lvgl/src/core/lv_obj_style.c ****             lv_obj_mark_layout_as_dirty(obj);
 264:Middlewares/LVGL/lvgl/src/core/lv_obj_style.c ****         }
 265:Middlewares/LVGL/lvgl/src/core/lv_obj_style.c ****     }
 266:Middlewares/LVGL/lvgl/src/core/lv_obj_style.c ****     if((part == LV_PART_ANY || part == LV_PART_MAIN) && (prop == LV_STYLE_PROP_ANY || is_layout_ref
 267:Middlewares/LVGL/lvgl/src/core/lv_obj_style.c ****         lv_obj_t * parent = lv_obj_get_parent(obj);
 268:Middlewares/LVGL/lvgl/src/core/lv_obj_style.c ****         if(parent) lv_obj_mark_layout_as_dirty(parent);
 269:Middlewares/LVGL/lvgl/src/core/lv_obj_style.c ****     }
 270:Middlewares/LVGL/lvgl/src/core/lv_obj_style.c **** 
 271:Middlewares/LVGL/lvgl/src/core/lv_obj_style.c ****     /*Cache the layer type*/
 272:Middlewares/LVGL/lvgl/src/core/lv_obj_style.c ****     if((part == LV_PART_ANY || part == LV_PART_MAIN) && is_layer_refr) {
 273:Middlewares/LVGL/lvgl/src/core/lv_obj_style.c ****         lv_obj_update_layer_type(obj);
 274:Middlewares/LVGL/lvgl/src/core/lv_obj_style.c ****     }
ARM GAS  C:\Users\w1785\AppData\Local\Temp\ccv6fGyr.s 			page 19


 275:Middlewares/LVGL/lvgl/src/core/lv_obj_style.c **** 
 276:Middlewares/LVGL/lvgl/src/core/lv_obj_style.c ****     if(prop == LV_STYLE_PROP_ANY || is_ext_draw) {
 277:Middlewares/LVGL/lvgl/src/core/lv_obj_style.c ****         lv_obj_refresh_ext_draw_size(obj);
 278:Middlewares/LVGL/lvgl/src/core/lv_obj_style.c ****     }
 279:Middlewares/LVGL/lvgl/src/core/lv_obj_style.c ****     lv_obj_invalidate(obj);
 280:Middlewares/LVGL/lvgl/src/core/lv_obj_style.c **** 
 281:Middlewares/LVGL/lvgl/src/core/lv_obj_style.c ****     if(prop == LV_STYLE_PROP_ANY || (is_inheritable && (is_ext_draw || is_layout_refr))) {
 282:Middlewares/LVGL/lvgl/src/core/lv_obj_style.c ****         if(part != LV_PART_SCROLLBAR) {
 283:Middlewares/LVGL/lvgl/src/core/lv_obj_style.c ****             refresh_children_style(obj);
 284:Middlewares/LVGL/lvgl/src/core/lv_obj_style.c ****         }
 285:Middlewares/LVGL/lvgl/src/core/lv_obj_style.c ****     }
 286:Middlewares/LVGL/lvgl/src/core/lv_obj_style.c **** 
 287:Middlewares/LVGL/lvgl/src/core/lv_obj_style.c ****     LV_PROFILER_STYLE_END;
 288:Middlewares/LVGL/lvgl/src/core/lv_obj_style.c **** }
 289:Middlewares/LVGL/lvgl/src/core/lv_obj_style.c **** 
 290:Middlewares/LVGL/lvgl/src/core/lv_obj_style.c **** void lv_obj_style_set_disabled(lv_obj_t * obj, const lv_style_t * style, lv_style_selector_t select
 291:Middlewares/LVGL/lvgl/src/core/lv_obj_style.c **** {
 292:Middlewares/LVGL/lvgl/src/core/lv_obj_style.c ****     uint32_t i;
 293:Middlewares/LVGL/lvgl/src/core/lv_obj_style.c ****     for(i = 0; i < obj->style_cnt; i++) {
 294:Middlewares/LVGL/lvgl/src/core/lv_obj_style.c ****         if(obj->styles[i].style == style && obj->styles[i].selector == selector) {
 295:Middlewares/LVGL/lvgl/src/core/lv_obj_style.c ****             if(dis == obj->styles[i].is_disabled) {
 296:Middlewares/LVGL/lvgl/src/core/lv_obj_style.c ****                 return; /*Already in the right state*/
 297:Middlewares/LVGL/lvgl/src/core/lv_obj_style.c ****             }
 298:Middlewares/LVGL/lvgl/src/core/lv_obj_style.c ****             obj->styles[i].is_disabled = dis;
 299:Middlewares/LVGL/lvgl/src/core/lv_obj_style.c ****             full_cache_refresh(obj, lv_obj_style_get_selector_part(selector));
 300:Middlewares/LVGL/lvgl/src/core/lv_obj_style.c ****             lv_obj_refresh_style(obj, selector, LV_STYLE_PROP_ANY);
 301:Middlewares/LVGL/lvgl/src/core/lv_obj_style.c ****             return;
 302:Middlewares/LVGL/lvgl/src/core/lv_obj_style.c ****         }
 303:Middlewares/LVGL/lvgl/src/core/lv_obj_style.c ****     }
 304:Middlewares/LVGL/lvgl/src/core/lv_obj_style.c ****     LV_LOG_WARN("%p style was not found on %p widget with %6" LV_PRIx32 " selector", (void *)style,
 305:Middlewares/LVGL/lvgl/src/core/lv_obj_style.c **** }
 306:Middlewares/LVGL/lvgl/src/core/lv_obj_style.c **** 
 307:Middlewares/LVGL/lvgl/src/core/lv_obj_style.c **** bool lv_obj_style_get_disabled(lv_obj_t * obj, const lv_style_t * style, lv_style_selector_t select
 308:Middlewares/LVGL/lvgl/src/core/lv_obj_style.c **** {
 309:Middlewares/LVGL/lvgl/src/core/lv_obj_style.c ****     uint32_t i;
 310:Middlewares/LVGL/lvgl/src/core/lv_obj_style.c ****     for(i = 0; i < obj->style_cnt; i++) {
 311:Middlewares/LVGL/lvgl/src/core/lv_obj_style.c ****         if(obj->styles[i].style == style && obj->styles[i].selector == selector) {
 312:Middlewares/LVGL/lvgl/src/core/lv_obj_style.c ****             return obj->styles[i].is_disabled;
 313:Middlewares/LVGL/lvgl/src/core/lv_obj_style.c ****         }
 314:Middlewares/LVGL/lvgl/src/core/lv_obj_style.c ****     }
 315:Middlewares/LVGL/lvgl/src/core/lv_obj_style.c **** 
 316:Middlewares/LVGL/lvgl/src/core/lv_obj_style.c ****     LV_LOG_WARN("%p style was not found on %p widget with %6" LV_PRIx32 " selector", (void *)style,
 317:Middlewares/LVGL/lvgl/src/core/lv_obj_style.c ****     return false;
 318:Middlewares/LVGL/lvgl/src/core/lv_obj_style.c **** }
 319:Middlewares/LVGL/lvgl/src/core/lv_obj_style.c **** 
 320:Middlewares/LVGL/lvgl/src/core/lv_obj_style.c **** 
 321:Middlewares/LVGL/lvgl/src/core/lv_obj_style.c **** void lv_obj_enable_style_refresh(bool en)
 322:Middlewares/LVGL/lvgl/src/core/lv_obj_style.c **** {
 323:Middlewares/LVGL/lvgl/src/core/lv_obj_style.c ****     style_refr = en;
 324:Middlewares/LVGL/lvgl/src/core/lv_obj_style.c **** }
 325:Middlewares/LVGL/lvgl/src/core/lv_obj_style.c **** 
 326:Middlewares/LVGL/lvgl/src/core/lv_obj_style.c **** lv_style_value_t lv_obj_get_style_prop(const lv_obj_t * obj, lv_part_t part, lv_style_prop_t prop)
 327:Middlewares/LVGL/lvgl/src/core/lv_obj_style.c **** {
 328:Middlewares/LVGL/lvgl/src/core/lv_obj_style.c ****     LV_ASSERT_NULL(obj)
 329:Middlewares/LVGL/lvgl/src/core/lv_obj_style.c **** 
 330:Middlewares/LVGL/lvgl/src/core/lv_obj_style.c ****     lv_style_selector_t selector = part | obj->state;
 331:Middlewares/LVGL/lvgl/src/core/lv_obj_style.c ****     lv_style_value_t value_act = { .ptr = NULL };
ARM GAS  C:\Users\w1785\AppData\Local\Temp\ccv6fGyr.s 			page 20


 332:Middlewares/LVGL/lvgl/src/core/lv_obj_style.c ****     lv_style_res_t found;
 333:Middlewares/LVGL/lvgl/src/core/lv_obj_style.c **** 
 334:Middlewares/LVGL/lvgl/src/core/lv_obj_style.c ****     found = get_selector_style_prop(obj, selector, prop, &value_act);
 335:Middlewares/LVGL/lvgl/src/core/lv_obj_style.c ****     if(found == LV_STYLE_RES_FOUND) return value_act;
 336:Middlewares/LVGL/lvgl/src/core/lv_obj_style.c **** 
 337:Middlewares/LVGL/lvgl/src/core/lv_obj_style.c ****     return lv_style_prop_get_default(prop);
 338:Middlewares/LVGL/lvgl/src/core/lv_obj_style.c **** }
 339:Middlewares/LVGL/lvgl/src/core/lv_obj_style.c **** 
 340:Middlewares/LVGL/lvgl/src/core/lv_obj_style.c **** bool lv_obj_has_style_prop(const lv_obj_t * obj, lv_style_selector_t selector, lv_style_prop_t prop
 341:Middlewares/LVGL/lvgl/src/core/lv_obj_style.c **** {
 342:Middlewares/LVGL/lvgl/src/core/lv_obj_style.c ****     LV_ASSERT_NULL(obj)
 343:Middlewares/LVGL/lvgl/src/core/lv_obj_style.c **** 
 344:Middlewares/LVGL/lvgl/src/core/lv_obj_style.c ****     lv_style_value_t value_act = { .ptr = NULL };
 345:Middlewares/LVGL/lvgl/src/core/lv_obj_style.c ****     lv_style_res_t found;
 346:Middlewares/LVGL/lvgl/src/core/lv_obj_style.c **** 
 347:Middlewares/LVGL/lvgl/src/core/lv_obj_style.c ****     found = get_selector_style_prop(obj, selector, prop, &value_act);
 348:Middlewares/LVGL/lvgl/src/core/lv_obj_style.c ****     if(found == LV_STYLE_RES_FOUND) return true;
 349:Middlewares/LVGL/lvgl/src/core/lv_obj_style.c **** 
 350:Middlewares/LVGL/lvgl/src/core/lv_obj_style.c ****     return false;
 351:Middlewares/LVGL/lvgl/src/core/lv_obj_style.c **** }
 352:Middlewares/LVGL/lvgl/src/core/lv_obj_style.c **** 
 353:Middlewares/LVGL/lvgl/src/core/lv_obj_style.c **** void lv_obj_set_local_style_prop(lv_obj_t * obj, lv_style_prop_t prop, lv_style_value_t value,
 354:Middlewares/LVGL/lvgl/src/core/lv_obj_style.c ****                                  lv_style_selector_t selector)
 355:Middlewares/LVGL/lvgl/src/core/lv_obj_style.c **** {
 356:Middlewares/LVGL/lvgl/src/core/lv_obj_style.c ****     LV_PROFILER_STYLE_BEGIN;
 357:Middlewares/LVGL/lvgl/src/core/lv_obj_style.c **** 
 358:Middlewares/LVGL/lvgl/src/core/lv_obj_style.c ****     /*Stop running transitions with this property */
 359:Middlewares/LVGL/lvgl/src/core/lv_obj_style.c ****     trans_delete(obj, lv_obj_style_get_selector_part(selector), prop, NULL);
 360:Middlewares/LVGL/lvgl/src/core/lv_obj_style.c **** 
 361:Middlewares/LVGL/lvgl/src/core/lv_obj_style.c ****     lv_style_t * style = get_local_style(obj, selector);
 362:Middlewares/LVGL/lvgl/src/core/lv_obj_style.c ****     if(selector == LV_PART_MAIN && lv_style_prop_has_flag(prop, LV_STYLE_PROP_FLAG_TRANSFORM)) {
 363:Middlewares/LVGL/lvgl/src/core/lv_obj_style.c ****         lv_obj_invalidate(obj);
 364:Middlewares/LVGL/lvgl/src/core/lv_obj_style.c ****     }
 365:Middlewares/LVGL/lvgl/src/core/lv_obj_style.c **** 
 366:Middlewares/LVGL/lvgl/src/core/lv_obj_style.c ****     lv_style_set_prop(style, prop, value);
 367:Middlewares/LVGL/lvgl/src/core/lv_obj_style.c **** 
 368:Middlewares/LVGL/lvgl/src/core/lv_obj_style.c **** #if LV_OBJ_STYLE_CACHE
 369:Middlewares/LVGL/lvgl/src/core/lv_obj_style.c ****     uint32_t prop_shifted = STYLE_PROP_SHIFTED(prop);
 370:Middlewares/LVGL/lvgl/src/core/lv_obj_style.c ****     if(lv_obj_style_get_selector_part(selector) == LV_PART_MAIN) {
 371:Middlewares/LVGL/lvgl/src/core/lv_obj_style.c ****         obj->style_main_prop_is_set |= prop_shifted;
 372:Middlewares/LVGL/lvgl/src/core/lv_obj_style.c ****     }
 373:Middlewares/LVGL/lvgl/src/core/lv_obj_style.c ****     else {
 374:Middlewares/LVGL/lvgl/src/core/lv_obj_style.c ****         obj->style_other_prop_is_set |= prop_shifted;
 375:Middlewares/LVGL/lvgl/src/core/lv_obj_style.c ****     }
 376:Middlewares/LVGL/lvgl/src/core/lv_obj_style.c **** #endif
 377:Middlewares/LVGL/lvgl/src/core/lv_obj_style.c **** 
 378:Middlewares/LVGL/lvgl/src/core/lv_obj_style.c ****     lv_obj_refresh_style(obj, selector, prop);
 379:Middlewares/LVGL/lvgl/src/core/lv_obj_style.c ****     LV_PROFILER_STYLE_END;
 380:Middlewares/LVGL/lvgl/src/core/lv_obj_style.c **** }
 381:Middlewares/LVGL/lvgl/src/core/lv_obj_style.c **** 
 382:Middlewares/LVGL/lvgl/src/core/lv_obj_style.c **** lv_style_res_t lv_obj_get_local_style_prop(lv_obj_t * obj, lv_style_prop_t prop, lv_style_value_t *
 383:Middlewares/LVGL/lvgl/src/core/lv_obj_style.c ****                                            lv_style_selector_t selector)
 384:Middlewares/LVGL/lvgl/src/core/lv_obj_style.c **** {
 385:Middlewares/LVGL/lvgl/src/core/lv_obj_style.c ****     uint32_t i;
 386:Middlewares/LVGL/lvgl/src/core/lv_obj_style.c ****     for(i = 0; i < obj->style_cnt; i++) {
 387:Middlewares/LVGL/lvgl/src/core/lv_obj_style.c ****         if(obj->styles[i].is_local &&
 388:Middlewares/LVGL/lvgl/src/core/lv_obj_style.c ****            obj->styles[i].selector == selector) {
ARM GAS  C:\Users\w1785\AppData\Local\Temp\ccv6fGyr.s 			page 21


 389:Middlewares/LVGL/lvgl/src/core/lv_obj_style.c ****             return lv_style_get_prop(obj->styles[i].style, prop, value);
 390:Middlewares/LVGL/lvgl/src/core/lv_obj_style.c ****         }
 391:Middlewares/LVGL/lvgl/src/core/lv_obj_style.c ****     }
 392:Middlewares/LVGL/lvgl/src/core/lv_obj_style.c **** 
 393:Middlewares/LVGL/lvgl/src/core/lv_obj_style.c ****     return LV_STYLE_RES_NOT_FOUND;
 394:Middlewares/LVGL/lvgl/src/core/lv_obj_style.c **** }
 395:Middlewares/LVGL/lvgl/src/core/lv_obj_style.c **** 
 396:Middlewares/LVGL/lvgl/src/core/lv_obj_style.c **** bool lv_obj_remove_local_style_prop(lv_obj_t * obj, lv_style_prop_t prop, lv_style_selector_t selec
 397:Middlewares/LVGL/lvgl/src/core/lv_obj_style.c **** {
 398:Middlewares/LVGL/lvgl/src/core/lv_obj_style.c ****     LV_ASSERT_OBJ(obj, MY_CLASS);
 399:Middlewares/LVGL/lvgl/src/core/lv_obj_style.c **** 
 400:Middlewares/LVGL/lvgl/src/core/lv_obj_style.c ****     uint32_t i;
 401:Middlewares/LVGL/lvgl/src/core/lv_obj_style.c ****     /*Find the style*/
 402:Middlewares/LVGL/lvgl/src/core/lv_obj_style.c ****     for(i = 0; i < obj->style_cnt; i++) {
 403:Middlewares/LVGL/lvgl/src/core/lv_obj_style.c ****         if(obj->styles[i].is_local &&
 404:Middlewares/LVGL/lvgl/src/core/lv_obj_style.c ****            obj->styles[i].selector == selector) {
 405:Middlewares/LVGL/lvgl/src/core/lv_obj_style.c ****             break;
 406:Middlewares/LVGL/lvgl/src/core/lv_obj_style.c ****         }
 407:Middlewares/LVGL/lvgl/src/core/lv_obj_style.c ****     }
 408:Middlewares/LVGL/lvgl/src/core/lv_obj_style.c **** 
 409:Middlewares/LVGL/lvgl/src/core/lv_obj_style.c ****     /*The style is not found*/
 410:Middlewares/LVGL/lvgl/src/core/lv_obj_style.c ****     if(i == obj->style_cnt) return false;
 411:Middlewares/LVGL/lvgl/src/core/lv_obj_style.c **** 
 412:Middlewares/LVGL/lvgl/src/core/lv_obj_style.c ****     lv_result_t res = lv_style_remove_prop((lv_style_t *)obj->styles[i].style, prop);
 413:Middlewares/LVGL/lvgl/src/core/lv_obj_style.c ****     if(res == LV_RESULT_OK) {
 414:Middlewares/LVGL/lvgl/src/core/lv_obj_style.c ****         full_cache_refresh(obj, lv_obj_style_get_selector_part(selector));
 415:Middlewares/LVGL/lvgl/src/core/lv_obj_style.c ****         lv_obj_refresh_style(obj, selector, prop);
 416:Middlewares/LVGL/lvgl/src/core/lv_obj_style.c ****     }
 417:Middlewares/LVGL/lvgl/src/core/lv_obj_style.c **** 
 418:Middlewares/LVGL/lvgl/src/core/lv_obj_style.c ****     return res;
 419:Middlewares/LVGL/lvgl/src/core/lv_obj_style.c **** }
 420:Middlewares/LVGL/lvgl/src/core/lv_obj_style.c **** 
 421:Middlewares/LVGL/lvgl/src/core/lv_obj_style.c **** void lv_obj_style_create_transition(lv_obj_t * obj, lv_part_t part, lv_state_t prev_state, lv_state
 422:Middlewares/LVGL/lvgl/src/core/lv_obj_style.c ****                                     const lv_obj_style_transition_dsc_t * tr_dsc)
 423:Middlewares/LVGL/lvgl/src/core/lv_obj_style.c **** {
 424:Middlewares/LVGL/lvgl/src/core/lv_obj_style.c ****     trans_t * tr;
 425:Middlewares/LVGL/lvgl/src/core/lv_obj_style.c **** 
 426:Middlewares/LVGL/lvgl/src/core/lv_obj_style.c ****     /*Get the previous and current values*/
 427:Middlewares/LVGL/lvgl/src/core/lv_obj_style.c ****     obj->skip_trans = 1;
 428:Middlewares/LVGL/lvgl/src/core/lv_obj_style.c ****     obj->state = prev_state;
 429:Middlewares/LVGL/lvgl/src/core/lv_obj_style.c ****     lv_style_value_t v1 = lv_obj_get_style_prop(obj, part, tr_dsc->prop);
 430:Middlewares/LVGL/lvgl/src/core/lv_obj_style.c ****     obj->state = new_state;
 431:Middlewares/LVGL/lvgl/src/core/lv_obj_style.c ****     lv_style_value_t v2 = lv_obj_get_style_prop(obj, part, tr_dsc->prop);
 432:Middlewares/LVGL/lvgl/src/core/lv_obj_style.c ****     obj->skip_trans = 0;
 433:Middlewares/LVGL/lvgl/src/core/lv_obj_style.c **** 
 434:Middlewares/LVGL/lvgl/src/core/lv_obj_style.c ****     if(v1.ptr == v2.ptr && v1.num == v2.num && lv_color_eq(v1.color, v2.color))  return;
 435:Middlewares/LVGL/lvgl/src/core/lv_obj_style.c ****     obj->state = prev_state;
 436:Middlewares/LVGL/lvgl/src/core/lv_obj_style.c ****     v1 = lv_obj_get_style_prop(obj, part, tr_dsc->prop);
 437:Middlewares/LVGL/lvgl/src/core/lv_obj_style.c ****     obj->state = new_state;
 438:Middlewares/LVGL/lvgl/src/core/lv_obj_style.c **** 
 439:Middlewares/LVGL/lvgl/src/core/lv_obj_style.c ****     lv_obj_style_t * style_trans = get_trans_style(obj, part);
 440:Middlewares/LVGL/lvgl/src/core/lv_obj_style.c ****     lv_style_set_prop((lv_style_t *)style_trans->style, tr_dsc->prop, v1);  /*Be sure `trans_style`
 441:Middlewares/LVGL/lvgl/src/core/lv_obj_style.c ****     lv_obj_refresh_style(obj, tr_dsc->selector, tr_dsc->prop);
 442:Middlewares/LVGL/lvgl/src/core/lv_obj_style.c **** 
 443:Middlewares/LVGL/lvgl/src/core/lv_obj_style.c ****     if(tr_dsc->prop == LV_STYLE_RADIUS) {
 444:Middlewares/LVGL/lvgl/src/core/lv_obj_style.c ****         if(v1.num == LV_RADIUS_CIRCLE || v2.num == LV_RADIUS_CIRCLE) {
 445:Middlewares/LVGL/lvgl/src/core/lv_obj_style.c ****             int32_t whalf = lv_obj_get_width(obj) / 2;
ARM GAS  C:\Users\w1785\AppData\Local\Temp\ccv6fGyr.s 			page 22


 446:Middlewares/LVGL/lvgl/src/core/lv_obj_style.c ****             int32_t hhalf = lv_obj_get_height(obj) / 2;
 447:Middlewares/LVGL/lvgl/src/core/lv_obj_style.c ****             if(v1.num == LV_RADIUS_CIRCLE) v1.num = LV_MIN(whalf + 1, hhalf + 1);
 448:Middlewares/LVGL/lvgl/src/core/lv_obj_style.c ****             if(v2.num == LV_RADIUS_CIRCLE) v2.num = LV_MIN(whalf + 1, hhalf + 1);
 449:Middlewares/LVGL/lvgl/src/core/lv_obj_style.c ****         }
 450:Middlewares/LVGL/lvgl/src/core/lv_obj_style.c ****     }
 451:Middlewares/LVGL/lvgl/src/core/lv_obj_style.c **** 
 452:Middlewares/LVGL/lvgl/src/core/lv_obj_style.c ****     tr = lv_ll_ins_head(style_trans_ll_p);
 453:Middlewares/LVGL/lvgl/src/core/lv_obj_style.c ****     LV_ASSERT_MALLOC(tr);
 454:Middlewares/LVGL/lvgl/src/core/lv_obj_style.c ****     if(tr == NULL) return;
 455:Middlewares/LVGL/lvgl/src/core/lv_obj_style.c ****     tr->start_value = v1;
 456:Middlewares/LVGL/lvgl/src/core/lv_obj_style.c ****     tr->end_value = v2;
 457:Middlewares/LVGL/lvgl/src/core/lv_obj_style.c ****     tr->obj = obj;
 458:Middlewares/LVGL/lvgl/src/core/lv_obj_style.c ****     tr->prop = tr_dsc->prop;
 459:Middlewares/LVGL/lvgl/src/core/lv_obj_style.c ****     tr->selector = part;
 460:Middlewares/LVGL/lvgl/src/core/lv_obj_style.c **** 
 461:Middlewares/LVGL/lvgl/src/core/lv_obj_style.c ****     lv_anim_t a;
 462:Middlewares/LVGL/lvgl/src/core/lv_obj_style.c ****     lv_anim_init(&a);
 463:Middlewares/LVGL/lvgl/src/core/lv_obj_style.c ****     lv_anim_set_var(&a, tr);
 464:Middlewares/LVGL/lvgl/src/core/lv_obj_style.c ****     lv_anim_set_exec_cb(&a, trans_anim_cb);
 465:Middlewares/LVGL/lvgl/src/core/lv_obj_style.c ****     lv_anim_set_start_cb(&a, trans_anim_start_cb);
 466:Middlewares/LVGL/lvgl/src/core/lv_obj_style.c ****     lv_anim_set_completed_cb(&a, trans_anim_completed_cb);
 467:Middlewares/LVGL/lvgl/src/core/lv_obj_style.c ****     lv_anim_set_values(&a, 0x00, 0xFF);
 468:Middlewares/LVGL/lvgl/src/core/lv_obj_style.c ****     lv_anim_set_duration(&a, tr_dsc->time);
 469:Middlewares/LVGL/lvgl/src/core/lv_obj_style.c ****     lv_anim_set_delay(&a, tr_dsc->delay);
 470:Middlewares/LVGL/lvgl/src/core/lv_obj_style.c ****     lv_anim_set_path_cb(&a, tr_dsc->path_cb);
 471:Middlewares/LVGL/lvgl/src/core/lv_obj_style.c ****     lv_anim_set_early_apply(&a, false);
 472:Middlewares/LVGL/lvgl/src/core/lv_obj_style.c ****     lv_anim_set_user_data(&a, tr_dsc->user_data);
 473:Middlewares/LVGL/lvgl/src/core/lv_obj_style.c ****     lv_anim_start(&a);
 474:Middlewares/LVGL/lvgl/src/core/lv_obj_style.c **** }
 475:Middlewares/LVGL/lvgl/src/core/lv_obj_style.c **** 
 476:Middlewares/LVGL/lvgl/src/core/lv_obj_style.c **** lv_style_value_t lv_obj_style_apply_color_filter(const lv_obj_t * obj, lv_part_t part, lv_style_val
 477:Middlewares/LVGL/lvgl/src/core/lv_obj_style.c **** {
 478:Middlewares/LVGL/lvgl/src/core/lv_obj_style.c **** #if LV_USE_COLOR_FILTER
 479:Middlewares/LVGL/lvgl/src/core/lv_obj_style.c ****     if(obj == NULL) return v;
 480:Middlewares/LVGL/lvgl/src/core/lv_obj_style.c ****     const lv_color_filter_dsc_t * f = lv_obj_get_style_color_filter_dsc(obj, part);
 481:Middlewares/LVGL/lvgl/src/core/lv_obj_style.c ****     if(f && f->filter_cb) {
 482:Middlewares/LVGL/lvgl/src/core/lv_obj_style.c ****         lv_opa_t f_opa = lv_obj_get_style_color_filter_opa(obj, part);
 483:Middlewares/LVGL/lvgl/src/core/lv_obj_style.c ****         if(f_opa != 0) v.color = f->filter_cb(f, v.color, f_opa);
 484:Middlewares/LVGL/lvgl/src/core/lv_obj_style.c ****     }
 485:Middlewares/LVGL/lvgl/src/core/lv_obj_style.c **** #else
 486:Middlewares/LVGL/lvgl/src/core/lv_obj_style.c ****     LV_UNUSED(obj);
 487:Middlewares/LVGL/lvgl/src/core/lv_obj_style.c ****     LV_UNUSED(part);
 488:Middlewares/LVGL/lvgl/src/core/lv_obj_style.c ****     LV_UNUSED(v);
 489:Middlewares/LVGL/lvgl/src/core/lv_obj_style.c **** #endif
 490:Middlewares/LVGL/lvgl/src/core/lv_obj_style.c ****     return v;
 491:Middlewares/LVGL/lvgl/src/core/lv_obj_style.c **** }
 492:Middlewares/LVGL/lvgl/src/core/lv_obj_style.c **** 
 493:Middlewares/LVGL/lvgl/src/core/lv_obj_style.c **** lv_style_state_cmp_t lv_obj_style_state_compare(lv_obj_t * obj, lv_state_t state1, lv_state_t state
 494:Middlewares/LVGL/lvgl/src/core/lv_obj_style.c **** {
 495:Middlewares/LVGL/lvgl/src/core/lv_obj_style.c ****     lv_style_state_cmp_t res = LV_STYLE_STATE_CMP_SAME;
 496:Middlewares/LVGL/lvgl/src/core/lv_obj_style.c **** 
 497:Middlewares/LVGL/lvgl/src/core/lv_obj_style.c ****     /*Are there any new styles for the new state?*/
 498:Middlewares/LVGL/lvgl/src/core/lv_obj_style.c ****     uint32_t i;
 499:Middlewares/LVGL/lvgl/src/core/lv_obj_style.c ****     for(i = 0; i < obj->style_cnt; i++) {
 500:Middlewares/LVGL/lvgl/src/core/lv_obj_style.c ****         if(obj->styles[i].is_trans) continue;
 501:Middlewares/LVGL/lvgl/src/core/lv_obj_style.c **** 
 502:Middlewares/LVGL/lvgl/src/core/lv_obj_style.c ****         lv_state_t state_act = lv_obj_style_get_selector_state(obj->styles[i].selector);
ARM GAS  C:\Users\w1785\AppData\Local\Temp\ccv6fGyr.s 			page 23


 503:Middlewares/LVGL/lvgl/src/core/lv_obj_style.c ****         /*The style is valid for a state but not the other*/
 504:Middlewares/LVGL/lvgl/src/core/lv_obj_style.c ****         bool valid1 = state_act & (~state1) ? false : true;
 505:Middlewares/LVGL/lvgl/src/core/lv_obj_style.c ****         bool valid2 = state_act & (~state2) ? false : true;
 506:Middlewares/LVGL/lvgl/src/core/lv_obj_style.c ****         if(valid1 != valid2) {
 507:Middlewares/LVGL/lvgl/src/core/lv_obj_style.c ****             const lv_style_t * style = obj->styles[i].style;
 508:Middlewares/LVGL/lvgl/src/core/lv_obj_style.c ****             lv_style_value_t v;
 509:Middlewares/LVGL/lvgl/src/core/lv_obj_style.c ****             /*If there is layout difference on the main part, return immediately. There is no more 
 510:Middlewares/LVGL/lvgl/src/core/lv_obj_style.c ****             bool layout_diff = false;
 511:Middlewares/LVGL/lvgl/src/core/lv_obj_style.c ****             if(lv_style_get_prop(style, LV_STYLE_PAD_TOP, &v))layout_diff = true;
 512:Middlewares/LVGL/lvgl/src/core/lv_obj_style.c ****             else if(lv_style_get_prop(style, LV_STYLE_PAD_BOTTOM, &v)) layout_diff = true;
 513:Middlewares/LVGL/lvgl/src/core/lv_obj_style.c ****             else if(lv_style_get_prop(style, LV_STYLE_PAD_LEFT, &v)) layout_diff = true;
 514:Middlewares/LVGL/lvgl/src/core/lv_obj_style.c ****             else if(lv_style_get_prop(style, LV_STYLE_PAD_RIGHT, &v)) layout_diff = true;
 515:Middlewares/LVGL/lvgl/src/core/lv_obj_style.c ****             else if(lv_style_get_prop(style, LV_STYLE_PAD_COLUMN, &v)) layout_diff = true;
 516:Middlewares/LVGL/lvgl/src/core/lv_obj_style.c ****             else if(lv_style_get_prop(style, LV_STYLE_PAD_ROW, &v)) layout_diff = true;
 517:Middlewares/LVGL/lvgl/src/core/lv_obj_style.c ****             else if(lv_style_get_prop(style, LV_STYLE_LAYOUT, &v)) layout_diff = true;
 518:Middlewares/LVGL/lvgl/src/core/lv_obj_style.c ****             else if(lv_style_get_prop(style, LV_STYLE_TRANSLATE_X, &v)) layout_diff = true;
 519:Middlewares/LVGL/lvgl/src/core/lv_obj_style.c ****             else if(lv_style_get_prop(style, LV_STYLE_TRANSLATE_Y, &v)) layout_diff = true;
 520:Middlewares/LVGL/lvgl/src/core/lv_obj_style.c ****             else if(lv_style_get_prop(style, LV_STYLE_WIDTH, &v)) layout_diff = true;
 521:Middlewares/LVGL/lvgl/src/core/lv_obj_style.c ****             else if(lv_style_get_prop(style, LV_STYLE_HEIGHT, &v)) layout_diff = true;
 522:Middlewares/LVGL/lvgl/src/core/lv_obj_style.c ****             else if(lv_style_get_prop(style, LV_STYLE_MIN_WIDTH, &v)) layout_diff = true;
 523:Middlewares/LVGL/lvgl/src/core/lv_obj_style.c ****             else if(lv_style_get_prop(style, LV_STYLE_MAX_WIDTH, &v)) layout_diff = true;
 524:Middlewares/LVGL/lvgl/src/core/lv_obj_style.c ****             else if(lv_style_get_prop(style, LV_STYLE_MIN_HEIGHT, &v)) layout_diff = true;
 525:Middlewares/LVGL/lvgl/src/core/lv_obj_style.c ****             else if(lv_style_get_prop(style, LV_STYLE_MAX_HEIGHT, &v)) layout_diff = true;
 526:Middlewares/LVGL/lvgl/src/core/lv_obj_style.c ****             else if(lv_style_get_prop(style, LV_STYLE_BORDER_WIDTH, &v)) layout_diff = true;
 527:Middlewares/LVGL/lvgl/src/core/lv_obj_style.c **** 
 528:Middlewares/LVGL/lvgl/src/core/lv_obj_style.c ****             if(layout_diff) {
 529:Middlewares/LVGL/lvgl/src/core/lv_obj_style.c ****                 return LV_STYLE_STATE_CMP_DIFF_LAYOUT;
 530:Middlewares/LVGL/lvgl/src/core/lv_obj_style.c ****             }
 531:Middlewares/LVGL/lvgl/src/core/lv_obj_style.c **** 
 532:Middlewares/LVGL/lvgl/src/core/lv_obj_style.c ****             /*Check for draw pad changes*/
 533:Middlewares/LVGL/lvgl/src/core/lv_obj_style.c ****             if(lv_style_get_prop(style, LV_STYLE_TRANSFORM_WIDTH, &v)) res = LV_STYLE_STATE_CMP_DIF
 534:Middlewares/LVGL/lvgl/src/core/lv_obj_style.c ****             else if(lv_style_get_prop(style, LV_STYLE_TRANSFORM_HEIGHT, &v)) res = LV_STYLE_STATE_C
 535:Middlewares/LVGL/lvgl/src/core/lv_obj_style.c ****             else if(lv_style_get_prop(style, LV_STYLE_TRANSFORM_ROTATION, &v)) res = LV_STYLE_STATE
 536:Middlewares/LVGL/lvgl/src/core/lv_obj_style.c ****             else if(lv_style_get_prop(style, LV_STYLE_TRANSFORM_SCALE_X, &v)) res = LV_STYLE_STATE_
 537:Middlewares/LVGL/lvgl/src/core/lv_obj_style.c ****             else if(lv_style_get_prop(style, LV_STYLE_TRANSFORM_SCALE_Y, &v)) res = LV_STYLE_STATE_
 538:Middlewares/LVGL/lvgl/src/core/lv_obj_style.c ****             else if(lv_style_get_prop(style, LV_STYLE_OUTLINE_OPA, &v)) res = LV_STYLE_STATE_CMP_DI
 539:Middlewares/LVGL/lvgl/src/core/lv_obj_style.c ****             else if(lv_style_get_prop(style, LV_STYLE_OUTLINE_PAD, &v)) res = LV_STYLE_STATE_CMP_DI
 540:Middlewares/LVGL/lvgl/src/core/lv_obj_style.c ****             else if(lv_style_get_prop(style, LV_STYLE_OUTLINE_WIDTH, &v)) res = LV_STYLE_STATE_CMP_
 541:Middlewares/LVGL/lvgl/src/core/lv_obj_style.c ****             else if(lv_style_get_prop(style, LV_STYLE_SHADOW_WIDTH, &v)) res = LV_STYLE_STATE_CMP_D
 542:Middlewares/LVGL/lvgl/src/core/lv_obj_style.c ****             else if(lv_style_get_prop(style, LV_STYLE_SHADOW_OPA, &v)) res = LV_STYLE_STATE_CMP_DIF
 543:Middlewares/LVGL/lvgl/src/core/lv_obj_style.c ****             else if(lv_style_get_prop(style, LV_STYLE_SHADOW_OFFSET_X, &v)) res = LV_STYLE_STATE_CM
 544:Middlewares/LVGL/lvgl/src/core/lv_obj_style.c ****             else if(lv_style_get_prop(style, LV_STYLE_SHADOW_OFFSET_Y, &v)) res = LV_STYLE_STATE_CM
 545:Middlewares/LVGL/lvgl/src/core/lv_obj_style.c ****             else if(lv_style_get_prop(style, LV_STYLE_SHADOW_SPREAD, &v)) res = LV_STYLE_STATE_CMP_
 546:Middlewares/LVGL/lvgl/src/core/lv_obj_style.c ****             else if(lv_style_get_prop(style, LV_STYLE_LINE_WIDTH, &v)) res = LV_STYLE_STATE_CMP_DIF
 547:Middlewares/LVGL/lvgl/src/core/lv_obj_style.c ****             else if(res == LV_STYLE_STATE_CMP_SAME) res = LV_STYLE_STATE_CMP_DIFF_REDRAW;
 548:Middlewares/LVGL/lvgl/src/core/lv_obj_style.c ****         }
 549:Middlewares/LVGL/lvgl/src/core/lv_obj_style.c ****     }
 550:Middlewares/LVGL/lvgl/src/core/lv_obj_style.c **** 
 551:Middlewares/LVGL/lvgl/src/core/lv_obj_style.c ****     return res;
 552:Middlewares/LVGL/lvgl/src/core/lv_obj_style.c **** }
 553:Middlewares/LVGL/lvgl/src/core/lv_obj_style.c **** 
 554:Middlewares/LVGL/lvgl/src/core/lv_obj_style.c **** void lv_obj_fade_in(lv_obj_t * obj, uint32_t time, uint32_t delay)
 555:Middlewares/LVGL/lvgl/src/core/lv_obj_style.c **** {
 556:Middlewares/LVGL/lvgl/src/core/lv_obj_style.c ****     lv_anim_t a;
 557:Middlewares/LVGL/lvgl/src/core/lv_obj_style.c ****     lv_anim_init(&a);
 558:Middlewares/LVGL/lvgl/src/core/lv_obj_style.c ****     lv_anim_set_var(&a, obj);
 559:Middlewares/LVGL/lvgl/src/core/lv_obj_style.c ****     lv_anim_set_values(&a, 0, LV_OPA_COVER);
ARM GAS  C:\Users\w1785\AppData\Local\Temp\ccv6fGyr.s 			page 24


 560:Middlewares/LVGL/lvgl/src/core/lv_obj_style.c ****     lv_anim_set_exec_cb(&a, fade_anim_cb);
 561:Middlewares/LVGL/lvgl/src/core/lv_obj_style.c ****     lv_anim_set_completed_cb(&a, fade_in_anim_completed);
 562:Middlewares/LVGL/lvgl/src/core/lv_obj_style.c ****     lv_anim_set_duration(&a, time);
 563:Middlewares/LVGL/lvgl/src/core/lv_obj_style.c ****     lv_anim_set_delay(&a, delay);
 564:Middlewares/LVGL/lvgl/src/core/lv_obj_style.c ****     lv_anim_start(&a);
 565:Middlewares/LVGL/lvgl/src/core/lv_obj_style.c **** }
 566:Middlewares/LVGL/lvgl/src/core/lv_obj_style.c **** 
 567:Middlewares/LVGL/lvgl/src/core/lv_obj_style.c **** void lv_obj_fade_out(lv_obj_t * obj, uint32_t time, uint32_t delay)
 568:Middlewares/LVGL/lvgl/src/core/lv_obj_style.c **** {
 569:Middlewares/LVGL/lvgl/src/core/lv_obj_style.c ****     lv_anim_t a;
 570:Middlewares/LVGL/lvgl/src/core/lv_obj_style.c ****     lv_anim_init(&a);
 571:Middlewares/LVGL/lvgl/src/core/lv_obj_style.c ****     lv_anim_set_var(&a, obj);
 572:Middlewares/LVGL/lvgl/src/core/lv_obj_style.c ****     lv_anim_set_values(&a, lv_obj_get_style_opa(obj, LV_PART_MAIN), LV_OPA_TRANSP);
 573:Middlewares/LVGL/lvgl/src/core/lv_obj_style.c ****     lv_anim_set_exec_cb(&a, fade_anim_cb);
 574:Middlewares/LVGL/lvgl/src/core/lv_obj_style.c ****     lv_anim_set_duration(&a, time);
 575:Middlewares/LVGL/lvgl/src/core/lv_obj_style.c ****     lv_anim_set_delay(&a, delay);
 576:Middlewares/LVGL/lvgl/src/core/lv_obj_style.c ****     lv_anim_start(&a);
 577:Middlewares/LVGL/lvgl/src/core/lv_obj_style.c **** }
 578:Middlewares/LVGL/lvgl/src/core/lv_obj_style.c **** 
 579:Middlewares/LVGL/lvgl/src/core/lv_obj_style.c **** lv_text_align_t lv_obj_calculate_style_text_align(const lv_obj_t * obj, lv_part_t part, const char 
 580:Middlewares/LVGL/lvgl/src/core/lv_obj_style.c **** {
 581:Middlewares/LVGL/lvgl/src/core/lv_obj_style.c ****     lv_text_align_t align = lv_obj_get_style_text_align(obj, part);
 582:Middlewares/LVGL/lvgl/src/core/lv_obj_style.c ****     lv_base_dir_t base_dir = lv_obj_get_style_base_dir(obj, part);
 583:Middlewares/LVGL/lvgl/src/core/lv_obj_style.c ****     lv_bidi_calculate_align(&align, &base_dir, txt);
 584:Middlewares/LVGL/lvgl/src/core/lv_obj_style.c ****     return align;
 585:Middlewares/LVGL/lvgl/src/core/lv_obj_style.c **** }
 586:Middlewares/LVGL/lvgl/src/core/lv_obj_style.c **** 
 587:Middlewares/LVGL/lvgl/src/core/lv_obj_style.c **** lv_opa_t lv_obj_get_style_opa_recursive(const lv_obj_t * obj, lv_part_t part)
 588:Middlewares/LVGL/lvgl/src/core/lv_obj_style.c **** {
 589:Middlewares/LVGL/lvgl/src/core/lv_obj_style.c ****     LV_PROFILER_STYLE_BEGIN;
 590:Middlewares/LVGL/lvgl/src/core/lv_obj_style.c ****     lv_opa_t opa_obj = lv_obj_get_style_opa(obj, part);
 591:Middlewares/LVGL/lvgl/src/core/lv_obj_style.c ****     if(opa_obj <= LV_OPA_MIN) {
 592:Middlewares/LVGL/lvgl/src/core/lv_obj_style.c ****         LV_PROFILER_STYLE_END;
 593:Middlewares/LVGL/lvgl/src/core/lv_obj_style.c ****         return LV_OPA_TRANSP;
 594:Middlewares/LVGL/lvgl/src/core/lv_obj_style.c ****     }
 595:Middlewares/LVGL/lvgl/src/core/lv_obj_style.c **** 
 596:Middlewares/LVGL/lvgl/src/core/lv_obj_style.c ****     lv_opa_t opa_final = LV_OPA_COVER;
 597:Middlewares/LVGL/lvgl/src/core/lv_obj_style.c ****     if(opa_obj < LV_OPA_MAX) {
 598:Middlewares/LVGL/lvgl/src/core/lv_obj_style.c ****         opa_final = LV_OPA_MIX2(opa_final, opa_obj);
 599:Middlewares/LVGL/lvgl/src/core/lv_obj_style.c ****     }
 600:Middlewares/LVGL/lvgl/src/core/lv_obj_style.c **** 
 601:Middlewares/LVGL/lvgl/src/core/lv_obj_style.c ****     if(part != LV_PART_MAIN) {
 602:Middlewares/LVGL/lvgl/src/core/lv_obj_style.c ****         part = LV_PART_MAIN;
 603:Middlewares/LVGL/lvgl/src/core/lv_obj_style.c ****     }
 604:Middlewares/LVGL/lvgl/src/core/lv_obj_style.c ****     else {
 605:Middlewares/LVGL/lvgl/src/core/lv_obj_style.c ****         obj = lv_obj_get_parent(obj);
 606:Middlewares/LVGL/lvgl/src/core/lv_obj_style.c ****     }
 607:Middlewares/LVGL/lvgl/src/core/lv_obj_style.c **** 
 608:Middlewares/LVGL/lvgl/src/core/lv_obj_style.c ****     while(obj) {
 609:Middlewares/LVGL/lvgl/src/core/lv_obj_style.c ****         opa_obj = lv_obj_get_style_opa(obj, part);
 610:Middlewares/LVGL/lvgl/src/core/lv_obj_style.c ****         if(opa_obj <= LV_OPA_MIN) {
 611:Middlewares/LVGL/lvgl/src/core/lv_obj_style.c ****             LV_PROFILER_STYLE_END;
 612:Middlewares/LVGL/lvgl/src/core/lv_obj_style.c ****             return LV_OPA_TRANSP;
 613:Middlewares/LVGL/lvgl/src/core/lv_obj_style.c ****         }
 614:Middlewares/LVGL/lvgl/src/core/lv_obj_style.c ****         if(opa_obj < LV_OPA_MAX) {
 615:Middlewares/LVGL/lvgl/src/core/lv_obj_style.c ****             opa_final = LV_OPA_MIX2(opa_final, opa_obj);
 616:Middlewares/LVGL/lvgl/src/core/lv_obj_style.c ****         }
ARM GAS  C:\Users\w1785\AppData\Local\Temp\ccv6fGyr.s 			page 25


 617:Middlewares/LVGL/lvgl/src/core/lv_obj_style.c **** 
 618:Middlewares/LVGL/lvgl/src/core/lv_obj_style.c ****         obj = lv_obj_get_parent(obj);
 619:Middlewares/LVGL/lvgl/src/core/lv_obj_style.c ****     }
 620:Middlewares/LVGL/lvgl/src/core/lv_obj_style.c **** 
 621:Middlewares/LVGL/lvgl/src/core/lv_obj_style.c ****     if(opa_final <= LV_OPA_MIN) {
 622:Middlewares/LVGL/lvgl/src/core/lv_obj_style.c ****         LV_PROFILER_STYLE_END;
 623:Middlewares/LVGL/lvgl/src/core/lv_obj_style.c ****         return LV_OPA_TRANSP;
 624:Middlewares/LVGL/lvgl/src/core/lv_obj_style.c ****     }
 625:Middlewares/LVGL/lvgl/src/core/lv_obj_style.c **** 
 626:Middlewares/LVGL/lvgl/src/core/lv_obj_style.c ****     if(opa_final >= LV_OPA_MAX) {
 627:Middlewares/LVGL/lvgl/src/core/lv_obj_style.c ****         LV_PROFILER_STYLE_END;
 628:Middlewares/LVGL/lvgl/src/core/lv_obj_style.c ****         return LV_OPA_COVER;
 629:Middlewares/LVGL/lvgl/src/core/lv_obj_style.c ****     }
 630:Middlewares/LVGL/lvgl/src/core/lv_obj_style.c **** 
 631:Middlewares/LVGL/lvgl/src/core/lv_obj_style.c ****     LV_PROFILER_STYLE_END;
 632:Middlewares/LVGL/lvgl/src/core/lv_obj_style.c ****     return opa_final;
 633:Middlewares/LVGL/lvgl/src/core/lv_obj_style.c **** }
 634:Middlewares/LVGL/lvgl/src/core/lv_obj_style.c **** 
 635:Middlewares/LVGL/lvgl/src/core/lv_obj_style.c **** void lv_obj_update_layer_type(lv_obj_t * obj)
 636:Middlewares/LVGL/lvgl/src/core/lv_obj_style.c **** {
 637:Middlewares/LVGL/lvgl/src/core/lv_obj_style.c ****     lv_layer_type_t layer_type = calculate_layer_type(obj);
 638:Middlewares/LVGL/lvgl/src/core/lv_obj_style.c ****     if(obj->spec_attr) obj->spec_attr->layer_type = layer_type;
 639:Middlewares/LVGL/lvgl/src/core/lv_obj_style.c ****     else if(layer_type != LV_LAYER_TYPE_NONE) {
 640:Middlewares/LVGL/lvgl/src/core/lv_obj_style.c ****         lv_obj_allocate_spec_attr(obj);
 641:Middlewares/LVGL/lvgl/src/core/lv_obj_style.c ****         obj->spec_attr->layer_type = layer_type;
 642:Middlewares/LVGL/lvgl/src/core/lv_obj_style.c ****     }
 643:Middlewares/LVGL/lvgl/src/core/lv_obj_style.c **** }
 644:Middlewares/LVGL/lvgl/src/core/lv_obj_style.c **** 
 645:Middlewares/LVGL/lvgl/src/core/lv_obj_style.c **** lv_color32_t lv_obj_style_apply_recolor(const lv_obj_t * obj, lv_part_t part, lv_color32_t color)
 646:Middlewares/LVGL/lvgl/src/core/lv_obj_style.c **** {
 647:Middlewares/LVGL/lvgl/src/core/lv_obj_style.c ****     lv_opa_t opa = lv_obj_get_style_recolor_opa(obj, part);
 648:Middlewares/LVGL/lvgl/src/core/lv_obj_style.c ****     if(opa > LV_OPA_TRANSP) {
 649:Middlewares/LVGL/lvgl/src/core/lv_obj_style.c ****         lv_color_t recolor = lv_obj_get_style_recolor(obj, part);
 650:Middlewares/LVGL/lvgl/src/core/lv_obj_style.c ****         color = lv_color_over32(color, lv_color_to_32(recolor, opa));
 651:Middlewares/LVGL/lvgl/src/core/lv_obj_style.c ****     }
 652:Middlewares/LVGL/lvgl/src/core/lv_obj_style.c **** 
 653:Middlewares/LVGL/lvgl/src/core/lv_obj_style.c ****     return color;
 654:Middlewares/LVGL/lvgl/src/core/lv_obj_style.c **** }
 655:Middlewares/LVGL/lvgl/src/core/lv_obj_style.c **** 
 656:Middlewares/LVGL/lvgl/src/core/lv_obj_style.c **** lv_color32_t lv_obj_get_style_recolor_recursive(const lv_obj_t * obj, lv_part_t part)
 657:Middlewares/LVGL/lvgl/src/core/lv_obj_style.c **** {
 658:Middlewares/LVGL/lvgl/src/core/lv_obj_style.c ****     lv_color32_t result;
 659:Middlewares/LVGL/lvgl/src/core/lv_obj_style.c **** 
 660:Middlewares/LVGL/lvgl/src/core/lv_obj_style.c ****     lv_color_t color = lv_obj_get_style_recolor(obj, part);
 661:Middlewares/LVGL/lvgl/src/core/lv_obj_style.c ****     lv_opa_t opa = lv_obj_get_style_recolor_opa(obj, part);
 662:Middlewares/LVGL/lvgl/src/core/lv_obj_style.c **** 
 663:Middlewares/LVGL/lvgl/src/core/lv_obj_style.c ****     result = lv_color_to_32(color, opa);
 664:Middlewares/LVGL/lvgl/src/core/lv_obj_style.c **** 
 665:Middlewares/LVGL/lvgl/src/core/lv_obj_style.c ****     if(part != LV_PART_MAIN) {
 666:Middlewares/LVGL/lvgl/src/core/lv_obj_style.c ****         part = LV_PART_MAIN;
 667:Middlewares/LVGL/lvgl/src/core/lv_obj_style.c ****     }
 668:Middlewares/LVGL/lvgl/src/core/lv_obj_style.c ****     else {
 669:Middlewares/LVGL/lvgl/src/core/lv_obj_style.c ****         obj = lv_obj_get_parent(obj);
 670:Middlewares/LVGL/lvgl/src/core/lv_obj_style.c ****     }
 671:Middlewares/LVGL/lvgl/src/core/lv_obj_style.c **** 
 672:Middlewares/LVGL/lvgl/src/core/lv_obj_style.c ****     while(obj) {
 673:Middlewares/LVGL/lvgl/src/core/lv_obj_style.c ****         result = lv_obj_style_apply_recolor(obj, part, result);
ARM GAS  C:\Users\w1785\AppData\Local\Temp\ccv6fGyr.s 			page 26


 674:Middlewares/LVGL/lvgl/src/core/lv_obj_style.c ****         obj = lv_obj_get_parent(obj);
 675:Middlewares/LVGL/lvgl/src/core/lv_obj_style.c ****     }
 676:Middlewares/LVGL/lvgl/src/core/lv_obj_style.c **** 
 677:Middlewares/LVGL/lvgl/src/core/lv_obj_style.c ****     return result;
 678:Middlewares/LVGL/lvgl/src/core/lv_obj_style.c **** }
 679:Middlewares/LVGL/lvgl/src/core/lv_obj_style.c **** 
 680:Middlewares/LVGL/lvgl/src/core/lv_obj_style.c **** #if LV_USE_OBSERVER
 681:Middlewares/LVGL/lvgl/src/core/lv_obj_style.c **** 
 682:Middlewares/LVGL/lvgl/src/core/lv_obj_style.c **** lv_observer_t * lv_obj_bind_style(lv_obj_t * obj, const lv_style_t * style, lv_style_selector_t sel
 683:Middlewares/LVGL/lvgl/src/core/lv_obj_style.c ****                                   lv_subject_t * subject, int32_t ref_value)
 684:Middlewares/LVGL/lvgl/src/core/lv_obj_style.c **** {
 685:Middlewares/LVGL/lvgl/src/core/lv_obj_style.c ****     LV_ASSERT_NULL(subject);
 686:Middlewares/LVGL/lvgl/src/core/lv_obj_style.c ****     LV_ASSERT_NULL(obj);
 687:Middlewares/LVGL/lvgl/src/core/lv_obj_style.c **** 
 688:Middlewares/LVGL/lvgl/src/core/lv_obj_style.c ****     if(subject->type != LV_SUBJECT_TYPE_INT) {
 689:Middlewares/LVGL/lvgl/src/core/lv_obj_style.c ****         LV_LOG_WARN("Subject type must be `int` (was %d)", subject->type);
 690:Middlewares/LVGL/lvgl/src/core/lv_obj_style.c ****         return NULL;
 691:Middlewares/LVGL/lvgl/src/core/lv_obj_style.c ****     }
 692:Middlewares/LVGL/lvgl/src/core/lv_obj_style.c **** 
 693:Middlewares/LVGL/lvgl/src/core/lv_obj_style.c ****     lv_obj_add_style(obj, style, selector);
 694:Middlewares/LVGL/lvgl/src/core/lv_obj_style.c **** 
 695:Middlewares/LVGL/lvgl/src/core/lv_obj_style.c ****     bind_style_t * p = lv_malloc(sizeof(bind_style_t));
 696:Middlewares/LVGL/lvgl/src/core/lv_obj_style.c ****     LV_ASSERT_MALLOC(p);
 697:Middlewares/LVGL/lvgl/src/core/lv_obj_style.c ****     if(p == NULL) {
 698:Middlewares/LVGL/lvgl/src/core/lv_obj_style.c ****         LV_LOG_WARN("Out of memory");
 699:Middlewares/LVGL/lvgl/src/core/lv_obj_style.c ****         return NULL;
 700:Middlewares/LVGL/lvgl/src/core/lv_obj_style.c ****     }
 701:Middlewares/LVGL/lvgl/src/core/lv_obj_style.c **** 
 702:Middlewares/LVGL/lvgl/src/core/lv_obj_style.c ****     p->style = style;
 703:Middlewares/LVGL/lvgl/src/core/lv_obj_style.c ****     p->selector = selector;
 704:Middlewares/LVGL/lvgl/src/core/lv_obj_style.c ****     p->value = ref_value;
 705:Middlewares/LVGL/lvgl/src/core/lv_obj_style.c **** 
 706:Middlewares/LVGL/lvgl/src/core/lv_obj_style.c ****     lv_observer_t * observable = lv_subject_add_observer_obj(subject, bind_style_observer_cb, obj, 
 707:Middlewares/LVGL/lvgl/src/core/lv_obj_style.c ****     observable->auto_free_user_data = 1;
 708:Middlewares/LVGL/lvgl/src/core/lv_obj_style.c ****     return observable;
 709:Middlewares/LVGL/lvgl/src/core/lv_obj_style.c **** }
 710:Middlewares/LVGL/lvgl/src/core/lv_obj_style.c **** 
 711:Middlewares/LVGL/lvgl/src/core/lv_obj_style.c **** lv_observer_t * lv_obj_bind_style_prop(lv_obj_t * obj, lv_style_prop_t prop, lv_style_selector_t se
 712:Middlewares/LVGL/lvgl/src/core/lv_obj_style.c ****                                        lv_subject_t * subject)
 713:Middlewares/LVGL/lvgl/src/core/lv_obj_style.c **** {
 714:Middlewares/LVGL/lvgl/src/core/lv_obj_style.c ****     LV_ASSERT_NULL(subject);
 715:Middlewares/LVGL/lvgl/src/core/lv_obj_style.c ****     LV_ASSERT_NULL(obj);
 716:Middlewares/LVGL/lvgl/src/core/lv_obj_style.c **** 
 717:Middlewares/LVGL/lvgl/src/core/lv_obj_style.c ****     if(subject->type != LV_SUBJECT_TYPE_INT && subject->type != LV_SUBJECT_TYPE_COLOR &&
 718:Middlewares/LVGL/lvgl/src/core/lv_obj_style.c ****        subject->type != LV_SUBJECT_TYPE_POINTER) {
 719:Middlewares/LVGL/lvgl/src/core/lv_obj_style.c ****         LV_LOG_WARN("Subject type must be `int`, `color`, or `pointer` (was %"LV_PRIu32")", (uint32
 720:Middlewares/LVGL/lvgl/src/core/lv_obj_style.c ****         return NULL;
 721:Middlewares/LVGL/lvgl/src/core/lv_obj_style.c ****     }
 722:Middlewares/LVGL/lvgl/src/core/lv_obj_style.c **** 
 723:Middlewares/LVGL/lvgl/src/core/lv_obj_style.c ****     bind_style_prop_t * p = lv_malloc(sizeof(bind_style_prop_t));
 724:Middlewares/LVGL/lvgl/src/core/lv_obj_style.c ****     LV_ASSERT_MALLOC(p);
 725:Middlewares/LVGL/lvgl/src/core/lv_obj_style.c ****     if(p == NULL) {
 726:Middlewares/LVGL/lvgl/src/core/lv_obj_style.c ****         LV_LOG_WARN("Out of memory");
 727:Middlewares/LVGL/lvgl/src/core/lv_obj_style.c ****         return NULL;
 728:Middlewares/LVGL/lvgl/src/core/lv_obj_style.c ****     }
 729:Middlewares/LVGL/lvgl/src/core/lv_obj_style.c **** 
 730:Middlewares/LVGL/lvgl/src/core/lv_obj_style.c ****     p->prop = prop;
ARM GAS  C:\Users\w1785\AppData\Local\Temp\ccv6fGyr.s 			page 27


 731:Middlewares/LVGL/lvgl/src/core/lv_obj_style.c ****     p->selector = selector;
 732:Middlewares/LVGL/lvgl/src/core/lv_obj_style.c **** 
 733:Middlewares/LVGL/lvgl/src/core/lv_obj_style.c ****     lv_observer_t * observable = lv_subject_add_observer_obj(subject, bind_style_prop_observer_cb, 
 734:Middlewares/LVGL/lvgl/src/core/lv_obj_style.c ****     observable->auto_free_user_data = 1;
 735:Middlewares/LVGL/lvgl/src/core/lv_obj_style.c ****     return observable;
 736:Middlewares/LVGL/lvgl/src/core/lv_obj_style.c **** }
 737:Middlewares/LVGL/lvgl/src/core/lv_obj_style.c **** 
 738:Middlewares/LVGL/lvgl/src/core/lv_obj_style.c **** 
 739:Middlewares/LVGL/lvgl/src/core/lv_obj_style.c **** #endif /*LV_USE_OBSERVER*/
 740:Middlewares/LVGL/lvgl/src/core/lv_obj_style.c **** 
 741:Middlewares/LVGL/lvgl/src/core/lv_obj_style.c **** 
 742:Middlewares/LVGL/lvgl/src/core/lv_obj_style.c **** /**********************
 743:Middlewares/LVGL/lvgl/src/core/lv_obj_style.c ****  *   STATIC FUNCTIONS
 744:Middlewares/LVGL/lvgl/src/core/lv_obj_style.c ****  **********************/
 745:Middlewares/LVGL/lvgl/src/core/lv_obj_style.c **** 
 746:Middlewares/LVGL/lvgl/src/core/lv_obj_style.c **** /**
 747:Middlewares/LVGL/lvgl/src/core/lv_obj_style.c ****  * Get the local style of an object for a given part and for a given state.
 748:Middlewares/LVGL/lvgl/src/core/lv_obj_style.c ****  * If the local style for the part-state pair doesn't exist allocate and return it.
 749:Middlewares/LVGL/lvgl/src/core/lv_obj_style.c ****  * @param obj pointer to an object
 750:Middlewares/LVGL/lvgl/src/core/lv_obj_style.c ****  * @param selector OR-ed value of parts and state for which the style should be get
 751:Middlewares/LVGL/lvgl/src/core/lv_obj_style.c ****  * @return pointer to the local style
 752:Middlewares/LVGL/lvgl/src/core/lv_obj_style.c ****  */
 753:Middlewares/LVGL/lvgl/src/core/lv_obj_style.c **** static lv_style_t * get_local_style(lv_obj_t * obj, lv_style_selector_t selector)
 754:Middlewares/LVGL/lvgl/src/core/lv_obj_style.c **** {
 755:Middlewares/LVGL/lvgl/src/core/lv_obj_style.c ****     uint32_t i;
 756:Middlewares/LVGL/lvgl/src/core/lv_obj_style.c ****     for(i = 0; i < obj->style_cnt; i++) {
 757:Middlewares/LVGL/lvgl/src/core/lv_obj_style.c ****         if(obj->styles[i].is_local &&
 758:Middlewares/LVGL/lvgl/src/core/lv_obj_style.c ****            obj->styles[i].selector == selector) {
 759:Middlewares/LVGL/lvgl/src/core/lv_obj_style.c ****             return (lv_style_t *)obj->styles[i].style;
 760:Middlewares/LVGL/lvgl/src/core/lv_obj_style.c ****         }
 761:Middlewares/LVGL/lvgl/src/core/lv_obj_style.c ****     }
 762:Middlewares/LVGL/lvgl/src/core/lv_obj_style.c **** 
 763:Middlewares/LVGL/lvgl/src/core/lv_obj_style.c ****     obj->style_cnt++;
 764:Middlewares/LVGL/lvgl/src/core/lv_obj_style.c ****     LV_ASSERT(obj->style_cnt != 0);
 765:Middlewares/LVGL/lvgl/src/core/lv_obj_style.c ****     obj->styles = lv_realloc(obj->styles, obj->style_cnt * sizeof(lv_obj_style_t));
 766:Middlewares/LVGL/lvgl/src/core/lv_obj_style.c ****     LV_ASSERT_MALLOC(obj->styles);
 767:Middlewares/LVGL/lvgl/src/core/lv_obj_style.c **** 
 768:Middlewares/LVGL/lvgl/src/core/lv_obj_style.c ****     for(i = obj->style_cnt - 1; i > 0 ; i--) {
 769:Middlewares/LVGL/lvgl/src/core/lv_obj_style.c ****         /*Copy only normal styles (not local and transition).
 770:Middlewares/LVGL/lvgl/src/core/lv_obj_style.c ****          *The new local style will be added as the last local style*/
 771:Middlewares/LVGL/lvgl/src/core/lv_obj_style.c ****         if(obj->styles[i - 1].is_local || obj->styles[i - 1].is_trans) break;
 772:Middlewares/LVGL/lvgl/src/core/lv_obj_style.c ****         obj->styles[i] = obj->styles[i - 1];
 773:Middlewares/LVGL/lvgl/src/core/lv_obj_style.c ****     }
 774:Middlewares/LVGL/lvgl/src/core/lv_obj_style.c **** 
 775:Middlewares/LVGL/lvgl/src/core/lv_obj_style.c ****     lv_memzero(&obj->styles[i], sizeof(lv_obj_style_t));
 776:Middlewares/LVGL/lvgl/src/core/lv_obj_style.c ****     obj->styles[i].style = lv_malloc_zeroed(sizeof(lv_style_t));
 777:Middlewares/LVGL/lvgl/src/core/lv_obj_style.c ****     lv_style_init((lv_style_t *)obj->styles[i].style);
 778:Middlewares/LVGL/lvgl/src/core/lv_obj_style.c **** 
 779:Middlewares/LVGL/lvgl/src/core/lv_obj_style.c ****     obj->styles[i].is_local = 1;
 780:Middlewares/LVGL/lvgl/src/core/lv_obj_style.c ****     obj->styles[i].selector = selector;
 781:Middlewares/LVGL/lvgl/src/core/lv_obj_style.c ****     return (lv_style_t *)obj->styles[i].style;
 782:Middlewares/LVGL/lvgl/src/core/lv_obj_style.c **** }
 783:Middlewares/LVGL/lvgl/src/core/lv_obj_style.c **** 
 784:Middlewares/LVGL/lvgl/src/core/lv_obj_style.c **** /**
 785:Middlewares/LVGL/lvgl/src/core/lv_obj_style.c ****  * Get the transition style of an object for a given part and for a given state.
 786:Middlewares/LVGL/lvgl/src/core/lv_obj_style.c ****  * If the transition style for the part-state pair doesn't exist allocate and return it.
 787:Middlewares/LVGL/lvgl/src/core/lv_obj_style.c ****  * @param obj   pointer to an object
ARM GAS  C:\Users\w1785\AppData\Local\Temp\ccv6fGyr.s 			page 28


 788:Middlewares/LVGL/lvgl/src/core/lv_obj_style.c ****  * @param selector OR-ed value of parts and state for which the style should be get
 789:Middlewares/LVGL/lvgl/src/core/lv_obj_style.c ****  * @return pointer to the transition style
 790:Middlewares/LVGL/lvgl/src/core/lv_obj_style.c ****  */
 791:Middlewares/LVGL/lvgl/src/core/lv_obj_style.c **** static lv_obj_style_t * get_trans_style(lv_obj_t * obj,  lv_style_selector_t selector)
 792:Middlewares/LVGL/lvgl/src/core/lv_obj_style.c **** {
 793:Middlewares/LVGL/lvgl/src/core/lv_obj_style.c ****     uint32_t i;
 794:Middlewares/LVGL/lvgl/src/core/lv_obj_style.c ****     for(i = 0; i < obj->style_cnt; i++) {
 795:Middlewares/LVGL/lvgl/src/core/lv_obj_style.c ****         if(obj->styles[i].is_trans && obj->styles[i].selector == selector) break;
 796:Middlewares/LVGL/lvgl/src/core/lv_obj_style.c ****     }
 797:Middlewares/LVGL/lvgl/src/core/lv_obj_style.c **** 
 798:Middlewares/LVGL/lvgl/src/core/lv_obj_style.c ****     /*Already have a transition style for it*/
 799:Middlewares/LVGL/lvgl/src/core/lv_obj_style.c ****     if(i != obj->style_cnt) return &obj->styles[i];
 800:Middlewares/LVGL/lvgl/src/core/lv_obj_style.c **** 
 801:Middlewares/LVGL/lvgl/src/core/lv_obj_style.c ****     obj->style_cnt++;
 802:Middlewares/LVGL/lvgl/src/core/lv_obj_style.c ****     LV_ASSERT(obj->style_cnt != 0);
 803:Middlewares/LVGL/lvgl/src/core/lv_obj_style.c ****     obj->styles = lv_realloc(obj->styles, obj->style_cnt * sizeof(lv_obj_style_t));
 804:Middlewares/LVGL/lvgl/src/core/lv_obj_style.c **** 
 805:Middlewares/LVGL/lvgl/src/core/lv_obj_style.c ****     for(i = obj->style_cnt - 1; i > 0 ; i--) {
 806:Middlewares/LVGL/lvgl/src/core/lv_obj_style.c ****         obj->styles[i] = obj->styles[i - 1];
 807:Middlewares/LVGL/lvgl/src/core/lv_obj_style.c ****     }
 808:Middlewares/LVGL/lvgl/src/core/lv_obj_style.c **** 
 809:Middlewares/LVGL/lvgl/src/core/lv_obj_style.c ****     lv_memzero(&obj->styles[0], sizeof(lv_obj_style_t));
 810:Middlewares/LVGL/lvgl/src/core/lv_obj_style.c ****     obj->styles[0].style = lv_malloc(sizeof(lv_style_t));
 811:Middlewares/LVGL/lvgl/src/core/lv_obj_style.c ****     lv_style_init((lv_style_t *)obj->styles[0].style);
 812:Middlewares/LVGL/lvgl/src/core/lv_obj_style.c **** 
 813:Middlewares/LVGL/lvgl/src/core/lv_obj_style.c ****     obj->styles[0].is_trans = 1;
 814:Middlewares/LVGL/lvgl/src/core/lv_obj_style.c ****     obj->styles[0].selector = selector;
 815:Middlewares/LVGL/lvgl/src/core/lv_obj_style.c ****     return &obj->styles[0];
 816:Middlewares/LVGL/lvgl/src/core/lv_obj_style.c **** }
 817:Middlewares/LVGL/lvgl/src/core/lv_obj_style.c **** 
 818:Middlewares/LVGL/lvgl/src/core/lv_obj_style.c **** static lv_style_res_t get_prop_core(const lv_obj_t * obj, lv_style_selector_t selector, lv_style_pr
 819:Middlewares/LVGL/lvgl/src/core/lv_obj_style.c ****                                     lv_style_value_t * v)
 820:Middlewares/LVGL/lvgl/src/core/lv_obj_style.c **** {
 173              		.loc 1 820 1 is_stmt 1 view -0
 174              		.cfi_startproc
 175              		@ args = 0, pretend = 0, frame = 8
 176              		@ frame_needed = 0, uses_anonymous_args = 0
 177              		.loc 1 820 1 is_stmt 0 view .LVU52
 178 0000 2DE9F04F 		push	{r4, r5, r6, r7, r8, r9, r10, fp, lr}
 179              	.LCFI1:
 180              		.cfi_def_cfa_offset 36
 181              		.cfi_offset 4, -36
 182              		.cfi_offset 5, -32
 183              		.cfi_offset 6, -28
 184              		.cfi_offset 7, -24
 185              		.cfi_offset 8, -20
 186              		.cfi_offset 9, -16
 187              		.cfi_offset 10, -12
 188              		.cfi_offset 11, -8
 189              		.cfi_offset 14, -4
 190 0004 83B0     		sub	sp, sp, #12
 191              	.LCFI2:
 192              		.cfi_def_cfa_offset 48
 193 0006 0546     		mov	r5, r0
 194 0008 9046     		mov	r8, r2
 195 000a 0093     		str	r3, [sp]
 821:Middlewares/LVGL/lvgl/src/core/lv_obj_style.c **** 
ARM GAS  C:\Users\w1785\AppData\Local\Temp\ccv6fGyr.s 			page 29


 822:Middlewares/LVGL/lvgl/src/core/lv_obj_style.c ****     const uint32_t group = (uint32_t)1 << lv_style_get_prop_group(prop);
 196              		.loc 1 822 5 is_stmt 1 view .LVU53
 197              	.LVL17:
 198              	.LBB134:
 199              	.LBI134:
 555:Middlewares/LVGL/lvgl/src/core/../misc/lv_style.h **** 
 556:Middlewares/LVGL/lvgl/src/core/../misc/lv_style.h **** /**
 557:Middlewares/LVGL/lvgl/src/core/../misc/lv_style.h ****  * Checks if a style is empty (has no properties)
 558:Middlewares/LVGL/lvgl/src/core/../misc/lv_style.h ****  * @param style pointer to a style
 559:Middlewares/LVGL/lvgl/src/core/../misc/lv_style.h ****  * @return true if the style is empty
 560:Middlewares/LVGL/lvgl/src/core/../misc/lv_style.h ****  */
 561:Middlewares/LVGL/lvgl/src/core/../misc/lv_style.h **** bool lv_style_is_empty(const lv_style_t * style);
 562:Middlewares/LVGL/lvgl/src/core/../misc/lv_style.h **** 
 563:Middlewares/LVGL/lvgl/src/core/../misc/lv_style.h **** /**
 564:Middlewares/LVGL/lvgl/src/core/../misc/lv_style.h ****  * Tell the group of a property. If the a property from a group is set in a style the (1 << group) 
 565:Middlewares/LVGL/lvgl/src/core/../misc/lv_style.h ****  * It allows early skipping the style if the property is not exists in the style at all.
 566:Middlewares/LVGL/lvgl/src/core/../misc/lv_style.h ****  * @param prop a style property
 567:Middlewares/LVGL/lvgl/src/core/../misc/lv_style.h ****  * @return the group [0..30] 30 means all the custom properties with index > 120
 568:Middlewares/LVGL/lvgl/src/core/../misc/lv_style.h ****  */
 569:Middlewares/LVGL/lvgl/src/core/../misc/lv_style.h **** static inline uint32_t lv_style_get_prop_group(lv_style_prop_t prop)
 200              		.loc 2 569 24 view .LVU54
 201              	.LBB135:
 570:Middlewares/LVGL/lvgl/src/core/../misc/lv_style.h **** {
 571:Middlewares/LVGL/lvgl/src/core/../misc/lv_style.h ****     uint32_t group = prop >> 2;
 202              		.loc 2 571 5 view .LVU55
 203              		.loc 2 571 27 is_stmt 0 view .LVU56
 204 000c 9308     		lsrs	r3, r2, #2
 205              	.LVL18:
 572:Middlewares/LVGL/lvgl/src/core/../misc/lv_style.h ****     if(group > 30) group = 31;    /*The MSB marks all the custom properties*/
 206              		.loc 2 572 5 is_stmt 1 view .LVU57
 207              		.loc 2 572 7 is_stmt 0 view .LVU58
 208 000e 7B2A     		cmp	r2, #123
 209 0010 12D8     		bhi	.L30
 210              	.LVL19:
 211              	.L15:
 573:Middlewares/LVGL/lvgl/src/core/../misc/lv_style.h ****     return group;
 212              		.loc 2 573 5 is_stmt 1 view .LVU59
 213              		.loc 2 573 5 is_stmt 0 view .LVU60
 214              	.LBE135:
 215              	.LBE134:
 216              		.loc 1 822 20 discriminator 1 view .LVU61
 217 0012 0126     		movs	r6, #1
 218 0014 9E40     		lsls	r6, r6, r3
 219              	.LVL20:
 823:Middlewares/LVGL/lvgl/src/core/lv_obj_style.c ****     const lv_part_t part = lv_obj_style_get_selector_part(selector);
 220              		.loc 1 823 5 is_stmt 1 view .LVU62
 221              	.LBB137:
 222              	.LBI137:
 223              		.file 3 "Middlewares/LVGL/lvgl/src/core/lv_obj_style.h"
   1:Middlewares/LVGL/lvgl/src/core/lv_obj_style.h **** /**
   2:Middlewares/LVGL/lvgl/src/core/lv_obj_style.h ****  * @file lv_obj_style.h
   3:Middlewares/LVGL/lvgl/src/core/lv_obj_style.h ****  *
   4:Middlewares/LVGL/lvgl/src/core/lv_obj_style.h ****  */
   5:Middlewares/LVGL/lvgl/src/core/lv_obj_style.h **** 
   6:Middlewares/LVGL/lvgl/src/core/lv_obj_style.h **** #ifndef LV_OBJ_STYLE_H
   7:Middlewares/LVGL/lvgl/src/core/lv_obj_style.h **** #define LV_OBJ_STYLE_H
   8:Middlewares/LVGL/lvgl/src/core/lv_obj_style.h **** 
ARM GAS  C:\Users\w1785\AppData\Local\Temp\ccv6fGyr.s 			page 30


   9:Middlewares/LVGL/lvgl/src/core/lv_obj_style.h **** #ifdef __cplusplus
  10:Middlewares/LVGL/lvgl/src/core/lv_obj_style.h **** extern "C" {
  11:Middlewares/LVGL/lvgl/src/core/lv_obj_style.h **** #endif
  12:Middlewares/LVGL/lvgl/src/core/lv_obj_style.h **** 
  13:Middlewares/LVGL/lvgl/src/core/lv_obj_style.h **** /*********************
  14:Middlewares/LVGL/lvgl/src/core/lv_obj_style.h ****  *      INCLUDES
  15:Middlewares/LVGL/lvgl/src/core/lv_obj_style.h ****  *********************/
  16:Middlewares/LVGL/lvgl/src/core/lv_obj_style.h **** #include "../misc/lv_bidi.h"
  17:Middlewares/LVGL/lvgl/src/core/lv_obj_style.h **** #include "../misc/lv_style.h"
  18:Middlewares/LVGL/lvgl/src/core/lv_obj_style.h **** #include "../misc/lv_types.h"
  19:Middlewares/LVGL/lvgl/src/core/lv_obj_style.h **** 
  20:Middlewares/LVGL/lvgl/src/core/lv_obj_style.h **** /*********************
  21:Middlewares/LVGL/lvgl/src/core/lv_obj_style.h ****  *      DEFINES
  22:Middlewares/LVGL/lvgl/src/core/lv_obj_style.h ****  *********************/
  23:Middlewares/LVGL/lvgl/src/core/lv_obj_style.h **** 
  24:Middlewares/LVGL/lvgl/src/core/lv_obj_style.h **** /**********************
  25:Middlewares/LVGL/lvgl/src/core/lv_obj_style.h ****  *      TYPEDEFS
  26:Middlewares/LVGL/lvgl/src/core/lv_obj_style.h ****  **********************/
  27:Middlewares/LVGL/lvgl/src/core/lv_obj_style.h **** 
  28:Middlewares/LVGL/lvgl/src/core/lv_obj_style.h **** /**
  29:Middlewares/LVGL/lvgl/src/core/lv_obj_style.h ****  * Possible states of a widget.
  30:Middlewares/LVGL/lvgl/src/core/lv_obj_style.h ****  * OR-ed values are possible
  31:Middlewares/LVGL/lvgl/src/core/lv_obj_style.h ****  */
  32:Middlewares/LVGL/lvgl/src/core/lv_obj_style.h **** typedef enum {
  33:Middlewares/LVGL/lvgl/src/core/lv_obj_style.h ****     LV_STATE_DEFAULT     = 0,
  34:Middlewares/LVGL/lvgl/src/core/lv_obj_style.h ****     LV_STATE_ALT         = 1 << 0,
  35:Middlewares/LVGL/lvgl/src/core/lv_obj_style.h ****     /*1 reserved*/
  36:Middlewares/LVGL/lvgl/src/core/lv_obj_style.h ****     LV_STATE_CHECKED     = 1 << 2,
  37:Middlewares/LVGL/lvgl/src/core/lv_obj_style.h ****     LV_STATE_FOCUSED     = 1 << 3,
  38:Middlewares/LVGL/lvgl/src/core/lv_obj_style.h ****     LV_STATE_FOCUS_KEY   = 1 << 4,
  39:Middlewares/LVGL/lvgl/src/core/lv_obj_style.h ****     LV_STATE_EDITED      = 1 << 5,
  40:Middlewares/LVGL/lvgl/src/core/lv_obj_style.h ****     LV_STATE_HOVERED     = 1 << 6,
  41:Middlewares/LVGL/lvgl/src/core/lv_obj_style.h ****     LV_STATE_PRESSED     = 1 << 7,
  42:Middlewares/LVGL/lvgl/src/core/lv_obj_style.h ****     LV_STATE_SCROLLED    = 1 << 8,
  43:Middlewares/LVGL/lvgl/src/core/lv_obj_style.h ****     LV_STATE_DISABLED    = 1 << 9,
  44:Middlewares/LVGL/lvgl/src/core/lv_obj_style.h ****     /*2 reserved*/
  45:Middlewares/LVGL/lvgl/src/core/lv_obj_style.h ****     LV_STATE_USER_1      = 1 << 12,
  46:Middlewares/LVGL/lvgl/src/core/lv_obj_style.h ****     LV_STATE_USER_2      = 1 << 13,
  47:Middlewares/LVGL/lvgl/src/core/lv_obj_style.h ****     LV_STATE_USER_3      = 1 << 14,
  48:Middlewares/LVGL/lvgl/src/core/lv_obj_style.h ****     LV_STATE_USER_4      = 1 << 15,
  49:Middlewares/LVGL/lvgl/src/core/lv_obj_style.h **** 
  50:Middlewares/LVGL/lvgl/src/core/lv_obj_style.h ****     LV_STATE_ANY         = 0xFFFF,  /**< Special value can be used in some functions to target all 
  51:Middlewares/LVGL/lvgl/src/core/lv_obj_style.h **** } lv_state_t;
  52:Middlewares/LVGL/lvgl/src/core/lv_obj_style.h **** 
  53:Middlewares/LVGL/lvgl/src/core/lv_obj_style.h **** /**
  54:Middlewares/LVGL/lvgl/src/core/lv_obj_style.h ****  * The possible parts of widgets.
  55:Middlewares/LVGL/lvgl/src/core/lv_obj_style.h ****  * The parts can be considered as the internal building block of the widgets.
  56:Middlewares/LVGL/lvgl/src/core/lv_obj_style.h ****  * E.g. slider = background + indicator + knob
  57:Middlewares/LVGL/lvgl/src/core/lv_obj_style.h ****  * Not all parts are used by every widget
  58:Middlewares/LVGL/lvgl/src/core/lv_obj_style.h ****  */
  59:Middlewares/LVGL/lvgl/src/core/lv_obj_style.h **** 
  60:Middlewares/LVGL/lvgl/src/core/lv_obj_style.h **** typedef enum {
  61:Middlewares/LVGL/lvgl/src/core/lv_obj_style.h ****     LV_PART_MAIN         = 0x000000,  /**< A background like rectangle*/
  62:Middlewares/LVGL/lvgl/src/core/lv_obj_style.h ****     LV_PART_SCROLLBAR    = 0x010000,  /**< The scrollbar(s)*/
  63:Middlewares/LVGL/lvgl/src/core/lv_obj_style.h ****     LV_PART_INDICATOR    = 0x020000,  /**< Indicator, e.g. for slider, bar, switch, or the tick box
  64:Middlewares/LVGL/lvgl/src/core/lv_obj_style.h ****     LV_PART_KNOB         = 0x030000,  /**< Like handle to grab to adjust the value*/
  65:Middlewares/LVGL/lvgl/src/core/lv_obj_style.h ****     LV_PART_SELECTED     = 0x040000,  /**< Indicate the currently selected option or section*/
ARM GAS  C:\Users\w1785\AppData\Local\Temp\ccv6fGyr.s 			page 31


  66:Middlewares/LVGL/lvgl/src/core/lv_obj_style.h ****     LV_PART_ITEMS        = 0x050000,  /**< Used if the widget has multiple similar elements (e.g. t
  67:Middlewares/LVGL/lvgl/src/core/lv_obj_style.h ****     LV_PART_CURSOR       = 0x060000,  /**< Mark a specific place e.g. for text area's cursor or on 
  68:Middlewares/LVGL/lvgl/src/core/lv_obj_style.h **** 
  69:Middlewares/LVGL/lvgl/src/core/lv_obj_style.h ****     LV_PART_CUSTOM_FIRST = 0x080000,  /**< Extension point for custom widgets*/
  70:Middlewares/LVGL/lvgl/src/core/lv_obj_style.h **** 
  71:Middlewares/LVGL/lvgl/src/core/lv_obj_style.h ****     LV_PART_ANY          = 0x0F0000,  /**< Special value can be used in some functions to target al
  72:Middlewares/LVGL/lvgl/src/core/lv_obj_style.h **** } lv_part_t;
  73:Middlewares/LVGL/lvgl/src/core/lv_obj_style.h **** 
  74:Middlewares/LVGL/lvgl/src/core/lv_obj_style.h **** typedef enum {
  75:Middlewares/LVGL/lvgl/src/core/lv_obj_style.h ****     LV_STYLE_STATE_CMP_SAME,           /**< The style properties in the 2 states are identical */
  76:Middlewares/LVGL/lvgl/src/core/lv_obj_style.h ****     LV_STYLE_STATE_CMP_DIFF_REDRAW,    /**< The differences can be shown with a simple redraw */
  77:Middlewares/LVGL/lvgl/src/core/lv_obj_style.h ****     LV_STYLE_STATE_CMP_DIFF_DRAW_PAD,  /**< The differences can be shown with a simple redraw */
  78:Middlewares/LVGL/lvgl/src/core/lv_obj_style.h ****     LV_STYLE_STATE_CMP_DIFF_LAYOUT,    /**< The differences can be shown with a simple redraw */
  79:Middlewares/LVGL/lvgl/src/core/lv_obj_style.h **** } lv_style_state_cmp_t;
  80:Middlewares/LVGL/lvgl/src/core/lv_obj_style.h **** 
  81:Middlewares/LVGL/lvgl/src/core/lv_obj_style.h **** /**
  82:Middlewares/LVGL/lvgl/src/core/lv_obj_style.h ****  * A joint type for `lv_part_t` and `lv_state_t`. Example values
  83:Middlewares/LVGL/lvgl/src/core/lv_obj_style.h ****  * - `0`: means `LV_PART_MAIN | LV_STATE_DEFAULT`
  84:Middlewares/LVGL/lvgl/src/core/lv_obj_style.h ****  * - `LV_STATE_PRSSED`
  85:Middlewares/LVGL/lvgl/src/core/lv_obj_style.h ****  * - `LV_PART_KNOB`
  86:Middlewares/LVGL/lvgl/src/core/lv_obj_style.h ****  * - `LV_PART_KNOB | LV_STATE_PRESSED | LV_STATE_CHECKED`
  87:Middlewares/LVGL/lvgl/src/core/lv_obj_style.h ****  */
  88:Middlewares/LVGL/lvgl/src/core/lv_obj_style.h **** typedef uint32_t lv_style_selector_t;
  89:Middlewares/LVGL/lvgl/src/core/lv_obj_style.h **** 
  90:Middlewares/LVGL/lvgl/src/core/lv_obj_style.h **** /**********************
  91:Middlewares/LVGL/lvgl/src/core/lv_obj_style.h ****  * GLOBAL PROTOTYPES
  92:Middlewares/LVGL/lvgl/src/core/lv_obj_style.h ****  **********************/
  93:Middlewares/LVGL/lvgl/src/core/lv_obj_style.h **** 
  94:Middlewares/LVGL/lvgl/src/core/lv_obj_style.h **** /**
  95:Middlewares/LVGL/lvgl/src/core/lv_obj_style.h ****  * Add a style to an object.
  96:Middlewares/LVGL/lvgl/src/core/lv_obj_style.h ****  * @param obj       pointer to an object
  97:Middlewares/LVGL/lvgl/src/core/lv_obj_style.h ****  * @param style     pointer to a style to add
  98:Middlewares/LVGL/lvgl/src/core/lv_obj_style.h ****  * @param selector  OR-ed value of parts and state to which the style should be added
  99:Middlewares/LVGL/lvgl/src/core/lv_obj_style.h ****  *
 100:Middlewares/LVGL/lvgl/src/core/lv_obj_style.h ****  * Examples:
 101:Middlewares/LVGL/lvgl/src/core/lv_obj_style.h ****  * @code
 102:Middlewares/LVGL/lvgl/src/core/lv_obj_style.h ****  * lv_obj_add_style(btn, &style_btn, 0); //Default button style
 103:Middlewares/LVGL/lvgl/src/core/lv_obj_style.h ****  *
 104:Middlewares/LVGL/lvgl/src/core/lv_obj_style.h ****  * lv_obj_add_style(btn, &btn_red, LV_STATE_PRESSED); //Overwrite only some colors to red when pres
 105:Middlewares/LVGL/lvgl/src/core/lv_obj_style.h ****  * @endcode
 106:Middlewares/LVGL/lvgl/src/core/lv_obj_style.h ****  */
 107:Middlewares/LVGL/lvgl/src/core/lv_obj_style.h **** void lv_obj_add_style(lv_obj_t * obj, const lv_style_t * style, lv_style_selector_t selector);
 108:Middlewares/LVGL/lvgl/src/core/lv_obj_style.h **** 
 109:Middlewares/LVGL/lvgl/src/core/lv_obj_style.h **** /**
 110:Middlewares/LVGL/lvgl/src/core/lv_obj_style.h ****  * Replaces a style of an object, preserving the order of the style stack (local styles and transit
 111:Middlewares/LVGL/lvgl/src/core/lv_obj_style.h ****  * @param obj           pointer to an object
 112:Middlewares/LVGL/lvgl/src/core/lv_obj_style.h ****  * @param old_style     pointer to a style to replace.
 113:Middlewares/LVGL/lvgl/src/core/lv_obj_style.h ****  * @param new_style     pointer to a style to replace the old style with.
 114:Middlewares/LVGL/lvgl/src/core/lv_obj_style.h ****  * @param selector      OR-ed values of states and a part to replace only styles with matching sele
 115:Middlewares/LVGL/lvgl/src/core/lv_obj_style.h ****  *
 116:Middlewares/LVGL/lvgl/src/core/lv_obj_style.h ****  * Examples:
 117:Middlewares/LVGL/lvgl/src/core/lv_obj_style.h ****  * @code
 118:Middlewares/LVGL/lvgl/src/core/lv_obj_style.h ****  * lv_obj_replace_style(obj, &yellow_style, &blue_style, LV_PART_ANY | LV_STATE_ANY); //Replace a s
 119:Middlewares/LVGL/lvgl/src/core/lv_obj_style.h ****  *
 120:Middlewares/LVGL/lvgl/src/core/lv_obj_style.h ****  * lv_obj_replace_style(obj, &yellow_style, &blue_style, LV_PART_MAIN | LV_STATE_PRESSED); //Replac
 121:Middlewares/LVGL/lvgl/src/core/lv_obj_style.h ****  * @endcode
 122:Middlewares/LVGL/lvgl/src/core/lv_obj_style.h ****  */
ARM GAS  C:\Users\w1785\AppData\Local\Temp\ccv6fGyr.s 			page 32


 123:Middlewares/LVGL/lvgl/src/core/lv_obj_style.h **** bool lv_obj_replace_style(lv_obj_t * obj, const lv_style_t * old_style, const lv_style_t * new_styl
 124:Middlewares/LVGL/lvgl/src/core/lv_obj_style.h ****                           lv_style_selector_t selector);
 125:Middlewares/LVGL/lvgl/src/core/lv_obj_style.h **** 
 126:Middlewares/LVGL/lvgl/src/core/lv_obj_style.h **** /**
 127:Middlewares/LVGL/lvgl/src/core/lv_obj_style.h ****  * Remove a style from an object.
 128:Middlewares/LVGL/lvgl/src/core/lv_obj_style.h ****  * @param obj       pointer to an object
 129:Middlewares/LVGL/lvgl/src/core/lv_obj_style.h ****  * @param style     pointer to a style to remove. Can be NULL to check only the selector
 130:Middlewares/LVGL/lvgl/src/core/lv_obj_style.h ****  * @param selector  OR-ed values of states and a part to remove only styles with matching selectors
 131:Middlewares/LVGL/lvgl/src/core/lv_obj_style.h ****  *
 132:Middlewares/LVGL/lvgl/src/core/lv_obj_style.h ****  * Examples:
 133:Middlewares/LVGL/lvgl/src/core/lv_obj_style.h ****  * @code
 134:Middlewares/LVGL/lvgl/src/core/lv_obj_style.h ****  * lv_obj_remove_style(obj, &style, LV_PART_ANY | LV_STATE_ANY); //Remove a specific style
 135:Middlewares/LVGL/lvgl/src/core/lv_obj_style.h ****  *
 136:Middlewares/LVGL/lvgl/src/core/lv_obj_style.h ****  * lv_obj_remove_style(obj, NULL, LV_PART_MAIN | LV_STATE_ANY); //Remove all styles from the main p
 137:Middlewares/LVGL/lvgl/src/core/lv_obj_style.h ****  *
 138:Middlewares/LVGL/lvgl/src/core/lv_obj_style.h ****  * lv_obj_remove_style(obj, NULL, LV_PART_ANY | LV_STATE_ANY); //Remove all styles
 139:Middlewares/LVGL/lvgl/src/core/lv_obj_style.h ****  * @endcode
 140:Middlewares/LVGL/lvgl/src/core/lv_obj_style.h ****  */
 141:Middlewares/LVGL/lvgl/src/core/lv_obj_style.h **** void lv_obj_remove_style(lv_obj_t * obj, const lv_style_t * style, lv_style_selector_t selector);
 142:Middlewares/LVGL/lvgl/src/core/lv_obj_style.h **** 
 143:Middlewares/LVGL/lvgl/src/core/lv_obj_style.h **** 
 144:Middlewares/LVGL/lvgl/src/core/lv_obj_style.h **** /**
 145:Middlewares/LVGL/lvgl/src/core/lv_obj_style.h ****  * Remove all styles added by a theme from a widget
 146:Middlewares/LVGL/lvgl/src/core/lv_obj_style.h ****  * @param selector  OR-ed values of states and a part to remove only styles with matching selectors
 147:Middlewares/LVGL/lvgl/src/core/lv_obj_style.h ****  *                  LV_STATE_ANY and LV_PART_ANY can be used
 148:Middlewares/LVGL/lvgl/src/core/lv_obj_style.h ****  * @param obj   pointer to a widget
 149:Middlewares/LVGL/lvgl/src/core/lv_obj_style.h ****  */
 150:Middlewares/LVGL/lvgl/src/core/lv_obj_style.h **** void lv_obj_remove_theme(lv_obj_t * obj, lv_style_selector_t selector);
 151:Middlewares/LVGL/lvgl/src/core/lv_obj_style.h **** 
 152:Middlewares/LVGL/lvgl/src/core/lv_obj_style.h **** /**
 153:Middlewares/LVGL/lvgl/src/core/lv_obj_style.h ****  * Remove all styles from an object
 154:Middlewares/LVGL/lvgl/src/core/lv_obj_style.h ****  * @param obj       pointer to an object
 155:Middlewares/LVGL/lvgl/src/core/lv_obj_style.h ****  */
 156:Middlewares/LVGL/lvgl/src/core/lv_obj_style.h **** void lv_obj_remove_style_all(lv_obj_t * obj);
 157:Middlewares/LVGL/lvgl/src/core/lv_obj_style.h **** 
 158:Middlewares/LVGL/lvgl/src/core/lv_obj_style.h **** /**
 159:Middlewares/LVGL/lvgl/src/core/lv_obj_style.h ****  * Notify all object if a style is modified
 160:Middlewares/LVGL/lvgl/src/core/lv_obj_style.h ****  * @param style     pointer to a style. Only the objects with this style will be notified
 161:Middlewares/LVGL/lvgl/src/core/lv_obj_style.h ****  *                  (NULL to notify all objects)
 162:Middlewares/LVGL/lvgl/src/core/lv_obj_style.h ****  */
 163:Middlewares/LVGL/lvgl/src/core/lv_obj_style.h **** void lv_obj_report_style_change(lv_style_t * style);
 164:Middlewares/LVGL/lvgl/src/core/lv_obj_style.h **** 
 165:Middlewares/LVGL/lvgl/src/core/lv_obj_style.h **** /**
 166:Middlewares/LVGL/lvgl/src/core/lv_obj_style.h ****  * Notify an object and its children about its style is modified.
 167:Middlewares/LVGL/lvgl/src/core/lv_obj_style.h ****  * @param obj       pointer to an object
 168:Middlewares/LVGL/lvgl/src/core/lv_obj_style.h ****  * @param part      the part whose style was changed. E.g. `LV_PART_ANY`, `LV_PART_MAIN`
 169:Middlewares/LVGL/lvgl/src/core/lv_obj_style.h ****  * @param prop      `LV_STYLE_PROP_ANY` or an `LV_STYLE_...` property.
 170:Middlewares/LVGL/lvgl/src/core/lv_obj_style.h ****  *                  It is used to optimize what needs to be refreshed.
 171:Middlewares/LVGL/lvgl/src/core/lv_obj_style.h ****  *                  `LV_STYLE_PROP_INV` to perform only a style cache update
 172:Middlewares/LVGL/lvgl/src/core/lv_obj_style.h ****  */
 173:Middlewares/LVGL/lvgl/src/core/lv_obj_style.h **** void lv_obj_refresh_style(lv_obj_t * obj, lv_part_t part, lv_style_prop_t prop);
 174:Middlewares/LVGL/lvgl/src/core/lv_obj_style.h **** 
 175:Middlewares/LVGL/lvgl/src/core/lv_obj_style.h **** /**
 176:Middlewares/LVGL/lvgl/src/core/lv_obj_style.h ****  * Temporary disable a style for a selector. It will look like is the style wasn't added
 177:Middlewares/LVGL/lvgl/src/core/lv_obj_style.h ****  * @param obj       pointer to an object
 178:Middlewares/LVGL/lvgl/src/core/lv_obj_style.h ****  * @param style     pointer to a style
 179:Middlewares/LVGL/lvgl/src/core/lv_obj_style.h ****  * @param selector  the selector of a style (e.g. LV_STATE_PRESSED | LV_PART_KNOB)
ARM GAS  C:\Users\w1785\AppData\Local\Temp\ccv6fGyr.s 			page 33


 180:Middlewares/LVGL/lvgl/src/core/lv_obj_style.h ****  * @param dis       true: disable the style, false: enable the style
 181:Middlewares/LVGL/lvgl/src/core/lv_obj_style.h ****  */
 182:Middlewares/LVGL/lvgl/src/core/lv_obj_style.h **** void lv_obj_style_set_disabled(lv_obj_t * obj, const lv_style_t * style, lv_style_selector_t select
 183:Middlewares/LVGL/lvgl/src/core/lv_obj_style.h **** 
 184:Middlewares/LVGL/lvgl/src/core/lv_obj_style.h **** /**
 185:Middlewares/LVGL/lvgl/src/core/lv_obj_style.h ****  * Get if a given style is disabled on an object.
 186:Middlewares/LVGL/lvgl/src/core/lv_obj_style.h ****  * @param obj       pointer to an object
 187:Middlewares/LVGL/lvgl/src/core/lv_obj_style.h ****  * @param style     pointer to a style
 188:Middlewares/LVGL/lvgl/src/core/lv_obj_style.h ****  * @param selector  the selector of a style (e.g. LV_STATE_PRESSED | LV_PART_KNOB)
 189:Middlewares/LVGL/lvgl/src/core/lv_obj_style.h ****  * @return          true: disable the style, false: enable the style
 190:Middlewares/LVGL/lvgl/src/core/lv_obj_style.h ****  */
 191:Middlewares/LVGL/lvgl/src/core/lv_obj_style.h **** bool lv_obj_style_get_disabled(lv_obj_t * obj, const lv_style_t * style, lv_style_selector_t select
 192:Middlewares/LVGL/lvgl/src/core/lv_obj_style.h **** 
 193:Middlewares/LVGL/lvgl/src/core/lv_obj_style.h **** /**
 194:Middlewares/LVGL/lvgl/src/core/lv_obj_style.h ****  * Enable or disable automatic style refreshing when a new style is added/removed to/from an object
 195:Middlewares/LVGL/lvgl/src/core/lv_obj_style.h ****  * or any other style change happens.
 196:Middlewares/LVGL/lvgl/src/core/lv_obj_style.h ****  * @param en        true: enable refreshing; false: disable refreshing
 197:Middlewares/LVGL/lvgl/src/core/lv_obj_style.h ****  */
 198:Middlewares/LVGL/lvgl/src/core/lv_obj_style.h **** void lv_obj_enable_style_refresh(bool en);
 199:Middlewares/LVGL/lvgl/src/core/lv_obj_style.h **** 
 200:Middlewares/LVGL/lvgl/src/core/lv_obj_style.h **** /**
 201:Middlewares/LVGL/lvgl/src/core/lv_obj_style.h ****  * Get the value of a style property. The current state of the object will be considered.
 202:Middlewares/LVGL/lvgl/src/core/lv_obj_style.h ****  * Inherited properties will be inherited.
 203:Middlewares/LVGL/lvgl/src/core/lv_obj_style.h ****  * If a property is not set a default value will be returned.
 204:Middlewares/LVGL/lvgl/src/core/lv_obj_style.h ****  * @param obj       pointer to an object
 205:Middlewares/LVGL/lvgl/src/core/lv_obj_style.h ****  * @param part      a part from which the property should be get
 206:Middlewares/LVGL/lvgl/src/core/lv_obj_style.h ****  * @param prop      the property to get
 207:Middlewares/LVGL/lvgl/src/core/lv_obj_style.h ****  * @return          the value of the property.
 208:Middlewares/LVGL/lvgl/src/core/lv_obj_style.h ****  *                  Should be read from the correct field of the `lv_style_value_t` according to th
 209:Middlewares/LVGL/lvgl/src/core/lv_obj_style.h ****  */
 210:Middlewares/LVGL/lvgl/src/core/lv_obj_style.h **** lv_style_value_t lv_obj_get_style_prop(const lv_obj_t * obj, lv_part_t part, lv_style_prop_t prop);
 211:Middlewares/LVGL/lvgl/src/core/lv_obj_style.h **** 
 212:Middlewares/LVGL/lvgl/src/core/lv_obj_style.h **** /**
 213:Middlewares/LVGL/lvgl/src/core/lv_obj_style.h ****  * Check if an object has a specified style property for a given style selector.
 214:Middlewares/LVGL/lvgl/src/core/lv_obj_style.h ****  * @param obj       pointer to an object
 215:Middlewares/LVGL/lvgl/src/core/lv_obj_style.h ****  * @param selector  the style selector to be checked, defining the scope of the style to be examine
 216:Middlewares/LVGL/lvgl/src/core/lv_obj_style.h ****  * @param prop      the property to be checked.
 217:Middlewares/LVGL/lvgl/src/core/lv_obj_style.h ****  * @return          true if the object has the specified selector and property, false otherwise.
 218:Middlewares/LVGL/lvgl/src/core/lv_obj_style.h ****  */
 219:Middlewares/LVGL/lvgl/src/core/lv_obj_style.h **** bool lv_obj_has_style_prop(const lv_obj_t * obj, lv_style_selector_t selector, lv_style_prop_t prop
 220:Middlewares/LVGL/lvgl/src/core/lv_obj_style.h **** 
 221:Middlewares/LVGL/lvgl/src/core/lv_obj_style.h **** /**
 222:Middlewares/LVGL/lvgl/src/core/lv_obj_style.h ****  * Set local style property on an object's part and state.
 223:Middlewares/LVGL/lvgl/src/core/lv_obj_style.h ****  * @param obj       pointer to an object
 224:Middlewares/LVGL/lvgl/src/core/lv_obj_style.h ****  * @param prop      the property
 225:Middlewares/LVGL/lvgl/src/core/lv_obj_style.h ****  * @param value     value of the property. The correct element should be set according to the type 
 226:Middlewares/LVGL/lvgl/src/core/lv_obj_style.h ****  * @param selector  OR-ed value of parts and state for which the style should be set
 227:Middlewares/LVGL/lvgl/src/core/lv_obj_style.h ****  */
 228:Middlewares/LVGL/lvgl/src/core/lv_obj_style.h **** void lv_obj_set_local_style_prop(lv_obj_t * obj, lv_style_prop_t prop, lv_style_value_t value,
 229:Middlewares/LVGL/lvgl/src/core/lv_obj_style.h ****                                  lv_style_selector_t selector);
 230:Middlewares/LVGL/lvgl/src/core/lv_obj_style.h **** 
 231:Middlewares/LVGL/lvgl/src/core/lv_obj_style.h **** lv_style_res_t lv_obj_get_local_style_prop(lv_obj_t * obj, lv_style_prop_t prop, lv_style_value_t *
 232:Middlewares/LVGL/lvgl/src/core/lv_obj_style.h ****                                            lv_style_selector_t selector);
 233:Middlewares/LVGL/lvgl/src/core/lv_obj_style.h **** 
 234:Middlewares/LVGL/lvgl/src/core/lv_obj_style.h **** /**
 235:Middlewares/LVGL/lvgl/src/core/lv_obj_style.h ****  * Remove a local style property from a part of an object with a given state.
 236:Middlewares/LVGL/lvgl/src/core/lv_obj_style.h ****  * @param obj       pointer to an object
ARM GAS  C:\Users\w1785\AppData\Local\Temp\ccv6fGyr.s 			page 34


 237:Middlewares/LVGL/lvgl/src/core/lv_obj_style.h ****  * @param prop      a style property to remove.
 238:Middlewares/LVGL/lvgl/src/core/lv_obj_style.h ****  * @param selector  OR-ed value of parts and state for which the style should be removed
 239:Middlewares/LVGL/lvgl/src/core/lv_obj_style.h ****  * @return true     the property was found and removed; false: the property was not found
 240:Middlewares/LVGL/lvgl/src/core/lv_obj_style.h ****  */
 241:Middlewares/LVGL/lvgl/src/core/lv_obj_style.h **** bool lv_obj_remove_local_style_prop(lv_obj_t * obj, lv_style_prop_t prop, lv_style_selector_t selec
 242:Middlewares/LVGL/lvgl/src/core/lv_obj_style.h **** 
 243:Middlewares/LVGL/lvgl/src/core/lv_obj_style.h **** /**
 244:Middlewares/LVGL/lvgl/src/core/lv_obj_style.h ****  * Used internally for color filtering
 245:Middlewares/LVGL/lvgl/src/core/lv_obj_style.h ****  */
 246:Middlewares/LVGL/lvgl/src/core/lv_obj_style.h **** lv_style_value_t lv_obj_style_apply_color_filter(const lv_obj_t * obj, lv_part_t part, lv_style_val
 247:Middlewares/LVGL/lvgl/src/core/lv_obj_style.h **** 
 248:Middlewares/LVGL/lvgl/src/core/lv_obj_style.h **** /**
 249:Middlewares/LVGL/lvgl/src/core/lv_obj_style.h ****  * Fade in an an object and all its children.
 250:Middlewares/LVGL/lvgl/src/core/lv_obj_style.h ****  * @param obj       the object to fade in
 251:Middlewares/LVGL/lvgl/src/core/lv_obj_style.h ****  * @param time      time of fade
 252:Middlewares/LVGL/lvgl/src/core/lv_obj_style.h ****  * @param delay     delay to start the animation
 253:Middlewares/LVGL/lvgl/src/core/lv_obj_style.h ****  */
 254:Middlewares/LVGL/lvgl/src/core/lv_obj_style.h **** void lv_obj_fade_in(lv_obj_t * obj, uint32_t time, uint32_t delay);
 255:Middlewares/LVGL/lvgl/src/core/lv_obj_style.h **** 
 256:Middlewares/LVGL/lvgl/src/core/lv_obj_style.h **** /**
 257:Middlewares/LVGL/lvgl/src/core/lv_obj_style.h ****  * Fade out an an object and all its children.
 258:Middlewares/LVGL/lvgl/src/core/lv_obj_style.h ****  * @param obj       the object to fade out
 259:Middlewares/LVGL/lvgl/src/core/lv_obj_style.h ****  * @param time      time of fade
 260:Middlewares/LVGL/lvgl/src/core/lv_obj_style.h ****  * @param delay     delay to start the animation
 261:Middlewares/LVGL/lvgl/src/core/lv_obj_style.h ****  */
 262:Middlewares/LVGL/lvgl/src/core/lv_obj_style.h **** void lv_obj_fade_out(lv_obj_t * obj, uint32_t time, uint32_t delay);
 263:Middlewares/LVGL/lvgl/src/core/lv_obj_style.h **** 
 264:Middlewares/LVGL/lvgl/src/core/lv_obj_style.h **** static inline lv_state_t lv_obj_style_get_selector_state(lv_style_selector_t selector)
 265:Middlewares/LVGL/lvgl/src/core/lv_obj_style.h **** {
 266:Middlewares/LVGL/lvgl/src/core/lv_obj_style.h ****     return (lv_state_t)(selector & 0xFFFF);
 267:Middlewares/LVGL/lvgl/src/core/lv_obj_style.h **** }
 268:Middlewares/LVGL/lvgl/src/core/lv_obj_style.h **** 
 269:Middlewares/LVGL/lvgl/src/core/lv_obj_style.h **** static inline lv_part_t lv_obj_style_get_selector_part(lv_style_selector_t selector)
 224              		.loc 3 269 25 view .LVU63
 225              	.LBB138:
 270:Middlewares/LVGL/lvgl/src/core/lv_obj_style.h **** {
 271:Middlewares/LVGL/lvgl/src/core/lv_obj_style.h ****     return (lv_part_t)(selector & 0xFF0000);
 226              		.loc 3 271 5 view .LVU64
 227              		.loc 3 271 12 is_stmt 0 view .LVU65
 228 0016 01F47F07 		and	r7, r1, #16711680
 229              	.LVL21:
 230              		.loc 3 271 12 view .LVU66
 231              	.LBE138:
 232              	.LBE137:
 824:Middlewares/LVGL/lvgl/src/core/lv_obj_style.c ****     const lv_state_t state = lv_obj_style_get_selector_state(selector);
 233              		.loc 1 824 5 is_stmt 1 view .LVU67
 234              	.LBB139:
 235              	.LBI139:
 264:Middlewares/LVGL/lvgl/src/core/lv_obj_style.h **** {
 236              		.loc 3 264 26 view .LVU68
 237              	.LBB140:
 266:Middlewares/LVGL/lvgl/src/core/lv_obj_style.h **** }
 238              		.loc 3 266 5 view .LVU69
 266:Middlewares/LVGL/lvgl/src/core/lv_obj_style.h **** }
 239              		.loc 3 266 12 is_stmt 0 view .LVU70
 240 001a 8BB2     		uxth	r3, r1
 241 001c 0193     		str	r3, [sp, #4]
ARM GAS  C:\Users\w1785\AppData\Local\Temp\ccv6fGyr.s 			page 35


 242              	.LVL22:
 266:Middlewares/LVGL/lvgl/src/core/lv_obj_style.h **** }
 243              		.loc 3 266 12 view .LVU71
 244              	.LBE140:
 245              	.LBE139:
 825:Middlewares/LVGL/lvgl/src/core/lv_obj_style.c ****     const lv_state_t state_inv = ~state;
 246              		.loc 1 825 5 is_stmt 1 view .LVU72
 247              		.loc 1 825 22 is_stmt 0 view .LVU73
 248 001e 6FEA030A 		mvn	r10, r3
 249 0022 1FFA8AFA 		uxth	r10, r10
 250              	.LVL23:
 826:Middlewares/LVGL/lvgl/src/core/lv_obj_style.c ****     const bool skip_trans = (const bool) obj->skip_trans;
 251              		.loc 1 826 5 is_stmt 1 view .LVU74
 252              		.loc 1 826 29 is_stmt 0 view .LVU75
 253 0026 95F82A90 		ldrb	r9, [r5, #42]	@ zero_extendqisi2
 254 002a 09F00809 		and	r9, r9, #8
 255              	.LVL24:
 827:Middlewares/LVGL/lvgl/src/core/lv_obj_style.c ****     int32_t weight = -1;
 256              		.loc 1 827 5 is_stmt 1 view .LVU76
 828:Middlewares/LVGL/lvgl/src/core/lv_obj_style.c ****     lv_style_res_t found;
 257              		.loc 1 828 5 view .LVU77
 829:Middlewares/LVGL/lvgl/src/core/lv_obj_style.c ****     uint32_t i;
 258              		.loc 1 829 5 view .LVU78
 830:Middlewares/LVGL/lvgl/src/core/lv_obj_style.c ****     for(i = 0; i < obj->style_cnt; i++) {
 259              		.loc 1 830 5 view .LVU79
 260              		.loc 1 830 11 is_stmt 0 view .LVU80
 261 002e 0024     		movs	r4, #0
 262 0030 3346     		mov	r3, r6
 263              	.LVL25:
 264              		.loc 1 830 11 view .LVU81
 265 0032 4E46     		mov	r6, r9
 266              	.LVL26:
 267              		.loc 1 830 11 view .LVU82
 268 0034 9946     		mov	r9, r3
 269              	.LVL27:
 270              		.loc 1 830 5 view .LVU83
 271 0036 02E0     		b	.L16
 272              	.LVL28:
 273              	.L30:
 274              	.LBB141:
 275              	.LBB136:
 572:Middlewares/LVGL/lvgl/src/core/../misc/lv_style.h ****     return group;
 276              		.loc 2 572 26 discriminator 1 view .LVU84
 277 0038 1F23     		movs	r3, #31
 278              	.LVL29:
 572:Middlewares/LVGL/lvgl/src/core/../misc/lv_style.h ****     return group;
 279              		.loc 2 572 26 discriminator 1 view .LVU85
 280 003a EAE7     		b	.L15
 281              	.LVL30:
 282              	.L18:
 572:Middlewares/LVGL/lvgl/src/core/../misc/lv_style.h ****     return group;
 283              		.loc 2 572 26 discriminator 1 view .LVU86
 284              	.LBE136:
 285              	.LBE141:
 286              		.loc 1 830 37 is_stmt 1 discriminator 2 view .LVU87
 287 003c 0134     		adds	r4, r4, #1
 288              	.LVL31:
ARM GAS  C:\Users\w1785\AppData\Local\Temp\ccv6fGyr.s 			page 36


 289              	.L16:
 290              		.loc 1 830 18 discriminator 1 view .LVU88
 291              		.loc 1 830 23 is_stmt 0 discriminator 1 view .LVU89
 292 003e 6B8D     		ldrh	r3, [r5, #42]
 293 0040 C3F30513 		ubfx	r3, r3, #4, #6
 294              		.loc 1 830 18 discriminator 1 view .LVU90
 295 0044 A342     		cmp	r3, r4
 296 0046 1DD9     		bls	.L31
 297              	.LBB142:
 831:Middlewares/LVGL/lvgl/src/core/lv_obj_style.c ****         lv_obj_style_t * obj_style = &obj->styles[i];
 298              		.loc 1 831 9 is_stmt 1 view .LVU91
 299              		.loc 1 831 42 is_stmt 0 view .LVU92
 300 0048 E968     		ldr	r1, [r5, #12]
 301              		.loc 1 831 26 view .LVU93
 302 004a 01EBC402 		add	r2, r1, r4, lsl #3
 303              	.LVL32:
 832:Middlewares/LVGL/lvgl/src/core/lv_obj_style.c ****         if(obj_style->is_trans == false) break;
 304              		.loc 1 832 9 is_stmt 1 view .LVU94
 305              		.loc 1 832 32 is_stmt 0 view .LVU95
 306 004e D379     		ldrb	r3, [r2, #7]	@ zero_extendqisi2
 307              		.loc 1 832 11 view .LVU96
 308 0050 13F0020F 		tst	r3, #2
 309 0054 45D0     		beq	.L25
 833:Middlewares/LVGL/lvgl/src/core/lv_obj_style.c ****         if(skip_trans) continue;
 310              		.loc 1 833 9 is_stmt 1 view .LVU97
 311              		.loc 1 833 11 is_stmt 0 view .LVU98
 312 0056 002E     		cmp	r6, #0
 313 0058 F0D1     		bne	.L18
 834:Middlewares/LVGL/lvgl/src/core/lv_obj_style.c ****         if(obj_style->is_disabled) continue;
 314              		.loc 1 834 9 is_stmt 1 view .LVU99
 315              		.loc 1 834 11 is_stmt 0 view .LVU100
 316 005a 13F0040F 		tst	r3, #4
 317 005e EDD1     		bne	.L18
 835:Middlewares/LVGL/lvgl/src/core/lv_obj_style.c **** 
 836:Middlewares/LVGL/lvgl/src/core/lv_obj_style.c ****         lv_part_t part_act = lv_obj_style_get_selector_part(obj->styles[i].selector);
 318              		.loc 1 836 9 is_stmt 1 view .LVU101
 319              		.loc 1 836 75 is_stmt 0 view .LVU102
 320 0060 5368     		ldr	r3, [r2, #4]
 321              	.LVL33:
 322              	.LBB143:
 323              	.LBI143:
 269:Middlewares/LVGL/lvgl/src/core/lv_obj_style.h **** {
 324              		.loc 3 269 25 is_stmt 1 view .LVU103
 325              	.LBB144:
 326              		.loc 3 271 5 view .LVU104
 327              		.loc 3 271 12 is_stmt 0 view .LVU105
 328 0062 03F47F03 		and	r3, r3, #16711680
 329              	.LVL34:
 330              		.loc 3 271 12 view .LVU106
 331              	.LBE144:
 332              	.LBE143:
 837:Middlewares/LVGL/lvgl/src/core/lv_obj_style.c **** 
 838:Middlewares/LVGL/lvgl/src/core/lv_obj_style.c ****         if(part_act != part) continue;
 333              		.loc 1 838 9 is_stmt 1 view .LVU107
 334              		.loc 1 838 11 is_stmt 0 view .LVU108
 335 0066 BB42     		cmp	r3, r7
 336 0068 E8D1     		bne	.L18
ARM GAS  C:\Users\w1785\AppData\Local\Temp\ccv6fGyr.s 			page 37


 839:Middlewares/LVGL/lvgl/src/core/lv_obj_style.c ****         if((obj_style->style->has_group & group) == 0) continue;
 337              		.loc 1 839 9 is_stmt 1 view .LVU109
 338              		.loc 1 839 22 is_stmt 0 view .LVU110
 339 006a 51F83400 		ldr	r0, [r1, r4, lsl #3]
 340              		.loc 1 839 29 view .LVU111
 341 006e 4368     		ldr	r3, [r0, #4]
 342              	.LVL35:
 343              		.loc 1 839 11 view .LVU112
 344 0070 13EA090F 		tst	r3, r9
 345 0074 E2D0     		beq	.L18
 840:Middlewares/LVGL/lvgl/src/core/lv_obj_style.c ****         found = lv_style_get_prop_inlined(obj_style->style, prop, v);
 346              		.loc 1 840 9 is_stmt 1 view .LVU113
 347              		.loc 1 840 17 is_stmt 0 view .LVU114
 348 0076 009A     		ldr	r2, [sp]
 349              	.LVL36:
 350              		.loc 1 840 17 view .LVU115
 351 0078 4146     		mov	r1, r8
 352              	.LVL37:
 353              		.loc 1 840 17 view .LVU116
 354 007a FFF7FEFF 		bl	lv_style_get_prop_inlined
 355              	.LVL38:
 841:Middlewares/LVGL/lvgl/src/core/lv_obj_style.c ****         if(found == LV_STYLE_RES_FOUND) {
 356              		.loc 1 841 9 is_stmt 1 view .LVU117
 357              		.loc 1 841 11 is_stmt 0 view .LVU118
 358 007e 0128     		cmp	r0, #1
 359 0080 DCD1     		bne	.L18
 360 0082 36E0     		b	.L19
 361              	.LVL39:
 362              	.L31:
 363              		.loc 1 841 11 view .LVU119
 364              	.LBE142:
 365 0084 4E46     		mov	r6, r9
 366              	.LVL40:
 367              		.loc 1 841 11 view .LVU120
 368 0086 4FF0FF3B 		mov	fp, #-1
 369 008a 00E0     		b	.L22
 370              	.LVL41:
 371              	.L21:
 842:Middlewares/LVGL/lvgl/src/core/lv_obj_style.c ****             return LV_STYLE_RES_FOUND;
 843:Middlewares/LVGL/lvgl/src/core/lv_obj_style.c ****         }
 844:Middlewares/LVGL/lvgl/src/core/lv_obj_style.c ****     }
 845:Middlewares/LVGL/lvgl/src/core/lv_obj_style.c **** 
 846:Middlewares/LVGL/lvgl/src/core/lv_obj_style.c ****     for(; i < obj->style_cnt; i++) {
 372              		.loc 1 846 32 is_stmt 1 view .LVU121
 373 008c 0134     		adds	r4, r4, #1
 374              	.LVL42:
 375              	.L22:
 376              		.loc 1 846 13 discriminator 1 view .LVU122
 377              		.loc 1 846 18 is_stmt 0 discriminator 1 view .LVU123
 378 008e 6B8D     		ldrh	r3, [r5, #42]
 379 0090 C3F30513 		ubfx	r3, r3, #4, #6
 380              		.loc 1 846 13 discriminator 1 view .LVU124
 381 0094 A342     		cmp	r3, r4
 382 0096 28D9     		bls	.L32
 383              	.LBB145:
 847:Middlewares/LVGL/lvgl/src/core/lv_obj_style.c ****         if((obj->styles[i].style->has_group & group) == 0) continue;
 384              		.loc 1 847 9 is_stmt 1 view .LVU125
ARM GAS  C:\Users\w1785\AppData\Local\Temp\ccv6fGyr.s 			page 38


 385              		.loc 1 847 16 is_stmt 0 view .LVU126
 386 0098 EB68     		ldr	r3, [r5, #12]
 387              		.loc 1 847 24 view .LVU127
 388 009a 03EBC402 		add	r2, r3, r4, lsl #3
 389              		.loc 1 847 27 view .LVU128
 390 009e 53F83400 		ldr	r0, [r3, r4, lsl #3]
 391              		.loc 1 847 33 view .LVU129
 392 00a2 4368     		ldr	r3, [r0, #4]
 393              		.loc 1 847 11 view .LVU130
 394 00a4 3342     		tst	r3, r6
 395 00a6 F1D0     		beq	.L21
 848:Middlewares/LVGL/lvgl/src/core/lv_obj_style.c ****         if(obj->styles[i].is_disabled) continue;
 396              		.loc 1 848 9 is_stmt 1 view .LVU131
 397              		.loc 1 848 12 is_stmt 0 view .LVU132
 398 00a8 D379     		ldrb	r3, [r2, #7]	@ zero_extendqisi2
 399              		.loc 1 848 11 view .LVU133
 400 00aa 13F0040F 		tst	r3, #4
 401 00ae EDD1     		bne	.L21
 849:Middlewares/LVGL/lvgl/src/core/lv_obj_style.c ****         lv_obj_style_t * obj_style = &obj->styles[i];
 402              		.loc 1 849 9 is_stmt 1 view .LVU134
 403              	.LVL43:
 850:Middlewares/LVGL/lvgl/src/core/lv_obj_style.c ****         lv_part_t part_act = lv_obj_style_get_selector_part(obj->styles[i].selector);
 404              		.loc 1 850 9 view .LVU135
 405              		.loc 1 850 75 is_stmt 0 view .LVU136
 406 00b0 5368     		ldr	r3, [r2, #4]
 407 00b2 C3F31702 		ubfx	r2, r3, #0, #24
 408              	.LVL44:
 409              	.LBB146:
 410              	.LBI146:
 269:Middlewares/LVGL/lvgl/src/core/lv_obj_style.h **** {
 411              		.loc 3 269 25 is_stmt 1 view .LVU137
 412              	.LBB147:
 413              		.loc 3 271 5 view .LVU138
 414              		.loc 3 271 12 is_stmt 0 view .LVU139
 415 00b6 03F47F03 		and	r3, r3, #16711680
 416              	.LVL45:
 417              		.loc 3 271 12 view .LVU140
 418              	.LBE147:
 419              	.LBE146:
 851:Middlewares/LVGL/lvgl/src/core/lv_obj_style.c ****         if(part_act != part) continue;
 420              		.loc 1 851 9 is_stmt 1 view .LVU141
 421              		.loc 1 851 11 is_stmt 0 view .LVU142
 422 00ba 9F42     		cmp	r7, r3
 423 00bc E6D1     		bne	.L21
 852:Middlewares/LVGL/lvgl/src/core/lv_obj_style.c **** 
 853:Middlewares/LVGL/lvgl/src/core/lv_obj_style.c ****         /*Be sure the style not specifies other state than the requested.
 854:Middlewares/LVGL/lvgl/src/core/lv_obj_style.c ****          *E.g. For HOVER+PRESS object state, HOVER style only is OK, but HOVER+FOCUS style is not*/
 855:Middlewares/LVGL/lvgl/src/core/lv_obj_style.c ****         lv_state_t state_act = lv_obj_style_get_selector_state(obj->styles[i].selector);
 424              		.loc 1 855 9 is_stmt 1 view .LVU143
 425              	.LVL46:
 426              	.LBB148:
 427              	.LBI148:
 264:Middlewares/LVGL/lvgl/src/core/lv_obj_style.h **** {
 428              		.loc 3 264 26 view .LVU144
 429              	.LBB149:
 266:Middlewares/LVGL/lvgl/src/core/lv_obj_style.h **** }
 430              		.loc 3 266 5 view .LVU145
ARM GAS  C:\Users\w1785\AppData\Local\Temp\ccv6fGyr.s 			page 39


 266:Middlewares/LVGL/lvgl/src/core/lv_obj_style.h **** }
 431              		.loc 3 266 12 is_stmt 0 view .LVU146
 432 00be 1FFA82F9 		uxth	r9, r2
 433              	.LVL47:
 266:Middlewares/LVGL/lvgl/src/core/lv_obj_style.h **** }
 434              		.loc 3 266 12 view .LVU147
 435              	.LBE149:
 436              	.LBE148:
 856:Middlewares/LVGL/lvgl/src/core/lv_obj_style.c ****         if((state_act & state_inv)) continue;
 437              		.loc 1 856 9 is_stmt 1 view .LVU148
 438              		.loc 1 856 11 is_stmt 0 view .LVU149
 439 00c2 12EA0A0F 		tst	r2, r10
 440 00c6 E1D1     		bne	.L21
 857:Middlewares/LVGL/lvgl/src/core/lv_obj_style.c **** 
 858:Middlewares/LVGL/lvgl/src/core/lv_obj_style.c ****         /*Check only better candidates*/
 859:Middlewares/LVGL/lvgl/src/core/lv_obj_style.c ****         if((int32_t)state_act <= weight) continue;
 441              		.loc 1 859 9 is_stmt 1 view .LVU150
 442              		.loc 1 859 11 is_stmt 0 view .LVU151
 443 00c8 D945     		cmp	r9, fp
 444 00ca DFDD     		ble	.L21
 860:Middlewares/LVGL/lvgl/src/core/lv_obj_style.c **** 
 861:Middlewares/LVGL/lvgl/src/core/lv_obj_style.c ****         found = lv_style_get_prop_inlined(obj_style->style, prop, v);
 445              		.loc 1 861 9 is_stmt 1 view .LVU152
 446              		.loc 1 861 17 is_stmt 0 view .LVU153
 447 00cc 009A     		ldr	r2, [sp]
 448 00ce 4146     		mov	r1, r8
 449 00d0 FFF7FEFF 		bl	lv_style_get_prop_inlined
 450              	.LVL48:
 862:Middlewares/LVGL/lvgl/src/core/lv_obj_style.c ****         if(found == LV_STYLE_RES_FOUND) {
 451              		.loc 1 862 9 is_stmt 1 view .LVU154
 452              		.loc 1 862 11 is_stmt 0 view .LVU155
 453 00d4 0128     		cmp	r0, #1
 454 00d6 D9D1     		bne	.L21
 863:Middlewares/LVGL/lvgl/src/core/lv_obj_style.c ****             if(state_act == state) {
 455              		.loc 1 863 13 is_stmt 1 view .LVU156
 456              		.loc 1 863 15 is_stmt 0 view .LVU157
 457 00d8 019B     		ldr	r3, [sp, #4]
 458 00da 4B45     		cmp	r3, r9
 459 00dc 09D0     		beq	.L19
 864:Middlewares/LVGL/lvgl/src/core/lv_obj_style.c ****                 return LV_STYLE_RES_FOUND;
 865:Middlewares/LVGL/lvgl/src/core/lv_obj_style.c ****             }
 866:Middlewares/LVGL/lvgl/src/core/lv_obj_style.c ****             weight = state_act;
 460              		.loc 1 866 20 view .LVU158
 461 00de CB46     		mov	fp, r9
 462              	.LVL49:
 463              		.loc 1 866 20 view .LVU159
 464 00e0 D4E7     		b	.L21
 465              	.LVL50:
 466              	.L25:
 467              		.loc 1 866 20 view .LVU160
 468              	.LBE145:
 469 00e2 4E46     		mov	r6, r9
 470              	.LVL51:
 471              		.loc 1 866 20 view .LVU161
 472 00e4 4FF0FF3B 		mov	fp, #-1
 473 00e8 D1E7     		b	.L22
 474              	.LVL52:
ARM GAS  C:\Users\w1785\AppData\Local\Temp\ccv6fGyr.s 			page 40


 475              	.L32:
 867:Middlewares/LVGL/lvgl/src/core/lv_obj_style.c ****         }
 868:Middlewares/LVGL/lvgl/src/core/lv_obj_style.c ****     }
 869:Middlewares/LVGL/lvgl/src/core/lv_obj_style.c **** 
 870:Middlewares/LVGL/lvgl/src/core/lv_obj_style.c ****     if(weight >= 0) return LV_STYLE_RES_FOUND;
 476              		.loc 1 870 5 is_stmt 1 view .LVU162
 477              		.loc 1 870 7 is_stmt 0 view .LVU163
 478 00ea BBF1000F 		cmp	fp, #0
 479 00ee 03DB     		blt	.L26
 480              		.loc 1 870 28 discriminator 1 view .LVU164
 481 00f0 0120     		movs	r0, #1
 482              	.LVL53:
 483              	.L19:
 871:Middlewares/LVGL/lvgl/src/core/lv_obj_style.c ****     else return LV_STYLE_RES_NOT_FOUND;
 872:Middlewares/LVGL/lvgl/src/core/lv_obj_style.c **** }
 484              		.loc 1 872 1 view .LVU165
 485 00f2 03B0     		add	sp, sp, #12
 486              	.LCFI3:
 487              		.cfi_remember_state
 488              		.cfi_def_cfa_offset 36
 489              	.LVL54:
 490              		.loc 1 872 1 view .LVU166
 491              		@ sp needed
 492 00f4 BDE8F08F 		pop	{r4, r5, r6, r7, r8, r9, r10, fp, pc}
 493              	.LVL55:
 494              	.L26:
 495              	.LCFI4:
 496              		.cfi_restore_state
 871:Middlewares/LVGL/lvgl/src/core/lv_obj_style.c ****     else return LV_STYLE_RES_NOT_FOUND;
 497              		.loc 1 871 17 view .LVU167
 498 00f8 0020     		movs	r0, #0
 499 00fa FAE7     		b	.L19
 500              		.cfi_endproc
 501              	.LFE231:
 503              		.section	.text.get_selector_style_prop,"ax",%progbits
 504              		.align	1
 505              		.syntax unified
 506              		.thumb
 507              		.thumb_func
 509              	get_selector_style_prop:
 510              	.LVL56:
 511              	.LFB243:
 873:Middlewares/LVGL/lvgl/src/core/lv_obj_style.c **** 
 874:Middlewares/LVGL/lvgl/src/core/lv_obj_style.c **** /**
 875:Middlewares/LVGL/lvgl/src/core/lv_obj_style.c ****  * Refresh the style of all children of an object. (Called recursively)
 876:Middlewares/LVGL/lvgl/src/core/lv_obj_style.c ****  * @param style refresh objects only with this
 877:Middlewares/LVGL/lvgl/src/core/lv_obj_style.c ****  * @param obj pointer to an object
 878:Middlewares/LVGL/lvgl/src/core/lv_obj_style.c ****  */
 879:Middlewares/LVGL/lvgl/src/core/lv_obj_style.c **** static void report_style_change_core(void * style, lv_obj_t * obj)
 880:Middlewares/LVGL/lvgl/src/core/lv_obj_style.c **** {
 881:Middlewares/LVGL/lvgl/src/core/lv_obj_style.c ****     uint32_t i;
 882:Middlewares/LVGL/lvgl/src/core/lv_obj_style.c ****     for(i = 0; i < obj->style_cnt; i++) {
 883:Middlewares/LVGL/lvgl/src/core/lv_obj_style.c ****         if(style == NULL || obj->styles[i].style == style) {
 884:Middlewares/LVGL/lvgl/src/core/lv_obj_style.c ****             full_cache_refresh(obj, lv_obj_style_get_selector_part(obj->styles[i].selector));
 885:Middlewares/LVGL/lvgl/src/core/lv_obj_style.c ****             lv_obj_refresh_style(obj, LV_PART_ANY, LV_STYLE_PROP_ANY);
 886:Middlewares/LVGL/lvgl/src/core/lv_obj_style.c ****             break;
 887:Middlewares/LVGL/lvgl/src/core/lv_obj_style.c ****         }
ARM GAS  C:\Users\w1785\AppData\Local\Temp\ccv6fGyr.s 			page 41


 888:Middlewares/LVGL/lvgl/src/core/lv_obj_style.c ****     }
 889:Middlewares/LVGL/lvgl/src/core/lv_obj_style.c **** 
 890:Middlewares/LVGL/lvgl/src/core/lv_obj_style.c ****     uint32_t child_cnt = lv_obj_get_child_count(obj);
 891:Middlewares/LVGL/lvgl/src/core/lv_obj_style.c ****     for(i = 0; i < child_cnt; i++) {
 892:Middlewares/LVGL/lvgl/src/core/lv_obj_style.c ****         report_style_change_core(style, obj->spec_attr->children[i]);
 893:Middlewares/LVGL/lvgl/src/core/lv_obj_style.c ****     }
 894:Middlewares/LVGL/lvgl/src/core/lv_obj_style.c **** }
 895:Middlewares/LVGL/lvgl/src/core/lv_obj_style.c **** 
 896:Middlewares/LVGL/lvgl/src/core/lv_obj_style.c **** /**
 897:Middlewares/LVGL/lvgl/src/core/lv_obj_style.c ****  * Recursively refresh the style of the children. Go deeper until a not NULL style is found
 898:Middlewares/LVGL/lvgl/src/core/lv_obj_style.c ****  * because the NULL styles are inherited from the parent
 899:Middlewares/LVGL/lvgl/src/core/lv_obj_style.c ****  * @param obj pointer to an object
 900:Middlewares/LVGL/lvgl/src/core/lv_obj_style.c ****  */
 901:Middlewares/LVGL/lvgl/src/core/lv_obj_style.c **** static void refresh_children_style(lv_obj_t * obj)
 902:Middlewares/LVGL/lvgl/src/core/lv_obj_style.c **** {
 903:Middlewares/LVGL/lvgl/src/core/lv_obj_style.c ****     uint32_t i;
 904:Middlewares/LVGL/lvgl/src/core/lv_obj_style.c ****     uint32_t child_cnt = lv_obj_get_child_count(obj);
 905:Middlewares/LVGL/lvgl/src/core/lv_obj_style.c ****     for(i = 0; i < child_cnt; i++) {
 906:Middlewares/LVGL/lvgl/src/core/lv_obj_style.c ****         lv_obj_t * child = obj->spec_attr->children[i];
 907:Middlewares/LVGL/lvgl/src/core/lv_obj_style.c ****         lv_obj_invalidate(child);
 908:Middlewares/LVGL/lvgl/src/core/lv_obj_style.c ****         lv_obj_send_event(child, LV_EVENT_STYLE_CHANGED, NULL);
 909:Middlewares/LVGL/lvgl/src/core/lv_obj_style.c ****         lv_obj_invalidate(child);
 910:Middlewares/LVGL/lvgl/src/core/lv_obj_style.c **** 
 911:Middlewares/LVGL/lvgl/src/core/lv_obj_style.c ****         refresh_children_style(child); /*Check children too*/
 912:Middlewares/LVGL/lvgl/src/core/lv_obj_style.c ****     }
 913:Middlewares/LVGL/lvgl/src/core/lv_obj_style.c **** }
 914:Middlewares/LVGL/lvgl/src/core/lv_obj_style.c **** 
 915:Middlewares/LVGL/lvgl/src/core/lv_obj_style.c **** /**
 916:Middlewares/LVGL/lvgl/src/core/lv_obj_style.c ****  * Remove the transition from object's part's property.
 917:Middlewares/LVGL/lvgl/src/core/lv_obj_style.c ****  * - Remove the transition from `lv_obj_style_trans_ll` and free it
 918:Middlewares/LVGL/lvgl/src/core/lv_obj_style.c ****  * - Delete pending transitions
 919:Middlewares/LVGL/lvgl/src/core/lv_obj_style.c ****  * @param obj pointer to an object which transition(s) should be removed
 920:Middlewares/LVGL/lvgl/src/core/lv_obj_style.c ****  * @param part a part of object or 0xFF to remove from all parts
 921:Middlewares/LVGL/lvgl/src/core/lv_obj_style.c ****  * @param prop a property or 0xFF to remove all properties
 922:Middlewares/LVGL/lvgl/src/core/lv_obj_style.c ****  * @param tr_limit delete transitions only "older" than this. `NULL` if not used
 923:Middlewares/LVGL/lvgl/src/core/lv_obj_style.c ****  */
 924:Middlewares/LVGL/lvgl/src/core/lv_obj_style.c **** static bool trans_delete(lv_obj_t * obj, lv_part_t part, lv_style_prop_t prop, trans_t * tr_limit)
 925:Middlewares/LVGL/lvgl/src/core/lv_obj_style.c **** {
 926:Middlewares/LVGL/lvgl/src/core/lv_obj_style.c ****     trans_t * tr;
 927:Middlewares/LVGL/lvgl/src/core/lv_obj_style.c ****     trans_t * tr_prev;
 928:Middlewares/LVGL/lvgl/src/core/lv_obj_style.c ****     bool removed = false;
 929:Middlewares/LVGL/lvgl/src/core/lv_obj_style.c ****     tr = lv_ll_get_tail(style_trans_ll_p);
 930:Middlewares/LVGL/lvgl/src/core/lv_obj_style.c ****     while(tr != NULL) {
 931:Middlewares/LVGL/lvgl/src/core/lv_obj_style.c ****         if(tr == tr_limit) break;
 932:Middlewares/LVGL/lvgl/src/core/lv_obj_style.c **** 
 933:Middlewares/LVGL/lvgl/src/core/lv_obj_style.c ****         /*'tr' might be deleted, so get the next object while 'tr' is valid*/
 934:Middlewares/LVGL/lvgl/src/core/lv_obj_style.c ****         tr_prev = lv_ll_get_prev(style_trans_ll_p, tr);
 935:Middlewares/LVGL/lvgl/src/core/lv_obj_style.c **** 
 936:Middlewares/LVGL/lvgl/src/core/lv_obj_style.c ****         if(tr->obj == obj && (part == tr->selector || part == LV_PART_ANY) && (prop == tr->prop || 
 937:Middlewares/LVGL/lvgl/src/core/lv_obj_style.c ****             /*Remove any transitioned properties from the trans. style
 938:Middlewares/LVGL/lvgl/src/core/lv_obj_style.c ****              *to allow changing it by normal styles*/
 939:Middlewares/LVGL/lvgl/src/core/lv_obj_style.c ****             uint32_t i;
 940:Middlewares/LVGL/lvgl/src/core/lv_obj_style.c ****             for(i = 0; i < obj->style_cnt; i++) {
 941:Middlewares/LVGL/lvgl/src/core/lv_obj_style.c ****                 if(obj->styles[i].is_trans && (part == LV_PART_ANY || obj->styles[i].selector == pa
 942:Middlewares/LVGL/lvgl/src/core/lv_obj_style.c ****                     lv_style_remove_prop((lv_style_t *)obj->styles[i].style, tr->prop);
 943:Middlewares/LVGL/lvgl/src/core/lv_obj_style.c ****                 }
 944:Middlewares/LVGL/lvgl/src/core/lv_obj_style.c ****             }
ARM GAS  C:\Users\w1785\AppData\Local\Temp\ccv6fGyr.s 			page 42


 945:Middlewares/LVGL/lvgl/src/core/lv_obj_style.c **** 
 946:Middlewares/LVGL/lvgl/src/core/lv_obj_style.c ****             /*Free the transition descriptor too*/
 947:Middlewares/LVGL/lvgl/src/core/lv_obj_style.c ****             lv_anim_delete(tr, NULL);
 948:Middlewares/LVGL/lvgl/src/core/lv_obj_style.c ****             lv_ll_remove(style_trans_ll_p, tr);
 949:Middlewares/LVGL/lvgl/src/core/lv_obj_style.c ****             lv_free(tr);
 950:Middlewares/LVGL/lvgl/src/core/lv_obj_style.c ****             removed = true;
 951:Middlewares/LVGL/lvgl/src/core/lv_obj_style.c **** 
 952:Middlewares/LVGL/lvgl/src/core/lv_obj_style.c ****         }
 953:Middlewares/LVGL/lvgl/src/core/lv_obj_style.c ****         tr = tr_prev;
 954:Middlewares/LVGL/lvgl/src/core/lv_obj_style.c ****     }
 955:Middlewares/LVGL/lvgl/src/core/lv_obj_style.c ****     return removed;
 956:Middlewares/LVGL/lvgl/src/core/lv_obj_style.c **** }
 957:Middlewares/LVGL/lvgl/src/core/lv_obj_style.c **** 
 958:Middlewares/LVGL/lvgl/src/core/lv_obj_style.c **** static void trans_anim_cb(void * _tr, int32_t v)
 959:Middlewares/LVGL/lvgl/src/core/lv_obj_style.c **** {
 960:Middlewares/LVGL/lvgl/src/core/lv_obj_style.c ****     trans_t * tr = _tr;
 961:Middlewares/LVGL/lvgl/src/core/lv_obj_style.c ****     lv_obj_t * obj = tr->obj;
 962:Middlewares/LVGL/lvgl/src/core/lv_obj_style.c **** 
 963:Middlewares/LVGL/lvgl/src/core/lv_obj_style.c ****     uint32_t i;
 964:Middlewares/LVGL/lvgl/src/core/lv_obj_style.c ****     for(i = 0; i < obj->style_cnt; i++) {
 965:Middlewares/LVGL/lvgl/src/core/lv_obj_style.c ****         if(obj->styles[i].is_trans == 0 || obj->styles[i].selector != tr->selector) continue;
 966:Middlewares/LVGL/lvgl/src/core/lv_obj_style.c **** 
 967:Middlewares/LVGL/lvgl/src/core/lv_obj_style.c ****         lv_style_value_t value_final = {0};
 968:Middlewares/LVGL/lvgl/src/core/lv_obj_style.c ****         switch(tr->prop) {
 969:Middlewares/LVGL/lvgl/src/core/lv_obj_style.c **** 
 970:Middlewares/LVGL/lvgl/src/core/lv_obj_style.c ****             case LV_STYLE_BORDER_SIDE:
 971:Middlewares/LVGL/lvgl/src/core/lv_obj_style.c ****             case LV_STYLE_BORDER_POST:
 972:Middlewares/LVGL/lvgl/src/core/lv_obj_style.c ****             case LV_STYLE_BLEND_MODE:
 973:Middlewares/LVGL/lvgl/src/core/lv_obj_style.c ****                 if(v < 255) value_final.num = tr->start_value.num;
 974:Middlewares/LVGL/lvgl/src/core/lv_obj_style.c ****                 else value_final.num = tr->end_value.num;
 975:Middlewares/LVGL/lvgl/src/core/lv_obj_style.c ****                 break;
 976:Middlewares/LVGL/lvgl/src/core/lv_obj_style.c ****             case LV_STYLE_TRANSITION:
 977:Middlewares/LVGL/lvgl/src/core/lv_obj_style.c ****             case LV_STYLE_TEXT_FONT:
 978:Middlewares/LVGL/lvgl/src/core/lv_obj_style.c ****                 if(v < 255) value_final.ptr = tr->start_value.ptr;
 979:Middlewares/LVGL/lvgl/src/core/lv_obj_style.c ****                 else value_final.ptr = tr->end_value.ptr;
 980:Middlewares/LVGL/lvgl/src/core/lv_obj_style.c ****                 break;
 981:Middlewares/LVGL/lvgl/src/core/lv_obj_style.c ****             case LV_STYLE_COLOR_FILTER_DSC:
 982:Middlewares/LVGL/lvgl/src/core/lv_obj_style.c ****                 if(tr->start_value.ptr == NULL) value_final.ptr = tr->end_value.ptr;
 983:Middlewares/LVGL/lvgl/src/core/lv_obj_style.c ****                 else if(tr->end_value.ptr == NULL) value_final.ptr = tr->start_value.ptr;
 984:Middlewares/LVGL/lvgl/src/core/lv_obj_style.c ****                 else if(v < 128) value_final.ptr = tr->start_value.ptr;
 985:Middlewares/LVGL/lvgl/src/core/lv_obj_style.c ****                 else value_final.ptr = tr->end_value.ptr;
 986:Middlewares/LVGL/lvgl/src/core/lv_obj_style.c ****                 break;
 987:Middlewares/LVGL/lvgl/src/core/lv_obj_style.c ****             case LV_STYLE_RECOLOR:
 988:Middlewares/LVGL/lvgl/src/core/lv_obj_style.c ****             case LV_STYLE_BG_COLOR:
 989:Middlewares/LVGL/lvgl/src/core/lv_obj_style.c ****             case LV_STYLE_BG_GRAD_COLOR:
 990:Middlewares/LVGL/lvgl/src/core/lv_obj_style.c ****             case LV_STYLE_BORDER_COLOR:
 991:Middlewares/LVGL/lvgl/src/core/lv_obj_style.c ****             case LV_STYLE_TEXT_COLOR:
 992:Middlewares/LVGL/lvgl/src/core/lv_obj_style.c ****             case LV_STYLE_SHADOW_COLOR:
 993:Middlewares/LVGL/lvgl/src/core/lv_obj_style.c ****             case LV_STYLE_OUTLINE_COLOR:
 994:Middlewares/LVGL/lvgl/src/core/lv_obj_style.c ****             case LV_STYLE_IMAGE_RECOLOR:
 995:Middlewares/LVGL/lvgl/src/core/lv_obj_style.c ****                 if(v <= 0) value_final.color = tr->start_value.color;
 996:Middlewares/LVGL/lvgl/src/core/lv_obj_style.c ****                 else if(v >= 255) value_final.color = tr->end_value.color;
 997:Middlewares/LVGL/lvgl/src/core/lv_obj_style.c ****                 else value_final.color = lv_color_mix(tr->end_value.color, tr->start_value.color, v
 998:Middlewares/LVGL/lvgl/src/core/lv_obj_style.c ****                 break;
 999:Middlewares/LVGL/lvgl/src/core/lv_obj_style.c **** 
1000:Middlewares/LVGL/lvgl/src/core/lv_obj_style.c ****             default:
1001:Middlewares/LVGL/lvgl/src/core/lv_obj_style.c ****                 if(v == 0) value_final.num = tr->start_value.num;
ARM GAS  C:\Users\w1785\AppData\Local\Temp\ccv6fGyr.s 			page 43


1002:Middlewares/LVGL/lvgl/src/core/lv_obj_style.c ****                 else if(v == 255) value_final.num = tr->end_value.num;
1003:Middlewares/LVGL/lvgl/src/core/lv_obj_style.c ****                 else value_final.num = tr->start_value.num + ((int32_t)((int32_t)(tr->end_value.num
1004:Middlewares/LVGL/lvgl/src/core/lv_obj_style.c ****                 break;
1005:Middlewares/LVGL/lvgl/src/core/lv_obj_style.c ****         }
1006:Middlewares/LVGL/lvgl/src/core/lv_obj_style.c **** 
1007:Middlewares/LVGL/lvgl/src/core/lv_obj_style.c ****         lv_style_value_t old_value = {0};
1008:Middlewares/LVGL/lvgl/src/core/lv_obj_style.c ****         bool refr = true;
1009:Middlewares/LVGL/lvgl/src/core/lv_obj_style.c ****         if(lv_style_get_prop(obj->styles[i].style, tr->prop, &old_value)) {
1010:Middlewares/LVGL/lvgl/src/core/lv_obj_style.c ****             if(value_final.ptr == old_value.ptr && lv_color_eq(value_final.color, old_value.color) 
1011:Middlewares/LVGL/lvgl/src/core/lv_obj_style.c ****                value_final.num == old_value.num) {
1012:Middlewares/LVGL/lvgl/src/core/lv_obj_style.c ****                 refr = false;
1013:Middlewares/LVGL/lvgl/src/core/lv_obj_style.c ****             }
1014:Middlewares/LVGL/lvgl/src/core/lv_obj_style.c ****         }
1015:Middlewares/LVGL/lvgl/src/core/lv_obj_style.c ****         lv_style_set_prop((lv_style_t *)obj->styles[i].style, tr->prop, value_final);
1016:Middlewares/LVGL/lvgl/src/core/lv_obj_style.c ****         if(refr) lv_obj_refresh_style(tr->obj, tr->selector, tr->prop);
1017:Middlewares/LVGL/lvgl/src/core/lv_obj_style.c ****         break;
1018:Middlewares/LVGL/lvgl/src/core/lv_obj_style.c **** 
1019:Middlewares/LVGL/lvgl/src/core/lv_obj_style.c ****     }
1020:Middlewares/LVGL/lvgl/src/core/lv_obj_style.c **** 
1021:Middlewares/LVGL/lvgl/src/core/lv_obj_style.c **** }
1022:Middlewares/LVGL/lvgl/src/core/lv_obj_style.c **** 
1023:Middlewares/LVGL/lvgl/src/core/lv_obj_style.c **** static void trans_anim_start_cb(lv_anim_t * a)
1024:Middlewares/LVGL/lvgl/src/core/lv_obj_style.c **** {
1025:Middlewares/LVGL/lvgl/src/core/lv_obj_style.c ****     trans_t * tr = a->var;
1026:Middlewares/LVGL/lvgl/src/core/lv_obj_style.c **** 
1027:Middlewares/LVGL/lvgl/src/core/lv_obj_style.c ****     lv_part_t part = lv_obj_style_get_selector_part(tr->selector);
1028:Middlewares/LVGL/lvgl/src/core/lv_obj_style.c ****     tr->start_value = lv_obj_get_style_prop(tr->obj, part, tr->prop);
1029:Middlewares/LVGL/lvgl/src/core/lv_obj_style.c **** 
1030:Middlewares/LVGL/lvgl/src/core/lv_obj_style.c ****     /*Init prop to an invalid values to be sure `trans_del` won't delete this added `tr`*/
1031:Middlewares/LVGL/lvgl/src/core/lv_obj_style.c ****     lv_style_prop_t prop_tmp = tr->prop;
1032:Middlewares/LVGL/lvgl/src/core/lv_obj_style.c ****     tr->prop = LV_STYLE_PROP_INV;
1033:Middlewares/LVGL/lvgl/src/core/lv_obj_style.c **** 
1034:Middlewares/LVGL/lvgl/src/core/lv_obj_style.c ****     /*Delete the related transitions if any*/
1035:Middlewares/LVGL/lvgl/src/core/lv_obj_style.c ****     trans_delete(tr->obj, part, prop_tmp, tr);
1036:Middlewares/LVGL/lvgl/src/core/lv_obj_style.c **** 
1037:Middlewares/LVGL/lvgl/src/core/lv_obj_style.c ****     tr->prop = prop_tmp;
1038:Middlewares/LVGL/lvgl/src/core/lv_obj_style.c **** 
1039:Middlewares/LVGL/lvgl/src/core/lv_obj_style.c ****     lv_obj_style_t * style_trans = get_trans_style(tr->obj, tr->selector);
1040:Middlewares/LVGL/lvgl/src/core/lv_obj_style.c ****     /*Be sure `trans_style` has a valid value*/
1041:Middlewares/LVGL/lvgl/src/core/lv_obj_style.c ****     lv_style_set_prop((lv_style_t *)style_trans->style, tr->prop, tr->start_value);
1042:Middlewares/LVGL/lvgl/src/core/lv_obj_style.c ****     lv_obj_refresh_style(tr->obj, tr->selector, tr->prop);
1043:Middlewares/LVGL/lvgl/src/core/lv_obj_style.c **** 
1044:Middlewares/LVGL/lvgl/src/core/lv_obj_style.c **** }
1045:Middlewares/LVGL/lvgl/src/core/lv_obj_style.c **** 
1046:Middlewares/LVGL/lvgl/src/core/lv_obj_style.c **** static void trans_anim_completed_cb(lv_anim_t * a)
1047:Middlewares/LVGL/lvgl/src/core/lv_obj_style.c **** {
1048:Middlewares/LVGL/lvgl/src/core/lv_obj_style.c ****     trans_t * tr = a->var;
1049:Middlewares/LVGL/lvgl/src/core/lv_obj_style.c ****     lv_obj_t * obj = tr->obj;
1050:Middlewares/LVGL/lvgl/src/core/lv_obj_style.c ****     lv_style_prop_t prop = tr->prop;
1051:Middlewares/LVGL/lvgl/src/core/lv_obj_style.c **** 
1052:Middlewares/LVGL/lvgl/src/core/lv_obj_style.c ****     /*Remove the transitioned property from trans. style
1053:Middlewares/LVGL/lvgl/src/core/lv_obj_style.c ****      *if there no more transitions for this property
1054:Middlewares/LVGL/lvgl/src/core/lv_obj_style.c ****      *It allows changing it by normal styles*/
1055:Middlewares/LVGL/lvgl/src/core/lv_obj_style.c ****     bool running = false;
1056:Middlewares/LVGL/lvgl/src/core/lv_obj_style.c ****     trans_t * tr_i;
1057:Middlewares/LVGL/lvgl/src/core/lv_obj_style.c ****     LV_LL_READ(style_trans_ll_p, tr_i) {
1058:Middlewares/LVGL/lvgl/src/core/lv_obj_style.c ****         if(tr_i != tr && tr_i->obj == tr->obj && tr_i->selector == tr->selector && tr_i->prop == tr
ARM GAS  C:\Users\w1785\AppData\Local\Temp\ccv6fGyr.s 			page 44


1059:Middlewares/LVGL/lvgl/src/core/lv_obj_style.c ****             running = true;
1060:Middlewares/LVGL/lvgl/src/core/lv_obj_style.c ****             break;
1061:Middlewares/LVGL/lvgl/src/core/lv_obj_style.c ****         }
1062:Middlewares/LVGL/lvgl/src/core/lv_obj_style.c ****     }
1063:Middlewares/LVGL/lvgl/src/core/lv_obj_style.c **** 
1064:Middlewares/LVGL/lvgl/src/core/lv_obj_style.c ****     if(!running) {
1065:Middlewares/LVGL/lvgl/src/core/lv_obj_style.c ****         uint32_t i;
1066:Middlewares/LVGL/lvgl/src/core/lv_obj_style.c ****         for(i = 0; i < obj->style_cnt; i++) {
1067:Middlewares/LVGL/lvgl/src/core/lv_obj_style.c ****             if(obj->styles[i].is_trans && obj->styles[i].selector == tr->selector) {
1068:Middlewares/LVGL/lvgl/src/core/lv_obj_style.c ****                 lv_ll_remove(style_trans_ll_p, tr);
1069:Middlewares/LVGL/lvgl/src/core/lv_obj_style.c ****                 lv_free(tr);
1070:Middlewares/LVGL/lvgl/src/core/lv_obj_style.c **** 
1071:Middlewares/LVGL/lvgl/src/core/lv_obj_style.c ****                 lv_obj_style_t * obj_style = &obj->styles[i];
1072:Middlewares/LVGL/lvgl/src/core/lv_obj_style.c ****                 lv_style_remove_prop((lv_style_t *)obj_style->style, prop);
1073:Middlewares/LVGL/lvgl/src/core/lv_obj_style.c **** 
1074:Middlewares/LVGL/lvgl/src/core/lv_obj_style.c ****                 if(lv_style_is_empty(obj->styles[i].style)) {
1075:Middlewares/LVGL/lvgl/src/core/lv_obj_style.c ****                     lv_obj_remove_style(obj, (lv_style_t *)obj_style->style, obj_style->selector);
1076:Middlewares/LVGL/lvgl/src/core/lv_obj_style.c **** 
1077:Middlewares/LVGL/lvgl/src/core/lv_obj_style.c ****                 }
1078:Middlewares/LVGL/lvgl/src/core/lv_obj_style.c ****                 break;
1079:Middlewares/LVGL/lvgl/src/core/lv_obj_style.c ****             }
1080:Middlewares/LVGL/lvgl/src/core/lv_obj_style.c ****         }
1081:Middlewares/LVGL/lvgl/src/core/lv_obj_style.c ****     }
1082:Middlewares/LVGL/lvgl/src/core/lv_obj_style.c **** }
1083:Middlewares/LVGL/lvgl/src/core/lv_obj_style.c **** 
1084:Middlewares/LVGL/lvgl/src/core/lv_obj_style.c **** static lv_layer_type_t calculate_layer_type(lv_obj_t * obj)
1085:Middlewares/LVGL/lvgl/src/core/lv_obj_style.c **** {
1086:Middlewares/LVGL/lvgl/src/core/lv_obj_style.c **** #if LV_DRAW_TRANSFORM_USE_MATRIX
1087:Middlewares/LVGL/lvgl/src/core/lv_obj_style.c ****     if(lv_obj_get_transform(obj) != NULL) return LV_LAYER_TYPE_TRANSFORM;
1088:Middlewares/LVGL/lvgl/src/core/lv_obj_style.c **** #endif
1089:Middlewares/LVGL/lvgl/src/core/lv_obj_style.c ****     if(lv_obj_get_style_transform_rotation(obj, LV_PART_MAIN) != 0) return LV_LAYER_TYPE_TRANSFORM;
1090:Middlewares/LVGL/lvgl/src/core/lv_obj_style.c ****     if(lv_obj_get_style_transform_scale_x(obj, LV_PART_MAIN) != 256) return LV_LAYER_TYPE_TRANSFORM
1091:Middlewares/LVGL/lvgl/src/core/lv_obj_style.c ****     if(lv_obj_get_style_transform_scale_y(obj, LV_PART_MAIN) != 256) return LV_LAYER_TYPE_TRANSFORM
1092:Middlewares/LVGL/lvgl/src/core/lv_obj_style.c ****     if(lv_obj_get_style_transform_skew_x(obj, LV_PART_MAIN) != 0) return LV_LAYER_TYPE_TRANSFORM;
1093:Middlewares/LVGL/lvgl/src/core/lv_obj_style.c ****     if(lv_obj_get_style_transform_skew_y(obj, LV_PART_MAIN) != 0) return LV_LAYER_TYPE_TRANSFORM;
1094:Middlewares/LVGL/lvgl/src/core/lv_obj_style.c ****     if(lv_obj_get_style_opa_layered(obj, LV_PART_MAIN) != LV_OPA_COVER) return LV_LAYER_TYPE_SIMPLE
1095:Middlewares/LVGL/lvgl/src/core/lv_obj_style.c ****     if(lv_obj_get_style_bitmap_mask_src(obj, LV_PART_MAIN) != NULL) return LV_LAYER_TYPE_SIMPLE;
1096:Middlewares/LVGL/lvgl/src/core/lv_obj_style.c ****     if(lv_obj_get_style_blend_mode(obj, LV_PART_MAIN) != LV_BLEND_MODE_NORMAL) return LV_LAYER_TYPE
1097:Middlewares/LVGL/lvgl/src/core/lv_obj_style.c ****     return LV_LAYER_TYPE_NONE;
1098:Middlewares/LVGL/lvgl/src/core/lv_obj_style.c **** }
1099:Middlewares/LVGL/lvgl/src/core/lv_obj_style.c **** 
1100:Middlewares/LVGL/lvgl/src/core/lv_obj_style.c **** static void full_cache_refresh(lv_obj_t * obj, lv_part_t part)
1101:Middlewares/LVGL/lvgl/src/core/lv_obj_style.c **** {
1102:Middlewares/LVGL/lvgl/src/core/lv_obj_style.c **** #if LV_OBJ_STYLE_CACHE
1103:Middlewares/LVGL/lvgl/src/core/lv_obj_style.c ****     uint32_t i;
1104:Middlewares/LVGL/lvgl/src/core/lv_obj_style.c ****     if(part == LV_PART_MAIN || part == LV_PART_ANY) {
1105:Middlewares/LVGL/lvgl/src/core/lv_obj_style.c ****         obj->style_main_prop_is_set = 0;
1106:Middlewares/LVGL/lvgl/src/core/lv_obj_style.c ****         for(i = 0; i < obj->style_cnt; i++) {
1107:Middlewares/LVGL/lvgl/src/core/lv_obj_style.c ****             if(lv_obj_style_get_selector_part(obj->styles[i].selector) != LV_PART_MAIN) continue;
1108:Middlewares/LVGL/lvgl/src/core/lv_obj_style.c ****             if(obj->styles[i].is_disabled) continue;
1109:Middlewares/LVGL/lvgl/src/core/lv_obj_style.c ****             lv_style_t * style = (lv_style_t *)obj->styles[i].style;
1110:Middlewares/LVGL/lvgl/src/core/lv_obj_style.c ****             uint32_t j;
1111:Middlewares/LVGL/lvgl/src/core/lv_obj_style.c ****             if(lv_style_is_const(style)) {
1112:Middlewares/LVGL/lvgl/src/core/lv_obj_style.c ****                 lv_style_const_prop_t * props = style->values_and_props;
1113:Middlewares/LVGL/lvgl/src/core/lv_obj_style.c ****                 for(j = 0; props[j].prop != LV_STYLE_PROP_INV; j++) {
1114:Middlewares/LVGL/lvgl/src/core/lv_obj_style.c ****                     obj->style_main_prop_is_set |= STYLE_PROP_SHIFTED(props[j].prop);
1115:Middlewares/LVGL/lvgl/src/core/lv_obj_style.c ****                 }
ARM GAS  C:\Users\w1785\AppData\Local\Temp\ccv6fGyr.s 			page 45


1116:Middlewares/LVGL/lvgl/src/core/lv_obj_style.c ****             }
1117:Middlewares/LVGL/lvgl/src/core/lv_obj_style.c ****             else {
1118:Middlewares/LVGL/lvgl/src/core/lv_obj_style.c ****                 lv_style_prop_t * props = (lv_style_prop_t *)style->values_and_props + style->prop_
1119:Middlewares/LVGL/lvgl/src/core/lv_obj_style.c ****                 for(j = 0; j < style->prop_cnt; j++) {
1120:Middlewares/LVGL/lvgl/src/core/lv_obj_style.c ****                     obj->style_main_prop_is_set |= STYLE_PROP_SHIFTED(props[j]);
1121:Middlewares/LVGL/lvgl/src/core/lv_obj_style.c ****                 }
1122:Middlewares/LVGL/lvgl/src/core/lv_obj_style.c ****             }
1123:Middlewares/LVGL/lvgl/src/core/lv_obj_style.c ****         }
1124:Middlewares/LVGL/lvgl/src/core/lv_obj_style.c ****     }
1125:Middlewares/LVGL/lvgl/src/core/lv_obj_style.c ****     if(part != LV_PART_MAIN || part == LV_PART_ANY) {
1126:Middlewares/LVGL/lvgl/src/core/lv_obj_style.c ****         obj->style_other_prop_is_set = 0;
1127:Middlewares/LVGL/lvgl/src/core/lv_obj_style.c ****         for(i = 0; i < obj->style_cnt; i++) {
1128:Middlewares/LVGL/lvgl/src/core/lv_obj_style.c ****             if(lv_obj_style_get_selector_part(obj->styles[i].selector) == LV_PART_MAIN) continue;
1129:Middlewares/LVGL/lvgl/src/core/lv_obj_style.c ****             if(obj->styles[i].is_disabled) continue;
1130:Middlewares/LVGL/lvgl/src/core/lv_obj_style.c **** 
1131:Middlewares/LVGL/lvgl/src/core/lv_obj_style.c ****             lv_style_t * style = (lv_style_t *)obj->styles[i].style;
1132:Middlewares/LVGL/lvgl/src/core/lv_obj_style.c ****             uint32_t j;
1133:Middlewares/LVGL/lvgl/src/core/lv_obj_style.c ****             if(lv_style_is_const(style)) {
1134:Middlewares/LVGL/lvgl/src/core/lv_obj_style.c ****                 lv_style_const_prop_t * props = style->values_and_props;
1135:Middlewares/LVGL/lvgl/src/core/lv_obj_style.c ****                 for(j = 0; props[j].prop != LV_STYLE_PROP_INV; j++) {
1136:Middlewares/LVGL/lvgl/src/core/lv_obj_style.c ****                     obj->style_other_prop_is_set |= STYLE_PROP_SHIFTED(props[j].prop);
1137:Middlewares/LVGL/lvgl/src/core/lv_obj_style.c ****                 }
1138:Middlewares/LVGL/lvgl/src/core/lv_obj_style.c ****             }
1139:Middlewares/LVGL/lvgl/src/core/lv_obj_style.c ****             else {
1140:Middlewares/LVGL/lvgl/src/core/lv_obj_style.c ****                 lv_style_prop_t * props = (lv_style_prop_t *)style->values_and_props + style->prop_
1141:Middlewares/LVGL/lvgl/src/core/lv_obj_style.c ****                 for(j = 0; j < style->prop_cnt; j++) {
1142:Middlewares/LVGL/lvgl/src/core/lv_obj_style.c ****                     obj->style_other_prop_is_set |= STYLE_PROP_SHIFTED(props[j]);
1143:Middlewares/LVGL/lvgl/src/core/lv_obj_style.c ****                 }
1144:Middlewares/LVGL/lvgl/src/core/lv_obj_style.c ****             }
1145:Middlewares/LVGL/lvgl/src/core/lv_obj_style.c ****         }
1146:Middlewares/LVGL/lvgl/src/core/lv_obj_style.c ****     }
1147:Middlewares/LVGL/lvgl/src/core/lv_obj_style.c **** #else
1148:Middlewares/LVGL/lvgl/src/core/lv_obj_style.c ****     LV_UNUSED(obj);
1149:Middlewares/LVGL/lvgl/src/core/lv_obj_style.c ****     LV_UNUSED(part);
1150:Middlewares/LVGL/lvgl/src/core/lv_obj_style.c **** #endif
1151:Middlewares/LVGL/lvgl/src/core/lv_obj_style.c **** }
1152:Middlewares/LVGL/lvgl/src/core/lv_obj_style.c **** 
1153:Middlewares/LVGL/lvgl/src/core/lv_obj_style.c **** static void fade_anim_cb(void * obj, int32_t v)
1154:Middlewares/LVGL/lvgl/src/core/lv_obj_style.c **** {
1155:Middlewares/LVGL/lvgl/src/core/lv_obj_style.c ****     lv_obj_set_style_opa(obj, v, 0);
1156:Middlewares/LVGL/lvgl/src/core/lv_obj_style.c **** }
1157:Middlewares/LVGL/lvgl/src/core/lv_obj_style.c **** 
1158:Middlewares/LVGL/lvgl/src/core/lv_obj_style.c **** static void fade_in_anim_completed(lv_anim_t * a)
1159:Middlewares/LVGL/lvgl/src/core/lv_obj_style.c **** {
1160:Middlewares/LVGL/lvgl/src/core/lv_obj_style.c ****     lv_obj_remove_local_style_prop(a->var, LV_STYLE_OPA, 0);
1161:Middlewares/LVGL/lvgl/src/core/lv_obj_style.c **** }
1162:Middlewares/LVGL/lvgl/src/core/lv_obj_style.c **** 
1163:Middlewares/LVGL/lvgl/src/core/lv_obj_style.c **** static bool style_has_flag(const lv_style_t * style, uint32_t flag)
1164:Middlewares/LVGL/lvgl/src/core/lv_obj_style.c **** {
1165:Middlewares/LVGL/lvgl/src/core/lv_obj_style.c ****     if(lv_style_is_const(style)) {
1166:Middlewares/LVGL/lvgl/src/core/lv_obj_style.c ****         lv_style_const_prop_t * props = style->values_and_props;
1167:Middlewares/LVGL/lvgl/src/core/lv_obj_style.c ****         uint32_t i;
1168:Middlewares/LVGL/lvgl/src/core/lv_obj_style.c ****         for(i = 0; props[i].prop != LV_STYLE_PROP_INV; i++) {
1169:Middlewares/LVGL/lvgl/src/core/lv_obj_style.c ****             if(lv_style_prop_has_flag(props[i].prop, flag)) {
1170:Middlewares/LVGL/lvgl/src/core/lv_obj_style.c ****                 return true;
1171:Middlewares/LVGL/lvgl/src/core/lv_obj_style.c ****             }
1172:Middlewares/LVGL/lvgl/src/core/lv_obj_style.c ****         }
ARM GAS  C:\Users\w1785\AppData\Local\Temp\ccv6fGyr.s 			page 46


1173:Middlewares/LVGL/lvgl/src/core/lv_obj_style.c ****     }
1174:Middlewares/LVGL/lvgl/src/core/lv_obj_style.c ****     else {
1175:Middlewares/LVGL/lvgl/src/core/lv_obj_style.c ****         lv_style_prop_t * props = (lv_style_prop_t *)style->values_and_props + style->prop_cnt * si
1176:Middlewares/LVGL/lvgl/src/core/lv_obj_style.c ****         uint32_t i;
1177:Middlewares/LVGL/lvgl/src/core/lv_obj_style.c ****         for(i = 0; i < style->prop_cnt; i++) {
1178:Middlewares/LVGL/lvgl/src/core/lv_obj_style.c ****             if(lv_style_prop_has_flag(props[i], flag)) {
1179:Middlewares/LVGL/lvgl/src/core/lv_obj_style.c ****                 return true;
1180:Middlewares/LVGL/lvgl/src/core/lv_obj_style.c ****             }
1181:Middlewares/LVGL/lvgl/src/core/lv_obj_style.c ****         }
1182:Middlewares/LVGL/lvgl/src/core/lv_obj_style.c ****     }
1183:Middlewares/LVGL/lvgl/src/core/lv_obj_style.c ****     return false;
1184:Middlewares/LVGL/lvgl/src/core/lv_obj_style.c **** }
1185:Middlewares/LVGL/lvgl/src/core/lv_obj_style.c **** 
1186:Middlewares/LVGL/lvgl/src/core/lv_obj_style.c **** static lv_style_res_t get_selector_style_prop(const lv_obj_t * obj, lv_style_selector_t selector, l
1187:Middlewares/LVGL/lvgl/src/core/lv_obj_style.c ****                                               lv_style_value_t * value_act)
1188:Middlewares/LVGL/lvgl/src/core/lv_obj_style.c **** {
 512              		.loc 1 1188 1 is_stmt 1 view -0
 513              		.cfi_startproc
 514              		@ args = 0, pretend = 0, frame = 0
 515              		@ frame_needed = 0, uses_anonymous_args = 0
 516              		.loc 1 1188 1 is_stmt 0 view .LVU169
 517 0000 F8B5     		push	{r3, r4, r5, r6, r7, lr}
 518              	.LCFI5:
 519              		.cfi_def_cfa_offset 24
 520              		.cfi_offset 3, -24
 521              		.cfi_offset 4, -20
 522              		.cfi_offset 5, -16
 523              		.cfi_offset 6, -12
 524              		.cfi_offset 7, -8
 525              		.cfi_offset 14, -4
 526 0002 0446     		mov	r4, r0
 527 0004 1546     		mov	r5, r2
 528 0006 1E46     		mov	r6, r3
1189:Middlewares/LVGL/lvgl/src/core/lv_obj_style.c ****     lv_style_res_t found;
 529              		.loc 1 1189 5 is_stmt 1 view .LVU170
1190:Middlewares/LVGL/lvgl/src/core/lv_obj_style.c ****     lv_part_t part = lv_obj_style_get_selector_part(selector);
 530              		.loc 1 1190 5 view .LVU171
 531              	.LVL57:
 532              	.LBB150:
 533              	.LBI150:
 269:Middlewares/LVGL/lvgl/src/core/lv_obj_style.h **** {
 534              		.loc 3 269 25 view .LVU172
 535              	.LBB151:
 536              		.loc 3 271 5 view .LVU173
 537              		.loc 3 271 12 is_stmt 0 view .LVU174
 538 0008 01F47F07 		and	r7, r1, #16711680
 539              	.LVL58:
 540              		.loc 3 271 12 view .LVU175
 541              	.LBE151:
 542              	.LBE150:
1191:Middlewares/LVGL/lvgl/src/core/lv_obj_style.c **** 
1192:Middlewares/LVGL/lvgl/src/core/lv_obj_style.c ****     /*The happy path*/
1193:Middlewares/LVGL/lvgl/src/core/lv_obj_style.c **** #if LV_OBJ_STYLE_CACHE
1194:Middlewares/LVGL/lvgl/src/core/lv_obj_style.c ****     const uint32_t prop_shifted = STYLE_PROP_SHIFTED(prop);
1195:Middlewares/LVGL/lvgl/src/core/lv_obj_style.c ****     if((part == LV_PART_MAIN ? obj->style_main_prop_is_set : obj->style_other_prop_is_set) & prop_s
1196:Middlewares/LVGL/lvgl/src/core/lv_obj_style.c **** #endif
1197:Middlewares/LVGL/lvgl/src/core/lv_obj_style.c ****     {
ARM GAS  C:\Users\w1785\AppData\Local\Temp\ccv6fGyr.s 			page 47


1198:Middlewares/LVGL/lvgl/src/core/lv_obj_style.c ****         found = get_prop_core(obj, selector, prop, value_act);
 543              		.loc 1 1198 9 is_stmt 1 view .LVU176
 544              		.loc 1 1198 17 is_stmt 0 view .LVU177
 545 000c FFF7FEFF 		bl	get_prop_core
 546              	.LVL59:
1199:Middlewares/LVGL/lvgl/src/core/lv_obj_style.c ****         if(found == LV_STYLE_RES_FOUND) return LV_STYLE_RES_FOUND;
 547              		.loc 1 1199 9 is_stmt 1 view .LVU178
 548              		.loc 1 1199 11 is_stmt 0 view .LVU179
 549 0010 0128     		cmp	r0, #1
 550 0012 39D0     		beq	.L34
1200:Middlewares/LVGL/lvgl/src/core/lv_obj_style.c ****     }
1201:Middlewares/LVGL/lvgl/src/core/lv_obj_style.c **** 
1202:Middlewares/LVGL/lvgl/src/core/lv_obj_style.c ****     extern const uint8_t lv_style_builtin_prop_flag_lookup_table[];
 551              		.loc 1 1202 5 is_stmt 1 view .LVU180
1203:Middlewares/LVGL/lvgl/src/core/lv_obj_style.c ****     bool inheritable = false;
 552              		.loc 1 1203 5 view .LVU181
 553              	.LVL60:
1204:Middlewares/LVGL/lvgl/src/core/lv_obj_style.c ****     if(prop < LV_STYLE_NUM_BUILT_IN_PROPS) {
 554              		.loc 1 1204 5 view .LVU182
 555              		.loc 1 1204 7 is_stmt 0 view .LVU183
 556 0014 B02D     		cmp	r5, #176
 557 0016 11D8     		bhi	.L35
1205:Middlewares/LVGL/lvgl/src/core/lv_obj_style.c ****         inheritable = lv_style_builtin_prop_flag_lookup_table[prop] & LV_STYLE_PROP_FLAG_INHERITABL
 558              		.loc 1 1205 9 is_stmt 1 view .LVU184
 559              		.loc 1 1205 62 is_stmt 0 view .LVU185
 560 0018 1C4B     		ldr	r3, .L53
 561 001a 5B5D     		ldrb	r3, [r3, r5]	@ zero_extendqisi2
 562              		.loc 1 1205 21 view .LVU186
 563 001c 03F00103 		and	r3, r3, #1
 564              	.LVL61:
 565              	.L36:
1206:Middlewares/LVGL/lvgl/src/core/lv_obj_style.c ****     }
1207:Middlewares/LVGL/lvgl/src/core/lv_obj_style.c ****     else {
1208:Middlewares/LVGL/lvgl/src/core/lv_obj_style.c ****         if(_style_custom_prop_flag_lookup_table != NULL) {
1209:Middlewares/LVGL/lvgl/src/core/lv_obj_style.c ****             inheritable = _style_custom_prop_flag_lookup_table[prop - LV_STYLE_NUM_BUILT_IN_PROPS] 
1210:Middlewares/LVGL/lvgl/src/core/lv_obj_style.c ****                           LV_STYLE_PROP_FLAG_INHERITABLE;
1211:Middlewares/LVGL/lvgl/src/core/lv_obj_style.c ****         }
1212:Middlewares/LVGL/lvgl/src/core/lv_obj_style.c ****     }
1213:Middlewares/LVGL/lvgl/src/core/lv_obj_style.c **** 
1214:Middlewares/LVGL/lvgl/src/core/lv_obj_style.c ****     if(inheritable) {
 566              		.loc 1 1214 5 is_stmt 1 view .LVU187
 567              		.loc 1 1214 7 is_stmt 0 view .LVU188
 568 0020 BBB1     		cbz	r3, .L37
1215:Middlewares/LVGL/lvgl/src/core/lv_obj_style.c ****         /*If not found, check the `MAIN` style first, if already on the MAIN part go to the parent*
1216:Middlewares/LVGL/lvgl/src/core/lv_obj_style.c ****         if(part != LV_PART_MAIN) part = LV_PART_MAIN;
 569              		.loc 1 1216 9 is_stmt 1 view .LVU189
 570              		.loc 1 1216 11 is_stmt 0 view .LVU190
 571 0022 07B9     		cbnz	r7, .L39
1217:Middlewares/LVGL/lvgl/src/core/lv_obj_style.c ****         else obj = obj->parent;
 572              		.loc 1 1217 14 is_stmt 1 view .LVU191
 573              		.loc 1 1217 18 is_stmt 0 view .LVU192
 574 0024 6468     		ldr	r4, [r4, #4]
 575              	.LVL62:
 576              	.L39:
1218:Middlewares/LVGL/lvgl/src/core/lv_obj_style.c **** 
1219:Middlewares/LVGL/lvgl/src/core/lv_obj_style.c ****         while(obj) {
 577              		.loc 1 1219 15 is_stmt 1 view .LVU193
ARM GAS  C:\Users\w1785\AppData\Local\Temp\ccv6fGyr.s 			page 48


 578 0026 94B1     		cbz	r4, .L48
1220:Middlewares/LVGL/lvgl/src/core/lv_obj_style.c **** #if LV_OBJ_STYLE_CACHE
1221:Middlewares/LVGL/lvgl/src/core/lv_obj_style.c ****             if(obj->style_main_prop_is_set & prop_shifted)
1222:Middlewares/LVGL/lvgl/src/core/lv_obj_style.c **** #endif
1223:Middlewares/LVGL/lvgl/src/core/lv_obj_style.c ****             {
1224:Middlewares/LVGL/lvgl/src/core/lv_obj_style.c ****                 selector = part | obj->state;
 579              		.loc 1 1224 17 view .LVU194
 580              	.LVL63:
1225:Middlewares/LVGL/lvgl/src/core/lv_obj_style.c ****                 found = get_prop_core(obj, selector, prop, value_act);
 581              		.loc 1 1225 17 view .LVU195
 582              		.loc 1 1225 25 is_stmt 0 view .LVU196
 583 0028 3346     		mov	r3, r6
 584 002a 2A46     		mov	r2, r5
 585 002c 218D     		ldrh	r1, [r4, #40]
 586              	.LVL64:
 587              		.loc 1 1225 25 view .LVU197
 588 002e 2046     		mov	r0, r4
 589              	.LVL65:
 590              		.loc 1 1225 25 view .LVU198
 591 0030 FFF7FEFF 		bl	get_prop_core
 592              	.LVL66:
1226:Middlewares/LVGL/lvgl/src/core/lv_obj_style.c ****                 if(found == LV_STYLE_RES_FOUND) return LV_STYLE_RES_FOUND;
 593              		.loc 1 1226 17 is_stmt 1 view .LVU199
 594              		.loc 1 1226 19 is_stmt 0 view .LVU200
 595 0034 0128     		cmp	r0, #1
 596 0036 27D0     		beq	.L34
1227:Middlewares/LVGL/lvgl/src/core/lv_obj_style.c ****             }
1228:Middlewares/LVGL/lvgl/src/core/lv_obj_style.c ****             /*Check the parent too.*/
1229:Middlewares/LVGL/lvgl/src/core/lv_obj_style.c ****             obj = obj->parent;
 597              		.loc 1 1229 13 is_stmt 1 view .LVU201
 598              		.loc 1 1229 17 is_stmt 0 view .LVU202
 599 0038 6468     		ldr	r4, [r4, #4]
 600              	.LVL67:
 601              		.loc 1 1229 17 view .LVU203
 602 003a F4E7     		b	.L39
 603              	.LVL68:
 604              	.L35:
1208:Middlewares/LVGL/lvgl/src/core/lv_obj_style.c ****             inheritable = _style_custom_prop_flag_lookup_table[prop - LV_STYLE_NUM_BUILT_IN_PROPS] 
 605              		.loc 1 1208 9 is_stmt 1 view .LVU204
1208:Middlewares/LVGL/lvgl/src/core/lv_obj_style.c ****             inheritable = _style_custom_prop_flag_lookup_table[prop - LV_STYLE_NUM_BUILT_IN_PROPS] 
 606              		.loc 1 1208 12 is_stmt 0 view .LVU205
 607 003c 144B     		ldr	r3, .L53+4
 608 003e 5B6B     		ldr	r3, [r3, #52]
1208:Middlewares/LVGL/lvgl/src/core/lv_obj_style.c ****             inheritable = _style_custom_prop_flag_lookup_table[prop - LV_STYLE_NUM_BUILT_IN_PROPS] 
 609              		.loc 1 1208 11 view .LVU206
 610 0040 3BB1     		cbz	r3, .L37
1209:Middlewares/LVGL/lvgl/src/core/lv_obj_style.c ****                           LV_STYLE_PROP_FLAG_INHERITABLE;
 611              		.loc 1 1209 13 is_stmt 1 view .LVU207
1209:Middlewares/LVGL/lvgl/src/core/lv_obj_style.c ****                           LV_STYLE_PROP_FLAG_INHERITABLE;
 612              		.loc 1 1209 63 is_stmt 0 view .LVU208
 613 0042 2B44     		add	r3, r3, r5
 614 0044 13F8B13C 		ldrb	r3, [r3, #-177]	@ zero_extendqisi2
1209:Middlewares/LVGL/lvgl/src/core/lv_obj_style.c ****                           LV_STYLE_PROP_FLAG_INHERITABLE;
 615              		.loc 1 1209 25 view .LVU209
 616 0048 03F00103 		and	r3, r3, #1
 617 004c E8E7     		b	.L36
 618              	.LVL69:
ARM GAS  C:\Users\w1785\AppData\Local\Temp\ccv6fGyr.s 			page 49


 619              	.L48:
1230:Middlewares/LVGL/lvgl/src/core/lv_obj_style.c ****         }
1231:Middlewares/LVGL/lvgl/src/core/lv_obj_style.c ****     }
1232:Middlewares/LVGL/lvgl/src/core/lv_obj_style.c ****     else {
1233:Middlewares/LVGL/lvgl/src/core/lv_obj_style.c ****         /*Get the width and height from the class.
1234:Middlewares/LVGL/lvgl/src/core/lv_obj_style.c ****                 * WIDTH and HEIGHT are not inherited so add them in the `else` to skip checking the
1235:Middlewares/LVGL/lvgl/src/core/lv_obj_style.c ****         if(part == LV_PART_MAIN && (prop == LV_STYLE_WIDTH || prop == LV_STYLE_HEIGHT)) {
1236:Middlewares/LVGL/lvgl/src/core/lv_obj_style.c ****             const lv_obj_class_t * cls = obj->class_p;
1237:Middlewares/LVGL/lvgl/src/core/lv_obj_style.c ****             while(cls) {
1238:Middlewares/LVGL/lvgl/src/core/lv_obj_style.c ****                 if(prop == LV_STYLE_WIDTH) {
1239:Middlewares/LVGL/lvgl/src/core/lv_obj_style.c ****                     if(cls->width_def != 0)  {
1240:Middlewares/LVGL/lvgl/src/core/lv_obj_style.c ****                         value_act->num = cls->width_def;
1241:Middlewares/LVGL/lvgl/src/core/lv_obj_style.c ****                         return LV_STYLE_RES_FOUND;
1242:Middlewares/LVGL/lvgl/src/core/lv_obj_style.c ****                     }
1243:Middlewares/LVGL/lvgl/src/core/lv_obj_style.c ****                 }
1244:Middlewares/LVGL/lvgl/src/core/lv_obj_style.c ****                 else {
1245:Middlewares/LVGL/lvgl/src/core/lv_obj_style.c ****                     if(cls->height_def != 0) {
1246:Middlewares/LVGL/lvgl/src/core/lv_obj_style.c ****                         value_act->num = cls->height_def;
1247:Middlewares/LVGL/lvgl/src/core/lv_obj_style.c ****                         return LV_STYLE_RES_FOUND;
1248:Middlewares/LVGL/lvgl/src/core/lv_obj_style.c ****                     }
1249:Middlewares/LVGL/lvgl/src/core/lv_obj_style.c ****                 }
1250:Middlewares/LVGL/lvgl/src/core/lv_obj_style.c ****                 cls = cls->base_class;
1251:Middlewares/LVGL/lvgl/src/core/lv_obj_style.c ****             }
1252:Middlewares/LVGL/lvgl/src/core/lv_obj_style.c ****         }
1253:Middlewares/LVGL/lvgl/src/core/lv_obj_style.c ****     }
1254:Middlewares/LVGL/lvgl/src/core/lv_obj_style.c **** 
1255:Middlewares/LVGL/lvgl/src/core/lv_obj_style.c ****     return LV_STYLE_RES_NOT_FOUND;
 620              		.loc 1 1255 12 view .LVU210
 621 004e 0020     		movs	r0, #0
 622              	.LVL70:
 623              		.loc 1 1255 12 view .LVU211
 624 0050 1AE0     		b	.L34
 625              	.LVL71:
 626              	.L37:
1235:Middlewares/LVGL/lvgl/src/core/lv_obj_style.c ****             const lv_obj_class_t * cls = obj->class_p;
 627              		.loc 1 1235 9 is_stmt 1 view .LVU212
1235:Middlewares/LVGL/lvgl/src/core/lv_obj_style.c ****             const lv_obj_class_t * cls = obj->class_p;
 628              		.loc 1 1235 11 is_stmt 0 view .LVU213
 629 0052 C7B9     		cbnz	r7, .L45
1235:Middlewares/LVGL/lvgl/src/core/lv_obj_style.c ****             const lv_obj_class_t * cls = obj->class_p;
 630              		.loc 1 1235 60 discriminator 1 view .LVU214
 631 0054 6B1E     		subs	r3, r5, #1
 632 0056 DBB2     		uxtb	r3, r3
1235:Middlewares/LVGL/lvgl/src/core/lv_obj_style.c ****             const lv_obj_class_t * cls = obj->class_p;
 633              		.loc 1 1235 33 discriminator 1 view .LVU215
 634 0058 012B     		cmp	r3, #1
 635 005a 01D9     		bls	.L49
 636              		.loc 1 1255 12 view .LVU216
 637 005c 0020     		movs	r0, #0
 638              	.LVL72:
 639              		.loc 1 1255 12 view .LVU217
 640 005e 13E0     		b	.L34
 641              	.LVL73:
 642              	.L49:
 643              	.LBB152:
1236:Middlewares/LVGL/lvgl/src/core/lv_obj_style.c ****             while(cls) {
 644              		.loc 1 1236 13 is_stmt 1 view .LVU218
ARM GAS  C:\Users\w1785\AppData\Local\Temp\ccv6fGyr.s 			page 50


1236:Middlewares/LVGL/lvgl/src/core/lv_obj_style.c ****             while(cls) {
 645              		.loc 1 1236 36 is_stmt 0 view .LVU219
 646 0060 2368     		ldr	r3, [r4]
 647              	.LVL74:
1237:Middlewares/LVGL/lvgl/src/core/lv_obj_style.c ****                 if(prop == LV_STYLE_WIDTH) {
 648              		.loc 1 1237 13 is_stmt 1 view .LVU220
1237:Middlewares/LVGL/lvgl/src/core/lv_obj_style.c ****                 if(prop == LV_STYLE_WIDTH) {
 649              		.loc 1 1237 18 is_stmt 0 view .LVU221
 650 0062 02E0     		b	.L41
 651              	.L52:
1239:Middlewares/LVGL/lvgl/src/core/lv_obj_style.c ****                         value_act->num = cls->width_def;
 652              		.loc 1 1239 21 is_stmt 1 view .LVU222
1239:Middlewares/LVGL/lvgl/src/core/lv_obj_style.c ****                         value_act->num = cls->width_def;
 653              		.loc 1 1239 27 is_stmt 0 view .LVU223
 654 0064 9A69     		ldr	r2, [r3, #24]
1239:Middlewares/LVGL/lvgl/src/core/lv_obj_style.c ****                         value_act->num = cls->width_def;
 655              		.loc 1 1239 23 view .LVU224
 656 0066 4AB9     		cbnz	r2, .L50
 657              	.L43:
1250:Middlewares/LVGL/lvgl/src/core/lv_obj_style.c ****             }
 658              		.loc 1 1250 17 is_stmt 1 view .LVU225
1250:Middlewares/LVGL/lvgl/src/core/lv_obj_style.c ****             }
 659              		.loc 1 1250 21 is_stmt 0 view .LVU226
 660 0068 1B68     		ldr	r3, [r3]
 661              	.LVL75:
 662              	.L41:
1237:Middlewares/LVGL/lvgl/src/core/lv_obj_style.c ****                 if(prop == LV_STYLE_WIDTH) {
 663              		.loc 1 1237 19 is_stmt 1 view .LVU227
 664 006a 53B1     		cbz	r3, .L51
1238:Middlewares/LVGL/lvgl/src/core/lv_obj_style.c ****                     if(cls->width_def != 0)  {
 665              		.loc 1 1238 17 view .LVU228
1238:Middlewares/LVGL/lvgl/src/core/lv_obj_style.c ****                     if(cls->width_def != 0)  {
 666              		.loc 1 1238 19 is_stmt 0 view .LVU229
 667 006c 012D     		cmp	r5, #1
 668 006e F9D0     		beq	.L52
1245:Middlewares/LVGL/lvgl/src/core/lv_obj_style.c ****                         value_act->num = cls->height_def;
 669              		.loc 1 1245 21 is_stmt 1 view .LVU230
1245:Middlewares/LVGL/lvgl/src/core/lv_obj_style.c ****                         value_act->num = cls->height_def;
 670              		.loc 1 1245 27 is_stmt 0 view .LVU231
 671 0070 DA69     		ldr	r2, [r3, #28]
1245:Middlewares/LVGL/lvgl/src/core/lv_obj_style.c ****                         value_act->num = cls->height_def;
 672              		.loc 1 1245 23 view .LVU232
 673 0072 002A     		cmp	r2, #0
 674 0074 F8D0     		beq	.L43
1246:Middlewares/LVGL/lvgl/src/core/lv_obj_style.c ****                         return LV_STYLE_RES_FOUND;
 675              		.loc 1 1246 25 is_stmt 1 view .LVU233
1246:Middlewares/LVGL/lvgl/src/core/lv_obj_style.c ****                         return LV_STYLE_RES_FOUND;
 676              		.loc 1 1246 40 is_stmt 0 view .LVU234
 677 0076 3260     		str	r2, [r6]
1247:Middlewares/LVGL/lvgl/src/core/lv_obj_style.c ****                     }
 678              		.loc 1 1247 25 is_stmt 1 view .LVU235
1247:Middlewares/LVGL/lvgl/src/core/lv_obj_style.c ****                     }
 679              		.loc 1 1247 32 is_stmt 0 view .LVU236
 680 0078 0120     		movs	r0, #1
 681              	.LVL76:
1247:Middlewares/LVGL/lvgl/src/core/lv_obj_style.c ****                     }
 682              		.loc 1 1247 32 view .LVU237
ARM GAS  C:\Users\w1785\AppData\Local\Temp\ccv6fGyr.s 			page 51


 683 007a 05E0     		b	.L34
 684              	.LVL77:
 685              	.L50:
1240:Middlewares/LVGL/lvgl/src/core/lv_obj_style.c ****                         return LV_STYLE_RES_FOUND;
 686              		.loc 1 1240 25 is_stmt 1 view .LVU238
1240:Middlewares/LVGL/lvgl/src/core/lv_obj_style.c ****                         return LV_STYLE_RES_FOUND;
 687              		.loc 1 1240 40 is_stmt 0 view .LVU239
 688 007c 3260     		str	r2, [r6]
1241:Middlewares/LVGL/lvgl/src/core/lv_obj_style.c ****                     }
 689              		.loc 1 1241 25 is_stmt 1 view .LVU240
1241:Middlewares/LVGL/lvgl/src/core/lv_obj_style.c ****                     }
 690              		.loc 1 1241 32 is_stmt 0 view .LVU241
 691 007e 2846     		mov	r0, r5
 692              	.LVL78:
1241:Middlewares/LVGL/lvgl/src/core/lv_obj_style.c ****                     }
 693              		.loc 1 1241 32 view .LVU242
 694 0080 02E0     		b	.L34
 695              	.LVL79:
 696              	.L51:
1241:Middlewares/LVGL/lvgl/src/core/lv_obj_style.c ****                     }
 697              		.loc 1 1241 32 view .LVU243
 698              	.LBE152:
 699              		.loc 1 1255 12 view .LVU244
 700 0082 0020     		movs	r0, #0
 701              	.LVL80:
 702              	.LBB153:
 703              		.loc 1 1255 12 view .LVU245
 704 0084 00E0     		b	.L34
 705              	.LVL81:
 706              	.L45:
 707              		.loc 1 1255 12 view .LVU246
 708              	.LBE153:
 709 0086 0020     		movs	r0, #0
 710              	.LVL82:
 711              	.L34:
1256:Middlewares/LVGL/lvgl/src/core/lv_obj_style.c **** }
 712              		.loc 1 1256 1 view .LVU247
 713 0088 F8BD     		pop	{r3, r4, r5, r6, r7, pc}
 714              	.LVL83:
 715              	.L54:
 716              		.loc 1 1256 1 view .LVU248
 717 008a 00BF     		.align	2
 718              	.L53:
 719 008c 00000000 		.word	lv_style_builtin_prop_flag_lookup_table
 720 0090 00000000 		.word	lv_global
 721              		.cfi_endproc
 722              	.LFE243:
 724              		.section	.text.trans_delete,"ax",%progbits
 725              		.align	1
 726              		.syntax unified
 727              		.thumb
 728              		.thumb_func
 730              	trans_delete:
 731              	.LVL84:
 732              	.LFB234:
 925:Middlewares/LVGL/lvgl/src/core/lv_obj_style.c ****     trans_t * tr;
 733              		.loc 1 925 1 is_stmt 1 view -0
ARM GAS  C:\Users\w1785\AppData\Local\Temp\ccv6fGyr.s 			page 52


 734              		.cfi_startproc
 735              		@ args = 0, pretend = 0, frame = 0
 736              		@ frame_needed = 0, uses_anonymous_args = 0
 925:Middlewares/LVGL/lvgl/src/core/lv_obj_style.c ****     trans_t * tr;
 737              		.loc 1 925 1 is_stmt 0 view .LVU250
 738 0000 2DE9F047 		push	{r4, r5, r6, r7, r8, r9, r10, lr}
 739              	.LCFI6:
 740              		.cfi_def_cfa_offset 32
 741              		.cfi_offset 4, -32
 742              		.cfi_offset 5, -28
 743              		.cfi_offset 6, -24
 744              		.cfi_offset 7, -20
 745              		.cfi_offset 8, -16
 746              		.cfi_offset 9, -12
 747              		.cfi_offset 10, -8
 748              		.cfi_offset 14, -4
 749 0004 0646     		mov	r6, r0
 750 0006 8946     		mov	r9, r1
 751 0008 9246     		mov	r10, r2
 752 000a 9846     		mov	r8, r3
 926:Middlewares/LVGL/lvgl/src/core/lv_obj_style.c ****     trans_t * tr_prev;
 753              		.loc 1 926 5 is_stmt 1 view .LVU251
 927:Middlewares/LVGL/lvgl/src/core/lv_obj_style.c ****     bool removed = false;
 754              		.loc 1 927 5 view .LVU252
 928:Middlewares/LVGL/lvgl/src/core/lv_obj_style.c ****     tr = lv_ll_get_tail(style_trans_ll_p);
 755              		.loc 1 928 5 view .LVU253
 756              	.LVL85:
 929:Middlewares/LVGL/lvgl/src/core/lv_obj_style.c ****     while(tr != NULL) {
 757              		.loc 1 929 5 view .LVU254
 929:Middlewares/LVGL/lvgl/src/core/lv_obj_style.c ****     while(tr != NULL) {
 758              		.loc 1 929 10 is_stmt 0 view .LVU255
 759 000c 2748     		ldr	r0, .L71
 760              	.LVL86:
 929:Middlewares/LVGL/lvgl/src/core/lv_obj_style.c ****     while(tr != NULL) {
 761              		.loc 1 929 10 view .LVU256
 762 000e FFF7FEFF 		bl	lv_ll_get_tail
 763              	.LVL87:
 929:Middlewares/LVGL/lvgl/src/core/lv_obj_style.c ****     while(tr != NULL) {
 764              		.loc 1 929 10 view .LVU257
 765 0012 0446     		mov	r4, r0
 766              	.LVL88:
 930:Middlewares/LVGL/lvgl/src/core/lv_obj_style.c ****         if(tr == tr_limit) break;
 767              		.loc 1 930 5 is_stmt 1 view .LVU258
 928:Middlewares/LVGL/lvgl/src/core/lv_obj_style.c ****     tr = lv_ll_get_tail(style_trans_ll_p);
 768              		.loc 1 928 10 is_stmt 0 view .LVU259
 769 0014 0027     		movs	r7, #0
 930:Middlewares/LVGL/lvgl/src/core/lv_obj_style.c ****         if(tr == tr_limit) break;
 770              		.loc 1 930 10 view .LVU260
 771 0016 06E0     		b	.L56
 772              	.LVL89:
 773              	.L59:
 936:Middlewares/LVGL/lvgl/src/core/lv_obj_style.c ****             /*Remove any transitioned properties from the trans. style
 774              		.loc 1 936 90 discriminator 4 view .LVU261
 775 0018 2379     		ldrb	r3, [r4, #4]	@ zero_extendqisi2
 936:Middlewares/LVGL/lvgl/src/core/lv_obj_style.c ****             /*Remove any transitioned properties from the trans. style
 776              		.loc 1 936 76 discriminator 4 view .LVU262
 777 001a 5345     		cmp	r3, r10
ARM GAS  C:\Users\w1785\AppData\Local\Temp\ccv6fGyr.s 			page 53


 778 001c 31D0     		beq	.L66
 936:Middlewares/LVGL/lvgl/src/core/lv_obj_style.c ****             /*Remove any transitioned properties from the trans. style
 779              		.loc 1 936 97 discriminator 5 view .LVU263
 780 001e BAF1FF0F 		cmp	r10, #255
 781 0022 30D0     		beq	.L69
 782              	.LVL90:
 783              	.L58:
 784              	.LBB154:
 950:Middlewares/LVGL/lvgl/src/core/lv_obj_style.c **** 
 785              		.loc 1 950 21 view .LVU264
 786 0024 2C46     		mov	r4, r5
 787              	.LVL91:
 788              	.L56:
 950:Middlewares/LVGL/lvgl/src/core/lv_obj_style.c **** 
 789              		.loc 1 950 21 view .LVU265
 790              	.LBE154:
 930:Middlewares/LVGL/lvgl/src/core/lv_obj_style.c ****         if(tr == tr_limit) break;
 791              		.loc 1 930 14 is_stmt 1 view .LVU266
 792 0026 002C     		cmp	r4, #0
 793 0028 3CD0     		beq	.L57
 931:Middlewares/LVGL/lvgl/src/core/lv_obj_style.c **** 
 794              		.loc 1 931 9 view .LVU267
 931:Middlewares/LVGL/lvgl/src/core/lv_obj_style.c **** 
 795              		.loc 1 931 11 is_stmt 0 view .LVU268
 796 002a 4445     		cmp	r4, r8
 797 002c 3AD0     		beq	.L57
 934:Middlewares/LVGL/lvgl/src/core/lv_obj_style.c **** 
 798              		.loc 1 934 9 is_stmt 1 view .LVU269
 934:Middlewares/LVGL/lvgl/src/core/lv_obj_style.c **** 
 799              		.loc 1 934 19 is_stmt 0 view .LVU270
 800 002e 2146     		mov	r1, r4
 801 0030 1E48     		ldr	r0, .L71
 802 0032 FFF7FEFF 		bl	lv_ll_get_prev
 803              	.LVL92:
 804 0036 0546     		mov	r5, r0
 805              	.LVL93:
 936:Middlewares/LVGL/lvgl/src/core/lv_obj_style.c ****             /*Remove any transitioned properties from the trans. style
 806              		.loc 1 936 9 is_stmt 1 view .LVU271
 936:Middlewares/LVGL/lvgl/src/core/lv_obj_style.c ****             /*Remove any transitioned properties from the trans. style
 807              		.loc 1 936 14 is_stmt 0 view .LVU272
 808 0038 2068     		ldr	r0, [r4]
 809              	.LVL94:
 936:Middlewares/LVGL/lvgl/src/core/lv_obj_style.c ****             /*Remove any transitioned properties from the trans. style
 810              		.loc 1 936 11 view .LVU273
 811 003a B042     		cmp	r0, r6
 812 003c F2D1     		bne	.L58
 936:Middlewares/LVGL/lvgl/src/core/lv_obj_style.c ****             /*Remove any transitioned properties from the trans. style
 813              		.loc 1 936 41 discriminator 1 view .LVU274
 814 003e A368     		ldr	r3, [r4, #8]
 936:Middlewares/LVGL/lvgl/src/core/lv_obj_style.c ****             /*Remove any transitioned properties from the trans. style
 815              		.loc 1 936 27 discriminator 1 view .LVU275
 816 0040 4B45     		cmp	r3, r9
 817 0042 E9D0     		beq	.L59
 936:Middlewares/LVGL/lvgl/src/core/lv_obj_style.c ****             /*Remove any transitioned properties from the trans. style
 818              		.loc 1 936 52 discriminator 3 view .LVU276
 819 0044 B9F5702F 		cmp	r9, #983040
 820 0048 ECD1     		bne	.L58
ARM GAS  C:\Users\w1785\AppData\Local\Temp\ccv6fGyr.s 			page 54


 821 004a E5E7     		b	.L59
 822              	.LVL95:
 823              	.L62:
 824              	.LBB155:
 942:Middlewares/LVGL/lvgl/src/core/lv_obj_style.c ****                 }
 825              		.loc 1 942 21 is_stmt 1 view .LVU277
 826 004c 2179     		ldrb	r1, [r4, #4]	@ zero_extendqisi2
 827 004e 1058     		ldr	r0, [r2, r0]
 828 0050 FFF7FEFF 		bl	lv_style_remove_prop
 829              	.LVL96:
 830              	.L61:
 940:Middlewares/LVGL/lvgl/src/core/lv_obj_style.c ****                 if(obj->styles[i].is_trans && (part == LV_PART_ANY || obj->styles[i].selector == pa
 831              		.loc 1 940 45 discriminator 2 view .LVU278
 832 0054 0137     		adds	r7, r7, #1
 833              	.LVL97:
 834              	.L63:
 940:Middlewares/LVGL/lvgl/src/core/lv_obj_style.c ****                 if(obj->styles[i].is_trans && (part == LV_PART_ANY || obj->styles[i].selector == pa
 835              		.loc 1 940 26 discriminator 1 view .LVU279
 940:Middlewares/LVGL/lvgl/src/core/lv_obj_style.c ****                 if(obj->styles[i].is_trans && (part == LV_PART_ANY || obj->styles[i].selector == pa
 836              		.loc 1 940 31 is_stmt 0 discriminator 1 view .LVU280
 837 0056 738D     		ldrh	r3, [r6, #42]
 838 0058 C3F30513 		ubfx	r3, r3, #4, #6
 940:Middlewares/LVGL/lvgl/src/core/lv_obj_style.c ****                 if(obj->styles[i].is_trans && (part == LV_PART_ANY || obj->styles[i].selector == pa
 839              		.loc 1 940 26 discriminator 1 view .LVU281
 840 005c BB42     		cmp	r3, r7
 841 005e 14D9     		bls	.L70
 941:Middlewares/LVGL/lvgl/src/core/lv_obj_style.c ****                     lv_style_remove_prop((lv_style_t *)obj->styles[i].style, tr->prop);
 842              		.loc 1 941 17 is_stmt 1 view .LVU282
 941:Middlewares/LVGL/lvgl/src/core/lv_obj_style.c ****                     lv_style_remove_prop((lv_style_t *)obj->styles[i].style, tr->prop);
 843              		.loc 1 941 23 is_stmt 0 view .LVU283
 844 0060 F268     		ldr	r2, [r6, #12]
 941:Middlewares/LVGL/lvgl/src/core/lv_obj_style.c ****                     lv_style_remove_prop((lv_style_t *)obj->styles[i].style, tr->prop);
 845              		.loc 1 941 31 view .LVU284
 846 0062 F800     		lsls	r0, r7, #3
 847 0064 02EBC703 		add	r3, r2, r7, lsl #3
 941:Middlewares/LVGL/lvgl/src/core/lv_obj_style.c ****                     lv_style_remove_prop((lv_style_t *)obj->styles[i].style, tr->prop);
 848              		.loc 1 941 20 view .LVU285
 849 0068 D979     		ldrb	r1, [r3, #7]	@ zero_extendqisi2
 941:Middlewares/LVGL/lvgl/src/core/lv_obj_style.c ****                     lv_style_remove_prop((lv_style_t *)obj->styles[i].style, tr->prop);
 850              		.loc 1 941 19 view .LVU286
 851 006a 11F0020F 		tst	r1, #2
 852 006e F1D0     		beq	.L61
 941:Middlewares/LVGL/lvgl/src/core/lv_obj_style.c ****                     lv_style_remove_prop((lv_style_t *)obj->styles[i].style, tr->prop);
 853              		.loc 1 941 44 discriminator 1 view .LVU287
 854 0070 B9F5702F 		cmp	r9, #983040
 855 0074 EAD0     		beq	.L62
 941:Middlewares/LVGL/lvgl/src/core/lv_obj_style.c ****                     lv_style_remove_prop((lv_style_t *)obj->styles[i].style, tr->prop);
 856              		.loc 1 941 85 discriminator 2 view .LVU288
 857 0076 5B68     		ldr	r3, [r3, #4]
 858 0078 C3F31703 		ubfx	r3, r3, #0, #24
 941:Middlewares/LVGL/lvgl/src/core/lv_obj_style.c ****                     lv_style_remove_prop((lv_style_t *)obj->styles[i].style, tr->prop);
 859              		.loc 1 941 68 discriminator 2 view .LVU289
 860 007c 4B45     		cmp	r3, r9
 861 007e E9D1     		bne	.L61
 862 0080 E4E7     		b	.L62
 863              	.LVL98:
 864              	.L66:
ARM GAS  C:\Users\w1785\AppData\Local\Temp\ccv6fGyr.s 			page 55


 941:Middlewares/LVGL/lvgl/src/core/lv_obj_style.c ****                     lv_style_remove_prop((lv_style_t *)obj->styles[i].style, tr->prop);
 865              		.loc 1 941 68 discriminator 2 view .LVU290
 866              	.LBE155:
 867 0082 0027     		movs	r7, #0
 868              	.LVL99:
 941:Middlewares/LVGL/lvgl/src/core/lv_obj_style.c ****                     lv_style_remove_prop((lv_style_t *)obj->styles[i].style, tr->prop);
 869              		.loc 1 941 68 discriminator 2 view .LVU291
 870 0084 E7E7     		b	.L63
 871              	.LVL100:
 872              	.L69:
 941:Middlewares/LVGL/lvgl/src/core/lv_obj_style.c ****                     lv_style_remove_prop((lv_style_t *)obj->styles[i].style, tr->prop);
 873              		.loc 1 941 68 discriminator 2 view .LVU292
 874 0086 0027     		movs	r7, #0
 875              	.LVL101:
 941:Middlewares/LVGL/lvgl/src/core/lv_obj_style.c ****                     lv_style_remove_prop((lv_style_t *)obj->styles[i].style, tr->prop);
 876              		.loc 1 941 68 discriminator 2 view .LVU293
 877 0088 E5E7     		b	.L63
 878              	.LVL102:
 879              	.L70:
 880              	.LBB156:
 947:Middlewares/LVGL/lvgl/src/core/lv_obj_style.c ****             lv_ll_remove(style_trans_ll_p, tr);
 881              		.loc 1 947 13 is_stmt 1 view .LVU294
 882 008a 0021     		movs	r1, #0
 883 008c 2046     		mov	r0, r4
 884 008e FFF7FEFF 		bl	lv_anim_delete
 885              	.LVL103:
 948:Middlewares/LVGL/lvgl/src/core/lv_obj_style.c ****             lv_free(tr);
 886              		.loc 1 948 13 view .LVU295
 887 0092 2146     		mov	r1, r4
 888 0094 0548     		ldr	r0, .L71
 889 0096 FFF7FEFF 		bl	lv_ll_remove
 890              	.LVL104:
 949:Middlewares/LVGL/lvgl/src/core/lv_obj_style.c ****             removed = true;
 891              		.loc 1 949 13 view .LVU296
 892 009a 2046     		mov	r0, r4
 893 009c FFF7FEFF 		bl	lv_free
 894              	.LVL105:
 950:Middlewares/LVGL/lvgl/src/core/lv_obj_style.c **** 
 895              		.loc 1 950 13 view .LVU297
 950:Middlewares/LVGL/lvgl/src/core/lv_obj_style.c **** 
 896              		.loc 1 950 21 is_stmt 0 view .LVU298
 897 00a0 0127     		movs	r7, #1
 898              	.LVL106:
 950:Middlewares/LVGL/lvgl/src/core/lv_obj_style.c **** 
 899              		.loc 1 950 21 view .LVU299
 900 00a2 BFE7     		b	.L58
 901              	.LVL107:
 902              	.L57:
 950:Middlewares/LVGL/lvgl/src/core/lv_obj_style.c **** 
 903              		.loc 1 950 21 view .LVU300
 904              	.LBE156:
 955:Middlewares/LVGL/lvgl/src/core/lv_obj_style.c **** }
 905              		.loc 1 955 5 is_stmt 1 view .LVU301
 956:Middlewares/LVGL/lvgl/src/core/lv_obj_style.c **** 
 906              		.loc 1 956 1 is_stmt 0 view .LVU302
 907 00a4 3846     		mov	r0, r7
 908 00a6 BDE8F087 		pop	{r4, r5, r6, r7, r8, r9, r10, pc}
ARM GAS  C:\Users\w1785\AppData\Local\Temp\ccv6fGyr.s 			page 56


 909              	.LVL108:
 910              	.L72:
 956:Middlewares/LVGL/lvgl/src/core/lv_obj_style.c **** 
 911              		.loc 1 956 1 view .LVU303
 912 00aa 00BF     		.align	2
 913              	.L71:
 914 00ac 1C000000 		.word	lv_global+28
 915              		.cfi_endproc
 916              	.LFE234:
 918              		.section	.text.style_has_flag,"ax",%progbits
 919              		.align	1
 920              		.syntax unified
 921              		.thumb
 922              		.thumb_func
 924              	style_has_flag:
 925              	.LVL109:
 926              	.LFB242:
1164:Middlewares/LVGL/lvgl/src/core/lv_obj_style.c ****     if(lv_style_is_const(style)) {
 927              		.loc 1 1164 1 is_stmt 1 view -0
 928              		.cfi_startproc
 929              		@ args = 0, pretend = 0, frame = 0
 930              		@ frame_needed = 0, uses_anonymous_args = 0
1164:Middlewares/LVGL/lvgl/src/core/lv_obj_style.c ****     if(lv_style_is_const(style)) {
 931              		.loc 1 1164 1 is_stmt 0 view .LVU305
 932 0000 2DE9F843 		push	{r3, r4, r5, r6, r7, r8, r9, lr}
 933              	.LCFI7:
 934              		.cfi_def_cfa_offset 32
 935              		.cfi_offset 3, -32
 936              		.cfi_offset 4, -28
 937              		.cfi_offset 5, -24
 938              		.cfi_offset 6, -20
 939              		.cfi_offset 7, -16
 940              		.cfi_offset 8, -12
 941              		.cfi_offset 9, -8
 942              		.cfi_offset 14, -4
 943 0004 0646     		mov	r6, r0
 944 0006 0F46     		mov	r7, r1
1165:Middlewares/LVGL/lvgl/src/core/lv_obj_style.c ****         lv_style_const_prop_t * props = style->values_and_props;
 945              		.loc 1 1165 5 is_stmt 1 view .LVU306
 946              	.LVL110:
 947              	.LBB157:
 948              	.LBI157:
 434:Middlewares/LVGL/lvgl/src/core/../misc/lv_style.h **** {
 949              		.loc 2 434 20 view .LVU307
 950              	.LBB158:
 436:Middlewares/LVGL/lvgl/src/core/../misc/lv_style.h ****     return false;
 951              		.loc 2 436 5 view .LVU308
 436:Middlewares/LVGL/lvgl/src/core/../misc/lv_style.h ****     return false;
 952              		.loc 2 436 13 is_stmt 0 view .LVU309
 953 0008 90F80880 		ldrb	r8, [r0, #8]	@ zero_extendqisi2
 436:Middlewares/LVGL/lvgl/src/core/../misc/lv_style.h ****     return false;
 954              		.loc 2 436 7 view .LVU310
 955 000c B8F1FF0F 		cmp	r8, #255
 956 0010 12D0     		beq	.L74
 957              	.LVL111:
 436:Middlewares/LVGL/lvgl/src/core/../misc/lv_style.h ****     return false;
 958              		.loc 2 436 7 view .LVU311
ARM GAS  C:\Users\w1785\AppData\Local\Temp\ccv6fGyr.s 			page 57


 959              	.LBE158:
 960              	.LBE157:
 961              	.LBB160:
1175:Middlewares/LVGL/lvgl/src/core/lv_obj_style.c ****         uint32_t i;
 962              		.loc 1 1175 9 is_stmt 1 view .LVU312
1175:Middlewares/LVGL/lvgl/src/core/lv_obj_style.c ****         uint32_t i;
 963              		.loc 1 1175 59 is_stmt 0 view .LVU313
 964 0012 D0F80090 		ldr	r9, [r0]
1175:Middlewares/LVGL/lvgl/src/core/lv_obj_style.c ****         uint32_t i;
 965              		.loc 1 1175 96 view .LVU314
 966 0016 4FEA8808 		lsl	r8, r8, #2
 967              	.LVL112:
1176:Middlewares/LVGL/lvgl/src/core/lv_obj_style.c ****         for(i = 0; i < style->prop_cnt; i++) {
 968              		.loc 1 1176 9 is_stmt 1 view .LVU315
1177:Middlewares/LVGL/lvgl/src/core/lv_obj_style.c ****             if(lv_style_prop_has_flag(props[i], flag)) {
 969              		.loc 1 1177 9 view .LVU316
1177:Middlewares/LVGL/lvgl/src/core/lv_obj_style.c ****             if(lv_style_prop_has_flag(props[i], flag)) {
 970              		.loc 1 1177 15 is_stmt 0 view .LVU317
 971 001a 0024     		movs	r4, #0
 972              	.LVL113:
 973              	.L75:
1177:Middlewares/LVGL/lvgl/src/core/lv_obj_style.c ****             if(lv_style_prop_has_flag(props[i], flag)) {
 974              		.loc 1 1177 22 is_stmt 1 discriminator 1 view .LVU318
1177:Middlewares/LVGL/lvgl/src/core/lv_obj_style.c ****             if(lv_style_prop_has_flag(props[i], flag)) {
 975              		.loc 1 1177 29 is_stmt 0 discriminator 1 view .LVU319
 976 001c 337A     		ldrb	r3, [r6, #8]	@ zero_extendqisi2
1177:Middlewares/LVGL/lvgl/src/core/lv_obj_style.c ****             if(lv_style_prop_has_flag(props[i], flag)) {
 977              		.loc 1 1177 22 discriminator 1 view .LVU320
 978 001e A342     		cmp	r3, r4
 979 0020 16D9     		bls	.L83
1178:Middlewares/LVGL/lvgl/src/core/lv_obj_style.c ****                 return true;
 980              		.loc 1 1178 13 is_stmt 1 view .LVU321
1178:Middlewares/LVGL/lvgl/src/core/lv_obj_style.c ****                 return true;
 981              		.loc 1 1178 44 is_stmt 0 view .LVU322
 982 0022 08EB0403 		add	r3, r8, r4
1178:Middlewares/LVGL/lvgl/src/core/lv_obj_style.c ****                 return true;
 983              		.loc 1 1178 16 view .LVU323
 984 0026 FDB2     		uxtb	r5, r7
 985              	.LVL114:
 986              	.LBB161:
 987              	.LBI161:
 574:Middlewares/LVGL/lvgl/src/core/../misc/lv_style.h **** 
 575:Middlewares/LVGL/lvgl/src/core/../misc/lv_style.h **** }
 576:Middlewares/LVGL/lvgl/src/core/../misc/lv_style.h **** 
 577:Middlewares/LVGL/lvgl/src/core/../misc/lv_style.h **** /**
 578:Middlewares/LVGL/lvgl/src/core/../misc/lv_style.h ****  * Get the flags of a built-in or custom property.
 579:Middlewares/LVGL/lvgl/src/core/../misc/lv_style.h ****  *
 580:Middlewares/LVGL/lvgl/src/core/../misc/lv_style.h ****  * @param prop a style property
 581:Middlewares/LVGL/lvgl/src/core/../misc/lv_style.h ****  * @return the flags of the property
 582:Middlewares/LVGL/lvgl/src/core/../misc/lv_style.h ****  */
 583:Middlewares/LVGL/lvgl/src/core/../misc/lv_style.h **** uint8_t lv_style_prop_lookup_flags(lv_style_prop_t prop);
 584:Middlewares/LVGL/lvgl/src/core/../misc/lv_style.h **** 
 585:Middlewares/LVGL/lvgl/src/core/../misc/lv_style.h **** #include "lv_style_gen.h"
 586:Middlewares/LVGL/lvgl/src/core/../misc/lv_style.h **** 
 587:Middlewares/LVGL/lvgl/src/core/../misc/lv_style.h **** /**
 588:Middlewares/LVGL/lvgl/src/core/../misc/lv_style.h ****  * Set `style`s width and height.
 589:Middlewares/LVGL/lvgl/src/core/../misc/lv_style.h ****  * @param  style   pointer to style to be modified
ARM GAS  C:\Users\w1785\AppData\Local\Temp\ccv6fGyr.s 			page 58


 590:Middlewares/LVGL/lvgl/src/core/../misc/lv_style.h ****  * @param  width   width in pixels
 591:Middlewares/LVGL/lvgl/src/core/../misc/lv_style.h ****  * @param  height  height in pixels
 592:Middlewares/LVGL/lvgl/src/core/../misc/lv_style.h ****  */
 593:Middlewares/LVGL/lvgl/src/core/../misc/lv_style.h **** static inline void lv_style_set_size(lv_style_t * style, int32_t width, int32_t height)
 594:Middlewares/LVGL/lvgl/src/core/../misc/lv_style.h **** {
 595:Middlewares/LVGL/lvgl/src/core/../misc/lv_style.h ****     lv_style_set_width(style, width);
 596:Middlewares/LVGL/lvgl/src/core/../misc/lv_style.h ****     lv_style_set_height(style, height);
 597:Middlewares/LVGL/lvgl/src/core/../misc/lv_style.h **** }
 598:Middlewares/LVGL/lvgl/src/core/../misc/lv_style.h **** 
 599:Middlewares/LVGL/lvgl/src/core/../misc/lv_style.h **** /**
 600:Middlewares/LVGL/lvgl/src/core/../misc/lv_style.h ****  * Set all 4 of `style`s padding values.
 601:Middlewares/LVGL/lvgl/src/core/../misc/lv_style.h ****  * @param  style   pointer to style to be modified
 602:Middlewares/LVGL/lvgl/src/core/../misc/lv_style.h ****  * @param  value   padding dimension in pixels
 603:Middlewares/LVGL/lvgl/src/core/../misc/lv_style.h ****  */
 604:Middlewares/LVGL/lvgl/src/core/../misc/lv_style.h **** static inline void lv_style_set_pad_all(lv_style_t * style, int32_t value)
 605:Middlewares/LVGL/lvgl/src/core/../misc/lv_style.h **** {
 606:Middlewares/LVGL/lvgl/src/core/../misc/lv_style.h ****     lv_style_set_pad_left(style, value);
 607:Middlewares/LVGL/lvgl/src/core/../misc/lv_style.h ****     lv_style_set_pad_right(style, value);
 608:Middlewares/LVGL/lvgl/src/core/../misc/lv_style.h ****     lv_style_set_pad_top(style, value);
 609:Middlewares/LVGL/lvgl/src/core/../misc/lv_style.h ****     lv_style_set_pad_bottom(style, value);
 610:Middlewares/LVGL/lvgl/src/core/../misc/lv_style.h **** }
 611:Middlewares/LVGL/lvgl/src/core/../misc/lv_style.h **** 
 612:Middlewares/LVGL/lvgl/src/core/../misc/lv_style.h **** /**
 613:Middlewares/LVGL/lvgl/src/core/../misc/lv_style.h ****  * Set `style`s left and right padding values.
 614:Middlewares/LVGL/lvgl/src/core/../misc/lv_style.h ****  * @param  style   pointer to style to be modified
 615:Middlewares/LVGL/lvgl/src/core/../misc/lv_style.h ****  * @param  value   padding dimension in pixels
 616:Middlewares/LVGL/lvgl/src/core/../misc/lv_style.h ****  */
 617:Middlewares/LVGL/lvgl/src/core/../misc/lv_style.h **** static inline void lv_style_set_pad_hor(lv_style_t * style, int32_t value)
 618:Middlewares/LVGL/lvgl/src/core/../misc/lv_style.h **** {
 619:Middlewares/LVGL/lvgl/src/core/../misc/lv_style.h ****     lv_style_set_pad_left(style, value);
 620:Middlewares/LVGL/lvgl/src/core/../misc/lv_style.h ****     lv_style_set_pad_right(style, value);
 621:Middlewares/LVGL/lvgl/src/core/../misc/lv_style.h **** }
 622:Middlewares/LVGL/lvgl/src/core/../misc/lv_style.h **** 
 623:Middlewares/LVGL/lvgl/src/core/../misc/lv_style.h **** /**
 624:Middlewares/LVGL/lvgl/src/core/../misc/lv_style.h ****  * Set `style`s top and bottom padding values.
 625:Middlewares/LVGL/lvgl/src/core/../misc/lv_style.h ****  * @param  style   pointer to style to be modified
 626:Middlewares/LVGL/lvgl/src/core/../misc/lv_style.h ****  * @param  value   padding dimension in pixels
 627:Middlewares/LVGL/lvgl/src/core/../misc/lv_style.h ****  */
 628:Middlewares/LVGL/lvgl/src/core/../misc/lv_style.h **** static inline void lv_style_set_pad_ver(lv_style_t * style, int32_t value)
 629:Middlewares/LVGL/lvgl/src/core/../misc/lv_style.h **** {
 630:Middlewares/LVGL/lvgl/src/core/../misc/lv_style.h ****     lv_style_set_pad_top(style, value);
 631:Middlewares/LVGL/lvgl/src/core/../misc/lv_style.h ****     lv_style_set_pad_bottom(style, value);
 632:Middlewares/LVGL/lvgl/src/core/../misc/lv_style.h **** }
 633:Middlewares/LVGL/lvgl/src/core/../misc/lv_style.h **** 
 634:Middlewares/LVGL/lvgl/src/core/../misc/lv_style.h **** /**
 635:Middlewares/LVGL/lvgl/src/core/../misc/lv_style.h ****  * Set `style`s row and column padding gaps (applies only to Grid and Flex layouts).
 636:Middlewares/LVGL/lvgl/src/core/../misc/lv_style.h ****  * @param  style   pointer to style to be modified
 637:Middlewares/LVGL/lvgl/src/core/../misc/lv_style.h ****  * @param  value   gap dimension in pixels
 638:Middlewares/LVGL/lvgl/src/core/../misc/lv_style.h ****  */
 639:Middlewares/LVGL/lvgl/src/core/../misc/lv_style.h **** static inline void lv_style_set_pad_gap(lv_style_t * style, int32_t value)
 640:Middlewares/LVGL/lvgl/src/core/../misc/lv_style.h **** {
 641:Middlewares/LVGL/lvgl/src/core/../misc/lv_style.h ****     lv_style_set_pad_row(style, value);
 642:Middlewares/LVGL/lvgl/src/core/../misc/lv_style.h ****     lv_style_set_pad_column(style, value);
 643:Middlewares/LVGL/lvgl/src/core/../misc/lv_style.h **** }
 644:Middlewares/LVGL/lvgl/src/core/../misc/lv_style.h **** 
 645:Middlewares/LVGL/lvgl/src/core/../misc/lv_style.h **** /**
 646:Middlewares/LVGL/lvgl/src/core/../misc/lv_style.h ****  * Set `style`s left and right margin values.
ARM GAS  C:\Users\w1785\AppData\Local\Temp\ccv6fGyr.s 			page 59


 647:Middlewares/LVGL/lvgl/src/core/../misc/lv_style.h ****  * @param  style   pointer to style to be modified
 648:Middlewares/LVGL/lvgl/src/core/../misc/lv_style.h ****  * @param  value   margin dimension in pixels
 649:Middlewares/LVGL/lvgl/src/core/../misc/lv_style.h ****  */
 650:Middlewares/LVGL/lvgl/src/core/../misc/lv_style.h **** static inline void lv_style_set_margin_hor(lv_style_t * style, int32_t value)
 651:Middlewares/LVGL/lvgl/src/core/../misc/lv_style.h **** {
 652:Middlewares/LVGL/lvgl/src/core/../misc/lv_style.h ****     lv_style_set_margin_left(style, value);
 653:Middlewares/LVGL/lvgl/src/core/../misc/lv_style.h ****     lv_style_set_margin_right(style, value);
 654:Middlewares/LVGL/lvgl/src/core/../misc/lv_style.h **** }
 655:Middlewares/LVGL/lvgl/src/core/../misc/lv_style.h **** 
 656:Middlewares/LVGL/lvgl/src/core/../misc/lv_style.h **** /**
 657:Middlewares/LVGL/lvgl/src/core/../misc/lv_style.h ****  * Set `style`s top and bottom margin values.
 658:Middlewares/LVGL/lvgl/src/core/../misc/lv_style.h ****  * @param  style   pointer to style to be modified
 659:Middlewares/LVGL/lvgl/src/core/../misc/lv_style.h ****  * @param  value   margin dimension in pixels
 660:Middlewares/LVGL/lvgl/src/core/../misc/lv_style.h ****  */
 661:Middlewares/LVGL/lvgl/src/core/../misc/lv_style.h **** static inline void lv_style_set_margin_ver(lv_style_t * style, int32_t value)
 662:Middlewares/LVGL/lvgl/src/core/../misc/lv_style.h **** {
 663:Middlewares/LVGL/lvgl/src/core/../misc/lv_style.h ****     lv_style_set_margin_top(style, value);
 664:Middlewares/LVGL/lvgl/src/core/../misc/lv_style.h ****     lv_style_set_margin_bottom(style, value);
 665:Middlewares/LVGL/lvgl/src/core/../misc/lv_style.h **** }
 666:Middlewares/LVGL/lvgl/src/core/../misc/lv_style.h **** 
 667:Middlewares/LVGL/lvgl/src/core/../misc/lv_style.h **** /**
 668:Middlewares/LVGL/lvgl/src/core/../misc/lv_style.h ****  * Set all 4 of `style`s margin values.
 669:Middlewares/LVGL/lvgl/src/core/../misc/lv_style.h ****  * @param  style   pointer to style to be modified
 670:Middlewares/LVGL/lvgl/src/core/../misc/lv_style.h ****  * @param  value   margin dimension in pixels
 671:Middlewares/LVGL/lvgl/src/core/../misc/lv_style.h ****  */
 672:Middlewares/LVGL/lvgl/src/core/../misc/lv_style.h **** static inline void lv_style_set_margin_all(lv_style_t * style, int32_t value)
 673:Middlewares/LVGL/lvgl/src/core/../misc/lv_style.h **** {
 674:Middlewares/LVGL/lvgl/src/core/../misc/lv_style.h ****     lv_style_set_margin_left(style, value);
 675:Middlewares/LVGL/lvgl/src/core/../misc/lv_style.h ****     lv_style_set_margin_right(style, value);
 676:Middlewares/LVGL/lvgl/src/core/../misc/lv_style.h ****     lv_style_set_margin_top(style, value);
 677:Middlewares/LVGL/lvgl/src/core/../misc/lv_style.h ****     lv_style_set_margin_bottom(style, value);
 678:Middlewares/LVGL/lvgl/src/core/../misc/lv_style.h **** }
 679:Middlewares/LVGL/lvgl/src/core/../misc/lv_style.h **** 
 680:Middlewares/LVGL/lvgl/src/core/../misc/lv_style.h **** /**
 681:Middlewares/LVGL/lvgl/src/core/../misc/lv_style.h ****  * Set `style`s X and Y transform scale values.
 682:Middlewares/LVGL/lvgl/src/core/../misc/lv_style.h ****  * @param  style   pointer to style to be modified
 683:Middlewares/LVGL/lvgl/src/core/../misc/lv_style.h ****  * @param  value   scale factor.  Example values:
 684:Middlewares/LVGL/lvgl/src/core/../misc/lv_style.h ****  *                     - 256 or LV_SCALE_NONE:  no zoom
 685:Middlewares/LVGL/lvgl/src/core/../misc/lv_style.h ****  *                     - <256:  scale down
 686:Middlewares/LVGL/lvgl/src/core/../misc/lv_style.h ****  *                     - >256:  scale up
 687:Middlewares/LVGL/lvgl/src/core/../misc/lv_style.h ****  *                     - 128:  half size
 688:Middlewares/LVGL/lvgl/src/core/../misc/lv_style.h ****  *                     - 512:  double size
 689:Middlewares/LVGL/lvgl/src/core/../misc/lv_style.h ****  */
 690:Middlewares/LVGL/lvgl/src/core/../misc/lv_style.h **** static inline void lv_style_set_transform_scale(lv_style_t * style, int32_t value)
 691:Middlewares/LVGL/lvgl/src/core/../misc/lv_style.h **** {
 692:Middlewares/LVGL/lvgl/src/core/../misc/lv_style.h ****     lv_style_set_transform_scale_x(style, value);
 693:Middlewares/LVGL/lvgl/src/core/../misc/lv_style.h ****     lv_style_set_transform_scale_y(style, value);
 694:Middlewares/LVGL/lvgl/src/core/../misc/lv_style.h **** }
 695:Middlewares/LVGL/lvgl/src/core/../misc/lv_style.h **** 
 696:Middlewares/LVGL/lvgl/src/core/../misc/lv_style.h **** /**
 697:Middlewares/LVGL/lvgl/src/core/../misc/lv_style.h ****  * @brief Check if the style property has a specified behavioral flag.
 698:Middlewares/LVGL/lvgl/src/core/../misc/lv_style.h ****  *
 699:Middlewares/LVGL/lvgl/src/core/../misc/lv_style.h ****  * Do not pass multiple flags to this function as backwards-compatibility is not guaranteed
 700:Middlewares/LVGL/lvgl/src/core/../misc/lv_style.h ****  * for that.
 701:Middlewares/LVGL/lvgl/src/core/../misc/lv_style.h ****  *
 702:Middlewares/LVGL/lvgl/src/core/../misc/lv_style.h ****  * @param prop Property ID
 703:Middlewares/LVGL/lvgl/src/core/../misc/lv_style.h ****  * @param flag Flag
ARM GAS  C:\Users\w1785\AppData\Local\Temp\ccv6fGyr.s 			page 60


 704:Middlewares/LVGL/lvgl/src/core/../misc/lv_style.h ****  * @return true if the flag is set for this property
 705:Middlewares/LVGL/lvgl/src/core/../misc/lv_style.h ****  */
 706:Middlewares/LVGL/lvgl/src/core/../misc/lv_style.h **** static inline bool lv_style_prop_has_flag(lv_style_prop_t prop, uint8_t flag)
 988              		.loc 2 706 20 is_stmt 1 view .LVU324
 989              	.LBB162:
 707:Middlewares/LVGL/lvgl/src/core/../misc/lv_style.h **** {
 708:Middlewares/LVGL/lvgl/src/core/../misc/lv_style.h ****     return lv_style_prop_lookup_flags(prop) & flag;
 990              		.loc 2 708 5 view .LVU325
 991              		.loc 2 708 12 is_stmt 0 view .LVU326
 992 0028 19F80300 		ldrb	r0, [r9, r3]	@ zero_extendqisi2
 993 002c FFF7FEFF 		bl	lv_style_prop_lookup_flags
 994              	.LVL115:
 995              		.loc 2 708 12 view .LVU327
 996              	.LBE162:
 997              	.LBE161:
1178:Middlewares/LVGL/lvgl/src/core/lv_obj_style.c ****                 return true;
 998              		.loc 1 1178 15 discriminator 1 view .LVU328
 999 0030 0542     		tst	r5, r0
 1000 0032 12D1     		bne	.L81
1177:Middlewares/LVGL/lvgl/src/core/lv_obj_style.c ****             if(lv_style_prop_has_flag(props[i], flag)) {
 1001              		.loc 1 1177 42 is_stmt 1 discriminator 2 view .LVU329
 1002 0034 0134     		adds	r4, r4, #1
 1003              	.LVL116:
1177:Middlewares/LVGL/lvgl/src/core/lv_obj_style.c ****             if(lv_style_prop_has_flag(props[i], flag)) {
 1004              		.loc 1 1177 42 is_stmt 0 discriminator 2 view .LVU330
 1005 0036 F1E7     		b	.L75
 1006              	.LVL117:
 1007              	.L74:
1177:Middlewares/LVGL/lvgl/src/core/lv_obj_style.c ****             if(lv_style_prop_has_flag(props[i], flag)) {
 1008              		.loc 1 1177 42 discriminator 2 view .LVU331
 1009              	.LBE160:
 1010              	.LBB163:
 1011              	.LBB159:
 436:Middlewares/LVGL/lvgl/src/core/../misc/lv_style.h ****     return false;
 1012              		.loc 2 436 32 is_stmt 1 discriminator 1 view .LVU332
 436:Middlewares/LVGL/lvgl/src/core/../misc/lv_style.h ****     return false;
 1013              		.loc 2 436 32 is_stmt 0 discriminator 1 view .LVU333
 1014              	.LBE159:
 1015              	.LBE163:
 1016              	.LBB164:
1166:Middlewares/LVGL/lvgl/src/core/lv_obj_style.c ****         uint32_t i;
 1017              		.loc 1 1166 9 is_stmt 1 view .LVU334
1166:Middlewares/LVGL/lvgl/src/core/lv_obj_style.c ****         uint32_t i;
 1018              		.loc 1 1166 33 is_stmt 0 view .LVU335
 1019 0038 0668     		ldr	r6, [r0]
 1020              	.LVL118:
1167:Middlewares/LVGL/lvgl/src/core/lv_obj_style.c ****         for(i = 0; props[i].prop != LV_STYLE_PROP_INV; i++) {
 1021              		.loc 1 1167 9 is_stmt 1 view .LVU336
1168:Middlewares/LVGL/lvgl/src/core/lv_obj_style.c ****             if(lv_style_prop_has_flag(props[i].prop, flag)) {
 1022              		.loc 1 1168 9 view .LVU337
1168:Middlewares/LVGL/lvgl/src/core/lv_obj_style.c ****             if(lv_style_prop_has_flag(props[i].prop, flag)) {
 1023              		.loc 1 1168 15 is_stmt 0 view .LVU338
 1024 003a 0025     		movs	r5, #0
 1025              	.LVL119:
 1026              	.L76:
1168:Middlewares/LVGL/lvgl/src/core/lv_obj_style.c ****             if(lv_style_prop_has_flag(props[i].prop, flag)) {
 1027              		.loc 1 1168 34 is_stmt 1 discriminator 1 view .LVU339
ARM GAS  C:\Users\w1785\AppData\Local\Temp\ccv6fGyr.s 			page 61


1168:Middlewares/LVGL/lvgl/src/core/lv_obj_style.c ****             if(lv_style_prop_has_flag(props[i].prop, flag)) {
 1028              		.loc 1 1168 28 is_stmt 0 discriminator 1 view .LVU340
 1029 003c 16F83500 		ldrb	r0, [r6, r5, lsl #3]	@ zero_extendqisi2
1168:Middlewares/LVGL/lvgl/src/core/lv_obj_style.c ****             if(lv_style_prop_has_flag(props[i].prop, flag)) {
 1030              		.loc 1 1168 34 discriminator 1 view .LVU341
 1031 0040 38B1     		cbz	r0, .L77
1169:Middlewares/LVGL/lvgl/src/core/lv_obj_style.c ****                 return true;
 1032              		.loc 1 1169 13 is_stmt 1 view .LVU342
1169:Middlewares/LVGL/lvgl/src/core/lv_obj_style.c ****                 return true;
 1033              		.loc 1 1169 16 is_stmt 0 view .LVU343
 1034 0042 FCB2     		uxtb	r4, r7
 1035              	.LVL120:
 1036              	.LBB165:
 1037              	.LBI165:
 706:Middlewares/LVGL/lvgl/src/core/../misc/lv_style.h **** {
 1038              		.loc 2 706 20 is_stmt 1 view .LVU344
 1039              	.LBB166:
 1040              		.loc 2 708 5 view .LVU345
 1041              		.loc 2 708 12 is_stmt 0 view .LVU346
 1042 0044 FFF7FEFF 		bl	lv_style_prop_lookup_flags
 1043              	.LVL121:
 1044              		.loc 2 708 12 view .LVU347
 1045              	.LBE166:
 1046              	.LBE165:
1169:Middlewares/LVGL/lvgl/src/core/lv_obj_style.c ****                 return true;
 1047              		.loc 1 1169 15 discriminator 1 view .LVU348
 1048 0048 0442     		tst	r4, r0
 1049 004a 04D1     		bne	.L80
1168:Middlewares/LVGL/lvgl/src/core/lv_obj_style.c ****             if(lv_style_prop_has_flag(props[i].prop, flag)) {
 1050              		.loc 1 1168 57 is_stmt 1 discriminator 2 view .LVU349
 1051 004c 0135     		adds	r5, r5, #1
 1052              	.LVL122:
1168:Middlewares/LVGL/lvgl/src/core/lv_obj_style.c ****             if(lv_style_prop_has_flag(props[i].prop, flag)) {
 1053              		.loc 1 1168 57 is_stmt 0 discriminator 2 view .LVU350
 1054 004e F5E7     		b	.L76
 1055              	.LVL123:
 1056              	.L83:
1168:Middlewares/LVGL/lvgl/src/core/lv_obj_style.c ****             if(lv_style_prop_has_flag(props[i].prop, flag)) {
 1057              		.loc 1 1168 57 discriminator 2 view .LVU351
 1058              	.LBE164:
1183:Middlewares/LVGL/lvgl/src/core/lv_obj_style.c **** }
 1059              		.loc 1 1183 12 view .LVU352
 1060 0050 0020     		movs	r0, #0
 1061              	.LVL124:
 1062              	.L77:
1184:Middlewares/LVGL/lvgl/src/core/lv_obj_style.c **** 
 1063              		.loc 1 1184 1 view .LVU353
 1064 0052 BDE8F883 		pop	{r3, r4, r5, r6, r7, r8, r9, pc}
 1065              	.LVL125:
 1066              	.L80:
 1067              	.LBB167:
1170:Middlewares/LVGL/lvgl/src/core/lv_obj_style.c ****             }
 1068              		.loc 1 1170 24 view .LVU354
 1069 0056 0120     		movs	r0, #1
 1070 0058 FBE7     		b	.L77
 1071              	.LVL126:
 1072              	.L81:
ARM GAS  C:\Users\w1785\AppData\Local\Temp\ccv6fGyr.s 			page 62


1170:Middlewares/LVGL/lvgl/src/core/lv_obj_style.c ****             }
 1073              		.loc 1 1170 24 view .LVU355
 1074              	.LBE167:
 1075              	.LBB168:
1179:Middlewares/LVGL/lvgl/src/core/lv_obj_style.c ****             }
 1076              		.loc 1 1179 24 view .LVU356
 1077 005a 0120     		movs	r0, #1
 1078 005c F9E7     		b	.L77
 1079              	.LBE168:
 1080              		.cfi_endproc
 1081              	.LFE242:
 1083              		.section	.text.refresh_children_style,"ax",%progbits
 1084              		.align	1
 1085              		.syntax unified
 1086              		.thumb
 1087              		.thumb_func
 1089              	refresh_children_style:
 1090              	.LVL127:
 1091              	.LFB233:
 902:Middlewares/LVGL/lvgl/src/core/lv_obj_style.c ****     uint32_t i;
 1092              		.loc 1 902 1 is_stmt 1 view -0
 1093              		.cfi_startproc
 1094              		@ args = 0, pretend = 0, frame = 0
 1095              		@ frame_needed = 0, uses_anonymous_args = 0
 902:Middlewares/LVGL/lvgl/src/core/lv_obj_style.c ****     uint32_t i;
 1096              		.loc 1 902 1 is_stmt 0 view .LVU358
 1097 0000 F8B5     		push	{r3, r4, r5, r6, r7, lr}
 1098              	.LCFI8:
 1099              		.cfi_def_cfa_offset 24
 1100              		.cfi_offset 3, -24
 1101              		.cfi_offset 4, -20
 1102              		.cfi_offset 5, -16
 1103              		.cfi_offset 6, -12
 1104              		.cfi_offset 7, -8
 1105              		.cfi_offset 14, -4
 1106 0002 0746     		mov	r7, r0
 903:Middlewares/LVGL/lvgl/src/core/lv_obj_style.c ****     uint32_t child_cnt = lv_obj_get_child_count(obj);
 1107              		.loc 1 903 5 is_stmt 1 view .LVU359
 904:Middlewares/LVGL/lvgl/src/core/lv_obj_style.c ****     for(i = 0; i < child_cnt; i++) {
 1108              		.loc 1 904 5 view .LVU360
 904:Middlewares/LVGL/lvgl/src/core/lv_obj_style.c ****     for(i = 0; i < child_cnt; i++) {
 1109              		.loc 1 904 26 is_stmt 0 view .LVU361
 1110 0004 FFF7FEFF 		bl	lv_obj_get_child_count
 1111              	.LVL128:
 904:Middlewares/LVGL/lvgl/src/core/lv_obj_style.c ****     for(i = 0; i < child_cnt; i++) {
 1112              		.loc 1 904 26 view .LVU362
 1113 0008 0546     		mov	r5, r0
 1114              	.LVL129:
 905:Middlewares/LVGL/lvgl/src/core/lv_obj_style.c ****         lv_obj_t * child = obj->spec_attr->children[i];
 1115              		.loc 1 905 5 is_stmt 1 view .LVU363
 905:Middlewares/LVGL/lvgl/src/core/lv_obj_style.c ****         lv_obj_t * child = obj->spec_attr->children[i];
 1116              		.loc 1 905 11 is_stmt 0 view .LVU364
 1117 000a 0024     		movs	r4, #0
 1118              	.LVL130:
 1119              	.L85:
 905:Middlewares/LVGL/lvgl/src/core/lv_obj_style.c ****         lv_obj_t * child = obj->spec_attr->children[i];
 1120              		.loc 1 905 18 is_stmt 1 discriminator 1 view .LVU365
ARM GAS  C:\Users\w1785\AppData\Local\Temp\ccv6fGyr.s 			page 63


 1121 000c AC42     		cmp	r4, r5
 1122 000e 13D2     		bcs	.L88
 1123              	.LBB169:
 906:Middlewares/LVGL/lvgl/src/core/lv_obj_style.c ****         lv_obj_invalidate(child);
 1124              		.loc 1 906 9 view .LVU366
 906:Middlewares/LVGL/lvgl/src/core/lv_obj_style.c ****         lv_obj_invalidate(child);
 1125              		.loc 1 906 31 is_stmt 0 view .LVU367
 1126 0010 BB68     		ldr	r3, [r7, #8]
 906:Middlewares/LVGL/lvgl/src/core/lv_obj_style.c ****         lv_obj_invalidate(child);
 1127              		.loc 1 906 42 view .LVU368
 1128 0012 1B68     		ldr	r3, [r3]
 906:Middlewares/LVGL/lvgl/src/core/lv_obj_style.c ****         lv_obj_invalidate(child);
 1129              		.loc 1 906 20 view .LVU369
 1130 0014 53F82460 		ldr	r6, [r3, r4, lsl #2]
 1131              	.LVL131:
 907:Middlewares/LVGL/lvgl/src/core/lv_obj_style.c ****         lv_obj_send_event(child, LV_EVENT_STYLE_CHANGED, NULL);
 1132              		.loc 1 907 9 is_stmt 1 view .LVU370
 1133 0018 3046     		mov	r0, r6
 1134 001a FFF7FEFF 		bl	lv_obj_invalidate
 1135              	.LVL132:
 908:Middlewares/LVGL/lvgl/src/core/lv_obj_style.c ****         lv_obj_invalidate(child);
 1136              		.loc 1 908 9 view .LVU371
 1137 001e 0022     		movs	r2, #0
 1138 0020 3321     		movs	r1, #51
 1139 0022 3046     		mov	r0, r6
 1140 0024 FFF7FEFF 		bl	lv_obj_send_event
 1141              	.LVL133:
 909:Middlewares/LVGL/lvgl/src/core/lv_obj_style.c **** 
 1142              		.loc 1 909 9 view .LVU372
 1143 0028 3046     		mov	r0, r6
 1144 002a FFF7FEFF 		bl	lv_obj_invalidate
 1145              	.LVL134:
 911:Middlewares/LVGL/lvgl/src/core/lv_obj_style.c ****     }
 1146              		.loc 1 911 9 view .LVU373
 1147 002e 3046     		mov	r0, r6
 1148 0030 FFF7E6FF 		bl	refresh_children_style
 1149              	.LVL135:
 1150              	.LBE169:
 905:Middlewares/LVGL/lvgl/src/core/lv_obj_style.c ****         lv_obj_t * child = obj->spec_attr->children[i];
 1151              		.loc 1 905 32 discriminator 3 view .LVU374
 1152 0034 0134     		adds	r4, r4, #1
 1153              	.LVL136:
 905:Middlewares/LVGL/lvgl/src/core/lv_obj_style.c ****         lv_obj_t * child = obj->spec_attr->children[i];
 1154              		.loc 1 905 32 is_stmt 0 discriminator 3 view .LVU375
 1155 0036 E9E7     		b	.L85
 1156              	.LVL137:
 1157              	.L88:
 913:Middlewares/LVGL/lvgl/src/core/lv_obj_style.c **** 
 1158              		.loc 1 913 1 view .LVU376
 1159 0038 F8BD     		pop	{r3, r4, r5, r6, r7, pc}
 913:Middlewares/LVGL/lvgl/src/core/lv_obj_style.c **** 
 1160              		.loc 1 913 1 view .LVU377
 1161              		.cfi_endproc
 1162              	.LFE233:
 1164              		.section	.text.get_local_style,"ax",%progbits
 1165              		.align	1
 1166              		.syntax unified
ARM GAS  C:\Users\w1785\AppData\Local\Temp\ccv6fGyr.s 			page 64


 1167              		.thumb
 1168              		.thumb_func
 1170              	get_local_style:
 1171              	.LVL138:
 1172              	.LFB229:
 754:Middlewares/LVGL/lvgl/src/core/lv_obj_style.c ****     uint32_t i;
 1173              		.loc 1 754 1 is_stmt 1 view -0
 1174              		.cfi_startproc
 1175              		@ args = 0, pretend = 0, frame = 0
 1176              		@ frame_needed = 0, uses_anonymous_args = 0
 754:Middlewares/LVGL/lvgl/src/core/lv_obj_style.c ****     uint32_t i;
 1177              		.loc 1 754 1 is_stmt 0 view .LVU379
 1178 0000 2DE9F041 		push	{r4, r5, r6, r7, r8, lr}
 1179              	.LCFI9:
 1180              		.cfi_def_cfa_offset 24
 1181              		.cfi_offset 4, -24
 1182              		.cfi_offset 5, -20
 1183              		.cfi_offset 6, -16
 1184              		.cfi_offset 7, -12
 1185              		.cfi_offset 8, -8
 1186              		.cfi_offset 14, -4
 1187 0004 0446     		mov	r4, r0
 1188 0006 0D46     		mov	r5, r1
 755:Middlewares/LVGL/lvgl/src/core/lv_obj_style.c ****     for(i = 0; i < obj->style_cnt; i++) {
 1189              		.loc 1 755 5 is_stmt 1 view .LVU380
 756:Middlewares/LVGL/lvgl/src/core/lv_obj_style.c ****         if(obj->styles[i].is_local &&
 1190              		.loc 1 756 5 view .LVU381
 1191              	.LVL139:
 756:Middlewares/LVGL/lvgl/src/core/lv_obj_style.c ****         if(obj->styles[i].is_local &&
 1192              		.loc 1 756 11 is_stmt 0 view .LVU382
 1193 0008 0022     		movs	r2, #0
 756:Middlewares/LVGL/lvgl/src/core/lv_obj_style.c ****         if(obj->styles[i].is_local &&
 1194              		.loc 1 756 5 view .LVU383
 1195 000a 00E0     		b	.L90
 1196              	.LVL140:
 1197              	.L91:
 756:Middlewares/LVGL/lvgl/src/core/lv_obj_style.c ****         if(obj->styles[i].is_local &&
 1198              		.loc 1 756 37 is_stmt 1 discriminator 2 view .LVU384
 1199 000c 0132     		adds	r2, r2, #1
 1200              	.LVL141:
 1201              	.L90:
 756:Middlewares/LVGL/lvgl/src/core/lv_obj_style.c ****         if(obj->styles[i].is_local &&
 1202              		.loc 1 756 18 discriminator 1 view .LVU385
 756:Middlewares/LVGL/lvgl/src/core/lv_obj_style.c ****         if(obj->styles[i].is_local &&
 1203              		.loc 1 756 23 is_stmt 0 discriminator 1 view .LVU386
 1204 000e 638D     		ldrh	r3, [r4, #42]
 1205 0010 C3F30513 		ubfx	r3, r3, #4, #6
 756:Middlewares/LVGL/lvgl/src/core/lv_obj_style.c ****         if(obj->styles[i].is_local &&
 1206              		.loc 1 756 18 discriminator 1 view .LVU387
 1207 0014 9342     		cmp	r3, r2
 1208 0016 0FD9     		bls	.L102
 757:Middlewares/LVGL/lvgl/src/core/lv_obj_style.c ****            obj->styles[i].selector == selector) {
 1209              		.loc 1 757 9 is_stmt 1 view .LVU388
 757:Middlewares/LVGL/lvgl/src/core/lv_obj_style.c ****            obj->styles[i].selector == selector) {
 1210              		.loc 1 757 15 is_stmt 0 view .LVU389
 1211 0018 E168     		ldr	r1, [r4, #12]
 757:Middlewares/LVGL/lvgl/src/core/lv_obj_style.c ****            obj->styles[i].selector == selector) {
ARM GAS  C:\Users\w1785\AppData\Local\Temp\ccv6fGyr.s 			page 65


 1212              		.loc 1 757 23 view .LVU390
 1213 001a 01EBC203 		add	r3, r1, r2, lsl #3
 757:Middlewares/LVGL/lvgl/src/core/lv_obj_style.c ****            obj->styles[i].selector == selector) {
 1214              		.loc 1 757 12 view .LVU391
 1215 001e D879     		ldrb	r0, [r3, #7]	@ zero_extendqisi2
 757:Middlewares/LVGL/lvgl/src/core/lv_obj_style.c ****            obj->styles[i].selector == selector) {
 1216              		.loc 1 757 11 view .LVU392
 1217 0020 10F0010F 		tst	r0, #1
 1218 0024 F2D0     		beq	.L91
 758:Middlewares/LVGL/lvgl/src/core/lv_obj_style.c ****             return (lv_style_t *)obj->styles[i].style;
 1219              		.loc 1 758 26 view .LVU393
 1220 0026 5B68     		ldr	r3, [r3, #4]
 1221 0028 C3F31703 		ubfx	r3, r3, #0, #24
 757:Middlewares/LVGL/lvgl/src/core/lv_obj_style.c ****            obj->styles[i].selector == selector) {
 1222              		.loc 1 757 36 discriminator 1 view .LVU394
 1223 002c AB42     		cmp	r3, r5
 1224 002e EDD1     		bne	.L91
 759:Middlewares/LVGL/lvgl/src/core/lv_obj_style.c ****         }
 1225              		.loc 1 759 13 is_stmt 1 view .LVU395
 759:Middlewares/LVGL/lvgl/src/core/lv_obj_style.c ****         }
 1226              		.loc 1 759 20 is_stmt 0 view .LVU396
 1227 0030 51F83200 		ldr	r0, [r1, r2, lsl #3]
 1228              	.LVL142:
 1229              	.L89:
 782:Middlewares/LVGL/lvgl/src/core/lv_obj_style.c **** 
 1230              		.loc 1 782 1 view .LVU397
 1231 0034 BDE8F081 		pop	{r4, r5, r6, r7, r8, pc}
 1232              	.LVL143:
 1233              	.L102:
 763:Middlewares/LVGL/lvgl/src/core/lv_obj_style.c ****     LV_ASSERT(obj->style_cnt != 0);
 1234              		.loc 1 763 5 is_stmt 1 view .LVU398
 763:Middlewares/LVGL/lvgl/src/core/lv_obj_style.c ****     LV_ASSERT(obj->style_cnt != 0);
 1235              		.loc 1 763 19 is_stmt 0 view .LVU399
 1236 0038 0133     		adds	r3, r3, #1
 1237 003a 03F03F03 		and	r3, r3, #63
 1238 003e 628D     		ldrh	r2, [r4, #42]
 1239              	.LVL144:
 763:Middlewares/LVGL/lvgl/src/core/lv_obj_style.c ****     LV_ASSERT(obj->style_cnt != 0);
 1240              		.loc 1 763 19 view .LVU400
 1241 0040 63F30912 		bfi	r2, r3, #4, #6
 1242 0044 6285     		strh	r2, [r4, #42]	@ movhi
 764:Middlewares/LVGL/lvgl/src/core/lv_obj_style.c ****     obj->styles = lv_realloc(obj->styles, obj->style_cnt * sizeof(lv_obj_style_t));
 1243              		.loc 1 764 5 is_stmt 1 view .LVU401
 764:Middlewares/LVGL/lvgl/src/core/lv_obj_style.c ****     obj->styles = lv_realloc(obj->styles, obj->style_cnt * sizeof(lv_obj_style_t));
 1244              		.loc 1 764 5 view .LVU402
 1245 0046 02F47C72 		and	r2, r2, #1008
 1246 004a 02B9     		cbnz	r2, .L94
 1247              	.L95:
 764:Middlewares/LVGL/lvgl/src/core/lv_obj_style.c ****     obj->styles = lv_realloc(obj->styles, obj->style_cnt * sizeof(lv_obj_style_t));
 1248              		.loc 1 764 5 view .LVU403
 764:Middlewares/LVGL/lvgl/src/core/lv_obj_style.c ****     obj->styles = lv_realloc(obj->styles, obj->style_cnt * sizeof(lv_obj_style_t));
 1249              		.loc 1 764 5 view .LVU404
 764:Middlewares/LVGL/lvgl/src/core/lv_obj_style.c ****     obj->styles = lv_realloc(obj->styles, obj->style_cnt * sizeof(lv_obj_style_t));
 1250              		.loc 1 764 5 view .LVU405
 764:Middlewares/LVGL/lvgl/src/core/lv_obj_style.c ****     obj->styles = lv_realloc(obj->styles, obj->style_cnt * sizeof(lv_obj_style_t));
 1251              		.loc 1 764 5 view .LVU406
 764:Middlewares/LVGL/lvgl/src/core/lv_obj_style.c ****     obj->styles = lv_realloc(obj->styles, obj->style_cnt * sizeof(lv_obj_style_t));
ARM GAS  C:\Users\w1785\AppData\Local\Temp\ccv6fGyr.s 			page 66


 1252              		.loc 1 764 5 view .LVU407
 1253 004c FEE7     		b	.L95
 1254              	.L94:
 764:Middlewares/LVGL/lvgl/src/core/lv_obj_style.c ****     obj->styles = lv_realloc(obj->styles, obj->style_cnt * sizeof(lv_obj_style_t));
 1255              		.loc 1 764 5 view .LVU408
 765:Middlewares/LVGL/lvgl/src/core/lv_obj_style.c ****     LV_ASSERT_MALLOC(obj->styles);
 1256              		.loc 1 765 5 view .LVU409
 765:Middlewares/LVGL/lvgl/src/core/lv_obj_style.c ****     LV_ASSERT_MALLOC(obj->styles);
 1257              		.loc 1 765 19 is_stmt 0 view .LVU410
 1258 004e D900     		lsls	r1, r3, #3
 1259 0050 E068     		ldr	r0, [r4, #12]
 1260 0052 FFF7FEFF 		bl	lv_realloc
 1261              	.LVL145:
 765:Middlewares/LVGL/lvgl/src/core/lv_obj_style.c ****     LV_ASSERT_MALLOC(obj->styles);
 1262              		.loc 1 765 17 discriminator 1 view .LVU411
 1263 0056 E060     		str	r0, [r4, #12]
 766:Middlewares/LVGL/lvgl/src/core/lv_obj_style.c **** 
 1264              		.loc 1 766 5 is_stmt 1 view .LVU412
 766:Middlewares/LVGL/lvgl/src/core/lv_obj_style.c **** 
 1265              		.loc 1 766 5 view .LVU413
 1266 0058 B0B1     		cbz	r0, .L97
 766:Middlewares/LVGL/lvgl/src/core/lv_obj_style.c **** 
 1267              		.loc 1 766 5 view .LVU414
 766:Middlewares/LVGL/lvgl/src/core/lv_obj_style.c **** 
 1268              		.loc 1 766 34 view .LVU415
 768:Middlewares/LVGL/lvgl/src/core/lv_obj_style.c ****         /*Copy only normal styles (not local and transition).
 1269              		.loc 1 768 5 view .LVU416
 768:Middlewares/LVGL/lvgl/src/core/lv_obj_style.c ****         /*Copy only normal styles (not local and transition).
 1270              		.loc 1 768 16 is_stmt 0 view .LVU417
 1271 005a 668D     		ldrh	r6, [r4, #42]
 1272 005c C6F30516 		ubfx	r6, r6, #4, #6
 768:Middlewares/LVGL/lvgl/src/core/lv_obj_style.c ****         /*Copy only normal styles (not local and transition).
 1273              		.loc 1 768 28 view .LVU418
 1274 0060 013E     		subs	r6, r6, #1
 1275              	.LVL146:
 1276              	.L98:
 768:Middlewares/LVGL/lvgl/src/core/lv_obj_style.c ****         /*Copy only normal styles (not local and transition).
 1277              		.loc 1 768 35 is_stmt 1 discriminator 1 view .LVU419
 1278 0062 96B1     		cbz	r6, .L99
 771:Middlewares/LVGL/lvgl/src/core/lv_obj_style.c ****         obj->styles[i] = obj->styles[i - 1];
 1279              		.loc 1 771 9 view .LVU420
 771:Middlewares/LVGL/lvgl/src/core/lv_obj_style.c ****         obj->styles[i] = obj->styles[i - 1];
 1280              		.loc 1 771 15 is_stmt 0 view .LVU421
 1281 0064 E268     		ldr	r2, [r4, #12]
 771:Middlewares/LVGL/lvgl/src/core/lv_obj_style.c ****         obj->styles[i] = obj->styles[i - 1];
 1282              		.loc 1 771 23 view .LVU422
 1283 0066 06F10053 		add	r3, r6, #536870912
 1284 006a 013B     		subs	r3, r3, #1
 1285 006c 02EBC303 		add	r3, r2, r3, lsl #3
 771:Middlewares/LVGL/lvgl/src/core/lv_obj_style.c ****         obj->styles[i] = obj->styles[i - 1];
 1286              		.loc 1 771 40 view .LVU423
 1287 0070 D979     		ldrb	r1, [r3, #7]	@ zero_extendqisi2
 771:Middlewares/LVGL/lvgl/src/core/lv_obj_style.c ****         obj->styles[i] = obj->styles[i - 1];
 1288              		.loc 1 771 11 view .LVU424
 1289 0072 11F0030F 		tst	r1, #3
 1290 0076 08D1     		bne	.L99
 772:Middlewares/LVGL/lvgl/src/core/lv_obj_style.c ****     }
ARM GAS  C:\Users\w1785\AppData\Local\Temp\ccv6fGyr.s 			page 67


 1291              		.loc 1 772 9 is_stmt 1 view .LVU425
 772:Middlewares/LVGL/lvgl/src/core/lv_obj_style.c ****     }
 1292              		.loc 1 772 20 is_stmt 0 view .LVU426
 1293 0078 02EBC602 		add	r2, r2, r6, lsl #3
 772:Middlewares/LVGL/lvgl/src/core/lv_obj_style.c ****     }
 1294              		.loc 1 772 24 view .LVU427
 1295 007c 93E80300 		ldm	r3, {r0, r1}
 1296 0080 82E80300 		stm	r2, {r0, r1}
 768:Middlewares/LVGL/lvgl/src/core/lv_obj_style.c ****         /*Copy only normal styles (not local and transition).
 1297              		.loc 1 768 42 is_stmt 1 discriminator 2 view .LVU428
 1298 0084 013E     		subs	r6, r6, #1
 1299              	.LVL147:
 768:Middlewares/LVGL/lvgl/src/core/lv_obj_style.c ****         /*Copy only normal styles (not local and transition).
 1300              		.loc 1 768 42 is_stmt 0 discriminator 2 view .LVU429
 1301 0086 ECE7     		b	.L98
 1302              	.LVL148:
 1303              	.L97:
 766:Middlewares/LVGL/lvgl/src/core/lv_obj_style.c **** 
 1304              		.loc 1 766 5 is_stmt 1 view .LVU430
 766:Middlewares/LVGL/lvgl/src/core/lv_obj_style.c **** 
 1305              		.loc 1 766 5 view .LVU431
 766:Middlewares/LVGL/lvgl/src/core/lv_obj_style.c **** 
 1306              		.loc 1 766 5 view .LVU432
 766:Middlewares/LVGL/lvgl/src/core/lv_obj_style.c **** 
 1307              		.loc 1 766 5 view .LVU433
 766:Middlewares/LVGL/lvgl/src/core/lv_obj_style.c **** 
 1308              		.loc 1 766 5 view .LVU434
 1309 0088 FEE7     		b	.L97
 1310              	.LVL149:
 1311              	.L99:
 775:Middlewares/LVGL/lvgl/src/core/lv_obj_style.c ****     obj->styles[i].style = lv_malloc_zeroed(sizeof(lv_style_t));
 1312              		.loc 1 775 5 view .LVU435
 775:Middlewares/LVGL/lvgl/src/core/lv_obj_style.c ****     obj->styles[i].style = lv_malloc_zeroed(sizeof(lv_style_t));
 1313              		.loc 1 775 20 is_stmt 0 view .LVU436
 1314 008a E068     		ldr	r0, [r4, #12]
 775:Middlewares/LVGL/lvgl/src/core/lv_obj_style.c ****     obj->styles[i].style = lv_malloc_zeroed(sizeof(lv_style_t));
 1315              		.loc 1 775 28 view .LVU437
 1316 008c F700     		lsls	r7, r6, #3
 1317              	.LVL150:
 1318              	.LBB170:
 1319              	.LBI170:
 1320              		.file 4 "Middlewares/LVGL/lvgl/src/core/../misc/../font/../draw/../misc/../stdlib/lv_string.h"
   1:Middlewares/LVGL/lvgl/src/core/../misc/../font/../draw/../misc/../stdlib/lv_string.h **** /**
   2:Middlewares/LVGL/lvgl/src/core/../misc/../font/../draw/../misc/../stdlib/lv_string.h ****  * @file lv_string.h
   3:Middlewares/LVGL/lvgl/src/core/../misc/../font/../draw/../misc/../stdlib/lv_string.h ****  *
   4:Middlewares/LVGL/lvgl/src/core/../misc/../font/../draw/../misc/../stdlib/lv_string.h ****  */
   5:Middlewares/LVGL/lvgl/src/core/../misc/../font/../draw/../misc/../stdlib/lv_string.h **** 
   6:Middlewares/LVGL/lvgl/src/core/../misc/../font/../draw/../misc/../stdlib/lv_string.h **** #ifndef LV_STRING_H
   7:Middlewares/LVGL/lvgl/src/core/../misc/../font/../draw/../misc/../stdlib/lv_string.h **** #define LV_STRING_H
   8:Middlewares/LVGL/lvgl/src/core/../misc/../font/../draw/../misc/../stdlib/lv_string.h **** 
   9:Middlewares/LVGL/lvgl/src/core/../misc/../font/../draw/../misc/../stdlib/lv_string.h **** #ifdef __cplusplus
  10:Middlewares/LVGL/lvgl/src/core/../misc/../font/../draw/../misc/../stdlib/lv_string.h **** extern "C" {
  11:Middlewares/LVGL/lvgl/src/core/../misc/../font/../draw/../misc/../stdlib/lv_string.h **** #endif
  12:Middlewares/LVGL/lvgl/src/core/../misc/../font/../draw/../misc/../stdlib/lv_string.h **** 
  13:Middlewares/LVGL/lvgl/src/core/../misc/../font/../draw/../misc/../stdlib/lv_string.h **** /*********************
  14:Middlewares/LVGL/lvgl/src/core/../misc/../font/../draw/../misc/../stdlib/lv_string.h ****  *      INCLUDES
  15:Middlewares/LVGL/lvgl/src/core/../misc/../font/../draw/../misc/../stdlib/lv_string.h ****  *********************/
ARM GAS  C:\Users\w1785\AppData\Local\Temp\ccv6fGyr.s 			page 68


  16:Middlewares/LVGL/lvgl/src/core/../misc/../font/../draw/../misc/../stdlib/lv_string.h **** #include "../lv_conf_internal.h"
  17:Middlewares/LVGL/lvgl/src/core/../misc/../font/../draw/../misc/../stdlib/lv_string.h **** #include "../misc/lv_types.h"
  18:Middlewares/LVGL/lvgl/src/core/../misc/../font/../draw/../misc/../stdlib/lv_string.h **** 
  19:Middlewares/LVGL/lvgl/src/core/../misc/../font/../draw/../misc/../stdlib/lv_string.h **** /*********************
  20:Middlewares/LVGL/lvgl/src/core/../misc/../font/../draw/../misc/../stdlib/lv_string.h ****  *      DEFINES
  21:Middlewares/LVGL/lvgl/src/core/../misc/../font/../draw/../misc/../stdlib/lv_string.h ****  *********************/
  22:Middlewares/LVGL/lvgl/src/core/../misc/../font/../draw/../misc/../stdlib/lv_string.h **** 
  23:Middlewares/LVGL/lvgl/src/core/../misc/../font/../draw/../misc/../stdlib/lv_string.h **** /**********************
  24:Middlewares/LVGL/lvgl/src/core/../misc/../font/../draw/../misc/../stdlib/lv_string.h ****  *      TYPEDEFS
  25:Middlewares/LVGL/lvgl/src/core/../misc/../font/../draw/../misc/../stdlib/lv_string.h ****  **********************/
  26:Middlewares/LVGL/lvgl/src/core/../misc/../font/../draw/../misc/../stdlib/lv_string.h **** 
  27:Middlewares/LVGL/lvgl/src/core/../misc/../font/../draw/../misc/../stdlib/lv_string.h **** /**********************
  28:Middlewares/LVGL/lvgl/src/core/../misc/../font/../draw/../misc/../stdlib/lv_string.h ****  * GLOBAL PROTOTYPES
  29:Middlewares/LVGL/lvgl/src/core/../misc/../font/../draw/../misc/../stdlib/lv_string.h ****  **********************/
  30:Middlewares/LVGL/lvgl/src/core/../misc/../font/../draw/../misc/../stdlib/lv_string.h **** 
  31:Middlewares/LVGL/lvgl/src/core/../misc/../font/../draw/../misc/../stdlib/lv_string.h **** /**
  32:Middlewares/LVGL/lvgl/src/core/../misc/../font/../draw/../misc/../stdlib/lv_string.h ****  * @brief Copies a block of memory from a source address to a destination address.
  33:Middlewares/LVGL/lvgl/src/core/../misc/../font/../draw/../misc/../stdlib/lv_string.h ****  * @param dst Pointer to the destination array where the content is to be copied.
  34:Middlewares/LVGL/lvgl/src/core/../misc/../font/../draw/../misc/../stdlib/lv_string.h ****  * @param src Pointer to the source of data to be copied.
  35:Middlewares/LVGL/lvgl/src/core/../misc/../font/../draw/../misc/../stdlib/lv_string.h ****  * @param len Number of bytes to copy.
  36:Middlewares/LVGL/lvgl/src/core/../misc/../font/../draw/../misc/../stdlib/lv_string.h ****  * @return Pointer to the destination array.
  37:Middlewares/LVGL/lvgl/src/core/../misc/../font/../draw/../misc/../stdlib/lv_string.h ****  * @note The function does not check for any overlapping of the source and destination memory block
  38:Middlewares/LVGL/lvgl/src/core/../misc/../font/../draw/../misc/../stdlib/lv_string.h ****  */
  39:Middlewares/LVGL/lvgl/src/core/../misc/../font/../draw/../misc/../stdlib/lv_string.h **** void * lv_memcpy(void * dst, const void * src, size_t len);
  40:Middlewares/LVGL/lvgl/src/core/../misc/../font/../draw/../misc/../stdlib/lv_string.h **** 
  41:Middlewares/LVGL/lvgl/src/core/../misc/../font/../draw/../misc/../stdlib/lv_string.h **** /**
  42:Middlewares/LVGL/lvgl/src/core/../misc/../font/../draw/../misc/../stdlib/lv_string.h ****  * @brief Fills a block of memory with a specified value.
  43:Middlewares/LVGL/lvgl/src/core/../misc/../font/../draw/../misc/../stdlib/lv_string.h ****  * @param dst Pointer to the destination array to fill with the specified value.
  44:Middlewares/LVGL/lvgl/src/core/../misc/../font/../draw/../misc/../stdlib/lv_string.h ****  * @param v Value to be set. The value is passed as an int, but the function fills
  45:Middlewares/LVGL/lvgl/src/core/../misc/../font/../draw/../misc/../stdlib/lv_string.h ****  *          the block of memory using the unsigned char conversion of this value.
  46:Middlewares/LVGL/lvgl/src/core/../misc/../font/../draw/../misc/../stdlib/lv_string.h ****  * @param len Number of bytes to be set to the value.
  47:Middlewares/LVGL/lvgl/src/core/../misc/../font/../draw/../misc/../stdlib/lv_string.h ****  */
  48:Middlewares/LVGL/lvgl/src/core/../misc/../font/../draw/../misc/../stdlib/lv_string.h **** void lv_memset(void * dst, uint8_t v, size_t len);
  49:Middlewares/LVGL/lvgl/src/core/../misc/../font/../draw/../misc/../stdlib/lv_string.h **** 
  50:Middlewares/LVGL/lvgl/src/core/../misc/../font/../draw/../misc/../stdlib/lv_string.h **** /**
  51:Middlewares/LVGL/lvgl/src/core/../misc/../font/../draw/../misc/../stdlib/lv_string.h ****  * @brief Move a block of memory from source to destination
  52:Middlewares/LVGL/lvgl/src/core/../misc/../font/../draw/../misc/../stdlib/lv_string.h ****  * @param dst Pointer to the destination array where the content is to be copied.
  53:Middlewares/LVGL/lvgl/src/core/../misc/../font/../draw/../misc/../stdlib/lv_string.h ****  * @param src Pointer to the source of data to be copied.
  54:Middlewares/LVGL/lvgl/src/core/../misc/../font/../draw/../misc/../stdlib/lv_string.h ****  * @param len Number of bytes to copy
  55:Middlewares/LVGL/lvgl/src/core/../misc/../font/../draw/../misc/../stdlib/lv_string.h ****  * @return Pointer to the destination array.
  56:Middlewares/LVGL/lvgl/src/core/../misc/../font/../draw/../misc/../stdlib/lv_string.h ****  */
  57:Middlewares/LVGL/lvgl/src/core/../misc/../font/../draw/../misc/../stdlib/lv_string.h **** void * lv_memmove(void * dst, const void * src, size_t len);
  58:Middlewares/LVGL/lvgl/src/core/../misc/../font/../draw/../misc/../stdlib/lv_string.h **** 
  59:Middlewares/LVGL/lvgl/src/core/../misc/../font/../draw/../misc/../stdlib/lv_string.h **** /**
  60:Middlewares/LVGL/lvgl/src/core/../misc/../font/../draw/../misc/../stdlib/lv_string.h ****  * @brief This function will compare two memory blocks
  61:Middlewares/LVGL/lvgl/src/core/../misc/../font/../draw/../misc/../stdlib/lv_string.h ****  * @param p1 Pointer to the first memory block
  62:Middlewares/LVGL/lvgl/src/core/../misc/../font/../draw/../misc/../stdlib/lv_string.h ****  * @param p2 Pointer to the second memory block
  63:Middlewares/LVGL/lvgl/src/core/../misc/../font/../draw/../misc/../stdlib/lv_string.h ****  * @param len Number of bytes to compare
  64:Middlewares/LVGL/lvgl/src/core/../misc/../font/../draw/../misc/../stdlib/lv_string.h ****  * @return The difference between the value of the first unmatching byte.
  65:Middlewares/LVGL/lvgl/src/core/../misc/../font/../draw/../misc/../stdlib/lv_string.h ****  */
  66:Middlewares/LVGL/lvgl/src/core/../misc/../font/../draw/../misc/../stdlib/lv_string.h **** int lv_memcmp(const void * p1, const void * p2, size_t len);
  67:Middlewares/LVGL/lvgl/src/core/../misc/../font/../draw/../misc/../stdlib/lv_string.h **** 
  68:Middlewares/LVGL/lvgl/src/core/../misc/../font/../draw/../misc/../stdlib/lv_string.h **** /**
  69:Middlewares/LVGL/lvgl/src/core/../misc/../font/../draw/../misc/../stdlib/lv_string.h ****  * Same as `memset(dst, 0x00, len)`.
  70:Middlewares/LVGL/lvgl/src/core/../misc/../font/../draw/../misc/../stdlib/lv_string.h ****  * @param dst pointer to the destination buffer
  71:Middlewares/LVGL/lvgl/src/core/../misc/../font/../draw/../misc/../stdlib/lv_string.h ****  * @param len number of byte to set
  72:Middlewares/LVGL/lvgl/src/core/../misc/../font/../draw/../misc/../stdlib/lv_string.h ****  */
ARM GAS  C:\Users\w1785\AppData\Local\Temp\ccv6fGyr.s 			page 69


  73:Middlewares/LVGL/lvgl/src/core/../misc/../font/../draw/../misc/../stdlib/lv_string.h **** static inline void lv_memzero(void * dst, size_t len)
 1321              		.loc 4 73 20 is_stmt 1 view .LVU438
 1322              	.LBB171:
  74:Middlewares/LVGL/lvgl/src/core/../misc/../font/../draw/../misc/../stdlib/lv_string.h **** {
  75:Middlewares/LVGL/lvgl/src/core/../misc/../font/../draw/../misc/../stdlib/lv_string.h ****     lv_memset(dst, 0x00, len);
 1323              		.loc 4 75 5 view .LVU439
 1324 008e 0822     		movs	r2, #8
 1325 0090 0021     		movs	r1, #0
 1326 0092 00EBC600 		add	r0, r0, r6, lsl #3
 1327              	.LVL151:
 1328              		.loc 4 75 5 is_stmt 0 view .LVU440
 1329 0096 FFF7FEFF 		bl	lv_memset
 1330              	.LVL152:
 1331              		.loc 4 75 5 view .LVU441
 1332              	.LBE171:
 1333              	.LBE170:
 776:Middlewares/LVGL/lvgl/src/core/lv_obj_style.c ****     lv_style_init((lv_style_t *)obj->styles[i].style);
 1334              		.loc 1 776 5 is_stmt 1 view .LVU442
 776:Middlewares/LVGL/lvgl/src/core/lv_obj_style.c ****     lv_style_init((lv_style_t *)obj->styles[i].style);
 1335              		.loc 1 776 8 is_stmt 0 view .LVU443
 1336 009a D4F80C80 		ldr	r8, [r4, #12]
 776:Middlewares/LVGL/lvgl/src/core/lv_obj_style.c ****     lv_style_init((lv_style_t *)obj->styles[i].style);
 1337              		.loc 1 776 28 view .LVU444
 1338 009e 0C20     		movs	r0, #12
 1339 00a0 FFF7FEFF 		bl	lv_malloc_zeroed
 1340              	.LVL153:
 776:Middlewares/LVGL/lvgl/src/core/lv_obj_style.c ****     lv_style_init((lv_style_t *)obj->styles[i].style);
 1341              		.loc 1 776 26 discriminator 1 view .LVU445
 1342 00a4 48F83600 		str	r0, [r8, r6, lsl #3]
 777:Middlewares/LVGL/lvgl/src/core/lv_obj_style.c **** 
 1343              		.loc 1 777 5 is_stmt 1 view .LVU446
 777:Middlewares/LVGL/lvgl/src/core/lv_obj_style.c **** 
 1344              		.loc 1 777 36 is_stmt 0 view .LVU447
 1345 00a8 E368     		ldr	r3, [r4, #12]
 777:Middlewares/LVGL/lvgl/src/core/lv_obj_style.c **** 
 1346              		.loc 1 777 5 view .LVU448
 1347 00aa 53F83600 		ldr	r0, [r3, r6, lsl #3]
 1348 00ae FFF7FEFF 		bl	lv_style_init
 1349              	.LVL154:
 779:Middlewares/LVGL/lvgl/src/core/lv_obj_style.c ****     obj->styles[i].selector = selector;
 1350              		.loc 1 779 5 is_stmt 1 view .LVU449
 779:Middlewares/LVGL/lvgl/src/core/lv_obj_style.c ****     obj->styles[i].selector = selector;
 1351              		.loc 1 779 8 is_stmt 0 view .LVU450
 1352 00b2 E368     		ldr	r3, [r4, #12]
 779:Middlewares/LVGL/lvgl/src/core/lv_obj_style.c ****     obj->styles[i].selector = selector;
 1353              		.loc 1 779 16 view .LVU451
 1354 00b4 3B44     		add	r3, r3, r7
 779:Middlewares/LVGL/lvgl/src/core/lv_obj_style.c ****     obj->styles[i].selector = selector;
 1355              		.loc 1 779 29 view .LVU452
 1356 00b6 DA79     		ldrb	r2, [r3, #7]	@ zero_extendqisi2
 1357 00b8 42F00102 		orr	r2, r2, #1
 1358 00bc DA71     		strb	r2, [r3, #7]
 780:Middlewares/LVGL/lvgl/src/core/lv_obj_style.c ****     return (lv_style_t *)obj->styles[i].style;
 1359              		.loc 1 780 5 is_stmt 1 view .LVU453
 780:Middlewares/LVGL/lvgl/src/core/lv_obj_style.c ****     return (lv_style_t *)obj->styles[i].style;
 1360              		.loc 1 780 8 is_stmt 0 view .LVU454
 1361 00be E368     		ldr	r3, [r4, #12]
ARM GAS  C:\Users\w1785\AppData\Local\Temp\ccv6fGyr.s 			page 70


 780:Middlewares/LVGL/lvgl/src/core/lv_obj_style.c ****     return (lv_style_t *)obj->styles[i].style;
 1362              		.loc 1 780 16 view .LVU455
 1363 00c0 3B44     		add	r3, r3, r7
 780:Middlewares/LVGL/lvgl/src/core/lv_obj_style.c ****     return (lv_style_t *)obj->styles[i].style;
 1364              		.loc 1 780 29 view .LVU456
 1365 00c2 5A68     		ldr	r2, [r3, #4]
 1366 00c4 65F31702 		bfi	r2, r5, #0, #24
 1367              	.LVL155:
 780:Middlewares/LVGL/lvgl/src/core/lv_obj_style.c ****     return (lv_style_t *)obj->styles[i].style;
 1368              		.loc 1 780 29 view .LVU457
 1369 00c8 5A60     		str	r2, [r3, #4]
 781:Middlewares/LVGL/lvgl/src/core/lv_obj_style.c **** }
 1370              		.loc 1 781 5 is_stmt 1 view .LVU458
 781:Middlewares/LVGL/lvgl/src/core/lv_obj_style.c **** }
 1371              		.loc 1 781 29 is_stmt 0 view .LVU459
 1372 00ca E368     		ldr	r3, [r4, #12]
 781:Middlewares/LVGL/lvgl/src/core/lv_obj_style.c **** }
 1373              		.loc 1 781 12 view .LVU460
 1374 00cc 53F83600 		ldr	r0, [r3, r6, lsl #3]
 1375 00d0 B0E7     		b	.L89
 1376              		.cfi_endproc
 1377              	.LFE229:
 1379              		.section	.text.get_trans_style,"ax",%progbits
 1380              		.align	1
 1381              		.syntax unified
 1382              		.thumb
 1383              		.thumb_func
 1385              	get_trans_style:
 1386              	.LVL156:
 1387              	.LFB230:
 792:Middlewares/LVGL/lvgl/src/core/lv_obj_style.c ****     uint32_t i;
 1388              		.loc 1 792 1 is_stmt 1 view -0
 1389              		.cfi_startproc
 1390              		@ args = 0, pretend = 0, frame = 0
 1391              		@ frame_needed = 0, uses_anonymous_args = 0
 792:Middlewares/LVGL/lvgl/src/core/lv_obj_style.c ****     uint32_t i;
 1392              		.loc 1 792 1 is_stmt 0 view .LVU462
 1393 0000 70B5     		push	{r4, r5, r6, lr}
 1394              	.LCFI10:
 1395              		.cfi_def_cfa_offset 16
 1396              		.cfi_offset 4, -16
 1397              		.cfi_offset 5, -12
 1398              		.cfi_offset 6, -8
 1399              		.cfi_offset 14, -4
 1400 0002 0446     		mov	r4, r0
 1401 0004 0D46     		mov	r5, r1
 793:Middlewares/LVGL/lvgl/src/core/lv_obj_style.c ****     for(i = 0; i < obj->style_cnt; i++) {
 1402              		.loc 1 793 5 is_stmt 1 view .LVU463
 794:Middlewares/LVGL/lvgl/src/core/lv_obj_style.c ****         if(obj->styles[i].is_trans && obj->styles[i].selector == selector) break;
 1403              		.loc 1 794 5 view .LVU464
 1404              	.LVL157:
 794:Middlewares/LVGL/lvgl/src/core/lv_obj_style.c ****         if(obj->styles[i].is_trans && obj->styles[i].selector == selector) break;
 1405              		.loc 1 794 11 is_stmt 0 view .LVU465
 1406 0006 0021     		movs	r1, #0
 1407              	.LVL158:
 794:Middlewares/LVGL/lvgl/src/core/lv_obj_style.c ****         if(obj->styles[i].is_trans && obj->styles[i].selector == selector) break;
 1408              		.loc 1 794 5 view .LVU466
ARM GAS  C:\Users\w1785\AppData\Local\Temp\ccv6fGyr.s 			page 71


 1409 0008 00E0     		b	.L104
 1410              	.LVL159:
 1411              	.L105:
 794:Middlewares/LVGL/lvgl/src/core/lv_obj_style.c ****         if(obj->styles[i].is_trans && obj->styles[i].selector == selector) break;
 1412              		.loc 1 794 37 is_stmt 1 discriminator 2 view .LVU467
 1413 000a 0131     		adds	r1, r1, #1
 1414              	.LVL160:
 1415              	.L104:
 794:Middlewares/LVGL/lvgl/src/core/lv_obj_style.c ****         if(obj->styles[i].is_trans && obj->styles[i].selector == selector) break;
 1416              		.loc 1 794 18 discriminator 1 view .LVU468
 794:Middlewares/LVGL/lvgl/src/core/lv_obj_style.c ****         if(obj->styles[i].is_trans && obj->styles[i].selector == selector) break;
 1417              		.loc 1 794 23 is_stmt 0 discriminator 1 view .LVU469
 1418 000c 638D     		ldrh	r3, [r4, #42]
 1419 000e C3F30513 		ubfx	r3, r3, #4, #6
 794:Middlewares/LVGL/lvgl/src/core/lv_obj_style.c ****         if(obj->styles[i].is_trans && obj->styles[i].selector == selector) break;
 1420              		.loc 1 794 18 discriminator 1 view .LVU470
 1421 0012 8B42     		cmp	r3, r1
 1422 0014 0BD9     		bls	.L106
 795:Middlewares/LVGL/lvgl/src/core/lv_obj_style.c ****     }
 1423              		.loc 1 795 9 is_stmt 1 view .LVU471
 795:Middlewares/LVGL/lvgl/src/core/lv_obj_style.c ****     }
 1424              		.loc 1 795 15 is_stmt 0 view .LVU472
 1425 0016 E268     		ldr	r2, [r4, #12]
 795:Middlewares/LVGL/lvgl/src/core/lv_obj_style.c ****     }
 1426              		.loc 1 795 23 view .LVU473
 1427 0018 02EBC102 		add	r2, r2, r1, lsl #3
 795:Middlewares/LVGL/lvgl/src/core/lv_obj_style.c ****     }
 1428              		.loc 1 795 12 view .LVU474
 1429 001c D079     		ldrb	r0, [r2, #7]	@ zero_extendqisi2
 795:Middlewares/LVGL/lvgl/src/core/lv_obj_style.c ****     }
 1430              		.loc 1 795 11 view .LVU475
 1431 001e 10F0020F 		tst	r0, #2
 1432 0022 F2D0     		beq	.L105
 795:Middlewares/LVGL/lvgl/src/core/lv_obj_style.c ****     }
 1433              		.loc 1 795 53 discriminator 1 view .LVU476
 1434 0024 5268     		ldr	r2, [r2, #4]
 1435 0026 C2F31702 		ubfx	r2, r2, #0, #24
 795:Middlewares/LVGL/lvgl/src/core/lv_obj_style.c ****     }
 1436              		.loc 1 795 36 discriminator 1 view .LVU477
 1437 002a AA42     		cmp	r2, r5
 1438 002c EDD1     		bne	.L105
 1439              	.L106:
 799:Middlewares/LVGL/lvgl/src/core/lv_obj_style.c **** 
 1440              		.loc 1 799 5 is_stmt 1 view .LVU478
 799:Middlewares/LVGL/lvgl/src/core/lv_obj_style.c **** 
 1441              		.loc 1 799 7 is_stmt 0 view .LVU479
 1442 002e 8B42     		cmp	r3, r1
 1443 0030 03D0     		beq	.L108
 799:Middlewares/LVGL/lvgl/src/core/lv_obj_style.c **** 
 1444              		.loc 1 799 29 is_stmt 1 discriminator 1 view .LVU480
 799:Middlewares/LVGL/lvgl/src/core/lv_obj_style.c **** 
 1445              		.loc 1 799 40 is_stmt 0 discriminator 1 view .LVU481
 1446 0032 E068     		ldr	r0, [r4, #12]
 799:Middlewares/LVGL/lvgl/src/core/lv_obj_style.c **** 
 1447              		.loc 1 799 36 discriminator 1 view .LVU482
 1448 0034 00EBC100 		add	r0, r0, r1, lsl #3
 1449              	.LVL161:
ARM GAS  C:\Users\w1785\AppData\Local\Temp\ccv6fGyr.s 			page 72


 1450              	.L103:
 816:Middlewares/LVGL/lvgl/src/core/lv_obj_style.c **** 
 1451              		.loc 1 816 1 view .LVU483
 1452 0038 70BD     		pop	{r4, r5, r6, pc}
 1453              	.LVL162:
 1454              	.L108:
 801:Middlewares/LVGL/lvgl/src/core/lv_obj_style.c ****     LV_ASSERT(obj->style_cnt != 0);
 1455              		.loc 1 801 5 is_stmt 1 view .LVU484
 801:Middlewares/LVGL/lvgl/src/core/lv_obj_style.c ****     LV_ASSERT(obj->style_cnt != 0);
 1456              		.loc 1 801 19 is_stmt 0 view .LVU485
 1457 003a 0133     		adds	r3, r3, #1
 1458 003c 03F03F03 		and	r3, r3, #63
 1459 0040 628D     		ldrh	r2, [r4, #42]
 1460 0042 63F30912 		bfi	r2, r3, #4, #6
 1461 0046 6285     		strh	r2, [r4, #42]	@ movhi
 802:Middlewares/LVGL/lvgl/src/core/lv_obj_style.c ****     obj->styles = lv_realloc(obj->styles, obj->style_cnt * sizeof(lv_obj_style_t));
 1462              		.loc 1 802 5 is_stmt 1 view .LVU486
 802:Middlewares/LVGL/lvgl/src/core/lv_obj_style.c ****     obj->styles = lv_realloc(obj->styles, obj->style_cnt * sizeof(lv_obj_style_t));
 1463              		.loc 1 802 5 view .LVU487
 1464 0048 02F47C72 		and	r2, r2, #1008
 1465 004c 02B9     		cbnz	r2, .L110
 1466              	.L111:
 802:Middlewares/LVGL/lvgl/src/core/lv_obj_style.c ****     obj->styles = lv_realloc(obj->styles, obj->style_cnt * sizeof(lv_obj_style_t));
 1467              		.loc 1 802 5 view .LVU488
 802:Middlewares/LVGL/lvgl/src/core/lv_obj_style.c ****     obj->styles = lv_realloc(obj->styles, obj->style_cnt * sizeof(lv_obj_style_t));
 1468              		.loc 1 802 5 view .LVU489
 802:Middlewares/LVGL/lvgl/src/core/lv_obj_style.c ****     obj->styles = lv_realloc(obj->styles, obj->style_cnt * sizeof(lv_obj_style_t));
 1469              		.loc 1 802 5 view .LVU490
 802:Middlewares/LVGL/lvgl/src/core/lv_obj_style.c ****     obj->styles = lv_realloc(obj->styles, obj->style_cnt * sizeof(lv_obj_style_t));
 1470              		.loc 1 802 5 view .LVU491
 802:Middlewares/LVGL/lvgl/src/core/lv_obj_style.c ****     obj->styles = lv_realloc(obj->styles, obj->style_cnt * sizeof(lv_obj_style_t));
 1471              		.loc 1 802 5 view .LVU492
 1472 004e FEE7     		b	.L111
 1473              	.L110:
 802:Middlewares/LVGL/lvgl/src/core/lv_obj_style.c ****     obj->styles = lv_realloc(obj->styles, obj->style_cnt * sizeof(lv_obj_style_t));
 1474              		.loc 1 802 5 view .LVU493
 803:Middlewares/LVGL/lvgl/src/core/lv_obj_style.c **** 
 1475              		.loc 1 803 5 view .LVU494
 803:Middlewares/LVGL/lvgl/src/core/lv_obj_style.c **** 
 1476              		.loc 1 803 19 is_stmt 0 view .LVU495
 1477 0050 D900     		lsls	r1, r3, #3
 1478              	.LVL163:
 803:Middlewares/LVGL/lvgl/src/core/lv_obj_style.c **** 
 1479              		.loc 1 803 19 view .LVU496
 1480 0052 E068     		ldr	r0, [r4, #12]
 1481 0054 FFF7FEFF 		bl	lv_realloc
 1482              	.LVL164:
 803:Middlewares/LVGL/lvgl/src/core/lv_obj_style.c **** 
 1483              		.loc 1 803 17 discriminator 1 view .LVU497
 1484 0058 E060     		str	r0, [r4, #12]
 805:Middlewares/LVGL/lvgl/src/core/lv_obj_style.c ****         obj->styles[i] = obj->styles[i - 1];
 1485              		.loc 1 805 5 is_stmt 1 view .LVU498
 805:Middlewares/LVGL/lvgl/src/core/lv_obj_style.c ****         obj->styles[i] = obj->styles[i - 1];
 1486              		.loc 1 805 16 is_stmt 0 view .LVU499
 1487 005a 668D     		ldrh	r6, [r4, #42]
 1488 005c C6F30516 		ubfx	r6, r6, #4, #6
 805:Middlewares/LVGL/lvgl/src/core/lv_obj_style.c ****         obj->styles[i] = obj->styles[i - 1];
ARM GAS  C:\Users\w1785\AppData\Local\Temp\ccv6fGyr.s 			page 73


 1489              		.loc 1 805 28 view .LVU500
 1490 0060 013E     		subs	r6, r6, #1
 1491              	.LVL165:
 805:Middlewares/LVGL/lvgl/src/core/lv_obj_style.c ****         obj->styles[i] = obj->styles[i - 1];
 1492              		.loc 1 805 5 view .LVU501
 1493 0062 0CE0     		b	.L112
 1494              	.L113:
 806:Middlewares/LVGL/lvgl/src/core/lv_obj_style.c ****     }
 1495              		.loc 1 806 9 is_stmt 1 view .LVU502
 806:Middlewares/LVGL/lvgl/src/core/lv_obj_style.c ****     }
 1496              		.loc 1 806 29 is_stmt 0 view .LVU503
 1497 0064 E268     		ldr	r2, [r4, #12]
 806:Middlewares/LVGL/lvgl/src/core/lv_obj_style.c ****     }
 1498              		.loc 1 806 37 view .LVU504
 1499 0066 06F10053 		add	r3, r6, #536870912
 1500 006a 013B     		subs	r3, r3, #1
 1501 006c 02EBC303 		add	r3, r2, r3, lsl #3
 806:Middlewares/LVGL/lvgl/src/core/lv_obj_style.c ****     }
 1502              		.loc 1 806 20 view .LVU505
 1503 0070 02EBC602 		add	r2, r2, r6, lsl #3
 806:Middlewares/LVGL/lvgl/src/core/lv_obj_style.c ****     }
 1504              		.loc 1 806 24 view .LVU506
 1505 0074 93E80300 		ldm	r3, {r0, r1}
 1506 0078 82E80300 		stm	r2, {r0, r1}
 805:Middlewares/LVGL/lvgl/src/core/lv_obj_style.c ****         obj->styles[i] = obj->styles[i - 1];
 1507              		.loc 1 805 42 is_stmt 1 discriminator 3 view .LVU507
 1508 007c 013E     		subs	r6, r6, #1
 1509              	.LVL166:
 1510              	.L112:
 805:Middlewares/LVGL/lvgl/src/core/lv_obj_style.c ****         obj->styles[i] = obj->styles[i - 1];
 1511              		.loc 1 805 35 discriminator 1 view .LVU508
 1512 007e 002E     		cmp	r6, #0
 1513 0080 F0D1     		bne	.L113
 809:Middlewares/LVGL/lvgl/src/core/lv_obj_style.c ****     obj->styles[0].style = lv_malloc(sizeof(lv_style_t));
 1514              		.loc 1 809 5 view .LVU509
 1515              	.LVL167:
 1516              	.LBB172:
 1517              	.LBI172:
  73:Middlewares/LVGL/lvgl/src/core/../misc/../font/../draw/../misc/../stdlib/lv_string.h **** {
 1518              		.loc 4 73 20 view .LVU510
 1519              	.LBB173:
 1520              		.loc 4 75 5 view .LVU511
 1521 0082 0822     		movs	r2, #8
 1522 0084 0021     		movs	r1, #0
 1523 0086 E068     		ldr	r0, [r4, #12]
 1524 0088 FFF7FEFF 		bl	lv_memset
 1525              	.LVL168:
 1526              		.loc 4 75 5 is_stmt 0 view .LVU512
 1527              	.LBE173:
 1528              	.LBE172:
 810:Middlewares/LVGL/lvgl/src/core/lv_obj_style.c ****     lv_style_init((lv_style_t *)obj->styles[0].style);
 1529              		.loc 1 810 5 is_stmt 1 view .LVU513
 810:Middlewares/LVGL/lvgl/src/core/lv_obj_style.c ****     lv_style_init((lv_style_t *)obj->styles[0].style);
 1530              		.loc 1 810 8 is_stmt 0 view .LVU514
 1531 008c E668     		ldr	r6, [r4, #12]
 1532              	.LVL169:
 810:Middlewares/LVGL/lvgl/src/core/lv_obj_style.c ****     lv_style_init((lv_style_t *)obj->styles[0].style);
ARM GAS  C:\Users\w1785\AppData\Local\Temp\ccv6fGyr.s 			page 74


 1533              		.loc 1 810 28 view .LVU515
 1534 008e 0C20     		movs	r0, #12
 1535 0090 FFF7FEFF 		bl	lv_malloc
 1536              	.LVL170:
 810:Middlewares/LVGL/lvgl/src/core/lv_obj_style.c ****     lv_style_init((lv_style_t *)obj->styles[0].style);
 1537              		.loc 1 810 26 discriminator 1 view .LVU516
 1538 0094 3060     		str	r0, [r6]
 811:Middlewares/LVGL/lvgl/src/core/lv_obj_style.c **** 
 1539              		.loc 1 811 5 is_stmt 1 view .LVU517
 811:Middlewares/LVGL/lvgl/src/core/lv_obj_style.c **** 
 1540              		.loc 1 811 36 is_stmt 0 view .LVU518
 1541 0096 E368     		ldr	r3, [r4, #12]
 811:Middlewares/LVGL/lvgl/src/core/lv_obj_style.c **** 
 1542              		.loc 1 811 5 view .LVU519
 1543 0098 1868     		ldr	r0, [r3]
 1544 009a FFF7FEFF 		bl	lv_style_init
 1545              	.LVL171:
 813:Middlewares/LVGL/lvgl/src/core/lv_obj_style.c ****     obj->styles[0].selector = selector;
 1546              		.loc 1 813 5 is_stmt 1 view .LVU520
 813:Middlewares/LVGL/lvgl/src/core/lv_obj_style.c ****     obj->styles[0].selector = selector;
 1547              		.loc 1 813 8 is_stmt 0 view .LVU521
 1548 009e E268     		ldr	r2, [r4, #12]
 813:Middlewares/LVGL/lvgl/src/core/lv_obj_style.c ****     obj->styles[0].selector = selector;
 1549              		.loc 1 813 29 view .LVU522
 1550 00a0 D379     		ldrb	r3, [r2, #7]	@ zero_extendqisi2
 1551 00a2 43F00203 		orr	r3, r3, #2
 1552 00a6 D371     		strb	r3, [r2, #7]
 814:Middlewares/LVGL/lvgl/src/core/lv_obj_style.c ****     return &obj->styles[0];
 1553              		.loc 1 814 5 is_stmt 1 view .LVU523
 814:Middlewares/LVGL/lvgl/src/core/lv_obj_style.c ****     return &obj->styles[0];
 1554              		.loc 1 814 8 is_stmt 0 view .LVU524
 1555 00a8 E368     		ldr	r3, [r4, #12]
 814:Middlewares/LVGL/lvgl/src/core/lv_obj_style.c ****     return &obj->styles[0];
 1556              		.loc 1 814 29 view .LVU525
 1557 00aa 5A68     		ldr	r2, [r3, #4]
 1558 00ac 65F31702 		bfi	r2, r5, #0, #24
 1559              	.LVL172:
 814:Middlewares/LVGL/lvgl/src/core/lv_obj_style.c ****     return &obj->styles[0];
 1560              		.loc 1 814 29 view .LVU526
 1561 00b0 5A60     		str	r2, [r3, #4]
 815:Middlewares/LVGL/lvgl/src/core/lv_obj_style.c **** }
 1562              		.loc 1 815 5 is_stmt 1 view .LVU527
 815:Middlewares/LVGL/lvgl/src/core/lv_obj_style.c **** }
 1563              		.loc 1 815 12 is_stmt 0 view .LVU528
 1564 00b2 E068     		ldr	r0, [r4, #12]
 1565 00b4 C0E7     		b	.L103
 1566              		.cfi_endproc
 1567              	.LFE230:
 1569              		.section	.text.fade_anim_cb,"ax",%progbits
 1570              		.align	1
 1571              		.syntax unified
 1572              		.thumb
 1573              		.thumb_func
 1575              	fade_anim_cb:
 1576              	.LVL173:
 1577              	.LFB240:
1154:Middlewares/LVGL/lvgl/src/core/lv_obj_style.c ****     lv_obj_set_style_opa(obj, v, 0);
ARM GAS  C:\Users\w1785\AppData\Local\Temp\ccv6fGyr.s 			page 75


 1578              		.loc 1 1154 1 is_stmt 1 view -0
 1579              		.cfi_startproc
 1580              		@ args = 0, pretend = 0, frame = 0
 1581              		@ frame_needed = 0, uses_anonymous_args = 0
1154:Middlewares/LVGL/lvgl/src/core/lv_obj_style.c ****     lv_obj_set_style_opa(obj, v, 0);
 1582              		.loc 1 1154 1 is_stmt 0 view .LVU530
 1583 0000 08B5     		push	{r3, lr}
 1584              	.LCFI11:
 1585              		.cfi_def_cfa_offset 8
 1586              		.cfi_offset 3, -8
 1587              		.cfi_offset 14, -4
1155:Middlewares/LVGL/lvgl/src/core/lv_obj_style.c **** }
 1588              		.loc 1 1155 5 is_stmt 1 view .LVU531
 1589 0002 0022     		movs	r2, #0
 1590 0004 C9B2     		uxtb	r1, r1
 1591              	.LVL174:
1155:Middlewares/LVGL/lvgl/src/core/lv_obj_style.c **** }
 1592              		.loc 1 1155 5 is_stmt 0 view .LVU532
 1593 0006 FFF7FEFF 		bl	lv_obj_set_style_opa
 1594              	.LVL175:
1156:Middlewares/LVGL/lvgl/src/core/lv_obj_style.c **** 
 1595              		.loc 1 1156 1 view .LVU533
 1596 000a 08BD     		pop	{r3, pc}
 1597              		.cfi_endproc
 1598              	.LFE240:
 1600              		.section	.text.lv_obj_style_init,"ax",%progbits
 1601              		.align	1
 1602              		.global	lv_obj_style_init
 1603              		.syntax unified
 1604              		.thumb
 1605              		.thumb_func
 1607              	lv_obj_style_init:
 1608              	.LFB200:
  95:Middlewares/LVGL/lvgl/src/core/lv_obj_style.c ****     lv_ll_init(style_trans_ll_p, sizeof(trans_t));
 1609              		.loc 1 95 1 is_stmt 1 view -0
 1610              		.cfi_startproc
 1611              		@ args = 0, pretend = 0, frame = 0
 1612              		@ frame_needed = 0, uses_anonymous_args = 0
 1613 0000 08B5     		push	{r3, lr}
 1614              	.LCFI12:
 1615              		.cfi_def_cfa_offset 8
 1616              		.cfi_offset 3, -8
 1617              		.cfi_offset 14, -4
  96:Middlewares/LVGL/lvgl/src/core/lv_obj_style.c **** }
 1618              		.loc 1 96 5 view .LVU535
 1619 0002 1421     		movs	r1, #20
 1620 0004 0148     		ldr	r0, .L119
 1621 0006 FFF7FEFF 		bl	lv_ll_init
 1622              	.LVL176:
  97:Middlewares/LVGL/lvgl/src/core/lv_obj_style.c **** 
 1623              		.loc 1 97 1 is_stmt 0 view .LVU536
 1624 000a 08BD     		pop	{r3, pc}
 1625              	.L120:
 1626              		.align	2
 1627              	.L119:
 1628 000c 1C000000 		.word	lv_global+28
 1629              		.cfi_endproc
ARM GAS  C:\Users\w1785\AppData\Local\Temp\ccv6fGyr.s 			page 76


 1630              	.LFE200:
 1632              		.section	.text.lv_obj_style_deinit,"ax",%progbits
 1633              		.align	1
 1634              		.global	lv_obj_style_deinit
 1635              		.syntax unified
 1636              		.thumb
 1637              		.thumb_func
 1639              	lv_obj_style_deinit:
 1640              	.LFB201:
 100:Middlewares/LVGL/lvgl/src/core/lv_obj_style.c ****     lv_ll_clear(style_trans_ll_p);
 1641              		.loc 1 100 1 is_stmt 1 view -0
 1642              		.cfi_startproc
 1643              		@ args = 0, pretend = 0, frame = 0
 1644              		@ frame_needed = 0, uses_anonymous_args = 0
 1645 0000 10B5     		push	{r4, lr}
 1646              	.LCFI13:
 1647              		.cfi_def_cfa_offset 8
 1648              		.cfi_offset 4, -8
 1649              		.cfi_offset 14, -4
 101:Middlewares/LVGL/lvgl/src/core/lv_obj_style.c ****     if(_style_custom_prop_flag_lookup_table != NULL) {
 1650              		.loc 1 101 5 view .LVU538
 1651 0002 064C     		ldr	r4, .L124
 1652 0004 2046     		mov	r0, r4
 1653 0006 FFF7FEFF 		bl	lv_ll_clear
 1654              	.LVL177:
 102:Middlewares/LVGL/lvgl/src/core/lv_obj_style.c ****         lv_free(_style_custom_prop_flag_lookup_table);
 1655              		.loc 1 102 5 view .LVU539
 102:Middlewares/LVGL/lvgl/src/core/lv_obj_style.c ****         lv_free(_style_custom_prop_flag_lookup_table);
 1656              		.loc 1 102 8 is_stmt 0 view .LVU540
 1657 000a A069     		ldr	r0, [r4, #24]
 102:Middlewares/LVGL/lvgl/src/core/lv_obj_style.c ****         lv_free(_style_custom_prop_flag_lookup_table);
 1658              		.loc 1 102 7 view .LVU541
 1659 000c 28B1     		cbz	r0, .L121
 103:Middlewares/LVGL/lvgl/src/core/lv_obj_style.c ****         _style_custom_prop_flag_lookup_table = NULL;
 1660              		.loc 1 103 9 is_stmt 1 view .LVU542
 1661 000e FFF7FEFF 		bl	lv_free
 1662              	.LVL178:
 104:Middlewares/LVGL/lvgl/src/core/lv_obj_style.c ****     }
 1663              		.loc 1 104 9 view .LVU543
 104:Middlewares/LVGL/lvgl/src/core/lv_obj_style.c ****     }
 1664              		.loc 1 104 46 is_stmt 0 view .LVU544
 1665 0012 A4F11C03 		sub	r3, r4, #28
 1666 0016 0022     		movs	r2, #0
 1667 0018 5A63     		str	r2, [r3, #52]
 1668              	.L121:
 106:Middlewares/LVGL/lvgl/src/core/lv_obj_style.c **** 
 1669              		.loc 1 106 1 view .LVU545
 1670 001a 10BD     		pop	{r4, pc}
 1671              	.L125:
 1672              		.align	2
 1673              	.L124:
 1674 001c 1C000000 		.word	lv_global+28
 1675              		.cfi_endproc
 1676              	.LFE201:
 1678              		.section	.text.lv_obj_style_get_disabled,"ax",%progbits
 1679              		.align	1
 1680              		.global	lv_obj_style_get_disabled
ARM GAS  C:\Users\w1785\AppData\Local\Temp\ccv6fGyr.s 			page 77


 1681              		.syntax unified
 1682              		.thumb
 1683              		.thumb_func
 1685              	lv_obj_style_get_disabled:
 1686              	.LVL179:
 1687              	.LFB210:
 308:Middlewares/LVGL/lvgl/src/core/lv_obj_style.c ****     uint32_t i;
 1688              		.loc 1 308 1 is_stmt 1 view -0
 1689              		.cfi_startproc
 1690              		@ args = 0, pretend = 0, frame = 0
 1691              		@ frame_needed = 0, uses_anonymous_args = 0
 1692              		@ link register save eliminated.
 309:Middlewares/LVGL/lvgl/src/core/lv_obj_style.c ****     for(i = 0; i < obj->style_cnt; i++) {
 1693              		.loc 1 309 5 view .LVU547
 310:Middlewares/LVGL/lvgl/src/core/lv_obj_style.c ****         if(obj->styles[i].style == style && obj->styles[i].selector == selector) {
 1694              		.loc 1 310 5 view .LVU548
 310:Middlewares/LVGL/lvgl/src/core/lv_obj_style.c ****         if(obj->styles[i].style == style && obj->styles[i].selector == selector) {
 1695              		.loc 1 310 11 is_stmt 0 view .LVU549
 1696 0000 0023     		movs	r3, #0
 1697              	.LVL180:
 310:Middlewares/LVGL/lvgl/src/core/lv_obj_style.c ****         if(obj->styles[i].style == style && obj->styles[i].selector == selector) {
 1698              		.loc 1 310 18 is_stmt 1 discriminator 1 view .LVU550
 310:Middlewares/LVGL/lvgl/src/core/lv_obj_style.c ****         if(obj->styles[i].style == style && obj->styles[i].selector == selector) {
 1699              		.loc 1 310 23 is_stmt 0 discriminator 1 view .LVU551
 1700 0002 B0F82AC0 		ldrh	ip, [r0, #42]
 1701 0006 CCF3051C 		ubfx	ip, ip, #4, #6
 310:Middlewares/LVGL/lvgl/src/core/lv_obj_style.c ****         if(obj->styles[i].style == style && obj->styles[i].selector == selector) {
 1702              		.loc 1 310 18 discriminator 1 view .LVU552
 1703 000a 9C45     		cmp	ip, r3
 1704 000c 1ED9     		bls	.L136
 308:Middlewares/LVGL/lvgl/src/core/lv_obj_style.c ****     uint32_t i;
 1705              		.loc 1 308 1 view .LVU553
 1706 000e 10B4     		push	{r4}
 1707              	.LCFI14:
 1708              		.cfi_def_cfa_offset 4
 1709              		.cfi_offset 4, -4
 1710 0010 06E0     		b	.L130
 1711              	.L128:
 310:Middlewares/LVGL/lvgl/src/core/lv_obj_style.c ****         if(obj->styles[i].style == style && obj->styles[i].selector == selector) {
 1712              		.loc 1 310 37 is_stmt 1 discriminator 2 view .LVU554
 1713 0012 0133     		adds	r3, r3, #1
 1714              	.LVL181:
 310:Middlewares/LVGL/lvgl/src/core/lv_obj_style.c ****         if(obj->styles[i].style == style && obj->styles[i].selector == selector) {
 1715              		.loc 1 310 18 discriminator 1 view .LVU555
 310:Middlewares/LVGL/lvgl/src/core/lv_obj_style.c ****         if(obj->styles[i].style == style && obj->styles[i].selector == selector) {
 1716              		.loc 1 310 23 is_stmt 0 discriminator 1 view .LVU556
 1717 0014 B0F82AC0 		ldrh	ip, [r0, #42]
 1718 0018 CCF3051C 		ubfx	ip, ip, #4, #6
 310:Middlewares/LVGL/lvgl/src/core/lv_obj_style.c ****         if(obj->styles[i].style == style && obj->styles[i].selector == selector) {
 1719              		.loc 1 310 18 discriminator 1 view .LVU557
 1720 001c 9C45     		cmp	ip, r3
 1721 001e 11D9     		bls	.L137
 1722              	.L130:
 311:Middlewares/LVGL/lvgl/src/core/lv_obj_style.c ****             return obj->styles[i].is_disabled;
 1723              		.loc 1 311 9 is_stmt 1 view .LVU558
 311:Middlewares/LVGL/lvgl/src/core/lv_obj_style.c ****             return obj->styles[i].is_disabled;
 1724              		.loc 1 311 15 is_stmt 0 view .LVU559
ARM GAS  C:\Users\w1785\AppData\Local\Temp\ccv6fGyr.s 			page 78


 1725 0020 C468     		ldr	r4, [r0, #12]
 311:Middlewares/LVGL/lvgl/src/core/lv_obj_style.c ****             return obj->styles[i].is_disabled;
 1726              		.loc 1 311 23 view .LVU560
 1727 0022 04EBC30C 		add	ip, r4, r3, lsl #3
 311:Middlewares/LVGL/lvgl/src/core/lv_obj_style.c ****             return obj->styles[i].is_disabled;
 1728              		.loc 1 311 26 view .LVU561
 1729 0026 54F83340 		ldr	r4, [r4, r3, lsl #3]
 311:Middlewares/LVGL/lvgl/src/core/lv_obj_style.c ****             return obj->styles[i].is_disabled;
 1730              		.loc 1 311 11 view .LVU562
 1731 002a 8C42     		cmp	r4, r1
 1732 002c F1D1     		bne	.L128
 311:Middlewares/LVGL/lvgl/src/core/lv_obj_style.c ****             return obj->styles[i].is_disabled;
 1733              		.loc 1 311 59 discriminator 1 view .LVU563
 1734 002e DCF80440 		ldr	r4, [ip, #4]
 1735 0032 C4F31704 		ubfx	r4, r4, #0, #24
 311:Middlewares/LVGL/lvgl/src/core/lv_obj_style.c ****             return obj->styles[i].is_disabled;
 1736              		.loc 1 311 42 discriminator 1 view .LVU564
 1737 0036 9442     		cmp	r4, r2
 1738 0038 EBD1     		bne	.L128
 312:Middlewares/LVGL/lvgl/src/core/lv_obj_style.c ****         }
 1739              		.loc 1 312 13 is_stmt 1 view .LVU565
 312:Middlewares/LVGL/lvgl/src/core/lv_obj_style.c ****         }
 1740              		.loc 1 312 34 is_stmt 0 view .LVU566
 1741 003a 9CF80700 		ldrb	r0, [ip, #7]	@ zero_extendqisi2
 1742              	.LVL182:
 312:Middlewares/LVGL/lvgl/src/core/lv_obj_style.c ****         }
 1743              		.loc 1 312 34 view .LVU567
 1744 003e C0F38000 		ubfx	r0, r0, #2, #1
 1745 0042 00E0     		b	.L129
 1746              	.LVL183:
 1747              	.L137:
 317:Middlewares/LVGL/lvgl/src/core/lv_obj_style.c **** }
 1748              		.loc 1 317 12 view .LVU568
 1749 0044 0020     		movs	r0, #0
 1750              	.LVL184:
 1751              	.L129:
 318:Middlewares/LVGL/lvgl/src/core/lv_obj_style.c **** 
 1752              		.loc 1 318 1 view .LVU569
 1753 0046 5DF8044B 		ldr	r4, [sp], #4
 1754 004a 7047     		bx	lr
 1755              	.LVL185:
 1756              	.L136:
 1757              	.LCFI15:
 1758              		.cfi_def_cfa_offset 0
 1759              		.cfi_restore 4
 317:Middlewares/LVGL/lvgl/src/core/lv_obj_style.c **** }
 1760              		.loc 1 317 12 view .LVU570
 1761 004c 0020     		movs	r0, #0
 1762              	.LVL186:
 318:Middlewares/LVGL/lvgl/src/core/lv_obj_style.c **** 
 1763              		.loc 1 318 1 view .LVU571
 1764 004e 7047     		bx	lr
 1765              		.cfi_endproc
 1766              	.LFE210:
 1768              		.section	.text.lv_obj_enable_style_refresh,"ax",%progbits
 1769              		.align	1
 1770              		.global	lv_obj_enable_style_refresh
ARM GAS  C:\Users\w1785\AppData\Local\Temp\ccv6fGyr.s 			page 79


 1771              		.syntax unified
 1772              		.thumb
 1773              		.thumb_func
 1775              	lv_obj_enable_style_refresh:
 1776              	.LVL187:
 1777              	.LFB211:
 322:Middlewares/LVGL/lvgl/src/core/lv_obj_style.c ****     style_refr = en;
 1778              		.loc 1 322 1 is_stmt 1 view -0
 1779              		.cfi_startproc
 1780              		@ args = 0, pretend = 0, frame = 0
 1781              		@ frame_needed = 0, uses_anonymous_args = 0
 1782              		@ link register save eliminated.
 323:Middlewares/LVGL/lvgl/src/core/lv_obj_style.c **** }
 1783              		.loc 1 323 5 view .LVU573
 323:Middlewares/LVGL/lvgl/src/core/lv_obj_style.c **** }
 1784              		.loc 1 323 16 is_stmt 0 view .LVU574
 1785 0000 014B     		ldr	r3, .L139
 1786 0002 83F82800 		strb	r0, [r3, #40]
 324:Middlewares/LVGL/lvgl/src/core/lv_obj_style.c **** 
 1787              		.loc 1 324 1 view .LVU575
 1788 0006 7047     		bx	lr
 1789              	.L140:
 1790              		.align	2
 1791              	.L139:
 1792 0008 00000000 		.word	lv_global
 1793              		.cfi_endproc
 1794              	.LFE211:
 1796              		.section	.text.lv_obj_get_style_prop,"ax",%progbits
 1797              		.align	1
 1798              		.global	lv_obj_get_style_prop
 1799              		.syntax unified
 1800              		.thumb
 1801              		.thumb_func
 1803              	lv_obj_get_style_prop:
 1804              	.LVL188:
 1805              	.LFB212:
 327:Middlewares/LVGL/lvgl/src/core/lv_obj_style.c ****     LV_ASSERT_NULL(obj)
 1806              		.loc 1 327 1 is_stmt 1 view -0
 1807              		.cfi_startproc
 1808              		@ args = 0, pretend = 0, frame = 8
 1809              		@ frame_needed = 0, uses_anonymous_args = 0
 328:Middlewares/LVGL/lvgl/src/core/lv_obj_style.c **** 
 1810              		.loc 1 328 5 view .LVU577
 328:Middlewares/LVGL/lvgl/src/core/lv_obj_style.c **** 
 1811              		.loc 1 328 5 view .LVU578
 1812 0000 A0B1     		cbz	r0, .L143
 327:Middlewares/LVGL/lvgl/src/core/lv_obj_style.c ****     LV_ASSERT_NULL(obj)
 1813              		.loc 1 327 1 is_stmt 0 view .LVU579
 1814 0002 10B5     		push	{r4, lr}
 1815              	.LCFI16:
 1816              		.cfi_def_cfa_offset 8
 1817              		.cfi_offset 4, -8
 1818              		.cfi_offset 14, -4
 1819 0004 82B0     		sub	sp, sp, #8
 1820              	.LCFI17:
 1821              		.cfi_def_cfa_offset 16
 1822 0006 1446     		mov	r4, r2
ARM GAS  C:\Users\w1785\AppData\Local\Temp\ccv6fGyr.s 			page 80


 1823 0008 8446     		mov	ip, r0
 328:Middlewares/LVGL/lvgl/src/core/lv_obj_style.c **** 
 1824              		.loc 1 328 5 is_stmt 1 view .LVU580
 330:Middlewares/LVGL/lvgl/src/core/lv_obj_style.c ****     lv_style_value_t value_act = { .ptr = NULL };
 1825              		.loc 1 330 5 view .LVU581
 330:Middlewares/LVGL/lvgl/src/core/lv_obj_style.c ****     lv_style_value_t value_act = { .ptr = NULL };
 1826              		.loc 1 330 46 is_stmt 0 view .LVU582
 1827 000a 008D     		ldrh	r0, [r0, #40]
 1828              	.LVL189:
 331:Middlewares/LVGL/lvgl/src/core/lv_obj_style.c ****     lv_style_res_t found;
 1829              		.loc 1 331 5 is_stmt 1 view .LVU583
 331:Middlewares/LVGL/lvgl/src/core/lv_obj_style.c ****     lv_style_res_t found;
 1830              		.loc 1 331 22 is_stmt 0 view .LVU584
 1831 000c 0023     		movs	r3, #0
 1832 000e 0093     		str	r3, [sp]
 332:Middlewares/LVGL/lvgl/src/core/lv_obj_style.c **** 
 1833              		.loc 1 332 5 is_stmt 1 view .LVU585
 334:Middlewares/LVGL/lvgl/src/core/lv_obj_style.c ****     if(found == LV_STYLE_RES_FOUND) return value_act;
 1834              		.loc 1 334 5 view .LVU586
 334:Middlewares/LVGL/lvgl/src/core/lv_obj_style.c ****     if(found == LV_STYLE_RES_FOUND) return value_act;
 1835              		.loc 1 334 13 is_stmt 0 view .LVU587
 1836 0010 6B46     		mov	r3, sp
 1837 0012 0143     		orrs	r1, r1, r0
 1838              	.LVL190:
 334:Middlewares/LVGL/lvgl/src/core/lv_obj_style.c ****     if(found == LV_STYLE_RES_FOUND) return value_act;
 1839              		.loc 1 334 13 view .LVU588
 1840 0014 6046     		mov	r0, ip
 1841 0016 FFF7FEFF 		bl	get_selector_style_prop
 1842              	.LVL191:
 335:Middlewares/LVGL/lvgl/src/core/lv_obj_style.c **** 
 1843              		.loc 1 335 5 is_stmt 1 view .LVU589
 335:Middlewares/LVGL/lvgl/src/core/lv_obj_style.c **** 
 1844              		.loc 1 335 7 is_stmt 0 view .LVU590
 1845 001a 0128     		cmp	r0, #1
 1846 001c 07D0     		beq	.L148
 337:Middlewares/LVGL/lvgl/src/core/lv_obj_style.c **** }
 1847              		.loc 1 337 5 is_stmt 1 view .LVU591
 337:Middlewares/LVGL/lvgl/src/core/lv_obj_style.c **** }
 1848              		.loc 1 337 12 is_stmt 0 view .LVU592
 1849 001e 2046     		mov	r0, r4
 1850              	.LVL192:
 337:Middlewares/LVGL/lvgl/src/core/lv_obj_style.c **** }
 1851              		.loc 1 337 12 view .LVU593
 1852 0020 FFF7FEFF 		bl	lv_style_prop_get_default
 1853              	.LVL193:
 1854 0024 0190     		str	r0, [sp, #4]
 1855              	.L145:
 338:Middlewares/LVGL/lvgl/src/core/lv_obj_style.c **** 
 1856              		.loc 1 338 1 view .LVU594
 1857 0026 0198     		ldr	r0, [sp, #4]
 1858 0028 02B0     		add	sp, sp, #8
 1859              	.LCFI18:
 1860              		.cfi_def_cfa_offset 8
 1861              		@ sp needed
 1862 002a 10BD     		pop	{r4, pc}
 1863              	.LVL194:
 1864              	.L143:
ARM GAS  C:\Users\w1785\AppData\Local\Temp\ccv6fGyr.s 			page 81


 1865              	.LCFI19:
 1866              		.cfi_def_cfa_offset 0
 1867              		.cfi_restore 4
 1868              		.cfi_restore 14
 328:Middlewares/LVGL/lvgl/src/core/lv_obj_style.c **** 
 1869              		.loc 1 328 5 is_stmt 1 view .LVU595
 328:Middlewares/LVGL/lvgl/src/core/lv_obj_style.c **** 
 1870              		.loc 1 328 5 view .LVU596
 328:Middlewares/LVGL/lvgl/src/core/lv_obj_style.c **** 
 1871              		.loc 1 328 5 view .LVU597
 328:Middlewares/LVGL/lvgl/src/core/lv_obj_style.c **** 
 1872              		.loc 1 328 5 view .LVU598
 328:Middlewares/LVGL/lvgl/src/core/lv_obj_style.c **** 
 1873              		.loc 1 328 5 view .LVU599
 1874 002c FEE7     		b	.L143
 1875              	.LVL195:
 1876              	.L148:
 1877              	.LCFI20:
 1878              		.cfi_def_cfa_offset 16
 1879              		.cfi_offset 4, -8
 1880              		.cfi_offset 14, -4
 335:Middlewares/LVGL/lvgl/src/core/lv_obj_style.c **** 
 1881              		.loc 1 335 37 discriminator 1 view .LVU600
 335:Middlewares/LVGL/lvgl/src/core/lv_obj_style.c **** 
 1882              		.loc 1 335 44 is_stmt 0 discriminator 1 view .LVU601
 1883 002e 009B     		ldr	r3, [sp]
 1884 0030 0193     		str	r3, [sp, #4]
 335:Middlewares/LVGL/lvgl/src/core/lv_obj_style.c **** 
 1885              		.loc 1 335 44 view .LVU602
 1886 0032 F8E7     		b	.L145
 1887              		.cfi_endproc
 1888              	.LFE212:
 1890              		.section	.text.calculate_layer_type,"ax",%progbits
 1891              		.align	1
 1892              		.syntax unified
 1893              		.thumb
 1894              		.thumb_func
 1896              	calculate_layer_type:
 1897              	.LVL196:
 1898              	.LFB238:
1085:Middlewares/LVGL/lvgl/src/core/lv_obj_style.c **** #if LV_DRAW_TRANSFORM_USE_MATRIX
 1899              		.loc 1 1085 1 is_stmt 1 view -0
 1900              		.cfi_startproc
 1901              		@ args = 0, pretend = 0, frame = 8
 1902              		@ frame_needed = 0, uses_anonymous_args = 0
1085:Middlewares/LVGL/lvgl/src/core/lv_obj_style.c **** #if LV_DRAW_TRANSFORM_USE_MATRIX
 1903              		.loc 1 1085 1 is_stmt 0 view .LVU604
 1904 0000 10B5     		push	{r4, lr}
 1905              	.LCFI21:
 1906              		.cfi_def_cfa_offset 8
 1907              		.cfi_offset 4, -8
 1908              		.cfi_offset 14, -4
 1909 0002 82B0     		sub	sp, sp, #8
 1910              	.LCFI22:
 1911              		.cfi_def_cfa_offset 16
 1912 0004 0446     		mov	r4, r0
1089:Middlewares/LVGL/lvgl/src/core/lv_obj_style.c ****     if(lv_obj_get_style_transform_scale_x(obj, LV_PART_MAIN) != 256) return LV_LAYER_TYPE_TRANSFORM
ARM GAS  C:\Users\w1785\AppData\Local\Temp\ccv6fGyr.s 			page 82


 1913              		.loc 1 1089 5 is_stmt 1 view .LVU605
 1914              	.LVL197:
 1915              	.LBB174:
 1916              	.LBI174:
 1917              		.file 5 "Middlewares/LVGL/lvgl/src/core/lv_obj_style_gen.h"
   1:Middlewares/LVGL/lvgl/src/core/lv_obj_style_gen.h **** /*
   2:Middlewares/LVGL/lvgl/src/core/lv_obj_style_gen.h ****  * @file
   3:Middlewares/LVGL/lvgl/src/core/lv_obj_style_gen.h ****  *
   4:Middlewares/LVGL/lvgl/src/core/lv_obj_style_gen.h ****  **********************************************************************
   5:Middlewares/LVGL/lvgl/src/core/lv_obj_style_gen.h ****  *                            DO NOT EDIT
   6:Middlewares/LVGL/lvgl/src/core/lv_obj_style_gen.h ****  * This file is automatically generated by "style_api_gen.py"
   7:Middlewares/LVGL/lvgl/src/core/lv_obj_style_gen.h ****  **********************************************************************
   8:Middlewares/LVGL/lvgl/src/core/lv_obj_style_gen.h ****  */
   9:Middlewares/LVGL/lvgl/src/core/lv_obj_style_gen.h **** 
  10:Middlewares/LVGL/lvgl/src/core/lv_obj_style_gen.h **** 
  11:Middlewares/LVGL/lvgl/src/core/lv_obj_style_gen.h **** #ifndef LV_OBJ_STYLE_GEN_H
  12:Middlewares/LVGL/lvgl/src/core/lv_obj_style_gen.h **** #define LV_OBJ_STYLE_GEN_H
  13:Middlewares/LVGL/lvgl/src/core/lv_obj_style_gen.h **** 
  14:Middlewares/LVGL/lvgl/src/core/lv_obj_style_gen.h **** #ifdef __cplusplus
  15:Middlewares/LVGL/lvgl/src/core/lv_obj_style_gen.h **** extern "C" {
  16:Middlewares/LVGL/lvgl/src/core/lv_obj_style_gen.h **** #endif
  17:Middlewares/LVGL/lvgl/src/core/lv_obj_style_gen.h **** 
  18:Middlewares/LVGL/lvgl/src/core/lv_obj_style_gen.h **** #include "../misc/lv_area.h"
  19:Middlewares/LVGL/lvgl/src/core/lv_obj_style_gen.h **** #include "../misc/lv_style.h"
  20:Middlewares/LVGL/lvgl/src/core/lv_obj_style_gen.h **** #include "../core/lv_obj_style.h"
  21:Middlewares/LVGL/lvgl/src/core/lv_obj_style_gen.h **** #include "../misc/lv_types.h"
  22:Middlewares/LVGL/lvgl/src/core/lv_obj_style_gen.h **** 
  23:Middlewares/LVGL/lvgl/src/core/lv_obj_style_gen.h **** /**
  24:Middlewares/LVGL/lvgl/src/core/lv_obj_style_gen.h ****  * Gets width of Widget. Pixel, percentage and `LV_SIZE_CONTENT` values can be used.
  25:Middlewares/LVGL/lvgl/src/core/lv_obj_style_gen.h ****  * Percentage values are relative to the width of the parent's content area.
  26:Middlewares/LVGL/lvgl/src/core/lv_obj_style_gen.h ****  * Default: Widget dependent, inherited: No, layout: Yes, ext. draw: No.
  27:Middlewares/LVGL/lvgl/src/core/lv_obj_style_gen.h ****  * @param  obj    Pointer to Widget
  28:Middlewares/LVGL/lvgl/src/core/lv_obj_style_gen.h ****  * @param  part   One of the `LV_PART_...` enum values
  29:Middlewares/LVGL/lvgl/src/core/lv_obj_style_gen.h ****  */
  30:Middlewares/LVGL/lvgl/src/core/lv_obj_style_gen.h **** static inline int32_t lv_obj_get_style_width(const lv_obj_t * obj, lv_part_t part)
  31:Middlewares/LVGL/lvgl/src/core/lv_obj_style_gen.h **** {
  32:Middlewares/LVGL/lvgl/src/core/lv_obj_style_gen.h ****     lv_style_value_t v = lv_obj_get_style_prop(obj, part, LV_STYLE_WIDTH);
  33:Middlewares/LVGL/lvgl/src/core/lv_obj_style_gen.h ****     return (int32_t)v.num;
  34:Middlewares/LVGL/lvgl/src/core/lv_obj_style_gen.h **** }
  35:Middlewares/LVGL/lvgl/src/core/lv_obj_style_gen.h **** 
  36:Middlewares/LVGL/lvgl/src/core/lv_obj_style_gen.h **** /**
  37:Middlewares/LVGL/lvgl/src/core/lv_obj_style_gen.h ****  * Gets a minimal width. Pixel and percentage values can be used. Percentage values
  38:Middlewares/LVGL/lvgl/src/core/lv_obj_style_gen.h ****  * are relative to the width of the parent's content area.
  39:Middlewares/LVGL/lvgl/src/core/lv_obj_style_gen.h ****  * Default: 0, inherited: No, layout: Yes, ext. draw: No.
  40:Middlewares/LVGL/lvgl/src/core/lv_obj_style_gen.h ****  * @param  obj    Pointer to Widget
  41:Middlewares/LVGL/lvgl/src/core/lv_obj_style_gen.h ****  * @param  part   One of the `LV_PART_...` enum values
  42:Middlewares/LVGL/lvgl/src/core/lv_obj_style_gen.h ****  */
  43:Middlewares/LVGL/lvgl/src/core/lv_obj_style_gen.h **** static inline int32_t lv_obj_get_style_min_width(const lv_obj_t * obj, lv_part_t part)
  44:Middlewares/LVGL/lvgl/src/core/lv_obj_style_gen.h **** {
  45:Middlewares/LVGL/lvgl/src/core/lv_obj_style_gen.h ****     lv_style_value_t v = lv_obj_get_style_prop(obj, part, LV_STYLE_MIN_WIDTH);
  46:Middlewares/LVGL/lvgl/src/core/lv_obj_style_gen.h ****     return (int32_t)v.num;
  47:Middlewares/LVGL/lvgl/src/core/lv_obj_style_gen.h **** }
  48:Middlewares/LVGL/lvgl/src/core/lv_obj_style_gen.h **** 
  49:Middlewares/LVGL/lvgl/src/core/lv_obj_style_gen.h **** /**
  50:Middlewares/LVGL/lvgl/src/core/lv_obj_style_gen.h ****  * Gets a maximal width. Pixel and percentage values can be used. Percentage values
  51:Middlewares/LVGL/lvgl/src/core/lv_obj_style_gen.h ****  * are relative to the width of the parent's content area.
  52:Middlewares/LVGL/lvgl/src/core/lv_obj_style_gen.h ****  * Default: LV_COORD_MAX, inherited: No, layout: Yes, ext. draw: No.
ARM GAS  C:\Users\w1785\AppData\Local\Temp\ccv6fGyr.s 			page 83


  53:Middlewares/LVGL/lvgl/src/core/lv_obj_style_gen.h ****  * @param  obj    Pointer to Widget
  54:Middlewares/LVGL/lvgl/src/core/lv_obj_style_gen.h ****  * @param  part   One of the `LV_PART_...` enum values
  55:Middlewares/LVGL/lvgl/src/core/lv_obj_style_gen.h ****  */
  56:Middlewares/LVGL/lvgl/src/core/lv_obj_style_gen.h **** static inline int32_t lv_obj_get_style_max_width(const lv_obj_t * obj, lv_part_t part)
  57:Middlewares/LVGL/lvgl/src/core/lv_obj_style_gen.h **** {
  58:Middlewares/LVGL/lvgl/src/core/lv_obj_style_gen.h ****     lv_style_value_t v = lv_obj_get_style_prop(obj, part, LV_STYLE_MAX_WIDTH);
  59:Middlewares/LVGL/lvgl/src/core/lv_obj_style_gen.h ****     return (int32_t)v.num;
  60:Middlewares/LVGL/lvgl/src/core/lv_obj_style_gen.h **** }
  61:Middlewares/LVGL/lvgl/src/core/lv_obj_style_gen.h **** 
  62:Middlewares/LVGL/lvgl/src/core/lv_obj_style_gen.h **** /**
  63:Middlewares/LVGL/lvgl/src/core/lv_obj_style_gen.h ****  * Gets height of Widget. Pixel, percentage and `LV_SIZE_CONTENT` can be used.
  64:Middlewares/LVGL/lvgl/src/core/lv_obj_style_gen.h ****  * Percentage values are relative to the height of the parent's content area.
  65:Middlewares/LVGL/lvgl/src/core/lv_obj_style_gen.h ****  * Default: Widget dependent, inherited: No, layout: Yes, ext. draw: No.
  66:Middlewares/LVGL/lvgl/src/core/lv_obj_style_gen.h ****  * @param  obj    Pointer to Widget
  67:Middlewares/LVGL/lvgl/src/core/lv_obj_style_gen.h ****  * @param  part   One of the `LV_PART_...` enum values
  68:Middlewares/LVGL/lvgl/src/core/lv_obj_style_gen.h ****  */
  69:Middlewares/LVGL/lvgl/src/core/lv_obj_style_gen.h **** static inline int32_t lv_obj_get_style_height(const lv_obj_t * obj, lv_part_t part)
  70:Middlewares/LVGL/lvgl/src/core/lv_obj_style_gen.h **** {
  71:Middlewares/LVGL/lvgl/src/core/lv_obj_style_gen.h ****     lv_style_value_t v = lv_obj_get_style_prop(obj, part, LV_STYLE_HEIGHT);
  72:Middlewares/LVGL/lvgl/src/core/lv_obj_style_gen.h ****     return (int32_t)v.num;
  73:Middlewares/LVGL/lvgl/src/core/lv_obj_style_gen.h **** }
  74:Middlewares/LVGL/lvgl/src/core/lv_obj_style_gen.h **** 
  75:Middlewares/LVGL/lvgl/src/core/lv_obj_style_gen.h **** /**
  76:Middlewares/LVGL/lvgl/src/core/lv_obj_style_gen.h ****  * Gets a minimal height. Pixel and percentage values can be used. Percentage values
  77:Middlewares/LVGL/lvgl/src/core/lv_obj_style_gen.h ****  * are relative to the height of the parent's content area.
  78:Middlewares/LVGL/lvgl/src/core/lv_obj_style_gen.h ****  * Default: 0, inherited: No, layout: Yes, ext. draw: No.
  79:Middlewares/LVGL/lvgl/src/core/lv_obj_style_gen.h ****  * @param  obj    Pointer to Widget
  80:Middlewares/LVGL/lvgl/src/core/lv_obj_style_gen.h ****  * @param  part   One of the `LV_PART_...` enum values
  81:Middlewares/LVGL/lvgl/src/core/lv_obj_style_gen.h ****  */
  82:Middlewares/LVGL/lvgl/src/core/lv_obj_style_gen.h **** static inline int32_t lv_obj_get_style_min_height(const lv_obj_t * obj, lv_part_t part)
  83:Middlewares/LVGL/lvgl/src/core/lv_obj_style_gen.h **** {
  84:Middlewares/LVGL/lvgl/src/core/lv_obj_style_gen.h ****     lv_style_value_t v = lv_obj_get_style_prop(obj, part, LV_STYLE_MIN_HEIGHT);
  85:Middlewares/LVGL/lvgl/src/core/lv_obj_style_gen.h ****     return (int32_t)v.num;
  86:Middlewares/LVGL/lvgl/src/core/lv_obj_style_gen.h **** }
  87:Middlewares/LVGL/lvgl/src/core/lv_obj_style_gen.h **** 
  88:Middlewares/LVGL/lvgl/src/core/lv_obj_style_gen.h **** /**
  89:Middlewares/LVGL/lvgl/src/core/lv_obj_style_gen.h ****  * Gets a maximal height. Pixel and percentage values can be used. Percentage values
  90:Middlewares/LVGL/lvgl/src/core/lv_obj_style_gen.h ****  * are relative to the height of the parent's content area.
  91:Middlewares/LVGL/lvgl/src/core/lv_obj_style_gen.h ****  * Default: LV_COORD_MAX, inherited: No, layout: Yes, ext. draw: No.
  92:Middlewares/LVGL/lvgl/src/core/lv_obj_style_gen.h ****  * @param  obj    Pointer to Widget
  93:Middlewares/LVGL/lvgl/src/core/lv_obj_style_gen.h ****  * @param  part   One of the `LV_PART_...` enum values
  94:Middlewares/LVGL/lvgl/src/core/lv_obj_style_gen.h ****  */
  95:Middlewares/LVGL/lvgl/src/core/lv_obj_style_gen.h **** static inline int32_t lv_obj_get_style_max_height(const lv_obj_t * obj, lv_part_t part)
  96:Middlewares/LVGL/lvgl/src/core/lv_obj_style_gen.h **** {
  97:Middlewares/LVGL/lvgl/src/core/lv_obj_style_gen.h ****     lv_style_value_t v = lv_obj_get_style_prop(obj, part, LV_STYLE_MAX_HEIGHT);
  98:Middlewares/LVGL/lvgl/src/core/lv_obj_style_gen.h ****     return (int32_t)v.num;
  99:Middlewares/LVGL/lvgl/src/core/lv_obj_style_gen.h **** }
 100:Middlewares/LVGL/lvgl/src/core/lv_obj_style_gen.h **** 
 101:Middlewares/LVGL/lvgl/src/core/lv_obj_style_gen.h **** /**
 102:Middlewares/LVGL/lvgl/src/core/lv_obj_style_gen.h ****  * Its meaning depends on the type of Widget. For example in case of lv_scale it means
 103:Middlewares/LVGL/lvgl/src/core/lv_obj_style_gen.h ****  * the length of the ticks.
 104:Middlewares/LVGL/lvgl/src/core/lv_obj_style_gen.h ****  * Default: 0, inherited: No, layout: No, ext. draw: Yes.
 105:Middlewares/LVGL/lvgl/src/core/lv_obj_style_gen.h ****  * @param  obj    Pointer to Widget
 106:Middlewares/LVGL/lvgl/src/core/lv_obj_style_gen.h ****  * @param  part   One of the `LV_PART_...` enum values
 107:Middlewares/LVGL/lvgl/src/core/lv_obj_style_gen.h ****  */
 108:Middlewares/LVGL/lvgl/src/core/lv_obj_style_gen.h **** static inline int32_t lv_obj_get_style_length(const lv_obj_t * obj, lv_part_t part)
 109:Middlewares/LVGL/lvgl/src/core/lv_obj_style_gen.h **** {
ARM GAS  C:\Users\w1785\AppData\Local\Temp\ccv6fGyr.s 			page 84


 110:Middlewares/LVGL/lvgl/src/core/lv_obj_style_gen.h ****     lv_style_value_t v = lv_obj_get_style_prop(obj, part, LV_STYLE_LENGTH);
 111:Middlewares/LVGL/lvgl/src/core/lv_obj_style_gen.h ****     return (int32_t)v.num;
 112:Middlewares/LVGL/lvgl/src/core/lv_obj_style_gen.h **** }
 113:Middlewares/LVGL/lvgl/src/core/lv_obj_style_gen.h **** 
 114:Middlewares/LVGL/lvgl/src/core/lv_obj_style_gen.h **** /**
 115:Middlewares/LVGL/lvgl/src/core/lv_obj_style_gen.h ****  * Get X coordinate of Widget considering the ``align`` setting. Pixel and percentage
 116:Middlewares/LVGL/lvgl/src/core/lv_obj_style_gen.h ****  * values can be used. Percentage values are relative to the width of the parent's
 117:Middlewares/LVGL/lvgl/src/core/lv_obj_style_gen.h ****  * content area.
 118:Middlewares/LVGL/lvgl/src/core/lv_obj_style_gen.h ****  * Default: 0, inherited: No, layout: Yes, ext. draw: No.
 119:Middlewares/LVGL/lvgl/src/core/lv_obj_style_gen.h ****  * @param  obj    Pointer to Widget
 120:Middlewares/LVGL/lvgl/src/core/lv_obj_style_gen.h ****  * @param  part   One of the `LV_PART_...` enum values
 121:Middlewares/LVGL/lvgl/src/core/lv_obj_style_gen.h ****  */
 122:Middlewares/LVGL/lvgl/src/core/lv_obj_style_gen.h **** static inline int32_t lv_obj_get_style_x(const lv_obj_t * obj, lv_part_t part)
 123:Middlewares/LVGL/lvgl/src/core/lv_obj_style_gen.h **** {
 124:Middlewares/LVGL/lvgl/src/core/lv_obj_style_gen.h ****     lv_style_value_t v = lv_obj_get_style_prop(obj, part, LV_STYLE_X);
 125:Middlewares/LVGL/lvgl/src/core/lv_obj_style_gen.h ****     return (int32_t)v.num;
 126:Middlewares/LVGL/lvgl/src/core/lv_obj_style_gen.h **** }
 127:Middlewares/LVGL/lvgl/src/core/lv_obj_style_gen.h **** 
 128:Middlewares/LVGL/lvgl/src/core/lv_obj_style_gen.h **** /**
 129:Middlewares/LVGL/lvgl/src/core/lv_obj_style_gen.h ****  * Get Y coordinate of Widget considering the ``align`` setting. Pixel and percentage
 130:Middlewares/LVGL/lvgl/src/core/lv_obj_style_gen.h ****  * values can be used. Percentage values are relative to the height of the parent's
 131:Middlewares/LVGL/lvgl/src/core/lv_obj_style_gen.h ****  * content area.
 132:Middlewares/LVGL/lvgl/src/core/lv_obj_style_gen.h ****  * Default: 0, inherited: No, layout: Yes, ext. draw: No.
 133:Middlewares/LVGL/lvgl/src/core/lv_obj_style_gen.h ****  * @param  obj    Pointer to Widget
 134:Middlewares/LVGL/lvgl/src/core/lv_obj_style_gen.h ****  * @param  part   One of the `LV_PART_...` enum values
 135:Middlewares/LVGL/lvgl/src/core/lv_obj_style_gen.h ****  */
 136:Middlewares/LVGL/lvgl/src/core/lv_obj_style_gen.h **** static inline int32_t lv_obj_get_style_y(const lv_obj_t * obj, lv_part_t part)
 137:Middlewares/LVGL/lvgl/src/core/lv_obj_style_gen.h **** {
 138:Middlewares/LVGL/lvgl/src/core/lv_obj_style_gen.h ****     lv_style_value_t v = lv_obj_get_style_prop(obj, part, LV_STYLE_Y);
 139:Middlewares/LVGL/lvgl/src/core/lv_obj_style_gen.h ****     return (int32_t)v.num;
 140:Middlewares/LVGL/lvgl/src/core/lv_obj_style_gen.h **** }
 141:Middlewares/LVGL/lvgl/src/core/lv_obj_style_gen.h **** 
 142:Middlewares/LVGL/lvgl/src/core/lv_obj_style_gen.h **** /**
 143:Middlewares/LVGL/lvgl/src/core/lv_obj_style_gen.h ****  * Get the alignment which tells from which point of the parent the X and Y
 144:Middlewares/LVGL/lvgl/src/core/lv_obj_style_gen.h ****  * coordinates should be interpreted. Possible values are: `LV_ALIGN_DEFAULT`,
 145:Middlewares/LVGL/lvgl/src/core/lv_obj_style_gen.h ****  * `LV_ALIGN_TOP_LEFT/MID/RIGHT`, `LV_ALIGN_BOTTOM_LEFT/MID/RIGHT`,
 146:Middlewares/LVGL/lvgl/src/core/lv_obj_style_gen.h ****  * `LV_ALIGN_LEFT/RIGHT_MID`, `LV_ALIGN_CENTER`. `LV_ALIGN_DEFAULT` means
 147:Middlewares/LVGL/lvgl/src/core/lv_obj_style_gen.h ****  * `LV_ALIGN_TOP_LEFT` with LTR base direction and `LV_ALIGN_TOP_RIGHT` with RTL base
 148:Middlewares/LVGL/lvgl/src/core/lv_obj_style_gen.h ****  * direction.
 149:Middlewares/LVGL/lvgl/src/core/lv_obj_style_gen.h ****  * Default: `LV_ALIGN_DEFAULT`, inherited: No, layout: Yes, ext. draw: No.
 150:Middlewares/LVGL/lvgl/src/core/lv_obj_style_gen.h ****  * @param  obj    Pointer to Widget
 151:Middlewares/LVGL/lvgl/src/core/lv_obj_style_gen.h ****  * @param  part   One of the `LV_PART_...` enum values
 152:Middlewares/LVGL/lvgl/src/core/lv_obj_style_gen.h ****  */
 153:Middlewares/LVGL/lvgl/src/core/lv_obj_style_gen.h **** static inline lv_align_t lv_obj_get_style_align(const lv_obj_t * obj, lv_part_t part)
 154:Middlewares/LVGL/lvgl/src/core/lv_obj_style_gen.h **** {
 155:Middlewares/LVGL/lvgl/src/core/lv_obj_style_gen.h ****     lv_style_value_t v = lv_obj_get_style_prop(obj, part, LV_STYLE_ALIGN);
 156:Middlewares/LVGL/lvgl/src/core/lv_obj_style_gen.h ****     return (lv_align_t)v.num;
 157:Middlewares/LVGL/lvgl/src/core/lv_obj_style_gen.h **** }
 158:Middlewares/LVGL/lvgl/src/core/lv_obj_style_gen.h **** 
 159:Middlewares/LVGL/lvgl/src/core/lv_obj_style_gen.h **** /**
 160:Middlewares/LVGL/lvgl/src/core/lv_obj_style_gen.h ****  * Make Widget wider on both sides with this value. Pixel and percentage (with
 161:Middlewares/LVGL/lvgl/src/core/lv_obj_style_gen.h ****  * `lv_pct(x)`) values can be used. Percentage values are relative to Widget's width.
 162:Middlewares/LVGL/lvgl/src/core/lv_obj_style_gen.h ****  * Default: 0, inherited: No, layout: No, ext. draw: Yes.
 163:Middlewares/LVGL/lvgl/src/core/lv_obj_style_gen.h ****  * @param  obj    Pointer to Widget
 164:Middlewares/LVGL/lvgl/src/core/lv_obj_style_gen.h ****  * @param  part   One of the `LV_PART_...` enum values
 165:Middlewares/LVGL/lvgl/src/core/lv_obj_style_gen.h ****  */
 166:Middlewares/LVGL/lvgl/src/core/lv_obj_style_gen.h **** static inline int32_t lv_obj_get_style_transform_width(const lv_obj_t * obj, lv_part_t part)
ARM GAS  C:\Users\w1785\AppData\Local\Temp\ccv6fGyr.s 			page 85


 167:Middlewares/LVGL/lvgl/src/core/lv_obj_style_gen.h **** {
 168:Middlewares/LVGL/lvgl/src/core/lv_obj_style_gen.h ****     lv_style_value_t v = lv_obj_get_style_prop(obj, part, LV_STYLE_TRANSFORM_WIDTH);
 169:Middlewares/LVGL/lvgl/src/core/lv_obj_style_gen.h ****     return (int32_t)v.num;
 170:Middlewares/LVGL/lvgl/src/core/lv_obj_style_gen.h **** }
 171:Middlewares/LVGL/lvgl/src/core/lv_obj_style_gen.h **** 
 172:Middlewares/LVGL/lvgl/src/core/lv_obj_style_gen.h **** /**
 173:Middlewares/LVGL/lvgl/src/core/lv_obj_style_gen.h ****  * Make Widget higher on both sides with this value. Pixel and percentage (with
 174:Middlewares/LVGL/lvgl/src/core/lv_obj_style_gen.h ****  * `lv_pct(x)`) values can be used. Percentage values are relative to Widget's height.
 175:Middlewares/LVGL/lvgl/src/core/lv_obj_style_gen.h ****  * Default: 0, inherited: No, layout: No, ext. draw: Yes.
 176:Middlewares/LVGL/lvgl/src/core/lv_obj_style_gen.h ****  * @param  obj    Pointer to Widget
 177:Middlewares/LVGL/lvgl/src/core/lv_obj_style_gen.h ****  * @param  part   One of the `LV_PART_...` enum values
 178:Middlewares/LVGL/lvgl/src/core/lv_obj_style_gen.h ****  */
 179:Middlewares/LVGL/lvgl/src/core/lv_obj_style_gen.h **** static inline int32_t lv_obj_get_style_transform_height(const lv_obj_t * obj, lv_part_t part)
 180:Middlewares/LVGL/lvgl/src/core/lv_obj_style_gen.h **** {
 181:Middlewares/LVGL/lvgl/src/core/lv_obj_style_gen.h ****     lv_style_value_t v = lv_obj_get_style_prop(obj, part, LV_STYLE_TRANSFORM_HEIGHT);
 182:Middlewares/LVGL/lvgl/src/core/lv_obj_style_gen.h ****     return (int32_t)v.num;
 183:Middlewares/LVGL/lvgl/src/core/lv_obj_style_gen.h **** }
 184:Middlewares/LVGL/lvgl/src/core/lv_obj_style_gen.h **** 
 185:Middlewares/LVGL/lvgl/src/core/lv_obj_style_gen.h **** /**
 186:Middlewares/LVGL/lvgl/src/core/lv_obj_style_gen.h ****  * Move Widget with this value in X direction. Applied after layouts, aligns and other
 187:Middlewares/LVGL/lvgl/src/core/lv_obj_style_gen.h ****  * positioning. Pixel and percentage (with `lv_pct(x)`) values can be used. Percentage
 188:Middlewares/LVGL/lvgl/src/core/lv_obj_style_gen.h ****  * values are relative to Widget's width.
 189:Middlewares/LVGL/lvgl/src/core/lv_obj_style_gen.h ****  * Default: 0, inherited: No, layout: Yes, ext. draw: No.
 190:Middlewares/LVGL/lvgl/src/core/lv_obj_style_gen.h ****  * @param  obj    Pointer to Widget
 191:Middlewares/LVGL/lvgl/src/core/lv_obj_style_gen.h ****  * @param  part   One of the `LV_PART_...` enum values
 192:Middlewares/LVGL/lvgl/src/core/lv_obj_style_gen.h ****  */
 193:Middlewares/LVGL/lvgl/src/core/lv_obj_style_gen.h **** static inline int32_t lv_obj_get_style_translate_x(const lv_obj_t * obj, lv_part_t part)
 194:Middlewares/LVGL/lvgl/src/core/lv_obj_style_gen.h **** {
 195:Middlewares/LVGL/lvgl/src/core/lv_obj_style_gen.h ****     lv_style_value_t v = lv_obj_get_style_prop(obj, part, LV_STYLE_TRANSLATE_X);
 196:Middlewares/LVGL/lvgl/src/core/lv_obj_style_gen.h ****     return (int32_t)v.num;
 197:Middlewares/LVGL/lvgl/src/core/lv_obj_style_gen.h **** }
 198:Middlewares/LVGL/lvgl/src/core/lv_obj_style_gen.h **** 
 199:Middlewares/LVGL/lvgl/src/core/lv_obj_style_gen.h **** /**
 200:Middlewares/LVGL/lvgl/src/core/lv_obj_style_gen.h ****  * Move Widget with this value in Y direction. Applied after layouts, aligns and other
 201:Middlewares/LVGL/lvgl/src/core/lv_obj_style_gen.h ****  * positioning. Pixel and percentage (with `lv_pct(x)`) values can be used. Percentage
 202:Middlewares/LVGL/lvgl/src/core/lv_obj_style_gen.h ****  * values are relative to Widget's height.
 203:Middlewares/LVGL/lvgl/src/core/lv_obj_style_gen.h ****  * Default: 0, inherited: No, layout: Yes, ext. draw: No.
 204:Middlewares/LVGL/lvgl/src/core/lv_obj_style_gen.h ****  * @param  obj    Pointer to Widget
 205:Middlewares/LVGL/lvgl/src/core/lv_obj_style_gen.h ****  * @param  part   One of the `LV_PART_...` enum values
 206:Middlewares/LVGL/lvgl/src/core/lv_obj_style_gen.h ****  */
 207:Middlewares/LVGL/lvgl/src/core/lv_obj_style_gen.h **** static inline int32_t lv_obj_get_style_translate_y(const lv_obj_t * obj, lv_part_t part)
 208:Middlewares/LVGL/lvgl/src/core/lv_obj_style_gen.h **** {
 209:Middlewares/LVGL/lvgl/src/core/lv_obj_style_gen.h ****     lv_style_value_t v = lv_obj_get_style_prop(obj, part, LV_STYLE_TRANSLATE_Y);
 210:Middlewares/LVGL/lvgl/src/core/lv_obj_style_gen.h ****     return (int32_t)v.num;
 211:Middlewares/LVGL/lvgl/src/core/lv_obj_style_gen.h **** }
 212:Middlewares/LVGL/lvgl/src/core/lv_obj_style_gen.h **** 
 213:Middlewares/LVGL/lvgl/src/core/lv_obj_style_gen.h **** /**
 214:Middlewares/LVGL/lvgl/src/core/lv_obj_style_gen.h ****  * Move object around the centre of the parent object (e.g. around the circumference
 215:Middlewares/LVGL/lvgl/src/core/lv_obj_style_gen.h ****  * of a scale).
 216:Middlewares/LVGL/lvgl/src/core/lv_obj_style_gen.h ****  * Default: 0, inherited: No, layout: Yes, ext. draw: No.
 217:Middlewares/LVGL/lvgl/src/core/lv_obj_style_gen.h ****  * @param  obj    Pointer to Widget
 218:Middlewares/LVGL/lvgl/src/core/lv_obj_style_gen.h ****  * @param  part   One of the `LV_PART_...` enum values
 219:Middlewares/LVGL/lvgl/src/core/lv_obj_style_gen.h ****  */
 220:Middlewares/LVGL/lvgl/src/core/lv_obj_style_gen.h **** static inline int32_t lv_obj_get_style_translate_radial(const lv_obj_t * obj, lv_part_t part)
 221:Middlewares/LVGL/lvgl/src/core/lv_obj_style_gen.h **** {
 222:Middlewares/LVGL/lvgl/src/core/lv_obj_style_gen.h ****     lv_style_value_t v = lv_obj_get_style_prop(obj, part, LV_STYLE_TRANSLATE_RADIAL);
 223:Middlewares/LVGL/lvgl/src/core/lv_obj_style_gen.h ****     return (int32_t)v.num;
ARM GAS  C:\Users\w1785\AppData\Local\Temp\ccv6fGyr.s 			page 86


 224:Middlewares/LVGL/lvgl/src/core/lv_obj_style_gen.h **** }
 225:Middlewares/LVGL/lvgl/src/core/lv_obj_style_gen.h **** 
 226:Middlewares/LVGL/lvgl/src/core/lv_obj_style_gen.h **** /**
 227:Middlewares/LVGL/lvgl/src/core/lv_obj_style_gen.h ****  * Zoom Widget horizontally. The value 256 (or `LV_SCALE_NONE`) means normal size, 128
 228:Middlewares/LVGL/lvgl/src/core/lv_obj_style_gen.h ****  * half size, 512 double size, and so on.
 229:Middlewares/LVGL/lvgl/src/core/lv_obj_style_gen.h ****  * Default: 0, inherited: No, layout: Yes, ext. draw: Yes.
 230:Middlewares/LVGL/lvgl/src/core/lv_obj_style_gen.h ****  * @param  obj    Pointer to Widget
 231:Middlewares/LVGL/lvgl/src/core/lv_obj_style_gen.h ****  * @param  part   One of the `LV_PART_...` enum values
 232:Middlewares/LVGL/lvgl/src/core/lv_obj_style_gen.h ****  */
 233:Middlewares/LVGL/lvgl/src/core/lv_obj_style_gen.h **** static inline int32_t lv_obj_get_style_transform_scale_x(const lv_obj_t * obj, lv_part_t part)
 234:Middlewares/LVGL/lvgl/src/core/lv_obj_style_gen.h **** {
 235:Middlewares/LVGL/lvgl/src/core/lv_obj_style_gen.h ****     lv_style_value_t v = lv_obj_get_style_prop(obj, part, LV_STYLE_TRANSFORM_SCALE_X);
 236:Middlewares/LVGL/lvgl/src/core/lv_obj_style_gen.h ****     return (int32_t)v.num;
 237:Middlewares/LVGL/lvgl/src/core/lv_obj_style_gen.h **** }
 238:Middlewares/LVGL/lvgl/src/core/lv_obj_style_gen.h **** 
 239:Middlewares/LVGL/lvgl/src/core/lv_obj_style_gen.h **** /**
 240:Middlewares/LVGL/lvgl/src/core/lv_obj_style_gen.h ****  * Zoom Widget vertically. The value 256 (or `LV_SCALE_NONE`) means normal size, 128
 241:Middlewares/LVGL/lvgl/src/core/lv_obj_style_gen.h ****  * half size, 512 double size, and so on.
 242:Middlewares/LVGL/lvgl/src/core/lv_obj_style_gen.h ****  * Default: 0, inherited: No, layout: Yes, ext. draw: Yes.
 243:Middlewares/LVGL/lvgl/src/core/lv_obj_style_gen.h ****  * @param  obj    Pointer to Widget
 244:Middlewares/LVGL/lvgl/src/core/lv_obj_style_gen.h ****  * @param  part   One of the `LV_PART_...` enum values
 245:Middlewares/LVGL/lvgl/src/core/lv_obj_style_gen.h ****  */
 246:Middlewares/LVGL/lvgl/src/core/lv_obj_style_gen.h **** static inline int32_t lv_obj_get_style_transform_scale_y(const lv_obj_t * obj, lv_part_t part)
 247:Middlewares/LVGL/lvgl/src/core/lv_obj_style_gen.h **** {
 248:Middlewares/LVGL/lvgl/src/core/lv_obj_style_gen.h ****     lv_style_value_t v = lv_obj_get_style_prop(obj, part, LV_STYLE_TRANSFORM_SCALE_Y);
 249:Middlewares/LVGL/lvgl/src/core/lv_obj_style_gen.h ****     return (int32_t)v.num;
 250:Middlewares/LVGL/lvgl/src/core/lv_obj_style_gen.h **** }
 251:Middlewares/LVGL/lvgl/src/core/lv_obj_style_gen.h **** 
 252:Middlewares/LVGL/lvgl/src/core/lv_obj_style_gen.h **** /**
 253:Middlewares/LVGL/lvgl/src/core/lv_obj_style_gen.h ****  * Rotate Widget. The value is interpreted in 0.1 degree units. E.g. 450 means 45 deg.
 254:Middlewares/LVGL/lvgl/src/core/lv_obj_style_gen.h ****  * Default: 0, inherited: No, layout: Yes, ext. draw: Yes.
 255:Middlewares/LVGL/lvgl/src/core/lv_obj_style_gen.h ****  * @param  obj    Pointer to Widget
 256:Middlewares/LVGL/lvgl/src/core/lv_obj_style_gen.h ****  * @param  part   One of the `LV_PART_...` enum values
 257:Middlewares/LVGL/lvgl/src/core/lv_obj_style_gen.h ****  */
 258:Middlewares/LVGL/lvgl/src/core/lv_obj_style_gen.h **** static inline int32_t lv_obj_get_style_transform_rotation(const lv_obj_t * obj, lv_part_t part)
 1918              		.loc 5 258 23 view .LVU606
 1919              	.LBB175:
 259:Middlewares/LVGL/lvgl/src/core/lv_obj_style_gen.h **** {
 260:Middlewares/LVGL/lvgl/src/core/lv_obj_style_gen.h ****     lv_style_value_t v = lv_obj_get_style_prop(obj, part, LV_STYLE_TRANSFORM_ROTATION);
 1920              		.loc 5 260 5 view .LVU607
 1921              		.loc 5 260 26 is_stmt 0 view .LVU608
 1922 0006 9C22     		movs	r2, #156
 1923 0008 0021     		movs	r1, #0
 1924 000a FFF7FEFF 		bl	lv_obj_get_style_prop
 1925              	.LVL198:
 1926              		.loc 5 260 26 view .LVU609
 1927 000e 0190     		str	r0, [sp, #4]
 261:Middlewares/LVGL/lvgl/src/core/lv_obj_style_gen.h ****     return (int32_t)v.num;
 1928              		.loc 5 261 5 is_stmt 1 view .LVU610
 1929              	.LVL199:
 1930              		.loc 5 261 5 is_stmt 0 view .LVU611
 1931              	.LBE175:
 1932              	.LBE174:
1089:Middlewares/LVGL/lvgl/src/core/lv_obj_style.c ****     if(lv_obj_get_style_transform_scale_x(obj, LV_PART_MAIN) != 256) return LV_LAYER_TYPE_TRANSFORM
 1933              		.loc 1 1089 7 discriminator 1 view .LVU612
 1934 0010 0028     		cmp	r0, #0
 1935 0012 42D1     		bne	.L151
ARM GAS  C:\Users\w1785\AppData\Local\Temp\ccv6fGyr.s 			page 87


1090:Middlewares/LVGL/lvgl/src/core/lv_obj_style.c ****     if(lv_obj_get_style_transform_scale_y(obj, LV_PART_MAIN) != 256) return LV_LAYER_TYPE_TRANSFORM
 1936              		.loc 1 1090 5 is_stmt 1 view .LVU613
 1937              	.LVL200:
 1938              	.LBB176:
 1939              	.LBI176:
 233:Middlewares/LVGL/lvgl/src/core/lv_obj_style_gen.h **** {
 1940              		.loc 5 233 23 view .LVU614
 1941              	.LBB177:
 235:Middlewares/LVGL/lvgl/src/core/lv_obj_style_gen.h ****     return (int32_t)v.num;
 1942              		.loc 5 235 5 view .LVU615
 235:Middlewares/LVGL/lvgl/src/core/lv_obj_style_gen.h ****     return (int32_t)v.num;
 1943              		.loc 5 235 26 is_stmt 0 view .LVU616
 1944 0014 9822     		movs	r2, #152
 1945 0016 0021     		movs	r1, #0
 1946 0018 2046     		mov	r0, r4
 1947 001a FFF7FEFF 		bl	lv_obj_get_style_prop
 1948              	.LVL201:
 1949 001e 0190     		str	r0, [sp, #4]
 236:Middlewares/LVGL/lvgl/src/core/lv_obj_style_gen.h **** }
 1950              		.loc 5 236 5 is_stmt 1 view .LVU617
 1951              	.LVL202:
 236:Middlewares/LVGL/lvgl/src/core/lv_obj_style_gen.h **** }
 1952              		.loc 5 236 5 is_stmt 0 view .LVU618
 1953              	.LBE177:
 1954              	.LBE176:
1090:Middlewares/LVGL/lvgl/src/core/lv_obj_style.c ****     if(lv_obj_get_style_transform_scale_y(obj, LV_PART_MAIN) != 256) return LV_LAYER_TYPE_TRANSFORM
 1955              		.loc 1 1090 7 discriminator 1 view .LVU619
 1956 0020 B0F5807F 		cmp	r0, #256
 1957 0024 01D0     		beq	.L160
1090:Middlewares/LVGL/lvgl/src/core/lv_obj_style.c ****     if(lv_obj_get_style_transform_scale_y(obj, LV_PART_MAIN) != 256) return LV_LAYER_TYPE_TRANSFORM
 1958              		.loc 1 1090 77 discriminator 1 view .LVU620
 1959 0026 0220     		movs	r0, #2
 1960 0028 38E0     		b	.L150
 1961              	.L160:
1091:Middlewares/LVGL/lvgl/src/core/lv_obj_style.c ****     if(lv_obj_get_style_transform_skew_x(obj, LV_PART_MAIN) != 0) return LV_LAYER_TYPE_TRANSFORM;
 1962              		.loc 1 1091 5 is_stmt 1 view .LVU621
 1963              	.LVL203:
 1964              	.LBB178:
 1965              	.LBI178:
 246:Middlewares/LVGL/lvgl/src/core/lv_obj_style_gen.h **** {
 1966              		.loc 5 246 23 view .LVU622
 1967              	.LBB179:
 248:Middlewares/LVGL/lvgl/src/core/lv_obj_style_gen.h ****     return (int32_t)v.num;
 1968              		.loc 5 248 5 view .LVU623
 248:Middlewares/LVGL/lvgl/src/core/lv_obj_style_gen.h ****     return (int32_t)v.num;
 1969              		.loc 5 248 26 is_stmt 0 view .LVU624
 1970 002a 9922     		movs	r2, #153
 1971 002c 0021     		movs	r1, #0
 1972 002e 2046     		mov	r0, r4
 1973 0030 FFF7FEFF 		bl	lv_obj_get_style_prop
 1974              	.LVL204:
 1975 0034 0190     		str	r0, [sp, #4]
 249:Middlewares/LVGL/lvgl/src/core/lv_obj_style_gen.h **** }
 1976              		.loc 5 249 5 is_stmt 1 view .LVU625
 1977              	.LVL205:
 249:Middlewares/LVGL/lvgl/src/core/lv_obj_style_gen.h **** }
 1978              		.loc 5 249 5 is_stmt 0 view .LVU626
ARM GAS  C:\Users\w1785\AppData\Local\Temp\ccv6fGyr.s 			page 88


 1979              	.LBE179:
 1980              	.LBE178:
1091:Middlewares/LVGL/lvgl/src/core/lv_obj_style.c ****     if(lv_obj_get_style_transform_skew_x(obj, LV_PART_MAIN) != 0) return LV_LAYER_TYPE_TRANSFORM;
 1981              		.loc 1 1091 7 discriminator 1 view .LVU627
 1982 0036 B0F5807F 		cmp	r0, #256
 1983 003a 01D0     		beq	.L161
1091:Middlewares/LVGL/lvgl/src/core/lv_obj_style.c ****     if(lv_obj_get_style_transform_skew_x(obj, LV_PART_MAIN) != 0) return LV_LAYER_TYPE_TRANSFORM;
 1984              		.loc 1 1091 77 discriminator 1 view .LVU628
 1985 003c 0220     		movs	r0, #2
 1986 003e 2DE0     		b	.L150
 1987              	.L161:
1092:Middlewares/LVGL/lvgl/src/core/lv_obj_style.c ****     if(lv_obj_get_style_transform_skew_y(obj, LV_PART_MAIN) != 0) return LV_LAYER_TYPE_TRANSFORM;
 1988              		.loc 1 1092 5 is_stmt 1 view .LVU629
 1989              	.LVL206:
 1990              	.LBB180:
 1991              	.LBI180:
 262:Middlewares/LVGL/lvgl/src/core/lv_obj_style_gen.h **** }
 263:Middlewares/LVGL/lvgl/src/core/lv_obj_style_gen.h **** 
 264:Middlewares/LVGL/lvgl/src/core/lv_obj_style_gen.h **** /**
 265:Middlewares/LVGL/lvgl/src/core/lv_obj_style_gen.h ****  * Get pivot point's X coordinate for transformations. Relative to Widget's top left corner.
 266:Middlewares/LVGL/lvgl/src/core/lv_obj_style_gen.h ****  * Default: 0, inherited: No, layout: No, ext. draw: No.
 267:Middlewares/LVGL/lvgl/src/core/lv_obj_style_gen.h ****  * @param  obj    Pointer to Widget
 268:Middlewares/LVGL/lvgl/src/core/lv_obj_style_gen.h ****  * @param  part   One of the `LV_PART_...` enum values
 269:Middlewares/LVGL/lvgl/src/core/lv_obj_style_gen.h ****  */
 270:Middlewares/LVGL/lvgl/src/core/lv_obj_style_gen.h **** static inline int32_t lv_obj_get_style_transform_pivot_x(const lv_obj_t * obj, lv_part_t part)
 271:Middlewares/LVGL/lvgl/src/core/lv_obj_style_gen.h **** {
 272:Middlewares/LVGL/lvgl/src/core/lv_obj_style_gen.h ****     lv_style_value_t v = lv_obj_get_style_prop(obj, part, LV_STYLE_TRANSFORM_PIVOT_X);
 273:Middlewares/LVGL/lvgl/src/core/lv_obj_style_gen.h ****     return (int32_t)v.num;
 274:Middlewares/LVGL/lvgl/src/core/lv_obj_style_gen.h **** }
 275:Middlewares/LVGL/lvgl/src/core/lv_obj_style_gen.h **** 
 276:Middlewares/LVGL/lvgl/src/core/lv_obj_style_gen.h **** /**
 277:Middlewares/LVGL/lvgl/src/core/lv_obj_style_gen.h ****  * Get pivot point's Y coordinate for transformations. Relative to Widget's top left corner.
 278:Middlewares/LVGL/lvgl/src/core/lv_obj_style_gen.h ****  * Default: 0, inherited: No, layout: No, ext. draw: No.
 279:Middlewares/LVGL/lvgl/src/core/lv_obj_style_gen.h ****  * @param  obj    Pointer to Widget
 280:Middlewares/LVGL/lvgl/src/core/lv_obj_style_gen.h ****  * @param  part   One of the `LV_PART_...` enum values
 281:Middlewares/LVGL/lvgl/src/core/lv_obj_style_gen.h ****  */
 282:Middlewares/LVGL/lvgl/src/core/lv_obj_style_gen.h **** static inline int32_t lv_obj_get_style_transform_pivot_y(const lv_obj_t * obj, lv_part_t part)
 283:Middlewares/LVGL/lvgl/src/core/lv_obj_style_gen.h **** {
 284:Middlewares/LVGL/lvgl/src/core/lv_obj_style_gen.h ****     lv_style_value_t v = lv_obj_get_style_prop(obj, part, LV_STYLE_TRANSFORM_PIVOT_Y);
 285:Middlewares/LVGL/lvgl/src/core/lv_obj_style_gen.h ****     return (int32_t)v.num;
 286:Middlewares/LVGL/lvgl/src/core/lv_obj_style_gen.h **** }
 287:Middlewares/LVGL/lvgl/src/core/lv_obj_style_gen.h **** 
 288:Middlewares/LVGL/lvgl/src/core/lv_obj_style_gen.h **** /**
 289:Middlewares/LVGL/lvgl/src/core/lv_obj_style_gen.h ****  * Skew Widget horizontally. The value is interpreted in 0.1 degree units. E.g. 450
 290:Middlewares/LVGL/lvgl/src/core/lv_obj_style_gen.h ****  * means 45 deg.
 291:Middlewares/LVGL/lvgl/src/core/lv_obj_style_gen.h ****  * Default: 0, inherited: No, layout: Yes, ext. draw: Yes.
 292:Middlewares/LVGL/lvgl/src/core/lv_obj_style_gen.h ****  * @param  obj    Pointer to Widget
 293:Middlewares/LVGL/lvgl/src/core/lv_obj_style_gen.h ****  * @param  part   One of the `LV_PART_...` enum values
 294:Middlewares/LVGL/lvgl/src/core/lv_obj_style_gen.h ****  */
 295:Middlewares/LVGL/lvgl/src/core/lv_obj_style_gen.h **** static inline int32_t lv_obj_get_style_transform_skew_x(const lv_obj_t * obj, lv_part_t part)
 1992              		.loc 5 295 23 view .LVU630
 1993              	.LBB181:
 296:Middlewares/LVGL/lvgl/src/core/lv_obj_style_gen.h **** {
 297:Middlewares/LVGL/lvgl/src/core/lv_obj_style_gen.h ****     lv_style_value_t v = lv_obj_get_style_prop(obj, part, LV_STYLE_TRANSFORM_SKEW_X);
 1994              		.loc 5 297 5 view .LVU631
 1995              		.loc 5 297 26 is_stmt 0 view .LVU632
 1996 0040 9D22     		movs	r2, #157
ARM GAS  C:\Users\w1785\AppData\Local\Temp\ccv6fGyr.s 			page 89


 1997 0042 0021     		movs	r1, #0
 1998 0044 2046     		mov	r0, r4
 1999 0046 FFF7FEFF 		bl	lv_obj_get_style_prop
 2000              	.LVL207:
 2001 004a 0190     		str	r0, [sp, #4]
 298:Middlewares/LVGL/lvgl/src/core/lv_obj_style_gen.h ****     return (int32_t)v.num;
 2002              		.loc 5 298 5 is_stmt 1 view .LVU633
 2003              	.LVL208:
 2004              		.loc 5 298 5 is_stmt 0 view .LVU634
 2005              	.LBE181:
 2006              	.LBE180:
1092:Middlewares/LVGL/lvgl/src/core/lv_obj_style.c ****     if(lv_obj_get_style_transform_skew_y(obj, LV_PART_MAIN) != 0) return LV_LAYER_TYPE_TRANSFORM;
 2007              		.loc 1 1092 7 discriminator 1 view .LVU635
 2008 004c 40BB     		cbnz	r0, .L154
1093:Middlewares/LVGL/lvgl/src/core/lv_obj_style.c ****     if(lv_obj_get_style_opa_layered(obj, LV_PART_MAIN) != LV_OPA_COVER) return LV_LAYER_TYPE_SIMPLE
 2009              		.loc 1 1093 5 is_stmt 1 view .LVU636
 2010              	.LVL209:
 2011              	.LBB182:
 2012              	.LBI182:
 299:Middlewares/LVGL/lvgl/src/core/lv_obj_style_gen.h **** }
 300:Middlewares/LVGL/lvgl/src/core/lv_obj_style_gen.h **** 
 301:Middlewares/LVGL/lvgl/src/core/lv_obj_style_gen.h **** /**
 302:Middlewares/LVGL/lvgl/src/core/lv_obj_style_gen.h ****  * Skew Widget vertically. The value is interpreted in 0.1 degree units. E.g. 450
 303:Middlewares/LVGL/lvgl/src/core/lv_obj_style_gen.h ****  * means 45 deg.
 304:Middlewares/LVGL/lvgl/src/core/lv_obj_style_gen.h ****  * Default: 0, inherited: No, layout: Yes, ext. draw: Yes.
 305:Middlewares/LVGL/lvgl/src/core/lv_obj_style_gen.h ****  * @param  obj    Pointer to Widget
 306:Middlewares/LVGL/lvgl/src/core/lv_obj_style_gen.h ****  * @param  part   One of the `LV_PART_...` enum values
 307:Middlewares/LVGL/lvgl/src/core/lv_obj_style_gen.h ****  */
 308:Middlewares/LVGL/lvgl/src/core/lv_obj_style_gen.h **** static inline int32_t lv_obj_get_style_transform_skew_y(const lv_obj_t * obj, lv_part_t part)
 2013              		.loc 5 308 23 view .LVU637
 2014              	.LBB183:
 309:Middlewares/LVGL/lvgl/src/core/lv_obj_style_gen.h **** {
 310:Middlewares/LVGL/lvgl/src/core/lv_obj_style_gen.h ****     lv_style_value_t v = lv_obj_get_style_prop(obj, part, LV_STYLE_TRANSFORM_SKEW_Y);
 2015              		.loc 5 310 5 view .LVU638
 2016              		.loc 5 310 26 is_stmt 0 view .LVU639
 2017 004e 9E22     		movs	r2, #158
 2018 0050 0021     		movs	r1, #0
 2019 0052 2046     		mov	r0, r4
 2020 0054 FFF7FEFF 		bl	lv_obj_get_style_prop
 2021              	.LVL210:
 2022 0058 0190     		str	r0, [sp, #4]
 311:Middlewares/LVGL/lvgl/src/core/lv_obj_style_gen.h ****     return (int32_t)v.num;
 2023              		.loc 5 311 5 is_stmt 1 view .LVU640
 2024              	.LVL211:
 2025              		.loc 5 311 5 is_stmt 0 view .LVU641
 2026              	.LBE183:
 2027              	.LBE182:
1093:Middlewares/LVGL/lvgl/src/core/lv_obj_style.c ****     if(lv_obj_get_style_opa_layered(obj, LV_PART_MAIN) != LV_OPA_COVER) return LV_LAYER_TYPE_SIMPLE
 2028              		.loc 1 1093 7 discriminator 1 view .LVU642
 2029 005a 18BB     		cbnz	r0, .L155
1094:Middlewares/LVGL/lvgl/src/core/lv_obj_style.c ****     if(lv_obj_get_style_bitmap_mask_src(obj, LV_PART_MAIN) != NULL) return LV_LAYER_TYPE_SIMPLE;
 2030              		.loc 1 1094 5 is_stmt 1 view .LVU643
 2031              	.LVL212:
 2032              	.LBB184:
 2033              	.LBI184:
 312:Middlewares/LVGL/lvgl/src/core/lv_obj_style_gen.h **** }
 313:Middlewares/LVGL/lvgl/src/core/lv_obj_style_gen.h **** 
ARM GAS  C:\Users\w1785\AppData\Local\Temp\ccv6fGyr.s 			page 90


 314:Middlewares/LVGL/lvgl/src/core/lv_obj_style_gen.h **** /**
 315:Middlewares/LVGL/lvgl/src/core/lv_obj_style_gen.h ****  * Gets the padding on the top. It makes the content area smaller in this direction.
 316:Middlewares/LVGL/lvgl/src/core/lv_obj_style_gen.h ****  * Default: 0, inherited: No, layout: Yes, ext. draw: No.
 317:Middlewares/LVGL/lvgl/src/core/lv_obj_style_gen.h ****  * @param  obj    Pointer to Widget
 318:Middlewares/LVGL/lvgl/src/core/lv_obj_style_gen.h ****  * @param  part   One of the `LV_PART_...` enum values
 319:Middlewares/LVGL/lvgl/src/core/lv_obj_style_gen.h ****  */
 320:Middlewares/LVGL/lvgl/src/core/lv_obj_style_gen.h **** static inline int32_t lv_obj_get_style_pad_top(const lv_obj_t * obj, lv_part_t part)
 321:Middlewares/LVGL/lvgl/src/core/lv_obj_style_gen.h **** {
 322:Middlewares/LVGL/lvgl/src/core/lv_obj_style_gen.h ****     lv_style_value_t v = lv_obj_get_style_prop(obj, part, LV_STYLE_PAD_TOP);
 323:Middlewares/LVGL/lvgl/src/core/lv_obj_style_gen.h ****     return (int32_t)v.num;
 324:Middlewares/LVGL/lvgl/src/core/lv_obj_style_gen.h **** }
 325:Middlewares/LVGL/lvgl/src/core/lv_obj_style_gen.h **** 
 326:Middlewares/LVGL/lvgl/src/core/lv_obj_style_gen.h **** /**
 327:Middlewares/LVGL/lvgl/src/core/lv_obj_style_gen.h ****  * Gets the padding on the bottom. It makes the content area smaller in this direction.
 328:Middlewares/LVGL/lvgl/src/core/lv_obj_style_gen.h ****  * Default: 0, inherited: No, layout: Yes, ext. draw: No.
 329:Middlewares/LVGL/lvgl/src/core/lv_obj_style_gen.h ****  * @param  obj    Pointer to Widget
 330:Middlewares/LVGL/lvgl/src/core/lv_obj_style_gen.h ****  * @param  part   One of the `LV_PART_...` enum values
 331:Middlewares/LVGL/lvgl/src/core/lv_obj_style_gen.h ****  */
 332:Middlewares/LVGL/lvgl/src/core/lv_obj_style_gen.h **** static inline int32_t lv_obj_get_style_pad_bottom(const lv_obj_t * obj, lv_part_t part)
 333:Middlewares/LVGL/lvgl/src/core/lv_obj_style_gen.h **** {
 334:Middlewares/LVGL/lvgl/src/core/lv_obj_style_gen.h ****     lv_style_value_t v = lv_obj_get_style_prop(obj, part, LV_STYLE_PAD_BOTTOM);
 335:Middlewares/LVGL/lvgl/src/core/lv_obj_style_gen.h ****     return (int32_t)v.num;
 336:Middlewares/LVGL/lvgl/src/core/lv_obj_style_gen.h **** }
 337:Middlewares/LVGL/lvgl/src/core/lv_obj_style_gen.h **** 
 338:Middlewares/LVGL/lvgl/src/core/lv_obj_style_gen.h **** /**
 339:Middlewares/LVGL/lvgl/src/core/lv_obj_style_gen.h ****  * Gets the padding on the left. It makes the content area smaller in this direction.
 340:Middlewares/LVGL/lvgl/src/core/lv_obj_style_gen.h ****  * Default: 0, inherited: No, layout: Yes, ext. draw: No.
 341:Middlewares/LVGL/lvgl/src/core/lv_obj_style_gen.h ****  * @param  obj    Pointer to Widget
 342:Middlewares/LVGL/lvgl/src/core/lv_obj_style_gen.h ****  * @param  part   One of the `LV_PART_...` enum values
 343:Middlewares/LVGL/lvgl/src/core/lv_obj_style_gen.h ****  */
 344:Middlewares/LVGL/lvgl/src/core/lv_obj_style_gen.h **** static inline int32_t lv_obj_get_style_pad_left(const lv_obj_t * obj, lv_part_t part)
 345:Middlewares/LVGL/lvgl/src/core/lv_obj_style_gen.h **** {
 346:Middlewares/LVGL/lvgl/src/core/lv_obj_style_gen.h ****     lv_style_value_t v = lv_obj_get_style_prop(obj, part, LV_STYLE_PAD_LEFT);
 347:Middlewares/LVGL/lvgl/src/core/lv_obj_style_gen.h ****     return (int32_t)v.num;
 348:Middlewares/LVGL/lvgl/src/core/lv_obj_style_gen.h **** }
 349:Middlewares/LVGL/lvgl/src/core/lv_obj_style_gen.h **** 
 350:Middlewares/LVGL/lvgl/src/core/lv_obj_style_gen.h **** /**
 351:Middlewares/LVGL/lvgl/src/core/lv_obj_style_gen.h ****  * Gets the padding on the right. It makes the content area smaller in this direction.
 352:Middlewares/LVGL/lvgl/src/core/lv_obj_style_gen.h ****  * Default: 0, inherited: No, layout: Yes, ext. draw: No.
 353:Middlewares/LVGL/lvgl/src/core/lv_obj_style_gen.h ****  * @param  obj    Pointer to Widget
 354:Middlewares/LVGL/lvgl/src/core/lv_obj_style_gen.h ****  * @param  part   One of the `LV_PART_...` enum values
 355:Middlewares/LVGL/lvgl/src/core/lv_obj_style_gen.h ****  */
 356:Middlewares/LVGL/lvgl/src/core/lv_obj_style_gen.h **** static inline int32_t lv_obj_get_style_pad_right(const lv_obj_t * obj, lv_part_t part)
 357:Middlewares/LVGL/lvgl/src/core/lv_obj_style_gen.h **** {
 358:Middlewares/LVGL/lvgl/src/core/lv_obj_style_gen.h ****     lv_style_value_t v = lv_obj_get_style_prop(obj, part, LV_STYLE_PAD_RIGHT);
 359:Middlewares/LVGL/lvgl/src/core/lv_obj_style_gen.h ****     return (int32_t)v.num;
 360:Middlewares/LVGL/lvgl/src/core/lv_obj_style_gen.h **** }
 361:Middlewares/LVGL/lvgl/src/core/lv_obj_style_gen.h **** 
 362:Middlewares/LVGL/lvgl/src/core/lv_obj_style_gen.h **** /**
 363:Middlewares/LVGL/lvgl/src/core/lv_obj_style_gen.h ****  * Gets the padding between the rows. Used by the layouts.
 364:Middlewares/LVGL/lvgl/src/core/lv_obj_style_gen.h ****  * Default: 0, inherited: No, layout: Yes, ext. draw: No.
 365:Middlewares/LVGL/lvgl/src/core/lv_obj_style_gen.h ****  * @param  obj    Pointer to Widget
 366:Middlewares/LVGL/lvgl/src/core/lv_obj_style_gen.h ****  * @param  part   One of the `LV_PART_...` enum values
 367:Middlewares/LVGL/lvgl/src/core/lv_obj_style_gen.h ****  */
 368:Middlewares/LVGL/lvgl/src/core/lv_obj_style_gen.h **** static inline int32_t lv_obj_get_style_pad_row(const lv_obj_t * obj, lv_part_t part)
 369:Middlewares/LVGL/lvgl/src/core/lv_obj_style_gen.h **** {
 370:Middlewares/LVGL/lvgl/src/core/lv_obj_style_gen.h ****     lv_style_value_t v = lv_obj_get_style_prop(obj, part, LV_STYLE_PAD_ROW);
ARM GAS  C:\Users\w1785\AppData\Local\Temp\ccv6fGyr.s 			page 91


 371:Middlewares/LVGL/lvgl/src/core/lv_obj_style_gen.h ****     return (int32_t)v.num;
 372:Middlewares/LVGL/lvgl/src/core/lv_obj_style_gen.h **** }
 373:Middlewares/LVGL/lvgl/src/core/lv_obj_style_gen.h **** 
 374:Middlewares/LVGL/lvgl/src/core/lv_obj_style_gen.h **** /**
 375:Middlewares/LVGL/lvgl/src/core/lv_obj_style_gen.h ****  * Gets the padding between the columns. Used by the layouts.
 376:Middlewares/LVGL/lvgl/src/core/lv_obj_style_gen.h ****  * Default: 0, inherited: No, layout: Yes, ext. draw: No.
 377:Middlewares/LVGL/lvgl/src/core/lv_obj_style_gen.h ****  * @param  obj    Pointer to Widget
 378:Middlewares/LVGL/lvgl/src/core/lv_obj_style_gen.h ****  * @param  part   One of the `LV_PART_...` enum values
 379:Middlewares/LVGL/lvgl/src/core/lv_obj_style_gen.h ****  */
 380:Middlewares/LVGL/lvgl/src/core/lv_obj_style_gen.h **** static inline int32_t lv_obj_get_style_pad_column(const lv_obj_t * obj, lv_part_t part)
 381:Middlewares/LVGL/lvgl/src/core/lv_obj_style_gen.h **** {
 382:Middlewares/LVGL/lvgl/src/core/lv_obj_style_gen.h ****     lv_style_value_t v = lv_obj_get_style_prop(obj, part, LV_STYLE_PAD_COLUMN);
 383:Middlewares/LVGL/lvgl/src/core/lv_obj_style_gen.h ****     return (int32_t)v.num;
 384:Middlewares/LVGL/lvgl/src/core/lv_obj_style_gen.h **** }
 385:Middlewares/LVGL/lvgl/src/core/lv_obj_style_gen.h **** 
 386:Middlewares/LVGL/lvgl/src/core/lv_obj_style_gen.h **** /**
 387:Middlewares/LVGL/lvgl/src/core/lv_obj_style_gen.h ****  * Pad text labels away from the scale ticks/remainder of the ``LV_PART_``.
 388:Middlewares/LVGL/lvgl/src/core/lv_obj_style_gen.h ****  * Default: 0, inherited: No, layout: No, ext. draw: No.
 389:Middlewares/LVGL/lvgl/src/core/lv_obj_style_gen.h ****  * @param  obj    Pointer to Widget
 390:Middlewares/LVGL/lvgl/src/core/lv_obj_style_gen.h ****  * @param  part   One of the `LV_PART_...` enum values
 391:Middlewares/LVGL/lvgl/src/core/lv_obj_style_gen.h ****  */
 392:Middlewares/LVGL/lvgl/src/core/lv_obj_style_gen.h **** static inline int32_t lv_obj_get_style_pad_radial(const lv_obj_t * obj, lv_part_t part)
 393:Middlewares/LVGL/lvgl/src/core/lv_obj_style_gen.h **** {
 394:Middlewares/LVGL/lvgl/src/core/lv_obj_style_gen.h ****     lv_style_value_t v = lv_obj_get_style_prop(obj, part, LV_STYLE_PAD_RADIAL);
 395:Middlewares/LVGL/lvgl/src/core/lv_obj_style_gen.h ****     return (int32_t)v.num;
 396:Middlewares/LVGL/lvgl/src/core/lv_obj_style_gen.h **** }
 397:Middlewares/LVGL/lvgl/src/core/lv_obj_style_gen.h **** 
 398:Middlewares/LVGL/lvgl/src/core/lv_obj_style_gen.h **** /**
 399:Middlewares/LVGL/lvgl/src/core/lv_obj_style_gen.h ****  * Gets margin on the top. Widget will keep this space from its siblings in layouts.
 400:Middlewares/LVGL/lvgl/src/core/lv_obj_style_gen.h ****  * Default: 0, inherited: No, layout: Yes, ext. draw: No.
 401:Middlewares/LVGL/lvgl/src/core/lv_obj_style_gen.h ****  * @param  obj    Pointer to Widget
 402:Middlewares/LVGL/lvgl/src/core/lv_obj_style_gen.h ****  * @param  part   One of the `LV_PART_...` enum values
 403:Middlewares/LVGL/lvgl/src/core/lv_obj_style_gen.h ****  */
 404:Middlewares/LVGL/lvgl/src/core/lv_obj_style_gen.h **** static inline int32_t lv_obj_get_style_margin_top(const lv_obj_t * obj, lv_part_t part)
 405:Middlewares/LVGL/lvgl/src/core/lv_obj_style_gen.h **** {
 406:Middlewares/LVGL/lvgl/src/core/lv_obj_style_gen.h ****     lv_style_value_t v = lv_obj_get_style_prop(obj, part, LV_STYLE_MARGIN_TOP);
 407:Middlewares/LVGL/lvgl/src/core/lv_obj_style_gen.h ****     return (int32_t)v.num;
 408:Middlewares/LVGL/lvgl/src/core/lv_obj_style_gen.h **** }
 409:Middlewares/LVGL/lvgl/src/core/lv_obj_style_gen.h **** 
 410:Middlewares/LVGL/lvgl/src/core/lv_obj_style_gen.h **** /**
 411:Middlewares/LVGL/lvgl/src/core/lv_obj_style_gen.h ****  * Gets margin on the bottom. Widget will keep this space from its siblings in layouts.
 412:Middlewares/LVGL/lvgl/src/core/lv_obj_style_gen.h ****  * Default: 0, inherited: No, layout: Yes, ext. draw: No.
 413:Middlewares/LVGL/lvgl/src/core/lv_obj_style_gen.h ****  * @param  obj    Pointer to Widget
 414:Middlewares/LVGL/lvgl/src/core/lv_obj_style_gen.h ****  * @param  part   One of the `LV_PART_...` enum values
 415:Middlewares/LVGL/lvgl/src/core/lv_obj_style_gen.h ****  */
 416:Middlewares/LVGL/lvgl/src/core/lv_obj_style_gen.h **** static inline int32_t lv_obj_get_style_margin_bottom(const lv_obj_t * obj, lv_part_t part)
 417:Middlewares/LVGL/lvgl/src/core/lv_obj_style_gen.h **** {
 418:Middlewares/LVGL/lvgl/src/core/lv_obj_style_gen.h ****     lv_style_value_t v = lv_obj_get_style_prop(obj, part, LV_STYLE_MARGIN_BOTTOM);
 419:Middlewares/LVGL/lvgl/src/core/lv_obj_style_gen.h ****     return (int32_t)v.num;
 420:Middlewares/LVGL/lvgl/src/core/lv_obj_style_gen.h **** }
 421:Middlewares/LVGL/lvgl/src/core/lv_obj_style_gen.h **** 
 422:Middlewares/LVGL/lvgl/src/core/lv_obj_style_gen.h **** /**
 423:Middlewares/LVGL/lvgl/src/core/lv_obj_style_gen.h ****  * Gets margin on the left. Widget will keep this space from its siblings in layouts.
 424:Middlewares/LVGL/lvgl/src/core/lv_obj_style_gen.h ****  * Default: 0, inherited: No, layout: Yes, ext. draw: No.
 425:Middlewares/LVGL/lvgl/src/core/lv_obj_style_gen.h ****  * @param  obj    Pointer to Widget
 426:Middlewares/LVGL/lvgl/src/core/lv_obj_style_gen.h ****  * @param  part   One of the `LV_PART_...` enum values
 427:Middlewares/LVGL/lvgl/src/core/lv_obj_style_gen.h ****  */
ARM GAS  C:\Users\w1785\AppData\Local\Temp\ccv6fGyr.s 			page 92


 428:Middlewares/LVGL/lvgl/src/core/lv_obj_style_gen.h **** static inline int32_t lv_obj_get_style_margin_left(const lv_obj_t * obj, lv_part_t part)
 429:Middlewares/LVGL/lvgl/src/core/lv_obj_style_gen.h **** {
 430:Middlewares/LVGL/lvgl/src/core/lv_obj_style_gen.h ****     lv_style_value_t v = lv_obj_get_style_prop(obj, part, LV_STYLE_MARGIN_LEFT);
 431:Middlewares/LVGL/lvgl/src/core/lv_obj_style_gen.h ****     return (int32_t)v.num;
 432:Middlewares/LVGL/lvgl/src/core/lv_obj_style_gen.h **** }
 433:Middlewares/LVGL/lvgl/src/core/lv_obj_style_gen.h **** 
 434:Middlewares/LVGL/lvgl/src/core/lv_obj_style_gen.h **** /**
 435:Middlewares/LVGL/lvgl/src/core/lv_obj_style_gen.h ****  * Gets margin on the right. Widget will keep this space from its siblings in layouts.
 436:Middlewares/LVGL/lvgl/src/core/lv_obj_style_gen.h ****  * Default: 0, inherited: No, layout: Yes, ext. draw: No.
 437:Middlewares/LVGL/lvgl/src/core/lv_obj_style_gen.h ****  * @param  obj    Pointer to Widget
 438:Middlewares/LVGL/lvgl/src/core/lv_obj_style_gen.h ****  * @param  part   One of the `LV_PART_...` enum values
 439:Middlewares/LVGL/lvgl/src/core/lv_obj_style_gen.h ****  */
 440:Middlewares/LVGL/lvgl/src/core/lv_obj_style_gen.h **** static inline int32_t lv_obj_get_style_margin_right(const lv_obj_t * obj, lv_part_t part)
 441:Middlewares/LVGL/lvgl/src/core/lv_obj_style_gen.h **** {
 442:Middlewares/LVGL/lvgl/src/core/lv_obj_style_gen.h ****     lv_style_value_t v = lv_obj_get_style_prop(obj, part, LV_STYLE_MARGIN_RIGHT);
 443:Middlewares/LVGL/lvgl/src/core/lv_obj_style_gen.h ****     return (int32_t)v.num;
 444:Middlewares/LVGL/lvgl/src/core/lv_obj_style_gen.h **** }
 445:Middlewares/LVGL/lvgl/src/core/lv_obj_style_gen.h **** 
 446:Middlewares/LVGL/lvgl/src/core/lv_obj_style_gen.h **** /**
 447:Middlewares/LVGL/lvgl/src/core/lv_obj_style_gen.h ****  * Get background color of Widget.
 448:Middlewares/LVGL/lvgl/src/core/lv_obj_style_gen.h ****  * Default: `0xffffff`, inherited: No, layout: No, ext. draw: No.
 449:Middlewares/LVGL/lvgl/src/core/lv_obj_style_gen.h ****  * @param  obj    Pointer to Widget
 450:Middlewares/LVGL/lvgl/src/core/lv_obj_style_gen.h ****  * @param  part   One of the `LV_PART_...` enum values
 451:Middlewares/LVGL/lvgl/src/core/lv_obj_style_gen.h ****  */
 452:Middlewares/LVGL/lvgl/src/core/lv_obj_style_gen.h **** static inline lv_color_t lv_obj_get_style_bg_color(const lv_obj_t * obj, lv_part_t part)
 453:Middlewares/LVGL/lvgl/src/core/lv_obj_style_gen.h **** {
 454:Middlewares/LVGL/lvgl/src/core/lv_obj_style_gen.h ****     lv_style_value_t v = lv_obj_get_style_prop(obj, part, LV_STYLE_BG_COLOR);
 455:Middlewares/LVGL/lvgl/src/core/lv_obj_style_gen.h ****     return v.color;
 456:Middlewares/LVGL/lvgl/src/core/lv_obj_style_gen.h **** }
 457:Middlewares/LVGL/lvgl/src/core/lv_obj_style_gen.h **** 
 458:Middlewares/LVGL/lvgl/src/core/lv_obj_style_gen.h **** /**
 459:Middlewares/LVGL/lvgl/src/core/lv_obj_style_gen.h ****  * Get background color of Widget.
 460:Middlewares/LVGL/lvgl/src/core/lv_obj_style_gen.h ****  * Default: `0xffffff`, inherited: No, layout: No, ext. draw: No.
 461:Middlewares/LVGL/lvgl/src/core/lv_obj_style_gen.h ****  * @param  obj    Pointer to Widget
 462:Middlewares/LVGL/lvgl/src/core/lv_obj_style_gen.h ****  * @param  part   One of the `LV_PART_...` enum values
 463:Middlewares/LVGL/lvgl/src/core/lv_obj_style_gen.h ****  */
 464:Middlewares/LVGL/lvgl/src/core/lv_obj_style_gen.h **** static inline lv_color_t lv_obj_get_style_bg_color_filtered(const lv_obj_t * obj, lv_part_t part)
 465:Middlewares/LVGL/lvgl/src/core/lv_obj_style_gen.h **** {
 466:Middlewares/LVGL/lvgl/src/core/lv_obj_style_gen.h ****     lv_style_value_t v = lv_obj_style_apply_color_filter(obj, part, lv_obj_get_style_prop(obj, part
 467:Middlewares/LVGL/lvgl/src/core/lv_obj_style_gen.h ****     return v.color;
 468:Middlewares/LVGL/lvgl/src/core/lv_obj_style_gen.h **** }
 469:Middlewares/LVGL/lvgl/src/core/lv_obj_style_gen.h **** 
 470:Middlewares/LVGL/lvgl/src/core/lv_obj_style_gen.h **** /**
 471:Middlewares/LVGL/lvgl/src/core/lv_obj_style_gen.h ****  * Get opacity of the background. Value 0, `LV_OPA_0` or `LV_OPA_TRANSP` means fully
 472:Middlewares/LVGL/lvgl/src/core/lv_obj_style_gen.h ****  * transparent, 255, `LV_OPA_100` or `LV_OPA_COVER` means fully covering, other values
 473:Middlewares/LVGL/lvgl/src/core/lv_obj_style_gen.h ****  * or LV_OPA_10, LV_OPA_20, etc means semi transparency.
 474:Middlewares/LVGL/lvgl/src/core/lv_obj_style_gen.h ****  * Default: `LV_OPA_TRANSP`, inherited: No, layout: No, ext. draw: No.
 475:Middlewares/LVGL/lvgl/src/core/lv_obj_style_gen.h ****  * @param  obj    Pointer to Widget
 476:Middlewares/LVGL/lvgl/src/core/lv_obj_style_gen.h ****  * @param  part   One of the `LV_PART_...` enum values
 477:Middlewares/LVGL/lvgl/src/core/lv_obj_style_gen.h ****  */
 478:Middlewares/LVGL/lvgl/src/core/lv_obj_style_gen.h **** static inline lv_opa_t lv_obj_get_style_bg_opa(const lv_obj_t * obj, lv_part_t part)
 479:Middlewares/LVGL/lvgl/src/core/lv_obj_style_gen.h **** {
 480:Middlewares/LVGL/lvgl/src/core/lv_obj_style_gen.h ****     lv_style_value_t v = lv_obj_get_style_prop(obj, part, LV_STYLE_BG_OPA);
 481:Middlewares/LVGL/lvgl/src/core/lv_obj_style_gen.h ****     return (lv_opa_t)v.num;
 482:Middlewares/LVGL/lvgl/src/core/lv_obj_style_gen.h **** }
 483:Middlewares/LVGL/lvgl/src/core/lv_obj_style_gen.h **** 
 484:Middlewares/LVGL/lvgl/src/core/lv_obj_style_gen.h **** /**
ARM GAS  C:\Users\w1785\AppData\Local\Temp\ccv6fGyr.s 			page 93


 485:Middlewares/LVGL/lvgl/src/core/lv_obj_style_gen.h ****  * Get gradient color of the background. Used only if `grad_dir` is not `LV_GRAD_DIR_NONE`.
 486:Middlewares/LVGL/lvgl/src/core/lv_obj_style_gen.h ****  * Default: `0x000000`, inherited: No, layout: No, ext. draw: No.
 487:Middlewares/LVGL/lvgl/src/core/lv_obj_style_gen.h ****  * @param  obj    Pointer to Widget
 488:Middlewares/LVGL/lvgl/src/core/lv_obj_style_gen.h ****  * @param  part   One of the `LV_PART_...` enum values
 489:Middlewares/LVGL/lvgl/src/core/lv_obj_style_gen.h ****  */
 490:Middlewares/LVGL/lvgl/src/core/lv_obj_style_gen.h **** static inline lv_color_t lv_obj_get_style_bg_grad_color(const lv_obj_t * obj, lv_part_t part)
 491:Middlewares/LVGL/lvgl/src/core/lv_obj_style_gen.h **** {
 492:Middlewares/LVGL/lvgl/src/core/lv_obj_style_gen.h ****     lv_style_value_t v = lv_obj_get_style_prop(obj, part, LV_STYLE_BG_GRAD_COLOR);
 493:Middlewares/LVGL/lvgl/src/core/lv_obj_style_gen.h ****     return v.color;
 494:Middlewares/LVGL/lvgl/src/core/lv_obj_style_gen.h **** }
 495:Middlewares/LVGL/lvgl/src/core/lv_obj_style_gen.h **** 
 496:Middlewares/LVGL/lvgl/src/core/lv_obj_style_gen.h **** /**
 497:Middlewares/LVGL/lvgl/src/core/lv_obj_style_gen.h ****  * Get gradient color of the background. Used only if `grad_dir` is not `LV_GRAD_DIR_NONE`.
 498:Middlewares/LVGL/lvgl/src/core/lv_obj_style_gen.h ****  * Default: `0x000000`, inherited: No, layout: No, ext. draw: No.
 499:Middlewares/LVGL/lvgl/src/core/lv_obj_style_gen.h ****  * @param  obj    Pointer to Widget
 500:Middlewares/LVGL/lvgl/src/core/lv_obj_style_gen.h ****  * @param  part   One of the `LV_PART_...` enum values
 501:Middlewares/LVGL/lvgl/src/core/lv_obj_style_gen.h ****  */
 502:Middlewares/LVGL/lvgl/src/core/lv_obj_style_gen.h **** static inline lv_color_t lv_obj_get_style_bg_grad_color_filtered(const lv_obj_t * obj, lv_part_t pa
 503:Middlewares/LVGL/lvgl/src/core/lv_obj_style_gen.h **** {
 504:Middlewares/LVGL/lvgl/src/core/lv_obj_style_gen.h ****     lv_style_value_t v = lv_obj_style_apply_color_filter(obj, part, lv_obj_get_style_prop(obj, part
 505:Middlewares/LVGL/lvgl/src/core/lv_obj_style_gen.h ****     return v.color;
 506:Middlewares/LVGL/lvgl/src/core/lv_obj_style_gen.h **** }
 507:Middlewares/LVGL/lvgl/src/core/lv_obj_style_gen.h **** 
 508:Middlewares/LVGL/lvgl/src/core/lv_obj_style_gen.h **** /**
 509:Middlewares/LVGL/lvgl/src/core/lv_obj_style_gen.h ****  * Get direction of the gradient of the background. Possible values are
 510:Middlewares/LVGL/lvgl/src/core/lv_obj_style_gen.h ****  * `LV_GRAD_DIR_NONE/HOR/VER`.
 511:Middlewares/LVGL/lvgl/src/core/lv_obj_style_gen.h ****  * Default: `LV_GRAD_DIR_NONE`, inherited: No, layout: No, ext. draw: No.
 512:Middlewares/LVGL/lvgl/src/core/lv_obj_style_gen.h ****  * @param  obj    Pointer to Widget
 513:Middlewares/LVGL/lvgl/src/core/lv_obj_style_gen.h ****  * @param  part   One of the `LV_PART_...` enum values
 514:Middlewares/LVGL/lvgl/src/core/lv_obj_style_gen.h ****  */
 515:Middlewares/LVGL/lvgl/src/core/lv_obj_style_gen.h **** static inline lv_grad_dir_t lv_obj_get_style_bg_grad_dir(const lv_obj_t * obj, lv_part_t part)
 516:Middlewares/LVGL/lvgl/src/core/lv_obj_style_gen.h **** {
 517:Middlewares/LVGL/lvgl/src/core/lv_obj_style_gen.h ****     lv_style_value_t v = lv_obj_get_style_prop(obj, part, LV_STYLE_BG_GRAD_DIR);
 518:Middlewares/LVGL/lvgl/src/core/lv_obj_style_gen.h ****     return (lv_grad_dir_t)v.num;
 519:Middlewares/LVGL/lvgl/src/core/lv_obj_style_gen.h **** }
 520:Middlewares/LVGL/lvgl/src/core/lv_obj_style_gen.h **** 
 521:Middlewares/LVGL/lvgl/src/core/lv_obj_style_gen.h **** /**
 522:Middlewares/LVGL/lvgl/src/core/lv_obj_style_gen.h ****  * Get point from which background color should start for gradients. 0 means to
 523:Middlewares/LVGL/lvgl/src/core/lv_obj_style_gen.h ****  * top/left side, 255 the bottom/right side, 128 the center, and so on.
 524:Middlewares/LVGL/lvgl/src/core/lv_obj_style_gen.h ****  * Default: 0, inherited: No, layout: No, ext. draw: No.
 525:Middlewares/LVGL/lvgl/src/core/lv_obj_style_gen.h ****  * @param  obj    Pointer to Widget
 526:Middlewares/LVGL/lvgl/src/core/lv_obj_style_gen.h ****  * @param  part   One of the `LV_PART_...` enum values
 527:Middlewares/LVGL/lvgl/src/core/lv_obj_style_gen.h ****  */
 528:Middlewares/LVGL/lvgl/src/core/lv_obj_style_gen.h **** static inline int32_t lv_obj_get_style_bg_main_stop(const lv_obj_t * obj, lv_part_t part)
 529:Middlewares/LVGL/lvgl/src/core/lv_obj_style_gen.h **** {
 530:Middlewares/LVGL/lvgl/src/core/lv_obj_style_gen.h ****     lv_style_value_t v = lv_obj_get_style_prop(obj, part, LV_STYLE_BG_MAIN_STOP);
 531:Middlewares/LVGL/lvgl/src/core/lv_obj_style_gen.h ****     return (int32_t)v.num;
 532:Middlewares/LVGL/lvgl/src/core/lv_obj_style_gen.h **** }
 533:Middlewares/LVGL/lvgl/src/core/lv_obj_style_gen.h **** 
 534:Middlewares/LVGL/lvgl/src/core/lv_obj_style_gen.h **** /**
 535:Middlewares/LVGL/lvgl/src/core/lv_obj_style_gen.h ****  * Get point from which background's gradient color should start. 0 means to top/left
 536:Middlewares/LVGL/lvgl/src/core/lv_obj_style_gen.h ****  * side, 255 the bottom/right side, 128 the center, and so on.
 537:Middlewares/LVGL/lvgl/src/core/lv_obj_style_gen.h ****  * Default: 255, inherited: No, layout: No, ext. draw: No.
 538:Middlewares/LVGL/lvgl/src/core/lv_obj_style_gen.h ****  * @param  obj    Pointer to Widget
 539:Middlewares/LVGL/lvgl/src/core/lv_obj_style_gen.h ****  * @param  part   One of the `LV_PART_...` enum values
 540:Middlewares/LVGL/lvgl/src/core/lv_obj_style_gen.h ****  */
 541:Middlewares/LVGL/lvgl/src/core/lv_obj_style_gen.h **** static inline int32_t lv_obj_get_style_bg_grad_stop(const lv_obj_t * obj, lv_part_t part)
ARM GAS  C:\Users\w1785\AppData\Local\Temp\ccv6fGyr.s 			page 94


 542:Middlewares/LVGL/lvgl/src/core/lv_obj_style_gen.h **** {
 543:Middlewares/LVGL/lvgl/src/core/lv_obj_style_gen.h ****     lv_style_value_t v = lv_obj_get_style_prop(obj, part, LV_STYLE_BG_GRAD_STOP);
 544:Middlewares/LVGL/lvgl/src/core/lv_obj_style_gen.h ****     return (int32_t)v.num;
 545:Middlewares/LVGL/lvgl/src/core/lv_obj_style_gen.h **** }
 546:Middlewares/LVGL/lvgl/src/core/lv_obj_style_gen.h **** 
 547:Middlewares/LVGL/lvgl/src/core/lv_obj_style_gen.h **** /**
 548:Middlewares/LVGL/lvgl/src/core/lv_obj_style_gen.h ****  * Get opacity of the first gradient color.
 549:Middlewares/LVGL/lvgl/src/core/lv_obj_style_gen.h ****  * Default: 255, inherited: No, layout: No, ext. draw: No.
 550:Middlewares/LVGL/lvgl/src/core/lv_obj_style_gen.h ****  * @param  obj    Pointer to Widget
 551:Middlewares/LVGL/lvgl/src/core/lv_obj_style_gen.h ****  * @param  part   One of the `LV_PART_...` enum values
 552:Middlewares/LVGL/lvgl/src/core/lv_obj_style_gen.h ****  */
 553:Middlewares/LVGL/lvgl/src/core/lv_obj_style_gen.h **** static inline lv_opa_t lv_obj_get_style_bg_main_opa(const lv_obj_t * obj, lv_part_t part)
 554:Middlewares/LVGL/lvgl/src/core/lv_obj_style_gen.h **** {
 555:Middlewares/LVGL/lvgl/src/core/lv_obj_style_gen.h ****     lv_style_value_t v = lv_obj_get_style_prop(obj, part, LV_STYLE_BG_MAIN_OPA);
 556:Middlewares/LVGL/lvgl/src/core/lv_obj_style_gen.h ****     return (lv_opa_t)v.num;
 557:Middlewares/LVGL/lvgl/src/core/lv_obj_style_gen.h **** }
 558:Middlewares/LVGL/lvgl/src/core/lv_obj_style_gen.h **** 
 559:Middlewares/LVGL/lvgl/src/core/lv_obj_style_gen.h **** /**
 560:Middlewares/LVGL/lvgl/src/core/lv_obj_style_gen.h ****  * Get opacity of the second gradient color.
 561:Middlewares/LVGL/lvgl/src/core/lv_obj_style_gen.h ****  * Default: 255, inherited: No, layout: No, ext. draw: No.
 562:Middlewares/LVGL/lvgl/src/core/lv_obj_style_gen.h ****  * @param  obj    Pointer to Widget
 563:Middlewares/LVGL/lvgl/src/core/lv_obj_style_gen.h ****  * @param  part   One of the `LV_PART_...` enum values
 564:Middlewares/LVGL/lvgl/src/core/lv_obj_style_gen.h ****  */
 565:Middlewares/LVGL/lvgl/src/core/lv_obj_style_gen.h **** static inline lv_opa_t lv_obj_get_style_bg_grad_opa(const lv_obj_t * obj, lv_part_t part)
 566:Middlewares/LVGL/lvgl/src/core/lv_obj_style_gen.h **** {
 567:Middlewares/LVGL/lvgl/src/core/lv_obj_style_gen.h ****     lv_style_value_t v = lv_obj_get_style_prop(obj, part, LV_STYLE_BG_GRAD_OPA);
 568:Middlewares/LVGL/lvgl/src/core/lv_obj_style_gen.h ****     return (lv_opa_t)v.num;
 569:Middlewares/LVGL/lvgl/src/core/lv_obj_style_gen.h **** }
 570:Middlewares/LVGL/lvgl/src/core/lv_obj_style_gen.h **** 
 571:Middlewares/LVGL/lvgl/src/core/lv_obj_style_gen.h **** /**
 572:Middlewares/LVGL/lvgl/src/core/lv_obj_style_gen.h ****  * Get gradient definition. The pointed instance must exist while Widget is alive.
 573:Middlewares/LVGL/lvgl/src/core/lv_obj_style_gen.h ****  * NULL to disable. It wraps `BG_GRAD_COLOR`, `BG_GRAD_DIR`, `BG_MAIN_STOP` and
 574:Middlewares/LVGL/lvgl/src/core/lv_obj_style_gen.h ****  * `BG_GRAD_STOP` into one descriptor and allows creating gradients with more colors
 575:Middlewares/LVGL/lvgl/src/core/lv_obj_style_gen.h ****  * as well. If it's set other gradient related properties will be ignored.
 576:Middlewares/LVGL/lvgl/src/core/lv_obj_style_gen.h ****  * Default: `NULL`, inherited: No, layout: No, ext. draw: No.
 577:Middlewares/LVGL/lvgl/src/core/lv_obj_style_gen.h ****  * @param  obj    Pointer to Widget
 578:Middlewares/LVGL/lvgl/src/core/lv_obj_style_gen.h ****  * @param  part   One of the `LV_PART_...` enum values
 579:Middlewares/LVGL/lvgl/src/core/lv_obj_style_gen.h ****  */
 580:Middlewares/LVGL/lvgl/src/core/lv_obj_style_gen.h **** static inline const lv_grad_dsc_t * lv_obj_get_style_bg_grad(const lv_obj_t * obj, lv_part_t part)
 581:Middlewares/LVGL/lvgl/src/core/lv_obj_style_gen.h **** {
 582:Middlewares/LVGL/lvgl/src/core/lv_obj_style_gen.h ****     lv_style_value_t v = lv_obj_get_style_prop(obj, part, LV_STYLE_BG_GRAD);
 583:Middlewares/LVGL/lvgl/src/core/lv_obj_style_gen.h ****     return (const lv_grad_dsc_t *)v.ptr;
 584:Middlewares/LVGL/lvgl/src/core/lv_obj_style_gen.h **** }
 585:Middlewares/LVGL/lvgl/src/core/lv_obj_style_gen.h **** 
 586:Middlewares/LVGL/lvgl/src/core/lv_obj_style_gen.h **** /**
 587:Middlewares/LVGL/lvgl/src/core/lv_obj_style_gen.h ****  * Get a background image. Can be a pointer to `lv_image_dsc_t`, a path to a file or
 588:Middlewares/LVGL/lvgl/src/core/lv_obj_style_gen.h ****  * an `LV_SYMBOL_...`.
 589:Middlewares/LVGL/lvgl/src/core/lv_obj_style_gen.h ****  * Default: `NULL`, inherited: No, layout: No, ext. draw: Yes.
 590:Middlewares/LVGL/lvgl/src/core/lv_obj_style_gen.h ****  * @param  obj    Pointer to Widget
 591:Middlewares/LVGL/lvgl/src/core/lv_obj_style_gen.h ****  * @param  part   One of the `LV_PART_...` enum values
 592:Middlewares/LVGL/lvgl/src/core/lv_obj_style_gen.h ****  */
 593:Middlewares/LVGL/lvgl/src/core/lv_obj_style_gen.h **** static inline const void * lv_obj_get_style_bg_image_src(const lv_obj_t * obj, lv_part_t part)
 594:Middlewares/LVGL/lvgl/src/core/lv_obj_style_gen.h **** {
 595:Middlewares/LVGL/lvgl/src/core/lv_obj_style_gen.h ****     lv_style_value_t v = lv_obj_get_style_prop(obj, part, LV_STYLE_BG_IMAGE_SRC);
 596:Middlewares/LVGL/lvgl/src/core/lv_obj_style_gen.h ****     return (const void *)v.ptr;
 597:Middlewares/LVGL/lvgl/src/core/lv_obj_style_gen.h **** }
 598:Middlewares/LVGL/lvgl/src/core/lv_obj_style_gen.h **** 
ARM GAS  C:\Users\w1785\AppData\Local\Temp\ccv6fGyr.s 			page 95


 599:Middlewares/LVGL/lvgl/src/core/lv_obj_style_gen.h **** /**
 600:Middlewares/LVGL/lvgl/src/core/lv_obj_style_gen.h ****  * Get opacity of the background image. Value 0, `LV_OPA_0` or `LV_OPA_TRANSP` means
 601:Middlewares/LVGL/lvgl/src/core/lv_obj_style_gen.h ****  * fully transparent, 255, `LV_OPA_100` or `LV_OPA_COVER` means fully covering, other
 602:Middlewares/LVGL/lvgl/src/core/lv_obj_style_gen.h ****  * values or LV_OPA_10, LV_OPA_20, etc means semi transparency.
 603:Middlewares/LVGL/lvgl/src/core/lv_obj_style_gen.h ****  * Default: `LV_OPA_COVER`, inherited: No, layout: No, ext. draw: No.
 604:Middlewares/LVGL/lvgl/src/core/lv_obj_style_gen.h ****  * @param  obj    Pointer to Widget
 605:Middlewares/LVGL/lvgl/src/core/lv_obj_style_gen.h ****  * @param  part   One of the `LV_PART_...` enum values
 606:Middlewares/LVGL/lvgl/src/core/lv_obj_style_gen.h ****  */
 607:Middlewares/LVGL/lvgl/src/core/lv_obj_style_gen.h **** static inline lv_opa_t lv_obj_get_style_bg_image_opa(const lv_obj_t * obj, lv_part_t part)
 608:Middlewares/LVGL/lvgl/src/core/lv_obj_style_gen.h **** {
 609:Middlewares/LVGL/lvgl/src/core/lv_obj_style_gen.h ****     lv_style_value_t v = lv_obj_get_style_prop(obj, part, LV_STYLE_BG_IMAGE_OPA);
 610:Middlewares/LVGL/lvgl/src/core/lv_obj_style_gen.h ****     return (lv_opa_t)v.num;
 611:Middlewares/LVGL/lvgl/src/core/lv_obj_style_gen.h **** }
 612:Middlewares/LVGL/lvgl/src/core/lv_obj_style_gen.h **** 
 613:Middlewares/LVGL/lvgl/src/core/lv_obj_style_gen.h **** /**
 614:Middlewares/LVGL/lvgl/src/core/lv_obj_style_gen.h ****  * Get a color to mix to the background image.
 615:Middlewares/LVGL/lvgl/src/core/lv_obj_style_gen.h ****  * Default: `0x000000`, inherited: No, layout: No, ext. draw: No.
 616:Middlewares/LVGL/lvgl/src/core/lv_obj_style_gen.h ****  * @param  obj    Pointer to Widget
 617:Middlewares/LVGL/lvgl/src/core/lv_obj_style_gen.h ****  * @param  part   One of the `LV_PART_...` enum values
 618:Middlewares/LVGL/lvgl/src/core/lv_obj_style_gen.h ****  */
 619:Middlewares/LVGL/lvgl/src/core/lv_obj_style_gen.h **** static inline lv_color_t lv_obj_get_style_bg_image_recolor(const lv_obj_t * obj, lv_part_t part)
 620:Middlewares/LVGL/lvgl/src/core/lv_obj_style_gen.h **** {
 621:Middlewares/LVGL/lvgl/src/core/lv_obj_style_gen.h ****     lv_style_value_t v = lv_obj_get_style_prop(obj, part, LV_STYLE_BG_IMAGE_RECOLOR);
 622:Middlewares/LVGL/lvgl/src/core/lv_obj_style_gen.h ****     return v.color;
 623:Middlewares/LVGL/lvgl/src/core/lv_obj_style_gen.h **** }
 624:Middlewares/LVGL/lvgl/src/core/lv_obj_style_gen.h **** 
 625:Middlewares/LVGL/lvgl/src/core/lv_obj_style_gen.h **** /**
 626:Middlewares/LVGL/lvgl/src/core/lv_obj_style_gen.h ****  * Get a color to mix to the background image.
 627:Middlewares/LVGL/lvgl/src/core/lv_obj_style_gen.h ****  * Default: `0x000000`, inherited: No, layout: No, ext. draw: No.
 628:Middlewares/LVGL/lvgl/src/core/lv_obj_style_gen.h ****  * @param  obj    Pointer to Widget
 629:Middlewares/LVGL/lvgl/src/core/lv_obj_style_gen.h ****  * @param  part   One of the `LV_PART_...` enum values
 630:Middlewares/LVGL/lvgl/src/core/lv_obj_style_gen.h ****  */
 631:Middlewares/LVGL/lvgl/src/core/lv_obj_style_gen.h **** static inline lv_color_t lv_obj_get_style_bg_image_recolor_filtered(const lv_obj_t * obj, lv_part_t
 632:Middlewares/LVGL/lvgl/src/core/lv_obj_style_gen.h **** {
 633:Middlewares/LVGL/lvgl/src/core/lv_obj_style_gen.h ****     lv_style_value_t v = lv_obj_style_apply_color_filter(obj, part, lv_obj_get_style_prop(obj, part
 634:Middlewares/LVGL/lvgl/src/core/lv_obj_style_gen.h ****     return v.color;
 635:Middlewares/LVGL/lvgl/src/core/lv_obj_style_gen.h **** }
 636:Middlewares/LVGL/lvgl/src/core/lv_obj_style_gen.h **** 
 637:Middlewares/LVGL/lvgl/src/core/lv_obj_style_gen.h **** /**
 638:Middlewares/LVGL/lvgl/src/core/lv_obj_style_gen.h ****  * Get intensity of background image recoloring. Value 0, `LV_OPA_0` or
 639:Middlewares/LVGL/lvgl/src/core/lv_obj_style_gen.h ****  * `LV_OPA_TRANSP` means no mixing, 255, `LV_OPA_100` or `LV_OPA_COVER` means full
 640:Middlewares/LVGL/lvgl/src/core/lv_obj_style_gen.h ****  * recoloring, other values or LV_OPA_10, LV_OPA_20, etc are interpreted
 641:Middlewares/LVGL/lvgl/src/core/lv_obj_style_gen.h ****  * proportionally.
 642:Middlewares/LVGL/lvgl/src/core/lv_obj_style_gen.h ****  * Default: `LV_OPA_TRANSP`, inherited: No, layout: No, ext. draw: No.
 643:Middlewares/LVGL/lvgl/src/core/lv_obj_style_gen.h ****  * @param  obj    Pointer to Widget
 644:Middlewares/LVGL/lvgl/src/core/lv_obj_style_gen.h ****  * @param  part   One of the `LV_PART_...` enum values
 645:Middlewares/LVGL/lvgl/src/core/lv_obj_style_gen.h ****  */
 646:Middlewares/LVGL/lvgl/src/core/lv_obj_style_gen.h **** static inline lv_opa_t lv_obj_get_style_bg_image_recolor_opa(const lv_obj_t * obj, lv_part_t part)
 647:Middlewares/LVGL/lvgl/src/core/lv_obj_style_gen.h **** {
 648:Middlewares/LVGL/lvgl/src/core/lv_obj_style_gen.h ****     lv_style_value_t v = lv_obj_get_style_prop(obj, part, LV_STYLE_BG_IMAGE_RECOLOR_OPA);
 649:Middlewares/LVGL/lvgl/src/core/lv_obj_style_gen.h ****     return (lv_opa_t)v.num;
 650:Middlewares/LVGL/lvgl/src/core/lv_obj_style_gen.h **** }
 651:Middlewares/LVGL/lvgl/src/core/lv_obj_style_gen.h **** 
 652:Middlewares/LVGL/lvgl/src/core/lv_obj_style_gen.h **** /**
 653:Middlewares/LVGL/lvgl/src/core/lv_obj_style_gen.h ****  * If enabled the background image will be tiled. Possible values are `true` or `false`.
 654:Middlewares/LVGL/lvgl/src/core/lv_obj_style_gen.h ****  * Default: 0, inherited: No, layout: No, ext. draw: No.
 655:Middlewares/LVGL/lvgl/src/core/lv_obj_style_gen.h ****  * @param  obj    Pointer to Widget
ARM GAS  C:\Users\w1785\AppData\Local\Temp\ccv6fGyr.s 			page 96


 656:Middlewares/LVGL/lvgl/src/core/lv_obj_style_gen.h ****  * @param  part   One of the `LV_PART_...` enum values
 657:Middlewares/LVGL/lvgl/src/core/lv_obj_style_gen.h ****  */
 658:Middlewares/LVGL/lvgl/src/core/lv_obj_style_gen.h **** static inline bool lv_obj_get_style_bg_image_tiled(const lv_obj_t * obj, lv_part_t part)
 659:Middlewares/LVGL/lvgl/src/core/lv_obj_style_gen.h **** {
 660:Middlewares/LVGL/lvgl/src/core/lv_obj_style_gen.h ****     lv_style_value_t v = lv_obj_get_style_prop(obj, part, LV_STYLE_BG_IMAGE_TILED);
 661:Middlewares/LVGL/lvgl/src/core/lv_obj_style_gen.h ****     return (bool)v.num;
 662:Middlewares/LVGL/lvgl/src/core/lv_obj_style_gen.h **** }
 663:Middlewares/LVGL/lvgl/src/core/lv_obj_style_gen.h **** 
 664:Middlewares/LVGL/lvgl/src/core/lv_obj_style_gen.h **** /**
 665:Middlewares/LVGL/lvgl/src/core/lv_obj_style_gen.h ****  * Get color of the border.
 666:Middlewares/LVGL/lvgl/src/core/lv_obj_style_gen.h ****  * Default: `0x000000`, inherited: No, layout: No, ext. draw: No.
 667:Middlewares/LVGL/lvgl/src/core/lv_obj_style_gen.h ****  * @param  obj    Pointer to Widget
 668:Middlewares/LVGL/lvgl/src/core/lv_obj_style_gen.h ****  * @param  part   One of the `LV_PART_...` enum values
 669:Middlewares/LVGL/lvgl/src/core/lv_obj_style_gen.h ****  */
 670:Middlewares/LVGL/lvgl/src/core/lv_obj_style_gen.h **** static inline lv_color_t lv_obj_get_style_border_color(const lv_obj_t * obj, lv_part_t part)
 671:Middlewares/LVGL/lvgl/src/core/lv_obj_style_gen.h **** {
 672:Middlewares/LVGL/lvgl/src/core/lv_obj_style_gen.h ****     lv_style_value_t v = lv_obj_get_style_prop(obj, part, LV_STYLE_BORDER_COLOR);
 673:Middlewares/LVGL/lvgl/src/core/lv_obj_style_gen.h ****     return v.color;
 674:Middlewares/LVGL/lvgl/src/core/lv_obj_style_gen.h **** }
 675:Middlewares/LVGL/lvgl/src/core/lv_obj_style_gen.h **** 
 676:Middlewares/LVGL/lvgl/src/core/lv_obj_style_gen.h **** /**
 677:Middlewares/LVGL/lvgl/src/core/lv_obj_style_gen.h ****  * Get color of the border.
 678:Middlewares/LVGL/lvgl/src/core/lv_obj_style_gen.h ****  * Default: `0x000000`, inherited: No, layout: No, ext. draw: No.
 679:Middlewares/LVGL/lvgl/src/core/lv_obj_style_gen.h ****  * @param  obj    Pointer to Widget
 680:Middlewares/LVGL/lvgl/src/core/lv_obj_style_gen.h ****  * @param  part   One of the `LV_PART_...` enum values
 681:Middlewares/LVGL/lvgl/src/core/lv_obj_style_gen.h ****  */
 682:Middlewares/LVGL/lvgl/src/core/lv_obj_style_gen.h **** static inline lv_color_t lv_obj_get_style_border_color_filtered(const lv_obj_t * obj, lv_part_t par
 683:Middlewares/LVGL/lvgl/src/core/lv_obj_style_gen.h **** {
 684:Middlewares/LVGL/lvgl/src/core/lv_obj_style_gen.h ****     lv_style_value_t v = lv_obj_style_apply_color_filter(obj, part, lv_obj_get_style_prop(obj, part
 685:Middlewares/LVGL/lvgl/src/core/lv_obj_style_gen.h ****     return v.color;
 686:Middlewares/LVGL/lvgl/src/core/lv_obj_style_gen.h **** }
 687:Middlewares/LVGL/lvgl/src/core/lv_obj_style_gen.h **** 
 688:Middlewares/LVGL/lvgl/src/core/lv_obj_style_gen.h **** /**
 689:Middlewares/LVGL/lvgl/src/core/lv_obj_style_gen.h ****  * Get opacity of the border. Value 0, `LV_OPA_0` or `LV_OPA_TRANSP` means fully
 690:Middlewares/LVGL/lvgl/src/core/lv_obj_style_gen.h ****  * transparent, 255, `LV_OPA_100` or `LV_OPA_COVER` means fully covering, other values
 691:Middlewares/LVGL/lvgl/src/core/lv_obj_style_gen.h ****  * or LV_OPA_10, LV_OPA_20, etc means semi transparency.
 692:Middlewares/LVGL/lvgl/src/core/lv_obj_style_gen.h ****  * Default: `LV_OPA_COVER`, inherited: No, layout: No, ext. draw: No.
 693:Middlewares/LVGL/lvgl/src/core/lv_obj_style_gen.h ****  * @param  obj    Pointer to Widget
 694:Middlewares/LVGL/lvgl/src/core/lv_obj_style_gen.h ****  * @param  part   One of the `LV_PART_...` enum values
 695:Middlewares/LVGL/lvgl/src/core/lv_obj_style_gen.h ****  */
 696:Middlewares/LVGL/lvgl/src/core/lv_obj_style_gen.h **** static inline lv_opa_t lv_obj_get_style_border_opa(const lv_obj_t * obj, lv_part_t part)
 697:Middlewares/LVGL/lvgl/src/core/lv_obj_style_gen.h **** {
 698:Middlewares/LVGL/lvgl/src/core/lv_obj_style_gen.h ****     lv_style_value_t v = lv_obj_get_style_prop(obj, part, LV_STYLE_BORDER_OPA);
 699:Middlewares/LVGL/lvgl/src/core/lv_obj_style_gen.h ****     return (lv_opa_t)v.num;
 700:Middlewares/LVGL/lvgl/src/core/lv_obj_style_gen.h **** }
 701:Middlewares/LVGL/lvgl/src/core/lv_obj_style_gen.h **** 
 702:Middlewares/LVGL/lvgl/src/core/lv_obj_style_gen.h **** /**
 703:Middlewares/LVGL/lvgl/src/core/lv_obj_style_gen.h ****  * Get width of the border. Only pixel values can be used.
 704:Middlewares/LVGL/lvgl/src/core/lv_obj_style_gen.h ****  * Default: 0, inherited: No, layout: Yes, ext. draw: No.
 705:Middlewares/LVGL/lvgl/src/core/lv_obj_style_gen.h ****  * @param  obj    Pointer to Widget
 706:Middlewares/LVGL/lvgl/src/core/lv_obj_style_gen.h ****  * @param  part   One of the `LV_PART_...` enum values
 707:Middlewares/LVGL/lvgl/src/core/lv_obj_style_gen.h ****  */
 708:Middlewares/LVGL/lvgl/src/core/lv_obj_style_gen.h **** static inline int32_t lv_obj_get_style_border_width(const lv_obj_t * obj, lv_part_t part)
 709:Middlewares/LVGL/lvgl/src/core/lv_obj_style_gen.h **** {
 710:Middlewares/LVGL/lvgl/src/core/lv_obj_style_gen.h ****     lv_style_value_t v = lv_obj_get_style_prop(obj, part, LV_STYLE_BORDER_WIDTH);
 711:Middlewares/LVGL/lvgl/src/core/lv_obj_style_gen.h ****     return (int32_t)v.num;
 712:Middlewares/LVGL/lvgl/src/core/lv_obj_style_gen.h **** }
ARM GAS  C:\Users\w1785\AppData\Local\Temp\ccv6fGyr.s 			page 97


 713:Middlewares/LVGL/lvgl/src/core/lv_obj_style_gen.h **** 
 714:Middlewares/LVGL/lvgl/src/core/lv_obj_style_gen.h **** /**
 715:Middlewares/LVGL/lvgl/src/core/lv_obj_style_gen.h ****  * Get only which side(s) the border should be drawn. Possible values are
 716:Middlewares/LVGL/lvgl/src/core/lv_obj_style_gen.h ****  * `LV_BORDER_SIDE_NONE/TOP/BOTTOM/LEFT/RIGHT/INTERNAL`. OR-ed values can be used as
 717:Middlewares/LVGL/lvgl/src/core/lv_obj_style_gen.h ****  * well, e.g. `LV_BORDER_SIDE_TOP | LV_BORDER_SIDE_LEFT`.
 718:Middlewares/LVGL/lvgl/src/core/lv_obj_style_gen.h ****  * Default: `LV_BORDER_SIDE_FULL`, inherited: No, layout: No, ext. draw: No.
 719:Middlewares/LVGL/lvgl/src/core/lv_obj_style_gen.h ****  * @param  obj    Pointer to Widget
 720:Middlewares/LVGL/lvgl/src/core/lv_obj_style_gen.h ****  * @param  part   One of the `LV_PART_...` enum values
 721:Middlewares/LVGL/lvgl/src/core/lv_obj_style_gen.h ****  */
 722:Middlewares/LVGL/lvgl/src/core/lv_obj_style_gen.h **** static inline lv_border_side_t lv_obj_get_style_border_side(const lv_obj_t * obj, lv_part_t part)
 723:Middlewares/LVGL/lvgl/src/core/lv_obj_style_gen.h **** {
 724:Middlewares/LVGL/lvgl/src/core/lv_obj_style_gen.h ****     lv_style_value_t v = lv_obj_get_style_prop(obj, part, LV_STYLE_BORDER_SIDE);
 725:Middlewares/LVGL/lvgl/src/core/lv_obj_style_gen.h ****     return (lv_border_side_t)v.num;
 726:Middlewares/LVGL/lvgl/src/core/lv_obj_style_gen.h **** }
 727:Middlewares/LVGL/lvgl/src/core/lv_obj_style_gen.h **** 
 728:Middlewares/LVGL/lvgl/src/core/lv_obj_style_gen.h **** /**
 729:Middlewares/LVGL/lvgl/src/core/lv_obj_style_gen.h ****  * Gets whether the border should be drawn before or after the children are drawn.
 730:Middlewares/LVGL/lvgl/src/core/lv_obj_style_gen.h ****  * `true`: after children, `false`: before children.
 731:Middlewares/LVGL/lvgl/src/core/lv_obj_style_gen.h ****  * Default: 0, inherited: No, layout: No, ext. draw: No.
 732:Middlewares/LVGL/lvgl/src/core/lv_obj_style_gen.h ****  * @param  obj    Pointer to Widget
 733:Middlewares/LVGL/lvgl/src/core/lv_obj_style_gen.h ****  * @param  part   One of the `LV_PART_...` enum values
 734:Middlewares/LVGL/lvgl/src/core/lv_obj_style_gen.h ****  */
 735:Middlewares/LVGL/lvgl/src/core/lv_obj_style_gen.h **** static inline bool lv_obj_get_style_border_post(const lv_obj_t * obj, lv_part_t part)
 736:Middlewares/LVGL/lvgl/src/core/lv_obj_style_gen.h **** {
 737:Middlewares/LVGL/lvgl/src/core/lv_obj_style_gen.h ****     lv_style_value_t v = lv_obj_get_style_prop(obj, part, LV_STYLE_BORDER_POST);
 738:Middlewares/LVGL/lvgl/src/core/lv_obj_style_gen.h ****     return (bool)v.num;
 739:Middlewares/LVGL/lvgl/src/core/lv_obj_style_gen.h **** }
 740:Middlewares/LVGL/lvgl/src/core/lv_obj_style_gen.h **** 
 741:Middlewares/LVGL/lvgl/src/core/lv_obj_style_gen.h **** /**
 742:Middlewares/LVGL/lvgl/src/core/lv_obj_style_gen.h ****  * Get width of outline in pixels.
 743:Middlewares/LVGL/lvgl/src/core/lv_obj_style_gen.h ****  * Default: 0, inherited: No, layout: No, ext. draw: Yes.
 744:Middlewares/LVGL/lvgl/src/core/lv_obj_style_gen.h ****  * @param  obj    Pointer to Widget
 745:Middlewares/LVGL/lvgl/src/core/lv_obj_style_gen.h ****  * @param  part   One of the `LV_PART_...` enum values
 746:Middlewares/LVGL/lvgl/src/core/lv_obj_style_gen.h ****  */
 747:Middlewares/LVGL/lvgl/src/core/lv_obj_style_gen.h **** static inline int32_t lv_obj_get_style_outline_width(const lv_obj_t * obj, lv_part_t part)
 748:Middlewares/LVGL/lvgl/src/core/lv_obj_style_gen.h **** {
 749:Middlewares/LVGL/lvgl/src/core/lv_obj_style_gen.h ****     lv_style_value_t v = lv_obj_get_style_prop(obj, part, LV_STYLE_OUTLINE_WIDTH);
 750:Middlewares/LVGL/lvgl/src/core/lv_obj_style_gen.h ****     return (int32_t)v.num;
 751:Middlewares/LVGL/lvgl/src/core/lv_obj_style_gen.h **** }
 752:Middlewares/LVGL/lvgl/src/core/lv_obj_style_gen.h **** 
 753:Middlewares/LVGL/lvgl/src/core/lv_obj_style_gen.h **** /**
 754:Middlewares/LVGL/lvgl/src/core/lv_obj_style_gen.h ****  * Get color of outline.
 755:Middlewares/LVGL/lvgl/src/core/lv_obj_style_gen.h ****  * Default: `0x000000`, inherited: No, layout: No, ext. draw: No.
 756:Middlewares/LVGL/lvgl/src/core/lv_obj_style_gen.h ****  * @param  obj    Pointer to Widget
 757:Middlewares/LVGL/lvgl/src/core/lv_obj_style_gen.h ****  * @param  part   One of the `LV_PART_...` enum values
 758:Middlewares/LVGL/lvgl/src/core/lv_obj_style_gen.h ****  */
 759:Middlewares/LVGL/lvgl/src/core/lv_obj_style_gen.h **** static inline lv_color_t lv_obj_get_style_outline_color(const lv_obj_t * obj, lv_part_t part)
 760:Middlewares/LVGL/lvgl/src/core/lv_obj_style_gen.h **** {
 761:Middlewares/LVGL/lvgl/src/core/lv_obj_style_gen.h ****     lv_style_value_t v = lv_obj_get_style_prop(obj, part, LV_STYLE_OUTLINE_COLOR);
 762:Middlewares/LVGL/lvgl/src/core/lv_obj_style_gen.h ****     return v.color;
 763:Middlewares/LVGL/lvgl/src/core/lv_obj_style_gen.h **** }
 764:Middlewares/LVGL/lvgl/src/core/lv_obj_style_gen.h **** 
 765:Middlewares/LVGL/lvgl/src/core/lv_obj_style_gen.h **** /**
 766:Middlewares/LVGL/lvgl/src/core/lv_obj_style_gen.h ****  * Get color of outline.
 767:Middlewares/LVGL/lvgl/src/core/lv_obj_style_gen.h ****  * Default: `0x000000`, inherited: No, layout: No, ext. draw: No.
 768:Middlewares/LVGL/lvgl/src/core/lv_obj_style_gen.h ****  * @param  obj    Pointer to Widget
 769:Middlewares/LVGL/lvgl/src/core/lv_obj_style_gen.h ****  * @param  part   One of the `LV_PART_...` enum values
ARM GAS  C:\Users\w1785\AppData\Local\Temp\ccv6fGyr.s 			page 98


 770:Middlewares/LVGL/lvgl/src/core/lv_obj_style_gen.h ****  */
 771:Middlewares/LVGL/lvgl/src/core/lv_obj_style_gen.h **** static inline lv_color_t lv_obj_get_style_outline_color_filtered(const lv_obj_t * obj, lv_part_t pa
 772:Middlewares/LVGL/lvgl/src/core/lv_obj_style_gen.h **** {
 773:Middlewares/LVGL/lvgl/src/core/lv_obj_style_gen.h ****     lv_style_value_t v = lv_obj_style_apply_color_filter(obj, part, lv_obj_get_style_prop(obj, part
 774:Middlewares/LVGL/lvgl/src/core/lv_obj_style_gen.h ****     return v.color;
 775:Middlewares/LVGL/lvgl/src/core/lv_obj_style_gen.h **** }
 776:Middlewares/LVGL/lvgl/src/core/lv_obj_style_gen.h **** 
 777:Middlewares/LVGL/lvgl/src/core/lv_obj_style_gen.h **** /**
 778:Middlewares/LVGL/lvgl/src/core/lv_obj_style_gen.h ****  * Get opacity of outline. Value 0, `LV_OPA_0` or `LV_OPA_TRANSP` means fully
 779:Middlewares/LVGL/lvgl/src/core/lv_obj_style_gen.h ****  * transparent, 255, `LV_OPA_100` or `LV_OPA_COVER` means fully covering, other values
 780:Middlewares/LVGL/lvgl/src/core/lv_obj_style_gen.h ****  * or LV_OPA_10, LV_OPA_20, etc means semi transparency.
 781:Middlewares/LVGL/lvgl/src/core/lv_obj_style_gen.h ****  * Default: `LV_OPA_COVER`, inherited: No, layout: No, ext. draw: Yes.
 782:Middlewares/LVGL/lvgl/src/core/lv_obj_style_gen.h ****  * @param  obj    Pointer to Widget
 783:Middlewares/LVGL/lvgl/src/core/lv_obj_style_gen.h ****  * @param  part   One of the `LV_PART_...` enum values
 784:Middlewares/LVGL/lvgl/src/core/lv_obj_style_gen.h ****  */
 785:Middlewares/LVGL/lvgl/src/core/lv_obj_style_gen.h **** static inline lv_opa_t lv_obj_get_style_outline_opa(const lv_obj_t * obj, lv_part_t part)
 786:Middlewares/LVGL/lvgl/src/core/lv_obj_style_gen.h **** {
 787:Middlewares/LVGL/lvgl/src/core/lv_obj_style_gen.h ****     lv_style_value_t v = lv_obj_get_style_prop(obj, part, LV_STYLE_OUTLINE_OPA);
 788:Middlewares/LVGL/lvgl/src/core/lv_obj_style_gen.h ****     return (lv_opa_t)v.num;
 789:Middlewares/LVGL/lvgl/src/core/lv_obj_style_gen.h **** }
 790:Middlewares/LVGL/lvgl/src/core/lv_obj_style_gen.h **** 
 791:Middlewares/LVGL/lvgl/src/core/lv_obj_style_gen.h **** /**
 792:Middlewares/LVGL/lvgl/src/core/lv_obj_style_gen.h ****  * Get padding of outline, i.e. the gap between Widget and the outline.
 793:Middlewares/LVGL/lvgl/src/core/lv_obj_style_gen.h ****  * Default: 0, inherited: No, layout: No, ext. draw: Yes.
 794:Middlewares/LVGL/lvgl/src/core/lv_obj_style_gen.h ****  * @param  obj    Pointer to Widget
 795:Middlewares/LVGL/lvgl/src/core/lv_obj_style_gen.h ****  * @param  part   One of the `LV_PART_...` enum values
 796:Middlewares/LVGL/lvgl/src/core/lv_obj_style_gen.h ****  */
 797:Middlewares/LVGL/lvgl/src/core/lv_obj_style_gen.h **** static inline int32_t lv_obj_get_style_outline_pad(const lv_obj_t * obj, lv_part_t part)
 798:Middlewares/LVGL/lvgl/src/core/lv_obj_style_gen.h **** {
 799:Middlewares/LVGL/lvgl/src/core/lv_obj_style_gen.h ****     lv_style_value_t v = lv_obj_get_style_prop(obj, part, LV_STYLE_OUTLINE_PAD);
 800:Middlewares/LVGL/lvgl/src/core/lv_obj_style_gen.h ****     return (int32_t)v.num;
 801:Middlewares/LVGL/lvgl/src/core/lv_obj_style_gen.h **** }
 802:Middlewares/LVGL/lvgl/src/core/lv_obj_style_gen.h **** 
 803:Middlewares/LVGL/lvgl/src/core/lv_obj_style_gen.h **** /**
 804:Middlewares/LVGL/lvgl/src/core/lv_obj_style_gen.h ****  * Get width of the shadow in pixels. The value should be >= 0.
 805:Middlewares/LVGL/lvgl/src/core/lv_obj_style_gen.h ****  * Default: 0, inherited: No, layout: No, ext. draw: Yes.
 806:Middlewares/LVGL/lvgl/src/core/lv_obj_style_gen.h ****  * @param  obj    Pointer to Widget
 807:Middlewares/LVGL/lvgl/src/core/lv_obj_style_gen.h ****  * @param  part   One of the `LV_PART_...` enum values
 808:Middlewares/LVGL/lvgl/src/core/lv_obj_style_gen.h ****  */
 809:Middlewares/LVGL/lvgl/src/core/lv_obj_style_gen.h **** static inline int32_t lv_obj_get_style_shadow_width(const lv_obj_t * obj, lv_part_t part)
 810:Middlewares/LVGL/lvgl/src/core/lv_obj_style_gen.h **** {
 811:Middlewares/LVGL/lvgl/src/core/lv_obj_style_gen.h ****     lv_style_value_t v = lv_obj_get_style_prop(obj, part, LV_STYLE_SHADOW_WIDTH);
 812:Middlewares/LVGL/lvgl/src/core/lv_obj_style_gen.h ****     return (int32_t)v.num;
 813:Middlewares/LVGL/lvgl/src/core/lv_obj_style_gen.h **** }
 814:Middlewares/LVGL/lvgl/src/core/lv_obj_style_gen.h **** 
 815:Middlewares/LVGL/lvgl/src/core/lv_obj_style_gen.h **** /**
 816:Middlewares/LVGL/lvgl/src/core/lv_obj_style_gen.h ****  * Get an offset on the shadow in pixels in X direction.
 817:Middlewares/LVGL/lvgl/src/core/lv_obj_style_gen.h ****  * Default: 0, inherited: No, layout: No, ext. draw: Yes.
 818:Middlewares/LVGL/lvgl/src/core/lv_obj_style_gen.h ****  * @param  obj    Pointer to Widget
 819:Middlewares/LVGL/lvgl/src/core/lv_obj_style_gen.h ****  * @param  part   One of the `LV_PART_...` enum values
 820:Middlewares/LVGL/lvgl/src/core/lv_obj_style_gen.h ****  */
 821:Middlewares/LVGL/lvgl/src/core/lv_obj_style_gen.h **** static inline int32_t lv_obj_get_style_shadow_offset_x(const lv_obj_t * obj, lv_part_t part)
 822:Middlewares/LVGL/lvgl/src/core/lv_obj_style_gen.h **** {
 823:Middlewares/LVGL/lvgl/src/core/lv_obj_style_gen.h ****     lv_style_value_t v = lv_obj_get_style_prop(obj, part, LV_STYLE_SHADOW_OFFSET_X);
 824:Middlewares/LVGL/lvgl/src/core/lv_obj_style_gen.h ****     return (int32_t)v.num;
 825:Middlewares/LVGL/lvgl/src/core/lv_obj_style_gen.h **** }
 826:Middlewares/LVGL/lvgl/src/core/lv_obj_style_gen.h **** 
ARM GAS  C:\Users\w1785\AppData\Local\Temp\ccv6fGyr.s 			page 99


 827:Middlewares/LVGL/lvgl/src/core/lv_obj_style_gen.h **** /**
 828:Middlewares/LVGL/lvgl/src/core/lv_obj_style_gen.h ****  * Get an offset on the shadow in pixels in Y direction.
 829:Middlewares/LVGL/lvgl/src/core/lv_obj_style_gen.h ****  * Default: 0, inherited: No, layout: No, ext. draw: Yes.
 830:Middlewares/LVGL/lvgl/src/core/lv_obj_style_gen.h ****  * @param  obj    Pointer to Widget
 831:Middlewares/LVGL/lvgl/src/core/lv_obj_style_gen.h ****  * @param  part   One of the `LV_PART_...` enum values
 832:Middlewares/LVGL/lvgl/src/core/lv_obj_style_gen.h ****  */
 833:Middlewares/LVGL/lvgl/src/core/lv_obj_style_gen.h **** static inline int32_t lv_obj_get_style_shadow_offset_y(const lv_obj_t * obj, lv_part_t part)
 834:Middlewares/LVGL/lvgl/src/core/lv_obj_style_gen.h **** {
 835:Middlewares/LVGL/lvgl/src/core/lv_obj_style_gen.h ****     lv_style_value_t v = lv_obj_get_style_prop(obj, part, LV_STYLE_SHADOW_OFFSET_Y);
 836:Middlewares/LVGL/lvgl/src/core/lv_obj_style_gen.h ****     return (int32_t)v.num;
 837:Middlewares/LVGL/lvgl/src/core/lv_obj_style_gen.h **** }
 838:Middlewares/LVGL/lvgl/src/core/lv_obj_style_gen.h **** 
 839:Middlewares/LVGL/lvgl/src/core/lv_obj_style_gen.h **** /**
 840:Middlewares/LVGL/lvgl/src/core/lv_obj_style_gen.h ****  * Make shadow calculation to use a larger or smaller rectangle as base. The value can
 841:Middlewares/LVGL/lvgl/src/core/lv_obj_style_gen.h ****  * be in pixels to make the area larger/smaller.
 842:Middlewares/LVGL/lvgl/src/core/lv_obj_style_gen.h ****  * Default: 0, inherited: No, layout: No, ext. draw: Yes.
 843:Middlewares/LVGL/lvgl/src/core/lv_obj_style_gen.h ****  * @param  obj    Pointer to Widget
 844:Middlewares/LVGL/lvgl/src/core/lv_obj_style_gen.h ****  * @param  part   One of the `LV_PART_...` enum values
 845:Middlewares/LVGL/lvgl/src/core/lv_obj_style_gen.h ****  */
 846:Middlewares/LVGL/lvgl/src/core/lv_obj_style_gen.h **** static inline int32_t lv_obj_get_style_shadow_spread(const lv_obj_t * obj, lv_part_t part)
 847:Middlewares/LVGL/lvgl/src/core/lv_obj_style_gen.h **** {
 848:Middlewares/LVGL/lvgl/src/core/lv_obj_style_gen.h ****     lv_style_value_t v = lv_obj_get_style_prop(obj, part, LV_STYLE_SHADOW_SPREAD);
 849:Middlewares/LVGL/lvgl/src/core/lv_obj_style_gen.h ****     return (int32_t)v.num;
 850:Middlewares/LVGL/lvgl/src/core/lv_obj_style_gen.h **** }
 851:Middlewares/LVGL/lvgl/src/core/lv_obj_style_gen.h **** 
 852:Middlewares/LVGL/lvgl/src/core/lv_obj_style_gen.h **** /**
 853:Middlewares/LVGL/lvgl/src/core/lv_obj_style_gen.h ****  * Get color of shadow.
 854:Middlewares/LVGL/lvgl/src/core/lv_obj_style_gen.h ****  * Default: `0x000000`, inherited: No, layout: No, ext. draw: No.
 855:Middlewares/LVGL/lvgl/src/core/lv_obj_style_gen.h ****  * @param  obj    Pointer to Widget
 856:Middlewares/LVGL/lvgl/src/core/lv_obj_style_gen.h ****  * @param  part   One of the `LV_PART_...` enum values
 857:Middlewares/LVGL/lvgl/src/core/lv_obj_style_gen.h ****  */
 858:Middlewares/LVGL/lvgl/src/core/lv_obj_style_gen.h **** static inline lv_color_t lv_obj_get_style_shadow_color(const lv_obj_t * obj, lv_part_t part)
 859:Middlewares/LVGL/lvgl/src/core/lv_obj_style_gen.h **** {
 860:Middlewares/LVGL/lvgl/src/core/lv_obj_style_gen.h ****     lv_style_value_t v = lv_obj_get_style_prop(obj, part, LV_STYLE_SHADOW_COLOR);
 861:Middlewares/LVGL/lvgl/src/core/lv_obj_style_gen.h ****     return v.color;
 862:Middlewares/LVGL/lvgl/src/core/lv_obj_style_gen.h **** }
 863:Middlewares/LVGL/lvgl/src/core/lv_obj_style_gen.h **** 
 864:Middlewares/LVGL/lvgl/src/core/lv_obj_style_gen.h **** /**
 865:Middlewares/LVGL/lvgl/src/core/lv_obj_style_gen.h ****  * Get color of shadow.
 866:Middlewares/LVGL/lvgl/src/core/lv_obj_style_gen.h ****  * Default: `0x000000`, inherited: No, layout: No, ext. draw: No.
 867:Middlewares/LVGL/lvgl/src/core/lv_obj_style_gen.h ****  * @param  obj    Pointer to Widget
 868:Middlewares/LVGL/lvgl/src/core/lv_obj_style_gen.h ****  * @param  part   One of the `LV_PART_...` enum values
 869:Middlewares/LVGL/lvgl/src/core/lv_obj_style_gen.h ****  */
 870:Middlewares/LVGL/lvgl/src/core/lv_obj_style_gen.h **** static inline lv_color_t lv_obj_get_style_shadow_color_filtered(const lv_obj_t * obj, lv_part_t par
 871:Middlewares/LVGL/lvgl/src/core/lv_obj_style_gen.h **** {
 872:Middlewares/LVGL/lvgl/src/core/lv_obj_style_gen.h ****     lv_style_value_t v = lv_obj_style_apply_color_filter(obj, part, lv_obj_get_style_prop(obj, part
 873:Middlewares/LVGL/lvgl/src/core/lv_obj_style_gen.h ****     return v.color;
 874:Middlewares/LVGL/lvgl/src/core/lv_obj_style_gen.h **** }
 875:Middlewares/LVGL/lvgl/src/core/lv_obj_style_gen.h **** 
 876:Middlewares/LVGL/lvgl/src/core/lv_obj_style_gen.h **** /**
 877:Middlewares/LVGL/lvgl/src/core/lv_obj_style_gen.h ****  * Get opacity of shadow. Value 0, `LV_OPA_0` or `LV_OPA_TRANSP` means fully
 878:Middlewares/LVGL/lvgl/src/core/lv_obj_style_gen.h ****  * transparent, 255, `LV_OPA_100` or `LV_OPA_COVER` means fully covering, other values
 879:Middlewares/LVGL/lvgl/src/core/lv_obj_style_gen.h ****  * or LV_OPA_10, LV_OPA_20, etc means semi transparency.
 880:Middlewares/LVGL/lvgl/src/core/lv_obj_style_gen.h ****  * Default: `LV_OPA_COVER`, inherited: No, layout: No, ext. draw: Yes.
 881:Middlewares/LVGL/lvgl/src/core/lv_obj_style_gen.h ****  * @param  obj    Pointer to Widget
 882:Middlewares/LVGL/lvgl/src/core/lv_obj_style_gen.h ****  * @param  part   One of the `LV_PART_...` enum values
 883:Middlewares/LVGL/lvgl/src/core/lv_obj_style_gen.h ****  */
ARM GAS  C:\Users\w1785\AppData\Local\Temp\ccv6fGyr.s 			page 100


 884:Middlewares/LVGL/lvgl/src/core/lv_obj_style_gen.h **** static inline lv_opa_t lv_obj_get_style_shadow_opa(const lv_obj_t * obj, lv_part_t part)
 885:Middlewares/LVGL/lvgl/src/core/lv_obj_style_gen.h **** {
 886:Middlewares/LVGL/lvgl/src/core/lv_obj_style_gen.h ****     lv_style_value_t v = lv_obj_get_style_prop(obj, part, LV_STYLE_SHADOW_OPA);
 887:Middlewares/LVGL/lvgl/src/core/lv_obj_style_gen.h ****     return (lv_opa_t)v.num;
 888:Middlewares/LVGL/lvgl/src/core/lv_obj_style_gen.h **** }
 889:Middlewares/LVGL/lvgl/src/core/lv_obj_style_gen.h **** 
 890:Middlewares/LVGL/lvgl/src/core/lv_obj_style_gen.h **** /**
 891:Middlewares/LVGL/lvgl/src/core/lv_obj_style_gen.h ****  * Get opacity of an image. Value 0, `LV_OPA_0` or `LV_OPA_TRANSP` means fully
 892:Middlewares/LVGL/lvgl/src/core/lv_obj_style_gen.h ****  * transparent, 255, `LV_OPA_100` or `LV_OPA_COVER` means fully covering, other values
 893:Middlewares/LVGL/lvgl/src/core/lv_obj_style_gen.h ****  * or LV_OPA_10, LV_OPA_20, etc means semi transparency.
 894:Middlewares/LVGL/lvgl/src/core/lv_obj_style_gen.h ****  * Default: `LV_OPA_COVER`, inherited: No, layout: No, ext. draw: No.
 895:Middlewares/LVGL/lvgl/src/core/lv_obj_style_gen.h ****  * @param  obj    Pointer to Widget
 896:Middlewares/LVGL/lvgl/src/core/lv_obj_style_gen.h ****  * @param  part   One of the `LV_PART_...` enum values
 897:Middlewares/LVGL/lvgl/src/core/lv_obj_style_gen.h ****  */
 898:Middlewares/LVGL/lvgl/src/core/lv_obj_style_gen.h **** static inline lv_opa_t lv_obj_get_style_image_opa(const lv_obj_t * obj, lv_part_t part)
 899:Middlewares/LVGL/lvgl/src/core/lv_obj_style_gen.h **** {
 900:Middlewares/LVGL/lvgl/src/core/lv_obj_style_gen.h ****     lv_style_value_t v = lv_obj_get_style_prop(obj, part, LV_STYLE_IMAGE_OPA);
 901:Middlewares/LVGL/lvgl/src/core/lv_obj_style_gen.h ****     return (lv_opa_t)v.num;
 902:Middlewares/LVGL/lvgl/src/core/lv_obj_style_gen.h **** }
 903:Middlewares/LVGL/lvgl/src/core/lv_obj_style_gen.h **** 
 904:Middlewares/LVGL/lvgl/src/core/lv_obj_style_gen.h **** /**
 905:Middlewares/LVGL/lvgl/src/core/lv_obj_style_gen.h ****  * Get color to mix with the image.
 906:Middlewares/LVGL/lvgl/src/core/lv_obj_style_gen.h ****  * Default: `0x000000`, inherited: No, layout: No, ext. draw: No.
 907:Middlewares/LVGL/lvgl/src/core/lv_obj_style_gen.h ****  * @param  obj    Pointer to Widget
 908:Middlewares/LVGL/lvgl/src/core/lv_obj_style_gen.h ****  * @param  part   One of the `LV_PART_...` enum values
 909:Middlewares/LVGL/lvgl/src/core/lv_obj_style_gen.h ****  */
 910:Middlewares/LVGL/lvgl/src/core/lv_obj_style_gen.h **** static inline lv_color_t lv_obj_get_style_image_recolor(const lv_obj_t * obj, lv_part_t part)
 911:Middlewares/LVGL/lvgl/src/core/lv_obj_style_gen.h **** {
 912:Middlewares/LVGL/lvgl/src/core/lv_obj_style_gen.h ****     lv_style_value_t v = lv_obj_get_style_prop(obj, part, LV_STYLE_IMAGE_RECOLOR);
 913:Middlewares/LVGL/lvgl/src/core/lv_obj_style_gen.h ****     return v.color;
 914:Middlewares/LVGL/lvgl/src/core/lv_obj_style_gen.h **** }
 915:Middlewares/LVGL/lvgl/src/core/lv_obj_style_gen.h **** 
 916:Middlewares/LVGL/lvgl/src/core/lv_obj_style_gen.h **** /**
 917:Middlewares/LVGL/lvgl/src/core/lv_obj_style_gen.h ****  * Get color to mix with the image.
 918:Middlewares/LVGL/lvgl/src/core/lv_obj_style_gen.h ****  * Default: `0x000000`, inherited: No, layout: No, ext. draw: No.
 919:Middlewares/LVGL/lvgl/src/core/lv_obj_style_gen.h ****  * @param  obj    Pointer to Widget
 920:Middlewares/LVGL/lvgl/src/core/lv_obj_style_gen.h ****  * @param  part   One of the `LV_PART_...` enum values
 921:Middlewares/LVGL/lvgl/src/core/lv_obj_style_gen.h ****  */
 922:Middlewares/LVGL/lvgl/src/core/lv_obj_style_gen.h **** static inline lv_color_t lv_obj_get_style_image_recolor_filtered(const lv_obj_t * obj, lv_part_t pa
 923:Middlewares/LVGL/lvgl/src/core/lv_obj_style_gen.h **** {
 924:Middlewares/LVGL/lvgl/src/core/lv_obj_style_gen.h ****     lv_style_value_t v = lv_obj_style_apply_color_filter(obj, part, lv_obj_get_style_prop(obj, part
 925:Middlewares/LVGL/lvgl/src/core/lv_obj_style_gen.h ****     return v.color;
 926:Middlewares/LVGL/lvgl/src/core/lv_obj_style_gen.h **** }
 927:Middlewares/LVGL/lvgl/src/core/lv_obj_style_gen.h **** 
 928:Middlewares/LVGL/lvgl/src/core/lv_obj_style_gen.h **** /**
 929:Middlewares/LVGL/lvgl/src/core/lv_obj_style_gen.h ****  * Get intensity of color mixing. Value 0, `LV_OPA_0` or `LV_OPA_TRANSP` means fully
 930:Middlewares/LVGL/lvgl/src/core/lv_obj_style_gen.h ****  * transparent, 255, `LV_OPA_100` or `LV_OPA_COVER` means fully covering, other values
 931:Middlewares/LVGL/lvgl/src/core/lv_obj_style_gen.h ****  * or LV_OPA_10, LV_OPA_20, etc means semi transparency.
 932:Middlewares/LVGL/lvgl/src/core/lv_obj_style_gen.h ****  * Default: 0, inherited: No, layout: No, ext. draw: No.
 933:Middlewares/LVGL/lvgl/src/core/lv_obj_style_gen.h ****  * @param  obj    Pointer to Widget
 934:Middlewares/LVGL/lvgl/src/core/lv_obj_style_gen.h ****  * @param  part   One of the `LV_PART_...` enum values
 935:Middlewares/LVGL/lvgl/src/core/lv_obj_style_gen.h ****  */
 936:Middlewares/LVGL/lvgl/src/core/lv_obj_style_gen.h **** static inline lv_opa_t lv_obj_get_style_image_recolor_opa(const lv_obj_t * obj, lv_part_t part)
 937:Middlewares/LVGL/lvgl/src/core/lv_obj_style_gen.h **** {
 938:Middlewares/LVGL/lvgl/src/core/lv_obj_style_gen.h ****     lv_style_value_t v = lv_obj_get_style_prop(obj, part, LV_STYLE_IMAGE_RECOLOR_OPA);
 939:Middlewares/LVGL/lvgl/src/core/lv_obj_style_gen.h ****     return (lv_opa_t)v.num;
 940:Middlewares/LVGL/lvgl/src/core/lv_obj_style_gen.h **** }
ARM GAS  C:\Users\w1785\AppData\Local\Temp\ccv6fGyr.s 			page 101


 941:Middlewares/LVGL/lvgl/src/core/lv_obj_style_gen.h **** 
 942:Middlewares/LVGL/lvgl/src/core/lv_obj_style_gen.h **** /**
 943:Middlewares/LVGL/lvgl/src/core/lv_obj_style_gen.h ****  * Get image colorkey definition. The lv_image_colorkey_t contains two color values:
 944:Middlewares/LVGL/lvgl/src/core/lv_obj_style_gen.h ****  * `high_color` and `low_color`. the color of pixels ranging from `low_color` to
 945:Middlewares/LVGL/lvgl/src/core/lv_obj_style_gen.h ****  * `high_color` will be transparent.
 946:Middlewares/LVGL/lvgl/src/core/lv_obj_style_gen.h ****  * Default: `NULL`, inherited: No, layout: No, ext. draw: No.
 947:Middlewares/LVGL/lvgl/src/core/lv_obj_style_gen.h ****  * @param  obj    Pointer to Widget
 948:Middlewares/LVGL/lvgl/src/core/lv_obj_style_gen.h ****  * @param  part   One of the `LV_PART_...` enum values
 949:Middlewares/LVGL/lvgl/src/core/lv_obj_style_gen.h ****  */
 950:Middlewares/LVGL/lvgl/src/core/lv_obj_style_gen.h **** static inline const lv_image_colorkey_t * lv_obj_get_style_image_colorkey(const lv_obj_t * obj, lv_
 951:Middlewares/LVGL/lvgl/src/core/lv_obj_style_gen.h **** {
 952:Middlewares/LVGL/lvgl/src/core/lv_obj_style_gen.h ****     lv_style_value_t v = lv_obj_get_style_prop(obj, part, LV_STYLE_IMAGE_COLORKEY);
 953:Middlewares/LVGL/lvgl/src/core/lv_obj_style_gen.h ****     return (const lv_image_colorkey_t *)v.ptr;
 954:Middlewares/LVGL/lvgl/src/core/lv_obj_style_gen.h **** }
 955:Middlewares/LVGL/lvgl/src/core/lv_obj_style_gen.h **** 
 956:Middlewares/LVGL/lvgl/src/core/lv_obj_style_gen.h **** /**
 957:Middlewares/LVGL/lvgl/src/core/lv_obj_style_gen.h ****  * Get width of lines in pixels.
 958:Middlewares/LVGL/lvgl/src/core/lv_obj_style_gen.h ****  * Default: 0, inherited: No, layout: No, ext. draw: Yes.
 959:Middlewares/LVGL/lvgl/src/core/lv_obj_style_gen.h ****  * @param  obj    Pointer to Widget
 960:Middlewares/LVGL/lvgl/src/core/lv_obj_style_gen.h ****  * @param  part   One of the `LV_PART_...` enum values
 961:Middlewares/LVGL/lvgl/src/core/lv_obj_style_gen.h ****  */
 962:Middlewares/LVGL/lvgl/src/core/lv_obj_style_gen.h **** static inline int32_t lv_obj_get_style_line_width(const lv_obj_t * obj, lv_part_t part)
 963:Middlewares/LVGL/lvgl/src/core/lv_obj_style_gen.h **** {
 964:Middlewares/LVGL/lvgl/src/core/lv_obj_style_gen.h ****     lv_style_value_t v = lv_obj_get_style_prop(obj, part, LV_STYLE_LINE_WIDTH);
 965:Middlewares/LVGL/lvgl/src/core/lv_obj_style_gen.h ****     return (int32_t)v.num;
 966:Middlewares/LVGL/lvgl/src/core/lv_obj_style_gen.h **** }
 967:Middlewares/LVGL/lvgl/src/core/lv_obj_style_gen.h **** 
 968:Middlewares/LVGL/lvgl/src/core/lv_obj_style_gen.h **** /**
 969:Middlewares/LVGL/lvgl/src/core/lv_obj_style_gen.h ****  * Get width of dashes in pixels. Note that dash works only on horizontal and vertical lines.
 970:Middlewares/LVGL/lvgl/src/core/lv_obj_style_gen.h ****  * Default: 0, inherited: No, layout: No, ext. draw: No.
 971:Middlewares/LVGL/lvgl/src/core/lv_obj_style_gen.h ****  * @param  obj    Pointer to Widget
 972:Middlewares/LVGL/lvgl/src/core/lv_obj_style_gen.h ****  * @param  part   One of the `LV_PART_...` enum values
 973:Middlewares/LVGL/lvgl/src/core/lv_obj_style_gen.h ****  */
 974:Middlewares/LVGL/lvgl/src/core/lv_obj_style_gen.h **** static inline int32_t lv_obj_get_style_line_dash_width(const lv_obj_t * obj, lv_part_t part)
 975:Middlewares/LVGL/lvgl/src/core/lv_obj_style_gen.h **** {
 976:Middlewares/LVGL/lvgl/src/core/lv_obj_style_gen.h ****     lv_style_value_t v = lv_obj_get_style_prop(obj, part, LV_STYLE_LINE_DASH_WIDTH);
 977:Middlewares/LVGL/lvgl/src/core/lv_obj_style_gen.h ****     return (int32_t)v.num;
 978:Middlewares/LVGL/lvgl/src/core/lv_obj_style_gen.h **** }
 979:Middlewares/LVGL/lvgl/src/core/lv_obj_style_gen.h **** 
 980:Middlewares/LVGL/lvgl/src/core/lv_obj_style_gen.h **** /**
 981:Middlewares/LVGL/lvgl/src/core/lv_obj_style_gen.h ****  * Get gap between dashes in pixels. Note that dash works only on horizontal and
 982:Middlewares/LVGL/lvgl/src/core/lv_obj_style_gen.h ****  * vertical lines.
 983:Middlewares/LVGL/lvgl/src/core/lv_obj_style_gen.h ****  * Default: 0, inherited: No, layout: No, ext. draw: No.
 984:Middlewares/LVGL/lvgl/src/core/lv_obj_style_gen.h ****  * @param  obj    Pointer to Widget
 985:Middlewares/LVGL/lvgl/src/core/lv_obj_style_gen.h ****  * @param  part   One of the `LV_PART_...` enum values
 986:Middlewares/LVGL/lvgl/src/core/lv_obj_style_gen.h ****  */
 987:Middlewares/LVGL/lvgl/src/core/lv_obj_style_gen.h **** static inline int32_t lv_obj_get_style_line_dash_gap(const lv_obj_t * obj, lv_part_t part)
 988:Middlewares/LVGL/lvgl/src/core/lv_obj_style_gen.h **** {
 989:Middlewares/LVGL/lvgl/src/core/lv_obj_style_gen.h ****     lv_style_value_t v = lv_obj_get_style_prop(obj, part, LV_STYLE_LINE_DASH_GAP);
 990:Middlewares/LVGL/lvgl/src/core/lv_obj_style_gen.h ****     return (int32_t)v.num;
 991:Middlewares/LVGL/lvgl/src/core/lv_obj_style_gen.h **** }
 992:Middlewares/LVGL/lvgl/src/core/lv_obj_style_gen.h **** 
 993:Middlewares/LVGL/lvgl/src/core/lv_obj_style_gen.h **** /**
 994:Middlewares/LVGL/lvgl/src/core/lv_obj_style_gen.h ****  * Make end points of the lines rounded. `true`: rounded, `false`: perpendicular line ending.
 995:Middlewares/LVGL/lvgl/src/core/lv_obj_style_gen.h ****  * Default: 0, inherited: No, layout: No, ext. draw: No.
 996:Middlewares/LVGL/lvgl/src/core/lv_obj_style_gen.h ****  * @param  obj    Pointer to Widget
 997:Middlewares/LVGL/lvgl/src/core/lv_obj_style_gen.h ****  * @param  part   One of the `LV_PART_...` enum values
ARM GAS  C:\Users\w1785\AppData\Local\Temp\ccv6fGyr.s 			page 102


 998:Middlewares/LVGL/lvgl/src/core/lv_obj_style_gen.h ****  */
 999:Middlewares/LVGL/lvgl/src/core/lv_obj_style_gen.h **** static inline bool lv_obj_get_style_line_rounded(const lv_obj_t * obj, lv_part_t part)
1000:Middlewares/LVGL/lvgl/src/core/lv_obj_style_gen.h **** {
1001:Middlewares/LVGL/lvgl/src/core/lv_obj_style_gen.h ****     lv_style_value_t v = lv_obj_get_style_prop(obj, part, LV_STYLE_LINE_ROUNDED);
1002:Middlewares/LVGL/lvgl/src/core/lv_obj_style_gen.h ****     return (bool)v.num;
1003:Middlewares/LVGL/lvgl/src/core/lv_obj_style_gen.h **** }
1004:Middlewares/LVGL/lvgl/src/core/lv_obj_style_gen.h **** 
1005:Middlewares/LVGL/lvgl/src/core/lv_obj_style_gen.h **** /**
1006:Middlewares/LVGL/lvgl/src/core/lv_obj_style_gen.h ****  * Get color of lines.
1007:Middlewares/LVGL/lvgl/src/core/lv_obj_style_gen.h ****  * Default: `0x000000`, inherited: No, layout: No, ext. draw: No.
1008:Middlewares/LVGL/lvgl/src/core/lv_obj_style_gen.h ****  * @param  obj    Pointer to Widget
1009:Middlewares/LVGL/lvgl/src/core/lv_obj_style_gen.h ****  * @param  part   One of the `LV_PART_...` enum values
1010:Middlewares/LVGL/lvgl/src/core/lv_obj_style_gen.h ****  */
1011:Middlewares/LVGL/lvgl/src/core/lv_obj_style_gen.h **** static inline lv_color_t lv_obj_get_style_line_color(const lv_obj_t * obj, lv_part_t part)
1012:Middlewares/LVGL/lvgl/src/core/lv_obj_style_gen.h **** {
1013:Middlewares/LVGL/lvgl/src/core/lv_obj_style_gen.h ****     lv_style_value_t v = lv_obj_get_style_prop(obj, part, LV_STYLE_LINE_COLOR);
1014:Middlewares/LVGL/lvgl/src/core/lv_obj_style_gen.h ****     return v.color;
1015:Middlewares/LVGL/lvgl/src/core/lv_obj_style_gen.h **** }
1016:Middlewares/LVGL/lvgl/src/core/lv_obj_style_gen.h **** 
1017:Middlewares/LVGL/lvgl/src/core/lv_obj_style_gen.h **** /**
1018:Middlewares/LVGL/lvgl/src/core/lv_obj_style_gen.h ****  * Get color of lines.
1019:Middlewares/LVGL/lvgl/src/core/lv_obj_style_gen.h ****  * Default: `0x000000`, inherited: No, layout: No, ext. draw: No.
1020:Middlewares/LVGL/lvgl/src/core/lv_obj_style_gen.h ****  * @param  obj    Pointer to Widget
1021:Middlewares/LVGL/lvgl/src/core/lv_obj_style_gen.h ****  * @param  part   One of the `LV_PART_...` enum values
1022:Middlewares/LVGL/lvgl/src/core/lv_obj_style_gen.h ****  */
1023:Middlewares/LVGL/lvgl/src/core/lv_obj_style_gen.h **** static inline lv_color_t lv_obj_get_style_line_color_filtered(const lv_obj_t * obj, lv_part_t part)
1024:Middlewares/LVGL/lvgl/src/core/lv_obj_style_gen.h **** {
1025:Middlewares/LVGL/lvgl/src/core/lv_obj_style_gen.h ****     lv_style_value_t v = lv_obj_style_apply_color_filter(obj, part, lv_obj_get_style_prop(obj, part
1026:Middlewares/LVGL/lvgl/src/core/lv_obj_style_gen.h ****     return v.color;
1027:Middlewares/LVGL/lvgl/src/core/lv_obj_style_gen.h **** }
1028:Middlewares/LVGL/lvgl/src/core/lv_obj_style_gen.h **** 
1029:Middlewares/LVGL/lvgl/src/core/lv_obj_style_gen.h **** /**
1030:Middlewares/LVGL/lvgl/src/core/lv_obj_style_gen.h ****  * Get opacity of lines.
1031:Middlewares/LVGL/lvgl/src/core/lv_obj_style_gen.h ****  * Default: `LV_OPA_COVER`, inherited: No, layout: No, ext. draw: No.
1032:Middlewares/LVGL/lvgl/src/core/lv_obj_style_gen.h ****  * @param  obj    Pointer to Widget
1033:Middlewares/LVGL/lvgl/src/core/lv_obj_style_gen.h ****  * @param  part   One of the `LV_PART_...` enum values
1034:Middlewares/LVGL/lvgl/src/core/lv_obj_style_gen.h ****  */
1035:Middlewares/LVGL/lvgl/src/core/lv_obj_style_gen.h **** static inline lv_opa_t lv_obj_get_style_line_opa(const lv_obj_t * obj, lv_part_t part)
1036:Middlewares/LVGL/lvgl/src/core/lv_obj_style_gen.h **** {
1037:Middlewares/LVGL/lvgl/src/core/lv_obj_style_gen.h ****     lv_style_value_t v = lv_obj_get_style_prop(obj, part, LV_STYLE_LINE_OPA);
1038:Middlewares/LVGL/lvgl/src/core/lv_obj_style_gen.h ****     return (lv_opa_t)v.num;
1039:Middlewares/LVGL/lvgl/src/core/lv_obj_style_gen.h **** }
1040:Middlewares/LVGL/lvgl/src/core/lv_obj_style_gen.h **** 
1041:Middlewares/LVGL/lvgl/src/core/lv_obj_style_gen.h **** /**
1042:Middlewares/LVGL/lvgl/src/core/lv_obj_style_gen.h ****  * Get width (thickness) of arcs in pixels.
1043:Middlewares/LVGL/lvgl/src/core/lv_obj_style_gen.h ****  * Default: 0, inherited: No, layout: No, ext. draw: Yes.
1044:Middlewares/LVGL/lvgl/src/core/lv_obj_style_gen.h ****  * @param  obj    Pointer to Widget
1045:Middlewares/LVGL/lvgl/src/core/lv_obj_style_gen.h ****  * @param  part   One of the `LV_PART_...` enum values
1046:Middlewares/LVGL/lvgl/src/core/lv_obj_style_gen.h ****  */
1047:Middlewares/LVGL/lvgl/src/core/lv_obj_style_gen.h **** static inline int32_t lv_obj_get_style_arc_width(const lv_obj_t * obj, lv_part_t part)
1048:Middlewares/LVGL/lvgl/src/core/lv_obj_style_gen.h **** {
1049:Middlewares/LVGL/lvgl/src/core/lv_obj_style_gen.h ****     lv_style_value_t v = lv_obj_get_style_prop(obj, part, LV_STYLE_ARC_WIDTH);
1050:Middlewares/LVGL/lvgl/src/core/lv_obj_style_gen.h ****     return (int32_t)v.num;
1051:Middlewares/LVGL/lvgl/src/core/lv_obj_style_gen.h **** }
1052:Middlewares/LVGL/lvgl/src/core/lv_obj_style_gen.h **** 
1053:Middlewares/LVGL/lvgl/src/core/lv_obj_style_gen.h **** /**
1054:Middlewares/LVGL/lvgl/src/core/lv_obj_style_gen.h ****  * Make end points of arcs rounded. `true`: rounded, `false`: perpendicular line ending.
ARM GAS  C:\Users\w1785\AppData\Local\Temp\ccv6fGyr.s 			page 103


1055:Middlewares/LVGL/lvgl/src/core/lv_obj_style_gen.h ****  * Default: 0, inherited: No, layout: No, ext. draw: No.
1056:Middlewares/LVGL/lvgl/src/core/lv_obj_style_gen.h ****  * @param  obj    Pointer to Widget
1057:Middlewares/LVGL/lvgl/src/core/lv_obj_style_gen.h ****  * @param  part   One of the `LV_PART_...` enum values
1058:Middlewares/LVGL/lvgl/src/core/lv_obj_style_gen.h ****  */
1059:Middlewares/LVGL/lvgl/src/core/lv_obj_style_gen.h **** static inline bool lv_obj_get_style_arc_rounded(const lv_obj_t * obj, lv_part_t part)
1060:Middlewares/LVGL/lvgl/src/core/lv_obj_style_gen.h **** {
1061:Middlewares/LVGL/lvgl/src/core/lv_obj_style_gen.h ****     lv_style_value_t v = lv_obj_get_style_prop(obj, part, LV_STYLE_ARC_ROUNDED);
1062:Middlewares/LVGL/lvgl/src/core/lv_obj_style_gen.h ****     return (bool)v.num;
1063:Middlewares/LVGL/lvgl/src/core/lv_obj_style_gen.h **** }
1064:Middlewares/LVGL/lvgl/src/core/lv_obj_style_gen.h **** 
1065:Middlewares/LVGL/lvgl/src/core/lv_obj_style_gen.h **** /**
1066:Middlewares/LVGL/lvgl/src/core/lv_obj_style_gen.h ****  * Get color of arc.
1067:Middlewares/LVGL/lvgl/src/core/lv_obj_style_gen.h ****  * Default: `0x000000`, inherited: No, layout: No, ext. draw: No.
1068:Middlewares/LVGL/lvgl/src/core/lv_obj_style_gen.h ****  * @param  obj    Pointer to Widget
1069:Middlewares/LVGL/lvgl/src/core/lv_obj_style_gen.h ****  * @param  part   One of the `LV_PART_...` enum values
1070:Middlewares/LVGL/lvgl/src/core/lv_obj_style_gen.h ****  */
1071:Middlewares/LVGL/lvgl/src/core/lv_obj_style_gen.h **** static inline lv_color_t lv_obj_get_style_arc_color(const lv_obj_t * obj, lv_part_t part)
1072:Middlewares/LVGL/lvgl/src/core/lv_obj_style_gen.h **** {
1073:Middlewares/LVGL/lvgl/src/core/lv_obj_style_gen.h ****     lv_style_value_t v = lv_obj_get_style_prop(obj, part, LV_STYLE_ARC_COLOR);
1074:Middlewares/LVGL/lvgl/src/core/lv_obj_style_gen.h ****     return v.color;
1075:Middlewares/LVGL/lvgl/src/core/lv_obj_style_gen.h **** }
1076:Middlewares/LVGL/lvgl/src/core/lv_obj_style_gen.h **** 
1077:Middlewares/LVGL/lvgl/src/core/lv_obj_style_gen.h **** /**
1078:Middlewares/LVGL/lvgl/src/core/lv_obj_style_gen.h ****  * Get color of arc.
1079:Middlewares/LVGL/lvgl/src/core/lv_obj_style_gen.h ****  * Default: `0x000000`, inherited: No, layout: No, ext. draw: No.
1080:Middlewares/LVGL/lvgl/src/core/lv_obj_style_gen.h ****  * @param  obj    Pointer to Widget
1081:Middlewares/LVGL/lvgl/src/core/lv_obj_style_gen.h ****  * @param  part   One of the `LV_PART_...` enum values
1082:Middlewares/LVGL/lvgl/src/core/lv_obj_style_gen.h ****  */
1083:Middlewares/LVGL/lvgl/src/core/lv_obj_style_gen.h **** static inline lv_color_t lv_obj_get_style_arc_color_filtered(const lv_obj_t * obj, lv_part_t part)
1084:Middlewares/LVGL/lvgl/src/core/lv_obj_style_gen.h **** {
1085:Middlewares/LVGL/lvgl/src/core/lv_obj_style_gen.h ****     lv_style_value_t v = lv_obj_style_apply_color_filter(obj, part, lv_obj_get_style_prop(obj, part
1086:Middlewares/LVGL/lvgl/src/core/lv_obj_style_gen.h ****     return v.color;
1087:Middlewares/LVGL/lvgl/src/core/lv_obj_style_gen.h **** }
1088:Middlewares/LVGL/lvgl/src/core/lv_obj_style_gen.h **** 
1089:Middlewares/LVGL/lvgl/src/core/lv_obj_style_gen.h **** /**
1090:Middlewares/LVGL/lvgl/src/core/lv_obj_style_gen.h ****  * Get opacity of arcs.
1091:Middlewares/LVGL/lvgl/src/core/lv_obj_style_gen.h ****  * Default: `LV_OPA_COVER`, inherited: No, layout: No, ext. draw: No.
1092:Middlewares/LVGL/lvgl/src/core/lv_obj_style_gen.h ****  * @param  obj    Pointer to Widget
1093:Middlewares/LVGL/lvgl/src/core/lv_obj_style_gen.h ****  * @param  part   One of the `LV_PART_...` enum values
1094:Middlewares/LVGL/lvgl/src/core/lv_obj_style_gen.h ****  */
1095:Middlewares/LVGL/lvgl/src/core/lv_obj_style_gen.h **** static inline lv_opa_t lv_obj_get_style_arc_opa(const lv_obj_t * obj, lv_part_t part)
1096:Middlewares/LVGL/lvgl/src/core/lv_obj_style_gen.h **** {
1097:Middlewares/LVGL/lvgl/src/core/lv_obj_style_gen.h ****     lv_style_value_t v = lv_obj_get_style_prop(obj, part, LV_STYLE_ARC_OPA);
1098:Middlewares/LVGL/lvgl/src/core/lv_obj_style_gen.h ****     return (lv_opa_t)v.num;
1099:Middlewares/LVGL/lvgl/src/core/lv_obj_style_gen.h **** }
1100:Middlewares/LVGL/lvgl/src/core/lv_obj_style_gen.h **** 
1101:Middlewares/LVGL/lvgl/src/core/lv_obj_style_gen.h **** /**
1102:Middlewares/LVGL/lvgl/src/core/lv_obj_style_gen.h ****  * Get an image from which arc will be masked out. It's useful to display complex
1103:Middlewares/LVGL/lvgl/src/core/lv_obj_style_gen.h ****  * effects on the arcs. Can be a pointer to `lv_image_dsc_t` or a path to a file.
1104:Middlewares/LVGL/lvgl/src/core/lv_obj_style_gen.h ****  * Default: `NULL`, inherited: No, layout: No, ext. draw: No.
1105:Middlewares/LVGL/lvgl/src/core/lv_obj_style_gen.h ****  * @param  obj    Pointer to Widget
1106:Middlewares/LVGL/lvgl/src/core/lv_obj_style_gen.h ****  * @param  part   One of the `LV_PART_...` enum values
1107:Middlewares/LVGL/lvgl/src/core/lv_obj_style_gen.h ****  */
1108:Middlewares/LVGL/lvgl/src/core/lv_obj_style_gen.h **** static inline const void * lv_obj_get_style_arc_image_src(const lv_obj_t * obj, lv_part_t part)
1109:Middlewares/LVGL/lvgl/src/core/lv_obj_style_gen.h **** {
1110:Middlewares/LVGL/lvgl/src/core/lv_obj_style_gen.h ****     lv_style_value_t v = lv_obj_get_style_prop(obj, part, LV_STYLE_ARC_IMAGE_SRC);
1111:Middlewares/LVGL/lvgl/src/core/lv_obj_style_gen.h ****     return (const void *)v.ptr;
ARM GAS  C:\Users\w1785\AppData\Local\Temp\ccv6fGyr.s 			page 104


1112:Middlewares/LVGL/lvgl/src/core/lv_obj_style_gen.h **** }
1113:Middlewares/LVGL/lvgl/src/core/lv_obj_style_gen.h **** 
1114:Middlewares/LVGL/lvgl/src/core/lv_obj_style_gen.h **** /**
1115:Middlewares/LVGL/lvgl/src/core/lv_obj_style_gen.h ****  * Gets color of text.
1116:Middlewares/LVGL/lvgl/src/core/lv_obj_style_gen.h ****  * Default: `0x000000`, inherited: Yes, layout: No, ext. draw: No.
1117:Middlewares/LVGL/lvgl/src/core/lv_obj_style_gen.h ****  * @param  obj    Pointer to Widget
1118:Middlewares/LVGL/lvgl/src/core/lv_obj_style_gen.h ****  * @param  part   One of the `LV_PART_...` enum values
1119:Middlewares/LVGL/lvgl/src/core/lv_obj_style_gen.h ****  */
1120:Middlewares/LVGL/lvgl/src/core/lv_obj_style_gen.h **** static inline lv_color_t lv_obj_get_style_text_color(const lv_obj_t * obj, lv_part_t part)
1121:Middlewares/LVGL/lvgl/src/core/lv_obj_style_gen.h **** {
1122:Middlewares/LVGL/lvgl/src/core/lv_obj_style_gen.h ****     lv_style_value_t v = lv_obj_get_style_prop(obj, part, LV_STYLE_TEXT_COLOR);
1123:Middlewares/LVGL/lvgl/src/core/lv_obj_style_gen.h ****     return v.color;
1124:Middlewares/LVGL/lvgl/src/core/lv_obj_style_gen.h **** }
1125:Middlewares/LVGL/lvgl/src/core/lv_obj_style_gen.h **** 
1126:Middlewares/LVGL/lvgl/src/core/lv_obj_style_gen.h **** /**
1127:Middlewares/LVGL/lvgl/src/core/lv_obj_style_gen.h ****  * Gets color of text.
1128:Middlewares/LVGL/lvgl/src/core/lv_obj_style_gen.h ****  * Default: `0x000000`, inherited: Yes, layout: No, ext. draw: No.
1129:Middlewares/LVGL/lvgl/src/core/lv_obj_style_gen.h ****  * @param  obj    Pointer to Widget
1130:Middlewares/LVGL/lvgl/src/core/lv_obj_style_gen.h ****  * @param  part   One of the `LV_PART_...` enum values
1131:Middlewares/LVGL/lvgl/src/core/lv_obj_style_gen.h ****  */
1132:Middlewares/LVGL/lvgl/src/core/lv_obj_style_gen.h **** static inline lv_color_t lv_obj_get_style_text_color_filtered(const lv_obj_t * obj, lv_part_t part)
1133:Middlewares/LVGL/lvgl/src/core/lv_obj_style_gen.h **** {
1134:Middlewares/LVGL/lvgl/src/core/lv_obj_style_gen.h ****     lv_style_value_t v = lv_obj_style_apply_color_filter(obj, part, lv_obj_get_style_prop(obj, part
1135:Middlewares/LVGL/lvgl/src/core/lv_obj_style_gen.h ****     return v.color;
1136:Middlewares/LVGL/lvgl/src/core/lv_obj_style_gen.h **** }
1137:Middlewares/LVGL/lvgl/src/core/lv_obj_style_gen.h **** 
1138:Middlewares/LVGL/lvgl/src/core/lv_obj_style_gen.h **** /**
1139:Middlewares/LVGL/lvgl/src/core/lv_obj_style_gen.h ****  * Get opacity of text. Value 0, `LV_OPA_0` or `LV_OPA_TRANSP` means fully
1140:Middlewares/LVGL/lvgl/src/core/lv_obj_style_gen.h ****  * transparent, 255, `LV_OPA_100` or `LV_OPA_COVER` means fully covering, other values
1141:Middlewares/LVGL/lvgl/src/core/lv_obj_style_gen.h ****  * or LV_OPA_10, LV_OPA_20, etc means semi transparency.
1142:Middlewares/LVGL/lvgl/src/core/lv_obj_style_gen.h ****  * Default: `LV_OPA_COVER`, inherited: Yes, layout: No, ext. draw: No.
1143:Middlewares/LVGL/lvgl/src/core/lv_obj_style_gen.h ****  * @param  obj    Pointer to Widget
1144:Middlewares/LVGL/lvgl/src/core/lv_obj_style_gen.h ****  * @param  part   One of the `LV_PART_...` enum values
1145:Middlewares/LVGL/lvgl/src/core/lv_obj_style_gen.h ****  */
1146:Middlewares/LVGL/lvgl/src/core/lv_obj_style_gen.h **** static inline lv_opa_t lv_obj_get_style_text_opa(const lv_obj_t * obj, lv_part_t part)
1147:Middlewares/LVGL/lvgl/src/core/lv_obj_style_gen.h **** {
1148:Middlewares/LVGL/lvgl/src/core/lv_obj_style_gen.h ****     lv_style_value_t v = lv_obj_get_style_prop(obj, part, LV_STYLE_TEXT_OPA);
1149:Middlewares/LVGL/lvgl/src/core/lv_obj_style_gen.h ****     return (lv_opa_t)v.num;
1150:Middlewares/LVGL/lvgl/src/core/lv_obj_style_gen.h **** }
1151:Middlewares/LVGL/lvgl/src/core/lv_obj_style_gen.h **** 
1152:Middlewares/LVGL/lvgl/src/core/lv_obj_style_gen.h **** /**
1153:Middlewares/LVGL/lvgl/src/core/lv_obj_style_gen.h ****  * Get font of text (a pointer `lv_font_t *`).
1154:Middlewares/LVGL/lvgl/src/core/lv_obj_style_gen.h ****  * Default: `LV_FONT_DEFAULT`, inherited: Yes, layout: Yes, ext. draw: No.
1155:Middlewares/LVGL/lvgl/src/core/lv_obj_style_gen.h ****  * @param  obj    Pointer to Widget
1156:Middlewares/LVGL/lvgl/src/core/lv_obj_style_gen.h ****  * @param  part   One of the `LV_PART_...` enum values
1157:Middlewares/LVGL/lvgl/src/core/lv_obj_style_gen.h ****  */
1158:Middlewares/LVGL/lvgl/src/core/lv_obj_style_gen.h **** static inline const lv_font_t * lv_obj_get_style_text_font(const lv_obj_t * obj, lv_part_t part)
1159:Middlewares/LVGL/lvgl/src/core/lv_obj_style_gen.h **** {
1160:Middlewares/LVGL/lvgl/src/core/lv_obj_style_gen.h ****     lv_style_value_t v = lv_obj_get_style_prop(obj, part, LV_STYLE_TEXT_FONT);
1161:Middlewares/LVGL/lvgl/src/core/lv_obj_style_gen.h ****     return (const lv_font_t *)v.ptr;
1162:Middlewares/LVGL/lvgl/src/core/lv_obj_style_gen.h **** }
1163:Middlewares/LVGL/lvgl/src/core/lv_obj_style_gen.h **** 
1164:Middlewares/LVGL/lvgl/src/core/lv_obj_style_gen.h **** /**
1165:Middlewares/LVGL/lvgl/src/core/lv_obj_style_gen.h ****  * Get letter space in pixels.
1166:Middlewares/LVGL/lvgl/src/core/lv_obj_style_gen.h ****  * Default: 0, inherited: Yes, layout: Yes, ext. draw: No.
1167:Middlewares/LVGL/lvgl/src/core/lv_obj_style_gen.h ****  * @param  obj    Pointer to Widget
1168:Middlewares/LVGL/lvgl/src/core/lv_obj_style_gen.h ****  * @param  part   One of the `LV_PART_...` enum values
ARM GAS  C:\Users\w1785\AppData\Local\Temp\ccv6fGyr.s 			page 105


1169:Middlewares/LVGL/lvgl/src/core/lv_obj_style_gen.h ****  */
1170:Middlewares/LVGL/lvgl/src/core/lv_obj_style_gen.h **** static inline int32_t lv_obj_get_style_text_letter_space(const lv_obj_t * obj, lv_part_t part)
1171:Middlewares/LVGL/lvgl/src/core/lv_obj_style_gen.h **** {
1172:Middlewares/LVGL/lvgl/src/core/lv_obj_style_gen.h ****     lv_style_value_t v = lv_obj_get_style_prop(obj, part, LV_STYLE_TEXT_LETTER_SPACE);
1173:Middlewares/LVGL/lvgl/src/core/lv_obj_style_gen.h ****     return (int32_t)v.num;
1174:Middlewares/LVGL/lvgl/src/core/lv_obj_style_gen.h **** }
1175:Middlewares/LVGL/lvgl/src/core/lv_obj_style_gen.h **** 
1176:Middlewares/LVGL/lvgl/src/core/lv_obj_style_gen.h **** /**
1177:Middlewares/LVGL/lvgl/src/core/lv_obj_style_gen.h ****  * Get line space in pixels.
1178:Middlewares/LVGL/lvgl/src/core/lv_obj_style_gen.h ****  * Default: 0, inherited: Yes, layout: Yes, ext. draw: No.
1179:Middlewares/LVGL/lvgl/src/core/lv_obj_style_gen.h ****  * @param  obj    Pointer to Widget
1180:Middlewares/LVGL/lvgl/src/core/lv_obj_style_gen.h ****  * @param  part   One of the `LV_PART_...` enum values
1181:Middlewares/LVGL/lvgl/src/core/lv_obj_style_gen.h ****  */
1182:Middlewares/LVGL/lvgl/src/core/lv_obj_style_gen.h **** static inline int32_t lv_obj_get_style_text_line_space(const lv_obj_t * obj, lv_part_t part)
1183:Middlewares/LVGL/lvgl/src/core/lv_obj_style_gen.h **** {
1184:Middlewares/LVGL/lvgl/src/core/lv_obj_style_gen.h ****     lv_style_value_t v = lv_obj_get_style_prop(obj, part, LV_STYLE_TEXT_LINE_SPACE);
1185:Middlewares/LVGL/lvgl/src/core/lv_obj_style_gen.h ****     return (int32_t)v.num;
1186:Middlewares/LVGL/lvgl/src/core/lv_obj_style_gen.h **** }
1187:Middlewares/LVGL/lvgl/src/core/lv_obj_style_gen.h **** 
1188:Middlewares/LVGL/lvgl/src/core/lv_obj_style_gen.h **** /**
1189:Middlewares/LVGL/lvgl/src/core/lv_obj_style_gen.h ****  * Get decoration for the text. Possible values are
1190:Middlewares/LVGL/lvgl/src/core/lv_obj_style_gen.h ****  * `LV_TEXT_DECOR_NONE/UNDERLINE/STRIKETHROUGH`. OR-ed values can be used as well.
1191:Middlewares/LVGL/lvgl/src/core/lv_obj_style_gen.h ****  * Default: `LV_TEXT_DECOR_NONE`, inherited: Yes, layout: No, ext. draw: No.
1192:Middlewares/LVGL/lvgl/src/core/lv_obj_style_gen.h ****  * @param  obj    Pointer to Widget
1193:Middlewares/LVGL/lvgl/src/core/lv_obj_style_gen.h ****  * @param  part   One of the `LV_PART_...` enum values
1194:Middlewares/LVGL/lvgl/src/core/lv_obj_style_gen.h ****  */
1195:Middlewares/LVGL/lvgl/src/core/lv_obj_style_gen.h **** static inline lv_text_decor_t lv_obj_get_style_text_decor(const lv_obj_t * obj, lv_part_t part)
1196:Middlewares/LVGL/lvgl/src/core/lv_obj_style_gen.h **** {
1197:Middlewares/LVGL/lvgl/src/core/lv_obj_style_gen.h ****     lv_style_value_t v = lv_obj_get_style_prop(obj, part, LV_STYLE_TEXT_DECOR);
1198:Middlewares/LVGL/lvgl/src/core/lv_obj_style_gen.h ****     return (lv_text_decor_t)v.num;
1199:Middlewares/LVGL/lvgl/src/core/lv_obj_style_gen.h **** }
1200:Middlewares/LVGL/lvgl/src/core/lv_obj_style_gen.h **** 
1201:Middlewares/LVGL/lvgl/src/core/lv_obj_style_gen.h **** /**
1202:Middlewares/LVGL/lvgl/src/core/lv_obj_style_gen.h ****  * Get how to align the lines of the text. Note that it doesn't align the Widget
1203:Middlewares/LVGL/lvgl/src/core/lv_obj_style_gen.h ****  * itself, only the lines inside the Widget. Possible values are
1204:Middlewares/LVGL/lvgl/src/core/lv_obj_style_gen.h ****  * `LV_TEXT_ALIGN_LEFT/CENTER/RIGHT/AUTO`. `LV_TEXT_ALIGN_AUTO` detect the text base
1205:Middlewares/LVGL/lvgl/src/core/lv_obj_style_gen.h ****  * direction and uses left or right alignment accordingly.
1206:Middlewares/LVGL/lvgl/src/core/lv_obj_style_gen.h ****  * Default: `LV_TEXT_ALIGN_AUTO`, inherited: Yes, layout: Yes, ext. draw: No.
1207:Middlewares/LVGL/lvgl/src/core/lv_obj_style_gen.h ****  * @param  obj    Pointer to Widget
1208:Middlewares/LVGL/lvgl/src/core/lv_obj_style_gen.h ****  * @param  part   One of the `LV_PART_...` enum values
1209:Middlewares/LVGL/lvgl/src/core/lv_obj_style_gen.h ****  */
1210:Middlewares/LVGL/lvgl/src/core/lv_obj_style_gen.h **** static inline lv_text_align_t lv_obj_get_style_text_align(const lv_obj_t * obj, lv_part_t part)
1211:Middlewares/LVGL/lvgl/src/core/lv_obj_style_gen.h **** {
1212:Middlewares/LVGL/lvgl/src/core/lv_obj_style_gen.h ****     lv_style_value_t v = lv_obj_get_style_prop(obj, part, LV_STYLE_TEXT_ALIGN);
1213:Middlewares/LVGL/lvgl/src/core/lv_obj_style_gen.h ****     return (lv_text_align_t)v.num;
1214:Middlewares/LVGL/lvgl/src/core/lv_obj_style_gen.h **** }
1215:Middlewares/LVGL/lvgl/src/core/lv_obj_style_gen.h **** 
1216:Middlewares/LVGL/lvgl/src/core/lv_obj_style_gen.h **** /**
1217:Middlewares/LVGL/lvgl/src/core/lv_obj_style_gen.h ****  * Gets the color of letter outline stroke.
1218:Middlewares/LVGL/lvgl/src/core/lv_obj_style_gen.h ****  * Default: `0x000000`, inherited: Yes, layout: No, ext. draw: No.
1219:Middlewares/LVGL/lvgl/src/core/lv_obj_style_gen.h ****  * @param  obj    Pointer to Widget
1220:Middlewares/LVGL/lvgl/src/core/lv_obj_style_gen.h ****  * @param  part   One of the `LV_PART_...` enum values
1221:Middlewares/LVGL/lvgl/src/core/lv_obj_style_gen.h ****  */
1222:Middlewares/LVGL/lvgl/src/core/lv_obj_style_gen.h **** static inline lv_color_t lv_obj_get_style_text_outline_stroke_color(const lv_obj_t * obj, lv_part_t
1223:Middlewares/LVGL/lvgl/src/core/lv_obj_style_gen.h **** {
1224:Middlewares/LVGL/lvgl/src/core/lv_obj_style_gen.h ****     lv_style_value_t v = lv_obj_get_style_prop(obj, part, LV_STYLE_TEXT_OUTLINE_STROKE_COLOR);
1225:Middlewares/LVGL/lvgl/src/core/lv_obj_style_gen.h ****     return v.color;
ARM GAS  C:\Users\w1785\AppData\Local\Temp\ccv6fGyr.s 			page 106


1226:Middlewares/LVGL/lvgl/src/core/lv_obj_style_gen.h **** }
1227:Middlewares/LVGL/lvgl/src/core/lv_obj_style_gen.h **** 
1228:Middlewares/LVGL/lvgl/src/core/lv_obj_style_gen.h **** /**
1229:Middlewares/LVGL/lvgl/src/core/lv_obj_style_gen.h ****  * Gets the color of letter outline stroke.
1230:Middlewares/LVGL/lvgl/src/core/lv_obj_style_gen.h ****  * Default: `0x000000`, inherited: Yes, layout: No, ext. draw: No.
1231:Middlewares/LVGL/lvgl/src/core/lv_obj_style_gen.h ****  * @param  obj    Pointer to Widget
1232:Middlewares/LVGL/lvgl/src/core/lv_obj_style_gen.h ****  * @param  part   One of the `LV_PART_...` enum values
1233:Middlewares/LVGL/lvgl/src/core/lv_obj_style_gen.h ****  */
1234:Middlewares/LVGL/lvgl/src/core/lv_obj_style_gen.h **** static inline lv_color_t lv_obj_get_style_text_outline_stroke_color_filtered(const lv_obj_t * obj, 
1235:Middlewares/LVGL/lvgl/src/core/lv_obj_style_gen.h **** {
1236:Middlewares/LVGL/lvgl/src/core/lv_obj_style_gen.h ****     lv_style_value_t v = lv_obj_style_apply_color_filter(obj, part, lv_obj_get_style_prop(obj, part
1237:Middlewares/LVGL/lvgl/src/core/lv_obj_style_gen.h ****     return v.color;
1238:Middlewares/LVGL/lvgl/src/core/lv_obj_style_gen.h **** }
1239:Middlewares/LVGL/lvgl/src/core/lv_obj_style_gen.h **** 
1240:Middlewares/LVGL/lvgl/src/core/lv_obj_style_gen.h **** /**
1241:Middlewares/LVGL/lvgl/src/core/lv_obj_style_gen.h ****  * Get the letter outline stroke width in pixels.
1242:Middlewares/LVGL/lvgl/src/core/lv_obj_style_gen.h ****  * Default: 0, inherited: Yes, layout: Yes, ext. draw: No.
1243:Middlewares/LVGL/lvgl/src/core/lv_obj_style_gen.h ****  * @param  obj    Pointer to Widget
1244:Middlewares/LVGL/lvgl/src/core/lv_obj_style_gen.h ****  * @param  part   One of the `LV_PART_...` enum values
1245:Middlewares/LVGL/lvgl/src/core/lv_obj_style_gen.h ****  */
1246:Middlewares/LVGL/lvgl/src/core/lv_obj_style_gen.h **** static inline int32_t lv_obj_get_style_text_outline_stroke_width(const lv_obj_t * obj, lv_part_t pa
1247:Middlewares/LVGL/lvgl/src/core/lv_obj_style_gen.h **** {
1248:Middlewares/LVGL/lvgl/src/core/lv_obj_style_gen.h ****     lv_style_value_t v = lv_obj_get_style_prop(obj, part, LV_STYLE_TEXT_OUTLINE_STROKE_WIDTH);
1249:Middlewares/LVGL/lvgl/src/core/lv_obj_style_gen.h ****     return (int32_t)v.num;
1250:Middlewares/LVGL/lvgl/src/core/lv_obj_style_gen.h **** }
1251:Middlewares/LVGL/lvgl/src/core/lv_obj_style_gen.h **** 
1252:Middlewares/LVGL/lvgl/src/core/lv_obj_style_gen.h **** /**
1253:Middlewares/LVGL/lvgl/src/core/lv_obj_style_gen.h ****  * Get the opacity of the letter outline stroke. Value 0, `LV_OPA_0` or
1254:Middlewares/LVGL/lvgl/src/core/lv_obj_style_gen.h ****  * `LV_OPA_TRANSP` means fully transparent, 255, `LV_OPA_100` or `LV_OPA_COVER` means
1255:Middlewares/LVGL/lvgl/src/core/lv_obj_style_gen.h ****  * fully covering, other values or LV_OPA_10, LV_OPA_20, etc means semi transparency.
1256:Middlewares/LVGL/lvgl/src/core/lv_obj_style_gen.h ****  * Default: `LV_OPA_COVER`, inherited: Yes, layout: No, ext. draw: No.
1257:Middlewares/LVGL/lvgl/src/core/lv_obj_style_gen.h ****  * @param  obj    Pointer to Widget
1258:Middlewares/LVGL/lvgl/src/core/lv_obj_style_gen.h ****  * @param  part   One of the `LV_PART_...` enum values
1259:Middlewares/LVGL/lvgl/src/core/lv_obj_style_gen.h ****  */
1260:Middlewares/LVGL/lvgl/src/core/lv_obj_style_gen.h **** static inline lv_opa_t lv_obj_get_style_text_outline_stroke_opa(const lv_obj_t * obj, lv_part_t par
1261:Middlewares/LVGL/lvgl/src/core/lv_obj_style_gen.h **** {
1262:Middlewares/LVGL/lvgl/src/core/lv_obj_style_gen.h ****     lv_style_value_t v = lv_obj_get_style_prop(obj, part, LV_STYLE_TEXT_OUTLINE_STROKE_OPA);
1263:Middlewares/LVGL/lvgl/src/core/lv_obj_style_gen.h ****     return (lv_opa_t)v.num;
1264:Middlewares/LVGL/lvgl/src/core/lv_obj_style_gen.h **** }
1265:Middlewares/LVGL/lvgl/src/core/lv_obj_style_gen.h **** 
1266:Middlewares/LVGL/lvgl/src/core/lv_obj_style_gen.h **** /**
1267:Middlewares/LVGL/lvgl/src/core/lv_obj_style_gen.h ****  * Gets the intensity of blurring. Applied on each lv_part separately before the
1268:Middlewares/LVGL/lvgl/src/core/lv_obj_style_gen.h ****  * children are rendered.
1269:Middlewares/LVGL/lvgl/src/core/lv_obj_style_gen.h ****  * Default: `0`, inherited: No, layout: No, ext. draw: No.
1270:Middlewares/LVGL/lvgl/src/core/lv_obj_style_gen.h ****  * @param  obj    Pointer to Widget
1271:Middlewares/LVGL/lvgl/src/core/lv_obj_style_gen.h ****  * @param  part   One of the `LV_PART_...` enum values
1272:Middlewares/LVGL/lvgl/src/core/lv_obj_style_gen.h ****  */
1273:Middlewares/LVGL/lvgl/src/core/lv_obj_style_gen.h **** static inline int32_t lv_obj_get_style_blur_radius(const lv_obj_t * obj, lv_part_t part)
1274:Middlewares/LVGL/lvgl/src/core/lv_obj_style_gen.h **** {
1275:Middlewares/LVGL/lvgl/src/core/lv_obj_style_gen.h ****     lv_style_value_t v = lv_obj_get_style_prop(obj, part, LV_STYLE_BLUR_RADIUS);
1276:Middlewares/LVGL/lvgl/src/core/lv_obj_style_gen.h ****     return (int32_t)v.num;
1277:Middlewares/LVGL/lvgl/src/core/lv_obj_style_gen.h **** }
1278:Middlewares/LVGL/lvgl/src/core/lv_obj_style_gen.h **** 
1279:Middlewares/LVGL/lvgl/src/core/lv_obj_style_gen.h **** /**
1280:Middlewares/LVGL/lvgl/src/core/lv_obj_style_gen.h ****  * If `true` the background of the widget will be blurred. The part should have < 100%
1281:Middlewares/LVGL/lvgl/src/core/lv_obj_style_gen.h ****  * opacity to make it visible. If `false` the given part will be blurred when it's
1282:Middlewares/LVGL/lvgl/src/core/lv_obj_style_gen.h ****  * rendered but before drawing the children.
ARM GAS  C:\Users\w1785\AppData\Local\Temp\ccv6fGyr.s 			page 107


1283:Middlewares/LVGL/lvgl/src/core/lv_obj_style_gen.h ****  * Default: `false`, inherited: No, layout: No, ext. draw: No.
1284:Middlewares/LVGL/lvgl/src/core/lv_obj_style_gen.h ****  * @param  obj    Pointer to Widget
1285:Middlewares/LVGL/lvgl/src/core/lv_obj_style_gen.h ****  * @param  part   One of the `LV_PART_...` enum values
1286:Middlewares/LVGL/lvgl/src/core/lv_obj_style_gen.h ****  */
1287:Middlewares/LVGL/lvgl/src/core/lv_obj_style_gen.h **** static inline bool lv_obj_get_style_blur_backdrop(const lv_obj_t * obj, lv_part_t part)
1288:Middlewares/LVGL/lvgl/src/core/lv_obj_style_gen.h **** {
1289:Middlewares/LVGL/lvgl/src/core/lv_obj_style_gen.h ****     lv_style_value_t v = lv_obj_get_style_prop(obj, part, LV_STYLE_BLUR_BACKDROP);
1290:Middlewares/LVGL/lvgl/src/core/lv_obj_style_gen.h ****     return (bool)v.num;
1291:Middlewares/LVGL/lvgl/src/core/lv_obj_style_gen.h **** }
1292:Middlewares/LVGL/lvgl/src/core/lv_obj_style_gen.h **** 
1293:Middlewares/LVGL/lvgl/src/core/lv_obj_style_gen.h **** /**
1294:Middlewares/LVGL/lvgl/src/core/lv_obj_style_gen.h ****  * Setting to `LV_BLUR_QUALITY_SPEED` the blurring algorithm will prefer speed over
1295:Middlewares/LVGL/lvgl/src/core/lv_obj_style_gen.h ****  * quality. `LV_BLUR_QUALITY_PRECISION` will force using higher quality but slower
1296:Middlewares/LVGL/lvgl/src/core/lv_obj_style_gen.h ****  * blur. With `LV_BLUR_QUALITY_AUTO` the quality will be selected automatically.
1297:Middlewares/LVGL/lvgl/src/core/lv_obj_style_gen.h ****  * Default: `LV_BLUR_QUALITY_AUTO`, inherited: No, layout: No, ext. draw: No.
1298:Middlewares/LVGL/lvgl/src/core/lv_obj_style_gen.h ****  * @param  obj    Pointer to Widget
1299:Middlewares/LVGL/lvgl/src/core/lv_obj_style_gen.h ****  * @param  part   One of the `LV_PART_...` enum values
1300:Middlewares/LVGL/lvgl/src/core/lv_obj_style_gen.h ****  */
1301:Middlewares/LVGL/lvgl/src/core/lv_obj_style_gen.h **** static inline lv_blur_quality_t lv_obj_get_style_blur_quality(const lv_obj_t * obj, lv_part_t part)
1302:Middlewares/LVGL/lvgl/src/core/lv_obj_style_gen.h **** {
1303:Middlewares/LVGL/lvgl/src/core/lv_obj_style_gen.h ****     lv_style_value_t v = lv_obj_get_style_prop(obj, part, LV_STYLE_BLUR_QUALITY);
1304:Middlewares/LVGL/lvgl/src/core/lv_obj_style_gen.h ****     return (lv_blur_quality_t)v.num;
1305:Middlewares/LVGL/lvgl/src/core/lv_obj_style_gen.h **** }
1306:Middlewares/LVGL/lvgl/src/core/lv_obj_style_gen.h **** 
1307:Middlewares/LVGL/lvgl/src/core/lv_obj_style_gen.h **** /**
1308:Middlewares/LVGL/lvgl/src/core/lv_obj_style_gen.h ****  * Gets the intensity of blurring. Applied on each lv_part separately before the
1309:Middlewares/LVGL/lvgl/src/core/lv_obj_style_gen.h ****  * children are rendered.
1310:Middlewares/LVGL/lvgl/src/core/lv_obj_style_gen.h ****  * Default: `0`, inherited: No, layout: No, ext. draw: Yes.
1311:Middlewares/LVGL/lvgl/src/core/lv_obj_style_gen.h ****  * @param  obj    Pointer to Widget
1312:Middlewares/LVGL/lvgl/src/core/lv_obj_style_gen.h ****  * @param  part   One of the `LV_PART_...` enum values
1313:Middlewares/LVGL/lvgl/src/core/lv_obj_style_gen.h ****  */
1314:Middlewares/LVGL/lvgl/src/core/lv_obj_style_gen.h **** static inline int32_t lv_obj_get_style_drop_shadow_radius(const lv_obj_t * obj, lv_part_t part)
1315:Middlewares/LVGL/lvgl/src/core/lv_obj_style_gen.h **** {
1316:Middlewares/LVGL/lvgl/src/core/lv_obj_style_gen.h ****     lv_style_value_t v = lv_obj_get_style_prop(obj, part, LV_STYLE_DROP_SHADOW_RADIUS);
1317:Middlewares/LVGL/lvgl/src/core/lv_obj_style_gen.h ****     return (int32_t)v.num;
1318:Middlewares/LVGL/lvgl/src/core/lv_obj_style_gen.h **** }
1319:Middlewares/LVGL/lvgl/src/core/lv_obj_style_gen.h **** 
1320:Middlewares/LVGL/lvgl/src/core/lv_obj_style_gen.h **** /**
1321:Middlewares/LVGL/lvgl/src/core/lv_obj_style_gen.h ****  * Get an offset on the shadow in pixels in X direction.
1322:Middlewares/LVGL/lvgl/src/core/lv_obj_style_gen.h ****  * Default: `0`, inherited: No, layout: No, ext. draw: Yes.
1323:Middlewares/LVGL/lvgl/src/core/lv_obj_style_gen.h ****  * @param  obj    Pointer to Widget
1324:Middlewares/LVGL/lvgl/src/core/lv_obj_style_gen.h ****  * @param  part   One of the `LV_PART_...` enum values
1325:Middlewares/LVGL/lvgl/src/core/lv_obj_style_gen.h ****  */
1326:Middlewares/LVGL/lvgl/src/core/lv_obj_style_gen.h **** static inline int32_t lv_obj_get_style_drop_shadow_offset_x(const lv_obj_t * obj, lv_part_t part)
1327:Middlewares/LVGL/lvgl/src/core/lv_obj_style_gen.h **** {
1328:Middlewares/LVGL/lvgl/src/core/lv_obj_style_gen.h ****     lv_style_value_t v = lv_obj_get_style_prop(obj, part, LV_STYLE_DROP_SHADOW_OFFSET_X);
1329:Middlewares/LVGL/lvgl/src/core/lv_obj_style_gen.h ****     return (int32_t)v.num;
1330:Middlewares/LVGL/lvgl/src/core/lv_obj_style_gen.h **** }
1331:Middlewares/LVGL/lvgl/src/core/lv_obj_style_gen.h **** 
1332:Middlewares/LVGL/lvgl/src/core/lv_obj_style_gen.h **** /**
1333:Middlewares/LVGL/lvgl/src/core/lv_obj_style_gen.h ****  * Get an offset on the shadow in pixels in Y direction.
1334:Middlewares/LVGL/lvgl/src/core/lv_obj_style_gen.h ****  * Default: `0`, inherited: No, layout: No, ext. draw: Yes.
1335:Middlewares/LVGL/lvgl/src/core/lv_obj_style_gen.h ****  * @param  obj    Pointer to Widget
1336:Middlewares/LVGL/lvgl/src/core/lv_obj_style_gen.h ****  * @param  part   One of the `LV_PART_...` enum values
1337:Middlewares/LVGL/lvgl/src/core/lv_obj_style_gen.h ****  */
1338:Middlewares/LVGL/lvgl/src/core/lv_obj_style_gen.h **** static inline int32_t lv_obj_get_style_drop_shadow_offset_y(const lv_obj_t * obj, lv_part_t part)
1339:Middlewares/LVGL/lvgl/src/core/lv_obj_style_gen.h **** {
ARM GAS  C:\Users\w1785\AppData\Local\Temp\ccv6fGyr.s 			page 108


1340:Middlewares/LVGL/lvgl/src/core/lv_obj_style_gen.h ****     lv_style_value_t v = lv_obj_get_style_prop(obj, part, LV_STYLE_DROP_SHADOW_OFFSET_Y);
1341:Middlewares/LVGL/lvgl/src/core/lv_obj_style_gen.h ****     return (int32_t)v.num;
1342:Middlewares/LVGL/lvgl/src/core/lv_obj_style_gen.h **** }
1343:Middlewares/LVGL/lvgl/src/core/lv_obj_style_gen.h **** 
1344:Middlewares/LVGL/lvgl/src/core/lv_obj_style_gen.h **** /**
1345:Middlewares/LVGL/lvgl/src/core/lv_obj_style_gen.h ****  * Get the color of the shadow.
1346:Middlewares/LVGL/lvgl/src/core/lv_obj_style_gen.h ****  * Default: `0`, inherited: No, layout: No, ext. draw: No.
1347:Middlewares/LVGL/lvgl/src/core/lv_obj_style_gen.h ****  * @param  obj    Pointer to Widget
1348:Middlewares/LVGL/lvgl/src/core/lv_obj_style_gen.h ****  * @param  part   One of the `LV_PART_...` enum values
1349:Middlewares/LVGL/lvgl/src/core/lv_obj_style_gen.h ****  */
1350:Middlewares/LVGL/lvgl/src/core/lv_obj_style_gen.h **** static inline lv_color_t lv_obj_get_style_drop_shadow_color(const lv_obj_t * obj, lv_part_t part)
1351:Middlewares/LVGL/lvgl/src/core/lv_obj_style_gen.h **** {
1352:Middlewares/LVGL/lvgl/src/core/lv_obj_style_gen.h ****     lv_style_value_t v = lv_obj_get_style_prop(obj, part, LV_STYLE_DROP_SHADOW_COLOR);
1353:Middlewares/LVGL/lvgl/src/core/lv_obj_style_gen.h ****     return v.color;
1354:Middlewares/LVGL/lvgl/src/core/lv_obj_style_gen.h **** }
1355:Middlewares/LVGL/lvgl/src/core/lv_obj_style_gen.h **** 
1356:Middlewares/LVGL/lvgl/src/core/lv_obj_style_gen.h **** /**
1357:Middlewares/LVGL/lvgl/src/core/lv_obj_style_gen.h ****  * Get the color of the shadow.
1358:Middlewares/LVGL/lvgl/src/core/lv_obj_style_gen.h ****  * Default: `0`, inherited: No, layout: No, ext. draw: No.
1359:Middlewares/LVGL/lvgl/src/core/lv_obj_style_gen.h ****  * @param  obj    Pointer to Widget
1360:Middlewares/LVGL/lvgl/src/core/lv_obj_style_gen.h ****  * @param  part   One of the `LV_PART_...` enum values
1361:Middlewares/LVGL/lvgl/src/core/lv_obj_style_gen.h ****  */
1362:Middlewares/LVGL/lvgl/src/core/lv_obj_style_gen.h **** static inline lv_color_t lv_obj_get_style_drop_shadow_color_filtered(const lv_obj_t * obj, lv_part_
1363:Middlewares/LVGL/lvgl/src/core/lv_obj_style_gen.h **** {
1364:Middlewares/LVGL/lvgl/src/core/lv_obj_style_gen.h ****     lv_style_value_t v = lv_obj_style_apply_color_filter(obj, part, lv_obj_get_style_prop(obj, part
1365:Middlewares/LVGL/lvgl/src/core/lv_obj_style_gen.h ****     return v.color;
1366:Middlewares/LVGL/lvgl/src/core/lv_obj_style_gen.h **** }
1367:Middlewares/LVGL/lvgl/src/core/lv_obj_style_gen.h **** 
1368:Middlewares/LVGL/lvgl/src/core/lv_obj_style_gen.h **** /**
1369:Middlewares/LVGL/lvgl/src/core/lv_obj_style_gen.h ****  * Get the opacity of the shadow.
1370:Middlewares/LVGL/lvgl/src/core/lv_obj_style_gen.h ****  * Default: `0`, inherited: No, layout: No, ext. draw: No.
1371:Middlewares/LVGL/lvgl/src/core/lv_obj_style_gen.h ****  * @param  obj    Pointer to Widget
1372:Middlewares/LVGL/lvgl/src/core/lv_obj_style_gen.h ****  * @param  part   One of the `LV_PART_...` enum values
1373:Middlewares/LVGL/lvgl/src/core/lv_obj_style_gen.h ****  */
1374:Middlewares/LVGL/lvgl/src/core/lv_obj_style_gen.h **** static inline lv_opa_t lv_obj_get_style_drop_shadow_opa(const lv_obj_t * obj, lv_part_t part)
1375:Middlewares/LVGL/lvgl/src/core/lv_obj_style_gen.h **** {
1376:Middlewares/LVGL/lvgl/src/core/lv_obj_style_gen.h ****     lv_style_value_t v = lv_obj_get_style_prop(obj, part, LV_STYLE_DROP_SHADOW_OPA);
1377:Middlewares/LVGL/lvgl/src/core/lv_obj_style_gen.h ****     return (lv_opa_t)v.num;
1378:Middlewares/LVGL/lvgl/src/core/lv_obj_style_gen.h **** }
1379:Middlewares/LVGL/lvgl/src/core/lv_obj_style_gen.h **** 
1380:Middlewares/LVGL/lvgl/src/core/lv_obj_style_gen.h **** /**
1381:Middlewares/LVGL/lvgl/src/core/lv_obj_style_gen.h ****  * Setting to `LV_BLUR_QUALITY_SPEED` the blurring algorithm will prefer speed over
1382:Middlewares/LVGL/lvgl/src/core/lv_obj_style_gen.h ****  * quality. `LV_BLUR_QUALITY_PRECISION` will force using higher quality but slower
1383:Middlewares/LVGL/lvgl/src/core/lv_obj_style_gen.h ****  * blur. With `LV_BLUR_QUALITY_AUTO` the quality will be selected automatically.
1384:Middlewares/LVGL/lvgl/src/core/lv_obj_style_gen.h ****  * Default: `LV_BLUR_QUALITY_PRECISION`, inherited: No, layout: No, ext. draw: No.
1385:Middlewares/LVGL/lvgl/src/core/lv_obj_style_gen.h ****  * @param  obj    Pointer to Widget
1386:Middlewares/LVGL/lvgl/src/core/lv_obj_style_gen.h ****  * @param  part   One of the `LV_PART_...` enum values
1387:Middlewares/LVGL/lvgl/src/core/lv_obj_style_gen.h ****  */
1388:Middlewares/LVGL/lvgl/src/core/lv_obj_style_gen.h **** static inline lv_blur_quality_t lv_obj_get_style_drop_shadow_quality(const lv_obj_t * obj, lv_part_
1389:Middlewares/LVGL/lvgl/src/core/lv_obj_style_gen.h **** {
1390:Middlewares/LVGL/lvgl/src/core/lv_obj_style_gen.h ****     lv_style_value_t v = lv_obj_get_style_prop(obj, part, LV_STYLE_DROP_SHADOW_QUALITY);
1391:Middlewares/LVGL/lvgl/src/core/lv_obj_style_gen.h ****     return (lv_blur_quality_t)v.num;
1392:Middlewares/LVGL/lvgl/src/core/lv_obj_style_gen.h **** }
1393:Middlewares/LVGL/lvgl/src/core/lv_obj_style_gen.h **** 
1394:Middlewares/LVGL/lvgl/src/core/lv_obj_style_gen.h **** /**
1395:Middlewares/LVGL/lvgl/src/core/lv_obj_style_gen.h ****  * Get radius on every corner. The value is interpreted in pixels (>= 0) or
1396:Middlewares/LVGL/lvgl/src/core/lv_obj_style_gen.h ****  * `LV_RADIUS_CIRCLE` for max radius.
ARM GAS  C:\Users\w1785\AppData\Local\Temp\ccv6fGyr.s 			page 109


1397:Middlewares/LVGL/lvgl/src/core/lv_obj_style_gen.h ****  * Default: 0, inherited: No, layout: No, ext. draw: No.
1398:Middlewares/LVGL/lvgl/src/core/lv_obj_style_gen.h ****  * @param  obj    Pointer to Widget
1399:Middlewares/LVGL/lvgl/src/core/lv_obj_style_gen.h ****  * @param  part   One of the `LV_PART_...` enum values
1400:Middlewares/LVGL/lvgl/src/core/lv_obj_style_gen.h ****  */
1401:Middlewares/LVGL/lvgl/src/core/lv_obj_style_gen.h **** static inline int32_t lv_obj_get_style_radius(const lv_obj_t * obj, lv_part_t part)
1402:Middlewares/LVGL/lvgl/src/core/lv_obj_style_gen.h **** {
1403:Middlewares/LVGL/lvgl/src/core/lv_obj_style_gen.h ****     lv_style_value_t v = lv_obj_get_style_prop(obj, part, LV_STYLE_RADIUS);
1404:Middlewares/LVGL/lvgl/src/core/lv_obj_style_gen.h ****     return (int32_t)v.num;
1405:Middlewares/LVGL/lvgl/src/core/lv_obj_style_gen.h **** }
1406:Middlewares/LVGL/lvgl/src/core/lv_obj_style_gen.h **** 
1407:Middlewares/LVGL/lvgl/src/core/lv_obj_style_gen.h **** /**
1408:Middlewares/LVGL/lvgl/src/core/lv_obj_style_gen.h ****  * Move start point of object (e.g. scale tick) radially.
1409:Middlewares/LVGL/lvgl/src/core/lv_obj_style_gen.h ****  * Default: 0, inherited: No, layout: No, ext. draw: No.
1410:Middlewares/LVGL/lvgl/src/core/lv_obj_style_gen.h ****  * @param  obj    Pointer to Widget
1411:Middlewares/LVGL/lvgl/src/core/lv_obj_style_gen.h ****  * @param  part   One of the `LV_PART_...` enum values
1412:Middlewares/LVGL/lvgl/src/core/lv_obj_style_gen.h ****  */
1413:Middlewares/LVGL/lvgl/src/core/lv_obj_style_gen.h **** static inline int32_t lv_obj_get_style_radial_offset(const lv_obj_t * obj, lv_part_t part)
1414:Middlewares/LVGL/lvgl/src/core/lv_obj_style_gen.h **** {
1415:Middlewares/LVGL/lvgl/src/core/lv_obj_style_gen.h ****     lv_style_value_t v = lv_obj_get_style_prop(obj, part, LV_STYLE_RADIAL_OFFSET);
1416:Middlewares/LVGL/lvgl/src/core/lv_obj_style_gen.h ****     return (int32_t)v.num;
1417:Middlewares/LVGL/lvgl/src/core/lv_obj_style_gen.h **** }
1418:Middlewares/LVGL/lvgl/src/core/lv_obj_style_gen.h **** 
1419:Middlewares/LVGL/lvgl/src/core/lv_obj_style_gen.h **** /**
1420:Middlewares/LVGL/lvgl/src/core/lv_obj_style_gen.h ****  * Enable clipping of content that overflows rounded corners of parent Widget. Can be
1421:Middlewares/LVGL/lvgl/src/core/lv_obj_style_gen.h ****  * `true` or `false`.
1422:Middlewares/LVGL/lvgl/src/core/lv_obj_style_gen.h ****  * Default: 0, inherited: No, layout: No, ext. draw: No.
1423:Middlewares/LVGL/lvgl/src/core/lv_obj_style_gen.h ****  * @param  obj    Pointer to Widget
1424:Middlewares/LVGL/lvgl/src/core/lv_obj_style_gen.h ****  * @param  part   One of the `LV_PART_...` enum values
1425:Middlewares/LVGL/lvgl/src/core/lv_obj_style_gen.h ****  */
1426:Middlewares/LVGL/lvgl/src/core/lv_obj_style_gen.h **** static inline bool lv_obj_get_style_clip_corner(const lv_obj_t * obj, lv_part_t part)
1427:Middlewares/LVGL/lvgl/src/core/lv_obj_style_gen.h **** {
1428:Middlewares/LVGL/lvgl/src/core/lv_obj_style_gen.h ****     lv_style_value_t v = lv_obj_get_style_prop(obj, part, LV_STYLE_CLIP_CORNER);
1429:Middlewares/LVGL/lvgl/src/core/lv_obj_style_gen.h ****     return (bool)v.num;
1430:Middlewares/LVGL/lvgl/src/core/lv_obj_style_gen.h **** }
1431:Middlewares/LVGL/lvgl/src/core/lv_obj_style_gen.h **** 
1432:Middlewares/LVGL/lvgl/src/core/lv_obj_style_gen.h **** /**
1433:Middlewares/LVGL/lvgl/src/core/lv_obj_style_gen.h ****  * Scale down all opacity values of the Widget by this factor. Value 0, `LV_OPA_0` or
1434:Middlewares/LVGL/lvgl/src/core/lv_obj_style_gen.h ****  * `LV_OPA_TRANSP` means fully transparent, 255, `LV_OPA_100` or `LV_OPA_COVER` means
1435:Middlewares/LVGL/lvgl/src/core/lv_obj_style_gen.h ****  * fully covering, other values or LV_OPA_10, LV_OPA_20, etc means semi transparency.
1436:Middlewares/LVGL/lvgl/src/core/lv_obj_style_gen.h ****  * Default: `LV_OPA_COVER`, inherited: Yes, layout: No, ext. draw: No.
1437:Middlewares/LVGL/lvgl/src/core/lv_obj_style_gen.h ****  * @param  obj    Pointer to Widget
1438:Middlewares/LVGL/lvgl/src/core/lv_obj_style_gen.h ****  * @param  part   One of the `LV_PART_...` enum values
1439:Middlewares/LVGL/lvgl/src/core/lv_obj_style_gen.h ****  */
1440:Middlewares/LVGL/lvgl/src/core/lv_obj_style_gen.h **** static inline lv_opa_t lv_obj_get_style_opa(const lv_obj_t * obj, lv_part_t part)
1441:Middlewares/LVGL/lvgl/src/core/lv_obj_style_gen.h **** {
1442:Middlewares/LVGL/lvgl/src/core/lv_obj_style_gen.h ****     lv_style_value_t v = lv_obj_get_style_prop(obj, part, LV_STYLE_OPA);
1443:Middlewares/LVGL/lvgl/src/core/lv_obj_style_gen.h ****     return (lv_opa_t)v.num;
1444:Middlewares/LVGL/lvgl/src/core/lv_obj_style_gen.h **** }
1445:Middlewares/LVGL/lvgl/src/core/lv_obj_style_gen.h **** 
1446:Middlewares/LVGL/lvgl/src/core/lv_obj_style_gen.h **** /**
1447:Middlewares/LVGL/lvgl/src/core/lv_obj_style_gen.h ****  * First draw Widget on the layer, then scale down layer opacity factor. Value 0,
1448:Middlewares/LVGL/lvgl/src/core/lv_obj_style_gen.h ****  * `LV_OPA_0` or `LV_OPA_TRANSP` means fully transparent, 255, `LV_OPA_100` or
1449:Middlewares/LVGL/lvgl/src/core/lv_obj_style_gen.h ****  * `LV_OPA_COVER` means fully covering, other values or LV_OPA_10, LV_OPA_20, etc
1450:Middlewares/LVGL/lvgl/src/core/lv_obj_style_gen.h ****  * means semi transparency.
1451:Middlewares/LVGL/lvgl/src/core/lv_obj_style_gen.h ****  * Default: `LV_OPA_COVER`, inherited: Yes, layout: No, ext. draw: No.
1452:Middlewares/LVGL/lvgl/src/core/lv_obj_style_gen.h ****  * @param  obj    Pointer to Widget
1453:Middlewares/LVGL/lvgl/src/core/lv_obj_style_gen.h ****  * @param  part   One of the `LV_PART_...` enum values
ARM GAS  C:\Users\w1785\AppData\Local\Temp\ccv6fGyr.s 			page 110


1454:Middlewares/LVGL/lvgl/src/core/lv_obj_style_gen.h ****  */
1455:Middlewares/LVGL/lvgl/src/core/lv_obj_style_gen.h **** static inline lv_opa_t lv_obj_get_style_opa_layered(const lv_obj_t * obj, lv_part_t part)
 2034              		.loc 5 1455 24 view .LVU644
 2035              	.LBB185:
1456:Middlewares/LVGL/lvgl/src/core/lv_obj_style_gen.h **** {
1457:Middlewares/LVGL/lvgl/src/core/lv_obj_style_gen.h ****     lv_style_value_t v = lv_obj_get_style_prop(obj, part, LV_STYLE_OPA_LAYERED);
 2036              		.loc 5 1457 5 view .LVU645
 2037              		.loc 5 1457 26 is_stmt 0 view .LVU646
 2038 005c 7122     		movs	r2, #113
 2039 005e 0021     		movs	r1, #0
 2040 0060 2046     		mov	r0, r4
 2041 0062 FFF7FEFF 		bl	lv_obj_get_style_prop
 2042              	.LVL213:
 2043 0066 0190     		str	r0, [sp, #4]
1458:Middlewares/LVGL/lvgl/src/core/lv_obj_style_gen.h ****     return (lv_opa_t)v.num;
 2044              		.loc 5 1458 5 is_stmt 1 view .LVU647
 2045              		.loc 5 1458 12 is_stmt 0 view .LVU648
 2046 0068 C0B2     		uxtb	r0, r0
 2047              	.LVL214:
 2048              		.loc 5 1458 12 view .LVU649
 2049              	.LBE185:
 2050              	.LBE184:
1094:Middlewares/LVGL/lvgl/src/core/lv_obj_style.c ****     if(lv_obj_get_style_bitmap_mask_src(obj, LV_PART_MAIN) != NULL) return LV_LAYER_TYPE_SIMPLE;
 2051              		.loc 1 1094 7 discriminator 1 view .LVU650
 2052 006a FF28     		cmp	r0, #255
 2053 006c 01D0     		beq	.L162
1094:Middlewares/LVGL/lvgl/src/core/lv_obj_style.c ****     if(lv_obj_get_style_bitmap_mask_src(obj, LV_PART_MAIN) != NULL) return LV_LAYER_TYPE_SIMPLE;
 2054              		.loc 1 1094 80 discriminator 1 view .LVU651
 2055 006e 0120     		movs	r0, #1
 2056 0070 14E0     		b	.L150
 2057              	.L162:
1095:Middlewares/LVGL/lvgl/src/core/lv_obj_style.c ****     if(lv_obj_get_style_blend_mode(obj, LV_PART_MAIN) != LV_BLEND_MODE_NORMAL) return LV_LAYER_TYPE
 2058              		.loc 1 1095 5 is_stmt 1 view .LVU652
 2059              	.LVL215:
 2060              	.LBB186:
 2061              	.LBI186:
1459:Middlewares/LVGL/lvgl/src/core/lv_obj_style_gen.h **** }
1460:Middlewares/LVGL/lvgl/src/core/lv_obj_style_gen.h **** 
1461:Middlewares/LVGL/lvgl/src/core/lv_obj_style_gen.h **** /**
1462:Middlewares/LVGL/lvgl/src/core/lv_obj_style_gen.h ****  * Mix a color with all colors of the Widget.
1463:Middlewares/LVGL/lvgl/src/core/lv_obj_style_gen.h ****  * Default: `NULL`, inherited: No, layout: No, ext. draw: No.
1464:Middlewares/LVGL/lvgl/src/core/lv_obj_style_gen.h ****  * @param  obj    Pointer to Widget
1465:Middlewares/LVGL/lvgl/src/core/lv_obj_style_gen.h ****  * @param  part   One of the `LV_PART_...` enum values
1466:Middlewares/LVGL/lvgl/src/core/lv_obj_style_gen.h ****  */
1467:Middlewares/LVGL/lvgl/src/core/lv_obj_style_gen.h **** static inline const lv_color_filter_dsc_t * lv_obj_get_style_color_filter_dsc(const lv_obj_t * obj,
1468:Middlewares/LVGL/lvgl/src/core/lv_obj_style_gen.h **** {
1469:Middlewares/LVGL/lvgl/src/core/lv_obj_style_gen.h ****     lv_style_value_t v = lv_obj_get_style_prop(obj, part, LV_STYLE_COLOR_FILTER_DSC);
1470:Middlewares/LVGL/lvgl/src/core/lv_obj_style_gen.h ****     return (const lv_color_filter_dsc_t *)v.ptr;
1471:Middlewares/LVGL/lvgl/src/core/lv_obj_style_gen.h **** }
1472:Middlewares/LVGL/lvgl/src/core/lv_obj_style_gen.h **** 
1473:Middlewares/LVGL/lvgl/src/core/lv_obj_style_gen.h **** /**
1474:Middlewares/LVGL/lvgl/src/core/lv_obj_style_gen.h ****  * The intensity of mixing of color filter.
1475:Middlewares/LVGL/lvgl/src/core/lv_obj_style_gen.h ****  * Default: `LV_OPA_TRANSP`, inherited: No, layout: No, ext. draw: No.
1476:Middlewares/LVGL/lvgl/src/core/lv_obj_style_gen.h ****  * @param  obj    Pointer to Widget
1477:Middlewares/LVGL/lvgl/src/core/lv_obj_style_gen.h ****  * @param  part   One of the `LV_PART_...` enum values
1478:Middlewares/LVGL/lvgl/src/core/lv_obj_style_gen.h ****  */
1479:Middlewares/LVGL/lvgl/src/core/lv_obj_style_gen.h **** static inline lv_opa_t lv_obj_get_style_color_filter_opa(const lv_obj_t * obj, lv_part_t part)
ARM GAS  C:\Users\w1785\AppData\Local\Temp\ccv6fGyr.s 			page 111


1480:Middlewares/LVGL/lvgl/src/core/lv_obj_style_gen.h **** {
1481:Middlewares/LVGL/lvgl/src/core/lv_obj_style_gen.h ****     lv_style_value_t v = lv_obj_get_style_prop(obj, part, LV_STYLE_COLOR_FILTER_OPA);
1482:Middlewares/LVGL/lvgl/src/core/lv_obj_style_gen.h ****     return (lv_opa_t)v.num;
1483:Middlewares/LVGL/lvgl/src/core/lv_obj_style_gen.h **** }
1484:Middlewares/LVGL/lvgl/src/core/lv_obj_style_gen.h **** 
1485:Middlewares/LVGL/lvgl/src/core/lv_obj_style_gen.h **** /**
1486:Middlewares/LVGL/lvgl/src/core/lv_obj_style_gen.h ****  * Get a color to mix to the obj.
1487:Middlewares/LVGL/lvgl/src/core/lv_obj_style_gen.h ****  * Default: `0x000000`, inherited: No, layout: No, ext. draw: No.
1488:Middlewares/LVGL/lvgl/src/core/lv_obj_style_gen.h ****  * @param  obj    Pointer to Widget
1489:Middlewares/LVGL/lvgl/src/core/lv_obj_style_gen.h ****  * @param  part   One of the `LV_PART_...` enum values
1490:Middlewares/LVGL/lvgl/src/core/lv_obj_style_gen.h ****  */
1491:Middlewares/LVGL/lvgl/src/core/lv_obj_style_gen.h **** static inline lv_color_t lv_obj_get_style_recolor(const lv_obj_t * obj, lv_part_t part)
1492:Middlewares/LVGL/lvgl/src/core/lv_obj_style_gen.h **** {
1493:Middlewares/LVGL/lvgl/src/core/lv_obj_style_gen.h ****     lv_style_value_t v = lv_obj_get_style_prop(obj, part, LV_STYLE_RECOLOR);
1494:Middlewares/LVGL/lvgl/src/core/lv_obj_style_gen.h ****     return v.color;
1495:Middlewares/LVGL/lvgl/src/core/lv_obj_style_gen.h **** }
1496:Middlewares/LVGL/lvgl/src/core/lv_obj_style_gen.h **** 
1497:Middlewares/LVGL/lvgl/src/core/lv_obj_style_gen.h **** /**
1498:Middlewares/LVGL/lvgl/src/core/lv_obj_style_gen.h ****  * Gets the intensity of color mixing. Value 0, `LV_OPA_0` or `LV_OPA_TRANSP` means
1499:Middlewares/LVGL/lvgl/src/core/lv_obj_style_gen.h ****  * fully transparent. A value of  255, `LV_OPA_100` or `LV_OPA_COVER` means fully
1500:Middlewares/LVGL/lvgl/src/core/lv_obj_style_gen.h ****  * opaque. Intermediate values like LV_OPA_10, LV_OPA_20, etc result in
1501:Middlewares/LVGL/lvgl/src/core/lv_obj_style_gen.h ****  * semi-transparency.
1502:Middlewares/LVGL/lvgl/src/core/lv_obj_style_gen.h ****  * Default: `LV_OPA_TRANSP`, inherited: No, layout: No, ext. draw: No.
1503:Middlewares/LVGL/lvgl/src/core/lv_obj_style_gen.h ****  * @param  obj    Pointer to Widget
1504:Middlewares/LVGL/lvgl/src/core/lv_obj_style_gen.h ****  * @param  part   One of the `LV_PART_...` enum values
1505:Middlewares/LVGL/lvgl/src/core/lv_obj_style_gen.h ****  */
1506:Middlewares/LVGL/lvgl/src/core/lv_obj_style_gen.h **** static inline lv_opa_t lv_obj_get_style_recolor_opa(const lv_obj_t * obj, lv_part_t part)
1507:Middlewares/LVGL/lvgl/src/core/lv_obj_style_gen.h **** {
1508:Middlewares/LVGL/lvgl/src/core/lv_obj_style_gen.h ****     lv_style_value_t v = lv_obj_get_style_prop(obj, part, LV_STYLE_RECOLOR_OPA);
1509:Middlewares/LVGL/lvgl/src/core/lv_obj_style_gen.h ****     return (lv_opa_t)v.num;
1510:Middlewares/LVGL/lvgl/src/core/lv_obj_style_gen.h **** }
1511:Middlewares/LVGL/lvgl/src/core/lv_obj_style_gen.h **** 
1512:Middlewares/LVGL/lvgl/src/core/lv_obj_style_gen.h **** /**
1513:Middlewares/LVGL/lvgl/src/core/lv_obj_style_gen.h ****  * Animation template for Widget's animation. Should be a pointer to `lv_anim_t`. The
1514:Middlewares/LVGL/lvgl/src/core/lv_obj_style_gen.h ****  * animation parameters are widget specific, e.g. animation time could be the E.g.
1515:Middlewares/LVGL/lvgl/src/core/lv_obj_style_gen.h ****  * blink time of the cursor on the Text Area or scroll time of a roller. See Widgets'
1516:Middlewares/LVGL/lvgl/src/core/lv_obj_style_gen.h ****  * documentation to learn more.
1517:Middlewares/LVGL/lvgl/src/core/lv_obj_style_gen.h ****  * Default: `NULL`, inherited: No, layout: No, ext. draw: No.
1518:Middlewares/LVGL/lvgl/src/core/lv_obj_style_gen.h ****  * @param  obj    Pointer to Widget
1519:Middlewares/LVGL/lvgl/src/core/lv_obj_style_gen.h ****  * @param  part   One of the `LV_PART_...` enum values
1520:Middlewares/LVGL/lvgl/src/core/lv_obj_style_gen.h ****  */
1521:Middlewares/LVGL/lvgl/src/core/lv_obj_style_gen.h **** static inline const lv_anim_t * lv_obj_get_style_anim(const lv_obj_t * obj, lv_part_t part)
1522:Middlewares/LVGL/lvgl/src/core/lv_obj_style_gen.h **** {
1523:Middlewares/LVGL/lvgl/src/core/lv_obj_style_gen.h ****     lv_style_value_t v = lv_obj_get_style_prop(obj, part, LV_STYLE_ANIM);
1524:Middlewares/LVGL/lvgl/src/core/lv_obj_style_gen.h ****     return (const lv_anim_t *)v.ptr;
1525:Middlewares/LVGL/lvgl/src/core/lv_obj_style_gen.h **** }
1526:Middlewares/LVGL/lvgl/src/core/lv_obj_style_gen.h **** 
1527:Middlewares/LVGL/lvgl/src/core/lv_obj_style_gen.h **** /**
1528:Middlewares/LVGL/lvgl/src/core/lv_obj_style_gen.h ****  * Animation duration in milliseconds. Its meaning is widget specific. E.g. blink time
1529:Middlewares/LVGL/lvgl/src/core/lv_obj_style_gen.h ****  * of the cursor on the Text Area or scroll time of a roller. See Widgets'
1530:Middlewares/LVGL/lvgl/src/core/lv_obj_style_gen.h ****  * documentation to learn more.
1531:Middlewares/LVGL/lvgl/src/core/lv_obj_style_gen.h ****  * Default: 0, inherited: No, layout: No, ext. draw: No.
1532:Middlewares/LVGL/lvgl/src/core/lv_obj_style_gen.h ****  * @param  obj    Pointer to Widget
1533:Middlewares/LVGL/lvgl/src/core/lv_obj_style_gen.h ****  * @param  part   One of the `LV_PART_...` enum values
1534:Middlewares/LVGL/lvgl/src/core/lv_obj_style_gen.h ****  */
1535:Middlewares/LVGL/lvgl/src/core/lv_obj_style_gen.h **** static inline uint32_t lv_obj_get_style_anim_duration(const lv_obj_t * obj, lv_part_t part)
1536:Middlewares/LVGL/lvgl/src/core/lv_obj_style_gen.h **** {
ARM GAS  C:\Users\w1785\AppData\Local\Temp\ccv6fGyr.s 			page 112


1537:Middlewares/LVGL/lvgl/src/core/lv_obj_style_gen.h ****     lv_style_value_t v = lv_obj_get_style_prop(obj, part, LV_STYLE_ANIM_DURATION);
1538:Middlewares/LVGL/lvgl/src/core/lv_obj_style_gen.h ****     return (uint32_t)v.num;
1539:Middlewares/LVGL/lvgl/src/core/lv_obj_style_gen.h **** }
1540:Middlewares/LVGL/lvgl/src/core/lv_obj_style_gen.h **** 
1541:Middlewares/LVGL/lvgl/src/core/lv_obj_style_gen.h **** /**
1542:Middlewares/LVGL/lvgl/src/core/lv_obj_style_gen.h ****  * An initialized ``lv_style_transition_dsc_t`` to describe a transition.
1543:Middlewares/LVGL/lvgl/src/core/lv_obj_style_gen.h ****  * Default: `NULL`, inherited: No, layout: No, ext. draw: No.
1544:Middlewares/LVGL/lvgl/src/core/lv_obj_style_gen.h ****  * @param  obj    Pointer to Widget
1545:Middlewares/LVGL/lvgl/src/core/lv_obj_style_gen.h ****  * @param  part   One of the `LV_PART_...` enum values
1546:Middlewares/LVGL/lvgl/src/core/lv_obj_style_gen.h ****  */
1547:Middlewares/LVGL/lvgl/src/core/lv_obj_style_gen.h **** static inline const lv_style_transition_dsc_t * lv_obj_get_style_transition(const lv_obj_t * obj, l
1548:Middlewares/LVGL/lvgl/src/core/lv_obj_style_gen.h **** {
1549:Middlewares/LVGL/lvgl/src/core/lv_obj_style_gen.h ****     lv_style_value_t v = lv_obj_get_style_prop(obj, part, LV_STYLE_TRANSITION);
1550:Middlewares/LVGL/lvgl/src/core/lv_obj_style_gen.h ****     return (const lv_style_transition_dsc_t *)v.ptr;
1551:Middlewares/LVGL/lvgl/src/core/lv_obj_style_gen.h **** }
1552:Middlewares/LVGL/lvgl/src/core/lv_obj_style_gen.h **** 
1553:Middlewares/LVGL/lvgl/src/core/lv_obj_style_gen.h **** /**
1554:Middlewares/LVGL/lvgl/src/core/lv_obj_style_gen.h ****  * Describes how to blend the colors to the background. Possible values are
1555:Middlewares/LVGL/lvgl/src/core/lv_obj_style_gen.h ****  * `LV_BLEND_MODE_NORMAL/ADDITIVE/SUBTRACTIVE/MULTIPLY/DIFFERENCE`.
1556:Middlewares/LVGL/lvgl/src/core/lv_obj_style_gen.h ****  * Default: `LV_BLEND_MODE_NORMAL`, inherited: No, layout: No, ext. draw: No.
1557:Middlewares/LVGL/lvgl/src/core/lv_obj_style_gen.h ****  * @param  obj    Pointer to Widget
1558:Middlewares/LVGL/lvgl/src/core/lv_obj_style_gen.h ****  * @param  part   One of the `LV_PART_...` enum values
1559:Middlewares/LVGL/lvgl/src/core/lv_obj_style_gen.h ****  */
1560:Middlewares/LVGL/lvgl/src/core/lv_obj_style_gen.h **** static inline lv_blend_mode_t lv_obj_get_style_blend_mode(const lv_obj_t * obj, lv_part_t part)
1561:Middlewares/LVGL/lvgl/src/core/lv_obj_style_gen.h **** {
1562:Middlewares/LVGL/lvgl/src/core/lv_obj_style_gen.h ****     lv_style_value_t v = lv_obj_get_style_prop(obj, part, LV_STYLE_BLEND_MODE);
1563:Middlewares/LVGL/lvgl/src/core/lv_obj_style_gen.h ****     return (lv_blend_mode_t)v.num;
1564:Middlewares/LVGL/lvgl/src/core/lv_obj_style_gen.h **** }
1565:Middlewares/LVGL/lvgl/src/core/lv_obj_style_gen.h **** 
1566:Middlewares/LVGL/lvgl/src/core/lv_obj_style_gen.h **** /**
1567:Middlewares/LVGL/lvgl/src/core/lv_obj_style_gen.h ****  * Get layout of Widget. Children will be repositioned and resized according to
1568:Middlewares/LVGL/lvgl/src/core/lv_obj_style_gen.h ****  * policies set for the layout. For possible values see documentation of the layouts.
1569:Middlewares/LVGL/lvgl/src/core/lv_obj_style_gen.h ****  * Default: 0, inherited: No, layout: Yes, ext. draw: No.
1570:Middlewares/LVGL/lvgl/src/core/lv_obj_style_gen.h ****  * @param  obj    Pointer to Widget
1571:Middlewares/LVGL/lvgl/src/core/lv_obj_style_gen.h ****  * @param  part   One of the `LV_PART_...` enum values
1572:Middlewares/LVGL/lvgl/src/core/lv_obj_style_gen.h ****  */
1573:Middlewares/LVGL/lvgl/src/core/lv_obj_style_gen.h **** static inline uint16_t lv_obj_get_style_layout(const lv_obj_t * obj, lv_part_t part)
1574:Middlewares/LVGL/lvgl/src/core/lv_obj_style_gen.h **** {
1575:Middlewares/LVGL/lvgl/src/core/lv_obj_style_gen.h ****     lv_style_value_t v = lv_obj_get_style_prop(obj, part, LV_STYLE_LAYOUT);
1576:Middlewares/LVGL/lvgl/src/core/lv_obj_style_gen.h ****     return (uint16_t)v.num;
1577:Middlewares/LVGL/lvgl/src/core/lv_obj_style_gen.h **** }
1578:Middlewares/LVGL/lvgl/src/core/lv_obj_style_gen.h **** 
1579:Middlewares/LVGL/lvgl/src/core/lv_obj_style_gen.h **** /**
1580:Middlewares/LVGL/lvgl/src/core/lv_obj_style_gen.h ****  * Get base direction of Widget. Possible values are `LV_BIDI_DIR_LTR/RTL/AUTO`.
1581:Middlewares/LVGL/lvgl/src/core/lv_obj_style_gen.h ****  * Default: `LV_BASE_DIR_AUTO`, inherited: Yes, layout: Yes, ext. draw: No.
1582:Middlewares/LVGL/lvgl/src/core/lv_obj_style_gen.h ****  * @param  obj    Pointer to Widget
1583:Middlewares/LVGL/lvgl/src/core/lv_obj_style_gen.h ****  * @param  part   One of the `LV_PART_...` enum values
1584:Middlewares/LVGL/lvgl/src/core/lv_obj_style_gen.h ****  */
1585:Middlewares/LVGL/lvgl/src/core/lv_obj_style_gen.h **** static inline lv_base_dir_t lv_obj_get_style_base_dir(const lv_obj_t * obj, lv_part_t part)
1586:Middlewares/LVGL/lvgl/src/core/lv_obj_style_gen.h **** {
1587:Middlewares/LVGL/lvgl/src/core/lv_obj_style_gen.h ****     lv_style_value_t v = lv_obj_get_style_prop(obj, part, LV_STYLE_BASE_DIR);
1588:Middlewares/LVGL/lvgl/src/core/lv_obj_style_gen.h ****     return (lv_base_dir_t)v.num;
1589:Middlewares/LVGL/lvgl/src/core/lv_obj_style_gen.h **** }
1590:Middlewares/LVGL/lvgl/src/core/lv_obj_style_gen.h **** 
1591:Middlewares/LVGL/lvgl/src/core/lv_obj_style_gen.h **** /**
1592:Middlewares/LVGL/lvgl/src/core/lv_obj_style_gen.h ****  * If set, a layer will be created for the widget and the layer will be masked with
1593:Middlewares/LVGL/lvgl/src/core/lv_obj_style_gen.h ****  * this A8 bitmap mask.
ARM GAS  C:\Users\w1785\AppData\Local\Temp\ccv6fGyr.s 			page 113


1594:Middlewares/LVGL/lvgl/src/core/lv_obj_style_gen.h ****  * Default: `NULL`, inherited: No, layout: No, ext. draw: No.
1595:Middlewares/LVGL/lvgl/src/core/lv_obj_style_gen.h ****  * @param  obj    Pointer to Widget
1596:Middlewares/LVGL/lvgl/src/core/lv_obj_style_gen.h ****  * @param  part   One of the `LV_PART_...` enum values
1597:Middlewares/LVGL/lvgl/src/core/lv_obj_style_gen.h ****  */
1598:Middlewares/LVGL/lvgl/src/core/lv_obj_style_gen.h **** static inline const void * lv_obj_get_style_bitmap_mask_src(const lv_obj_t * obj, lv_part_t part)
 2062              		.loc 5 1598 28 view .LVU653
 2063              	.LBB187:
1599:Middlewares/LVGL/lvgl/src/core/lv_obj_style_gen.h **** {
1600:Middlewares/LVGL/lvgl/src/core/lv_obj_style_gen.h ****     lv_style_value_t v = lv_obj_get_style_prop(obj, part, LV_STYLE_BITMAP_MASK_SRC);
 2064              		.loc 5 1600 5 view .LVU654
 2065              		.loc 5 1600 26 is_stmt 0 view .LVU655
 2066 0072 7922     		movs	r2, #121
 2067 0074 0021     		movs	r1, #0
 2068 0076 2046     		mov	r0, r4
 2069 0078 FFF7FEFF 		bl	lv_obj_get_style_prop
 2070              	.LVL216:
 2071 007c 0190     		str	r0, [sp, #4]
1601:Middlewares/LVGL/lvgl/src/core/lv_obj_style_gen.h ****     return (const void *)v.ptr;
 2072              		.loc 5 1601 5 is_stmt 1 view .LVU656
 2073              	.LVL217:
 2074              		.loc 5 1601 5 is_stmt 0 view .LVU657
 2075              	.LBE187:
 2076              	.LBE186:
1095:Middlewares/LVGL/lvgl/src/core/lv_obj_style.c ****     if(lv_obj_get_style_blend_mode(obj, LV_PART_MAIN) != LV_BLEND_MODE_NORMAL) return LV_LAYER_TYPE
 2077              		.loc 1 1095 7 discriminator 1 view .LVU658
 2078 007e 08B1     		cbz	r0, .L163
1095:Middlewares/LVGL/lvgl/src/core/lv_obj_style.c ****     if(lv_obj_get_style_blend_mode(obj, LV_PART_MAIN) != LV_BLEND_MODE_NORMAL) return LV_LAYER_TYPE
 2079              		.loc 1 1095 76 discriminator 1 view .LVU659
 2080 0080 0120     		movs	r0, #1
 2081 0082 0BE0     		b	.L150
 2082              	.L163:
1096:Middlewares/LVGL/lvgl/src/core/lv_obj_style.c ****     return LV_LAYER_TYPE_NONE;
 2083              		.loc 1 1096 5 is_stmt 1 view .LVU660
 2084              	.LVL218:
 2085              	.LBB188:
 2086              	.LBI188:
1560:Middlewares/LVGL/lvgl/src/core/lv_obj_style_gen.h **** {
 2087              		.loc 5 1560 31 view .LVU661
 2088              	.LBB189:
1562:Middlewares/LVGL/lvgl/src/core/lv_obj_style_gen.h ****     return (lv_blend_mode_t)v.num;
 2089              		.loc 5 1562 5 view .LVU662
1562:Middlewares/LVGL/lvgl/src/core/lv_obj_style_gen.h ****     return (lv_blend_mode_t)v.num;
 2090              		.loc 5 1562 26 is_stmt 0 view .LVU663
 2091 0084 7A22     		movs	r2, #122
 2092 0086 0021     		movs	r1, #0
 2093 0088 2046     		mov	r0, r4
 2094 008a FFF7FEFF 		bl	lv_obj_get_style_prop
 2095              	.LVL219:
 2096 008e 0190     		str	r0, [sp, #4]
1563:Middlewares/LVGL/lvgl/src/core/lv_obj_style_gen.h **** }
 2097              		.loc 5 1563 5 is_stmt 1 view .LVU664
 2098              	.LVL220:
1563:Middlewares/LVGL/lvgl/src/core/lv_obj_style_gen.h **** }
 2099              		.loc 5 1563 5 is_stmt 0 view .LVU665
 2100              	.LBE189:
 2101              	.LBE188:
1096:Middlewares/LVGL/lvgl/src/core/lv_obj_style.c ****     return LV_LAYER_TYPE_NONE;
ARM GAS  C:\Users\w1785\AppData\Local\Temp\ccv6fGyr.s 			page 114


 2102              		.loc 1 1096 7 discriminator 1 view .LVU666
 2103 0090 10F0FF00 		ands	r0, r0, #255
 2104 0094 02D0     		beq	.L150
1096:Middlewares/LVGL/lvgl/src/core/lv_obj_style.c ****     return LV_LAYER_TYPE_NONE;
 2105              		.loc 1 1096 87 discriminator 1 view .LVU667
 2106 0096 0120     		movs	r0, #1
 2107 0098 00E0     		b	.L150
 2108              	.L151:
1089:Middlewares/LVGL/lvgl/src/core/lv_obj_style.c ****     if(lv_obj_get_style_transform_scale_x(obj, LV_PART_MAIN) != 256) return LV_LAYER_TYPE_TRANSFORM
 2109              		.loc 1 1089 76 discriminator 1 view .LVU668
 2110 009a 0220     		movs	r0, #2
 2111              	.L150:
1098:Middlewares/LVGL/lvgl/src/core/lv_obj_style.c **** 
 2112              		.loc 1 1098 1 view .LVU669
 2113 009c 02B0     		add	sp, sp, #8
 2114              	.LCFI23:
 2115              		.cfi_remember_state
 2116              		.cfi_def_cfa_offset 8
 2117              		@ sp needed
 2118 009e 10BD     		pop	{r4, pc}
 2119              	.LVL221:
 2120              	.L154:
 2121              	.LCFI24:
 2122              		.cfi_restore_state
1092:Middlewares/LVGL/lvgl/src/core/lv_obj_style.c ****     if(lv_obj_get_style_transform_skew_y(obj, LV_PART_MAIN) != 0) return LV_LAYER_TYPE_TRANSFORM;
 2123              		.loc 1 1092 74 discriminator 1 view .LVU670
 2124 00a0 0220     		movs	r0, #2
 2125 00a2 FBE7     		b	.L150
 2126              	.L155:
1093:Middlewares/LVGL/lvgl/src/core/lv_obj_style.c ****     if(lv_obj_get_style_opa_layered(obj, LV_PART_MAIN) != LV_OPA_COVER) return LV_LAYER_TYPE_SIMPLE
 2127              		.loc 1 1093 74 discriminator 1 view .LVU671
 2128 00a4 0220     		movs	r0, #2
 2129 00a6 F9E7     		b	.L150
 2130              		.cfi_endproc
 2131              	.LFE238:
 2133              		.section	.text.lv_obj_has_style_prop,"ax",%progbits
 2134              		.align	1
 2135              		.global	lv_obj_has_style_prop
 2136              		.syntax unified
 2137              		.thumb
 2138              		.thumb_func
 2140              	lv_obj_has_style_prop:
 2141              	.LVL222:
 2142              	.LFB213:
 341:Middlewares/LVGL/lvgl/src/core/lv_obj_style.c ****     LV_ASSERT_NULL(obj)
 2143              		.loc 1 341 1 is_stmt 1 view -0
 2144              		.cfi_startproc
 2145              		@ args = 0, pretend = 0, frame = 8
 2146              		@ frame_needed = 0, uses_anonymous_args = 0
 342:Middlewares/LVGL/lvgl/src/core/lv_obj_style.c **** 
 2147              		.loc 1 342 5 view .LVU673
 342:Middlewares/LVGL/lvgl/src/core/lv_obj_style.c **** 
 2148              		.loc 1 342 5 view .LVU674
 2149 0000 58B1     		cbz	r0, .L166
 341:Middlewares/LVGL/lvgl/src/core/lv_obj_style.c ****     LV_ASSERT_NULL(obj)
 2150              		.loc 1 341 1 is_stmt 0 view .LVU675
 2151 0002 00B5     		push	{lr}
ARM GAS  C:\Users\w1785\AppData\Local\Temp\ccv6fGyr.s 			page 115


 2152              	.LCFI25:
 2153              		.cfi_def_cfa_offset 4
 2154              		.cfi_offset 14, -4
 2155 0004 83B0     		sub	sp, sp, #12
 2156              	.LCFI26:
 2157              		.cfi_def_cfa_offset 16
 342:Middlewares/LVGL/lvgl/src/core/lv_obj_style.c **** 
 2158              		.loc 1 342 5 is_stmt 1 view .LVU676
 344:Middlewares/LVGL/lvgl/src/core/lv_obj_style.c ****     lv_style_res_t found;
 2159              		.loc 1 344 5 view .LVU677
 344:Middlewares/LVGL/lvgl/src/core/lv_obj_style.c ****     lv_style_res_t found;
 2160              		.loc 1 344 22 is_stmt 0 view .LVU678
 2161 0006 0023     		movs	r3, #0
 2162 0008 0193     		str	r3, [sp, #4]
 345:Middlewares/LVGL/lvgl/src/core/lv_obj_style.c **** 
 2163              		.loc 1 345 5 is_stmt 1 view .LVU679
 347:Middlewares/LVGL/lvgl/src/core/lv_obj_style.c ****     if(found == LV_STYLE_RES_FOUND) return true;
 2164              		.loc 1 347 5 view .LVU680
 347:Middlewares/LVGL/lvgl/src/core/lv_obj_style.c ****     if(found == LV_STYLE_RES_FOUND) return true;
 2165              		.loc 1 347 13 is_stmt 0 view .LVU681
 2166 000a 01AB     		add	r3, sp, #4
 2167 000c FFF7FEFF 		bl	get_selector_style_prop
 2168              	.LVL223:
 348:Middlewares/LVGL/lvgl/src/core/lv_obj_style.c **** 
 2169              		.loc 1 348 5 is_stmt 1 view .LVU682
 348:Middlewares/LVGL/lvgl/src/core/lv_obj_style.c **** 
 2170              		.loc 1 348 7 is_stmt 0 view .LVU683
 2171 0010 0128     		cmp	r0, #1
 2172 0012 03D0     		beq	.L168
 350:Middlewares/LVGL/lvgl/src/core/lv_obj_style.c **** }
 2173              		.loc 1 350 12 view .LVU684
 2174 0014 0020     		movs	r0, #0
 2175              	.LVL224:
 2176              	.L167:
 351:Middlewares/LVGL/lvgl/src/core/lv_obj_style.c **** 
 2177              		.loc 1 351 1 view .LVU685
 2178 0016 03B0     		add	sp, sp, #12
 2179              	.LCFI27:
 2180              		.cfi_def_cfa_offset 4
 2181              		@ sp needed
 2182 0018 00BD     		pop	{pc}
 2183              	.LVL225:
 2184              	.L166:
 2185              	.LCFI28:
 2186              		.cfi_def_cfa_offset 0
 2187              		.cfi_restore 14
 342:Middlewares/LVGL/lvgl/src/core/lv_obj_style.c **** 
 2188              		.loc 1 342 5 is_stmt 1 view .LVU686
 342:Middlewares/LVGL/lvgl/src/core/lv_obj_style.c **** 
 2189              		.loc 1 342 5 view .LVU687
 342:Middlewares/LVGL/lvgl/src/core/lv_obj_style.c **** 
 2190              		.loc 1 342 5 view .LVU688
 342:Middlewares/LVGL/lvgl/src/core/lv_obj_style.c **** 
 2191              		.loc 1 342 5 view .LVU689
 342:Middlewares/LVGL/lvgl/src/core/lv_obj_style.c **** 
 2192              		.loc 1 342 5 view .LVU690
 2193 001a FEE7     		b	.L166
ARM GAS  C:\Users\w1785\AppData\Local\Temp\ccv6fGyr.s 			page 116


 2194              	.LVL226:
 2195              	.L168:
 2196              	.LCFI29:
 2197              		.cfi_def_cfa_offset 16
 2198              		.cfi_offset 14, -4
 348:Middlewares/LVGL/lvgl/src/core/lv_obj_style.c **** 
 2199              		.loc 1 348 44 is_stmt 0 discriminator 1 view .LVU691
 2200 001c 0120     		movs	r0, #1
 2201              	.LVL227:
 348:Middlewares/LVGL/lvgl/src/core/lv_obj_style.c **** 
 2202              		.loc 1 348 44 discriminator 1 view .LVU692
 2203 001e FAE7     		b	.L167
 2204              		.cfi_endproc
 2205              	.LFE213:
 2207              		.section	.text.lv_obj_get_local_style_prop,"ax",%progbits
 2208              		.align	1
 2209              		.global	lv_obj_get_local_style_prop
 2210              		.syntax unified
 2211              		.thumb
 2212              		.thumb_func
 2214              	lv_obj_get_local_style_prop:
 2215              	.LVL228:
 2216              	.LFB215:
 384:Middlewares/LVGL/lvgl/src/core/lv_obj_style.c ****     uint32_t i;
 2217              		.loc 1 384 1 is_stmt 1 view -0
 2218              		.cfi_startproc
 2219              		@ args = 0, pretend = 0, frame = 0
 2220              		@ frame_needed = 0, uses_anonymous_args = 0
 384:Middlewares/LVGL/lvgl/src/core/lv_obj_style.c ****     uint32_t i;
 2221              		.loc 1 384 1 is_stmt 0 view .LVU694
 2222 0000 38B5     		push	{r3, r4, r5, lr}
 2223              	.LCFI30:
 2224              		.cfi_def_cfa_offset 16
 2225              		.cfi_offset 3, -16
 2226              		.cfi_offset 4, -12
 2227              		.cfi_offset 5, -8
 2228              		.cfi_offset 14, -4
 385:Middlewares/LVGL/lvgl/src/core/lv_obj_style.c ****     for(i = 0; i < obj->style_cnt; i++) {
 2229              		.loc 1 385 5 is_stmt 1 view .LVU695
 386:Middlewares/LVGL/lvgl/src/core/lv_obj_style.c ****         if(obj->styles[i].is_local &&
 2230              		.loc 1 386 5 view .LVU696
 2231              	.LVL229:
 386:Middlewares/LVGL/lvgl/src/core/lv_obj_style.c ****         if(obj->styles[i].is_local &&
 2232              		.loc 1 386 11 is_stmt 0 view .LVU697
 2233 0002 4FF0000E 		mov	lr, #0
 386:Middlewares/LVGL/lvgl/src/core/lv_obj_style.c ****         if(obj->styles[i].is_local &&
 2234              		.loc 1 386 5 view .LVU698
 2235 0006 01E0     		b	.L172
 2236              	.LVL230:
 2237              	.L173:
 386:Middlewares/LVGL/lvgl/src/core/lv_obj_style.c ****         if(obj->styles[i].is_local &&
 2238              		.loc 1 386 37 is_stmt 1 discriminator 2 view .LVU699
 2239 0008 0EF1010E 		add	lr, lr, #1
 2240              	.LVL231:
 2241              	.L172:
 386:Middlewares/LVGL/lvgl/src/core/lv_obj_style.c ****         if(obj->styles[i].is_local &&
 2242              		.loc 1 386 18 discriminator 1 view .LVU700
ARM GAS  C:\Users\w1785\AppData\Local\Temp\ccv6fGyr.s 			page 117


 386:Middlewares/LVGL/lvgl/src/core/lv_obj_style.c ****         if(obj->styles[i].is_local &&
 2243              		.loc 1 386 23 is_stmt 0 discriminator 1 view .LVU701
 2244 000c B0F82AC0 		ldrh	ip, [r0, #42]
 2245 0010 CCF3051C 		ubfx	ip, ip, #4, #6
 386:Middlewares/LVGL/lvgl/src/core/lv_obj_style.c ****         if(obj->styles[i].is_local &&
 2246              		.loc 1 386 18 discriminator 1 view .LVU702
 2247 0014 F445     		cmp	ip, lr
 2248 0016 12D9     		bls	.L177
 387:Middlewares/LVGL/lvgl/src/core/lv_obj_style.c ****            obj->styles[i].selector == selector) {
 2249              		.loc 1 387 9 is_stmt 1 view .LVU703
 387:Middlewares/LVGL/lvgl/src/core/lv_obj_style.c ****            obj->styles[i].selector == selector) {
 2250              		.loc 1 387 15 is_stmt 0 view .LVU704
 2251 0018 C468     		ldr	r4, [r0, #12]
 387:Middlewares/LVGL/lvgl/src/core/lv_obj_style.c ****            obj->styles[i].selector == selector) {
 2252              		.loc 1 387 23 view .LVU705
 2253 001a 04EBCE0C 		add	ip, r4, lr, lsl #3
 387:Middlewares/LVGL/lvgl/src/core/lv_obj_style.c ****            obj->styles[i].selector == selector) {
 2254              		.loc 1 387 12 view .LVU706
 2255 001e 9CF80750 		ldrb	r5, [ip, #7]	@ zero_extendqisi2
 387:Middlewares/LVGL/lvgl/src/core/lv_obj_style.c ****            obj->styles[i].selector == selector) {
 2256              		.loc 1 387 11 view .LVU707
 2257 0022 15F0010F 		tst	r5, #1
 2258 0026 EFD0     		beq	.L173
 388:Middlewares/LVGL/lvgl/src/core/lv_obj_style.c ****             return lv_style_get_prop(obj->styles[i].style, prop, value);
 2259              		.loc 1 388 26 view .LVU708
 2260 0028 DCF80450 		ldr	r5, [ip, #4]
 2261 002c C5F31705 		ubfx	r5, r5, #0, #24
 387:Middlewares/LVGL/lvgl/src/core/lv_obj_style.c ****            obj->styles[i].selector == selector) {
 2262              		.loc 1 387 36 discriminator 1 view .LVU709
 2263 0030 9D42     		cmp	r5, r3
 2264 0032 E9D1     		bne	.L173
 389:Middlewares/LVGL/lvgl/src/core/lv_obj_style.c ****         }
 2265              		.loc 1 389 13 is_stmt 1 view .LVU710
 389:Middlewares/LVGL/lvgl/src/core/lv_obj_style.c ****         }
 2266              		.loc 1 389 20 is_stmt 0 view .LVU711
 2267 0034 54F83E00 		ldr	r0, [r4, lr, lsl #3]
 2268              	.LVL232:
 389:Middlewares/LVGL/lvgl/src/core/lv_obj_style.c ****         }
 2269              		.loc 1 389 20 view .LVU712
 2270 0038 FFF7FEFF 		bl	lv_style_get_prop
 2271              	.LVL233:
 389:Middlewares/LVGL/lvgl/src/core/lv_obj_style.c ****         }
 2272              		.loc 1 389 20 view .LVU713
 2273 003c 00E0     		b	.L174
 2274              	.LVL234:
 2275              	.L177:
 393:Middlewares/LVGL/lvgl/src/core/lv_obj_style.c **** }
 2276              		.loc 1 393 12 view .LVU714
 2277 003e 0020     		movs	r0, #0
 2278              	.LVL235:
 2279              	.L174:
 394:Middlewares/LVGL/lvgl/src/core/lv_obj_style.c **** 
 2280              		.loc 1 394 1 view .LVU715
 2281 0040 38BD     		pop	{r3, r4, r5, pc}
 2282              		.cfi_endproc
 2283              	.LFE215:
 2285              		.section	.text.lv_obj_style_apply_color_filter,"ax",%progbits
ARM GAS  C:\Users\w1785\AppData\Local\Temp\ccv6fGyr.s 			page 118


 2286              		.align	1
 2287              		.global	lv_obj_style_apply_color_filter
 2288              		.syntax unified
 2289              		.thumb
 2290              		.thumb_func
 2292              	lv_obj_style_apply_color_filter:
 2293              	.LVL236:
 2294              	.LFB218:
 477:Middlewares/LVGL/lvgl/src/core/lv_obj_style.c **** #if LV_USE_COLOR_FILTER
 2295              		.loc 1 477 1 is_stmt 1 view -0
 2296              		.cfi_startproc
 2297              		@ args = 0, pretend = 0, frame = 16
 2298              		@ frame_needed = 0, uses_anonymous_args = 0
 2299              		@ link register save eliminated.
 477:Middlewares/LVGL/lvgl/src/core/lv_obj_style.c **** #if LV_USE_COLOR_FILTER
 2300              		.loc 1 477 1 is_stmt 0 view .LVU717
 2301 0000 84B0     		sub	sp, sp, #16
 2302              	.LCFI31:
 2303              		.cfi_def_cfa_offset 16
 2304 0002 0192     		str	r2, [sp, #4]
 486:Middlewares/LVGL/lvgl/src/core/lv_obj_style.c ****     LV_UNUSED(part);
 2305              		.loc 1 486 5 is_stmt 1 view .LVU718
 487:Middlewares/LVGL/lvgl/src/core/lv_obj_style.c ****     LV_UNUSED(v);
 2306              		.loc 1 487 5 view .LVU719
 488:Middlewares/LVGL/lvgl/src/core/lv_obj_style.c **** #endif
 2307              		.loc 1 488 5 view .LVU720
 490:Middlewares/LVGL/lvgl/src/core/lv_obj_style.c **** }
 2308              		.loc 1 490 5 view .LVU721
 490:Middlewares/LVGL/lvgl/src/core/lv_obj_style.c **** }
 2309              		.loc 1 490 12 is_stmt 0 view .LVU722
 2310 0004 1046     		mov	r0, r2
 2311              	.LVL237:
 490:Middlewares/LVGL/lvgl/src/core/lv_obj_style.c **** }
 2312              		.loc 1 490 12 view .LVU723
 2313 0006 0392     		str	r2, [sp, #12]
 491:Middlewares/LVGL/lvgl/src/core/lv_obj_style.c **** 
 2314              		.loc 1 491 1 view .LVU724
 2315 0008 04B0     		add	sp, sp, #16
 2316              	.LCFI32:
 2317              		.cfi_def_cfa_offset 0
 2318              		@ sp needed
 2319 000a 7047     		bx	lr
 2320              		.cfi_endproc
 2321              	.LFE218:
 2323              		.section	.text.lv_obj_style_state_compare,"ax",%progbits
 2324              		.align	1
 2325              		.global	lv_obj_style_state_compare
 2326              		.syntax unified
 2327              		.thumb
 2328              		.thumb_func
 2330              	lv_obj_style_state_compare:
 2331              	.LVL238:
 2332              	.LFB219:
 494:Middlewares/LVGL/lvgl/src/core/lv_obj_style.c ****     lv_style_state_cmp_t res = LV_STYLE_STATE_CMP_SAME;
 2333              		.loc 1 494 1 is_stmt 1 view -0
 2334              		.cfi_startproc
 2335              		@ args = 0, pretend = 0, frame = 8
ARM GAS  C:\Users\w1785\AppData\Local\Temp\ccv6fGyr.s 			page 119


 2336              		@ frame_needed = 0, uses_anonymous_args = 0
 494:Middlewares/LVGL/lvgl/src/core/lv_obj_style.c ****     lv_style_state_cmp_t res = LV_STYLE_STATE_CMP_SAME;
 2337              		.loc 1 494 1 is_stmt 0 view .LVU726
 2338 0000 2DE9F043 		push	{r4, r5, r6, r7, r8, r9, lr}
 2339              	.LCFI33:
 2340              		.cfi_def_cfa_offset 28
 2341              		.cfi_offset 4, -28
 2342              		.cfi_offset 5, -24
 2343              		.cfi_offset 6, -20
 2344              		.cfi_offset 7, -16
 2345              		.cfi_offset 8, -12
 2346              		.cfi_offset 9, -8
 2347              		.cfi_offset 14, -4
 2348 0004 83B0     		sub	sp, sp, #12
 2349              	.LCFI34:
 2350              		.cfi_def_cfa_offset 40
 2351 0006 0546     		mov	r5, r0
 2352 0008 0F46     		mov	r7, r1
 2353 000a 1646     		mov	r6, r2
 495:Middlewares/LVGL/lvgl/src/core/lv_obj_style.c **** 
 2354              		.loc 1 495 5 is_stmt 1 view .LVU727
 2355              	.LVL239:
 498:Middlewares/LVGL/lvgl/src/core/lv_obj_style.c ****     for(i = 0; i < obj->style_cnt; i++) {
 2356              		.loc 1 498 5 view .LVU728
 499:Middlewares/LVGL/lvgl/src/core/lv_obj_style.c ****         if(obj->styles[i].is_trans) continue;
 2357              		.loc 1 499 5 view .LVU729
 499:Middlewares/LVGL/lvgl/src/core/lv_obj_style.c ****         if(obj->styles[i].is_trans) continue;
 2358              		.loc 1 499 11 is_stmt 0 view .LVU730
 2359 000c 0024     		movs	r4, #0
 495:Middlewares/LVGL/lvgl/src/core/lv_obj_style.c **** 
 2360              		.loc 1 495 26 view .LVU731
 2361 000e A046     		mov	r8, r4
 499:Middlewares/LVGL/lvgl/src/core/lv_obj_style.c ****         if(obj->styles[i].is_trans) continue;
 2362              		.loc 1 499 5 view .LVU732
 2363 0010 10E0     		b	.L181
 2364              	.LVL240:
 2365              	.L183:
 2366              	.LBB190:
 2367              	.LBB191:
 529:Middlewares/LVGL/lvgl/src/core/lv_obj_style.c ****             }
 2368              		.loc 1 529 17 is_stmt 1 view .LVU733
 529:Middlewares/LVGL/lvgl/src/core/lv_obj_style.c ****             }
 2369              		.loc 1 529 24 is_stmt 0 view .LVU734
 2370 0012 4FF00308 		mov	r8, #3
 2371              	.LVL241:
 2372              	.L186:
 529:Middlewares/LVGL/lvgl/src/core/lv_obj_style.c ****             }
 2373              		.loc 1 529 24 view .LVU735
 2374              	.LBE191:
 2375              	.LBE190:
 552:Middlewares/LVGL/lvgl/src/core/lv_obj_style.c **** 
 2376              		.loc 1 552 1 view .LVU736
 2377 0016 4046     		mov	r0, r8
 2378 0018 03B0     		add	sp, sp, #12
 2379              	.LCFI35:
 2380              		.cfi_remember_state
 2381              		.cfi_def_cfa_offset 28
ARM GAS  C:\Users\w1785\AppData\Local\Temp\ccv6fGyr.s 			page 120


 2382              		@ sp needed
 2383 001a BDE8F083 		pop	{r4, r5, r6, r7, r8, r9, pc}
 2384              	.LVL242:
 2385              	.L206:
 2386              	.LCFI36:
 2387              		.cfi_restore_state
 2388              	.LBB196:
 2389              	.LBB192:
 534:Middlewares/LVGL/lvgl/src/core/lv_obj_style.c ****             else if(lv_style_get_prop(style, LV_STYLE_TRANSFORM_ROTATION, &v)) res = LV_STYLE_STATE
 2390              		.loc 1 534 18 is_stmt 1 view .LVU737
 534:Middlewares/LVGL/lvgl/src/core/lv_obj_style.c ****             else if(lv_style_get_prop(style, LV_STYLE_TRANSFORM_ROTATION, &v)) res = LV_STYLE_STATE
 2391              		.loc 1 534 21 is_stmt 0 view .LVU738
 2392 001e 01AA     		add	r2, sp, #4
 2393 0020 0521     		movs	r1, #5
 2394 0022 4846     		mov	r0, r9
 2395 0024 FFF7FEFF 		bl	lv_style_get_prop
 2396              	.LVL243:
 534:Middlewares/LVGL/lvgl/src/core/lv_obj_style.c ****             else if(lv_style_get_prop(style, LV_STYLE_TRANSFORM_ROTATION, &v)) res = LV_STYLE_STATE
 2397              		.loc 1 534 20 discriminator 1 view .LVU739
 2398 0028 0028     		cmp	r0, #0
 2399 002a 00F09E80 		beq	.L205
 534:Middlewares/LVGL/lvgl/src/core/lv_obj_style.c ****             else if(lv_style_get_prop(style, LV_STYLE_TRANSFORM_ROTATION, &v)) res = LV_STYLE_STATE
 2400              		.loc 1 534 82 discriminator 1 view .LVU740
 2401 002e 4FF00208 		mov	r8, #2
 2402              	.LVL244:
 2403              	.L182:
 534:Middlewares/LVGL/lvgl/src/core/lv_obj_style.c ****             else if(lv_style_get_prop(style, LV_STYLE_TRANSFORM_ROTATION, &v)) res = LV_STYLE_STATE
 2404              		.loc 1 534 82 discriminator 1 view .LVU741
 2405              	.LBE192:
 2406              	.LBE196:
 499:Middlewares/LVGL/lvgl/src/core/lv_obj_style.c ****         if(obj->styles[i].is_trans) continue;
 2407              		.loc 1 499 37 is_stmt 1 discriminator 2 view .LVU742
 2408 0032 0134     		adds	r4, r4, #1
 2409              	.LVL245:
 2410              	.L181:
 499:Middlewares/LVGL/lvgl/src/core/lv_obj_style.c ****         if(obj->styles[i].is_trans) continue;
 2411              		.loc 1 499 18 discriminator 1 view .LVU743
 499:Middlewares/LVGL/lvgl/src/core/lv_obj_style.c ****         if(obj->styles[i].is_trans) continue;
 2412              		.loc 1 499 23 is_stmt 0 discriminator 1 view .LVU744
 2413 0034 6B8D     		ldrh	r3, [r5, #42]
 2414 0036 C3F30513 		ubfx	r3, r3, #4, #6
 499:Middlewares/LVGL/lvgl/src/core/lv_obj_style.c ****         if(obj->styles[i].is_trans) continue;
 2415              		.loc 1 499 18 discriminator 1 view .LVU745
 2416 003a A342     		cmp	r3, r4
 2417 003c EBD9     		bls	.L186
 2418              	.LBB197:
 500:Middlewares/LVGL/lvgl/src/core/lv_obj_style.c **** 
 2419              		.loc 1 500 9 is_stmt 1 view .LVU746
 500:Middlewares/LVGL/lvgl/src/core/lv_obj_style.c **** 
 2420              		.loc 1 500 15 is_stmt 0 view .LVU747
 2421 003e E968     		ldr	r1, [r5, #12]
 500:Middlewares/LVGL/lvgl/src/core/lv_obj_style.c **** 
 2422              		.loc 1 500 23 view .LVU748
 2423 0040 01EBC403 		add	r3, r1, r4, lsl #3
 500:Middlewares/LVGL/lvgl/src/core/lv_obj_style.c **** 
 2424              		.loc 1 500 12 view .LVU749
 2425 0044 DA79     		ldrb	r2, [r3, #7]	@ zero_extendqisi2
ARM GAS  C:\Users\w1785\AppData\Local\Temp\ccv6fGyr.s 			page 121


 500:Middlewares/LVGL/lvgl/src/core/lv_obj_style.c **** 
 2426              		.loc 1 500 11 view .LVU750
 2427 0046 12F0020F 		tst	r2, #2
 2428 004a F2D1     		bne	.L182
 502:Middlewares/LVGL/lvgl/src/core/lv_obj_style.c ****         /*The style is valid for a state but not the other*/
 2429              		.loc 1 502 9 is_stmt 1 view .LVU751
 2430              	.LVL246:
 2431              	.LBB193:
 2432              	.LBI193:
 264:Middlewares/LVGL/lvgl/src/core/lv_obj_style.h **** {
 2433              		.loc 3 264 26 view .LVU752
 2434              	.LBB194:
 266:Middlewares/LVGL/lvgl/src/core/lv_obj_style.h **** }
 2435              		.loc 3 266 5 view .LVU753
 266:Middlewares/LVGL/lvgl/src/core/lv_obj_style.h **** }
 2436              		.loc 3 266 12 is_stmt 0 view .LVU754
 2437 004c 9B88     		ldrh	r3, [r3, #4]
 2438              	.LVL247:
 266:Middlewares/LVGL/lvgl/src/core/lv_obj_style.h **** }
 2439              		.loc 3 266 12 view .LVU755
 2440              	.LBE194:
 2441              	.LBE193:
 504:Middlewares/LVGL/lvgl/src/core/lv_obj_style.c ****         bool valid2 = state_act & (~state2) ? false : true;
 2442              		.loc 1 504 9 is_stmt 1 view .LVU756
 504:Middlewares/LVGL/lvgl/src/core/lv_obj_style.c ****         bool valid2 = state_act & (~state2) ? false : true;
 2443              		.loc 1 504 33 is_stmt 0 view .LVU757
 2444 004e 23EA0702 		bic	r2, r3, r7
 504:Middlewares/LVGL/lvgl/src/core/lv_obj_style.c ****         bool valid2 = state_act & (~state2) ? false : true;
 2445              		.loc 1 504 14 view .LVU758
 2446 0052 B2FA82F2 		clz	r2, r2
 2447 0056 5209     		lsrs	r2, r2, #5
 2448              	.LVL248:
 505:Middlewares/LVGL/lvgl/src/core/lv_obj_style.c ****         if(valid1 != valid2) {
 2449              		.loc 1 505 9 is_stmt 1 view .LVU759
 505:Middlewares/LVGL/lvgl/src/core/lv_obj_style.c ****         if(valid1 != valid2) {
 2450              		.loc 1 505 33 is_stmt 0 view .LVU760
 2451 0058 23EA0603 		bic	r3, r3, r6
 2452              	.LVL249:
 505:Middlewares/LVGL/lvgl/src/core/lv_obj_style.c ****         if(valid1 != valid2) {
 2453              		.loc 1 505 14 view .LVU761
 2454 005c B3FA83F3 		clz	r3, r3
 2455 0060 5B09     		lsrs	r3, r3, #5
 2456              	.LVL250:
 506:Middlewares/LVGL/lvgl/src/core/lv_obj_style.c ****             const lv_style_t * style = obj->styles[i].style;
 2457              		.loc 1 506 9 is_stmt 1 view .LVU762
 506:Middlewares/LVGL/lvgl/src/core/lv_obj_style.c ****             const lv_style_t * style = obj->styles[i].style;
 2458              		.loc 1 506 11 is_stmt 0 view .LVU763
 2459 0062 9A42     		cmp	r2, r3
 2460 0064 E5D0     		beq	.L182
 2461              	.LBB195:
 507:Middlewares/LVGL/lvgl/src/core/lv_obj_style.c ****             lv_style_value_t v;
 2462              		.loc 1 507 13 is_stmt 1 view .LVU764
 507:Middlewares/LVGL/lvgl/src/core/lv_obj_style.c ****             lv_style_value_t v;
 2463              		.loc 1 507 32 is_stmt 0 view .LVU765
 2464 0066 51F83490 		ldr	r9, [r1, r4, lsl #3]
 2465              	.LVL251:
 508:Middlewares/LVGL/lvgl/src/core/lv_obj_style.c ****             /*If there is layout difference on the main part, return immediately. There is no more 
ARM GAS  C:\Users\w1785\AppData\Local\Temp\ccv6fGyr.s 			page 122


 2466              		.loc 1 508 13 is_stmt 1 view .LVU766
 510:Middlewares/LVGL/lvgl/src/core/lv_obj_style.c ****             if(lv_style_get_prop(style, LV_STYLE_PAD_TOP, &v))layout_diff = true;
 2467              		.loc 1 510 13 view .LVU767
 511:Middlewares/LVGL/lvgl/src/core/lv_obj_style.c ****             else if(lv_style_get_prop(style, LV_STYLE_PAD_BOTTOM, &v)) layout_diff = true;
 2468              		.loc 1 511 13 view .LVU768
 511:Middlewares/LVGL/lvgl/src/core/lv_obj_style.c ****             else if(lv_style_get_prop(style, LV_STYLE_PAD_BOTTOM, &v)) layout_diff = true;
 2469              		.loc 1 511 16 is_stmt 0 view .LVU769
 2470 006a 01AA     		add	r2, sp, #4
 2471              	.LVL252:
 511:Middlewares/LVGL/lvgl/src/core/lv_obj_style.c ****             else if(lv_style_get_prop(style, LV_STYLE_PAD_BOTTOM, &v)) layout_diff = true;
 2472              		.loc 1 511 16 view .LVU770
 2473 006c 1821     		movs	r1, #24
 2474              	.LVL253:
 511:Middlewares/LVGL/lvgl/src/core/lv_obj_style.c ****             else if(lv_style_get_prop(style, LV_STYLE_PAD_BOTTOM, &v)) layout_diff = true;
 2475              		.loc 1 511 16 view .LVU771
 2476 006e 4846     		mov	r0, r9
 2477 0070 FFF7FEFF 		bl	lv_style_get_prop
 2478              	.LVL254:
 511:Middlewares/LVGL/lvgl/src/core/lv_obj_style.c ****             else if(lv_style_get_prop(style, LV_STYLE_PAD_BOTTOM, &v)) layout_diff = true;
 2479              		.loc 1 511 15 discriminator 1 view .LVU772
 2480 0074 0028     		cmp	r0, #0
 2481 0076 CCD1     		bne	.L183
 512:Middlewares/LVGL/lvgl/src/core/lv_obj_style.c ****             else if(lv_style_get_prop(style, LV_STYLE_PAD_LEFT, &v)) layout_diff = true;
 2482              		.loc 1 512 18 is_stmt 1 view .LVU773
 512:Middlewares/LVGL/lvgl/src/core/lv_obj_style.c ****             else if(lv_style_get_prop(style, LV_STYLE_PAD_LEFT, &v)) layout_diff = true;
 2483              		.loc 1 512 21 is_stmt 0 view .LVU774
 2484 0078 01AA     		add	r2, sp, #4
 2485 007a 1921     		movs	r1, #25
 2486 007c 4846     		mov	r0, r9
 2487 007e FFF7FEFF 		bl	lv_style_get_prop
 2488              	.LVL255:
 512:Middlewares/LVGL/lvgl/src/core/lv_obj_style.c ****             else if(lv_style_get_prop(style, LV_STYLE_PAD_LEFT, &v)) layout_diff = true;
 2489              		.loc 1 512 20 discriminator 1 view .LVU775
 2490 0082 0028     		cmp	r0, #0
 2491 0084 C5D1     		bne	.L183
 513:Middlewares/LVGL/lvgl/src/core/lv_obj_style.c ****             else if(lv_style_get_prop(style, LV_STYLE_PAD_RIGHT, &v)) layout_diff = true;
 2492              		.loc 1 513 18 is_stmt 1 view .LVU776
 513:Middlewares/LVGL/lvgl/src/core/lv_obj_style.c ****             else if(lv_style_get_prop(style, LV_STYLE_PAD_RIGHT, &v)) layout_diff = true;
 2493              		.loc 1 513 21 is_stmt 0 view .LVU777
 2494 0086 01AA     		add	r2, sp, #4
 2495 0088 1A21     		movs	r1, #26
 2496 008a 4846     		mov	r0, r9
 2497 008c FFF7FEFF 		bl	lv_style_get_prop
 2498              	.LVL256:
 513:Middlewares/LVGL/lvgl/src/core/lv_obj_style.c ****             else if(lv_style_get_prop(style, LV_STYLE_PAD_RIGHT, &v)) layout_diff = true;
 2499              		.loc 1 513 20 discriminator 1 view .LVU778
 2500 0090 0028     		cmp	r0, #0
 2501 0092 BED1     		bne	.L183
 514:Middlewares/LVGL/lvgl/src/core/lv_obj_style.c ****             else if(lv_style_get_prop(style, LV_STYLE_PAD_COLUMN, &v)) layout_diff = true;
 2502              		.loc 1 514 18 is_stmt 1 view .LVU779
 514:Middlewares/LVGL/lvgl/src/core/lv_obj_style.c ****             else if(lv_style_get_prop(style, LV_STYLE_PAD_COLUMN, &v)) layout_diff = true;
 2503              		.loc 1 514 21 is_stmt 0 view .LVU780
 2504 0094 01AA     		add	r2, sp, #4
 2505 0096 1B21     		movs	r1, #27
 2506 0098 4846     		mov	r0, r9
 2507 009a FFF7FEFF 		bl	lv_style_get_prop
 2508              	.LVL257:
ARM GAS  C:\Users\w1785\AppData\Local\Temp\ccv6fGyr.s 			page 123


 514:Middlewares/LVGL/lvgl/src/core/lv_obj_style.c ****             else if(lv_style_get_prop(style, LV_STYLE_PAD_COLUMN, &v)) layout_diff = true;
 2509              		.loc 1 514 20 discriminator 1 view .LVU781
 2510 009e 0028     		cmp	r0, #0
 2511 00a0 B7D1     		bne	.L183
 515:Middlewares/LVGL/lvgl/src/core/lv_obj_style.c ****             else if(lv_style_get_prop(style, LV_STYLE_PAD_ROW, &v)) layout_diff = true;
 2512              		.loc 1 515 18 is_stmt 1 view .LVU782
 515:Middlewares/LVGL/lvgl/src/core/lv_obj_style.c ****             else if(lv_style_get_prop(style, LV_STYLE_PAD_ROW, &v)) layout_diff = true;
 2513              		.loc 1 515 21 is_stmt 0 view .LVU783
 2514 00a2 01AA     		add	r2, sp, #4
 2515 00a4 1E21     		movs	r1, #30
 2516 00a6 4846     		mov	r0, r9
 2517 00a8 FFF7FEFF 		bl	lv_style_get_prop
 2518              	.LVL258:
 515:Middlewares/LVGL/lvgl/src/core/lv_obj_style.c ****             else if(lv_style_get_prop(style, LV_STYLE_PAD_ROW, &v)) layout_diff = true;
 2519              		.loc 1 515 20 discriminator 1 view .LVU784
 2520 00ac 0028     		cmp	r0, #0
 2521 00ae B0D1     		bne	.L183
 516:Middlewares/LVGL/lvgl/src/core/lv_obj_style.c ****             else if(lv_style_get_prop(style, LV_STYLE_LAYOUT, &v)) layout_diff = true;
 2522              		.loc 1 516 18 is_stmt 1 view .LVU785
 516:Middlewares/LVGL/lvgl/src/core/lv_obj_style.c ****             else if(lv_style_get_prop(style, LV_STYLE_LAYOUT, &v)) layout_diff = true;
 2523              		.loc 1 516 21 is_stmt 0 view .LVU786
 2524 00b0 01AA     		add	r2, sp, #4
 2525 00b2 1D21     		movs	r1, #29
 2526 00b4 4846     		mov	r0, r9
 2527 00b6 FFF7FEFF 		bl	lv_style_get_prop
 2528              	.LVL259:
 516:Middlewares/LVGL/lvgl/src/core/lv_obj_style.c ****             else if(lv_style_get_prop(style, LV_STYLE_LAYOUT, &v)) layout_diff = true;
 2529              		.loc 1 516 20 discriminator 1 view .LVU787
 2530 00ba 0028     		cmp	r0, #0
 2531 00bc A9D1     		bne	.L183
 517:Middlewares/LVGL/lvgl/src/core/lv_obj_style.c ****             else if(lv_style_get_prop(style, LV_STYLE_TRANSLATE_X, &v)) layout_diff = true;
 2532              		.loc 1 517 18 is_stmt 1 view .LVU788
 517:Middlewares/LVGL/lvgl/src/core/lv_obj_style.c ****             else if(lv_style_get_prop(style, LV_STYLE_TRANSLATE_X, &v)) layout_diff = true;
 2533              		.loc 1 517 21 is_stmt 0 view .LVU789
 2534 00be 01AA     		add	r2, sp, #4
 2535 00c0 8421     		movs	r1, #132
 2536 00c2 4846     		mov	r0, r9
 2537 00c4 FFF7FEFF 		bl	lv_style_get_prop
 2538              	.LVL260:
 517:Middlewares/LVGL/lvgl/src/core/lv_obj_style.c ****             else if(lv_style_get_prop(style, LV_STYLE_TRANSLATE_X, &v)) layout_diff = true;
 2539              		.loc 1 517 20 discriminator 1 view .LVU790
 2540 00c8 0028     		cmp	r0, #0
 2541 00ca A2D1     		bne	.L183
 518:Middlewares/LVGL/lvgl/src/core/lv_obj_style.c ****             else if(lv_style_get_prop(style, LV_STYLE_TRANSLATE_Y, &v)) layout_diff = true;
 2542              		.loc 1 518 18 is_stmt 1 view .LVU791
 518:Middlewares/LVGL/lvgl/src/core/lv_obj_style.c ****             else if(lv_style_get_prop(style, LV_STYLE_TRANSLATE_Y, &v)) layout_diff = true;
 2543              		.loc 1 518 21 is_stmt 0 view .LVU792
 2544 00cc 01AA     		add	r2, sp, #4
 2545 00ce 0C21     		movs	r1, #12
 2546 00d0 4846     		mov	r0, r9
 2547 00d2 FFF7FEFF 		bl	lv_style_get_prop
 2548              	.LVL261:
 518:Middlewares/LVGL/lvgl/src/core/lv_obj_style.c ****             else if(lv_style_get_prop(style, LV_STYLE_TRANSLATE_Y, &v)) layout_diff = true;
 2549              		.loc 1 518 20 discriminator 1 view .LVU793
 2550 00d6 0028     		cmp	r0, #0
 2551 00d8 9BD1     		bne	.L183
 519:Middlewares/LVGL/lvgl/src/core/lv_obj_style.c ****             else if(lv_style_get_prop(style, LV_STYLE_WIDTH, &v)) layout_diff = true;
ARM GAS  C:\Users\w1785\AppData\Local\Temp\ccv6fGyr.s 			page 124


 2552              		.loc 1 519 18 is_stmt 1 view .LVU794
 519:Middlewares/LVGL/lvgl/src/core/lv_obj_style.c ****             else if(lv_style_get_prop(style, LV_STYLE_WIDTH, &v)) layout_diff = true;
 2553              		.loc 1 519 21 is_stmt 0 view .LVU795
 2554 00da 01AA     		add	r2, sp, #4
 2555 00dc 0D21     		movs	r1, #13
 2556 00de 4846     		mov	r0, r9
 2557 00e0 FFF7FEFF 		bl	lv_style_get_prop
 2558              	.LVL262:
 519:Middlewares/LVGL/lvgl/src/core/lv_obj_style.c ****             else if(lv_style_get_prop(style, LV_STYLE_WIDTH, &v)) layout_diff = true;
 2559              		.loc 1 519 20 discriminator 1 view .LVU796
 2560 00e4 0028     		cmp	r0, #0
 2561 00e6 94D1     		bne	.L183
 520:Middlewares/LVGL/lvgl/src/core/lv_obj_style.c ****             else if(lv_style_get_prop(style, LV_STYLE_HEIGHT, &v)) layout_diff = true;
 2562              		.loc 1 520 18 is_stmt 1 view .LVU797
 520:Middlewares/LVGL/lvgl/src/core/lv_obj_style.c ****             else if(lv_style_get_prop(style, LV_STYLE_HEIGHT, &v)) layout_diff = true;
 2563              		.loc 1 520 21 is_stmt 0 view .LVU798
 2564 00e8 01AA     		add	r2, sp, #4
 2565 00ea 0121     		movs	r1, #1
 2566 00ec 4846     		mov	r0, r9
 2567 00ee FFF7FEFF 		bl	lv_style_get_prop
 2568              	.LVL263:
 520:Middlewares/LVGL/lvgl/src/core/lv_obj_style.c ****             else if(lv_style_get_prop(style, LV_STYLE_HEIGHT, &v)) layout_diff = true;
 2569              		.loc 1 520 20 discriminator 1 view .LVU799
 2570 00f2 0028     		cmp	r0, #0
 2571 00f4 8DD1     		bne	.L183
 521:Middlewares/LVGL/lvgl/src/core/lv_obj_style.c ****             else if(lv_style_get_prop(style, LV_STYLE_MIN_WIDTH, &v)) layout_diff = true;
 2572              		.loc 1 521 18 is_stmt 1 view .LVU800
 521:Middlewares/LVGL/lvgl/src/core/lv_obj_style.c ****             else if(lv_style_get_prop(style, LV_STYLE_MIN_WIDTH, &v)) layout_diff = true;
 2573              		.loc 1 521 21 is_stmt 0 view .LVU801
 2574 00f6 01AA     		add	r2, sp, #4
 2575 00f8 0221     		movs	r1, #2
 2576 00fa 4846     		mov	r0, r9
 2577 00fc FFF7FEFF 		bl	lv_style_get_prop
 2578              	.LVL264:
 521:Middlewares/LVGL/lvgl/src/core/lv_obj_style.c ****             else if(lv_style_get_prop(style, LV_STYLE_MIN_WIDTH, &v)) layout_diff = true;
 2579              		.loc 1 521 20 discriminator 1 view .LVU802
 2580 0100 0028     		cmp	r0, #0
 2581 0102 86D1     		bne	.L183
 522:Middlewares/LVGL/lvgl/src/core/lv_obj_style.c ****             else if(lv_style_get_prop(style, LV_STYLE_MAX_WIDTH, &v)) layout_diff = true;
 2582              		.loc 1 522 18 is_stmt 1 view .LVU803
 522:Middlewares/LVGL/lvgl/src/core/lv_obj_style.c ****             else if(lv_style_get_prop(style, LV_STYLE_MAX_WIDTH, &v)) layout_diff = true;
 2583              		.loc 1 522 21 is_stmt 0 view .LVU804
 2584 0104 01AA     		add	r2, sp, #4
 2585 0106 0821     		movs	r1, #8
 2586 0108 4846     		mov	r0, r9
 2587 010a FFF7FEFF 		bl	lv_style_get_prop
 2588              	.LVL265:
 522:Middlewares/LVGL/lvgl/src/core/lv_obj_style.c ****             else if(lv_style_get_prop(style, LV_STYLE_MAX_WIDTH, &v)) layout_diff = true;
 2589              		.loc 1 522 20 discriminator 1 view .LVU805
 2590 010e 0028     		cmp	r0, #0
 2591 0110 7FF47FAF 		bne	.L183
 523:Middlewares/LVGL/lvgl/src/core/lv_obj_style.c ****             else if(lv_style_get_prop(style, LV_STYLE_MIN_HEIGHT, &v)) layout_diff = true;
 2592              		.loc 1 523 18 is_stmt 1 view .LVU806
 523:Middlewares/LVGL/lvgl/src/core/lv_obj_style.c ****             else if(lv_style_get_prop(style, LV_STYLE_MIN_HEIGHT, &v)) layout_diff = true;
 2593              		.loc 1 523 21 is_stmt 0 view .LVU807
 2594 0114 01AA     		add	r2, sp, #4
 2595 0116 0921     		movs	r1, #9
ARM GAS  C:\Users\w1785\AppData\Local\Temp\ccv6fGyr.s 			page 125


 2596 0118 4846     		mov	r0, r9
 2597 011a FFF7FEFF 		bl	lv_style_get_prop
 2598              	.LVL266:
 523:Middlewares/LVGL/lvgl/src/core/lv_obj_style.c ****             else if(lv_style_get_prop(style, LV_STYLE_MIN_HEIGHT, &v)) layout_diff = true;
 2599              		.loc 1 523 20 discriminator 1 view .LVU808
 2600 011e 0028     		cmp	r0, #0
 2601 0120 7FF477AF 		bne	.L183
 524:Middlewares/LVGL/lvgl/src/core/lv_obj_style.c ****             else if(lv_style_get_prop(style, LV_STYLE_MAX_HEIGHT, &v)) layout_diff = true;
 2602              		.loc 1 524 18 is_stmt 1 view .LVU809
 524:Middlewares/LVGL/lvgl/src/core/lv_obj_style.c ****             else if(lv_style_get_prop(style, LV_STYLE_MAX_HEIGHT, &v)) layout_diff = true;
 2603              		.loc 1 524 21 is_stmt 0 view .LVU810
 2604 0124 01AA     		add	r2, sp, #4
 2605 0126 0A21     		movs	r1, #10
 2606 0128 4846     		mov	r0, r9
 2607 012a FFF7FEFF 		bl	lv_style_get_prop
 2608              	.LVL267:
 524:Middlewares/LVGL/lvgl/src/core/lv_obj_style.c ****             else if(lv_style_get_prop(style, LV_STYLE_MAX_HEIGHT, &v)) layout_diff = true;
 2609              		.loc 1 524 20 discriminator 1 view .LVU811
 2610 012e 0028     		cmp	r0, #0
 2611 0130 7FF46FAF 		bne	.L183
 525:Middlewares/LVGL/lvgl/src/core/lv_obj_style.c ****             else if(lv_style_get_prop(style, LV_STYLE_BORDER_WIDTH, &v)) layout_diff = true;
 2612              		.loc 1 525 18 is_stmt 1 view .LVU812
 525:Middlewares/LVGL/lvgl/src/core/lv_obj_style.c ****             else if(lv_style_get_prop(style, LV_STYLE_BORDER_WIDTH, &v)) layout_diff = true;
 2613              		.loc 1 525 21 is_stmt 0 view .LVU813
 2614 0134 01AA     		add	r2, sp, #4
 2615 0136 0B21     		movs	r1, #11
 2616 0138 4846     		mov	r0, r9
 2617 013a FFF7FEFF 		bl	lv_style_get_prop
 2618              	.LVL268:
 525:Middlewares/LVGL/lvgl/src/core/lv_obj_style.c ****             else if(lv_style_get_prop(style, LV_STYLE_BORDER_WIDTH, &v)) layout_diff = true;
 2619              		.loc 1 525 20 discriminator 1 view .LVU814
 2620 013e 0028     		cmp	r0, #0
 2621 0140 7FF467AF 		bne	.L183
 526:Middlewares/LVGL/lvgl/src/core/lv_obj_style.c **** 
 2622              		.loc 1 526 18 is_stmt 1 view .LVU815
 526:Middlewares/LVGL/lvgl/src/core/lv_obj_style.c **** 
 2623              		.loc 1 526 21 is_stmt 0 view .LVU816
 2624 0144 01AA     		add	r2, sp, #4
 2625 0146 3821     		movs	r1, #56
 2626 0148 4846     		mov	r0, r9
 2627 014a FFF7FEFF 		bl	lv_style_get_prop
 2628              	.LVL269:
 526:Middlewares/LVGL/lvgl/src/core/lv_obj_style.c **** 
 2629              		.loc 1 526 20 discriminator 1 view .LVU817
 2630 014e 0028     		cmp	r0, #0
 2631 0150 7FF45FAF 		bne	.L183
 528:Middlewares/LVGL/lvgl/src/core/lv_obj_style.c ****                 return LV_STYLE_STATE_CMP_DIFF_LAYOUT;
 2632              		.loc 1 528 13 is_stmt 1 view .LVU818
 533:Middlewares/LVGL/lvgl/src/core/lv_obj_style.c ****             else if(lv_style_get_prop(style, LV_STYLE_TRANSFORM_HEIGHT, &v)) res = LV_STYLE_STATE_C
 2633              		.loc 1 533 13 view .LVU819
 533:Middlewares/LVGL/lvgl/src/core/lv_obj_style.c ****             else if(lv_style_get_prop(style, LV_STYLE_TRANSFORM_HEIGHT, &v)) res = LV_STYLE_STATE_C
 2634              		.loc 1 533 16 is_stmt 0 view .LVU820
 2635 0154 01AA     		add	r2, sp, #4
 2636 0156 0421     		movs	r1, #4
 2637 0158 4846     		mov	r0, r9
 2638 015a FFF7FEFF 		bl	lv_style_get_prop
 2639              	.LVL270:
ARM GAS  C:\Users\w1785\AppData\Local\Temp\ccv6fGyr.s 			page 126


 533:Middlewares/LVGL/lvgl/src/core/lv_obj_style.c ****             else if(lv_style_get_prop(style, LV_STYLE_TRANSFORM_HEIGHT, &v)) res = LV_STYLE_STATE_C
 2640              		.loc 1 533 15 discriminator 1 view .LVU821
 2641 015e 0028     		cmp	r0, #0
 2642 0160 3FF45DAF 		beq	.L206
 533:Middlewares/LVGL/lvgl/src/core/lv_obj_style.c ****             else if(lv_style_get_prop(style, LV_STYLE_TRANSFORM_HEIGHT, &v)) res = LV_STYLE_STATE_C
 2643              		.loc 1 533 76 discriminator 1 view .LVU822
 2644 0164 4FF00208 		mov	r8, #2
 2645              	.LVL271:
 533:Middlewares/LVGL/lvgl/src/core/lv_obj_style.c ****             else if(lv_style_get_prop(style, LV_STYLE_TRANSFORM_HEIGHT, &v)) res = LV_STYLE_STATE_C
 2646              		.loc 1 533 76 discriminator 1 view .LVU823
 2647 0168 63E7     		b	.L182
 2648              	.LVL272:
 2649              	.L205:
 535:Middlewares/LVGL/lvgl/src/core/lv_obj_style.c ****             else if(lv_style_get_prop(style, LV_STYLE_TRANSFORM_SCALE_X, &v)) res = LV_STYLE_STATE_
 2650              		.loc 1 535 18 is_stmt 1 view .LVU824
 535:Middlewares/LVGL/lvgl/src/core/lv_obj_style.c ****             else if(lv_style_get_prop(style, LV_STYLE_TRANSFORM_SCALE_X, &v)) res = LV_STYLE_STATE_
 2651              		.loc 1 535 21 is_stmt 0 view .LVU825
 2652 016a 01AA     		add	r2, sp, #4
 2653 016c 9C21     		movs	r1, #156
 2654 016e 4846     		mov	r0, r9
 2655 0170 FFF7FEFF 		bl	lv_style_get_prop
 2656              	.LVL273:
 535:Middlewares/LVGL/lvgl/src/core/lv_obj_style.c ****             else if(lv_style_get_prop(style, LV_STYLE_TRANSFORM_SCALE_X, &v)) res = LV_STYLE_STATE_
 2657              		.loc 1 535 20 discriminator 1 view .LVU826
 2658 0174 10B1     		cbz	r0, .L207
 535:Middlewares/LVGL/lvgl/src/core/lv_obj_style.c ****             else if(lv_style_get_prop(style, LV_STYLE_TRANSFORM_SCALE_X, &v)) res = LV_STYLE_STATE_
 2659              		.loc 1 535 84 discriminator 1 view .LVU827
 2660 0176 4FF00208 		mov	r8, #2
 2661              	.LVL274:
 535:Middlewares/LVGL/lvgl/src/core/lv_obj_style.c ****             else if(lv_style_get_prop(style, LV_STYLE_TRANSFORM_SCALE_X, &v)) res = LV_STYLE_STATE_
 2662              		.loc 1 535 84 discriminator 1 view .LVU828
 2663 017a 5AE7     		b	.L182
 2664              	.LVL275:
 2665              	.L207:
 536:Middlewares/LVGL/lvgl/src/core/lv_obj_style.c ****             else if(lv_style_get_prop(style, LV_STYLE_TRANSFORM_SCALE_Y, &v)) res = LV_STYLE_STATE_
 2666              		.loc 1 536 18 is_stmt 1 view .LVU829
 536:Middlewares/LVGL/lvgl/src/core/lv_obj_style.c ****             else if(lv_style_get_prop(style, LV_STYLE_TRANSFORM_SCALE_Y, &v)) res = LV_STYLE_STATE_
 2667              		.loc 1 536 21 is_stmt 0 view .LVU830
 2668 017c 01AA     		add	r2, sp, #4
 2669 017e 9821     		movs	r1, #152
 2670 0180 4846     		mov	r0, r9
 2671 0182 FFF7FEFF 		bl	lv_style_get_prop
 2672              	.LVL276:
 536:Middlewares/LVGL/lvgl/src/core/lv_obj_style.c ****             else if(lv_style_get_prop(style, LV_STYLE_TRANSFORM_SCALE_Y, &v)) res = LV_STYLE_STATE_
 2673              		.loc 1 536 20 discriminator 1 view .LVU831
 2674 0186 10B1     		cbz	r0, .L208
 536:Middlewares/LVGL/lvgl/src/core/lv_obj_style.c ****             else if(lv_style_get_prop(style, LV_STYLE_TRANSFORM_SCALE_Y, &v)) res = LV_STYLE_STATE_
 2675              		.loc 1 536 83 discriminator 1 view .LVU832
 2676 0188 4FF00208 		mov	r8, #2
 2677              	.LVL277:
 536:Middlewares/LVGL/lvgl/src/core/lv_obj_style.c ****             else if(lv_style_get_prop(style, LV_STYLE_TRANSFORM_SCALE_Y, &v)) res = LV_STYLE_STATE_
 2678              		.loc 1 536 83 discriminator 1 view .LVU833
 2679 018c 51E7     		b	.L182
 2680              	.LVL278:
 2681              	.L208:
 537:Middlewares/LVGL/lvgl/src/core/lv_obj_style.c ****             else if(lv_style_get_prop(style, LV_STYLE_OUTLINE_OPA, &v)) res = LV_STYLE_STATE_CMP_DI
 2682              		.loc 1 537 18 is_stmt 1 view .LVU834
ARM GAS  C:\Users\w1785\AppData\Local\Temp\ccv6fGyr.s 			page 127


 537:Middlewares/LVGL/lvgl/src/core/lv_obj_style.c ****             else if(lv_style_get_prop(style, LV_STYLE_OUTLINE_OPA, &v)) res = LV_STYLE_STATE_CMP_DI
 2683              		.loc 1 537 21 is_stmt 0 view .LVU835
 2684 018e 01AA     		add	r2, sp, #4
 2685 0190 9921     		movs	r1, #153
 2686 0192 4846     		mov	r0, r9
 2687 0194 FFF7FEFF 		bl	lv_style_get_prop
 2688              	.LVL279:
 537:Middlewares/LVGL/lvgl/src/core/lv_obj_style.c ****             else if(lv_style_get_prop(style, LV_STYLE_OUTLINE_OPA, &v)) res = LV_STYLE_STATE_CMP_DI
 2689              		.loc 1 537 20 discriminator 1 view .LVU836
 2690 0198 10B1     		cbz	r0, .L209
 537:Middlewares/LVGL/lvgl/src/core/lv_obj_style.c ****             else if(lv_style_get_prop(style, LV_STYLE_OUTLINE_OPA, &v)) res = LV_STYLE_STATE_CMP_DI
 2691              		.loc 1 537 83 discriminator 1 view .LVU837
 2692 019a 4FF00208 		mov	r8, #2
 2693              	.LVL280:
 537:Middlewares/LVGL/lvgl/src/core/lv_obj_style.c ****             else if(lv_style_get_prop(style, LV_STYLE_OUTLINE_OPA, &v)) res = LV_STYLE_STATE_CMP_DI
 2694              		.loc 1 537 83 discriminator 1 view .LVU838
 2695 019e 48E7     		b	.L182
 2696              	.LVL281:
 2697              	.L209:
 538:Middlewares/LVGL/lvgl/src/core/lv_obj_style.c ****             else if(lv_style_get_prop(style, LV_STYLE_OUTLINE_PAD, &v)) res = LV_STYLE_STATE_CMP_DI
 2698              		.loc 1 538 18 is_stmt 1 view .LVU839
 538:Middlewares/LVGL/lvgl/src/core/lv_obj_style.c ****             else if(lv_style_get_prop(style, LV_STYLE_OUTLINE_PAD, &v)) res = LV_STYLE_STATE_CMP_DI
 2699              		.loc 1 538 21 is_stmt 0 view .LVU840
 2700 01a0 01AA     		add	r2, sp, #4
 2701 01a2 4221     		movs	r1, #66
 2702 01a4 4846     		mov	r0, r9
 2703 01a6 FFF7FEFF 		bl	lv_style_get_prop
 2704              	.LVL282:
 538:Middlewares/LVGL/lvgl/src/core/lv_obj_style.c ****             else if(lv_style_get_prop(style, LV_STYLE_OUTLINE_PAD, &v)) res = LV_STYLE_STATE_CMP_DI
 2705              		.loc 1 538 20 discriminator 1 view .LVU841
 2706 01aa 10B1     		cbz	r0, .L210
 538:Middlewares/LVGL/lvgl/src/core/lv_obj_style.c ****             else if(lv_style_get_prop(style, LV_STYLE_OUTLINE_PAD, &v)) res = LV_STYLE_STATE_CMP_DI
 2707              		.loc 1 538 77 discriminator 1 view .LVU842
 2708 01ac 4FF00208 		mov	r8, #2
 2709              	.LVL283:
 538:Middlewares/LVGL/lvgl/src/core/lv_obj_style.c ****             else if(lv_style_get_prop(style, LV_STYLE_OUTLINE_PAD, &v)) res = LV_STYLE_STATE_CMP_DI
 2710              		.loc 1 538 77 discriminator 1 view .LVU843
 2711 01b0 3FE7     		b	.L182
 2712              	.LVL284:
 2713              	.L210:
 539:Middlewares/LVGL/lvgl/src/core/lv_obj_style.c ****             else if(lv_style_get_prop(style, LV_STYLE_OUTLINE_WIDTH, &v)) res = LV_STYLE_STATE_CMP_
 2714              		.loc 1 539 18 is_stmt 1 view .LVU844
 539:Middlewares/LVGL/lvgl/src/core/lv_obj_style.c ****             else if(lv_style_get_prop(style, LV_STYLE_OUTLINE_WIDTH, &v)) res = LV_STYLE_STATE_CMP_
 2715              		.loc 1 539 21 is_stmt 0 view .LVU845
 2716 01b2 01AA     		add	r2, sp, #4
 2717 01b4 4321     		movs	r1, #67
 2718 01b6 4846     		mov	r0, r9
 2719 01b8 FFF7FEFF 		bl	lv_style_get_prop
 2720              	.LVL285:
 539:Middlewares/LVGL/lvgl/src/core/lv_obj_style.c ****             else if(lv_style_get_prop(style, LV_STYLE_OUTLINE_WIDTH, &v)) res = LV_STYLE_STATE_CMP_
 2721              		.loc 1 539 20 discriminator 1 view .LVU846
 2722 01bc 10B1     		cbz	r0, .L211
 539:Middlewares/LVGL/lvgl/src/core/lv_obj_style.c ****             else if(lv_style_get_prop(style, LV_STYLE_OUTLINE_WIDTH, &v)) res = LV_STYLE_STATE_CMP_
 2723              		.loc 1 539 77 discriminator 1 view .LVU847
 2724 01be 4FF00208 		mov	r8, #2
 2725              	.LVL286:
 539:Middlewares/LVGL/lvgl/src/core/lv_obj_style.c ****             else if(lv_style_get_prop(style, LV_STYLE_OUTLINE_WIDTH, &v)) res = LV_STYLE_STATE_CMP_
ARM GAS  C:\Users\w1785\AppData\Local\Temp\ccv6fGyr.s 			page 128


 2726              		.loc 1 539 77 discriminator 1 view .LVU848
 2727 01c2 36E7     		b	.L182
 2728              	.LVL287:
 2729              	.L211:
 540:Middlewares/LVGL/lvgl/src/core/lv_obj_style.c ****             else if(lv_style_get_prop(style, LV_STYLE_SHADOW_WIDTH, &v)) res = LV_STYLE_STATE_CMP_D
 2730              		.loc 1 540 18 is_stmt 1 view .LVU849
 540:Middlewares/LVGL/lvgl/src/core/lv_obj_style.c ****             else if(lv_style_get_prop(style, LV_STYLE_SHADOW_WIDTH, &v)) res = LV_STYLE_STATE_CMP_D
 2731              		.loc 1 540 21 is_stmt 0 view .LVU850
 2732 01c4 01AA     		add	r2, sp, #4
 2733 01c6 4021     		movs	r1, #64
 2734 01c8 4846     		mov	r0, r9
 2735 01ca FFF7FEFF 		bl	lv_style_get_prop
 2736              	.LVL288:
 540:Middlewares/LVGL/lvgl/src/core/lv_obj_style.c ****             else if(lv_style_get_prop(style, LV_STYLE_SHADOW_WIDTH, &v)) res = LV_STYLE_STATE_CMP_D
 2737              		.loc 1 540 20 discriminator 1 view .LVU851
 2738 01ce 10B1     		cbz	r0, .L212
 540:Middlewares/LVGL/lvgl/src/core/lv_obj_style.c ****             else if(lv_style_get_prop(style, LV_STYLE_SHADOW_WIDTH, &v)) res = LV_STYLE_STATE_CMP_D
 2739              		.loc 1 540 79 discriminator 1 view .LVU852
 2740 01d0 4FF00208 		mov	r8, #2
 2741              	.LVL289:
 540:Middlewares/LVGL/lvgl/src/core/lv_obj_style.c ****             else if(lv_style_get_prop(style, LV_STYLE_SHADOW_WIDTH, &v)) res = LV_STYLE_STATE_CMP_D
 2742              		.loc 1 540 79 discriminator 1 view .LVU853
 2743 01d4 2DE7     		b	.L182
 2744              	.LVL290:
 2745              	.L212:
 541:Middlewares/LVGL/lvgl/src/core/lv_obj_style.c ****             else if(lv_style_get_prop(style, LV_STYLE_SHADOW_OPA, &v)) res = LV_STYLE_STATE_CMP_DIF
 2746              		.loc 1 541 18 is_stmt 1 view .LVU854
 541:Middlewares/LVGL/lvgl/src/core/lv_obj_style.c ****             else if(lv_style_get_prop(style, LV_STYLE_SHADOW_OPA, &v)) res = LV_STYLE_STATE_CMP_DIF
 2747              		.loc 1 541 21 is_stmt 0 view .LVU855
 2748 01d6 01AA     		add	r2, sp, #4
 2749 01d8 4A21     		movs	r1, #74
 2750 01da 4846     		mov	r0, r9
 2751 01dc FFF7FEFF 		bl	lv_style_get_prop
 2752              	.LVL291:
 541:Middlewares/LVGL/lvgl/src/core/lv_obj_style.c ****             else if(lv_style_get_prop(style, LV_STYLE_SHADOW_OPA, &v)) res = LV_STYLE_STATE_CMP_DIF
 2753              		.loc 1 541 20 discriminator 1 view .LVU856
 2754 01e0 10B1     		cbz	r0, .L213
 541:Middlewares/LVGL/lvgl/src/core/lv_obj_style.c ****             else if(lv_style_get_prop(style, LV_STYLE_SHADOW_OPA, &v)) res = LV_STYLE_STATE_CMP_DIF
 2755              		.loc 1 541 78 discriminator 1 view .LVU857
 2756 01e2 4FF00208 		mov	r8, #2
 2757              	.LVL292:
 541:Middlewares/LVGL/lvgl/src/core/lv_obj_style.c ****             else if(lv_style_get_prop(style, LV_STYLE_SHADOW_OPA, &v)) res = LV_STYLE_STATE_CMP_DIF
 2758              		.loc 1 541 78 discriminator 1 view .LVU858
 2759 01e6 24E7     		b	.L182
 2760              	.LVL293:
 2761              	.L213:
 542:Middlewares/LVGL/lvgl/src/core/lv_obj_style.c ****             else if(lv_style_get_prop(style, LV_STYLE_SHADOW_OFFSET_X, &v)) res = LV_STYLE_STATE_CM
 2762              		.loc 1 542 18 is_stmt 1 view .LVU859
 542:Middlewares/LVGL/lvgl/src/core/lv_obj_style.c ****             else if(lv_style_get_prop(style, LV_STYLE_SHADOW_OFFSET_X, &v)) res = LV_STYLE_STATE_CM
 2763              		.loc 1 542 21 is_stmt 0 view .LVU860
 2764 01e8 01AA     		add	r2, sp, #4
 2765 01ea 5121     		movs	r1, #81
 2766 01ec 4846     		mov	r0, r9
 2767 01ee FFF7FEFF 		bl	lv_style_get_prop
 2768              	.LVL294:
 542:Middlewares/LVGL/lvgl/src/core/lv_obj_style.c ****             else if(lv_style_get_prop(style, LV_STYLE_SHADOW_OFFSET_X, &v)) res = LV_STYLE_STATE_CM
 2769              		.loc 1 542 20 discriminator 1 view .LVU861
ARM GAS  C:\Users\w1785\AppData\Local\Temp\ccv6fGyr.s 			page 129


 2770 01f2 10B1     		cbz	r0, .L214
 542:Middlewares/LVGL/lvgl/src/core/lv_obj_style.c ****             else if(lv_style_get_prop(style, LV_STYLE_SHADOW_OFFSET_X, &v)) res = LV_STYLE_STATE_CM
 2771              		.loc 1 542 76 discriminator 1 view .LVU862
 2772 01f4 4FF00208 		mov	r8, #2
 2773              	.LVL295:
 542:Middlewares/LVGL/lvgl/src/core/lv_obj_style.c ****             else if(lv_style_get_prop(style, LV_STYLE_SHADOW_OFFSET_X, &v)) res = LV_STYLE_STATE_CM
 2774              		.loc 1 542 76 discriminator 1 view .LVU863
 2775 01f8 1BE7     		b	.L182
 2776              	.LVL296:
 2777              	.L214:
 543:Middlewares/LVGL/lvgl/src/core/lv_obj_style.c ****             else if(lv_style_get_prop(style, LV_STYLE_SHADOW_OFFSET_Y, &v)) res = LV_STYLE_STATE_CM
 2778              		.loc 1 543 18 is_stmt 1 view .LVU864
 543:Middlewares/LVGL/lvgl/src/core/lv_obj_style.c ****             else if(lv_style_get_prop(style, LV_STYLE_SHADOW_OFFSET_Y, &v)) res = LV_STYLE_STATE_CM
 2779              		.loc 1 543 21 is_stmt 0 view .LVU865
 2780 01fa 01AA     		add	r2, sp, #4
 2781 01fc 6121     		movs	r1, #97
 2782 01fe 4846     		mov	r0, r9
 2783 0200 FFF7FEFF 		bl	lv_style_get_prop
 2784              	.LVL297:
 543:Middlewares/LVGL/lvgl/src/core/lv_obj_style.c ****             else if(lv_style_get_prop(style, LV_STYLE_SHADOW_OFFSET_Y, &v)) res = LV_STYLE_STATE_CM
 2785              		.loc 1 543 20 discriminator 1 view .LVU866
 2786 0204 10B1     		cbz	r0, .L215
 543:Middlewares/LVGL/lvgl/src/core/lv_obj_style.c ****             else if(lv_style_get_prop(style, LV_STYLE_SHADOW_OFFSET_Y, &v)) res = LV_STYLE_STATE_CM
 2787              		.loc 1 543 81 discriminator 1 view .LVU867
 2788 0206 4FF00208 		mov	r8, #2
 2789              	.LVL298:
 543:Middlewares/LVGL/lvgl/src/core/lv_obj_style.c ****             else if(lv_style_get_prop(style, LV_STYLE_SHADOW_OFFSET_Y, &v)) res = LV_STYLE_STATE_CM
 2790              		.loc 1 543 81 discriminator 1 view .LVU868
 2791 020a 12E7     		b	.L182
 2792              	.LVL299:
 2793              	.L215:
 544:Middlewares/LVGL/lvgl/src/core/lv_obj_style.c ****             else if(lv_style_get_prop(style, LV_STYLE_SHADOW_SPREAD, &v)) res = LV_STYLE_STATE_CMP_
 2794              		.loc 1 544 18 is_stmt 1 view .LVU869
 544:Middlewares/LVGL/lvgl/src/core/lv_obj_style.c ****             else if(lv_style_get_prop(style, LV_STYLE_SHADOW_SPREAD, &v)) res = LV_STYLE_STATE_CMP_
 2795              		.loc 1 544 21 is_stmt 0 view .LVU870
 2796 020c 01AA     		add	r2, sp, #4
 2797 020e 6221     		movs	r1, #98
 2798 0210 4846     		mov	r0, r9
 2799 0212 FFF7FEFF 		bl	lv_style_get_prop
 2800              	.LVL300:
 544:Middlewares/LVGL/lvgl/src/core/lv_obj_style.c ****             else if(lv_style_get_prop(style, LV_STYLE_SHADOW_SPREAD, &v)) res = LV_STYLE_STATE_CMP_
 2801              		.loc 1 544 20 discriminator 1 view .LVU871
 2802 0216 10B1     		cbz	r0, .L216
 544:Middlewares/LVGL/lvgl/src/core/lv_obj_style.c ****             else if(lv_style_get_prop(style, LV_STYLE_SHADOW_SPREAD, &v)) res = LV_STYLE_STATE_CMP_
 2803              		.loc 1 544 81 discriminator 1 view .LVU872
 2804 0218 4FF00208 		mov	r8, #2
 2805              	.LVL301:
 544:Middlewares/LVGL/lvgl/src/core/lv_obj_style.c ****             else if(lv_style_get_prop(style, LV_STYLE_SHADOW_SPREAD, &v)) res = LV_STYLE_STATE_CMP_
 2806              		.loc 1 544 81 discriminator 1 view .LVU873
 2807 021c 09E7     		b	.L182
 2808              	.LVL302:
 2809              	.L216:
 545:Middlewares/LVGL/lvgl/src/core/lv_obj_style.c ****             else if(lv_style_get_prop(style, LV_STYLE_LINE_WIDTH, &v)) res = LV_STYLE_STATE_CMP_DIF
 2810              		.loc 1 545 18 is_stmt 1 view .LVU874
 545:Middlewares/LVGL/lvgl/src/core/lv_obj_style.c ****             else if(lv_style_get_prop(style, LV_STYLE_LINE_WIDTH, &v)) res = LV_STYLE_STATE_CMP_DIF
 2811              		.loc 1 545 21 is_stmt 0 view .LVU875
 2812 021e 01AA     		add	r2, sp, #4
ARM GAS  C:\Users\w1785\AppData\Local\Temp\ccv6fGyr.s 			page 130


 2813 0220 6321     		movs	r1, #99
 2814 0222 4846     		mov	r0, r9
 2815 0224 FFF7FEFF 		bl	lv_style_get_prop
 2816              	.LVL303:
 545:Middlewares/LVGL/lvgl/src/core/lv_obj_style.c ****             else if(lv_style_get_prop(style, LV_STYLE_LINE_WIDTH, &v)) res = LV_STYLE_STATE_CMP_DIF
 2817              		.loc 1 545 20 discriminator 1 view .LVU876
 2818 0228 10B1     		cbz	r0, .L217
 545:Middlewares/LVGL/lvgl/src/core/lv_obj_style.c ****             else if(lv_style_get_prop(style, LV_STYLE_LINE_WIDTH, &v)) res = LV_STYLE_STATE_CMP_DIF
 2819              		.loc 1 545 79 discriminator 1 view .LVU877
 2820 022a 4FF00208 		mov	r8, #2
 2821              	.LVL304:
 545:Middlewares/LVGL/lvgl/src/core/lv_obj_style.c ****             else if(lv_style_get_prop(style, LV_STYLE_LINE_WIDTH, &v)) res = LV_STYLE_STATE_CMP_DIF
 2822              		.loc 1 545 79 discriminator 1 view .LVU878
 2823 022e 00E7     		b	.L182
 2824              	.LVL305:
 2825              	.L217:
 546:Middlewares/LVGL/lvgl/src/core/lv_obj_style.c ****             else if(res == LV_STYLE_STATE_CMP_SAME) res = LV_STYLE_STATE_CMP_DIFF_REDRAW;
 2826              		.loc 1 546 18 is_stmt 1 view .LVU879
 546:Middlewares/LVGL/lvgl/src/core/lv_obj_style.c ****             else if(res == LV_STYLE_STATE_CMP_SAME) res = LV_STYLE_STATE_CMP_DIFF_REDRAW;
 2827              		.loc 1 546 21 is_stmt 0 view .LVU880
 2828 0230 01AA     		add	r2, sp, #4
 2829 0232 4B21     		movs	r1, #75
 2830 0234 4846     		mov	r0, r9
 2831 0236 FFF7FEFF 		bl	lv_style_get_prop
 2832              	.LVL306:
 546:Middlewares/LVGL/lvgl/src/core/lv_obj_style.c ****             else if(res == LV_STYLE_STATE_CMP_SAME) res = LV_STYLE_STATE_CMP_DIFF_REDRAW;
 2833              		.loc 1 546 20 discriminator 1 view .LVU881
 2834 023a 30B9     		cbnz	r0, .L201
 547:Middlewares/LVGL/lvgl/src/core/lv_obj_style.c ****         }
 2835              		.loc 1 547 18 is_stmt 1 view .LVU882
 547:Middlewares/LVGL/lvgl/src/core/lv_obj_style.c ****         }
 2836              		.loc 1 547 20 is_stmt 0 view .LVU883
 2837 023c B8F1000F 		cmp	r8, #0
 2838 0240 7FF4F7AE 		bne	.L182
 547:Middlewares/LVGL/lvgl/src/core/lv_obj_style.c ****         }
 2839              		.loc 1 547 57 discriminator 1 view .LVU884
 2840 0244 4FF00108 		mov	r8, #1
 2841              	.LVL307:
 547:Middlewares/LVGL/lvgl/src/core/lv_obj_style.c ****         }
 2842              		.loc 1 547 57 discriminator 1 view .LVU885
 2843 0248 F3E6     		b	.L182
 2844              	.LVL308:
 2845              	.L201:
 546:Middlewares/LVGL/lvgl/src/core/lv_obj_style.c ****             else if(res == LV_STYLE_STATE_CMP_SAME) res = LV_STYLE_STATE_CMP_DIFF_REDRAW;
 2846              		.loc 1 546 76 discriminator 1 view .LVU886
 2847 024a 4FF00208 		mov	r8, #2
 2848              	.LVL309:
 546:Middlewares/LVGL/lvgl/src/core/lv_obj_style.c ****             else if(res == LV_STYLE_STATE_CMP_SAME) res = LV_STYLE_STATE_CMP_DIFF_REDRAW;
 2849              		.loc 1 546 76 discriminator 1 view .LVU887
 2850 024e F0E6     		b	.L182
 2851              	.LBE195:
 2852              	.LBE197:
 2853              		.cfi_endproc
 2854              	.LFE219:
 2856              		.section	.text.lv_obj_fade_in,"ax",%progbits
 2857              		.align	1
 2858              		.global	lv_obj_fade_in
ARM GAS  C:\Users\w1785\AppData\Local\Temp\ccv6fGyr.s 			page 131


 2859              		.syntax unified
 2860              		.thumb
 2861              		.thumb_func
 2863              	lv_obj_fade_in:
 2864              	.LVL310:
 2865              	.LFB220:
 555:Middlewares/LVGL/lvgl/src/core/lv_obj_style.c ****     lv_anim_t a;
 2866              		.loc 1 555 1 is_stmt 1 view -0
 2867              		.cfi_startproc
 2868              		@ args = 0, pretend = 0, frame = 96
 2869              		@ frame_needed = 0, uses_anonymous_args = 0
 555:Middlewares/LVGL/lvgl/src/core/lv_obj_style.c ****     lv_anim_t a;
 2870              		.loc 1 555 1 is_stmt 0 view .LVU889
 2871 0000 F0B5     		push	{r4, r5, r6, r7, lr}
 2872              	.LCFI37:
 2873              		.cfi_def_cfa_offset 20
 2874              		.cfi_offset 4, -20
 2875              		.cfi_offset 5, -16
 2876              		.cfi_offset 6, -12
 2877              		.cfi_offset 7, -8
 2878              		.cfi_offset 14, -4
 2879 0002 99B0     		sub	sp, sp, #100
 2880              	.LCFI38:
 2881              		.cfi_def_cfa_offset 120
 2882 0004 0746     		mov	r7, r0
 2883 0006 0E46     		mov	r6, r1
 2884 0008 1546     		mov	r5, r2
 556:Middlewares/LVGL/lvgl/src/core/lv_obj_style.c ****     lv_anim_init(&a);
 2885              		.loc 1 556 5 is_stmt 1 view .LVU890
 557:Middlewares/LVGL/lvgl/src/core/lv_obj_style.c ****     lv_anim_set_var(&a, obj);
 2886              		.loc 1 557 5 view .LVU891
 2887 000a 6846     		mov	r0, sp
 2888              	.LVL311:
 557:Middlewares/LVGL/lvgl/src/core/lv_obj_style.c ****     lv_anim_set_var(&a, obj);
 2889              		.loc 1 557 5 is_stmt 0 view .LVU892
 2890 000c FFF7FEFF 		bl	lv_anim_init
 2891              	.LVL312:
 558:Middlewares/LVGL/lvgl/src/core/lv_obj_style.c ****     lv_anim_set_values(&a, 0, LV_OPA_COVER);
 2892              		.loc 1 558 5 is_stmt 1 view .LVU893
 2893 0010 3946     		mov	r1, r7
 2894 0012 6846     		mov	r0, sp
 2895 0014 FFF7FEFF 		bl	lv_anim_set_var
 2896              	.LVL313:
 559:Middlewares/LVGL/lvgl/src/core/lv_obj_style.c ****     lv_anim_set_exec_cb(&a, fade_anim_cb);
 2897              		.loc 1 559 5 view .LVU894
 2898 0018 FF22     		movs	r2, #255
 2899 001a 0021     		movs	r1, #0
 2900 001c 6846     		mov	r0, sp
 2901 001e FFF7FEFF 		bl	lv_anim_set_values
 2902              	.LVL314:
 560:Middlewares/LVGL/lvgl/src/core/lv_obj_style.c ****     lv_anim_set_completed_cb(&a, fade_in_anim_completed);
 2903              		.loc 1 560 5 view .LVU895
 2904 0022 0A49     		ldr	r1, .L220
 2905 0024 6846     		mov	r0, sp
 2906 0026 FFF7FEFF 		bl	lv_anim_set_exec_cb
 2907              	.LVL315:
 561:Middlewares/LVGL/lvgl/src/core/lv_obj_style.c ****     lv_anim_set_duration(&a, time);
ARM GAS  C:\Users\w1785\AppData\Local\Temp\ccv6fGyr.s 			page 132


 2908              		.loc 1 561 5 view .LVU896
 2909 002a 0949     		ldr	r1, .L220+4
 2910 002c 6846     		mov	r0, sp
 2911 002e FFF7FEFF 		bl	lv_anim_set_completed_cb
 2912              	.LVL316:
 562:Middlewares/LVGL/lvgl/src/core/lv_obj_style.c ****     lv_anim_set_delay(&a, delay);
 2913              		.loc 1 562 5 view .LVU897
 2914 0032 3146     		mov	r1, r6
 2915 0034 6846     		mov	r0, sp
 2916 0036 FFF7FEFF 		bl	lv_anim_set_duration
 2917              	.LVL317:
 563:Middlewares/LVGL/lvgl/src/core/lv_obj_style.c ****     lv_anim_start(&a);
 2918              		.loc 1 563 5 view .LVU898
 2919 003a 2946     		mov	r1, r5
 2920 003c 6846     		mov	r0, sp
 2921 003e FFF7FEFF 		bl	lv_anim_set_delay
 2922              	.LVL318:
 564:Middlewares/LVGL/lvgl/src/core/lv_obj_style.c **** }
 2923              		.loc 1 564 5 view .LVU899
 2924 0042 6846     		mov	r0, sp
 2925 0044 FFF7FEFF 		bl	lv_anim_start
 2926              	.LVL319:
 565:Middlewares/LVGL/lvgl/src/core/lv_obj_style.c **** 
 2927              		.loc 1 565 1 is_stmt 0 view .LVU900
 2928 0048 19B0     		add	sp, sp, #100
 2929              	.LCFI39:
 2930              		.cfi_def_cfa_offset 20
 2931              		@ sp needed
 2932 004a F0BD     		pop	{r4, r5, r6, r7, pc}
 2933              	.LVL320:
 2934              	.L221:
 565:Middlewares/LVGL/lvgl/src/core/lv_obj_style.c **** 
 2935              		.loc 1 565 1 view .LVU901
 2936              		.align	2
 2937              	.L220:
 2938 004c 00000000 		.word	fade_anim_cb
 2939 0050 00000000 		.word	fade_in_anim_completed
 2940              		.cfi_endproc
 2941              	.LFE220:
 2943              		.section	.text.lv_obj_fade_out,"ax",%progbits
 2944              		.align	1
 2945              		.global	lv_obj_fade_out
 2946              		.syntax unified
 2947              		.thumb
 2948              		.thumb_func
 2950              	lv_obj_fade_out:
 2951              	.LVL321:
 2952              	.LFB221:
 568:Middlewares/LVGL/lvgl/src/core/lv_obj_style.c ****     lv_anim_t a;
 2953              		.loc 1 568 1 is_stmt 1 view -0
 2954              		.cfi_startproc
 2955              		@ args = 0, pretend = 0, frame = 104
 2956              		@ frame_needed = 0, uses_anonymous_args = 0
 568:Middlewares/LVGL/lvgl/src/core/lv_obj_style.c ****     lv_anim_t a;
 2957              		.loc 1 568 1 is_stmt 0 view .LVU903
 2958 0000 F0B5     		push	{r4, r5, r6, r7, lr}
 2959              	.LCFI40:
ARM GAS  C:\Users\w1785\AppData\Local\Temp\ccv6fGyr.s 			page 133


 2960              		.cfi_def_cfa_offset 20
 2961              		.cfi_offset 4, -20
 2962              		.cfi_offset 5, -16
 2963              		.cfi_offset 6, -12
 2964              		.cfi_offset 7, -8
 2965              		.cfi_offset 14, -4
 2966 0002 9BB0     		sub	sp, sp, #108
 2967              	.LCFI41:
 2968              		.cfi_def_cfa_offset 128
 2969 0004 0546     		mov	r5, r0
 2970 0006 0F46     		mov	r7, r1
 2971 0008 1646     		mov	r6, r2
 569:Middlewares/LVGL/lvgl/src/core/lv_obj_style.c ****     lv_anim_init(&a);
 2972              		.loc 1 569 5 is_stmt 1 view .LVU904
 570:Middlewares/LVGL/lvgl/src/core/lv_obj_style.c ****     lv_anim_set_var(&a, obj);
 2973              		.loc 1 570 5 view .LVU905
 2974 000a 02AC     		add	r4, sp, #8
 2975 000c 2046     		mov	r0, r4
 2976              	.LVL322:
 570:Middlewares/LVGL/lvgl/src/core/lv_obj_style.c ****     lv_anim_set_var(&a, obj);
 2977              		.loc 1 570 5 is_stmt 0 view .LVU906
 2978 000e FFF7FEFF 		bl	lv_anim_init
 2979              	.LVL323:
 571:Middlewares/LVGL/lvgl/src/core/lv_obj_style.c ****     lv_anim_set_values(&a, lv_obj_get_style_opa(obj, LV_PART_MAIN), LV_OPA_TRANSP);
 2980              		.loc 1 571 5 is_stmt 1 view .LVU907
 2981 0012 2946     		mov	r1, r5
 2982 0014 2046     		mov	r0, r4
 2983 0016 FFF7FEFF 		bl	lv_anim_set_var
 2984              	.LVL324:
 572:Middlewares/LVGL/lvgl/src/core/lv_obj_style.c ****     lv_anim_set_exec_cb(&a, fade_anim_cb);
 2985              		.loc 1 572 5 view .LVU908
 2986              	.LBB198:
 2987              	.LBI198:
1440:Middlewares/LVGL/lvgl/src/core/lv_obj_style_gen.h **** {
 2988              		.loc 5 1440 24 view .LVU909
 2989              	.LBB199:
1442:Middlewares/LVGL/lvgl/src/core/lv_obj_style_gen.h ****     return (lv_opa_t)v.num;
 2990              		.loc 5 1442 5 view .LVU910
1442:Middlewares/LVGL/lvgl/src/core/lv_obj_style_gen.h ****     return (lv_opa_t)v.num;
 2991              		.loc 5 1442 26 is_stmt 0 view .LVU911
 2992 001a 7022     		movs	r2, #112
 2993 001c 0021     		movs	r1, #0
 2994 001e 2846     		mov	r0, r5
 2995 0020 FFF7FEFF 		bl	lv_obj_get_style_prop
 2996              	.LVL325:
 2997 0024 0190     		str	r0, [sp, #4]
1443:Middlewares/LVGL/lvgl/src/core/lv_obj_style_gen.h **** }
 2998              		.loc 5 1443 5 is_stmt 1 view .LVU912
 2999              	.LVL326:
1443:Middlewares/LVGL/lvgl/src/core/lv_obj_style_gen.h **** }
 3000              		.loc 5 1443 5 is_stmt 0 view .LVU913
 3001              	.LBE199:
 3002              	.LBE198:
 572:Middlewares/LVGL/lvgl/src/core/lv_obj_style.c ****     lv_anim_set_exec_cb(&a, fade_anim_cb);
 3003              		.loc 1 572 5 discriminator 1 view .LVU914
 3004 0026 0022     		movs	r2, #0
 3005 0028 C1B2     		uxtb	r1, r0
ARM GAS  C:\Users\w1785\AppData\Local\Temp\ccv6fGyr.s 			page 134


 3006 002a 2046     		mov	r0, r4
 3007 002c FFF7FEFF 		bl	lv_anim_set_values
 3008              	.LVL327:
 573:Middlewares/LVGL/lvgl/src/core/lv_obj_style.c ****     lv_anim_set_duration(&a, time);
 3009              		.loc 1 573 5 is_stmt 1 view .LVU915
 3010 0030 0849     		ldr	r1, .L224
 3011 0032 2046     		mov	r0, r4
 3012 0034 FFF7FEFF 		bl	lv_anim_set_exec_cb
 3013              	.LVL328:
 574:Middlewares/LVGL/lvgl/src/core/lv_obj_style.c ****     lv_anim_set_delay(&a, delay);
 3014              		.loc 1 574 5 view .LVU916
 3015 0038 3946     		mov	r1, r7
 3016 003a 2046     		mov	r0, r4
 3017 003c FFF7FEFF 		bl	lv_anim_set_duration
 3018              	.LVL329:
 575:Middlewares/LVGL/lvgl/src/core/lv_obj_style.c ****     lv_anim_start(&a);
 3019              		.loc 1 575 5 view .LVU917
 3020 0040 3146     		mov	r1, r6
 3021 0042 2046     		mov	r0, r4
 3022 0044 FFF7FEFF 		bl	lv_anim_set_delay
 3023              	.LVL330:
 576:Middlewares/LVGL/lvgl/src/core/lv_obj_style.c **** }
 3024              		.loc 1 576 5 view .LVU918
 3025 0048 2046     		mov	r0, r4
 3026 004a FFF7FEFF 		bl	lv_anim_start
 3027              	.LVL331:
 577:Middlewares/LVGL/lvgl/src/core/lv_obj_style.c **** 
 3028              		.loc 1 577 1 is_stmt 0 view .LVU919
 3029 004e 1BB0     		add	sp, sp, #108
 3030              	.LCFI42:
 3031              		.cfi_def_cfa_offset 20
 3032              		@ sp needed
 3033 0050 F0BD     		pop	{r4, r5, r6, r7, pc}
 3034              	.LVL332:
 3035              	.L225:
 577:Middlewares/LVGL/lvgl/src/core/lv_obj_style.c **** 
 3036              		.loc 1 577 1 view .LVU920
 3037 0052 00BF     		.align	2
 3038              	.L224:
 3039 0054 00000000 		.word	fade_anim_cb
 3040              		.cfi_endproc
 3041              	.LFE221:
 3043              		.section	.text.lv_obj_calculate_style_text_align,"ax",%progbits
 3044              		.align	1
 3045              		.global	lv_obj_calculate_style_text_align
 3046              		.syntax unified
 3047              		.thumb
 3048              		.thumb_func
 3050              	lv_obj_calculate_style_text_align:
 3051              	.LVL333:
 3052              	.LFB222:
 580:Middlewares/LVGL/lvgl/src/core/lv_obj_style.c ****     lv_text_align_t align = lv_obj_get_style_text_align(obj, part);
 3053              		.loc 1 580 1 is_stmt 1 view -0
 3054              		.cfi_startproc
 3055              		@ args = 0, pretend = 0, frame = 8
 3056              		@ frame_needed = 0, uses_anonymous_args = 0
 580:Middlewares/LVGL/lvgl/src/core/lv_obj_style.c ****     lv_text_align_t align = lv_obj_get_style_text_align(obj, part);
ARM GAS  C:\Users\w1785\AppData\Local\Temp\ccv6fGyr.s 			page 135


 3057              		.loc 1 580 1 is_stmt 0 view .LVU922
 3058 0000 70B5     		push	{r4, r5, r6, lr}
 3059              	.LCFI43:
 3060              		.cfi_def_cfa_offset 16
 3061              		.cfi_offset 4, -16
 3062              		.cfi_offset 5, -12
 3063              		.cfi_offset 6, -8
 3064              		.cfi_offset 14, -4
 3065 0002 82B0     		sub	sp, sp, #8
 3066              	.LCFI44:
 3067              		.cfi_def_cfa_offset 24
 3068 0004 0546     		mov	r5, r0
 3069 0006 0E46     		mov	r6, r1
 581:Middlewares/LVGL/lvgl/src/core/lv_obj_style.c ****     lv_base_dir_t base_dir = lv_obj_get_style_base_dir(obj, part);
 3070              		.loc 1 581 5 is_stmt 1 view .LVU923
 3071              	.LVL334:
 3072              	.LBB200:
 3073              	.LBI200:
1210:Middlewares/LVGL/lvgl/src/core/lv_obj_style_gen.h **** {
 3074              		.loc 5 1210 31 view .LVU924
 3075              	.LBB201:
1212:Middlewares/LVGL/lvgl/src/core/lv_obj_style_gen.h ****     return (lv_text_align_t)v.num;
 3076              		.loc 5 1212 5 view .LVU925
1212:Middlewares/LVGL/lvgl/src/core/lv_obj_style_gen.h ****     return (lv_text_align_t)v.num;
 3077              		.loc 5 1212 26 is_stmt 0 view .LVU926
 3078 0008 6522     		movs	r2, #101
 3079              	.LVL335:
1212:Middlewares/LVGL/lvgl/src/core/lv_obj_style_gen.h ****     return (lv_text_align_t)v.num;
 3080              		.loc 5 1212 26 view .LVU927
 3081 000a FFF7FEFF 		bl	lv_obj_get_style_prop
 3082              	.LVL336:
1212:Middlewares/LVGL/lvgl/src/core/lv_obj_style_gen.h ****     return (lv_text_align_t)v.num;
 3083              		.loc 5 1212 26 view .LVU928
 3084 000e 0190     		str	r0, [sp, #4]
1213:Middlewares/LVGL/lvgl/src/core/lv_obj_style_gen.h **** }
 3085              		.loc 5 1213 5 is_stmt 1 view .LVU929
1213:Middlewares/LVGL/lvgl/src/core/lv_obj_style_gen.h **** }
 3086              		.loc 5 1213 12 is_stmt 0 view .LVU930
 3087 0010 C4B2     		uxtb	r4, r0
 3088              	.LVL337:
1213:Middlewares/LVGL/lvgl/src/core/lv_obj_style_gen.h **** }
 3089              		.loc 5 1213 12 view .LVU931
 3090              	.LBE201:
 3091              	.LBE200:
 582:Middlewares/LVGL/lvgl/src/core/lv_obj_style.c ****     lv_bidi_calculate_align(&align, &base_dir, txt);
 3092              		.loc 1 582 5 is_stmt 1 view .LVU932
 3093              	.LBB202:
 3094              	.LBI202:
1585:Middlewares/LVGL/lvgl/src/core/lv_obj_style_gen.h **** {
 3095              		.loc 5 1585 29 view .LVU933
 3096              	.LBB203:
1587:Middlewares/LVGL/lvgl/src/core/lv_obj_style_gen.h ****     return (lv_base_dir_t)v.num;
 3097              		.loc 5 1587 5 view .LVU934
1587:Middlewares/LVGL/lvgl/src/core/lv_obj_style_gen.h ****     return (lv_base_dir_t)v.num;
 3098              		.loc 5 1587 26 is_stmt 0 view .LVU935
 3099 0012 8122     		movs	r2, #129
 3100 0014 3146     		mov	r1, r6
ARM GAS  C:\Users\w1785\AppData\Local\Temp\ccv6fGyr.s 			page 136


 3101 0016 2846     		mov	r0, r5
 3102 0018 FFF7FEFF 		bl	lv_obj_get_style_prop
 3103              	.LVL338:
 3104 001c 0190     		str	r0, [sp, #4]
1588:Middlewares/LVGL/lvgl/src/core/lv_obj_style_gen.h **** }
 3105              		.loc 5 1588 5 is_stmt 1 view .LVU936
 3106              	.LVL339:
1588:Middlewares/LVGL/lvgl/src/core/lv_obj_style_gen.h **** }
 3107              		.loc 5 1588 5 is_stmt 0 view .LVU937
 3108              	.LBE203:
 3109              	.LBE202:
 583:Middlewares/LVGL/lvgl/src/core/lv_obj_style.c ****     return align;
 3110              		.loc 1 583 5 is_stmt 1 view .LVU938
 3111              	.LBB204:
 3112              	.LBI204:
 3113              		.file 6 "Middlewares/LVGL/lvgl/src/core/../misc/lv_bidi.h"
   1:Middlewares/LVGL/lvgl/src/core/../misc/lv_bidi.h **** /**
   2:Middlewares/LVGL/lvgl/src/core/../misc/lv_bidi.h ****  * @file lv_bidi.h
   3:Middlewares/LVGL/lvgl/src/core/../misc/lv_bidi.h ****  *
   4:Middlewares/LVGL/lvgl/src/core/../misc/lv_bidi.h ****  */
   5:Middlewares/LVGL/lvgl/src/core/../misc/lv_bidi.h **** 
   6:Middlewares/LVGL/lvgl/src/core/../misc/lv_bidi.h **** #ifndef LV_BIDI_H
   7:Middlewares/LVGL/lvgl/src/core/../misc/lv_bidi.h **** #define LV_BIDI_H
   8:Middlewares/LVGL/lvgl/src/core/../misc/lv_bidi.h **** 
   9:Middlewares/LVGL/lvgl/src/core/../misc/lv_bidi.h **** #ifdef __cplusplus
  10:Middlewares/LVGL/lvgl/src/core/../misc/lv_bidi.h **** extern "C" {
  11:Middlewares/LVGL/lvgl/src/core/../misc/lv_bidi.h **** #endif
  12:Middlewares/LVGL/lvgl/src/core/../misc/lv_bidi.h **** 
  13:Middlewares/LVGL/lvgl/src/core/../misc/lv_bidi.h **** /*********************
  14:Middlewares/LVGL/lvgl/src/core/../misc/lv_bidi.h ****  *      INCLUDES
  15:Middlewares/LVGL/lvgl/src/core/../misc/lv_bidi.h ****  *********************/
  16:Middlewares/LVGL/lvgl/src/core/../misc/lv_bidi.h **** #include "../lv_conf_internal.h"
  17:Middlewares/LVGL/lvgl/src/core/../misc/lv_bidi.h **** #include "lv_types.h"
  18:Middlewares/LVGL/lvgl/src/core/../misc/lv_bidi.h **** #include "lv_text.h"
  19:Middlewares/LVGL/lvgl/src/core/../misc/lv_bidi.h **** 
  20:Middlewares/LVGL/lvgl/src/core/../misc/lv_bidi.h **** /*********************
  21:Middlewares/LVGL/lvgl/src/core/../misc/lv_bidi.h ****  *      DEFINES
  22:Middlewares/LVGL/lvgl/src/core/../misc/lv_bidi.h ****  *********************/
  23:Middlewares/LVGL/lvgl/src/core/../misc/lv_bidi.h **** /** Special non printable strong characters.
  24:Middlewares/LVGL/lvgl/src/core/../misc/lv_bidi.h ****  * They can be inserted to texts to affect the run's direction */
  25:Middlewares/LVGL/lvgl/src/core/../misc/lv_bidi.h **** #define LV_BIDI_LRO  "\xE2\x80\xAD" /*U+202D*/
  26:Middlewares/LVGL/lvgl/src/core/../misc/lv_bidi.h **** #define LV_BIDI_RLO  "\xE2\x80\xAE" /*U+202E*/
  27:Middlewares/LVGL/lvgl/src/core/../misc/lv_bidi.h **** 
  28:Middlewares/LVGL/lvgl/src/core/../misc/lv_bidi.h **** /**********************
  29:Middlewares/LVGL/lvgl/src/core/../misc/lv_bidi.h ****  *      TYPEDEFS
  30:Middlewares/LVGL/lvgl/src/core/../misc/lv_bidi.h ****  **********************/
  31:Middlewares/LVGL/lvgl/src/core/../misc/lv_bidi.h **** typedef enum {
  32:Middlewares/LVGL/lvgl/src/core/../misc/lv_bidi.h ****     LV_BASE_DIR_LTR      = 0x00,
  33:Middlewares/LVGL/lvgl/src/core/../misc/lv_bidi.h ****     LV_BASE_DIR_RTL      = 0x01,
  34:Middlewares/LVGL/lvgl/src/core/../misc/lv_bidi.h ****     LV_BASE_DIR_AUTO     = 0x02,
  35:Middlewares/LVGL/lvgl/src/core/../misc/lv_bidi.h **** 
  36:Middlewares/LVGL/lvgl/src/core/../misc/lv_bidi.h ****     LV_BASE_DIR_NEUTRAL  = 0x20,
  37:Middlewares/LVGL/lvgl/src/core/../misc/lv_bidi.h ****     LV_BASE_DIR_WEAK     = 0x21,
  38:Middlewares/LVGL/lvgl/src/core/../misc/lv_bidi.h **** } lv_base_dir_t;
  39:Middlewares/LVGL/lvgl/src/core/../misc/lv_bidi.h **** 
  40:Middlewares/LVGL/lvgl/src/core/../misc/lv_bidi.h **** /**********************
  41:Middlewares/LVGL/lvgl/src/core/../misc/lv_bidi.h ****  * GLOBAL PROTOTYPES
ARM GAS  C:\Users\w1785\AppData\Local\Temp\ccv6fGyr.s 			page 137


  42:Middlewares/LVGL/lvgl/src/core/../misc/lv_bidi.h ****  **********************/
  43:Middlewares/LVGL/lvgl/src/core/../misc/lv_bidi.h **** #if LV_USE_BIDI
  44:Middlewares/LVGL/lvgl/src/core/../misc/lv_bidi.h **** 
  45:Middlewares/LVGL/lvgl/src/core/../misc/lv_bidi.h **** /**
  46:Middlewares/LVGL/lvgl/src/core/../misc/lv_bidi.h ****  * Get the real text alignment from the a text alignment, base direction and a text.
  47:Middlewares/LVGL/lvgl/src/core/../misc/lv_bidi.h ****  * @param align     LV_TEXT_ALIGN_..., write back the calculated align here (LV_TEXT_ALIGN_LEFT/RIG
  48:Middlewares/LVGL/lvgl/src/core/../misc/lv_bidi.h ****  * @param base_dir  LV_BASE_DIR_..., write the calculated base dir here (LV_BASE_DIR_LTR/RTL)
  49:Middlewares/LVGL/lvgl/src/core/../misc/lv_bidi.h ****  * @param txt       a text, used with LV_BASE_DIR_AUTO to determine the base direction
  50:Middlewares/LVGL/lvgl/src/core/../misc/lv_bidi.h ****  */
  51:Middlewares/LVGL/lvgl/src/core/../misc/lv_bidi.h **** void lv_bidi_calculate_align(lv_text_align_t * align, lv_base_dir_t * base_dir, const char * txt);
  52:Middlewares/LVGL/lvgl/src/core/../misc/lv_bidi.h **** 
  53:Middlewares/LVGL/lvgl/src/core/../misc/lv_bidi.h **** /**
  54:Middlewares/LVGL/lvgl/src/core/../misc/lv_bidi.h ****  * Set custom neutrals string
  55:Middlewares/LVGL/lvgl/src/core/../misc/lv_bidi.h ****  * @param neutrals  default " \t\n\r.,:;'\"`!?%/\\-=()[]{}<>@#&$|"
  56:Middlewares/LVGL/lvgl/src/core/../misc/lv_bidi.h ****  */
  57:Middlewares/LVGL/lvgl/src/core/../misc/lv_bidi.h **** void lv_bidi_set_custom_neutrals_static(const char * neutrals);
  58:Middlewares/LVGL/lvgl/src/core/../misc/lv_bidi.h **** 
  59:Middlewares/LVGL/lvgl/src/core/../misc/lv_bidi.h **** /**********************
  60:Middlewares/LVGL/lvgl/src/core/../misc/lv_bidi.h ****  *      MACROS
  61:Middlewares/LVGL/lvgl/src/core/../misc/lv_bidi.h ****  **********************/
  62:Middlewares/LVGL/lvgl/src/core/../misc/lv_bidi.h **** 
  63:Middlewares/LVGL/lvgl/src/core/../misc/lv_bidi.h **** #else /*LV_USE_BIDI*/
  64:Middlewares/LVGL/lvgl/src/core/../misc/lv_bidi.h **** /**
  65:Middlewares/LVGL/lvgl/src/core/../misc/lv_bidi.h ****  * For compatibility if LV_USE_BIDI = 0
  66:Middlewares/LVGL/lvgl/src/core/../misc/lv_bidi.h ****  * Get the real text alignment from the a text alignment, base direction and a text.
  67:Middlewares/LVGL/lvgl/src/core/../misc/lv_bidi.h ****  * @param align     For LV_TEXT_ALIGN_AUTO give LV_TEXT_ALIGN_LEFT else leave unchanged, write back
  68:Middlewares/LVGL/lvgl/src/core/../misc/lv_bidi.h ****  * @param base_dir  Unused
  69:Middlewares/LVGL/lvgl/src/core/../misc/lv_bidi.h ****  * @param txt       Unused
  70:Middlewares/LVGL/lvgl/src/core/../misc/lv_bidi.h ****  */
  71:Middlewares/LVGL/lvgl/src/core/../misc/lv_bidi.h **** static inline void lv_bidi_calculate_align(lv_text_align_t * align, lv_base_dir_t * base_dir, const
 3114              		.loc 6 71 20 view .LVU939
 3115              	.LBB205:
  72:Middlewares/LVGL/lvgl/src/core/../misc/lv_bidi.h **** {
  73:Middlewares/LVGL/lvgl/src/core/../misc/lv_bidi.h ****     LV_UNUSED(txt);
 3116              		.loc 6 73 5 view .LVU940
  74:Middlewares/LVGL/lvgl/src/core/../misc/lv_bidi.h ****     LV_UNUSED(base_dir);
 3117              		.loc 6 74 5 view .LVU941
  75:Middlewares/LVGL/lvgl/src/core/../misc/lv_bidi.h ****     if(*align == LV_TEXT_ALIGN_AUTO) * align = LV_TEXT_ALIGN_LEFT;
 3118              		.loc 6 75 5 view .LVU942
 3119              		.loc 6 75 7 is_stmt 0 view .LVU943
 3120 001e 04B9     		cbnz	r4, .L227
 3121              		.loc 6 75 46 discriminator 1 view .LVU944
 3122 0020 0124     		movs	r4, #1
 3123              	.LVL340:
 3124              	.L227:
 3125              		.loc 6 75 46 discriminator 1 view .LVU945
 3126              	.LBE205:
 3127              	.LBE204:
 584:Middlewares/LVGL/lvgl/src/core/lv_obj_style.c **** }
 3128              		.loc 1 584 5 is_stmt 1 view .LVU946
 585:Middlewares/LVGL/lvgl/src/core/lv_obj_style.c **** 
 3129              		.loc 1 585 1 is_stmt 0 view .LVU947
 3130 0022 2046     		mov	r0, r4
 3131 0024 02B0     		add	sp, sp, #8
 3132              	.LCFI45:
 3133              		.cfi_def_cfa_offset 16
 3134              		@ sp needed
ARM GAS  C:\Users\w1785\AppData\Local\Temp\ccv6fGyr.s 			page 138


 3135 0026 70BD     		pop	{r4, r5, r6, pc}
 585:Middlewares/LVGL/lvgl/src/core/lv_obj_style.c **** 
 3136              		.loc 1 585 1 view .LVU948
 3137              		.cfi_endproc
 3138              	.LFE222:
 3140              		.section	.text.lv_obj_get_style_opa_recursive,"ax",%progbits
 3141              		.align	1
 3142              		.global	lv_obj_get_style_opa_recursive
 3143              		.syntax unified
 3144              		.thumb
 3145              		.thumb_func
 3147              	lv_obj_get_style_opa_recursive:
 3148              	.LVL341:
 3149              	.LFB223:
 588:Middlewares/LVGL/lvgl/src/core/lv_obj_style.c ****     LV_PROFILER_STYLE_BEGIN;
 3150              		.loc 1 588 1 is_stmt 1 view -0
 3151              		.cfi_startproc
 3152              		@ args = 0, pretend = 0, frame = 8
 3153              		@ frame_needed = 0, uses_anonymous_args = 0
 588:Middlewares/LVGL/lvgl/src/core/lv_obj_style.c ****     LV_PROFILER_STYLE_BEGIN;
 3154              		.loc 1 588 1 is_stmt 0 view .LVU950
 3155 0000 70B5     		push	{r4, r5, r6, lr}
 3156              	.LCFI46:
 3157              		.cfi_def_cfa_offset 16
 3158              		.cfi_offset 4, -16
 3159              		.cfi_offset 5, -12
 3160              		.cfi_offset 6, -8
 3161              		.cfi_offset 14, -4
 3162 0002 82B0     		sub	sp, sp, #8
 3163              	.LCFI47:
 3164              		.cfi_def_cfa_offset 24
 3165 0004 0446     		mov	r4, r0
 3166 0006 0E46     		mov	r6, r1
 589:Middlewares/LVGL/lvgl/src/core/lv_obj_style.c ****     lv_opa_t opa_obj = lv_obj_get_style_opa(obj, part);
 3167              		.loc 1 589 28 is_stmt 1 view .LVU951
 590:Middlewares/LVGL/lvgl/src/core/lv_obj_style.c ****     if(opa_obj <= LV_OPA_MIN) {
 3168              		.loc 1 590 5 view .LVU952
 3169              	.LVL342:
 3170              	.LBB206:
 3171              	.LBI206:
1440:Middlewares/LVGL/lvgl/src/core/lv_obj_style_gen.h **** {
 3172              		.loc 5 1440 24 view .LVU953
 3173              	.LBB207:
1442:Middlewares/LVGL/lvgl/src/core/lv_obj_style_gen.h ****     return (lv_opa_t)v.num;
 3174              		.loc 5 1442 5 view .LVU954
1442:Middlewares/LVGL/lvgl/src/core/lv_obj_style_gen.h ****     return (lv_opa_t)v.num;
 3175              		.loc 5 1442 26 is_stmt 0 view .LVU955
 3176 0008 7022     		movs	r2, #112
 3177 000a FFF7FEFF 		bl	lv_obj_get_style_prop
 3178              	.LVL343:
1442:Middlewares/LVGL/lvgl/src/core/lv_obj_style_gen.h ****     return (lv_opa_t)v.num;
 3179              		.loc 5 1442 26 view .LVU956
 3180 000e 0190     		str	r0, [sp, #4]
1443:Middlewares/LVGL/lvgl/src/core/lv_obj_style_gen.h **** }
 3181              		.loc 5 1443 5 is_stmt 1 view .LVU957
1443:Middlewares/LVGL/lvgl/src/core/lv_obj_style_gen.h **** }
 3182              		.loc 5 1443 12 is_stmt 0 view .LVU958
ARM GAS  C:\Users\w1785\AppData\Local\Temp\ccv6fGyr.s 			page 139


 3183 0010 C3B2     		uxtb	r3, r0
 3184              	.LVL344:
1443:Middlewares/LVGL/lvgl/src/core/lv_obj_style_gen.h **** }
 3185              		.loc 5 1443 12 view .LVU959
 3186              	.LBE207:
 3187              	.LBE206:
 591:Middlewares/LVGL/lvgl/src/core/lv_obj_style.c ****         LV_PROFILER_STYLE_END;
 3188              		.loc 1 591 5 is_stmt 1 view .LVU960
 591:Middlewares/LVGL/lvgl/src/core/lv_obj_style.c ****         LV_PROFILER_STYLE_END;
 3189              		.loc 1 591 7 is_stmt 0 view .LVU961
 3190 0012 022B     		cmp	r3, #2
 3191 0014 28D9     		bls	.L237
 596:Middlewares/LVGL/lvgl/src/core/lv_obj_style.c ****     if(opa_obj < LV_OPA_MAX) {
 3192              		.loc 1 596 5 is_stmt 1 view .LVU962
 3193              	.LVL345:
 597:Middlewares/LVGL/lvgl/src/core/lv_obj_style.c ****         opa_final = LV_OPA_MIX2(opa_final, opa_obj);
 3194              		.loc 1 597 5 view .LVU963
 597:Middlewares/LVGL/lvgl/src/core/lv_obj_style.c ****         opa_final = LV_OPA_MIX2(opa_final, opa_obj);
 3195              		.loc 1 597 7 is_stmt 0 view .LVU964
 3196 0016 FC2B     		cmp	r3, #252
 3197 0018 09D8     		bhi	.L238
 598:Middlewares/LVGL/lvgl/src/core/lv_obj_style.c ****     }
 3198              		.loc 1 598 9 is_stmt 1 view .LVU965
 598:Middlewares/LVGL/lvgl/src/core/lv_obj_style.c ****     }
 3199              		.loc 1 598 21 is_stmt 0 view .LVU966
 3200 001a C3EB0320 		rsb	r0, r3, r3, lsl #8
 598:Middlewares/LVGL/lvgl/src/core/lv_obj_style.c ****     }
 3201              		.loc 1 598 19 view .LVU967
 3202 001e C0F30725 		ubfx	r5, r0, #8, #8
 3203              	.LVL346:
 3204              	.L232:
 601:Middlewares/LVGL/lvgl/src/core/lv_obj_style.c ****         part = LV_PART_MAIN;
 3205              		.loc 1 601 5 is_stmt 1 view .LVU968
 601:Middlewares/LVGL/lvgl/src/core/lv_obj_style.c ****         part = LV_PART_MAIN;
 3206              		.loc 1 601 7 is_stmt 0 view .LVU969
 3207 0022 56B9     		cbnz	r6, .L235
 605:Middlewares/LVGL/lvgl/src/core/lv_obj_style.c ****     }
 3208              		.loc 1 605 9 is_stmt 1 view .LVU970
 605:Middlewares/LVGL/lvgl/src/core/lv_obj_style.c ****     }
 3209              		.loc 1 605 15 is_stmt 0 view .LVU971
 3210 0024 2046     		mov	r0, r4
 3211 0026 FFF7FEFF 		bl	lv_obj_get_parent
 3212              	.LVL347:
 605:Middlewares/LVGL/lvgl/src/core/lv_obj_style.c ****     }
 3213              		.loc 1 605 15 view .LVU972
 3214 002a 0446     		mov	r4, r0
 3215              	.LVL348:
 605:Middlewares/LVGL/lvgl/src/core/lv_obj_style.c ****     }
 3216              		.loc 1 605 15 view .LVU973
 3217 002c 05E0     		b	.L235
 3218              	.LVL349:
 3219              	.L238:
 596:Middlewares/LVGL/lvgl/src/core/lv_obj_style.c ****     if(opa_obj < LV_OPA_MAX) {
 3220              		.loc 1 596 14 view .LVU974
 3221 002e FF25     		movs	r5, #255
 3222 0030 F7E7     		b	.L232
 3223              	.LVL350:
ARM GAS  C:\Users\w1785\AppData\Local\Temp\ccv6fGyr.s 			page 140


 3224              	.L234:
 618:Middlewares/LVGL/lvgl/src/core/lv_obj_style.c ****     }
 3225              		.loc 1 618 9 is_stmt 1 view .LVU975
 618:Middlewares/LVGL/lvgl/src/core/lv_obj_style.c ****     }
 3226              		.loc 1 618 15 is_stmt 0 view .LVU976
 3227 0032 2046     		mov	r0, r4
 3228              	.LVL351:
 618:Middlewares/LVGL/lvgl/src/core/lv_obj_style.c ****     }
 3229              		.loc 1 618 15 view .LVU977
 3230 0034 FFF7FEFF 		bl	lv_obj_get_parent
 3231              	.LVL352:
 618:Middlewares/LVGL/lvgl/src/core/lv_obj_style.c ****     }
 3232              		.loc 1 618 15 view .LVU978
 3233 0038 0446     		mov	r4, r0
 3234              	.LVL353:
 3235              	.L235:
 608:Middlewares/LVGL/lvgl/src/core/lv_obj_style.c ****         opa_obj = lv_obj_get_style_opa(obj, part);
 3236              		.loc 1 608 11 is_stmt 1 view .LVU979
 3237 003a 7CB1     		cbz	r4, .L243
 609:Middlewares/LVGL/lvgl/src/core/lv_obj_style.c ****         if(opa_obj <= LV_OPA_MIN) {
 3238              		.loc 1 609 9 view .LVU980
 3239              	.LVL354:
 3240              	.LBB208:
 3241              	.LBI208:
1440:Middlewares/LVGL/lvgl/src/core/lv_obj_style_gen.h **** {
 3242              		.loc 5 1440 24 view .LVU981
 3243              	.LBB209:
1442:Middlewares/LVGL/lvgl/src/core/lv_obj_style_gen.h ****     return (lv_opa_t)v.num;
 3244              		.loc 5 1442 5 view .LVU982
1442:Middlewares/LVGL/lvgl/src/core/lv_obj_style_gen.h ****     return (lv_opa_t)v.num;
 3245              		.loc 5 1442 26 is_stmt 0 view .LVU983
 3246 003c 7022     		movs	r2, #112
 3247 003e 0021     		movs	r1, #0
 3248 0040 2046     		mov	r0, r4
 3249 0042 FFF7FEFF 		bl	lv_obj_get_style_prop
 3250              	.LVL355:
 3251 0046 0190     		str	r0, [sp, #4]
1443:Middlewares/LVGL/lvgl/src/core/lv_obj_style_gen.h **** }
 3252              		.loc 5 1443 5 is_stmt 1 view .LVU984
1443:Middlewares/LVGL/lvgl/src/core/lv_obj_style_gen.h **** }
 3253              		.loc 5 1443 12 is_stmt 0 view .LVU985
 3254 0048 C3B2     		uxtb	r3, r0
 3255              	.LVL356:
1443:Middlewares/LVGL/lvgl/src/core/lv_obj_style_gen.h **** }
 3256              		.loc 5 1443 12 view .LVU986
 3257              	.LBE209:
 3258              	.LBE208:
 610:Middlewares/LVGL/lvgl/src/core/lv_obj_style.c ****             LV_PROFILER_STYLE_END;
 3259              		.loc 1 610 9 is_stmt 1 view .LVU987
 610:Middlewares/LVGL/lvgl/src/core/lv_obj_style.c ****             LV_PROFILER_STYLE_END;
 3260              		.loc 1 610 11 is_stmt 0 view .LVU988
 3261 004a 022B     		cmp	r3, #2
 3262 004c 10D9     		bls	.L239
 614:Middlewares/LVGL/lvgl/src/core/lv_obj_style.c ****             opa_final = LV_OPA_MIX2(opa_final, opa_obj);
 3263              		.loc 1 614 9 is_stmt 1 view .LVU989
 614:Middlewares/LVGL/lvgl/src/core/lv_obj_style.c ****             opa_final = LV_OPA_MIX2(opa_final, opa_obj);
 3264              		.loc 1 614 11 is_stmt 0 view .LVU990
ARM GAS  C:\Users\w1785\AppData\Local\Temp\ccv6fGyr.s 			page 141


 3265 004e FC2B     		cmp	r3, #252
 3266 0050 EFD8     		bhi	.L234
 615:Middlewares/LVGL/lvgl/src/core/lv_obj_style.c ****         }
 3267              		.loc 1 615 13 is_stmt 1 view .LVU991
 615:Middlewares/LVGL/lvgl/src/core/lv_obj_style.c ****         }
 3268              		.loc 1 615 25 is_stmt 0 view .LVU992
 3269 0052 05FB03F3 		mul	r3, r5, r3
 3270              	.LVL357:
 615:Middlewares/LVGL/lvgl/src/core/lv_obj_style.c ****         }
 3271              		.loc 1 615 23 view .LVU993
 3272 0056 C3F30725 		ubfx	r5, r3, #8, #8
 3273              	.LVL358:
 615:Middlewares/LVGL/lvgl/src/core/lv_obj_style.c ****         }
 3274              		.loc 1 615 23 view .LVU994
 3275 005a EAE7     		b	.L234
 3276              	.LVL359:
 3277              	.L243:
 621:Middlewares/LVGL/lvgl/src/core/lv_obj_style.c ****         LV_PROFILER_STYLE_END;
 3278              		.loc 1 621 5 is_stmt 1 view .LVU995
 621:Middlewares/LVGL/lvgl/src/core/lv_obj_style.c ****         LV_PROFILER_STYLE_END;
 3279              		.loc 1 621 7 is_stmt 0 view .LVU996
 3280 005c 022D     		cmp	r5, #2
 3281 005e 09D9     		bls	.L240
 626:Middlewares/LVGL/lvgl/src/core/lv_obj_style.c ****         LV_PROFILER_STYLE_END;
 3282              		.loc 1 626 5 is_stmt 1 view .LVU997
 626:Middlewares/LVGL/lvgl/src/core/lv_obj_style.c ****         LV_PROFILER_STYLE_END;
 3283              		.loc 1 626 7 is_stmt 0 view .LVU998
 3284 0060 FC2D     		cmp	r5, #252
 3285 0062 02D9     		bls	.L231
 628:Middlewares/LVGL/lvgl/src/core/lv_obj_style.c ****     }
 3286              		.loc 1 628 16 view .LVU999
 3287 0064 FF25     		movs	r5, #255
 3288              	.LVL360:
 628:Middlewares/LVGL/lvgl/src/core/lv_obj_style.c ****     }
 3289              		.loc 1 628 16 view .LVU1000
 3290 0066 00E0     		b	.L231
 3291              	.LVL361:
 3292              	.L237:
 593:Middlewares/LVGL/lvgl/src/core/lv_obj_style.c ****     }
 3293              		.loc 1 593 16 view .LVU1001
 3294 0068 0025     		movs	r5, #0
 3295              	.LVL362:
 3296              	.L231:
 633:Middlewares/LVGL/lvgl/src/core/lv_obj_style.c **** 
 3297              		.loc 1 633 1 view .LVU1002
 3298 006a 2846     		mov	r0, r5
 3299 006c 02B0     		add	sp, sp, #8
 3300              	.LCFI48:
 3301              		.cfi_remember_state
 3302              		.cfi_def_cfa_offset 16
 3303              		@ sp needed
 3304 006e 70BD     		pop	{r4, r5, r6, pc}
 3305              	.LVL363:
 3306              	.L239:
 3307              	.LCFI49:
 3308              		.cfi_restore_state
 612:Middlewares/LVGL/lvgl/src/core/lv_obj_style.c ****         }
ARM GAS  C:\Users\w1785\AppData\Local\Temp\ccv6fGyr.s 			page 142


 3309              		.loc 1 612 20 view .LVU1003
 3310 0070 0025     		movs	r5, #0
 3311              	.LVL364:
 612:Middlewares/LVGL/lvgl/src/core/lv_obj_style.c ****         }
 3312              		.loc 1 612 20 view .LVU1004
 3313 0072 FAE7     		b	.L231
 3314              	.LVL365:
 3315              	.L240:
 623:Middlewares/LVGL/lvgl/src/core/lv_obj_style.c ****     }
 3316              		.loc 1 623 16 view .LVU1005
 3317 0074 0025     		movs	r5, #0
 3318              	.LVL366:
 623:Middlewares/LVGL/lvgl/src/core/lv_obj_style.c ****     }
 3319              		.loc 1 623 16 view .LVU1006
 3320 0076 F8E7     		b	.L231
 3321              		.cfi_endproc
 3322              	.LFE223:
 3324              		.section	.text.lv_obj_update_layer_type,"ax",%progbits
 3325              		.align	1
 3326              		.global	lv_obj_update_layer_type
 3327              		.syntax unified
 3328              		.thumb
 3329              		.thumb_func
 3331              	lv_obj_update_layer_type:
 3332              	.LVL367:
 3333              	.LFB224:
 636:Middlewares/LVGL/lvgl/src/core/lv_obj_style.c ****     lv_layer_type_t layer_type = calculate_layer_type(obj);
 3334              		.loc 1 636 1 is_stmt 1 view -0
 3335              		.cfi_startproc
 3336              		@ args = 0, pretend = 0, frame = 0
 3337              		@ frame_needed = 0, uses_anonymous_args = 0
 636:Middlewares/LVGL/lvgl/src/core/lv_obj_style.c ****     lv_layer_type_t layer_type = calculate_layer_type(obj);
 3338              		.loc 1 636 1 is_stmt 0 view .LVU1008
 3339 0000 38B5     		push	{r3, r4, r5, lr}
 3340              	.LCFI50:
 3341              		.cfi_def_cfa_offset 16
 3342              		.cfi_offset 3, -16
 3343              		.cfi_offset 4, -12
 3344              		.cfi_offset 5, -8
 3345              		.cfi_offset 14, -4
 3346 0002 0446     		mov	r4, r0
 637:Middlewares/LVGL/lvgl/src/core/lv_obj_style.c ****     if(obj->spec_attr) obj->spec_attr->layer_type = layer_type;
 3347              		.loc 1 637 5 is_stmt 1 view .LVU1009
 637:Middlewares/LVGL/lvgl/src/core/lv_obj_style.c ****     if(obj->spec_attr) obj->spec_attr->layer_type = layer_type;
 3348              		.loc 1 637 34 is_stmt 0 view .LVU1010
 3349 0004 FFF7FEFF 		bl	calculate_layer_type
 3350              	.LVL368:
 637:Middlewares/LVGL/lvgl/src/core/lv_obj_style.c ****     if(obj->spec_attr) obj->spec_attr->layer_type = layer_type;
 3351              		.loc 1 637 34 view .LVU1011
 3352 0008 0546     		mov	r5, r0
 3353              	.LVL369:
 638:Middlewares/LVGL/lvgl/src/core/lv_obj_style.c ****     else if(layer_type != LV_LAYER_TYPE_NONE) {
 3354              		.loc 1 638 5 is_stmt 1 view .LVU1012
 638:Middlewares/LVGL/lvgl/src/core/lv_obj_style.c ****     else if(layer_type != LV_LAYER_TYPE_NONE) {
 3355              		.loc 1 638 11 is_stmt 0 view .LVU1013
 3356 000a A368     		ldr	r3, [r4, #8]
 638:Middlewares/LVGL/lvgl/src/core/lv_obj_style.c ****     else if(layer_type != LV_LAYER_TYPE_NONE) {
ARM GAS  C:\Users\w1785\AppData\Local\Temp\ccv6fGyr.s 			page 143


 3357              		.loc 1 638 7 view .LVU1014
 3358 000c 33B1     		cbz	r3, .L245
 638:Middlewares/LVGL/lvgl/src/core/lv_obj_style.c ****     else if(layer_type != LV_LAYER_TYPE_NONE) {
 3359              		.loc 1 638 24 is_stmt 1 discriminator 1 view .LVU1015
 638:Middlewares/LVGL/lvgl/src/core/lv_obj_style.c ****     else if(layer_type != LV_LAYER_TYPE_NONE) {
 3360              		.loc 1 638 51 is_stmt 0 discriminator 1 view .LVU1016
 3361 000e 93F83320 		ldrb	r2, [r3, #51]	@ zero_extendqisi2
 3362 0012 60F38302 		bfi	r2, r0, #2, #2
 3363              	.LVL370:
 638:Middlewares/LVGL/lvgl/src/core/lv_obj_style.c ****     else if(layer_type != LV_LAYER_TYPE_NONE) {
 3364              		.loc 1 638 51 discriminator 1 view .LVU1017
 3365 0016 83F83320 		strb	r2, [r3, #51]
 3366              	.L244:
 643:Middlewares/LVGL/lvgl/src/core/lv_obj_style.c **** 
 3367              		.loc 1 643 1 view .LVU1018
 3368 001a 38BD     		pop	{r3, r4, r5, pc}
 3369              	.LVL371:
 3370              	.L245:
 639:Middlewares/LVGL/lvgl/src/core/lv_obj_style.c ****         lv_obj_allocate_spec_attr(obj);
 3371              		.loc 1 639 10 is_stmt 1 view .LVU1019
 639:Middlewares/LVGL/lvgl/src/core/lv_obj_style.c ****         lv_obj_allocate_spec_attr(obj);
 3372              		.loc 1 639 12 is_stmt 0 view .LVU1020
 3373 001c 0028     		cmp	r0, #0
 3374 001e FCD0     		beq	.L244
 640:Middlewares/LVGL/lvgl/src/core/lv_obj_style.c ****         obj->spec_attr->layer_type = layer_type;
 3375              		.loc 1 640 9 is_stmt 1 view .LVU1021
 3376 0020 2046     		mov	r0, r4
 3377              	.LVL372:
 640:Middlewares/LVGL/lvgl/src/core/lv_obj_style.c ****         obj->spec_attr->layer_type = layer_type;
 3378              		.loc 1 640 9 is_stmt 0 view .LVU1022
 3379 0022 FFF7FEFF 		bl	lv_obj_allocate_spec_attr
 3380              	.LVL373:
 641:Middlewares/LVGL/lvgl/src/core/lv_obj_style.c ****     }
 3381              		.loc 1 641 9 is_stmt 1 view .LVU1023
 641:Middlewares/LVGL/lvgl/src/core/lv_obj_style.c ****     }
 3382              		.loc 1 641 12 is_stmt 0 view .LVU1024
 3383 0026 A368     		ldr	r3, [r4, #8]
 641:Middlewares/LVGL/lvgl/src/core/lv_obj_style.c ****     }
 3384              		.loc 1 641 36 view .LVU1025
 3385 0028 93F83320 		ldrb	r2, [r3, #51]	@ zero_extendqisi2
 3386 002c 65F38302 		bfi	r2, r5, #2, #2
 3387              	.LVL374:
 641:Middlewares/LVGL/lvgl/src/core/lv_obj_style.c ****     }
 3388              		.loc 1 641 36 view .LVU1026
 3389 0030 83F83320 		strb	r2, [r3, #51]
 643:Middlewares/LVGL/lvgl/src/core/lv_obj_style.c **** 
 3390              		.loc 1 643 1 view .LVU1027
 3391 0034 F1E7     		b	.L244
 3392              		.cfi_endproc
 3393              	.LFE224:
 3395              		.section	.text.lv_obj_refresh_style,"ax",%progbits
 3396              		.align	1
 3397              		.global	lv_obj_refresh_style
 3398              		.syntax unified
 3399              		.thumb
 3400              		.thumb_func
 3402              	lv_obj_refresh_style:
ARM GAS  C:\Users\w1785\AppData\Local\Temp\ccv6fGyr.s 			page 144


 3403              	.LVL375:
 3404              	.LFB208:
 243:Middlewares/LVGL/lvgl/src/core/lv_obj_style.c ****     LV_ASSERT_OBJ(obj, MY_CLASS);
 3405              		.loc 1 243 1 is_stmt 1 view -0
 3406              		.cfi_startproc
 3407              		@ args = 0, pretend = 0, frame = 8
 3408              		@ frame_needed = 0, uses_anonymous_args = 0
 244:Middlewares/LVGL/lvgl/src/core/lv_obj_style.c **** 
 3409              		.loc 1 244 5 view .LVU1029
 244:Middlewares/LVGL/lvgl/src/core/lv_obj_style.c **** 
 3410              		.loc 1 244 5 view .LVU1030
 3411 0000 60B1     		cbz	r0, .L250
 243:Middlewares/LVGL/lvgl/src/core/lv_obj_style.c ****     LV_ASSERT_OBJ(obj, MY_CLASS);
 3412              		.loc 1 243 1 is_stmt 0 view .LVU1031
 3413 0002 2DE9F047 		push	{r4, r5, r6, r7, r8, r9, r10, lr}
 3414              	.LCFI51:
 3415              		.cfi_def_cfa_offset 32
 3416              		.cfi_offset 4, -32
 3417              		.cfi_offset 5, -28
 3418              		.cfi_offset 6, -24
 3419              		.cfi_offset 7, -20
 3420              		.cfi_offset 8, -16
 3421              		.cfi_offset 9, -12
 3422              		.cfi_offset 10, -8
 3423              		.cfi_offset 14, -4
 3424 0006 82B0     		sub	sp, sp, #8
 3425              	.LCFI52:
 3426              		.cfi_def_cfa_offset 40
 3427 0008 0E46     		mov	r6, r1
 3428 000a 1446     		mov	r4, r2
 3429 000c 0546     		mov	r5, r0
 244:Middlewares/LVGL/lvgl/src/core/lv_obj_style.c **** 
 3430              		.loc 1 244 5 is_stmt 1 view .LVU1032
 244:Middlewares/LVGL/lvgl/src/core/lv_obj_style.c **** 
 3431              		.loc 1 244 33 view .LVU1033
 246:Middlewares/LVGL/lvgl/src/core/lv_obj_style.c **** 
 3432              		.loc 1 246 5 view .LVU1034
 246:Middlewares/LVGL/lvgl/src/core/lv_obj_style.c **** 
 3433              		.loc 1 246 9 is_stmt 0 view .LVU1035
 3434 000e 3A4B     		ldr	r3, .L267
 3435 0010 93F82830 		ldrb	r3, [r3, #40]	@ zero_extendqisi2
 246:Middlewares/LVGL/lvgl/src/core/lv_obj_style.c **** 
 3436              		.loc 1 246 7 view .LVU1036
 3437 0014 1BB9     		cbnz	r3, .L264
 3438              	.LVL376:
 3439              	.L248:
 288:Middlewares/LVGL/lvgl/src/core/lv_obj_style.c **** 
 3440              		.loc 1 288 1 view .LVU1037
 3441 0016 02B0     		add	sp, sp, #8
 3442              	.LCFI53:
 3443              		.cfi_def_cfa_offset 32
 3444              		@ sp needed
 3445 0018 BDE8F087 		pop	{r4, r5, r6, r7, r8, r9, r10, pc}
 3446              	.LVL377:
 3447              	.L250:
 3448              	.LCFI54:
 3449              		.cfi_def_cfa_offset 0
ARM GAS  C:\Users\w1785\AppData\Local\Temp\ccv6fGyr.s 			page 145


 3450              		.cfi_restore 4
 3451              		.cfi_restore 5
 3452              		.cfi_restore 6
 3453              		.cfi_restore 7
 3454              		.cfi_restore 8
 3455              		.cfi_restore 9
 3456              		.cfi_restore 10
 3457              		.cfi_restore 14
 244:Middlewares/LVGL/lvgl/src/core/lv_obj_style.c **** 
 3458              		.loc 1 244 5 is_stmt 1 view .LVU1038
 244:Middlewares/LVGL/lvgl/src/core/lv_obj_style.c **** 
 3459              		.loc 1 244 5 view .LVU1039
 244:Middlewares/LVGL/lvgl/src/core/lv_obj_style.c **** 
 3460              		.loc 1 244 5 view .LVU1040
 244:Middlewares/LVGL/lvgl/src/core/lv_obj_style.c **** 
 3461              		.loc 1 244 5 view .LVU1041
 244:Middlewares/LVGL/lvgl/src/core/lv_obj_style.c **** 
 3462              		.loc 1 244 5 view .LVU1042
 3463 001c FEE7     		b	.L250
 3464              	.L264:
 3465              	.LCFI55:
 3466              		.cfi_def_cfa_offset 40
 3467              		.cfi_offset 4, -32
 3468              		.cfi_offset 5, -28
 3469              		.cfi_offset 6, -24
 3470              		.cfi_offset 7, -20
 3471              		.cfi_offset 8, -16
 3472              		.cfi_offset 9, -12
 3473              		.cfi_offset 10, -8
 3474              		.cfi_offset 14, -4
 248:Middlewares/LVGL/lvgl/src/core/lv_obj_style.c **** 
 3475              		.loc 1 248 28 view .LVU1043
 250:Middlewares/LVGL/lvgl/src/core/lv_obj_style.c **** 
 3476              		.loc 1 250 5 view .LVU1044
 3477 001e FFF7FEFF 		bl	lv_obj_invalidate
 3478              	.LVL378:
 252:Middlewares/LVGL/lvgl/src/core/lv_obj_style.c ****     bool is_ext_draw = lv_style_prop_has_flag(prop, LV_STYLE_PROP_FLAG_EXT_DRAW_UPDATE);
 3479              		.loc 1 252 5 view .LVU1045
 3480              	.LBB210:
 3481              	.LBI210:
 706:Middlewares/LVGL/lvgl/src/core/../misc/lv_style.h **** {
 3482              		.loc 2 706 20 view .LVU1046
 3483              	.LBB211:
 3484              		.loc 2 708 5 view .LVU1047
 3485              		.loc 2 708 12 is_stmt 0 view .LVU1048
 3486 0022 2046     		mov	r0, r4
 3487 0024 FFF7FEFF 		bl	lv_style_prop_lookup_flags
 3488              	.LVL379:
 3489              		.loc 2 708 5 discriminator 1 view .LVU1049
 3490 0028 00F00407 		and	r7, r0, #4
 3491              	.LVL380:
 3492              		.loc 2 708 5 discriminator 1 view .LVU1050
 3493              	.LBE211:
 3494              	.LBE210:
 253:Middlewares/LVGL/lvgl/src/core/lv_obj_style.c ****     bool is_inheritable = lv_style_prop_has_flag(prop, LV_STYLE_PROP_FLAG_INHERITABLE);
 3495              		.loc 1 253 5 is_stmt 1 view .LVU1051
 3496              	.LBB212:
ARM GAS  C:\Users\w1785\AppData\Local\Temp\ccv6fGyr.s 			page 146


 3497              	.LBI212:
 706:Middlewares/LVGL/lvgl/src/core/../misc/lv_style.h **** {
 3498              		.loc 2 706 20 view .LVU1052
 3499              	.LBB213:
 3500              		.loc 2 708 5 view .LVU1053
 3501              		.loc 2 708 12 is_stmt 0 view .LVU1054
 3502 002c 2046     		mov	r0, r4
 3503 002e FFF7FEFF 		bl	lv_style_prop_lookup_flags
 3504              	.LVL381:
 3505              		.loc 2 708 5 discriminator 1 view .LVU1055
 3506 0032 00F00208 		and	r8, r0, #2
 3507              	.LVL382:
 3508              		.loc 2 708 5 discriminator 1 view .LVU1056
 3509              	.LBE213:
 3510              	.LBE212:
 254:Middlewares/LVGL/lvgl/src/core/lv_obj_style.c ****     bool is_layer_refr = lv_style_prop_has_flag(prop, LV_STYLE_PROP_FLAG_LAYER_UPDATE);
 3511              		.loc 1 254 5 is_stmt 1 view .LVU1057
 3512              	.LBB214:
 3513              	.LBI214:
 706:Middlewares/LVGL/lvgl/src/core/../misc/lv_style.h **** {
 3514              		.loc 2 706 20 view .LVU1058
 3515              	.LBB215:
 3516              		.loc 2 708 5 view .LVU1059
 3517              		.loc 2 708 12 is_stmt 0 view .LVU1060
 3518 0036 2046     		mov	r0, r4
 3519 0038 FFF7FEFF 		bl	lv_style_prop_lookup_flags
 3520              	.LVL383:
 3521              		.loc 2 708 5 discriminator 1 view .LVU1061
 3522 003c 00F0010A 		and	r10, r0, #1
 3523              	.LVL384:
 3524              		.loc 2 708 5 discriminator 1 view .LVU1062
 3525              	.LBE215:
 3526              	.LBE214:
 255:Middlewares/LVGL/lvgl/src/core/lv_obj_style.c **** 
 3527              		.loc 1 255 5 is_stmt 1 view .LVU1063
 3528              	.LBB216:
 3529              	.LBI216:
 706:Middlewares/LVGL/lvgl/src/core/../misc/lv_style.h **** {
 3530              		.loc 2 706 20 view .LVU1064
 3531              	.LBB217:
 3532              		.loc 2 708 5 view .LVU1065
 3533              		.loc 2 708 12 is_stmt 0 view .LVU1066
 3534 0040 2046     		mov	r0, r4
 3535 0042 FFF7FEFF 		bl	lv_style_prop_lookup_flags
 3536              	.LVL385:
 3537              		.loc 2 708 5 discriminator 1 view .LVU1067
 3538 0046 00F01009 		and	r9, r0, #16
 3539              	.LVL386:
 3540              		.loc 2 708 5 discriminator 1 view .LVU1068
 3541              	.LBE217:
 3542              	.LBE216:
 257:Middlewares/LVGL/lvgl/src/core/lv_obj_style.c ****         if(part == LV_PART_ANY ||
 3543              		.loc 1 257 5 is_stmt 1 view .LVU1069
 257:Middlewares/LVGL/lvgl/src/core/lv_obj_style.c ****         if(part == LV_PART_ANY ||
 3544              		.loc 1 257 7 is_stmt 0 view .LVU1070
 3545 004a 5FB1     		cbz	r7, .L252
 258:Middlewares/LVGL/lvgl/src/core/lv_obj_style.c ****            part == LV_PART_MAIN ||
ARM GAS  C:\Users\w1785\AppData\Local\Temp\ccv6fGyr.s 			page 147


 3546              		.loc 1 258 9 is_stmt 1 view .LVU1071
 258:Middlewares/LVGL/lvgl/src/core/lv_obj_style.c ****            part == LV_PART_MAIN ||
 3547              		.loc 1 258 11 is_stmt 0 view .LVU1072
 3548 004c B6F5702F 		cmp	r6, #983040
 3549 0050 00D0     		beq	.L253
 258:Middlewares/LVGL/lvgl/src/core/lv_obj_style.c ****            part == LV_PART_MAIN ||
 3550              		.loc 1 258 32 discriminator 1 view .LVU1073
 3551 0052 BEBB     		cbnz	r6, .L265
 3552              	.L253:
 262:Middlewares/LVGL/lvgl/src/core/lv_obj_style.c ****             lv_obj_mark_layout_as_dirty(obj);
 3553              		.loc 1 262 13 is_stmt 1 view .LVU1074
 3554 0054 0022     		movs	r2, #0
 3555 0056 3321     		movs	r1, #51
 3556 0058 2846     		mov	r0, r5
 3557 005a FFF7FEFF 		bl	lv_obj_send_event
 3558              	.LVL387:
 263:Middlewares/LVGL/lvgl/src/core/lv_obj_style.c ****         }
 3559              		.loc 1 263 13 view .LVU1075
 3560 005e 2846     		mov	r0, r5
 3561 0060 FFF7FEFF 		bl	lv_obj_mark_layout_as_dirty
 3562              	.LVL388:
 3563              	.L252:
 266:Middlewares/LVGL/lvgl/src/core/lv_obj_style.c ****         lv_obj_t * parent = lv_obj_get_parent(obj);
 3564              		.loc 1 266 5 view .LVU1076
 266:Middlewares/LVGL/lvgl/src/core/lv_obj_style.c ****         lv_obj_t * parent = lv_obj_get_parent(obj);
 3565              		.loc 1 266 7 is_stmt 0 view .LVU1077
 3566 0064 B6F5702F 		cmp	r6, #983040
 3567 0068 00D0     		beq	.L254
 266:Middlewares/LVGL/lvgl/src/core/lv_obj_style.c ****         lv_obj_t * parent = lv_obj_get_parent(obj);
 3568              		.loc 1 266 29 discriminator 2 view .LVU1078
 3569 006a 46B9     		cbnz	r6, .L255
 3570              	.L254:
 266:Middlewares/LVGL/lvgl/src/core/lv_obj_style.c ****         lv_obj_t * parent = lv_obj_get_parent(obj);
 3571              		.loc 1 266 54 discriminator 3 view .LVU1079
 3572 006c FF2C     		cmp	r4, #255
 3573 006e 00D0     		beq	.L256
 266:Middlewares/LVGL/lvgl/src/core/lv_obj_style.c ****         lv_obj_t * parent = lv_obj_get_parent(obj);
 3574              		.loc 1 266 84 discriminator 4 view .LVU1080
 3575 0070 2FB1     		cbz	r7, .L255
 3576              	.L256:
 3577              	.LBB218:
 267:Middlewares/LVGL/lvgl/src/core/lv_obj_style.c ****         if(parent) lv_obj_mark_layout_as_dirty(parent);
 3578              		.loc 1 267 9 is_stmt 1 view .LVU1081
 267:Middlewares/LVGL/lvgl/src/core/lv_obj_style.c ****         if(parent) lv_obj_mark_layout_as_dirty(parent);
 3579              		.loc 1 267 29 is_stmt 0 view .LVU1082
 3580 0072 2846     		mov	r0, r5
 3581 0074 FFF7FEFF 		bl	lv_obj_get_parent
 3582              	.LVL389:
 268:Middlewares/LVGL/lvgl/src/core/lv_obj_style.c ****     }
 3583              		.loc 1 268 9 is_stmt 1 view .LVU1083
 268:Middlewares/LVGL/lvgl/src/core/lv_obj_style.c ****     }
 3584              		.loc 1 268 11 is_stmt 0 view .LVU1084
 3585 0078 08B1     		cbz	r0, .L255
 268:Middlewares/LVGL/lvgl/src/core/lv_obj_style.c ****     }
 3586              		.loc 1 268 20 is_stmt 1 discriminator 1 view .LVU1085
 3587 007a FFF7FEFF 		bl	lv_obj_mark_layout_as_dirty
 3588              	.LVL390:
ARM GAS  C:\Users\w1785\AppData\Local\Temp\ccv6fGyr.s 			page 148


 3589              	.L255:
 268:Middlewares/LVGL/lvgl/src/core/lv_obj_style.c ****     }
 3590              		.loc 1 268 20 is_stmt 0 discriminator 1 view .LVU1086
 3591              	.LBE218:
 272:Middlewares/LVGL/lvgl/src/core/lv_obj_style.c ****         lv_obj_update_layer_type(obj);
 3592              		.loc 1 272 5 is_stmt 1 view .LVU1087
 272:Middlewares/LVGL/lvgl/src/core/lv_obj_style.c ****         lv_obj_update_layer_type(obj);
 3593              		.loc 1 272 7 is_stmt 0 view .LVU1088
 3594 007e B6F5702F 		cmp	r6, #983040
 3595 0082 00D0     		beq	.L257
 272:Middlewares/LVGL/lvgl/src/core/lv_obj_style.c ****         lv_obj_update_layer_type(obj);
 3596              		.loc 1 272 29 discriminator 2 view .LVU1089
 3597 0084 16B9     		cbnz	r6, .L258
 3598              	.L257:
 272:Middlewares/LVGL/lvgl/src/core/lv_obj_style.c ****         lv_obj_update_layer_type(obj);
 3599              		.loc 1 272 54 discriminator 3 view .LVU1090
 3600 0086 B9F1000F 		cmp	r9, #0
 3601 008a 30D1     		bne	.L266
 3602              	.L258:
 276:Middlewares/LVGL/lvgl/src/core/lv_obj_style.c ****         lv_obj_refresh_ext_draw_size(obj);
 3603              		.loc 1 276 5 is_stmt 1 view .LVU1091
 276:Middlewares/LVGL/lvgl/src/core/lv_obj_style.c ****         lv_obj_refresh_ext_draw_size(obj);
 3604              		.loc 1 276 7 is_stmt 0 view .LVU1092
 3605 008c FF2C     		cmp	r4, #255
 3606 008e 02D0     		beq	.L259
 276:Middlewares/LVGL/lvgl/src/core/lv_obj_style.c ****         lv_obj_refresh_ext_draw_size(obj);
 3607              		.loc 1 276 34 discriminator 1 view .LVU1093
 3608 0090 B8F1000F 		cmp	r8, #0
 3609 0094 02D0     		beq	.L260
 3610              	.L259:
 277:Middlewares/LVGL/lvgl/src/core/lv_obj_style.c ****     }
 3611              		.loc 1 277 9 is_stmt 1 view .LVU1094
 3612 0096 2846     		mov	r0, r5
 3613 0098 FFF7FEFF 		bl	lv_obj_refresh_ext_draw_size
 3614              	.LVL391:
 3615              	.L260:
 279:Middlewares/LVGL/lvgl/src/core/lv_obj_style.c **** 
 3616              		.loc 1 279 5 view .LVU1095
 3617 009c 2846     		mov	r0, r5
 3618 009e FFF7FEFF 		bl	lv_obj_invalidate
 3619              	.LVL392:
 281:Middlewares/LVGL/lvgl/src/core/lv_obj_style.c ****         if(part != LV_PART_SCROLLBAR) {
 3620              		.loc 1 281 5 view .LVU1096
 281:Middlewares/LVGL/lvgl/src/core/lv_obj_style.c ****         if(part != LV_PART_SCROLLBAR) {
 3621              		.loc 1 281 7 is_stmt 0 view .LVU1097
 3622 00a2 FF2C     		cmp	r4, #255
 3623 00a4 07D0     		beq	.L261
 281:Middlewares/LVGL/lvgl/src/core/lv_obj_style.c ****         if(part != LV_PART_SCROLLBAR) {
 3624              		.loc 1 281 34 discriminator 1 view .LVU1098
 3625 00a6 BAF1000F 		cmp	r10, #0
 3626 00aa B4D0     		beq	.L248
 281:Middlewares/LVGL/lvgl/src/core/lv_obj_style.c ****         if(part != LV_PART_SCROLLBAR) {
 3627              		.loc 1 281 53 discriminator 2 view .LVU1099
 3628 00ac B8F1000F 		cmp	r8, #0
 3629 00b0 01D1     		bne	.L261
 281:Middlewares/LVGL/lvgl/src/core/lv_obj_style.c ****         if(part != LV_PART_SCROLLBAR) {
 3630              		.loc 1 281 69 discriminator 3 view .LVU1100
ARM GAS  C:\Users\w1785\AppData\Local\Temp\ccv6fGyr.s 			page 149


 3631 00b2 002F     		cmp	r7, #0
 3632 00b4 AFD0     		beq	.L248
 3633              	.L261:
 282:Middlewares/LVGL/lvgl/src/core/lv_obj_style.c ****             refresh_children_style(obj);
 3634              		.loc 1 282 9 is_stmt 1 view .LVU1101
 282:Middlewares/LVGL/lvgl/src/core/lv_obj_style.c ****             refresh_children_style(obj);
 3635              		.loc 1 282 11 is_stmt 0 view .LVU1102
 3636 00b6 B6F5803F 		cmp	r6, #65536
 3637 00ba ACD0     		beq	.L248
 283:Middlewares/LVGL/lvgl/src/core/lv_obj_style.c ****         }
 3638              		.loc 1 283 13 is_stmt 1 view .LVU1103
 3639 00bc 2846     		mov	r0, r5
 3640 00be FFF7FEFF 		bl	refresh_children_style
 3641              	.LVL393:
 287:Middlewares/LVGL/lvgl/src/core/lv_obj_style.c **** }
 3642              		.loc 1 287 26 view .LVU1104
 3643 00c2 A8E7     		b	.L248
 3644              	.L265:
 3645              	.LVL394:
 3646              	.LBB219:
 3647              	.LBI219:
  69:Middlewares/LVGL/lvgl/src/core/lv_obj_style_gen.h **** {
 3648              		.loc 5 69 23 view .LVU1105
 3649              	.LBB220:
  71:Middlewares/LVGL/lvgl/src/core/lv_obj_style_gen.h ****     return (int32_t)v.num;
 3650              		.loc 5 71 5 view .LVU1106
  71:Middlewares/LVGL/lvgl/src/core/lv_obj_style_gen.h ****     return (int32_t)v.num;
 3651              		.loc 5 71 26 is_stmt 0 view .LVU1107
 3652 00c4 0222     		movs	r2, #2
 3653 00c6 0021     		movs	r1, #0
 3654 00c8 2846     		mov	r0, r5
 3655 00ca FFF7FEFF 		bl	lv_obj_get_style_prop
 3656              	.LVL395:
 3657 00ce 0190     		str	r0, [sp, #4]
  72:Middlewares/LVGL/lvgl/src/core/lv_obj_style_gen.h **** }
 3658              		.loc 5 72 5 is_stmt 1 view .LVU1108
 3659              	.LVL396:
  72:Middlewares/LVGL/lvgl/src/core/lv_obj_style_gen.h **** }
 3660              		.loc 5 72 5 is_stmt 0 view .LVU1109
 3661              	.LBE220:
 3662              	.LBE219:
 259:Middlewares/LVGL/lvgl/src/core/lv_obj_style.c ****            lv_obj_get_style_height(obj, LV_PART_MAIN) == LV_SIZE_CONTENT ||
 3663              		.loc 1 259 33 view .LVU1110
 3664 00d0 6FF04042 		mvn	r2, #-1073741824
 3665 00d4 9042     		cmp	r0, r2
 3666 00d6 BDD0     		beq	.L253
 3667              	.LVL397:
 3668              	.LBB221:
 3669              	.LBI221:
  30:Middlewares/LVGL/lvgl/src/core/lv_obj_style_gen.h **** {
 3670              		.loc 5 30 23 is_stmt 1 view .LVU1111
 3671              	.LBB222:
  32:Middlewares/LVGL/lvgl/src/core/lv_obj_style_gen.h ****     return (int32_t)v.num;
 3672              		.loc 5 32 5 view .LVU1112
  32:Middlewares/LVGL/lvgl/src/core/lv_obj_style_gen.h ****     return (int32_t)v.num;
 3673              		.loc 5 32 26 is_stmt 0 view .LVU1113
 3674 00d8 0122     		movs	r2, #1
ARM GAS  C:\Users\w1785\AppData\Local\Temp\ccv6fGyr.s 			page 150


 3675 00da 0021     		movs	r1, #0
 3676 00dc 2846     		mov	r0, r5
 3677 00de FFF7FEFF 		bl	lv_obj_get_style_prop
 3678              	.LVL398:
 3679 00e2 0190     		str	r0, [sp, #4]
  33:Middlewares/LVGL/lvgl/src/core/lv_obj_style_gen.h **** }
 3680              		.loc 5 33 5 is_stmt 1 view .LVU1114
 3681              	.LVL399:
  33:Middlewares/LVGL/lvgl/src/core/lv_obj_style_gen.h **** }
 3682              		.loc 5 33 5 is_stmt 0 view .LVU1115
 3683              	.LBE222:
 3684              	.LBE221:
 260:Middlewares/LVGL/lvgl/src/core/lv_obj_style.c ****            lv_obj_get_style_width(obj, LV_PART_MAIN) == LV_SIZE_CONTENT) {
 3685              		.loc 1 260 74 view .LVU1116
 3686 00e4 6FF04042 		mvn	r2, #-1073741824
 3687 00e8 9042     		cmp	r0, r2
 3688 00ea BBD1     		bne	.L252
 3689 00ec B2E7     		b	.L253
 3690              	.L266:
 273:Middlewares/LVGL/lvgl/src/core/lv_obj_style.c ****     }
 3691              		.loc 1 273 9 is_stmt 1 view .LVU1117
 3692 00ee 2846     		mov	r0, r5
 3693 00f0 FFF7FEFF 		bl	lv_obj_update_layer_type
 3694              	.LVL400:
 3695 00f4 CAE7     		b	.L258
 3696              	.L268:
 3697 00f6 00BF     		.align	2
 3698              	.L267:
 3699 00f8 00000000 		.word	lv_global
 3700              		.cfi_endproc
 3701              	.LFE208:
 3703              		.section	.text.lv_obj_replace_style,"ax",%progbits
 3704              		.align	1
 3705              		.global	lv_obj_replace_style
 3706              		.syntax unified
 3707              		.thumb
 3708              		.thumb_func
 3710              	lv_obj_replace_style:
 3711              	.LVL401:
 3712              	.LFB203:
 169:Middlewares/LVGL/lvgl/src/core/lv_obj_style.c ****     lv_state_t state = lv_obj_style_get_selector_state(selector);
 3713              		.loc 1 169 1 view -0
 3714              		.cfi_startproc
 3715              		@ args = 0, pretend = 0, frame = 8
 3716              		@ frame_needed = 0, uses_anonymous_args = 0
 169:Middlewares/LVGL/lvgl/src/core/lv_obj_style.c ****     lv_state_t state = lv_obj_style_get_selector_state(selector);
 3717              		.loc 1 169 1 is_stmt 0 view .LVU1119
 3718 0000 2DE9F04F 		push	{r4, r5, r6, r7, r8, r9, r10, fp, lr}
 3719              	.LCFI56:
 3720              		.cfi_def_cfa_offset 36
 3721              		.cfi_offset 4, -36
 3722              		.cfi_offset 5, -32
 3723              		.cfi_offset 6, -28
 3724              		.cfi_offset 7, -24
 3725              		.cfi_offset 8, -20
 3726              		.cfi_offset 9, -16
 3727              		.cfi_offset 10, -12
ARM GAS  C:\Users\w1785\AppData\Local\Temp\ccv6fGyr.s 			page 151


 3728              		.cfi_offset 11, -8
 3729              		.cfi_offset 14, -4
 3730 0004 83B0     		sub	sp, sp, #12
 3731              	.LCFI57:
 3732              		.cfi_def_cfa_offset 48
 3733 0006 0192     		str	r2, [sp, #4]
 170:Middlewares/LVGL/lvgl/src/core/lv_obj_style.c ****     lv_part_t part = lv_obj_style_get_selector_part(selector);
 3734              		.loc 1 170 5 is_stmt 1 view .LVU1120
 3735              	.LVL402:
 3736              	.LBB223:
 3737              	.LBI223:
 264:Middlewares/LVGL/lvgl/src/core/lv_obj_style.h **** {
 3738              		.loc 3 264 26 view .LVU1121
 3739              	.LBB224:
 266:Middlewares/LVGL/lvgl/src/core/lv_obj_style.h **** }
 3740              		.loc 3 266 5 view .LVU1122
 266:Middlewares/LVGL/lvgl/src/core/lv_obj_style.h **** }
 3741              		.loc 3 266 5 is_stmt 0 view .LVU1123
 3742              	.LBE224:
 3743              	.LBE223:
 171:Middlewares/LVGL/lvgl/src/core/lv_obj_style.c **** 
 3744              		.loc 1 171 5 is_stmt 1 view .LVU1124
 3745              	.LBB225:
 3746              	.LBI225:
 269:Middlewares/LVGL/lvgl/src/core/lv_obj_style.h **** {
 3747              		.loc 3 269 25 view .LVU1125
 3748              	.LBB226:
 3749              		.loc 3 271 5 view .LVU1126
 3750              		.loc 3 271 5 is_stmt 0 view .LVU1127
 3751              	.LBE226:
 3752              	.LBE225:
 174:Middlewares/LVGL/lvgl/src/core/lv_obj_style.c ****         return false;
 3753              		.loc 1 174 5 is_stmt 1 view .LVU1128
 174:Middlewares/LVGL/lvgl/src/core/lv_obj_style.c ****         return false;
 3754              		.loc 1 174 7 is_stmt 0 view .LVU1129
 3755 0008 0028     		cmp	r0, #0
 3756 000a 56D0     		beq	.L276
 3757 000c 0F46     		mov	r7, r1
 3758 000e 1E46     		mov	r6, r3
 3759 0010 1FFA83F9 		uxth	r9, r3
 3760 0014 03F47F0A 		and	r10, r3, #16711680
 3761              	.LVL403:
 174:Middlewares/LVGL/lvgl/src/core/lv_obj_style.c ****         return false;
 3762              		.loc 1 174 7 view .LVU1130
 3763 0018 0546     		mov	r5, r0
 174:Middlewares/LVGL/lvgl/src/core/lv_obj_style.c ****         return false;
 3764              		.loc 1 174 13 discriminator 1 view .LVU1131
 3765 001a 0029     		cmp	r1, #0
 3766 001c 50D0     		beq	.L277
 174:Middlewares/LVGL/lvgl/src/core/lv_obj_style.c ****         return false;
 3767              		.loc 1 174 27 discriminator 2 view .LVU1132
 3768 001e 002A     		cmp	r2, #0
 3769 0020 51D0     		beq	.L278
 174:Middlewares/LVGL/lvgl/src/core/lv_obj_style.c ****         return false;
 3770              		.loc 1 174 41 discriminator 3 view .LVU1133
 3771 0022 9142     		cmp	r1, r2
 3772 0024 52D0     		beq	.L279
ARM GAS  C:\Users\w1785\AppData\Local\Temp\ccv6fGyr.s 			page 152


 179:Middlewares/LVGL/lvgl/src/core/lv_obj_style.c **** 
 3773              		.loc 1 179 5 is_stmt 1 view .LVU1134
 3774 0026 0023     		movs	r3, #0
 3775              	.LVL404:
 179:Middlewares/LVGL/lvgl/src/core/lv_obj_style.c **** 
 3776              		.loc 1 179 5 is_stmt 0 view .LVU1135
 3777 0028 FF22     		movs	r2, #255
 3778              	.LVL405:
 179:Middlewares/LVGL/lvgl/src/core/lv_obj_style.c **** 
 3779              		.loc 1 179 5 view .LVU1136
 3780 002a 3146     		mov	r1, r6
 3781              	.LVL406:
 179:Middlewares/LVGL/lvgl/src/core/lv_obj_style.c **** 
 3782              		.loc 1 179 5 view .LVU1137
 3783 002c FFF7FEFF 		bl	trans_delete
 3784              	.LVL407:
 181:Middlewares/LVGL/lvgl/src/core/lv_obj_style.c ****     uint32_t i;
 3785              		.loc 1 181 5 is_stmt 1 view .LVU1138
 182:Middlewares/LVGL/lvgl/src/core/lv_obj_style.c ****     for(i = 0; i < obj->style_cnt; i++) {
 3786              		.loc 1 182 5 view .LVU1139
 183:Middlewares/LVGL/lvgl/src/core/lv_obj_style.c ****         lv_state_t state_act = lv_obj_style_get_selector_state(obj->styles[i].selector);
 3787              		.loc 1 183 5 view .LVU1140
 183:Middlewares/LVGL/lvgl/src/core/lv_obj_style.c ****         lv_state_t state_act = lv_obj_style_get_selector_state(obj->styles[i].selector);
 3788              		.loc 1 183 11 is_stmt 0 view .LVU1141
 3789 0030 0024     		movs	r4, #0
 181:Middlewares/LVGL/lvgl/src/core/lv_obj_style.c ****     uint32_t i;
 3790              		.loc 1 181 10 view .LVU1142
 3791 0032 A346     		mov	fp, r4
 183:Middlewares/LVGL/lvgl/src/core/lv_obj_style.c ****         lv_state_t state_act = lv_obj_style_get_selector_state(obj->styles[i].selector);
 3792              		.loc 1 183 5 view .LVU1143
 3793 0034 04E0     		b	.L271
 3794              	.LVL408:
 3795              	.L274:
 3796              	.LBB227:
 195:Middlewares/LVGL/lvgl/src/core/lv_obj_style.c ****             continue;
 3797              		.loc 1 195 40 view .LVU1144
 3798 0036 52F80830 		ldr	r3, [r2, r8]
 3799              	.LVL409:
 194:Middlewares/LVGL/lvgl/src/core/lv_obj_style.c ****            (old_style != obj->styles[i].style)) {
 3800              		.loc 1 194 54 discriminator 1 view .LVU1145
 3801 003a BB42     		cmp	r3, r7
 3802 003c 1FD0     		beq	.L281
 3803              	.LVL410:
 3804              	.L272:
 194:Middlewares/LVGL/lvgl/src/core/lv_obj_style.c ****            (old_style != obj->styles[i].style)) {
 3805              		.loc 1 194 54 discriminator 1 view .LVU1146
 3806              	.LBE227:
 183:Middlewares/LVGL/lvgl/src/core/lv_obj_style.c ****         lv_state_t state_act = lv_obj_style_get_selector_state(obj->styles[i].selector);
 3807              		.loc 1 183 37 is_stmt 1 discriminator 2 view .LVU1147
 3808 003e 0134     		adds	r4, r4, #1
 3809              	.LVL411:
 3810              	.L271:
 183:Middlewares/LVGL/lvgl/src/core/lv_obj_style.c ****         lv_state_t state_act = lv_obj_style_get_selector_state(obj->styles[i].selector);
 3811              		.loc 1 183 18 discriminator 1 view .LVU1148
 183:Middlewares/LVGL/lvgl/src/core/lv_obj_style.c ****         lv_state_t state_act = lv_obj_style_get_selector_state(obj->styles[i].selector);
 3812              		.loc 1 183 23 is_stmt 0 discriminator 1 view .LVU1149
 3813 0040 6B8D     		ldrh	r3, [r5, #42]
ARM GAS  C:\Users\w1785\AppData\Local\Temp\ccv6fGyr.s 			page 153


 3814 0042 C3F30513 		ubfx	r3, r3, #4, #6
 183:Middlewares/LVGL/lvgl/src/core/lv_obj_style.c ****         lv_state_t state_act = lv_obj_style_get_selector_state(obj->styles[i].selector);
 3815              		.loc 1 183 18 discriminator 1 view .LVU1150
 3816 0046 A342     		cmp	r3, r4
 3817 0048 2AD9     		bls	.L282
 3818              	.LBB234:
 184:Middlewares/LVGL/lvgl/src/core/lv_obj_style.c ****         lv_part_t part_act = lv_obj_style_get_selector_part(obj->styles[i].selector);
 3819              		.loc 1 184 9 is_stmt 1 view .LVU1151
 184:Middlewares/LVGL/lvgl/src/core/lv_obj_style.c ****         lv_part_t part_act = lv_obj_style_get_selector_part(obj->styles[i].selector);
 3820              		.loc 1 184 67 is_stmt 0 view .LVU1152
 3821 004a EA68     		ldr	r2, [r5, #12]
 184:Middlewares/LVGL/lvgl/src/core/lv_obj_style.c ****         lv_part_t part_act = lv_obj_style_get_selector_part(obj->styles[i].selector);
 3822              		.loc 1 184 75 view .LVU1153
 3823 004c 4FEAC408 		lsl	r8, r4, #3
 3824 0050 02EBC400 		add	r0, r2, r4, lsl #3
 184:Middlewares/LVGL/lvgl/src/core/lv_obj_style.c ****         lv_part_t part_act = lv_obj_style_get_selector_part(obj->styles[i].selector);
 3825              		.loc 1 184 78 view .LVU1154
 3826 0054 4368     		ldr	r3, [r0, #4]
 3827              	.LVL412:
 3828              	.LBB228:
 3829              	.LBI228:
 264:Middlewares/LVGL/lvgl/src/core/lv_obj_style.h **** {
 3830              		.loc 3 264 26 is_stmt 1 view .LVU1155
 3831              	.LBB229:
 266:Middlewares/LVGL/lvgl/src/core/lv_obj_style.h **** }
 3832              		.loc 3 266 5 view .LVU1156
 266:Middlewares/LVGL/lvgl/src/core/lv_obj_style.h **** }
 3833              		.loc 3 266 12 is_stmt 0 view .LVU1157
 3834 0056 1FFA83FC 		uxth	ip, r3
 3835              	.LVL413:
 266:Middlewares/LVGL/lvgl/src/core/lv_obj_style.h **** }
 3836              		.loc 3 266 12 view .LVU1158
 3837              	.LBE229:
 3838              	.LBE228:
 185:Middlewares/LVGL/lvgl/src/core/lv_obj_style.c **** 
 3839              		.loc 1 185 9 is_stmt 1 view .LVU1159
 3840              	.LBB230:
 3841              	.LBI230:
 269:Middlewares/LVGL/lvgl/src/core/lv_obj_style.h **** {
 3842              		.loc 3 269 25 view .LVU1160
 3843              	.LBB231:
 3844              		.loc 3 271 5 view .LVU1161
 3845              		.loc 3 271 12 is_stmt 0 view .LVU1162
 3846 005a 03F47F03 		and	r3, r3, #16711680
 3847              	.LVL414:
 3848              		.loc 3 271 12 view .LVU1163
 3849              	.LBE231:
 3850              	.LBE230:
 188:Middlewares/LVGL/lvgl/src/core/lv_obj_style.c ****             continue;
 3851              		.loc 1 188 9 is_stmt 1 view .LVU1164
 188:Middlewares/LVGL/lvgl/src/core/lv_obj_style.c ****             continue;
 3852              		.loc 1 188 36 is_stmt 0 view .LVU1165
 3853 005e C179     		ldrb	r1, [r0, #7]	@ zero_extendqisi2
 188:Middlewares/LVGL/lvgl/src/core/lv_obj_style.c ****             continue;
 3854              		.loc 1 188 11 view .LVU1166
 3855 0060 11F0030F 		tst	r1, #3
 3856 0064 EBD1     		bne	.L272
ARM GAS  C:\Users\w1785\AppData\Local\Temp\ccv6fGyr.s 			page 154


 193:Middlewares/LVGL/lvgl/src/core/lv_obj_style.c ****            (part != LV_PART_ANY && part_act != part) ||
 3857              		.loc 1 193 9 is_stmt 1 view .LVU1167
 193:Middlewares/LVGL/lvgl/src/core/lv_obj_style.c ****            (part != LV_PART_ANY && part_act != part) ||
 3858              		.loc 1 193 11 is_stmt 0 view .LVU1168
 3859 0066 4FF6FF71 		movw	r1, #65535
 3860 006a 8945     		cmp	r9, r1
 3861 006c 01D0     		beq	.L273
 193:Middlewares/LVGL/lvgl/src/core/lv_obj_style.c ****            (part != LV_PART_ANY && part_act != part) ||
 3862              		.loc 1 193 35 discriminator 1 view .LVU1169
 3863 006e CC45     		cmp	ip, r9
 3864 0070 E5D1     		bne	.L272
 3865              	.L273:
 193:Middlewares/LVGL/lvgl/src/core/lv_obj_style.c ****            (part != LV_PART_ANY && part_act != part) ||
 3866              		.loc 1 193 58 discriminator 4 view .LVU1170
 3867 0072 BAF5702F 		cmp	r10, #983040
 3868 0076 DED0     		beq	.L274
 194:Middlewares/LVGL/lvgl/src/core/lv_obj_style.c ****            (old_style != obj->styles[i].style)) {
 3869              		.loc 1 194 33 view .LVU1171
 3870 0078 9A45     		cmp	r10, r3
 3871 007a DCD0     		beq	.L274
 3872 007c DFE7     		b	.L272
 3873              	.LVL415:
 3874              	.L281:
 199:Middlewares/LVGL/lvgl/src/core/lv_obj_style.c ****         obj->styles[i].style = new_style;
 3875              		.loc 1 199 9 is_stmt 1 view .LVU1172
 3876              	.LBB232:
 3877              	.LBI232:
  73:Middlewares/LVGL/lvgl/src/core/../misc/../font/../draw/../misc/../stdlib/lv_string.h **** {
 3878              		.loc 4 73 20 view .LVU1173
 3879              	.LBB233:
 3880              		.loc 4 75 5 view .LVU1174
 3881 007e 0822     		movs	r2, #8
 3882 0080 0021     		movs	r1, #0
 3883 0082 FFF7FEFF 		bl	lv_memset
 3884              	.LVL416:
 3885              		.loc 4 75 5 is_stmt 0 view .LVU1175
 3886              	.LBE233:
 3887              	.LBE232:
 200:Middlewares/LVGL/lvgl/src/core/lv_obj_style.c ****         obj->styles[i].selector = selector;
 3888              		.loc 1 200 9 is_stmt 1 view .LVU1176
 200:Middlewares/LVGL/lvgl/src/core/lv_obj_style.c ****         obj->styles[i].selector = selector;
 3889              		.loc 1 200 12 is_stmt 0 view .LVU1177
 3890 0086 EB68     		ldr	r3, [r5, #12]
 200:Middlewares/LVGL/lvgl/src/core/lv_obj_style.c ****         obj->styles[i].selector = selector;
 3891              		.loc 1 200 30 view .LVU1178
 3892 0088 019A     		ldr	r2, [sp, #4]
 3893 008a 43F80820 		str	r2, [r3, r8]
 201:Middlewares/LVGL/lvgl/src/core/lv_obj_style.c **** 
 3894              		.loc 1 201 9 is_stmt 1 view .LVU1179
 201:Middlewares/LVGL/lvgl/src/core/lv_obj_style.c **** 
 3895              		.loc 1 201 12 is_stmt 0 view .LVU1180
 3896 008e EB68     		ldr	r3, [r5, #12]
 201:Middlewares/LVGL/lvgl/src/core/lv_obj_style.c **** 
 3897              		.loc 1 201 20 view .LVU1181
 3898 0090 4344     		add	r3, r3, r8
 201:Middlewares/LVGL/lvgl/src/core/lv_obj_style.c **** 
 3899              		.loc 1 201 33 view .LVU1182
ARM GAS  C:\Users\w1785\AppData\Local\Temp\ccv6fGyr.s 			page 155


 3900 0092 5A68     		ldr	r2, [r3, #4]
 3901 0094 66F31702 		bfi	r2, r6, #0, #24
 3902 0098 5A60     		str	r2, [r3, #4]
 203:Middlewares/LVGL/lvgl/src/core/lv_obj_style.c ****         /*Don't break and continue replacing other occurrences*/
 3903              		.loc 1 203 9 is_stmt 1 view .LVU1183
 3904              	.LVL417:
 203:Middlewares/LVGL/lvgl/src/core/lv_obj_style.c ****         /*Don't break and continue replacing other occurrences*/
 3905              		.loc 1 203 18 is_stmt 0 view .LVU1184
 3906 009a 4FF0010B 		mov	fp, #1
 3907 009e CEE7     		b	.L272
 3908              	.LVL418:
 3909              	.L282:
 203:Middlewares/LVGL/lvgl/src/core/lv_obj_style.c ****         /*Don't break and continue replacing other occurrences*/
 3910              		.loc 1 203 18 view .LVU1185
 3911              	.LBE234:
 206:Middlewares/LVGL/lvgl/src/core/lv_obj_style.c ****         full_cache_refresh(obj, part);
 3912              		.loc 1 206 5 is_stmt 1 view .LVU1186
 206:Middlewares/LVGL/lvgl/src/core/lv_obj_style.c ****         full_cache_refresh(obj, part);
 3913              		.loc 1 206 7 is_stmt 0 view .LVU1187
 3914 00a0 BBF1000F 		cmp	fp, #0
 3915 00a4 03D1     		bne	.L283
 3916              	.LVL419:
 3917              	.L270:
 211:Middlewares/LVGL/lvgl/src/core/lv_obj_style.c **** 
 3918              		.loc 1 211 1 view .LVU1188
 3919 00a6 5846     		mov	r0, fp
 3920 00a8 03B0     		add	sp, sp, #12
 3921              	.LCFI58:
 3922              		.cfi_remember_state
 3923              		.cfi_def_cfa_offset 36
 3924              		@ sp needed
 3925 00aa BDE8F08F 		pop	{r4, r5, r6, r7, r8, r9, r10, fp, pc}
 3926              	.LVL420:
 3927              	.L283:
 3928              	.LCFI59:
 3929              		.cfi_restore_state
 207:Middlewares/LVGL/lvgl/src/core/lv_obj_style.c ****         lv_obj_refresh_style(obj, part, LV_STYLE_PROP_ANY);
 3930              		.loc 1 207 9 is_stmt 1 view .LVU1189
 208:Middlewares/LVGL/lvgl/src/core/lv_obj_style.c ****     }
 3931              		.loc 1 208 9 view .LVU1190
 3932 00ae FF22     		movs	r2, #255
 3933 00b0 5146     		mov	r1, r10
 3934 00b2 2846     		mov	r0, r5
 3935 00b4 FFF7FEFF 		bl	lv_obj_refresh_style
 3936              	.LVL421:
 3937 00b8 F5E7     		b	.L270
 3938              	.LVL422:
 3939              	.L276:
 175:Middlewares/LVGL/lvgl/src/core/lv_obj_style.c ****     }
 3940              		.loc 1 175 16 is_stmt 0 view .LVU1191
 3941 00ba 4FF0000B 		mov	fp, #0
 3942 00be F2E7     		b	.L270
 3943              	.LVL423:
 3944              	.L277:
 175:Middlewares/LVGL/lvgl/src/core/lv_obj_style.c ****     }
 3945              		.loc 1 175 16 view .LVU1192
 3946 00c0 4FF0000B 		mov	fp, #0
ARM GAS  C:\Users\w1785\AppData\Local\Temp\ccv6fGyr.s 			page 156


 3947 00c4 EFE7     		b	.L270
 3948              	.L278:
 3949 00c6 4FF0000B 		mov	fp, #0
 3950 00ca ECE7     		b	.L270
 3951              	.L279:
 3952 00cc 4FF0000B 		mov	fp, #0
 3953 00d0 E9E7     		b	.L270
 3954              		.cfi_endproc
 3955              	.LFE203:
 3957              		.section	.text.remove_style_core,"ax",%progbits
 3958              		.align	1
 3959              		.syntax unified
 3960              		.thumb
 3961              		.thumb_func
 3963              	remove_style_core:
 3964              	.LVL424:
 3965              	.LFB244:
1257:Middlewares/LVGL/lvgl/src/core/lv_obj_style.c **** 
1258:Middlewares/LVGL/lvgl/src/core/lv_obj_style.c **** static void remove_style_core(lv_obj_t * obj, const lv_style_t * style, lv_style_selector_t selecto
1259:Middlewares/LVGL/lvgl/src/core/lv_obj_style.c **** {
 3966              		.loc 1 1259 1 is_stmt 1 view -0
 3967              		.cfi_startproc
 3968              		@ args = 0, pretend = 0, frame = 0
 3969              		@ frame_needed = 0, uses_anonymous_args = 0
 3970              		.loc 1 1259 1 is_stmt 0 view .LVU1194
 3971 0000 2DE9F84F 		push	{r3, r4, r5, r6, r7, r8, r9, r10, fp, lr}
 3972              	.LCFI60:
 3973              		.cfi_def_cfa_offset 40
 3974              		.cfi_offset 3, -40
 3975              		.cfi_offset 4, -36
 3976              		.cfi_offset 5, -32
 3977              		.cfi_offset 6, -28
 3978              		.cfi_offset 7, -24
 3979              		.cfi_offset 8, -20
 3980              		.cfi_offset 9, -16
 3981              		.cfi_offset 10, -12
 3982              		.cfi_offset 11, -8
 3983              		.cfi_offset 14, -4
 3984 0004 0446     		mov	r4, r0
 3985 0006 9846     		mov	r8, r3
1260:Middlewares/LVGL/lvgl/src/core/lv_obj_style.c ****     lv_state_t state = lv_obj_style_get_selector_state(selector);
 3986              		.loc 1 1260 5 is_stmt 1 view .LVU1195
 3987              	.LVL425:
 3988              	.LBB235:
 3989              	.LBI235:
 264:Middlewares/LVGL/lvgl/src/core/lv_obj_style.h **** {
 3990              		.loc 3 264 26 view .LVU1196
 3991              	.LBB236:
 266:Middlewares/LVGL/lvgl/src/core/lv_obj_style.h **** }
 3992              		.loc 3 266 5 view .LVU1197
 266:Middlewares/LVGL/lvgl/src/core/lv_obj_style.h **** }
 3993              		.loc 3 266 12 is_stmt 0 view .LVU1198
 3994 0008 97B2     		uxth	r7, r2
 3995              	.LVL426:
 266:Middlewares/LVGL/lvgl/src/core/lv_obj_style.h **** }
 3996              		.loc 3 266 12 view .LVU1199
 3997              	.LBE236:
ARM GAS  C:\Users\w1785\AppData\Local\Temp\ccv6fGyr.s 			page 157


 3998              	.LBE235:
1261:Middlewares/LVGL/lvgl/src/core/lv_obj_style.c ****     lv_part_t part = lv_obj_style_get_selector_part(selector);
 3999              		.loc 1 1261 5 is_stmt 1 view .LVU1200
 4000              	.LBB237:
 4001              	.LBI237:
 269:Middlewares/LVGL/lvgl/src/core/lv_obj_style.h **** {
 4002              		.loc 3 269 25 view .LVU1201
 4003              	.LBB238:
 4004              		.loc 3 271 5 view .LVU1202
 4005              		.loc 3 271 12 is_stmt 0 view .LVU1203
 4006 000a 02F47F06 		and	r6, r2, #16711680
 4007              	.LVL427:
 4008              		.loc 3 271 12 view .LVU1204
 4009              	.LBE238:
 4010              	.LBE237:
1262:Middlewares/LVGL/lvgl/src/core/lv_obj_style.c ****     lv_style_prop_t prop = LV_STYLE_PROP_ANY;
 4011              		.loc 1 1262 5 is_stmt 1 view .LVU1205
1263:Middlewares/LVGL/lvgl/src/core/lv_obj_style.c ****     if(style && style->prop_cnt == 0) prop = LV_STYLE_PROP_INV;
 4012              		.loc 1 1263 5 view .LVU1206
 4013              		.loc 1 1263 7 is_stmt 0 view .LVU1207
 4014 000e 8946     		mov	r9, r1
 4015 0010 A1B1     		cbz	r1, .L301
 4016              		.loc 1 1263 22 discriminator 1 view .LVU1208
 4017 0012 91F808A0 		ldrb	r10, [r1, #8]	@ zero_extendqisi2
 4018              		.loc 1 1263 14 discriminator 1 view .LVU1209
 4019 0016 BAF1000F 		cmp	r10, #0
 4020 001a 01D0     		beq	.L286
1262:Middlewares/LVGL/lvgl/src/core/lv_obj_style.c ****     lv_style_prop_t prop = LV_STYLE_PROP_ANY;
 4021              		.loc 1 1262 21 view .LVU1210
 4022 001c 4FF0FF0A 		mov	r10, #255
 4023              	.L286:
 4024              	.LVL428:
1264:Middlewares/LVGL/lvgl/src/core/lv_obj_style.c **** 
1265:Middlewares/LVGL/lvgl/src/core/lv_obj_style.c ****     if(style && part == LV_PART_MAIN && style_has_flag(style, LV_STYLE_PROP_FLAG_TRANSFORM)) {
 4025              		.loc 1 1265 14 discriminator 1 view .LVU1211
 4026 0020 16B1     		cbz	r6, .L303
 4027              	.LVL429:
 4028              	.L285:
1266:Middlewares/LVGL/lvgl/src/core/lv_obj_style.c ****         lv_obj_invalidate(obj);
1267:Middlewares/LVGL/lvgl/src/core/lv_obj_style.c ****     }
1268:Middlewares/LVGL/lvgl/src/core/lv_obj_style.c **** 
1269:Middlewares/LVGL/lvgl/src/core/lv_obj_style.c ****     uint32_t i = 0;
 4029              		.loc 1 1269 5 is_stmt 1 view .LVU1212
1270:Middlewares/LVGL/lvgl/src/core/lv_obj_style.c ****     bool deleted = false;
 4030              		.loc 1 1270 5 view .LVU1213
1271:Middlewares/LVGL/lvgl/src/core/lv_obj_style.c ****     while(i <  obj->style_cnt) {
 4031              		.loc 1 1271 5 view .LVU1214
1270:Middlewares/LVGL/lvgl/src/core/lv_obj_style.c ****     bool deleted = false;
 4032              		.loc 1 1270 10 is_stmt 0 view .LVU1215
 4033 0022 0020     		movs	r0, #0
1269:Middlewares/LVGL/lvgl/src/core/lv_obj_style.c ****     bool deleted = false;
 4034              		.loc 1 1269 14 view .LVU1216
 4035 0024 0546     		mov	r5, r0
 4036              		.loc 1 1271 10 view .LVU1217
 4037 0026 16E0     		b	.L287
 4038              	.LVL430:
 4039              	.L303:
ARM GAS  C:\Users\w1785\AppData\Local\Temp\ccv6fGyr.s 			page 158


1265:Middlewares/LVGL/lvgl/src/core/lv_obj_style.c ****         lv_obj_invalidate(obj);
 4040              		.loc 1 1265 41 discriminator 2 view .LVU1218
 4041 0028 2021     		movs	r1, #32
 4042              	.LVL431:
1265:Middlewares/LVGL/lvgl/src/core/lv_obj_style.c ****         lv_obj_invalidate(obj);
 4043              		.loc 1 1265 41 discriminator 2 view .LVU1219
 4044 002a 4846     		mov	r0, r9
 4045              	.LVL432:
1265:Middlewares/LVGL/lvgl/src/core/lv_obj_style.c ****         lv_obj_invalidate(obj);
 4046              		.loc 1 1265 41 discriminator 2 view .LVU1220
 4047 002c FFF7FEFF 		bl	style_has_flag
 4048              	.LVL433:
1265:Middlewares/LVGL/lvgl/src/core/lv_obj_style.c ****         lv_obj_invalidate(obj);
 4049              		.loc 1 1265 38 discriminator 1 view .LVU1221
 4050 0030 0028     		cmp	r0, #0
 4051 0032 F6D0     		beq	.L285
1266:Middlewares/LVGL/lvgl/src/core/lv_obj_style.c ****     }
 4052              		.loc 1 1266 9 is_stmt 1 view .LVU1222
 4053 0034 2046     		mov	r0, r4
 4054 0036 FFF7FEFF 		bl	lv_obj_invalidate
 4055              	.LVL434:
 4056 003a F2E7     		b	.L285
 4057              	.LVL435:
 4058              	.L301:
1262:Middlewares/LVGL/lvgl/src/core/lv_obj_style.c ****     if(style && style->prop_cnt == 0) prop = LV_STYLE_PROP_INV;
 4059              		.loc 1 1262 21 is_stmt 0 view .LVU1223
 4060 003c 4FF0FF0A 		mov	r10, #255
 4061 0040 EFE7     		b	.L285
 4062              	.LVL436:
 4063              	.L305:
 4064              	.LBB239:
1272:Middlewares/LVGL/lvgl/src/core/lv_obj_style.c ****         lv_state_t state_act = lv_obj_style_get_selector_state(obj->styles[i].selector);
1273:Middlewares/LVGL/lvgl/src/core/lv_obj_style.c ****         lv_part_t part_act = lv_obj_style_get_selector_part(obj->styles[i].selector);
1274:Middlewares/LVGL/lvgl/src/core/lv_obj_style.c ****         if(theme_only && !obj->styles[i].is_theme) {
1275:Middlewares/LVGL/lvgl/src/core/lv_obj_style.c ****             i++;
 4065              		.loc 1 1275 13 is_stmt 1 view .LVU1224
 4066              		.loc 1 1275 14 is_stmt 0 view .LVU1225
 4067 0042 0135     		adds	r5, r5, #1
 4068              	.LVL437:
1276:Middlewares/LVGL/lvgl/src/core/lv_obj_style.c ****             continue;
 4069              		.loc 1 1276 13 is_stmt 1 view .LVU1226
 4070 0044 07E0     		b	.L287
 4071              	.L292:
1277:Middlewares/LVGL/lvgl/src/core/lv_obj_style.c ****         }
1278:Middlewares/LVGL/lvgl/src/core/lv_obj_style.c ****         if((state != LV_STATE_ANY && state_act != state) ||
1279:Middlewares/LVGL/lvgl/src/core/lv_obj_style.c ****            (part != LV_PART_ANY && part_act != part) ||
 4072              		.loc 1 1279 54 is_stmt 0 discriminator 1 view .LVU1227
 4073 0046 B9F1000F 		cmp	r9, #0
 4074 004a 27D0     		beq	.L293
1280:Middlewares/LVGL/lvgl/src/core/lv_obj_style.c ****            (style != NULL && style != obj->styles[i].style)) {
 4075              		.loc 1 1280 53 view .LVU1228
 4076 004c 51F80B30 		ldr	r3, [r1, fp]
 4077              	.LVL438:
 4078              		.loc 1 1280 27 view .LVU1229
 4079 0050 4B45     		cmp	r3, r9
 4080 0052 23D0     		beq	.L293
 4081              	.L291:
ARM GAS  C:\Users\w1785\AppData\Local\Temp\ccv6fGyr.s 			page 159


1281:Middlewares/LVGL/lvgl/src/core/lv_obj_style.c ****             i++;
 4082              		.loc 1 1281 13 is_stmt 1 view .LVU1230
 4083              		.loc 1 1281 14 is_stmt 0 view .LVU1231
 4084 0054 0135     		adds	r5, r5, #1
 4085              	.LVL439:
1282:Middlewares/LVGL/lvgl/src/core/lv_obj_style.c ****             continue;
 4086              		.loc 1 1282 13 is_stmt 1 view .LVU1232
 4087              	.L287:
 4088              		.loc 1 1282 13 is_stmt 0 view .LVU1233
 4089              	.LBE239:
1271:Middlewares/LVGL/lvgl/src/core/lv_obj_style.c ****         lv_state_t state_act = lv_obj_style_get_selector_state(obj->styles[i].selector);
 4090              		.loc 1 1271 13 is_stmt 1 view .LVU1234
1271:Middlewares/LVGL/lvgl/src/core/lv_obj_style.c ****         lv_state_t state_act = lv_obj_style_get_selector_state(obj->styles[i].selector);
 4091              		.loc 1 1271 19 is_stmt 0 view .LVU1235
 4092 0056 638D     		ldrh	r3, [r4, #42]
 4093 0058 C3F30513 		ubfx	r3, r3, #4, #6
1271:Middlewares/LVGL/lvgl/src/core/lv_obj_style.c ****         lv_state_t state_act = lv_obj_style_get_selector_state(obj->styles[i].selector);
 4094              		.loc 1 1271 13 view .LVU1236
 4095 005c AB42     		cmp	r3, r5
 4096 005e 5ED9     		bls	.L304
 4097              	.LBB244:
1272:Middlewares/LVGL/lvgl/src/core/lv_obj_style.c ****         lv_part_t part_act = lv_obj_style_get_selector_part(obj->styles[i].selector);
 4098              		.loc 1 1272 9 is_stmt 1 view .LVU1237
1272:Middlewares/LVGL/lvgl/src/core/lv_obj_style.c ****         lv_part_t part_act = lv_obj_style_get_selector_part(obj->styles[i].selector);
 4099              		.loc 1 1272 67 is_stmt 0 view .LVU1238
 4100 0060 E168     		ldr	r1, [r4, #12]
1272:Middlewares/LVGL/lvgl/src/core/lv_obj_style.c ****         lv_part_t part_act = lv_obj_style_get_selector_part(obj->styles[i].selector);
 4101              		.loc 1 1272 75 view .LVU1239
 4102 0062 4FEAC50B 		lsl	fp, r5, #3
 4103 0066 01EBC502 		add	r2, r1, r5, lsl #3
1272:Middlewares/LVGL/lvgl/src/core/lv_obj_style.c ****         lv_part_t part_act = lv_obj_style_get_selector_part(obj->styles[i].selector);
 4104              		.loc 1 1272 78 view .LVU1240
 4105 006a 5368     		ldr	r3, [r2, #4]
 4106              	.LVL440:
 4107              	.LBB240:
 4108              	.LBI240:
 264:Middlewares/LVGL/lvgl/src/core/lv_obj_style.h **** {
 4109              		.loc 3 264 26 is_stmt 1 view .LVU1241
 4110              	.LBB241:
 266:Middlewares/LVGL/lvgl/src/core/lv_obj_style.h **** }
 4111              		.loc 3 266 5 view .LVU1242
 266:Middlewares/LVGL/lvgl/src/core/lv_obj_style.h **** }
 4112              		.loc 3 266 12 is_stmt 0 view .LVU1243
 4113 006c 1FFA83FE 		uxth	lr, r3
 4114              	.LVL441:
 266:Middlewares/LVGL/lvgl/src/core/lv_obj_style.h **** }
 4115              		.loc 3 266 12 view .LVU1244
 4116              	.LBE241:
 4117              	.LBE240:
1273:Middlewares/LVGL/lvgl/src/core/lv_obj_style.c ****         if(theme_only && !obj->styles[i].is_theme) {
 4118              		.loc 1 1273 9 is_stmt 1 view .LVU1245
 4119              	.LBB242:
 4120              	.LBI242:
 269:Middlewares/LVGL/lvgl/src/core/lv_obj_style.h **** {
 4121              		.loc 3 269 25 view .LVU1246
 4122              	.LBB243:
 4123              		.loc 3 271 5 view .LVU1247
ARM GAS  C:\Users\w1785\AppData\Local\Temp\ccv6fGyr.s 			page 160


 4124              		.loc 3 271 12 is_stmt 0 view .LVU1248
 4125 0070 03F47F03 		and	r3, r3, #16711680
 4126              	.LVL442:
 4127              		.loc 3 271 12 view .LVU1249
 4128              	.LBE243:
 4129              	.LBE242:
1274:Middlewares/LVGL/lvgl/src/core/lv_obj_style.c ****             i++;
 4130              		.loc 1 1274 9 is_stmt 1 view .LVU1250
1274:Middlewares/LVGL/lvgl/src/core/lv_obj_style.c ****             i++;
 4131              		.loc 1 1274 11 is_stmt 0 view .LVU1251
 4132 0074 B8F1000F 		cmp	r8, #0
 4133 0078 04D0     		beq	.L288
1274:Middlewares/LVGL/lvgl/src/core/lv_obj_style.c ****             i++;
 4134              		.loc 1 1274 26 discriminator 1 view .LVU1252
 4135 007a 92F807C0 		ldrb	ip, [r2, #7]	@ zero_extendqisi2
1274:Middlewares/LVGL/lvgl/src/core/lv_obj_style.c ****             i++;
 4136              		.loc 1 1274 23 discriminator 1 view .LVU1253
 4137 007e 1CF0080F 		tst	ip, #8
 4138 0082 DED0     		beq	.L305
 4139              	.L288:
1278:Middlewares/LVGL/lvgl/src/core/lv_obj_style.c ****            (part != LV_PART_ANY && part_act != part) ||
 4140              		.loc 1 1278 9 is_stmt 1 view .LVU1254
1278:Middlewares/LVGL/lvgl/src/core/lv_obj_style.c ****            (part != LV_PART_ANY && part_act != part) ||
 4141              		.loc 1 1278 11 is_stmt 0 view .LVU1255
 4142 0084 4FF6FF7C 		movw	ip, #65535
 4143 0088 6745     		cmp	r7, ip
 4144 008a 01D0     		beq	.L290
1278:Middlewares/LVGL/lvgl/src/core/lv_obj_style.c ****            (part != LV_PART_ANY && part_act != part) ||
 4145              		.loc 1 1278 35 discriminator 1 view .LVU1256
 4146 008c BE45     		cmp	lr, r7
 4147 008e E1D1     		bne	.L291
 4148              	.L290:
1278:Middlewares/LVGL/lvgl/src/core/lv_obj_style.c ****            (part != LV_PART_ANY && part_act != part) ||
 4149              		.loc 1 1278 58 discriminator 4 view .LVU1257
 4150 0090 B6F5702F 		cmp	r6, #983040
 4151 0094 D7D0     		beq	.L292
1279:Middlewares/LVGL/lvgl/src/core/lv_obj_style.c ****            (style != NULL && style != obj->styles[i].style)) {
 4152              		.loc 1 1279 33 view .LVU1258
 4153 0096 9E42     		cmp	r6, r3
 4154 0098 D5D0     		beq	.L292
 4155 009a DBE7     		b	.L291
 4156              	.LVL443:
 4157              	.L293:
1283:Middlewares/LVGL/lvgl/src/core/lv_obj_style.c ****         }
1284:Middlewares/LVGL/lvgl/src/core/lv_obj_style.c **** 
1285:Middlewares/LVGL/lvgl/src/core/lv_obj_style.c ****         if(obj->styles[i].is_trans) {
 4158              		.loc 1 1285 9 is_stmt 1 view .LVU1259
 4159              		.loc 1 1285 12 is_stmt 0 view .LVU1260
 4160 009c D379     		ldrb	r3, [r2, #7]	@ zero_extendqisi2
 4161              		.loc 1 1285 11 view .LVU1261
 4162 009e 13F0020F 		tst	r3, #2
 4163 00a2 16D1     		bne	.L306
 4164              	.LVL444:
 4165              	.L294:
1286:Middlewares/LVGL/lvgl/src/core/lv_obj_style.c ****             trans_delete(obj, part, LV_STYLE_PROP_ANY, NULL);
1287:Middlewares/LVGL/lvgl/src/core/lv_obj_style.c ****         }
1288:Middlewares/LVGL/lvgl/src/core/lv_obj_style.c **** 
ARM GAS  C:\Users\w1785\AppData\Local\Temp\ccv6fGyr.s 			page 161


1289:Middlewares/LVGL/lvgl/src/core/lv_obj_style.c ****         if(obj->styles[i].is_local || obj->styles[i].is_trans) {
 4166              		.loc 1 1289 9 is_stmt 1 view .LVU1262
 4167              		.loc 1 1289 15 is_stmt 0 view .LVU1263
 4168 00a4 E368     		ldr	r3, [r4, #12]
 4169              		.loc 1 1289 23 view .LVU1264
 4170 00a6 03EB0B02 		add	r2, r3, fp
 4171              		.loc 1 1289 36 view .LVU1265
 4172 00aa D279     		ldrb	r2, [r2, #7]	@ zero_extendqisi2
 4173              		.loc 1 1289 11 view .LVU1266
 4174 00ac 12F0030F 		tst	r2, #3
 4175 00b0 0DD0     		beq	.L295
1290:Middlewares/LVGL/lvgl/src/core/lv_obj_style.c ****             if(obj->styles[i].style) lv_style_reset((lv_style_t *)obj->styles[i].style);
 4176              		.loc 1 1290 13 is_stmt 1 view .LVU1267
 4177              		.loc 1 1290 30 is_stmt 0 view .LVU1268
 4178 00b2 53F80B00 		ldr	r0, [r3, fp]
 4179              		.loc 1 1290 15 view .LVU1269
 4180 00b6 08B1     		cbz	r0, .L296
 4181              		.loc 1 1290 38 is_stmt 1 discriminator 1 view .LVU1270
 4182 00b8 FFF7FEFF 		bl	lv_style_reset
 4183              	.LVL445:
 4184              	.L296:
1291:Middlewares/LVGL/lvgl/src/core/lv_obj_style.c ****             lv_free((lv_style_t *)obj->styles[i].style);
 4185              		.loc 1 1291 13 view .LVU1271
 4186              		.loc 1 1291 38 is_stmt 0 view .LVU1272
 4187 00bc E368     		ldr	r3, [r4, #12]
 4188              		.loc 1 1291 13 view .LVU1273
 4189 00be 53F80B00 		ldr	r0, [r3, fp]
 4190 00c2 FFF7FEFF 		bl	lv_free
 4191              	.LVL446:
1292:Middlewares/LVGL/lvgl/src/core/lv_obj_style.c ****             obj->styles[i].style = NULL;
 4192              		.loc 1 1292 13 is_stmt 1 view .LVU1274
 4193              		.loc 1 1292 16 is_stmt 0 view .LVU1275
 4194 00c6 E368     		ldr	r3, [r4, #12]
 4195              		.loc 1 1292 34 view .LVU1276
 4196 00c8 0022     		movs	r2, #0
 4197 00ca 43F80B20 		str	r2, [r3, fp]
 4198              	.L295:
 4199              		.loc 1 1292 34 view .LVU1277
 4200              	.LBE244:
1262:Middlewares/LVGL/lvgl/src/core/lv_obj_style.c ****     if(style && style->prop_cnt == 0) prop = LV_STYLE_PROP_INV;
 4201              		.loc 1 1262 21 view .LVU1278
 4202 00ce 2B46     		mov	r3, r5
 4203 00d0 11E0     		b	.L297
 4204              	.LVL447:
 4205              	.L306:
 4206              	.LBB245:
1286:Middlewares/LVGL/lvgl/src/core/lv_obj_style.c ****         }
 4207              		.loc 1 1286 13 is_stmt 1 view .LVU1279
 4208 00d2 0023     		movs	r3, #0
 4209 00d4 FF22     		movs	r2, #255
 4210              	.LVL448:
1286:Middlewares/LVGL/lvgl/src/core/lv_obj_style.c ****         }
 4211              		.loc 1 1286 13 is_stmt 0 view .LVU1280
 4212 00d6 3146     		mov	r1, r6
 4213              	.LVL449:
1286:Middlewares/LVGL/lvgl/src/core/lv_obj_style.c ****         }
 4214              		.loc 1 1286 13 view .LVU1281
ARM GAS  C:\Users\w1785\AppData\Local\Temp\ccv6fGyr.s 			page 162


 4215 00d8 2046     		mov	r0, r4
 4216              	.LVL450:
1286:Middlewares/LVGL/lvgl/src/core/lv_obj_style.c ****         }
 4217              		.loc 1 1286 13 view .LVU1282
 4218 00da FFF7FEFF 		bl	trans_delete
 4219              	.LVL451:
1286:Middlewares/LVGL/lvgl/src/core/lv_obj_style.c ****         }
 4220              		.loc 1 1286 13 view .LVU1283
 4221 00de E1E7     		b	.L294
 4222              	.LVL452:
 4223              	.L298:
1293:Middlewares/LVGL/lvgl/src/core/lv_obj_style.c ****         }
1294:Middlewares/LVGL/lvgl/src/core/lv_obj_style.c **** 
1295:Middlewares/LVGL/lvgl/src/core/lv_obj_style.c ****         /*Shift the styles after `i` by one*/
1296:Middlewares/LVGL/lvgl/src/core/lv_obj_style.c ****         uint32_t j;
1297:Middlewares/LVGL/lvgl/src/core/lv_obj_style.c ****         for(j = i; j < (uint32_t)obj->style_cnt - 1 ; j++) {
1298:Middlewares/LVGL/lvgl/src/core/lv_obj_style.c ****             obj->styles[j] = obj->styles[j + 1];
 4224              		.loc 1 1298 13 is_stmt 1 view .LVU1284
 4225              		.loc 1 1298 33 is_stmt 0 view .LVU1285
 4226 00e0 E268     		ldr	r2, [r4, #12]
 4227              		.loc 1 1298 41 view .LVU1286
 4228 00e2 03F1010C 		add	ip, r3, #1
 4229 00e6 02EBCC01 		add	r1, r2, ip, lsl #3
 4230              		.loc 1 1298 24 view .LVU1287
 4231 00ea 02EBC302 		add	r2, r2, r3, lsl #3
 4232              		.loc 1 1298 28 view .LVU1288
 4233 00ee 03C9     		ldm	r1, {r0, r1}
 4234 00f0 82E80300 		stm	r2, {r0, r1}
1297:Middlewares/LVGL/lvgl/src/core/lv_obj_style.c ****             obj->styles[j] = obj->styles[j + 1];
 4235              		.loc 1 1297 56 is_stmt 1 discriminator 3 view .LVU1289
 4236              	.LVL453:
1297:Middlewares/LVGL/lvgl/src/core/lv_obj_style.c ****             obj->styles[j] = obj->styles[j + 1];
 4237              		.loc 1 1297 56 is_stmt 0 discriminator 3 view .LVU1290
 4238 00f4 6346     		mov	r3, ip
 4239              	.LVL454:
 4240              	.L297:
1297:Middlewares/LVGL/lvgl/src/core/lv_obj_style.c ****             obj->styles[j] = obj->styles[j + 1];
 4241              		.loc 1 1297 22 is_stmt 1 discriminator 1 view .LVU1291
1297:Middlewares/LVGL/lvgl/src/core/lv_obj_style.c ****             obj->styles[j] = obj->styles[j + 1];
 4242              		.loc 1 1297 37 is_stmt 0 discriminator 1 view .LVU1292
 4243 00f6 618D     		ldrh	r1, [r4, #42]
 4244 00f8 C1F30511 		ubfx	r1, r1, #4, #6
1297:Middlewares/LVGL/lvgl/src/core/lv_obj_style.c ****             obj->styles[j] = obj->styles[j + 1];
 4245              		.loc 1 1297 49 discriminator 1 view .LVU1293
 4246 00fc 4A1E     		subs	r2, r1, #1
1297:Middlewares/LVGL/lvgl/src/core/lv_obj_style.c ****             obj->styles[j] = obj->styles[j + 1];
 4247              		.loc 1 1297 22 discriminator 1 view .LVU1294
 4248 00fe 9A42     		cmp	r2, r3
 4249 0100 EED8     		bhi	.L298
1299:Middlewares/LVGL/lvgl/src/core/lv_obj_style.c ****         }
1300:Middlewares/LVGL/lvgl/src/core/lv_obj_style.c **** 
1301:Middlewares/LVGL/lvgl/src/core/lv_obj_style.c ****         obj->style_cnt--;
 4250              		.loc 1 1301 9 is_stmt 1 view .LVU1295
 4251              		.loc 1 1301 23 is_stmt 0 view .LVU1296
 4252 0102 3F31     		adds	r1, r1, #63
 4253 0104 01F03F01 		and	r1, r1, #63
 4254 0108 638D     		ldrh	r3, [r4, #42]
ARM GAS  C:\Users\w1785\AppData\Local\Temp\ccv6fGyr.s 			page 163


 4255              	.LVL455:
 4256              		.loc 1 1301 23 view .LVU1297
 4257 010a 61F30913 		bfi	r3, r1, #4, #6
 4258 010e 6385     		strh	r3, [r4, #42]	@ movhi
1302:Middlewares/LVGL/lvgl/src/core/lv_obj_style.c ****         obj->styles = lv_realloc(obj->styles, obj->style_cnt * sizeof(lv_obj_style_t));
 4259              		.loc 1 1302 9 is_stmt 1 view .LVU1298
 4260              		.loc 1 1302 23 is_stmt 0 view .LVU1299
 4261 0110 C900     		lsls	r1, r1, #3
 4262 0112 E068     		ldr	r0, [r4, #12]
 4263 0114 FFF7FEFF 		bl	lv_realloc
 4264              	.LVL456:
 4265              		.loc 1 1302 21 discriminator 1 view .LVU1300
 4266 0118 E060     		str	r0, [r4, #12]
1303:Middlewares/LVGL/lvgl/src/core/lv_obj_style.c **** 
1304:Middlewares/LVGL/lvgl/src/core/lv_obj_style.c ****         deleted = true;
 4267              		.loc 1 1304 9 is_stmt 1 view .LVU1301
 4268              	.LVL457:
 4269              		.loc 1 1304 17 is_stmt 0 view .LVU1302
 4270 011a 0120     		movs	r0, #1
 4271 011c 9BE7     		b	.L287
 4272              	.LVL458:
 4273              	.L304:
 4274              		.loc 1 1304 17 view .LVU1303
 4275              	.LBE245:
1305:Middlewares/LVGL/lvgl/src/core/lv_obj_style.c ****         /*The style from the current `i` index is removed, so `i` points to the next style.
1306:Middlewares/LVGL/lvgl/src/core/lv_obj_style.c ****          *Therefore it doesn't needs to be incremented*/
1307:Middlewares/LVGL/lvgl/src/core/lv_obj_style.c ****     }
1308:Middlewares/LVGL/lvgl/src/core/lv_obj_style.c **** 
1309:Middlewares/LVGL/lvgl/src/core/lv_obj_style.c ****     if(deleted && prop != LV_STYLE_PROP_INV) {
 4276              		.loc 1 1309 5 is_stmt 1 view .LVU1304
 4277              		.loc 1 1309 7 is_stmt 0 view .LVU1305
 4278 011e 10B1     		cbz	r0, .L284
 4279              		.loc 1 1309 16 discriminator 1 view .LVU1306
 4280 0120 BAF1000F 		cmp	r10, #0
 4281 0124 01D1     		bne	.L307
 4282              	.LVL459:
 4283              	.L284:
1310:Middlewares/LVGL/lvgl/src/core/lv_obj_style.c ****         full_cache_refresh(obj, part);
1311:Middlewares/LVGL/lvgl/src/core/lv_obj_style.c ****         lv_obj_refresh_style(obj, part, prop);
1312:Middlewares/LVGL/lvgl/src/core/lv_obj_style.c ****     }
1313:Middlewares/LVGL/lvgl/src/core/lv_obj_style.c **** }
 4284              		.loc 1 1313 1 view .LVU1307
 4285 0126 BDE8F88F 		pop	{r3, r4, r5, r6, r7, r8, r9, r10, fp, pc}
 4286              	.LVL460:
 4287              	.L307:
1310:Middlewares/LVGL/lvgl/src/core/lv_obj_style.c ****         full_cache_refresh(obj, part);
 4288              		.loc 1 1310 9 is_stmt 1 view .LVU1308
1311:Middlewares/LVGL/lvgl/src/core/lv_obj_style.c ****     }
 4289              		.loc 1 1311 9 view .LVU1309
 4290 012a 5246     		mov	r2, r10
 4291 012c 3146     		mov	r1, r6
 4292 012e 2046     		mov	r0, r4
 4293              	.LVL461:
1311:Middlewares/LVGL/lvgl/src/core/lv_obj_style.c ****     }
 4294              		.loc 1 1311 9 is_stmt 0 view .LVU1310
 4295 0130 FFF7FEFF 		bl	lv_obj_refresh_style
 4296              	.LVL462:
ARM GAS  C:\Users\w1785\AppData\Local\Temp\ccv6fGyr.s 			page 164


 4297              		.loc 1 1313 1 view .LVU1311
 4298 0134 F7E7     		b	.L284
 4299              		.cfi_endproc
 4300              	.LFE244:
 4302              		.section	.text.lv_obj_remove_style,"ax",%progbits
 4303              		.align	1
 4304              		.global	lv_obj_remove_style
 4305              		.syntax unified
 4306              		.thumb
 4307              		.thumb_func
 4309              	lv_obj_remove_style:
 4310              	.LVL463:
 4311              	.LFB204:
 214:Middlewares/LVGL/lvgl/src/core/lv_obj_style.c ****     remove_style_core(obj, style, selector, false);
 4312              		.loc 1 214 1 is_stmt 1 view -0
 4313              		.cfi_startproc
 4314              		@ args = 0, pretend = 0, frame = 0
 4315              		@ frame_needed = 0, uses_anonymous_args = 0
 214:Middlewares/LVGL/lvgl/src/core/lv_obj_style.c ****     remove_style_core(obj, style, selector, false);
 4316              		.loc 1 214 1 is_stmt 0 view .LVU1313
 4317 0000 08B5     		push	{r3, lr}
 4318              	.LCFI61:
 4319              		.cfi_def_cfa_offset 8
 4320              		.cfi_offset 3, -8
 4321              		.cfi_offset 14, -4
 215:Middlewares/LVGL/lvgl/src/core/lv_obj_style.c **** }
 4322              		.loc 1 215 5 is_stmt 1 view .LVU1314
 4323 0002 0023     		movs	r3, #0
 4324 0004 FFF7FEFF 		bl	remove_style_core
 4325              	.LVL464:
 216:Middlewares/LVGL/lvgl/src/core/lv_obj_style.c **** 
 4326              		.loc 1 216 1 is_stmt 0 view .LVU1315
 4327 0008 08BD     		pop	{r3, pc}
 4328              		.cfi_endproc
 4329              	.LFE204:
 4331              		.section	.text.lv_obj_remove_style_all,"ax",%progbits
 4332              		.align	1
 4333              		.global	lv_obj_remove_style_all
 4334              		.syntax unified
 4335              		.thumb
 4336              		.thumb_func
 4338              	lv_obj_remove_style_all:
 4339              	.LVL465:
 4340              	.LFB206:
 224:Middlewares/LVGL/lvgl/src/core/lv_obj_style.c ****     lv_obj_remove_style(obj, NULL, LV_PART_ANY | LV_STATE_ANY);
 4341              		.loc 1 224 1 is_stmt 1 view -0
 4342              		.cfi_startproc
 4343              		@ args = 0, pretend = 0, frame = 0
 4344              		@ frame_needed = 0, uses_anonymous_args = 0
 224:Middlewares/LVGL/lvgl/src/core/lv_obj_style.c ****     lv_obj_remove_style(obj, NULL, LV_PART_ANY | LV_STATE_ANY);
 4345              		.loc 1 224 1 is_stmt 0 view .LVU1317
 4346 0000 08B5     		push	{r3, lr}
 4347              	.LCFI62:
 4348              		.cfi_def_cfa_offset 8
 4349              		.cfi_offset 3, -8
 4350              		.cfi_offset 14, -4
 225:Middlewares/LVGL/lvgl/src/core/lv_obj_style.c **** }
ARM GAS  C:\Users\w1785\AppData\Local\Temp\ccv6fGyr.s 			page 165


 4351              		.loc 1 225 5 is_stmt 1 view .LVU1318
 4352 0002 024A     		ldr	r2, .L312
 4353 0004 0021     		movs	r1, #0
 4354 0006 FFF7FEFF 		bl	lv_obj_remove_style
 4355              	.LVL466:
 226:Middlewares/LVGL/lvgl/src/core/lv_obj_style.c **** 
 4356              		.loc 1 226 1 is_stmt 0 view .LVU1319
 4357 000a 08BD     		pop	{r3, pc}
 4358              	.L313:
 4359              		.align	2
 4360              	.L312:
 4361 000c FFFF0F00 		.word	1048575
 4362              		.cfi_endproc
 4363              	.LFE206:
 4365              		.section	.text.trans_anim_completed_cb,"ax",%progbits
 4366              		.align	1
 4367              		.syntax unified
 4368              		.thumb
 4369              		.thumb_func
 4371              	trans_anim_completed_cb:
 4372              	.LVL467:
 4373              	.LFB237:
1047:Middlewares/LVGL/lvgl/src/core/lv_obj_style.c ****     trans_t * tr = a->var;
 4374              		.loc 1 1047 1 is_stmt 1 view -0
 4375              		.cfi_startproc
 4376              		@ args = 0, pretend = 0, frame = 0
 4377              		@ frame_needed = 0, uses_anonymous_args = 0
1047:Middlewares/LVGL/lvgl/src/core/lv_obj_style.c ****     trans_t * tr = a->var;
 4378              		.loc 1 1047 1 is_stmt 0 view .LVU1321
 4379 0000 2DE9F041 		push	{r4, r5, r6, r7, r8, lr}
 4380              	.LCFI63:
 4381              		.cfi_def_cfa_offset 24
 4382              		.cfi_offset 4, -24
 4383              		.cfi_offset 5, -20
 4384              		.cfi_offset 6, -16
 4385              		.cfi_offset 7, -12
 4386              		.cfi_offset 8, -8
 4387              		.cfi_offset 14, -4
1048:Middlewares/LVGL/lvgl/src/core/lv_obj_style.c ****     lv_obj_t * obj = tr->obj;
 4388              		.loc 1 1048 5 is_stmt 1 view .LVU1322
1048:Middlewares/LVGL/lvgl/src/core/lv_obj_style.c ****     lv_obj_t * obj = tr->obj;
 4389              		.loc 1 1048 15 is_stmt 0 view .LVU1323
 4390 0004 0468     		ldr	r4, [r0]
 4391              	.LVL468:
1049:Middlewares/LVGL/lvgl/src/core/lv_obj_style.c ****     lv_style_prop_t prop = tr->prop;
 4392              		.loc 1 1049 5 is_stmt 1 view .LVU1324
1049:Middlewares/LVGL/lvgl/src/core/lv_obj_style.c ****     lv_style_prop_t prop = tr->prop;
 4393              		.loc 1 1049 16 is_stmt 0 view .LVU1325
 4394 0006 2668     		ldr	r6, [r4]
 4395              	.LVL469:
1050:Middlewares/LVGL/lvgl/src/core/lv_obj_style.c **** 
 4396              		.loc 1 1050 5 is_stmt 1 view .LVU1326
1050:Middlewares/LVGL/lvgl/src/core/lv_obj_style.c **** 
 4397              		.loc 1 1050 21 is_stmt 0 view .LVU1327
 4398 0008 2779     		ldrb	r7, [r4, #4]	@ zero_extendqisi2
 4399              	.LVL470:
1055:Middlewares/LVGL/lvgl/src/core/lv_obj_style.c ****     trans_t * tr_i;
ARM GAS  C:\Users\w1785\AppData\Local\Temp\ccv6fGyr.s 			page 166


 4400              		.loc 1 1055 5 is_stmt 1 view .LVU1328
1056:Middlewares/LVGL/lvgl/src/core/lv_obj_style.c ****     LV_LL_READ(style_trans_ll_p, tr_i) {
 4401              		.loc 1 1056 5 view .LVU1329
1057:Middlewares/LVGL/lvgl/src/core/lv_obj_style.c ****         if(tr_i != tr && tr_i->obj == tr->obj && tr_i->selector == tr->selector && tr_i->prop == tr
 4402              		.loc 1 1057 5 view .LVU1330
 4403 000a 2A48     		ldr	r0, .L327
 4404              	.LVL471:
1057:Middlewares/LVGL/lvgl/src/core/lv_obj_style.c ****         if(tr_i != tr && tr_i->obj == tr->obj && tr_i->selector == tr->selector && tr_i->prop == tr
 4405              		.loc 1 1057 5 is_stmt 0 view .LVU1331
 4406 000c FFF7FEFF 		bl	lv_ll_get_head
 4407              	.LVL472:
 4408 0010 0146     		mov	r1, r0
 4409              	.LVL473:
1057:Middlewares/LVGL/lvgl/src/core/lv_obj_style.c ****         if(tr_i != tr && tr_i->obj == tr->obj && tr_i->selector == tr->selector && tr_i->prop == tr
 4410              		.loc 1 1057 5 view .LVU1332
 4411 0012 03E0     		b	.L315
 4412              	.LVL474:
 4413              	.L316:
1057:Middlewares/LVGL/lvgl/src/core/lv_obj_style.c ****         if(tr_i != tr && tr_i->obj == tr->obj && tr_i->selector == tr->selector && tr_i->prop == tr
 4414              		.loc 1 1057 5 is_stmt 1 discriminator 2 view .LVU1333
 4415 0014 2748     		ldr	r0, .L327
 4416 0016 FFF7FEFF 		bl	lv_ll_get_next
 4417              	.LVL475:
1057:Middlewares/LVGL/lvgl/src/core/lv_obj_style.c ****         if(tr_i != tr && tr_i->obj == tr->obj && tr_i->selector == tr->selector && tr_i->prop == tr
 4418              		.loc 1 1057 5 is_stmt 0 discriminator 2 view .LVU1334
 4419 001a 0146     		mov	r1, r0
 4420              	.LVL476:
 4421              	.L315:
1057:Middlewares/LVGL/lvgl/src/core/lv_obj_style.c ****         if(tr_i != tr && tr_i->obj == tr->obj && tr_i->selector == tr->selector && tr_i->prop == tr
 4422              		.loc 1 1057 5 is_stmt 1 discriminator 1 view .LVU1335
 4423 001c 79B1     		cbz	r1, .L325
1058:Middlewares/LVGL/lvgl/src/core/lv_obj_style.c ****             running = true;
 4424              		.loc 1 1058 9 view .LVU1336
1058:Middlewares/LVGL/lvgl/src/core/lv_obj_style.c ****             running = true;
 4425              		.loc 1 1058 11 is_stmt 0 view .LVU1337
 4426 001e A142     		cmp	r1, r4
 4427 0020 F8D0     		beq	.L316
1058:Middlewares/LVGL/lvgl/src/core/lv_obj_style.c ****             running = true;
 4428              		.loc 1 1058 30 discriminator 1 view .LVU1338
 4429 0022 0A68     		ldr	r2, [r1]
1058:Middlewares/LVGL/lvgl/src/core/lv_obj_style.c ****             running = true;
 4430              		.loc 1 1058 41 discriminator 1 view .LVU1339
 4431 0024 2368     		ldr	r3, [r4]
1058:Middlewares/LVGL/lvgl/src/core/lv_obj_style.c ****             running = true;
 4432              		.loc 1 1058 23 discriminator 1 view .LVU1340
 4433 0026 9A42     		cmp	r2, r3
 4434 0028 F4D1     		bne	.L316
1058:Middlewares/LVGL/lvgl/src/core/lv_obj_style.c ****             running = true;
 4435              		.loc 1 1058 54 discriminator 2 view .LVU1341
 4436 002a 8A68     		ldr	r2, [r1, #8]
1058:Middlewares/LVGL/lvgl/src/core/lv_obj_style.c ****             running = true;
 4437              		.loc 1 1058 70 discriminator 2 view .LVU1342
 4438 002c A368     		ldr	r3, [r4, #8]
1058:Middlewares/LVGL/lvgl/src/core/lv_obj_style.c ****             running = true;
 4439              		.loc 1 1058 47 discriminator 2 view .LVU1343
 4440 002e 9A42     		cmp	r2, r3
 4441 0030 F0D1     		bne	.L316
ARM GAS  C:\Users\w1785\AppData\Local\Temp\ccv6fGyr.s 			page 167


1058:Middlewares/LVGL/lvgl/src/core/lv_obj_style.c ****             running = true;
 4442              		.loc 1 1058 88 discriminator 3 view .LVU1344
 4443 0032 0A79     		ldrb	r2, [r1, #4]	@ zero_extendqisi2
1058:Middlewares/LVGL/lvgl/src/core/lv_obj_style.c ****             running = true;
 4444              		.loc 1 1058 100 discriminator 3 view .LVU1345
 4445 0034 2379     		ldrb	r3, [r4, #4]	@ zero_extendqisi2
1058:Middlewares/LVGL/lvgl/src/core/lv_obj_style.c ****             running = true;
 4446              		.loc 1 1058 81 discriminator 3 view .LVU1346
 4447 0036 9A42     		cmp	r2, r3
 4448 0038 ECD1     		bne	.L316
1059:Middlewares/LVGL/lvgl/src/core/lv_obj_style.c ****             break;
 4449              		.loc 1 1059 21 view .LVU1347
 4450 003a 0123     		movs	r3, #1
 4451 003c 00E0     		b	.L317
 4452              	.L325:
1055:Middlewares/LVGL/lvgl/src/core/lv_obj_style.c ****     trans_t * tr_i;
 4453              		.loc 1 1055 10 view .LVU1348
 4454 003e 0023     		movs	r3, #0
 4455              	.L317:
 4456              	.LVL477:
1064:Middlewares/LVGL/lvgl/src/core/lv_obj_style.c ****         uint32_t i;
 4457              		.loc 1 1064 5 is_stmt 1 view .LVU1349
1064:Middlewares/LVGL/lvgl/src/core/lv_obj_style.c ****         uint32_t i;
 4458              		.loc 1 1064 7 is_stmt 0 view .LVU1350
 4459 0040 ABBB     		cbnz	r3, .L314
 4460              	.LBB246:
1066:Middlewares/LVGL/lvgl/src/core/lv_obj_style.c ****             if(obj->styles[i].is_trans && obj->styles[i].selector == tr->selector) {
 4461              		.loc 1 1066 15 view .LVU1351
 4462 0042 0025     		movs	r5, #0
 4463 0044 0AE0     		b	.L320
 4464              	.LVL478:
 4465              	.L326:
 4466              	.LBB247:
1075:Middlewares/LVGL/lvgl/src/core/lv_obj_style.c **** 
 4467              		.loc 1 1075 21 is_stmt 1 view .LVU1352
1075:Middlewares/LVGL/lvgl/src/core/lv_obj_style.c **** 
 4468              		.loc 1 1075 87 is_stmt 0 view .LVU1353
 4469 0046 D8F80420 		ldr	r2, [r8, #4]
1075:Middlewares/LVGL/lvgl/src/core/lv_obj_style.c **** 
 4470              		.loc 1 1075 21 view .LVU1354
 4471 004a 22F07F42 		bic	r2, r2, #-16777216
 4472 004e 54F83510 		ldr	r1, [r4, r5, lsl #3]
 4473 0052 3046     		mov	r0, r6
 4474 0054 FFF7FEFF 		bl	lv_obj_remove_style
 4475              	.LVL479:
 4476 0058 29E0     		b	.L314
 4477              	.LVL480:
 4478              	.L321:
1075:Middlewares/LVGL/lvgl/src/core/lv_obj_style.c **** 
 4479              		.loc 1 1075 21 view .LVU1355
 4480              	.LBE247:
1066:Middlewares/LVGL/lvgl/src/core/lv_obj_style.c ****             if(obj->styles[i].is_trans && obj->styles[i].selector == tr->selector) {
 4481              		.loc 1 1066 41 is_stmt 1 discriminator 2 view .LVU1356
 4482 005a 0135     		adds	r5, r5, #1
 4483              	.LVL481:
 4484              	.L320:
1066:Middlewares/LVGL/lvgl/src/core/lv_obj_style.c ****             if(obj->styles[i].is_trans && obj->styles[i].selector == tr->selector) {
ARM GAS  C:\Users\w1785\AppData\Local\Temp\ccv6fGyr.s 			page 168


 4485              		.loc 1 1066 22 discriminator 1 view .LVU1357
1066:Middlewares/LVGL/lvgl/src/core/lv_obj_style.c ****             if(obj->styles[i].is_trans && obj->styles[i].selector == tr->selector) {
 4486              		.loc 1 1066 27 is_stmt 0 discriminator 1 view .LVU1358
 4487 005c 738D     		ldrh	r3, [r6, #42]
 4488 005e C3F30513 		ubfx	r3, r3, #4, #6
1066:Middlewares/LVGL/lvgl/src/core/lv_obj_style.c ****             if(obj->styles[i].is_trans && obj->styles[i].selector == tr->selector) {
 4489              		.loc 1 1066 22 discriminator 1 view .LVU1359
 4490 0062 AB42     		cmp	r3, r5
 4491 0064 23D9     		bls	.L314
1067:Middlewares/LVGL/lvgl/src/core/lv_obj_style.c ****                 lv_ll_remove(style_trans_ll_p, tr);
 4492              		.loc 1 1067 13 is_stmt 1 view .LVU1360
1067:Middlewares/LVGL/lvgl/src/core/lv_obj_style.c ****                 lv_ll_remove(style_trans_ll_p, tr);
 4493              		.loc 1 1067 19 is_stmt 0 view .LVU1361
 4494 0066 F368     		ldr	r3, [r6, #12]
1067:Middlewares/LVGL/lvgl/src/core/lv_obj_style.c ****                 lv_ll_remove(style_trans_ll_p, tr);
 4495              		.loc 1 1067 27 view .LVU1362
 4496 0068 4FEAC508 		lsl	r8, r5, #3
 4497 006c 03EBC503 		add	r3, r3, r5, lsl #3
1067:Middlewares/LVGL/lvgl/src/core/lv_obj_style.c ****                 lv_ll_remove(style_trans_ll_p, tr);
 4498              		.loc 1 1067 16 view .LVU1363
 4499 0070 DA79     		ldrb	r2, [r3, #7]	@ zero_extendqisi2
1067:Middlewares/LVGL/lvgl/src/core/lv_obj_style.c ****                 lv_ll_remove(style_trans_ll_p, tr);
 4500              		.loc 1 1067 15 view .LVU1364
 4501 0072 12F0020F 		tst	r2, #2
 4502 0076 F0D0     		beq	.L321
1067:Middlewares/LVGL/lvgl/src/core/lv_obj_style.c ****                 lv_ll_remove(style_trans_ll_p, tr);
 4503              		.loc 1 1067 57 discriminator 1 view .LVU1365
 4504 0078 5B68     		ldr	r3, [r3, #4]
 4505 007a C3F31703 		ubfx	r3, r3, #0, #24
1067:Middlewares/LVGL/lvgl/src/core/lv_obj_style.c ****                 lv_ll_remove(style_trans_ll_p, tr);
 4506              		.loc 1 1067 72 discriminator 1 view .LVU1366
 4507 007e A268     		ldr	r2, [r4, #8]
1067:Middlewares/LVGL/lvgl/src/core/lv_obj_style.c ****                 lv_ll_remove(style_trans_ll_p, tr);
 4508              		.loc 1 1067 40 discriminator 1 view .LVU1367
 4509 0080 9342     		cmp	r3, r2
 4510 0082 EAD1     		bne	.L321
 4511              	.LBB248:
1068:Middlewares/LVGL/lvgl/src/core/lv_obj_style.c ****                 lv_free(tr);
 4512              		.loc 1 1068 17 is_stmt 1 view .LVU1368
 4513 0084 2146     		mov	r1, r4
 4514              	.LVL482:
1068:Middlewares/LVGL/lvgl/src/core/lv_obj_style.c ****                 lv_free(tr);
 4515              		.loc 1 1068 17 is_stmt 0 view .LVU1369
 4516 0086 0B48     		ldr	r0, .L327
 4517 0088 FFF7FEFF 		bl	lv_ll_remove
 4518              	.LVL483:
1069:Middlewares/LVGL/lvgl/src/core/lv_obj_style.c **** 
 4519              		.loc 1 1069 17 is_stmt 1 view .LVU1370
 4520 008c 2046     		mov	r0, r4
 4521 008e FFF7FEFF 		bl	lv_free
 4522              	.LVL484:
1071:Middlewares/LVGL/lvgl/src/core/lv_obj_style.c ****                 lv_style_remove_prop((lv_style_t *)obj_style->style, prop);
 4523              		.loc 1 1071 17 view .LVU1371
1071:Middlewares/LVGL/lvgl/src/core/lv_obj_style.c ****                 lv_style_remove_prop((lv_style_t *)obj_style->style, prop);
 4524              		.loc 1 1071 50 is_stmt 0 view .LVU1372
 4525 0092 F468     		ldr	r4, [r6, #12]
 4526              	.LVL485:
ARM GAS  C:\Users\w1785\AppData\Local\Temp\ccv6fGyr.s 			page 169


1071:Middlewares/LVGL/lvgl/src/core/lv_obj_style.c ****                 lv_style_remove_prop((lv_style_t *)obj_style->style, prop);
 4527              		.loc 1 1071 34 view .LVU1373
 4528 0094 A044     		add	r8, r8, r4
 4529              	.LVL486:
1072:Middlewares/LVGL/lvgl/src/core/lv_obj_style.c **** 
 4530              		.loc 1 1072 17 is_stmt 1 view .LVU1374
 4531 0096 3946     		mov	r1, r7
 4532 0098 54F83500 		ldr	r0, [r4, r5, lsl #3]
 4533 009c FFF7FEFF 		bl	lv_style_remove_prop
 4534              	.LVL487:
1074:Middlewares/LVGL/lvgl/src/core/lv_obj_style.c ****                     lv_obj_remove_style(obj, (lv_style_t *)obj_style->style, obj_style->selector);
 4535              		.loc 1 1074 17 view .LVU1375
1074:Middlewares/LVGL/lvgl/src/core/lv_obj_style.c ****                     lv_obj_remove_style(obj, (lv_style_t *)obj_style->style, obj_style->selector);
 4536              		.loc 1 1074 41 is_stmt 0 view .LVU1376
 4537 00a0 F368     		ldr	r3, [r6, #12]
1074:Middlewares/LVGL/lvgl/src/core/lv_obj_style.c ****                     lv_obj_remove_style(obj, (lv_style_t *)obj_style->style, obj_style->selector);
 4538              		.loc 1 1074 20 view .LVU1377
 4539 00a2 53F83500 		ldr	r0, [r3, r5, lsl #3]
 4540 00a6 FFF7FEFF 		bl	lv_style_is_empty
 4541              	.LVL488:
1074:Middlewares/LVGL/lvgl/src/core/lv_obj_style.c ****                     lv_obj_remove_style(obj, (lv_style_t *)obj_style->style, obj_style->selector);
 4542              		.loc 1 1074 19 discriminator 1 view .LVU1378
 4543 00aa 0028     		cmp	r0, #0
 4544 00ac CBD1     		bne	.L326
 4545              	.LVL489:
 4546              	.L314:
1074:Middlewares/LVGL/lvgl/src/core/lv_obj_style.c ****                     lv_obj_remove_style(obj, (lv_style_t *)obj_style->style, obj_style->selector);
 4547              		.loc 1 1074 19 discriminator 1 view .LVU1379
 4548              	.LBE248:
 4549              	.LBE246:
1082:Middlewares/LVGL/lvgl/src/core/lv_obj_style.c **** 
 4550              		.loc 1 1082 1 view .LVU1380
 4551 00ae BDE8F081 		pop	{r4, r5, r6, r7, r8, pc}
 4552              	.LVL490:
 4553              	.L328:
1082:Middlewares/LVGL/lvgl/src/core/lv_obj_style.c **** 
 4554              		.loc 1 1082 1 view .LVU1381
 4555 00b2 00BF     		.align	2
 4556              	.L327:
 4557 00b4 1C000000 		.word	lv_global+28
 4558              		.cfi_endproc
 4559              	.LFE237:
 4561              		.section	.text.lv_obj_remove_theme,"ax",%progbits
 4562              		.align	1
 4563              		.global	lv_obj_remove_theme
 4564              		.syntax unified
 4565              		.thumb
 4566              		.thumb_func
 4568              	lv_obj_remove_theme:
 4569              	.LVL491:
 4570              	.LFB205:
 219:Middlewares/LVGL/lvgl/src/core/lv_obj_style.c ****     remove_style_core(obj, NULL, selector, true);
 4571              		.loc 1 219 1 is_stmt 1 view -0
 4572              		.cfi_startproc
 4573              		@ args = 0, pretend = 0, frame = 0
 4574              		@ frame_needed = 0, uses_anonymous_args = 0
 219:Middlewares/LVGL/lvgl/src/core/lv_obj_style.c ****     remove_style_core(obj, NULL, selector, true);
ARM GAS  C:\Users\w1785\AppData\Local\Temp\ccv6fGyr.s 			page 170


 4575              		.loc 1 219 1 is_stmt 0 view .LVU1383
 4576 0000 08B5     		push	{r3, lr}
 4577              	.LCFI64:
 4578              		.cfi_def_cfa_offset 8
 4579              		.cfi_offset 3, -8
 4580              		.cfi_offset 14, -4
 4581 0002 0A46     		mov	r2, r1
 220:Middlewares/LVGL/lvgl/src/core/lv_obj_style.c **** }
 4582              		.loc 1 220 5 is_stmt 1 view .LVU1384
 4583 0004 0123     		movs	r3, #1
 4584 0006 0021     		movs	r1, #0
 4585              	.LVL492:
 220:Middlewares/LVGL/lvgl/src/core/lv_obj_style.c **** }
 4586              		.loc 1 220 5 is_stmt 0 view .LVU1385
 4587 0008 FFF7FEFF 		bl	remove_style_core
 4588              	.LVL493:
 221:Middlewares/LVGL/lvgl/src/core/lv_obj_style.c **** 
 4589              		.loc 1 221 1 view .LVU1386
 4590 000c 08BD     		pop	{r3, pc}
 4591              		.cfi_endproc
 4592              	.LFE205:
 4594              		.section	.text.lv_obj_add_style,"ax",%progbits
 4595              		.align	1
 4596              		.global	lv_obj_add_style
 4597              		.syntax unified
 4598              		.thumb
 4599              		.thumb_func
 4601              	lv_obj_add_style:
 4602              	.LVL494:
 4603              	.LFB202:
 109:Middlewares/LVGL/lvgl/src/core/lv_obj_style.c ****     LV_ASSERT(obj->style_cnt < 63);
 4604              		.loc 1 109 1 is_stmt 1 view -0
 4605              		.cfi_startproc
 4606              		@ args = 0, pretend = 0, frame = 0
 4607              		@ frame_needed = 0, uses_anonymous_args = 0
 110:Middlewares/LVGL/lvgl/src/core/lv_obj_style.c **** 
 4608              		.loc 1 110 5 view .LVU1388
 110:Middlewares/LVGL/lvgl/src/core/lv_obj_style.c **** 
 4609              		.loc 1 110 5 view .LVU1389
 4610 0000 438D     		ldrh	r3, [r0, #42]
 4611 0002 03F47C73 		and	r3, r3, #1008
 4612 0006 B3F57C7F 		cmp	r3, #1008
 4613 000a 00D1     		bne	.L332
 4614              	.L333:
 110:Middlewares/LVGL/lvgl/src/core/lv_obj_style.c **** 
 4615              		.loc 1 110 5 view .LVU1390
 110:Middlewares/LVGL/lvgl/src/core/lv_obj_style.c **** 
 4616              		.loc 1 110 5 view .LVU1391
 110:Middlewares/LVGL/lvgl/src/core/lv_obj_style.c **** 
 4617              		.loc 1 110 5 view .LVU1392
 110:Middlewares/LVGL/lvgl/src/core/lv_obj_style.c **** 
 4618              		.loc 1 110 5 view .LVU1393
 110:Middlewares/LVGL/lvgl/src/core/lv_obj_style.c **** 
 4619              		.loc 1 110 5 view .LVU1394
 4620 000c FEE7     		b	.L333
 4621              	.L332:
 109:Middlewares/LVGL/lvgl/src/core/lv_obj_style.c ****     LV_ASSERT(obj->style_cnt < 63);
ARM GAS  C:\Users\w1785\AppData\Local\Temp\ccv6fGyr.s 			page 171


 4622              		.loc 1 109 1 is_stmt 0 view .LVU1395
 4623 000e 2DE9F041 		push	{r4, r5, r6, r7, r8, lr}
 4624              	.LCFI65:
 4625              		.cfi_def_cfa_offset 24
 4626              		.cfi_offset 4, -24
 4627              		.cfi_offset 5, -20
 4628              		.cfi_offset 6, -16
 4629              		.cfi_offset 7, -12
 4630              		.cfi_offset 8, -8
 4631              		.cfi_offset 14, -4
 4632 0012 0446     		mov	r4, r0
 4633 0014 0F46     		mov	r7, r1
 4634 0016 1646     		mov	r6, r2
 110:Middlewares/LVGL/lvgl/src/core/lv_obj_style.c **** 
 4635              		.loc 1 110 5 is_stmt 1 view .LVU1396
 112:Middlewares/LVGL/lvgl/src/core/lv_obj_style.c **** 
 4636              		.loc 1 112 5 view .LVU1397
 4637 0018 0023     		movs	r3, #0
 4638 001a FF22     		movs	r2, #255
 4639              	.LVL495:
 112:Middlewares/LVGL/lvgl/src/core/lv_obj_style.c **** 
 4640              		.loc 1 112 5 is_stmt 0 view .LVU1398
 4641 001c 3146     		mov	r1, r6
 4642              	.LVL496:
 112:Middlewares/LVGL/lvgl/src/core/lv_obj_style.c **** 
 4643              		.loc 1 112 5 view .LVU1399
 4644 001e FFF7FEFF 		bl	trans_delete
 4645              	.LVL497:
 114:Middlewares/LVGL/lvgl/src/core/lv_obj_style.c **** 
 4646              		.loc 1 114 5 is_stmt 1 view .LVU1400
 4647              	.LBB249:
 4648              	.LBI249:
 269:Middlewares/LVGL/lvgl/src/core/lv_obj_style.h **** {
 4649              		.loc 3 269 25 view .LVU1401
 4650              	.LBB250:
 4651              		.loc 3 271 5 view .LVU1402
 4652              		.loc 3 271 12 is_stmt 0 view .LVU1403
 4653 0022 06F47F03 		and	r3, r6, #16711680
 4654              	.LVL498:
 4655              		.loc 3 271 12 view .LVU1404
 4656              	.LBE250:
 4657              	.LBE249:
 116:Middlewares/LVGL/lvgl/src/core/lv_obj_style.c ****         lv_obj_invalidate(obj);
 4658              		.loc 1 116 5 is_stmt 1 view .LVU1405
 116:Middlewares/LVGL/lvgl/src/core/lv_obj_style.c ****         lv_obj_invalidate(obj);
 4659              		.loc 1 116 7 is_stmt 0 view .LVU1406
 4660 0026 07B1     		cbz	r7, .L334
 116:Middlewares/LVGL/lvgl/src/core/lv_obj_style.c ****         lv_obj_invalidate(obj);
 4661              		.loc 1 116 14 discriminator 1 view .LVU1407
 4662 0028 33B1     		cbz	r3, .L347
 4663              	.LVL499:
 4664              	.L334:
 121:Middlewares/LVGL/lvgl/src/core/lv_obj_style.c **** 
 4665              		.loc 1 121 5 is_stmt 1 view .LVU1408
 4666 002a 3246     		mov	r2, r6
 4667 002c 3946     		mov	r1, r7
 4668 002e 2046     		mov	r0, r4
ARM GAS  C:\Users\w1785\AppData\Local\Temp\ccv6fGyr.s 			page 172


 4669 0030 FFF7FEFF 		bl	lv_obj_remove_style
 4670              	.LVL500:
 123:Middlewares/LVGL/lvgl/src/core/lv_obj_style.c ****     /*Go after the transition and local styles*/
 4671              		.loc 1 123 5 view .LVU1409
 125:Middlewares/LVGL/lvgl/src/core/lv_obj_style.c ****         if(obj->styles[i].is_trans) continue;
 4672              		.loc 1 125 5 view .LVU1410
 125:Middlewares/LVGL/lvgl/src/core/lv_obj_style.c ****         if(obj->styles[i].is_trans) continue;
 4673              		.loc 1 125 11 is_stmt 0 view .LVU1411
 4674 0034 0025     		movs	r5, #0
 125:Middlewares/LVGL/lvgl/src/core/lv_obj_style.c ****         if(obj->styles[i].is_trans) continue;
 4675              		.loc 1 125 5 view .LVU1412
 4676 0036 0AE0     		b	.L335
 4677              	.LVL501:
 4678              	.L347:
 116:Middlewares/LVGL/lvgl/src/core/lv_obj_style.c ****         lv_obj_invalidate(obj);
 4679              		.loc 1 116 41 discriminator 2 view .LVU1413
 4680 0038 2021     		movs	r1, #32
 4681 003a 3846     		mov	r0, r7
 4682 003c FFF7FEFF 		bl	style_has_flag
 4683              	.LVL502:
 116:Middlewares/LVGL/lvgl/src/core/lv_obj_style.c ****         lv_obj_invalidate(obj);
 4684              		.loc 1 116 38 discriminator 1 view .LVU1414
 4685 0040 0028     		cmp	r0, #0
 4686 0042 F2D0     		beq	.L334
 117:Middlewares/LVGL/lvgl/src/core/lv_obj_style.c ****     }
 4687              		.loc 1 117 9 is_stmt 1 view .LVU1415
 4688 0044 2046     		mov	r0, r4
 4689 0046 FFF7FEFF 		bl	lv_obj_invalidate
 4690              	.LVL503:
 4691 004a EEE7     		b	.L334
 4692              	.LVL504:
 4693              	.L336:
 125:Middlewares/LVGL/lvgl/src/core/lv_obj_style.c ****         if(obj->styles[i].is_trans) continue;
 4694              		.loc 1 125 37 discriminator 2 view .LVU1416
 4695 004c 0135     		adds	r5, r5, #1
 4696              	.LVL505:
 4697              	.L335:
 125:Middlewares/LVGL/lvgl/src/core/lv_obj_style.c ****         if(obj->styles[i].is_trans) continue;
 4698              		.loc 1 125 18 discriminator 1 view .LVU1417
 125:Middlewares/LVGL/lvgl/src/core/lv_obj_style.c ****         if(obj->styles[i].is_trans) continue;
 4699              		.loc 1 125 23 is_stmt 0 discriminator 1 view .LVU1418
 4700 004e 638D     		ldrh	r3, [r4, #42]
 4701 0050 C3F30513 		ubfx	r3, r3, #4, #6
 125:Middlewares/LVGL/lvgl/src/core/lv_obj_style.c ****         if(obj->styles[i].is_trans) continue;
 4702              		.loc 1 125 18 discriminator 1 view .LVU1419
 4703 0054 AB42     		cmp	r3, r5
 4704 0056 09D9     		bls	.L337
 126:Middlewares/LVGL/lvgl/src/core/lv_obj_style.c ****         if(obj->styles[i].is_local) continue;
 4705              		.loc 1 126 9 is_stmt 1 view .LVU1420
 126:Middlewares/LVGL/lvgl/src/core/lv_obj_style.c ****         if(obj->styles[i].is_local) continue;
 4706              		.loc 1 126 15 is_stmt 0 view .LVU1421
 4707 0058 E268     		ldr	r2, [r4, #12]
 126:Middlewares/LVGL/lvgl/src/core/lv_obj_style.c ****         if(obj->styles[i].is_local) continue;
 4708              		.loc 1 126 23 view .LVU1422
 4709 005a 02EBC502 		add	r2, r2, r5, lsl #3
 126:Middlewares/LVGL/lvgl/src/core/lv_obj_style.c ****         if(obj->styles[i].is_local) continue;
 4710              		.loc 1 126 12 view .LVU1423
ARM GAS  C:\Users\w1785\AppData\Local\Temp\ccv6fGyr.s 			page 173


 4711 005e D279     		ldrb	r2, [r2, #7]	@ zero_extendqisi2
 126:Middlewares/LVGL/lvgl/src/core/lv_obj_style.c ****         if(obj->styles[i].is_local) continue;
 4712              		.loc 1 126 11 view .LVU1424
 4713 0060 12F0020F 		tst	r2, #2
 4714 0064 F2D1     		bne	.L336
 127:Middlewares/LVGL/lvgl/src/core/lv_obj_style.c ****         break;
 4715              		.loc 1 127 9 is_stmt 1 view .LVU1425
 127:Middlewares/LVGL/lvgl/src/core/lv_obj_style.c ****         break;
 4716              		.loc 1 127 11 is_stmt 0 view .LVU1426
 4717 0066 12F0010F 		tst	r2, #1
 4718 006a EFD1     		bne	.L336
 4719              	.L337:
 134:Middlewares/LVGL/lvgl/src/core/lv_obj_style.c ****     LV_ASSERT(obj->style_cnt != 0);
 4720              		.loc 1 134 5 is_stmt 1 view .LVU1427
 134:Middlewares/LVGL/lvgl/src/core/lv_obj_style.c ****     LV_ASSERT(obj->style_cnt != 0);
 4721              		.loc 1 134 19 is_stmt 0 view .LVU1428
 4722 006c 0133     		adds	r3, r3, #1
 4723 006e 03F03F03 		and	r3, r3, #63
 4724 0072 628D     		ldrh	r2, [r4, #42]
 4725 0074 63F30912 		bfi	r2, r3, #4, #6
 4726 0078 6285     		strh	r2, [r4, #42]	@ movhi
 135:Middlewares/LVGL/lvgl/src/core/lv_obj_style.c ****     obj->styles = lv_realloc(obj->styles, obj->style_cnt * sizeof(lv_obj_style_t));
 4727              		.loc 1 135 5 is_stmt 1 view .LVU1429
 135:Middlewares/LVGL/lvgl/src/core/lv_obj_style.c ****     obj->styles = lv_realloc(obj->styles, obj->style_cnt * sizeof(lv_obj_style_t));
 4728              		.loc 1 135 5 view .LVU1430
 4729 007a 02F47C72 		and	r2, r2, #1008
 4730 007e 02B9     		cbnz	r2, .L339
 4731              	.L340:
 135:Middlewares/LVGL/lvgl/src/core/lv_obj_style.c ****     obj->styles = lv_realloc(obj->styles, obj->style_cnt * sizeof(lv_obj_style_t));
 4732              		.loc 1 135 5 view .LVU1431
 135:Middlewares/LVGL/lvgl/src/core/lv_obj_style.c ****     obj->styles = lv_realloc(obj->styles, obj->style_cnt * sizeof(lv_obj_style_t));
 4733              		.loc 1 135 5 view .LVU1432
 135:Middlewares/LVGL/lvgl/src/core/lv_obj_style.c ****     obj->styles = lv_realloc(obj->styles, obj->style_cnt * sizeof(lv_obj_style_t));
 4734              		.loc 1 135 5 view .LVU1433
 135:Middlewares/LVGL/lvgl/src/core/lv_obj_style.c ****     obj->styles = lv_realloc(obj->styles, obj->style_cnt * sizeof(lv_obj_style_t));
 4735              		.loc 1 135 5 view .LVU1434
 135:Middlewares/LVGL/lvgl/src/core/lv_obj_style.c ****     obj->styles = lv_realloc(obj->styles, obj->style_cnt * sizeof(lv_obj_style_t));
 4736              		.loc 1 135 5 view .LVU1435
 4737 0080 FEE7     		b	.L340
 4738              	.L339:
 135:Middlewares/LVGL/lvgl/src/core/lv_obj_style.c ****     obj->styles = lv_realloc(obj->styles, obj->style_cnt * sizeof(lv_obj_style_t));
 4739              		.loc 1 135 5 view .LVU1436
 136:Middlewares/LVGL/lvgl/src/core/lv_obj_style.c ****     LV_ASSERT_MALLOC(obj->styles);
 4740              		.loc 1 136 5 view .LVU1437
 136:Middlewares/LVGL/lvgl/src/core/lv_obj_style.c ****     LV_ASSERT_MALLOC(obj->styles);
 4741              		.loc 1 136 19 is_stmt 0 view .LVU1438
 4742 0082 D900     		lsls	r1, r3, #3
 4743 0084 E068     		ldr	r0, [r4, #12]
 4744 0086 FFF7FEFF 		bl	lv_realloc
 4745              	.LVL506:
 136:Middlewares/LVGL/lvgl/src/core/lv_obj_style.c ****     LV_ASSERT_MALLOC(obj->styles);
 4746              		.loc 1 136 17 discriminator 1 view .LVU1439
 4747 008a E060     		str	r0, [r4, #12]
 137:Middlewares/LVGL/lvgl/src/core/lv_obj_style.c **** 
 4748              		.loc 1 137 5 is_stmt 1 view .LVU1440
 137:Middlewares/LVGL/lvgl/src/core/lv_obj_style.c **** 
 4749              		.loc 1 137 5 view .LVU1441
ARM GAS  C:\Users\w1785\AppData\Local\Temp\ccv6fGyr.s 			page 174


 4750 008c 30B1     		cbz	r0, .L342
 137:Middlewares/LVGL/lvgl/src/core/lv_obj_style.c **** 
 4751              		.loc 1 137 5 view .LVU1442
 137:Middlewares/LVGL/lvgl/src/core/lv_obj_style.c **** 
 4752              		.loc 1 137 34 view .LVU1443
 139:Middlewares/LVGL/lvgl/src/core/lv_obj_style.c ****     for(j = obj->style_cnt - 1; j > i ; j--) {
 4753              		.loc 1 139 5 view .LVU1444
 140:Middlewares/LVGL/lvgl/src/core/lv_obj_style.c ****         obj->styles[j] = obj->styles[j - 1];
 4754              		.loc 1 140 5 view .LVU1445
 140:Middlewares/LVGL/lvgl/src/core/lv_obj_style.c ****         obj->styles[j] = obj->styles[j - 1];
 4755              		.loc 1 140 16 is_stmt 0 view .LVU1446
 4756 008e B4F82AC0 		ldrh	ip, [r4, #42]
 4757 0092 CCF3051C 		ubfx	ip, ip, #4, #6
 140:Middlewares/LVGL/lvgl/src/core/lv_obj_style.c ****         obj->styles[j] = obj->styles[j - 1];
 4758              		.loc 1 140 28 view .LVU1447
 4759 0096 0CF1FF3C 		add	ip, ip, #-1
 4760              	.LVL507:
 140:Middlewares/LVGL/lvgl/src/core/lv_obj_style.c ****         obj->styles[j] = obj->styles[j - 1];
 4761              		.loc 1 140 5 view .LVU1448
 4762 009a 0EE0     		b	.L343
 4763              	.LVL508:
 4764              	.L342:
 137:Middlewares/LVGL/lvgl/src/core/lv_obj_style.c **** 
 4765              		.loc 1 137 5 is_stmt 1 view .LVU1449
 137:Middlewares/LVGL/lvgl/src/core/lv_obj_style.c **** 
 4766              		.loc 1 137 5 view .LVU1450
 137:Middlewares/LVGL/lvgl/src/core/lv_obj_style.c **** 
 4767              		.loc 1 137 5 view .LVU1451
 137:Middlewares/LVGL/lvgl/src/core/lv_obj_style.c **** 
 4768              		.loc 1 137 5 view .LVU1452
 137:Middlewares/LVGL/lvgl/src/core/lv_obj_style.c **** 
 4769              		.loc 1 137 5 view .LVU1453
 4770 009c FEE7     		b	.L342
 4771              	.LVL509:
 4772              	.L344:
 141:Middlewares/LVGL/lvgl/src/core/lv_obj_style.c ****     }
 4773              		.loc 1 141 9 view .LVU1454
 141:Middlewares/LVGL/lvgl/src/core/lv_obj_style.c ****     }
 4774              		.loc 1 141 29 is_stmt 0 view .LVU1455
 4775 009e E268     		ldr	r2, [r4, #12]
 141:Middlewares/LVGL/lvgl/src/core/lv_obj_style.c ****     }
 4776              		.loc 1 141 37 view .LVU1456
 4777 00a0 0CF10053 		add	r3, ip, #536870912
 4778 00a4 013B     		subs	r3, r3, #1
 4779 00a6 02EBC303 		add	r3, r2, r3, lsl #3
 141:Middlewares/LVGL/lvgl/src/core/lv_obj_style.c ****     }
 4780              		.loc 1 141 20 view .LVU1457
 4781 00aa 02EBCC02 		add	r2, r2, ip, lsl #3
 141:Middlewares/LVGL/lvgl/src/core/lv_obj_style.c ****     }
 4782              		.loc 1 141 24 view .LVU1458
 4783 00ae 93E80300 		ldm	r3, {r0, r1}
 4784 00b2 82E80300 		stm	r2, {r0, r1}
 140:Middlewares/LVGL/lvgl/src/core/lv_obj_style.c ****         obj->styles[j] = obj->styles[j - 1];
 4785              		.loc 1 140 42 is_stmt 1 discriminator 3 view .LVU1459
 4786 00b6 0CF1FF3C 		add	ip, ip, #-1
 4787              	.LVL510:
 4788              	.L343:
ARM GAS  C:\Users\w1785\AppData\Local\Temp\ccv6fGyr.s 			page 175


 140:Middlewares/LVGL/lvgl/src/core/lv_obj_style.c ****         obj->styles[j] = obj->styles[j - 1];
 4789              		.loc 1 140 35 discriminator 1 view .LVU1460
 4790 00ba 6545     		cmp	r5, ip
 4791 00bc EFD3     		bcc	.L344
 144:Middlewares/LVGL/lvgl/src/core/lv_obj_style.c ****     obj->styles[i].style = style;
 4792              		.loc 1 144 5 view .LVU1461
 144:Middlewares/LVGL/lvgl/src/core/lv_obj_style.c ****     obj->styles[i].style = style;
 4793              		.loc 1 144 20 is_stmt 0 view .LVU1462
 4794 00be E068     		ldr	r0, [r4, #12]
 144:Middlewares/LVGL/lvgl/src/core/lv_obj_style.c ****     obj->styles[i].style = style;
 4795              		.loc 1 144 28 view .LVU1463
 4796 00c0 4FEAC508 		lsl	r8, r5, #3
 4797              	.LVL511:
 4798              	.LBB251:
 4799              	.LBI251:
  73:Middlewares/LVGL/lvgl/src/core/../misc/../font/../draw/../misc/../stdlib/lv_string.h **** {
 4800              		.loc 4 73 20 is_stmt 1 view .LVU1464
 4801              	.LBB252:
 4802              		.loc 4 75 5 view .LVU1465
 4803 00c4 0822     		movs	r2, #8
 4804 00c6 0021     		movs	r1, #0
 4805 00c8 00EBC500 		add	r0, r0, r5, lsl #3
 4806              	.LVL512:
 4807              		.loc 4 75 5 is_stmt 0 view .LVU1466
 4808 00cc FFF7FEFF 		bl	lv_memset
 4809              	.LVL513:
 4810              		.loc 4 75 5 view .LVU1467
 4811              	.LBE252:
 4812              	.LBE251:
 145:Middlewares/LVGL/lvgl/src/core/lv_obj_style.c ****     obj->styles[i].selector = selector;
 4813              		.loc 1 145 5 is_stmt 1 view .LVU1468
 145:Middlewares/LVGL/lvgl/src/core/lv_obj_style.c ****     obj->styles[i].selector = selector;
 4814              		.loc 1 145 8 is_stmt 0 view .LVU1469
 4815 00d0 E368     		ldr	r3, [r4, #12]
 145:Middlewares/LVGL/lvgl/src/core/lv_obj_style.c ****     obj->styles[i].selector = selector;
 4816              		.loc 1 145 26 view .LVU1470
 4817 00d2 43F83570 		str	r7, [r3, r5, lsl #3]
 146:Middlewares/LVGL/lvgl/src/core/lv_obj_style.c **** 
 4818              		.loc 1 146 5 is_stmt 1 view .LVU1471
 146:Middlewares/LVGL/lvgl/src/core/lv_obj_style.c **** 
 4819              		.loc 1 146 8 is_stmt 0 view .LVU1472
 4820 00d6 E368     		ldr	r3, [r4, #12]
 146:Middlewares/LVGL/lvgl/src/core/lv_obj_style.c **** 
 4821              		.loc 1 146 16 view .LVU1473
 4822 00d8 4344     		add	r3, r3, r8
 146:Middlewares/LVGL/lvgl/src/core/lv_obj_style.c **** 
 4823              		.loc 1 146 29 view .LVU1474
 4824 00da 5A68     		ldr	r2, [r3, #4]
 4825 00dc 66F31702 		bfi	r2, r6, #0, #24
 4826              	.LVL514:
 146:Middlewares/LVGL/lvgl/src/core/lv_obj_style.c **** 
 4827              		.loc 1 146 29 view .LVU1475
 4828 00e0 5A60     		str	r2, [r3, #4]
 164:Middlewares/LVGL/lvgl/src/core/lv_obj_style.c **** }
 4829              		.loc 1 164 5 is_stmt 1 view .LVU1476
 4830 00e2 FF22     		movs	r2, #255
 4831 00e4 3146     		mov	r1, r6
ARM GAS  C:\Users\w1785\AppData\Local\Temp\ccv6fGyr.s 			page 176


 4832 00e6 2046     		mov	r0, r4
 4833 00e8 FFF7FEFF 		bl	lv_obj_refresh_style
 4834              	.LVL515:
 165:Middlewares/LVGL/lvgl/src/core/lv_obj_style.c **** 
 4835              		.loc 1 165 1 is_stmt 0 view .LVU1477
 4836 00ec BDE8F081 		pop	{r4, r5, r6, r7, r8, pc}
 165:Middlewares/LVGL/lvgl/src/core/lv_obj_style.c **** 
 4837              		.loc 1 165 1 view .LVU1478
 4838              		.cfi_endproc
 4839              	.LFE202:
 4841              		.section	.text.report_style_change_core,"ax",%progbits
 4842              		.align	1
 4843              		.syntax unified
 4844              		.thumb
 4845              		.thumb_func
 4847              	report_style_change_core:
 4848              	.LVL516:
 4849              	.LFB232:
 880:Middlewares/LVGL/lvgl/src/core/lv_obj_style.c ****     uint32_t i;
 4850              		.loc 1 880 1 is_stmt 1 view -0
 4851              		.cfi_startproc
 4852              		@ args = 0, pretend = 0, frame = 0
 4853              		@ frame_needed = 0, uses_anonymous_args = 0
 880:Middlewares/LVGL/lvgl/src/core/lv_obj_style.c ****     uint32_t i;
 4854              		.loc 1 880 1 is_stmt 0 view .LVU1480
 4855 0000 F8B5     		push	{r3, r4, r5, r6, r7, lr}
 4856              	.LCFI66:
 4857              		.cfi_def_cfa_offset 24
 4858              		.cfi_offset 3, -24
 4859              		.cfi_offset 4, -20
 4860              		.cfi_offset 5, -16
 4861              		.cfi_offset 6, -12
 4862              		.cfi_offset 7, -8
 4863              		.cfi_offset 14, -4
 4864 0002 0546     		mov	r5, r0
 4865 0004 0C46     		mov	r4, r1
 881:Middlewares/LVGL/lvgl/src/core/lv_obj_style.c ****     for(i = 0; i < obj->style_cnt; i++) {
 4866              		.loc 1 881 5 is_stmt 1 view .LVU1481
 882:Middlewares/LVGL/lvgl/src/core/lv_obj_style.c ****         if(style == NULL || obj->styles[i].style == style) {
 4867              		.loc 1 882 5 view .LVU1482
 4868              	.LVL517:
 882:Middlewares/LVGL/lvgl/src/core/lv_obj_style.c ****         if(style == NULL || obj->styles[i].style == style) {
 4869              		.loc 1 882 11 is_stmt 0 view .LVU1483
 4870 0006 0022     		movs	r2, #0
 882:Middlewares/LVGL/lvgl/src/core/lv_obj_style.c ****         if(style == NULL || obj->styles[i].style == style) {
 4871              		.loc 1 882 5 view .LVU1484
 4872 0008 00E0     		b	.L349
 4873              	.LVL518:
 4874              	.L351:
 882:Middlewares/LVGL/lvgl/src/core/lv_obj_style.c ****         if(style == NULL || obj->styles[i].style == style) {
 4875              		.loc 1 882 37 is_stmt 1 discriminator 2 view .LVU1485
 882:Middlewares/LVGL/lvgl/src/core/lv_obj_style.c ****         if(style == NULL || obj->styles[i].style == style) {
 4876              		.loc 1 882 37 is_stmt 0 discriminator 2 view .LVU1486
 4877 000a 0132     		adds	r2, r2, #1
 4878              	.LVL519:
 4879              	.L349:
 882:Middlewares/LVGL/lvgl/src/core/lv_obj_style.c ****         if(style == NULL || obj->styles[i].style == style) {
ARM GAS  C:\Users\w1785\AppData\Local\Temp\ccv6fGyr.s 			page 177


 4880              		.loc 1 882 18 is_stmt 1 discriminator 1 view .LVU1487
 882:Middlewares/LVGL/lvgl/src/core/lv_obj_style.c ****         if(style == NULL || obj->styles[i].style == style) {
 4881              		.loc 1 882 23 is_stmt 0 discriminator 1 view .LVU1488
 4882 000c 638D     		ldrh	r3, [r4, #42]
 4883 000e C3F30513 		ubfx	r3, r3, #4, #6
 882:Middlewares/LVGL/lvgl/src/core/lv_obj_style.c ****         if(style == NULL || obj->styles[i].style == style) {
 4884              		.loc 1 882 18 discriminator 1 view .LVU1489
 4885 0012 9342     		cmp	r3, r2
 4886 0014 0BD9     		bls	.L352
 883:Middlewares/LVGL/lvgl/src/core/lv_obj_style.c ****             full_cache_refresh(obj, lv_obj_style_get_selector_part(obj->styles[i].selector));
 4887              		.loc 1 883 9 is_stmt 1 view .LVU1490
 883:Middlewares/LVGL/lvgl/src/core/lv_obj_style.c ****             full_cache_refresh(obj, lv_obj_style_get_selector_part(obj->styles[i].selector));
 4888              		.loc 1 883 11 is_stmt 0 view .LVU1491
 4889 0016 25B1     		cbz	r5, .L350
 883:Middlewares/LVGL/lvgl/src/core/lv_obj_style.c ****             full_cache_refresh(obj, lv_obj_style_get_selector_part(obj->styles[i].selector));
 4890              		.loc 1 883 32 discriminator 1 view .LVU1492
 4891 0018 E368     		ldr	r3, [r4, #12]
 883:Middlewares/LVGL/lvgl/src/core/lv_obj_style.c ****             full_cache_refresh(obj, lv_obj_style_get_selector_part(obj->styles[i].selector));
 4892              		.loc 1 883 43 discriminator 1 view .LVU1493
 4893 001a 53F83230 		ldr	r3, [r3, r2, lsl #3]
 883:Middlewares/LVGL/lvgl/src/core/lv_obj_style.c ****             full_cache_refresh(obj, lv_obj_style_get_selector_part(obj->styles[i].selector));
 4894              		.loc 1 883 26 discriminator 1 view .LVU1494
 4895 001e AB42     		cmp	r3, r5
 4896 0020 F3D1     		bne	.L351
 4897              	.L350:
 884:Middlewares/LVGL/lvgl/src/core/lv_obj_style.c ****             lv_obj_refresh_style(obj, LV_PART_ANY, LV_STYLE_PROP_ANY);
 4898              		.loc 1 884 13 is_stmt 1 view .LVU1495
 885:Middlewares/LVGL/lvgl/src/core/lv_obj_style.c ****             break;
 4899              		.loc 1 885 13 view .LVU1496
 4900 0022 FF22     		movs	r2, #255
 4901 0024 4FF47021 		mov	r1, #983040
 4902              	.LVL520:
 885:Middlewares/LVGL/lvgl/src/core/lv_obj_style.c ****             break;
 4903              		.loc 1 885 13 is_stmt 0 view .LVU1497
 4904 0028 2046     		mov	r0, r4
 4905              	.LVL521:
 885:Middlewares/LVGL/lvgl/src/core/lv_obj_style.c ****             break;
 4906              		.loc 1 885 13 view .LVU1498
 4907 002a FFF7FEFF 		bl	lv_obj_refresh_style
 4908              	.LVL522:
 886:Middlewares/LVGL/lvgl/src/core/lv_obj_style.c ****         }
 4909              		.loc 1 886 13 is_stmt 1 view .LVU1499
 4910              	.L352:
 890:Middlewares/LVGL/lvgl/src/core/lv_obj_style.c ****     for(i = 0; i < child_cnt; i++) {
 4911              		.loc 1 890 5 view .LVU1500
 890:Middlewares/LVGL/lvgl/src/core/lv_obj_style.c ****     for(i = 0; i < child_cnt; i++) {
 4912              		.loc 1 890 26 is_stmt 0 view .LVU1501
 4913 002e 2046     		mov	r0, r4
 4914 0030 FFF7FEFF 		bl	lv_obj_get_child_count
 4915              	.LVL523:
 4916 0034 0746     		mov	r7, r0
 4917              	.LVL524:
 891:Middlewares/LVGL/lvgl/src/core/lv_obj_style.c ****         report_style_change_core(style, obj->spec_attr->children[i]);
 4918              		.loc 1 891 5 is_stmt 1 view .LVU1502
 891:Middlewares/LVGL/lvgl/src/core/lv_obj_style.c ****         report_style_change_core(style, obj->spec_attr->children[i]);
 4919              		.loc 1 891 11 is_stmt 0 view .LVU1503
 4920 0036 0026     		movs	r6, #0
ARM GAS  C:\Users\w1785\AppData\Local\Temp\ccv6fGyr.s 			page 178


 4921              	.LVL525:
 4922              	.L354:
 891:Middlewares/LVGL/lvgl/src/core/lv_obj_style.c ****         report_style_change_core(style, obj->spec_attr->children[i]);
 4923              		.loc 1 891 18 is_stmt 1 discriminator 1 view .LVU1504
 4924 0038 BE42     		cmp	r6, r7
 4925 003a 08D2     		bcs	.L357
 892:Middlewares/LVGL/lvgl/src/core/lv_obj_style.c ****     }
 4926              		.loc 1 892 9 view .LVU1505
 892:Middlewares/LVGL/lvgl/src/core/lv_obj_style.c ****     }
 4927              		.loc 1 892 44 is_stmt 0 view .LVU1506
 4928 003c A368     		ldr	r3, [r4, #8]
 892:Middlewares/LVGL/lvgl/src/core/lv_obj_style.c ****     }
 4929              		.loc 1 892 55 view .LVU1507
 4930 003e 1B68     		ldr	r3, [r3]
 892:Middlewares/LVGL/lvgl/src/core/lv_obj_style.c ****     }
 4931              		.loc 1 892 9 view .LVU1508
 4932 0040 53F82610 		ldr	r1, [r3, r6, lsl #2]
 4933 0044 2846     		mov	r0, r5
 4934 0046 FFF7DBFF 		bl	report_style_change_core
 4935              	.LVL526:
 891:Middlewares/LVGL/lvgl/src/core/lv_obj_style.c ****         report_style_change_core(style, obj->spec_attr->children[i]);
 4936              		.loc 1 891 32 is_stmt 1 discriminator 3 view .LVU1509
 4937 004a 0136     		adds	r6, r6, #1
 4938              	.LVL527:
 891:Middlewares/LVGL/lvgl/src/core/lv_obj_style.c ****         report_style_change_core(style, obj->spec_attr->children[i]);
 4939              		.loc 1 891 32 is_stmt 0 discriminator 3 view .LVU1510
 4940 004c F4E7     		b	.L354
 4941              	.LVL528:
 4942              	.L357:
 894:Middlewares/LVGL/lvgl/src/core/lv_obj_style.c **** 
 4943              		.loc 1 894 1 view .LVU1511
 4944 004e F8BD     		pop	{r3, r4, r5, r6, r7, pc}
 894:Middlewares/LVGL/lvgl/src/core/lv_obj_style.c **** 
 4945              		.loc 1 894 1 view .LVU1512
 4946              		.cfi_endproc
 4947              	.LFE232:
 4949              		.section	.text.lv_obj_report_style_change,"ax",%progbits
 4950              		.align	1
 4951              		.global	lv_obj_report_style_change
 4952              		.syntax unified
 4953              		.thumb
 4954              		.thumb_func
 4956              	lv_obj_report_style_change:
 4957              	.LVL529:
 4958              	.LFB207:
 229:Middlewares/LVGL/lvgl/src/core/lv_obj_style.c ****     if(!style_refr) return;
 4959              		.loc 1 229 1 is_stmt 1 view -0
 4960              		.cfi_startproc
 4961              		@ args = 0, pretend = 0, frame = 0
 4962              		@ frame_needed = 0, uses_anonymous_args = 0
 230:Middlewares/LVGL/lvgl/src/core/lv_obj_style.c ****     lv_display_t * d = lv_display_get_next(NULL);
 4963              		.loc 1 230 5 view .LVU1514
 230:Middlewares/LVGL/lvgl/src/core/lv_obj_style.c ****     lv_display_t * d = lv_display_get_next(NULL);
 4964              		.loc 1 230 9 is_stmt 0 view .LVU1515
 4965 0000 0F4B     		ldr	r3, .L370
 4966 0002 93F82830 		ldrb	r3, [r3, #40]	@ zero_extendqisi2
 230:Middlewares/LVGL/lvgl/src/core/lv_obj_style.c ****     lv_display_t * d = lv_display_get_next(NULL);
ARM GAS  C:\Users\w1785\AppData\Local\Temp\ccv6fGyr.s 			page 179


 4967              		.loc 1 230 7 view .LVU1516
 4968 0006 03B9     		cbnz	r3, .L368
 4969 0008 7047     		bx	lr
 4970              	.L368:
 229:Middlewares/LVGL/lvgl/src/core/lv_obj_style.c ****     if(!style_refr) return;
 4971              		.loc 1 229 1 view .LVU1517
 4972 000a 70B5     		push	{r4, r5, r6, lr}
 4973              	.LCFI67:
 4974              		.cfi_def_cfa_offset 16
 4975              		.cfi_offset 4, -16
 4976              		.cfi_offset 5, -12
 4977              		.cfi_offset 6, -8
 4978              		.cfi_offset 14, -4
 4979 000c 0646     		mov	r6, r0
 231:Middlewares/LVGL/lvgl/src/core/lv_obj_style.c **** 
 4980              		.loc 1 231 5 is_stmt 1 view .LVU1518
 231:Middlewares/LVGL/lvgl/src/core/lv_obj_style.c **** 
 4981              		.loc 1 231 24 is_stmt 0 view .LVU1519
 4982 000e 0020     		movs	r0, #0
 4983              	.LVL530:
 231:Middlewares/LVGL/lvgl/src/core/lv_obj_style.c **** 
 4984              		.loc 1 231 24 view .LVU1520
 4985 0010 FFF7FEFF 		bl	lv_display_get_next
 4986              	.LVL531:
 4987 0014 0546     		mov	r5, r0
 4988              	.LVL532:
 233:Middlewares/LVGL/lvgl/src/core/lv_obj_style.c ****         uint32_t i;
 4989              		.loc 1 233 5 is_stmt 1 view .LVU1521
 233:Middlewares/LVGL/lvgl/src/core/lv_obj_style.c ****         uint32_t i;
 4990              		.loc 1 233 10 is_stmt 0 view .LVU1522
 4991 0016 0FE0     		b	.L360
 4992              	.LVL533:
 4993              	.L361:
 4994              	.LBB253:
 236:Middlewares/LVGL/lvgl/src/core/lv_obj_style.c ****         }
 4995              		.loc 1 236 13 is_stmt 1 view .LVU1523
 236:Middlewares/LVGL/lvgl/src/core/lv_obj_style.c ****         }
 4996              		.loc 1 236 46 is_stmt 0 view .LVU1524
 4997 0018 D5F8BC32 		ldr	r3, [r5, #700]
 236:Middlewares/LVGL/lvgl/src/core/lv_obj_style.c ****         }
 4998              		.loc 1 236 13 view .LVU1525
 4999 001c 53F82410 		ldr	r1, [r3, r4, lsl #2]
 5000 0020 3046     		mov	r0, r6
 5001 0022 FFF7FEFF 		bl	report_style_change_core
 5002              	.LVL534:
 235:Middlewares/LVGL/lvgl/src/core/lv_obj_style.c ****             report_style_change_core(style, d->screens[i]);
 5003              		.loc 1 235 40 is_stmt 1 discriminator 3 view .LVU1526
 5004 0026 0134     		adds	r4, r4, #1
 5005              	.LVL535:
 5006              	.L362:
 235:Middlewares/LVGL/lvgl/src/core/lv_obj_style.c ****             report_style_change_core(style, d->screens[i]);
 5007              		.loc 1 235 22 discriminator 1 view .LVU1527
 235:Middlewares/LVGL/lvgl/src/core/lv_obj_style.c ****             report_style_change_core(style, d->screens[i]);
 5008              		.loc 1 235 25 is_stmt 0 discriminator 1 view .LVU1528
 5009 0028 D5F8D832 		ldr	r3, [r5, #728]
 235:Middlewares/LVGL/lvgl/src/core/lv_obj_style.c ****             report_style_change_core(style, d->screens[i]);
 5010              		.loc 1 235 22 discriminator 1 view .LVU1529
ARM GAS  C:\Users\w1785\AppData\Local\Temp\ccv6fGyr.s 			page 180


 5011 002c A342     		cmp	r3, r4
 5012 002e F3D8     		bhi	.L361
 238:Middlewares/LVGL/lvgl/src/core/lv_obj_style.c ****     }
 5013              		.loc 1 238 9 is_stmt 1 view .LVU1530
 238:Middlewares/LVGL/lvgl/src/core/lv_obj_style.c ****     }
 5014              		.loc 1 238 13 is_stmt 0 view .LVU1531
 5015 0030 2846     		mov	r0, r5
 5016 0032 FFF7FEFF 		bl	lv_display_get_next
 5017              	.LVL536:
 5018 0036 0546     		mov	r5, r0
 5019              	.LVL537:
 5020              	.L360:
 238:Middlewares/LVGL/lvgl/src/core/lv_obj_style.c ****     }
 5021              		.loc 1 238 13 view .LVU1532
 5022              	.LBE253:
 233:Middlewares/LVGL/lvgl/src/core/lv_obj_style.c ****         uint32_t i;
 5023              		.loc 1 233 11 is_stmt 1 view .LVU1533
 5024 0038 0DB1     		cbz	r5, .L369
 5025              	.LBB254:
 235:Middlewares/LVGL/lvgl/src/core/lv_obj_style.c ****             report_style_change_core(style, d->screens[i]);
 5026              		.loc 1 235 15 is_stmt 0 view .LVU1534
 5027 003a 0024     		movs	r4, #0
 5028 003c F4E7     		b	.L362
 5029              	.L369:
 5030              	.LBE254:
 240:Middlewares/LVGL/lvgl/src/core/lv_obj_style.c **** 
 5031              		.loc 1 240 1 view .LVU1535
 5032 003e 70BD     		pop	{r4, r5, r6, pc}
 5033              	.LVL538:
 5034              	.L371:
 240:Middlewares/LVGL/lvgl/src/core/lv_obj_style.c **** 
 5035              		.loc 1 240 1 view .LVU1536
 5036              		.align	2
 5037              	.L370:
 5038 0040 00000000 		.word	lv_global
 5039              		.cfi_endproc
 5040              	.LFE207:
 5042              		.section	.text.lv_obj_style_set_disabled,"ax",%progbits
 5043              		.align	1
 5044              		.global	lv_obj_style_set_disabled
 5045              		.syntax unified
 5046              		.thumb
 5047              		.thumb_func
 5049              	lv_obj_style_set_disabled:
 5050              	.LVL539:
 5051              	.LFB209:
 291:Middlewares/LVGL/lvgl/src/core/lv_obj_style.c ****     uint32_t i;
 5052              		.loc 1 291 1 is_stmt 1 view -0
 5053              		.cfi_startproc
 5054              		@ args = 0, pretend = 0, frame = 0
 5055              		@ frame_needed = 0, uses_anonymous_args = 0
 291:Middlewares/LVGL/lvgl/src/core/lv_obj_style.c ****     uint32_t i;
 5056              		.loc 1 291 1 is_stmt 0 view .LVU1538
 5057 0000 38B5     		push	{r3, r4, r5, lr}
 5058              	.LCFI68:
 5059              		.cfi_def_cfa_offset 16
 5060              		.cfi_offset 3, -16
ARM GAS  C:\Users\w1785\AppData\Local\Temp\ccv6fGyr.s 			page 181


 5061              		.cfi_offset 4, -12
 5062              		.cfi_offset 5, -8
 5063              		.cfi_offset 14, -4
 5064 0002 1546     		mov	r5, r2
 292:Middlewares/LVGL/lvgl/src/core/lv_obj_style.c ****     for(i = 0; i < obj->style_cnt; i++) {
 5065              		.loc 1 292 5 is_stmt 1 view .LVU1539
 293:Middlewares/LVGL/lvgl/src/core/lv_obj_style.c ****         if(obj->styles[i].style == style && obj->styles[i].selector == selector) {
 5066              		.loc 1 293 5 view .LVU1540
 5067              	.LVL540:
 293:Middlewares/LVGL/lvgl/src/core/lv_obj_style.c ****         if(obj->styles[i].style == style && obj->styles[i].selector == selector) {
 5068              		.loc 1 293 11 is_stmt 0 view .LVU1541
 5069 0004 4FF0000C 		mov	ip, #0
 293:Middlewares/LVGL/lvgl/src/core/lv_obj_style.c ****         if(obj->styles[i].style == style && obj->styles[i].selector == selector) {
 5070              		.loc 1 293 5 view .LVU1542
 5071 0008 0CE0     		b	.L373
 5072              	.LVL541:
 5073              	.L378:
 298:Middlewares/LVGL/lvgl/src/core/lv_obj_style.c ****             full_cache_refresh(obj, lv_obj_style_get_selector_part(selector));
 5074              		.loc 1 298 13 is_stmt 1 view .LVU1543
 298:Middlewares/LVGL/lvgl/src/core/lv_obj_style.c ****             full_cache_refresh(obj, lv_obj_style_get_selector_part(selector));
 5075              		.loc 1 298 40 is_stmt 0 view .LVU1544
 5076 000a 9EF80720 		ldrb	r2, [lr, #7]	@ zero_extendqisi2
 5077 000e 63F38202 		bfi	r2, r3, #2, #1
 5078              	.LVL542:
 298:Middlewares/LVGL/lvgl/src/core/lv_obj_style.c ****             full_cache_refresh(obj, lv_obj_style_get_selector_part(selector));
 5079              		.loc 1 298 40 view .LVU1545
 5080 0012 8EF80720 		strb	r2, [lr, #7]
 299:Middlewares/LVGL/lvgl/src/core/lv_obj_style.c ****             lv_obj_refresh_style(obj, selector, LV_STYLE_PROP_ANY);
 5081              		.loc 1 299 13 is_stmt 1 view .LVU1546
 300:Middlewares/LVGL/lvgl/src/core/lv_obj_style.c ****             return;
 5082              		.loc 1 300 13 view .LVU1547
 5083 0016 FF22     		movs	r2, #255
 5084 0018 2946     		mov	r1, r5
 5085              	.LVL543:
 300:Middlewares/LVGL/lvgl/src/core/lv_obj_style.c ****             return;
 5086              		.loc 1 300 13 is_stmt 0 view .LVU1548
 5087 001a FFF7FEFF 		bl	lv_obj_refresh_style
 5088              	.LVL544:
 301:Middlewares/LVGL/lvgl/src/core/lv_obj_style.c ****         }
 5089              		.loc 1 301 13 is_stmt 1 view .LVU1549
 5090 001e 1AE0     		b	.L372
 5091              	.LVL545:
 5092              	.L374:
 293:Middlewares/LVGL/lvgl/src/core/lv_obj_style.c ****         if(obj->styles[i].style == style && obj->styles[i].selector == selector) {
 5093              		.loc 1 293 37 discriminator 2 view .LVU1550
 5094 0020 0CF1010C 		add	ip, ip, #1
 5095              	.LVL546:
 5096              	.L373:
 293:Middlewares/LVGL/lvgl/src/core/lv_obj_style.c ****         if(obj->styles[i].style == style && obj->styles[i].selector == selector) {
 5097              		.loc 1 293 18 discriminator 1 view .LVU1551
 293:Middlewares/LVGL/lvgl/src/core/lv_obj_style.c ****         if(obj->styles[i].style == style && obj->styles[i].selector == selector) {
 5098              		.loc 1 293 23 is_stmt 0 discriminator 1 view .LVU1552
 5099 0024 B0F82AE0 		ldrh	lr, [r0, #42]
 5100 0028 CEF3051E 		ubfx	lr, lr, #4, #6
 293:Middlewares/LVGL/lvgl/src/core/lv_obj_style.c ****         if(obj->styles[i].style == style && obj->styles[i].selector == selector) {
 5101              		.loc 1 293 18 discriminator 1 view .LVU1553
 5102 002c E645     		cmp	lr, ip
ARM GAS  C:\Users\w1785\AppData\Local\Temp\ccv6fGyr.s 			page 182


 5103 002e 12D9     		bls	.L372
 294:Middlewares/LVGL/lvgl/src/core/lv_obj_style.c ****             if(dis == obj->styles[i].is_disabled) {
 5104              		.loc 1 294 9 is_stmt 1 view .LVU1554
 294:Middlewares/LVGL/lvgl/src/core/lv_obj_style.c ****             if(dis == obj->styles[i].is_disabled) {
 5105              		.loc 1 294 15 is_stmt 0 view .LVU1555
 5106 0030 C468     		ldr	r4, [r0, #12]
 294:Middlewares/LVGL/lvgl/src/core/lv_obj_style.c ****             if(dis == obj->styles[i].is_disabled) {
 5107              		.loc 1 294 23 view .LVU1556
 5108 0032 04EBCC0E 		add	lr, r4, ip, lsl #3
 294:Middlewares/LVGL/lvgl/src/core/lv_obj_style.c ****             if(dis == obj->styles[i].is_disabled) {
 5109              		.loc 1 294 26 view .LVU1557
 5110 0036 54F83C40 		ldr	r4, [r4, ip, lsl #3]
 294:Middlewares/LVGL/lvgl/src/core/lv_obj_style.c ****             if(dis == obj->styles[i].is_disabled) {
 5111              		.loc 1 294 11 view .LVU1558
 5112 003a 8C42     		cmp	r4, r1
 5113 003c F0D1     		bne	.L374
 294:Middlewares/LVGL/lvgl/src/core/lv_obj_style.c ****             if(dis == obj->styles[i].is_disabled) {
 5114              		.loc 1 294 59 discriminator 1 view .LVU1559
 5115 003e DEF80440 		ldr	r4, [lr, #4]
 5116 0042 C4F31704 		ubfx	r4, r4, #0, #24
 294:Middlewares/LVGL/lvgl/src/core/lv_obj_style.c ****             if(dis == obj->styles[i].is_disabled) {
 5117              		.loc 1 294 42 discriminator 1 view .LVU1560
 5118 0046 AC42     		cmp	r4, r5
 5119 0048 EAD1     		bne	.L374
 295:Middlewares/LVGL/lvgl/src/core/lv_obj_style.c ****                 return; /*Already in the right state*/
 5120              		.loc 1 295 13 is_stmt 1 view .LVU1561
 295:Middlewares/LVGL/lvgl/src/core/lv_obj_style.c ****                 return; /*Already in the right state*/
 5121              		.loc 1 295 37 is_stmt 0 view .LVU1562
 5122 004a 9EF80720 		ldrb	r2, [lr, #7]	@ zero_extendqisi2
 5123              	.LVL547:
 295:Middlewares/LVGL/lvgl/src/core/lv_obj_style.c ****                 return; /*Already in the right state*/
 5124              		.loc 1 295 37 view .LVU1563
 5125 004e C2F38002 		ubfx	r2, r2, #2, #1
 295:Middlewares/LVGL/lvgl/src/core/lv_obj_style.c ****                 return; /*Already in the right state*/
 5126              		.loc 1 295 15 view .LVU1564
 5127 0052 9A42     		cmp	r2, r3
 5128 0054 D9D1     		bne	.L378
 5129              	.LVL548:
 5130              	.L372:
 305:Middlewares/LVGL/lvgl/src/core/lv_obj_style.c **** 
 5131              		.loc 1 305 1 view .LVU1565
 5132 0056 38BD     		pop	{r3, r4, r5, pc}
 305:Middlewares/LVGL/lvgl/src/core/lv_obj_style.c **** 
 5133              		.loc 1 305 1 view .LVU1566
 5134              		.cfi_endproc
 5135              	.LFE209:
 5137              		.section	.text.bind_style_observer_cb,"ax",%progbits
 5138              		.align	1
 5139              		.syntax unified
 5140              		.thumb
 5141              		.thumb_func
 5143              	bind_style_observer_cb:
 5144              	.LVL549:
 5145              	.LFB245:
1314:Middlewares/LVGL/lvgl/src/core/lv_obj_style.c **** 
1315:Middlewares/LVGL/lvgl/src/core/lv_obj_style.c **** 
1316:Middlewares/LVGL/lvgl/src/core/lv_obj_style.c **** 
ARM GAS  C:\Users\w1785\AppData\Local\Temp\ccv6fGyr.s 			page 183


1317:Middlewares/LVGL/lvgl/src/core/lv_obj_style.c **** #if LV_USE_OBSERVER
1318:Middlewares/LVGL/lvgl/src/core/lv_obj_style.c **** 
1319:Middlewares/LVGL/lvgl/src/core/lv_obj_style.c **** static void bind_style_observer_cb(lv_observer_t * observer, lv_subject_t * subject)
1320:Middlewares/LVGL/lvgl/src/core/lv_obj_style.c **** {
 5146              		.loc 1 1320 1 is_stmt 1 view -0
 5147              		.cfi_startproc
 5148              		@ args = 0, pretend = 0, frame = 0
 5149              		@ frame_needed = 0, uses_anonymous_args = 0
 5150              		.loc 1 1320 1 is_stmt 0 view .LVU1568
 5151 0000 38B5     		push	{r3, r4, r5, lr}
 5152              	.LCFI69:
 5153              		.cfi_def_cfa_offset 16
 5154              		.cfi_offset 3, -16
 5155              		.cfi_offset 4, -12
 5156              		.cfi_offset 5, -8
 5157              		.cfi_offset 14, -4
 5158 0002 0446     		mov	r4, r0
1321:Middlewares/LVGL/lvgl/src/core/lv_obj_style.c ****     bind_style_t * p = observer->user_data;
 5159              		.loc 1 1321 5 is_stmt 1 view .LVU1569
 5160              		.loc 1 1321 20 is_stmt 0 view .LVU1570
 5161 0004 C568     		ldr	r5, [r0, #12]
 5162              	.LVL550:
1322:Middlewares/LVGL/lvgl/src/core/lv_obj_style.c **** 
1323:Middlewares/LVGL/lvgl/src/core/lv_obj_style.c ****     int32_t v = lv_subject_get_int(subject);
 5163              		.loc 1 1323 5 is_stmt 1 view .LVU1571
 5164              		.loc 1 1323 17 is_stmt 0 view .LVU1572
 5165 0006 0846     		mov	r0, r1
 5166              	.LVL551:
 5167              		.loc 1 1323 17 view .LVU1573
 5168 0008 FFF7FEFF 		bl	lv_subject_get_int
 5169              	.LVL552:
1324:Middlewares/LVGL/lvgl/src/core/lv_obj_style.c ****     bool dis = (v != p->value);
 5170              		.loc 1 1324 5 is_stmt 1 view .LVU1574
 5171              		.loc 1 1324 23 is_stmt 0 view .LVU1575
 5172 000c AB68     		ldr	r3, [r5, #8]
 5173              	.LVL553:
1325:Middlewares/LVGL/lvgl/src/core/lv_obj_style.c ****     lv_obj_style_set_disabled(observer->target, p->style, p->selector, dis);
 5174              		.loc 1 1325 5 is_stmt 1 view .LVU1576
 5175 000e 1B1A     		subs	r3, r3, r0
 5176              	.LVL554:
 5177              		.loc 1 1325 5 is_stmt 0 view .LVU1577
 5178 0010 18BF     		it	ne
 5179 0012 0123     		movne	r3, #1
 5180 0014 6A68     		ldr	r2, [r5, #4]
 5181 0016 2968     		ldr	r1, [r5]
 5182 0018 A068     		ldr	r0, [r4, #8]
 5183              	.LVL555:
 5184              		.loc 1 1325 5 view .LVU1578
 5185 001a FFF7FEFF 		bl	lv_obj_style_set_disabled
 5186              	.LVL556:
1326:Middlewares/LVGL/lvgl/src/core/lv_obj_style.c **** }
 5187              		.loc 1 1326 1 view .LVU1579
 5188 001e 38BD     		pop	{r3, r4, r5, pc}
 5189              		.loc 1 1326 1 view .LVU1580
 5190              		.cfi_endproc
 5191              	.LFE245:
 5193              		.section	.text.lv_obj_set_local_style_prop,"ax",%progbits
ARM GAS  C:\Users\w1785\AppData\Local\Temp\ccv6fGyr.s 			page 184


 5194              		.align	1
 5195              		.global	lv_obj_set_local_style_prop
 5196              		.syntax unified
 5197              		.thumb
 5198              		.thumb_func
 5200              	lv_obj_set_local_style_prop:
 5201              	.LVL557:
 5202              	.LFB214:
 355:Middlewares/LVGL/lvgl/src/core/lv_obj_style.c ****     LV_PROFILER_STYLE_BEGIN;
 5203              		.loc 1 355 1 is_stmt 1 view -0
 5204              		.cfi_startproc
 5205              		@ args = 0, pretend = 0, frame = 8
 5206              		@ frame_needed = 0, uses_anonymous_args = 0
 355:Middlewares/LVGL/lvgl/src/core/lv_obj_style.c ****     LV_PROFILER_STYLE_BEGIN;
 5207              		.loc 1 355 1 is_stmt 0 view .LVU1582
 5208 0000 F0B5     		push	{r4, r5, r6, r7, lr}
 5209              	.LCFI70:
 5210              		.cfi_def_cfa_offset 20
 5211              		.cfi_offset 4, -20
 5212              		.cfi_offset 5, -16
 5213              		.cfi_offset 6, -12
 5214              		.cfi_offset 7, -8
 5215              		.cfi_offset 14, -4
 5216 0002 83B0     		sub	sp, sp, #12
 5217              	.LCFI71:
 5218              		.cfi_def_cfa_offset 32
 5219 0004 0646     		mov	r6, r0
 5220 0006 0D46     		mov	r5, r1
 5221 0008 0192     		str	r2, [sp, #4]
 5222 000a 1C46     		mov	r4, r3
 356:Middlewares/LVGL/lvgl/src/core/lv_obj_style.c **** 
 5223              		.loc 1 356 28 is_stmt 1 view .LVU1583
 359:Middlewares/LVGL/lvgl/src/core/lv_obj_style.c **** 
 5224              		.loc 1 359 5 view .LVU1584
 5225              	.LVL558:
 5226              	.LBB255:
 5227              	.LBI255:
 269:Middlewares/LVGL/lvgl/src/core/lv_obj_style.h **** {
 5228              		.loc 3 269 25 view .LVU1585
 5229              	.LBB256:
 5230              		.loc 3 271 5 view .LVU1586
 5231              		.loc 3 271 5 is_stmt 0 view .LVU1587
 5232              	.LBE256:
 5233              	.LBE255:
 359:Middlewares/LVGL/lvgl/src/core/lv_obj_style.c **** 
 5234              		.loc 1 359 5 discriminator 1 view .LVU1588
 5235 000c 0023     		movs	r3, #0
 5236              	.LVL559:
 359:Middlewares/LVGL/lvgl/src/core/lv_obj_style.c **** 
 5237              		.loc 1 359 5 discriminator 1 view .LVU1589
 5238 000e 0A46     		mov	r2, r1
 5239 0010 04F47F01 		and	r1, r4, #16711680
 5240              	.LVL560:
 359:Middlewares/LVGL/lvgl/src/core/lv_obj_style.c **** 
 5241              		.loc 1 359 5 discriminator 1 view .LVU1590
 5242 0014 FFF7FEFF 		bl	trans_delete
 5243              	.LVL561:
ARM GAS  C:\Users\w1785\AppData\Local\Temp\ccv6fGyr.s 			page 185


 361:Middlewares/LVGL/lvgl/src/core/lv_obj_style.c ****     if(selector == LV_PART_MAIN && lv_style_prop_has_flag(prop, LV_STYLE_PROP_FLAG_TRANSFORM)) {
 5244              		.loc 1 361 5 is_stmt 1 view .LVU1591
 361:Middlewares/LVGL/lvgl/src/core/lv_obj_style.c ****     if(selector == LV_PART_MAIN && lv_style_prop_has_flag(prop, LV_STYLE_PROP_FLAG_TRANSFORM)) {
 5245              		.loc 1 361 26 is_stmt 0 view .LVU1592
 5246 0018 2146     		mov	r1, r4
 5247 001a 3046     		mov	r0, r6
 5248 001c FFF7FEFF 		bl	get_local_style
 5249              	.LVL562:
 5250 0020 0746     		mov	r7, r0
 5251              	.LVL563:
 362:Middlewares/LVGL/lvgl/src/core/lv_obj_style.c ****         lv_obj_invalidate(obj);
 5252              		.loc 1 362 5 is_stmt 1 view .LVU1593
 362:Middlewares/LVGL/lvgl/src/core/lv_obj_style.c ****         lv_obj_invalidate(obj);
 5253              		.loc 1 362 7 is_stmt 0 view .LVU1594
 5254 0022 5CB1     		cbz	r4, .L384
 5255              	.LVL564:
 5256              	.L382:
 366:Middlewares/LVGL/lvgl/src/core/lv_obj_style.c **** 
 5257              		.loc 1 366 5 is_stmt 1 view .LVU1595
 5258 0024 019A     		ldr	r2, [sp, #4]
 5259 0026 2946     		mov	r1, r5
 5260 0028 3846     		mov	r0, r7
 5261 002a FFF7FEFF 		bl	lv_style_set_prop
 5262              	.LVL565:
 378:Middlewares/LVGL/lvgl/src/core/lv_obj_style.c ****     LV_PROFILER_STYLE_END;
 5263              		.loc 1 378 5 view .LVU1596
 5264 002e 2A46     		mov	r2, r5
 5265 0030 2146     		mov	r1, r4
 5266 0032 3046     		mov	r0, r6
 5267 0034 FFF7FEFF 		bl	lv_obj_refresh_style
 5268              	.LVL566:
 379:Middlewares/LVGL/lvgl/src/core/lv_obj_style.c **** }
 5269              		.loc 1 379 26 view .LVU1597
 380:Middlewares/LVGL/lvgl/src/core/lv_obj_style.c **** 
 5270              		.loc 1 380 1 is_stmt 0 view .LVU1598
 5271 0038 03B0     		add	sp, sp, #12
 5272              	.LCFI72:
 5273              		.cfi_remember_state
 5274              		.cfi_def_cfa_offset 20
 5275              		@ sp needed
 5276 003a F0BD     		pop	{r4, r5, r6, r7, pc}
 5277              	.LVL567:
 5278              	.L384:
 5279              	.LCFI73:
 5280              		.cfi_restore_state
 5281              	.LBB257:
 5282              	.LBI257:
 706:Middlewares/LVGL/lvgl/src/core/../misc/lv_style.h **** {
 5283              		.loc 2 706 20 is_stmt 1 view .LVU1599
 5284              	.LBB258:
 5285              		.loc 2 708 5 view .LVU1600
 5286              		.loc 2 708 12 is_stmt 0 view .LVU1601
 5287 003c 2846     		mov	r0, r5
 5288              	.LVL568:
 5289              		.loc 2 708 12 view .LVU1602
 5290 003e FFF7FEFF 		bl	lv_style_prop_lookup_flags
 5291              	.LVL569:
ARM GAS  C:\Users\w1785\AppData\Local\Temp\ccv6fGyr.s 			page 186


 5292              		.loc 2 708 12 view .LVU1603
 5293              	.LBE258:
 5294              	.LBE257:
 362:Middlewares/LVGL/lvgl/src/core/lv_obj_style.c ****         lv_obj_invalidate(obj);
 5295              		.loc 1 362 33 discriminator 1 view .LVU1604
 5296 0042 10F0200F 		tst	r0, #32
 5297 0046 EDD0     		beq	.L382
 363:Middlewares/LVGL/lvgl/src/core/lv_obj_style.c ****     }
 5298              		.loc 1 363 9 is_stmt 1 view .LVU1605
 5299 0048 3046     		mov	r0, r6
 5300 004a FFF7FEFF 		bl	lv_obj_invalidate
 5301              	.LVL570:
 5302 004e E9E7     		b	.L382
 5303              		.cfi_endproc
 5304              	.LFE214:
 5306              		.section	.text.bind_style_prop_observer_cb,"ax",%progbits
 5307              		.align	1
 5308              		.syntax unified
 5309              		.thumb
 5310              		.thumb_func
 5312              	bind_style_prop_observer_cb:
 5313              	.LVL571:
 5314              	.LFB246:
1327:Middlewares/LVGL/lvgl/src/core/lv_obj_style.c **** 
1328:Middlewares/LVGL/lvgl/src/core/lv_obj_style.c **** static void bind_style_prop_observer_cb(lv_observer_t * observer, lv_subject_t * subject)
1329:Middlewares/LVGL/lvgl/src/core/lv_obj_style.c **** {
 5315              		.loc 1 1329 1 view -0
 5316              		.cfi_startproc
 5317              		@ args = 0, pretend = 0, frame = 8
 5318              		@ frame_needed = 0, uses_anonymous_args = 0
 5319              		.loc 1 1329 1 is_stmt 0 view .LVU1607
 5320 0000 30B5     		push	{r4, r5, lr}
 5321              	.LCFI74:
 5322              		.cfi_def_cfa_offset 12
 5323              		.cfi_offset 4, -12
 5324              		.cfi_offset 5, -8
 5325              		.cfi_offset 14, -4
 5326 0002 83B0     		sub	sp, sp, #12
 5327              	.LCFI75:
 5328              		.cfi_def_cfa_offset 24
 5329 0004 0446     		mov	r4, r0
 5330 0006 0846     		mov	r0, r1
 5331              	.LVL572:
1330:Middlewares/LVGL/lvgl/src/core/lv_obj_style.c ****     bind_style_prop_t * p = observer->user_data;
 5332              		.loc 1 1330 5 is_stmt 1 view .LVU1608
 5333              		.loc 1 1330 25 is_stmt 0 view .LVU1609
 5334 0008 E568     		ldr	r5, [r4, #12]
 5335              	.LVL573:
1331:Middlewares/LVGL/lvgl/src/core/lv_obj_style.c **** 
1332:Middlewares/LVGL/lvgl/src/core/lv_obj_style.c ****     lv_style_value_t style_v;
 5336              		.loc 1 1332 5 is_stmt 1 view .LVU1610
1333:Middlewares/LVGL/lvgl/src/core/lv_obj_style.c ****     if(subject->type == LV_SUBJECT_TYPE_INT) style_v.num = lv_subject_get_int(subject);
 5337              		.loc 1 1333 5 view .LVU1611
 5338              		.loc 1 1333 22 is_stmt 0 view .LVU1612
 5339 000a 91F82030 		ldrb	r3, [r1, #32]	@ zero_extendqisi2
 5340 000e 03F00F03 		and	r3, r3, #15
 5341              		.loc 1 1333 7 view .LVU1613
ARM GAS  C:\Users\w1785\AppData\Local\Temp\ccv6fGyr.s 			page 187


 5342 0012 022B     		cmp	r3, #2
 5343 0014 0ED0     		beq	.L392
1334:Middlewares/LVGL/lvgl/src/core/lv_obj_style.c ****     else if(subject->type == LV_SUBJECT_TYPE_COLOR) style_v.color = lv_subject_get_color(subject);
 5344              		.loc 1 1334 10 is_stmt 1 view .LVU1614
 5345              		.loc 1 1334 12 is_stmt 0 view .LVU1615
 5346 0016 052B     		cmp	r3, #5
 5347 0018 10D0     		beq	.L393
1335:Middlewares/LVGL/lvgl/src/core/lv_obj_style.c ****     else if(subject->type == LV_SUBJECT_TYPE_POINTER) style_v.ptr = lv_subject_get_pointer(subject)
 5348              		.loc 1 1335 10 is_stmt 1 view .LVU1616
 5349              		.loc 1 1335 12 is_stmt 0 view .LVU1617
 5350 001a 042B     		cmp	r3, #4
 5351 001c 08D1     		bne	.L385
 5352              		.loc 1 1335 55 is_stmt 1 discriminator 1 view .LVU1618
 5353              		.loc 1 1335 69 is_stmt 0 discriminator 1 view .LVU1619
 5354 001e FFF7FEFF 		bl	lv_subject_get_pointer
 5355              	.LVL574:
 5356              		.loc 1 1335 67 discriminator 1 view .LVU1620
 5357 0022 0190     		str	r0, [sp, #4]
 5358              	.L387:
1336:Middlewares/LVGL/lvgl/src/core/lv_obj_style.c ****     else {
1337:Middlewares/LVGL/lvgl/src/core/lv_obj_style.c ****         LV_LOG_WARN("Not supported subject type (%"LV_PRIu32")", (uint32_t) subject->type);
1338:Middlewares/LVGL/lvgl/src/core/lv_obj_style.c ****         return;
1339:Middlewares/LVGL/lvgl/src/core/lv_obj_style.c ****     }
1340:Middlewares/LVGL/lvgl/src/core/lv_obj_style.c **** 
1341:Middlewares/LVGL/lvgl/src/core/lv_obj_style.c ****     lv_obj_set_local_style_prop(observer->target, p->prop, style_v, p->selector);
 5359              		.loc 1 1341 5 is_stmt 1 view .LVU1621
 5360 0024 6B68     		ldr	r3, [r5, #4]
 5361 0026 019A     		ldr	r2, [sp, #4]
 5362 0028 2978     		ldrb	r1, [r5]	@ zero_extendqisi2
 5363 002a A068     		ldr	r0, [r4, #8]
 5364 002c FFF7FEFF 		bl	lv_obj_set_local_style_prop
 5365              	.LVL575:
 5366              	.L385:
1342:Middlewares/LVGL/lvgl/src/core/lv_obj_style.c **** }
 5367              		.loc 1 1342 1 is_stmt 0 view .LVU1622
 5368 0030 03B0     		add	sp, sp, #12
 5369              	.LCFI76:
 5370              		.cfi_remember_state
 5371              		.cfi_def_cfa_offset 12
 5372              		@ sp needed
 5373 0032 30BD     		pop	{r4, r5, pc}
 5374              	.LVL576:
 5375              	.L392:
 5376              	.LCFI77:
 5377              		.cfi_restore_state
1333:Middlewares/LVGL/lvgl/src/core/lv_obj_style.c ****     else if(subject->type == LV_SUBJECT_TYPE_COLOR) style_v.color = lv_subject_get_color(subject);
 5378              		.loc 1 1333 46 is_stmt 1 discriminator 1 view .LVU1623
1333:Middlewares/LVGL/lvgl/src/core/lv_obj_style.c ****     else if(subject->type == LV_SUBJECT_TYPE_COLOR) style_v.color = lv_subject_get_color(subject);
 5379              		.loc 1 1333 60 is_stmt 0 discriminator 1 view .LVU1624
 5380 0034 FFF7FEFF 		bl	lv_subject_get_int
 5381              	.LVL577:
1333:Middlewares/LVGL/lvgl/src/core/lv_obj_style.c ****     else if(subject->type == LV_SUBJECT_TYPE_COLOR) style_v.color = lv_subject_get_color(subject);
 5382              		.loc 1 1333 58 discriminator 1 view .LVU1625
 5383 0038 0190     		str	r0, [sp, #4]
 5384 003a F3E7     		b	.L387
 5385              	.LVL578:
 5386              	.L393:
ARM GAS  C:\Users\w1785\AppData\Local\Temp\ccv6fGyr.s 			page 188


1334:Middlewares/LVGL/lvgl/src/core/lv_obj_style.c ****     else if(subject->type == LV_SUBJECT_TYPE_POINTER) style_v.ptr = lv_subject_get_pointer(subject)
 5387              		.loc 1 1334 53 is_stmt 1 discriminator 1 view .LVU1626
1334:Middlewares/LVGL/lvgl/src/core/lv_obj_style.c ****     else if(subject->type == LV_SUBJECT_TYPE_POINTER) style_v.ptr = lv_subject_get_pointer(subject)
 5388              		.loc 1 1334 69 is_stmt 0 discriminator 1 view .LVU1627
 5389 003c FFF7FEFF 		bl	lv_subject_get_color
 5390              	.LVL579:
1334:Middlewares/LVGL/lvgl/src/core/lv_obj_style.c ****     else if(subject->type == LV_SUBJECT_TYPE_POINTER) style_v.ptr = lv_subject_get_pointer(subject)
 5391              		.loc 1 1334 69 discriminator 1 view .LVU1628
 5392 0040 8DF80400 		strb	r0, [sp, #4]
 5393 0044 C0F30723 		ubfx	r3, r0, #8, #8
 5394 0048 8DF80530 		strb	r3, [sp, #5]
 5395 004c C0F30740 		ubfx	r0, r0, #16, #8
 5396 0050 8DF80600 		strb	r0, [sp, #6]
 5397 0054 E6E7     		b	.L387
 5398              		.cfi_endproc
 5399              	.LFE246:
 5401              		.section	.text.lv_obj_remove_local_style_prop,"ax",%progbits
 5402              		.align	1
 5403              		.global	lv_obj_remove_local_style_prop
 5404              		.syntax unified
 5405              		.thumb
 5406              		.thumb_func
 5408              	lv_obj_remove_local_style_prop:
 5409              	.LVL580:
 5410              	.LFB216:
 397:Middlewares/LVGL/lvgl/src/core/lv_obj_style.c ****     LV_ASSERT_OBJ(obj, MY_CLASS);
 5411              		.loc 1 397 1 is_stmt 1 view -0
 5412              		.cfi_startproc
 5413              		@ args = 0, pretend = 0, frame = 0
 5414              		@ frame_needed = 0, uses_anonymous_args = 0
 398:Middlewares/LVGL/lvgl/src/core/lv_obj_style.c **** 
 5415              		.loc 1 398 5 view .LVU1630
 398:Middlewares/LVGL/lvgl/src/core/lv_obj_style.c **** 
 5416              		.loc 1 398 5 view .LVU1631
 5417 0000 30B1     		cbz	r0, .L396
 397:Middlewares/LVGL/lvgl/src/core/lv_obj_style.c ****     LV_ASSERT_OBJ(obj, MY_CLASS);
 5418              		.loc 1 397 1 is_stmt 0 view .LVU1632
 5419 0002 F8B5     		push	{r3, r4, r5, r6, r7, lr}
 5420              	.LCFI78:
 5421              		.cfi_def_cfa_offset 24
 5422              		.cfi_offset 3, -24
 5423              		.cfi_offset 4, -20
 5424              		.cfi_offset 5, -16
 5425              		.cfi_offset 6, -12
 5426              		.cfi_offset 7, -8
 5427              		.cfi_offset 14, -4
 5428 0004 0E46     		mov	r6, r1
 5429 0006 1546     		mov	r5, r2
 5430 0008 0446     		mov	r4, r0
 402:Middlewares/LVGL/lvgl/src/core/lv_obj_style.c ****         if(obj->styles[i].is_local &&
 5431              		.loc 1 402 11 view .LVU1633
 5432 000a 4FF0000C 		mov	ip, #0
 5433 000e 02E0     		b	.L395
 5434              	.L396:
 5435              	.LCFI79:
 5436              		.cfi_def_cfa_offset 0
 5437              		.cfi_restore 3
ARM GAS  C:\Users\w1785\AppData\Local\Temp\ccv6fGyr.s 			page 189


 5438              		.cfi_restore 4
 5439              		.cfi_restore 5
 5440              		.cfi_restore 6
 5441              		.cfi_restore 7
 5442              		.cfi_restore 14
 398:Middlewares/LVGL/lvgl/src/core/lv_obj_style.c **** 
 5443              		.loc 1 398 5 is_stmt 1 view .LVU1634
 398:Middlewares/LVGL/lvgl/src/core/lv_obj_style.c **** 
 5444              		.loc 1 398 5 view .LVU1635
 398:Middlewares/LVGL/lvgl/src/core/lv_obj_style.c **** 
 5445              		.loc 1 398 5 view .LVU1636
 398:Middlewares/LVGL/lvgl/src/core/lv_obj_style.c **** 
 5446              		.loc 1 398 5 view .LVU1637
 398:Middlewares/LVGL/lvgl/src/core/lv_obj_style.c **** 
 5447              		.loc 1 398 5 view .LVU1638
 5448 0010 FEE7     		b	.L396
 5449              	.LVL581:
 5450              	.L397:
 5451              	.LCFI80:
 5452              		.cfi_def_cfa_offset 24
 5453              		.cfi_offset 3, -24
 5454              		.cfi_offset 4, -20
 5455              		.cfi_offset 5, -16
 5456              		.cfi_offset 6, -12
 5457              		.cfi_offset 7, -8
 5458              		.cfi_offset 14, -4
 402:Middlewares/LVGL/lvgl/src/core/lv_obj_style.c ****         if(obj->styles[i].is_local &&
 5459              		.loc 1 402 37 discriminator 2 view .LVU1639
 5460 0012 0CF1010C 		add	ip, ip, #1
 5461              	.LVL582:
 5462              	.L395:
 402:Middlewares/LVGL/lvgl/src/core/lv_obj_style.c ****         if(obj->styles[i].is_local &&
 5463              		.loc 1 402 18 discriminator 1 view .LVU1640
 402:Middlewares/LVGL/lvgl/src/core/lv_obj_style.c ****         if(obj->styles[i].is_local &&
 5464              		.loc 1 402 23 is_stmt 0 discriminator 1 view .LVU1641
 5465 0016 608D     		ldrh	r0, [r4, #42]
 5466 0018 C0F30510 		ubfx	r0, r0, #4, #6
 402:Middlewares/LVGL/lvgl/src/core/lv_obj_style.c ****         if(obj->styles[i].is_local &&
 5467              		.loc 1 402 18 discriminator 1 view .LVU1642
 5468 001c 6045     		cmp	r0, ip
 5469 001e 0BD9     		bls	.L398
 403:Middlewares/LVGL/lvgl/src/core/lv_obj_style.c ****            obj->styles[i].selector == selector) {
 5470              		.loc 1 403 9 is_stmt 1 view .LVU1643
 403:Middlewares/LVGL/lvgl/src/core/lv_obj_style.c ****            obj->styles[i].selector == selector) {
 5471              		.loc 1 403 15 is_stmt 0 view .LVU1644
 5472 0020 E368     		ldr	r3, [r4, #12]
 403:Middlewares/LVGL/lvgl/src/core/lv_obj_style.c ****            obj->styles[i].selector == selector) {
 5473              		.loc 1 403 23 view .LVU1645
 5474 0022 03EBCC03 		add	r3, r3, ip, lsl #3
 403:Middlewares/LVGL/lvgl/src/core/lv_obj_style.c ****            obj->styles[i].selector == selector) {
 5475              		.loc 1 403 12 view .LVU1646
 5476 0026 DA79     		ldrb	r2, [r3, #7]	@ zero_extendqisi2
 403:Middlewares/LVGL/lvgl/src/core/lv_obj_style.c ****            obj->styles[i].selector == selector) {
 5477              		.loc 1 403 11 view .LVU1647
 5478 0028 12F0010F 		tst	r2, #1
 5479 002c F1D0     		beq	.L397
 404:Middlewares/LVGL/lvgl/src/core/lv_obj_style.c ****             break;
ARM GAS  C:\Users\w1785\AppData\Local\Temp\ccv6fGyr.s 			page 190


 5480              		.loc 1 404 26 view .LVU1648
 5481 002e 5B68     		ldr	r3, [r3, #4]
 5482 0030 C3F31703 		ubfx	r3, r3, #0, #24
 403:Middlewares/LVGL/lvgl/src/core/lv_obj_style.c ****            obj->styles[i].selector == selector) {
 5483              		.loc 1 403 36 discriminator 1 view .LVU1649
 5484 0034 AB42     		cmp	r3, r5
 5485 0036 ECD1     		bne	.L397
 5486              	.L398:
 410:Middlewares/LVGL/lvgl/src/core/lv_obj_style.c **** 
 5487              		.loc 1 410 5 is_stmt 1 view .LVU1650
 410:Middlewares/LVGL/lvgl/src/core/lv_obj_style.c **** 
 5488              		.loc 1 410 7 is_stmt 0 view .LVU1651
 5489 0038 6045     		cmp	r0, ip
 5490 003a 0FD0     		beq	.L402
 412:Middlewares/LVGL/lvgl/src/core/lv_obj_style.c ****     if(res == LV_RESULT_OK) {
 5491              		.loc 1 412 5 is_stmt 1 view .LVU1652
 412:Middlewares/LVGL/lvgl/src/core/lv_obj_style.c ****     if(res == LV_RESULT_OK) {
 5492              		.loc 1 412 61 is_stmt 0 view .LVU1653
 5493 003c E368     		ldr	r3, [r4, #12]
 412:Middlewares/LVGL/lvgl/src/core/lv_obj_style.c ****     if(res == LV_RESULT_OK) {
 5494              		.loc 1 412 23 view .LVU1654
 5495 003e 3146     		mov	r1, r6
 5496              	.LVL583:
 412:Middlewares/LVGL/lvgl/src/core/lv_obj_style.c ****     if(res == LV_RESULT_OK) {
 5497              		.loc 1 412 23 view .LVU1655
 5498 0040 53F83C00 		ldr	r0, [r3, ip, lsl #3]
 5499 0044 FFF7FEFF 		bl	lv_style_remove_prop
 5500              	.LVL584:
 413:Middlewares/LVGL/lvgl/src/core/lv_obj_style.c ****         full_cache_refresh(obj, lv_obj_style_get_selector_part(selector));
 5501              		.loc 1 413 5 is_stmt 1 view .LVU1656
 413:Middlewares/LVGL/lvgl/src/core/lv_obj_style.c ****         full_cache_refresh(obj, lv_obj_style_get_selector_part(selector));
 5502              		.loc 1 413 7 is_stmt 0 view .LVU1657
 5503 0048 0746     		mov	r7, r0
 5504 004a 08B9     		cbnz	r0, .L405
 5505              	.LVL585:
 5506              	.L400:
 419:Middlewares/LVGL/lvgl/src/core/lv_obj_style.c **** 
 5507              		.loc 1 419 1 view .LVU1658
 5508 004c 3846     		mov	r0, r7
 5509 004e F8BD     		pop	{r3, r4, r5, r6, r7, pc}
 5510              	.LVL586:
 5511              	.L405:
 414:Middlewares/LVGL/lvgl/src/core/lv_obj_style.c ****         lv_obj_refresh_style(obj, selector, prop);
 5512              		.loc 1 414 9 is_stmt 1 view .LVU1659
 415:Middlewares/LVGL/lvgl/src/core/lv_obj_style.c ****     }
 5513              		.loc 1 415 9 view .LVU1660
 5514 0050 3246     		mov	r2, r6
 5515 0052 2946     		mov	r1, r5
 5516 0054 2046     		mov	r0, r4
 5517              	.LVL587:
 415:Middlewares/LVGL/lvgl/src/core/lv_obj_style.c ****     }
 5518              		.loc 1 415 9 is_stmt 0 view .LVU1661
 5519 0056 FFF7FEFF 		bl	lv_obj_refresh_style
 5520              	.LVL588:
 5521 005a F7E7     		b	.L400
 5522              	.LVL589:
 5523              	.L402:
ARM GAS  C:\Users\w1785\AppData\Local\Temp\ccv6fGyr.s 			page 191


 410:Middlewares/LVGL/lvgl/src/core/lv_obj_style.c **** 
 5524              		.loc 1 410 36 discriminator 1 view .LVU1662
 5525 005c 0027     		movs	r7, #0
 5526 005e F5E7     		b	.L400
 5527              		.cfi_endproc
 5528              	.LFE216:
 5530              		.section	.text.fade_in_anim_completed,"ax",%progbits
 5531              		.align	1
 5532              		.syntax unified
 5533              		.thumb
 5534              		.thumb_func
 5536              	fade_in_anim_completed:
 5537              	.LVL590:
 5538              	.LFB241:
1159:Middlewares/LVGL/lvgl/src/core/lv_obj_style.c ****     lv_obj_remove_local_style_prop(a->var, LV_STYLE_OPA, 0);
 5539              		.loc 1 1159 1 is_stmt 1 view -0
 5540              		.cfi_startproc
 5541              		@ args = 0, pretend = 0, frame = 0
 5542              		@ frame_needed = 0, uses_anonymous_args = 0
1159:Middlewares/LVGL/lvgl/src/core/lv_obj_style.c ****     lv_obj_remove_local_style_prop(a->var, LV_STYLE_OPA, 0);
 5543              		.loc 1 1159 1 is_stmt 0 view .LVU1664
 5544 0000 08B5     		push	{r3, lr}
 5545              	.LCFI81:
 5546              		.cfi_def_cfa_offset 8
 5547              		.cfi_offset 3, -8
 5548              		.cfi_offset 14, -4
1160:Middlewares/LVGL/lvgl/src/core/lv_obj_style.c **** }
 5549              		.loc 1 1160 5 is_stmt 1 view .LVU1665
 5550 0002 0022     		movs	r2, #0
 5551 0004 7021     		movs	r1, #112
 5552 0006 0068     		ldr	r0, [r0]
 5553              	.LVL591:
1160:Middlewares/LVGL/lvgl/src/core/lv_obj_style.c **** }
 5554              		.loc 1 1160 5 is_stmt 0 view .LVU1666
 5555 0008 FFF7FEFF 		bl	lv_obj_remove_local_style_prop
 5556              	.LVL592:
1161:Middlewares/LVGL/lvgl/src/core/lv_obj_style.c **** 
 5557              		.loc 1 1161 1 view .LVU1667
 5558 000c 08BD     		pop	{r3, pc}
 5559              		.cfi_endproc
 5560              	.LFE241:
 5562              		.section	.text.lv_obj_style_create_transition,"ax",%progbits
 5563              		.align	1
 5564              		.global	lv_obj_style_create_transition
 5565              		.syntax unified
 5566              		.thumb
 5567              		.thumb_func
 5569              	lv_obj_style_create_transition:
 5570              	.LVL593:
 5571              	.LFB217:
 423:Middlewares/LVGL/lvgl/src/core/lv_obj_style.c ****     trans_t * tr;
 5572              		.loc 1 423 1 is_stmt 1 view -0
 5573              		.cfi_startproc
 5574              		@ args = 4, pretend = 0, frame = 104
 5575              		@ frame_needed = 0, uses_anonymous_args = 0
 423:Middlewares/LVGL/lvgl/src/core/lv_obj_style.c ****     trans_t * tr;
 5576              		.loc 1 423 1 is_stmt 0 view .LVU1669
ARM GAS  C:\Users\w1785\AppData\Local\Temp\ccv6fGyr.s 			page 192


 5577 0000 2DE9F043 		push	{r4, r5, r6, r7, r8, r9, lr}
 5578              	.LCFI82:
 5579              		.cfi_def_cfa_offset 28
 5580              		.cfi_offset 4, -28
 5581              		.cfi_offset 5, -24
 5582              		.cfi_offset 6, -20
 5583              		.cfi_offset 7, -16
 5584              		.cfi_offset 8, -12
 5585              		.cfi_offset 9, -8
 5586              		.cfi_offset 14, -4
 5587 0004 9BB0     		sub	sp, sp, #108
 5588              	.LCFI83:
 5589              		.cfi_def_cfa_offset 136
 5590 0006 0446     		mov	r4, r0
 5591 0008 0E46     		mov	r6, r1
 5592 000a 9146     		mov	r9, r2
 5593 000c 9846     		mov	r8, r3
 5594 000e 229D     		ldr	r5, [sp, #136]
 424:Middlewares/LVGL/lvgl/src/core/lv_obj_style.c **** 
 5595              		.loc 1 424 5 is_stmt 1 view .LVU1670
 427:Middlewares/LVGL/lvgl/src/core/lv_obj_style.c ****     obj->state = prev_state;
 5596              		.loc 1 427 5 view .LVU1671
 427:Middlewares/LVGL/lvgl/src/core/lv_obj_style.c ****     obj->state = prev_state;
 5597              		.loc 1 427 21 is_stmt 0 view .LVU1672
 5598 0010 90F82A30 		ldrb	r3, [r0, #42]	@ zero_extendqisi2
 5599              	.LVL594:
 427:Middlewares/LVGL/lvgl/src/core/lv_obj_style.c ****     obj->state = prev_state;
 5600              		.loc 1 427 21 view .LVU1673
 5601 0014 43F00803 		orr	r3, r3, #8
 5602 0018 80F82A30 		strb	r3, [r0, #42]
 428:Middlewares/LVGL/lvgl/src/core/lv_obj_style.c ****     lv_style_value_t v1 = lv_obj_get_style_prop(obj, part, tr_dsc->prop);
 5603              		.loc 1 428 5 is_stmt 1 view .LVU1674
 428:Middlewares/LVGL/lvgl/src/core/lv_obj_style.c ****     lv_style_value_t v1 = lv_obj_get_style_prop(obj, part, tr_dsc->prop);
 5604              		.loc 1 428 16 is_stmt 0 view .LVU1675
 5605 001c 0285     		strh	r2, [r0, #40]	@ movhi
 429:Middlewares/LVGL/lvgl/src/core/lv_obj_style.c ****     obj->state = new_state;
 5606              		.loc 1 429 5 is_stmt 1 view .LVU1676
 429:Middlewares/LVGL/lvgl/src/core/lv_obj_style.c ****     obj->state = new_state;
 5607              		.loc 1 429 27 is_stmt 0 view .LVU1677
 5608 001e 2A7A     		ldrb	r2, [r5, #8]	@ zero_extendqisi2
 5609              	.LVL595:
 429:Middlewares/LVGL/lvgl/src/core/lv_obj_style.c ****     obj->state = new_state;
 5610              		.loc 1 429 27 view .LVU1678
 5611 0020 FFF7FEFF 		bl	lv_obj_get_style_prop
 5612              	.LVL596:
 429:Middlewares/LVGL/lvgl/src/core/lv_obj_style.c ****     obj->state = new_state;
 5613              		.loc 1 429 27 view .LVU1679
 5614 0024 1990     		str	r0, [sp, #100]
 430:Middlewares/LVGL/lvgl/src/core/lv_obj_style.c ****     lv_style_value_t v2 = lv_obj_get_style_prop(obj, part, tr_dsc->prop);
 5615              		.loc 1 430 5 is_stmt 1 view .LVU1680
 430:Middlewares/LVGL/lvgl/src/core/lv_obj_style.c ****     lv_style_value_t v2 = lv_obj_get_style_prop(obj, part, tr_dsc->prop);
 5616              		.loc 1 430 16 is_stmt 0 view .LVU1681
 5617 0026 A4F82880 		strh	r8, [r4, #40]	@ movhi
 431:Middlewares/LVGL/lvgl/src/core/lv_obj_style.c ****     obj->skip_trans = 0;
 5618              		.loc 1 431 5 is_stmt 1 view .LVU1682
 431:Middlewares/LVGL/lvgl/src/core/lv_obj_style.c ****     obj->skip_trans = 0;
 5619              		.loc 1 431 27 is_stmt 0 view .LVU1683
ARM GAS  C:\Users\w1785\AppData\Local\Temp\ccv6fGyr.s 			page 193


 5620 002a 2A7A     		ldrb	r2, [r5, #8]	@ zero_extendqisi2
 5621 002c 3146     		mov	r1, r6
 5622 002e 2046     		mov	r0, r4
 5623 0030 FFF7FEFF 		bl	lv_obj_get_style_prop
 5624              	.LVL597:
 5625 0034 0746     		mov	r7, r0
 5626 0036 1890     		str	r0, [sp, #96]
 432:Middlewares/LVGL/lvgl/src/core/lv_obj_style.c **** 
 5627              		.loc 1 432 5 is_stmt 1 view .LVU1684
 432:Middlewares/LVGL/lvgl/src/core/lv_obj_style.c **** 
 5628              		.loc 1 432 21 is_stmt 0 view .LVU1685
 5629 0038 94F82A30 		ldrb	r3, [r4, #42]	@ zero_extendqisi2
 5630 003c 23F00803 		bic	r3, r3, #8
 5631 0040 84F82A30 		strb	r3, [r4, #42]
 434:Middlewares/LVGL/lvgl/src/core/lv_obj_style.c ****     obj->state = prev_state;
 5632              		.loc 1 434 5 is_stmt 1 view .LVU1686
 434:Middlewares/LVGL/lvgl/src/core/lv_obj_style.c ****     obj->state = prev_state;
 5633              		.loc 1 434 10 is_stmt 0 view .LVU1687
 5634 0044 199B     		ldr	r3, [sp, #100]
 434:Middlewares/LVGL/lvgl/src/core/lv_obj_style.c ****     obj->state = prev_state;
 5635              		.loc 1 434 7 view .LVU1688
 5636 0046 8342     		cmp	r3, r0
 5637 0048 5AD0     		beq	.L421
 5638              	.L409:
 435:Middlewares/LVGL/lvgl/src/core/lv_obj_style.c ****     v1 = lv_obj_get_style_prop(obj, part, tr_dsc->prop);
 5639              		.loc 1 435 5 is_stmt 1 view .LVU1689
 435:Middlewares/LVGL/lvgl/src/core/lv_obj_style.c ****     v1 = lv_obj_get_style_prop(obj, part, tr_dsc->prop);
 5640              		.loc 1 435 16 is_stmt 0 view .LVU1690
 5641 004a A4F82890 		strh	r9, [r4, #40]	@ movhi
 436:Middlewares/LVGL/lvgl/src/core/lv_obj_style.c ****     obj->state = new_state;
 5642              		.loc 1 436 5 is_stmt 1 view .LVU1691
 436:Middlewares/LVGL/lvgl/src/core/lv_obj_style.c ****     obj->state = new_state;
 5643              		.loc 1 436 10 is_stmt 0 view .LVU1692
 5644 004e 2A7A     		ldrb	r2, [r5, #8]	@ zero_extendqisi2
 5645 0050 3146     		mov	r1, r6
 5646 0052 2046     		mov	r0, r4
 5647 0054 FFF7FEFF 		bl	lv_obj_get_style_prop
 5648              	.LVL598:
 5649 0058 1990     		str	r0, [sp, #100]
 437:Middlewares/LVGL/lvgl/src/core/lv_obj_style.c **** 
 5650              		.loc 1 437 5 is_stmt 1 view .LVU1693
 437:Middlewares/LVGL/lvgl/src/core/lv_obj_style.c **** 
 5651              		.loc 1 437 16 is_stmt 0 view .LVU1694
 5652 005a A4F82880 		strh	r8, [r4, #40]	@ movhi
 439:Middlewares/LVGL/lvgl/src/core/lv_obj_style.c ****     lv_style_set_prop((lv_style_t *)style_trans->style, tr_dsc->prop, v1);  /*Be sure `trans_style`
 5653              		.loc 1 439 5 is_stmt 1 view .LVU1695
 439:Middlewares/LVGL/lvgl/src/core/lv_obj_style.c ****     lv_style_set_prop((lv_style_t *)style_trans->style, tr_dsc->prop, v1);  /*Be sure `trans_style`
 5654              		.loc 1 439 36 is_stmt 0 view .LVU1696
 5655 005e 3146     		mov	r1, r6
 5656 0060 2046     		mov	r0, r4
 5657 0062 FFF7FEFF 		bl	get_trans_style
 5658              	.LVL599:
 440:Middlewares/LVGL/lvgl/src/core/lv_obj_style.c ****     lv_obj_refresh_style(obj, tr_dsc->selector, tr_dsc->prop);
 5659              		.loc 1 440 5 is_stmt 1 view .LVU1697
 5660 0066 199A     		ldr	r2, [sp, #100]
 5661 0068 297A     		ldrb	r1, [r5, #8]	@ zero_extendqisi2
 5662 006a 0068     		ldr	r0, [r0]
ARM GAS  C:\Users\w1785\AppData\Local\Temp\ccv6fGyr.s 			page 194


 5663              	.LVL600:
 440:Middlewares/LVGL/lvgl/src/core/lv_obj_style.c ****     lv_obj_refresh_style(obj, tr_dsc->selector, tr_dsc->prop);
 5664              		.loc 1 440 5 is_stmt 0 view .LVU1698
 5665 006c FFF7FEFF 		bl	lv_style_set_prop
 5666              	.LVL601:
 441:Middlewares/LVGL/lvgl/src/core/lv_obj_style.c **** 
 5667              		.loc 1 441 5 is_stmt 1 view .LVU1699
 5668 0070 2A7A     		ldrb	r2, [r5, #8]	@ zero_extendqisi2
 5669 0072 6968     		ldr	r1, [r5, #4]
 5670 0074 2046     		mov	r0, r4
 5671 0076 FFF7FEFF 		bl	lv_obj_refresh_style
 5672              	.LVL602:
 443:Middlewares/LVGL/lvgl/src/core/lv_obj_style.c ****         if(v1.num == LV_RADIUS_CIRCLE || v2.num == LV_RADIUS_CIRCLE) {
 5673              		.loc 1 443 5 view .LVU1700
 443:Middlewares/LVGL/lvgl/src/core/lv_obj_style.c ****         if(v1.num == LV_RADIUS_CIRCLE || v2.num == LV_RADIUS_CIRCLE) {
 5674              		.loc 1 443 14 is_stmt 0 view .LVU1701
 5675 007a 2B7A     		ldrb	r3, [r5, #8]	@ zero_extendqisi2
 443:Middlewares/LVGL/lvgl/src/core/lv_obj_style.c ****         if(v1.num == LV_RADIUS_CIRCLE || v2.num == LV_RADIUS_CIRCLE) {
 5676              		.loc 1 443 7 view .LVU1702
 5677 007c 782B     		cmp	r3, #120
 5678 007e 47D0     		beq	.L422
 5679              	.LVL603:
 5680              	.L411:
 452:Middlewares/LVGL/lvgl/src/core/lv_obj_style.c ****     LV_ASSERT_MALLOC(tr);
 5681              		.loc 1 452 5 is_stmt 1 view .LVU1703
 452:Middlewares/LVGL/lvgl/src/core/lv_obj_style.c ****     LV_ASSERT_MALLOC(tr);
 5682              		.loc 1 452 10 is_stmt 0 view .LVU1704
 5683 0080 3A48     		ldr	r0, .L424
 5684 0082 FFF7FEFF 		bl	lv_ll_ins_head
 5685              	.LVL604:
 453:Middlewares/LVGL/lvgl/src/core/lv_obj_style.c ****     if(tr == NULL) return;
 5686              		.loc 1 453 5 is_stmt 1 view .LVU1705
 453:Middlewares/LVGL/lvgl/src/core/lv_obj_style.c ****     if(tr == NULL) return;
 5687              		.loc 1 453 5 view .LVU1706
 5688 0086 0746     		mov	r7, r0
 5689 0088 0028     		cmp	r0, #0
 5690 008a 6ED0     		beq	.L419
 453:Middlewares/LVGL/lvgl/src/core/lv_obj_style.c ****     if(tr == NULL) return;
 5691              		.loc 1 453 5 view .LVU1707
 453:Middlewares/LVGL/lvgl/src/core/lv_obj_style.c ****     if(tr == NULL) return;
 5692              		.loc 1 453 25 view .LVU1708
 454:Middlewares/LVGL/lvgl/src/core/lv_obj_style.c ****     tr->start_value = v1;
 5693              		.loc 1 454 5 view .LVU1709
 455:Middlewares/LVGL/lvgl/src/core/lv_obj_style.c ****     tr->end_value = v2;
 5694              		.loc 1 455 5 view .LVU1710
 455:Middlewares/LVGL/lvgl/src/core/lv_obj_style.c ****     tr->end_value = v2;
 5695              		.loc 1 455 21 is_stmt 0 view .LVU1711
 5696 008c 199B     		ldr	r3, [sp, #100]
 5697 008e C360     		str	r3, [r0, #12]
 456:Middlewares/LVGL/lvgl/src/core/lv_obj_style.c ****     tr->obj = obj;
 5698              		.loc 1 456 5 is_stmt 1 view .LVU1712
 456:Middlewares/LVGL/lvgl/src/core/lv_obj_style.c ****     tr->obj = obj;
 5699              		.loc 1 456 19 is_stmt 0 view .LVU1713
 5700 0090 189B     		ldr	r3, [sp, #96]
 5701 0092 0361     		str	r3, [r0, #16]
 457:Middlewares/LVGL/lvgl/src/core/lv_obj_style.c ****     tr->prop = tr_dsc->prop;
 5702              		.loc 1 457 5 is_stmt 1 view .LVU1714
ARM GAS  C:\Users\w1785\AppData\Local\Temp\ccv6fGyr.s 			page 195


 457:Middlewares/LVGL/lvgl/src/core/lv_obj_style.c ****     tr->prop = tr_dsc->prop;
 5703              		.loc 1 457 13 is_stmt 0 view .LVU1715
 5704 0094 0460     		str	r4, [r0]
 458:Middlewares/LVGL/lvgl/src/core/lv_obj_style.c ****     tr->selector = part;
 5705              		.loc 1 458 5 is_stmt 1 view .LVU1716
 458:Middlewares/LVGL/lvgl/src/core/lv_obj_style.c ****     tr->selector = part;
 5706              		.loc 1 458 22 is_stmt 0 view .LVU1717
 5707 0096 2B7A     		ldrb	r3, [r5, #8]	@ zero_extendqisi2
 458:Middlewares/LVGL/lvgl/src/core/lv_obj_style.c ****     tr->selector = part;
 5708              		.loc 1 458 14 view .LVU1718
 5709 0098 0371     		strb	r3, [r0, #4]
 459:Middlewares/LVGL/lvgl/src/core/lv_obj_style.c **** 
 5710              		.loc 1 459 5 is_stmt 1 view .LVU1719
 459:Middlewares/LVGL/lvgl/src/core/lv_obj_style.c **** 
 5711              		.loc 1 459 18 is_stmt 0 view .LVU1720
 5712 009a 8660     		str	r6, [r0, #8]
 461:Middlewares/LVGL/lvgl/src/core/lv_obj_style.c ****     lv_anim_init(&a);
 5713              		.loc 1 461 5 is_stmt 1 view .LVU1721
 462:Middlewares/LVGL/lvgl/src/core/lv_obj_style.c ****     lv_anim_set_var(&a, tr);
 5714              		.loc 1 462 5 view .LVU1722
 5715 009c 6846     		mov	r0, sp
 5716              	.LVL605:
 462:Middlewares/LVGL/lvgl/src/core/lv_obj_style.c ****     lv_anim_set_var(&a, tr);
 5717              		.loc 1 462 5 is_stmt 0 view .LVU1723
 5718 009e FFF7FEFF 		bl	lv_anim_init
 5719              	.LVL606:
 463:Middlewares/LVGL/lvgl/src/core/lv_obj_style.c ****     lv_anim_set_exec_cb(&a, trans_anim_cb);
 5720              		.loc 1 463 5 is_stmt 1 view .LVU1724
 5721 00a2 3946     		mov	r1, r7
 5722 00a4 6846     		mov	r0, sp
 5723 00a6 FFF7FEFF 		bl	lv_anim_set_var
 5724              	.LVL607:
 464:Middlewares/LVGL/lvgl/src/core/lv_obj_style.c ****     lv_anim_set_start_cb(&a, trans_anim_start_cb);
 5725              		.loc 1 464 5 view .LVU1725
 5726 00aa 3149     		ldr	r1, .L424+4
 5727 00ac 6846     		mov	r0, sp
 5728 00ae FFF7FEFF 		bl	lv_anim_set_exec_cb
 5729              	.LVL608:
 465:Middlewares/LVGL/lvgl/src/core/lv_obj_style.c ****     lv_anim_set_completed_cb(&a, trans_anim_completed_cb);
 5730              		.loc 1 465 5 view .LVU1726
 5731 00b2 3049     		ldr	r1, .L424+8
 5732 00b4 6846     		mov	r0, sp
 5733 00b6 FFF7FEFF 		bl	lv_anim_set_start_cb
 5734              	.LVL609:
 466:Middlewares/LVGL/lvgl/src/core/lv_obj_style.c ****     lv_anim_set_values(&a, 0x00, 0xFF);
 5735              		.loc 1 466 5 view .LVU1727
 5736 00ba 2F49     		ldr	r1, .L424+12
 5737 00bc 6846     		mov	r0, sp
 5738 00be FFF7FEFF 		bl	lv_anim_set_completed_cb
 5739              	.LVL610:
 467:Middlewares/LVGL/lvgl/src/core/lv_obj_style.c ****     lv_anim_set_duration(&a, tr_dsc->time);
 5740              		.loc 1 467 5 view .LVU1728
 5741 00c2 FF22     		movs	r2, #255
 5742 00c4 0021     		movs	r1, #0
 5743 00c6 6846     		mov	r0, sp
 5744 00c8 FFF7FEFF 		bl	lv_anim_set_values
 5745              	.LVL611:
ARM GAS  C:\Users\w1785\AppData\Local\Temp\ccv6fGyr.s 			page 196


 468:Middlewares/LVGL/lvgl/src/core/lv_obj_style.c ****     lv_anim_set_delay(&a, tr_dsc->delay);
 5746              		.loc 1 468 5 view .LVU1729
 5747 00cc 2988     		ldrh	r1, [r5]
 5748 00ce 6846     		mov	r0, sp
 5749 00d0 FFF7FEFF 		bl	lv_anim_set_duration
 5750              	.LVL612:
 469:Middlewares/LVGL/lvgl/src/core/lv_obj_style.c ****     lv_anim_set_path_cb(&a, tr_dsc->path_cb);
 5751              		.loc 1 469 5 view .LVU1730
 5752 00d4 6988     		ldrh	r1, [r5, #2]
 5753 00d6 6846     		mov	r0, sp
 5754 00d8 FFF7FEFF 		bl	lv_anim_set_delay
 5755              	.LVL613:
 470:Middlewares/LVGL/lvgl/src/core/lv_obj_style.c ****     lv_anim_set_early_apply(&a, false);
 5756              		.loc 1 470 5 view .LVU1731
 5757 00dc E968     		ldr	r1, [r5, #12]
 5758 00de 6846     		mov	r0, sp
 5759 00e0 FFF7FEFF 		bl	lv_anim_set_path_cb
 5760              	.LVL614:
 471:Middlewares/LVGL/lvgl/src/core/lv_obj_style.c ****     lv_anim_set_user_data(&a, tr_dsc->user_data);
 5761              		.loc 1 471 5 view .LVU1732
 5762 00e4 0021     		movs	r1, #0
 5763 00e6 6846     		mov	r0, sp
 5764 00e8 FFF7FEFF 		bl	lv_anim_set_early_apply
 5765              	.LVL615:
 472:Middlewares/LVGL/lvgl/src/core/lv_obj_style.c ****     lv_anim_start(&a);
 5766              		.loc 1 472 5 view .LVU1733
 5767 00ec 2969     		ldr	r1, [r5, #16]
 5768 00ee 6846     		mov	r0, sp
 5769 00f0 FFF7FEFF 		bl	lv_anim_set_user_data
 5770              	.LVL616:
 473:Middlewares/LVGL/lvgl/src/core/lv_obj_style.c **** }
 5771              		.loc 1 473 5 view .LVU1734
 5772 00f4 6846     		mov	r0, sp
 5773 00f6 FFF7FEFF 		bl	lv_anim_start
 5774              	.LVL617:
 5775              	.L408:
 474:Middlewares/LVGL/lvgl/src/core/lv_obj_style.c **** 
 5776              		.loc 1 474 1 is_stmt 0 view .LVU1735
 5777 00fa 1BB0     		add	sp, sp, #108
 5778              	.LCFI84:
 5779              		.cfi_remember_state
 5780              		.cfi_def_cfa_offset 28
 5781              		@ sp needed
 5782 00fc BDE8F083 		pop	{r4, r5, r6, r7, r8, r9, pc}
 5783              	.LVL618:
 5784              	.L421:
 5785              	.LCFI85:
 5786              		.cfi_restore_state
 434:Middlewares/LVGL/lvgl/src/core/lv_obj_style.c ****     obj->state = prev_state;
 5787              		.loc 1 434 25 discriminator 1 view .LVU1736
 5788 0100 A3D1     		bne	.L409
 434:Middlewares/LVGL/lvgl/src/core/lv_obj_style.c ****     obj->state = prev_state;
 5789              		.loc 1 434 48 discriminator 2 view .LVU1737
 5790 0102 0146     		mov	r1, r0
 5791 0104 1846     		mov	r0, r3
 5792 0106 FFF7FEFF 		bl	lv_color_eq
 5793              	.LVL619:
ARM GAS  C:\Users\w1785\AppData\Local\Temp\ccv6fGyr.s 			page 197


 434:Middlewares/LVGL/lvgl/src/core/lv_obj_style.c ****     obj->state = prev_state;
 5794              		.loc 1 434 45 discriminator 1 view .LVU1738
 5795 010a 0028     		cmp	r0, #0
 5796 010c 9DD0     		beq	.L409
 5797 010e F4E7     		b	.L408
 5798              	.LVL620:
 5799              	.L422:
 444:Middlewares/LVGL/lvgl/src/core/lv_obj_style.c ****             int32_t whalf = lv_obj_get_width(obj) / 2;
 5800              		.loc 1 444 9 is_stmt 1 view .LVU1739
 444:Middlewares/LVGL/lvgl/src/core/lv_obj_style.c ****             int32_t whalf = lv_obj_get_width(obj) / 2;
 5801              		.loc 1 444 14 is_stmt 0 view .LVU1740
 5802 0110 DDF86490 		ldr	r9, [sp, #100]
 444:Middlewares/LVGL/lvgl/src/core/lv_obj_style.c ****             int32_t whalf = lv_obj_get_width(obj) / 2;
 5803              		.loc 1 444 11 view .LVU1741
 5804 0114 47F6FF73 		movw	r3, #32767
 5805 0118 9945     		cmp	r9, r3
 5806 011a 01D0     		beq	.L412
 444:Middlewares/LVGL/lvgl/src/core/lv_obj_style.c ****             int32_t whalf = lv_obj_get_width(obj) / 2;
 5807              		.loc 1 444 39 discriminator 1 view .LVU1742
 5808 011c 9F42     		cmp	r7, r3
 5809 011e AFD1     		bne	.L411
 5810              	.L412:
 5811              	.LBB259:
 445:Middlewares/LVGL/lvgl/src/core/lv_obj_style.c ****             int32_t hhalf = lv_obj_get_height(obj) / 2;
 5812              		.loc 1 445 13 is_stmt 1 view .LVU1743
 445:Middlewares/LVGL/lvgl/src/core/lv_obj_style.c ****             int32_t hhalf = lv_obj_get_height(obj) / 2;
 5813              		.loc 1 445 29 is_stmt 0 view .LVU1744
 5814 0120 2046     		mov	r0, r4
 5815 0122 FFF7FEFF 		bl	lv_obj_get_width
 5816              	.LVL621:
 445:Middlewares/LVGL/lvgl/src/core/lv_obj_style.c ****             int32_t hhalf = lv_obj_get_height(obj) / 2;
 5817              		.loc 1 445 21 discriminator 1 view .LVU1745
 5818 0126 00EBD070 		add	r0, r0, r0, lsr #31
 5819 012a 4FEA6008 		asr	r8, r0, #1
 5820              	.LVL622:
 446:Middlewares/LVGL/lvgl/src/core/lv_obj_style.c ****             if(v1.num == LV_RADIUS_CIRCLE) v1.num = LV_MIN(whalf + 1, hhalf + 1);
 5821              		.loc 1 446 13 is_stmt 1 view .LVU1746
 446:Middlewares/LVGL/lvgl/src/core/lv_obj_style.c ****             if(v1.num == LV_RADIUS_CIRCLE) v1.num = LV_MIN(whalf + 1, hhalf + 1);
 5822              		.loc 1 446 29 is_stmt 0 view .LVU1747
 5823 012e 2046     		mov	r0, r4
 5824 0130 FFF7FEFF 		bl	lv_obj_get_height
 5825              	.LVL623:
 446:Middlewares/LVGL/lvgl/src/core/lv_obj_style.c ****             if(v1.num == LV_RADIUS_CIRCLE) v1.num = LV_MIN(whalf + 1, hhalf + 1);
 5826              		.loc 1 446 21 discriminator 1 view .LVU1748
 5827 0134 00EBD070 		add	r0, r0, r0, lsr #31
 5828 0138 4310     		asrs	r3, r0, #1
 5829              	.LVL624:
 447:Middlewares/LVGL/lvgl/src/core/lv_obj_style.c ****             if(v2.num == LV_RADIUS_CIRCLE) v2.num = LV_MIN(whalf + 1, hhalf + 1);
 5830              		.loc 1 447 13 is_stmt 1 view .LVU1749
 447:Middlewares/LVGL/lvgl/src/core/lv_obj_style.c ****             if(v2.num == LV_RADIUS_CIRCLE) v2.num = LV_MIN(whalf + 1, hhalf + 1);
 5831              		.loc 1 447 15 is_stmt 0 view .LVU1750
 5832 013a 47F6FF72 		movw	r2, #32767
 5833 013e 9145     		cmp	r9, r2
 5834 0140 09D0     		beq	.L423
 5835              	.L413:
 448:Middlewares/LVGL/lvgl/src/core/lv_obj_style.c ****         }
 5836              		.loc 1 448 13 is_stmt 1 view .LVU1751
ARM GAS  C:\Users\w1785\AppData\Local\Temp\ccv6fGyr.s 			page 198


 448:Middlewares/LVGL/lvgl/src/core/lv_obj_style.c ****         }
 5837              		.loc 1 448 15 is_stmt 0 view .LVU1752
 5838 0142 47F6FF72 		movw	r2, #32767
 5839 0146 9742     		cmp	r7, r2
 5840 0148 9AD1     		bne	.L411
 448:Middlewares/LVGL/lvgl/src/core/lv_obj_style.c ****         }
 5841              		.loc 1 448 44 is_stmt 1 discriminator 1 view .LVU1753
 448:Middlewares/LVGL/lvgl/src/core/lv_obj_style.c ****         }
 5842              		.loc 1 448 53 is_stmt 0 discriminator 1 view .LVU1754
 5843 014a 9845     		cmp	r8, r3
 5844 014c 0BDA     		bge	.L416
 448:Middlewares/LVGL/lvgl/src/core/lv_obj_style.c ****         }
 5845              		.loc 1 448 53 discriminator 2 view .LVU1755
 5846 014e 08F10103 		add	r3, r8, #1
 5847              	.LVL625:
 5848              	.L417:
 448:Middlewares/LVGL/lvgl/src/core/lv_obj_style.c ****         }
 5849              		.loc 1 448 51 discriminator 5 view .LVU1756
 5850 0152 1893     		str	r3, [sp, #96]
 5851 0154 94E7     		b	.L411
 5852              	.LVL626:
 5853              	.L423:
 447:Middlewares/LVGL/lvgl/src/core/lv_obj_style.c ****             if(v2.num == LV_RADIUS_CIRCLE) v2.num = LV_MIN(whalf + 1, hhalf + 1);
 5854              		.loc 1 447 44 is_stmt 1 discriminator 1 view .LVU1757
 447:Middlewares/LVGL/lvgl/src/core/lv_obj_style.c ****             if(v2.num == LV_RADIUS_CIRCLE) v2.num = LV_MIN(whalf + 1, hhalf + 1);
 5855              		.loc 1 447 53 is_stmt 0 discriminator 1 view .LVU1758
 5856 0156 9845     		cmp	r8, r3
 5857 0158 03DA     		bge	.L414
 447:Middlewares/LVGL/lvgl/src/core/lv_obj_style.c ****             if(v2.num == LV_RADIUS_CIRCLE) v2.num = LV_MIN(whalf + 1, hhalf + 1);
 5858              		.loc 1 447 53 discriminator 2 view .LVU1759
 5859 015a 08F10102 		add	r2, r8, #1
 5860              	.L415:
 447:Middlewares/LVGL/lvgl/src/core/lv_obj_style.c ****             if(v2.num == LV_RADIUS_CIRCLE) v2.num = LV_MIN(whalf + 1, hhalf + 1);
 5861              		.loc 1 447 51 discriminator 5 view .LVU1760
 5862 015e 1992     		str	r2, [sp, #100]
 5863 0160 EFE7     		b	.L413
 5864              	.L414:
 447:Middlewares/LVGL/lvgl/src/core/lv_obj_style.c ****             if(v2.num == LV_RADIUS_CIRCLE) v2.num = LV_MIN(whalf + 1, hhalf + 1);
 5865              		.loc 1 447 53 discriminator 3 view .LVU1761
 5866 0162 5A1C     		adds	r2, r3, #1
 5867 0164 FBE7     		b	.L415
 5868              	.L416:
 448:Middlewares/LVGL/lvgl/src/core/lv_obj_style.c ****         }
 5869              		.loc 1 448 53 discriminator 3 view .LVU1762
 5870 0166 0133     		adds	r3, r3, #1
 5871              	.LVL627:
 448:Middlewares/LVGL/lvgl/src/core/lv_obj_style.c ****         }
 5872              		.loc 1 448 53 discriminator 3 view .LVU1763
 5873 0168 F3E7     		b	.L417
 5874              	.LVL628:
 5875              	.L419:
 448:Middlewares/LVGL/lvgl/src/core/lv_obj_style.c ****         }
 5876              		.loc 1 448 53 discriminator 3 view .LVU1764
 5877              	.LBE259:
 453:Middlewares/LVGL/lvgl/src/core/lv_obj_style.c ****     if(tr == NULL) return;
 5878              		.loc 1 453 5 is_stmt 1 view .LVU1765
 453:Middlewares/LVGL/lvgl/src/core/lv_obj_style.c ****     if(tr == NULL) return;
ARM GAS  C:\Users\w1785\AppData\Local\Temp\ccv6fGyr.s 			page 199


 5879              		.loc 1 453 5 view .LVU1766
 453:Middlewares/LVGL/lvgl/src/core/lv_obj_style.c ****     if(tr == NULL) return;
 5880              		.loc 1 453 5 view .LVU1767
 453:Middlewares/LVGL/lvgl/src/core/lv_obj_style.c ****     if(tr == NULL) return;
 5881              		.loc 1 453 5 view .LVU1768
 453:Middlewares/LVGL/lvgl/src/core/lv_obj_style.c ****     if(tr == NULL) return;
 5882              		.loc 1 453 5 view .LVU1769
 5883 016a FEE7     		b	.L419
 5884              	.L425:
 5885              		.align	2
 5886              	.L424:
 5887 016c 1C000000 		.word	lv_global+28
 5888 0170 00000000 		.word	trans_anim_cb
 5889 0174 00000000 		.word	trans_anim_start_cb
 5890 0178 00000000 		.word	trans_anim_completed_cb
 5891              		.cfi_endproc
 5892              	.LFE217:
 5894              		.section	.text.trans_anim_start_cb,"ax",%progbits
 5895              		.align	1
 5896              		.syntax unified
 5897              		.thumb
 5898              		.thumb_func
 5900              	trans_anim_start_cb:
 5901              	.LVL629:
 5902              	.LFB236:
1024:Middlewares/LVGL/lvgl/src/core/lv_obj_style.c ****     trans_t * tr = a->var;
 5903              		.loc 1 1024 1 view -0
 5904              		.cfi_startproc
 5905              		@ args = 0, pretend = 0, frame = 0
 5906              		@ frame_needed = 0, uses_anonymous_args = 0
1024:Middlewares/LVGL/lvgl/src/core/lv_obj_style.c ****     trans_t * tr = a->var;
 5907              		.loc 1 1024 1 is_stmt 0 view .LVU1771
 5908 0000 70B5     		push	{r4, r5, r6, lr}
 5909              	.LCFI86:
 5910              		.cfi_def_cfa_offset 16
 5911              		.cfi_offset 4, -16
 5912              		.cfi_offset 5, -12
 5913              		.cfi_offset 6, -8
 5914              		.cfi_offset 14, -4
1025:Middlewares/LVGL/lvgl/src/core/lv_obj_style.c **** 
 5915              		.loc 1 1025 5 is_stmt 1 view .LVU1772
1025:Middlewares/LVGL/lvgl/src/core/lv_obj_style.c **** 
 5916              		.loc 1 1025 15 is_stmt 0 view .LVU1773
 5917 0002 0468     		ldr	r4, [r0]
 5918              	.LVL630:
1027:Middlewares/LVGL/lvgl/src/core/lv_obj_style.c ****     tr->start_value = lv_obj_get_style_prop(tr->obj, part, tr->prop);
 5919              		.loc 1 1027 5 is_stmt 1 view .LVU1774
1027:Middlewares/LVGL/lvgl/src/core/lv_obj_style.c ****     tr->start_value = lv_obj_get_style_prop(tr->obj, part, tr->prop);
 5920              		.loc 1 1027 22 is_stmt 0 view .LVU1775
 5921 0004 A568     		ldr	r5, [r4, #8]
 5922              	.LVL631:
 5923              	.LBB260:
 5924              	.LBI260:
 269:Middlewares/LVGL/lvgl/src/core/lv_obj_style.h **** {
 5925              		.loc 3 269 25 is_stmt 1 view .LVU1776
 5926              	.LBB261:
 5927              		.loc 3 271 5 view .LVU1777
ARM GAS  C:\Users\w1785\AppData\Local\Temp\ccv6fGyr.s 			page 200


 5928              		.loc 3 271 12 is_stmt 0 view .LVU1778
 5929 0006 05F47F05 		and	r5, r5, #16711680
 5930              	.LVL632:
 5931              		.loc 3 271 12 view .LVU1779
 5932              	.LBE261:
 5933              	.LBE260:
1028:Middlewares/LVGL/lvgl/src/core/lv_obj_style.c **** 
 5934              		.loc 1 1028 5 is_stmt 1 view .LVU1780
1028:Middlewares/LVGL/lvgl/src/core/lv_obj_style.c **** 
 5935              		.loc 1 1028 23 is_stmt 0 view .LVU1781
 5936 000a 2279     		ldrb	r2, [r4, #4]	@ zero_extendqisi2
 5937 000c 2946     		mov	r1, r5
 5938 000e 2068     		ldr	r0, [r4]
 5939              	.LVL633:
1028:Middlewares/LVGL/lvgl/src/core/lv_obj_style.c **** 
 5940              		.loc 1 1028 23 view .LVU1782
 5941 0010 FFF7FEFF 		bl	lv_obj_get_style_prop
 5942              	.LVL634:
 5943 0014 E060     		str	r0, [r4, #12]
1031:Middlewares/LVGL/lvgl/src/core/lv_obj_style.c ****     tr->prop = LV_STYLE_PROP_INV;
 5944              		.loc 1 1031 5 is_stmt 1 view .LVU1783
1031:Middlewares/LVGL/lvgl/src/core/lv_obj_style.c ****     tr->prop = LV_STYLE_PROP_INV;
 5945              		.loc 1 1031 21 is_stmt 0 view .LVU1784
 5946 0016 2679     		ldrb	r6, [r4, #4]	@ zero_extendqisi2
 5947              	.LVL635:
1032:Middlewares/LVGL/lvgl/src/core/lv_obj_style.c **** 
 5948              		.loc 1 1032 5 is_stmt 1 view .LVU1785
1032:Middlewares/LVGL/lvgl/src/core/lv_obj_style.c **** 
 5949              		.loc 1 1032 14 is_stmt 0 view .LVU1786
 5950 0018 0023     		movs	r3, #0
 5951 001a 2371     		strb	r3, [r4, #4]
1035:Middlewares/LVGL/lvgl/src/core/lv_obj_style.c **** 
 5952              		.loc 1 1035 5 is_stmt 1 view .LVU1787
 5953 001c 2346     		mov	r3, r4
 5954 001e 3246     		mov	r2, r6
 5955 0020 2946     		mov	r1, r5
 5956 0022 2068     		ldr	r0, [r4]
 5957 0024 FFF7FEFF 		bl	trans_delete
 5958              	.LVL636:
1037:Middlewares/LVGL/lvgl/src/core/lv_obj_style.c **** 
 5959              		.loc 1 1037 5 view .LVU1788
1037:Middlewares/LVGL/lvgl/src/core/lv_obj_style.c **** 
 5960              		.loc 1 1037 14 is_stmt 0 view .LVU1789
 5961 0028 2671     		strb	r6, [r4, #4]
1039:Middlewares/LVGL/lvgl/src/core/lv_obj_style.c ****     /*Be sure `trans_style` has a valid value*/
 5962              		.loc 1 1039 5 is_stmt 1 view .LVU1790
1039:Middlewares/LVGL/lvgl/src/core/lv_obj_style.c ****     /*Be sure `trans_style` has a valid value*/
 5963              		.loc 1 1039 36 is_stmt 0 view .LVU1791
 5964 002a A168     		ldr	r1, [r4, #8]
 5965 002c 2068     		ldr	r0, [r4]
 5966 002e FFF7FEFF 		bl	get_trans_style
 5967              	.LVL637:
1041:Middlewares/LVGL/lvgl/src/core/lv_obj_style.c ****     lv_obj_refresh_style(tr->obj, tr->selector, tr->prop);
 5968              		.loc 1 1041 5 is_stmt 1 view .LVU1792
 5969 0032 E268     		ldr	r2, [r4, #12]
 5970 0034 2179     		ldrb	r1, [r4, #4]	@ zero_extendqisi2
 5971 0036 0068     		ldr	r0, [r0]
ARM GAS  C:\Users\w1785\AppData\Local\Temp\ccv6fGyr.s 			page 201


 5972              	.LVL638:
1041:Middlewares/LVGL/lvgl/src/core/lv_obj_style.c ****     lv_obj_refresh_style(tr->obj, tr->selector, tr->prop);
 5973              		.loc 1 1041 5 is_stmt 0 view .LVU1793
 5974 0038 FFF7FEFF 		bl	lv_style_set_prop
 5975              	.LVL639:
1042:Middlewares/LVGL/lvgl/src/core/lv_obj_style.c **** 
 5976              		.loc 1 1042 5 is_stmt 1 view .LVU1794
 5977 003c 2279     		ldrb	r2, [r4, #4]	@ zero_extendqisi2
 5978 003e A168     		ldr	r1, [r4, #8]
 5979 0040 2068     		ldr	r0, [r4]
 5980 0042 FFF7FEFF 		bl	lv_obj_refresh_style
 5981              	.LVL640:
1044:Middlewares/LVGL/lvgl/src/core/lv_obj_style.c **** 
 5982              		.loc 1 1044 1 is_stmt 0 view .LVU1795
 5983 0046 70BD     		pop	{r4, r5, r6, pc}
1044:Middlewares/LVGL/lvgl/src/core/lv_obj_style.c **** 
 5984              		.loc 1 1044 1 view .LVU1796
 5985              		.cfi_endproc
 5986              	.LFE236:
 5988              		.section	.text.trans_anim_cb,"ax",%progbits
 5989              		.align	1
 5990              		.syntax unified
 5991              		.thumb
 5992              		.thumb_func
 5994              	trans_anim_cb:
 5995              	.LVL641:
 5996              	.LFB235:
 959:Middlewares/LVGL/lvgl/src/core/lv_obj_style.c ****     trans_t * tr = _tr;
 5997              		.loc 1 959 1 is_stmt 1 view -0
 5998              		.cfi_startproc
 5999              		@ args = 0, pretend = 0, frame = 8
 6000              		@ frame_needed = 0, uses_anonymous_args = 0
 959:Middlewares/LVGL/lvgl/src/core/lv_obj_style.c ****     trans_t * tr = _tr;
 6001              		.loc 1 959 1 is_stmt 0 view .LVU1798
 6002 0000 2DE9F041 		push	{r4, r5, r6, r7, r8, lr}
 6003              	.LCFI87:
 6004              		.cfi_def_cfa_offset 24
 6005              		.cfi_offset 4, -24
 6006              		.cfi_offset 5, -20
 6007              		.cfi_offset 6, -16
 6008              		.cfi_offset 7, -12
 6009              		.cfi_offset 8, -8
 6010              		.cfi_offset 14, -4
 6011 0004 82B0     		sub	sp, sp, #8
 6012              	.LCFI88:
 6013              		.cfi_def_cfa_offset 32
 6014 0006 0446     		mov	r4, r0
 960:Middlewares/LVGL/lvgl/src/core/lv_obj_style.c ****     lv_obj_t * obj = tr->obj;
 6015              		.loc 1 960 5 is_stmt 1 view .LVU1799
 6016              	.LVL642:
 961:Middlewares/LVGL/lvgl/src/core/lv_obj_style.c **** 
 6017              		.loc 1 961 5 view .LVU1800
 961:Middlewares/LVGL/lvgl/src/core/lv_obj_style.c **** 
 6018              		.loc 1 961 16 is_stmt 0 view .LVU1801
 6019 0008 0568     		ldr	r5, [r0]
 6020              	.LVL643:
 963:Middlewares/LVGL/lvgl/src/core/lv_obj_style.c ****     for(i = 0; i < obj->style_cnt; i++) {
ARM GAS  C:\Users\w1785\AppData\Local\Temp\ccv6fGyr.s 			page 202


 6021              		.loc 1 963 5 is_stmt 1 view .LVU1802
 964:Middlewares/LVGL/lvgl/src/core/lv_obj_style.c ****         if(obj->styles[i].is_trans == 0 || obj->styles[i].selector != tr->selector) continue;
 6022              		.loc 1 964 5 view .LVU1803
 964:Middlewares/LVGL/lvgl/src/core/lv_obj_style.c ****         if(obj->styles[i].is_trans == 0 || obj->styles[i].selector != tr->selector) continue;
 6023              		.loc 1 964 11 is_stmt 0 view .LVU1804
 6024 000a 0023     		movs	r3, #0
 964:Middlewares/LVGL/lvgl/src/core/lv_obj_style.c ****         if(obj->styles[i].is_trans == 0 || obj->styles[i].selector != tr->selector) continue;
 6025              		.loc 1 964 5 view .LVU1805
 6026 000c 00E0     		b	.L429
 6027              	.LVL644:
 6028              	.L430:
 6029              	.LBB262:
 965:Middlewares/LVGL/lvgl/src/core/lv_obj_style.c **** 
 6030              		.loc 1 965 85 is_stmt 1 discriminator 3 view .LVU1806
 6031              	.LBE262:
 964:Middlewares/LVGL/lvgl/src/core/lv_obj_style.c ****         if(obj->styles[i].is_trans == 0 || obj->styles[i].selector != tr->selector) continue;
 6032              		.loc 1 964 37 discriminator 2 view .LVU1807
 6033 000e 0133     		adds	r3, r3, #1
 6034              	.LVL645:
 6035              	.L429:
 964:Middlewares/LVGL/lvgl/src/core/lv_obj_style.c ****         if(obj->styles[i].is_trans == 0 || obj->styles[i].selector != tr->selector) continue;
 6036              		.loc 1 964 18 discriminator 1 view .LVU1808
 964:Middlewares/LVGL/lvgl/src/core/lv_obj_style.c ****         if(obj->styles[i].is_trans == 0 || obj->styles[i].selector != tr->selector) continue;
 6037              		.loc 1 964 23 is_stmt 0 discriminator 1 view .LVU1809
 6038 0010 B5F82AC0 		ldrh	ip, [r5, #42]
 6039 0014 CCF3051C 		ubfx	ip, ip, #4, #6
 964:Middlewares/LVGL/lvgl/src/core/lv_obj_style.c ****         if(obj->styles[i].is_trans == 0 || obj->styles[i].selector != tr->selector) continue;
 6040              		.loc 1 964 18 discriminator 1 view .LVU1810
 6041 0018 9C45     		cmp	ip, r3
 6042 001a 40F2B980 		bls	.L428
 6043              	.LBB263:
 965:Middlewares/LVGL/lvgl/src/core/lv_obj_style.c **** 
 6044              		.loc 1 965 9 is_stmt 1 view .LVU1811
 965:Middlewares/LVGL/lvgl/src/core/lv_obj_style.c **** 
 6045              		.loc 1 965 23 is_stmt 0 view .LVU1812
 6046 001e DE00     		lsls	r6, r3, #3
 6047 0020 EA68     		ldr	r2, [r5, #12]
 6048 0022 02EBC30C 		add	ip, r2, r3, lsl #3
 965:Middlewares/LVGL/lvgl/src/core/lv_obj_style.c **** 
 6049              		.loc 1 965 36 view .LVU1813
 6050 0026 9CF80700 		ldrb	r0, [ip, #7]	@ zero_extendqisi2
 965:Middlewares/LVGL/lvgl/src/core/lv_obj_style.c **** 
 6051              		.loc 1 965 11 view .LVU1814
 6052 002a 10F0020F 		tst	r0, #2
 6053 002e EED0     		beq	.L430
 965:Middlewares/LVGL/lvgl/src/core/lv_obj_style.c **** 
 6054              		.loc 1 965 58 discriminator 2 view .LVU1815
 6055 0030 DCF80400 		ldr	r0, [ip, #4]
 6056 0034 C0F31700 		ubfx	r0, r0, #0, #24
 965:Middlewares/LVGL/lvgl/src/core/lv_obj_style.c **** 
 6057              		.loc 1 965 73 discriminator 2 view .LVU1816
 6058 0038 A268     		ldr	r2, [r4, #8]
 965:Middlewares/LVGL/lvgl/src/core/lv_obj_style.c **** 
 6059              		.loc 1 965 41 discriminator 2 view .LVU1817
 6060 003a 9042     		cmp	r0, r2
 6061 003c E7D1     		bne	.L430
 967:Middlewares/LVGL/lvgl/src/core/lv_obj_style.c ****         switch(tr->prop) {
ARM GAS  C:\Users\w1785\AppData\Local\Temp\ccv6fGyr.s 			page 203


 6062              		.loc 1 967 9 is_stmt 1 view .LVU1818
 967:Middlewares/LVGL/lvgl/src/core/lv_obj_style.c ****         switch(tr->prop) {
 6063              		.loc 1 967 26 is_stmt 0 view .LVU1819
 6064 003e 0023     		movs	r3, #0
 6065              	.LVL646:
 967:Middlewares/LVGL/lvgl/src/core/lv_obj_style.c ****         switch(tr->prop) {
 6066              		.loc 1 967 26 view .LVU1820
 6067 0040 0093     		str	r3, [sp]
 968:Middlewares/LVGL/lvgl/src/core/lv_obj_style.c **** 
 6068              		.loc 1 968 9 is_stmt 1 view .LVU1821
 968:Middlewares/LVGL/lvgl/src/core/lv_obj_style.c **** 
 6069              		.loc 1 968 18 is_stmt 0 view .LVU1822
 6070 0042 2379     		ldrb	r3, [r4, #4]	@ zero_extendqisi2
 968:Middlewares/LVGL/lvgl/src/core/lv_obj_style.c **** 
 6071              		.loc 1 968 9 view .LVU1823
 6072 0044 2C3B     		subs	r3, r3, #44
 6073 0046 562B     		cmp	r3, #86
 6074 0048 6ED8     		bhi	.L432
 6075 004a DFE803F0 		tbb	[pc, r3]
 6076              	.L434:
 6077 004e 4B       		.byte	(.L433-.L434)/2
 6078 004f 6D       		.byte	(.L432-.L434)/2
 6079 0050 6D       		.byte	(.L432-.L434)/2
 6080 0051 6D       		.byte	(.L432-.L434)/2
 6081 0052 6D       		.byte	(.L432-.L434)/2
 6082 0053 6D       		.byte	(.L432-.L434)/2
 6083 0054 6D       		.byte	(.L432-.L434)/2
 6084 0055 6D       		.byte	(.L432-.L434)/2
 6085 0056 6D       		.byte	(.L432-.L434)/2
 6086 0057 6D       		.byte	(.L432-.L434)/2
 6087 0058 6D       		.byte	(.L432-.L434)/2
 6088 0059 6D       		.byte	(.L432-.L434)/2
 6089 005a 6D       		.byte	(.L432-.L434)/2
 6090 005b 4B       		.byte	(.L433-.L434)/2
 6091 005c 6D       		.byte	(.L432-.L434)/2
 6092 005d 2C       		.byte	(.L435-.L434)/2
 6093 005e 2C       		.byte	(.L435-.L434)/2
 6094 005f 6D       		.byte	(.L432-.L434)/2
 6095 0060 6D       		.byte	(.L432-.L434)/2
 6096 0061 6D       		.byte	(.L432-.L434)/2
 6097 0062 6D       		.byte	(.L432-.L434)/2
 6098 0063 4B       		.byte	(.L433-.L434)/2
 6099 0064 6D       		.byte	(.L432-.L434)/2
 6100 0065 6D       		.byte	(.L432-.L434)/2
 6101 0066 6D       		.byte	(.L432-.L434)/2
 6102 0067 6D       		.byte	(.L432-.L434)/2
 6103 0068 6D       		.byte	(.L432-.L434)/2
 6104 0069 6D       		.byte	(.L432-.L434)/2
 6105 006a 6D       		.byte	(.L432-.L434)/2
 6106 006b 4B       		.byte	(.L433-.L434)/2
 6107 006c 6D       		.byte	(.L432-.L434)/2
 6108 006d 6D       		.byte	(.L432-.L434)/2
 6109 006e 6D       		.byte	(.L432-.L434)/2
 6110 006f 34       		.byte	(.L436-.L434)/2
 6111 0070 6D       		.byte	(.L432-.L434)/2
 6112 0071 6D       		.byte	(.L432-.L434)/2
 6113 0072 6D       		.byte	(.L432-.L434)/2
ARM GAS  C:\Users\w1785\AppData\Local\Temp\ccv6fGyr.s 			page 204


 6114 0073 6D       		.byte	(.L432-.L434)/2
 6115 0074 6D       		.byte	(.L432-.L434)/2
 6116 0075 6D       		.byte	(.L432-.L434)/2
 6117 0076 6D       		.byte	(.L432-.L434)/2
 6118 0077 6D       		.byte	(.L432-.L434)/2
 6119 0078 6D       		.byte	(.L432-.L434)/2
 6120 0079 6D       		.byte	(.L432-.L434)/2
 6121 007a 4B       		.byte	(.L433-.L434)/2
 6122 007b 4B       		.byte	(.L433-.L434)/2
 6123 007c 6D       		.byte	(.L432-.L434)/2
 6124 007d 6D       		.byte	(.L432-.L434)/2
 6125 007e 4B       		.byte	(.L433-.L434)/2
 6126 007f 6D       		.byte	(.L432-.L434)/2
 6127 0080 6D       		.byte	(.L432-.L434)/2
 6128 0081 6D       		.byte	(.L432-.L434)/2
 6129 0082 6D       		.byte	(.L432-.L434)/2
 6130 0083 6D       		.byte	(.L432-.L434)/2
 6131 0084 6D       		.byte	(.L432-.L434)/2
 6132 0085 6D       		.byte	(.L432-.L434)/2
 6133 0086 6D       		.byte	(.L432-.L434)/2
 6134 0087 6D       		.byte	(.L432-.L434)/2
 6135 0088 6D       		.byte	(.L432-.L434)/2
 6136 0089 6D       		.byte	(.L432-.L434)/2
 6137 008a 6D       		.byte	(.L432-.L434)/2
 6138 008b 6D       		.byte	(.L432-.L434)/2
 6139 008c 6D       		.byte	(.L432-.L434)/2
 6140 008d 6D       		.byte	(.L432-.L434)/2
 6141 008e 6D       		.byte	(.L432-.L434)/2
 6142 008f 6D       		.byte	(.L432-.L434)/2
 6143 0090 6D       		.byte	(.L432-.L434)/2
 6144 0091 6D       		.byte	(.L432-.L434)/2
 6145 0092 6D       		.byte	(.L432-.L434)/2
 6146 0093 6D       		.byte	(.L432-.L434)/2
 6147 0094 3C       		.byte	(.L437-.L434)/2
 6148 0095 6D       		.byte	(.L432-.L434)/2
 6149 0096 6D       		.byte	(.L432-.L434)/2
 6150 0097 6D       		.byte	(.L432-.L434)/2
 6151 0098 34       		.byte	(.L436-.L434)/2
 6152 0099 6D       		.byte	(.L432-.L434)/2
 6153 009a 6D       		.byte	(.L432-.L434)/2
 6154 009b 6D       		.byte	(.L432-.L434)/2
 6155 009c 2C       		.byte	(.L435-.L434)/2
 6156 009d 6D       		.byte	(.L432-.L434)/2
 6157 009e 6D       		.byte	(.L432-.L434)/2
 6158 009f 6D       		.byte	(.L432-.L434)/2
 6159 00a0 6D       		.byte	(.L432-.L434)/2
 6160 00a1 6D       		.byte	(.L432-.L434)/2
 6161 00a2 6D       		.byte	(.L432-.L434)/2
 6162 00a3 6D       		.byte	(.L432-.L434)/2
 6163 00a4 4B       		.byte	(.L433-.L434)/2
 6164 00a5 00       		.p2align 1
 6165              	.L435:
 973:Middlewares/LVGL/lvgl/src/core/lv_obj_style.c ****                 else value_final.num = tr->end_value.num;
 6166              		.loc 1 973 17 is_stmt 1 view .LVU1824
 973:Middlewares/LVGL/lvgl/src/core/lv_obj_style.c ****                 else value_final.num = tr->end_value.num;
 6167              		.loc 1 973 19 is_stmt 0 view .LVU1825
 6168 00a6 FE29     		cmp	r1, #254
ARM GAS  C:\Users\w1785\AppData\Local\Temp\ccv6fGyr.s 			page 205


 6169 00a8 02DC     		bgt	.L438
 973:Middlewares/LVGL/lvgl/src/core/lv_obj_style.c ****                 else value_final.num = tr->end_value.num;
 6170              		.loc 1 973 29 is_stmt 1 discriminator 1 view .LVU1826
 973:Middlewares/LVGL/lvgl/src/core/lv_obj_style.c ****                 else value_final.num = tr->end_value.num;
 6171              		.loc 1 973 62 is_stmt 0 discriminator 1 view .LVU1827
 6172 00aa E368     		ldr	r3, [r4, #12]
 973:Middlewares/LVGL/lvgl/src/core/lv_obj_style.c ****                 else value_final.num = tr->end_value.num;
 6173              		.loc 1 973 45 discriminator 1 view .LVU1828
 6174 00ac 0093     		str	r3, [sp]
 6175 00ae 3EE0     		b	.L439
 6176              	.L438:
 974:Middlewares/LVGL/lvgl/src/core/lv_obj_style.c ****                 break;
 6177              		.loc 1 974 22 is_stmt 1 view .LVU1829
 974:Middlewares/LVGL/lvgl/src/core/lv_obj_style.c ****                 break;
 6178              		.loc 1 974 53 is_stmt 0 view .LVU1830
 6179 00b0 2369     		ldr	r3, [r4, #16]
 974:Middlewares/LVGL/lvgl/src/core/lv_obj_style.c ****                 break;
 6180              		.loc 1 974 38 view .LVU1831
 6181 00b2 0093     		str	r3, [sp]
 6182 00b4 3BE0     		b	.L439
 6183              	.L436:
 978:Middlewares/LVGL/lvgl/src/core/lv_obj_style.c ****                 else value_final.ptr = tr->end_value.ptr;
 6184              		.loc 1 978 17 is_stmt 1 view .LVU1832
 978:Middlewares/LVGL/lvgl/src/core/lv_obj_style.c ****                 else value_final.ptr = tr->end_value.ptr;
 6185              		.loc 1 978 19 is_stmt 0 view .LVU1833
 6186 00b6 FE29     		cmp	r1, #254
 6187 00b8 02DC     		bgt	.L440
 978:Middlewares/LVGL/lvgl/src/core/lv_obj_style.c ****                 else value_final.ptr = tr->end_value.ptr;
 6188              		.loc 1 978 29 is_stmt 1 discriminator 1 view .LVU1834
 978:Middlewares/LVGL/lvgl/src/core/lv_obj_style.c ****                 else value_final.ptr = tr->end_value.ptr;
 6189              		.loc 1 978 62 is_stmt 0 discriminator 1 view .LVU1835
 6190 00ba E368     		ldr	r3, [r4, #12]
 978:Middlewares/LVGL/lvgl/src/core/lv_obj_style.c ****                 else value_final.ptr = tr->end_value.ptr;
 6191              		.loc 1 978 45 discriminator 1 view .LVU1836
 6192 00bc 0093     		str	r3, [sp]
 6193 00be 36E0     		b	.L439
 6194              	.L440:
 979:Middlewares/LVGL/lvgl/src/core/lv_obj_style.c ****                 break;
 6195              		.loc 1 979 22 is_stmt 1 view .LVU1837
 979:Middlewares/LVGL/lvgl/src/core/lv_obj_style.c ****                 break;
 6196              		.loc 1 979 53 is_stmt 0 view .LVU1838
 6197 00c0 2369     		ldr	r3, [r4, #16]
 979:Middlewares/LVGL/lvgl/src/core/lv_obj_style.c ****                 break;
 6198              		.loc 1 979 38 view .LVU1839
 6199 00c2 0093     		str	r3, [sp]
 6200 00c4 33E0     		b	.L439
 6201              	.L437:
 982:Middlewares/LVGL/lvgl/src/core/lv_obj_style.c ****                 else if(tr->end_value.ptr == NULL) value_final.ptr = tr->start_value.ptr;
 6202              		.loc 1 982 17 is_stmt 1 view .LVU1840
 982:Middlewares/LVGL/lvgl/src/core/lv_obj_style.c ****                 else if(tr->end_value.ptr == NULL) value_final.ptr = tr->start_value.ptr;
 6203              		.loc 1 982 35 is_stmt 0 view .LVU1841
 6204 00c6 E368     		ldr	r3, [r4, #12]
 982:Middlewares/LVGL/lvgl/src/core/lv_obj_style.c ****                 else if(tr->end_value.ptr == NULL) value_final.ptr = tr->start_value.ptr;
 6205              		.loc 1 982 19 view .LVU1842
 6206 00c8 2BB1     		cbz	r3, .L457
 983:Middlewares/LVGL/lvgl/src/core/lv_obj_style.c ****                 else if(v < 128) value_final.ptr = tr->start_value.ptr;
 6207              		.loc 1 983 22 is_stmt 1 view .LVU1843
ARM GAS  C:\Users\w1785\AppData\Local\Temp\ccv6fGyr.s 			page 206


 983:Middlewares/LVGL/lvgl/src/core/lv_obj_style.c ****                 else if(v < 128) value_final.ptr = tr->start_value.ptr;
 6208              		.loc 1 983 38 is_stmt 0 view .LVU1844
 6209 00ca 2269     		ldr	r2, [r4, #16]
 983:Middlewares/LVGL/lvgl/src/core/lv_obj_style.c ****                 else if(v < 128) value_final.ptr = tr->start_value.ptr;
 6210              		.loc 1 983 24 view .LVU1845
 6211 00cc 32B1     		cbz	r2, .L458
 984:Middlewares/LVGL/lvgl/src/core/lv_obj_style.c ****                 else value_final.ptr = tr->end_value.ptr;
 6212              		.loc 1 984 22 is_stmt 1 view .LVU1846
 984:Middlewares/LVGL/lvgl/src/core/lv_obj_style.c ****                 else value_final.ptr = tr->end_value.ptr;
 6213              		.loc 1 984 24 is_stmt 0 view .LVU1847
 6214 00ce 7F29     		cmp	r1, #127
 6215 00d0 06DC     		bgt	.L443
 984:Middlewares/LVGL/lvgl/src/core/lv_obj_style.c ****                 else value_final.ptr = tr->end_value.ptr;
 6216              		.loc 1 984 34 is_stmt 1 discriminator 1 view .LVU1848
 984:Middlewares/LVGL/lvgl/src/core/lv_obj_style.c ****                 else value_final.ptr = tr->end_value.ptr;
 6217              		.loc 1 984 50 is_stmt 0 discriminator 1 view .LVU1849
 6218 00d2 0093     		str	r3, [sp]
 6219 00d4 2BE0     		b	.L439
 6220              	.L457:
 982:Middlewares/LVGL/lvgl/src/core/lv_obj_style.c ****                 else if(tr->end_value.ptr == NULL) value_final.ptr = tr->start_value.ptr;
 6221              		.loc 1 982 49 is_stmt 1 discriminator 1 view .LVU1850
 982:Middlewares/LVGL/lvgl/src/core/lv_obj_style.c ****                 else if(tr->end_value.ptr == NULL) value_final.ptr = tr->start_value.ptr;
 6222              		.loc 1 982 80 is_stmt 0 discriminator 1 view .LVU1851
 6223 00d6 2369     		ldr	r3, [r4, #16]
 982:Middlewares/LVGL/lvgl/src/core/lv_obj_style.c ****                 else if(tr->end_value.ptr == NULL) value_final.ptr = tr->start_value.ptr;
 6224              		.loc 1 982 65 discriminator 1 view .LVU1852
 6225 00d8 0093     		str	r3, [sp]
 6226 00da 28E0     		b	.L439
 6227              	.L458:
 983:Middlewares/LVGL/lvgl/src/core/lv_obj_style.c ****                 else if(v < 128) value_final.ptr = tr->start_value.ptr;
 6228              		.loc 1 983 52 is_stmt 1 discriminator 1 view .LVU1853
 983:Middlewares/LVGL/lvgl/src/core/lv_obj_style.c ****                 else if(v < 128) value_final.ptr = tr->start_value.ptr;
 6229              		.loc 1 983 68 is_stmt 0 discriminator 1 view .LVU1854
 6230 00dc 0093     		str	r3, [sp]
 6231 00de 26E0     		b	.L439
 6232              	.L443:
 985:Middlewares/LVGL/lvgl/src/core/lv_obj_style.c ****                 break;
 6233              		.loc 1 985 22 is_stmt 1 view .LVU1855
 985:Middlewares/LVGL/lvgl/src/core/lv_obj_style.c ****                 break;
 6234              		.loc 1 985 38 is_stmt 0 view .LVU1856
 6235 00e0 0092     		str	r2, [sp]
 6236 00e2 24E0     		b	.L439
 6237              	.L433:
 995:Middlewares/LVGL/lvgl/src/core/lv_obj_style.c ****                 else if(v >= 255) value_final.color = tr->end_value.color;
 6238              		.loc 1 995 17 is_stmt 1 view .LVU1857
 995:Middlewares/LVGL/lvgl/src/core/lv_obj_style.c ****                 else if(v >= 255) value_final.color = tr->end_value.color;
 6239              		.loc 1 995 19 is_stmt 0 view .LVU1858
 6240 00e4 0029     		cmp	r1, #0
 6241 00e6 08DD     		ble	.L459
 996:Middlewares/LVGL/lvgl/src/core/lv_obj_style.c ****                 else value_final.color = lv_color_mix(tr->end_value.color, tr->start_value.color, v
 6242              		.loc 1 996 22 is_stmt 1 view .LVU1859
 996:Middlewares/LVGL/lvgl/src/core/lv_obj_style.c ****                 else value_final.color = lv_color_mix(tr->end_value.color, tr->start_value.color, v
 6243              		.loc 1 996 24 is_stmt 0 view .LVU1860
 6244 00e8 FE29     		cmp	r1, #254
 6245 00ea 0DDD     		ble	.L445
 996:Middlewares/LVGL/lvgl/src/core/lv_obj_style.c ****                 else value_final.color = lv_color_mix(tr->end_value.color, tr->start_value.color, v
 6246              		.loc 1 996 35 is_stmt 1 discriminator 1 view .LVU1861
ARM GAS  C:\Users\w1785\AppData\Local\Temp\ccv6fGyr.s 			page 207


 996:Middlewares/LVGL/lvgl/src/core/lv_obj_style.c ****                 else value_final.color = lv_color_mix(tr->end_value.color, tr->start_value.color, v
 6247              		.loc 1 996 53 is_stmt 0 discriminator 1 view .LVU1862
 6248 00ec 2369     		ldr	r3, [r4, #16]
 6249 00ee ADF80030 		strh	r3, [sp]	@ movhi
 6250 00f2 1B0C     		lsrs	r3, r3, #16
 6251 00f4 8DF80230 		strb	r3, [sp, #2]
 6252 00f8 19E0     		b	.L439
 6253              	.L459:
 995:Middlewares/LVGL/lvgl/src/core/lv_obj_style.c ****                 else if(v >= 255) value_final.color = tr->end_value.color;
 6254              		.loc 1 995 28 is_stmt 1 discriminator 1 view .LVU1863
 995:Middlewares/LVGL/lvgl/src/core/lv_obj_style.c ****                 else if(v >= 255) value_final.color = tr->end_value.color;
 6255              		.loc 1 995 46 is_stmt 0 discriminator 1 view .LVU1864
 6256 00fa E368     		ldr	r3, [r4, #12]
 6257 00fc ADF80030 		strh	r3, [sp]	@ movhi
 6258 0100 1B0C     		lsrs	r3, r3, #16
 6259 0102 8DF80230 		strb	r3, [sp, #2]
 6260 0106 12E0     		b	.L439
 6261              	.L445:
 997:Middlewares/LVGL/lvgl/src/core/lv_obj_style.c ****                 break;
 6262              		.loc 1 997 22 is_stmt 1 view .LVU1865
 997:Middlewares/LVGL/lvgl/src/core/lv_obj_style.c ****                 break;
 6263              		.loc 1 997 42 is_stmt 0 view .LVU1866
 6264 0108 CAB2     		uxtb	r2, r1
 6265 010a E168     		ldr	r1, [r4, #12]
 6266              	.LVL647:
 997:Middlewares/LVGL/lvgl/src/core/lv_obj_style.c ****                 break;
 6267              		.loc 1 997 42 view .LVU1867
 6268 010c 2069     		ldr	r0, [r4, #16]
 6269 010e FFF7FEFF 		bl	lv_color_mix
 6270              	.LVL648:
 6271 0112 8DF80000 		strb	r0, [sp]
 6272 0116 C0F30723 		ubfx	r3, r0, #8, #8
 6273 011a 8DF80130 		strb	r3, [sp, #1]
 6274 011e C0F30740 		ubfx	r0, r0, #16, #8
 6275 0122 8DF80200 		strb	r0, [sp, #2]
 6276 0126 02E0     		b	.L439
 6277              	.LVL649:
 6278              	.L432:
1001:Middlewares/LVGL/lvgl/src/core/lv_obj_style.c ****                 else if(v == 255) value_final.num = tr->end_value.num;
 6279              		.loc 1 1001 17 is_stmt 1 view .LVU1868
1001:Middlewares/LVGL/lvgl/src/core/lv_obj_style.c ****                 else if(v == 255) value_final.num = tr->end_value.num;
 6280              		.loc 1 1001 19 is_stmt 0 view .LVU1869
 6281 0128 89B9     		cbnz	r1, .L446
1001:Middlewares/LVGL/lvgl/src/core/lv_obj_style.c ****                 else if(v == 255) value_final.num = tr->end_value.num;
 6282              		.loc 1 1001 28 is_stmt 1 discriminator 1 view .LVU1870
1001:Middlewares/LVGL/lvgl/src/core/lv_obj_style.c ****                 else if(v == 255) value_final.num = tr->end_value.num;
 6283              		.loc 1 1001 61 is_stmt 0 discriminator 1 view .LVU1871
 6284 012a E368     		ldr	r3, [r4, #12]
1001:Middlewares/LVGL/lvgl/src/core/lv_obj_style.c ****                 else if(v == 255) value_final.num = tr->end_value.num;
 6285              		.loc 1 1001 44 discriminator 1 view .LVU1872
 6286 012c 0093     		str	r3, [sp]
 6287              	.LVL650:
 6288              	.L439:
1007:Middlewares/LVGL/lvgl/src/core/lv_obj_style.c ****         bool refr = true;
 6289              		.loc 1 1007 9 is_stmt 1 view .LVU1873
1007:Middlewares/LVGL/lvgl/src/core/lv_obj_style.c ****         bool refr = true;
 6290              		.loc 1 1007 26 is_stmt 0 view .LVU1874
ARM GAS  C:\Users\w1785\AppData\Local\Temp\ccv6fGyr.s 			page 208


 6291 012e 0023     		movs	r3, #0
 6292 0130 0193     		str	r3, [sp, #4]
1008:Middlewares/LVGL/lvgl/src/core/lv_obj_style.c ****         if(lv_style_get_prop(obj->styles[i].style, tr->prop, &old_value)) {
 6293              		.loc 1 1008 9 is_stmt 1 view .LVU1875
 6294              	.LVL651:
1009:Middlewares/LVGL/lvgl/src/core/lv_obj_style.c ****             if(value_final.ptr == old_value.ptr && lv_color_eq(value_final.color, old_value.color) 
 6295              		.loc 1 1009 9 view .LVU1876
1009:Middlewares/LVGL/lvgl/src/core/lv_obj_style.c ****             if(value_final.ptr == old_value.ptr && lv_color_eq(value_final.color, old_value.color) 
 6296              		.loc 1 1009 33 is_stmt 0 view .LVU1877
 6297 0132 EB68     		ldr	r3, [r5, #12]
1009:Middlewares/LVGL/lvgl/src/core/lv_obj_style.c ****             if(value_final.ptr == old_value.ptr && lv_color_eq(value_final.color, old_value.color) 
 6298              		.loc 1 1009 12 view .LVU1878
 6299 0134 01AA     		add	r2, sp, #4
 6300 0136 2179     		ldrb	r1, [r4, #4]	@ zero_extendqisi2
 6301 0138 9859     		ldr	r0, [r3, r6]
 6302 013a FFF7FEFF 		bl	lv_style_get_prop
 6303              	.LVL652:
1009:Middlewares/LVGL/lvgl/src/core/lv_obj_style.c ****             if(value_final.ptr == old_value.ptr && lv_color_eq(value_final.color, old_value.color) 
 6304              		.loc 1 1009 11 discriminator 1 view .LVU1879
 6305 013e F8B1     		cbz	r0, .L452
1010:Middlewares/LVGL/lvgl/src/core/lv_obj_style.c ****                value_final.num == old_value.num) {
 6306              		.loc 1 1010 13 is_stmt 1 view .LVU1880
1010:Middlewares/LVGL/lvgl/src/core/lv_obj_style.c ****                value_final.num == old_value.num) {
 6307              		.loc 1 1010 27 is_stmt 0 view .LVU1881
 6308 0140 DDF80080 		ldr	r8, [sp]
1010:Middlewares/LVGL/lvgl/src/core/lv_obj_style.c ****                value_final.num == old_value.num) {
 6309              		.loc 1 1010 44 view .LVU1882
 6310 0144 019B     		ldr	r3, [sp, #4]
1010:Middlewares/LVGL/lvgl/src/core/lv_obj_style.c ****                value_final.num == old_value.num) {
 6311              		.loc 1 1010 15 view .LVU1883
 6312 0146 9845     		cmp	r8, r3
 6313 0148 0FD0     		beq	.L460
1008:Middlewares/LVGL/lvgl/src/core/lv_obj_style.c ****         if(lv_style_get_prop(obj->styles[i].style, tr->prop, &old_value)) {
 6314              		.loc 1 1008 14 view .LVU1884
 6315 014a 0127     		movs	r7, #1
 6316 014c 19E0     		b	.L448
 6317              	.LVL653:
 6318              	.L446:
1002:Middlewares/LVGL/lvgl/src/core/lv_obj_style.c ****                 else value_final.num = tr->start_value.num + ((int32_t)((int32_t)(tr->end_value.num
 6319              		.loc 1 1002 22 is_stmt 1 view .LVU1885
1002:Middlewares/LVGL/lvgl/src/core/lv_obj_style.c ****                 else value_final.num = tr->start_value.num + ((int32_t)((int32_t)(tr->end_value.num
 6320              		.loc 1 1002 24 is_stmt 0 view .LVU1886
 6321 014e FF29     		cmp	r1, #255
 6322 0150 08D0     		beq	.L461
1003:Middlewares/LVGL/lvgl/src/core/lv_obj_style.c ****                 break;
 6323              		.loc 1 1003 22 is_stmt 1 view .LVU1887
1003:Middlewares/LVGL/lvgl/src/core/lv_obj_style.c ****                 break;
 6324              		.loc 1 1003 55 is_stmt 0 view .LVU1888
 6325 0152 E268     		ldr	r2, [r4, #12]
1003:Middlewares/LVGL/lvgl/src/core/lv_obj_style.c ****                 break;
 6326              		.loc 1 1003 96 view .LVU1889
 6327 0154 2369     		ldr	r3, [r4, #16]
1003:Middlewares/LVGL/lvgl/src/core/lv_obj_style.c ****                 break;
 6328              		.loc 1 1003 101 view .LVU1890
 6329 0156 9B1A     		subs	r3, r3, r2
1003:Middlewares/LVGL/lvgl/src/core/lv_obj_style.c ****                 break;
 6330              		.loc 1 1003 63 view .LVU1891
ARM GAS  C:\Users\w1785\AppData\Local\Temp\ccv6fGyr.s 			page 209


 6331 0158 01FB03F3 		mul	r3, r1, r3
1003:Middlewares/LVGL/lvgl/src/core/lv_obj_style.c ****                 break;
 6332              		.loc 1 1003 60 view .LVU1892
 6333 015c 02EB2322 		add	r2, r2, r3, asr #8
1003:Middlewares/LVGL/lvgl/src/core/lv_obj_style.c ****                 break;
 6334              		.loc 1 1003 38 view .LVU1893
 6335 0160 0092     		str	r2, [sp]
 6336 0162 E4E7     		b	.L439
 6337              	.L461:
1002:Middlewares/LVGL/lvgl/src/core/lv_obj_style.c ****                 else value_final.num = tr->start_value.num + ((int32_t)((int32_t)(tr->end_value.num
 6338              		.loc 1 1002 35 is_stmt 1 discriminator 1 view .LVU1894
1002:Middlewares/LVGL/lvgl/src/core/lv_obj_style.c ****                 else value_final.num = tr->start_value.num + ((int32_t)((int32_t)(tr->end_value.num
 6339              		.loc 1 1002 66 is_stmt 0 discriminator 1 view .LVU1895
 6340 0164 2369     		ldr	r3, [r4, #16]
1002:Middlewares/LVGL/lvgl/src/core/lv_obj_style.c ****                 else value_final.num = tr->start_value.num + ((int32_t)((int32_t)(tr->end_value.num
 6341              		.loc 1 1002 51 discriminator 1 view .LVU1896
 6342 0166 0093     		str	r3, [sp]
 6343 0168 E1E7     		b	.L439
 6344              	.LVL654:
 6345              	.L460:
1010:Middlewares/LVGL/lvgl/src/core/lv_obj_style.c ****                value_final.num == old_value.num) {
 6346              		.loc 1 1010 52 discriminator 1 view .LVU1897
 6347 016a 1946     		mov	r1, r3
 6348 016c 4046     		mov	r0, r8
 6349 016e FFF7FEFF 		bl	lv_color_eq
 6350              	.LVL655:
1010:Middlewares/LVGL/lvgl/src/core/lv_obj_style.c ****                value_final.num == old_value.num) {
 6351              		.loc 1 1010 49 discriminator 1 view .LVU1898
 6352 0172 0746     		mov	r7, r0
 6353 0174 78B1     		cbz	r0, .L454
1011:Middlewares/LVGL/lvgl/src/core/lv_obj_style.c ****                 refr = false;
 6354              		.loc 1 1011 44 view .LVU1899
 6355 0176 019B     		ldr	r3, [sp, #4]
1010:Middlewares/LVGL/lvgl/src/core/lv_obj_style.c ****                value_final.num == old_value.num) {
 6356              		.loc 1 1010 100 discriminator 2 view .LVU1900
 6357 0178 9845     		cmp	r8, r3
 6358 017a 02D1     		bne	.L448
1012:Middlewares/LVGL/lvgl/src/core/lv_obj_style.c ****             }
 6359              		.loc 1 1012 22 view .LVU1901
 6360 017c 0027     		movs	r7, #0
 6361 017e 00E0     		b	.L448
 6362              	.L452:
1008:Middlewares/LVGL/lvgl/src/core/lv_obj_style.c ****         if(lv_style_get_prop(obj->styles[i].style, tr->prop, &old_value)) {
 6363              		.loc 1 1008 14 view .LVU1902
 6364 0180 0127     		movs	r7, #1
 6365              	.L448:
 6366              	.LVL656:
1015:Middlewares/LVGL/lvgl/src/core/lv_obj_style.c ****         if(refr) lv_obj_refresh_style(tr->obj, tr->selector, tr->prop);
 6367              		.loc 1 1015 9 is_stmt 1 view .LVU1903
1015:Middlewares/LVGL/lvgl/src/core/lv_obj_style.c ****         if(refr) lv_obj_refresh_style(tr->obj, tr->selector, tr->prop);
 6368              		.loc 1 1015 44 is_stmt 0 view .LVU1904
 6369 0182 EB68     		ldr	r3, [r5, #12]
1015:Middlewares/LVGL/lvgl/src/core/lv_obj_style.c ****         if(refr) lv_obj_refresh_style(tr->obj, tr->selector, tr->prop);
 6370              		.loc 1 1015 9 view .LVU1905
 6371 0184 009A     		ldr	r2, [sp]
 6372 0186 2179     		ldrb	r1, [r4, #4]	@ zero_extendqisi2
 6373 0188 9859     		ldr	r0, [r3, r6]
ARM GAS  C:\Users\w1785\AppData\Local\Temp\ccv6fGyr.s 			page 210


 6374 018a FFF7FEFF 		bl	lv_style_set_prop
 6375              	.LVL657:
1016:Middlewares/LVGL/lvgl/src/core/lv_obj_style.c ****         break;
 6376              		.loc 1 1016 9 is_stmt 1 view .LVU1906
1016:Middlewares/LVGL/lvgl/src/core/lv_obj_style.c ****         break;
 6377              		.loc 1 1016 11 is_stmt 0 view .LVU1907
 6378 018e 27B9     		cbnz	r7, .L462
 6379              	.LVL658:
 6380              	.L428:
1016:Middlewares/LVGL/lvgl/src/core/lv_obj_style.c ****         break;
 6381              		.loc 1 1016 11 view .LVU1908
 6382              	.LBE263:
1021:Middlewares/LVGL/lvgl/src/core/lv_obj_style.c **** 
 6383              		.loc 1 1021 1 view .LVU1909
 6384 0190 02B0     		add	sp, sp, #8
 6385              	.LCFI89:
 6386              		.cfi_remember_state
 6387              		.cfi_def_cfa_offset 24
 6388              		@ sp needed
 6389 0192 BDE8F081 		pop	{r4, r5, r6, r7, r8, pc}
 6390              	.LVL659:
 6391              	.L454:
 6392              	.LCFI90:
 6393              		.cfi_restore_state
 6394              	.LBB264:
1008:Middlewares/LVGL/lvgl/src/core/lv_obj_style.c ****         if(lv_style_get_prop(obj->styles[i].style, tr->prop, &old_value)) {
 6395              		.loc 1 1008 14 view .LVU1910
 6396 0196 0127     		movs	r7, #1
 6397 0198 F3E7     		b	.L448
 6398              	.LVL660:
 6399              	.L462:
1016:Middlewares/LVGL/lvgl/src/core/lv_obj_style.c ****         break;
 6400              		.loc 1 1016 18 is_stmt 1 discriminator 1 view .LVU1911
 6401 019a 2279     		ldrb	r2, [r4, #4]	@ zero_extendqisi2
 6402 019c A168     		ldr	r1, [r4, #8]
 6403 019e 2068     		ldr	r0, [r4]
 6404 01a0 FFF7FEFF 		bl	lv_obj_refresh_style
 6405              	.LVL661:
1017:Middlewares/LVGL/lvgl/src/core/lv_obj_style.c **** 
 6406              		.loc 1 1017 9 view .LVU1912
 6407 01a4 F4E7     		b	.L428
 6408              	.LBE264:
 6409              		.cfi_endproc
 6410              	.LFE235:
 6412              		.section	.text.lv_obj_style_apply_recolor,"ax",%progbits
 6413              		.align	1
 6414              		.global	lv_obj_style_apply_recolor
 6415              		.syntax unified
 6416              		.thumb
 6417              		.thumb_func
 6419              	lv_obj_style_apply_recolor:
 6420              	.LVL662:
 6421              	.LFB225:
 646:Middlewares/LVGL/lvgl/src/core/lv_obj_style.c ****     lv_opa_t opa = lv_obj_get_style_recolor_opa(obj, part);
 6422              		.loc 1 646 1 view -0
 6423              		.cfi_startproc
 6424              		@ args = 0, pretend = 0, frame = 24
ARM GAS  C:\Users\w1785\AppData\Local\Temp\ccv6fGyr.s 			page 211


 6425              		@ frame_needed = 0, uses_anonymous_args = 0
 646:Middlewares/LVGL/lvgl/src/core/lv_obj_style.c ****     lv_opa_t opa = lv_obj_get_style_recolor_opa(obj, part);
 6426              		.loc 1 646 1 is_stmt 0 view .LVU1914
 6427 0000 70B5     		push	{r4, r5, r6, lr}
 6428              	.LCFI91:
 6429              		.cfi_def_cfa_offset 16
 6430              		.cfi_offset 4, -16
 6431              		.cfi_offset 5, -12
 6432              		.cfi_offset 6, -8
 6433              		.cfi_offset 14, -4
 6434 0002 86B0     		sub	sp, sp, #24
 6435              	.LCFI92:
 6436              		.cfi_def_cfa_offset 40
 6437 0004 0546     		mov	r5, r0
 6438 0006 0E46     		mov	r6, r1
 6439 0008 0192     		str	r2, [sp, #4]
 647:Middlewares/LVGL/lvgl/src/core/lv_obj_style.c ****     if(opa > LV_OPA_TRANSP) {
 6440              		.loc 1 647 5 is_stmt 1 view .LVU1915
 6441              	.LVL663:
 6442              	.LBB265:
 6443              	.LBI265:
1506:Middlewares/LVGL/lvgl/src/core/lv_obj_style_gen.h **** {
 6444              		.loc 5 1506 24 view .LVU1916
 6445              	.LBB266:
1508:Middlewares/LVGL/lvgl/src/core/lv_obj_style_gen.h ****     return (lv_opa_t)v.num;
 6446              		.loc 5 1508 5 view .LVU1917
1508:Middlewares/LVGL/lvgl/src/core/lv_obj_style_gen.h ****     return (lv_opa_t)v.num;
 6447              		.loc 5 1508 26 is_stmt 0 view .LVU1918
 6448 000a 8322     		movs	r2, #131
 6449 000c FFF7FEFF 		bl	lv_obj_get_style_prop
 6450              	.LVL664:
1508:Middlewares/LVGL/lvgl/src/core/lv_obj_style_gen.h ****     return (lv_opa_t)v.num;
 6451              		.loc 5 1508 26 view .LVU1919
 6452 0010 0290     		str	r0, [sp, #8]
1509:Middlewares/LVGL/lvgl/src/core/lv_obj_style_gen.h **** }
 6453              		.loc 5 1509 5 is_stmt 1 view .LVU1920
 6454              	.LVL665:
1509:Middlewares/LVGL/lvgl/src/core/lv_obj_style_gen.h **** }
 6455              		.loc 5 1509 5 is_stmt 0 view .LVU1921
 6456              	.LBE266:
 6457              	.LBE265:
 648:Middlewares/LVGL/lvgl/src/core/lv_obj_style.c ****         lv_color_t recolor = lv_obj_get_style_recolor(obj, part);
 6458              		.loc 1 648 5 is_stmt 1 view .LVU1922
 648:Middlewares/LVGL/lvgl/src/core/lv_obj_style.c ****         lv_color_t recolor = lv_obj_get_style_recolor(obj, part);
 6459              		.loc 1 648 7 is_stmt 0 view .LVU1923
 6460 0012 10F0FF04 		ands	r4, r0, #255
 6461 0016 14D1     		bne	.L466
 6462              	.LVL666:
 6463              	.L464:
 653:Middlewares/LVGL/lvgl/src/core/lv_obj_style.c **** }
 6464              		.loc 1 653 5 is_stmt 1 view .LVU1924
 653:Middlewares/LVGL/lvgl/src/core/lv_obj_style.c **** }
 6465              		.loc 1 653 12 is_stmt 0 view .LVU1925
 6466 0018 019B     		ldr	r3, [sp, #4]
 6467 001a 0493     		str	r3, [sp, #16]
 653:Middlewares/LVGL/lvgl/src/core/lv_obj_style.c **** }
 6468              		.loc 1 653 12 discriminator 1 view .LVU1926
ARM GAS  C:\Users\w1785\AppData\Local\Temp\ccv6fGyr.s 			page 212


 6469 001c 0020     		movs	r0, #0
 6470 001e 9DF81030 		ldrb	r3, [sp, #16]	@ zero_extendqisi2
 6471 0022 63F30700 		bfi	r0, r3, #0, #8
 6472 0026 9DF81130 		ldrb	r3, [sp, #17]	@ zero_extendqisi2
 6473 002a 63F30F20 		bfi	r0, r3, #8, #8
 6474 002e 9DF81230 		ldrb	r3, [sp, #18]	@ zero_extendqisi2
 6475 0032 63F31740 		bfi	r0, r3, #16, #8
 6476 0036 9DF81330 		ldrb	r3, [sp, #19]	@ zero_extendqisi2
 6477 003a 63F31F60 		bfi	r0, r3, #24, #8
 654:Middlewares/LVGL/lvgl/src/core/lv_obj_style.c **** 
 6478              		.loc 1 654 1 view .LVU1927
 6479 003e 06B0     		add	sp, sp, #24
 6480              	.LCFI93:
 6481              		.cfi_remember_state
 6482              		.cfi_def_cfa_offset 16
 6483              		@ sp needed
 6484 0040 70BD     		pop	{r4, r5, r6, pc}
 6485              	.LVL667:
 6486              	.L466:
 6487              	.LCFI94:
 6488              		.cfi_restore_state
 6489              	.LBB267:
 649:Middlewares/LVGL/lvgl/src/core/lv_obj_style.c ****         color = lv_color_over32(color, lv_color_to_32(recolor, opa));
 6490              		.loc 1 649 9 is_stmt 1 view .LVU1928
 6491              	.LBB268:
 6492              	.LBI268:
1491:Middlewares/LVGL/lvgl/src/core/lv_obj_style_gen.h **** {
 6493              		.loc 5 1491 26 view .LVU1929
 6494              	.LBB269:
1493:Middlewares/LVGL/lvgl/src/core/lv_obj_style_gen.h ****     return v.color;
 6495              		.loc 5 1493 5 view .LVU1930
1493:Middlewares/LVGL/lvgl/src/core/lv_obj_style_gen.h ****     return v.color;
 6496              		.loc 5 1493 26 is_stmt 0 view .LVU1931
 6497 0042 8222     		movs	r2, #130
 6498 0044 3146     		mov	r1, r6
 6499 0046 2846     		mov	r0, r5
 6500              	.LVL668:
1493:Middlewares/LVGL/lvgl/src/core/lv_obj_style_gen.h ****     return v.color;
 6501              		.loc 5 1493 26 view .LVU1932
 6502 0048 FFF7FEFF 		bl	lv_obj_get_style_prop
 6503              	.LVL669:
1493:Middlewares/LVGL/lvgl/src/core/lv_obj_style_gen.h ****     return v.color;
 6504              		.loc 5 1493 26 view .LVU1933
 6505 004c 0290     		str	r0, [sp, #8]
1494:Middlewares/LVGL/lvgl/src/core/lv_obj_style_gen.h **** }
 6506              		.loc 5 1494 5 is_stmt 1 view .LVU1934
1494:Middlewares/LVGL/lvgl/src/core/lv_obj_style_gen.h **** }
 6507              		.loc 5 1494 13 is_stmt 0 view .LVU1935
 6508 004e ADF81400 		strh	r0, [sp, #20]	@ movhi
 6509 0052 030C     		lsrs	r3, r0, #16
 6510 0054 8DF81630 		strb	r3, [sp, #22]
 6511 0058 059B     		ldr	r3, [sp, #20]
 6512 005a ADF80830 		strh	r3, [sp, #8]	@ movhi
 6513 005e 1B0C     		lsrs	r3, r3, #16
 6514 0060 8DF80A30 		strb	r3, [sp, #10]
 6515              	.LVL670:
1494:Middlewares/LVGL/lvgl/src/core/lv_obj_style_gen.h **** }
ARM GAS  C:\Users\w1785\AppData\Local\Temp\ccv6fGyr.s 			page 213


 6516              		.loc 5 1494 13 view .LVU1936
 6517              	.LBE269:
 6518              	.LBE268:
 650:Middlewares/LVGL/lvgl/src/core/lv_obj_style.c ****     }
 6519              		.loc 1 650 9 is_stmt 1 view .LVU1937
 650:Middlewares/LVGL/lvgl/src/core/lv_obj_style.c ****     }
 6520              		.loc 1 650 17 is_stmt 0 view .LVU1938
 6521 0064 2146     		mov	r1, r4
 6522 0066 0298     		ldr	r0, [sp, #8]
 6523 0068 FFF7FEFF 		bl	lv_color_to_32
 6524              	.LVL671:
 6525 006c 0146     		mov	r1, r0
 6526 006e 0390     		str	r0, [sp, #12]
 650:Middlewares/LVGL/lvgl/src/core/lv_obj_style.c ****     }
 6527              		.loc 1 650 17 discriminator 1 view .LVU1939
 6528 0070 0198     		ldr	r0, [sp, #4]
 6529 0072 FFF7FEFF 		bl	lv_color_over32
 6530              	.LVL672:
 6531 0076 0190     		str	r0, [sp, #4]
 6532 0078 CEE7     		b	.L464
 6533              	.LBE267:
 6534              		.cfi_endproc
 6535              	.LFE225:
 6537              		.section	.text.lv_obj_get_style_recolor_recursive,"ax",%progbits
 6538              		.align	1
 6539              		.global	lv_obj_get_style_recolor_recursive
 6540              		.syntax unified
 6541              		.thumb
 6542              		.thumb_func
 6544              	lv_obj_get_style_recolor_recursive:
 6545              	.LVL673:
 6546              	.LFB226:
 657:Middlewares/LVGL/lvgl/src/core/lv_obj_style.c ****     lv_color32_t result;
 6547              		.loc 1 657 1 is_stmt 1 view -0
 6548              		.cfi_startproc
 6549              		@ args = 0, pretend = 0, frame = 24
 6550              		@ frame_needed = 0, uses_anonymous_args = 0
 657:Middlewares/LVGL/lvgl/src/core/lv_obj_style.c ****     lv_color32_t result;
 6551              		.loc 1 657 1 is_stmt 0 view .LVU1941
 6552 0000 30B5     		push	{r4, r5, lr}
 6553              	.LCFI95:
 6554              		.cfi_def_cfa_offset 12
 6555              		.cfi_offset 4, -12
 6556              		.cfi_offset 5, -8
 6557              		.cfi_offset 14, -4
 6558 0002 87B0     		sub	sp, sp, #28
 6559              	.LCFI96:
 6560              		.cfi_def_cfa_offset 40
 6561 0004 0446     		mov	r4, r0
 6562 0006 0D46     		mov	r5, r1
 658:Middlewares/LVGL/lvgl/src/core/lv_obj_style.c **** 
 6563              		.loc 1 658 5 is_stmt 1 view .LVU1942
 660:Middlewares/LVGL/lvgl/src/core/lv_obj_style.c ****     lv_opa_t opa = lv_obj_get_style_recolor_opa(obj, part);
 6564              		.loc 1 660 5 view .LVU1943
 6565              	.LVL674:
 6566              	.LBB270:
 6567              	.LBI270:
ARM GAS  C:\Users\w1785\AppData\Local\Temp\ccv6fGyr.s 			page 214


1491:Middlewares/LVGL/lvgl/src/core/lv_obj_style_gen.h **** {
 6568              		.loc 5 1491 26 view .LVU1944
 6569              	.LBB271:
1493:Middlewares/LVGL/lvgl/src/core/lv_obj_style_gen.h ****     return v.color;
 6570              		.loc 5 1493 5 view .LVU1945
1493:Middlewares/LVGL/lvgl/src/core/lv_obj_style_gen.h ****     return v.color;
 6571              		.loc 5 1493 26 is_stmt 0 view .LVU1946
 6572 0008 8222     		movs	r2, #130
 6573 000a FFF7FEFF 		bl	lv_obj_get_style_prop
 6574              	.LVL675:
1493:Middlewares/LVGL/lvgl/src/core/lv_obj_style_gen.h ****     return v.color;
 6575              		.loc 5 1493 26 view .LVU1947
 6576 000e 0190     		str	r0, [sp, #4]
1494:Middlewares/LVGL/lvgl/src/core/lv_obj_style_gen.h **** }
 6577              		.loc 5 1494 5 is_stmt 1 view .LVU1948
1494:Middlewares/LVGL/lvgl/src/core/lv_obj_style_gen.h **** }
 6578              		.loc 5 1494 13 is_stmt 0 view .LVU1949
 6579 0010 ADF81400 		strh	r0, [sp, #20]	@ movhi
 6580 0014 030C     		lsrs	r3, r0, #16
 6581 0016 8DF81630 		strb	r3, [sp, #22]
 6582 001a 059B     		ldr	r3, [sp, #20]
 6583 001c ADF80830 		strh	r3, [sp, #8]	@ movhi
 6584 0020 1B0C     		lsrs	r3, r3, #16
 6585 0022 8DF80A30 		strb	r3, [sp, #10]
 6586              	.LVL676:
1494:Middlewares/LVGL/lvgl/src/core/lv_obj_style_gen.h **** }
 6587              		.loc 5 1494 13 view .LVU1950
 6588              	.LBE271:
 6589              	.LBE270:
 661:Middlewares/LVGL/lvgl/src/core/lv_obj_style.c **** 
 6590              		.loc 1 661 5 is_stmt 1 view .LVU1951
 6591              	.LBB272:
 6592              	.LBI272:
1506:Middlewares/LVGL/lvgl/src/core/lv_obj_style_gen.h **** {
 6593              		.loc 5 1506 24 view .LVU1952
 6594              	.LBB273:
1508:Middlewares/LVGL/lvgl/src/core/lv_obj_style_gen.h ****     return (lv_opa_t)v.num;
 6595              		.loc 5 1508 5 view .LVU1953
1508:Middlewares/LVGL/lvgl/src/core/lv_obj_style_gen.h ****     return (lv_opa_t)v.num;
 6596              		.loc 5 1508 26 is_stmt 0 view .LVU1954
 6597 0026 8322     		movs	r2, #131
 6598 0028 2946     		mov	r1, r5
 6599 002a 2046     		mov	r0, r4
 6600 002c FFF7FEFF 		bl	lv_obj_get_style_prop
 6601              	.LVL677:
 6602 0030 0190     		str	r0, [sp, #4]
1509:Middlewares/LVGL/lvgl/src/core/lv_obj_style_gen.h **** }
 6603              		.loc 5 1509 5 is_stmt 1 view .LVU1955
 6604              	.LVL678:
1509:Middlewares/LVGL/lvgl/src/core/lv_obj_style_gen.h **** }
 6605              		.loc 5 1509 5 is_stmt 0 view .LVU1956
 6606              	.LBE273:
 6607              	.LBE272:
 663:Middlewares/LVGL/lvgl/src/core/lv_obj_style.c **** 
 6608              		.loc 1 663 5 is_stmt 1 view .LVU1957
 663:Middlewares/LVGL/lvgl/src/core/lv_obj_style.c **** 
 6609              		.loc 1 663 14 is_stmt 0 view .LVU1958
ARM GAS  C:\Users\w1785\AppData\Local\Temp\ccv6fGyr.s 			page 215


 6610 0032 C1B2     		uxtb	r1, r0
 6611 0034 0298     		ldr	r0, [sp, #8]
 6612              	.LVL679:
 663:Middlewares/LVGL/lvgl/src/core/lv_obj_style.c **** 
 6613              		.loc 1 663 14 view .LVU1959
 6614 0036 FFF7FEFF 		bl	lv_color_to_32
 6615              	.LVL680:
 663:Middlewares/LVGL/lvgl/src/core/lv_obj_style.c **** 
 6616              		.loc 1 663 14 view .LVU1960
 6617 003a 0390     		str	r0, [sp, #12]
 665:Middlewares/LVGL/lvgl/src/core/lv_obj_style.c ****         part = LV_PART_MAIN;
 6618              		.loc 1 665 5 is_stmt 1 view .LVU1961
 665:Middlewares/LVGL/lvgl/src/core/lv_obj_style.c ****         part = LV_PART_MAIN;
 6619              		.loc 1 665 7 is_stmt 0 view .LVU1962
 6620 003c 75B9     		cbnz	r5, .L469
 669:Middlewares/LVGL/lvgl/src/core/lv_obj_style.c ****     }
 6621              		.loc 1 669 9 is_stmt 1 view .LVU1963
 669:Middlewares/LVGL/lvgl/src/core/lv_obj_style.c ****     }
 6622              		.loc 1 669 15 is_stmt 0 view .LVU1964
 6623 003e 2046     		mov	r0, r4
 6624 0040 FFF7FEFF 		bl	lv_obj_get_parent
 6625              	.LVL681:
 6626 0044 0446     		mov	r4, r0
 6627              	.LVL682:
 669:Middlewares/LVGL/lvgl/src/core/lv_obj_style.c ****     }
 6628              		.loc 1 669 15 view .LVU1965
 6629 0046 09E0     		b	.L469
 6630              	.LVL683:
 6631              	.L470:
 673:Middlewares/LVGL/lvgl/src/core/lv_obj_style.c ****         obj = lv_obj_get_parent(obj);
 6632              		.loc 1 673 9 is_stmt 1 view .LVU1966
 673:Middlewares/LVGL/lvgl/src/core/lv_obj_style.c ****         obj = lv_obj_get_parent(obj);
 6633              		.loc 1 673 18 is_stmt 0 view .LVU1967
 6634 0048 039A     		ldr	r2, [sp, #12]
 6635 004a 0021     		movs	r1, #0
 6636 004c 2046     		mov	r0, r4
 6637 004e FFF7FEFF 		bl	lv_obj_style_apply_recolor
 6638              	.LVL684:
 6639 0052 0390     		str	r0, [sp, #12]
 674:Middlewares/LVGL/lvgl/src/core/lv_obj_style.c ****     }
 6640              		.loc 1 674 9 is_stmt 1 view .LVU1968
 674:Middlewares/LVGL/lvgl/src/core/lv_obj_style.c ****     }
 6641              		.loc 1 674 15 is_stmt 0 view .LVU1969
 6642 0054 2046     		mov	r0, r4
 6643 0056 FFF7FEFF 		bl	lv_obj_get_parent
 6644              	.LVL685:
 6645 005a 0446     		mov	r4, r0
 6646              	.LVL686:
 6647              	.L469:
 672:Middlewares/LVGL/lvgl/src/core/lv_obj_style.c ****         result = lv_obj_style_apply_recolor(obj, part, result);
 6648              		.loc 1 672 11 is_stmt 1 view .LVU1970
 6649 005c 002C     		cmp	r4, #0
 6650 005e F3D1     		bne	.L470
 677:Middlewares/LVGL/lvgl/src/core/lv_obj_style.c **** }
 6651              		.loc 1 677 5 view .LVU1971
 677:Middlewares/LVGL/lvgl/src/core/lv_obj_style.c **** }
 6652              		.loc 1 677 12 is_stmt 0 view .LVU1972
ARM GAS  C:\Users\w1785\AppData\Local\Temp\ccv6fGyr.s 			page 216


 6653 0060 039B     		ldr	r3, [sp, #12]
 6654 0062 0493     		str	r3, [sp, #16]
 6655 0064 0020     		movs	r0, #0
 6656 0066 9DF81030 		ldrb	r3, [sp, #16]	@ zero_extendqisi2
 6657 006a 63F30700 		bfi	r0, r3, #0, #8
 6658 006e 9DF81130 		ldrb	r3, [sp, #17]	@ zero_extendqisi2
 6659 0072 63F30F20 		bfi	r0, r3, #8, #8
 6660 0076 9DF81230 		ldrb	r3, [sp, #18]	@ zero_extendqisi2
 6661 007a 63F31740 		bfi	r0, r3, #16, #8
 6662 007e 9DF81330 		ldrb	r3, [sp, #19]	@ zero_extendqisi2
 6663 0082 63F31F60 		bfi	r0, r3, #24, #8
 678:Middlewares/LVGL/lvgl/src/core/lv_obj_style.c **** 
 6664              		.loc 1 678 1 view .LVU1973
 6665 0086 07B0     		add	sp, sp, #28
 6666              	.LCFI97:
 6667              		.cfi_def_cfa_offset 12
 6668              		@ sp needed
 6669 0088 30BD     		pop	{r4, r5, pc}
 678:Middlewares/LVGL/lvgl/src/core/lv_obj_style.c **** 
 6670              		.loc 1 678 1 view .LVU1974
 6671              		.cfi_endproc
 6672              	.LFE226:
 6674              		.section	.text.lv_obj_bind_style,"ax",%progbits
 6675              		.align	1
 6676              		.global	lv_obj_bind_style
 6677              		.syntax unified
 6678              		.thumb
 6679              		.thumb_func
 6681              	lv_obj_bind_style:
 6682              	.LVL687:
 6683              	.LFB227:
 684:Middlewares/LVGL/lvgl/src/core/lv_obj_style.c ****     LV_ASSERT_NULL(subject);
 6684              		.loc 1 684 1 is_stmt 1 view -0
 6685              		.cfi_startproc
 6686              		@ args = 4, pretend = 0, frame = 0
 6687              		@ frame_needed = 0, uses_anonymous_args = 0
 685:Middlewares/LVGL/lvgl/src/core/lv_obj_style.c ****     LV_ASSERT_NULL(obj);
 6688              		.loc 1 685 5 view .LVU1976
 685:Middlewares/LVGL/lvgl/src/core/lv_obj_style.c ****     LV_ASSERT_NULL(obj);
 6689              		.loc 1 685 5 view .LVU1977
 6690 0000 03B3     		cbz	r3, .L474
 684:Middlewares/LVGL/lvgl/src/core/lv_obj_style.c ****     LV_ASSERT_NULL(subject);
 6691              		.loc 1 684 1 is_stmt 0 view .LVU1978
 6692 0002 F8B5     		push	{r3, r4, r5, r6, r7, lr}
 6693              	.LCFI98:
 6694              		.cfi_def_cfa_offset 24
 6695              		.cfi_offset 3, -24
 6696              		.cfi_offset 4, -20
 6697              		.cfi_offset 5, -16
 6698              		.cfi_offset 6, -12
 6699              		.cfi_offset 7, -8
 6700              		.cfi_offset 14, -4
 6701 0004 0446     		mov	r4, r0
 6702 0006 0E46     		mov	r6, r1
 6703 0008 1546     		mov	r5, r2
 6704 000a 1F46     		mov	r7, r3
 685:Middlewares/LVGL/lvgl/src/core/lv_obj_style.c ****     LV_ASSERT_NULL(obj);
ARM GAS  C:\Users\w1785\AppData\Local\Temp\ccv6fGyr.s 			page 217


 6705              		.loc 1 685 5 is_stmt 1 view .LVU1979
 685:Middlewares/LVGL/lvgl/src/core/lv_obj_style.c ****     LV_ASSERT_NULL(obj);
 6706              		.loc 1 685 28 view .LVU1980
 686:Middlewares/LVGL/lvgl/src/core/lv_obj_style.c **** 
 6707              		.loc 1 686 5 view .LVU1981
 686:Middlewares/LVGL/lvgl/src/core/lv_obj_style.c **** 
 6708              		.loc 1 686 5 view .LVU1982
 6709 000c D8B1     		cbz	r0, .L476
 686:Middlewares/LVGL/lvgl/src/core/lv_obj_style.c **** 
 6710              		.loc 1 686 5 view .LVU1983
 686:Middlewares/LVGL/lvgl/src/core/lv_obj_style.c **** 
 6711              		.loc 1 686 24 view .LVU1984
 688:Middlewares/LVGL/lvgl/src/core/lv_obj_style.c ****         LV_LOG_WARN("Subject type must be `int` (was %d)", subject->type);
 6712              		.loc 1 688 5 view .LVU1985
 688:Middlewares/LVGL/lvgl/src/core/lv_obj_style.c ****         LV_LOG_WARN("Subject type must be `int` (was %d)", subject->type);
 6713              		.loc 1 688 22 is_stmt 0 view .LVU1986
 6714 000e 93F82030 		ldrb	r3, [r3, #32]	@ zero_extendqisi2
 6715              	.LVL688:
 688:Middlewares/LVGL/lvgl/src/core/lv_obj_style.c ****         LV_LOG_WARN("Subject type must be `int` (was %d)", subject->type);
 6716              		.loc 1 688 22 view .LVU1987
 6717 0012 03F00F03 		and	r3, r3, #15
 688:Middlewares/LVGL/lvgl/src/core/lv_obj_style.c ****         LV_LOG_WARN("Subject type must be `int` (was %d)", subject->type);
 6718              		.loc 1 688 7 view .LVU1988
 6719 0016 022B     		cmp	r3, #2
 6720 0018 17D1     		bne	.L480
 693:Middlewares/LVGL/lvgl/src/core/lv_obj_style.c **** 
 6721              		.loc 1 693 5 is_stmt 1 view .LVU1989
 6722 001a FFF7FEFF 		bl	lv_obj_add_style
 6723              	.LVL689:
 695:Middlewares/LVGL/lvgl/src/core/lv_obj_style.c ****     LV_ASSERT_MALLOC(p);
 6724              		.loc 1 695 5 view .LVU1990
 695:Middlewares/LVGL/lvgl/src/core/lv_obj_style.c ****     LV_ASSERT_MALLOC(p);
 6725              		.loc 1 695 24 is_stmt 0 view .LVU1991
 6726 001e 0C20     		movs	r0, #12
 6727 0020 FFF7FEFF 		bl	lv_malloc
 6728              	.LVL690:
 696:Middlewares/LVGL/lvgl/src/core/lv_obj_style.c ****     if(p == NULL) {
 6729              		.loc 1 696 5 is_stmt 1 view .LVU1992
 696:Middlewares/LVGL/lvgl/src/core/lv_obj_style.c ****     if(p == NULL) {
 6730              		.loc 1 696 5 view .LVU1993
 6731 0024 0346     		mov	r3, r0
 6732 0026 78B1     		cbz	r0, .L479
 696:Middlewares/LVGL/lvgl/src/core/lv_obj_style.c ****     if(p == NULL) {
 6733              		.loc 1 696 5 view .LVU1994
 696:Middlewares/LVGL/lvgl/src/core/lv_obj_style.c ****     if(p == NULL) {
 6734              		.loc 1 696 24 view .LVU1995
 697:Middlewares/LVGL/lvgl/src/core/lv_obj_style.c ****         LV_LOG_WARN("Out of memory");
 6735              		.loc 1 697 5 view .LVU1996
 702:Middlewares/LVGL/lvgl/src/core/lv_obj_style.c ****     p->selector = selector;
 6736              		.loc 1 702 5 view .LVU1997
 702:Middlewares/LVGL/lvgl/src/core/lv_obj_style.c ****     p->selector = selector;
 6737              		.loc 1 702 14 is_stmt 0 view .LVU1998
 6738 0028 0660     		str	r6, [r0]
 703:Middlewares/LVGL/lvgl/src/core/lv_obj_style.c ****     p->value = ref_value;
 6739              		.loc 1 703 5 is_stmt 1 view .LVU1999
 703:Middlewares/LVGL/lvgl/src/core/lv_obj_style.c ****     p->value = ref_value;
 6740              		.loc 1 703 17 is_stmt 0 view .LVU2000
ARM GAS  C:\Users\w1785\AppData\Local\Temp\ccv6fGyr.s 			page 218


 6741 002a 4560     		str	r5, [r0, #4]
 704:Middlewares/LVGL/lvgl/src/core/lv_obj_style.c **** 
 6742              		.loc 1 704 5 is_stmt 1 view .LVU2001
 704:Middlewares/LVGL/lvgl/src/core/lv_obj_style.c **** 
 6743              		.loc 1 704 14 is_stmt 0 view .LVU2002
 6744 002c 069A     		ldr	r2, [sp, #24]
 6745 002e 8260     		str	r2, [r0, #8]
 706:Middlewares/LVGL/lvgl/src/core/lv_obj_style.c ****     observable->auto_free_user_data = 1;
 6746              		.loc 1 706 5 is_stmt 1 view .LVU2003
 706:Middlewares/LVGL/lvgl/src/core/lv_obj_style.c ****     observable->auto_free_user_data = 1;
 6747              		.loc 1 706 34 is_stmt 0 view .LVU2004
 6748 0030 2246     		mov	r2, r4
 6749 0032 0749     		ldr	r1, .L483
 6750 0034 3846     		mov	r0, r7
 6751              	.LVL691:
 706:Middlewares/LVGL/lvgl/src/core/lv_obj_style.c ****     observable->auto_free_user_data = 1;
 6752              		.loc 1 706 34 view .LVU2005
 6753 0036 FFF7FEFF 		bl	lv_subject_add_observer_obj
 6754              	.LVL692:
 707:Middlewares/LVGL/lvgl/src/core/lv_obj_style.c ****     return observable;
 6755              		.loc 1 707 5 is_stmt 1 view .LVU2006
 707:Middlewares/LVGL/lvgl/src/core/lv_obj_style.c ****     return observable;
 6756              		.loc 1 707 37 is_stmt 0 view .LVU2007
 6757 003a 037C     		ldrb	r3, [r0, #16]	@ zero_extendqisi2
 6758 003c 43F00103 		orr	r3, r3, #1
 6759 0040 0374     		strb	r3, [r0, #16]
 708:Middlewares/LVGL/lvgl/src/core/lv_obj_style.c **** }
 6760              		.loc 1 708 5 is_stmt 1 view .LVU2008
 708:Middlewares/LVGL/lvgl/src/core/lv_obj_style.c **** }
 6761              		.loc 1 708 12 is_stmt 0 view .LVU2009
 6762 0042 03E0     		b	.L472
 6763              	.LVL693:
 6764              	.L474:
 6765              	.LCFI99:
 6766              		.cfi_def_cfa_offset 0
 6767              		.cfi_restore 3
 6768              		.cfi_restore 4
 6769              		.cfi_restore 5
 6770              		.cfi_restore 6
 6771              		.cfi_restore 7
 6772              		.cfi_restore 14
 685:Middlewares/LVGL/lvgl/src/core/lv_obj_style.c ****     LV_ASSERT_NULL(obj);
 6773              		.loc 1 685 5 is_stmt 1 view .LVU2010
 685:Middlewares/LVGL/lvgl/src/core/lv_obj_style.c ****     LV_ASSERT_NULL(obj);
 6774              		.loc 1 685 5 view .LVU2011
 685:Middlewares/LVGL/lvgl/src/core/lv_obj_style.c ****     LV_ASSERT_NULL(obj);
 6775              		.loc 1 685 5 view .LVU2012
 685:Middlewares/LVGL/lvgl/src/core/lv_obj_style.c ****     LV_ASSERT_NULL(obj);
 6776              		.loc 1 685 5 view .LVU2013
 685:Middlewares/LVGL/lvgl/src/core/lv_obj_style.c ****     LV_ASSERT_NULL(obj);
 6777              		.loc 1 685 5 view .LVU2014
 6778 0044 FEE7     		b	.L474
 6779              	.L476:
 6780              	.LCFI100:
 6781              		.cfi_def_cfa_offset 24
 6782              		.cfi_offset 3, -24
 6783              		.cfi_offset 4, -20
ARM GAS  C:\Users\w1785\AppData\Local\Temp\ccv6fGyr.s 			page 219


 6784              		.cfi_offset 5, -16
 6785              		.cfi_offset 6, -12
 6786              		.cfi_offset 7, -8
 6787              		.cfi_offset 14, -4
 686:Middlewares/LVGL/lvgl/src/core/lv_obj_style.c **** 
 6788              		.loc 1 686 5 view .LVU2015
 686:Middlewares/LVGL/lvgl/src/core/lv_obj_style.c **** 
 6789              		.loc 1 686 5 view .LVU2016
 686:Middlewares/LVGL/lvgl/src/core/lv_obj_style.c **** 
 6790              		.loc 1 686 5 view .LVU2017
 686:Middlewares/LVGL/lvgl/src/core/lv_obj_style.c **** 
 6791              		.loc 1 686 5 view .LVU2018
 686:Middlewares/LVGL/lvgl/src/core/lv_obj_style.c **** 
 6792              		.loc 1 686 5 view .LVU2019
 6793 0046 FEE7     		b	.L476
 6794              	.LVL694:
 6795              	.L479:
 696:Middlewares/LVGL/lvgl/src/core/lv_obj_style.c ****     if(p == NULL) {
 6796              		.loc 1 696 5 view .LVU2020
 696:Middlewares/LVGL/lvgl/src/core/lv_obj_style.c ****     if(p == NULL) {
 6797              		.loc 1 696 5 view .LVU2021
 696:Middlewares/LVGL/lvgl/src/core/lv_obj_style.c ****     if(p == NULL) {
 6798              		.loc 1 696 5 view .LVU2022
 696:Middlewares/LVGL/lvgl/src/core/lv_obj_style.c ****     if(p == NULL) {
 6799              		.loc 1 696 5 view .LVU2023
 696:Middlewares/LVGL/lvgl/src/core/lv_obj_style.c ****     if(p == NULL) {
 6800              		.loc 1 696 5 view .LVU2024
 6801 0048 FEE7     		b	.L479
 6802              	.LVL695:
 6803              	.L480:
 690:Middlewares/LVGL/lvgl/src/core/lv_obj_style.c ****     }
 6804              		.loc 1 690 16 is_stmt 0 view .LVU2025
 6805 004a 0020     		movs	r0, #0
 6806              	.LVL696:
 6807              	.L472:
 709:Middlewares/LVGL/lvgl/src/core/lv_obj_style.c **** 
 6808              		.loc 1 709 1 view .LVU2026
 6809 004c F8BD     		pop	{r3, r4, r5, r6, r7, pc}
 6810              	.LVL697:
 6811              	.L484:
 709:Middlewares/LVGL/lvgl/src/core/lv_obj_style.c **** 
 6812              		.loc 1 709 1 view .LVU2027
 6813 004e 00BF     		.align	2
 6814              	.L483:
 6815 0050 00000000 		.word	bind_style_observer_cb
 6816              		.cfi_endproc
 6817              	.LFE227:
 6819              		.section	.text.lv_obj_bind_style_prop,"ax",%progbits
 6820              		.align	1
 6821              		.global	lv_obj_bind_style_prop
 6822              		.syntax unified
 6823              		.thumb
 6824              		.thumb_func
 6826              	lv_obj_bind_style_prop:
 6827              	.LVL698:
 6828              	.LFB228:
 713:Middlewares/LVGL/lvgl/src/core/lv_obj_style.c ****     LV_ASSERT_NULL(subject);
ARM GAS  C:\Users\w1785\AppData\Local\Temp\ccv6fGyr.s 			page 220


 6829              		.loc 1 713 1 is_stmt 1 view -0
 6830              		.cfi_startproc
 6831              		@ args = 0, pretend = 0, frame = 0
 6832              		@ frame_needed = 0, uses_anonymous_args = 0
 714:Middlewares/LVGL/lvgl/src/core/lv_obj_style.c ****     LV_ASSERT_NULL(obj);
 6833              		.loc 1 714 5 view .LVU2029
 714:Middlewares/LVGL/lvgl/src/core/lv_obj_style.c ****     LV_ASSERT_NULL(obj);
 6834              		.loc 1 714 5 view .LVU2030
 6835 0000 03B3     		cbz	r3, .L487
 713:Middlewares/LVGL/lvgl/src/core/lv_obj_style.c ****     LV_ASSERT_NULL(subject);
 6836              		.loc 1 713 1 is_stmt 0 view .LVU2031
 6837 0002 F8B5     		push	{r3, r4, r5, r6, r7, lr}
 6838              	.LCFI101:
 6839              		.cfi_def_cfa_offset 24
 6840              		.cfi_offset 3, -24
 6841              		.cfi_offset 4, -20
 6842              		.cfi_offset 5, -16
 6843              		.cfi_offset 6, -12
 6844              		.cfi_offset 7, -8
 6845              		.cfi_offset 14, -4
 6846 0004 0646     		mov	r6, r0
 6847 0006 0D46     		mov	r5, r1
 6848 0008 1446     		mov	r4, r2
 6849 000a 1F46     		mov	r7, r3
 714:Middlewares/LVGL/lvgl/src/core/lv_obj_style.c ****     LV_ASSERT_NULL(obj);
 6850              		.loc 1 714 5 is_stmt 1 view .LVU2032
 714:Middlewares/LVGL/lvgl/src/core/lv_obj_style.c ****     LV_ASSERT_NULL(obj);
 6851              		.loc 1 714 28 view .LVU2033
 715:Middlewares/LVGL/lvgl/src/core/lv_obj_style.c **** 
 6852              		.loc 1 715 5 view .LVU2034
 715:Middlewares/LVGL/lvgl/src/core/lv_obj_style.c **** 
 6853              		.loc 1 715 5 view .LVU2035
 6854 000c D8B1     		cbz	r0, .L489
 715:Middlewares/LVGL/lvgl/src/core/lv_obj_style.c **** 
 6855              		.loc 1 715 5 view .LVU2036
 715:Middlewares/LVGL/lvgl/src/core/lv_obj_style.c **** 
 6856              		.loc 1 715 24 view .LVU2037
 717:Middlewares/LVGL/lvgl/src/core/lv_obj_style.c ****        subject->type != LV_SUBJECT_TYPE_POINTER) {
 6857              		.loc 1 717 5 view .LVU2038
 717:Middlewares/LVGL/lvgl/src/core/lv_obj_style.c ****        subject->type != LV_SUBJECT_TYPE_POINTER) {
 6858              		.loc 1 717 22 is_stmt 0 view .LVU2039
 6859 000e 93F82030 		ldrb	r3, [r3, #32]	@ zero_extendqisi2
 6860              	.LVL699:
 717:Middlewares/LVGL/lvgl/src/core/lv_obj_style.c ****        subject->type != LV_SUBJECT_TYPE_POINTER) {
 6861              		.loc 1 717 22 view .LVU2040
 6862 0012 03F00F03 		and	r3, r3, #15
 717:Middlewares/LVGL/lvgl/src/core/lv_obj_style.c ****        subject->type != LV_SUBJECT_TYPE_POINTER) {
 6863              		.loc 1 717 7 view .LVU2041
 6864 0016 022B     		cmp	r3, #2
 6865 0018 03D0     		beq	.L490
 717:Middlewares/LVGL/lvgl/src/core/lv_obj_style.c ****        subject->type != LV_SUBJECT_TYPE_POINTER) {
 6866              		.loc 1 717 45 discriminator 1 view .LVU2042
 6867 001a 052B     		cmp	r3, #5
 6868 001c 01D0     		beq	.L490
 717:Middlewares/LVGL/lvgl/src/core/lv_obj_style.c ****        subject->type != LV_SUBJECT_TYPE_POINTER) {
 6869              		.loc 1 717 87 discriminator 2 view .LVU2043
 6870 001e 042B     		cmp	r3, #4
ARM GAS  C:\Users\w1785\AppData\Local\Temp\ccv6fGyr.s 			page 221


 6871 0020 13D1     		bne	.L494
 6872              	.L490:
 723:Middlewares/LVGL/lvgl/src/core/lv_obj_style.c ****     LV_ASSERT_MALLOC(p);
 6873              		.loc 1 723 5 is_stmt 1 view .LVU2044
 723:Middlewares/LVGL/lvgl/src/core/lv_obj_style.c ****     LV_ASSERT_MALLOC(p);
 6874              		.loc 1 723 29 is_stmt 0 view .LVU2045
 6875 0022 0820     		movs	r0, #8
 6876              	.LVL700:
 723:Middlewares/LVGL/lvgl/src/core/lv_obj_style.c ****     LV_ASSERT_MALLOC(p);
 6877              		.loc 1 723 29 view .LVU2046
 6878 0024 FFF7FEFF 		bl	lv_malloc
 6879              	.LVL701:
 724:Middlewares/LVGL/lvgl/src/core/lv_obj_style.c ****     if(p == NULL) {
 6880              		.loc 1 724 5 is_stmt 1 view .LVU2047
 724:Middlewares/LVGL/lvgl/src/core/lv_obj_style.c ****     if(p == NULL) {
 6881              		.loc 1 724 5 view .LVU2048
 6882 0028 0346     		mov	r3, r0
 6883 002a 68B1     		cbz	r0, .L493
 724:Middlewares/LVGL/lvgl/src/core/lv_obj_style.c ****     if(p == NULL) {
 6884              		.loc 1 724 5 view .LVU2049
 724:Middlewares/LVGL/lvgl/src/core/lv_obj_style.c ****     if(p == NULL) {
 6885              		.loc 1 724 24 view .LVU2050
 725:Middlewares/LVGL/lvgl/src/core/lv_obj_style.c ****         LV_LOG_WARN("Out of memory");
 6886              		.loc 1 725 5 view .LVU2051
 730:Middlewares/LVGL/lvgl/src/core/lv_obj_style.c ****     p->selector = selector;
 6887              		.loc 1 730 5 view .LVU2052
 730:Middlewares/LVGL/lvgl/src/core/lv_obj_style.c ****     p->selector = selector;
 6888              		.loc 1 730 13 is_stmt 0 view .LVU2053
 6889 002c 0570     		strb	r5, [r0]
 731:Middlewares/LVGL/lvgl/src/core/lv_obj_style.c **** 
 6890              		.loc 1 731 5 is_stmt 1 view .LVU2054
 731:Middlewares/LVGL/lvgl/src/core/lv_obj_style.c **** 
 6891              		.loc 1 731 17 is_stmt 0 view .LVU2055
 6892 002e 4460     		str	r4, [r0, #4]
 733:Middlewares/LVGL/lvgl/src/core/lv_obj_style.c ****     observable->auto_free_user_data = 1;
 6893              		.loc 1 733 5 is_stmt 1 view .LVU2056
 733:Middlewares/LVGL/lvgl/src/core/lv_obj_style.c ****     observable->auto_free_user_data = 1;
 6894              		.loc 1 733 34 is_stmt 0 view .LVU2057
 6895 0030 3246     		mov	r2, r6
 6896 0032 0749     		ldr	r1, .L497
 6897 0034 3846     		mov	r0, r7
 6898              	.LVL702:
 733:Middlewares/LVGL/lvgl/src/core/lv_obj_style.c ****     observable->auto_free_user_data = 1;
 6899              		.loc 1 733 34 view .LVU2058
 6900 0036 FFF7FEFF 		bl	lv_subject_add_observer_obj
 6901              	.LVL703:
 734:Middlewares/LVGL/lvgl/src/core/lv_obj_style.c ****     return observable;
 6902              		.loc 1 734 5 is_stmt 1 view .LVU2059
 734:Middlewares/LVGL/lvgl/src/core/lv_obj_style.c ****     return observable;
 6903              		.loc 1 734 37 is_stmt 0 view .LVU2060
 6904 003a 037C     		ldrb	r3, [r0, #16]	@ zero_extendqisi2
 6905 003c 43F00103 		orr	r3, r3, #1
 6906 0040 0374     		strb	r3, [r0, #16]
 735:Middlewares/LVGL/lvgl/src/core/lv_obj_style.c **** }
 6907              		.loc 1 735 5 is_stmt 1 view .LVU2061
 6908              	.LVL704:
 6909              	.L485:
ARM GAS  C:\Users\w1785\AppData\Local\Temp\ccv6fGyr.s 			page 222


 736:Middlewares/LVGL/lvgl/src/core/lv_obj_style.c **** 
 6910              		.loc 1 736 1 is_stmt 0 view .LVU2062
 6911 0042 F8BD     		pop	{r3, r4, r5, r6, r7, pc}
 6912              	.LVL705:
 6913              	.L487:
 6914              	.LCFI102:
 6915              		.cfi_def_cfa_offset 0
 6916              		.cfi_restore 3
 6917              		.cfi_restore 4
 6918              		.cfi_restore 5
 6919              		.cfi_restore 6
 6920              		.cfi_restore 7
 6921              		.cfi_restore 14
 714:Middlewares/LVGL/lvgl/src/core/lv_obj_style.c ****     LV_ASSERT_NULL(obj);
 6922              		.loc 1 714 5 is_stmt 1 view .LVU2063
 714:Middlewares/LVGL/lvgl/src/core/lv_obj_style.c ****     LV_ASSERT_NULL(obj);
 6923              		.loc 1 714 5 view .LVU2064
 714:Middlewares/LVGL/lvgl/src/core/lv_obj_style.c ****     LV_ASSERT_NULL(obj);
 6924              		.loc 1 714 5 view .LVU2065
 714:Middlewares/LVGL/lvgl/src/core/lv_obj_style.c ****     LV_ASSERT_NULL(obj);
 6925              		.loc 1 714 5 view .LVU2066
 714:Middlewares/LVGL/lvgl/src/core/lv_obj_style.c ****     LV_ASSERT_NULL(obj);
 6926              		.loc 1 714 5 view .LVU2067
 6927 0044 FEE7     		b	.L487
 6928              	.L489:
 6929              	.LCFI103:
 6930              		.cfi_def_cfa_offset 24
 6931              		.cfi_offset 3, -24
 6932              		.cfi_offset 4, -20
 6933              		.cfi_offset 5, -16
 6934              		.cfi_offset 6, -12
 6935              		.cfi_offset 7, -8
 6936              		.cfi_offset 14, -4
 715:Middlewares/LVGL/lvgl/src/core/lv_obj_style.c **** 
 6937              		.loc 1 715 5 view .LVU2068
 715:Middlewares/LVGL/lvgl/src/core/lv_obj_style.c **** 
 6938              		.loc 1 715 5 view .LVU2069
 715:Middlewares/LVGL/lvgl/src/core/lv_obj_style.c **** 
 6939              		.loc 1 715 5 view .LVU2070
 715:Middlewares/LVGL/lvgl/src/core/lv_obj_style.c **** 
 6940              		.loc 1 715 5 view .LVU2071
 715:Middlewares/LVGL/lvgl/src/core/lv_obj_style.c **** 
 6941              		.loc 1 715 5 view .LVU2072
 6942 0046 FEE7     		b	.L489
 6943              	.LVL706:
 6944              	.L493:
 724:Middlewares/LVGL/lvgl/src/core/lv_obj_style.c ****     if(p == NULL) {
 6945              		.loc 1 724 5 view .LVU2073
 724:Middlewares/LVGL/lvgl/src/core/lv_obj_style.c ****     if(p == NULL) {
 6946              		.loc 1 724 5 view .LVU2074
 724:Middlewares/LVGL/lvgl/src/core/lv_obj_style.c ****     if(p == NULL) {
 6947              		.loc 1 724 5 view .LVU2075
 724:Middlewares/LVGL/lvgl/src/core/lv_obj_style.c ****     if(p == NULL) {
 6948              		.loc 1 724 5 view .LVU2076
 724:Middlewares/LVGL/lvgl/src/core/lv_obj_style.c ****     if(p == NULL) {
 6949              		.loc 1 724 5 view .LVU2077
 6950 0048 FEE7     		b	.L493
ARM GAS  C:\Users\w1785\AppData\Local\Temp\ccv6fGyr.s 			page 223


 6951              	.LVL707:
 6952              	.L494:
 720:Middlewares/LVGL/lvgl/src/core/lv_obj_style.c ****     }
 6953              		.loc 1 720 16 is_stmt 0 view .LVU2078
 6954 004a 0020     		movs	r0, #0
 6955              	.LVL708:
 720:Middlewares/LVGL/lvgl/src/core/lv_obj_style.c ****     }
 6956              		.loc 1 720 16 view .LVU2079
 6957 004c F9E7     		b	.L485
 6958              	.L498:
 6959 004e 00BF     		.align	2
 6960              	.L497:
 6961 0050 00000000 		.word	bind_style_prop_observer_cb
 6962              		.cfi_endproc
 6963              	.LFE228:
 6965              		.text
 6966              	.Letext0:
 6967              		.file 7 "D:\\STM32CubeIDE\\STM32CubeIDE_2.1.1\\STM32CubeIDE\\plugins\\com.st.stm32cube.ide.mcu.ext
 6968              		.file 8 "D:\\STM32CubeIDE\\STM32CubeIDE_2.1.1\\STM32CubeIDE\\plugins\\com.st.stm32cube.ide.mcu.ext
 6969              		.file 9 "D:\\STM32CubeIDE\\STM32CubeIDE_2.1.1\\STM32CubeIDE\\plugins\\com.st.stm32cube.ide.mcu.ext
 6970              		.file 10 "Middlewares/LVGL/lvgl/src/core/../misc/lv_types.h"
 6971              		.file 11 "Middlewares/LVGL/lvgl/src/core/lv_obj_private.h"
 6972              		.file 12 "Middlewares/LVGL/lvgl/src/core/lv_obj_class_private.h"
 6973              		.file 13 "Middlewares/LVGL/lvgl/src/core/../display/lv_display_private.h"
 6974              		.file 14 "Middlewares/LVGL/lvgl/src/core/../draw/lv_draw.h"
 6975              		.file 15 "Middlewares/LVGL/lvgl/src/core/../core/../draw/lv_draw_private.h"
 6976              		.file 16 "Middlewares/LVGL/lvgl/src/core/../core/../misc/lv_timer_private.h"
 6977              		.file 17 "Middlewares/LVGL/lvgl/src/core/../misc/lv_anim.h"
 6978              		.file 18 "Middlewares/LVGL/lvgl/src/core/../core/../draw/../misc/cache/class/../lv_cache_private.h
 6979              		.file 19 "Middlewares/LVGL/lvgl/src/core/lv_obj_style_private.h"
 6980              		.file 20 "Middlewares/LVGL/lvgl/src/core/../core/../debugging/sysmon/../../core/lv_observer.h"
 6981              		.file 21 "Middlewares/LVGL/lvgl/src/core/lv_observer_private.h"
 6982              		.file 22 "Middlewares/LVGL/lvgl/src/core/../core/../draw/lv_draw_buf_private.h"
 6983              		.file 23 "Middlewares/LVGL/lvgl/src/core/../display/../misc/lv_array.h"
 6984              		.file 24 "Middlewares/LVGL/lvgl/src/core/../misc/../font/../draw/lv_draw_buf.h"
 6985              		.file 25 "Middlewares/LVGL/lvgl/src/core/../misc/../font/../draw/../misc/lv_area.h"
 6986              		.file 26 "Middlewares/LVGL/lvgl/src/core/../misc/../font/../draw/../misc/lv_color.h"
 6987              		.file 27 "Middlewares/LVGL/lvgl/src/core/../misc/../font/../draw/lv_image_dsc.h"
 6988              		.file 28 "Middlewares/LVGL/lvgl/src/core/../misc/../tick/lv_tick.h"
 6989              		.file 29 "Middlewares/LVGL/lvgl/src/core/../misc/lv_ll.h"
 6990              		.file 30 "Middlewares/LVGL/lvgl/src/core/../misc/lv_timer.h"
 6991              		.file 31 "Middlewares/LVGL/lvgl/src/core/../misc/lv_text.h"
 6992              		.file 32 "Middlewares/LVGL/lvgl/src/core/../misc/../layouts/lv_layout.h"
 6993              		.file 33 "Middlewares/LVGL/lvgl/src/core/../display/../misc/lv_event.h"
 6994              		.file 34 "Middlewares/LVGL/lvgl/src/core/../display/lv_display.h"
 6995              		.file 35 "Middlewares/LVGL/lvgl/src/core/lv_obj_draw.h"
 6996              		.file 36 "Middlewares/LVGL/lvgl/src/core/lv_obj.h"
 6997              		.file 37 "Middlewares/LVGL/lvgl/src/core/../misc/lv_anim_private.h"
 6998              		.file 38 "Middlewares/LVGL/lvgl/src/core/../core/../osal/lv_os_none.h"
 6999              		.file 39 "Middlewares/LVGL/lvgl/src/core/../core/../stdlib/builtin/lv_tlsf.h"
 7000              		.file 40 "Middlewares/LVGL/lvgl/src/core/../core/../tick/lv_tick_private.h"
 7001              		.file 41 "Middlewares/LVGL/lvgl/src/core/../core/../draw/sw/lv_draw_sw_mask_private.h"
 7002              		.file 42 "Middlewares/LVGL/lvgl/src/core/../core/../stdlib/builtin/lv_tlsf_private.h"
 7003              		.file 43 "Middlewares/LVGL/lvgl/src/core/../core/../layouts/lv_layout_private.h"
 7004              		.file 44 "Middlewares/LVGL/lvgl/src/core/../core/lv_global.h"
 7005              		.file 45 "Middlewares/LVGL/lvgl/src/core/../misc/../font/../draw/../misc/lv_color_op.h"
 7006              		.file 46 "Middlewares/LVGL/lvgl/src/core/../misc/../font/../draw/../misc/../stdlib/lv_mem.h"
ARM GAS  C:\Users\w1785\AppData\Local\Temp\ccv6fGyr.s 			page 224


 7007              		.file 47 "Middlewares/LVGL/lvgl/src/core/lv_obj_pos.h"
 7008              		.file 48 "Middlewares/LVGL/lvgl/src/core/lv_obj_tree.h"
 7009              		.file 49 "Middlewares/LVGL/lvgl/src/core/lv_obj_event.h"
ARM GAS  C:\Users\w1785\AppData\Local\Temp\ccv6fGyr.s 			page 225


DEFINED SYMBOLS
                            *ABS*:00000000 lv_obj_style.c
C:\Users\w1785\AppData\Local\Temp\ccv6fGyr.s:21     .text.lv_style_get_prop_inlined:00000000 $t
C:\Users\w1785\AppData\Local\Temp\ccv6fGyr.s:26     .text.lv_style_get_prop_inlined:00000000 lv_style_get_prop_inlined
C:\Users\w1785\AppData\Local\Temp\ccv6fGyr.s:165    .text.get_prop_core:00000000 $t
C:\Users\w1785\AppData\Local\Temp\ccv6fGyr.s:170    .text.get_prop_core:00000000 get_prop_core
C:\Users\w1785\AppData\Local\Temp\ccv6fGyr.s:504    .text.get_selector_style_prop:00000000 $t
C:\Users\w1785\AppData\Local\Temp\ccv6fGyr.s:509    .text.get_selector_style_prop:00000000 get_selector_style_prop
C:\Users\w1785\AppData\Local\Temp\ccv6fGyr.s:719    .text.get_selector_style_prop:0000008c $d
C:\Users\w1785\AppData\Local\Temp\ccv6fGyr.s:725    .text.trans_delete:00000000 $t
C:\Users\w1785\AppData\Local\Temp\ccv6fGyr.s:730    .text.trans_delete:00000000 trans_delete
C:\Users\w1785\AppData\Local\Temp\ccv6fGyr.s:914    .text.trans_delete:000000ac $d
C:\Users\w1785\AppData\Local\Temp\ccv6fGyr.s:919    .text.style_has_flag:00000000 $t
C:\Users\w1785\AppData\Local\Temp\ccv6fGyr.s:924    .text.style_has_flag:00000000 style_has_flag
C:\Users\w1785\AppData\Local\Temp\ccv6fGyr.s:1084   .text.refresh_children_style:00000000 $t
C:\Users\w1785\AppData\Local\Temp\ccv6fGyr.s:1089   .text.refresh_children_style:00000000 refresh_children_style
C:\Users\w1785\AppData\Local\Temp\ccv6fGyr.s:1165   .text.get_local_style:00000000 $t
C:\Users\w1785\AppData\Local\Temp\ccv6fGyr.s:1170   .text.get_local_style:00000000 get_local_style
C:\Users\w1785\AppData\Local\Temp\ccv6fGyr.s:1380   .text.get_trans_style:00000000 $t
C:\Users\w1785\AppData\Local\Temp\ccv6fGyr.s:1385   .text.get_trans_style:00000000 get_trans_style
C:\Users\w1785\AppData\Local\Temp\ccv6fGyr.s:1570   .text.fade_anim_cb:00000000 $t
C:\Users\w1785\AppData\Local\Temp\ccv6fGyr.s:1575   .text.fade_anim_cb:00000000 fade_anim_cb
C:\Users\w1785\AppData\Local\Temp\ccv6fGyr.s:1601   .text.lv_obj_style_init:00000000 $t
C:\Users\w1785\AppData\Local\Temp\ccv6fGyr.s:1607   .text.lv_obj_style_init:00000000 lv_obj_style_init
C:\Users\w1785\AppData\Local\Temp\ccv6fGyr.s:1628   .text.lv_obj_style_init:0000000c $d
C:\Users\w1785\AppData\Local\Temp\ccv6fGyr.s:1633   .text.lv_obj_style_deinit:00000000 $t
C:\Users\w1785\AppData\Local\Temp\ccv6fGyr.s:1639   .text.lv_obj_style_deinit:00000000 lv_obj_style_deinit
C:\Users\w1785\AppData\Local\Temp\ccv6fGyr.s:1674   .text.lv_obj_style_deinit:0000001c $d
C:\Users\w1785\AppData\Local\Temp\ccv6fGyr.s:1679   .text.lv_obj_style_get_disabled:00000000 $t
C:\Users\w1785\AppData\Local\Temp\ccv6fGyr.s:1685   .text.lv_obj_style_get_disabled:00000000 lv_obj_style_get_disabled
C:\Users\w1785\AppData\Local\Temp\ccv6fGyr.s:1769   .text.lv_obj_enable_style_refresh:00000000 $t
C:\Users\w1785\AppData\Local\Temp\ccv6fGyr.s:1775   .text.lv_obj_enable_style_refresh:00000000 lv_obj_enable_style_refresh
C:\Users\w1785\AppData\Local\Temp\ccv6fGyr.s:1792   .text.lv_obj_enable_style_refresh:00000008 $d
C:\Users\w1785\AppData\Local\Temp\ccv6fGyr.s:1797   .text.lv_obj_get_style_prop:00000000 $t
C:\Users\w1785\AppData\Local\Temp\ccv6fGyr.s:1803   .text.lv_obj_get_style_prop:00000000 lv_obj_get_style_prop
C:\Users\w1785\AppData\Local\Temp\ccv6fGyr.s:1891   .text.calculate_layer_type:00000000 $t
C:\Users\w1785\AppData\Local\Temp\ccv6fGyr.s:1896   .text.calculate_layer_type:00000000 calculate_layer_type
C:\Users\w1785\AppData\Local\Temp\ccv6fGyr.s:2134   .text.lv_obj_has_style_prop:00000000 $t
C:\Users\w1785\AppData\Local\Temp\ccv6fGyr.s:2140   .text.lv_obj_has_style_prop:00000000 lv_obj_has_style_prop
C:\Users\w1785\AppData\Local\Temp\ccv6fGyr.s:2208   .text.lv_obj_get_local_style_prop:00000000 $t
C:\Users\w1785\AppData\Local\Temp\ccv6fGyr.s:2214   .text.lv_obj_get_local_style_prop:00000000 lv_obj_get_local_style_prop
C:\Users\w1785\AppData\Local\Temp\ccv6fGyr.s:2286   .text.lv_obj_style_apply_color_filter:00000000 $t
C:\Users\w1785\AppData\Local\Temp\ccv6fGyr.s:2292   .text.lv_obj_style_apply_color_filter:00000000 lv_obj_style_apply_color_filter
C:\Users\w1785\AppData\Local\Temp\ccv6fGyr.s:2324   .text.lv_obj_style_state_compare:00000000 $t
C:\Users\w1785\AppData\Local\Temp\ccv6fGyr.s:2330   .text.lv_obj_style_state_compare:00000000 lv_obj_style_state_compare
C:\Users\w1785\AppData\Local\Temp\ccv6fGyr.s:2857   .text.lv_obj_fade_in:00000000 $t
C:\Users\w1785\AppData\Local\Temp\ccv6fGyr.s:2863   .text.lv_obj_fade_in:00000000 lv_obj_fade_in
C:\Users\w1785\AppData\Local\Temp\ccv6fGyr.s:2938   .text.lv_obj_fade_in:0000004c $d
C:\Users\w1785\AppData\Local\Temp\ccv6fGyr.s:5536   .text.fade_in_anim_completed:00000000 fade_in_anim_completed
C:\Users\w1785\AppData\Local\Temp\ccv6fGyr.s:2944   .text.lv_obj_fade_out:00000000 $t
C:\Users\w1785\AppData\Local\Temp\ccv6fGyr.s:2950   .text.lv_obj_fade_out:00000000 lv_obj_fade_out
C:\Users\w1785\AppData\Local\Temp\ccv6fGyr.s:3039   .text.lv_obj_fade_out:00000054 $d
C:\Users\w1785\AppData\Local\Temp\ccv6fGyr.s:3044   .text.lv_obj_calculate_style_text_align:00000000 $t
C:\Users\w1785\AppData\Local\Temp\ccv6fGyr.s:3050   .text.lv_obj_calculate_style_text_align:00000000 lv_obj_calculate_style_text_align
C:\Users\w1785\AppData\Local\Temp\ccv6fGyr.s:3141   .text.lv_obj_get_style_opa_recursive:00000000 $t
C:\Users\w1785\AppData\Local\Temp\ccv6fGyr.s:3147   .text.lv_obj_get_style_opa_recursive:00000000 lv_obj_get_style_opa_recursive
C:\Users\w1785\AppData\Local\Temp\ccv6fGyr.s:3325   .text.lv_obj_update_layer_type:00000000 $t
ARM GAS  C:\Users\w1785\AppData\Local\Temp\ccv6fGyr.s 			page 226


C:\Users\w1785\AppData\Local\Temp\ccv6fGyr.s:3331   .text.lv_obj_update_layer_type:00000000 lv_obj_update_layer_type
C:\Users\w1785\AppData\Local\Temp\ccv6fGyr.s:3396   .text.lv_obj_refresh_style:00000000 $t
C:\Users\w1785\AppData\Local\Temp\ccv6fGyr.s:3402   .text.lv_obj_refresh_style:00000000 lv_obj_refresh_style
C:\Users\w1785\AppData\Local\Temp\ccv6fGyr.s:3699   .text.lv_obj_refresh_style:000000f8 $d
C:\Users\w1785\AppData\Local\Temp\ccv6fGyr.s:3704   .text.lv_obj_replace_style:00000000 $t
C:\Users\w1785\AppData\Local\Temp\ccv6fGyr.s:3710   .text.lv_obj_replace_style:00000000 lv_obj_replace_style
C:\Users\w1785\AppData\Local\Temp\ccv6fGyr.s:3958   .text.remove_style_core:00000000 $t
C:\Users\w1785\AppData\Local\Temp\ccv6fGyr.s:3963   .text.remove_style_core:00000000 remove_style_core
C:\Users\w1785\AppData\Local\Temp\ccv6fGyr.s:4303   .text.lv_obj_remove_style:00000000 $t
C:\Users\w1785\AppData\Local\Temp\ccv6fGyr.s:4309   .text.lv_obj_remove_style:00000000 lv_obj_remove_style
C:\Users\w1785\AppData\Local\Temp\ccv6fGyr.s:4332   .text.lv_obj_remove_style_all:00000000 $t
C:\Users\w1785\AppData\Local\Temp\ccv6fGyr.s:4338   .text.lv_obj_remove_style_all:00000000 lv_obj_remove_style_all
C:\Users\w1785\AppData\Local\Temp\ccv6fGyr.s:4361   .text.lv_obj_remove_style_all:0000000c $d
C:\Users\w1785\AppData\Local\Temp\ccv6fGyr.s:4366   .text.trans_anim_completed_cb:00000000 $t
C:\Users\w1785\AppData\Local\Temp\ccv6fGyr.s:4371   .text.trans_anim_completed_cb:00000000 trans_anim_completed_cb
C:\Users\w1785\AppData\Local\Temp\ccv6fGyr.s:4557   .text.trans_anim_completed_cb:000000b4 $d
C:\Users\w1785\AppData\Local\Temp\ccv6fGyr.s:4562   .text.lv_obj_remove_theme:00000000 $t
C:\Users\w1785\AppData\Local\Temp\ccv6fGyr.s:4568   .text.lv_obj_remove_theme:00000000 lv_obj_remove_theme
C:\Users\w1785\AppData\Local\Temp\ccv6fGyr.s:4595   .text.lv_obj_add_style:00000000 $t
C:\Users\w1785\AppData\Local\Temp\ccv6fGyr.s:4601   .text.lv_obj_add_style:00000000 lv_obj_add_style
C:\Users\w1785\AppData\Local\Temp\ccv6fGyr.s:4842   .text.report_style_change_core:00000000 $t
C:\Users\w1785\AppData\Local\Temp\ccv6fGyr.s:4847   .text.report_style_change_core:00000000 report_style_change_core
C:\Users\w1785\AppData\Local\Temp\ccv6fGyr.s:4950   .text.lv_obj_report_style_change:00000000 $t
C:\Users\w1785\AppData\Local\Temp\ccv6fGyr.s:4956   .text.lv_obj_report_style_change:00000000 lv_obj_report_style_change
C:\Users\w1785\AppData\Local\Temp\ccv6fGyr.s:5038   .text.lv_obj_report_style_change:00000040 $d
C:\Users\w1785\AppData\Local\Temp\ccv6fGyr.s:5043   .text.lv_obj_style_set_disabled:00000000 $t
C:\Users\w1785\AppData\Local\Temp\ccv6fGyr.s:5049   .text.lv_obj_style_set_disabled:00000000 lv_obj_style_set_disabled
C:\Users\w1785\AppData\Local\Temp\ccv6fGyr.s:5138   .text.bind_style_observer_cb:00000000 $t
C:\Users\w1785\AppData\Local\Temp\ccv6fGyr.s:5143   .text.bind_style_observer_cb:00000000 bind_style_observer_cb
C:\Users\w1785\AppData\Local\Temp\ccv6fGyr.s:5194   .text.lv_obj_set_local_style_prop:00000000 $t
C:\Users\w1785\AppData\Local\Temp\ccv6fGyr.s:5200   .text.lv_obj_set_local_style_prop:00000000 lv_obj_set_local_style_prop
C:\Users\w1785\AppData\Local\Temp\ccv6fGyr.s:5307   .text.bind_style_prop_observer_cb:00000000 $t
C:\Users\w1785\AppData\Local\Temp\ccv6fGyr.s:5312   .text.bind_style_prop_observer_cb:00000000 bind_style_prop_observer_cb
C:\Users\w1785\AppData\Local\Temp\ccv6fGyr.s:5402   .text.lv_obj_remove_local_style_prop:00000000 $t
C:\Users\w1785\AppData\Local\Temp\ccv6fGyr.s:5408   .text.lv_obj_remove_local_style_prop:00000000 lv_obj_remove_local_style_prop
C:\Users\w1785\AppData\Local\Temp\ccv6fGyr.s:5531   .text.fade_in_anim_completed:00000000 $t
C:\Users\w1785\AppData\Local\Temp\ccv6fGyr.s:5563   .text.lv_obj_style_create_transition:00000000 $t
C:\Users\w1785\AppData\Local\Temp\ccv6fGyr.s:5569   .text.lv_obj_style_create_transition:00000000 lv_obj_style_create_transition
C:\Users\w1785\AppData\Local\Temp\ccv6fGyr.s:5887   .text.lv_obj_style_create_transition:0000016c $d
C:\Users\w1785\AppData\Local\Temp\ccv6fGyr.s:5994   .text.trans_anim_cb:00000000 trans_anim_cb
C:\Users\w1785\AppData\Local\Temp\ccv6fGyr.s:5900   .text.trans_anim_start_cb:00000000 trans_anim_start_cb
C:\Users\w1785\AppData\Local\Temp\ccv6fGyr.s:5895   .text.trans_anim_start_cb:00000000 $t
C:\Users\w1785\AppData\Local\Temp\ccv6fGyr.s:5989   .text.trans_anim_cb:00000000 $t
C:\Users\w1785\AppData\Local\Temp\ccv6fGyr.s:6077   .text.trans_anim_cb:0000004e $d
C:\Users\w1785\AppData\Local\Temp\ccv6fGyr.s:6413   .text.lv_obj_style_apply_recolor:00000000 $t
C:\Users\w1785\AppData\Local\Temp\ccv6fGyr.s:6419   .text.lv_obj_style_apply_recolor:00000000 lv_obj_style_apply_recolor
C:\Users\w1785\AppData\Local\Temp\ccv6fGyr.s:6538   .text.lv_obj_get_style_recolor_recursive:00000000 $t
C:\Users\w1785\AppData\Local\Temp\ccv6fGyr.s:6544   .text.lv_obj_get_style_recolor_recursive:00000000 lv_obj_get_style_recolor_recursive
C:\Users\w1785\AppData\Local\Temp\ccv6fGyr.s:6675   .text.lv_obj_bind_style:00000000 $t
C:\Users\w1785\AppData\Local\Temp\ccv6fGyr.s:6681   .text.lv_obj_bind_style:00000000 lv_obj_bind_style
C:\Users\w1785\AppData\Local\Temp\ccv6fGyr.s:6815   .text.lv_obj_bind_style:00000050 $d
C:\Users\w1785\AppData\Local\Temp\ccv6fGyr.s:6820   .text.lv_obj_bind_style_prop:00000000 $t
C:\Users\w1785\AppData\Local\Temp\ccv6fGyr.s:6826   .text.lv_obj_bind_style_prop:00000000 lv_obj_bind_style_prop
C:\Users\w1785\AppData\Local\Temp\ccv6fGyr.s:6961   .text.lv_obj_bind_style_prop:00000050 $d
C:\Users\w1785\AppData\Local\Temp\ccv6fGyr.s:6164   .text.trans_anim_cb:000000a5 $d
C:\Users\w1785\AppData\Local\Temp\ccv6fGyr.s:6164   .text.trans_anim_cb:000000a6 $t

ARM GAS  C:\Users\w1785\AppData\Local\Temp\ccv6fGyr.s 			page 227


UNDEFINED SYMBOLS
lv_style_builtin_prop_flag_lookup_table
lv_global
lv_ll_get_tail
lv_ll_get_prev
lv_style_remove_prop
lv_anim_delete
lv_ll_remove
lv_free
lv_style_prop_lookup_flags
lv_obj_get_child_count
lv_obj_invalidate
lv_obj_send_event
lv_realloc
lv_memset
lv_malloc_zeroed
lv_style_init
lv_malloc
lv_obj_set_style_opa
lv_ll_init
lv_ll_clear
lv_style_prop_get_default
lv_style_get_prop
lv_anim_init
lv_anim_set_var
lv_anim_set_values
lv_anim_set_exec_cb
lv_anim_set_completed_cb
lv_anim_set_duration
lv_anim_set_delay
lv_anim_start
lv_obj_get_parent
lv_obj_allocate_spec_attr
lv_obj_mark_layout_as_dirty
lv_obj_refresh_ext_draw_size
lv_style_reset
lv_ll_get_head
lv_ll_get_next
lv_style_is_empty
lv_display_get_next
lv_subject_get_int
lv_style_set_prop
lv_subject_get_pointer
lv_subject_get_color
lv_ll_ins_head
lv_anim_set_start_cb
lv_anim_set_path_cb
lv_anim_set_early_apply
lv_anim_set_user_data
lv_color_eq
lv_obj_get_width
lv_obj_get_height
lv_color_mix
lv_color_to_32
lv_color_over32
lv_subject_add_observer_obj
