ARM GAS  C:\Users\w1785\AppData\Local\Temp\cc9AtjlU.s 			page 1


   1              		.cpu cortex-m4
   2              		.arch armv7e-m
   3              		.fpu fpv4-sp-d16
   4              		.eabi_attribute 27, 1
   5              		.eabi_attribute 28, 1
   6              		.eabi_attribute 20, 1
   7              		.eabi_attribute 21, 1
   8              		.eabi_attribute 23, 3
   9              		.eabi_attribute 24, 1
  10              		.eabi_attribute 25, 1
  11              		.eabi_attribute 26, 1
  12              		.eabi_attribute 30, 1
  13              		.eabi_attribute 34, 1
  14              		.eabi_attribute 18, 4
  15              		.file	"lv_obj_event.c"
  16              		.text
  17              	.Ltext0:
  18              		.cfi_sections	.debug_frame
  19              		.file 1 "Middlewares/LVGL/lvgl/src/core/lv_obj_event.c"
  20              		.section	.text.event_is_bubbled,"ax",%progbits
  21              		.align	1
  22              		.syntax unified
  23              		.thumb
  24              		.thumb_func
  26              	event_is_bubbled:
  27              	.LVL0:
  28              	.LFB213:
   1:Middlewares/LVGL/lvgl/src/core/lv_obj_event.c **** /**
   2:Middlewares/LVGL/lvgl/src/core/lv_obj_event.c ****  * @file lv_obj_event.c
   3:Middlewares/LVGL/lvgl/src/core/lv_obj_event.c ****  *
   4:Middlewares/LVGL/lvgl/src/core/lv_obj_event.c ****  */
   5:Middlewares/LVGL/lvgl/src/core/lv_obj_event.c **** 
   6:Middlewares/LVGL/lvgl/src/core/lv_obj_event.c **** /*********************
   7:Middlewares/LVGL/lvgl/src/core/lv_obj_event.c ****  *      INCLUDES
   8:Middlewares/LVGL/lvgl/src/core/lv_obj_event.c ****  *********************/
   9:Middlewares/LVGL/lvgl/src/core/lv_obj_event.c **** #include "../misc/lv_event_private.h"
  10:Middlewares/LVGL/lvgl/src/core/lv_obj_event.c **** #include "lv_obj_event_private.h"
  11:Middlewares/LVGL/lvgl/src/core/lv_obj_event.c **** #include "lv_obj_class_private.h"
  12:Middlewares/LVGL/lvgl/src/core/lv_obj_event.c **** #include "lv_obj_private.h"
  13:Middlewares/LVGL/lvgl/src/core/lv_obj_event.c **** #include "../indev/lv_indev.h"
  14:Middlewares/LVGL/lvgl/src/core/lv_obj_event.c **** #include "../indev/lv_indev_private.h"
  15:Middlewares/LVGL/lvgl/src/core/lv_obj_event.c **** 
  16:Middlewares/LVGL/lvgl/src/core/lv_obj_event.c **** /*********************
  17:Middlewares/LVGL/lvgl/src/core/lv_obj_event.c ****  *      DEFINES
  18:Middlewares/LVGL/lvgl/src/core/lv_obj_event.c ****  *********************/
  19:Middlewares/LVGL/lvgl/src/core/lv_obj_event.c **** #define MY_CLASS (&lv_obj_class)
  20:Middlewares/LVGL/lvgl/src/core/lv_obj_event.c **** 
  21:Middlewares/LVGL/lvgl/src/core/lv_obj_event.c **** /**********************
  22:Middlewares/LVGL/lvgl/src/core/lv_obj_event.c ****  *      TYPEDEFS
  23:Middlewares/LVGL/lvgl/src/core/lv_obj_event.c ****  **********************/
  24:Middlewares/LVGL/lvgl/src/core/lv_obj_event.c **** 
  25:Middlewares/LVGL/lvgl/src/core/lv_obj_event.c **** /**********************
  26:Middlewares/LVGL/lvgl/src/core/lv_obj_event.c ****  *  STATIC PROTOTYPES
  27:Middlewares/LVGL/lvgl/src/core/lv_obj_event.c ****  **********************/
  28:Middlewares/LVGL/lvgl/src/core/lv_obj_event.c **** static lv_result_t event_send_core(lv_event_t * e);
  29:Middlewares/LVGL/lvgl/src/core/lv_obj_event.c **** static bool event_is_bubbled(lv_event_t * e);
  30:Middlewares/LVGL/lvgl/src/core/lv_obj_event.c **** static bool event_is_trickled(lv_event_t * e);
ARM GAS  C:\Users\w1785\AppData\Local\Temp\cc9AtjlU.s 			page 2


  31:Middlewares/LVGL/lvgl/src/core/lv_obj_event.c **** 
  32:Middlewares/LVGL/lvgl/src/core/lv_obj_event.c **** /**********************
  33:Middlewares/LVGL/lvgl/src/core/lv_obj_event.c ****  *  STATIC VARIABLES
  34:Middlewares/LVGL/lvgl/src/core/lv_obj_event.c ****  **********************/
  35:Middlewares/LVGL/lvgl/src/core/lv_obj_event.c **** 
  36:Middlewares/LVGL/lvgl/src/core/lv_obj_event.c **** /**********************
  37:Middlewares/LVGL/lvgl/src/core/lv_obj_event.c ****  *      MACROS
  38:Middlewares/LVGL/lvgl/src/core/lv_obj_event.c ****  **********************/
  39:Middlewares/LVGL/lvgl/src/core/lv_obj_event.c **** #if LV_USE_LOG && LV_LOG_TRACE_EVENT
  40:Middlewares/LVGL/lvgl/src/core/lv_obj_event.c ****     #define LV_TRACE_EVENT(...) LV_LOG_TRACE(__VA_ARGS__)
  41:Middlewares/LVGL/lvgl/src/core/lv_obj_event.c **** #else
  42:Middlewares/LVGL/lvgl/src/core/lv_obj_event.c ****     #define LV_TRACE_EVENT(...)
  43:Middlewares/LVGL/lvgl/src/core/lv_obj_event.c **** #endif
  44:Middlewares/LVGL/lvgl/src/core/lv_obj_event.c **** 
  45:Middlewares/LVGL/lvgl/src/core/lv_obj_event.c **** /**********************
  46:Middlewares/LVGL/lvgl/src/core/lv_obj_event.c ****  *   GLOBAL FUNCTIONS
  47:Middlewares/LVGL/lvgl/src/core/lv_obj_event.c ****  **********************/
  48:Middlewares/LVGL/lvgl/src/core/lv_obj_event.c **** 
  49:Middlewares/LVGL/lvgl/src/core/lv_obj_event.c **** lv_result_t lv_obj_send_event(lv_obj_t * obj, lv_event_code_t event_code, void * param)
  50:Middlewares/LVGL/lvgl/src/core/lv_obj_event.c **** {
  51:Middlewares/LVGL/lvgl/src/core/lv_obj_event.c ****     if(obj == NULL) return LV_RESULT_OK;
  52:Middlewares/LVGL/lvgl/src/core/lv_obj_event.c **** 
  53:Middlewares/LVGL/lvgl/src/core/lv_obj_event.c ****     LV_ASSERT_OBJ(obj, MY_CLASS);
  54:Middlewares/LVGL/lvgl/src/core/lv_obj_event.c **** 
  55:Middlewares/LVGL/lvgl/src/core/lv_obj_event.c ****     lv_event_t e;
  56:Middlewares/LVGL/lvgl/src/core/lv_obj_event.c ****     e.current_target = obj;
  57:Middlewares/LVGL/lvgl/src/core/lv_obj_event.c ****     e.original_target = obj;
  58:Middlewares/LVGL/lvgl/src/core/lv_obj_event.c ****     e.code = event_code;
  59:Middlewares/LVGL/lvgl/src/core/lv_obj_event.c ****     e.user_data = NULL;
  60:Middlewares/LVGL/lvgl/src/core/lv_obj_event.c ****     e.param = param;
  61:Middlewares/LVGL/lvgl/src/core/lv_obj_event.c ****     e.deleted = 0;
  62:Middlewares/LVGL/lvgl/src/core/lv_obj_event.c ****     e.stop_bubbling = 0;
  63:Middlewares/LVGL/lvgl/src/core/lv_obj_event.c ****     e.stop_processing = 0;
  64:Middlewares/LVGL/lvgl/src/core/lv_obj_event.c ****     e.stop_trickling = 0;
  65:Middlewares/LVGL/lvgl/src/core/lv_obj_event.c **** 
  66:Middlewares/LVGL/lvgl/src/core/lv_obj_event.c ****     lv_event_push(&e);
  67:Middlewares/LVGL/lvgl/src/core/lv_obj_event.c **** 
  68:Middlewares/LVGL/lvgl/src/core/lv_obj_event.c ****     /*Send the event*/
  69:Middlewares/LVGL/lvgl/src/core/lv_obj_event.c ****     lv_result_t res = event_send_core(&e);
  70:Middlewares/LVGL/lvgl/src/core/lv_obj_event.c **** 
  71:Middlewares/LVGL/lvgl/src/core/lv_obj_event.c ****     /*Remove this element from the list*/
  72:Middlewares/LVGL/lvgl/src/core/lv_obj_event.c ****     lv_event_pop(&e);
  73:Middlewares/LVGL/lvgl/src/core/lv_obj_event.c **** 
  74:Middlewares/LVGL/lvgl/src/core/lv_obj_event.c ****     return res;
  75:Middlewares/LVGL/lvgl/src/core/lv_obj_event.c **** }
  76:Middlewares/LVGL/lvgl/src/core/lv_obj_event.c **** 
  77:Middlewares/LVGL/lvgl/src/core/lv_obj_event.c **** lv_result_t lv_obj_event_base(const lv_obj_class_t * class_p, lv_event_t * e)
  78:Middlewares/LVGL/lvgl/src/core/lv_obj_event.c **** {
  79:Middlewares/LVGL/lvgl/src/core/lv_obj_event.c ****     const lv_obj_class_t * base;
  80:Middlewares/LVGL/lvgl/src/core/lv_obj_event.c ****     if(class_p == NULL) base = ((lv_obj_t *)e->current_target)->class_p;
  81:Middlewares/LVGL/lvgl/src/core/lv_obj_event.c ****     else base = class_p->base_class;
  82:Middlewares/LVGL/lvgl/src/core/lv_obj_event.c **** 
  83:Middlewares/LVGL/lvgl/src/core/lv_obj_event.c ****     /*Find a base in which call the ancestor's event handler_cb if set*/
  84:Middlewares/LVGL/lvgl/src/core/lv_obj_event.c ****     while(base && base->event_cb == NULL) base = base->base_class;
  85:Middlewares/LVGL/lvgl/src/core/lv_obj_event.c **** 
  86:Middlewares/LVGL/lvgl/src/core/lv_obj_event.c ****     if(base == NULL) return LV_RESULT_OK;
  87:Middlewares/LVGL/lvgl/src/core/lv_obj_event.c ****     if(base->event_cb == NULL) return LV_RESULT_OK;
ARM GAS  C:\Users\w1785\AppData\Local\Temp\cc9AtjlU.s 			page 3


  88:Middlewares/LVGL/lvgl/src/core/lv_obj_event.c **** 
  89:Middlewares/LVGL/lvgl/src/core/lv_obj_event.c ****     /*Call the actual event callback*/
  90:Middlewares/LVGL/lvgl/src/core/lv_obj_event.c ****     e->user_data = NULL;
  91:Middlewares/LVGL/lvgl/src/core/lv_obj_event.c ****     LV_PROFILER_EVENT_BEGIN_TAG(lv_event_code_get_name(e->code));
  92:Middlewares/LVGL/lvgl/src/core/lv_obj_event.c ****     base->event_cb(base, e);
  93:Middlewares/LVGL/lvgl/src/core/lv_obj_event.c ****     LV_PROFILER_EVENT_END_TAG(lv_event_code_get_name(e->code));
  94:Middlewares/LVGL/lvgl/src/core/lv_obj_event.c **** 
  95:Middlewares/LVGL/lvgl/src/core/lv_obj_event.c ****     lv_result_t res = LV_RESULT_OK;
  96:Middlewares/LVGL/lvgl/src/core/lv_obj_event.c ****     /*Stop if the object is deleted*/
  97:Middlewares/LVGL/lvgl/src/core/lv_obj_event.c ****     if(e->deleted) res = LV_RESULT_INVALID;
  98:Middlewares/LVGL/lvgl/src/core/lv_obj_event.c **** 
  99:Middlewares/LVGL/lvgl/src/core/lv_obj_event.c ****     return res;
 100:Middlewares/LVGL/lvgl/src/core/lv_obj_event.c **** }
 101:Middlewares/LVGL/lvgl/src/core/lv_obj_event.c **** 
 102:Middlewares/LVGL/lvgl/src/core/lv_obj_event.c **** lv_event_dsc_t * lv_obj_add_event_cb(lv_obj_t * obj, lv_event_cb_t event_cb, lv_event_code_t filter
 103:Middlewares/LVGL/lvgl/src/core/lv_obj_event.c **** {
 104:Middlewares/LVGL/lvgl/src/core/lv_obj_event.c ****     LV_ASSERT_OBJ(obj, MY_CLASS);
 105:Middlewares/LVGL/lvgl/src/core/lv_obj_event.c ****     lv_obj_allocate_spec_attr(obj);
 106:Middlewares/LVGL/lvgl/src/core/lv_obj_event.c **** 
 107:Middlewares/LVGL/lvgl/src/core/lv_obj_event.c ****     return lv_event_add(&obj->spec_attr->event_list, event_cb, filter, user_data);
 108:Middlewares/LVGL/lvgl/src/core/lv_obj_event.c **** }
 109:Middlewares/LVGL/lvgl/src/core/lv_obj_event.c **** 
 110:Middlewares/LVGL/lvgl/src/core/lv_obj_event.c **** uint32_t lv_obj_get_event_count(lv_obj_t * obj)
 111:Middlewares/LVGL/lvgl/src/core/lv_obj_event.c **** {
 112:Middlewares/LVGL/lvgl/src/core/lv_obj_event.c ****     LV_ASSERT_NULL(obj);
 113:Middlewares/LVGL/lvgl/src/core/lv_obj_event.c ****     if(obj->spec_attr == NULL) return 0;
 114:Middlewares/LVGL/lvgl/src/core/lv_obj_event.c ****     return lv_event_get_count(&obj->spec_attr->event_list);
 115:Middlewares/LVGL/lvgl/src/core/lv_obj_event.c **** }
 116:Middlewares/LVGL/lvgl/src/core/lv_obj_event.c **** 
 117:Middlewares/LVGL/lvgl/src/core/lv_obj_event.c **** lv_event_dsc_t * lv_obj_get_event_dsc(lv_obj_t * obj, uint32_t index)
 118:Middlewares/LVGL/lvgl/src/core/lv_obj_event.c **** {
 119:Middlewares/LVGL/lvgl/src/core/lv_obj_event.c ****     LV_ASSERT_NULL(obj);
 120:Middlewares/LVGL/lvgl/src/core/lv_obj_event.c ****     if(obj->spec_attr == NULL) return NULL;
 121:Middlewares/LVGL/lvgl/src/core/lv_obj_event.c ****     return lv_event_get_dsc(&obj->spec_attr->event_list, index);
 122:Middlewares/LVGL/lvgl/src/core/lv_obj_event.c **** }
 123:Middlewares/LVGL/lvgl/src/core/lv_obj_event.c **** 
 124:Middlewares/LVGL/lvgl/src/core/lv_obj_event.c **** bool lv_obj_remove_event(lv_obj_t * obj, uint32_t index)
 125:Middlewares/LVGL/lvgl/src/core/lv_obj_event.c **** {
 126:Middlewares/LVGL/lvgl/src/core/lv_obj_event.c ****     LV_ASSERT_NULL(obj);
 127:Middlewares/LVGL/lvgl/src/core/lv_obj_event.c ****     if(obj->spec_attr == NULL) return false;
 128:Middlewares/LVGL/lvgl/src/core/lv_obj_event.c ****     return lv_event_remove(&obj->spec_attr->event_list, index);
 129:Middlewares/LVGL/lvgl/src/core/lv_obj_event.c **** }
 130:Middlewares/LVGL/lvgl/src/core/lv_obj_event.c **** 
 131:Middlewares/LVGL/lvgl/src/core/lv_obj_event.c **** bool lv_obj_remove_event_dsc(lv_obj_t * obj, lv_event_dsc_t * dsc)
 132:Middlewares/LVGL/lvgl/src/core/lv_obj_event.c **** {
 133:Middlewares/LVGL/lvgl/src/core/lv_obj_event.c ****     LV_ASSERT_NULL(obj);
 134:Middlewares/LVGL/lvgl/src/core/lv_obj_event.c ****     LV_ASSERT_NULL(dsc);
 135:Middlewares/LVGL/lvgl/src/core/lv_obj_event.c ****     if(obj->spec_attr == NULL) return false;
 136:Middlewares/LVGL/lvgl/src/core/lv_obj_event.c ****     return lv_event_remove_dsc(&obj->spec_attr->event_list, dsc);
 137:Middlewares/LVGL/lvgl/src/core/lv_obj_event.c **** }
 138:Middlewares/LVGL/lvgl/src/core/lv_obj_event.c **** 
 139:Middlewares/LVGL/lvgl/src/core/lv_obj_event.c **** uint32_t lv_obj_remove_event_cb(lv_obj_t * obj, lv_event_cb_t event_cb)
 140:Middlewares/LVGL/lvgl/src/core/lv_obj_event.c **** {
 141:Middlewares/LVGL/lvgl/src/core/lv_obj_event.c ****     LV_ASSERT_NULL(obj);
 142:Middlewares/LVGL/lvgl/src/core/lv_obj_event.c **** 
 143:Middlewares/LVGL/lvgl/src/core/lv_obj_event.c ****     uint32_t event_cnt = lv_obj_get_event_count(obj);
 144:Middlewares/LVGL/lvgl/src/core/lv_obj_event.c ****     uint32_t removed_count = 0;
ARM GAS  C:\Users\w1785\AppData\Local\Temp\cc9AtjlU.s 			page 4


 145:Middlewares/LVGL/lvgl/src/core/lv_obj_event.c ****     int32_t i;
 146:Middlewares/LVGL/lvgl/src/core/lv_obj_event.c **** 
 147:Middlewares/LVGL/lvgl/src/core/lv_obj_event.c ****     if(event_cnt == 0) return 0;
 148:Middlewares/LVGL/lvgl/src/core/lv_obj_event.c **** 
 149:Middlewares/LVGL/lvgl/src/core/lv_obj_event.c ****     for(i = event_cnt - 1; i >= 0; i--) {
 150:Middlewares/LVGL/lvgl/src/core/lv_obj_event.c ****         lv_event_dsc_t * dsc = lv_obj_get_event_dsc(obj, i);
 151:Middlewares/LVGL/lvgl/src/core/lv_obj_event.c ****         if(dsc && dsc->cb == event_cb) {
 152:Middlewares/LVGL/lvgl/src/core/lv_obj_event.c ****             lv_obj_remove_event(obj, i);
 153:Middlewares/LVGL/lvgl/src/core/lv_obj_event.c ****             removed_count++;
 154:Middlewares/LVGL/lvgl/src/core/lv_obj_event.c ****         }
 155:Middlewares/LVGL/lvgl/src/core/lv_obj_event.c ****     }
 156:Middlewares/LVGL/lvgl/src/core/lv_obj_event.c **** 
 157:Middlewares/LVGL/lvgl/src/core/lv_obj_event.c ****     return removed_count;
 158:Middlewares/LVGL/lvgl/src/core/lv_obj_event.c **** }
 159:Middlewares/LVGL/lvgl/src/core/lv_obj_event.c **** 
 160:Middlewares/LVGL/lvgl/src/core/lv_obj_event.c **** uint32_t lv_obj_remove_event_cb_with_user_data(lv_obj_t * obj, lv_event_cb_t event_cb, void * user_
 161:Middlewares/LVGL/lvgl/src/core/lv_obj_event.c **** {
 162:Middlewares/LVGL/lvgl/src/core/lv_obj_event.c ****     LV_ASSERT_NULL(obj);
 163:Middlewares/LVGL/lvgl/src/core/lv_obj_event.c **** 
 164:Middlewares/LVGL/lvgl/src/core/lv_obj_event.c ****     uint32_t event_cnt = lv_obj_get_event_count(obj);
 165:Middlewares/LVGL/lvgl/src/core/lv_obj_event.c ****     uint32_t removed_count = 0;
 166:Middlewares/LVGL/lvgl/src/core/lv_obj_event.c ****     int32_t i;
 167:Middlewares/LVGL/lvgl/src/core/lv_obj_event.c **** 
 168:Middlewares/LVGL/lvgl/src/core/lv_obj_event.c ****     if(event_cnt == 0) return 0;
 169:Middlewares/LVGL/lvgl/src/core/lv_obj_event.c **** 
 170:Middlewares/LVGL/lvgl/src/core/lv_obj_event.c ****     for(i = event_cnt - 1; i >= 0; i--) {
 171:Middlewares/LVGL/lvgl/src/core/lv_obj_event.c ****         lv_event_dsc_t * dsc = lv_obj_get_event_dsc(obj, i);
 172:Middlewares/LVGL/lvgl/src/core/lv_obj_event.c ****         if(dsc && (event_cb == NULL || dsc->cb == event_cb) && dsc->user_data == user_data) {
 173:Middlewares/LVGL/lvgl/src/core/lv_obj_event.c ****             lv_obj_remove_event(obj, i);
 174:Middlewares/LVGL/lvgl/src/core/lv_obj_event.c ****             removed_count ++;
 175:Middlewares/LVGL/lvgl/src/core/lv_obj_event.c ****         }
 176:Middlewares/LVGL/lvgl/src/core/lv_obj_event.c ****     }
 177:Middlewares/LVGL/lvgl/src/core/lv_obj_event.c **** 
 178:Middlewares/LVGL/lvgl/src/core/lv_obj_event.c ****     return removed_count;
 179:Middlewares/LVGL/lvgl/src/core/lv_obj_event.c **** }
 180:Middlewares/LVGL/lvgl/src/core/lv_obj_event.c **** 
 181:Middlewares/LVGL/lvgl/src/core/lv_obj_event.c **** lv_obj_t * lv_event_get_current_target_obj(lv_event_t * e)
 182:Middlewares/LVGL/lvgl/src/core/lv_obj_event.c **** {
 183:Middlewares/LVGL/lvgl/src/core/lv_obj_event.c ****     return lv_event_get_current_target(e);
 184:Middlewares/LVGL/lvgl/src/core/lv_obj_event.c **** }
 185:Middlewares/LVGL/lvgl/src/core/lv_obj_event.c **** 
 186:Middlewares/LVGL/lvgl/src/core/lv_obj_event.c **** lv_obj_t * lv_event_get_target_obj(lv_event_t * e)
 187:Middlewares/LVGL/lvgl/src/core/lv_obj_event.c **** {
 188:Middlewares/LVGL/lvgl/src/core/lv_obj_event.c ****     return lv_event_get_target(e);
 189:Middlewares/LVGL/lvgl/src/core/lv_obj_event.c **** }
 190:Middlewares/LVGL/lvgl/src/core/lv_obj_event.c **** 
 191:Middlewares/LVGL/lvgl/src/core/lv_obj_event.c **** lv_indev_t * lv_event_get_indev(lv_event_t * e)
 192:Middlewares/LVGL/lvgl/src/core/lv_obj_event.c **** {
 193:Middlewares/LVGL/lvgl/src/core/lv_obj_event.c **** 
 194:Middlewares/LVGL/lvgl/src/core/lv_obj_event.c ****     if(e->code == LV_EVENT_PRESSED ||
 195:Middlewares/LVGL/lvgl/src/core/lv_obj_event.c ****        e->code == LV_EVENT_PRESSING ||
 196:Middlewares/LVGL/lvgl/src/core/lv_obj_event.c ****        e->code == LV_EVENT_PRESS_LOST ||
 197:Middlewares/LVGL/lvgl/src/core/lv_obj_event.c ****        e->code == LV_EVENT_SHORT_CLICKED ||
 198:Middlewares/LVGL/lvgl/src/core/lv_obj_event.c ****        e->code == LV_EVENT_LONG_PRESSED ||
 199:Middlewares/LVGL/lvgl/src/core/lv_obj_event.c ****        e->code == LV_EVENT_LONG_PRESSED_REPEAT ||
 200:Middlewares/LVGL/lvgl/src/core/lv_obj_event.c ****        e->code == LV_EVENT_CLICKED ||
 201:Middlewares/LVGL/lvgl/src/core/lv_obj_event.c ****        e->code == LV_EVENT_RELEASED ||
ARM GAS  C:\Users\w1785\AppData\Local\Temp\cc9AtjlU.s 			page 5


 202:Middlewares/LVGL/lvgl/src/core/lv_obj_event.c ****        e->code == LV_EVENT_SCROLL_BEGIN ||
 203:Middlewares/LVGL/lvgl/src/core/lv_obj_event.c ****        e->code == LV_EVENT_SCROLL_END ||
 204:Middlewares/LVGL/lvgl/src/core/lv_obj_event.c ****        e->code == LV_EVENT_SCROLL ||
 205:Middlewares/LVGL/lvgl/src/core/lv_obj_event.c ****        e->code == LV_EVENT_GESTURE ||
 206:Middlewares/LVGL/lvgl/src/core/lv_obj_event.c ****        e->code == LV_EVENT_KEY ||
 207:Middlewares/LVGL/lvgl/src/core/lv_obj_event.c ****        e->code == LV_EVENT_FOCUSED ||
 208:Middlewares/LVGL/lvgl/src/core/lv_obj_event.c ****        e->code == LV_EVENT_DEFOCUSED ||
 209:Middlewares/LVGL/lvgl/src/core/lv_obj_event.c ****        e->code == LV_EVENT_LEAVE ||
 210:Middlewares/LVGL/lvgl/src/core/lv_obj_event.c ****        e->code == LV_EVENT_HOVER_OVER ||
 211:Middlewares/LVGL/lvgl/src/core/lv_obj_event.c ****        e->code == LV_EVENT_HOVER_LEAVE) {
 212:Middlewares/LVGL/lvgl/src/core/lv_obj_event.c ****         return lv_event_get_param(e);
 213:Middlewares/LVGL/lvgl/src/core/lv_obj_event.c ****     }
 214:Middlewares/LVGL/lvgl/src/core/lv_obj_event.c ****     else {
 215:Middlewares/LVGL/lvgl/src/core/lv_obj_event.c ****         LV_LOG_WARN("Not interpreted with this event code");
 216:Middlewares/LVGL/lvgl/src/core/lv_obj_event.c ****         return NULL;
 217:Middlewares/LVGL/lvgl/src/core/lv_obj_event.c ****     }
 218:Middlewares/LVGL/lvgl/src/core/lv_obj_event.c **** }
 219:Middlewares/LVGL/lvgl/src/core/lv_obj_event.c **** 
 220:Middlewares/LVGL/lvgl/src/core/lv_obj_event.c **** lv_layer_t * lv_event_get_layer(lv_event_t * e)
 221:Middlewares/LVGL/lvgl/src/core/lv_obj_event.c **** {
 222:Middlewares/LVGL/lvgl/src/core/lv_obj_event.c ****     if(e->code == LV_EVENT_DRAW_MAIN ||
 223:Middlewares/LVGL/lvgl/src/core/lv_obj_event.c ****        e->code == LV_EVENT_DRAW_MAIN_BEGIN ||
 224:Middlewares/LVGL/lvgl/src/core/lv_obj_event.c ****        e->code == LV_EVENT_DRAW_MAIN_END ||
 225:Middlewares/LVGL/lvgl/src/core/lv_obj_event.c ****        e->code == LV_EVENT_DRAW_POST ||
 226:Middlewares/LVGL/lvgl/src/core/lv_obj_event.c ****        e->code == LV_EVENT_DRAW_POST_BEGIN ||
 227:Middlewares/LVGL/lvgl/src/core/lv_obj_event.c ****        e->code == LV_EVENT_DRAW_POST_END) {
 228:Middlewares/LVGL/lvgl/src/core/lv_obj_event.c ****         return lv_event_get_param(e);
 229:Middlewares/LVGL/lvgl/src/core/lv_obj_event.c ****     }
 230:Middlewares/LVGL/lvgl/src/core/lv_obj_event.c ****     else {
 231:Middlewares/LVGL/lvgl/src/core/lv_obj_event.c ****         LV_LOG_WARN("Not interpreted with this event code");
 232:Middlewares/LVGL/lvgl/src/core/lv_obj_event.c ****         return NULL;
 233:Middlewares/LVGL/lvgl/src/core/lv_obj_event.c ****     }
 234:Middlewares/LVGL/lvgl/src/core/lv_obj_event.c **** }
 235:Middlewares/LVGL/lvgl/src/core/lv_obj_event.c **** 
 236:Middlewares/LVGL/lvgl/src/core/lv_obj_event.c **** const lv_area_t * lv_event_get_old_size(lv_event_t * e)
 237:Middlewares/LVGL/lvgl/src/core/lv_obj_event.c **** {
 238:Middlewares/LVGL/lvgl/src/core/lv_obj_event.c ****     if(e->code == LV_EVENT_SIZE_CHANGED) {
 239:Middlewares/LVGL/lvgl/src/core/lv_obj_event.c ****         return lv_event_get_param(e);
 240:Middlewares/LVGL/lvgl/src/core/lv_obj_event.c ****     }
 241:Middlewares/LVGL/lvgl/src/core/lv_obj_event.c ****     else {
 242:Middlewares/LVGL/lvgl/src/core/lv_obj_event.c ****         LV_LOG_WARN("Not interpreted with this event code");
 243:Middlewares/LVGL/lvgl/src/core/lv_obj_event.c ****         return NULL;
 244:Middlewares/LVGL/lvgl/src/core/lv_obj_event.c ****     }
 245:Middlewares/LVGL/lvgl/src/core/lv_obj_event.c **** }
 246:Middlewares/LVGL/lvgl/src/core/lv_obj_event.c **** 
 247:Middlewares/LVGL/lvgl/src/core/lv_obj_event.c **** uint32_t lv_event_get_key(lv_event_t * e)
 248:Middlewares/LVGL/lvgl/src/core/lv_obj_event.c **** {
 249:Middlewares/LVGL/lvgl/src/core/lv_obj_event.c ****     if(e->code == LV_EVENT_KEY) {
 250:Middlewares/LVGL/lvgl/src/core/lv_obj_event.c ****         uint32_t * k = lv_event_get_param(e);
 251:Middlewares/LVGL/lvgl/src/core/lv_obj_event.c ****         if(k) return *k;
 252:Middlewares/LVGL/lvgl/src/core/lv_obj_event.c ****         else return 0;
 253:Middlewares/LVGL/lvgl/src/core/lv_obj_event.c ****     }
 254:Middlewares/LVGL/lvgl/src/core/lv_obj_event.c ****     else {
 255:Middlewares/LVGL/lvgl/src/core/lv_obj_event.c ****         LV_LOG_WARN("Not interpreted with this event code");
 256:Middlewares/LVGL/lvgl/src/core/lv_obj_event.c ****         return 0;
 257:Middlewares/LVGL/lvgl/src/core/lv_obj_event.c ****     }
 258:Middlewares/LVGL/lvgl/src/core/lv_obj_event.c **** }
ARM GAS  C:\Users\w1785\AppData\Local\Temp\cc9AtjlU.s 			page 6


 259:Middlewares/LVGL/lvgl/src/core/lv_obj_event.c **** 
 260:Middlewares/LVGL/lvgl/src/core/lv_obj_event.c **** int32_t lv_event_get_rotary_diff(lv_event_t * e)
 261:Middlewares/LVGL/lvgl/src/core/lv_obj_event.c **** {
 262:Middlewares/LVGL/lvgl/src/core/lv_obj_event.c ****     if(e->code == LV_EVENT_ROTARY) {
 263:Middlewares/LVGL/lvgl/src/core/lv_obj_event.c ****         int32_t * r = lv_event_get_param(e);
 264:Middlewares/LVGL/lvgl/src/core/lv_obj_event.c ****         if(r) return *r;
 265:Middlewares/LVGL/lvgl/src/core/lv_obj_event.c ****         else return 0;
 266:Middlewares/LVGL/lvgl/src/core/lv_obj_event.c ****     }
 267:Middlewares/LVGL/lvgl/src/core/lv_obj_event.c ****     else {
 268:Middlewares/LVGL/lvgl/src/core/lv_obj_event.c ****         LV_LOG_WARN("Not interpreted with this event code");
 269:Middlewares/LVGL/lvgl/src/core/lv_obj_event.c ****         return 0;
 270:Middlewares/LVGL/lvgl/src/core/lv_obj_event.c ****     }
 271:Middlewares/LVGL/lvgl/src/core/lv_obj_event.c **** }
 272:Middlewares/LVGL/lvgl/src/core/lv_obj_event.c **** 
 273:Middlewares/LVGL/lvgl/src/core/lv_obj_event.c **** lv_anim_t * lv_event_get_scroll_anim(lv_event_t * e)
 274:Middlewares/LVGL/lvgl/src/core/lv_obj_event.c **** {
 275:Middlewares/LVGL/lvgl/src/core/lv_obj_event.c ****     if(e->code == LV_EVENT_SCROLL_BEGIN) {
 276:Middlewares/LVGL/lvgl/src/core/lv_obj_event.c ****         return lv_event_get_param(e);
 277:Middlewares/LVGL/lvgl/src/core/lv_obj_event.c ****     }
 278:Middlewares/LVGL/lvgl/src/core/lv_obj_event.c ****     else {
 279:Middlewares/LVGL/lvgl/src/core/lv_obj_event.c ****         LV_LOG_WARN("Not interpreted with this event code");
 280:Middlewares/LVGL/lvgl/src/core/lv_obj_event.c ****         return NULL;
 281:Middlewares/LVGL/lvgl/src/core/lv_obj_event.c ****     }
 282:Middlewares/LVGL/lvgl/src/core/lv_obj_event.c **** }
 283:Middlewares/LVGL/lvgl/src/core/lv_obj_event.c **** 
 284:Middlewares/LVGL/lvgl/src/core/lv_obj_event.c **** void lv_event_set_ext_draw_size(lv_event_t * e, int32_t size)
 285:Middlewares/LVGL/lvgl/src/core/lv_obj_event.c **** {
 286:Middlewares/LVGL/lvgl/src/core/lv_obj_event.c ****     if(e->code == LV_EVENT_REFR_EXT_DRAW_SIZE) {
 287:Middlewares/LVGL/lvgl/src/core/lv_obj_event.c ****         int32_t * cur_size = lv_event_get_param(e);
 288:Middlewares/LVGL/lvgl/src/core/lv_obj_event.c ****         *cur_size = LV_MAX(*cur_size, size);
 289:Middlewares/LVGL/lvgl/src/core/lv_obj_event.c ****     }
 290:Middlewares/LVGL/lvgl/src/core/lv_obj_event.c ****     else {
 291:Middlewares/LVGL/lvgl/src/core/lv_obj_event.c ****         LV_LOG_WARN("Not interpreted with this event code");
 292:Middlewares/LVGL/lvgl/src/core/lv_obj_event.c ****     }
 293:Middlewares/LVGL/lvgl/src/core/lv_obj_event.c **** }
 294:Middlewares/LVGL/lvgl/src/core/lv_obj_event.c **** 
 295:Middlewares/LVGL/lvgl/src/core/lv_obj_event.c **** lv_point_t * lv_event_get_self_size_info(lv_event_t * e)
 296:Middlewares/LVGL/lvgl/src/core/lv_obj_event.c **** {
 297:Middlewares/LVGL/lvgl/src/core/lv_obj_event.c ****     if(e->code == LV_EVENT_GET_SELF_SIZE) {
 298:Middlewares/LVGL/lvgl/src/core/lv_obj_event.c ****         return lv_event_get_param(e);
 299:Middlewares/LVGL/lvgl/src/core/lv_obj_event.c ****     }
 300:Middlewares/LVGL/lvgl/src/core/lv_obj_event.c ****     else {
 301:Middlewares/LVGL/lvgl/src/core/lv_obj_event.c ****         LV_LOG_WARN("Not interpreted with this event code");
 302:Middlewares/LVGL/lvgl/src/core/lv_obj_event.c ****         return 0;
 303:Middlewares/LVGL/lvgl/src/core/lv_obj_event.c ****     }
 304:Middlewares/LVGL/lvgl/src/core/lv_obj_event.c **** }
 305:Middlewares/LVGL/lvgl/src/core/lv_obj_event.c **** 
 306:Middlewares/LVGL/lvgl/src/core/lv_obj_event.c **** lv_hit_test_info_t * lv_event_get_hit_test_info(lv_event_t * e)
 307:Middlewares/LVGL/lvgl/src/core/lv_obj_event.c **** {
 308:Middlewares/LVGL/lvgl/src/core/lv_obj_event.c ****     if(e->code == LV_EVENT_HIT_TEST) {
 309:Middlewares/LVGL/lvgl/src/core/lv_obj_event.c ****         return lv_event_get_param(e);
 310:Middlewares/LVGL/lvgl/src/core/lv_obj_event.c ****     }
 311:Middlewares/LVGL/lvgl/src/core/lv_obj_event.c ****     else {
 312:Middlewares/LVGL/lvgl/src/core/lv_obj_event.c ****         LV_LOG_WARN("Not interpreted with this event code");
 313:Middlewares/LVGL/lvgl/src/core/lv_obj_event.c ****         return 0;
 314:Middlewares/LVGL/lvgl/src/core/lv_obj_event.c ****     }
 315:Middlewares/LVGL/lvgl/src/core/lv_obj_event.c **** }
ARM GAS  C:\Users\w1785\AppData\Local\Temp\cc9AtjlU.s 			page 7


 316:Middlewares/LVGL/lvgl/src/core/lv_obj_event.c **** 
 317:Middlewares/LVGL/lvgl/src/core/lv_obj_event.c **** const lv_area_t * lv_event_get_cover_area(lv_event_t * e)
 318:Middlewares/LVGL/lvgl/src/core/lv_obj_event.c **** {
 319:Middlewares/LVGL/lvgl/src/core/lv_obj_event.c ****     if(e->code == LV_EVENT_COVER_CHECK) {
 320:Middlewares/LVGL/lvgl/src/core/lv_obj_event.c ****         lv_cover_check_info_t * p = lv_event_get_param(e);
 321:Middlewares/LVGL/lvgl/src/core/lv_obj_event.c ****         return p->area;
 322:Middlewares/LVGL/lvgl/src/core/lv_obj_event.c ****     }
 323:Middlewares/LVGL/lvgl/src/core/lv_obj_event.c ****     else {
 324:Middlewares/LVGL/lvgl/src/core/lv_obj_event.c ****         LV_LOG_WARN("Not interpreted with this event code");
 325:Middlewares/LVGL/lvgl/src/core/lv_obj_event.c ****         return NULL;
 326:Middlewares/LVGL/lvgl/src/core/lv_obj_event.c ****     }
 327:Middlewares/LVGL/lvgl/src/core/lv_obj_event.c **** }
 328:Middlewares/LVGL/lvgl/src/core/lv_obj_event.c **** 
 329:Middlewares/LVGL/lvgl/src/core/lv_obj_event.c **** void lv_event_set_cover_res(lv_event_t * e, lv_cover_res_t res)
 330:Middlewares/LVGL/lvgl/src/core/lv_obj_event.c **** {
 331:Middlewares/LVGL/lvgl/src/core/lv_obj_event.c ****     if(e->code == LV_EVENT_COVER_CHECK) {
 332:Middlewares/LVGL/lvgl/src/core/lv_obj_event.c ****         lv_cover_check_info_t * p = lv_event_get_param(e);
 333:Middlewares/LVGL/lvgl/src/core/lv_obj_event.c ****         if(res > p->res) p->res = res;  /*Save only "stronger" results*/
 334:Middlewares/LVGL/lvgl/src/core/lv_obj_event.c ****     }
 335:Middlewares/LVGL/lvgl/src/core/lv_obj_event.c ****     else {
 336:Middlewares/LVGL/lvgl/src/core/lv_obj_event.c ****         LV_LOG_WARN("Not interpreted with this event code");
 337:Middlewares/LVGL/lvgl/src/core/lv_obj_event.c ****     }
 338:Middlewares/LVGL/lvgl/src/core/lv_obj_event.c **** }
 339:Middlewares/LVGL/lvgl/src/core/lv_obj_event.c **** 
 340:Middlewares/LVGL/lvgl/src/core/lv_obj_event.c **** lv_draw_task_t * lv_event_get_draw_task(lv_event_t * e)
 341:Middlewares/LVGL/lvgl/src/core/lv_obj_event.c **** {
 342:Middlewares/LVGL/lvgl/src/core/lv_obj_event.c ****     if(e->code == LV_EVENT_DRAW_TASK_ADDED) {
 343:Middlewares/LVGL/lvgl/src/core/lv_obj_event.c ****         return lv_event_get_param(e);
 344:Middlewares/LVGL/lvgl/src/core/lv_obj_event.c ****     }
 345:Middlewares/LVGL/lvgl/src/core/lv_obj_event.c ****     else {
 346:Middlewares/LVGL/lvgl/src/core/lv_obj_event.c ****         LV_LOG_WARN("Not interpreted with this event code");
 347:Middlewares/LVGL/lvgl/src/core/lv_obj_event.c ****         return NULL;
 348:Middlewares/LVGL/lvgl/src/core/lv_obj_event.c ****     }
 349:Middlewares/LVGL/lvgl/src/core/lv_obj_event.c **** }
 350:Middlewares/LVGL/lvgl/src/core/lv_obj_event.c **** 
 351:Middlewares/LVGL/lvgl/src/core/lv_obj_event.c **** lv_state_t lv_event_get_prev_state(lv_event_t * e)
 352:Middlewares/LVGL/lvgl/src/core/lv_obj_event.c **** {
 353:Middlewares/LVGL/lvgl/src/core/lv_obj_event.c ****     if(e->code == LV_EVENT_STATE_CHANGED) {
 354:Middlewares/LVGL/lvgl/src/core/lv_obj_event.c ****         lv_state_t * state = lv_event_get_param(e);
 355:Middlewares/LVGL/lvgl/src/core/lv_obj_event.c ****         return state ? *state : 0;
 356:Middlewares/LVGL/lvgl/src/core/lv_obj_event.c ****     }
 357:Middlewares/LVGL/lvgl/src/core/lv_obj_event.c ****     else {
 358:Middlewares/LVGL/lvgl/src/core/lv_obj_event.c ****         LV_LOG_WARN("Not interpreted with this event code");
 359:Middlewares/LVGL/lvgl/src/core/lv_obj_event.c ****         return 0;
 360:Middlewares/LVGL/lvgl/src/core/lv_obj_event.c ****     }
 361:Middlewares/LVGL/lvgl/src/core/lv_obj_event.c **** }
 362:Middlewares/LVGL/lvgl/src/core/lv_obj_event.c **** 
 363:Middlewares/LVGL/lvgl/src/core/lv_obj_event.c **** /**********************
 364:Middlewares/LVGL/lvgl/src/core/lv_obj_event.c ****  *   STATIC FUNCTIONS
 365:Middlewares/LVGL/lvgl/src/core/lv_obj_event.c ****  **********************/
 366:Middlewares/LVGL/lvgl/src/core/lv_obj_event.c **** 
 367:Middlewares/LVGL/lvgl/src/core/lv_obj_event.c **** static lv_result_t event_send_core(lv_event_t * e)
 368:Middlewares/LVGL/lvgl/src/core/lv_obj_event.c **** {
 369:Middlewares/LVGL/lvgl/src/core/lv_obj_event.c ****     LV_TRACE_EVENT("Sending event %d to %p with %p param", e->code, (void *)e->original_target, e->
 370:Middlewares/LVGL/lvgl/src/core/lv_obj_event.c **** 
 371:Middlewares/LVGL/lvgl/src/core/lv_obj_event.c ****     lv_indev_t * indev_act = lv_indev_active();
 372:Middlewares/LVGL/lvgl/src/core/lv_obj_event.c ****     if(indev_act) {
ARM GAS  C:\Users\w1785\AppData\Local\Temp\cc9AtjlU.s 			page 8


 373:Middlewares/LVGL/lvgl/src/core/lv_obj_event.c ****         if(e->stop_processing) return LV_RESULT_OK;
 374:Middlewares/LVGL/lvgl/src/core/lv_obj_event.c ****         if(e->deleted) return LV_RESULT_INVALID;
 375:Middlewares/LVGL/lvgl/src/core/lv_obj_event.c ****     }
 376:Middlewares/LVGL/lvgl/src/core/lv_obj_event.c **** 
 377:Middlewares/LVGL/lvgl/src/core/lv_obj_event.c ****     lv_obj_t * target = e->current_target;
 378:Middlewares/LVGL/lvgl/src/core/lv_obj_event.c ****     lv_result_t res = LV_RESULT_OK;
 379:Middlewares/LVGL/lvgl/src/core/lv_obj_event.c ****     lv_event_list_t * list = target->spec_attr ?  &target->spec_attr->event_list : NULL;
 380:Middlewares/LVGL/lvgl/src/core/lv_obj_event.c **** 
 381:Middlewares/LVGL/lvgl/src/core/lv_obj_event.c ****     res = lv_event_send(list, e, true);
 382:Middlewares/LVGL/lvgl/src/core/lv_obj_event.c ****     if(res != LV_RESULT_OK || e->stop_processing) return res;
 383:Middlewares/LVGL/lvgl/src/core/lv_obj_event.c **** 
 384:Middlewares/LVGL/lvgl/src/core/lv_obj_event.c ****     res = lv_obj_event_base(NULL, e);
 385:Middlewares/LVGL/lvgl/src/core/lv_obj_event.c ****     if(res != LV_RESULT_OK || e->stop_processing) return res;
 386:Middlewares/LVGL/lvgl/src/core/lv_obj_event.c **** 
 387:Middlewares/LVGL/lvgl/src/core/lv_obj_event.c ****     res = lv_event_send(list, e, false);
 388:Middlewares/LVGL/lvgl/src/core/lv_obj_event.c ****     if(res != LV_RESULT_OK || e->stop_processing) return res;
 389:Middlewares/LVGL/lvgl/src/core/lv_obj_event.c **** 
 390:Middlewares/LVGL/lvgl/src/core/lv_obj_event.c ****     lv_obj_t * parent = lv_obj_get_parent(e->current_target);
 391:Middlewares/LVGL/lvgl/src/core/lv_obj_event.c ****     if(parent && event_is_bubbled(e)) {
 392:Middlewares/LVGL/lvgl/src/core/lv_obj_event.c ****         e->current_target = parent;
 393:Middlewares/LVGL/lvgl/src/core/lv_obj_event.c ****         res = event_send_core(e);
 394:Middlewares/LVGL/lvgl/src/core/lv_obj_event.c ****     }
 395:Middlewares/LVGL/lvgl/src/core/lv_obj_event.c ****     if(res != LV_RESULT_OK) return res;
 396:Middlewares/LVGL/lvgl/src/core/lv_obj_event.c **** 
 397:Middlewares/LVGL/lvgl/src/core/lv_obj_event.c ****     /*Trickle down to children if enabled*/
 398:Middlewares/LVGL/lvgl/src/core/lv_obj_event.c ****     if(event_is_trickled(e)) {
 399:Middlewares/LVGL/lvgl/src/core/lv_obj_event.c ****         uint32_t child_count = lv_obj_get_child_count(target);
 400:Middlewares/LVGL/lvgl/src/core/lv_obj_event.c **** 
 401:Middlewares/LVGL/lvgl/src/core/lv_obj_event.c ****         /* we don't want the event to bubble up again when trickling down */
 402:Middlewares/LVGL/lvgl/src/core/lv_obj_event.c ****         e->stop_bubbling = 1;
 403:Middlewares/LVGL/lvgl/src/core/lv_obj_event.c **** 
 404:Middlewares/LVGL/lvgl/src/core/lv_obj_event.c ****         for(uint32_t i = 0; i < child_count && res == LV_RESULT_OK && !e->stop_processing; i++) {
 405:Middlewares/LVGL/lvgl/src/core/lv_obj_event.c ****             lv_obj_t * child = lv_obj_get_child(target, i);
 406:Middlewares/LVGL/lvgl/src/core/lv_obj_event.c ****             if(child) {
 407:Middlewares/LVGL/lvgl/src/core/lv_obj_event.c ****                 e->current_target = child;
 408:Middlewares/LVGL/lvgl/src/core/lv_obj_event.c ****                 res = event_send_core(e);
 409:Middlewares/LVGL/lvgl/src/core/lv_obj_event.c ****                 if(res != LV_RESULT_OK) {
 410:Middlewares/LVGL/lvgl/src/core/lv_obj_event.c ****                     LV_LOG_WARN("Trickle down event %d to child %p failed", e->code, (void *)child)
 411:Middlewares/LVGL/lvgl/src/core/lv_obj_event.c ****                     break;
 412:Middlewares/LVGL/lvgl/src/core/lv_obj_event.c ****                 }
 413:Middlewares/LVGL/lvgl/src/core/lv_obj_event.c ****             }
 414:Middlewares/LVGL/lvgl/src/core/lv_obj_event.c ****         }
 415:Middlewares/LVGL/lvgl/src/core/lv_obj_event.c ****     }
 416:Middlewares/LVGL/lvgl/src/core/lv_obj_event.c **** 
 417:Middlewares/LVGL/lvgl/src/core/lv_obj_event.c ****     return res;
 418:Middlewares/LVGL/lvgl/src/core/lv_obj_event.c **** }
 419:Middlewares/LVGL/lvgl/src/core/lv_obj_event.c **** 
 420:Middlewares/LVGL/lvgl/src/core/lv_obj_event.c **** static bool event_is_bubbled(lv_event_t * e)
 421:Middlewares/LVGL/lvgl/src/core/lv_obj_event.c **** {
  29              		.loc 1 421 1 view -0
  30              		.cfi_startproc
  31              		@ args = 0, pretend = 0, frame = 0
  32              		@ frame_needed = 0, uses_anonymous_args = 0
 422:Middlewares/LVGL/lvgl/src/core/lv_obj_event.c ****     if(e->stop_bubbling) return false;
  33              		.loc 1 422 5 view .LVU1
  34              		.loc 1 422 8 is_stmt 0 view .LVU2
  35 0000 037E     		ldrb	r3, [r0, #24]	@ zero_extendqisi2
ARM GAS  C:\Users\w1785\AppData\Local\Temp\cc9AtjlU.s 			page 9


  36              		.loc 1 422 7 view .LVU3
  37 0002 13F0040F 		tst	r3, #4
  38 0006 1FD1     		bne	.L3
 421:Middlewares/LVGL/lvgl/src/core/lv_obj_event.c ****     if(e->stop_bubbling) return false;
  39              		.loc 1 421 1 view .LVU4
  40 0008 10B5     		push	{r4, lr}
  41              	.LCFI0:
  42              		.cfi_def_cfa_offset 8
  43              		.cfi_offset 4, -8
  44              		.cfi_offset 14, -4
  45 000a 0446     		mov	r4, r0
 423:Middlewares/LVGL/lvgl/src/core/lv_obj_event.c **** 
 424:Middlewares/LVGL/lvgl/src/core/lv_obj_event.c ****     /*Event codes that always bubble*/
 425:Middlewares/LVGL/lvgl/src/core/lv_obj_event.c ****     switch(e->code) {
  46              		.loc 1 425 5 is_stmt 1 view .LVU5
  47              		.loc 1 425 13 is_stmt 0 view .LVU6
  48 000c 8368     		ldr	r3, [r0, #8]
  49              		.loc 1 425 5 view .LVU7
  50 000e 2C3B     		subs	r3, r3, #44
  51 0010 012B     		cmp	r3, #1
  52 0012 01D8     		bhi	.L10
 426:Middlewares/LVGL/lvgl/src/core/lv_obj_event.c ****         case LV_EVENT_CHILD_CREATED:
 427:Middlewares/LVGL/lvgl/src/core/lv_obj_event.c ****         case LV_EVENT_CHILD_DELETED:
 428:Middlewares/LVGL/lvgl/src/core/lv_obj_event.c ****             return true;
  53              		.loc 1 428 20 view .LVU8
  54 0014 0120     		movs	r0, #1
  55              	.LVL1:
  56              	.L2:
 429:Middlewares/LVGL/lvgl/src/core/lv_obj_event.c ****         default:
 430:Middlewares/LVGL/lvgl/src/core/lv_obj_event.c ****             break;
 431:Middlewares/LVGL/lvgl/src/core/lv_obj_event.c ****     }
 432:Middlewares/LVGL/lvgl/src/core/lv_obj_event.c **** 
 433:Middlewares/LVGL/lvgl/src/core/lv_obj_event.c ****     /*Check other codes only if bubbling is enabled*/
 434:Middlewares/LVGL/lvgl/src/core/lv_obj_event.c ****     if(lv_obj_has_flag(e->current_target, LV_OBJ_FLAG_EVENT_BUBBLE) == false) return false;
 435:Middlewares/LVGL/lvgl/src/core/lv_obj_event.c **** 
 436:Middlewares/LVGL/lvgl/src/core/lv_obj_event.c ****     switch(e->code) {
 437:Middlewares/LVGL/lvgl/src/core/lv_obj_event.c ****         case LV_EVENT_HIT_TEST:
 438:Middlewares/LVGL/lvgl/src/core/lv_obj_event.c ****         case LV_EVENT_COVER_CHECK:
 439:Middlewares/LVGL/lvgl/src/core/lv_obj_event.c ****         case LV_EVENT_REFR_EXT_DRAW_SIZE:
 440:Middlewares/LVGL/lvgl/src/core/lv_obj_event.c ****         case LV_EVENT_DRAW_MAIN_BEGIN:
 441:Middlewares/LVGL/lvgl/src/core/lv_obj_event.c ****         case LV_EVENT_DRAW_MAIN:
 442:Middlewares/LVGL/lvgl/src/core/lv_obj_event.c ****         case LV_EVENT_DRAW_MAIN_END:
 443:Middlewares/LVGL/lvgl/src/core/lv_obj_event.c ****         case LV_EVENT_DRAW_POST_BEGIN:
 444:Middlewares/LVGL/lvgl/src/core/lv_obj_event.c ****         case LV_EVENT_DRAW_POST:
 445:Middlewares/LVGL/lvgl/src/core/lv_obj_event.c ****         case LV_EVENT_DRAW_POST_END:
 446:Middlewares/LVGL/lvgl/src/core/lv_obj_event.c ****         case LV_EVENT_DRAW_TASK_ADDED:
 447:Middlewares/LVGL/lvgl/src/core/lv_obj_event.c ****         case LV_EVENT_REFRESH:
 448:Middlewares/LVGL/lvgl/src/core/lv_obj_event.c ****         case LV_EVENT_DELETE:
 449:Middlewares/LVGL/lvgl/src/core/lv_obj_event.c ****         case LV_EVENT_CHILD_CREATED:
 450:Middlewares/LVGL/lvgl/src/core/lv_obj_event.c ****         case LV_EVENT_CHILD_DELETED:
 451:Middlewares/LVGL/lvgl/src/core/lv_obj_event.c ****         case LV_EVENT_CHILD_CHANGED:
 452:Middlewares/LVGL/lvgl/src/core/lv_obj_event.c ****         case LV_EVENT_SIZE_CHANGED:
 453:Middlewares/LVGL/lvgl/src/core/lv_obj_event.c ****         case LV_EVENT_STYLE_CHANGED:
 454:Middlewares/LVGL/lvgl/src/core/lv_obj_event.c ****         case LV_EVENT_GET_SELF_SIZE:
 455:Middlewares/LVGL/lvgl/src/core/lv_obj_event.c ****             return false;
 456:Middlewares/LVGL/lvgl/src/core/lv_obj_event.c ****         default:
 457:Middlewares/LVGL/lvgl/src/core/lv_obj_event.c ****             return true;
ARM GAS  C:\Users\w1785\AppData\Local\Temp\cc9AtjlU.s 			page 10


 458:Middlewares/LVGL/lvgl/src/core/lv_obj_event.c ****     }
 459:Middlewares/LVGL/lvgl/src/core/lv_obj_event.c **** }
  57              		.loc 1 459 1 view .LVU9
  58 0016 10BD     		pop	{r4, pc}
  59              	.LVL2:
  60              	.L10:
 430:Middlewares/LVGL/lvgl/src/core/lv_obj_event.c ****     }
  61              		.loc 1 430 13 is_stmt 1 view .LVU10
 434:Middlewares/LVGL/lvgl/src/core/lv_obj_event.c **** 
  62              		.loc 1 434 5 view .LVU11
 434:Middlewares/LVGL/lvgl/src/core/lv_obj_event.c **** 
  63              		.loc 1 434 8 is_stmt 0 view .LVU12
  64 0018 4FF48041 		mov	r1, #16384
  65 001c 0068     		ldr	r0, [r0]
  66              	.LVL3:
 434:Middlewares/LVGL/lvgl/src/core/lv_obj_event.c **** 
  67              		.loc 1 434 8 view .LVU13
  68 001e FFF7FEFF 		bl	lv_obj_has_flag
  69              	.LVL4:
 434:Middlewares/LVGL/lvgl/src/core/lv_obj_event.c **** 
  70              		.loc 1 434 7 discriminator 1 view .LVU14
  71 0022 0028     		cmp	r0, #0
  72 0024 F7D0     		beq	.L2
 436:Middlewares/LVGL/lvgl/src/core/lv_obj_event.c ****         case LV_EVENT_HIT_TEST:
  73              		.loc 1 436 5 is_stmt 1 view .LVU15
 436:Middlewares/LVGL/lvgl/src/core/lv_obj_event.c ****         case LV_EVENT_HIT_TEST:
  74              		.loc 1 436 13 is_stmt 0 view .LVU16
  75 0026 A368     		ldr	r3, [r4, #8]
 436:Middlewares/LVGL/lvgl/src/core/lv_obj_event.c ****         case LV_EVENT_HIT_TEST:
  76              		.loc 1 436 5 view .LVU17
  77 0028 162B     		cmp	r3, #22
  78 002a 0FD0     		beq	.L5
  79 002c F3D3     		bcc	.L2
  80 002e 352B     		cmp	r3, #53
  81 0030 F1D8     		bhi	.L2
  82 0032 1A2B     		cmp	r3, #26
  83 0034 EFD3     		bcc	.L2
  84 0036 1A3B     		subs	r3, r3, #26
  85 0038 054A     		ldr	r2, .L11
  86 003a 22FA03F3 		lsr	r3, r2, r3
  87 003e 13F0010F 		tst	r3, #1
  88 0042 E8D0     		beq	.L2
  89 0044 0020     		movs	r0, #0
  90 0046 E6E7     		b	.L2
  91              	.LVL5:
  92              	.L3:
  93              	.LCFI1:
  94              		.cfi_def_cfa_offset 0
  95              		.cfi_restore 4
  96              		.cfi_restore 14
 422:Middlewares/LVGL/lvgl/src/core/lv_obj_event.c **** 
  97              		.loc 1 422 33 discriminator 1 view .LVU18
  98 0048 0020     		movs	r0, #0
  99              	.LVL6:
 100              		.loc 1 459 1 view .LVU19
 101 004a 7047     		bx	lr
 102              	.LVL7:
ARM GAS  C:\Users\w1785\AppData\Local\Temp\cc9AtjlU.s 			page 11


 103              	.L5:
 104              	.LCFI2:
 105              		.cfi_def_cfa_offset 8
 106              		.cfi_offset 4, -8
 107              		.cfi_offset 14, -4
 436:Middlewares/LVGL/lvgl/src/core/lv_obj_event.c ****         case LV_EVENT_HIT_TEST:
 108              		.loc 1 436 5 view .LVU20
 109 004c 0020     		movs	r0, #0
 110 004e E2E7     		b	.L2
 111              	.L12:
 112              		.align	2
 113              	.L11:
 114 0050 FF090F0B 		.word	185534975
 115              		.cfi_endproc
 116              	.LFE213:
 118              		.section	.text.event_is_trickled,"ax",%progbits
 119              		.align	1
 120              		.syntax unified
 121              		.thumb
 122              		.thumb_func
 124              	event_is_trickled:
 125              	.LVL8:
 126              	.LFB214:
 460:Middlewares/LVGL/lvgl/src/core/lv_obj_event.c **** 
 461:Middlewares/LVGL/lvgl/src/core/lv_obj_event.c **** static bool event_is_trickled(lv_event_t * e)
 462:Middlewares/LVGL/lvgl/src/core/lv_obj_event.c **** {
 127              		.loc 1 462 1 is_stmt 1 view -0
 128              		.cfi_startproc
 129              		@ args = 0, pretend = 0, frame = 0
 130              		@ frame_needed = 0, uses_anonymous_args = 0
 463:Middlewares/LVGL/lvgl/src/core/lv_obj_event.c ****     if(e->stop_trickling) return false;
 131              		.loc 1 463 5 view .LVU22
 132              		.loc 1 463 8 is_stmt 0 view .LVU23
 133 0000 037E     		ldrb	r3, [r0, #24]	@ zero_extendqisi2
 134              		.loc 1 463 7 view .LVU24
 135 0002 13F0080F 		tst	r3, #8
 136 0006 01D0     		beq	.L21
 137              		.loc 1 463 34 discriminator 1 view .LVU25
 138 0008 0020     		movs	r0, #0
 139              	.LVL9:
 464:Middlewares/LVGL/lvgl/src/core/lv_obj_event.c **** 
 465:Middlewares/LVGL/lvgl/src/core/lv_obj_event.c ****     /*Check other codes only if trickle is enabled*/
 466:Middlewares/LVGL/lvgl/src/core/lv_obj_event.c ****     if(lv_obj_has_flag(e->current_target, LV_OBJ_FLAG_EVENT_TRICKLE) == false) return false;
 467:Middlewares/LVGL/lvgl/src/core/lv_obj_event.c **** 
 468:Middlewares/LVGL/lvgl/src/core/lv_obj_event.c ****     switch(e->code) {
 469:Middlewares/LVGL/lvgl/src/core/lv_obj_event.c ****         case LV_EVENT_HIT_TEST:
 470:Middlewares/LVGL/lvgl/src/core/lv_obj_event.c ****         case LV_EVENT_COVER_CHECK:
 471:Middlewares/LVGL/lvgl/src/core/lv_obj_event.c ****         case LV_EVENT_REFR_EXT_DRAW_SIZE:
 472:Middlewares/LVGL/lvgl/src/core/lv_obj_event.c ****         case LV_EVENT_DRAW_MAIN_BEGIN:
 473:Middlewares/LVGL/lvgl/src/core/lv_obj_event.c ****         case LV_EVENT_DRAW_MAIN:
 474:Middlewares/LVGL/lvgl/src/core/lv_obj_event.c ****         case LV_EVENT_DRAW_MAIN_END:
 475:Middlewares/LVGL/lvgl/src/core/lv_obj_event.c ****         case LV_EVENT_DRAW_POST_BEGIN:
 476:Middlewares/LVGL/lvgl/src/core/lv_obj_event.c ****         case LV_EVENT_DRAW_POST:
 477:Middlewares/LVGL/lvgl/src/core/lv_obj_event.c ****         case LV_EVENT_DRAW_POST_END:
 478:Middlewares/LVGL/lvgl/src/core/lv_obj_event.c ****         case LV_EVENT_DRAW_TASK_ADDED:
 479:Middlewares/LVGL/lvgl/src/core/lv_obj_event.c ****         case LV_EVENT_REFRESH:
 480:Middlewares/LVGL/lvgl/src/core/lv_obj_event.c ****         case LV_EVENT_DELETE:
ARM GAS  C:\Users\w1785\AppData\Local\Temp\cc9AtjlU.s 			page 12


 481:Middlewares/LVGL/lvgl/src/core/lv_obj_event.c ****         case LV_EVENT_CHILD_CREATED:
 482:Middlewares/LVGL/lvgl/src/core/lv_obj_event.c ****         case LV_EVENT_CHILD_DELETED:
 483:Middlewares/LVGL/lvgl/src/core/lv_obj_event.c ****         case LV_EVENT_CHILD_CHANGED:
 484:Middlewares/LVGL/lvgl/src/core/lv_obj_event.c ****         case LV_EVENT_SIZE_CHANGED:
 485:Middlewares/LVGL/lvgl/src/core/lv_obj_event.c ****         case LV_EVENT_STYLE_CHANGED:
 486:Middlewares/LVGL/lvgl/src/core/lv_obj_event.c ****         case LV_EVENT_GET_SELF_SIZE:
 487:Middlewares/LVGL/lvgl/src/core/lv_obj_event.c ****             return false;
 488:Middlewares/LVGL/lvgl/src/core/lv_obj_event.c ****         default:
 489:Middlewares/LVGL/lvgl/src/core/lv_obj_event.c ****             return true;
 490:Middlewares/LVGL/lvgl/src/core/lv_obj_event.c ****     }
 491:Middlewares/LVGL/lvgl/src/core/lv_obj_event.c **** }
 140              		.loc 1 491 1 view .LVU26
 141 000a 7047     		bx	lr
 142              	.LVL10:
 143              	.L21:
 462:Middlewares/LVGL/lvgl/src/core/lv_obj_event.c ****     if(e->stop_trickling) return false;
 144              		.loc 1 462 1 view .LVU27
 145 000c 10B5     		push	{r4, lr}
 146              	.LCFI3:
 147              		.cfi_def_cfa_offset 8
 148              		.cfi_offset 4, -8
 149              		.cfi_offset 14, -4
 150 000e 0446     		mov	r4, r0
 466:Middlewares/LVGL/lvgl/src/core/lv_obj_event.c **** 
 151              		.loc 1 466 5 is_stmt 1 view .LVU28
 466:Middlewares/LVGL/lvgl/src/core/lv_obj_event.c **** 
 152              		.loc 1 466 8 is_stmt 0 view .LVU29
 153 0010 4FF40011 		mov	r1, #2097152
 154 0014 0068     		ldr	r0, [r0]
 155              	.LVL11:
 466:Middlewares/LVGL/lvgl/src/core/lv_obj_event.c **** 
 156              		.loc 1 466 8 view .LVU30
 157 0016 FFF7FEFF 		bl	lv_obj_has_flag
 158              	.LVL12:
 466:Middlewares/LVGL/lvgl/src/core/lv_obj_event.c **** 
 159              		.loc 1 466 7 discriminator 1 view .LVU31
 160 001a 78B1     		cbz	r0, .L14
 468:Middlewares/LVGL/lvgl/src/core/lv_obj_event.c ****         case LV_EVENT_HIT_TEST:
 161              		.loc 1 468 5 is_stmt 1 view .LVU32
 468:Middlewares/LVGL/lvgl/src/core/lv_obj_event.c ****         case LV_EVENT_HIT_TEST:
 162              		.loc 1 468 13 is_stmt 0 view .LVU33
 163 001c A368     		ldr	r3, [r4, #8]
 468:Middlewares/LVGL/lvgl/src/core/lv_obj_event.c ****         case LV_EVENT_HIT_TEST:
 164              		.loc 1 468 5 view .LVU34
 165 001e 162B     		cmp	r3, #22
 166 0020 0DD0     		beq	.L16
 167 0022 0BD3     		bcc	.L14
 168 0024 352B     		cmp	r3, #53
 169 0026 09D8     		bhi	.L14
 170 0028 1A2B     		cmp	r3, #26
 171 002a 07D3     		bcc	.L14
 172 002c 1A3B     		subs	r3, r3, #26
 173 002e 054A     		ldr	r2, .L22
 174 0030 22FA03F3 		lsr	r3, r2, r3
 175 0034 13F0010F 		tst	r3, #1
 176 0038 00D0     		beq	.L14
 177 003a 0020     		movs	r0, #0
ARM GAS  C:\Users\w1785\AppData\Local\Temp\cc9AtjlU.s 			page 13


 178              	.L14:
 179              		.loc 1 491 1 view .LVU35
 180 003c 10BD     		pop	{r4, pc}
 181              	.LVL13:
 182              	.L16:
 468:Middlewares/LVGL/lvgl/src/core/lv_obj_event.c ****         case LV_EVENT_HIT_TEST:
 183              		.loc 1 468 5 view .LVU36
 184 003e 0020     		movs	r0, #0
 185 0040 FCE7     		b	.L14
 186              	.L23:
 187 0042 00BF     		.align	2
 188              	.L22:
 189 0044 FF090F0B 		.word	185534975
 190              		.cfi_endproc
 191              	.LFE214:
 193              		.section	.text.lv_obj_event_base,"ax",%progbits
 194              		.align	1
 195              		.global	lv_obj_event_base
 196              		.syntax unified
 197              		.thumb
 198              		.thumb_func
 200              	lv_obj_event_base:
 201              	.LVL14:
 202              	.LFB189:
  78:Middlewares/LVGL/lvgl/src/core/lv_obj_event.c ****     const lv_obj_class_t * base;
 203              		.loc 1 78 1 is_stmt 1 view -0
 204              		.cfi_startproc
 205              		@ args = 0, pretend = 0, frame = 0
 206              		@ frame_needed = 0, uses_anonymous_args = 0
  78:Middlewares/LVGL/lvgl/src/core/lv_obj_event.c ****     const lv_obj_class_t * base;
 207              		.loc 1 78 1 is_stmt 0 view .LVU38
 208 0000 10B5     		push	{r4, lr}
 209              	.LCFI4:
 210              		.cfi_def_cfa_offset 8
 211              		.cfi_offset 4, -8
 212              		.cfi_offset 14, -4
 213 0002 0C46     		mov	r4, r1
  79:Middlewares/LVGL/lvgl/src/core/lv_obj_event.c ****     if(class_p == NULL) base = ((lv_obj_t *)e->current_target)->class_p;
 214              		.loc 1 79 5 is_stmt 1 view .LVU39
  80:Middlewares/LVGL/lvgl/src/core/lv_obj_event.c ****     else base = class_p->base_class;
 215              		.loc 1 80 5 view .LVU40
  80:Middlewares/LVGL/lvgl/src/core/lv_obj_event.c ****     else base = class_p->base_class;
 216              		.loc 1 80 7 is_stmt 0 view .LVU41
 217 0004 08B1     		cbz	r0, .L35
  81:Middlewares/LVGL/lvgl/src/core/lv_obj_event.c **** 
 218              		.loc 1 81 10 is_stmt 1 view .LVU42
  81:Middlewares/LVGL/lvgl/src/core/lv_obj_event.c **** 
 219              		.loc 1 81 15 is_stmt 0 view .LVU43
 220 0006 0068     		ldr	r0, [r0]
 221              	.LVL15:
  81:Middlewares/LVGL/lvgl/src/core/lv_obj_event.c **** 
 222              		.loc 1 81 15 view .LVU44
 223 0008 03E0     		b	.L27
 224              	.LVL16:
 225              	.L35:
  80:Middlewares/LVGL/lvgl/src/core/lv_obj_event.c ****     else base = class_p->base_class;
 226              		.loc 1 80 25 is_stmt 1 discriminator 1 view .LVU45
ARM GAS  C:\Users\w1785\AppData\Local\Temp\cc9AtjlU.s 			page 14


  80:Middlewares/LVGL/lvgl/src/core/lv_obj_event.c ****     else base = class_p->base_class;
 227              		.loc 1 80 46 is_stmt 0 discriminator 1 view .LVU46
 228 000a 0B68     		ldr	r3, [r1]
  80:Middlewares/LVGL/lvgl/src/core/lv_obj_event.c ****     else base = class_p->base_class;
 229              		.loc 1 80 30 discriminator 1 view .LVU47
 230 000c 1868     		ldr	r0, [r3]
 231              	.LVL17:
  80:Middlewares/LVGL/lvgl/src/core/lv_obj_event.c ****     else base = class_p->base_class;
 232              		.loc 1 80 30 discriminator 1 view .LVU48
 233 000e 00E0     		b	.L27
 234              	.L29:
  84:Middlewares/LVGL/lvgl/src/core/lv_obj_event.c **** 
 235              		.loc 1 84 43 is_stmt 1 discriminator 3 view .LVU49
  84:Middlewares/LVGL/lvgl/src/core/lv_obj_event.c **** 
 236              		.loc 1 84 48 is_stmt 0 discriminator 3 view .LVU50
 237 0010 0068     		ldr	r0, [r0]
 238              	.LVL18:
 239              	.L27:
  84:Middlewares/LVGL/lvgl/src/core/lv_obj_event.c **** 
 240              		.loc 1 84 16 is_stmt 1 discriminator 1 view .LVU51
 241 0012 10B1     		cbz	r0, .L28
  84:Middlewares/LVGL/lvgl/src/core/lv_obj_event.c **** 
 242              		.loc 1 84 23 is_stmt 0 discriminator 2 view .LVU52
 243 0014 C368     		ldr	r3, [r0, #12]
  84:Middlewares/LVGL/lvgl/src/core/lv_obj_event.c **** 
 244              		.loc 1 84 16 discriminator 2 view .LVU53
 245 0016 002B     		cmp	r3, #0
 246 0018 FAD0     		beq	.L29
 247              	.L28:
  86:Middlewares/LVGL/lvgl/src/core/lv_obj_event.c ****     if(base->event_cb == NULL) return LV_RESULT_OK;
 248              		.loc 1 86 5 is_stmt 1 view .LVU54
  86:Middlewares/LVGL/lvgl/src/core/lv_obj_event.c ****     if(base->event_cb == NULL) return LV_RESULT_OK;
 249              		.loc 1 86 7 is_stmt 0 view .LVU55
 250 001a 60B1     		cbz	r0, .L31
  87:Middlewares/LVGL/lvgl/src/core/lv_obj_event.c **** 
 251              		.loc 1 87 5 is_stmt 1 view .LVU56
  87:Middlewares/LVGL/lvgl/src/core/lv_obj_event.c **** 
 252              		.loc 1 87 12 is_stmt 0 view .LVU57
 253 001c C368     		ldr	r3, [r0, #12]
  87:Middlewares/LVGL/lvgl/src/core/lv_obj_event.c **** 
 254              		.loc 1 87 7 view .LVU58
 255 001e 63B1     		cbz	r3, .L32
  90:Middlewares/LVGL/lvgl/src/core/lv_obj_event.c ****     LV_PROFILER_EVENT_BEGIN_TAG(lv_event_code_get_name(e->code));
 256              		.loc 1 90 5 is_stmt 1 view .LVU59
  90:Middlewares/LVGL/lvgl/src/core/lv_obj_event.c ****     LV_PROFILER_EVENT_BEGIN_TAG(lv_event_code_get_name(e->code));
 257              		.loc 1 90 18 is_stmt 0 view .LVU60
 258 0020 0023     		movs	r3, #0
 259 0022 E360     		str	r3, [r4, #12]
  91:Middlewares/LVGL/lvgl/src/core/lv_obj_event.c ****     base->event_cb(base, e);
 260              		.loc 1 91 65 is_stmt 1 view .LVU61
  92:Middlewares/LVGL/lvgl/src/core/lv_obj_event.c ****     LV_PROFILER_EVENT_END_TAG(lv_event_code_get_name(e->code));
 261              		.loc 1 92 5 view .LVU62
  92:Middlewares/LVGL/lvgl/src/core/lv_obj_event.c ****     LV_PROFILER_EVENT_END_TAG(lv_event_code_get_name(e->code));
 262              		.loc 1 92 9 is_stmt 0 view .LVU63
 263 0024 C368     		ldr	r3, [r0, #12]
  92:Middlewares/LVGL/lvgl/src/core/lv_obj_event.c ****     LV_PROFILER_EVENT_END_TAG(lv_event_code_get_name(e->code));
 264              		.loc 1 92 5 view .LVU64
ARM GAS  C:\Users\w1785\AppData\Local\Temp\cc9AtjlU.s 			page 15


 265 0026 2146     		mov	r1, r4
 266              	.LVL19:
  92:Middlewares/LVGL/lvgl/src/core/lv_obj_event.c ****     LV_PROFILER_EVENT_END_TAG(lv_event_code_get_name(e->code));
 267              		.loc 1 92 5 view .LVU65
 268 0028 9847     		blx	r3
 269              	.LVL20:
  93:Middlewares/LVGL/lvgl/src/core/lv_obj_event.c **** 
 270              		.loc 1 93 63 is_stmt 1 view .LVU66
  95:Middlewares/LVGL/lvgl/src/core/lv_obj_event.c ****     /*Stop if the object is deleted*/
 271              		.loc 1 95 5 view .LVU67
  97:Middlewares/LVGL/lvgl/src/core/lv_obj_event.c **** 
 272              		.loc 1 97 5 view .LVU68
  97:Middlewares/LVGL/lvgl/src/core/lv_obj_event.c **** 
 273              		.loc 1 97 8 is_stmt 0 view .LVU69
 274 002a 237E     		ldrb	r3, [r4, #24]	@ zero_extendqisi2
  97:Middlewares/LVGL/lvgl/src/core/lv_obj_event.c **** 
 275              		.loc 1 97 7 view .LVU70
 276 002c 13F0010F 		tst	r3, #1
 277 0030 05D1     		bne	.L33
  95:Middlewares/LVGL/lvgl/src/core/lv_obj_event.c ****     /*Stop if the object is deleted*/
 278              		.loc 1 95 17 view .LVU71
 279 0032 0120     		movs	r0, #1
 280              	.LVL21:
 281              	.L30:
 100:Middlewares/LVGL/lvgl/src/core/lv_obj_event.c **** 
 282              		.loc 1 100 1 view .LVU72
 283 0034 10BD     		pop	{r4, pc}
 284              	.LVL22:
 285              	.L31:
  86:Middlewares/LVGL/lvgl/src/core/lv_obj_event.c ****     if(base->event_cb == NULL) return LV_RESULT_OK;
 286              		.loc 1 86 29 discriminator 1 view .LVU73
 287 0036 0120     		movs	r0, #1
 288              	.LVL23:
  86:Middlewares/LVGL/lvgl/src/core/lv_obj_event.c ****     if(base->event_cb == NULL) return LV_RESULT_OK;
 289              		.loc 1 86 29 discriminator 1 view .LVU74
 290 0038 FCE7     		b	.L30
 291              	.LVL24:
 292              	.L32:
  87:Middlewares/LVGL/lvgl/src/core/lv_obj_event.c **** 
 293              		.loc 1 87 39 discriminator 1 view .LVU75
 294 003a 0120     		movs	r0, #1
 295              	.LVL25:
  87:Middlewares/LVGL/lvgl/src/core/lv_obj_event.c **** 
 296              		.loc 1 87 39 discriminator 1 view .LVU76
 297 003c FAE7     		b	.L30
 298              	.LVL26:
 299              	.L33:
  97:Middlewares/LVGL/lvgl/src/core/lv_obj_event.c **** 
 300              		.loc 1 97 24 discriminator 1 view .LVU77
 301 003e 0020     		movs	r0, #0
 302 0040 F8E7     		b	.L30
 303              		.cfi_endproc
 304              	.LFE189:
 306              		.section	.text.event_send_core,"ax",%progbits
 307              		.align	1
 308              		.syntax unified
 309              		.thumb
ARM GAS  C:\Users\w1785\AppData\Local\Temp\cc9AtjlU.s 			page 16


 310              		.thumb_func
 312              	event_send_core:
 313              	.LVL27:
 314              	.LFB212:
 368:Middlewares/LVGL/lvgl/src/core/lv_obj_event.c ****     LV_TRACE_EVENT("Sending event %d to %p with %p param", e->code, (void *)e->original_target, e->
 315              		.loc 1 368 1 is_stmt 1 view -0
 316              		.cfi_startproc
 317              		@ args = 0, pretend = 0, frame = 0
 318              		@ frame_needed = 0, uses_anonymous_args = 0
 368:Middlewares/LVGL/lvgl/src/core/lv_obj_event.c ****     LV_TRACE_EVENT("Sending event %d to %p with %p param", e->code, (void *)e->original_target, e->
 319              		.loc 1 368 1 is_stmt 0 view .LVU79
 320 0000 2DE9F041 		push	{r4, r5, r6, r7, r8, lr}
 321              	.LCFI5:
 322              		.cfi_def_cfa_offset 24
 323              		.cfi_offset 4, -24
 324              		.cfi_offset 5, -20
 325              		.cfi_offset 6, -16
 326              		.cfi_offset 7, -12
 327              		.cfi_offset 8, -8
 328              		.cfi_offset 14, -4
 329 0004 0446     		mov	r4, r0
 369:Middlewares/LVGL/lvgl/src/core/lv_obj_event.c **** 
 330              		.loc 1 369 106 is_stmt 1 view .LVU80
 371:Middlewares/LVGL/lvgl/src/core/lv_obj_event.c ****     if(indev_act) {
 331              		.loc 1 371 5 view .LVU81
 371:Middlewares/LVGL/lvgl/src/core/lv_obj_event.c ****     if(indev_act) {
 332              		.loc 1 371 30 is_stmt 0 view .LVU82
 333 0006 FFF7FEFF 		bl	lv_indev_active
 334              	.LVL28:
 372:Middlewares/LVGL/lvgl/src/core/lv_obj_event.c ****         if(e->stop_processing) return LV_RESULT_OK;
 335              		.loc 1 372 5 is_stmt 1 view .LVU83
 372:Middlewares/LVGL/lvgl/src/core/lv_obj_event.c ****         if(e->stop_processing) return LV_RESULT_OK;
 336              		.loc 1 372 7 is_stmt 0 view .LVU84
 337 000a 30B1     		cbz	r0, .L37
 373:Middlewares/LVGL/lvgl/src/core/lv_obj_event.c ****         if(e->deleted) return LV_RESULT_INVALID;
 338              		.loc 1 373 9 is_stmt 1 view .LVU85
 373:Middlewares/LVGL/lvgl/src/core/lv_obj_event.c ****         if(e->deleted) return LV_RESULT_INVALID;
 339              		.loc 1 373 12 is_stmt 0 view .LVU86
 340 000c 237E     		ldrb	r3, [r4, #24]	@ zero_extendqisi2
 373:Middlewares/LVGL/lvgl/src/core/lv_obj_event.c ****         if(e->deleted) return LV_RESULT_INVALID;
 341              		.loc 1 373 11 view .LVU87
 342 000e 13F00205 		ands	r5, r3, #2
 343 0012 5FD1     		bne	.L44
 374:Middlewares/LVGL/lvgl/src/core/lv_obj_event.c ****     }
 344              		.loc 1 374 9 is_stmt 1 view .LVU88
 374:Middlewares/LVGL/lvgl/src/core/lv_obj_event.c ****     }
 345              		.loc 1 374 11 is_stmt 0 view .LVU89
 346 0014 13F0010F 		tst	r3, #1
 347 0018 5DD1     		bne	.L38
 348              	.L37:
 377:Middlewares/LVGL/lvgl/src/core/lv_obj_event.c ****     lv_result_t res = LV_RESULT_OK;
 349              		.loc 1 377 5 is_stmt 1 view .LVU90
 377:Middlewares/LVGL/lvgl/src/core/lv_obj_event.c ****     lv_result_t res = LV_RESULT_OK;
 350              		.loc 1 377 16 is_stmt 0 view .LVU91
 351 001a 2768     		ldr	r7, [r4]
 352              	.LVL29:
 378:Middlewares/LVGL/lvgl/src/core/lv_obj_event.c ****     lv_event_list_t * list = target->spec_attr ?  &target->spec_attr->event_list : NULL;
ARM GAS  C:\Users\w1785\AppData\Local\Temp\cc9AtjlU.s 			page 17


 353              		.loc 1 378 5 is_stmt 1 view .LVU92
 379:Middlewares/LVGL/lvgl/src/core/lv_obj_event.c **** 
 354              		.loc 1 379 5 view .LVU93
 379:Middlewares/LVGL/lvgl/src/core/lv_obj_event.c **** 
 355              		.loc 1 379 36 is_stmt 0 view .LVU94
 356 001c BE68     		ldr	r6, [r7, #8]
 379:Middlewares/LVGL/lvgl/src/core/lv_obj_event.c **** 
 357              		.loc 1 379 82 view .LVU95
 358 001e 06B1     		cbz	r6, .L39
 379:Middlewares/LVGL/lvgl/src/core/lv_obj_event.c **** 
 359              		.loc 1 379 82 discriminator 1 view .LVU96
 360 0020 0836     		adds	r6, r6, #8
 361              	.L39:
 362              	.LVL30:
 381:Middlewares/LVGL/lvgl/src/core/lv_obj_event.c ****     if(res != LV_RESULT_OK || e->stop_processing) return res;
 363              		.loc 1 381 5 is_stmt 1 view .LVU97
 381:Middlewares/LVGL/lvgl/src/core/lv_obj_event.c ****     if(res != LV_RESULT_OK || e->stop_processing) return res;
 364              		.loc 1 381 11 is_stmt 0 view .LVU98
 365 0022 0122     		movs	r2, #1
 366 0024 2146     		mov	r1, r4
 367 0026 3046     		mov	r0, r6
 368              	.LVL31:
 381:Middlewares/LVGL/lvgl/src/core/lv_obj_event.c ****     if(res != LV_RESULT_OK || e->stop_processing) return res;
 369              		.loc 1 381 11 view .LVU99
 370 0028 FFF7FEFF 		bl	lv_event_send
 371              	.LVL32:
 372 002c 0546     		mov	r5, r0
 373              	.LVL33:
 382:Middlewares/LVGL/lvgl/src/core/lv_obj_event.c **** 
 374              		.loc 1 382 5 is_stmt 1 view .LVU100
 382:Middlewares/LVGL/lvgl/src/core/lv_obj_event.c **** 
 375              		.loc 1 382 7 is_stmt 0 view .LVU101
 376 002e 0128     		cmp	r0, #1
 377 0030 51D1     		bne	.L38
 382:Middlewares/LVGL/lvgl/src/core/lv_obj_event.c **** 
 378              		.loc 1 382 28 discriminator 2 view .LVU102
 379 0032 237E     		ldrb	r3, [r4, #24]	@ zero_extendqisi2
 380 0034 13F0020F 		tst	r3, #2
 381 0038 4DD1     		bne	.L38
 384:Middlewares/LVGL/lvgl/src/core/lv_obj_event.c ****     if(res != LV_RESULT_OK || e->stop_processing) return res;
 382              		.loc 1 384 5 is_stmt 1 view .LVU103
 384:Middlewares/LVGL/lvgl/src/core/lv_obj_event.c ****     if(res != LV_RESULT_OK || e->stop_processing) return res;
 383              		.loc 1 384 11 is_stmt 0 view .LVU104
 384 003a 2146     		mov	r1, r4
 385 003c 0020     		movs	r0, #0
 386              	.LVL34:
 384:Middlewares/LVGL/lvgl/src/core/lv_obj_event.c ****     if(res != LV_RESULT_OK || e->stop_processing) return res;
 387              		.loc 1 384 11 view .LVU105
 388 003e FFF7FEFF 		bl	lv_obj_event_base
 389              	.LVL35:
 390 0042 0546     		mov	r5, r0
 391              	.LVL36:
 385:Middlewares/LVGL/lvgl/src/core/lv_obj_event.c **** 
 392              		.loc 1 385 5 is_stmt 1 view .LVU106
 385:Middlewares/LVGL/lvgl/src/core/lv_obj_event.c **** 
 393              		.loc 1 385 7 is_stmt 0 view .LVU107
 394 0044 0128     		cmp	r0, #1
ARM GAS  C:\Users\w1785\AppData\Local\Temp\cc9AtjlU.s 			page 18


 395 0046 46D1     		bne	.L38
 385:Middlewares/LVGL/lvgl/src/core/lv_obj_event.c **** 
 396              		.loc 1 385 28 discriminator 2 view .LVU108
 397 0048 237E     		ldrb	r3, [r4, #24]	@ zero_extendqisi2
 398 004a 13F0020F 		tst	r3, #2
 399 004e 42D1     		bne	.L38
 387:Middlewares/LVGL/lvgl/src/core/lv_obj_event.c ****     if(res != LV_RESULT_OK || e->stop_processing) return res;
 400              		.loc 1 387 5 is_stmt 1 view .LVU109
 387:Middlewares/LVGL/lvgl/src/core/lv_obj_event.c ****     if(res != LV_RESULT_OK || e->stop_processing) return res;
 401              		.loc 1 387 11 is_stmt 0 view .LVU110
 402 0050 0022     		movs	r2, #0
 403 0052 2146     		mov	r1, r4
 404 0054 3046     		mov	r0, r6
 405              	.LVL37:
 387:Middlewares/LVGL/lvgl/src/core/lv_obj_event.c ****     if(res != LV_RESULT_OK || e->stop_processing) return res;
 406              		.loc 1 387 11 view .LVU111
 407 0056 FFF7FEFF 		bl	lv_event_send
 408              	.LVL38:
 409 005a 0546     		mov	r5, r0
 410              	.LVL39:
 388:Middlewares/LVGL/lvgl/src/core/lv_obj_event.c **** 
 411              		.loc 1 388 5 is_stmt 1 view .LVU112
 388:Middlewares/LVGL/lvgl/src/core/lv_obj_event.c **** 
 412              		.loc 1 388 7 is_stmt 0 view .LVU113
 413 005c 0128     		cmp	r0, #1
 414 005e 3AD1     		bne	.L38
 388:Middlewares/LVGL/lvgl/src/core/lv_obj_event.c **** 
 415              		.loc 1 388 28 discriminator 2 view .LVU114
 416 0060 237E     		ldrb	r3, [r4, #24]	@ zero_extendqisi2
 417 0062 13F0020F 		tst	r3, #2
 418 0066 36D1     		bne	.L38
 390:Middlewares/LVGL/lvgl/src/core/lv_obj_event.c ****     if(parent && event_is_bubbled(e)) {
 419              		.loc 1 390 5 is_stmt 1 view .LVU115
 390:Middlewares/LVGL/lvgl/src/core/lv_obj_event.c ****     if(parent && event_is_bubbled(e)) {
 420              		.loc 1 390 25 is_stmt 0 view .LVU116
 421 0068 2068     		ldr	r0, [r4]
 422              	.LVL40:
 390:Middlewares/LVGL/lvgl/src/core/lv_obj_event.c ****     if(parent && event_is_bubbled(e)) {
 423              		.loc 1 390 25 view .LVU117
 424 006a FFF7FEFF 		bl	lv_obj_get_parent
 425              	.LVL41:
 391:Middlewares/LVGL/lvgl/src/core/lv_obj_event.c ****         e->current_target = parent;
 426              		.loc 1 391 5 is_stmt 1 view .LVU118
 391:Middlewares/LVGL/lvgl/src/core/lv_obj_event.c ****         e->current_target = parent;
 427              		.loc 1 391 7 is_stmt 0 view .LVU119
 428 006e 0646     		mov	r6, r0
 429              	.LVL42:
 391:Middlewares/LVGL/lvgl/src/core/lv_obj_event.c ****         e->current_target = parent;
 430              		.loc 1 391 7 view .LVU120
 431 0070 18B1     		cbz	r0, .L40
 391:Middlewares/LVGL/lvgl/src/core/lv_obj_event.c ****         e->current_target = parent;
 432              		.loc 1 391 18 discriminator 1 view .LVU121
 433 0072 2046     		mov	r0, r4
 434              	.LVL43:
 391:Middlewares/LVGL/lvgl/src/core/lv_obj_event.c ****         e->current_target = parent;
 435              		.loc 1 391 18 discriminator 1 view .LVU122
 436 0074 FFF7FEFF 		bl	event_is_bubbled
ARM GAS  C:\Users\w1785\AppData\Local\Temp\cc9AtjlU.s 			page 19


 437              	.LVL44:
 391:Middlewares/LVGL/lvgl/src/core/lv_obj_event.c ****         e->current_target = parent;
 438              		.loc 1 391 15 discriminator 1 view .LVU123
 439 0078 78B9     		cbnz	r0, .L46
 440              	.L40:
 441              	.LVL45:
 395:Middlewares/LVGL/lvgl/src/core/lv_obj_event.c **** 
 442              		.loc 1 395 5 is_stmt 1 view .LVU124
 395:Middlewares/LVGL/lvgl/src/core/lv_obj_event.c **** 
 443              		.loc 1 395 7 is_stmt 0 view .LVU125
 444 007a 012D     		cmp	r5, #1
 445 007c 2BD1     		bne	.L38
 398:Middlewares/LVGL/lvgl/src/core/lv_obj_event.c ****         uint32_t child_count = lv_obj_get_child_count(target);
 446              		.loc 1 398 5 is_stmt 1 view .LVU126
 398:Middlewares/LVGL/lvgl/src/core/lv_obj_event.c ****         uint32_t child_count = lv_obj_get_child_count(target);
 447              		.loc 1 398 8 is_stmt 0 view .LVU127
 448 007e 2046     		mov	r0, r4
 449 0080 FFF7FEFF 		bl	event_is_trickled
 450              	.LVL46:
 398:Middlewares/LVGL/lvgl/src/core/lv_obj_event.c ****         uint32_t child_count = lv_obj_get_child_count(target);
 451              		.loc 1 398 7 discriminator 1 view .LVU128
 452 0084 38B3     		cbz	r0, .L38
 453              	.LBB2:
 399:Middlewares/LVGL/lvgl/src/core/lv_obj_event.c **** 
 454              		.loc 1 399 9 is_stmt 1 view .LVU129
 399:Middlewares/LVGL/lvgl/src/core/lv_obj_event.c **** 
 455              		.loc 1 399 32 is_stmt 0 view .LVU130
 456 0086 3846     		mov	r0, r7
 457 0088 FFF7FEFF 		bl	lv_obj_get_child_count
 458              	.LVL47:
 459 008c 8046     		mov	r8, r0
 460              	.LVL48:
 402:Middlewares/LVGL/lvgl/src/core/lv_obj_event.c **** 
 461              		.loc 1 402 9 is_stmt 1 view .LVU131
 402:Middlewares/LVGL/lvgl/src/core/lv_obj_event.c **** 
 462              		.loc 1 402 26 is_stmt 0 view .LVU132
 463 008e 237E     		ldrb	r3, [r4, #24]	@ zero_extendqisi2
 464 0090 43F00403 		orr	r3, r3, #4
 465 0094 2376     		strb	r3, [r4, #24]
 404:Middlewares/LVGL/lvgl/src/core/lv_obj_event.c ****             lv_obj_t * child = lv_obj_get_child(target, i);
 466              		.loc 1 404 9 is_stmt 1 view .LVU133
 467              	.LBB3:
 404:Middlewares/LVGL/lvgl/src/core/lv_obj_event.c ****             lv_obj_t * child = lv_obj_get_child(target, i);
 468              		.loc 1 404 13 view .LVU134
 469              	.LVL49:
 404:Middlewares/LVGL/lvgl/src/core/lv_obj_event.c ****             lv_obj_t * child = lv_obj_get_child(target, i);
 470              		.loc 1 404 22 is_stmt 0 view .LVU135
 471 0096 0026     		movs	r6, #0
 472              	.LVL50:
 404:Middlewares/LVGL/lvgl/src/core/lv_obj_event.c ****             lv_obj_t * child = lv_obj_get_child(target, i);
 473              		.loc 1 404 9 view .LVU136
 474 0098 06E0     		b	.L41
 475              	.LVL51:
 476              	.L46:
 404:Middlewares/LVGL/lvgl/src/core/lv_obj_event.c ****             lv_obj_t * child = lv_obj_get_child(target, i);
 477              		.loc 1 404 9 view .LVU137
 478              	.LBE3:
ARM GAS  C:\Users\w1785\AppData\Local\Temp\cc9AtjlU.s 			page 20


 479              	.LBE2:
 392:Middlewares/LVGL/lvgl/src/core/lv_obj_event.c ****         res = event_send_core(e);
 480              		.loc 1 392 9 is_stmt 1 view .LVU138
 392:Middlewares/LVGL/lvgl/src/core/lv_obj_event.c ****         res = event_send_core(e);
 481              		.loc 1 392 27 is_stmt 0 view .LVU139
 482 009a 2660     		str	r6, [r4]
 393:Middlewares/LVGL/lvgl/src/core/lv_obj_event.c ****     }
 483              		.loc 1 393 9 is_stmt 1 view .LVU140
 393:Middlewares/LVGL/lvgl/src/core/lv_obj_event.c ****     }
 484              		.loc 1 393 15 is_stmt 0 view .LVU141
 485 009c 2046     		mov	r0, r4
 486 009e FFF7AFFF 		bl	event_send_core
 487              	.LVL52:
 488 00a2 0546     		mov	r5, r0
 489 00a4 E9E7     		b	.L40
 490              	.LVL53:
 491              	.L42:
 492              	.LBB6:
 493              	.LBB5:
 404:Middlewares/LVGL/lvgl/src/core/lv_obj_event.c ****             lv_obj_t * child = lv_obj_get_child(target, i);
 494              		.loc 1 404 93 is_stmt 1 discriminator 2 view .LVU142
 495 00a6 0136     		adds	r6, r6, #1
 496              	.LVL54:
 497              	.L41:
 404:Middlewares/LVGL/lvgl/src/core/lv_obj_event.c ****             lv_obj_t * child = lv_obj_get_child(target, i);
 498              		.loc 1 404 68 discriminator 1 view .LVU143
 499 00a8 4645     		cmp	r6, r8
 500 00aa 14D2     		bcs	.L38
 404:Middlewares/LVGL/lvgl/src/core/lv_obj_event.c ****             lv_obj_t * child = lv_obj_get_child(target, i);
 501              		.loc 1 404 45 is_stmt 0 discriminator 3 view .LVU144
 502 00ac 012D     		cmp	r5, #1
 503 00ae 12D1     		bne	.L38
 404:Middlewares/LVGL/lvgl/src/core/lv_obj_event.c ****             lv_obj_t * child = lv_obj_get_child(target, i);
 504              		.loc 1 404 71 discriminator 4 view .LVU145
 505 00b0 237E     		ldrb	r3, [r4, #24]	@ zero_extendqisi2
 404:Middlewares/LVGL/lvgl/src/core/lv_obj_event.c ****             lv_obj_t * child = lv_obj_get_child(target, i);
 506              		.loc 1 404 68 discriminator 4 view .LVU146
 507 00b2 13F0020F 		tst	r3, #2
 508 00b6 0ED1     		bne	.L38
 509              	.LBB4:
 405:Middlewares/LVGL/lvgl/src/core/lv_obj_event.c ****             if(child) {
 510              		.loc 1 405 13 is_stmt 1 view .LVU147
 405:Middlewares/LVGL/lvgl/src/core/lv_obj_event.c ****             if(child) {
 511              		.loc 1 405 32 is_stmt 0 view .LVU148
 512 00b8 3146     		mov	r1, r6
 513 00ba 3846     		mov	r0, r7
 514 00bc FFF7FEFF 		bl	lv_obj_get_child
 515              	.LVL55:
 406:Middlewares/LVGL/lvgl/src/core/lv_obj_event.c ****                 e->current_target = child;
 516              		.loc 1 406 13 is_stmt 1 view .LVU149
 406:Middlewares/LVGL/lvgl/src/core/lv_obj_event.c ****                 e->current_target = child;
 517              		.loc 1 406 15 is_stmt 0 view .LVU150
 518 00c0 0028     		cmp	r0, #0
 519 00c2 F0D0     		beq	.L42
 407:Middlewares/LVGL/lvgl/src/core/lv_obj_event.c ****                 res = event_send_core(e);
 520              		.loc 1 407 17 is_stmt 1 view .LVU151
 407:Middlewares/LVGL/lvgl/src/core/lv_obj_event.c ****                 res = event_send_core(e);
ARM GAS  C:\Users\w1785\AppData\Local\Temp\cc9AtjlU.s 			page 21


 521              		.loc 1 407 35 is_stmt 0 view .LVU152
 522 00c4 2060     		str	r0, [r4]
 408:Middlewares/LVGL/lvgl/src/core/lv_obj_event.c ****                 if(res != LV_RESULT_OK) {
 523              		.loc 1 408 17 is_stmt 1 view .LVU153
 408:Middlewares/LVGL/lvgl/src/core/lv_obj_event.c ****                 if(res != LV_RESULT_OK) {
 524              		.loc 1 408 23 is_stmt 0 view .LVU154
 525 00c6 2046     		mov	r0, r4
 526              	.LVL56:
 408:Middlewares/LVGL/lvgl/src/core/lv_obj_event.c ****                 if(res != LV_RESULT_OK) {
 527              		.loc 1 408 23 view .LVU155
 528 00c8 FFF79AFF 		bl	event_send_core
 529              	.LVL57:
 408:Middlewares/LVGL/lvgl/src/core/lv_obj_event.c ****                 if(res != LV_RESULT_OK) {
 530              		.loc 1 408 23 view .LVU156
 531 00cc 0546     		mov	r5, r0
 532              	.LVL58:
 409:Middlewares/LVGL/lvgl/src/core/lv_obj_event.c ****                     LV_LOG_WARN("Trickle down event %d to child %p failed", e->code, (void *)child)
 533              		.loc 1 409 17 is_stmt 1 view .LVU157
 409:Middlewares/LVGL/lvgl/src/core/lv_obj_event.c ****                     LV_LOG_WARN("Trickle down event %d to child %p failed", e->code, (void *)child)
 534              		.loc 1 409 19 is_stmt 0 view .LVU158
 535 00ce 0128     		cmp	r0, #1
 536 00d0 E9D0     		beq	.L42
 537 00d2 00E0     		b	.L38
 538              	.LVL59:
 539              	.L44:
 409:Middlewares/LVGL/lvgl/src/core/lv_obj_event.c ****                     LV_LOG_WARN("Trickle down event %d to child %p failed", e->code, (void *)child)
 540              		.loc 1 409 19 view .LVU159
 541              	.LBE4:
 542              	.LBE5:
 543              	.LBE6:
 373:Middlewares/LVGL/lvgl/src/core/lv_obj_event.c ****         if(e->deleted) return LV_RESULT_INVALID;
 544              		.loc 1 373 39 discriminator 1 view .LVU160
 545 00d4 0125     		movs	r5, #1
 546              	.LVL60:
 547              	.L38:
 418:Middlewares/LVGL/lvgl/src/core/lv_obj_event.c **** 
 548              		.loc 1 418 1 view .LVU161
 549 00d6 2846     		mov	r0, r5
 550 00d8 BDE8F081 		pop	{r4, r5, r6, r7, r8, pc}
 418:Middlewares/LVGL/lvgl/src/core/lv_obj_event.c **** 
 551              		.loc 1 418 1 view .LVU162
 552              		.cfi_endproc
 553              	.LFE212:
 555              		.section	.text.lv_obj_send_event,"ax",%progbits
 556              		.align	1
 557              		.global	lv_obj_send_event
 558              		.syntax unified
 559              		.thumb
 560              		.thumb_func
 562              	lv_obj_send_event:
 563              	.LVL61:
 564              	.LFB188:
  50:Middlewares/LVGL/lvgl/src/core/lv_obj_event.c ****     if(obj == NULL) return LV_RESULT_OK;
 565              		.loc 1 50 1 is_stmt 1 view -0
 566              		.cfi_startproc
 567              		@ args = 0, pretend = 0, frame = 32
 568              		@ frame_needed = 0, uses_anonymous_args = 0
ARM GAS  C:\Users\w1785\AppData\Local\Temp\cc9AtjlU.s 			page 22


  50:Middlewares/LVGL/lvgl/src/core/lv_obj_event.c ****     if(obj == NULL) return LV_RESULT_OK;
 569              		.loc 1 50 1 is_stmt 0 view .LVU164
 570 0000 30B5     		push	{r4, r5, lr}
 571              	.LCFI6:
 572              		.cfi_def_cfa_offset 12
 573              		.cfi_offset 4, -12
 574              		.cfi_offset 5, -8
 575              		.cfi_offset 14, -4
 576 0002 89B0     		sub	sp, sp, #36
 577              	.LCFI7:
 578              		.cfi_def_cfa_offset 48
  51:Middlewares/LVGL/lvgl/src/core/lv_obj_event.c **** 
 579              		.loc 1 51 5 is_stmt 1 view .LVU165
  51:Middlewares/LVGL/lvgl/src/core/lv_obj_event.c **** 
 580              		.loc 1 51 7 is_stmt 0 view .LVU166
 581 0004 40B3     		cbz	r0, .L49
  53:Middlewares/LVGL/lvgl/src/core/lv_obj_event.c **** 
 582              		.loc 1 53 5 is_stmt 1 view .LVU167
  53:Middlewares/LVGL/lvgl/src/core/lv_obj_event.c **** 
 583              		.loc 1 53 5 view .LVU168
  53:Middlewares/LVGL/lvgl/src/core/lv_obj_event.c **** 
 584              		.loc 1 53 5 view .LVU169
  53:Middlewares/LVGL/lvgl/src/core/lv_obj_event.c **** 
 585              		.loc 1 53 33 view .LVU170
  55:Middlewares/LVGL/lvgl/src/core/lv_obj_event.c ****     e.current_target = obj;
 586              		.loc 1 55 5 view .LVU171
  56:Middlewares/LVGL/lvgl/src/core/lv_obj_event.c ****     e.original_target = obj;
 587              		.loc 1 56 5 view .LVU172
  56:Middlewares/LVGL/lvgl/src/core/lv_obj_event.c ****     e.original_target = obj;
 588              		.loc 1 56 22 is_stmt 0 view .LVU173
 589 0006 0190     		str	r0, [sp, #4]
  57:Middlewares/LVGL/lvgl/src/core/lv_obj_event.c ****     e.code = event_code;
 590              		.loc 1 57 5 is_stmt 1 view .LVU174
  57:Middlewares/LVGL/lvgl/src/core/lv_obj_event.c ****     e.code = event_code;
 591              		.loc 1 57 23 is_stmt 0 view .LVU175
 592 0008 0290     		str	r0, [sp, #8]
  58:Middlewares/LVGL/lvgl/src/core/lv_obj_event.c ****     e.user_data = NULL;
 593              		.loc 1 58 5 is_stmt 1 view .LVU176
  58:Middlewares/LVGL/lvgl/src/core/lv_obj_event.c ****     e.user_data = NULL;
 594              		.loc 1 58 12 is_stmt 0 view .LVU177
 595 000a 0391     		str	r1, [sp, #12]
  59:Middlewares/LVGL/lvgl/src/core/lv_obj_event.c ****     e.param = param;
 596              		.loc 1 59 5 is_stmt 1 view .LVU178
  59:Middlewares/LVGL/lvgl/src/core/lv_obj_event.c ****     e.param = param;
 597              		.loc 1 59 17 is_stmt 0 view .LVU179
 598 000c 0023     		movs	r3, #0
 599 000e 0493     		str	r3, [sp, #16]
  60:Middlewares/LVGL/lvgl/src/core/lv_obj_event.c ****     e.deleted = 0;
 600              		.loc 1 60 5 is_stmt 1 view .LVU180
  60:Middlewares/LVGL/lvgl/src/core/lv_obj_event.c ****     e.deleted = 0;
 601              		.loc 1 60 13 is_stmt 0 view .LVU181
 602 0010 0592     		str	r2, [sp, #20]
  61:Middlewares/LVGL/lvgl/src/core/lv_obj_event.c ****     e.stop_bubbling = 0;
 603              		.loc 1 61 5 is_stmt 1 view .LVU182
  61:Middlewares/LVGL/lvgl/src/core/lv_obj_event.c ****     e.stop_bubbling = 0;
 604              		.loc 1 61 15 is_stmt 0 view .LVU183
 605 0012 9DF81C20 		ldrb	r2, [sp, #28]	@ zero_extendqisi2
ARM GAS  C:\Users\w1785\AppData\Local\Temp\cc9AtjlU.s 			page 23


 606              	.LVL62:
  61:Middlewares/LVGL/lvgl/src/core/lv_obj_event.c ****     e.stop_bubbling = 0;
 607              		.loc 1 61 15 view .LVU184
 608 0016 63F30002 		bfi	r2, r3, #0, #1
 609 001a 8DF81C20 		strb	r2, [sp, #28]
  62:Middlewares/LVGL/lvgl/src/core/lv_obj_event.c ****     e.stop_processing = 0;
 610              		.loc 1 62 5 is_stmt 1 view .LVU185
  62:Middlewares/LVGL/lvgl/src/core/lv_obj_event.c ****     e.stop_processing = 0;
 611              		.loc 1 62 21 is_stmt 0 view .LVU186
 612 001e D2B2     		uxtb	r2, r2
 613 0020 63F38202 		bfi	r2, r3, #2, #1
 614 0024 8DF81C20 		strb	r2, [sp, #28]
  63:Middlewares/LVGL/lvgl/src/core/lv_obj_event.c ****     e.stop_trickling = 0;
 615              		.loc 1 63 5 is_stmt 1 view .LVU187
  63:Middlewares/LVGL/lvgl/src/core/lv_obj_event.c ****     e.stop_trickling = 0;
 616              		.loc 1 63 23 is_stmt 0 view .LVU188
 617 0028 D2B2     		uxtb	r2, r2
 618 002a 63F34102 		bfi	r2, r3, #1, #1
 619 002e 8DF81C20 		strb	r2, [sp, #28]
  64:Middlewares/LVGL/lvgl/src/core/lv_obj_event.c **** 
 620              		.loc 1 64 5 is_stmt 1 view .LVU189
  64:Middlewares/LVGL/lvgl/src/core/lv_obj_event.c **** 
 621              		.loc 1 64 22 is_stmt 0 view .LVU190
 622 0032 D2B2     		uxtb	r2, r2
 623 0034 63F3C302 		bfi	r2, r3, #3, #1
 624 0038 8DF81C20 		strb	r2, [sp, #28]
  66:Middlewares/LVGL/lvgl/src/core/lv_obj_event.c **** 
 625              		.loc 1 66 5 is_stmt 1 view .LVU191
 626 003c 01AD     		add	r5, sp, #4
 627 003e 2846     		mov	r0, r5
 628              	.LVL63:
  66:Middlewares/LVGL/lvgl/src/core/lv_obj_event.c **** 
 629              		.loc 1 66 5 is_stmt 0 view .LVU192
 630 0040 FFF7FEFF 		bl	lv_event_push
 631              	.LVL64:
  69:Middlewares/LVGL/lvgl/src/core/lv_obj_event.c **** 
 632              		.loc 1 69 5 is_stmt 1 view .LVU193
  69:Middlewares/LVGL/lvgl/src/core/lv_obj_event.c **** 
 633              		.loc 1 69 23 is_stmt 0 view .LVU194
 634 0044 2846     		mov	r0, r5
 635 0046 FFF7FEFF 		bl	event_send_core
 636              	.LVL65:
 637 004a 0446     		mov	r4, r0
 638              	.LVL66:
  72:Middlewares/LVGL/lvgl/src/core/lv_obj_event.c **** 
 639              		.loc 1 72 5 is_stmt 1 view .LVU195
 640 004c 2846     		mov	r0, r5
 641 004e FFF7FEFF 		bl	lv_event_pop
 642              	.LVL67:
  74:Middlewares/LVGL/lvgl/src/core/lv_obj_event.c **** }
 643              		.loc 1 74 5 view .LVU196
 644              	.L48:
  75:Middlewares/LVGL/lvgl/src/core/lv_obj_event.c **** 
 645              		.loc 1 75 1 is_stmt 0 view .LVU197
 646 0052 2046     		mov	r0, r4
 647 0054 09B0     		add	sp, sp, #36
 648              	.LCFI8:
ARM GAS  C:\Users\w1785\AppData\Local\Temp\cc9AtjlU.s 			page 24


 649              		.cfi_remember_state
 650              		.cfi_def_cfa_offset 12
 651              		@ sp needed
 652 0056 30BD     		pop	{r4, r5, pc}
 653              	.LVL68:
 654              	.L49:
 655              	.LCFI9:
 656              		.cfi_restore_state
  51:Middlewares/LVGL/lvgl/src/core/lv_obj_event.c **** 
 657              		.loc 1 51 28 discriminator 1 view .LVU198
 658 0058 0124     		movs	r4, #1
 659 005a FAE7     		b	.L48
 660              		.cfi_endproc
 661              	.LFE188:
 663              		.section	.text.lv_obj_add_event_cb,"ax",%progbits
 664              		.align	1
 665              		.global	lv_obj_add_event_cb
 666              		.syntax unified
 667              		.thumb
 668              		.thumb_func
 670              	lv_obj_add_event_cb:
 671              	.LVL69:
 672              	.LFB190:
 103:Middlewares/LVGL/lvgl/src/core/lv_obj_event.c ****     LV_ASSERT_OBJ(obj, MY_CLASS);
 673              		.loc 1 103 1 is_stmt 1 view -0
 674              		.cfi_startproc
 675              		@ args = 0, pretend = 0, frame = 0
 676              		@ frame_needed = 0, uses_anonymous_args = 0
 104:Middlewares/LVGL/lvgl/src/core/lv_obj_event.c ****     lv_obj_allocate_spec_attr(obj);
 677              		.loc 1 104 5 view .LVU200
 104:Middlewares/LVGL/lvgl/src/core/lv_obj_event.c ****     lv_obj_allocate_spec_attr(obj);
 678              		.loc 1 104 5 view .LVU201
 679 0000 70B1     		cbz	r0, .L53
 103:Middlewares/LVGL/lvgl/src/core/lv_obj_event.c ****     LV_ASSERT_OBJ(obj, MY_CLASS);
 680              		.loc 1 103 1 is_stmt 0 view .LVU202
 681 0002 F8B5     		push	{r3, r4, r5, r6, r7, lr}
 682              	.LCFI10:
 683              		.cfi_def_cfa_offset 24
 684              		.cfi_offset 3, -24
 685              		.cfi_offset 4, -20
 686              		.cfi_offset 5, -16
 687              		.cfi_offset 6, -12
 688              		.cfi_offset 7, -8
 689              		.cfi_offset 14, -4
 690 0004 0C46     		mov	r4, r1
 691 0006 1546     		mov	r5, r2
 692 0008 1E46     		mov	r6, r3
 693 000a 0746     		mov	r7, r0
 104:Middlewares/LVGL/lvgl/src/core/lv_obj_event.c ****     lv_obj_allocate_spec_attr(obj);
 694              		.loc 1 104 5 is_stmt 1 view .LVU203
 104:Middlewares/LVGL/lvgl/src/core/lv_obj_event.c ****     lv_obj_allocate_spec_attr(obj);
 695              		.loc 1 104 33 view .LVU204
 105:Middlewares/LVGL/lvgl/src/core/lv_obj_event.c **** 
 696              		.loc 1 105 5 view .LVU205
 697 000c FFF7FEFF 		bl	lv_obj_allocate_spec_attr
 698              	.LVL70:
 107:Middlewares/LVGL/lvgl/src/core/lv_obj_event.c **** }
ARM GAS  C:\Users\w1785\AppData\Local\Temp\cc9AtjlU.s 			page 25


 699              		.loc 1 107 5 view .LVU206
 107:Middlewares/LVGL/lvgl/src/core/lv_obj_event.c **** }
 700              		.loc 1 107 29 is_stmt 0 view .LVU207
 701 0010 B868     		ldr	r0, [r7, #8]
 107:Middlewares/LVGL/lvgl/src/core/lv_obj_event.c **** }
 702              		.loc 1 107 12 view .LVU208
 703 0012 3346     		mov	r3, r6
 704 0014 2A46     		mov	r2, r5
 705 0016 2146     		mov	r1, r4
 706 0018 0830     		adds	r0, r0, #8
 707 001a FFF7FEFF 		bl	lv_event_add
 708              	.LVL71:
 108:Middlewares/LVGL/lvgl/src/core/lv_obj_event.c **** 
 709              		.loc 1 108 1 view .LVU209
 710 001e F8BD     		pop	{r3, r4, r5, r6, r7, pc}
 711              	.LVL72:
 712              	.L53:
 713              	.LCFI11:
 714              		.cfi_def_cfa_offset 0
 715              		.cfi_restore 3
 716              		.cfi_restore 4
 717              		.cfi_restore 5
 718              		.cfi_restore 6
 719              		.cfi_restore 7
 720              		.cfi_restore 14
 104:Middlewares/LVGL/lvgl/src/core/lv_obj_event.c ****     lv_obj_allocate_spec_attr(obj);
 721              		.loc 1 104 5 is_stmt 1 view .LVU210
 104:Middlewares/LVGL/lvgl/src/core/lv_obj_event.c ****     lv_obj_allocate_spec_attr(obj);
 722              		.loc 1 104 5 view .LVU211
 104:Middlewares/LVGL/lvgl/src/core/lv_obj_event.c ****     lv_obj_allocate_spec_attr(obj);
 723              		.loc 1 104 5 view .LVU212
 104:Middlewares/LVGL/lvgl/src/core/lv_obj_event.c ****     lv_obj_allocate_spec_attr(obj);
 724              		.loc 1 104 5 view .LVU213
 104:Middlewares/LVGL/lvgl/src/core/lv_obj_event.c ****     lv_obj_allocate_spec_attr(obj);
 725              		.loc 1 104 5 view .LVU214
 726 0020 FEE7     		b	.L53
 727              		.cfi_endproc
 728              	.LFE190:
 730              		.section	.text.lv_obj_get_event_count,"ax",%progbits
 731              		.align	1
 732              		.global	lv_obj_get_event_count
 733              		.syntax unified
 734              		.thumb
 735              		.thumb_func
 737              	lv_obj_get_event_count:
 738              	.LVL73:
 739              	.LFB191:
 111:Middlewares/LVGL/lvgl/src/core/lv_obj_event.c ****     LV_ASSERT_NULL(obj);
 740              		.loc 1 111 1 view -0
 741              		.cfi_startproc
 742              		@ args = 0, pretend = 0, frame = 0
 743              		@ frame_needed = 0, uses_anonymous_args = 0
 112:Middlewares/LVGL/lvgl/src/core/lv_obj_event.c ****     if(obj->spec_attr == NULL) return 0;
 744              		.loc 1 112 5 view .LVU216
 112:Middlewares/LVGL/lvgl/src/core/lv_obj_event.c ****     if(obj->spec_attr == NULL) return 0;
 745              		.loc 1 112 5 view .LVU217
 746 0000 30B1     		cbz	r0, .L58
ARM GAS  C:\Users\w1785\AppData\Local\Temp\cc9AtjlU.s 			page 26


 111:Middlewares/LVGL/lvgl/src/core/lv_obj_event.c ****     LV_ASSERT_NULL(obj);
 747              		.loc 1 111 1 is_stmt 0 view .LVU218
 748 0002 08B5     		push	{r3, lr}
 749              	.LCFI12:
 750              		.cfi_def_cfa_offset 8
 751              		.cfi_offset 3, -8
 752              		.cfi_offset 14, -4
 112:Middlewares/LVGL/lvgl/src/core/lv_obj_event.c ****     if(obj->spec_attr == NULL) return 0;
 753              		.loc 1 112 5 is_stmt 1 view .LVU219
 112:Middlewares/LVGL/lvgl/src/core/lv_obj_event.c ****     if(obj->spec_attr == NULL) return 0;
 754              		.loc 1 112 24 view .LVU220
 113:Middlewares/LVGL/lvgl/src/core/lv_obj_event.c ****     return lv_event_get_count(&obj->spec_attr->event_list);
 755              		.loc 1 113 5 view .LVU221
 113:Middlewares/LVGL/lvgl/src/core/lv_obj_event.c ****     return lv_event_get_count(&obj->spec_attr->event_list);
 756              		.loc 1 113 11 is_stmt 0 view .LVU222
 757 0004 8068     		ldr	r0, [r0, #8]
 758              	.LVL74:
 113:Middlewares/LVGL/lvgl/src/core/lv_obj_event.c ****     return lv_event_get_count(&obj->spec_attr->event_list);
 759              		.loc 1 113 7 view .LVU223
 760 0006 20B1     		cbz	r0, .L60
 114:Middlewares/LVGL/lvgl/src/core/lv_obj_event.c **** }
 761              		.loc 1 114 5 is_stmt 1 view .LVU224
 114:Middlewares/LVGL/lvgl/src/core/lv_obj_event.c **** }
 762              		.loc 1 114 12 is_stmt 0 view .LVU225
 763 0008 0830     		adds	r0, r0, #8
 764 000a FFF7FEFF 		bl	lv_event_get_count
 765              	.LVL75:
 766              	.L56:
 115:Middlewares/LVGL/lvgl/src/core/lv_obj_event.c **** 
 767              		.loc 1 115 1 view .LVU226
 768 000e 08BD     		pop	{r3, pc}
 769              	.LVL76:
 770              	.L58:
 771              	.LCFI13:
 772              		.cfi_def_cfa_offset 0
 773              		.cfi_restore 3
 774              		.cfi_restore 14
 112:Middlewares/LVGL/lvgl/src/core/lv_obj_event.c ****     if(obj->spec_attr == NULL) return 0;
 775              		.loc 1 112 5 is_stmt 1 view .LVU227
 112:Middlewares/LVGL/lvgl/src/core/lv_obj_event.c ****     if(obj->spec_attr == NULL) return 0;
 776              		.loc 1 112 5 view .LVU228
 112:Middlewares/LVGL/lvgl/src/core/lv_obj_event.c ****     if(obj->spec_attr == NULL) return 0;
 777              		.loc 1 112 5 view .LVU229
 112:Middlewares/LVGL/lvgl/src/core/lv_obj_event.c ****     if(obj->spec_attr == NULL) return 0;
 778              		.loc 1 112 5 view .LVU230
 112:Middlewares/LVGL/lvgl/src/core/lv_obj_event.c ****     if(obj->spec_attr == NULL) return 0;
 779              		.loc 1 112 5 view .LVU231
 780 0010 FEE7     		b	.L58
 781              	.LVL77:
 782              	.L60:
 783              	.LCFI14:
 784              		.cfi_def_cfa_offset 8
 785              		.cfi_offset 3, -8
 786              		.cfi_offset 14, -4
 113:Middlewares/LVGL/lvgl/src/core/lv_obj_event.c ****     return lv_event_get_count(&obj->spec_attr->event_list);
 787              		.loc 1 113 39 is_stmt 0 discriminator 1 view .LVU232
 788 0012 0020     		movs	r0, #0
ARM GAS  C:\Users\w1785\AppData\Local\Temp\cc9AtjlU.s 			page 27


 789 0014 FBE7     		b	.L56
 790              		.cfi_endproc
 791              	.LFE191:
 793              		.section	.text.lv_obj_get_event_dsc,"ax",%progbits
 794              		.align	1
 795              		.global	lv_obj_get_event_dsc
 796              		.syntax unified
 797              		.thumb
 798              		.thumb_func
 800              	lv_obj_get_event_dsc:
 801              	.LVL78:
 802              	.LFB192:
 118:Middlewares/LVGL/lvgl/src/core/lv_obj_event.c ****     LV_ASSERT_NULL(obj);
 803              		.loc 1 118 1 is_stmt 1 view -0
 804              		.cfi_startproc
 805              		@ args = 0, pretend = 0, frame = 0
 806              		@ frame_needed = 0, uses_anonymous_args = 0
 119:Middlewares/LVGL/lvgl/src/core/lv_obj_event.c ****     if(obj->spec_attr == NULL) return NULL;
 807              		.loc 1 119 5 view .LVU234
 119:Middlewares/LVGL/lvgl/src/core/lv_obj_event.c ****     if(obj->spec_attr == NULL) return NULL;
 808              		.loc 1 119 5 view .LVU235
 809 0000 30B1     		cbz	r0, .L65
 118:Middlewares/LVGL/lvgl/src/core/lv_obj_event.c ****     LV_ASSERT_NULL(obj);
 810              		.loc 1 118 1 is_stmt 0 view .LVU236
 811 0002 08B5     		push	{r3, lr}
 812              	.LCFI15:
 813              		.cfi_def_cfa_offset 8
 814              		.cfi_offset 3, -8
 815              		.cfi_offset 14, -4
 119:Middlewares/LVGL/lvgl/src/core/lv_obj_event.c ****     if(obj->spec_attr == NULL) return NULL;
 816              		.loc 1 119 5 is_stmt 1 view .LVU237
 119:Middlewares/LVGL/lvgl/src/core/lv_obj_event.c ****     if(obj->spec_attr == NULL) return NULL;
 817              		.loc 1 119 24 view .LVU238
 120:Middlewares/LVGL/lvgl/src/core/lv_obj_event.c ****     return lv_event_get_dsc(&obj->spec_attr->event_list, index);
 818              		.loc 1 120 5 view .LVU239
 120:Middlewares/LVGL/lvgl/src/core/lv_obj_event.c ****     return lv_event_get_dsc(&obj->spec_attr->event_list, index);
 819              		.loc 1 120 11 is_stmt 0 view .LVU240
 820 0004 8068     		ldr	r0, [r0, #8]
 821              	.LVL79:
 120:Middlewares/LVGL/lvgl/src/core/lv_obj_event.c ****     return lv_event_get_dsc(&obj->spec_attr->event_list, index);
 822              		.loc 1 120 7 view .LVU241
 823 0006 10B1     		cbz	r0, .L63
 121:Middlewares/LVGL/lvgl/src/core/lv_obj_event.c **** }
 824              		.loc 1 121 5 is_stmt 1 view .LVU242
 121:Middlewares/LVGL/lvgl/src/core/lv_obj_event.c **** }
 825              		.loc 1 121 12 is_stmt 0 view .LVU243
 826 0008 0830     		adds	r0, r0, #8
 827 000a FFF7FEFF 		bl	lv_event_get_dsc
 828              	.LVL80:
 829              	.L63:
 122:Middlewares/LVGL/lvgl/src/core/lv_obj_event.c **** 
 830              		.loc 1 122 1 view .LVU244
 831 000e 08BD     		pop	{r3, pc}
 832              	.LVL81:
 833              	.L65:
 834              	.LCFI16:
 835              		.cfi_def_cfa_offset 0
ARM GAS  C:\Users\w1785\AppData\Local\Temp\cc9AtjlU.s 			page 28


 836              		.cfi_restore 3
 837              		.cfi_restore 14
 119:Middlewares/LVGL/lvgl/src/core/lv_obj_event.c ****     if(obj->spec_attr == NULL) return NULL;
 838              		.loc 1 119 5 is_stmt 1 view .LVU245
 119:Middlewares/LVGL/lvgl/src/core/lv_obj_event.c ****     if(obj->spec_attr == NULL) return NULL;
 839              		.loc 1 119 5 view .LVU246
 119:Middlewares/LVGL/lvgl/src/core/lv_obj_event.c ****     if(obj->spec_attr == NULL) return NULL;
 840              		.loc 1 119 5 view .LVU247
 119:Middlewares/LVGL/lvgl/src/core/lv_obj_event.c ****     if(obj->spec_attr == NULL) return NULL;
 841              		.loc 1 119 5 view .LVU248
 119:Middlewares/LVGL/lvgl/src/core/lv_obj_event.c ****     if(obj->spec_attr == NULL) return NULL;
 842              		.loc 1 119 5 view .LVU249
 843 0010 FEE7     		b	.L65
 844              		.cfi_endproc
 845              	.LFE192:
 847              		.section	.text.lv_obj_remove_event,"ax",%progbits
 848              		.align	1
 849              		.global	lv_obj_remove_event
 850              		.syntax unified
 851              		.thumb
 852              		.thumb_func
 854              	lv_obj_remove_event:
 855              	.LVL82:
 856              	.LFB193:
 125:Middlewares/LVGL/lvgl/src/core/lv_obj_event.c ****     LV_ASSERT_NULL(obj);
 857              		.loc 1 125 1 view -0
 858              		.cfi_startproc
 859              		@ args = 0, pretend = 0, frame = 0
 860              		@ frame_needed = 0, uses_anonymous_args = 0
 126:Middlewares/LVGL/lvgl/src/core/lv_obj_event.c ****     if(obj->spec_attr == NULL) return false;
 861              		.loc 1 126 5 view .LVU251
 126:Middlewares/LVGL/lvgl/src/core/lv_obj_event.c ****     if(obj->spec_attr == NULL) return false;
 862              		.loc 1 126 5 view .LVU252
 863 0000 30B1     		cbz	r0, .L71
 125:Middlewares/LVGL/lvgl/src/core/lv_obj_event.c ****     LV_ASSERT_NULL(obj);
 864              		.loc 1 125 1 is_stmt 0 view .LVU253
 865 0002 08B5     		push	{r3, lr}
 866              	.LCFI17:
 867              		.cfi_def_cfa_offset 8
 868              		.cfi_offset 3, -8
 869              		.cfi_offset 14, -4
 126:Middlewares/LVGL/lvgl/src/core/lv_obj_event.c ****     if(obj->spec_attr == NULL) return false;
 870              		.loc 1 126 5 is_stmt 1 view .LVU254
 126:Middlewares/LVGL/lvgl/src/core/lv_obj_event.c ****     if(obj->spec_attr == NULL) return false;
 871              		.loc 1 126 24 view .LVU255
 127:Middlewares/LVGL/lvgl/src/core/lv_obj_event.c ****     return lv_event_remove(&obj->spec_attr->event_list, index);
 872              		.loc 1 127 5 view .LVU256
 127:Middlewares/LVGL/lvgl/src/core/lv_obj_event.c ****     return lv_event_remove(&obj->spec_attr->event_list, index);
 873              		.loc 1 127 11 is_stmt 0 view .LVU257
 874 0004 8068     		ldr	r0, [r0, #8]
 875              	.LVL83:
 127:Middlewares/LVGL/lvgl/src/core/lv_obj_event.c ****     return lv_event_remove(&obj->spec_attr->event_list, index);
 876              		.loc 1 127 7 view .LVU258
 877 0006 20B1     		cbz	r0, .L73
 128:Middlewares/LVGL/lvgl/src/core/lv_obj_event.c **** }
 878              		.loc 1 128 5 is_stmt 1 view .LVU259
 128:Middlewares/LVGL/lvgl/src/core/lv_obj_event.c **** }
ARM GAS  C:\Users\w1785\AppData\Local\Temp\cc9AtjlU.s 			page 29


 879              		.loc 1 128 12 is_stmt 0 view .LVU260
 880 0008 0830     		adds	r0, r0, #8
 881 000a FFF7FEFF 		bl	lv_event_remove
 882              	.LVL84:
 883              	.L72:
 129:Middlewares/LVGL/lvgl/src/core/lv_obj_event.c **** 
 884              		.loc 1 129 1 view .LVU261
 885 000e 08BD     		pop	{r3, pc}
 886              	.LVL85:
 887              	.L71:
 888              	.LCFI18:
 889              		.cfi_def_cfa_offset 0
 890              		.cfi_restore 3
 891              		.cfi_restore 14
 126:Middlewares/LVGL/lvgl/src/core/lv_obj_event.c ****     if(obj->spec_attr == NULL) return false;
 892              		.loc 1 126 5 is_stmt 1 view .LVU262
 126:Middlewares/LVGL/lvgl/src/core/lv_obj_event.c ****     if(obj->spec_attr == NULL) return false;
 893              		.loc 1 126 5 view .LVU263
 126:Middlewares/LVGL/lvgl/src/core/lv_obj_event.c ****     if(obj->spec_attr == NULL) return false;
 894              		.loc 1 126 5 view .LVU264
 126:Middlewares/LVGL/lvgl/src/core/lv_obj_event.c ****     if(obj->spec_attr == NULL) return false;
 895              		.loc 1 126 5 view .LVU265
 126:Middlewares/LVGL/lvgl/src/core/lv_obj_event.c ****     if(obj->spec_attr == NULL) return false;
 896              		.loc 1 126 5 view .LVU266
 897 0010 FEE7     		b	.L71
 898              	.LVL86:
 899              	.L73:
 900              	.LCFI19:
 901              		.cfi_def_cfa_offset 8
 902              		.cfi_offset 3, -8
 903              		.cfi_offset 14, -4
 127:Middlewares/LVGL/lvgl/src/core/lv_obj_event.c ****     return lv_event_remove(&obj->spec_attr->event_list, index);
 904              		.loc 1 127 39 is_stmt 0 discriminator 1 view .LVU267
 905 0012 0020     		movs	r0, #0
 906 0014 FBE7     		b	.L72
 907              		.cfi_endproc
 908              	.LFE193:
 910              		.section	.text.lv_obj_remove_event_dsc,"ax",%progbits
 911              		.align	1
 912              		.global	lv_obj_remove_event_dsc
 913              		.syntax unified
 914              		.thumb
 915              		.thumb_func
 917              	lv_obj_remove_event_dsc:
 918              	.LVL87:
 919              	.LFB194:
 132:Middlewares/LVGL/lvgl/src/core/lv_obj_event.c ****     LV_ASSERT_NULL(obj);
 920              		.loc 1 132 1 is_stmt 1 view -0
 921              		.cfi_startproc
 922              		@ args = 0, pretend = 0, frame = 0
 923              		@ frame_needed = 0, uses_anonymous_args = 0
 133:Middlewares/LVGL/lvgl/src/core/lv_obj_event.c ****     LV_ASSERT_NULL(dsc);
 924              		.loc 1 133 5 view .LVU269
 133:Middlewares/LVGL/lvgl/src/core/lv_obj_event.c ****     LV_ASSERT_NULL(dsc);
 925              		.loc 1 133 5 view .LVU270
 926 0000 38B1     		cbz	r0, .L78
 132:Middlewares/LVGL/lvgl/src/core/lv_obj_event.c ****     LV_ASSERT_NULL(obj);
ARM GAS  C:\Users\w1785\AppData\Local\Temp\cc9AtjlU.s 			page 30


 927              		.loc 1 132 1 is_stmt 0 view .LVU271
 928 0002 08B5     		push	{r3, lr}
 929              	.LCFI20:
 930              		.cfi_def_cfa_offset 8
 931              		.cfi_offset 3, -8
 932              		.cfi_offset 14, -4
 133:Middlewares/LVGL/lvgl/src/core/lv_obj_event.c ****     LV_ASSERT_NULL(dsc);
 933              		.loc 1 133 5 is_stmt 1 view .LVU272
 133:Middlewares/LVGL/lvgl/src/core/lv_obj_event.c ****     LV_ASSERT_NULL(dsc);
 934              		.loc 1 133 24 view .LVU273
 134:Middlewares/LVGL/lvgl/src/core/lv_obj_event.c ****     if(obj->spec_attr == NULL) return false;
 935              		.loc 1 134 5 view .LVU274
 134:Middlewares/LVGL/lvgl/src/core/lv_obj_event.c ****     if(obj->spec_attr == NULL) return false;
 936              		.loc 1 134 5 view .LVU275
 937 0004 31B1     		cbz	r1, .L80
 134:Middlewares/LVGL/lvgl/src/core/lv_obj_event.c ****     if(obj->spec_attr == NULL) return false;
 938              		.loc 1 134 5 view .LVU276
 134:Middlewares/LVGL/lvgl/src/core/lv_obj_event.c ****     if(obj->spec_attr == NULL) return false;
 939              		.loc 1 134 24 view .LVU277
 135:Middlewares/LVGL/lvgl/src/core/lv_obj_event.c ****     return lv_event_remove_dsc(&obj->spec_attr->event_list, dsc);
 940              		.loc 1 135 5 view .LVU278
 135:Middlewares/LVGL/lvgl/src/core/lv_obj_event.c ****     return lv_event_remove_dsc(&obj->spec_attr->event_list, dsc);
 941              		.loc 1 135 11 is_stmt 0 view .LVU279
 942 0006 8068     		ldr	r0, [r0, #8]
 943              	.LVL88:
 135:Middlewares/LVGL/lvgl/src/core/lv_obj_event.c ****     return lv_event_remove_dsc(&obj->spec_attr->event_list, dsc);
 944              		.loc 1 135 7 view .LVU280
 945 0008 28B1     		cbz	r0, .L82
 136:Middlewares/LVGL/lvgl/src/core/lv_obj_event.c **** }
 946              		.loc 1 136 5 is_stmt 1 view .LVU281
 136:Middlewares/LVGL/lvgl/src/core/lv_obj_event.c **** }
 947              		.loc 1 136 12 is_stmt 0 view .LVU282
 948 000a 0830     		adds	r0, r0, #8
 949 000c FFF7FEFF 		bl	lv_event_remove_dsc
 950              	.LVL89:
 951              	.L81:
 137:Middlewares/LVGL/lvgl/src/core/lv_obj_event.c **** 
 952              		.loc 1 137 1 view .LVU283
 953 0010 08BD     		pop	{r3, pc}
 954              	.LVL90:
 955              	.L78:
 956              	.LCFI21:
 957              		.cfi_def_cfa_offset 0
 958              		.cfi_restore 3
 959              		.cfi_restore 14
 133:Middlewares/LVGL/lvgl/src/core/lv_obj_event.c ****     LV_ASSERT_NULL(dsc);
 960              		.loc 1 133 5 is_stmt 1 view .LVU284
 133:Middlewares/LVGL/lvgl/src/core/lv_obj_event.c ****     LV_ASSERT_NULL(dsc);
 961              		.loc 1 133 5 view .LVU285
 133:Middlewares/LVGL/lvgl/src/core/lv_obj_event.c ****     LV_ASSERT_NULL(dsc);
 962              		.loc 1 133 5 view .LVU286
 133:Middlewares/LVGL/lvgl/src/core/lv_obj_event.c ****     LV_ASSERT_NULL(dsc);
 963              		.loc 1 133 5 view .LVU287
 133:Middlewares/LVGL/lvgl/src/core/lv_obj_event.c ****     LV_ASSERT_NULL(dsc);
 964              		.loc 1 133 5 view .LVU288
 965 0012 FEE7     		b	.L78
 966              	.L80:
ARM GAS  C:\Users\w1785\AppData\Local\Temp\cc9AtjlU.s 			page 31


 967              	.LCFI22:
 968              		.cfi_def_cfa_offset 8
 969              		.cfi_offset 3, -8
 970              		.cfi_offset 14, -4
 134:Middlewares/LVGL/lvgl/src/core/lv_obj_event.c ****     if(obj->spec_attr == NULL) return false;
 971              		.loc 1 134 5 view .LVU289
 134:Middlewares/LVGL/lvgl/src/core/lv_obj_event.c ****     if(obj->spec_attr == NULL) return false;
 972              		.loc 1 134 5 view .LVU290
 134:Middlewares/LVGL/lvgl/src/core/lv_obj_event.c ****     if(obj->spec_attr == NULL) return false;
 973              		.loc 1 134 5 view .LVU291
 134:Middlewares/LVGL/lvgl/src/core/lv_obj_event.c ****     if(obj->spec_attr == NULL) return false;
 974              		.loc 1 134 5 view .LVU292
 134:Middlewares/LVGL/lvgl/src/core/lv_obj_event.c ****     if(obj->spec_attr == NULL) return false;
 975              		.loc 1 134 5 view .LVU293
 976 0014 FEE7     		b	.L80
 977              	.LVL91:
 978              	.L82:
 135:Middlewares/LVGL/lvgl/src/core/lv_obj_event.c ****     return lv_event_remove_dsc(&obj->spec_attr->event_list, dsc);
 979              		.loc 1 135 39 is_stmt 0 discriminator 1 view .LVU294
 980 0016 0020     		movs	r0, #0
 981 0018 FAE7     		b	.L81
 982              		.cfi_endproc
 983              	.LFE194:
 985              		.section	.text.lv_obj_remove_event_cb,"ax",%progbits
 986              		.align	1
 987              		.global	lv_obj_remove_event_cb
 988              		.syntax unified
 989              		.thumb
 990              		.thumb_func
 992              	lv_obj_remove_event_cb:
 993              	.LVL92:
 994              	.LFB195:
 140:Middlewares/LVGL/lvgl/src/core/lv_obj_event.c ****     LV_ASSERT_NULL(obj);
 995              		.loc 1 140 1 is_stmt 1 view -0
 996              		.cfi_startproc
 997              		@ args = 0, pretend = 0, frame = 0
 998              		@ frame_needed = 0, uses_anonymous_args = 0
 141:Middlewares/LVGL/lvgl/src/core/lv_obj_event.c **** 
 999              		.loc 1 141 5 view .LVU296
 141:Middlewares/LVGL/lvgl/src/core/lv_obj_event.c **** 
 1000              		.loc 1 141 5 view .LVU297
 1001 0000 48B1     		cbz	r0, .L87
 140:Middlewares/LVGL/lvgl/src/core/lv_obj_event.c ****     LV_ASSERT_NULL(obj);
 1002              		.loc 1 140 1 is_stmt 0 view .LVU298
 1003 0002 F8B5     		push	{r3, r4, r5, r6, r7, lr}
 1004              	.LCFI23:
 1005              		.cfi_def_cfa_offset 24
 1006              		.cfi_offset 3, -24
 1007              		.cfi_offset 4, -20
 1008              		.cfi_offset 5, -16
 1009              		.cfi_offset 6, -12
 1010              		.cfi_offset 7, -8
 1011              		.cfi_offset 14, -4
 1012 0004 0D46     		mov	r5, r1
 1013 0006 0646     		mov	r6, r0
 141:Middlewares/LVGL/lvgl/src/core/lv_obj_event.c **** 
 1014              		.loc 1 141 5 is_stmt 1 view .LVU299
ARM GAS  C:\Users\w1785\AppData\Local\Temp\cc9AtjlU.s 			page 32


 141:Middlewares/LVGL/lvgl/src/core/lv_obj_event.c **** 
 1015              		.loc 1 141 24 view .LVU300
 143:Middlewares/LVGL/lvgl/src/core/lv_obj_event.c ****     uint32_t removed_count = 0;
 1016              		.loc 1 143 5 view .LVU301
 143:Middlewares/LVGL/lvgl/src/core/lv_obj_event.c ****     uint32_t removed_count = 0;
 1017              		.loc 1 143 26 is_stmt 0 view .LVU302
 1018 0008 FFF7FEFF 		bl	lv_obj_get_event_count
 1019              	.LVL93:
 144:Middlewares/LVGL/lvgl/src/core/lv_obj_event.c ****     int32_t i;
 1020              		.loc 1 144 5 is_stmt 1 view .LVU303
 145:Middlewares/LVGL/lvgl/src/core/lv_obj_event.c **** 
 1021              		.loc 1 145 5 view .LVU304
 147:Middlewares/LVGL/lvgl/src/core/lv_obj_event.c **** 
 1022              		.loc 1 147 5 view .LVU305
 147:Middlewares/LVGL/lvgl/src/core/lv_obj_event.c **** 
 1023              		.loc 1 147 7 is_stmt 0 view .LVU306
 1024 000c 0746     		mov	r7, r0
 1025 000e A8B1     		cbz	r0, .L85
 149:Middlewares/LVGL/lvgl/src/core/lv_obj_event.c ****         lv_event_dsc_t * dsc = lv_obj_get_event_dsc(obj, i);
 1026              		.loc 1 149 5 is_stmt 1 view .LVU307
 149:Middlewares/LVGL/lvgl/src/core/lv_obj_event.c ****         lv_event_dsc_t * dsc = lv_obj_get_event_dsc(obj, i);
 1027              		.loc 1 149 23 is_stmt 0 view .LVU308
 1028 0010 441E     		subs	r4, r0, #1
 1029              	.LVL94:
 144:Middlewares/LVGL/lvgl/src/core/lv_obj_event.c ****     int32_t i;
 1030              		.loc 1 144 14 view .LVU309
 1031 0012 0027     		movs	r7, #0
 149:Middlewares/LVGL/lvgl/src/core/lv_obj_event.c ****         lv_event_dsc_t * dsc = lv_obj_get_event_dsc(obj, i);
 1032              		.loc 1 149 5 view .LVU310
 1033 0014 01E0     		b	.L89
 1034              	.LVL95:
 1035              	.L87:
 1036              	.LCFI24:
 1037              		.cfi_def_cfa_offset 0
 1038              		.cfi_restore 3
 1039              		.cfi_restore 4
 1040              		.cfi_restore 5
 1041              		.cfi_restore 6
 1042              		.cfi_restore 7
 1043              		.cfi_restore 14
 141:Middlewares/LVGL/lvgl/src/core/lv_obj_event.c **** 
 1044              		.loc 1 141 5 is_stmt 1 view .LVU311
 141:Middlewares/LVGL/lvgl/src/core/lv_obj_event.c **** 
 1045              		.loc 1 141 5 view .LVU312
 141:Middlewares/LVGL/lvgl/src/core/lv_obj_event.c **** 
 1046              		.loc 1 141 5 view .LVU313
 141:Middlewares/LVGL/lvgl/src/core/lv_obj_event.c **** 
 1047              		.loc 1 141 5 view .LVU314
 141:Middlewares/LVGL/lvgl/src/core/lv_obj_event.c **** 
 1048              		.loc 1 141 5 view .LVU315
 1049 0016 FEE7     		b	.L87
 1050              	.LVL96:
 1051              	.L90:
 1052              	.LCFI25:
 1053              		.cfi_def_cfa_offset 24
 1054              		.cfi_offset 3, -24
 1055              		.cfi_offset 4, -20
ARM GAS  C:\Users\w1785\AppData\Local\Temp\cc9AtjlU.s 			page 33


 1056              		.cfi_offset 5, -16
 1057              		.cfi_offset 6, -12
 1058              		.cfi_offset 7, -8
 1059              		.cfi_offset 14, -4
 149:Middlewares/LVGL/lvgl/src/core/lv_obj_event.c ****         lv_event_dsc_t * dsc = lv_obj_get_event_dsc(obj, i);
 1060              		.loc 1 149 37 discriminator 2 view .LVU316
 1061 0018 013C     		subs	r4, r4, #1
 1062              	.LVL97:
 1063              	.L89:
 149:Middlewares/LVGL/lvgl/src/core/lv_obj_event.c ****         lv_event_dsc_t * dsc = lv_obj_get_event_dsc(obj, i);
 1064              		.loc 1 149 30 discriminator 1 view .LVU317
 1065 001a 002C     		cmp	r4, #0
 1066 001c 0EDB     		blt	.L85
 1067              	.LBB7:
 150:Middlewares/LVGL/lvgl/src/core/lv_obj_event.c ****         if(dsc && dsc->cb == event_cb) {
 1068              		.loc 1 150 9 view .LVU318
 150:Middlewares/LVGL/lvgl/src/core/lv_obj_event.c ****         if(dsc && dsc->cb == event_cb) {
 1069              		.loc 1 150 32 is_stmt 0 view .LVU319
 1070 001e 2146     		mov	r1, r4
 1071 0020 3046     		mov	r0, r6
 1072 0022 FFF7FEFF 		bl	lv_obj_get_event_dsc
 1073              	.LVL98:
 151:Middlewares/LVGL/lvgl/src/core/lv_obj_event.c ****             lv_obj_remove_event(obj, i);
 1074              		.loc 1 151 9 is_stmt 1 view .LVU320
 151:Middlewares/LVGL/lvgl/src/core/lv_obj_event.c ****             lv_obj_remove_event(obj, i);
 1075              		.loc 1 151 11 is_stmt 0 view .LVU321
 1076 0026 0028     		cmp	r0, #0
 1077 0028 F6D0     		beq	.L90
 151:Middlewares/LVGL/lvgl/src/core/lv_obj_event.c ****             lv_obj_remove_event(obj, i);
 1078              		.loc 1 151 22 discriminator 1 view .LVU322
 1079 002a 0368     		ldr	r3, [r0]
 151:Middlewares/LVGL/lvgl/src/core/lv_obj_event.c ****             lv_obj_remove_event(obj, i);
 1080              		.loc 1 151 16 discriminator 1 view .LVU323
 1081 002c AB42     		cmp	r3, r5
 1082 002e F3D1     		bne	.L90
 152:Middlewares/LVGL/lvgl/src/core/lv_obj_event.c ****             removed_count++;
 1083              		.loc 1 152 13 is_stmt 1 view .LVU324
 1084 0030 2146     		mov	r1, r4
 1085 0032 3046     		mov	r0, r6
 1086              	.LVL99:
 152:Middlewares/LVGL/lvgl/src/core/lv_obj_event.c ****             removed_count++;
 1087              		.loc 1 152 13 is_stmt 0 view .LVU325
 1088 0034 FFF7FEFF 		bl	lv_obj_remove_event
 1089              	.LVL100:
 153:Middlewares/LVGL/lvgl/src/core/lv_obj_event.c ****         }
 1090              		.loc 1 153 13 is_stmt 1 view .LVU326
 153:Middlewares/LVGL/lvgl/src/core/lv_obj_event.c ****         }
 1091              		.loc 1 153 26 is_stmt 0 view .LVU327
 1092 0038 0137     		adds	r7, r7, #1
 1093              	.LVL101:
 153:Middlewares/LVGL/lvgl/src/core/lv_obj_event.c ****         }
 1094              		.loc 1 153 26 view .LVU328
 1095 003a EDE7     		b	.L90
 1096              	.LVL102:
 1097              	.L85:
 153:Middlewares/LVGL/lvgl/src/core/lv_obj_event.c ****         }
 1098              		.loc 1 153 26 view .LVU329
ARM GAS  C:\Users\w1785\AppData\Local\Temp\cc9AtjlU.s 			page 34


 1099              	.LBE7:
 158:Middlewares/LVGL/lvgl/src/core/lv_obj_event.c **** 
 1100              		.loc 1 158 1 view .LVU330
 1101 003c 3846     		mov	r0, r7
 1102 003e F8BD     		pop	{r3, r4, r5, r6, r7, pc}
 158:Middlewares/LVGL/lvgl/src/core/lv_obj_event.c **** 
 1103              		.loc 1 158 1 view .LVU331
 1104              		.cfi_endproc
 1105              	.LFE195:
 1107              		.section	.text.lv_obj_remove_event_cb_with_user_data,"ax",%progbits
 1108              		.align	1
 1109              		.global	lv_obj_remove_event_cb_with_user_data
 1110              		.syntax unified
 1111              		.thumb
 1112              		.thumb_func
 1114              	lv_obj_remove_event_cb_with_user_data:
 1115              	.LVL103:
 1116              	.LFB196:
 161:Middlewares/LVGL/lvgl/src/core/lv_obj_event.c ****     LV_ASSERT_NULL(obj);
 1117              		.loc 1 161 1 is_stmt 1 view -0
 1118              		.cfi_startproc
 1119              		@ args = 0, pretend = 0, frame = 0
 1120              		@ frame_needed = 0, uses_anonymous_args = 0
 162:Middlewares/LVGL/lvgl/src/core/lv_obj_event.c **** 
 1121              		.loc 1 162 5 view .LVU333
 162:Middlewares/LVGL/lvgl/src/core/lv_obj_event.c **** 
 1122              		.loc 1 162 5 view .LVU334
 1123 0000 60B1     		cbz	r0, .L96
 161:Middlewares/LVGL/lvgl/src/core/lv_obj_event.c ****     LV_ASSERT_NULL(obj);
 1124              		.loc 1 161 1 is_stmt 0 view .LVU335
 1125 0002 2DE9F843 		push	{r3, r4, r5, r6, r7, r8, r9, lr}
 1126              	.LCFI26:
 1127              		.cfi_def_cfa_offset 32
 1128              		.cfi_offset 3, -32
 1129              		.cfi_offset 4, -28
 1130              		.cfi_offset 5, -24
 1131              		.cfi_offset 6, -20
 1132              		.cfi_offset 7, -16
 1133              		.cfi_offset 8, -12
 1134              		.cfi_offset 9, -8
 1135              		.cfi_offset 14, -4
 1136 0006 0D46     		mov	r5, r1
 1137 0008 1746     		mov	r7, r2
 1138 000a 0646     		mov	r6, r0
 162:Middlewares/LVGL/lvgl/src/core/lv_obj_event.c **** 
 1139              		.loc 1 162 5 is_stmt 1 view .LVU336
 162:Middlewares/LVGL/lvgl/src/core/lv_obj_event.c **** 
 1140              		.loc 1 162 24 view .LVU337
 164:Middlewares/LVGL/lvgl/src/core/lv_obj_event.c ****     uint32_t removed_count = 0;
 1141              		.loc 1 164 5 view .LVU338
 164:Middlewares/LVGL/lvgl/src/core/lv_obj_event.c ****     uint32_t removed_count = 0;
 1142              		.loc 1 164 26 is_stmt 0 view .LVU339
 1143 000c FFF7FEFF 		bl	lv_obj_get_event_count
 1144              	.LVL104:
 165:Middlewares/LVGL/lvgl/src/core/lv_obj_event.c ****     int32_t i;
 1145              		.loc 1 165 5 is_stmt 1 view .LVU340
 166:Middlewares/LVGL/lvgl/src/core/lv_obj_event.c **** 
ARM GAS  C:\Users\w1785\AppData\Local\Temp\cc9AtjlU.s 			page 35


 1146              		.loc 1 166 5 view .LVU341
 168:Middlewares/LVGL/lvgl/src/core/lv_obj_event.c **** 
 1147              		.loc 1 168 5 view .LVU342
 168:Middlewares/LVGL/lvgl/src/core/lv_obj_event.c **** 
 1148              		.loc 1 168 7 is_stmt 0 view .LVU343
 1149 0010 8146     		mov	r9, r0
 1150 0012 F8B1     		cbz	r0, .L94
 170:Middlewares/LVGL/lvgl/src/core/lv_obj_event.c ****         lv_event_dsc_t * dsc = lv_obj_get_event_dsc(obj, i);
 1151              		.loc 1 170 5 is_stmt 1 view .LVU344
 170:Middlewares/LVGL/lvgl/src/core/lv_obj_event.c ****         lv_event_dsc_t * dsc = lv_obj_get_event_dsc(obj, i);
 1152              		.loc 1 170 23 is_stmt 0 view .LVU345
 1153 0014 441E     		subs	r4, r0, #1
 1154              	.LVL105:
 165:Middlewares/LVGL/lvgl/src/core/lv_obj_event.c ****     int32_t i;
 1155              		.loc 1 165 14 view .LVU346
 1156 0016 4FF00009 		mov	r9, #0
 170:Middlewares/LVGL/lvgl/src/core/lv_obj_event.c ****         lv_event_dsc_t * dsc = lv_obj_get_event_dsc(obj, i);
 1157              		.loc 1 170 5 view .LVU347
 1158 001a 04E0     		b	.L98
 1159              	.LVL106:
 1160              	.L96:
 1161              	.LCFI27:
 1162              		.cfi_def_cfa_offset 0
 1163              		.cfi_restore 3
 1164              		.cfi_restore 4
 1165              		.cfi_restore 5
 1166              		.cfi_restore 6
 1167              		.cfi_restore 7
 1168              		.cfi_restore 8
 1169              		.cfi_restore 9
 1170              		.cfi_restore 14
 162:Middlewares/LVGL/lvgl/src/core/lv_obj_event.c **** 
 1171              		.loc 1 162 5 is_stmt 1 view .LVU348
 162:Middlewares/LVGL/lvgl/src/core/lv_obj_event.c **** 
 1172              		.loc 1 162 5 view .LVU349
 162:Middlewares/LVGL/lvgl/src/core/lv_obj_event.c **** 
 1173              		.loc 1 162 5 view .LVU350
 162:Middlewares/LVGL/lvgl/src/core/lv_obj_event.c **** 
 1174              		.loc 1 162 5 view .LVU351
 162:Middlewares/LVGL/lvgl/src/core/lv_obj_event.c **** 
 1175              		.loc 1 162 5 view .LVU352
 1176 001c FEE7     		b	.L96
 1177              	.LVL107:
 1178              	.L100:
 1179              	.LCFI28:
 1180              		.cfi_def_cfa_offset 32
 1181              		.cfi_offset 3, -32
 1182              		.cfi_offset 4, -28
 1183              		.cfi_offset 5, -24
 1184              		.cfi_offset 6, -20
 1185              		.cfi_offset 7, -16
 1186              		.cfi_offset 8, -12
 1187              		.cfi_offset 9, -8
 1188              		.cfi_offset 14, -4
 1189              	.LBB8:
 172:Middlewares/LVGL/lvgl/src/core/lv_obj_event.c ****             lv_obj_remove_event(obj, i);
 1190              		.loc 1 172 67 is_stmt 0 discriminator 4 view .LVU353
ARM GAS  C:\Users\w1785\AppData\Local\Temp\cc9AtjlU.s 			page 36


 1191 001e 5B68     		ldr	r3, [r3, #4]
 172:Middlewares/LVGL/lvgl/src/core/lv_obj_event.c ****             lv_obj_remove_event(obj, i);
 1192              		.loc 1 172 61 discriminator 4 view .LVU354
 1193 0020 BB42     		cmp	r3, r7
 1194 0022 10D0     		beq	.L104
 1195              	.LVL108:
 1196              	.L99:
 172:Middlewares/LVGL/lvgl/src/core/lv_obj_event.c ****             lv_obj_remove_event(obj, i);
 1197              		.loc 1 172 61 discriminator 4 view .LVU355
 1198              	.LBE8:
 170:Middlewares/LVGL/lvgl/src/core/lv_obj_event.c ****         lv_event_dsc_t * dsc = lv_obj_get_event_dsc(obj, i);
 1199              		.loc 1 170 37 is_stmt 1 discriminator 2 view .LVU356
 1200 0024 013C     		subs	r4, r4, #1
 1201              	.LVL109:
 1202              	.L98:
 170:Middlewares/LVGL/lvgl/src/core/lv_obj_event.c ****         lv_event_dsc_t * dsc = lv_obj_get_event_dsc(obj, i);
 1203              		.loc 1 170 30 discriminator 1 view .LVU357
 1204 0026 002C     		cmp	r4, #0
 1205 0028 14DB     		blt	.L94
 1206              	.LBB9:
 171:Middlewares/LVGL/lvgl/src/core/lv_obj_event.c ****         if(dsc && (event_cb == NULL || dsc->cb == event_cb) && dsc->user_data == user_data) {
 1207              		.loc 1 171 9 view .LVU358
 171:Middlewares/LVGL/lvgl/src/core/lv_obj_event.c ****         if(dsc && (event_cb == NULL || dsc->cb == event_cb) && dsc->user_data == user_data) {
 1208              		.loc 1 171 32 is_stmt 0 view .LVU359
 1209 002a A046     		mov	r8, r4
 1210 002c 2146     		mov	r1, r4
 1211 002e 3046     		mov	r0, r6
 1212 0030 FFF7FEFF 		bl	lv_obj_get_event_dsc
 1213              	.LVL110:
 172:Middlewares/LVGL/lvgl/src/core/lv_obj_event.c ****             lv_obj_remove_event(obj, i);
 1214              		.loc 1 172 9 is_stmt 1 view .LVU360
 172:Middlewares/LVGL/lvgl/src/core/lv_obj_event.c ****             lv_obj_remove_event(obj, i);
 1215              		.loc 1 172 11 is_stmt 0 view .LVU361
 1216 0034 0346     		mov	r3, r0
 1217 0036 0028     		cmp	r0, #0
 1218 0038 F4D0     		beq	.L99
 172:Middlewares/LVGL/lvgl/src/core/lv_obj_event.c ****             lv_obj_remove_event(obj, i);
 1219              		.loc 1 172 16 discriminator 1 view .LVU362
 1220 003a 002D     		cmp	r5, #0
 1221 003c EFD0     		beq	.L100
 172:Middlewares/LVGL/lvgl/src/core/lv_obj_event.c ****             lv_obj_remove_event(obj, i);
 1222              		.loc 1 172 43 discriminator 3 view .LVU363
 1223 003e 0268     		ldr	r2, [r0]
 172:Middlewares/LVGL/lvgl/src/core/lv_obj_event.c ****             lv_obj_remove_event(obj, i);
 1224              		.loc 1 172 37 discriminator 3 view .LVU364
 1225 0040 AA42     		cmp	r2, r5
 1226 0042 EFD1     		bne	.L99
 1227 0044 EBE7     		b	.L100
 1228              	.L104:
 173:Middlewares/LVGL/lvgl/src/core/lv_obj_event.c ****             removed_count ++;
 1229              		.loc 1 173 13 is_stmt 1 view .LVU365
 1230 0046 4146     		mov	r1, r8
 1231 0048 3046     		mov	r0, r6
 1232              	.LVL111:
 173:Middlewares/LVGL/lvgl/src/core/lv_obj_event.c ****             removed_count ++;
 1233              		.loc 1 173 13 is_stmt 0 view .LVU366
 1234 004a FFF7FEFF 		bl	lv_obj_remove_event
ARM GAS  C:\Users\w1785\AppData\Local\Temp\cc9AtjlU.s 			page 37


 1235              	.LVL112:
 174:Middlewares/LVGL/lvgl/src/core/lv_obj_event.c ****         }
 1236              		.loc 1 174 13 is_stmt 1 view .LVU367
 174:Middlewares/LVGL/lvgl/src/core/lv_obj_event.c ****         }
 1237              		.loc 1 174 27 is_stmt 0 view .LVU368
 1238 004e 09F10109 		add	r9, r9, #1
 1239              	.LVL113:
 174:Middlewares/LVGL/lvgl/src/core/lv_obj_event.c ****         }
 1240              		.loc 1 174 27 view .LVU369
 1241 0052 E7E7     		b	.L99
 1242              	.LVL114:
 1243              	.L94:
 174:Middlewares/LVGL/lvgl/src/core/lv_obj_event.c ****         }
 1244              		.loc 1 174 27 view .LVU370
 1245              	.LBE9:
 179:Middlewares/LVGL/lvgl/src/core/lv_obj_event.c **** 
 1246              		.loc 1 179 1 view .LVU371
 1247 0054 4846     		mov	r0, r9
 1248 0056 BDE8F883 		pop	{r3, r4, r5, r6, r7, r8, r9, pc}
 179:Middlewares/LVGL/lvgl/src/core/lv_obj_event.c **** 
 1249              		.loc 1 179 1 view .LVU372
 1250              		.cfi_endproc
 1251              	.LFE196:
 1253              		.section	.text.lv_event_get_current_target_obj,"ax",%progbits
 1254              		.align	1
 1255              		.global	lv_event_get_current_target_obj
 1256              		.syntax unified
 1257              		.thumb
 1258              		.thumb_func
 1260              	lv_event_get_current_target_obj:
 1261              	.LVL115:
 1262              	.LFB197:
 182:Middlewares/LVGL/lvgl/src/core/lv_obj_event.c ****     return lv_event_get_current_target(e);
 1263              		.loc 1 182 1 is_stmt 1 view -0
 1264              		.cfi_startproc
 1265              		@ args = 0, pretend = 0, frame = 0
 1266              		@ frame_needed = 0, uses_anonymous_args = 0
 182:Middlewares/LVGL/lvgl/src/core/lv_obj_event.c ****     return lv_event_get_current_target(e);
 1267              		.loc 1 182 1 is_stmt 0 view .LVU374
 1268 0000 08B5     		push	{r3, lr}
 1269              	.LCFI29:
 1270              		.cfi_def_cfa_offset 8
 1271              		.cfi_offset 3, -8
 1272              		.cfi_offset 14, -4
 183:Middlewares/LVGL/lvgl/src/core/lv_obj_event.c **** }
 1273              		.loc 1 183 5 is_stmt 1 view .LVU375
 183:Middlewares/LVGL/lvgl/src/core/lv_obj_event.c **** }
 1274              		.loc 1 183 12 is_stmt 0 view .LVU376
 1275 0002 FFF7FEFF 		bl	lv_event_get_current_target
 1276              	.LVL116:
 184:Middlewares/LVGL/lvgl/src/core/lv_obj_event.c **** 
 1277              		.loc 1 184 1 view .LVU377
 1278 0006 08BD     		pop	{r3, pc}
 1279              		.cfi_endproc
 1280              	.LFE197:
 1282              		.section	.text.lv_event_get_target_obj,"ax",%progbits
 1283              		.align	1
ARM GAS  C:\Users\w1785\AppData\Local\Temp\cc9AtjlU.s 			page 38


 1284              		.global	lv_event_get_target_obj
 1285              		.syntax unified
 1286              		.thumb
 1287              		.thumb_func
 1289              	lv_event_get_target_obj:
 1290              	.LVL117:
 1291              	.LFB198:
 187:Middlewares/LVGL/lvgl/src/core/lv_obj_event.c ****     return lv_event_get_target(e);
 1292              		.loc 1 187 1 is_stmt 1 view -0
 1293              		.cfi_startproc
 1294              		@ args = 0, pretend = 0, frame = 0
 1295              		@ frame_needed = 0, uses_anonymous_args = 0
 187:Middlewares/LVGL/lvgl/src/core/lv_obj_event.c ****     return lv_event_get_target(e);
 1296              		.loc 1 187 1 is_stmt 0 view .LVU379
 1297 0000 08B5     		push	{r3, lr}
 1298              	.LCFI30:
 1299              		.cfi_def_cfa_offset 8
 1300              		.cfi_offset 3, -8
 1301              		.cfi_offset 14, -4
 188:Middlewares/LVGL/lvgl/src/core/lv_obj_event.c **** }
 1302              		.loc 1 188 5 is_stmt 1 view .LVU380
 188:Middlewares/LVGL/lvgl/src/core/lv_obj_event.c **** }
 1303              		.loc 1 188 12 is_stmt 0 view .LVU381
 1304 0002 FFF7FEFF 		bl	lv_event_get_target
 1305              	.LVL118:
 189:Middlewares/LVGL/lvgl/src/core/lv_obj_event.c **** 
 1306              		.loc 1 189 1 view .LVU382
 1307 0006 08BD     		pop	{r3, pc}
 1308              		.cfi_endproc
 1309              	.LFE198:
 1311              		.section	.text.lv_event_get_indev,"ax",%progbits
 1312              		.align	1
 1313              		.global	lv_event_get_indev
 1314              		.syntax unified
 1315              		.thumb
 1316              		.thumb_func
 1318              	lv_event_get_indev:
 1319              	.LVL119:
 1320              	.LFB199:
 192:Middlewares/LVGL/lvgl/src/core/lv_obj_event.c **** 
 1321              		.loc 1 192 1 is_stmt 1 view -0
 1322              		.cfi_startproc
 1323              		@ args = 0, pretend = 0, frame = 0
 1324              		@ frame_needed = 0, uses_anonymous_args = 0
 194:Middlewares/LVGL/lvgl/src/core/lv_obj_event.c ****        e->code == LV_EVENT_PRESSING ||
 1325              		.loc 1 194 5 view .LVU384
 194:Middlewares/LVGL/lvgl/src/core/lv_obj_event.c ****        e->code == LV_EVENT_PRESSING ||
 1326              		.loc 1 194 9 is_stmt 0 view .LVU385
 1327 0000 8268     		ldr	r2, [r0, #8]
 1328 0002 192A     		cmp	r2, #25
 1329 0004 08D8     		bhi	.L111
 192:Middlewares/LVGL/lvgl/src/core/lv_obj_event.c **** 
 1330              		.loc 1 192 1 view .LVU386
 1331 0006 08B5     		push	{r3, lr}
 1332              	.LCFI31:
 1333              		.cfi_def_cfa_offset 8
 1334              		.cfi_offset 3, -8
ARM GAS  C:\Users\w1785\AppData\Local\Temp\cc9AtjlU.s 			page 39


 1335              		.cfi_offset 14, -4
 1336 0008 054B     		ldr	r3, .L117
 1337 000a D340     		lsrs	r3, r3, r2
 1338 000c 13F0010F 		tst	r3, #1
 1339 0010 04D0     		beq	.L112
 212:Middlewares/LVGL/lvgl/src/core/lv_obj_event.c ****     }
 1340              		.loc 1 212 9 is_stmt 1 view .LVU387
 212:Middlewares/LVGL/lvgl/src/core/lv_obj_event.c ****     }
 1341              		.loc 1 212 16 is_stmt 0 view .LVU388
 1342 0012 FFF7FEFF 		bl	lv_event_get_param
 1343              	.LVL120:
 1344              	.L109:
 218:Middlewares/LVGL/lvgl/src/core/lv_obj_event.c **** 
 1345              		.loc 1 218 1 view .LVU389
 1346 0016 08BD     		pop	{r3, pc}
 1347              	.LVL121:
 1348              	.L111:
 1349              	.LCFI32:
 1350              		.cfi_def_cfa_offset 0
 1351              		.cfi_restore 3
 1352              		.cfi_restore 14
 194:Middlewares/LVGL/lvgl/src/core/lv_obj_event.c ****        e->code == LV_EVENT_PRESSING ||
 1353              		.loc 1 194 9 view .LVU390
 1354 0018 0020     		movs	r0, #0
 1355              	.LVL122:
 218:Middlewares/LVGL/lvgl/src/core/lv_obj_event.c **** 
 1356              		.loc 1 218 1 view .LVU391
 1357 001a 7047     		bx	lr
 1358              	.LVL123:
 1359              	.L112:
 1360              	.LCFI33:
 1361              		.cfi_def_cfa_offset 8
 1362              		.cfi_offset 3, -8
 1363              		.cfi_offset 14, -4
 194:Middlewares/LVGL/lvgl/src/core/lv_obj_event.c ****        e->code == LV_EVENT_PRESSING ||
 1364              		.loc 1 194 9 view .LVU392
 1365 001c 0020     		movs	r0, #0
 1366              	.LVL124:
 194:Middlewares/LVGL/lvgl/src/core/lv_obj_event.c ****        e->code == LV_EVENT_PRESSING ||
 1367              		.loc 1 194 9 view .LVU393
 1368 001e FAE7     		b	.L109
 1369              	.L118:
 1370              		.align	2
 1371              	.L117:
 1372 0020 1EDF3B03 		.word	54255390
 1373              		.cfi_endproc
 1374              	.LFE199:
 1376              		.section	.text.lv_event_get_layer,"ax",%progbits
 1377              		.align	1
 1378              		.global	lv_event_get_layer
 1379              		.syntax unified
 1380              		.thumb
 1381              		.thumb_func
 1383              	lv_event_get_layer:
 1384              	.LVL125:
 1385              	.LFB200:
 221:Middlewares/LVGL/lvgl/src/core/lv_obj_event.c ****     if(e->code == LV_EVENT_DRAW_MAIN ||
ARM GAS  C:\Users\w1785\AppData\Local\Temp\cc9AtjlU.s 			page 40


 1386              		.loc 1 221 1 is_stmt 1 view -0
 1387              		.cfi_startproc
 1388              		@ args = 0, pretend = 0, frame = 0
 1389              		@ frame_needed = 0, uses_anonymous_args = 0
 221:Middlewares/LVGL/lvgl/src/core/lv_obj_event.c ****     if(e->code == LV_EVENT_DRAW_MAIN ||
 1390              		.loc 1 221 1 is_stmt 0 view .LVU395
 1391 0000 08B5     		push	{r3, lr}
 1392              	.LCFI34:
 1393              		.cfi_def_cfa_offset 8
 1394              		.cfi_offset 3, -8
 1395              		.cfi_offset 14, -4
 222:Middlewares/LVGL/lvgl/src/core/lv_obj_event.c ****        e->code == LV_EVENT_DRAW_MAIN_BEGIN ||
 1396              		.loc 1 222 5 is_stmt 1 view .LVU396
 222:Middlewares/LVGL/lvgl/src/core/lv_obj_event.c ****        e->code == LV_EVENT_DRAW_MAIN_BEGIN ||
 1397              		.loc 1 222 9 is_stmt 0 view .LVU397
 1398 0002 8368     		ldr	r3, [r0, #8]
 223:Middlewares/LVGL/lvgl/src/core/lv_obj_event.c ****        e->code == LV_EVENT_DRAW_MAIN_END ||
 1399              		.loc 1 223 44 view .LVU398
 1400 0004 A3F11C02 		sub	r2, r3, #28
 222:Middlewares/LVGL/lvgl/src/core/lv_obj_event.c ****        e->code == LV_EVENT_DRAW_MAIN_BEGIN ||
 1401              		.loc 1 222 7 view .LVU399
 1402 0008 022A     		cmp	r2, #2
 1403 000a 05D9     		bls	.L120
 224:Middlewares/LVGL/lvgl/src/core/lv_obj_event.c ****        e->code == LV_EVENT_DRAW_POST ||
 1404              		.loc 1 224 42 view .LVU400
 1405 000c 202B     		cmp	r3, #32
 1406 000e 03D0     		beq	.L120
 225:Middlewares/LVGL/lvgl/src/core/lv_obj_event.c ****        e->code == LV_EVENT_DRAW_POST_BEGIN ||
 1407              		.loc 1 225 38 view .LVU401
 1408 0010 1F2B     		cmp	r3, #31
 1409 0012 01D0     		beq	.L120
 226:Middlewares/LVGL/lvgl/src/core/lv_obj_event.c ****        e->code == LV_EVENT_DRAW_POST_END) {
 1410              		.loc 1 226 44 view .LVU402
 1411 0014 212B     		cmp	r3, #33
 1412 0016 02D1     		bne	.L122
 1413              	.L120:
 228:Middlewares/LVGL/lvgl/src/core/lv_obj_event.c ****     }
 1414              		.loc 1 228 9 is_stmt 1 view .LVU403
 228:Middlewares/LVGL/lvgl/src/core/lv_obj_event.c ****     }
 1415              		.loc 1 228 16 is_stmt 0 view .LVU404
 1416 0018 FFF7FEFF 		bl	lv_event_get_param
 1417              	.LVL126:
 1418              	.L119:
 234:Middlewares/LVGL/lvgl/src/core/lv_obj_event.c **** 
 1419              		.loc 1 234 1 view .LVU405
 1420 001c 08BD     		pop	{r3, pc}
 1421              	.LVL127:
 1422              	.L122:
 232:Middlewares/LVGL/lvgl/src/core/lv_obj_event.c ****     }
 1423              		.loc 1 232 16 view .LVU406
 1424 001e 0020     		movs	r0, #0
 1425              	.LVL128:
 232:Middlewares/LVGL/lvgl/src/core/lv_obj_event.c ****     }
 1426              		.loc 1 232 16 view .LVU407
 1427 0020 FCE7     		b	.L119
 1428              		.cfi_endproc
 1429              	.LFE200:
ARM GAS  C:\Users\w1785\AppData\Local\Temp\cc9AtjlU.s 			page 41


 1431              		.section	.text.lv_event_get_old_size,"ax",%progbits
 1432              		.align	1
 1433              		.global	lv_event_get_old_size
 1434              		.syntax unified
 1435              		.thumb
 1436              		.thumb_func
 1438              	lv_event_get_old_size:
 1439              	.LVL129:
 1440              	.LFB201:
 237:Middlewares/LVGL/lvgl/src/core/lv_obj_event.c ****     if(e->code == LV_EVENT_SIZE_CHANGED) {
 1441              		.loc 1 237 1 is_stmt 1 view -0
 1442              		.cfi_startproc
 1443              		@ args = 0, pretend = 0, frame = 0
 1444              		@ frame_needed = 0, uses_anonymous_args = 0
 237:Middlewares/LVGL/lvgl/src/core/lv_obj_event.c ****     if(e->code == LV_EVENT_SIZE_CHANGED) {
 1445              		.loc 1 237 1 is_stmt 0 view .LVU409
 1446 0000 08B5     		push	{r3, lr}
 1447              	.LCFI35:
 1448              		.cfi_def_cfa_offset 8
 1449              		.cfi_offset 3, -8
 1450              		.cfi_offset 14, -4
 238:Middlewares/LVGL/lvgl/src/core/lv_obj_event.c ****         return lv_event_get_param(e);
 1451              		.loc 1 238 5 is_stmt 1 view .LVU410
 238:Middlewares/LVGL/lvgl/src/core/lv_obj_event.c ****         return lv_event_get_param(e);
 1452              		.loc 1 238 9 is_stmt 0 view .LVU411
 1453 0002 8368     		ldr	r3, [r0, #8]
 238:Middlewares/LVGL/lvgl/src/core/lv_obj_event.c ****         return lv_event_get_param(e);
 1454              		.loc 1 238 7 view .LVU412
 1455 0004 322B     		cmp	r3, #50
 1456 0006 01D0     		beq	.L128
 243:Middlewares/LVGL/lvgl/src/core/lv_obj_event.c ****     }
 1457              		.loc 1 243 16 view .LVU413
 1458 0008 0020     		movs	r0, #0
 1459              	.LVL130:
 1460              	.L124:
 245:Middlewares/LVGL/lvgl/src/core/lv_obj_event.c **** 
 1461              		.loc 1 245 1 view .LVU414
 1462 000a 08BD     		pop	{r3, pc}
 1463              	.LVL131:
 1464              	.L128:
 239:Middlewares/LVGL/lvgl/src/core/lv_obj_event.c ****     }
 1465              		.loc 1 239 9 is_stmt 1 view .LVU415
 239:Middlewares/LVGL/lvgl/src/core/lv_obj_event.c ****     }
 1466              		.loc 1 239 16 is_stmt 0 view .LVU416
 1467 000c FFF7FEFF 		bl	lv_event_get_param
 1468              	.LVL132:
 239:Middlewares/LVGL/lvgl/src/core/lv_obj_event.c ****     }
 1469              		.loc 1 239 16 view .LVU417
 1470 0010 FBE7     		b	.L124
 1471              		.cfi_endproc
 1472              	.LFE201:
 1474              		.section	.text.lv_event_get_key,"ax",%progbits
 1475              		.align	1
 1476              		.global	lv_event_get_key
 1477              		.syntax unified
 1478              		.thumb
 1479              		.thumb_func
ARM GAS  C:\Users\w1785\AppData\Local\Temp\cc9AtjlU.s 			page 42


 1481              	lv_event_get_key:
 1482              	.LVL133:
 1483              	.LFB202:
 248:Middlewares/LVGL/lvgl/src/core/lv_obj_event.c ****     if(e->code == LV_EVENT_KEY) {
 1484              		.loc 1 248 1 is_stmt 1 view -0
 1485              		.cfi_startproc
 1486              		@ args = 0, pretend = 0, frame = 0
 1487              		@ frame_needed = 0, uses_anonymous_args = 0
 248:Middlewares/LVGL/lvgl/src/core/lv_obj_event.c ****     if(e->code == LV_EVENT_KEY) {
 1488              		.loc 1 248 1 is_stmt 0 view .LVU419
 1489 0000 08B5     		push	{r3, lr}
 1490              	.LCFI36:
 1491              		.cfi_def_cfa_offset 8
 1492              		.cfi_offset 3, -8
 1493              		.cfi_offset 14, -4
 249:Middlewares/LVGL/lvgl/src/core/lv_obj_event.c ****         uint32_t * k = lv_event_get_param(e);
 1494              		.loc 1 249 5 is_stmt 1 view .LVU420
 249:Middlewares/LVGL/lvgl/src/core/lv_obj_event.c ****         uint32_t * k = lv_event_get_param(e);
 1495              		.loc 1 249 9 is_stmt 0 view .LVU421
 1496 0002 8368     		ldr	r3, [r0, #8]
 249:Middlewares/LVGL/lvgl/src/core/lv_obj_event.c ****         uint32_t * k = lv_event_get_param(e);
 1497              		.loc 1 249 7 view .LVU422
 1498 0004 112B     		cmp	r3, #17
 1499 0006 01D0     		beq	.L134
 256:Middlewares/LVGL/lvgl/src/core/lv_obj_event.c ****     }
 1500              		.loc 1 256 16 view .LVU423
 1501 0008 0020     		movs	r0, #0
 1502              	.LVL134:
 1503              	.L129:
 258:Middlewares/LVGL/lvgl/src/core/lv_obj_event.c **** 
 1504              		.loc 1 258 1 view .LVU424
 1505 000a 08BD     		pop	{r3, pc}
 1506              	.LVL135:
 1507              	.L134:
 1508              	.LBB10:
 250:Middlewares/LVGL/lvgl/src/core/lv_obj_event.c ****         if(k) return *k;
 1509              		.loc 1 250 9 is_stmt 1 view .LVU425
 250:Middlewares/LVGL/lvgl/src/core/lv_obj_event.c ****         if(k) return *k;
 1510              		.loc 1 250 24 is_stmt 0 view .LVU426
 1511 000c FFF7FEFF 		bl	lv_event_get_param
 1512              	.LVL136:
 251:Middlewares/LVGL/lvgl/src/core/lv_obj_event.c ****         else return 0;
 1513              		.loc 1 251 9 is_stmt 1 view .LVU427
 251:Middlewares/LVGL/lvgl/src/core/lv_obj_event.c ****         else return 0;
 1514              		.loc 1 251 11 is_stmt 0 view .LVU428
 1515 0010 08B1     		cbz	r0, .L132
 251:Middlewares/LVGL/lvgl/src/core/lv_obj_event.c ****         else return 0;
 1516              		.loc 1 251 15 is_stmt 1 discriminator 1 view .LVU429
 251:Middlewares/LVGL/lvgl/src/core/lv_obj_event.c ****         else return 0;
 1517              		.loc 1 251 22 is_stmt 0 discriminator 1 view .LVU430
 1518 0012 0068     		ldr	r0, [r0]
 1519              	.LVL137:
 251:Middlewares/LVGL/lvgl/src/core/lv_obj_event.c ****         else return 0;
 1520              		.loc 1 251 22 view .LVU431
 1521 0014 F9E7     		b	.L129
 1522              	.LVL138:
 1523              	.L132:
ARM GAS  C:\Users\w1785\AppData\Local\Temp\cc9AtjlU.s 			page 43


 252:Middlewares/LVGL/lvgl/src/core/lv_obj_event.c ****     }
 1524              		.loc 1 252 21 view .LVU432
 1525 0016 0020     		movs	r0, #0
 1526              	.LVL139:
 252:Middlewares/LVGL/lvgl/src/core/lv_obj_event.c ****     }
 1527              		.loc 1 252 21 view .LVU433
 1528 0018 F7E7     		b	.L129
 1529              	.LBE10:
 1530              		.cfi_endproc
 1531              	.LFE202:
 1533              		.section	.text.lv_event_get_rotary_diff,"ax",%progbits
 1534              		.align	1
 1535              		.global	lv_event_get_rotary_diff
 1536              		.syntax unified
 1537              		.thumb
 1538              		.thumb_func
 1540              	lv_event_get_rotary_diff:
 1541              	.LVL140:
 1542              	.LFB203:
 261:Middlewares/LVGL/lvgl/src/core/lv_obj_event.c ****     if(e->code == LV_EVENT_ROTARY) {
 1543              		.loc 1 261 1 is_stmt 1 view -0
 1544              		.cfi_startproc
 1545              		@ args = 0, pretend = 0, frame = 0
 1546              		@ frame_needed = 0, uses_anonymous_args = 0
 261:Middlewares/LVGL/lvgl/src/core/lv_obj_event.c ****     if(e->code == LV_EVENT_ROTARY) {
 1547              		.loc 1 261 1 is_stmt 0 view .LVU435
 1548 0000 08B5     		push	{r3, lr}
 1549              	.LCFI37:
 1550              		.cfi_def_cfa_offset 8
 1551              		.cfi_offset 3, -8
 1552              		.cfi_offset 14, -4
 262:Middlewares/LVGL/lvgl/src/core/lv_obj_event.c ****         int32_t * r = lv_event_get_param(e);
 1553              		.loc 1 262 5 is_stmt 1 view .LVU436
 262:Middlewares/LVGL/lvgl/src/core/lv_obj_event.c ****         int32_t * r = lv_event_get_param(e);
 1554              		.loc 1 262 9 is_stmt 0 view .LVU437
 1555 0002 8368     		ldr	r3, [r0, #8]
 262:Middlewares/LVGL/lvgl/src/core/lv_obj_event.c ****         int32_t * r = lv_event_get_param(e);
 1556              		.loc 1 262 7 view .LVU438
 1557 0004 122B     		cmp	r3, #18
 1558 0006 01D0     		beq	.L140
 269:Middlewares/LVGL/lvgl/src/core/lv_obj_event.c ****     }
 1559              		.loc 1 269 16 view .LVU439
 1560 0008 0020     		movs	r0, #0
 1561              	.LVL141:
 1562              	.L135:
 271:Middlewares/LVGL/lvgl/src/core/lv_obj_event.c **** 
 1563              		.loc 1 271 1 view .LVU440
 1564 000a 08BD     		pop	{r3, pc}
 1565              	.LVL142:
 1566              	.L140:
 1567              	.LBB11:
 263:Middlewares/LVGL/lvgl/src/core/lv_obj_event.c ****         if(r) return *r;
 1568              		.loc 1 263 9 is_stmt 1 view .LVU441
 263:Middlewares/LVGL/lvgl/src/core/lv_obj_event.c ****         if(r) return *r;
 1569              		.loc 1 263 23 is_stmt 0 view .LVU442
 1570 000c FFF7FEFF 		bl	lv_event_get_param
 1571              	.LVL143:
ARM GAS  C:\Users\w1785\AppData\Local\Temp\cc9AtjlU.s 			page 44


 264:Middlewares/LVGL/lvgl/src/core/lv_obj_event.c ****         else return 0;
 1572              		.loc 1 264 9 is_stmt 1 view .LVU443
 264:Middlewares/LVGL/lvgl/src/core/lv_obj_event.c ****         else return 0;
 1573              		.loc 1 264 11 is_stmt 0 view .LVU444
 1574 0010 08B1     		cbz	r0, .L138
 264:Middlewares/LVGL/lvgl/src/core/lv_obj_event.c ****         else return 0;
 1575              		.loc 1 264 15 is_stmt 1 discriminator 1 view .LVU445
 264:Middlewares/LVGL/lvgl/src/core/lv_obj_event.c ****         else return 0;
 1576              		.loc 1 264 22 is_stmt 0 discriminator 1 view .LVU446
 1577 0012 0068     		ldr	r0, [r0]
 1578              	.LVL144:
 264:Middlewares/LVGL/lvgl/src/core/lv_obj_event.c ****         else return 0;
 1579              		.loc 1 264 22 view .LVU447
 1580 0014 F9E7     		b	.L135
 1581              	.LVL145:
 1582              	.L138:
 265:Middlewares/LVGL/lvgl/src/core/lv_obj_event.c ****     }
 1583              		.loc 1 265 21 view .LVU448
 1584 0016 0020     		movs	r0, #0
 1585              	.LVL146:
 265:Middlewares/LVGL/lvgl/src/core/lv_obj_event.c ****     }
 1586              		.loc 1 265 21 view .LVU449
 1587 0018 F7E7     		b	.L135
 1588              	.LBE11:
 1589              		.cfi_endproc
 1590              	.LFE203:
 1592              		.section	.text.lv_event_get_scroll_anim,"ax",%progbits
 1593              		.align	1
 1594              		.global	lv_event_get_scroll_anim
 1595              		.syntax unified
 1596              		.thumb
 1597              		.thumb_func
 1599              	lv_event_get_scroll_anim:
 1600              	.LVL147:
 1601              	.LFB204:
 274:Middlewares/LVGL/lvgl/src/core/lv_obj_event.c ****     if(e->code == LV_EVENT_SCROLL_BEGIN) {
 1602              		.loc 1 274 1 is_stmt 1 view -0
 1603              		.cfi_startproc
 1604              		@ args = 0, pretend = 0, frame = 0
 1605              		@ frame_needed = 0, uses_anonymous_args = 0
 274:Middlewares/LVGL/lvgl/src/core/lv_obj_event.c ****     if(e->code == LV_EVENT_SCROLL_BEGIN) {
 1606              		.loc 1 274 1 is_stmt 0 view .LVU451
 1607 0000 08B5     		push	{r3, lr}
 1608              	.LCFI38:
 1609              		.cfi_def_cfa_offset 8
 1610              		.cfi_offset 3, -8
 1611              		.cfi_offset 14, -4
 275:Middlewares/LVGL/lvgl/src/core/lv_obj_event.c ****         return lv_event_get_param(e);
 1612              		.loc 1 275 5 is_stmt 1 view .LVU452
 275:Middlewares/LVGL/lvgl/src/core/lv_obj_event.c ****         return lv_event_get_param(e);
 1613              		.loc 1 275 9 is_stmt 0 view .LVU453
 1614 0002 8368     		ldr	r3, [r0, #8]
 275:Middlewares/LVGL/lvgl/src/core/lv_obj_event.c ****         return lv_event_get_param(e);
 1615              		.loc 1 275 7 view .LVU454
 1616 0004 0C2B     		cmp	r3, #12
 1617 0006 01D0     		beq	.L145
 280:Middlewares/LVGL/lvgl/src/core/lv_obj_event.c ****     }
ARM GAS  C:\Users\w1785\AppData\Local\Temp\cc9AtjlU.s 			page 45


 1618              		.loc 1 280 16 view .LVU455
 1619 0008 0020     		movs	r0, #0
 1620              	.LVL148:
 1621              	.L141:
 282:Middlewares/LVGL/lvgl/src/core/lv_obj_event.c **** 
 1622              		.loc 1 282 1 view .LVU456
 1623 000a 08BD     		pop	{r3, pc}
 1624              	.LVL149:
 1625              	.L145:
 276:Middlewares/LVGL/lvgl/src/core/lv_obj_event.c ****     }
 1626              		.loc 1 276 9 is_stmt 1 view .LVU457
 276:Middlewares/LVGL/lvgl/src/core/lv_obj_event.c ****     }
 1627              		.loc 1 276 16 is_stmt 0 view .LVU458
 1628 000c FFF7FEFF 		bl	lv_event_get_param
 1629              	.LVL150:
 276:Middlewares/LVGL/lvgl/src/core/lv_obj_event.c ****     }
 1630              		.loc 1 276 16 view .LVU459
 1631 0010 FBE7     		b	.L141
 1632              		.cfi_endproc
 1633              	.LFE204:
 1635              		.section	.text.lv_event_set_ext_draw_size,"ax",%progbits
 1636              		.align	1
 1637              		.global	lv_event_set_ext_draw_size
 1638              		.syntax unified
 1639              		.thumb
 1640              		.thumb_func
 1642              	lv_event_set_ext_draw_size:
 1643              	.LVL151:
 1644              	.LFB205:
 285:Middlewares/LVGL/lvgl/src/core/lv_obj_event.c ****     if(e->code == LV_EVENT_REFR_EXT_DRAW_SIZE) {
 1645              		.loc 1 285 1 is_stmt 1 view -0
 1646              		.cfi_startproc
 1647              		@ args = 0, pretend = 0, frame = 0
 1648              		@ frame_needed = 0, uses_anonymous_args = 0
 286:Middlewares/LVGL/lvgl/src/core/lv_obj_event.c ****         int32_t * cur_size = lv_event_get_param(e);
 1649              		.loc 1 286 5 view .LVU461
 286:Middlewares/LVGL/lvgl/src/core/lv_obj_event.c ****         int32_t * cur_size = lv_event_get_param(e);
 1650              		.loc 1 286 9 is_stmt 0 view .LVU462
 1651 0000 8368     		ldr	r3, [r0, #8]
 286:Middlewares/LVGL/lvgl/src/core/lv_obj_event.c ****         int32_t * cur_size = lv_event_get_param(e);
 1652              		.loc 1 286 7 view .LVU463
 1653 0002 1B2B     		cmp	r3, #27
 1654 0004 00D0     		beq	.L152
 1655 0006 7047     		bx	lr
 1656              	.L152:
 285:Middlewares/LVGL/lvgl/src/core/lv_obj_event.c ****     if(e->code == LV_EVENT_REFR_EXT_DRAW_SIZE) {
 1657              		.loc 1 285 1 view .LVU464
 1658 0008 10B5     		push	{r4, lr}
 1659              	.LCFI39:
 1660              		.cfi_def_cfa_offset 8
 1661              		.cfi_offset 4, -8
 1662              		.cfi_offset 14, -4
 1663 000a 0C46     		mov	r4, r1
 1664              	.LBB12:
 287:Middlewares/LVGL/lvgl/src/core/lv_obj_event.c ****         *cur_size = LV_MAX(*cur_size, size);
 1665              		.loc 1 287 9 is_stmt 1 view .LVU465
 287:Middlewares/LVGL/lvgl/src/core/lv_obj_event.c ****         *cur_size = LV_MAX(*cur_size, size);
ARM GAS  C:\Users\w1785\AppData\Local\Temp\cc9AtjlU.s 			page 46


 1666              		.loc 1 287 30 is_stmt 0 view .LVU466
 1667 000c FFF7FEFF 		bl	lv_event_get_param
 1668              	.LVL152:
 288:Middlewares/LVGL/lvgl/src/core/lv_obj_event.c ****     }
 1669              		.loc 1 288 9 is_stmt 1 view .LVU467
 288:Middlewares/LVGL/lvgl/src/core/lv_obj_event.c ****     }
 1670              		.loc 1 288 21 is_stmt 0 view .LVU468
 1671 0010 0368     		ldr	r3, [r0]
 1672 0012 9C42     		cmp	r4, r3
 1673 0014 B8BF     		it	lt
 1674 0016 1C46     		movlt	r4, r3
 1675              	.LVL153:
 288:Middlewares/LVGL/lvgl/src/core/lv_obj_event.c ****     }
 1676              		.loc 1 288 19 view .LVU469
 1677 0018 0460     		str	r4, [r0]
 1678              	.LBE12:
 291:Middlewares/LVGL/lvgl/src/core/lv_obj_event.c ****     }
 1679              		.loc 1 291 9 is_stmt 1 view .LVU470
 291:Middlewares/LVGL/lvgl/src/core/lv_obj_event.c ****     }
 1680              		.loc 1 291 9 view .LVU471
 291:Middlewares/LVGL/lvgl/src/core/lv_obj_event.c ****     }
 1681              		.loc 1 291 9 view .LVU472
 293:Middlewares/LVGL/lvgl/src/core/lv_obj_event.c **** 
 1682              		.loc 1 293 1 is_stmt 0 view .LVU473
 1683 001a 10BD     		pop	{r4, pc}
 1684              		.cfi_endproc
 1685              	.LFE205:
 1687              		.section	.text.lv_event_get_self_size_info,"ax",%progbits
 1688              		.align	1
 1689              		.global	lv_event_get_self_size_info
 1690              		.syntax unified
 1691              		.thumb
 1692              		.thumb_func
 1694              	lv_event_get_self_size_info:
 1695              	.LVL154:
 1696              	.LFB206:
 296:Middlewares/LVGL/lvgl/src/core/lv_obj_event.c ****     if(e->code == LV_EVENT_GET_SELF_SIZE) {
 1697              		.loc 1 296 1 is_stmt 1 view -0
 1698              		.cfi_startproc
 1699              		@ args = 0, pretend = 0, frame = 0
 1700              		@ frame_needed = 0, uses_anonymous_args = 0
 296:Middlewares/LVGL/lvgl/src/core/lv_obj_event.c ****     if(e->code == LV_EVENT_GET_SELF_SIZE) {
 1701              		.loc 1 296 1 is_stmt 0 view .LVU475
 1702 0000 08B5     		push	{r3, lr}
 1703              	.LCFI40:
 1704              		.cfi_def_cfa_offset 8
 1705              		.cfi_offset 3, -8
 1706              		.cfi_offset 14, -4
 297:Middlewares/LVGL/lvgl/src/core/lv_obj_event.c ****         return lv_event_get_param(e);
 1707              		.loc 1 297 5 is_stmt 1 view .LVU476
 297:Middlewares/LVGL/lvgl/src/core/lv_obj_event.c ****         return lv_event_get_param(e);
 1708              		.loc 1 297 9 is_stmt 0 view .LVU477
 1709 0002 8368     		ldr	r3, [r0, #8]
 297:Middlewares/LVGL/lvgl/src/core/lv_obj_event.c ****         return lv_event_get_param(e);
 1710              		.loc 1 297 7 view .LVU478
 1711 0004 352B     		cmp	r3, #53
 1712 0006 01D0     		beq	.L157
ARM GAS  C:\Users\w1785\AppData\Local\Temp\cc9AtjlU.s 			page 47


 302:Middlewares/LVGL/lvgl/src/core/lv_obj_event.c ****     }
 1713              		.loc 1 302 16 view .LVU479
 1714 0008 0020     		movs	r0, #0
 1715              	.LVL155:
 1716              	.L153:
 304:Middlewares/LVGL/lvgl/src/core/lv_obj_event.c **** 
 1717              		.loc 1 304 1 view .LVU480
 1718 000a 08BD     		pop	{r3, pc}
 1719              	.LVL156:
 1720              	.L157:
 298:Middlewares/LVGL/lvgl/src/core/lv_obj_event.c ****     }
 1721              		.loc 1 298 9 is_stmt 1 view .LVU481
 298:Middlewares/LVGL/lvgl/src/core/lv_obj_event.c ****     }
 1722              		.loc 1 298 16 is_stmt 0 view .LVU482
 1723 000c FFF7FEFF 		bl	lv_event_get_param
 1724              	.LVL157:
 298:Middlewares/LVGL/lvgl/src/core/lv_obj_event.c ****     }
 1725              		.loc 1 298 16 view .LVU483
 1726 0010 FBE7     		b	.L153
 1727              		.cfi_endproc
 1728              	.LFE206:
 1730              		.section	.text.lv_event_get_hit_test_info,"ax",%progbits
 1731              		.align	1
 1732              		.global	lv_event_get_hit_test_info
 1733              		.syntax unified
 1734              		.thumb
 1735              		.thumb_func
 1737              	lv_event_get_hit_test_info:
 1738              	.LVL158:
 1739              	.LFB207:
 307:Middlewares/LVGL/lvgl/src/core/lv_obj_event.c ****     if(e->code == LV_EVENT_HIT_TEST) {
 1740              		.loc 1 307 1 is_stmt 1 view -0
 1741              		.cfi_startproc
 1742              		@ args = 0, pretend = 0, frame = 0
 1743              		@ frame_needed = 0, uses_anonymous_args = 0
 307:Middlewares/LVGL/lvgl/src/core/lv_obj_event.c ****     if(e->code == LV_EVENT_HIT_TEST) {
 1744              		.loc 1 307 1 is_stmt 0 view .LVU485
 1745 0000 08B5     		push	{r3, lr}
 1746              	.LCFI41:
 1747              		.cfi_def_cfa_offset 8
 1748              		.cfi_offset 3, -8
 1749              		.cfi_offset 14, -4
 308:Middlewares/LVGL/lvgl/src/core/lv_obj_event.c ****         return lv_event_get_param(e);
 1750              		.loc 1 308 5 is_stmt 1 view .LVU486
 308:Middlewares/LVGL/lvgl/src/core/lv_obj_event.c ****         return lv_event_get_param(e);
 1751              		.loc 1 308 9 is_stmt 0 view .LVU487
 1752 0002 8368     		ldr	r3, [r0, #8]
 308:Middlewares/LVGL/lvgl/src/core/lv_obj_event.c ****         return lv_event_get_param(e);
 1753              		.loc 1 308 7 view .LVU488
 1754 0004 162B     		cmp	r3, #22
 1755 0006 01D0     		beq	.L162
 313:Middlewares/LVGL/lvgl/src/core/lv_obj_event.c ****     }
 1756              		.loc 1 313 16 view .LVU489
 1757 0008 0020     		movs	r0, #0
 1758              	.LVL159:
 1759              	.L158:
 315:Middlewares/LVGL/lvgl/src/core/lv_obj_event.c **** 
ARM GAS  C:\Users\w1785\AppData\Local\Temp\cc9AtjlU.s 			page 48


 1760              		.loc 1 315 1 view .LVU490
 1761 000a 08BD     		pop	{r3, pc}
 1762              	.LVL160:
 1763              	.L162:
 309:Middlewares/LVGL/lvgl/src/core/lv_obj_event.c ****     }
 1764              		.loc 1 309 9 is_stmt 1 view .LVU491
 309:Middlewares/LVGL/lvgl/src/core/lv_obj_event.c ****     }
 1765              		.loc 1 309 16 is_stmt 0 view .LVU492
 1766 000c FFF7FEFF 		bl	lv_event_get_param
 1767              	.LVL161:
 309:Middlewares/LVGL/lvgl/src/core/lv_obj_event.c ****     }
 1768              		.loc 1 309 16 view .LVU493
 1769 0010 FBE7     		b	.L158
 1770              		.cfi_endproc
 1771              	.LFE207:
 1773              		.section	.text.lv_event_get_cover_area,"ax",%progbits
 1774              		.align	1
 1775              		.global	lv_event_get_cover_area
 1776              		.syntax unified
 1777              		.thumb
 1778              		.thumb_func
 1780              	lv_event_get_cover_area:
 1781              	.LVL162:
 1782              	.LFB208:
 318:Middlewares/LVGL/lvgl/src/core/lv_obj_event.c ****     if(e->code == LV_EVENT_COVER_CHECK) {
 1783              		.loc 1 318 1 is_stmt 1 view -0
 1784              		.cfi_startproc
 1785              		@ args = 0, pretend = 0, frame = 0
 1786              		@ frame_needed = 0, uses_anonymous_args = 0
 318:Middlewares/LVGL/lvgl/src/core/lv_obj_event.c ****     if(e->code == LV_EVENT_COVER_CHECK) {
 1787              		.loc 1 318 1 is_stmt 0 view .LVU495
 1788 0000 08B5     		push	{r3, lr}
 1789              	.LCFI42:
 1790              		.cfi_def_cfa_offset 8
 1791              		.cfi_offset 3, -8
 1792              		.cfi_offset 14, -4
 319:Middlewares/LVGL/lvgl/src/core/lv_obj_event.c ****         lv_cover_check_info_t * p = lv_event_get_param(e);
 1793              		.loc 1 319 5 is_stmt 1 view .LVU496
 319:Middlewares/LVGL/lvgl/src/core/lv_obj_event.c ****         lv_cover_check_info_t * p = lv_event_get_param(e);
 1794              		.loc 1 319 9 is_stmt 0 view .LVU497
 1795 0002 8368     		ldr	r3, [r0, #8]
 319:Middlewares/LVGL/lvgl/src/core/lv_obj_event.c ****         lv_cover_check_info_t * p = lv_event_get_param(e);
 1796              		.loc 1 319 7 view .LVU498
 1797 0004 1A2B     		cmp	r3, #26
 1798 0006 01D0     		beq	.L167
 325:Middlewares/LVGL/lvgl/src/core/lv_obj_event.c ****     }
 1799              		.loc 1 325 16 view .LVU499
 1800 0008 0020     		movs	r0, #0
 1801              	.LVL163:
 1802              	.L163:
 327:Middlewares/LVGL/lvgl/src/core/lv_obj_event.c **** 
 1803              		.loc 1 327 1 view .LVU500
 1804 000a 08BD     		pop	{r3, pc}
 1805              	.LVL164:
 1806              	.L167:
 1807              	.LBB13:
 320:Middlewares/LVGL/lvgl/src/core/lv_obj_event.c ****         return p->area;
ARM GAS  C:\Users\w1785\AppData\Local\Temp\cc9AtjlU.s 			page 49


 1808              		.loc 1 320 9 is_stmt 1 view .LVU501
 320:Middlewares/LVGL/lvgl/src/core/lv_obj_event.c ****         return p->area;
 1809              		.loc 1 320 37 is_stmt 0 view .LVU502
 1810 000c FFF7FEFF 		bl	lv_event_get_param
 1811              	.LVL165:
 321:Middlewares/LVGL/lvgl/src/core/lv_obj_event.c ****     }
 1812              		.loc 1 321 9 is_stmt 1 view .LVU503
 321:Middlewares/LVGL/lvgl/src/core/lv_obj_event.c ****     }
 1813              		.loc 1 321 17 is_stmt 0 view .LVU504
 1814 0010 4068     		ldr	r0, [r0, #4]
 1815              	.LVL166:
 321:Middlewares/LVGL/lvgl/src/core/lv_obj_event.c ****     }
 1816              		.loc 1 321 17 view .LVU505
 1817 0012 FAE7     		b	.L163
 1818              	.LBE13:
 1819              		.cfi_endproc
 1820              	.LFE208:
 1822              		.section	.text.lv_event_set_cover_res,"ax",%progbits
 1823              		.align	1
 1824              		.global	lv_event_set_cover_res
 1825              		.syntax unified
 1826              		.thumb
 1827              		.thumb_func
 1829              	lv_event_set_cover_res:
 1830              	.LVL167:
 1831              	.LFB209:
 330:Middlewares/LVGL/lvgl/src/core/lv_obj_event.c ****     if(e->code == LV_EVENT_COVER_CHECK) {
 1832              		.loc 1 330 1 is_stmt 1 view -0
 1833              		.cfi_startproc
 1834              		@ args = 0, pretend = 0, frame = 0
 1835              		@ frame_needed = 0, uses_anonymous_args = 0
 331:Middlewares/LVGL/lvgl/src/core/lv_obj_event.c ****         lv_cover_check_info_t * p = lv_event_get_param(e);
 1836              		.loc 1 331 5 view .LVU507
 331:Middlewares/LVGL/lvgl/src/core/lv_obj_event.c ****         lv_cover_check_info_t * p = lv_event_get_param(e);
 1837              		.loc 1 331 9 is_stmt 0 view .LVU508
 1838 0000 8368     		ldr	r3, [r0, #8]
 331:Middlewares/LVGL/lvgl/src/core/lv_obj_event.c ****         lv_cover_check_info_t * p = lv_event_get_param(e);
 1839              		.loc 1 331 7 view .LVU509
 1840 0002 1A2B     		cmp	r3, #26
 1841 0004 00D0     		beq	.L174
 1842 0006 7047     		bx	lr
 1843              	.L174:
 330:Middlewares/LVGL/lvgl/src/core/lv_obj_event.c ****     if(e->code == LV_EVENT_COVER_CHECK) {
 1844              		.loc 1 330 1 view .LVU510
 1845 0008 10B5     		push	{r4, lr}
 1846              	.LCFI43:
 1847              		.cfi_def_cfa_offset 8
 1848              		.cfi_offset 4, -8
 1849              		.cfi_offset 14, -4
 1850 000a 0C46     		mov	r4, r1
 1851              	.LBB14:
 332:Middlewares/LVGL/lvgl/src/core/lv_obj_event.c ****         if(res > p->res) p->res = res;  /*Save only "stronger" results*/
 1852              		.loc 1 332 9 is_stmt 1 view .LVU511
 332:Middlewares/LVGL/lvgl/src/core/lv_obj_event.c ****         if(res > p->res) p->res = res;  /*Save only "stronger" results*/
 1853              		.loc 1 332 37 is_stmt 0 view .LVU512
 1854 000c FFF7FEFF 		bl	lv_event_get_param
 1855              	.LVL168:
ARM GAS  C:\Users\w1785\AppData\Local\Temp\cc9AtjlU.s 			page 50


 333:Middlewares/LVGL/lvgl/src/core/lv_obj_event.c ****     }
 1856              		.loc 1 333 9 is_stmt 1 view .LVU513
 333:Middlewares/LVGL/lvgl/src/core/lv_obj_event.c ****     }
 1857              		.loc 1 333 19 is_stmt 0 view .LVU514
 1858 0010 0378     		ldrb	r3, [r0]	@ zero_extendqisi2
 333:Middlewares/LVGL/lvgl/src/core/lv_obj_event.c ****     }
 1859              		.loc 1 333 11 view .LVU515
 1860 0012 A342     		cmp	r3, r4
 1861 0014 00D2     		bcs	.L168
 333:Middlewares/LVGL/lvgl/src/core/lv_obj_event.c ****     }
 1862              		.loc 1 333 26 is_stmt 1 discriminator 1 view .LVU516
 333:Middlewares/LVGL/lvgl/src/core/lv_obj_event.c ****     }
 1863              		.loc 1 333 33 is_stmt 0 discriminator 1 view .LVU517
 1864 0016 0470     		strb	r4, [r0]
 1865              	.LBE14:
 336:Middlewares/LVGL/lvgl/src/core/lv_obj_event.c ****     }
 1866              		.loc 1 336 9 is_stmt 1 view .LVU518
 336:Middlewares/LVGL/lvgl/src/core/lv_obj_event.c ****     }
 1867              		.loc 1 336 9 view .LVU519
 336:Middlewares/LVGL/lvgl/src/core/lv_obj_event.c ****     }
 1868              		.loc 1 336 9 view .LVU520
 1869              	.L168:
 338:Middlewares/LVGL/lvgl/src/core/lv_obj_event.c **** 
 1870              		.loc 1 338 1 is_stmt 0 view .LVU521
 1871 0018 10BD     		pop	{r4, pc}
 1872              		.cfi_endproc
 1873              	.LFE209:
 1875              		.section	.text.lv_event_get_draw_task,"ax",%progbits
 1876              		.align	1
 1877              		.global	lv_event_get_draw_task
 1878              		.syntax unified
 1879              		.thumb
 1880              		.thumb_func
 1882              	lv_event_get_draw_task:
 1883              	.LVL169:
 1884              	.LFB210:
 341:Middlewares/LVGL/lvgl/src/core/lv_obj_event.c ****     if(e->code == LV_EVENT_DRAW_TASK_ADDED) {
 1885              		.loc 1 341 1 is_stmt 1 view -0
 1886              		.cfi_startproc
 1887              		@ args = 0, pretend = 0, frame = 0
 1888              		@ frame_needed = 0, uses_anonymous_args = 0
 341:Middlewares/LVGL/lvgl/src/core/lv_obj_event.c ****     if(e->code == LV_EVENT_DRAW_TASK_ADDED) {
 1889              		.loc 1 341 1 is_stmt 0 view .LVU523
 1890 0000 08B5     		push	{r3, lr}
 1891              	.LCFI44:
 1892              		.cfi_def_cfa_offset 8
 1893              		.cfi_offset 3, -8
 1894              		.cfi_offset 14, -4
 342:Middlewares/LVGL/lvgl/src/core/lv_obj_event.c ****         return lv_event_get_param(e);
 1895              		.loc 1 342 5 is_stmt 1 view .LVU524
 342:Middlewares/LVGL/lvgl/src/core/lv_obj_event.c ****         return lv_event_get_param(e);
 1896              		.loc 1 342 9 is_stmt 0 view .LVU525
 1897 0002 8368     		ldr	r3, [r0, #8]
 342:Middlewares/LVGL/lvgl/src/core/lv_obj_event.c ****         return lv_event_get_param(e);
 1898              		.loc 1 342 7 view .LVU526
 1899 0004 222B     		cmp	r3, #34
 1900 0006 01D0     		beq	.L179
ARM GAS  C:\Users\w1785\AppData\Local\Temp\cc9AtjlU.s 			page 51


 347:Middlewares/LVGL/lvgl/src/core/lv_obj_event.c ****     }
 1901              		.loc 1 347 16 view .LVU527
 1902 0008 0020     		movs	r0, #0
 1903              	.LVL170:
 1904              	.L175:
 349:Middlewares/LVGL/lvgl/src/core/lv_obj_event.c **** 
 1905              		.loc 1 349 1 view .LVU528
 1906 000a 08BD     		pop	{r3, pc}
 1907              	.LVL171:
 1908              	.L179:
 343:Middlewares/LVGL/lvgl/src/core/lv_obj_event.c ****     }
 1909              		.loc 1 343 9 is_stmt 1 view .LVU529
 343:Middlewares/LVGL/lvgl/src/core/lv_obj_event.c ****     }
 1910              		.loc 1 343 16 is_stmt 0 view .LVU530
 1911 000c FFF7FEFF 		bl	lv_event_get_param
 1912              	.LVL172:
 343:Middlewares/LVGL/lvgl/src/core/lv_obj_event.c ****     }
 1913              		.loc 1 343 16 view .LVU531
 1914 0010 FBE7     		b	.L175
 1915              		.cfi_endproc
 1916              	.LFE210:
 1918              		.section	.text.lv_event_get_prev_state,"ax",%progbits
 1919              		.align	1
 1920              		.global	lv_event_get_prev_state
 1921              		.syntax unified
 1922              		.thumb
 1923              		.thumb_func
 1925              	lv_event_get_prev_state:
 1926              	.LVL173:
 1927              	.LFB211:
 352:Middlewares/LVGL/lvgl/src/core/lv_obj_event.c ****     if(e->code == LV_EVENT_STATE_CHANGED) {
 1928              		.loc 1 352 1 is_stmt 1 view -0
 1929              		.cfi_startproc
 1930              		@ args = 0, pretend = 0, frame = 0
 1931              		@ frame_needed = 0, uses_anonymous_args = 0
 352:Middlewares/LVGL/lvgl/src/core/lv_obj_event.c ****     if(e->code == LV_EVENT_STATE_CHANGED) {
 1932              		.loc 1 352 1 is_stmt 0 view .LVU533
 1933 0000 08B5     		push	{r3, lr}
 1934              	.LCFI45:
 1935              		.cfi_def_cfa_offset 8
 1936              		.cfi_offset 3, -8
 1937              		.cfi_offset 14, -4
 353:Middlewares/LVGL/lvgl/src/core/lv_obj_event.c ****         lv_state_t * state = lv_event_get_param(e);
 1938              		.loc 1 353 5 is_stmt 1 view .LVU534
 353:Middlewares/LVGL/lvgl/src/core/lv_obj_event.c ****         lv_state_t * state = lv_event_get_param(e);
 1939              		.loc 1 353 9 is_stmt 0 view .LVU535
 1940 0002 8368     		ldr	r3, [r0, #8]
 353:Middlewares/LVGL/lvgl/src/core/lv_obj_event.c ****         lv_state_t * state = lv_event_get_param(e);
 1941              		.loc 1 353 7 view .LVU536
 1942 0004 282B     		cmp	r3, #40
 1943 0006 01D0     		beq	.L186
 359:Middlewares/LVGL/lvgl/src/core/lv_obj_event.c ****     }
 1944              		.loc 1 359 16 view .LVU537
 1945 0008 0020     		movs	r0, #0
 1946              	.LVL174:
 1947              	.L181:
 361:Middlewares/LVGL/lvgl/src/core/lv_obj_event.c **** 
ARM GAS  C:\Users\w1785\AppData\Local\Temp\cc9AtjlU.s 			page 52


 1948              		.loc 1 361 1 view .LVU538
 1949 000a 08BD     		pop	{r3, pc}
 1950              	.LVL175:
 1951              	.L186:
 1952              	.LBB15:
 354:Middlewares/LVGL/lvgl/src/core/lv_obj_event.c ****         return state ? *state : 0;
 1953              		.loc 1 354 9 is_stmt 1 view .LVU539
 354:Middlewares/LVGL/lvgl/src/core/lv_obj_event.c ****         return state ? *state : 0;
 1954              		.loc 1 354 30 is_stmt 0 view .LVU540
 1955 000c FFF7FEFF 		bl	lv_event_get_param
 1956              	.LVL176:
 355:Middlewares/LVGL/lvgl/src/core/lv_obj_event.c ****     }
 1957              		.loc 1 355 9 is_stmt 1 view .LVU541
 355:Middlewares/LVGL/lvgl/src/core/lv_obj_event.c ****     }
 1958              		.loc 1 355 31 is_stmt 0 view .LVU542
 1959 0010 08B1     		cbz	r0, .L184
 355:Middlewares/LVGL/lvgl/src/core/lv_obj_event.c ****     }
 1960              		.loc 1 355 31 discriminator 1 view .LVU543
 1961 0012 0088     		ldrh	r0, [r0]
 1962              	.LVL177:
 355:Middlewares/LVGL/lvgl/src/core/lv_obj_event.c ****     }
 1963              		.loc 1 355 31 discriminator 1 view .LVU544
 1964 0014 F9E7     		b	.L181
 1965              	.LVL178:
 1966              	.L184:
 355:Middlewares/LVGL/lvgl/src/core/lv_obj_event.c ****     }
 1967              		.loc 1 355 31 discriminator 2 view .LVU545
 1968 0016 0020     		movs	r0, #0
 1969              	.LVL179:
 355:Middlewares/LVGL/lvgl/src/core/lv_obj_event.c ****     }
 1970              		.loc 1 355 31 view .LVU546
 1971 0018 F7E7     		b	.L181
 1972              	.LBE15:
 1973              		.cfi_endproc
 1974              	.LFE211:
 1976              		.text
 1977              	.Letext0:
 1978              		.file 2 "D:\\STM32CubeIDE\\STM32CubeIDE_2.1.1\\STM32CubeIDE\\plugins\\com.st.stm32cube.ide.mcu.ext
 1979              		.file 3 "D:\\STM32CubeIDE\\STM32CubeIDE_2.1.1\\STM32CubeIDE\\plugins\\com.st.stm32cube.ide.mcu.ext
 1980              		.file 4 "Middlewares/LVGL/lvgl/src/core/../misc/lv_types.h"
 1981              		.file 5 "Middlewares/LVGL/lvgl/src/core/lv_obj_private.h"
 1982              		.file 6 "Middlewares/LVGL/lvgl/src/core/lv_obj_class_private.h"
 1983              		.file 7 "Middlewares/LVGL/lvgl/src/core/../draw/lv_draw.h"
 1984              		.file 8 "Middlewares/LVGL/lvgl/src/core/../indev/lv_indev_private.h"
 1985              		.file 9 "Middlewares/LVGL/lvgl/src/core/../misc/lv_event_private.h"
 1986              		.file 10 "Middlewares/LVGL/lvgl/src/core/../misc/lv_anim.h"
 1987              		.file 11 "Middlewares/LVGL/lvgl/src/core/lv_obj_event_private.h"
 1988              		.file 12 "Middlewares/LVGL/lvgl/src/core/../misc/lv_array.h"
 1989              		.file 13 "Middlewares/LVGL/lvgl/src/core/../misc/../font/../draw/lv_draw_buf.h"
 1990              		.file 14 "Middlewares/LVGL/lvgl/src/core/../misc/lv_event.h"
 1991              		.file 15 "Middlewares/LVGL/lvgl/src/core/../indev/../core/lv_group.h"
 1992              		.file 16 "Middlewares/LVGL/lvgl/src/core/../indev/../misc/lv_area.h"
 1993              		.file 17 "Middlewares/LVGL/lvgl/src/core/../indev/lv_indev.h"
 1994              		.file 18 "Middlewares/LVGL/lvgl/src/core/../misc/../font/../draw/../misc/lv_color.h"
 1995              		.file 19 "Middlewares/LVGL/lvgl/src/core/../misc/../font/../draw/lv_image_dsc.h"
 1996              		.file 20 "Middlewares/LVGL/lvgl/src/core/lv_obj_style.h"
 1997              		.file 21 "Middlewares/LVGL/lvgl/src/core/lv_obj_event.h"
ARM GAS  C:\Users\w1785\AppData\Local\Temp\cc9AtjlU.s 			page 53


 1998              		.file 22 "Middlewares/LVGL/lvgl/src/core/lv_obj.h"
 1999              		.file 23 "Middlewares/LVGL/lvgl/src/core/lv_obj_tree.h"
ARM GAS  C:\Users\w1785\AppData\Local\Temp\cc9AtjlU.s 			page 54


DEFINED SYMBOLS
                            *ABS*:00000000 lv_obj_event.c
C:\Users\w1785\AppData\Local\Temp\cc9AtjlU.s:21     .text.event_is_bubbled:00000000 $t
C:\Users\w1785\AppData\Local\Temp\cc9AtjlU.s:26     .text.event_is_bubbled:00000000 event_is_bubbled
C:\Users\w1785\AppData\Local\Temp\cc9AtjlU.s:114    .text.event_is_bubbled:00000050 $d
C:\Users\w1785\AppData\Local\Temp\cc9AtjlU.s:119    .text.event_is_trickled:00000000 $t
C:\Users\w1785\AppData\Local\Temp\cc9AtjlU.s:124    .text.event_is_trickled:00000000 event_is_trickled
C:\Users\w1785\AppData\Local\Temp\cc9AtjlU.s:189    .text.event_is_trickled:00000044 $d
C:\Users\w1785\AppData\Local\Temp\cc9AtjlU.s:194    .text.lv_obj_event_base:00000000 $t
C:\Users\w1785\AppData\Local\Temp\cc9AtjlU.s:200    .text.lv_obj_event_base:00000000 lv_obj_event_base
C:\Users\w1785\AppData\Local\Temp\cc9AtjlU.s:307    .text.event_send_core:00000000 $t
C:\Users\w1785\AppData\Local\Temp\cc9AtjlU.s:312    .text.event_send_core:00000000 event_send_core
C:\Users\w1785\AppData\Local\Temp\cc9AtjlU.s:556    .text.lv_obj_send_event:00000000 $t
C:\Users\w1785\AppData\Local\Temp\cc9AtjlU.s:562    .text.lv_obj_send_event:00000000 lv_obj_send_event
C:\Users\w1785\AppData\Local\Temp\cc9AtjlU.s:664    .text.lv_obj_add_event_cb:00000000 $t
C:\Users\w1785\AppData\Local\Temp\cc9AtjlU.s:670    .text.lv_obj_add_event_cb:00000000 lv_obj_add_event_cb
C:\Users\w1785\AppData\Local\Temp\cc9AtjlU.s:731    .text.lv_obj_get_event_count:00000000 $t
C:\Users\w1785\AppData\Local\Temp\cc9AtjlU.s:737    .text.lv_obj_get_event_count:00000000 lv_obj_get_event_count
C:\Users\w1785\AppData\Local\Temp\cc9AtjlU.s:794    .text.lv_obj_get_event_dsc:00000000 $t
C:\Users\w1785\AppData\Local\Temp\cc9AtjlU.s:800    .text.lv_obj_get_event_dsc:00000000 lv_obj_get_event_dsc
C:\Users\w1785\AppData\Local\Temp\cc9AtjlU.s:848    .text.lv_obj_remove_event:00000000 $t
C:\Users\w1785\AppData\Local\Temp\cc9AtjlU.s:854    .text.lv_obj_remove_event:00000000 lv_obj_remove_event
C:\Users\w1785\AppData\Local\Temp\cc9AtjlU.s:911    .text.lv_obj_remove_event_dsc:00000000 $t
C:\Users\w1785\AppData\Local\Temp\cc9AtjlU.s:917    .text.lv_obj_remove_event_dsc:00000000 lv_obj_remove_event_dsc
C:\Users\w1785\AppData\Local\Temp\cc9AtjlU.s:986    .text.lv_obj_remove_event_cb:00000000 $t
C:\Users\w1785\AppData\Local\Temp\cc9AtjlU.s:992    .text.lv_obj_remove_event_cb:00000000 lv_obj_remove_event_cb
C:\Users\w1785\AppData\Local\Temp\cc9AtjlU.s:1108   .text.lv_obj_remove_event_cb_with_user_data:00000000 $t
C:\Users\w1785\AppData\Local\Temp\cc9AtjlU.s:1114   .text.lv_obj_remove_event_cb_with_user_data:00000000 lv_obj_remove_event_cb_with_user_data
C:\Users\w1785\AppData\Local\Temp\cc9AtjlU.s:1254   .text.lv_event_get_current_target_obj:00000000 $t
C:\Users\w1785\AppData\Local\Temp\cc9AtjlU.s:1260   .text.lv_event_get_current_target_obj:00000000 lv_event_get_current_target_obj
C:\Users\w1785\AppData\Local\Temp\cc9AtjlU.s:1283   .text.lv_event_get_target_obj:00000000 $t
C:\Users\w1785\AppData\Local\Temp\cc9AtjlU.s:1289   .text.lv_event_get_target_obj:00000000 lv_event_get_target_obj
C:\Users\w1785\AppData\Local\Temp\cc9AtjlU.s:1312   .text.lv_event_get_indev:00000000 $t
C:\Users\w1785\AppData\Local\Temp\cc9AtjlU.s:1318   .text.lv_event_get_indev:00000000 lv_event_get_indev
C:\Users\w1785\AppData\Local\Temp\cc9AtjlU.s:1372   .text.lv_event_get_indev:00000020 $d
C:\Users\w1785\AppData\Local\Temp\cc9AtjlU.s:1377   .text.lv_event_get_layer:00000000 $t
C:\Users\w1785\AppData\Local\Temp\cc9AtjlU.s:1383   .text.lv_event_get_layer:00000000 lv_event_get_layer
C:\Users\w1785\AppData\Local\Temp\cc9AtjlU.s:1432   .text.lv_event_get_old_size:00000000 $t
C:\Users\w1785\AppData\Local\Temp\cc9AtjlU.s:1438   .text.lv_event_get_old_size:00000000 lv_event_get_old_size
C:\Users\w1785\AppData\Local\Temp\cc9AtjlU.s:1475   .text.lv_event_get_key:00000000 $t
C:\Users\w1785\AppData\Local\Temp\cc9AtjlU.s:1481   .text.lv_event_get_key:00000000 lv_event_get_key
C:\Users\w1785\AppData\Local\Temp\cc9AtjlU.s:1534   .text.lv_event_get_rotary_diff:00000000 $t
C:\Users\w1785\AppData\Local\Temp\cc9AtjlU.s:1540   .text.lv_event_get_rotary_diff:00000000 lv_event_get_rotary_diff
C:\Users\w1785\AppData\Local\Temp\cc9AtjlU.s:1593   .text.lv_event_get_scroll_anim:00000000 $t
C:\Users\w1785\AppData\Local\Temp\cc9AtjlU.s:1599   .text.lv_event_get_scroll_anim:00000000 lv_event_get_scroll_anim
C:\Users\w1785\AppData\Local\Temp\cc9AtjlU.s:1636   .text.lv_event_set_ext_draw_size:00000000 $t
C:\Users\w1785\AppData\Local\Temp\cc9AtjlU.s:1642   .text.lv_event_set_ext_draw_size:00000000 lv_event_set_ext_draw_size
C:\Users\w1785\AppData\Local\Temp\cc9AtjlU.s:1688   .text.lv_event_get_self_size_info:00000000 $t
C:\Users\w1785\AppData\Local\Temp\cc9AtjlU.s:1694   .text.lv_event_get_self_size_info:00000000 lv_event_get_self_size_info
C:\Users\w1785\AppData\Local\Temp\cc9AtjlU.s:1731   .text.lv_event_get_hit_test_info:00000000 $t
C:\Users\w1785\AppData\Local\Temp\cc9AtjlU.s:1737   .text.lv_event_get_hit_test_info:00000000 lv_event_get_hit_test_info
C:\Users\w1785\AppData\Local\Temp\cc9AtjlU.s:1774   .text.lv_event_get_cover_area:00000000 $t
C:\Users\w1785\AppData\Local\Temp\cc9AtjlU.s:1780   .text.lv_event_get_cover_area:00000000 lv_event_get_cover_area
C:\Users\w1785\AppData\Local\Temp\cc9AtjlU.s:1823   .text.lv_event_set_cover_res:00000000 $t
C:\Users\w1785\AppData\Local\Temp\cc9AtjlU.s:1829   .text.lv_event_set_cover_res:00000000 lv_event_set_cover_res
C:\Users\w1785\AppData\Local\Temp\cc9AtjlU.s:1876   .text.lv_event_get_draw_task:00000000 $t
C:\Users\w1785\AppData\Local\Temp\cc9AtjlU.s:1882   .text.lv_event_get_draw_task:00000000 lv_event_get_draw_task
ARM GAS  C:\Users\w1785\AppData\Local\Temp\cc9AtjlU.s 			page 55


C:\Users\w1785\AppData\Local\Temp\cc9AtjlU.s:1919   .text.lv_event_get_prev_state:00000000 $t
C:\Users\w1785\AppData\Local\Temp\cc9AtjlU.s:1925   .text.lv_event_get_prev_state:00000000 lv_event_get_prev_state

UNDEFINED SYMBOLS
lv_obj_has_flag
lv_indev_active
lv_event_send
lv_obj_get_parent
lv_obj_get_child_count
lv_obj_get_child
lv_event_push
lv_event_pop
lv_obj_allocate_spec_attr
lv_event_add
lv_event_get_count
lv_event_get_dsc
lv_event_remove
lv_event_remove_dsc
lv_event_get_current_target
lv_event_get_target
lv_event_get_param
