ARM GAS  C:\Users\w1785\AppData\Local\Temp\ccRqOZjG.s 			page 1


   1              		.cpu cortex-m4
   2              		.arch armv7e-m
   3              		.fpu fpv4-sp-d16
   4              		.eabi_attribute 27, 1
   5              		.eabi_attribute 28, 1
   6              		.eabi_attribute 20, 1
   7              		.eabi_attribute 21, 1
   8              		.eabi_attribute 23, 3
   9              		.eabi_attribute 24, 1
  10              		.eabi_attribute 25, 1
  11              		.eabi_attribute 26, 1
  12              		.eabi_attribute 30, 1
  13              		.eabi_attribute 34, 1
  14              		.eabi_attribute 18, 4
  15              		.file	"lv_span.c"
  16              		.text
  17              	.Ltext0:
  18              		.cfi_sections	.debug_frame
  19              		.file 1 "Middlewares/LVGL/lvgl/src/widgets/span/lv_span.c"
  20              		.section	.text.lv_text_is_a_word,"ax",%progbits
  21              		.align	1
  22              		.syntax unified
  23              		.thumb
  24              		.thumb_func
  26              	lv_text_is_a_word:
  27              	.LVL0:
  28              	.LFB201:
  29              		.file 2 "Middlewares/LVGL/lvgl/src/widgets/span/../../misc/lv_text_private.h"
   1:Middlewares/LVGL/lvgl/src/widgets/span/../../misc/lv_text_private.h **** /**
   2:Middlewares/LVGL/lvgl/src/widgets/span/../../misc/lv_text_private.h ****  * @file lv_text_private.h
   3:Middlewares/LVGL/lvgl/src/widgets/span/../../misc/lv_text_private.h ****  *
   4:Middlewares/LVGL/lvgl/src/widgets/span/../../misc/lv_text_private.h ****  */
   5:Middlewares/LVGL/lvgl/src/widgets/span/../../misc/lv_text_private.h **** 
   6:Middlewares/LVGL/lvgl/src/widgets/span/../../misc/lv_text_private.h **** #ifndef LV_TEXT_PRIVATE_H
   7:Middlewares/LVGL/lvgl/src/widgets/span/../../misc/lv_text_private.h **** #define LV_TEXT_PRIVATE_H
   8:Middlewares/LVGL/lvgl/src/widgets/span/../../misc/lv_text_private.h **** 
   9:Middlewares/LVGL/lvgl/src/widgets/span/../../misc/lv_text_private.h **** #ifdef __cplusplus
  10:Middlewares/LVGL/lvgl/src/widgets/span/../../misc/lv_text_private.h **** extern "C" {
  11:Middlewares/LVGL/lvgl/src/widgets/span/../../misc/lv_text_private.h **** #endif
  12:Middlewares/LVGL/lvgl/src/widgets/span/../../misc/lv_text_private.h **** 
  13:Middlewares/LVGL/lvgl/src/widgets/span/../../misc/lv_text_private.h **** /*********************
  14:Middlewares/LVGL/lvgl/src/widgets/span/../../misc/lv_text_private.h ****  *      INCLUDES
  15:Middlewares/LVGL/lvgl/src/widgets/span/../../misc/lv_text_private.h ****  *********************/
  16:Middlewares/LVGL/lvgl/src/widgets/span/../../misc/lv_text_private.h **** 
  17:Middlewares/LVGL/lvgl/src/widgets/span/../../misc/lv_text_private.h **** #include "lv_text.h"
  18:Middlewares/LVGL/lvgl/src/widgets/span/../../misc/lv_text_private.h **** 
  19:Middlewares/LVGL/lvgl/src/widgets/span/../../misc/lv_text_private.h **** /*********************
  20:Middlewares/LVGL/lvgl/src/widgets/span/../../misc/lv_text_private.h ****  *      DEFINES
  21:Middlewares/LVGL/lvgl/src/widgets/span/../../misc/lv_text_private.h ****  *********************/
  22:Middlewares/LVGL/lvgl/src/widgets/span/../../misc/lv_text_private.h **** 
  23:Middlewares/LVGL/lvgl/src/widgets/span/../../misc/lv_text_private.h **** #ifndef LV_TXT_COLOR_CMD
  24:Middlewares/LVGL/lvgl/src/widgets/span/../../misc/lv_text_private.h **** #define LV_TXT_COLOR_CMD "#"
  25:Middlewares/LVGL/lvgl/src/widgets/span/../../misc/lv_text_private.h **** #endif
  26:Middlewares/LVGL/lvgl/src/widgets/span/../../misc/lv_text_private.h **** 
  27:Middlewares/LVGL/lvgl/src/widgets/span/../../misc/lv_text_private.h **** #define LV_TXT_ENC_UTF8 1
  28:Middlewares/LVGL/lvgl/src/widgets/span/../../misc/lv_text_private.h **** #define LV_TXT_ENC_ASCII 2
  29:Middlewares/LVGL/lvgl/src/widgets/span/../../misc/lv_text_private.h **** 
ARM GAS  C:\Users\w1785\AppData\Local\Temp\ccRqOZjG.s 			page 2


  30:Middlewares/LVGL/lvgl/src/widgets/span/../../misc/lv_text_private.h **** #define LV_TEXT_LEN_MAX UINT32_MAX
  31:Middlewares/LVGL/lvgl/src/widgets/span/../../misc/lv_text_private.h **** 
  32:Middlewares/LVGL/lvgl/src/widgets/span/../../misc/lv_text_private.h **** /**********************
  33:Middlewares/LVGL/lvgl/src/widgets/span/../../misc/lv_text_private.h ****  *      TYPEDEFS
  34:Middlewares/LVGL/lvgl/src/widgets/span/../../misc/lv_text_private.h ****  **********************/
  35:Middlewares/LVGL/lvgl/src/widgets/span/../../misc/lv_text_private.h **** 
  36:Middlewares/LVGL/lvgl/src/widgets/span/../../misc/lv_text_private.h **** /** State machine for text renderer. */
  37:Middlewares/LVGL/lvgl/src/widgets/span/../../misc/lv_text_private.h **** typedef enum {
  38:Middlewares/LVGL/lvgl/src/widgets/span/../../misc/lv_text_private.h ****     LV_TEXT_CMD_STATE_WAIT, /**< Waiting for command*/
  39:Middlewares/LVGL/lvgl/src/widgets/span/../../misc/lv_text_private.h ****     LV_TEXT_CMD_STATE_PAR,  /**< Processing the parameter*/
  40:Middlewares/LVGL/lvgl/src/widgets/span/../../misc/lv_text_private.h ****     LV_TEXT_CMD_STATE_IN,   /**< Processing the command*/
  41:Middlewares/LVGL/lvgl/src/widgets/span/../../misc/lv_text_private.h **** } lv_text_cmd_state_t;
  42:Middlewares/LVGL/lvgl/src/widgets/span/../../misc/lv_text_private.h **** 
  43:Middlewares/LVGL/lvgl/src/widgets/span/../../misc/lv_text_private.h **** typedef struct {
  44:Middlewares/LVGL/lvgl/src/widgets/span/../../misc/lv_text_private.h ****     int32_t letter_space;   /**< Letter space between letters*/
  45:Middlewares/LVGL/lvgl/src/widgets/span/../../misc/lv_text_private.h ****     int32_t line_space;     /**< Space between lines of text*/
  46:Middlewares/LVGL/lvgl/src/widgets/span/../../misc/lv_text_private.h ****     int32_t max_width;      /**< Max width of the text (break the lines to fit this size). Set COOR
  47:Middlewares/LVGL/lvgl/src/widgets/span/../../misc/lv_text_private.h ****     lv_text_flag_t text_flags;
  48:Middlewares/LVGL/lvgl/src/widgets/span/../../misc/lv_text_private.h **** } lv_text_attributes_t;
  49:Middlewares/LVGL/lvgl/src/widgets/span/../../misc/lv_text_private.h **** 
  50:Middlewares/LVGL/lvgl/src/widgets/span/../../misc/lv_text_private.h **** 
  51:Middlewares/LVGL/lvgl/src/widgets/span/../../misc/lv_text_private.h **** /**********************
  52:Middlewares/LVGL/lvgl/src/widgets/span/../../misc/lv_text_private.h ****  * GLOBAL PROTOTYPES
  53:Middlewares/LVGL/lvgl/src/widgets/span/../../misc/lv_text_private.h ****  **********************/
  54:Middlewares/LVGL/lvgl/src/widgets/span/../../misc/lv_text_private.h **** 
  55:Middlewares/LVGL/lvgl/src/widgets/span/../../misc/lv_text_private.h **** /**
  56:Middlewares/LVGL/lvgl/src/widgets/span/../../misc/lv_text_private.h ****  * Initialize the text attributes descriptor
  57:Middlewares/LVGL/lvgl/src/widgets/span/../../misc/lv_text_private.h ****  * @param attributes the text attributes descriptor to initialize
  58:Middlewares/LVGL/lvgl/src/widgets/span/../../misc/lv_text_private.h ****  */
  59:Middlewares/LVGL/lvgl/src/widgets/span/../../misc/lv_text_private.h **** void lv_text_attributes_init(lv_text_attributes_t * attributes);
  60:Middlewares/LVGL/lvgl/src/widgets/span/../../misc/lv_text_private.h **** 
  61:Middlewares/LVGL/lvgl/src/widgets/span/../../misc/lv_text_private.h **** /**
  62:Middlewares/LVGL/lvgl/src/widgets/span/../../misc/lv_text_private.h ****  * Get size of a text
  63:Middlewares/LVGL/lvgl/src/widgets/span/../../misc/lv_text_private.h ****  * @param size_res pointer to a 'point_t' variable to store the result
  64:Middlewares/LVGL/lvgl/src/widgets/span/../../misc/lv_text_private.h ****  * @param text pointer to a text
  65:Middlewares/LVGL/lvgl/src/widgets/span/../../misc/lv_text_private.h ****  * @param font pointer to font of the text
  66:Middlewares/LVGL/lvgl/src/widgets/span/../../misc/lv_text_private.h ****  * @param attributes the text attributes, flags for line break behaviour, spacing etc
  67:Middlewares/LVGL/lvgl/src/widgets/span/../../misc/lv_text_private.h ****  */
  68:Middlewares/LVGL/lvgl/src/widgets/span/../../misc/lv_text_private.h **** void lv_text_get_size_attributes(lv_point_t * size_res, const char * text, const lv_font_t * font,
  69:Middlewares/LVGL/lvgl/src/widgets/span/../../misc/lv_text_private.h ****                                  lv_text_attributes_t * attributes);
  70:Middlewares/LVGL/lvgl/src/widgets/span/../../misc/lv_text_private.h **** /**
  71:Middlewares/LVGL/lvgl/src/widgets/span/../../misc/lv_text_private.h ****  * Give the length of a text with a given font with text flags
  72:Middlewares/LVGL/lvgl/src/widgets/span/../../misc/lv_text_private.h ****  * @param txt a '\0' terminate string
  73:Middlewares/LVGL/lvgl/src/widgets/span/../../misc/lv_text_private.h ****  * @param length length of 'txt' in byte count and not characters (Á is 1 character but 2 bytes in
  74:Middlewares/LVGL/lvgl/src/widgets/span/../../misc/lv_text_private.h ****  * UTF-8)
  75:Middlewares/LVGL/lvgl/src/widgets/span/../../misc/lv_text_private.h ****  * @param font pointer to font of the text
  76:Middlewares/LVGL/lvgl/src/widgets/span/../../misc/lv_text_private.h ****  * @param attributes the text attributes, flags for line break behaviour, spacing etc
  77:Middlewares/LVGL/lvgl/src/widgets/span/../../misc/lv_text_private.h ****  * @return length of a char_num long text
  78:Middlewares/LVGL/lvgl/src/widgets/span/../../misc/lv_text_private.h ****  */
  79:Middlewares/LVGL/lvgl/src/widgets/span/../../misc/lv_text_private.h **** int32_t lv_text_get_width(const char * txt, uint32_t length, const lv_font_t * font,
  80:Middlewares/LVGL/lvgl/src/widgets/span/../../misc/lv_text_private.h ****                           const lv_text_attributes_t * attributes);
  81:Middlewares/LVGL/lvgl/src/widgets/span/../../misc/lv_text_private.h **** 
  82:Middlewares/LVGL/lvgl/src/widgets/span/../../misc/lv_text_private.h **** /**
  83:Middlewares/LVGL/lvgl/src/widgets/span/../../misc/lv_text_private.h ****  * Check if c is command state
  84:Middlewares/LVGL/lvgl/src/widgets/span/../../misc/lv_text_private.h ****  * @param state
  85:Middlewares/LVGL/lvgl/src/widgets/span/../../misc/lv_text_private.h ****  * @param c
  86:Middlewares/LVGL/lvgl/src/widgets/span/../../misc/lv_text_private.h ****  * @return True if c is state
ARM GAS  C:\Users\w1785\AppData\Local\Temp\ccRqOZjG.s 			page 3


  87:Middlewares/LVGL/lvgl/src/widgets/span/../../misc/lv_text_private.h ****  */
  88:Middlewares/LVGL/lvgl/src/widgets/span/../../misc/lv_text_private.h **** bool lv_text_is_cmd(lv_text_cmd_state_t * state, uint32_t c);
  89:Middlewares/LVGL/lvgl/src/widgets/span/../../misc/lv_text_private.h **** 
  90:Middlewares/LVGL/lvgl/src/widgets/span/../../misc/lv_text_private.h **** /**
  91:Middlewares/LVGL/lvgl/src/widgets/span/../../misc/lv_text_private.h ****  * Get the next line of text. Check line length and break chars too.
  92:Middlewares/LVGL/lvgl/src/widgets/span/../../misc/lv_text_private.h ****  * @param txt a '\0' terminated string
  93:Middlewares/LVGL/lvgl/src/widgets/span/../../misc/lv_text_private.h ****  * @param len length of 'txt' in bytes
  94:Middlewares/LVGL/lvgl/src/widgets/span/../../misc/lv_text_private.h ****  * @param font pointer to a font
  95:Middlewares/LVGL/lvgl/src/widgets/span/../../misc/lv_text_private.h ****  * @param used_width When used_width != NULL, save the width of this line if
  96:Middlewares/LVGL/lvgl/src/widgets/span/../../misc/lv_text_private.h ****  * flag == LV_TEXT_FLAG_NONE, otherwise save -1.
  97:Middlewares/LVGL/lvgl/src/widgets/span/../../misc/lv_text_private.h ****  * @param attributes text attributes, flags to control line break behaviour, spacing etc
  98:Middlewares/LVGL/lvgl/src/widgets/span/../../misc/lv_text_private.h ****  * @return the index of the first char of the new line
  99:Middlewares/LVGL/lvgl/src/widgets/span/../../misc/lv_text_private.h ****  *         (in byte index not letter index. With UTF-8  they are different)
 100:Middlewares/LVGL/lvgl/src/widgets/span/../../misc/lv_text_private.h ****  */
 101:Middlewares/LVGL/lvgl/src/widgets/span/../../misc/lv_text_private.h **** uint32_t lv_text_get_next_line(const char * txt, uint32_t len, const lv_font_t * font, int32_t * us
 102:Middlewares/LVGL/lvgl/src/widgets/span/../../misc/lv_text_private.h ****                                lv_text_attributes_t * attributes);
 103:Middlewares/LVGL/lvgl/src/widgets/span/../../misc/lv_text_private.h **** 
 104:Middlewares/LVGL/lvgl/src/widgets/span/../../misc/lv_text_private.h **** /**
 105:Middlewares/LVGL/lvgl/src/widgets/span/../../misc/lv_text_private.h ****  * Insert a string into another
 106:Middlewares/LVGL/lvgl/src/widgets/span/../../misc/lv_text_private.h ****  * @param txt_buf the original text (must be big enough for the result text and NULL terminated)
 107:Middlewares/LVGL/lvgl/src/widgets/span/../../misc/lv_text_private.h ****  * @param pos position to insert (0: before the original text, 1: after the first char etc.)
 108:Middlewares/LVGL/lvgl/src/widgets/span/../../misc/lv_text_private.h ****  * @param ins_txt text to insert, must be '\0' terminated
 109:Middlewares/LVGL/lvgl/src/widgets/span/../../misc/lv_text_private.h ****  */
 110:Middlewares/LVGL/lvgl/src/widgets/span/../../misc/lv_text_private.h **** void lv_text_ins(char * txt_buf, uint32_t pos, const char * ins_txt);
 111:Middlewares/LVGL/lvgl/src/widgets/span/../../misc/lv_text_private.h **** 
 112:Middlewares/LVGL/lvgl/src/widgets/span/../../misc/lv_text_private.h **** /**
 113:Middlewares/LVGL/lvgl/src/widgets/span/../../misc/lv_text_private.h ****  * Delete a part of a string
 114:Middlewares/LVGL/lvgl/src/widgets/span/../../misc/lv_text_private.h ****  * @param txt string to modify, must be '\0' terminated and should point to a heap or stack frame, 
 115:Middlewares/LVGL/lvgl/src/widgets/span/../../misc/lv_text_private.h ****  * @param pos position where to start the deleting (0: before the first char, 1: after the first
 116:Middlewares/LVGL/lvgl/src/widgets/span/../../misc/lv_text_private.h ****  * char etc.)
 117:Middlewares/LVGL/lvgl/src/widgets/span/../../misc/lv_text_private.h ****  * @param len number of characters to delete
 118:Middlewares/LVGL/lvgl/src/widgets/span/../../misc/lv_text_private.h ****  */
 119:Middlewares/LVGL/lvgl/src/widgets/span/../../misc/lv_text_private.h **** void lv_text_cut(char * txt, uint32_t pos, uint32_t len);
 120:Middlewares/LVGL/lvgl/src/widgets/span/../../misc/lv_text_private.h **** 
 121:Middlewares/LVGL/lvgl/src/widgets/span/../../misc/lv_text_private.h **** /**
 122:Middlewares/LVGL/lvgl/src/widgets/span/../../misc/lv_text_private.h ****  * Return a new formatted text. Memory will be allocated to store the text.
 123:Middlewares/LVGL/lvgl/src/widgets/span/../../misc/lv_text_private.h ****  * @param fmt `printf`-like format
 124:Middlewares/LVGL/lvgl/src/widgets/span/../../misc/lv_text_private.h ****  * @param ap items to print
 125:Middlewares/LVGL/lvgl/src/widgets/span/../../misc/lv_text_private.h **** 
 126:Middlewares/LVGL/lvgl/src/widgets/span/../../misc/lv_text_private.h ****  * @return pointer to the allocated text string.
 127:Middlewares/LVGL/lvgl/src/widgets/span/../../misc/lv_text_private.h ****  */
 128:Middlewares/LVGL/lvgl/src/widgets/span/../../misc/lv_text_private.h **** char * lv_text_set_text_vfmt(const char * fmt, va_list ap) LV_FORMAT_ATTRIBUTE(1, 0);
 129:Middlewares/LVGL/lvgl/src/widgets/span/../../misc/lv_text_private.h **** 
 130:Middlewares/LVGL/lvgl/src/widgets/span/../../misc/lv_text_private.h **** /**
 131:Middlewares/LVGL/lvgl/src/widgets/span/../../misc/lv_text_private.h ****  * Decode two encoded character from a string.
 132:Middlewares/LVGL/lvgl/src/widgets/span/../../misc/lv_text_private.h ****  * @param txt pointer to '\0' terminated string
 133:Middlewares/LVGL/lvgl/src/widgets/span/../../misc/lv_text_private.h ****  * @param letter the first decoded Unicode character or 0 on invalid data code
 134:Middlewares/LVGL/lvgl/src/widgets/span/../../misc/lv_text_private.h ****  * @param letter_next the second decoded Unicode character or 0 on invalid data code
 135:Middlewares/LVGL/lvgl/src/widgets/span/../../misc/lv_text_private.h ****  * @param ofs start index in 'txt' where to start.
 136:Middlewares/LVGL/lvgl/src/widgets/span/../../misc/lv_text_private.h ****  *                After the call it will point to the next encoded char in 'txt'.
 137:Middlewares/LVGL/lvgl/src/widgets/span/../../misc/lv_text_private.h ****  *                NULL to use txt[0] as index
 138:Middlewares/LVGL/lvgl/src/widgets/span/../../misc/lv_text_private.h ****  */
 139:Middlewares/LVGL/lvgl/src/widgets/span/../../misc/lv_text_private.h **** void lv_text_encoded_letter_next_2(const char * txt, uint32_t * letter, uint32_t * letter_next, uin
 140:Middlewares/LVGL/lvgl/src/widgets/span/../../misc/lv_text_private.h **** 
 141:Middlewares/LVGL/lvgl/src/widgets/span/../../misc/lv_text_private.h **** /**
 142:Middlewares/LVGL/lvgl/src/widgets/span/../../misc/lv_text_private.h ****  * Test if char is break char or not (a text can broken here or not)
 143:Middlewares/LVGL/lvgl/src/widgets/span/../../misc/lv_text_private.h ****  * @param letter a letter
ARM GAS  C:\Users\w1785\AppData\Local\Temp\ccRqOZjG.s 			page 4


 144:Middlewares/LVGL/lvgl/src/widgets/span/../../misc/lv_text_private.h ****  * @return false: 'letter' is not break char
 145:Middlewares/LVGL/lvgl/src/widgets/span/../../misc/lv_text_private.h ****  */
 146:Middlewares/LVGL/lvgl/src/widgets/span/../../misc/lv_text_private.h **** static inline bool lv_text_is_break_char(uint32_t letter)
 147:Middlewares/LVGL/lvgl/src/widgets/span/../../misc/lv_text_private.h **** {
 148:Middlewares/LVGL/lvgl/src/widgets/span/../../misc/lv_text_private.h ****     uint8_t i;
 149:Middlewares/LVGL/lvgl/src/widgets/span/../../misc/lv_text_private.h ****     bool ret = false;
 150:Middlewares/LVGL/lvgl/src/widgets/span/../../misc/lv_text_private.h **** 
 151:Middlewares/LVGL/lvgl/src/widgets/span/../../misc/lv_text_private.h ****     /*Compare the letter to TXT_BREAK_CHARS*/
 152:Middlewares/LVGL/lvgl/src/widgets/span/../../misc/lv_text_private.h ****     for(i = 0; LV_TXT_BREAK_CHARS[i] != '\0'; i++) {
 153:Middlewares/LVGL/lvgl/src/widgets/span/../../misc/lv_text_private.h ****         if(letter == (uint32_t)LV_TXT_BREAK_CHARS[i]) {
 154:Middlewares/LVGL/lvgl/src/widgets/span/../../misc/lv_text_private.h ****             ret = true; /*If match then it is break char*/
 155:Middlewares/LVGL/lvgl/src/widgets/span/../../misc/lv_text_private.h ****             break;
 156:Middlewares/LVGL/lvgl/src/widgets/span/../../misc/lv_text_private.h ****         }
 157:Middlewares/LVGL/lvgl/src/widgets/span/../../misc/lv_text_private.h ****     }
 158:Middlewares/LVGL/lvgl/src/widgets/span/../../misc/lv_text_private.h **** 
 159:Middlewares/LVGL/lvgl/src/widgets/span/../../misc/lv_text_private.h ****     return ret;
 160:Middlewares/LVGL/lvgl/src/widgets/span/../../misc/lv_text_private.h **** }
 161:Middlewares/LVGL/lvgl/src/widgets/span/../../misc/lv_text_private.h **** 
 162:Middlewares/LVGL/lvgl/src/widgets/span/../../misc/lv_text_private.h **** /**
 163:Middlewares/LVGL/lvgl/src/widgets/span/../../misc/lv_text_private.h ****  * Test if char is break char or not (a text can broken here or not)
 164:Middlewares/LVGL/lvgl/src/widgets/span/../../misc/lv_text_private.h ****  * @param letter a letter
 165:Middlewares/LVGL/lvgl/src/widgets/span/../../misc/lv_text_private.h ****  * @return false: 'letter' is not break char
 166:Middlewares/LVGL/lvgl/src/widgets/span/../../misc/lv_text_private.h ****  */
 167:Middlewares/LVGL/lvgl/src/widgets/span/../../misc/lv_text_private.h **** static inline bool lv_text_is_a_word(uint32_t letter)
 168:Middlewares/LVGL/lvgl/src/widgets/span/../../misc/lv_text_private.h **** {
  30              		.loc 2 168 1 view -0
  31              		.cfi_startproc
  32              		@ args = 0, pretend = 0, frame = 0
  33              		@ frame_needed = 0, uses_anonymous_args = 0
  34              		@ link register save eliminated.
 169:Middlewares/LVGL/lvgl/src/widgets/span/../../misc/lv_text_private.h ****     /*Cheap check on invalid letter*/
 170:Middlewares/LVGL/lvgl/src/widgets/span/../../misc/lv_text_private.h ****     if(letter == 0) return false;
  35              		.loc 2 170 5 view .LVU1
  36              		.loc 2 170 7 is_stmt 0 view .LVU2
  37 0000 30B3     		cbz	r0, .L3
 171:Middlewares/LVGL/lvgl/src/widgets/span/../../misc/lv_text_private.h **** 
 172:Middlewares/LVGL/lvgl/src/widgets/span/../../misc/lv_text_private.h ****     /*CJK Unified Ideographs*/
 173:Middlewares/LVGL/lvgl/src/widgets/span/../../misc/lv_text_private.h ****     if(letter >= 0x4E00 && letter <= 0x9FFF) {
  38              		.loc 2 173 5 is_stmt 1 view .LVU3
  39              		.loc 2 173 25 is_stmt 0 view .LVU4
  40 0002 A0F59C42 		sub	r2, r0, #19968
  41              		.loc 2 173 7 view .LVU5
  42 0006 B2F5A44F 		cmp	r2, #20992
  43 000a 23D3     		bcc	.L4
 174:Middlewares/LVGL/lvgl/src/widgets/span/../../misc/lv_text_private.h ****         return true;
 175:Middlewares/LVGL/lvgl/src/widgets/span/../../misc/lv_text_private.h ****     }
 176:Middlewares/LVGL/lvgl/src/widgets/span/../../misc/lv_text_private.h **** 
 177:Middlewares/LVGL/lvgl/src/widgets/span/../../misc/lv_text_private.h ****     /*Fullwidth ASCII variants*/
 178:Middlewares/LVGL/lvgl/src/widgets/span/../../misc/lv_text_private.h ****     if(letter >= 0xFF01 && letter <= 0xFF5E) {
  44              		.loc 2 178 5 is_stmt 1 view .LVU6
  45              		.loc 2 178 25 is_stmt 0 view .LVU7
  46 000c 00F17F42 		add	r2, r0, #-16777216
  47 0010 02F1FF12 		add	r2, r2, #16711935
  48              		.loc 2 178 7 view .LVU8
  49 0014 5D2A     		cmp	r2, #93
  50 0016 1FD9     		bls	.L5
 179:Middlewares/LVGL/lvgl/src/widgets/span/../../misc/lv_text_private.h ****         return true;
ARM GAS  C:\Users\w1785\AppData\Local\Temp\ccRqOZjG.s 			page 5


 180:Middlewares/LVGL/lvgl/src/widgets/span/../../misc/lv_text_private.h ****     }
 181:Middlewares/LVGL/lvgl/src/widgets/span/../../misc/lv_text_private.h **** 
 182:Middlewares/LVGL/lvgl/src/widgets/span/../../misc/lv_text_private.h ****     /*CJK symbols and punctuation*/
 183:Middlewares/LVGL/lvgl/src/widgets/span/../../misc/lv_text_private.h ****     if(letter >= 0x3000 && letter <= 0x303F) {
  51              		.loc 2 183 5 is_stmt 1 view .LVU9
  52              		.loc 2 183 25 is_stmt 0 view .LVU10
  53 0018 A0F54052 		sub	r2, r0, #12288
  54              		.loc 2 183 7 view .LVU11
  55 001c 3F2A     		cmp	r2, #63
  56 001e 1DD9     		bls	.L6
 184:Middlewares/LVGL/lvgl/src/widgets/span/../../misc/lv_text_private.h ****         return true;
 185:Middlewares/LVGL/lvgl/src/widgets/span/../../misc/lv_text_private.h ****     }
 186:Middlewares/LVGL/lvgl/src/widgets/span/../../misc/lv_text_private.h **** 
 187:Middlewares/LVGL/lvgl/src/widgets/span/../../misc/lv_text_private.h ****     /*CJK Radicals Supplement*/
 188:Middlewares/LVGL/lvgl/src/widgets/span/../../misc/lv_text_private.h ****     if(letter >= 0x2E80 && letter <= 0x2EFF) {
  57              		.loc 2 188 5 is_stmt 1 view .LVU12
  58              		.loc 2 188 25 is_stmt 0 view .LVU13
  59 0020 A0F53A52 		sub	r2, r0, #11904
  60              		.loc 2 188 7 view .LVU14
  61 0024 7F2A     		cmp	r2, #127
  62 0026 1BD9     		bls	.L7
 189:Middlewares/LVGL/lvgl/src/widgets/span/../../misc/lv_text_private.h ****         return true;
 190:Middlewares/LVGL/lvgl/src/widgets/span/../../misc/lv_text_private.h ****     }
 191:Middlewares/LVGL/lvgl/src/widgets/span/../../misc/lv_text_private.h **** 
 192:Middlewares/LVGL/lvgl/src/widgets/span/../../misc/lv_text_private.h ****     /*CJK Strokes*/
 193:Middlewares/LVGL/lvgl/src/widgets/span/../../misc/lv_text_private.h ****     if(letter >= 0x31C0 && letter <= 0x31EF) {
  63              		.loc 2 193 5 is_stmt 1 view .LVU15
  64              		.loc 2 193 25 is_stmt 0 view .LVU16
  65 0028 A0F54752 		sub	r2, r0, #12736
  66              		.loc 2 193 7 view .LVU17
  67 002c 2F2A     		cmp	r2, #47
  68 002e 19D9     		bls	.L8
 194:Middlewares/LVGL/lvgl/src/widgets/span/../../misc/lv_text_private.h ****         return true;
 195:Middlewares/LVGL/lvgl/src/widgets/span/../../misc/lv_text_private.h ****     }
 196:Middlewares/LVGL/lvgl/src/widgets/span/../../misc/lv_text_private.h **** 
 197:Middlewares/LVGL/lvgl/src/widgets/span/../../misc/lv_text_private.h ****     /*Hiragana and Katakana*/
 198:Middlewares/LVGL/lvgl/src/widgets/span/../../misc/lv_text_private.h ****     if(letter >= 0x3040 && letter <= 0x30FF) {
  69              		.loc 2 198 5 is_stmt 1 view .LVU18
  70              		.loc 2 198 25 is_stmt 0 view .LVU19
  71 0030 A0F54152 		sub	r2, r0, #12352
  72              		.loc 2 198 7 view .LVU20
  73 0034 BF2A     		cmp	r2, #191
  74 0036 17D9     		bls	.L9
 199:Middlewares/LVGL/lvgl/src/widgets/span/../../misc/lv_text_private.h ****         return true;
 200:Middlewares/LVGL/lvgl/src/widgets/span/../../misc/lv_text_private.h ****     }
 201:Middlewares/LVGL/lvgl/src/widgets/span/../../misc/lv_text_private.h **** 
 202:Middlewares/LVGL/lvgl/src/widgets/span/../../misc/lv_text_private.h ****     /*Chinese Vertical Forms*/
 203:Middlewares/LVGL/lvgl/src/widgets/span/../../misc/lv_text_private.h ****     if(letter >= 0xFE10 && letter <= 0xFE1F) {
  75              		.loc 2 203 5 is_stmt 1 view .LVU21
  76              		.loc 2 203 25 is_stmt 0 view .LVU22
  77 0038 A0F57E42 		sub	r2, r0, #65024
  78 003c 103A     		subs	r2, r2, #16
  79              		.loc 2 203 7 view .LVU23
  80 003e 0F2A     		cmp	r2, #15
  81 0040 14D9     		bls	.L10
 204:Middlewares/LVGL/lvgl/src/widgets/span/../../misc/lv_text_private.h ****         return true;
 205:Middlewares/LVGL/lvgl/src/widgets/span/../../misc/lv_text_private.h ****     }
ARM GAS  C:\Users\w1785\AppData\Local\Temp\ccRqOZjG.s 			page 6


 206:Middlewares/LVGL/lvgl/src/widgets/span/../../misc/lv_text_private.h **** 
 207:Middlewares/LVGL/lvgl/src/widgets/span/../../misc/lv_text_private.h ****     /*CJK Compatibility Forms*/
 208:Middlewares/LVGL/lvgl/src/widgets/span/../../misc/lv_text_private.h ****     if(letter >= 0xFE30 && letter <= 0xFE4F) {
  82              		.loc 2 208 5 is_stmt 1 view .LVU24
  83              		.loc 2 208 25 is_stmt 0 view .LVU25
  84 0042 A0F57E43 		sub	r3, r0, #65024
  85 0046 303B     		subs	r3, r3, #48
  86              		.loc 2 208 7 view .LVU26
  87 0048 1F2B     		cmp	r3, #31
  88 004a 11D9     		bls	.L11
 209:Middlewares/LVGL/lvgl/src/widgets/span/../../misc/lv_text_private.h ****         return true;
 210:Middlewares/LVGL/lvgl/src/widgets/span/../../misc/lv_text_private.h ****     }
 211:Middlewares/LVGL/lvgl/src/widgets/span/../../misc/lv_text_private.h **** 
 212:Middlewares/LVGL/lvgl/src/widgets/span/../../misc/lv_text_private.h ****     return false;
  89              		.loc 2 212 12 view .LVU27
  90 004c 0020     		movs	r0, #0
  91              	.LVL1:
  92              		.loc 2 212 12 view .LVU28
  93 004e 7047     		bx	lr
  94              	.LVL2:
  95              	.L3:
 170:Middlewares/LVGL/lvgl/src/widgets/span/../../misc/lv_text_private.h **** 
  96              		.loc 2 170 28 discriminator 1 view .LVU29
  97 0050 0020     		movs	r0, #0
  98              	.LVL3:
 170:Middlewares/LVGL/lvgl/src/widgets/span/../../misc/lv_text_private.h **** 
  99              		.loc 2 170 28 discriminator 1 view .LVU30
 100 0052 7047     		bx	lr
 101              	.LVL4:
 102              	.L4:
 174:Middlewares/LVGL/lvgl/src/widgets/span/../../misc/lv_text_private.h ****     }
 103              		.loc 2 174 16 view .LVU31
 104 0054 0120     		movs	r0, #1
 105              	.LVL5:
 174:Middlewares/LVGL/lvgl/src/widgets/span/../../misc/lv_text_private.h ****     }
 106              		.loc 2 174 16 view .LVU32
 107 0056 7047     		bx	lr
 108              	.LVL6:
 109              	.L5:
 179:Middlewares/LVGL/lvgl/src/widgets/span/../../misc/lv_text_private.h ****     }
 110              		.loc 2 179 16 view .LVU33
 111 0058 0120     		movs	r0, #1
 112              	.LVL7:
 179:Middlewares/LVGL/lvgl/src/widgets/span/../../misc/lv_text_private.h ****     }
 113              		.loc 2 179 16 view .LVU34
 114 005a 7047     		bx	lr
 115              	.LVL8:
 116              	.L6:
 184:Middlewares/LVGL/lvgl/src/widgets/span/../../misc/lv_text_private.h ****     }
 117              		.loc 2 184 16 view .LVU35
 118 005c 0120     		movs	r0, #1
 119              	.LVL9:
 184:Middlewares/LVGL/lvgl/src/widgets/span/../../misc/lv_text_private.h ****     }
 120              		.loc 2 184 16 view .LVU36
 121 005e 7047     		bx	lr
 122              	.LVL10:
 123              	.L7:
ARM GAS  C:\Users\w1785\AppData\Local\Temp\ccRqOZjG.s 			page 7


 189:Middlewares/LVGL/lvgl/src/widgets/span/../../misc/lv_text_private.h ****     }
 124              		.loc 2 189 16 view .LVU37
 125 0060 0120     		movs	r0, #1
 126              	.LVL11:
 189:Middlewares/LVGL/lvgl/src/widgets/span/../../misc/lv_text_private.h ****     }
 127              		.loc 2 189 16 view .LVU38
 128 0062 7047     		bx	lr
 129              	.LVL12:
 130              	.L8:
 194:Middlewares/LVGL/lvgl/src/widgets/span/../../misc/lv_text_private.h ****     }
 131              		.loc 2 194 16 view .LVU39
 132 0064 0120     		movs	r0, #1
 133              	.LVL13:
 194:Middlewares/LVGL/lvgl/src/widgets/span/../../misc/lv_text_private.h ****     }
 134              		.loc 2 194 16 view .LVU40
 135 0066 7047     		bx	lr
 136              	.LVL14:
 137              	.L9:
 199:Middlewares/LVGL/lvgl/src/widgets/span/../../misc/lv_text_private.h ****     }
 138              		.loc 2 199 16 view .LVU41
 139 0068 0120     		movs	r0, #1
 140              	.LVL15:
 199:Middlewares/LVGL/lvgl/src/widgets/span/../../misc/lv_text_private.h ****     }
 141              		.loc 2 199 16 view .LVU42
 142 006a 7047     		bx	lr
 143              	.LVL16:
 144              	.L10:
 204:Middlewares/LVGL/lvgl/src/widgets/span/../../misc/lv_text_private.h ****     }
 145              		.loc 2 204 16 view .LVU43
 146 006c 0120     		movs	r0, #1
 147              	.LVL17:
 204:Middlewares/LVGL/lvgl/src/widgets/span/../../misc/lv_text_private.h ****     }
 148              		.loc 2 204 16 view .LVU44
 149 006e 7047     		bx	lr
 150              	.LVL18:
 151              	.L11:
 209:Middlewares/LVGL/lvgl/src/widgets/span/../../misc/lv_text_private.h ****     }
 152              		.loc 2 209 16 view .LVU45
 153 0070 0120     		movs	r0, #1
 154              	.LVL19:
 213:Middlewares/LVGL/lvgl/src/widgets/span/../../misc/lv_text_private.h **** }
 155              		.loc 2 213 1 view .LVU46
 156 0072 7047     		bx	lr
 157              		.cfi_endproc
 158              	.LFE201:
 160              		.section	.text.lv_get_snippet_count,"ax",%progbits
 161              		.align	1
 162              		.syntax unified
 163              		.thumb
 164              		.thumb_func
 166              	lv_get_snippet_count:
 167              	.LFB242:
   1:Middlewares/LVGL/lvgl/src/widgets/span/lv_span.c **** /**
   2:Middlewares/LVGL/lvgl/src/widgets/span/lv_span.c ****  * @file lv_span.c
   3:Middlewares/LVGL/lvgl/src/widgets/span/lv_span.c ****  *
   4:Middlewares/LVGL/lvgl/src/widgets/span/lv_span.c ****  */
   5:Middlewares/LVGL/lvgl/src/widgets/span/lv_span.c **** 
ARM GAS  C:\Users\w1785\AppData\Local\Temp\ccRqOZjG.s 			page 8


   6:Middlewares/LVGL/lvgl/src/widgets/span/lv_span.c **** /*********************
   7:Middlewares/LVGL/lvgl/src/widgets/span/lv_span.c ****  *      INCLUDES
   8:Middlewares/LVGL/lvgl/src/widgets/span/lv_span.c ****  *********************/
   9:Middlewares/LVGL/lvgl/src/widgets/span/lv_span.c **** #include "lv_span_private.h"
  10:Middlewares/LVGL/lvgl/src/widgets/span/lv_span.c **** #include "../../misc/lv_area_private.h"
  11:Middlewares/LVGL/lvgl/src/widgets/span/lv_span.c **** #include "../../draw/lv_draw_private.h"
  12:Middlewares/LVGL/lvgl/src/widgets/span/lv_span.c **** #include "../../core/lv_obj_class_private.h"
  13:Middlewares/LVGL/lvgl/src/widgets/span/lv_span.c **** 
  14:Middlewares/LVGL/lvgl/src/widgets/span/lv_span.c **** #if LV_USE_SPAN != 0
  15:Middlewares/LVGL/lvgl/src/widgets/span/lv_span.c **** 
  16:Middlewares/LVGL/lvgl/src/widgets/span/lv_span.c **** #include "../../misc/lv_assert.h"
  17:Middlewares/LVGL/lvgl/src/widgets/span/lv_span.c **** #include "../../misc/lv_text_private.h"
  18:Middlewares/LVGL/lvgl/src/widgets/span/lv_span.c **** #include "../../misc/lv_bidi_private.h"
  19:Middlewares/LVGL/lvgl/src/widgets/span/lv_span.c **** #include "../../core/lv_observer_private.h"
  20:Middlewares/LVGL/lvgl/src/widgets/span/lv_span.c **** #include "../../misc/lv_text_ap.h"
  21:Middlewares/LVGL/lvgl/src/widgets/span/lv_span.c **** #include "../../core/lv_global.h"
  22:Middlewares/LVGL/lvgl/src/widgets/span/lv_span.c **** 
  23:Middlewares/LVGL/lvgl/src/widgets/span/lv_span.c **** /*********************
  24:Middlewares/LVGL/lvgl/src/widgets/span/lv_span.c ****  *      DEFINES
  25:Middlewares/LVGL/lvgl/src/widgets/span/lv_span.c ****  *********************/
  26:Middlewares/LVGL/lvgl/src/widgets/span/lv_span.c **** #define MY_CLASS (&lv_spangroup_class)
  27:Middlewares/LVGL/lvgl/src/widgets/span/lv_span.c **** #define snippet_stack LV_GLOBAL_DEFAULT()->span_snippet_stack
  28:Middlewares/LVGL/lvgl/src/widgets/span/lv_span.c **** 
  29:Middlewares/LVGL/lvgl/src/widgets/span/lv_span.c **** /**********************
  30:Middlewares/LVGL/lvgl/src/widgets/span/lv_span.c ****  *      TYPEDEFS
  31:Middlewares/LVGL/lvgl/src/widgets/span/lv_span.c ****  **********************/
  32:Middlewares/LVGL/lvgl/src/widgets/span/lv_span.c **** typedef struct {
  33:Middlewares/LVGL/lvgl/src/widgets/span/lv_span.c ****     lv_span_t * span;
  34:Middlewares/LVGL/lvgl/src/widgets/span/lv_span.c ****     const char * txt;
  35:Middlewares/LVGL/lvgl/src/widgets/span/lv_span.c ****     const lv_font_t * font;
  36:Middlewares/LVGL/lvgl/src/widgets/span/lv_span.c ****     uint32_t   bytes;
  37:Middlewares/LVGL/lvgl/src/widgets/span/lv_span.c ****     int32_t txt_w;
  38:Middlewares/LVGL/lvgl/src/widgets/span/lv_span.c ****     int32_t line_h;
  39:Middlewares/LVGL/lvgl/src/widgets/span/lv_span.c ****     int32_t letter_space;
  40:Middlewares/LVGL/lvgl/src/widgets/span/lv_span.c **** } lv_snippet_t;
  41:Middlewares/LVGL/lvgl/src/widgets/span/lv_span.c **** 
  42:Middlewares/LVGL/lvgl/src/widgets/span/lv_span.c **** struct _snippet_stack {
  43:Middlewares/LVGL/lvgl/src/widgets/span/lv_span.c ****     lv_snippet_t    stack[LV_SPAN_SNIPPET_STACK_SIZE];
  44:Middlewares/LVGL/lvgl/src/widgets/span/lv_span.c ****     uint32_t        index;
  45:Middlewares/LVGL/lvgl/src/widgets/span/lv_span.c **** };
  46:Middlewares/LVGL/lvgl/src/widgets/span/lv_span.c **** 
  47:Middlewares/LVGL/lvgl/src/widgets/span/lv_span.c **** #if LV_USE_OBSERVER
  48:Middlewares/LVGL/lvgl/src/widgets/span/lv_span.c **** typedef struct {
  49:Middlewares/LVGL/lvgl/src/widgets/span/lv_span.c ****     lv_subject_t * subject;
  50:Middlewares/LVGL/lvgl/src/widgets/span/lv_span.c ****     void * element; /**< span of a span group*/
  51:Middlewares/LVGL/lvgl/src/widgets/span/lv_span.c ****     const char * fmt;
  52:Middlewares/LVGL/lvgl/src/widgets/span/lv_span.c **** } bind_element_string_t;
  53:Middlewares/LVGL/lvgl/src/widgets/span/lv_span.c **** #endif
  54:Middlewares/LVGL/lvgl/src/widgets/span/lv_span.c **** 
  55:Middlewares/LVGL/lvgl/src/widgets/span/lv_span.c **** /**********************
  56:Middlewares/LVGL/lvgl/src/widgets/span/lv_span.c ****  *  STATIC PROTOTYPES
  57:Middlewares/LVGL/lvgl/src/widgets/span/lv_span.c ****  **********************/
  58:Middlewares/LVGL/lvgl/src/widgets/span/lv_span.c **** static void lv_spangroup_destructor(const lv_obj_class_t * class_p, lv_obj_t * obj);
  59:Middlewares/LVGL/lvgl/src/widgets/span/lv_span.c **** static void lv_spangroup_constructor(const lv_obj_class_t * class_p, lv_obj_t * obj);
  60:Middlewares/LVGL/lvgl/src/widgets/span/lv_span.c **** static void lv_spangroup_event(const lv_obj_class_t * class_p, lv_event_t * e);
  61:Middlewares/LVGL/lvgl/src/widgets/span/lv_span.c **** static void draw_main(lv_event_t * e);
  62:Middlewares/LVGL/lvgl/src/widgets/span/lv_span.c **** 
ARM GAS  C:\Users\w1785\AppData\Local\Temp\ccRqOZjG.s 			page 9


  63:Middlewares/LVGL/lvgl/src/widgets/span/lv_span.c **** static const lv_font_t * lv_span_get_style_text_font(lv_obj_t * par, lv_span_t * span);
  64:Middlewares/LVGL/lvgl/src/widgets/span/lv_span.c **** static int32_t lv_span_get_style_text_letter_space(lv_obj_t * par, lv_span_t * span);
  65:Middlewares/LVGL/lvgl/src/widgets/span/lv_span.c **** static lv_color_t lv_span_get_style_text_color(lv_obj_t * par, lv_span_t * span);
  66:Middlewares/LVGL/lvgl/src/widgets/span/lv_span.c **** static lv_opa_t lv_span_get_style_text_opa(lv_obj_t * par, lv_span_t * span);
  67:Middlewares/LVGL/lvgl/src/widgets/span/lv_span.c **** static int32_t lv_span_get_style_text_decor(lv_obj_t * par, lv_span_t * span);
  68:Middlewares/LVGL/lvgl/src/widgets/span/lv_span.c **** 
  69:Middlewares/LVGL/lvgl/src/widgets/span/lv_span.c **** static inline void span_text_check(const char ** text);
  70:Middlewares/LVGL/lvgl/src/widgets/span/lv_span.c **** static void lv_draw_span(lv_obj_t * obj, lv_layer_t * layer);
  71:Middlewares/LVGL/lvgl/src/widgets/span/lv_span.c **** static bool lv_text_get_snippet(const char * txt, const lv_font_t * font, int32_t letter_space,
  72:Middlewares/LVGL/lvgl/src/widgets/span/lv_span.c ****                                 int32_t max_width, lv_text_flag_t flag, int32_t * use_width,
  73:Middlewares/LVGL/lvgl/src/widgets/span/lv_span.c ****                                 uint32_t * end_ofs);
  74:Middlewares/LVGL/lvgl/src/widgets/span/lv_span.c **** 
  75:Middlewares/LVGL/lvgl/src/widgets/span/lv_span.c **** static void lv_snippet_clear(void);
  76:Middlewares/LVGL/lvgl/src/widgets/span/lv_span.c **** static uint32_t lv_get_snippet_count(void);
  77:Middlewares/LVGL/lvgl/src/widgets/span/lv_span.c **** static void lv_snippet_push(lv_snippet_t * item);
  78:Middlewares/LVGL/lvgl/src/widgets/span/lv_span.c **** static lv_snippet_t * lv_get_snippet(uint32_t index);
  79:Middlewares/LVGL/lvgl/src/widgets/span/lv_span.c **** static int32_t convert_indent_pct(lv_obj_t * spans, int32_t width);
  80:Middlewares/LVGL/lvgl/src/widgets/span/lv_span.c **** 
  81:Middlewares/LVGL/lvgl/src/widgets/span/lv_span.c **** static lv_span_coords_t make_span_coords(const lv_span_t * prev_span, const lv_span_t * curr_span, 
  82:Middlewares/LVGL/lvgl/src/widgets/span/lv_span.c ****                                          lv_area_t padding, int32_t indent);
  83:Middlewares/LVGL/lvgl/src/widgets/span/lv_span.c **** #if LV_USE_OBSERVER
  84:Middlewares/LVGL/lvgl/src/widgets/span/lv_span.c ****     static void span_text_observer_cb(lv_observer_t * observer, lv_subject_t * subject);
  85:Middlewares/LVGL/lvgl/src/widgets/span/lv_span.c **** #endif
  86:Middlewares/LVGL/lvgl/src/widgets/span/lv_span.c **** 
  87:Middlewares/LVGL/lvgl/src/widgets/span/lv_span.c **** /**********************
  88:Middlewares/LVGL/lvgl/src/widgets/span/lv_span.c ****  *  STATIC VARIABLES
  89:Middlewares/LVGL/lvgl/src/widgets/span/lv_span.c ****  **********************/
  90:Middlewares/LVGL/lvgl/src/widgets/span/lv_span.c **** 
  91:Middlewares/LVGL/lvgl/src/widgets/span/lv_span.c **** #if LV_USE_OBJ_PROPERTY
  92:Middlewares/LVGL/lvgl/src/widgets/span/lv_span.c **** static const lv_property_ops_t lv_span_properties[] = {
  93:Middlewares/LVGL/lvgl/src/widgets/span/lv_span.c ****     {
  94:Middlewares/LVGL/lvgl/src/widgets/span/lv_span.c ****         .id = LV_PROPERTY_SPAN_ALIGN,
  95:Middlewares/LVGL/lvgl/src/widgets/span/lv_span.c ****         .setter = lv_spangroup_set_align,
  96:Middlewares/LVGL/lvgl/src/widgets/span/lv_span.c ****         .getter = lv_spangroup_get_align,
  97:Middlewares/LVGL/lvgl/src/widgets/span/lv_span.c ****     },
  98:Middlewares/LVGL/lvgl/src/widgets/span/lv_span.c ****     {
  99:Middlewares/LVGL/lvgl/src/widgets/span/lv_span.c ****         .id = LV_PROPERTY_SPAN_OVERFLOW,
 100:Middlewares/LVGL/lvgl/src/widgets/span/lv_span.c ****         .setter = lv_spangroup_set_overflow,
 101:Middlewares/LVGL/lvgl/src/widgets/span/lv_span.c ****         .getter = lv_spangroup_get_overflow,
 102:Middlewares/LVGL/lvgl/src/widgets/span/lv_span.c ****     },
 103:Middlewares/LVGL/lvgl/src/widgets/span/lv_span.c ****     {
 104:Middlewares/LVGL/lvgl/src/widgets/span/lv_span.c ****         .id = LV_PROPERTY_SPAN_INDENT,
 105:Middlewares/LVGL/lvgl/src/widgets/span/lv_span.c ****         .setter = lv_spangroup_set_indent,
 106:Middlewares/LVGL/lvgl/src/widgets/span/lv_span.c ****         .getter = lv_spangroup_get_indent,
 107:Middlewares/LVGL/lvgl/src/widgets/span/lv_span.c ****     },
 108:Middlewares/LVGL/lvgl/src/widgets/span/lv_span.c ****     {
 109:Middlewares/LVGL/lvgl/src/widgets/span/lv_span.c ****         .id = LV_PROPERTY_SPAN_MODE,
 110:Middlewares/LVGL/lvgl/src/widgets/span/lv_span.c ****         .setter = lv_spangroup_set_mode,
 111:Middlewares/LVGL/lvgl/src/widgets/span/lv_span.c ****         .getter = lv_spangroup_get_mode,
 112:Middlewares/LVGL/lvgl/src/widgets/span/lv_span.c ****     },
 113:Middlewares/LVGL/lvgl/src/widgets/span/lv_span.c ****     {
 114:Middlewares/LVGL/lvgl/src/widgets/span/lv_span.c ****         .id = LV_PROPERTY_SPAN_MAX_LINES,
 115:Middlewares/LVGL/lvgl/src/widgets/span/lv_span.c ****         .setter = lv_spangroup_set_max_lines,
 116:Middlewares/LVGL/lvgl/src/widgets/span/lv_span.c ****         .getter = lv_spangroup_get_max_lines,
 117:Middlewares/LVGL/lvgl/src/widgets/span/lv_span.c ****     },
 118:Middlewares/LVGL/lvgl/src/widgets/span/lv_span.c **** };
 119:Middlewares/LVGL/lvgl/src/widgets/span/lv_span.c **** #endif
ARM GAS  C:\Users\w1785\AppData\Local\Temp\ccRqOZjG.s 			page 10


 120:Middlewares/LVGL/lvgl/src/widgets/span/lv_span.c **** 
 121:Middlewares/LVGL/lvgl/src/widgets/span/lv_span.c **** const lv_obj_class_t lv_spangroup_class  = {
 122:Middlewares/LVGL/lvgl/src/widgets/span/lv_span.c ****     .base_class = &lv_obj_class,
 123:Middlewares/LVGL/lvgl/src/widgets/span/lv_span.c ****     .constructor_cb = lv_spangroup_constructor,
 124:Middlewares/LVGL/lvgl/src/widgets/span/lv_span.c ****     .destructor_cb = lv_spangroup_destructor,
 125:Middlewares/LVGL/lvgl/src/widgets/span/lv_span.c ****     .event_cb = lv_spangroup_event,
 126:Middlewares/LVGL/lvgl/src/widgets/span/lv_span.c ****     .instance_size = sizeof(lv_spangroup_t),
 127:Middlewares/LVGL/lvgl/src/widgets/span/lv_span.c ****     .width_def = LV_SIZE_CONTENT,
 128:Middlewares/LVGL/lvgl/src/widgets/span/lv_span.c ****     .height_def = LV_SIZE_CONTENT,
 129:Middlewares/LVGL/lvgl/src/widgets/span/lv_span.c ****     .name = "lv_span",
 130:Middlewares/LVGL/lvgl/src/widgets/span/lv_span.c ****     LV_PROPERTY_CLASS_FIELDS(span, SPAN)
 131:Middlewares/LVGL/lvgl/src/widgets/span/lv_span.c **** };
 132:Middlewares/LVGL/lvgl/src/widgets/span/lv_span.c **** 
 133:Middlewares/LVGL/lvgl/src/widgets/span/lv_span.c **** /**********************
 134:Middlewares/LVGL/lvgl/src/widgets/span/lv_span.c ****  *      MACROS
 135:Middlewares/LVGL/lvgl/src/widgets/span/lv_span.c ****  **********************/
 136:Middlewares/LVGL/lvgl/src/widgets/span/lv_span.c **** 
 137:Middlewares/LVGL/lvgl/src/widgets/span/lv_span.c **** /**********************
 138:Middlewares/LVGL/lvgl/src/widgets/span/lv_span.c ****  *   GLOBAL FUNCTIONS
 139:Middlewares/LVGL/lvgl/src/widgets/span/lv_span.c ****  **********************/
 140:Middlewares/LVGL/lvgl/src/widgets/span/lv_span.c **** void lv_span_stack_init(void)
 141:Middlewares/LVGL/lvgl/src/widgets/span/lv_span.c **** {
 142:Middlewares/LVGL/lvgl/src/widgets/span/lv_span.c ****     struct _snippet_stack * stack = snippet_stack = lv_malloc(sizeof(struct _snippet_stack));
 143:Middlewares/LVGL/lvgl/src/widgets/span/lv_span.c ****     LV_ASSERT_MALLOC(stack);
 144:Middlewares/LVGL/lvgl/src/widgets/span/lv_span.c ****     if(!stack) {
 145:Middlewares/LVGL/lvgl/src/widgets/span/lv_span.c ****         LV_LOG_ERROR("malloc failed for snippet_stack");
 146:Middlewares/LVGL/lvgl/src/widgets/span/lv_span.c ****     }
 147:Middlewares/LVGL/lvgl/src/widgets/span/lv_span.c **** }
 148:Middlewares/LVGL/lvgl/src/widgets/span/lv_span.c **** 
 149:Middlewares/LVGL/lvgl/src/widgets/span/lv_span.c **** void lv_span_stack_deinit(void)
 150:Middlewares/LVGL/lvgl/src/widgets/span/lv_span.c **** {
 151:Middlewares/LVGL/lvgl/src/widgets/span/lv_span.c ****     lv_free(snippet_stack);
 152:Middlewares/LVGL/lvgl/src/widgets/span/lv_span.c **** }
 153:Middlewares/LVGL/lvgl/src/widgets/span/lv_span.c **** 
 154:Middlewares/LVGL/lvgl/src/widgets/span/lv_span.c **** lv_obj_t * lv_spangroup_create(lv_obj_t * par)
 155:Middlewares/LVGL/lvgl/src/widgets/span/lv_span.c **** {
 156:Middlewares/LVGL/lvgl/src/widgets/span/lv_span.c ****     lv_obj_t * obj = lv_obj_class_create_obj(&lv_spangroup_class, par);
 157:Middlewares/LVGL/lvgl/src/widgets/span/lv_span.c ****     lv_obj_class_init_obj(obj);
 158:Middlewares/LVGL/lvgl/src/widgets/span/lv_span.c ****     return obj;
 159:Middlewares/LVGL/lvgl/src/widgets/span/lv_span.c **** }
 160:Middlewares/LVGL/lvgl/src/widgets/span/lv_span.c **** 
 161:Middlewares/LVGL/lvgl/src/widgets/span/lv_span.c **** lv_span_t * lv_spangroup_add_span(lv_obj_t * obj)
 162:Middlewares/LVGL/lvgl/src/widgets/span/lv_span.c **** {
 163:Middlewares/LVGL/lvgl/src/widgets/span/lv_span.c ****     if(obj == NULL) {
 164:Middlewares/LVGL/lvgl/src/widgets/span/lv_span.c ****         return NULL;
 165:Middlewares/LVGL/lvgl/src/widgets/span/lv_span.c ****     }
 166:Middlewares/LVGL/lvgl/src/widgets/span/lv_span.c **** 
 167:Middlewares/LVGL/lvgl/src/widgets/span/lv_span.c ****     LV_ASSERT_OBJ(obj, MY_CLASS);
 168:Middlewares/LVGL/lvgl/src/widgets/span/lv_span.c ****     lv_spangroup_t * spans = (lv_spangroup_t *)obj;
 169:Middlewares/LVGL/lvgl/src/widgets/span/lv_span.c ****     lv_span_t * span = lv_ll_ins_tail(&spans->child_ll);
 170:Middlewares/LVGL/lvgl/src/widgets/span/lv_span.c ****     LV_ASSERT_MALLOC(span);
 171:Middlewares/LVGL/lvgl/src/widgets/span/lv_span.c **** 
 172:Middlewares/LVGL/lvgl/src/widgets/span/lv_span.c ****     lv_style_init(&span->style);
 173:Middlewares/LVGL/lvgl/src/widgets/span/lv_span.c ****     span->txt = (char *)"";
 174:Middlewares/LVGL/lvgl/src/widgets/span/lv_span.c ****     span->static_flag = 1;
 175:Middlewares/LVGL/lvgl/src/widgets/span/lv_span.c **** 
 176:Middlewares/LVGL/lvgl/src/widgets/span/lv_span.c ****     lv_spangroup_refresh(obj);
ARM GAS  C:\Users\w1785\AppData\Local\Temp\ccRqOZjG.s 			page 11


 177:Middlewares/LVGL/lvgl/src/widgets/span/lv_span.c **** 
 178:Middlewares/LVGL/lvgl/src/widgets/span/lv_span.c ****     return span;
 179:Middlewares/LVGL/lvgl/src/widgets/span/lv_span.c **** }
 180:Middlewares/LVGL/lvgl/src/widgets/span/lv_span.c **** 
 181:Middlewares/LVGL/lvgl/src/widgets/span/lv_span.c **** void lv_spangroup_delete_span(lv_obj_t * obj, lv_span_t * span)
 182:Middlewares/LVGL/lvgl/src/widgets/span/lv_span.c **** {
 183:Middlewares/LVGL/lvgl/src/widgets/span/lv_span.c ****     if(obj == NULL || span == NULL) {
 184:Middlewares/LVGL/lvgl/src/widgets/span/lv_span.c ****         return;
 185:Middlewares/LVGL/lvgl/src/widgets/span/lv_span.c ****     }
 186:Middlewares/LVGL/lvgl/src/widgets/span/lv_span.c **** 
 187:Middlewares/LVGL/lvgl/src/widgets/span/lv_span.c ****     LV_ASSERT_OBJ(obj, MY_CLASS);
 188:Middlewares/LVGL/lvgl/src/widgets/span/lv_span.c ****     lv_spangroup_t * spans = (lv_spangroup_t *)obj;
 189:Middlewares/LVGL/lvgl/src/widgets/span/lv_span.c ****     lv_span_t * cur_span;
 190:Middlewares/LVGL/lvgl/src/widgets/span/lv_span.c ****     LV_LL_READ(&spans->child_ll, cur_span) {
 191:Middlewares/LVGL/lvgl/src/widgets/span/lv_span.c ****         if(cur_span == span) {
 192:Middlewares/LVGL/lvgl/src/widgets/span/lv_span.c ****             lv_ll_remove(&spans->child_ll, cur_span);
 193:Middlewares/LVGL/lvgl/src/widgets/span/lv_span.c ****             if(cur_span->txt && cur_span->static_flag == 0) {
 194:Middlewares/LVGL/lvgl/src/widgets/span/lv_span.c ****                 lv_free(cur_span->txt);
 195:Middlewares/LVGL/lvgl/src/widgets/span/lv_span.c ****                 cur_span->txt = NULL;
 196:Middlewares/LVGL/lvgl/src/widgets/span/lv_span.c ****             }
 197:Middlewares/LVGL/lvgl/src/widgets/span/lv_span.c ****             lv_style_reset(&cur_span->style);
 198:Middlewares/LVGL/lvgl/src/widgets/span/lv_span.c ****             lv_free(cur_span);
 199:Middlewares/LVGL/lvgl/src/widgets/span/lv_span.c ****             cur_span = NULL;
 200:Middlewares/LVGL/lvgl/src/widgets/span/lv_span.c ****             break;
 201:Middlewares/LVGL/lvgl/src/widgets/span/lv_span.c ****         }
 202:Middlewares/LVGL/lvgl/src/widgets/span/lv_span.c ****     }
 203:Middlewares/LVGL/lvgl/src/widgets/span/lv_span.c **** 
 204:Middlewares/LVGL/lvgl/src/widgets/span/lv_span.c ****     lv_spangroup_refresh(obj);
 205:Middlewares/LVGL/lvgl/src/widgets/span/lv_span.c **** }
 206:Middlewares/LVGL/lvgl/src/widgets/span/lv_span.c **** 
 207:Middlewares/LVGL/lvgl/src/widgets/span/lv_span.c **** /*=====================
 208:Middlewares/LVGL/lvgl/src/widgets/span/lv_span.c ****  * Setter functions
 209:Middlewares/LVGL/lvgl/src/widgets/span/lv_span.c ****  *====================*/
 210:Middlewares/LVGL/lvgl/src/widgets/span/lv_span.c **** 
 211:Middlewares/LVGL/lvgl/src/widgets/span/lv_span.c **** void lv_span_set_text(lv_span_t * span, const char * text)
 212:Middlewares/LVGL/lvgl/src/widgets/span/lv_span.c **** {
 213:Middlewares/LVGL/lvgl/src/widgets/span/lv_span.c ****     if(span == NULL || text == NULL) {
 214:Middlewares/LVGL/lvgl/src/widgets/span/lv_span.c ****         return;
 215:Middlewares/LVGL/lvgl/src/widgets/span/lv_span.c ****     }
 216:Middlewares/LVGL/lvgl/src/widgets/span/lv_span.c **** 
 217:Middlewares/LVGL/lvgl/src/widgets/span/lv_span.c ****     size_t text_alloc_len = 0;
 218:Middlewares/LVGL/lvgl/src/widgets/span/lv_span.c **** 
 219:Middlewares/LVGL/lvgl/src/widgets/span/lv_span.c **** #if LV_USE_ARABIC_PERSIAN_CHARS
 220:Middlewares/LVGL/lvgl/src/widgets/span/lv_span.c ****     text_alloc_len = lv_text_ap_calc_bytes_count(text);
 221:Middlewares/LVGL/lvgl/src/widgets/span/lv_span.c **** #else
 222:Middlewares/LVGL/lvgl/src/widgets/span/lv_span.c ****     text_alloc_len = lv_strlen(text) + 1;
 223:Middlewares/LVGL/lvgl/src/widgets/span/lv_span.c **** #endif
 224:Middlewares/LVGL/lvgl/src/widgets/span/lv_span.c **** 
 225:Middlewares/LVGL/lvgl/src/widgets/span/lv_span.c ****     if(span->txt == NULL || span->static_flag == 1) {
 226:Middlewares/LVGL/lvgl/src/widgets/span/lv_span.c ****         span->txt = lv_malloc(text_alloc_len);
 227:Middlewares/LVGL/lvgl/src/widgets/span/lv_span.c ****         LV_ASSERT_MALLOC(span->txt);
 228:Middlewares/LVGL/lvgl/src/widgets/span/lv_span.c ****     }
 229:Middlewares/LVGL/lvgl/src/widgets/span/lv_span.c ****     else {
 230:Middlewares/LVGL/lvgl/src/widgets/span/lv_span.c ****         span->txt = lv_realloc(span->txt, text_alloc_len);
 231:Middlewares/LVGL/lvgl/src/widgets/span/lv_span.c ****         LV_ASSERT_MALLOC(span->txt);
 232:Middlewares/LVGL/lvgl/src/widgets/span/lv_span.c ****     }
 233:Middlewares/LVGL/lvgl/src/widgets/span/lv_span.c **** 
ARM GAS  C:\Users\w1785\AppData\Local\Temp\ccRqOZjG.s 			page 12


 234:Middlewares/LVGL/lvgl/src/widgets/span/lv_span.c ****     if(span->txt == NULL) return;
 235:Middlewares/LVGL/lvgl/src/widgets/span/lv_span.c **** 
 236:Middlewares/LVGL/lvgl/src/widgets/span/lv_span.c ****     span->static_flag = 0;
 237:Middlewares/LVGL/lvgl/src/widgets/span/lv_span.c **** 
 238:Middlewares/LVGL/lvgl/src/widgets/span/lv_span.c **** #if LV_USE_ARABIC_PERSIAN_CHARS
 239:Middlewares/LVGL/lvgl/src/widgets/span/lv_span.c ****     lv_text_ap_proc(text, span->txt);
 240:Middlewares/LVGL/lvgl/src/widgets/span/lv_span.c **** #else
 241:Middlewares/LVGL/lvgl/src/widgets/span/lv_span.c ****     lv_memcpy(span->txt, text, text_alloc_len);
 242:Middlewares/LVGL/lvgl/src/widgets/span/lv_span.c **** #endif
 243:Middlewares/LVGL/lvgl/src/widgets/span/lv_span.c **** }
 244:Middlewares/LVGL/lvgl/src/widgets/span/lv_span.c **** 
 245:Middlewares/LVGL/lvgl/src/widgets/span/lv_span.c **** void lv_span_set_text_fmt(lv_span_t * span, const char * fmt, ...)
 246:Middlewares/LVGL/lvgl/src/widgets/span/lv_span.c **** {
 247:Middlewares/LVGL/lvgl/src/widgets/span/lv_span.c ****     if(span == NULL || fmt == NULL) {
 248:Middlewares/LVGL/lvgl/src/widgets/span/lv_span.c ****         return;
 249:Middlewares/LVGL/lvgl/src/widgets/span/lv_span.c ****     }
 250:Middlewares/LVGL/lvgl/src/widgets/span/lv_span.c **** 
 251:Middlewares/LVGL/lvgl/src/widgets/span/lv_span.c ****     va_list args;
 252:Middlewares/LVGL/lvgl/src/widgets/span/lv_span.c ****     va_start(args, fmt);
 253:Middlewares/LVGL/lvgl/src/widgets/span/lv_span.c ****     char * text = lv_text_set_text_vfmt(fmt, args);
 254:Middlewares/LVGL/lvgl/src/widgets/span/lv_span.c ****     LV_ASSERT_MALLOC(text);
 255:Middlewares/LVGL/lvgl/src/widgets/span/lv_span.c ****     if(text == NULL) {
 256:Middlewares/LVGL/lvgl/src/widgets/span/lv_span.c ****         va_end(args);
 257:Middlewares/LVGL/lvgl/src/widgets/span/lv_span.c ****         return;
 258:Middlewares/LVGL/lvgl/src/widgets/span/lv_span.c ****     }
 259:Middlewares/LVGL/lvgl/src/widgets/span/lv_span.c **** 
 260:Middlewares/LVGL/lvgl/src/widgets/span/lv_span.c ****     va_end(args);
 261:Middlewares/LVGL/lvgl/src/widgets/span/lv_span.c **** 
 262:Middlewares/LVGL/lvgl/src/widgets/span/lv_span.c ****     if(span->txt && !span->static_flag) {
 263:Middlewares/LVGL/lvgl/src/widgets/span/lv_span.c ****         lv_free(span->txt);
 264:Middlewares/LVGL/lvgl/src/widgets/span/lv_span.c ****     }
 265:Middlewares/LVGL/lvgl/src/widgets/span/lv_span.c **** 
 266:Middlewares/LVGL/lvgl/src/widgets/span/lv_span.c ****     span->static_flag = 0;
 267:Middlewares/LVGL/lvgl/src/widgets/span/lv_span.c ****     span->txt = text;
 268:Middlewares/LVGL/lvgl/src/widgets/span/lv_span.c **** }
 269:Middlewares/LVGL/lvgl/src/widgets/span/lv_span.c **** 
 270:Middlewares/LVGL/lvgl/src/widgets/span/lv_span.c **** 
 271:Middlewares/LVGL/lvgl/src/widgets/span/lv_span.c **** void lv_spangroup_set_span_text(lv_obj_t * obj, lv_span_t * span, const char * text)
 272:Middlewares/LVGL/lvgl/src/widgets/span/lv_span.c **** {
 273:Middlewares/LVGL/lvgl/src/widgets/span/lv_span.c ****     lv_span_set_text(span, text);
 274:Middlewares/LVGL/lvgl/src/widgets/span/lv_span.c ****     lv_spangroup_refresh(obj);
 275:Middlewares/LVGL/lvgl/src/widgets/span/lv_span.c **** }
 276:Middlewares/LVGL/lvgl/src/widgets/span/lv_span.c **** 
 277:Middlewares/LVGL/lvgl/src/widgets/span/lv_span.c **** void lv_span_set_text_static(lv_span_t * span, const char * text)
 278:Middlewares/LVGL/lvgl/src/widgets/span/lv_span.c **** {
 279:Middlewares/LVGL/lvgl/src/widgets/span/lv_span.c ****     if(span == NULL || text == NULL) {
 280:Middlewares/LVGL/lvgl/src/widgets/span/lv_span.c ****         return;
 281:Middlewares/LVGL/lvgl/src/widgets/span/lv_span.c ****     }
 282:Middlewares/LVGL/lvgl/src/widgets/span/lv_span.c **** 
 283:Middlewares/LVGL/lvgl/src/widgets/span/lv_span.c ****     if(span->txt && span->static_flag == 0) {
 284:Middlewares/LVGL/lvgl/src/widgets/span/lv_span.c ****         lv_free(span->txt);
 285:Middlewares/LVGL/lvgl/src/widgets/span/lv_span.c ****         span->txt = NULL;
 286:Middlewares/LVGL/lvgl/src/widgets/span/lv_span.c ****     }
 287:Middlewares/LVGL/lvgl/src/widgets/span/lv_span.c ****     span->static_flag = 1;
 288:Middlewares/LVGL/lvgl/src/widgets/span/lv_span.c **** 
 289:Middlewares/LVGL/lvgl/src/widgets/span/lv_span.c **** #if LV_USE_ARABIC_PERSIAN_CHARS
 290:Middlewares/LVGL/lvgl/src/widgets/span/lv_span.c ****     size_t text_alloc_len = lv_text_ap_calc_bytes_count(text);
ARM GAS  C:\Users\w1785\AppData\Local\Temp\ccRqOZjG.s 			page 13


 291:Middlewares/LVGL/lvgl/src/widgets/span/lv_span.c ****     span->txt = lv_malloc(text_alloc_len);
 292:Middlewares/LVGL/lvgl/src/widgets/span/lv_span.c ****     LV_ASSERT_MALLOC(span->txt)
 293:Middlewares/LVGL/lvgl/src/widgets/span/lv_span.c ****     lv_text_ap_proc(text, span->txt);
 294:Middlewares/LVGL/lvgl/src/widgets/span/lv_span.c ****     span->static_flag = 0;
 295:Middlewares/LVGL/lvgl/src/widgets/span/lv_span.c **** #else
 296:Middlewares/LVGL/lvgl/src/widgets/span/lv_span.c ****     span->txt = (char *)text;
 297:Middlewares/LVGL/lvgl/src/widgets/span/lv_span.c **** #endif
 298:Middlewares/LVGL/lvgl/src/widgets/span/lv_span.c **** }
 299:Middlewares/LVGL/lvgl/src/widgets/span/lv_span.c **** 
 300:Middlewares/LVGL/lvgl/src/widgets/span/lv_span.c **** void lv_spangroup_set_span_text_static(lv_obj_t * obj, lv_span_t * span, const char * text)
 301:Middlewares/LVGL/lvgl/src/widgets/span/lv_span.c **** {
 302:Middlewares/LVGL/lvgl/src/widgets/span/lv_span.c ****     lv_span_set_text_static(span, text);
 303:Middlewares/LVGL/lvgl/src/widgets/span/lv_span.c ****     lv_spangroup_refresh(obj);
 304:Middlewares/LVGL/lvgl/src/widgets/span/lv_span.c **** }
 305:Middlewares/LVGL/lvgl/src/widgets/span/lv_span.c **** 
 306:Middlewares/LVGL/lvgl/src/widgets/span/lv_span.c **** void lv_spangroup_set_span_text_fmt(lv_obj_t * obj, lv_span_t * span, const char * fmt, ...)
 307:Middlewares/LVGL/lvgl/src/widgets/span/lv_span.c **** {
 308:Middlewares/LVGL/lvgl/src/widgets/span/lv_span.c ****     if(span == NULL || fmt == NULL) {
 309:Middlewares/LVGL/lvgl/src/widgets/span/lv_span.c ****         return;
 310:Middlewares/LVGL/lvgl/src/widgets/span/lv_span.c ****     }
 311:Middlewares/LVGL/lvgl/src/widgets/span/lv_span.c **** 
 312:Middlewares/LVGL/lvgl/src/widgets/span/lv_span.c ****     va_list args;
 313:Middlewares/LVGL/lvgl/src/widgets/span/lv_span.c ****     va_start(args, fmt);
 314:Middlewares/LVGL/lvgl/src/widgets/span/lv_span.c ****     char * text = lv_text_set_text_vfmt(fmt, args);
 315:Middlewares/LVGL/lvgl/src/widgets/span/lv_span.c ****     LV_ASSERT_MALLOC(text);
 316:Middlewares/LVGL/lvgl/src/widgets/span/lv_span.c ****     if(text == NULL) {
 317:Middlewares/LVGL/lvgl/src/widgets/span/lv_span.c ****         va_end(args);
 318:Middlewares/LVGL/lvgl/src/widgets/span/lv_span.c ****         return;
 319:Middlewares/LVGL/lvgl/src/widgets/span/lv_span.c ****     }
 320:Middlewares/LVGL/lvgl/src/widgets/span/lv_span.c **** 
 321:Middlewares/LVGL/lvgl/src/widgets/span/lv_span.c ****     va_end(args);
 322:Middlewares/LVGL/lvgl/src/widgets/span/lv_span.c **** 
 323:Middlewares/LVGL/lvgl/src/widgets/span/lv_span.c ****     if(span->txt && !span->static_flag) {
 324:Middlewares/LVGL/lvgl/src/widgets/span/lv_span.c ****         lv_free(span->txt);
 325:Middlewares/LVGL/lvgl/src/widgets/span/lv_span.c ****     }
 326:Middlewares/LVGL/lvgl/src/widgets/span/lv_span.c **** 
 327:Middlewares/LVGL/lvgl/src/widgets/span/lv_span.c ****     span->static_flag = 0;
 328:Middlewares/LVGL/lvgl/src/widgets/span/lv_span.c ****     span->txt = text;
 329:Middlewares/LVGL/lvgl/src/widgets/span/lv_span.c **** 
 330:Middlewares/LVGL/lvgl/src/widgets/span/lv_span.c ****     lv_spangroup_refresh(obj);
 331:Middlewares/LVGL/lvgl/src/widgets/span/lv_span.c **** }
 332:Middlewares/LVGL/lvgl/src/widgets/span/lv_span.c **** 
 333:Middlewares/LVGL/lvgl/src/widgets/span/lv_span.c **** void lv_spangroup_set_span_style(lv_obj_t * obj, lv_span_t * span, const lv_style_t * style)
 334:Middlewares/LVGL/lvgl/src/widgets/span/lv_span.c **** {
 335:Middlewares/LVGL/lvgl/src/widgets/span/lv_span.c ****     LV_ASSERT_OBJ(obj, MY_CLASS);
 336:Middlewares/LVGL/lvgl/src/widgets/span/lv_span.c ****     LV_ASSERT_NULL(span);
 337:Middlewares/LVGL/lvgl/src/widgets/span/lv_span.c **** 
 338:Middlewares/LVGL/lvgl/src/widgets/span/lv_span.c ****     lv_style_copy(&span->style, style);
 339:Middlewares/LVGL/lvgl/src/widgets/span/lv_span.c **** 
 340:Middlewares/LVGL/lvgl/src/widgets/span/lv_span.c ****     lv_spangroup_refresh(obj);
 341:Middlewares/LVGL/lvgl/src/widgets/span/lv_span.c **** }
 342:Middlewares/LVGL/lvgl/src/widgets/span/lv_span.c **** 
 343:Middlewares/LVGL/lvgl/src/widgets/span/lv_span.c **** void lv_spangroup_set_align(lv_obj_t * obj, lv_text_align_t align)
 344:Middlewares/LVGL/lvgl/src/widgets/span/lv_span.c **** {
 345:Middlewares/LVGL/lvgl/src/widgets/span/lv_span.c ****     LV_LOG_WARN("DEPRECATED. Use the text_align style property instead");
 346:Middlewares/LVGL/lvgl/src/widgets/span/lv_span.c **** 
 347:Middlewares/LVGL/lvgl/src/widgets/span/lv_span.c ****     lv_obj_set_style_text_align(obj, align, LV_PART_MAIN);
ARM GAS  C:\Users\w1785\AppData\Local\Temp\ccRqOZjG.s 			page 14


 348:Middlewares/LVGL/lvgl/src/widgets/span/lv_span.c **** }
 349:Middlewares/LVGL/lvgl/src/widgets/span/lv_span.c **** 
 350:Middlewares/LVGL/lvgl/src/widgets/span/lv_span.c **** void lv_spangroup_set_overflow(lv_obj_t * obj, lv_span_overflow_t overflow)
 351:Middlewares/LVGL/lvgl/src/widgets/span/lv_span.c **** {
 352:Middlewares/LVGL/lvgl/src/widgets/span/lv_span.c ****     LV_ASSERT_OBJ(obj, MY_CLASS);
 353:Middlewares/LVGL/lvgl/src/widgets/span/lv_span.c ****     lv_spangroup_t * spans = (lv_spangroup_t *)obj;
 354:Middlewares/LVGL/lvgl/src/widgets/span/lv_span.c ****     if(spans->overflow == overflow) return;
 355:Middlewares/LVGL/lvgl/src/widgets/span/lv_span.c ****     if(overflow >= LV_SPAN_OVERFLOW_LAST) return;
 356:Middlewares/LVGL/lvgl/src/widgets/span/lv_span.c ****     spans->overflow = overflow;
 357:Middlewares/LVGL/lvgl/src/widgets/span/lv_span.c ****     lv_obj_invalidate(obj);
 358:Middlewares/LVGL/lvgl/src/widgets/span/lv_span.c **** }
 359:Middlewares/LVGL/lvgl/src/widgets/span/lv_span.c **** 
 360:Middlewares/LVGL/lvgl/src/widgets/span/lv_span.c **** void lv_spangroup_set_indent(lv_obj_t * obj, int32_t indent)
 361:Middlewares/LVGL/lvgl/src/widgets/span/lv_span.c **** {
 362:Middlewares/LVGL/lvgl/src/widgets/span/lv_span.c ****     LV_ASSERT_OBJ(obj, MY_CLASS);
 363:Middlewares/LVGL/lvgl/src/widgets/span/lv_span.c ****     lv_spangroup_t * spans = (lv_spangroup_t *)obj;
 364:Middlewares/LVGL/lvgl/src/widgets/span/lv_span.c ****     if(spans->indent == indent) return;
 365:Middlewares/LVGL/lvgl/src/widgets/span/lv_span.c **** 
 366:Middlewares/LVGL/lvgl/src/widgets/span/lv_span.c ****     spans->indent = indent;
 367:Middlewares/LVGL/lvgl/src/widgets/span/lv_span.c **** 
 368:Middlewares/LVGL/lvgl/src/widgets/span/lv_span.c ****     lv_spangroup_refresh(obj);
 369:Middlewares/LVGL/lvgl/src/widgets/span/lv_span.c **** }
 370:Middlewares/LVGL/lvgl/src/widgets/span/lv_span.c **** 
 371:Middlewares/LVGL/lvgl/src/widgets/span/lv_span.c **** void lv_spangroup_set_mode(lv_obj_t * obj, lv_span_mode_t mode)
 372:Middlewares/LVGL/lvgl/src/widgets/span/lv_span.c **** {
 373:Middlewares/LVGL/lvgl/src/widgets/span/lv_span.c ****     LV_LOG_WARN("DEPRECATED, set the width to LV_SIZE_CONTENT or fixed value to control expanding/w
 374:Middlewares/LVGL/lvgl/src/widgets/span/lv_span.c ****     LV_ASSERT_OBJ(obj, MY_CLASS);
 375:Middlewares/LVGL/lvgl/src/widgets/span/lv_span.c **** 
 376:Middlewares/LVGL/lvgl/src/widgets/span/lv_span.c ****     if(mode >= LV_SPAN_MODE_LAST) return;
 377:Middlewares/LVGL/lvgl/src/widgets/span/lv_span.c **** 
 378:Middlewares/LVGL/lvgl/src/widgets/span/lv_span.c ****     if(mode == LV_SPAN_MODE_EXPAND) {
 379:Middlewares/LVGL/lvgl/src/widgets/span/lv_span.c ****         lv_obj_set_width(obj, LV_SIZE_CONTENT);
 380:Middlewares/LVGL/lvgl/src/widgets/span/lv_span.c ****         lv_obj_set_height(obj, LV_SIZE_CONTENT);
 381:Middlewares/LVGL/lvgl/src/widgets/span/lv_span.c ****     }
 382:Middlewares/LVGL/lvgl/src/widgets/span/lv_span.c ****     else if(mode == LV_SPAN_MODE_BREAK) {
 383:Middlewares/LVGL/lvgl/src/widgets/span/lv_span.c ****         if(lv_obj_get_style_width(obj, LV_PART_MAIN) == LV_SIZE_CONTENT) {
 384:Middlewares/LVGL/lvgl/src/widgets/span/lv_span.c ****             lv_obj_set_width(obj, 100);
 385:Middlewares/LVGL/lvgl/src/widgets/span/lv_span.c ****         }
 386:Middlewares/LVGL/lvgl/src/widgets/span/lv_span.c ****         lv_obj_set_height(obj, LV_SIZE_CONTENT);
 387:Middlewares/LVGL/lvgl/src/widgets/span/lv_span.c ****     }
 388:Middlewares/LVGL/lvgl/src/widgets/span/lv_span.c ****     else if(mode == LV_SPAN_MODE_FIXED) {
 389:Middlewares/LVGL/lvgl/src/widgets/span/lv_span.c ****         /* use this mode, The user needs to set the size. */
 390:Middlewares/LVGL/lvgl/src/widgets/span/lv_span.c ****         /* This is just to prevent an infinite loop. */
 391:Middlewares/LVGL/lvgl/src/widgets/span/lv_span.c ****         if(lv_obj_get_style_width(obj, LV_PART_MAIN) == LV_SIZE_CONTENT) {
 392:Middlewares/LVGL/lvgl/src/widgets/span/lv_span.c ****             lv_obj_set_width(obj, 100);
 393:Middlewares/LVGL/lvgl/src/widgets/span/lv_span.c ****         }
 394:Middlewares/LVGL/lvgl/src/widgets/span/lv_span.c ****         if(lv_obj_get_style_height(obj, LV_PART_MAIN) == LV_SIZE_CONTENT) {
 395:Middlewares/LVGL/lvgl/src/widgets/span/lv_span.c ****             lv_obj_set_content_height(obj, 100);
 396:Middlewares/LVGL/lvgl/src/widgets/span/lv_span.c ****         }
 397:Middlewares/LVGL/lvgl/src/widgets/span/lv_span.c ****     }
 398:Middlewares/LVGL/lvgl/src/widgets/span/lv_span.c **** 
 399:Middlewares/LVGL/lvgl/src/widgets/span/lv_span.c ****     lv_spangroup_refresh(obj);
 400:Middlewares/LVGL/lvgl/src/widgets/span/lv_span.c **** }
 401:Middlewares/LVGL/lvgl/src/widgets/span/lv_span.c **** 
 402:Middlewares/LVGL/lvgl/src/widgets/span/lv_span.c **** void lv_spangroup_set_max_lines(lv_obj_t * obj, int32_t lines)
 403:Middlewares/LVGL/lvgl/src/widgets/span/lv_span.c **** {
 404:Middlewares/LVGL/lvgl/src/widgets/span/lv_span.c ****     LV_ASSERT_OBJ(obj, MY_CLASS);
ARM GAS  C:\Users\w1785\AppData\Local\Temp\ccRqOZjG.s 			page 15


 405:Middlewares/LVGL/lvgl/src/widgets/span/lv_span.c ****     lv_spangroup_t * spans = (lv_spangroup_t *)obj;
 406:Middlewares/LVGL/lvgl/src/widgets/span/lv_span.c ****     spans->lines = lines;
 407:Middlewares/LVGL/lvgl/src/widgets/span/lv_span.c **** 
 408:Middlewares/LVGL/lvgl/src/widgets/span/lv_span.c ****     lv_spangroup_refresh(obj);
 409:Middlewares/LVGL/lvgl/src/widgets/span/lv_span.c **** }
 410:Middlewares/LVGL/lvgl/src/widgets/span/lv_span.c **** 
 411:Middlewares/LVGL/lvgl/src/widgets/span/lv_span.c **** /*=====================
 412:Middlewares/LVGL/lvgl/src/widgets/span/lv_span.c ****  * Getter functions
 413:Middlewares/LVGL/lvgl/src/widgets/span/lv_span.c ****  *====================*/
 414:Middlewares/LVGL/lvgl/src/widgets/span/lv_span.c **** 
 415:Middlewares/LVGL/lvgl/src/widgets/span/lv_span.c **** lv_style_t * lv_span_get_style(lv_span_t * span)
 416:Middlewares/LVGL/lvgl/src/widgets/span/lv_span.c **** {
 417:Middlewares/LVGL/lvgl/src/widgets/span/lv_span.c ****     return &span->style;
 418:Middlewares/LVGL/lvgl/src/widgets/span/lv_span.c **** }
 419:Middlewares/LVGL/lvgl/src/widgets/span/lv_span.c **** 
 420:Middlewares/LVGL/lvgl/src/widgets/span/lv_span.c **** const char * lv_span_get_text(lv_span_t * span)
 421:Middlewares/LVGL/lvgl/src/widgets/span/lv_span.c **** {
 422:Middlewares/LVGL/lvgl/src/widgets/span/lv_span.c ****     return span->txt;
 423:Middlewares/LVGL/lvgl/src/widgets/span/lv_span.c **** }
 424:Middlewares/LVGL/lvgl/src/widgets/span/lv_span.c **** 
 425:Middlewares/LVGL/lvgl/src/widgets/span/lv_span.c **** lv_span_t * lv_spangroup_get_child(const lv_obj_t * obj, int32_t id)
 426:Middlewares/LVGL/lvgl/src/widgets/span/lv_span.c **** {
 427:Middlewares/LVGL/lvgl/src/widgets/span/lv_span.c ****     if(obj == NULL) {
 428:Middlewares/LVGL/lvgl/src/widgets/span/lv_span.c ****         return NULL;
 429:Middlewares/LVGL/lvgl/src/widgets/span/lv_span.c ****     }
 430:Middlewares/LVGL/lvgl/src/widgets/span/lv_span.c **** 
 431:Middlewares/LVGL/lvgl/src/widgets/span/lv_span.c ****     LV_ASSERT_OBJ(obj, MY_CLASS);
 432:Middlewares/LVGL/lvgl/src/widgets/span/lv_span.c ****     lv_spangroup_t * spans = (lv_spangroup_t *)obj;
 433:Middlewares/LVGL/lvgl/src/widgets/span/lv_span.c ****     lv_ll_t * linked_list = &spans->child_ll;
 434:Middlewares/LVGL/lvgl/src/widgets/span/lv_span.c **** 
 435:Middlewares/LVGL/lvgl/src/widgets/span/lv_span.c ****     bool traverse_forwards = (id >= 0);
 436:Middlewares/LVGL/lvgl/src/widgets/span/lv_span.c ****     int32_t cur_idx = 0;
 437:Middlewares/LVGL/lvgl/src/widgets/span/lv_span.c ****     lv_ll_node_t * cur_node = linked_list->head;
 438:Middlewares/LVGL/lvgl/src/widgets/span/lv_span.c **** 
 439:Middlewares/LVGL/lvgl/src/widgets/span/lv_span.c ****     /*If using a negative index, start from the tail and use cur -1 to indicate the end*/
 440:Middlewares/LVGL/lvgl/src/widgets/span/lv_span.c ****     if(!traverse_forwards) {
 441:Middlewares/LVGL/lvgl/src/widgets/span/lv_span.c ****         cur_idx = -1;
 442:Middlewares/LVGL/lvgl/src/widgets/span/lv_span.c ****         cur_node = linked_list->tail;
 443:Middlewares/LVGL/lvgl/src/widgets/span/lv_span.c ****     }
 444:Middlewares/LVGL/lvgl/src/widgets/span/lv_span.c **** 
 445:Middlewares/LVGL/lvgl/src/widgets/span/lv_span.c ****     while(cur_node != NULL) {
 446:Middlewares/LVGL/lvgl/src/widgets/span/lv_span.c ****         if(cur_idx == id) {
 447:Middlewares/LVGL/lvgl/src/widgets/span/lv_span.c ****             return (lv_span_t *) cur_node;
 448:Middlewares/LVGL/lvgl/src/widgets/span/lv_span.c ****         }
 449:Middlewares/LVGL/lvgl/src/widgets/span/lv_span.c ****         if(traverse_forwards) {
 450:Middlewares/LVGL/lvgl/src/widgets/span/lv_span.c ****             cur_node = (lv_ll_node_t *) lv_ll_get_next(linked_list, cur_node);
 451:Middlewares/LVGL/lvgl/src/widgets/span/lv_span.c ****             cur_idx++;
 452:Middlewares/LVGL/lvgl/src/widgets/span/lv_span.c ****         }
 453:Middlewares/LVGL/lvgl/src/widgets/span/lv_span.c ****         else {
 454:Middlewares/LVGL/lvgl/src/widgets/span/lv_span.c ****             cur_node = (lv_ll_node_t *) lv_ll_get_prev(linked_list, cur_node);
 455:Middlewares/LVGL/lvgl/src/widgets/span/lv_span.c ****             cur_idx--;
 456:Middlewares/LVGL/lvgl/src/widgets/span/lv_span.c ****         }
 457:Middlewares/LVGL/lvgl/src/widgets/span/lv_span.c ****     }
 458:Middlewares/LVGL/lvgl/src/widgets/span/lv_span.c **** 
 459:Middlewares/LVGL/lvgl/src/widgets/span/lv_span.c ****     return NULL;
 460:Middlewares/LVGL/lvgl/src/widgets/span/lv_span.c **** }
 461:Middlewares/LVGL/lvgl/src/widgets/span/lv_span.c **** 
ARM GAS  C:\Users\w1785\AppData\Local\Temp\ccRqOZjG.s 			page 16


 462:Middlewares/LVGL/lvgl/src/widgets/span/lv_span.c **** uint32_t lv_spangroup_get_span_count(const lv_obj_t * obj)
 463:Middlewares/LVGL/lvgl/src/widgets/span/lv_span.c **** {
 464:Middlewares/LVGL/lvgl/src/widgets/span/lv_span.c ****     LV_ASSERT_OBJ(obj, MY_CLASS);
 465:Middlewares/LVGL/lvgl/src/widgets/span/lv_span.c **** 
 466:Middlewares/LVGL/lvgl/src/widgets/span/lv_span.c ****     if(obj == NULL) {
 467:Middlewares/LVGL/lvgl/src/widgets/span/lv_span.c ****         return 0;
 468:Middlewares/LVGL/lvgl/src/widgets/span/lv_span.c ****     }
 469:Middlewares/LVGL/lvgl/src/widgets/span/lv_span.c **** 
 470:Middlewares/LVGL/lvgl/src/widgets/span/lv_span.c ****     LV_ASSERT_OBJ(obj, MY_CLASS);
 471:Middlewares/LVGL/lvgl/src/widgets/span/lv_span.c ****     lv_spangroup_t * spans = (lv_spangroup_t *)obj;
 472:Middlewares/LVGL/lvgl/src/widgets/span/lv_span.c ****     return lv_ll_get_len(&(spans->child_ll));
 473:Middlewares/LVGL/lvgl/src/widgets/span/lv_span.c **** }
 474:Middlewares/LVGL/lvgl/src/widgets/span/lv_span.c **** 
 475:Middlewares/LVGL/lvgl/src/widgets/span/lv_span.c **** lv_text_align_t lv_spangroup_get_align(lv_obj_t * obj)
 476:Middlewares/LVGL/lvgl/src/widgets/span/lv_span.c **** {
 477:Middlewares/LVGL/lvgl/src/widgets/span/lv_span.c ****     return lv_obj_get_style_text_align(obj, LV_PART_MAIN);
 478:Middlewares/LVGL/lvgl/src/widgets/span/lv_span.c **** }
 479:Middlewares/LVGL/lvgl/src/widgets/span/lv_span.c **** 
 480:Middlewares/LVGL/lvgl/src/widgets/span/lv_span.c **** lv_span_overflow_t lv_spangroup_get_overflow(lv_obj_t * obj)
 481:Middlewares/LVGL/lvgl/src/widgets/span/lv_span.c **** {
 482:Middlewares/LVGL/lvgl/src/widgets/span/lv_span.c ****     LV_ASSERT_OBJ(obj, MY_CLASS);
 483:Middlewares/LVGL/lvgl/src/widgets/span/lv_span.c ****     lv_spangroup_t * spans = (lv_spangroup_t *)obj;
 484:Middlewares/LVGL/lvgl/src/widgets/span/lv_span.c ****     return spans->overflow;
 485:Middlewares/LVGL/lvgl/src/widgets/span/lv_span.c **** }
 486:Middlewares/LVGL/lvgl/src/widgets/span/lv_span.c **** 
 487:Middlewares/LVGL/lvgl/src/widgets/span/lv_span.c **** int32_t lv_spangroup_get_indent(lv_obj_t * obj)
 488:Middlewares/LVGL/lvgl/src/widgets/span/lv_span.c **** {
 489:Middlewares/LVGL/lvgl/src/widgets/span/lv_span.c ****     LV_ASSERT_OBJ(obj, MY_CLASS);
 490:Middlewares/LVGL/lvgl/src/widgets/span/lv_span.c ****     lv_spangroup_t * spans = (lv_spangroup_t *)obj;
 491:Middlewares/LVGL/lvgl/src/widgets/span/lv_span.c ****     return spans->indent;
 492:Middlewares/LVGL/lvgl/src/widgets/span/lv_span.c **** }
 493:Middlewares/LVGL/lvgl/src/widgets/span/lv_span.c **** 
 494:Middlewares/LVGL/lvgl/src/widgets/span/lv_span.c **** lv_span_mode_t lv_spangroup_get_mode(lv_obj_t * obj)
 495:Middlewares/LVGL/lvgl/src/widgets/span/lv_span.c **** {
 496:Middlewares/LVGL/lvgl/src/widgets/span/lv_span.c ****     LV_ASSERT_OBJ(obj, MY_CLASS);
 497:Middlewares/LVGL/lvgl/src/widgets/span/lv_span.c **** 
 498:Middlewares/LVGL/lvgl/src/widgets/span/lv_span.c ****     if(lv_obj_get_style_width(obj, LV_PART_MAIN) == LV_SIZE_CONTENT) {
 499:Middlewares/LVGL/lvgl/src/widgets/span/lv_span.c ****         return LV_SPAN_MODE_EXPAND;
 500:Middlewares/LVGL/lvgl/src/widgets/span/lv_span.c ****     }
 501:Middlewares/LVGL/lvgl/src/widgets/span/lv_span.c **** 
 502:Middlewares/LVGL/lvgl/src/widgets/span/lv_span.c ****     /*Width is fixed for the following cases*/
 503:Middlewares/LVGL/lvgl/src/widgets/span/lv_span.c ****     else if(lv_obj_get_style_height(obj, LV_PART_MAIN) == LV_SIZE_CONTENT) {
 504:Middlewares/LVGL/lvgl/src/widgets/span/lv_span.c ****         return LV_SPAN_MODE_BREAK;
 505:Middlewares/LVGL/lvgl/src/widgets/span/lv_span.c ****     }
 506:Middlewares/LVGL/lvgl/src/widgets/span/lv_span.c ****     /*Both fixed*/
 507:Middlewares/LVGL/lvgl/src/widgets/span/lv_span.c ****     else {
 508:Middlewares/LVGL/lvgl/src/widgets/span/lv_span.c ****         return LV_SPAN_MODE_FIXED;
 509:Middlewares/LVGL/lvgl/src/widgets/span/lv_span.c ****     }
 510:Middlewares/LVGL/lvgl/src/widgets/span/lv_span.c **** }
 511:Middlewares/LVGL/lvgl/src/widgets/span/lv_span.c **** 
 512:Middlewares/LVGL/lvgl/src/widgets/span/lv_span.c **** int32_t lv_spangroup_get_max_lines(lv_obj_t * obj)
 513:Middlewares/LVGL/lvgl/src/widgets/span/lv_span.c **** {
 514:Middlewares/LVGL/lvgl/src/widgets/span/lv_span.c ****     LV_ASSERT_OBJ(obj, MY_CLASS);
 515:Middlewares/LVGL/lvgl/src/widgets/span/lv_span.c ****     lv_spangroup_t * spans = (lv_spangroup_t *)obj;
 516:Middlewares/LVGL/lvgl/src/widgets/span/lv_span.c ****     return spans->lines;
 517:Middlewares/LVGL/lvgl/src/widgets/span/lv_span.c **** }
 518:Middlewares/LVGL/lvgl/src/widgets/span/lv_span.c **** 
ARM GAS  C:\Users\w1785\AppData\Local\Temp\ccRqOZjG.s 			page 17


 519:Middlewares/LVGL/lvgl/src/widgets/span/lv_span.c **** 
 520:Middlewares/LVGL/lvgl/src/widgets/span/lv_span.c **** int32_t lv_spangroup_get_max_line_height(lv_obj_t * obj)
 521:Middlewares/LVGL/lvgl/src/widgets/span/lv_span.c **** {
 522:Middlewares/LVGL/lvgl/src/widgets/span/lv_span.c ****     LV_ASSERT_OBJ(obj, MY_CLASS);
 523:Middlewares/LVGL/lvgl/src/widgets/span/lv_span.c ****     lv_spangroup_t * spans = (lv_spangroup_t *)obj;
 524:Middlewares/LVGL/lvgl/src/widgets/span/lv_span.c **** 
 525:Middlewares/LVGL/lvgl/src/widgets/span/lv_span.c ****     int32_t max_line_h = 0;
 526:Middlewares/LVGL/lvgl/src/widgets/span/lv_span.c ****     lv_span_t * cur_span;
 527:Middlewares/LVGL/lvgl/src/widgets/span/lv_span.c ****     LV_LL_READ(&spans->child_ll, cur_span) {
 528:Middlewares/LVGL/lvgl/src/widgets/span/lv_span.c ****         const lv_font_t * font = lv_span_get_style_text_font(obj, cur_span);
 529:Middlewares/LVGL/lvgl/src/widgets/span/lv_span.c ****         int32_t line_h = lv_font_get_line_height(font);
 530:Middlewares/LVGL/lvgl/src/widgets/span/lv_span.c ****         if(line_h > max_line_h) {
 531:Middlewares/LVGL/lvgl/src/widgets/span/lv_span.c ****             max_line_h = line_h;
 532:Middlewares/LVGL/lvgl/src/widgets/span/lv_span.c ****         }
 533:Middlewares/LVGL/lvgl/src/widgets/span/lv_span.c ****     }
 534:Middlewares/LVGL/lvgl/src/widgets/span/lv_span.c **** 
 535:Middlewares/LVGL/lvgl/src/widgets/span/lv_span.c ****     return max_line_h;
 536:Middlewares/LVGL/lvgl/src/widgets/span/lv_span.c **** }
 537:Middlewares/LVGL/lvgl/src/widgets/span/lv_span.c **** 
 538:Middlewares/LVGL/lvgl/src/widgets/span/lv_span.c **** uint32_t lv_spangroup_get_expand_width(lv_obj_t * obj, uint32_t max_width)
 539:Middlewares/LVGL/lvgl/src/widgets/span/lv_span.c **** {
 540:Middlewares/LVGL/lvgl/src/widgets/span/lv_span.c ****     LV_ASSERT_OBJ(obj, MY_CLASS);
 541:Middlewares/LVGL/lvgl/src/widgets/span/lv_span.c ****     lv_spangroup_t * spans = (lv_spangroup_t *)obj;
 542:Middlewares/LVGL/lvgl/src/widgets/span/lv_span.c **** 
 543:Middlewares/LVGL/lvgl/src/widgets/span/lv_span.c ****     if(lv_ll_get_head(&spans->child_ll) == NULL) {
 544:Middlewares/LVGL/lvgl/src/widgets/span/lv_span.c ****         return 0;
 545:Middlewares/LVGL/lvgl/src/widgets/span/lv_span.c ****     }
 546:Middlewares/LVGL/lvgl/src/widgets/span/lv_span.c **** 
 547:Middlewares/LVGL/lvgl/src/widgets/span/lv_span.c ****     uint32_t width = LV_COORD_IS_PCT(spans->indent) ? 0 : spans->indent;
 548:Middlewares/LVGL/lvgl/src/widgets/span/lv_span.c ****     int32_t letter_space = 0;
 549:Middlewares/LVGL/lvgl/src/widgets/span/lv_span.c ****     lv_span_t * cur_span;
 550:Middlewares/LVGL/lvgl/src/widgets/span/lv_span.c ****     LV_LL_READ(&spans->child_ll, cur_span) {
 551:Middlewares/LVGL/lvgl/src/widgets/span/lv_span.c ****         uint32_t letter;
 552:Middlewares/LVGL/lvgl/src/widgets/span/lv_span.c ****         uint32_t letter_next;
 553:Middlewares/LVGL/lvgl/src/widgets/span/lv_span.c ****         const lv_font_t * font = lv_span_get_style_text_font(obj, cur_span);
 554:Middlewares/LVGL/lvgl/src/widgets/span/lv_span.c **** 
 555:Middlewares/LVGL/lvgl/src/widgets/span/lv_span.c ****         letter_space = lv_span_get_style_text_letter_space(obj, cur_span);
 556:Middlewares/LVGL/lvgl/src/widgets/span/lv_span.c ****         uint32_t j = 0;
 557:Middlewares/LVGL/lvgl/src/widgets/span/lv_span.c ****         const char * cur_txt = cur_span->txt;
 558:Middlewares/LVGL/lvgl/src/widgets/span/lv_span.c ****         span_text_check(&cur_txt);
 559:Middlewares/LVGL/lvgl/src/widgets/span/lv_span.c ****         while(cur_txt[j] != '\0') {
 560:Middlewares/LVGL/lvgl/src/widgets/span/lv_span.c ****             if(max_width > 0 && width >= max_width) {
 561:Middlewares/LVGL/lvgl/src/widgets/span/lv_span.c ****                 return max_width;
 562:Middlewares/LVGL/lvgl/src/widgets/span/lv_span.c ****             }
 563:Middlewares/LVGL/lvgl/src/widgets/span/lv_span.c ****             letter      = lv_text_encoded_next(cur_txt, &j);
 564:Middlewares/LVGL/lvgl/src/widgets/span/lv_span.c ****             letter_next = lv_text_encoded_next(&cur_txt[j], NULL);
 565:Middlewares/LVGL/lvgl/src/widgets/span/lv_span.c ****             uint32_t letter_w = lv_font_get_glyph_width(font, letter, letter_next);
 566:Middlewares/LVGL/lvgl/src/widgets/span/lv_span.c ****             width = width + letter_w + letter_space;
 567:Middlewares/LVGL/lvgl/src/widgets/span/lv_span.c ****         }
 568:Middlewares/LVGL/lvgl/src/widgets/span/lv_span.c ****     }
 569:Middlewares/LVGL/lvgl/src/widgets/span/lv_span.c **** 
 570:Middlewares/LVGL/lvgl/src/widgets/span/lv_span.c ****     return width - letter_space;
 571:Middlewares/LVGL/lvgl/src/widgets/span/lv_span.c **** }
 572:Middlewares/LVGL/lvgl/src/widgets/span/lv_span.c **** 
 573:Middlewares/LVGL/lvgl/src/widgets/span/lv_span.c **** int32_t lv_spangroup_get_expand_height(lv_obj_t * obj, int32_t width)
 574:Middlewares/LVGL/lvgl/src/widgets/span/lv_span.c **** {
 575:Middlewares/LVGL/lvgl/src/widgets/span/lv_span.c ****     LV_ASSERT_OBJ(obj, MY_CLASS);
ARM GAS  C:\Users\w1785\AppData\Local\Temp\ccRqOZjG.s 			page 18


 576:Middlewares/LVGL/lvgl/src/widgets/span/lv_span.c ****     lv_spangroup_t * spans = (lv_spangroup_t *)obj;
 577:Middlewares/LVGL/lvgl/src/widgets/span/lv_span.c ****     if(lv_ll_get_head(&spans->child_ll) == NULL || width <= 0) {
 578:Middlewares/LVGL/lvgl/src/widgets/span/lv_span.c ****         return 0;
 579:Middlewares/LVGL/lvgl/src/widgets/span/lv_span.c ****     }
 580:Middlewares/LVGL/lvgl/src/widgets/span/lv_span.c **** 
 581:Middlewares/LVGL/lvgl/src/widgets/span/lv_span.c ****     /* init draw variable */
 582:Middlewares/LVGL/lvgl/src/widgets/span/lv_span.c ****     lv_text_flag_t txt_flag = LV_TEXT_FLAG_NONE;
 583:Middlewares/LVGL/lvgl/src/widgets/span/lv_span.c ****     int32_t line_space = lv_obj_get_style_text_line_space(obj, LV_PART_MAIN);
 584:Middlewares/LVGL/lvgl/src/widgets/span/lv_span.c ****     int32_t max_width = width;
 585:Middlewares/LVGL/lvgl/src/widgets/span/lv_span.c ****     int32_t indent = convert_indent_pct(obj, max_width);
 586:Middlewares/LVGL/lvgl/src/widgets/span/lv_span.c ****     int32_t max_w  = max_width - indent; /* first line need minus indent */
 587:Middlewares/LVGL/lvgl/src/widgets/span/lv_span.c **** 
 588:Middlewares/LVGL/lvgl/src/widgets/span/lv_span.c ****     /* coords of draw span-txt */
 589:Middlewares/LVGL/lvgl/src/widgets/span/lv_span.c ****     lv_point_t txt_pos;
 590:Middlewares/LVGL/lvgl/src/widgets/span/lv_span.c ****     lv_point_set(&txt_pos, indent, 0); /* first line need add indent */
 591:Middlewares/LVGL/lvgl/src/widgets/span/lv_span.c **** 
 592:Middlewares/LVGL/lvgl/src/widgets/span/lv_span.c ****     lv_span_t * cur_span = lv_ll_get_head(&spans->child_ll);
 593:Middlewares/LVGL/lvgl/src/widgets/span/lv_span.c ****     const char * cur_txt = cur_span->txt;
 594:Middlewares/LVGL/lvgl/src/widgets/span/lv_span.c ****     span_text_check(&cur_txt);
 595:Middlewares/LVGL/lvgl/src/widgets/span/lv_span.c ****     uint32_t cur_txt_ofs = 0;
 596:Middlewares/LVGL/lvgl/src/widgets/span/lv_span.c ****     lv_snippet_t snippet;   /* use to save cur_span info and push it to stack */
 597:Middlewares/LVGL/lvgl/src/widgets/span/lv_span.c ****     lv_memset(&snippet, 0, sizeof(snippet));
 598:Middlewares/LVGL/lvgl/src/widgets/span/lv_span.c **** 
 599:Middlewares/LVGL/lvgl/src/widgets/span/lv_span.c ****     lv_span_t * prev_span = cur_span;
 600:Middlewares/LVGL/lvgl/src/widgets/span/lv_span.c ****     int32_t line_cnt = 0;
 601:Middlewares/LVGL/lvgl/src/widgets/span/lv_span.c ****     int32_t lines = spans->lines < 0 ? INT32_MAX : spans->lines;
 602:Middlewares/LVGL/lvgl/src/widgets/span/lv_span.c ****     /* the loop control how many lines need to draw */
 603:Middlewares/LVGL/lvgl/src/widgets/span/lv_span.c ****     while(cur_span) {
 604:Middlewares/LVGL/lvgl/src/widgets/span/lv_span.c ****         int snippet_cnt = 0;
 605:Middlewares/LVGL/lvgl/src/widgets/span/lv_span.c ****         int32_t max_line_h = 0;  /* the max height of span-font when a line have a lot of span */
 606:Middlewares/LVGL/lvgl/src/widgets/span/lv_span.c **** 
 607:Middlewares/LVGL/lvgl/src/widgets/span/lv_span.c ****         /* the loop control to find a line and push the relevant span info into stack  */
 608:Middlewares/LVGL/lvgl/src/widgets/span/lv_span.c ****         while(1) {
 609:Middlewares/LVGL/lvgl/src/widgets/span/lv_span.c ****             /* switch to the next span when current is end */
 610:Middlewares/LVGL/lvgl/src/widgets/span/lv_span.c ****             if(cur_txt[cur_txt_ofs] == '\0') {
 611:Middlewares/LVGL/lvgl/src/widgets/span/lv_span.c ****                 cur_span->trailing_pos = txt_pos;
 612:Middlewares/LVGL/lvgl/src/widgets/span/lv_span.c **** 
 613:Middlewares/LVGL/lvgl/src/widgets/span/lv_span.c ****                 cur_span = lv_ll_get_next(&spans->child_ll, cur_span);
 614:Middlewares/LVGL/lvgl/src/widgets/span/lv_span.c ****                 if(cur_span == NULL) break;
 615:Middlewares/LVGL/lvgl/src/widgets/span/lv_span.c ****                 cur_txt = cur_span->txt;
 616:Middlewares/LVGL/lvgl/src/widgets/span/lv_span.c ****                 span_text_check(&cur_txt);
 617:Middlewares/LVGL/lvgl/src/widgets/span/lv_span.c ****                 cur_txt_ofs = 0;
 618:Middlewares/LVGL/lvgl/src/widgets/span/lv_span.c ****                 /* maybe also cur_txt[cur_txt_ofs] == '\0' */
 619:Middlewares/LVGL/lvgl/src/widgets/span/lv_span.c ****                 continue;
 620:Middlewares/LVGL/lvgl/src/widgets/span/lv_span.c ****             }
 621:Middlewares/LVGL/lvgl/src/widgets/span/lv_span.c **** 
 622:Middlewares/LVGL/lvgl/src/widgets/span/lv_span.c ****             /* init span info to snippet. */
 623:Middlewares/LVGL/lvgl/src/widgets/span/lv_span.c ****             if(cur_txt_ofs == 0) {
 624:Middlewares/LVGL/lvgl/src/widgets/span/lv_span.c ****                 snippet.span = cur_span;
 625:Middlewares/LVGL/lvgl/src/widgets/span/lv_span.c ****                 snippet.font = lv_span_get_style_text_font(obj, cur_span);
 626:Middlewares/LVGL/lvgl/src/widgets/span/lv_span.c ****                 snippet.letter_space = lv_span_get_style_text_letter_space(obj, cur_span);
 627:Middlewares/LVGL/lvgl/src/widgets/span/lv_span.c ****                 snippet.line_h = lv_font_get_line_height(snippet.font) + line_space;
 628:Middlewares/LVGL/lvgl/src/widgets/span/lv_span.c ****             }
 629:Middlewares/LVGL/lvgl/src/widgets/span/lv_span.c **** 
 630:Middlewares/LVGL/lvgl/src/widgets/span/lv_span.c ****             /* get current span text line info */
 631:Middlewares/LVGL/lvgl/src/widgets/span/lv_span.c ****             uint32_t next_ofs = 0;
 632:Middlewares/LVGL/lvgl/src/widgets/span/lv_span.c ****             int32_t use_width = 0;
ARM GAS  C:\Users\w1785\AppData\Local\Temp\ccRqOZjG.s 			page 19


 633:Middlewares/LVGL/lvgl/src/widgets/span/lv_span.c ****             bool isfill = lv_text_get_snippet(&cur_txt[cur_txt_ofs], snippet.font, snippet.letter_s
 634:Middlewares/LVGL/lvgl/src/widgets/span/lv_span.c ****                                               max_w, txt_flag, &use_width, &next_ofs);
 635:Middlewares/LVGL/lvgl/src/widgets/span/lv_span.c ****             if(isfill) txt_pos.x = 0;
 636:Middlewares/LVGL/lvgl/src/widgets/span/lv_span.c ****             else txt_pos.x += use_width;
 637:Middlewares/LVGL/lvgl/src/widgets/span/lv_span.c **** 
 638:Middlewares/LVGL/lvgl/src/widgets/span/lv_span.c ****             /* break word deal width */
 639:Middlewares/LVGL/lvgl/src/widgets/span/lv_span.c ****             if(isfill && next_ofs > 0 && snippet_cnt > 0) {
 640:Middlewares/LVGL/lvgl/src/widgets/span/lv_span.c ****                 int32_t drawn_width = use_width;
 641:Middlewares/LVGL/lvgl/src/widgets/span/lv_span.c ****                 if(lv_ll_get_next(&spans->child_ll, cur_span) == NULL) {
 642:Middlewares/LVGL/lvgl/src/widgets/span/lv_span.c ****                     drawn_width -= snippet.letter_space;
 643:Middlewares/LVGL/lvgl/src/widgets/span/lv_span.c ****                 }
 644:Middlewares/LVGL/lvgl/src/widgets/span/lv_span.c ****                 if(max_w < drawn_width) {
 645:Middlewares/LVGL/lvgl/src/widgets/span/lv_span.c ****                     break;
 646:Middlewares/LVGL/lvgl/src/widgets/span/lv_span.c ****                 }
 647:Middlewares/LVGL/lvgl/src/widgets/span/lv_span.c **** 
 648:Middlewares/LVGL/lvgl/src/widgets/span/lv_span.c ****                 uint32_t tmp_ofs = next_ofs;
 649:Middlewares/LVGL/lvgl/src/widgets/span/lv_span.c ****                 uint32_t letter = lv_text_encoded_prev(&cur_txt[cur_txt_ofs], &tmp_ofs);
 650:Middlewares/LVGL/lvgl/src/widgets/span/lv_span.c ****                 uint32_t letter_next = lv_text_encoded_next(&cur_txt[cur_txt_ofs + next_ofs], NULL)
 651:Middlewares/LVGL/lvgl/src/widgets/span/lv_span.c ****                 if(!(letter == '\0' || letter == '\n' || letter == '\r' || lv_text_is_break_char(le
 652:Middlewares/LVGL/lvgl/src/widgets/span/lv_span.c ****                      lv_text_is_a_word(letter) || lv_text_is_a_word(letter_next))) {
 653:Middlewares/LVGL/lvgl/src/widgets/span/lv_span.c ****                     if(!(letter_next == '\0' || letter_next == '\n'  || letter_next == '\r' || lv_t
 654:Middlewares/LVGL/lvgl/src/widgets/span/lv_span.c ****                         break;
 655:Middlewares/LVGL/lvgl/src/widgets/span/lv_span.c ****                     }
 656:Middlewares/LVGL/lvgl/src/widgets/span/lv_span.c ****                 }
 657:Middlewares/LVGL/lvgl/src/widgets/span/lv_span.c ****             }
 658:Middlewares/LVGL/lvgl/src/widgets/span/lv_span.c **** 
 659:Middlewares/LVGL/lvgl/src/widgets/span/lv_span.c ****             snippet.txt = &cur_txt[cur_txt_ofs];
 660:Middlewares/LVGL/lvgl/src/widgets/span/lv_span.c ****             snippet.bytes = next_ofs;
 661:Middlewares/LVGL/lvgl/src/widgets/span/lv_span.c ****             snippet.txt_w = use_width;
 662:Middlewares/LVGL/lvgl/src/widgets/span/lv_span.c ****             cur_txt_ofs += next_ofs;
 663:Middlewares/LVGL/lvgl/src/widgets/span/lv_span.c ****             if(max_line_h < snippet.line_h) {
 664:Middlewares/LVGL/lvgl/src/widgets/span/lv_span.c ****                 max_line_h = snippet.line_h;
 665:Middlewares/LVGL/lvgl/src/widgets/span/lv_span.c ****             }
 666:Middlewares/LVGL/lvgl/src/widgets/span/lv_span.c ****             snippet_cnt ++;
 667:Middlewares/LVGL/lvgl/src/widgets/span/lv_span.c ****             max_w = max_w - use_width;
 668:Middlewares/LVGL/lvgl/src/widgets/span/lv_span.c ****             if(isfill  || max_w <= 0) {
 669:Middlewares/LVGL/lvgl/src/widgets/span/lv_span.c ****                 break;
 670:Middlewares/LVGL/lvgl/src/widgets/span/lv_span.c ****             }
 671:Middlewares/LVGL/lvgl/src/widgets/span/lv_span.c ****         }
 672:Middlewares/LVGL/lvgl/src/widgets/span/lv_span.c **** 
 673:Middlewares/LVGL/lvgl/src/widgets/span/lv_span.c ****         /* next line init */
 674:Middlewares/LVGL/lvgl/src/widgets/span/lv_span.c ****         txt_pos.y += max_line_h;
 675:Middlewares/LVGL/lvgl/src/widgets/span/lv_span.c **** 
 676:Middlewares/LVGL/lvgl/src/widgets/span/lv_span.c ****         /* iterate all the spans in the current line and set the trailing height to the max line he
 677:Middlewares/LVGL/lvgl/src/widgets/span/lv_span.c ****         for(lv_span_t * tmp_span = prev_span;
 678:Middlewares/LVGL/lvgl/src/widgets/span/lv_span.c ****             tmp_span && tmp_span != cur_span;
 679:Middlewares/LVGL/lvgl/src/widgets/span/lv_span.c ****             tmp_span = lv_ll_get_next(&spans->child_ll, tmp_span))
 680:Middlewares/LVGL/lvgl/src/widgets/span/lv_span.c ****             tmp_span->trailing_height = max_line_h;
 681:Middlewares/LVGL/lvgl/src/widgets/span/lv_span.c **** 
 682:Middlewares/LVGL/lvgl/src/widgets/span/lv_span.c ****         prev_span = cur_span;
 683:Middlewares/LVGL/lvgl/src/widgets/span/lv_span.c **** 
 684:Middlewares/LVGL/lvgl/src/widgets/span/lv_span.c ****         max_w = max_width;
 685:Middlewares/LVGL/lvgl/src/widgets/span/lv_span.c ****         line_cnt += 1;
 686:Middlewares/LVGL/lvgl/src/widgets/span/lv_span.c ****         if(line_cnt >= lines) {
 687:Middlewares/LVGL/lvgl/src/widgets/span/lv_span.c ****             break;
 688:Middlewares/LVGL/lvgl/src/widgets/span/lv_span.c ****         }
 689:Middlewares/LVGL/lvgl/src/widgets/span/lv_span.c ****     }
ARM GAS  C:\Users\w1785\AppData\Local\Temp\ccRqOZjG.s 			page 20


 690:Middlewares/LVGL/lvgl/src/widgets/span/lv_span.c ****     txt_pos.y -= line_space;
 691:Middlewares/LVGL/lvgl/src/widgets/span/lv_span.c **** 
 692:Middlewares/LVGL/lvgl/src/widgets/span/lv_span.c ****     return txt_pos.y;
 693:Middlewares/LVGL/lvgl/src/widgets/span/lv_span.c **** }
 694:Middlewares/LVGL/lvgl/src/widgets/span/lv_span.c **** 
 695:Middlewares/LVGL/lvgl/src/widgets/span/lv_span.c **** lv_span_coords_t lv_spangroup_get_span_coords(lv_obj_t * obj, const lv_span_t * span)
 696:Middlewares/LVGL/lvgl/src/widgets/span/lv_span.c **** {
 697:Middlewares/LVGL/lvgl/src/widgets/span/lv_span.c ****     if(obj == NULL) return (lv_span_coords_t) {
 698:Middlewares/LVGL/lvgl/src/widgets/span/lv_span.c ****         0
 699:Middlewares/LVGL/lvgl/src/widgets/span/lv_span.c ****     };
 700:Middlewares/LVGL/lvgl/src/widgets/span/lv_span.c **** 
 701:Middlewares/LVGL/lvgl/src/widgets/span/lv_span.c ****     /* find previous span */
 702:Middlewares/LVGL/lvgl/src/widgets/span/lv_span.c ****     const lv_spangroup_t * spangroup = (lv_spangroup_t *)obj;
 703:Middlewares/LVGL/lvgl/src/widgets/span/lv_span.c ****     const lv_ll_t * spans = &spangroup->child_ll;
 704:Middlewares/LVGL/lvgl/src/widgets/span/lv_span.c ****     const int32_t width = lv_obj_get_content_width(obj);
 705:Middlewares/LVGL/lvgl/src/widgets/span/lv_span.c ****     const int32_t indent = lv_spangroup_get_indent(obj);
 706:Middlewares/LVGL/lvgl/src/widgets/span/lv_span.c **** 
 707:Middlewares/LVGL/lvgl/src/widgets/span/lv_span.c ****     if(span == NULL || lv_ll_get_head(spans) == NULL) return (lv_span_coords_t) {
 708:Middlewares/LVGL/lvgl/src/widgets/span/lv_span.c ****         0
 709:Middlewares/LVGL/lvgl/src/widgets/span/lv_span.c ****     };
 710:Middlewares/LVGL/lvgl/src/widgets/span/lv_span.c **** 
 711:Middlewares/LVGL/lvgl/src/widgets/span/lv_span.c ****     lv_span_t * prev_span = NULL;
 712:Middlewares/LVGL/lvgl/src/widgets/span/lv_span.c ****     lv_span_t * curr_span;
 713:Middlewares/LVGL/lvgl/src/widgets/span/lv_span.c ****     LV_LL_READ(spans, curr_span) {
 714:Middlewares/LVGL/lvgl/src/widgets/span/lv_span.c ****         if(curr_span == span) break;
 715:Middlewares/LVGL/lvgl/src/widgets/span/lv_span.c ****         prev_span = curr_span;
 716:Middlewares/LVGL/lvgl/src/widgets/span/lv_span.c ****     }
 717:Middlewares/LVGL/lvgl/src/widgets/span/lv_span.c **** 
 718:Middlewares/LVGL/lvgl/src/widgets/span/lv_span.c ****     const uint32_t border_width = lv_obj_get_style_border_width(obj, LV_PART_MAIN);
 719:Middlewares/LVGL/lvgl/src/widgets/span/lv_span.c ****     return make_span_coords(prev_span, curr_span, width, (lv_area_t) {
 720:Middlewares/LVGL/lvgl/src/widgets/span/lv_span.c ****         .x1 = lv_obj_get_style_pad_left(obj, LV_PART_MAIN) + border_width,
 721:Middlewares/LVGL/lvgl/src/widgets/span/lv_span.c ****         .y1 = lv_obj_get_style_pad_top(obj, LV_PART_MAIN) + border_width,
 722:Middlewares/LVGL/lvgl/src/widgets/span/lv_span.c ****         .x2 = lv_obj_get_style_pad_right(obj, LV_PART_MAIN) + border_width, .y2 = 0
 723:Middlewares/LVGL/lvgl/src/widgets/span/lv_span.c ****     },
 724:Middlewares/LVGL/lvgl/src/widgets/span/lv_span.c ****     indent);
 725:Middlewares/LVGL/lvgl/src/widgets/span/lv_span.c **** }
 726:Middlewares/LVGL/lvgl/src/widgets/span/lv_span.c **** 
 727:Middlewares/LVGL/lvgl/src/widgets/span/lv_span.c **** lv_span_t * lv_spangroup_get_span_by_point(lv_obj_t * obj, const lv_point_t * p)
 728:Middlewares/LVGL/lvgl/src/widgets/span/lv_span.c **** {
 729:Middlewares/LVGL/lvgl/src/widgets/span/lv_span.c ****     const lv_spangroup_t * spangroup = (lv_spangroup_t *)obj;
 730:Middlewares/LVGL/lvgl/src/widgets/span/lv_span.c ****     const lv_ll_t * spans = &spangroup->child_ll;
 731:Middlewares/LVGL/lvgl/src/widgets/span/lv_span.c ****     const int32_t width = lv_obj_get_content_width(obj);
 732:Middlewares/LVGL/lvgl/src/widgets/span/lv_span.c ****     const int32_t indent = lv_spangroup_get_indent(obj);
 733:Middlewares/LVGL/lvgl/src/widgets/span/lv_span.c **** 
 734:Middlewares/LVGL/lvgl/src/widgets/span/lv_span.c ****     if(obj == NULL || p == NULL || lv_ll_get_head(spans) == NULL) return NULL;
 735:Middlewares/LVGL/lvgl/src/widgets/span/lv_span.c **** 
 736:Middlewares/LVGL/lvgl/src/widgets/span/lv_span.c ****     lv_point_t point;
 737:Middlewares/LVGL/lvgl/src/widgets/span/lv_span.c ****     point.x = p->x - obj->coords.x1;
 738:Middlewares/LVGL/lvgl/src/widgets/span/lv_span.c ****     point.y = p->y - obj->coords.y1;
 739:Middlewares/LVGL/lvgl/src/widgets/span/lv_span.c **** 
 740:Middlewares/LVGL/lvgl/src/widgets/span/lv_span.c ****     /* find previous span */
 741:Middlewares/LVGL/lvgl/src/widgets/span/lv_span.c **** 
 742:Middlewares/LVGL/lvgl/src/widgets/span/lv_span.c ****     const lv_span_t * prev_span = NULL;
 743:Middlewares/LVGL/lvgl/src/widgets/span/lv_span.c ****     lv_span_t * curr_span;
 744:Middlewares/LVGL/lvgl/src/widgets/span/lv_span.c ****     LV_LL_READ(spans, curr_span) {
 745:Middlewares/LVGL/lvgl/src/widgets/span/lv_span.c ****         lv_span_coords_t coords = make_span_coords(prev_span, curr_span, width, (lv_area_t) {
 746:Middlewares/LVGL/lvgl/src/widgets/span/lv_span.c ****             .x1 = lv_obj_get_style_pad_left(obj, LV_PART_MAIN),
ARM GAS  C:\Users\w1785\AppData\Local\Temp\ccRqOZjG.s 			page 21


 747:Middlewares/LVGL/lvgl/src/widgets/span/lv_span.c ****             .y1 = lv_obj_get_style_pad_top(obj, LV_PART_MAIN),
 748:Middlewares/LVGL/lvgl/src/widgets/span/lv_span.c ****             .x2 = lv_obj_get_style_pad_right(obj, LV_PART_MAIN),
 749:Middlewares/LVGL/lvgl/src/widgets/span/lv_span.c ****             .y2 = 0
 750:Middlewares/LVGL/lvgl/src/widgets/span/lv_span.c ****         },
 751:Middlewares/LVGL/lvgl/src/widgets/span/lv_span.c ****         indent);
 752:Middlewares/LVGL/lvgl/src/widgets/span/lv_span.c ****         if(lv_area_is_point_on(&coords.heading,  &point, 0) ||
 753:Middlewares/LVGL/lvgl/src/widgets/span/lv_span.c ****            lv_area_is_point_on(&coords.middle,   &point, 0) ||
 754:Middlewares/LVGL/lvgl/src/widgets/span/lv_span.c ****            lv_area_is_point_on(&coords.trailing, &point, 0)) {
 755:Middlewares/LVGL/lvgl/src/widgets/span/lv_span.c ****             return curr_span;
 756:Middlewares/LVGL/lvgl/src/widgets/span/lv_span.c ****         }
 757:Middlewares/LVGL/lvgl/src/widgets/span/lv_span.c ****         prev_span = curr_span;
 758:Middlewares/LVGL/lvgl/src/widgets/span/lv_span.c ****     }
 759:Middlewares/LVGL/lvgl/src/widgets/span/lv_span.c ****     return NULL;
 760:Middlewares/LVGL/lvgl/src/widgets/span/lv_span.c **** }
 761:Middlewares/LVGL/lvgl/src/widgets/span/lv_span.c **** 
 762:Middlewares/LVGL/lvgl/src/widgets/span/lv_span.c **** 
 763:Middlewares/LVGL/lvgl/src/widgets/span/lv_span.c **** /*=====================
 764:Middlewares/LVGL/lvgl/src/widgets/span/lv_span.c ****  * Other functions
 765:Middlewares/LVGL/lvgl/src/widgets/span/lv_span.c ****  *====================*/
 766:Middlewares/LVGL/lvgl/src/widgets/span/lv_span.c **** 
 767:Middlewares/LVGL/lvgl/src/widgets/span/lv_span.c **** void lv_spangroup_refresh(lv_obj_t * obj)
 768:Middlewares/LVGL/lvgl/src/widgets/span/lv_span.c **** {
 769:Middlewares/LVGL/lvgl/src/widgets/span/lv_span.c ****     lv_spangroup_t * spans = (lv_spangroup_t *)obj;
 770:Middlewares/LVGL/lvgl/src/widgets/span/lv_span.c ****     spans->refresh = 1;
 771:Middlewares/LVGL/lvgl/src/widgets/span/lv_span.c ****     lv_obj_invalidate(obj);
 772:Middlewares/LVGL/lvgl/src/widgets/span/lv_span.c ****     lv_obj_refresh_self_size(obj);
 773:Middlewares/LVGL/lvgl/src/widgets/span/lv_span.c **** }
 774:Middlewares/LVGL/lvgl/src/widgets/span/lv_span.c **** 
 775:Middlewares/LVGL/lvgl/src/widgets/span/lv_span.c **** #if LV_USE_OBSERVER
 776:Middlewares/LVGL/lvgl/src/widgets/span/lv_span.c **** lv_observer_t * lv_spangroup_bind_span_text(lv_obj_t * obj, lv_span_t * span, lv_subject_t * subjec
 777:Middlewares/LVGL/lvgl/src/widgets/span/lv_span.c **** {
 778:Middlewares/LVGL/lvgl/src/widgets/span/lv_span.c ****     LV_ASSERT_NULL(subject);
 779:Middlewares/LVGL/lvgl/src/widgets/span/lv_span.c ****     LV_ASSERT_NULL(obj);
 780:Middlewares/LVGL/lvgl/src/widgets/span/lv_span.c ****     LV_ASSERT_NULL(span);
 781:Middlewares/LVGL/lvgl/src/widgets/span/lv_span.c **** 
 782:Middlewares/LVGL/lvgl/src/widgets/span/lv_span.c ****     if(fmt == NULL) {
 783:Middlewares/LVGL/lvgl/src/widgets/span/lv_span.c ****         if(subject->type == LV_SUBJECT_TYPE_INT) {
 784:Middlewares/LVGL/lvgl/src/widgets/span/lv_span.c ****             fmt = "%d";
 785:Middlewares/LVGL/lvgl/src/widgets/span/lv_span.c ****         }
 786:Middlewares/LVGL/lvgl/src/widgets/span/lv_span.c **** #if LV_USE_FLOAT
 787:Middlewares/LVGL/lvgl/src/widgets/span/lv_span.c ****         else if(subject->type == LV_SUBJECT_TYPE_FLOAT) {
 788:Middlewares/LVGL/lvgl/src/widgets/span/lv_span.c ****             fmt = "%0.1f";
 789:Middlewares/LVGL/lvgl/src/widgets/span/lv_span.c ****         }
 790:Middlewares/LVGL/lvgl/src/widgets/span/lv_span.c **** #endif
 791:Middlewares/LVGL/lvgl/src/widgets/span/lv_span.c ****         else if(subject->type != LV_SUBJECT_TYPE_STRING && subject->type != LV_SUBJECT_TYPE_POINTER
 792:Middlewares/LVGL/lvgl/src/widgets/span/lv_span.c ****             LV_LOG_WARN("Incompatible subject type: %d", subject->type);
 793:Middlewares/LVGL/lvgl/src/widgets/span/lv_span.c ****             return NULL;
 794:Middlewares/LVGL/lvgl/src/widgets/span/lv_span.c ****         }
 795:Middlewares/LVGL/lvgl/src/widgets/span/lv_span.c ****     }
 796:Middlewares/LVGL/lvgl/src/widgets/span/lv_span.c ****     else {
 797:Middlewares/LVGL/lvgl/src/widgets/span/lv_span.c ****         if(subject->type != LV_SUBJECT_TYPE_STRING && subject->type != LV_SUBJECT_TYPE_POINTER &&
 798:Middlewares/LVGL/lvgl/src/widgets/span/lv_span.c ****            subject->type != LV_SUBJECT_TYPE_INT && subject->type != LV_SUBJECT_TYPE_FLOAT) {
 799:Middlewares/LVGL/lvgl/src/widgets/span/lv_span.c ****             LV_LOG_WARN("Incompatible subject type: %d", subject->type);
 800:Middlewares/LVGL/lvgl/src/widgets/span/lv_span.c ****             return NULL;
 801:Middlewares/LVGL/lvgl/src/widgets/span/lv_span.c ****         }
 802:Middlewares/LVGL/lvgl/src/widgets/span/lv_span.c ****     }
 803:Middlewares/LVGL/lvgl/src/widgets/span/lv_span.c **** 
ARM GAS  C:\Users\w1785\AppData\Local\Temp\ccRqOZjG.s 			page 22


 804:Middlewares/LVGL/lvgl/src/widgets/span/lv_span.c ****     bind_element_string_t * user_data = lv_zalloc(sizeof(bind_element_string_t));
 805:Middlewares/LVGL/lvgl/src/widgets/span/lv_span.c ****     if(user_data == NULL) {
 806:Middlewares/LVGL/lvgl/src/widgets/span/lv_span.c ****         LV_LOG_WARN("Couldn't allocate user_data");
 807:Middlewares/LVGL/lvgl/src/widgets/span/lv_span.c ****         LV_ASSERT_MALLOC(user_data);
 808:Middlewares/LVGL/lvgl/src/widgets/span/lv_span.c ****         return NULL;
 809:Middlewares/LVGL/lvgl/src/widgets/span/lv_span.c ****     }
 810:Middlewares/LVGL/lvgl/src/widgets/span/lv_span.c **** 
 811:Middlewares/LVGL/lvgl/src/widgets/span/lv_span.c ****     user_data->subject = subject;
 812:Middlewares/LVGL/lvgl/src/widgets/span/lv_span.c ****     user_data->element = span;
 813:Middlewares/LVGL/lvgl/src/widgets/span/lv_span.c ****     user_data->fmt = fmt;
 814:Middlewares/LVGL/lvgl/src/widgets/span/lv_span.c **** 
 815:Middlewares/LVGL/lvgl/src/widgets/span/lv_span.c ****     lv_observer_t * observer = lv_subject_add_observer_obj(subject, span_text_observer_cb, obj, use
 816:Middlewares/LVGL/lvgl/src/widgets/span/lv_span.c ****     observer->auto_free_user_data = 1;
 817:Middlewares/LVGL/lvgl/src/widgets/span/lv_span.c **** 
 818:Middlewares/LVGL/lvgl/src/widgets/span/lv_span.c ****     return observer;
 819:Middlewares/LVGL/lvgl/src/widgets/span/lv_span.c **** }
 820:Middlewares/LVGL/lvgl/src/widgets/span/lv_span.c **** #endif /*LV_USE_OBSERVER*/
 821:Middlewares/LVGL/lvgl/src/widgets/span/lv_span.c **** 
 822:Middlewares/LVGL/lvgl/src/widgets/span/lv_span.c **** 
 823:Middlewares/LVGL/lvgl/src/widgets/span/lv_span.c **** /**********************
 824:Middlewares/LVGL/lvgl/src/widgets/span/lv_span.c ****  *   STATIC FUNCTIONS
 825:Middlewares/LVGL/lvgl/src/widgets/span/lv_span.c ****  **********************/
 826:Middlewares/LVGL/lvgl/src/widgets/span/lv_span.c **** 
 827:Middlewares/LVGL/lvgl/src/widgets/span/lv_span.c **** static void lv_spangroup_constructor(const lv_obj_class_t * class_p, lv_obj_t * obj)
 828:Middlewares/LVGL/lvgl/src/widgets/span/lv_span.c **** {
 829:Middlewares/LVGL/lvgl/src/widgets/span/lv_span.c ****     LV_UNUSED(class_p);
 830:Middlewares/LVGL/lvgl/src/widgets/span/lv_span.c ****     lv_spangroup_t * spans = (lv_spangroup_t *)obj;
 831:Middlewares/LVGL/lvgl/src/widgets/span/lv_span.c ****     lv_ll_init(&spans->child_ll, sizeof(lv_span_t));
 832:Middlewares/LVGL/lvgl/src/widgets/span/lv_span.c ****     spans->indent = 0;
 833:Middlewares/LVGL/lvgl/src/widgets/span/lv_span.c ****     spans->lines = -1;
 834:Middlewares/LVGL/lvgl/src/widgets/span/lv_span.c ****     spans->overflow = LV_SPAN_OVERFLOW_CLIP;
 835:Middlewares/LVGL/lvgl/src/widgets/span/lv_span.c ****     spans->cache_w = 0;
 836:Middlewares/LVGL/lvgl/src/widgets/span/lv_span.c ****     spans->cache_h = 0;
 837:Middlewares/LVGL/lvgl/src/widgets/span/lv_span.c ****     spans->refresh = 1;
 838:Middlewares/LVGL/lvgl/src/widgets/span/lv_span.c **** }
 839:Middlewares/LVGL/lvgl/src/widgets/span/lv_span.c **** 
 840:Middlewares/LVGL/lvgl/src/widgets/span/lv_span.c **** static void lv_spangroup_destructor(const lv_obj_class_t * class_p, lv_obj_t * obj)
 841:Middlewares/LVGL/lvgl/src/widgets/span/lv_span.c **** {
 842:Middlewares/LVGL/lvgl/src/widgets/span/lv_span.c ****     LV_UNUSED(class_p);
 843:Middlewares/LVGL/lvgl/src/widgets/span/lv_span.c ****     lv_spangroup_t * spans = (lv_spangroup_t *)obj;
 844:Middlewares/LVGL/lvgl/src/widgets/span/lv_span.c ****     lv_span_t * cur_span = lv_ll_get_head(&spans->child_ll);
 845:Middlewares/LVGL/lvgl/src/widgets/span/lv_span.c ****     while(cur_span) {
 846:Middlewares/LVGL/lvgl/src/widgets/span/lv_span.c ****         lv_ll_remove(&spans->child_ll, cur_span);
 847:Middlewares/LVGL/lvgl/src/widgets/span/lv_span.c ****         if(cur_span->txt && cur_span->static_flag == 0) {
 848:Middlewares/LVGL/lvgl/src/widgets/span/lv_span.c ****             lv_free(cur_span->txt);
 849:Middlewares/LVGL/lvgl/src/widgets/span/lv_span.c ****             cur_span->txt = NULL;
 850:Middlewares/LVGL/lvgl/src/widgets/span/lv_span.c ****         }
 851:Middlewares/LVGL/lvgl/src/widgets/span/lv_span.c ****         lv_style_reset(&cur_span->style);
 852:Middlewares/LVGL/lvgl/src/widgets/span/lv_span.c ****         lv_free(cur_span);
 853:Middlewares/LVGL/lvgl/src/widgets/span/lv_span.c ****         cur_span = lv_ll_get_head(&spans->child_ll);
 854:Middlewares/LVGL/lvgl/src/widgets/span/lv_span.c ****     }
 855:Middlewares/LVGL/lvgl/src/widgets/span/lv_span.c **** }
 856:Middlewares/LVGL/lvgl/src/widgets/span/lv_span.c **** 
 857:Middlewares/LVGL/lvgl/src/widgets/span/lv_span.c **** static void lv_spangroup_event(const lv_obj_class_t * class_p, lv_event_t * e)
 858:Middlewares/LVGL/lvgl/src/widgets/span/lv_span.c **** {
 859:Middlewares/LVGL/lvgl/src/widgets/span/lv_span.c ****     LV_UNUSED(class_p);
 860:Middlewares/LVGL/lvgl/src/widgets/span/lv_span.c **** 
ARM GAS  C:\Users\w1785\AppData\Local\Temp\ccRqOZjG.s 			page 23


 861:Middlewares/LVGL/lvgl/src/widgets/span/lv_span.c ****     /* Call the ancestor's event handler */
 862:Middlewares/LVGL/lvgl/src/widgets/span/lv_span.c ****     if(lv_obj_event_base(MY_CLASS, e) != LV_RESULT_OK) return;
 863:Middlewares/LVGL/lvgl/src/widgets/span/lv_span.c **** 
 864:Middlewares/LVGL/lvgl/src/widgets/span/lv_span.c ****     lv_event_code_t code = lv_event_get_code(e);
 865:Middlewares/LVGL/lvgl/src/widgets/span/lv_span.c ****     lv_obj_t * obj = lv_event_get_current_target(e);
 866:Middlewares/LVGL/lvgl/src/widgets/span/lv_span.c ****     lv_spangroup_t * spans = (lv_spangroup_t *)obj;
 867:Middlewares/LVGL/lvgl/src/widgets/span/lv_span.c **** 
 868:Middlewares/LVGL/lvgl/src/widgets/span/lv_span.c ****     if(code == LV_EVENT_DRAW_MAIN) {
 869:Middlewares/LVGL/lvgl/src/widgets/span/lv_span.c ****         draw_main(e);
 870:Middlewares/LVGL/lvgl/src/widgets/span/lv_span.c ****     }
 871:Middlewares/LVGL/lvgl/src/widgets/span/lv_span.c ****     else if(code == LV_EVENT_STYLE_CHANGED) {
 872:Middlewares/LVGL/lvgl/src/widgets/span/lv_span.c ****         lv_spangroup_refresh(obj);
 873:Middlewares/LVGL/lvgl/src/widgets/span/lv_span.c ****     }
 874:Middlewares/LVGL/lvgl/src/widgets/span/lv_span.c ****     else if(code == LV_EVENT_SIZE_CHANGED) {
 875:Middlewares/LVGL/lvgl/src/widgets/span/lv_span.c ****         lv_spangroup_refresh(obj);
 876:Middlewares/LVGL/lvgl/src/widgets/span/lv_span.c ****     }
 877:Middlewares/LVGL/lvgl/src/widgets/span/lv_span.c ****     else if(code == LV_EVENT_GET_SELF_SIZE) {
 878:Middlewares/LVGL/lvgl/src/widgets/span/lv_span.c ****         int32_t width = 0;
 879:Middlewares/LVGL/lvgl/src/widgets/span/lv_span.c ****         int32_t height = 0;
 880:Middlewares/LVGL/lvgl/src/widgets/span/lv_span.c ****         lv_point_t * self_size = lv_event_get_param(e);
 881:Middlewares/LVGL/lvgl/src/widgets/span/lv_span.c **** 
 882:Middlewares/LVGL/lvgl/src/widgets/span/lv_span.c ****         lv_span_mode_t mode = lv_spangroup_get_mode(obj);
 883:Middlewares/LVGL/lvgl/src/widgets/span/lv_span.c ****         if(mode == LV_SPAN_MODE_EXPAND) {
 884:Middlewares/LVGL/lvgl/src/widgets/span/lv_span.c ****             if(spans->refresh) {
 885:Middlewares/LVGL/lvgl/src/widgets/span/lv_span.c ****                 spans->cache_w = (int32_t)lv_spangroup_get_expand_width(obj, 0);
 886:Middlewares/LVGL/lvgl/src/widgets/span/lv_span.c ****                 spans->cache_h = lv_spangroup_get_max_line_height(obj);
 887:Middlewares/LVGL/lvgl/src/widgets/span/lv_span.c ****                 spans->refresh = 0;
 888:Middlewares/LVGL/lvgl/src/widgets/span/lv_span.c ****             }
 889:Middlewares/LVGL/lvgl/src/widgets/span/lv_span.c ****             width = spans->cache_w;
 890:Middlewares/LVGL/lvgl/src/widgets/span/lv_span.c ****             height = spans->cache_h;
 891:Middlewares/LVGL/lvgl/src/widgets/span/lv_span.c ****         }
 892:Middlewares/LVGL/lvgl/src/widgets/span/lv_span.c ****         else if(mode == LV_SPAN_MODE_BREAK) {
 893:Middlewares/LVGL/lvgl/src/widgets/span/lv_span.c ****             width = lv_obj_get_content_width(obj);
 894:Middlewares/LVGL/lvgl/src/widgets/span/lv_span.c ****             if(self_size->y >= 0) {
 895:Middlewares/LVGL/lvgl/src/widgets/span/lv_span.c ****                 if(width != spans->cache_w || spans->refresh) {
 896:Middlewares/LVGL/lvgl/src/widgets/span/lv_span.c ****                     height = lv_spangroup_get_expand_height(obj, width);
 897:Middlewares/LVGL/lvgl/src/widgets/span/lv_span.c ****                     spans->cache_w = width;
 898:Middlewares/LVGL/lvgl/src/widgets/span/lv_span.c ****                     spans->cache_h = height;
 899:Middlewares/LVGL/lvgl/src/widgets/span/lv_span.c ****                     spans->refresh = 0;
 900:Middlewares/LVGL/lvgl/src/widgets/span/lv_span.c ****                 }
 901:Middlewares/LVGL/lvgl/src/widgets/span/lv_span.c ****                 else {
 902:Middlewares/LVGL/lvgl/src/widgets/span/lv_span.c ****                     height = spans->cache_h;
 903:Middlewares/LVGL/lvgl/src/widgets/span/lv_span.c ****                 }
 904:Middlewares/LVGL/lvgl/src/widgets/span/lv_span.c ****             }
 905:Middlewares/LVGL/lvgl/src/widgets/span/lv_span.c ****         }
 906:Middlewares/LVGL/lvgl/src/widgets/span/lv_span.c ****         else if(mode == LV_SPAN_MODE_FIXED) {
 907:Middlewares/LVGL/lvgl/src/widgets/span/lv_span.c ****             width =  self_size->x >= 0 ? lv_obj_get_content_width(obj) : 0;
 908:Middlewares/LVGL/lvgl/src/widgets/span/lv_span.c ****             height = self_size->y >= 0 ? lv_obj_get_content_height(obj) : 0;
 909:Middlewares/LVGL/lvgl/src/widgets/span/lv_span.c ****         }
 910:Middlewares/LVGL/lvgl/src/widgets/span/lv_span.c ****         self_size->x = LV_MAX(self_size->x, width);
 911:Middlewares/LVGL/lvgl/src/widgets/span/lv_span.c ****         self_size->y = LV_MAX(self_size->y, height);
 912:Middlewares/LVGL/lvgl/src/widgets/span/lv_span.c ****     }
 913:Middlewares/LVGL/lvgl/src/widgets/span/lv_span.c **** }
 914:Middlewares/LVGL/lvgl/src/widgets/span/lv_span.c **** 
 915:Middlewares/LVGL/lvgl/src/widgets/span/lv_span.c **** static void draw_main(lv_event_t * e)
 916:Middlewares/LVGL/lvgl/src/widgets/span/lv_span.c **** {
 917:Middlewares/LVGL/lvgl/src/widgets/span/lv_span.c ****     lv_obj_t * obj = lv_event_get_current_target(e);
ARM GAS  C:\Users\w1785\AppData\Local\Temp\ccRqOZjG.s 			page 24


 918:Middlewares/LVGL/lvgl/src/widgets/span/lv_span.c ****     lv_layer_t * layer = lv_event_get_layer(e);
 919:Middlewares/LVGL/lvgl/src/widgets/span/lv_span.c **** 
 920:Middlewares/LVGL/lvgl/src/widgets/span/lv_span.c ****     lv_draw_span(obj, layer);
 921:Middlewares/LVGL/lvgl/src/widgets/span/lv_span.c **** }
 922:Middlewares/LVGL/lvgl/src/widgets/span/lv_span.c **** 
 923:Middlewares/LVGL/lvgl/src/widgets/span/lv_span.c **** /**
 924:Middlewares/LVGL/lvgl/src/widgets/span/lv_span.c ****  * @return true for txt fill the max_width.
 925:Middlewares/LVGL/lvgl/src/widgets/span/lv_span.c ****  */
 926:Middlewares/LVGL/lvgl/src/widgets/span/lv_span.c **** static bool lv_text_get_snippet(const char * txt, const lv_font_t * font,
 927:Middlewares/LVGL/lvgl/src/widgets/span/lv_span.c ****                                 int32_t letter_space, int32_t max_width, lv_text_flag_t flag,
 928:Middlewares/LVGL/lvgl/src/widgets/span/lv_span.c ****                                 int32_t * use_width, uint32_t * end_ofs)
 929:Middlewares/LVGL/lvgl/src/widgets/span/lv_span.c **** {
 930:Middlewares/LVGL/lvgl/src/widgets/span/lv_span.c ****     if(txt == NULL || txt[0] == '\0') {
 931:Middlewares/LVGL/lvgl/src/widgets/span/lv_span.c ****         *end_ofs = 0;
 932:Middlewares/LVGL/lvgl/src/widgets/span/lv_span.c ****         *use_width = 0;
 933:Middlewares/LVGL/lvgl/src/widgets/span/lv_span.c ****         return false;
 934:Middlewares/LVGL/lvgl/src/widgets/span/lv_span.c ****     }
 935:Middlewares/LVGL/lvgl/src/widgets/span/lv_span.c **** 
 936:Middlewares/LVGL/lvgl/src/widgets/span/lv_span.c ****     int32_t real_max_width = max_width;
 937:Middlewares/LVGL/lvgl/src/widgets/span/lv_span.c **** #if !LV_USE_FONT_PLACEHOLDER
 938:Middlewares/LVGL/lvgl/src/widgets/span/lv_span.c ****     /* fix incomplete text display when disable the placeholder. */
 939:Middlewares/LVGL/lvgl/src/widgets/span/lv_span.c ****     /* workaround by: https://github.com/lvgl/lvgl/issues/3685 */
 940:Middlewares/LVGL/lvgl/src/widgets/span/lv_span.c ****     real_max_width++;
 941:Middlewares/LVGL/lvgl/src/widgets/span/lv_span.c **** #endif
 942:Middlewares/LVGL/lvgl/src/widgets/span/lv_span.c **** 
 943:Middlewares/LVGL/lvgl/src/widgets/span/lv_span.c ****     lv_text_attributes_t attributes = {0};
 944:Middlewares/LVGL/lvgl/src/widgets/span/lv_span.c ****     attributes.letter_space = letter_space;
 945:Middlewares/LVGL/lvgl/src/widgets/span/lv_span.c ****     attributes.max_width = real_max_width;
 946:Middlewares/LVGL/lvgl/src/widgets/span/lv_span.c ****     attributes.text_flags = flag;
 947:Middlewares/LVGL/lvgl/src/widgets/span/lv_span.c **** 
 948:Middlewares/LVGL/lvgl/src/widgets/span/lv_span.c ****     uint32_t ofs = lv_text_get_next_line(txt, LV_TEXT_LEN_MAX, font, use_width, &attributes);
 949:Middlewares/LVGL/lvgl/src/widgets/span/lv_span.c ****     *end_ofs = ofs;
 950:Middlewares/LVGL/lvgl/src/widgets/span/lv_span.c **** 
 951:Middlewares/LVGL/lvgl/src/widgets/span/lv_span.c ****     if(txt[ofs] == '\0' && *use_width <= attributes.max_width && !(ofs && (txt[ofs - 1] == '\n' || 
 952:Middlewares/LVGL/lvgl/src/widgets/span/lv_span.c ****         return false;
 953:Middlewares/LVGL/lvgl/src/widgets/span/lv_span.c ****     }
 954:Middlewares/LVGL/lvgl/src/widgets/span/lv_span.c ****     else {
 955:Middlewares/LVGL/lvgl/src/widgets/span/lv_span.c ****         return true;
 956:Middlewares/LVGL/lvgl/src/widgets/span/lv_span.c ****     }
 957:Middlewares/LVGL/lvgl/src/widgets/span/lv_span.c **** }
 958:Middlewares/LVGL/lvgl/src/widgets/span/lv_span.c **** 
 959:Middlewares/LVGL/lvgl/src/widgets/span/lv_span.c **** static void lv_snippet_push(lv_snippet_t * item)
 960:Middlewares/LVGL/lvgl/src/widgets/span/lv_span.c **** {
 961:Middlewares/LVGL/lvgl/src/widgets/span/lv_span.c ****     struct _snippet_stack * stack_p = snippet_stack;
 962:Middlewares/LVGL/lvgl/src/widgets/span/lv_span.c ****     if(stack_p->index < LV_SPAN_SNIPPET_STACK_SIZE) {
 963:Middlewares/LVGL/lvgl/src/widgets/span/lv_span.c ****         lv_memcpy(&stack_p->stack[stack_p->index], item, sizeof(lv_snippet_t));
 964:Middlewares/LVGL/lvgl/src/widgets/span/lv_span.c ****         stack_p->index++;
 965:Middlewares/LVGL/lvgl/src/widgets/span/lv_span.c ****     }
 966:Middlewares/LVGL/lvgl/src/widgets/span/lv_span.c ****     else {
 967:Middlewares/LVGL/lvgl/src/widgets/span/lv_span.c ****         LV_LOG_ERROR("span draw stack overflow, please set LV_SPAN_SNIPPET_STACK_SIZE too larger");
 968:Middlewares/LVGL/lvgl/src/widgets/span/lv_span.c ****     }
 969:Middlewares/LVGL/lvgl/src/widgets/span/lv_span.c **** }
 970:Middlewares/LVGL/lvgl/src/widgets/span/lv_span.c **** 
 971:Middlewares/LVGL/lvgl/src/widgets/span/lv_span.c **** static uint32_t lv_get_snippet_count(void)
 972:Middlewares/LVGL/lvgl/src/widgets/span/lv_span.c **** {
 168              		.loc 1 972 1 is_stmt 1 view -0
 169              		.cfi_startproc
ARM GAS  C:\Users\w1785\AppData\Local\Temp\ccRqOZjG.s 			page 25


 170              		@ args = 0, pretend = 0, frame = 0
 171              		@ frame_needed = 0, uses_anonymous_args = 0
 172              		@ link register save eliminated.
 973:Middlewares/LVGL/lvgl/src/widgets/span/lv_span.c ****     return snippet_stack->index;
 173              		.loc 1 973 5 view .LVU48
 174              		.loc 1 973 12 is_stmt 0 view .LVU49
 175 0000 024B     		ldr	r3, .L13
 176 0002 D3F8F831 		ldr	r3, [r3, #504]
 974:Middlewares/LVGL/lvgl/src/widgets/span/lv_span.c **** }
 177              		.loc 1 974 1 view .LVU50
 178 0006 D3F80007 		ldr	r0, [r3, #1792]
 179 000a 7047     		bx	lr
 180              	.L14:
 181              		.align	2
 182              	.L13:
 183 000c 00000000 		.word	lv_global
 184              		.cfi_endproc
 185              	.LFE242:
 187              		.section	.text.lv_get_snippet,"ax",%progbits
 188              		.align	1
 189              		.syntax unified
 190              		.thumb
 191              		.thumb_func
 193              	lv_get_snippet:
 194              	.LVL20:
 195              	.LFB243:
 975:Middlewares/LVGL/lvgl/src/widgets/span/lv_span.c **** 
 976:Middlewares/LVGL/lvgl/src/widgets/span/lv_span.c **** static lv_snippet_t * lv_get_snippet(uint32_t index)
 977:Middlewares/LVGL/lvgl/src/widgets/span/lv_span.c **** {
 196              		.loc 1 977 1 is_stmt 1 view -0
 197              		.cfi_startproc
 198              		@ args = 0, pretend = 0, frame = 0
 199              		@ frame_needed = 0, uses_anonymous_args = 0
 200              		@ link register save eliminated.
 978:Middlewares/LVGL/lvgl/src/widgets/span/lv_span.c ****     return &snippet_stack->stack[index];
 201              		.loc 1 978 5 view .LVU52
 202              		.loc 1 978 13 is_stmt 0 view .LVU53
 203 0000 034B     		ldr	r3, .L16
 204 0002 D3F8F831 		ldr	r3, [r3, #504]
 205              		.loc 1 978 12 view .LVU54
 206 0006 C0EBC000 		rsb	r0, r0, r0, lsl #3
 207              	.LVL21:
 979:Middlewares/LVGL/lvgl/src/widgets/span/lv_span.c **** }
 208              		.loc 1 979 1 view .LVU55
 209 000a 03EB8000 		add	r0, r3, r0, lsl #2
 210 000e 7047     		bx	lr
 211              	.L17:
 212              		.align	2
 213              	.L16:
 214 0010 00000000 		.word	lv_global
 215              		.cfi_endproc
 216              	.LFE243:
 218              		.section	.text.lv_snippet_clear,"ax",%progbits
 219              		.align	1
 220              		.syntax unified
 221              		.thumb
 222              		.thumb_func
ARM GAS  C:\Users\w1785\AppData\Local\Temp\ccRqOZjG.s 			page 26


 224              	lv_snippet_clear:
 225              	.LFB244:
 980:Middlewares/LVGL/lvgl/src/widgets/span/lv_span.c **** 
 981:Middlewares/LVGL/lvgl/src/widgets/span/lv_span.c **** static void lv_snippet_clear(void)
 982:Middlewares/LVGL/lvgl/src/widgets/span/lv_span.c **** {
 226              		.loc 1 982 1 is_stmt 1 view -0
 227              		.cfi_startproc
 228              		@ args = 0, pretend = 0, frame = 0
 229              		@ frame_needed = 0, uses_anonymous_args = 0
 230              		@ link register save eliminated.
 983:Middlewares/LVGL/lvgl/src/widgets/span/lv_span.c ****     snippet_stack->index = 0;
 231              		.loc 1 983 5 view .LVU57
 232 0000 034B     		ldr	r3, .L19
 233 0002 D3F8F831 		ldr	r3, [r3, #504]
 234              		.loc 1 983 26 is_stmt 0 view .LVU58
 235 0006 0022     		movs	r2, #0
 236 0008 C3F80027 		str	r2, [r3, #1792]
 984:Middlewares/LVGL/lvgl/src/widgets/span/lv_span.c **** }
 237              		.loc 1 984 1 view .LVU59
 238 000c 7047     		bx	lr
 239              	.L20:
 240 000e 00BF     		.align	2
 241              	.L19:
 242 0010 00000000 		.word	lv_global
 243              		.cfi_endproc
 244              	.LFE244:
 246              		.section	.text.lv_span_get_style_text_letter_space,"ax",%progbits
 247              		.align	1
 248              		.syntax unified
 249              		.thumb
 250              		.thumb_func
 252              	lv_span_get_style_text_letter_space:
 253              	.LVL22:
 254              	.LFB246:
 985:Middlewares/LVGL/lvgl/src/widgets/span/lv_span.c **** 
 986:Middlewares/LVGL/lvgl/src/widgets/span/lv_span.c **** static const lv_font_t * lv_span_get_style_text_font(lv_obj_t * par, lv_span_t * span)
 987:Middlewares/LVGL/lvgl/src/widgets/span/lv_span.c **** {
 988:Middlewares/LVGL/lvgl/src/widgets/span/lv_span.c ****     const lv_font_t * font;
 989:Middlewares/LVGL/lvgl/src/widgets/span/lv_span.c ****     lv_style_value_t value;
 990:Middlewares/LVGL/lvgl/src/widgets/span/lv_span.c ****     lv_style_res_t res = lv_style_get_prop(&span->style, LV_STYLE_TEXT_FONT, &value);
 991:Middlewares/LVGL/lvgl/src/widgets/span/lv_span.c ****     if(res != LV_STYLE_RES_FOUND) {
 992:Middlewares/LVGL/lvgl/src/widgets/span/lv_span.c ****         font = lv_obj_get_style_text_font(par, LV_PART_MAIN);
 993:Middlewares/LVGL/lvgl/src/widgets/span/lv_span.c ****     }
 994:Middlewares/LVGL/lvgl/src/widgets/span/lv_span.c ****     else {
 995:Middlewares/LVGL/lvgl/src/widgets/span/lv_span.c ****         font = (const lv_font_t *)value.ptr;
 996:Middlewares/LVGL/lvgl/src/widgets/span/lv_span.c ****     }
 997:Middlewares/LVGL/lvgl/src/widgets/span/lv_span.c ****     return font;
 998:Middlewares/LVGL/lvgl/src/widgets/span/lv_span.c **** }
 999:Middlewares/LVGL/lvgl/src/widgets/span/lv_span.c **** 
1000:Middlewares/LVGL/lvgl/src/widgets/span/lv_span.c **** static int32_t lv_span_get_style_text_letter_space(lv_obj_t * par, lv_span_t * span)
1001:Middlewares/LVGL/lvgl/src/widgets/span/lv_span.c **** {
 255              		.loc 1 1001 1 is_stmt 1 view -0
 256              		.cfi_startproc
 257              		@ args = 0, pretend = 0, frame = 8
 258              		@ frame_needed = 0, uses_anonymous_args = 0
 259              		.loc 1 1001 1 is_stmt 0 view .LVU61
 260 0000 10B5     		push	{r4, lr}
ARM GAS  C:\Users\w1785\AppData\Local\Temp\ccRqOZjG.s 			page 27


 261              	.LCFI0:
 262              		.cfi_def_cfa_offset 8
 263              		.cfi_offset 4, -8
 264              		.cfi_offset 14, -4
 265 0002 82B0     		sub	sp, sp, #8
 266              	.LCFI1:
 267              		.cfi_def_cfa_offset 16
 268 0004 0446     		mov	r4, r0
 269 0006 0846     		mov	r0, r1
 270              	.LVL23:
1002:Middlewares/LVGL/lvgl/src/widgets/span/lv_span.c ****     int32_t letter_space;
 271              		.loc 1 1002 5 is_stmt 1 view .LVU62
1003:Middlewares/LVGL/lvgl/src/widgets/span/lv_span.c ****     lv_style_value_t value;
 272              		.loc 1 1003 5 view .LVU63
1004:Middlewares/LVGL/lvgl/src/widgets/span/lv_span.c ****     lv_style_res_t res = lv_style_get_prop(&span->style, LV_STYLE_TEXT_LETTER_SPACE, &value);
 273              		.loc 1 1004 5 view .LVU64
 274              		.loc 1 1004 26 is_stmt 0 view .LVU65
 275 0008 01AA     		add	r2, sp, #4
 276 000a 6621     		movs	r1, #102
 277              	.LVL24:
 278              		.loc 1 1004 26 view .LVU66
 279 000c 0430     		adds	r0, r0, #4
 280              	.LVL25:
 281              		.loc 1 1004 26 view .LVU67
 282 000e FFF7FEFF 		bl	lv_style_get_prop
 283              	.LVL26:
1005:Middlewares/LVGL/lvgl/src/widgets/span/lv_span.c ****     if(res != LV_STYLE_RES_FOUND) {
 284              		.loc 1 1005 5 is_stmt 1 view .LVU68
 285              		.loc 1 1005 7 is_stmt 0 view .LVU69
 286 0012 0128     		cmp	r0, #1
 287 0014 02D1     		bne	.L25
1006:Middlewares/LVGL/lvgl/src/widgets/span/lv_span.c ****         letter_space = lv_obj_get_style_text_letter_space(par, LV_PART_MAIN);
1007:Middlewares/LVGL/lvgl/src/widgets/span/lv_span.c ****     }
1008:Middlewares/LVGL/lvgl/src/widgets/span/lv_span.c ****     else {
1009:Middlewares/LVGL/lvgl/src/widgets/span/lv_span.c ****         letter_space = (int32_t)value.num;
 288              		.loc 1 1009 9 is_stmt 1 view .LVU70
 289              		.loc 1 1009 22 is_stmt 0 view .LVU71
 290 0016 0198     		ldr	r0, [sp, #4]
 291              	.LVL27:
1010:Middlewares/LVGL/lvgl/src/widgets/span/lv_span.c ****     }
1011:Middlewares/LVGL/lvgl/src/widgets/span/lv_span.c ****     return letter_space;
 292              		.loc 1 1011 5 is_stmt 1 view .LVU72
 293              	.L21:
1012:Middlewares/LVGL/lvgl/src/widgets/span/lv_span.c **** }
 294              		.loc 1 1012 1 is_stmt 0 view .LVU73
 295 0018 02B0     		add	sp, sp, #8
 296              	.LCFI2:
 297              		.cfi_remember_state
 298              		.cfi_def_cfa_offset 8
 299              		@ sp needed
 300 001a 10BD     		pop	{r4, pc}
 301              	.LVL28:
 302              	.L25:
 303              	.LCFI3:
 304              		.cfi_restore_state
1006:Middlewares/LVGL/lvgl/src/widgets/span/lv_span.c ****         letter_space = lv_obj_get_style_text_letter_space(par, LV_PART_MAIN);
 305              		.loc 1 1006 9 is_stmt 1 view .LVU74
ARM GAS  C:\Users\w1785\AppData\Local\Temp\ccRqOZjG.s 			page 28


 306              	.LBB82:
 307              	.LBI82:
 308              		.file 3 "Middlewares/LVGL/lvgl/src/widgets/span/../../core/lv_obj_style_gen.h"
   1:Middlewares/LVGL/lvgl/src/widgets/span/../../core/lv_obj_style_gen.h **** /*
   2:Middlewares/LVGL/lvgl/src/widgets/span/../../core/lv_obj_style_gen.h ****  * @file
   3:Middlewares/LVGL/lvgl/src/widgets/span/../../core/lv_obj_style_gen.h ****  *
   4:Middlewares/LVGL/lvgl/src/widgets/span/../../core/lv_obj_style_gen.h ****  **********************************************************************
   5:Middlewares/LVGL/lvgl/src/widgets/span/../../core/lv_obj_style_gen.h ****  *                            DO NOT EDIT
   6:Middlewares/LVGL/lvgl/src/widgets/span/../../core/lv_obj_style_gen.h ****  * This file is automatically generated by "style_api_gen.py"
   7:Middlewares/LVGL/lvgl/src/widgets/span/../../core/lv_obj_style_gen.h ****  **********************************************************************
   8:Middlewares/LVGL/lvgl/src/widgets/span/../../core/lv_obj_style_gen.h ****  */
   9:Middlewares/LVGL/lvgl/src/widgets/span/../../core/lv_obj_style_gen.h **** 
  10:Middlewares/LVGL/lvgl/src/widgets/span/../../core/lv_obj_style_gen.h **** 
  11:Middlewares/LVGL/lvgl/src/widgets/span/../../core/lv_obj_style_gen.h **** #ifndef LV_OBJ_STYLE_GEN_H
  12:Middlewares/LVGL/lvgl/src/widgets/span/../../core/lv_obj_style_gen.h **** #define LV_OBJ_STYLE_GEN_H
  13:Middlewares/LVGL/lvgl/src/widgets/span/../../core/lv_obj_style_gen.h **** 
  14:Middlewares/LVGL/lvgl/src/widgets/span/../../core/lv_obj_style_gen.h **** #ifdef __cplusplus
  15:Middlewares/LVGL/lvgl/src/widgets/span/../../core/lv_obj_style_gen.h **** extern "C" {
  16:Middlewares/LVGL/lvgl/src/widgets/span/../../core/lv_obj_style_gen.h **** #endif
  17:Middlewares/LVGL/lvgl/src/widgets/span/../../core/lv_obj_style_gen.h **** 
  18:Middlewares/LVGL/lvgl/src/widgets/span/../../core/lv_obj_style_gen.h **** #include "../misc/lv_area.h"
  19:Middlewares/LVGL/lvgl/src/widgets/span/../../core/lv_obj_style_gen.h **** #include "../misc/lv_style.h"
  20:Middlewares/LVGL/lvgl/src/widgets/span/../../core/lv_obj_style_gen.h **** #include "../core/lv_obj_style.h"
  21:Middlewares/LVGL/lvgl/src/widgets/span/../../core/lv_obj_style_gen.h **** #include "../misc/lv_types.h"
  22:Middlewares/LVGL/lvgl/src/widgets/span/../../core/lv_obj_style_gen.h **** 
  23:Middlewares/LVGL/lvgl/src/widgets/span/../../core/lv_obj_style_gen.h **** /**
  24:Middlewares/LVGL/lvgl/src/widgets/span/../../core/lv_obj_style_gen.h ****  * Gets width of Widget. Pixel, percentage and `LV_SIZE_CONTENT` values can be used.
  25:Middlewares/LVGL/lvgl/src/widgets/span/../../core/lv_obj_style_gen.h ****  * Percentage values are relative to the width of the parent's content area.
  26:Middlewares/LVGL/lvgl/src/widgets/span/../../core/lv_obj_style_gen.h ****  * Default: Widget dependent, inherited: No, layout: Yes, ext. draw: No.
  27:Middlewares/LVGL/lvgl/src/widgets/span/../../core/lv_obj_style_gen.h ****  * @param  obj    Pointer to Widget
  28:Middlewares/LVGL/lvgl/src/widgets/span/../../core/lv_obj_style_gen.h ****  * @param  part   One of the `LV_PART_...` enum values
  29:Middlewares/LVGL/lvgl/src/widgets/span/../../core/lv_obj_style_gen.h ****  */
  30:Middlewares/LVGL/lvgl/src/widgets/span/../../core/lv_obj_style_gen.h **** static inline int32_t lv_obj_get_style_width(const lv_obj_t * obj, lv_part_t part)
  31:Middlewares/LVGL/lvgl/src/widgets/span/../../core/lv_obj_style_gen.h **** {
  32:Middlewares/LVGL/lvgl/src/widgets/span/../../core/lv_obj_style_gen.h ****     lv_style_value_t v = lv_obj_get_style_prop(obj, part, LV_STYLE_WIDTH);
  33:Middlewares/LVGL/lvgl/src/widgets/span/../../core/lv_obj_style_gen.h ****     return (int32_t)v.num;
  34:Middlewares/LVGL/lvgl/src/widgets/span/../../core/lv_obj_style_gen.h **** }
  35:Middlewares/LVGL/lvgl/src/widgets/span/../../core/lv_obj_style_gen.h **** 
  36:Middlewares/LVGL/lvgl/src/widgets/span/../../core/lv_obj_style_gen.h **** /**
  37:Middlewares/LVGL/lvgl/src/widgets/span/../../core/lv_obj_style_gen.h ****  * Gets a minimal width. Pixel and percentage values can be used. Percentage values
  38:Middlewares/LVGL/lvgl/src/widgets/span/../../core/lv_obj_style_gen.h ****  * are relative to the width of the parent's content area.
  39:Middlewares/LVGL/lvgl/src/widgets/span/../../core/lv_obj_style_gen.h ****  * Default: 0, inherited: No, layout: Yes, ext. draw: No.
  40:Middlewares/LVGL/lvgl/src/widgets/span/../../core/lv_obj_style_gen.h ****  * @param  obj    Pointer to Widget
  41:Middlewares/LVGL/lvgl/src/widgets/span/../../core/lv_obj_style_gen.h ****  * @param  part   One of the `LV_PART_...` enum values
  42:Middlewares/LVGL/lvgl/src/widgets/span/../../core/lv_obj_style_gen.h ****  */
  43:Middlewares/LVGL/lvgl/src/widgets/span/../../core/lv_obj_style_gen.h **** static inline int32_t lv_obj_get_style_min_width(const lv_obj_t * obj, lv_part_t part)
  44:Middlewares/LVGL/lvgl/src/widgets/span/../../core/lv_obj_style_gen.h **** {
  45:Middlewares/LVGL/lvgl/src/widgets/span/../../core/lv_obj_style_gen.h ****     lv_style_value_t v = lv_obj_get_style_prop(obj, part, LV_STYLE_MIN_WIDTH);
  46:Middlewares/LVGL/lvgl/src/widgets/span/../../core/lv_obj_style_gen.h ****     return (int32_t)v.num;
  47:Middlewares/LVGL/lvgl/src/widgets/span/../../core/lv_obj_style_gen.h **** }
  48:Middlewares/LVGL/lvgl/src/widgets/span/../../core/lv_obj_style_gen.h **** 
  49:Middlewares/LVGL/lvgl/src/widgets/span/../../core/lv_obj_style_gen.h **** /**
  50:Middlewares/LVGL/lvgl/src/widgets/span/../../core/lv_obj_style_gen.h ****  * Gets a maximal width. Pixel and percentage values can be used. Percentage values
  51:Middlewares/LVGL/lvgl/src/widgets/span/../../core/lv_obj_style_gen.h ****  * are relative to the width of the parent's content area.
  52:Middlewares/LVGL/lvgl/src/widgets/span/../../core/lv_obj_style_gen.h ****  * Default: LV_COORD_MAX, inherited: No, layout: Yes, ext. draw: No.
  53:Middlewares/LVGL/lvgl/src/widgets/span/../../core/lv_obj_style_gen.h ****  * @param  obj    Pointer to Widget
  54:Middlewares/LVGL/lvgl/src/widgets/span/../../core/lv_obj_style_gen.h ****  * @param  part   One of the `LV_PART_...` enum values
ARM GAS  C:\Users\w1785\AppData\Local\Temp\ccRqOZjG.s 			page 29


  55:Middlewares/LVGL/lvgl/src/widgets/span/../../core/lv_obj_style_gen.h ****  */
  56:Middlewares/LVGL/lvgl/src/widgets/span/../../core/lv_obj_style_gen.h **** static inline int32_t lv_obj_get_style_max_width(const lv_obj_t * obj, lv_part_t part)
  57:Middlewares/LVGL/lvgl/src/widgets/span/../../core/lv_obj_style_gen.h **** {
  58:Middlewares/LVGL/lvgl/src/widgets/span/../../core/lv_obj_style_gen.h ****     lv_style_value_t v = lv_obj_get_style_prop(obj, part, LV_STYLE_MAX_WIDTH);
  59:Middlewares/LVGL/lvgl/src/widgets/span/../../core/lv_obj_style_gen.h ****     return (int32_t)v.num;
  60:Middlewares/LVGL/lvgl/src/widgets/span/../../core/lv_obj_style_gen.h **** }
  61:Middlewares/LVGL/lvgl/src/widgets/span/../../core/lv_obj_style_gen.h **** 
  62:Middlewares/LVGL/lvgl/src/widgets/span/../../core/lv_obj_style_gen.h **** /**
  63:Middlewares/LVGL/lvgl/src/widgets/span/../../core/lv_obj_style_gen.h ****  * Gets height of Widget. Pixel, percentage and `LV_SIZE_CONTENT` can be used.
  64:Middlewares/LVGL/lvgl/src/widgets/span/../../core/lv_obj_style_gen.h ****  * Percentage values are relative to the height of the parent's content area.
  65:Middlewares/LVGL/lvgl/src/widgets/span/../../core/lv_obj_style_gen.h ****  * Default: Widget dependent, inherited: No, layout: Yes, ext. draw: No.
  66:Middlewares/LVGL/lvgl/src/widgets/span/../../core/lv_obj_style_gen.h ****  * @param  obj    Pointer to Widget
  67:Middlewares/LVGL/lvgl/src/widgets/span/../../core/lv_obj_style_gen.h ****  * @param  part   One of the `LV_PART_...` enum values
  68:Middlewares/LVGL/lvgl/src/widgets/span/../../core/lv_obj_style_gen.h ****  */
  69:Middlewares/LVGL/lvgl/src/widgets/span/../../core/lv_obj_style_gen.h **** static inline int32_t lv_obj_get_style_height(const lv_obj_t * obj, lv_part_t part)
  70:Middlewares/LVGL/lvgl/src/widgets/span/../../core/lv_obj_style_gen.h **** {
  71:Middlewares/LVGL/lvgl/src/widgets/span/../../core/lv_obj_style_gen.h ****     lv_style_value_t v = lv_obj_get_style_prop(obj, part, LV_STYLE_HEIGHT);
  72:Middlewares/LVGL/lvgl/src/widgets/span/../../core/lv_obj_style_gen.h ****     return (int32_t)v.num;
  73:Middlewares/LVGL/lvgl/src/widgets/span/../../core/lv_obj_style_gen.h **** }
  74:Middlewares/LVGL/lvgl/src/widgets/span/../../core/lv_obj_style_gen.h **** 
  75:Middlewares/LVGL/lvgl/src/widgets/span/../../core/lv_obj_style_gen.h **** /**
  76:Middlewares/LVGL/lvgl/src/widgets/span/../../core/lv_obj_style_gen.h ****  * Gets a minimal height. Pixel and percentage values can be used. Percentage values
  77:Middlewares/LVGL/lvgl/src/widgets/span/../../core/lv_obj_style_gen.h ****  * are relative to the height of the parent's content area.
  78:Middlewares/LVGL/lvgl/src/widgets/span/../../core/lv_obj_style_gen.h ****  * Default: 0, inherited: No, layout: Yes, ext. draw: No.
  79:Middlewares/LVGL/lvgl/src/widgets/span/../../core/lv_obj_style_gen.h ****  * @param  obj    Pointer to Widget
  80:Middlewares/LVGL/lvgl/src/widgets/span/../../core/lv_obj_style_gen.h ****  * @param  part   One of the `LV_PART_...` enum values
  81:Middlewares/LVGL/lvgl/src/widgets/span/../../core/lv_obj_style_gen.h ****  */
  82:Middlewares/LVGL/lvgl/src/widgets/span/../../core/lv_obj_style_gen.h **** static inline int32_t lv_obj_get_style_min_height(const lv_obj_t * obj, lv_part_t part)
  83:Middlewares/LVGL/lvgl/src/widgets/span/../../core/lv_obj_style_gen.h **** {
  84:Middlewares/LVGL/lvgl/src/widgets/span/../../core/lv_obj_style_gen.h ****     lv_style_value_t v = lv_obj_get_style_prop(obj, part, LV_STYLE_MIN_HEIGHT);
  85:Middlewares/LVGL/lvgl/src/widgets/span/../../core/lv_obj_style_gen.h ****     return (int32_t)v.num;
  86:Middlewares/LVGL/lvgl/src/widgets/span/../../core/lv_obj_style_gen.h **** }
  87:Middlewares/LVGL/lvgl/src/widgets/span/../../core/lv_obj_style_gen.h **** 
  88:Middlewares/LVGL/lvgl/src/widgets/span/../../core/lv_obj_style_gen.h **** /**
  89:Middlewares/LVGL/lvgl/src/widgets/span/../../core/lv_obj_style_gen.h ****  * Gets a maximal height. Pixel and percentage values can be used. Percentage values
  90:Middlewares/LVGL/lvgl/src/widgets/span/../../core/lv_obj_style_gen.h ****  * are relative to the height of the parent's content area.
  91:Middlewares/LVGL/lvgl/src/widgets/span/../../core/lv_obj_style_gen.h ****  * Default: LV_COORD_MAX, inherited: No, layout: Yes, ext. draw: No.
  92:Middlewares/LVGL/lvgl/src/widgets/span/../../core/lv_obj_style_gen.h ****  * @param  obj    Pointer to Widget
  93:Middlewares/LVGL/lvgl/src/widgets/span/../../core/lv_obj_style_gen.h ****  * @param  part   One of the `LV_PART_...` enum values
  94:Middlewares/LVGL/lvgl/src/widgets/span/../../core/lv_obj_style_gen.h ****  */
  95:Middlewares/LVGL/lvgl/src/widgets/span/../../core/lv_obj_style_gen.h **** static inline int32_t lv_obj_get_style_max_height(const lv_obj_t * obj, lv_part_t part)
  96:Middlewares/LVGL/lvgl/src/widgets/span/../../core/lv_obj_style_gen.h **** {
  97:Middlewares/LVGL/lvgl/src/widgets/span/../../core/lv_obj_style_gen.h ****     lv_style_value_t v = lv_obj_get_style_prop(obj, part, LV_STYLE_MAX_HEIGHT);
  98:Middlewares/LVGL/lvgl/src/widgets/span/../../core/lv_obj_style_gen.h ****     return (int32_t)v.num;
  99:Middlewares/LVGL/lvgl/src/widgets/span/../../core/lv_obj_style_gen.h **** }
 100:Middlewares/LVGL/lvgl/src/widgets/span/../../core/lv_obj_style_gen.h **** 
 101:Middlewares/LVGL/lvgl/src/widgets/span/../../core/lv_obj_style_gen.h **** /**
 102:Middlewares/LVGL/lvgl/src/widgets/span/../../core/lv_obj_style_gen.h ****  * Its meaning depends on the type of Widget. For example in case of lv_scale it means
 103:Middlewares/LVGL/lvgl/src/widgets/span/../../core/lv_obj_style_gen.h ****  * the length of the ticks.
 104:Middlewares/LVGL/lvgl/src/widgets/span/../../core/lv_obj_style_gen.h ****  * Default: 0, inherited: No, layout: No, ext. draw: Yes.
 105:Middlewares/LVGL/lvgl/src/widgets/span/../../core/lv_obj_style_gen.h ****  * @param  obj    Pointer to Widget
 106:Middlewares/LVGL/lvgl/src/widgets/span/../../core/lv_obj_style_gen.h ****  * @param  part   One of the `LV_PART_...` enum values
 107:Middlewares/LVGL/lvgl/src/widgets/span/../../core/lv_obj_style_gen.h ****  */
 108:Middlewares/LVGL/lvgl/src/widgets/span/../../core/lv_obj_style_gen.h **** static inline int32_t lv_obj_get_style_length(const lv_obj_t * obj, lv_part_t part)
 109:Middlewares/LVGL/lvgl/src/widgets/span/../../core/lv_obj_style_gen.h **** {
 110:Middlewares/LVGL/lvgl/src/widgets/span/../../core/lv_obj_style_gen.h ****     lv_style_value_t v = lv_obj_get_style_prop(obj, part, LV_STYLE_LENGTH);
 111:Middlewares/LVGL/lvgl/src/widgets/span/../../core/lv_obj_style_gen.h ****     return (int32_t)v.num;
ARM GAS  C:\Users\w1785\AppData\Local\Temp\ccRqOZjG.s 			page 30


 112:Middlewares/LVGL/lvgl/src/widgets/span/../../core/lv_obj_style_gen.h **** }
 113:Middlewares/LVGL/lvgl/src/widgets/span/../../core/lv_obj_style_gen.h **** 
 114:Middlewares/LVGL/lvgl/src/widgets/span/../../core/lv_obj_style_gen.h **** /**
 115:Middlewares/LVGL/lvgl/src/widgets/span/../../core/lv_obj_style_gen.h ****  * Get X coordinate of Widget considering the ``align`` setting. Pixel and percentage
 116:Middlewares/LVGL/lvgl/src/widgets/span/../../core/lv_obj_style_gen.h ****  * values can be used. Percentage values are relative to the width of the parent's
 117:Middlewares/LVGL/lvgl/src/widgets/span/../../core/lv_obj_style_gen.h ****  * content area.
 118:Middlewares/LVGL/lvgl/src/widgets/span/../../core/lv_obj_style_gen.h ****  * Default: 0, inherited: No, layout: Yes, ext. draw: No.
 119:Middlewares/LVGL/lvgl/src/widgets/span/../../core/lv_obj_style_gen.h ****  * @param  obj    Pointer to Widget
 120:Middlewares/LVGL/lvgl/src/widgets/span/../../core/lv_obj_style_gen.h ****  * @param  part   One of the `LV_PART_...` enum values
 121:Middlewares/LVGL/lvgl/src/widgets/span/../../core/lv_obj_style_gen.h ****  */
 122:Middlewares/LVGL/lvgl/src/widgets/span/../../core/lv_obj_style_gen.h **** static inline int32_t lv_obj_get_style_x(const lv_obj_t * obj, lv_part_t part)
 123:Middlewares/LVGL/lvgl/src/widgets/span/../../core/lv_obj_style_gen.h **** {
 124:Middlewares/LVGL/lvgl/src/widgets/span/../../core/lv_obj_style_gen.h ****     lv_style_value_t v = lv_obj_get_style_prop(obj, part, LV_STYLE_X);
 125:Middlewares/LVGL/lvgl/src/widgets/span/../../core/lv_obj_style_gen.h ****     return (int32_t)v.num;
 126:Middlewares/LVGL/lvgl/src/widgets/span/../../core/lv_obj_style_gen.h **** }
 127:Middlewares/LVGL/lvgl/src/widgets/span/../../core/lv_obj_style_gen.h **** 
 128:Middlewares/LVGL/lvgl/src/widgets/span/../../core/lv_obj_style_gen.h **** /**
 129:Middlewares/LVGL/lvgl/src/widgets/span/../../core/lv_obj_style_gen.h ****  * Get Y coordinate of Widget considering the ``align`` setting. Pixel and percentage
 130:Middlewares/LVGL/lvgl/src/widgets/span/../../core/lv_obj_style_gen.h ****  * values can be used. Percentage values are relative to the height of the parent's
 131:Middlewares/LVGL/lvgl/src/widgets/span/../../core/lv_obj_style_gen.h ****  * content area.
 132:Middlewares/LVGL/lvgl/src/widgets/span/../../core/lv_obj_style_gen.h ****  * Default: 0, inherited: No, layout: Yes, ext. draw: No.
 133:Middlewares/LVGL/lvgl/src/widgets/span/../../core/lv_obj_style_gen.h ****  * @param  obj    Pointer to Widget
 134:Middlewares/LVGL/lvgl/src/widgets/span/../../core/lv_obj_style_gen.h ****  * @param  part   One of the `LV_PART_...` enum values
 135:Middlewares/LVGL/lvgl/src/widgets/span/../../core/lv_obj_style_gen.h ****  */
 136:Middlewares/LVGL/lvgl/src/widgets/span/../../core/lv_obj_style_gen.h **** static inline int32_t lv_obj_get_style_y(const lv_obj_t * obj, lv_part_t part)
 137:Middlewares/LVGL/lvgl/src/widgets/span/../../core/lv_obj_style_gen.h **** {
 138:Middlewares/LVGL/lvgl/src/widgets/span/../../core/lv_obj_style_gen.h ****     lv_style_value_t v = lv_obj_get_style_prop(obj, part, LV_STYLE_Y);
 139:Middlewares/LVGL/lvgl/src/widgets/span/../../core/lv_obj_style_gen.h ****     return (int32_t)v.num;
 140:Middlewares/LVGL/lvgl/src/widgets/span/../../core/lv_obj_style_gen.h **** }
 141:Middlewares/LVGL/lvgl/src/widgets/span/../../core/lv_obj_style_gen.h **** 
 142:Middlewares/LVGL/lvgl/src/widgets/span/../../core/lv_obj_style_gen.h **** /**
 143:Middlewares/LVGL/lvgl/src/widgets/span/../../core/lv_obj_style_gen.h ****  * Get the alignment which tells from which point of the parent the X and Y
 144:Middlewares/LVGL/lvgl/src/widgets/span/../../core/lv_obj_style_gen.h ****  * coordinates should be interpreted. Possible values are: `LV_ALIGN_DEFAULT`,
 145:Middlewares/LVGL/lvgl/src/widgets/span/../../core/lv_obj_style_gen.h ****  * `LV_ALIGN_TOP_LEFT/MID/RIGHT`, `LV_ALIGN_BOTTOM_LEFT/MID/RIGHT`,
 146:Middlewares/LVGL/lvgl/src/widgets/span/../../core/lv_obj_style_gen.h ****  * `LV_ALIGN_LEFT/RIGHT_MID`, `LV_ALIGN_CENTER`. `LV_ALIGN_DEFAULT` means
 147:Middlewares/LVGL/lvgl/src/widgets/span/../../core/lv_obj_style_gen.h ****  * `LV_ALIGN_TOP_LEFT` with LTR base direction and `LV_ALIGN_TOP_RIGHT` with RTL base
 148:Middlewares/LVGL/lvgl/src/widgets/span/../../core/lv_obj_style_gen.h ****  * direction.
 149:Middlewares/LVGL/lvgl/src/widgets/span/../../core/lv_obj_style_gen.h ****  * Default: `LV_ALIGN_DEFAULT`, inherited: No, layout: Yes, ext. draw: No.
 150:Middlewares/LVGL/lvgl/src/widgets/span/../../core/lv_obj_style_gen.h ****  * @param  obj    Pointer to Widget
 151:Middlewares/LVGL/lvgl/src/widgets/span/../../core/lv_obj_style_gen.h ****  * @param  part   One of the `LV_PART_...` enum values
 152:Middlewares/LVGL/lvgl/src/widgets/span/../../core/lv_obj_style_gen.h ****  */
 153:Middlewares/LVGL/lvgl/src/widgets/span/../../core/lv_obj_style_gen.h **** static inline lv_align_t lv_obj_get_style_align(const lv_obj_t * obj, lv_part_t part)
 154:Middlewares/LVGL/lvgl/src/widgets/span/../../core/lv_obj_style_gen.h **** {
 155:Middlewares/LVGL/lvgl/src/widgets/span/../../core/lv_obj_style_gen.h ****     lv_style_value_t v = lv_obj_get_style_prop(obj, part, LV_STYLE_ALIGN);
 156:Middlewares/LVGL/lvgl/src/widgets/span/../../core/lv_obj_style_gen.h ****     return (lv_align_t)v.num;
 157:Middlewares/LVGL/lvgl/src/widgets/span/../../core/lv_obj_style_gen.h **** }
 158:Middlewares/LVGL/lvgl/src/widgets/span/../../core/lv_obj_style_gen.h **** 
 159:Middlewares/LVGL/lvgl/src/widgets/span/../../core/lv_obj_style_gen.h **** /**
 160:Middlewares/LVGL/lvgl/src/widgets/span/../../core/lv_obj_style_gen.h ****  * Make Widget wider on both sides with this value. Pixel and percentage (with
 161:Middlewares/LVGL/lvgl/src/widgets/span/../../core/lv_obj_style_gen.h ****  * `lv_pct(x)`) values can be used. Percentage values are relative to Widget's width.
 162:Middlewares/LVGL/lvgl/src/widgets/span/../../core/lv_obj_style_gen.h ****  * Default: 0, inherited: No, layout: No, ext. draw: Yes.
 163:Middlewares/LVGL/lvgl/src/widgets/span/../../core/lv_obj_style_gen.h ****  * @param  obj    Pointer to Widget
 164:Middlewares/LVGL/lvgl/src/widgets/span/../../core/lv_obj_style_gen.h ****  * @param  part   One of the `LV_PART_...` enum values
 165:Middlewares/LVGL/lvgl/src/widgets/span/../../core/lv_obj_style_gen.h ****  */
 166:Middlewares/LVGL/lvgl/src/widgets/span/../../core/lv_obj_style_gen.h **** static inline int32_t lv_obj_get_style_transform_width(const lv_obj_t * obj, lv_part_t part)
 167:Middlewares/LVGL/lvgl/src/widgets/span/../../core/lv_obj_style_gen.h **** {
 168:Middlewares/LVGL/lvgl/src/widgets/span/../../core/lv_obj_style_gen.h ****     lv_style_value_t v = lv_obj_get_style_prop(obj, part, LV_STYLE_TRANSFORM_WIDTH);
ARM GAS  C:\Users\w1785\AppData\Local\Temp\ccRqOZjG.s 			page 31


 169:Middlewares/LVGL/lvgl/src/widgets/span/../../core/lv_obj_style_gen.h ****     return (int32_t)v.num;
 170:Middlewares/LVGL/lvgl/src/widgets/span/../../core/lv_obj_style_gen.h **** }
 171:Middlewares/LVGL/lvgl/src/widgets/span/../../core/lv_obj_style_gen.h **** 
 172:Middlewares/LVGL/lvgl/src/widgets/span/../../core/lv_obj_style_gen.h **** /**
 173:Middlewares/LVGL/lvgl/src/widgets/span/../../core/lv_obj_style_gen.h ****  * Make Widget higher on both sides with this value. Pixel and percentage (with
 174:Middlewares/LVGL/lvgl/src/widgets/span/../../core/lv_obj_style_gen.h ****  * `lv_pct(x)`) values can be used. Percentage values are relative to Widget's height.
 175:Middlewares/LVGL/lvgl/src/widgets/span/../../core/lv_obj_style_gen.h ****  * Default: 0, inherited: No, layout: No, ext. draw: Yes.
 176:Middlewares/LVGL/lvgl/src/widgets/span/../../core/lv_obj_style_gen.h ****  * @param  obj    Pointer to Widget
 177:Middlewares/LVGL/lvgl/src/widgets/span/../../core/lv_obj_style_gen.h ****  * @param  part   One of the `LV_PART_...` enum values
 178:Middlewares/LVGL/lvgl/src/widgets/span/../../core/lv_obj_style_gen.h ****  */
 179:Middlewares/LVGL/lvgl/src/widgets/span/../../core/lv_obj_style_gen.h **** static inline int32_t lv_obj_get_style_transform_height(const lv_obj_t * obj, lv_part_t part)
 180:Middlewares/LVGL/lvgl/src/widgets/span/../../core/lv_obj_style_gen.h **** {
 181:Middlewares/LVGL/lvgl/src/widgets/span/../../core/lv_obj_style_gen.h ****     lv_style_value_t v = lv_obj_get_style_prop(obj, part, LV_STYLE_TRANSFORM_HEIGHT);
 182:Middlewares/LVGL/lvgl/src/widgets/span/../../core/lv_obj_style_gen.h ****     return (int32_t)v.num;
 183:Middlewares/LVGL/lvgl/src/widgets/span/../../core/lv_obj_style_gen.h **** }
 184:Middlewares/LVGL/lvgl/src/widgets/span/../../core/lv_obj_style_gen.h **** 
 185:Middlewares/LVGL/lvgl/src/widgets/span/../../core/lv_obj_style_gen.h **** /**
 186:Middlewares/LVGL/lvgl/src/widgets/span/../../core/lv_obj_style_gen.h ****  * Move Widget with this value in X direction. Applied after layouts, aligns and other
 187:Middlewares/LVGL/lvgl/src/widgets/span/../../core/lv_obj_style_gen.h ****  * positioning. Pixel and percentage (with `lv_pct(x)`) values can be used. Percentage
 188:Middlewares/LVGL/lvgl/src/widgets/span/../../core/lv_obj_style_gen.h ****  * values are relative to Widget's width.
 189:Middlewares/LVGL/lvgl/src/widgets/span/../../core/lv_obj_style_gen.h ****  * Default: 0, inherited: No, layout: Yes, ext. draw: No.
 190:Middlewares/LVGL/lvgl/src/widgets/span/../../core/lv_obj_style_gen.h ****  * @param  obj    Pointer to Widget
 191:Middlewares/LVGL/lvgl/src/widgets/span/../../core/lv_obj_style_gen.h ****  * @param  part   One of the `LV_PART_...` enum values
 192:Middlewares/LVGL/lvgl/src/widgets/span/../../core/lv_obj_style_gen.h ****  */
 193:Middlewares/LVGL/lvgl/src/widgets/span/../../core/lv_obj_style_gen.h **** static inline int32_t lv_obj_get_style_translate_x(const lv_obj_t * obj, lv_part_t part)
 194:Middlewares/LVGL/lvgl/src/widgets/span/../../core/lv_obj_style_gen.h **** {
 195:Middlewares/LVGL/lvgl/src/widgets/span/../../core/lv_obj_style_gen.h ****     lv_style_value_t v = lv_obj_get_style_prop(obj, part, LV_STYLE_TRANSLATE_X);
 196:Middlewares/LVGL/lvgl/src/widgets/span/../../core/lv_obj_style_gen.h ****     return (int32_t)v.num;
 197:Middlewares/LVGL/lvgl/src/widgets/span/../../core/lv_obj_style_gen.h **** }
 198:Middlewares/LVGL/lvgl/src/widgets/span/../../core/lv_obj_style_gen.h **** 
 199:Middlewares/LVGL/lvgl/src/widgets/span/../../core/lv_obj_style_gen.h **** /**
 200:Middlewares/LVGL/lvgl/src/widgets/span/../../core/lv_obj_style_gen.h ****  * Move Widget with this value in Y direction. Applied after layouts, aligns and other
 201:Middlewares/LVGL/lvgl/src/widgets/span/../../core/lv_obj_style_gen.h ****  * positioning. Pixel and percentage (with `lv_pct(x)`) values can be used. Percentage
 202:Middlewares/LVGL/lvgl/src/widgets/span/../../core/lv_obj_style_gen.h ****  * values are relative to Widget's height.
 203:Middlewares/LVGL/lvgl/src/widgets/span/../../core/lv_obj_style_gen.h ****  * Default: 0, inherited: No, layout: Yes, ext. draw: No.
 204:Middlewares/LVGL/lvgl/src/widgets/span/../../core/lv_obj_style_gen.h ****  * @param  obj    Pointer to Widget
 205:Middlewares/LVGL/lvgl/src/widgets/span/../../core/lv_obj_style_gen.h ****  * @param  part   One of the `LV_PART_...` enum values
 206:Middlewares/LVGL/lvgl/src/widgets/span/../../core/lv_obj_style_gen.h ****  */
 207:Middlewares/LVGL/lvgl/src/widgets/span/../../core/lv_obj_style_gen.h **** static inline int32_t lv_obj_get_style_translate_y(const lv_obj_t * obj, lv_part_t part)
 208:Middlewares/LVGL/lvgl/src/widgets/span/../../core/lv_obj_style_gen.h **** {
 209:Middlewares/LVGL/lvgl/src/widgets/span/../../core/lv_obj_style_gen.h ****     lv_style_value_t v = lv_obj_get_style_prop(obj, part, LV_STYLE_TRANSLATE_Y);
 210:Middlewares/LVGL/lvgl/src/widgets/span/../../core/lv_obj_style_gen.h ****     return (int32_t)v.num;
 211:Middlewares/LVGL/lvgl/src/widgets/span/../../core/lv_obj_style_gen.h **** }
 212:Middlewares/LVGL/lvgl/src/widgets/span/../../core/lv_obj_style_gen.h **** 
 213:Middlewares/LVGL/lvgl/src/widgets/span/../../core/lv_obj_style_gen.h **** /**
 214:Middlewares/LVGL/lvgl/src/widgets/span/../../core/lv_obj_style_gen.h ****  * Move object around the centre of the parent object (e.g. around the circumference
 215:Middlewares/LVGL/lvgl/src/widgets/span/../../core/lv_obj_style_gen.h ****  * of a scale).
 216:Middlewares/LVGL/lvgl/src/widgets/span/../../core/lv_obj_style_gen.h ****  * Default: 0, inherited: No, layout: Yes, ext. draw: No.
 217:Middlewares/LVGL/lvgl/src/widgets/span/../../core/lv_obj_style_gen.h ****  * @param  obj    Pointer to Widget
 218:Middlewares/LVGL/lvgl/src/widgets/span/../../core/lv_obj_style_gen.h ****  * @param  part   One of the `LV_PART_...` enum values
 219:Middlewares/LVGL/lvgl/src/widgets/span/../../core/lv_obj_style_gen.h ****  */
 220:Middlewares/LVGL/lvgl/src/widgets/span/../../core/lv_obj_style_gen.h **** static inline int32_t lv_obj_get_style_translate_radial(const lv_obj_t * obj, lv_part_t part)
 221:Middlewares/LVGL/lvgl/src/widgets/span/../../core/lv_obj_style_gen.h **** {
 222:Middlewares/LVGL/lvgl/src/widgets/span/../../core/lv_obj_style_gen.h ****     lv_style_value_t v = lv_obj_get_style_prop(obj, part, LV_STYLE_TRANSLATE_RADIAL);
 223:Middlewares/LVGL/lvgl/src/widgets/span/../../core/lv_obj_style_gen.h ****     return (int32_t)v.num;
 224:Middlewares/LVGL/lvgl/src/widgets/span/../../core/lv_obj_style_gen.h **** }
 225:Middlewares/LVGL/lvgl/src/widgets/span/../../core/lv_obj_style_gen.h **** 
ARM GAS  C:\Users\w1785\AppData\Local\Temp\ccRqOZjG.s 			page 32


 226:Middlewares/LVGL/lvgl/src/widgets/span/../../core/lv_obj_style_gen.h **** /**
 227:Middlewares/LVGL/lvgl/src/widgets/span/../../core/lv_obj_style_gen.h ****  * Zoom Widget horizontally. The value 256 (or `LV_SCALE_NONE`) means normal size, 128
 228:Middlewares/LVGL/lvgl/src/widgets/span/../../core/lv_obj_style_gen.h ****  * half size, 512 double size, and so on.
 229:Middlewares/LVGL/lvgl/src/widgets/span/../../core/lv_obj_style_gen.h ****  * Default: 0, inherited: No, layout: Yes, ext. draw: Yes.
 230:Middlewares/LVGL/lvgl/src/widgets/span/../../core/lv_obj_style_gen.h ****  * @param  obj    Pointer to Widget
 231:Middlewares/LVGL/lvgl/src/widgets/span/../../core/lv_obj_style_gen.h ****  * @param  part   One of the `LV_PART_...` enum values
 232:Middlewares/LVGL/lvgl/src/widgets/span/../../core/lv_obj_style_gen.h ****  */
 233:Middlewares/LVGL/lvgl/src/widgets/span/../../core/lv_obj_style_gen.h **** static inline int32_t lv_obj_get_style_transform_scale_x(const lv_obj_t * obj, lv_part_t part)
 234:Middlewares/LVGL/lvgl/src/widgets/span/../../core/lv_obj_style_gen.h **** {
 235:Middlewares/LVGL/lvgl/src/widgets/span/../../core/lv_obj_style_gen.h ****     lv_style_value_t v = lv_obj_get_style_prop(obj, part, LV_STYLE_TRANSFORM_SCALE_X);
 236:Middlewares/LVGL/lvgl/src/widgets/span/../../core/lv_obj_style_gen.h ****     return (int32_t)v.num;
 237:Middlewares/LVGL/lvgl/src/widgets/span/../../core/lv_obj_style_gen.h **** }
 238:Middlewares/LVGL/lvgl/src/widgets/span/../../core/lv_obj_style_gen.h **** 
 239:Middlewares/LVGL/lvgl/src/widgets/span/../../core/lv_obj_style_gen.h **** /**
 240:Middlewares/LVGL/lvgl/src/widgets/span/../../core/lv_obj_style_gen.h ****  * Zoom Widget vertically. The value 256 (or `LV_SCALE_NONE`) means normal size, 128
 241:Middlewares/LVGL/lvgl/src/widgets/span/../../core/lv_obj_style_gen.h ****  * half size, 512 double size, and so on.
 242:Middlewares/LVGL/lvgl/src/widgets/span/../../core/lv_obj_style_gen.h ****  * Default: 0, inherited: No, layout: Yes, ext. draw: Yes.
 243:Middlewares/LVGL/lvgl/src/widgets/span/../../core/lv_obj_style_gen.h ****  * @param  obj    Pointer to Widget
 244:Middlewares/LVGL/lvgl/src/widgets/span/../../core/lv_obj_style_gen.h ****  * @param  part   One of the `LV_PART_...` enum values
 245:Middlewares/LVGL/lvgl/src/widgets/span/../../core/lv_obj_style_gen.h ****  */
 246:Middlewares/LVGL/lvgl/src/widgets/span/../../core/lv_obj_style_gen.h **** static inline int32_t lv_obj_get_style_transform_scale_y(const lv_obj_t * obj, lv_part_t part)
 247:Middlewares/LVGL/lvgl/src/widgets/span/../../core/lv_obj_style_gen.h **** {
 248:Middlewares/LVGL/lvgl/src/widgets/span/../../core/lv_obj_style_gen.h ****     lv_style_value_t v = lv_obj_get_style_prop(obj, part, LV_STYLE_TRANSFORM_SCALE_Y);
 249:Middlewares/LVGL/lvgl/src/widgets/span/../../core/lv_obj_style_gen.h ****     return (int32_t)v.num;
 250:Middlewares/LVGL/lvgl/src/widgets/span/../../core/lv_obj_style_gen.h **** }
 251:Middlewares/LVGL/lvgl/src/widgets/span/../../core/lv_obj_style_gen.h **** 
 252:Middlewares/LVGL/lvgl/src/widgets/span/../../core/lv_obj_style_gen.h **** /**
 253:Middlewares/LVGL/lvgl/src/widgets/span/../../core/lv_obj_style_gen.h ****  * Rotate Widget. The value is interpreted in 0.1 degree units. E.g. 450 means 45 deg.
 254:Middlewares/LVGL/lvgl/src/widgets/span/../../core/lv_obj_style_gen.h ****  * Default: 0, inherited: No, layout: Yes, ext. draw: Yes.
 255:Middlewares/LVGL/lvgl/src/widgets/span/../../core/lv_obj_style_gen.h ****  * @param  obj    Pointer to Widget
 256:Middlewares/LVGL/lvgl/src/widgets/span/../../core/lv_obj_style_gen.h ****  * @param  part   One of the `LV_PART_...` enum values
 257:Middlewares/LVGL/lvgl/src/widgets/span/../../core/lv_obj_style_gen.h ****  */
 258:Middlewares/LVGL/lvgl/src/widgets/span/../../core/lv_obj_style_gen.h **** static inline int32_t lv_obj_get_style_transform_rotation(const lv_obj_t * obj, lv_part_t part)
 259:Middlewares/LVGL/lvgl/src/widgets/span/../../core/lv_obj_style_gen.h **** {
 260:Middlewares/LVGL/lvgl/src/widgets/span/../../core/lv_obj_style_gen.h ****     lv_style_value_t v = lv_obj_get_style_prop(obj, part, LV_STYLE_TRANSFORM_ROTATION);
 261:Middlewares/LVGL/lvgl/src/widgets/span/../../core/lv_obj_style_gen.h ****     return (int32_t)v.num;
 262:Middlewares/LVGL/lvgl/src/widgets/span/../../core/lv_obj_style_gen.h **** }
 263:Middlewares/LVGL/lvgl/src/widgets/span/../../core/lv_obj_style_gen.h **** 
 264:Middlewares/LVGL/lvgl/src/widgets/span/../../core/lv_obj_style_gen.h **** /**
 265:Middlewares/LVGL/lvgl/src/widgets/span/../../core/lv_obj_style_gen.h ****  * Get pivot point's X coordinate for transformations. Relative to Widget's top left corner.
 266:Middlewares/LVGL/lvgl/src/widgets/span/../../core/lv_obj_style_gen.h ****  * Default: 0, inherited: No, layout: No, ext. draw: No.
 267:Middlewares/LVGL/lvgl/src/widgets/span/../../core/lv_obj_style_gen.h ****  * @param  obj    Pointer to Widget
 268:Middlewares/LVGL/lvgl/src/widgets/span/../../core/lv_obj_style_gen.h ****  * @param  part   One of the `LV_PART_...` enum values
 269:Middlewares/LVGL/lvgl/src/widgets/span/../../core/lv_obj_style_gen.h ****  */
 270:Middlewares/LVGL/lvgl/src/widgets/span/../../core/lv_obj_style_gen.h **** static inline int32_t lv_obj_get_style_transform_pivot_x(const lv_obj_t * obj, lv_part_t part)
 271:Middlewares/LVGL/lvgl/src/widgets/span/../../core/lv_obj_style_gen.h **** {
 272:Middlewares/LVGL/lvgl/src/widgets/span/../../core/lv_obj_style_gen.h ****     lv_style_value_t v = lv_obj_get_style_prop(obj, part, LV_STYLE_TRANSFORM_PIVOT_X);
 273:Middlewares/LVGL/lvgl/src/widgets/span/../../core/lv_obj_style_gen.h ****     return (int32_t)v.num;
 274:Middlewares/LVGL/lvgl/src/widgets/span/../../core/lv_obj_style_gen.h **** }
 275:Middlewares/LVGL/lvgl/src/widgets/span/../../core/lv_obj_style_gen.h **** 
 276:Middlewares/LVGL/lvgl/src/widgets/span/../../core/lv_obj_style_gen.h **** /**
 277:Middlewares/LVGL/lvgl/src/widgets/span/../../core/lv_obj_style_gen.h ****  * Get pivot point's Y coordinate for transformations. Relative to Widget's top left corner.
 278:Middlewares/LVGL/lvgl/src/widgets/span/../../core/lv_obj_style_gen.h ****  * Default: 0, inherited: No, layout: No, ext. draw: No.
 279:Middlewares/LVGL/lvgl/src/widgets/span/../../core/lv_obj_style_gen.h ****  * @param  obj    Pointer to Widget
 280:Middlewares/LVGL/lvgl/src/widgets/span/../../core/lv_obj_style_gen.h ****  * @param  part   One of the `LV_PART_...` enum values
 281:Middlewares/LVGL/lvgl/src/widgets/span/../../core/lv_obj_style_gen.h ****  */
 282:Middlewares/LVGL/lvgl/src/widgets/span/../../core/lv_obj_style_gen.h **** static inline int32_t lv_obj_get_style_transform_pivot_y(const lv_obj_t * obj, lv_part_t part)
ARM GAS  C:\Users\w1785\AppData\Local\Temp\ccRqOZjG.s 			page 33


 283:Middlewares/LVGL/lvgl/src/widgets/span/../../core/lv_obj_style_gen.h **** {
 284:Middlewares/LVGL/lvgl/src/widgets/span/../../core/lv_obj_style_gen.h ****     lv_style_value_t v = lv_obj_get_style_prop(obj, part, LV_STYLE_TRANSFORM_PIVOT_Y);
 285:Middlewares/LVGL/lvgl/src/widgets/span/../../core/lv_obj_style_gen.h ****     return (int32_t)v.num;
 286:Middlewares/LVGL/lvgl/src/widgets/span/../../core/lv_obj_style_gen.h **** }
 287:Middlewares/LVGL/lvgl/src/widgets/span/../../core/lv_obj_style_gen.h **** 
 288:Middlewares/LVGL/lvgl/src/widgets/span/../../core/lv_obj_style_gen.h **** /**
 289:Middlewares/LVGL/lvgl/src/widgets/span/../../core/lv_obj_style_gen.h ****  * Skew Widget horizontally. The value is interpreted in 0.1 degree units. E.g. 450
 290:Middlewares/LVGL/lvgl/src/widgets/span/../../core/lv_obj_style_gen.h ****  * means 45 deg.
 291:Middlewares/LVGL/lvgl/src/widgets/span/../../core/lv_obj_style_gen.h ****  * Default: 0, inherited: No, layout: Yes, ext. draw: Yes.
 292:Middlewares/LVGL/lvgl/src/widgets/span/../../core/lv_obj_style_gen.h ****  * @param  obj    Pointer to Widget
 293:Middlewares/LVGL/lvgl/src/widgets/span/../../core/lv_obj_style_gen.h ****  * @param  part   One of the `LV_PART_...` enum values
 294:Middlewares/LVGL/lvgl/src/widgets/span/../../core/lv_obj_style_gen.h ****  */
 295:Middlewares/LVGL/lvgl/src/widgets/span/../../core/lv_obj_style_gen.h **** static inline int32_t lv_obj_get_style_transform_skew_x(const lv_obj_t * obj, lv_part_t part)
 296:Middlewares/LVGL/lvgl/src/widgets/span/../../core/lv_obj_style_gen.h **** {
 297:Middlewares/LVGL/lvgl/src/widgets/span/../../core/lv_obj_style_gen.h ****     lv_style_value_t v = lv_obj_get_style_prop(obj, part, LV_STYLE_TRANSFORM_SKEW_X);
 298:Middlewares/LVGL/lvgl/src/widgets/span/../../core/lv_obj_style_gen.h ****     return (int32_t)v.num;
 299:Middlewares/LVGL/lvgl/src/widgets/span/../../core/lv_obj_style_gen.h **** }
 300:Middlewares/LVGL/lvgl/src/widgets/span/../../core/lv_obj_style_gen.h **** 
 301:Middlewares/LVGL/lvgl/src/widgets/span/../../core/lv_obj_style_gen.h **** /**
 302:Middlewares/LVGL/lvgl/src/widgets/span/../../core/lv_obj_style_gen.h ****  * Skew Widget vertically. The value is interpreted in 0.1 degree units. E.g. 450
 303:Middlewares/LVGL/lvgl/src/widgets/span/../../core/lv_obj_style_gen.h ****  * means 45 deg.
 304:Middlewares/LVGL/lvgl/src/widgets/span/../../core/lv_obj_style_gen.h ****  * Default: 0, inherited: No, layout: Yes, ext. draw: Yes.
 305:Middlewares/LVGL/lvgl/src/widgets/span/../../core/lv_obj_style_gen.h ****  * @param  obj    Pointer to Widget
 306:Middlewares/LVGL/lvgl/src/widgets/span/../../core/lv_obj_style_gen.h ****  * @param  part   One of the `LV_PART_...` enum values
 307:Middlewares/LVGL/lvgl/src/widgets/span/../../core/lv_obj_style_gen.h ****  */
 308:Middlewares/LVGL/lvgl/src/widgets/span/../../core/lv_obj_style_gen.h **** static inline int32_t lv_obj_get_style_transform_skew_y(const lv_obj_t * obj, lv_part_t part)
 309:Middlewares/LVGL/lvgl/src/widgets/span/../../core/lv_obj_style_gen.h **** {
 310:Middlewares/LVGL/lvgl/src/widgets/span/../../core/lv_obj_style_gen.h ****     lv_style_value_t v = lv_obj_get_style_prop(obj, part, LV_STYLE_TRANSFORM_SKEW_Y);
 311:Middlewares/LVGL/lvgl/src/widgets/span/../../core/lv_obj_style_gen.h ****     return (int32_t)v.num;
 312:Middlewares/LVGL/lvgl/src/widgets/span/../../core/lv_obj_style_gen.h **** }
 313:Middlewares/LVGL/lvgl/src/widgets/span/../../core/lv_obj_style_gen.h **** 
 314:Middlewares/LVGL/lvgl/src/widgets/span/../../core/lv_obj_style_gen.h **** /**
 315:Middlewares/LVGL/lvgl/src/widgets/span/../../core/lv_obj_style_gen.h ****  * Gets the padding on the top. It makes the content area smaller in this direction.
 316:Middlewares/LVGL/lvgl/src/widgets/span/../../core/lv_obj_style_gen.h ****  * Default: 0, inherited: No, layout: Yes, ext. draw: No.
 317:Middlewares/LVGL/lvgl/src/widgets/span/../../core/lv_obj_style_gen.h ****  * @param  obj    Pointer to Widget
 318:Middlewares/LVGL/lvgl/src/widgets/span/../../core/lv_obj_style_gen.h ****  * @param  part   One of the `LV_PART_...` enum values
 319:Middlewares/LVGL/lvgl/src/widgets/span/../../core/lv_obj_style_gen.h ****  */
 320:Middlewares/LVGL/lvgl/src/widgets/span/../../core/lv_obj_style_gen.h **** static inline int32_t lv_obj_get_style_pad_top(const lv_obj_t * obj, lv_part_t part)
 321:Middlewares/LVGL/lvgl/src/widgets/span/../../core/lv_obj_style_gen.h **** {
 322:Middlewares/LVGL/lvgl/src/widgets/span/../../core/lv_obj_style_gen.h ****     lv_style_value_t v = lv_obj_get_style_prop(obj, part, LV_STYLE_PAD_TOP);
 323:Middlewares/LVGL/lvgl/src/widgets/span/../../core/lv_obj_style_gen.h ****     return (int32_t)v.num;
 324:Middlewares/LVGL/lvgl/src/widgets/span/../../core/lv_obj_style_gen.h **** }
 325:Middlewares/LVGL/lvgl/src/widgets/span/../../core/lv_obj_style_gen.h **** 
 326:Middlewares/LVGL/lvgl/src/widgets/span/../../core/lv_obj_style_gen.h **** /**
 327:Middlewares/LVGL/lvgl/src/widgets/span/../../core/lv_obj_style_gen.h ****  * Gets the padding on the bottom. It makes the content area smaller in this direction.
 328:Middlewares/LVGL/lvgl/src/widgets/span/../../core/lv_obj_style_gen.h ****  * Default: 0, inherited: No, layout: Yes, ext. draw: No.
 329:Middlewares/LVGL/lvgl/src/widgets/span/../../core/lv_obj_style_gen.h ****  * @param  obj    Pointer to Widget
 330:Middlewares/LVGL/lvgl/src/widgets/span/../../core/lv_obj_style_gen.h ****  * @param  part   One of the `LV_PART_...` enum values
 331:Middlewares/LVGL/lvgl/src/widgets/span/../../core/lv_obj_style_gen.h ****  */
 332:Middlewares/LVGL/lvgl/src/widgets/span/../../core/lv_obj_style_gen.h **** static inline int32_t lv_obj_get_style_pad_bottom(const lv_obj_t * obj, lv_part_t part)
 333:Middlewares/LVGL/lvgl/src/widgets/span/../../core/lv_obj_style_gen.h **** {
 334:Middlewares/LVGL/lvgl/src/widgets/span/../../core/lv_obj_style_gen.h ****     lv_style_value_t v = lv_obj_get_style_prop(obj, part, LV_STYLE_PAD_BOTTOM);
 335:Middlewares/LVGL/lvgl/src/widgets/span/../../core/lv_obj_style_gen.h ****     return (int32_t)v.num;
 336:Middlewares/LVGL/lvgl/src/widgets/span/../../core/lv_obj_style_gen.h **** }
 337:Middlewares/LVGL/lvgl/src/widgets/span/../../core/lv_obj_style_gen.h **** 
 338:Middlewares/LVGL/lvgl/src/widgets/span/../../core/lv_obj_style_gen.h **** /**
 339:Middlewares/LVGL/lvgl/src/widgets/span/../../core/lv_obj_style_gen.h ****  * Gets the padding on the left. It makes the content area smaller in this direction.
ARM GAS  C:\Users\w1785\AppData\Local\Temp\ccRqOZjG.s 			page 34


 340:Middlewares/LVGL/lvgl/src/widgets/span/../../core/lv_obj_style_gen.h ****  * Default: 0, inherited: No, layout: Yes, ext. draw: No.
 341:Middlewares/LVGL/lvgl/src/widgets/span/../../core/lv_obj_style_gen.h ****  * @param  obj    Pointer to Widget
 342:Middlewares/LVGL/lvgl/src/widgets/span/../../core/lv_obj_style_gen.h ****  * @param  part   One of the `LV_PART_...` enum values
 343:Middlewares/LVGL/lvgl/src/widgets/span/../../core/lv_obj_style_gen.h ****  */
 344:Middlewares/LVGL/lvgl/src/widgets/span/../../core/lv_obj_style_gen.h **** static inline int32_t lv_obj_get_style_pad_left(const lv_obj_t * obj, lv_part_t part)
 345:Middlewares/LVGL/lvgl/src/widgets/span/../../core/lv_obj_style_gen.h **** {
 346:Middlewares/LVGL/lvgl/src/widgets/span/../../core/lv_obj_style_gen.h ****     lv_style_value_t v = lv_obj_get_style_prop(obj, part, LV_STYLE_PAD_LEFT);
 347:Middlewares/LVGL/lvgl/src/widgets/span/../../core/lv_obj_style_gen.h ****     return (int32_t)v.num;
 348:Middlewares/LVGL/lvgl/src/widgets/span/../../core/lv_obj_style_gen.h **** }
 349:Middlewares/LVGL/lvgl/src/widgets/span/../../core/lv_obj_style_gen.h **** 
 350:Middlewares/LVGL/lvgl/src/widgets/span/../../core/lv_obj_style_gen.h **** /**
 351:Middlewares/LVGL/lvgl/src/widgets/span/../../core/lv_obj_style_gen.h ****  * Gets the padding on the right. It makes the content area smaller in this direction.
 352:Middlewares/LVGL/lvgl/src/widgets/span/../../core/lv_obj_style_gen.h ****  * Default: 0, inherited: No, layout: Yes, ext. draw: No.
 353:Middlewares/LVGL/lvgl/src/widgets/span/../../core/lv_obj_style_gen.h ****  * @param  obj    Pointer to Widget
 354:Middlewares/LVGL/lvgl/src/widgets/span/../../core/lv_obj_style_gen.h ****  * @param  part   One of the `LV_PART_...` enum values
 355:Middlewares/LVGL/lvgl/src/widgets/span/../../core/lv_obj_style_gen.h ****  */
 356:Middlewares/LVGL/lvgl/src/widgets/span/../../core/lv_obj_style_gen.h **** static inline int32_t lv_obj_get_style_pad_right(const lv_obj_t * obj, lv_part_t part)
 357:Middlewares/LVGL/lvgl/src/widgets/span/../../core/lv_obj_style_gen.h **** {
 358:Middlewares/LVGL/lvgl/src/widgets/span/../../core/lv_obj_style_gen.h ****     lv_style_value_t v = lv_obj_get_style_prop(obj, part, LV_STYLE_PAD_RIGHT);
 359:Middlewares/LVGL/lvgl/src/widgets/span/../../core/lv_obj_style_gen.h ****     return (int32_t)v.num;
 360:Middlewares/LVGL/lvgl/src/widgets/span/../../core/lv_obj_style_gen.h **** }
 361:Middlewares/LVGL/lvgl/src/widgets/span/../../core/lv_obj_style_gen.h **** 
 362:Middlewares/LVGL/lvgl/src/widgets/span/../../core/lv_obj_style_gen.h **** /**
 363:Middlewares/LVGL/lvgl/src/widgets/span/../../core/lv_obj_style_gen.h ****  * Gets the padding between the rows. Used by the layouts.
 364:Middlewares/LVGL/lvgl/src/widgets/span/../../core/lv_obj_style_gen.h ****  * Default: 0, inherited: No, layout: Yes, ext. draw: No.
 365:Middlewares/LVGL/lvgl/src/widgets/span/../../core/lv_obj_style_gen.h ****  * @param  obj    Pointer to Widget
 366:Middlewares/LVGL/lvgl/src/widgets/span/../../core/lv_obj_style_gen.h ****  * @param  part   One of the `LV_PART_...` enum values
 367:Middlewares/LVGL/lvgl/src/widgets/span/../../core/lv_obj_style_gen.h ****  */
 368:Middlewares/LVGL/lvgl/src/widgets/span/../../core/lv_obj_style_gen.h **** static inline int32_t lv_obj_get_style_pad_row(const lv_obj_t * obj, lv_part_t part)
 369:Middlewares/LVGL/lvgl/src/widgets/span/../../core/lv_obj_style_gen.h **** {
 370:Middlewares/LVGL/lvgl/src/widgets/span/../../core/lv_obj_style_gen.h ****     lv_style_value_t v = lv_obj_get_style_prop(obj, part, LV_STYLE_PAD_ROW);
 371:Middlewares/LVGL/lvgl/src/widgets/span/../../core/lv_obj_style_gen.h ****     return (int32_t)v.num;
 372:Middlewares/LVGL/lvgl/src/widgets/span/../../core/lv_obj_style_gen.h **** }
 373:Middlewares/LVGL/lvgl/src/widgets/span/../../core/lv_obj_style_gen.h **** 
 374:Middlewares/LVGL/lvgl/src/widgets/span/../../core/lv_obj_style_gen.h **** /**
 375:Middlewares/LVGL/lvgl/src/widgets/span/../../core/lv_obj_style_gen.h ****  * Gets the padding between the columns. Used by the layouts.
 376:Middlewares/LVGL/lvgl/src/widgets/span/../../core/lv_obj_style_gen.h ****  * Default: 0, inherited: No, layout: Yes, ext. draw: No.
 377:Middlewares/LVGL/lvgl/src/widgets/span/../../core/lv_obj_style_gen.h ****  * @param  obj    Pointer to Widget
 378:Middlewares/LVGL/lvgl/src/widgets/span/../../core/lv_obj_style_gen.h ****  * @param  part   One of the `LV_PART_...` enum values
 379:Middlewares/LVGL/lvgl/src/widgets/span/../../core/lv_obj_style_gen.h ****  */
 380:Middlewares/LVGL/lvgl/src/widgets/span/../../core/lv_obj_style_gen.h **** static inline int32_t lv_obj_get_style_pad_column(const lv_obj_t * obj, lv_part_t part)
 381:Middlewares/LVGL/lvgl/src/widgets/span/../../core/lv_obj_style_gen.h **** {
 382:Middlewares/LVGL/lvgl/src/widgets/span/../../core/lv_obj_style_gen.h ****     lv_style_value_t v = lv_obj_get_style_prop(obj, part, LV_STYLE_PAD_COLUMN);
 383:Middlewares/LVGL/lvgl/src/widgets/span/../../core/lv_obj_style_gen.h ****     return (int32_t)v.num;
 384:Middlewares/LVGL/lvgl/src/widgets/span/../../core/lv_obj_style_gen.h **** }
 385:Middlewares/LVGL/lvgl/src/widgets/span/../../core/lv_obj_style_gen.h **** 
 386:Middlewares/LVGL/lvgl/src/widgets/span/../../core/lv_obj_style_gen.h **** /**
 387:Middlewares/LVGL/lvgl/src/widgets/span/../../core/lv_obj_style_gen.h ****  * Pad text labels away from the scale ticks/remainder of the ``LV_PART_``.
 388:Middlewares/LVGL/lvgl/src/widgets/span/../../core/lv_obj_style_gen.h ****  * Default: 0, inherited: No, layout: No, ext. draw: No.
 389:Middlewares/LVGL/lvgl/src/widgets/span/../../core/lv_obj_style_gen.h ****  * @param  obj    Pointer to Widget
 390:Middlewares/LVGL/lvgl/src/widgets/span/../../core/lv_obj_style_gen.h ****  * @param  part   One of the `LV_PART_...` enum values
 391:Middlewares/LVGL/lvgl/src/widgets/span/../../core/lv_obj_style_gen.h ****  */
 392:Middlewares/LVGL/lvgl/src/widgets/span/../../core/lv_obj_style_gen.h **** static inline int32_t lv_obj_get_style_pad_radial(const lv_obj_t * obj, lv_part_t part)
 393:Middlewares/LVGL/lvgl/src/widgets/span/../../core/lv_obj_style_gen.h **** {
 394:Middlewares/LVGL/lvgl/src/widgets/span/../../core/lv_obj_style_gen.h ****     lv_style_value_t v = lv_obj_get_style_prop(obj, part, LV_STYLE_PAD_RADIAL);
 395:Middlewares/LVGL/lvgl/src/widgets/span/../../core/lv_obj_style_gen.h ****     return (int32_t)v.num;
 396:Middlewares/LVGL/lvgl/src/widgets/span/../../core/lv_obj_style_gen.h **** }
ARM GAS  C:\Users\w1785\AppData\Local\Temp\ccRqOZjG.s 			page 35


 397:Middlewares/LVGL/lvgl/src/widgets/span/../../core/lv_obj_style_gen.h **** 
 398:Middlewares/LVGL/lvgl/src/widgets/span/../../core/lv_obj_style_gen.h **** /**
 399:Middlewares/LVGL/lvgl/src/widgets/span/../../core/lv_obj_style_gen.h ****  * Gets margin on the top. Widget will keep this space from its siblings in layouts.
 400:Middlewares/LVGL/lvgl/src/widgets/span/../../core/lv_obj_style_gen.h ****  * Default: 0, inherited: No, layout: Yes, ext. draw: No.
 401:Middlewares/LVGL/lvgl/src/widgets/span/../../core/lv_obj_style_gen.h ****  * @param  obj    Pointer to Widget
 402:Middlewares/LVGL/lvgl/src/widgets/span/../../core/lv_obj_style_gen.h ****  * @param  part   One of the `LV_PART_...` enum values
 403:Middlewares/LVGL/lvgl/src/widgets/span/../../core/lv_obj_style_gen.h ****  */
 404:Middlewares/LVGL/lvgl/src/widgets/span/../../core/lv_obj_style_gen.h **** static inline int32_t lv_obj_get_style_margin_top(const lv_obj_t * obj, lv_part_t part)
 405:Middlewares/LVGL/lvgl/src/widgets/span/../../core/lv_obj_style_gen.h **** {
 406:Middlewares/LVGL/lvgl/src/widgets/span/../../core/lv_obj_style_gen.h ****     lv_style_value_t v = lv_obj_get_style_prop(obj, part, LV_STYLE_MARGIN_TOP);
 407:Middlewares/LVGL/lvgl/src/widgets/span/../../core/lv_obj_style_gen.h ****     return (int32_t)v.num;
 408:Middlewares/LVGL/lvgl/src/widgets/span/../../core/lv_obj_style_gen.h **** }
 409:Middlewares/LVGL/lvgl/src/widgets/span/../../core/lv_obj_style_gen.h **** 
 410:Middlewares/LVGL/lvgl/src/widgets/span/../../core/lv_obj_style_gen.h **** /**
 411:Middlewares/LVGL/lvgl/src/widgets/span/../../core/lv_obj_style_gen.h ****  * Gets margin on the bottom. Widget will keep this space from its siblings in layouts.
 412:Middlewares/LVGL/lvgl/src/widgets/span/../../core/lv_obj_style_gen.h ****  * Default: 0, inherited: No, layout: Yes, ext. draw: No.
 413:Middlewares/LVGL/lvgl/src/widgets/span/../../core/lv_obj_style_gen.h ****  * @param  obj    Pointer to Widget
 414:Middlewares/LVGL/lvgl/src/widgets/span/../../core/lv_obj_style_gen.h ****  * @param  part   One of the `LV_PART_...` enum values
 415:Middlewares/LVGL/lvgl/src/widgets/span/../../core/lv_obj_style_gen.h ****  */
 416:Middlewares/LVGL/lvgl/src/widgets/span/../../core/lv_obj_style_gen.h **** static inline int32_t lv_obj_get_style_margin_bottom(const lv_obj_t * obj, lv_part_t part)
 417:Middlewares/LVGL/lvgl/src/widgets/span/../../core/lv_obj_style_gen.h **** {
 418:Middlewares/LVGL/lvgl/src/widgets/span/../../core/lv_obj_style_gen.h ****     lv_style_value_t v = lv_obj_get_style_prop(obj, part, LV_STYLE_MARGIN_BOTTOM);
 419:Middlewares/LVGL/lvgl/src/widgets/span/../../core/lv_obj_style_gen.h ****     return (int32_t)v.num;
 420:Middlewares/LVGL/lvgl/src/widgets/span/../../core/lv_obj_style_gen.h **** }
 421:Middlewares/LVGL/lvgl/src/widgets/span/../../core/lv_obj_style_gen.h **** 
 422:Middlewares/LVGL/lvgl/src/widgets/span/../../core/lv_obj_style_gen.h **** /**
 423:Middlewares/LVGL/lvgl/src/widgets/span/../../core/lv_obj_style_gen.h ****  * Gets margin on the left. Widget will keep this space from its siblings in layouts.
 424:Middlewares/LVGL/lvgl/src/widgets/span/../../core/lv_obj_style_gen.h ****  * Default: 0, inherited: No, layout: Yes, ext. draw: No.
 425:Middlewares/LVGL/lvgl/src/widgets/span/../../core/lv_obj_style_gen.h ****  * @param  obj    Pointer to Widget
 426:Middlewares/LVGL/lvgl/src/widgets/span/../../core/lv_obj_style_gen.h ****  * @param  part   One of the `LV_PART_...` enum values
 427:Middlewares/LVGL/lvgl/src/widgets/span/../../core/lv_obj_style_gen.h ****  */
 428:Middlewares/LVGL/lvgl/src/widgets/span/../../core/lv_obj_style_gen.h **** static inline int32_t lv_obj_get_style_margin_left(const lv_obj_t * obj, lv_part_t part)
 429:Middlewares/LVGL/lvgl/src/widgets/span/../../core/lv_obj_style_gen.h **** {
 430:Middlewares/LVGL/lvgl/src/widgets/span/../../core/lv_obj_style_gen.h ****     lv_style_value_t v = lv_obj_get_style_prop(obj, part, LV_STYLE_MARGIN_LEFT);
 431:Middlewares/LVGL/lvgl/src/widgets/span/../../core/lv_obj_style_gen.h ****     return (int32_t)v.num;
 432:Middlewares/LVGL/lvgl/src/widgets/span/../../core/lv_obj_style_gen.h **** }
 433:Middlewares/LVGL/lvgl/src/widgets/span/../../core/lv_obj_style_gen.h **** 
 434:Middlewares/LVGL/lvgl/src/widgets/span/../../core/lv_obj_style_gen.h **** /**
 435:Middlewares/LVGL/lvgl/src/widgets/span/../../core/lv_obj_style_gen.h ****  * Gets margin on the right. Widget will keep this space from its siblings in layouts.
 436:Middlewares/LVGL/lvgl/src/widgets/span/../../core/lv_obj_style_gen.h ****  * Default: 0, inherited: No, layout: Yes, ext. draw: No.
 437:Middlewares/LVGL/lvgl/src/widgets/span/../../core/lv_obj_style_gen.h ****  * @param  obj    Pointer to Widget
 438:Middlewares/LVGL/lvgl/src/widgets/span/../../core/lv_obj_style_gen.h ****  * @param  part   One of the `LV_PART_...` enum values
 439:Middlewares/LVGL/lvgl/src/widgets/span/../../core/lv_obj_style_gen.h ****  */
 440:Middlewares/LVGL/lvgl/src/widgets/span/../../core/lv_obj_style_gen.h **** static inline int32_t lv_obj_get_style_margin_right(const lv_obj_t * obj, lv_part_t part)
 441:Middlewares/LVGL/lvgl/src/widgets/span/../../core/lv_obj_style_gen.h **** {
 442:Middlewares/LVGL/lvgl/src/widgets/span/../../core/lv_obj_style_gen.h ****     lv_style_value_t v = lv_obj_get_style_prop(obj, part, LV_STYLE_MARGIN_RIGHT);
 443:Middlewares/LVGL/lvgl/src/widgets/span/../../core/lv_obj_style_gen.h ****     return (int32_t)v.num;
 444:Middlewares/LVGL/lvgl/src/widgets/span/../../core/lv_obj_style_gen.h **** }
 445:Middlewares/LVGL/lvgl/src/widgets/span/../../core/lv_obj_style_gen.h **** 
 446:Middlewares/LVGL/lvgl/src/widgets/span/../../core/lv_obj_style_gen.h **** /**
 447:Middlewares/LVGL/lvgl/src/widgets/span/../../core/lv_obj_style_gen.h ****  * Get background color of Widget.
 448:Middlewares/LVGL/lvgl/src/widgets/span/../../core/lv_obj_style_gen.h ****  * Default: `0xffffff`, inherited: No, layout: No, ext. draw: No.
 449:Middlewares/LVGL/lvgl/src/widgets/span/../../core/lv_obj_style_gen.h ****  * @param  obj    Pointer to Widget
 450:Middlewares/LVGL/lvgl/src/widgets/span/../../core/lv_obj_style_gen.h ****  * @param  part   One of the `LV_PART_...` enum values
 451:Middlewares/LVGL/lvgl/src/widgets/span/../../core/lv_obj_style_gen.h ****  */
 452:Middlewares/LVGL/lvgl/src/widgets/span/../../core/lv_obj_style_gen.h **** static inline lv_color_t lv_obj_get_style_bg_color(const lv_obj_t * obj, lv_part_t part)
 453:Middlewares/LVGL/lvgl/src/widgets/span/../../core/lv_obj_style_gen.h **** {
ARM GAS  C:\Users\w1785\AppData\Local\Temp\ccRqOZjG.s 			page 36


 454:Middlewares/LVGL/lvgl/src/widgets/span/../../core/lv_obj_style_gen.h ****     lv_style_value_t v = lv_obj_get_style_prop(obj, part, LV_STYLE_BG_COLOR);
 455:Middlewares/LVGL/lvgl/src/widgets/span/../../core/lv_obj_style_gen.h ****     return v.color;
 456:Middlewares/LVGL/lvgl/src/widgets/span/../../core/lv_obj_style_gen.h **** }
 457:Middlewares/LVGL/lvgl/src/widgets/span/../../core/lv_obj_style_gen.h **** 
 458:Middlewares/LVGL/lvgl/src/widgets/span/../../core/lv_obj_style_gen.h **** /**
 459:Middlewares/LVGL/lvgl/src/widgets/span/../../core/lv_obj_style_gen.h ****  * Get background color of Widget.
 460:Middlewares/LVGL/lvgl/src/widgets/span/../../core/lv_obj_style_gen.h ****  * Default: `0xffffff`, inherited: No, layout: No, ext. draw: No.
 461:Middlewares/LVGL/lvgl/src/widgets/span/../../core/lv_obj_style_gen.h ****  * @param  obj    Pointer to Widget
 462:Middlewares/LVGL/lvgl/src/widgets/span/../../core/lv_obj_style_gen.h ****  * @param  part   One of the `LV_PART_...` enum values
 463:Middlewares/LVGL/lvgl/src/widgets/span/../../core/lv_obj_style_gen.h ****  */
 464:Middlewares/LVGL/lvgl/src/widgets/span/../../core/lv_obj_style_gen.h **** static inline lv_color_t lv_obj_get_style_bg_color_filtered(const lv_obj_t * obj, lv_part_t part)
 465:Middlewares/LVGL/lvgl/src/widgets/span/../../core/lv_obj_style_gen.h **** {
 466:Middlewares/LVGL/lvgl/src/widgets/span/../../core/lv_obj_style_gen.h ****     lv_style_value_t v = lv_obj_style_apply_color_filter(obj, part, lv_obj_get_style_prop(obj, part
 467:Middlewares/LVGL/lvgl/src/widgets/span/../../core/lv_obj_style_gen.h ****     return v.color;
 468:Middlewares/LVGL/lvgl/src/widgets/span/../../core/lv_obj_style_gen.h **** }
 469:Middlewares/LVGL/lvgl/src/widgets/span/../../core/lv_obj_style_gen.h **** 
 470:Middlewares/LVGL/lvgl/src/widgets/span/../../core/lv_obj_style_gen.h **** /**
 471:Middlewares/LVGL/lvgl/src/widgets/span/../../core/lv_obj_style_gen.h ****  * Get opacity of the background. Value 0, `LV_OPA_0` or `LV_OPA_TRANSP` means fully
 472:Middlewares/LVGL/lvgl/src/widgets/span/../../core/lv_obj_style_gen.h ****  * transparent, 255, `LV_OPA_100` or `LV_OPA_COVER` means fully covering, other values
 473:Middlewares/LVGL/lvgl/src/widgets/span/../../core/lv_obj_style_gen.h ****  * or LV_OPA_10, LV_OPA_20, etc means semi transparency.
 474:Middlewares/LVGL/lvgl/src/widgets/span/../../core/lv_obj_style_gen.h ****  * Default: `LV_OPA_TRANSP`, inherited: No, layout: No, ext. draw: No.
 475:Middlewares/LVGL/lvgl/src/widgets/span/../../core/lv_obj_style_gen.h ****  * @param  obj    Pointer to Widget
 476:Middlewares/LVGL/lvgl/src/widgets/span/../../core/lv_obj_style_gen.h ****  * @param  part   One of the `LV_PART_...` enum values
 477:Middlewares/LVGL/lvgl/src/widgets/span/../../core/lv_obj_style_gen.h ****  */
 478:Middlewares/LVGL/lvgl/src/widgets/span/../../core/lv_obj_style_gen.h **** static inline lv_opa_t lv_obj_get_style_bg_opa(const lv_obj_t * obj, lv_part_t part)
 479:Middlewares/LVGL/lvgl/src/widgets/span/../../core/lv_obj_style_gen.h **** {
 480:Middlewares/LVGL/lvgl/src/widgets/span/../../core/lv_obj_style_gen.h ****     lv_style_value_t v = lv_obj_get_style_prop(obj, part, LV_STYLE_BG_OPA);
 481:Middlewares/LVGL/lvgl/src/widgets/span/../../core/lv_obj_style_gen.h ****     return (lv_opa_t)v.num;
 482:Middlewares/LVGL/lvgl/src/widgets/span/../../core/lv_obj_style_gen.h **** }
 483:Middlewares/LVGL/lvgl/src/widgets/span/../../core/lv_obj_style_gen.h **** 
 484:Middlewares/LVGL/lvgl/src/widgets/span/../../core/lv_obj_style_gen.h **** /**
 485:Middlewares/LVGL/lvgl/src/widgets/span/../../core/lv_obj_style_gen.h ****  * Get gradient color of the background. Used only if `grad_dir` is not `LV_GRAD_DIR_NONE`.
 486:Middlewares/LVGL/lvgl/src/widgets/span/../../core/lv_obj_style_gen.h ****  * Default: `0x000000`, inherited: No, layout: No, ext. draw: No.
 487:Middlewares/LVGL/lvgl/src/widgets/span/../../core/lv_obj_style_gen.h ****  * @param  obj    Pointer to Widget
 488:Middlewares/LVGL/lvgl/src/widgets/span/../../core/lv_obj_style_gen.h ****  * @param  part   One of the `LV_PART_...` enum values
 489:Middlewares/LVGL/lvgl/src/widgets/span/../../core/lv_obj_style_gen.h ****  */
 490:Middlewares/LVGL/lvgl/src/widgets/span/../../core/lv_obj_style_gen.h **** static inline lv_color_t lv_obj_get_style_bg_grad_color(const lv_obj_t * obj, lv_part_t part)
 491:Middlewares/LVGL/lvgl/src/widgets/span/../../core/lv_obj_style_gen.h **** {
 492:Middlewares/LVGL/lvgl/src/widgets/span/../../core/lv_obj_style_gen.h ****     lv_style_value_t v = lv_obj_get_style_prop(obj, part, LV_STYLE_BG_GRAD_COLOR);
 493:Middlewares/LVGL/lvgl/src/widgets/span/../../core/lv_obj_style_gen.h ****     return v.color;
 494:Middlewares/LVGL/lvgl/src/widgets/span/../../core/lv_obj_style_gen.h **** }
 495:Middlewares/LVGL/lvgl/src/widgets/span/../../core/lv_obj_style_gen.h **** 
 496:Middlewares/LVGL/lvgl/src/widgets/span/../../core/lv_obj_style_gen.h **** /**
 497:Middlewares/LVGL/lvgl/src/widgets/span/../../core/lv_obj_style_gen.h ****  * Get gradient color of the background. Used only if `grad_dir` is not `LV_GRAD_DIR_NONE`.
 498:Middlewares/LVGL/lvgl/src/widgets/span/../../core/lv_obj_style_gen.h ****  * Default: `0x000000`, inherited: No, layout: No, ext. draw: No.
 499:Middlewares/LVGL/lvgl/src/widgets/span/../../core/lv_obj_style_gen.h ****  * @param  obj    Pointer to Widget
 500:Middlewares/LVGL/lvgl/src/widgets/span/../../core/lv_obj_style_gen.h ****  * @param  part   One of the `LV_PART_...` enum values
 501:Middlewares/LVGL/lvgl/src/widgets/span/../../core/lv_obj_style_gen.h ****  */
 502:Middlewares/LVGL/lvgl/src/widgets/span/../../core/lv_obj_style_gen.h **** static inline lv_color_t lv_obj_get_style_bg_grad_color_filtered(const lv_obj_t * obj, lv_part_t pa
 503:Middlewares/LVGL/lvgl/src/widgets/span/../../core/lv_obj_style_gen.h **** {
 504:Middlewares/LVGL/lvgl/src/widgets/span/../../core/lv_obj_style_gen.h ****     lv_style_value_t v = lv_obj_style_apply_color_filter(obj, part, lv_obj_get_style_prop(obj, part
 505:Middlewares/LVGL/lvgl/src/widgets/span/../../core/lv_obj_style_gen.h ****     return v.color;
 506:Middlewares/LVGL/lvgl/src/widgets/span/../../core/lv_obj_style_gen.h **** }
 507:Middlewares/LVGL/lvgl/src/widgets/span/../../core/lv_obj_style_gen.h **** 
 508:Middlewares/LVGL/lvgl/src/widgets/span/../../core/lv_obj_style_gen.h **** /**
 509:Middlewares/LVGL/lvgl/src/widgets/span/../../core/lv_obj_style_gen.h ****  * Get direction of the gradient of the background. Possible values are
 510:Middlewares/LVGL/lvgl/src/widgets/span/../../core/lv_obj_style_gen.h ****  * `LV_GRAD_DIR_NONE/HOR/VER`.
ARM GAS  C:\Users\w1785\AppData\Local\Temp\ccRqOZjG.s 			page 37


 511:Middlewares/LVGL/lvgl/src/widgets/span/../../core/lv_obj_style_gen.h ****  * Default: `LV_GRAD_DIR_NONE`, inherited: No, layout: No, ext. draw: No.
 512:Middlewares/LVGL/lvgl/src/widgets/span/../../core/lv_obj_style_gen.h ****  * @param  obj    Pointer to Widget
 513:Middlewares/LVGL/lvgl/src/widgets/span/../../core/lv_obj_style_gen.h ****  * @param  part   One of the `LV_PART_...` enum values
 514:Middlewares/LVGL/lvgl/src/widgets/span/../../core/lv_obj_style_gen.h ****  */
 515:Middlewares/LVGL/lvgl/src/widgets/span/../../core/lv_obj_style_gen.h **** static inline lv_grad_dir_t lv_obj_get_style_bg_grad_dir(const lv_obj_t * obj, lv_part_t part)
 516:Middlewares/LVGL/lvgl/src/widgets/span/../../core/lv_obj_style_gen.h **** {
 517:Middlewares/LVGL/lvgl/src/widgets/span/../../core/lv_obj_style_gen.h ****     lv_style_value_t v = lv_obj_get_style_prop(obj, part, LV_STYLE_BG_GRAD_DIR);
 518:Middlewares/LVGL/lvgl/src/widgets/span/../../core/lv_obj_style_gen.h ****     return (lv_grad_dir_t)v.num;
 519:Middlewares/LVGL/lvgl/src/widgets/span/../../core/lv_obj_style_gen.h **** }
 520:Middlewares/LVGL/lvgl/src/widgets/span/../../core/lv_obj_style_gen.h **** 
 521:Middlewares/LVGL/lvgl/src/widgets/span/../../core/lv_obj_style_gen.h **** /**
 522:Middlewares/LVGL/lvgl/src/widgets/span/../../core/lv_obj_style_gen.h ****  * Get point from which background color should start for gradients. 0 means to
 523:Middlewares/LVGL/lvgl/src/widgets/span/../../core/lv_obj_style_gen.h ****  * top/left side, 255 the bottom/right side, 128 the center, and so on.
 524:Middlewares/LVGL/lvgl/src/widgets/span/../../core/lv_obj_style_gen.h ****  * Default: 0, inherited: No, layout: No, ext. draw: No.
 525:Middlewares/LVGL/lvgl/src/widgets/span/../../core/lv_obj_style_gen.h ****  * @param  obj    Pointer to Widget
 526:Middlewares/LVGL/lvgl/src/widgets/span/../../core/lv_obj_style_gen.h ****  * @param  part   One of the `LV_PART_...` enum values
 527:Middlewares/LVGL/lvgl/src/widgets/span/../../core/lv_obj_style_gen.h ****  */
 528:Middlewares/LVGL/lvgl/src/widgets/span/../../core/lv_obj_style_gen.h **** static inline int32_t lv_obj_get_style_bg_main_stop(const lv_obj_t * obj, lv_part_t part)
 529:Middlewares/LVGL/lvgl/src/widgets/span/../../core/lv_obj_style_gen.h **** {
 530:Middlewares/LVGL/lvgl/src/widgets/span/../../core/lv_obj_style_gen.h ****     lv_style_value_t v = lv_obj_get_style_prop(obj, part, LV_STYLE_BG_MAIN_STOP);
 531:Middlewares/LVGL/lvgl/src/widgets/span/../../core/lv_obj_style_gen.h ****     return (int32_t)v.num;
 532:Middlewares/LVGL/lvgl/src/widgets/span/../../core/lv_obj_style_gen.h **** }
 533:Middlewares/LVGL/lvgl/src/widgets/span/../../core/lv_obj_style_gen.h **** 
 534:Middlewares/LVGL/lvgl/src/widgets/span/../../core/lv_obj_style_gen.h **** /**
 535:Middlewares/LVGL/lvgl/src/widgets/span/../../core/lv_obj_style_gen.h ****  * Get point from which background's gradient color should start. 0 means to top/left
 536:Middlewares/LVGL/lvgl/src/widgets/span/../../core/lv_obj_style_gen.h ****  * side, 255 the bottom/right side, 128 the center, and so on.
 537:Middlewares/LVGL/lvgl/src/widgets/span/../../core/lv_obj_style_gen.h ****  * Default: 255, inherited: No, layout: No, ext. draw: No.
 538:Middlewares/LVGL/lvgl/src/widgets/span/../../core/lv_obj_style_gen.h ****  * @param  obj    Pointer to Widget
 539:Middlewares/LVGL/lvgl/src/widgets/span/../../core/lv_obj_style_gen.h ****  * @param  part   One of the `LV_PART_...` enum values
 540:Middlewares/LVGL/lvgl/src/widgets/span/../../core/lv_obj_style_gen.h ****  */
 541:Middlewares/LVGL/lvgl/src/widgets/span/../../core/lv_obj_style_gen.h **** static inline int32_t lv_obj_get_style_bg_grad_stop(const lv_obj_t * obj, lv_part_t part)
 542:Middlewares/LVGL/lvgl/src/widgets/span/../../core/lv_obj_style_gen.h **** {
 543:Middlewares/LVGL/lvgl/src/widgets/span/../../core/lv_obj_style_gen.h ****     lv_style_value_t v = lv_obj_get_style_prop(obj, part, LV_STYLE_BG_GRAD_STOP);
 544:Middlewares/LVGL/lvgl/src/widgets/span/../../core/lv_obj_style_gen.h ****     return (int32_t)v.num;
 545:Middlewares/LVGL/lvgl/src/widgets/span/../../core/lv_obj_style_gen.h **** }
 546:Middlewares/LVGL/lvgl/src/widgets/span/../../core/lv_obj_style_gen.h **** 
 547:Middlewares/LVGL/lvgl/src/widgets/span/../../core/lv_obj_style_gen.h **** /**
 548:Middlewares/LVGL/lvgl/src/widgets/span/../../core/lv_obj_style_gen.h ****  * Get opacity of the first gradient color.
 549:Middlewares/LVGL/lvgl/src/widgets/span/../../core/lv_obj_style_gen.h ****  * Default: 255, inherited: No, layout: No, ext. draw: No.
 550:Middlewares/LVGL/lvgl/src/widgets/span/../../core/lv_obj_style_gen.h ****  * @param  obj    Pointer to Widget
 551:Middlewares/LVGL/lvgl/src/widgets/span/../../core/lv_obj_style_gen.h ****  * @param  part   One of the `LV_PART_...` enum values
 552:Middlewares/LVGL/lvgl/src/widgets/span/../../core/lv_obj_style_gen.h ****  */
 553:Middlewares/LVGL/lvgl/src/widgets/span/../../core/lv_obj_style_gen.h **** static inline lv_opa_t lv_obj_get_style_bg_main_opa(const lv_obj_t * obj, lv_part_t part)
 554:Middlewares/LVGL/lvgl/src/widgets/span/../../core/lv_obj_style_gen.h **** {
 555:Middlewares/LVGL/lvgl/src/widgets/span/../../core/lv_obj_style_gen.h ****     lv_style_value_t v = lv_obj_get_style_prop(obj, part, LV_STYLE_BG_MAIN_OPA);
 556:Middlewares/LVGL/lvgl/src/widgets/span/../../core/lv_obj_style_gen.h ****     return (lv_opa_t)v.num;
 557:Middlewares/LVGL/lvgl/src/widgets/span/../../core/lv_obj_style_gen.h **** }
 558:Middlewares/LVGL/lvgl/src/widgets/span/../../core/lv_obj_style_gen.h **** 
 559:Middlewares/LVGL/lvgl/src/widgets/span/../../core/lv_obj_style_gen.h **** /**
 560:Middlewares/LVGL/lvgl/src/widgets/span/../../core/lv_obj_style_gen.h ****  * Get opacity of the second gradient color.
 561:Middlewares/LVGL/lvgl/src/widgets/span/../../core/lv_obj_style_gen.h ****  * Default: 255, inherited: No, layout: No, ext. draw: No.
 562:Middlewares/LVGL/lvgl/src/widgets/span/../../core/lv_obj_style_gen.h ****  * @param  obj    Pointer to Widget
 563:Middlewares/LVGL/lvgl/src/widgets/span/../../core/lv_obj_style_gen.h ****  * @param  part   One of the `LV_PART_...` enum values
 564:Middlewares/LVGL/lvgl/src/widgets/span/../../core/lv_obj_style_gen.h ****  */
 565:Middlewares/LVGL/lvgl/src/widgets/span/../../core/lv_obj_style_gen.h **** static inline lv_opa_t lv_obj_get_style_bg_grad_opa(const lv_obj_t * obj, lv_part_t part)
 566:Middlewares/LVGL/lvgl/src/widgets/span/../../core/lv_obj_style_gen.h **** {
 567:Middlewares/LVGL/lvgl/src/widgets/span/../../core/lv_obj_style_gen.h ****     lv_style_value_t v = lv_obj_get_style_prop(obj, part, LV_STYLE_BG_GRAD_OPA);
ARM GAS  C:\Users\w1785\AppData\Local\Temp\ccRqOZjG.s 			page 38


 568:Middlewares/LVGL/lvgl/src/widgets/span/../../core/lv_obj_style_gen.h ****     return (lv_opa_t)v.num;
 569:Middlewares/LVGL/lvgl/src/widgets/span/../../core/lv_obj_style_gen.h **** }
 570:Middlewares/LVGL/lvgl/src/widgets/span/../../core/lv_obj_style_gen.h **** 
 571:Middlewares/LVGL/lvgl/src/widgets/span/../../core/lv_obj_style_gen.h **** /**
 572:Middlewares/LVGL/lvgl/src/widgets/span/../../core/lv_obj_style_gen.h ****  * Get gradient definition. The pointed instance must exist while Widget is alive.
 573:Middlewares/LVGL/lvgl/src/widgets/span/../../core/lv_obj_style_gen.h ****  * NULL to disable. It wraps `BG_GRAD_COLOR`, `BG_GRAD_DIR`, `BG_MAIN_STOP` and
 574:Middlewares/LVGL/lvgl/src/widgets/span/../../core/lv_obj_style_gen.h ****  * `BG_GRAD_STOP` into one descriptor and allows creating gradients with more colors
 575:Middlewares/LVGL/lvgl/src/widgets/span/../../core/lv_obj_style_gen.h ****  * as well. If it's set other gradient related properties will be ignored.
 576:Middlewares/LVGL/lvgl/src/widgets/span/../../core/lv_obj_style_gen.h ****  * Default: `NULL`, inherited: No, layout: No, ext. draw: No.
 577:Middlewares/LVGL/lvgl/src/widgets/span/../../core/lv_obj_style_gen.h ****  * @param  obj    Pointer to Widget
 578:Middlewares/LVGL/lvgl/src/widgets/span/../../core/lv_obj_style_gen.h ****  * @param  part   One of the `LV_PART_...` enum values
 579:Middlewares/LVGL/lvgl/src/widgets/span/../../core/lv_obj_style_gen.h ****  */
 580:Middlewares/LVGL/lvgl/src/widgets/span/../../core/lv_obj_style_gen.h **** static inline const lv_grad_dsc_t * lv_obj_get_style_bg_grad(const lv_obj_t * obj, lv_part_t part)
 581:Middlewares/LVGL/lvgl/src/widgets/span/../../core/lv_obj_style_gen.h **** {
 582:Middlewares/LVGL/lvgl/src/widgets/span/../../core/lv_obj_style_gen.h ****     lv_style_value_t v = lv_obj_get_style_prop(obj, part, LV_STYLE_BG_GRAD);
 583:Middlewares/LVGL/lvgl/src/widgets/span/../../core/lv_obj_style_gen.h ****     return (const lv_grad_dsc_t *)v.ptr;
 584:Middlewares/LVGL/lvgl/src/widgets/span/../../core/lv_obj_style_gen.h **** }
 585:Middlewares/LVGL/lvgl/src/widgets/span/../../core/lv_obj_style_gen.h **** 
 586:Middlewares/LVGL/lvgl/src/widgets/span/../../core/lv_obj_style_gen.h **** /**
 587:Middlewares/LVGL/lvgl/src/widgets/span/../../core/lv_obj_style_gen.h ****  * Get a background image. Can be a pointer to `lv_image_dsc_t`, a path to a file or
 588:Middlewares/LVGL/lvgl/src/widgets/span/../../core/lv_obj_style_gen.h ****  * an `LV_SYMBOL_...`.
 589:Middlewares/LVGL/lvgl/src/widgets/span/../../core/lv_obj_style_gen.h ****  * Default: `NULL`, inherited: No, layout: No, ext. draw: Yes.
 590:Middlewares/LVGL/lvgl/src/widgets/span/../../core/lv_obj_style_gen.h ****  * @param  obj    Pointer to Widget
 591:Middlewares/LVGL/lvgl/src/widgets/span/../../core/lv_obj_style_gen.h ****  * @param  part   One of the `LV_PART_...` enum values
 592:Middlewares/LVGL/lvgl/src/widgets/span/../../core/lv_obj_style_gen.h ****  */
 593:Middlewares/LVGL/lvgl/src/widgets/span/../../core/lv_obj_style_gen.h **** static inline const void * lv_obj_get_style_bg_image_src(const lv_obj_t * obj, lv_part_t part)
 594:Middlewares/LVGL/lvgl/src/widgets/span/../../core/lv_obj_style_gen.h **** {
 595:Middlewares/LVGL/lvgl/src/widgets/span/../../core/lv_obj_style_gen.h ****     lv_style_value_t v = lv_obj_get_style_prop(obj, part, LV_STYLE_BG_IMAGE_SRC);
 596:Middlewares/LVGL/lvgl/src/widgets/span/../../core/lv_obj_style_gen.h ****     return (const void *)v.ptr;
 597:Middlewares/LVGL/lvgl/src/widgets/span/../../core/lv_obj_style_gen.h **** }
 598:Middlewares/LVGL/lvgl/src/widgets/span/../../core/lv_obj_style_gen.h **** 
 599:Middlewares/LVGL/lvgl/src/widgets/span/../../core/lv_obj_style_gen.h **** /**
 600:Middlewares/LVGL/lvgl/src/widgets/span/../../core/lv_obj_style_gen.h ****  * Get opacity of the background image. Value 0, `LV_OPA_0` or `LV_OPA_TRANSP` means
 601:Middlewares/LVGL/lvgl/src/widgets/span/../../core/lv_obj_style_gen.h ****  * fully transparent, 255, `LV_OPA_100` or `LV_OPA_COVER` means fully covering, other
 602:Middlewares/LVGL/lvgl/src/widgets/span/../../core/lv_obj_style_gen.h ****  * values or LV_OPA_10, LV_OPA_20, etc means semi transparency.
 603:Middlewares/LVGL/lvgl/src/widgets/span/../../core/lv_obj_style_gen.h ****  * Default: `LV_OPA_COVER`, inherited: No, layout: No, ext. draw: No.
 604:Middlewares/LVGL/lvgl/src/widgets/span/../../core/lv_obj_style_gen.h ****  * @param  obj    Pointer to Widget
 605:Middlewares/LVGL/lvgl/src/widgets/span/../../core/lv_obj_style_gen.h ****  * @param  part   One of the `LV_PART_...` enum values
 606:Middlewares/LVGL/lvgl/src/widgets/span/../../core/lv_obj_style_gen.h ****  */
 607:Middlewares/LVGL/lvgl/src/widgets/span/../../core/lv_obj_style_gen.h **** static inline lv_opa_t lv_obj_get_style_bg_image_opa(const lv_obj_t * obj, lv_part_t part)
 608:Middlewares/LVGL/lvgl/src/widgets/span/../../core/lv_obj_style_gen.h **** {
 609:Middlewares/LVGL/lvgl/src/widgets/span/../../core/lv_obj_style_gen.h ****     lv_style_value_t v = lv_obj_get_style_prop(obj, part, LV_STYLE_BG_IMAGE_OPA);
 610:Middlewares/LVGL/lvgl/src/widgets/span/../../core/lv_obj_style_gen.h ****     return (lv_opa_t)v.num;
 611:Middlewares/LVGL/lvgl/src/widgets/span/../../core/lv_obj_style_gen.h **** }
 612:Middlewares/LVGL/lvgl/src/widgets/span/../../core/lv_obj_style_gen.h **** 
 613:Middlewares/LVGL/lvgl/src/widgets/span/../../core/lv_obj_style_gen.h **** /**
 614:Middlewares/LVGL/lvgl/src/widgets/span/../../core/lv_obj_style_gen.h ****  * Get a color to mix to the background image.
 615:Middlewares/LVGL/lvgl/src/widgets/span/../../core/lv_obj_style_gen.h ****  * Default: `0x000000`, inherited: No, layout: No, ext. draw: No.
 616:Middlewares/LVGL/lvgl/src/widgets/span/../../core/lv_obj_style_gen.h ****  * @param  obj    Pointer to Widget
 617:Middlewares/LVGL/lvgl/src/widgets/span/../../core/lv_obj_style_gen.h ****  * @param  part   One of the `LV_PART_...` enum values
 618:Middlewares/LVGL/lvgl/src/widgets/span/../../core/lv_obj_style_gen.h ****  */
 619:Middlewares/LVGL/lvgl/src/widgets/span/../../core/lv_obj_style_gen.h **** static inline lv_color_t lv_obj_get_style_bg_image_recolor(const lv_obj_t * obj, lv_part_t part)
 620:Middlewares/LVGL/lvgl/src/widgets/span/../../core/lv_obj_style_gen.h **** {
 621:Middlewares/LVGL/lvgl/src/widgets/span/../../core/lv_obj_style_gen.h ****     lv_style_value_t v = lv_obj_get_style_prop(obj, part, LV_STYLE_BG_IMAGE_RECOLOR);
 622:Middlewares/LVGL/lvgl/src/widgets/span/../../core/lv_obj_style_gen.h ****     return v.color;
 623:Middlewares/LVGL/lvgl/src/widgets/span/../../core/lv_obj_style_gen.h **** }
 624:Middlewares/LVGL/lvgl/src/widgets/span/../../core/lv_obj_style_gen.h **** 
ARM GAS  C:\Users\w1785\AppData\Local\Temp\ccRqOZjG.s 			page 39


 625:Middlewares/LVGL/lvgl/src/widgets/span/../../core/lv_obj_style_gen.h **** /**
 626:Middlewares/LVGL/lvgl/src/widgets/span/../../core/lv_obj_style_gen.h ****  * Get a color to mix to the background image.
 627:Middlewares/LVGL/lvgl/src/widgets/span/../../core/lv_obj_style_gen.h ****  * Default: `0x000000`, inherited: No, layout: No, ext. draw: No.
 628:Middlewares/LVGL/lvgl/src/widgets/span/../../core/lv_obj_style_gen.h ****  * @param  obj    Pointer to Widget
 629:Middlewares/LVGL/lvgl/src/widgets/span/../../core/lv_obj_style_gen.h ****  * @param  part   One of the `LV_PART_...` enum values
 630:Middlewares/LVGL/lvgl/src/widgets/span/../../core/lv_obj_style_gen.h ****  */
 631:Middlewares/LVGL/lvgl/src/widgets/span/../../core/lv_obj_style_gen.h **** static inline lv_color_t lv_obj_get_style_bg_image_recolor_filtered(const lv_obj_t * obj, lv_part_t
 632:Middlewares/LVGL/lvgl/src/widgets/span/../../core/lv_obj_style_gen.h **** {
 633:Middlewares/LVGL/lvgl/src/widgets/span/../../core/lv_obj_style_gen.h ****     lv_style_value_t v = lv_obj_style_apply_color_filter(obj, part, lv_obj_get_style_prop(obj, part
 634:Middlewares/LVGL/lvgl/src/widgets/span/../../core/lv_obj_style_gen.h ****     return v.color;
 635:Middlewares/LVGL/lvgl/src/widgets/span/../../core/lv_obj_style_gen.h **** }
 636:Middlewares/LVGL/lvgl/src/widgets/span/../../core/lv_obj_style_gen.h **** 
 637:Middlewares/LVGL/lvgl/src/widgets/span/../../core/lv_obj_style_gen.h **** /**
 638:Middlewares/LVGL/lvgl/src/widgets/span/../../core/lv_obj_style_gen.h ****  * Get intensity of background image recoloring. Value 0, `LV_OPA_0` or
 639:Middlewares/LVGL/lvgl/src/widgets/span/../../core/lv_obj_style_gen.h ****  * `LV_OPA_TRANSP` means no mixing, 255, `LV_OPA_100` or `LV_OPA_COVER` means full
 640:Middlewares/LVGL/lvgl/src/widgets/span/../../core/lv_obj_style_gen.h ****  * recoloring, other values or LV_OPA_10, LV_OPA_20, etc are interpreted
 641:Middlewares/LVGL/lvgl/src/widgets/span/../../core/lv_obj_style_gen.h ****  * proportionally.
 642:Middlewares/LVGL/lvgl/src/widgets/span/../../core/lv_obj_style_gen.h ****  * Default: `LV_OPA_TRANSP`, inherited: No, layout: No, ext. draw: No.
 643:Middlewares/LVGL/lvgl/src/widgets/span/../../core/lv_obj_style_gen.h ****  * @param  obj    Pointer to Widget
 644:Middlewares/LVGL/lvgl/src/widgets/span/../../core/lv_obj_style_gen.h ****  * @param  part   One of the `LV_PART_...` enum values
 645:Middlewares/LVGL/lvgl/src/widgets/span/../../core/lv_obj_style_gen.h ****  */
 646:Middlewares/LVGL/lvgl/src/widgets/span/../../core/lv_obj_style_gen.h **** static inline lv_opa_t lv_obj_get_style_bg_image_recolor_opa(const lv_obj_t * obj, lv_part_t part)
 647:Middlewares/LVGL/lvgl/src/widgets/span/../../core/lv_obj_style_gen.h **** {
 648:Middlewares/LVGL/lvgl/src/widgets/span/../../core/lv_obj_style_gen.h ****     lv_style_value_t v = lv_obj_get_style_prop(obj, part, LV_STYLE_BG_IMAGE_RECOLOR_OPA);
 649:Middlewares/LVGL/lvgl/src/widgets/span/../../core/lv_obj_style_gen.h ****     return (lv_opa_t)v.num;
 650:Middlewares/LVGL/lvgl/src/widgets/span/../../core/lv_obj_style_gen.h **** }
 651:Middlewares/LVGL/lvgl/src/widgets/span/../../core/lv_obj_style_gen.h **** 
 652:Middlewares/LVGL/lvgl/src/widgets/span/../../core/lv_obj_style_gen.h **** /**
 653:Middlewares/LVGL/lvgl/src/widgets/span/../../core/lv_obj_style_gen.h ****  * If enabled the background image will be tiled. Possible values are `true` or `false`.
 654:Middlewares/LVGL/lvgl/src/widgets/span/../../core/lv_obj_style_gen.h ****  * Default: 0, inherited: No, layout: No, ext. draw: No.
 655:Middlewares/LVGL/lvgl/src/widgets/span/../../core/lv_obj_style_gen.h ****  * @param  obj    Pointer to Widget
 656:Middlewares/LVGL/lvgl/src/widgets/span/../../core/lv_obj_style_gen.h ****  * @param  part   One of the `LV_PART_...` enum values
 657:Middlewares/LVGL/lvgl/src/widgets/span/../../core/lv_obj_style_gen.h ****  */
 658:Middlewares/LVGL/lvgl/src/widgets/span/../../core/lv_obj_style_gen.h **** static inline bool lv_obj_get_style_bg_image_tiled(const lv_obj_t * obj, lv_part_t part)
 659:Middlewares/LVGL/lvgl/src/widgets/span/../../core/lv_obj_style_gen.h **** {
 660:Middlewares/LVGL/lvgl/src/widgets/span/../../core/lv_obj_style_gen.h ****     lv_style_value_t v = lv_obj_get_style_prop(obj, part, LV_STYLE_BG_IMAGE_TILED);
 661:Middlewares/LVGL/lvgl/src/widgets/span/../../core/lv_obj_style_gen.h ****     return (bool)v.num;
 662:Middlewares/LVGL/lvgl/src/widgets/span/../../core/lv_obj_style_gen.h **** }
 663:Middlewares/LVGL/lvgl/src/widgets/span/../../core/lv_obj_style_gen.h **** 
 664:Middlewares/LVGL/lvgl/src/widgets/span/../../core/lv_obj_style_gen.h **** /**
 665:Middlewares/LVGL/lvgl/src/widgets/span/../../core/lv_obj_style_gen.h ****  * Get color of the border.
 666:Middlewares/LVGL/lvgl/src/widgets/span/../../core/lv_obj_style_gen.h ****  * Default: `0x000000`, inherited: No, layout: No, ext. draw: No.
 667:Middlewares/LVGL/lvgl/src/widgets/span/../../core/lv_obj_style_gen.h ****  * @param  obj    Pointer to Widget
 668:Middlewares/LVGL/lvgl/src/widgets/span/../../core/lv_obj_style_gen.h ****  * @param  part   One of the `LV_PART_...` enum values
 669:Middlewares/LVGL/lvgl/src/widgets/span/../../core/lv_obj_style_gen.h ****  */
 670:Middlewares/LVGL/lvgl/src/widgets/span/../../core/lv_obj_style_gen.h **** static inline lv_color_t lv_obj_get_style_border_color(const lv_obj_t * obj, lv_part_t part)
 671:Middlewares/LVGL/lvgl/src/widgets/span/../../core/lv_obj_style_gen.h **** {
 672:Middlewares/LVGL/lvgl/src/widgets/span/../../core/lv_obj_style_gen.h ****     lv_style_value_t v = lv_obj_get_style_prop(obj, part, LV_STYLE_BORDER_COLOR);
 673:Middlewares/LVGL/lvgl/src/widgets/span/../../core/lv_obj_style_gen.h ****     return v.color;
 674:Middlewares/LVGL/lvgl/src/widgets/span/../../core/lv_obj_style_gen.h **** }
 675:Middlewares/LVGL/lvgl/src/widgets/span/../../core/lv_obj_style_gen.h **** 
 676:Middlewares/LVGL/lvgl/src/widgets/span/../../core/lv_obj_style_gen.h **** /**
 677:Middlewares/LVGL/lvgl/src/widgets/span/../../core/lv_obj_style_gen.h ****  * Get color of the border.
 678:Middlewares/LVGL/lvgl/src/widgets/span/../../core/lv_obj_style_gen.h ****  * Default: `0x000000`, inherited: No, layout: No, ext. draw: No.
 679:Middlewares/LVGL/lvgl/src/widgets/span/../../core/lv_obj_style_gen.h ****  * @param  obj    Pointer to Widget
 680:Middlewares/LVGL/lvgl/src/widgets/span/../../core/lv_obj_style_gen.h ****  * @param  part   One of the `LV_PART_...` enum values
 681:Middlewares/LVGL/lvgl/src/widgets/span/../../core/lv_obj_style_gen.h ****  */
ARM GAS  C:\Users\w1785\AppData\Local\Temp\ccRqOZjG.s 			page 40


 682:Middlewares/LVGL/lvgl/src/widgets/span/../../core/lv_obj_style_gen.h **** static inline lv_color_t lv_obj_get_style_border_color_filtered(const lv_obj_t * obj, lv_part_t par
 683:Middlewares/LVGL/lvgl/src/widgets/span/../../core/lv_obj_style_gen.h **** {
 684:Middlewares/LVGL/lvgl/src/widgets/span/../../core/lv_obj_style_gen.h ****     lv_style_value_t v = lv_obj_style_apply_color_filter(obj, part, lv_obj_get_style_prop(obj, part
 685:Middlewares/LVGL/lvgl/src/widgets/span/../../core/lv_obj_style_gen.h ****     return v.color;
 686:Middlewares/LVGL/lvgl/src/widgets/span/../../core/lv_obj_style_gen.h **** }
 687:Middlewares/LVGL/lvgl/src/widgets/span/../../core/lv_obj_style_gen.h **** 
 688:Middlewares/LVGL/lvgl/src/widgets/span/../../core/lv_obj_style_gen.h **** /**
 689:Middlewares/LVGL/lvgl/src/widgets/span/../../core/lv_obj_style_gen.h ****  * Get opacity of the border. Value 0, `LV_OPA_0` or `LV_OPA_TRANSP` means fully
 690:Middlewares/LVGL/lvgl/src/widgets/span/../../core/lv_obj_style_gen.h ****  * transparent, 255, `LV_OPA_100` or `LV_OPA_COVER` means fully covering, other values
 691:Middlewares/LVGL/lvgl/src/widgets/span/../../core/lv_obj_style_gen.h ****  * or LV_OPA_10, LV_OPA_20, etc means semi transparency.
 692:Middlewares/LVGL/lvgl/src/widgets/span/../../core/lv_obj_style_gen.h ****  * Default: `LV_OPA_COVER`, inherited: No, layout: No, ext. draw: No.
 693:Middlewares/LVGL/lvgl/src/widgets/span/../../core/lv_obj_style_gen.h ****  * @param  obj    Pointer to Widget
 694:Middlewares/LVGL/lvgl/src/widgets/span/../../core/lv_obj_style_gen.h ****  * @param  part   One of the `LV_PART_...` enum values
 695:Middlewares/LVGL/lvgl/src/widgets/span/../../core/lv_obj_style_gen.h ****  */
 696:Middlewares/LVGL/lvgl/src/widgets/span/../../core/lv_obj_style_gen.h **** static inline lv_opa_t lv_obj_get_style_border_opa(const lv_obj_t * obj, lv_part_t part)
 697:Middlewares/LVGL/lvgl/src/widgets/span/../../core/lv_obj_style_gen.h **** {
 698:Middlewares/LVGL/lvgl/src/widgets/span/../../core/lv_obj_style_gen.h ****     lv_style_value_t v = lv_obj_get_style_prop(obj, part, LV_STYLE_BORDER_OPA);
 699:Middlewares/LVGL/lvgl/src/widgets/span/../../core/lv_obj_style_gen.h ****     return (lv_opa_t)v.num;
 700:Middlewares/LVGL/lvgl/src/widgets/span/../../core/lv_obj_style_gen.h **** }
 701:Middlewares/LVGL/lvgl/src/widgets/span/../../core/lv_obj_style_gen.h **** 
 702:Middlewares/LVGL/lvgl/src/widgets/span/../../core/lv_obj_style_gen.h **** /**
 703:Middlewares/LVGL/lvgl/src/widgets/span/../../core/lv_obj_style_gen.h ****  * Get width of the border. Only pixel values can be used.
 704:Middlewares/LVGL/lvgl/src/widgets/span/../../core/lv_obj_style_gen.h ****  * Default: 0, inherited: No, layout: Yes, ext. draw: No.
 705:Middlewares/LVGL/lvgl/src/widgets/span/../../core/lv_obj_style_gen.h ****  * @param  obj    Pointer to Widget
 706:Middlewares/LVGL/lvgl/src/widgets/span/../../core/lv_obj_style_gen.h ****  * @param  part   One of the `LV_PART_...` enum values
 707:Middlewares/LVGL/lvgl/src/widgets/span/../../core/lv_obj_style_gen.h ****  */
 708:Middlewares/LVGL/lvgl/src/widgets/span/../../core/lv_obj_style_gen.h **** static inline int32_t lv_obj_get_style_border_width(const lv_obj_t * obj, lv_part_t part)
 709:Middlewares/LVGL/lvgl/src/widgets/span/../../core/lv_obj_style_gen.h **** {
 710:Middlewares/LVGL/lvgl/src/widgets/span/../../core/lv_obj_style_gen.h ****     lv_style_value_t v = lv_obj_get_style_prop(obj, part, LV_STYLE_BORDER_WIDTH);
 711:Middlewares/LVGL/lvgl/src/widgets/span/../../core/lv_obj_style_gen.h ****     return (int32_t)v.num;
 712:Middlewares/LVGL/lvgl/src/widgets/span/../../core/lv_obj_style_gen.h **** }
 713:Middlewares/LVGL/lvgl/src/widgets/span/../../core/lv_obj_style_gen.h **** 
 714:Middlewares/LVGL/lvgl/src/widgets/span/../../core/lv_obj_style_gen.h **** /**
 715:Middlewares/LVGL/lvgl/src/widgets/span/../../core/lv_obj_style_gen.h ****  * Get only which side(s) the border should be drawn. Possible values are
 716:Middlewares/LVGL/lvgl/src/widgets/span/../../core/lv_obj_style_gen.h ****  * `LV_BORDER_SIDE_NONE/TOP/BOTTOM/LEFT/RIGHT/INTERNAL`. OR-ed values can be used as
 717:Middlewares/LVGL/lvgl/src/widgets/span/../../core/lv_obj_style_gen.h ****  * well, e.g. `LV_BORDER_SIDE_TOP | LV_BORDER_SIDE_LEFT`.
 718:Middlewares/LVGL/lvgl/src/widgets/span/../../core/lv_obj_style_gen.h ****  * Default: `LV_BORDER_SIDE_FULL`, inherited: No, layout: No, ext. draw: No.
 719:Middlewares/LVGL/lvgl/src/widgets/span/../../core/lv_obj_style_gen.h ****  * @param  obj    Pointer to Widget
 720:Middlewares/LVGL/lvgl/src/widgets/span/../../core/lv_obj_style_gen.h ****  * @param  part   One of the `LV_PART_...` enum values
 721:Middlewares/LVGL/lvgl/src/widgets/span/../../core/lv_obj_style_gen.h ****  */
 722:Middlewares/LVGL/lvgl/src/widgets/span/../../core/lv_obj_style_gen.h **** static inline lv_border_side_t lv_obj_get_style_border_side(const lv_obj_t * obj, lv_part_t part)
 723:Middlewares/LVGL/lvgl/src/widgets/span/../../core/lv_obj_style_gen.h **** {
 724:Middlewares/LVGL/lvgl/src/widgets/span/../../core/lv_obj_style_gen.h ****     lv_style_value_t v = lv_obj_get_style_prop(obj, part, LV_STYLE_BORDER_SIDE);
 725:Middlewares/LVGL/lvgl/src/widgets/span/../../core/lv_obj_style_gen.h ****     return (lv_border_side_t)v.num;
 726:Middlewares/LVGL/lvgl/src/widgets/span/../../core/lv_obj_style_gen.h **** }
 727:Middlewares/LVGL/lvgl/src/widgets/span/../../core/lv_obj_style_gen.h **** 
 728:Middlewares/LVGL/lvgl/src/widgets/span/../../core/lv_obj_style_gen.h **** /**
 729:Middlewares/LVGL/lvgl/src/widgets/span/../../core/lv_obj_style_gen.h ****  * Gets whether the border should be drawn before or after the children are drawn.
 730:Middlewares/LVGL/lvgl/src/widgets/span/../../core/lv_obj_style_gen.h ****  * `true`: after children, `false`: before children.
 731:Middlewares/LVGL/lvgl/src/widgets/span/../../core/lv_obj_style_gen.h ****  * Default: 0, inherited: No, layout: No, ext. draw: No.
 732:Middlewares/LVGL/lvgl/src/widgets/span/../../core/lv_obj_style_gen.h ****  * @param  obj    Pointer to Widget
 733:Middlewares/LVGL/lvgl/src/widgets/span/../../core/lv_obj_style_gen.h ****  * @param  part   One of the `LV_PART_...` enum values
 734:Middlewares/LVGL/lvgl/src/widgets/span/../../core/lv_obj_style_gen.h ****  */
 735:Middlewares/LVGL/lvgl/src/widgets/span/../../core/lv_obj_style_gen.h **** static inline bool lv_obj_get_style_border_post(const lv_obj_t * obj, lv_part_t part)
 736:Middlewares/LVGL/lvgl/src/widgets/span/../../core/lv_obj_style_gen.h **** {
 737:Middlewares/LVGL/lvgl/src/widgets/span/../../core/lv_obj_style_gen.h ****     lv_style_value_t v = lv_obj_get_style_prop(obj, part, LV_STYLE_BORDER_POST);
 738:Middlewares/LVGL/lvgl/src/widgets/span/../../core/lv_obj_style_gen.h ****     return (bool)v.num;
ARM GAS  C:\Users\w1785\AppData\Local\Temp\ccRqOZjG.s 			page 41


 739:Middlewares/LVGL/lvgl/src/widgets/span/../../core/lv_obj_style_gen.h **** }
 740:Middlewares/LVGL/lvgl/src/widgets/span/../../core/lv_obj_style_gen.h **** 
 741:Middlewares/LVGL/lvgl/src/widgets/span/../../core/lv_obj_style_gen.h **** /**
 742:Middlewares/LVGL/lvgl/src/widgets/span/../../core/lv_obj_style_gen.h ****  * Get width of outline in pixels.
 743:Middlewares/LVGL/lvgl/src/widgets/span/../../core/lv_obj_style_gen.h ****  * Default: 0, inherited: No, layout: No, ext. draw: Yes.
 744:Middlewares/LVGL/lvgl/src/widgets/span/../../core/lv_obj_style_gen.h ****  * @param  obj    Pointer to Widget
 745:Middlewares/LVGL/lvgl/src/widgets/span/../../core/lv_obj_style_gen.h ****  * @param  part   One of the `LV_PART_...` enum values
 746:Middlewares/LVGL/lvgl/src/widgets/span/../../core/lv_obj_style_gen.h ****  */
 747:Middlewares/LVGL/lvgl/src/widgets/span/../../core/lv_obj_style_gen.h **** static inline int32_t lv_obj_get_style_outline_width(const lv_obj_t * obj, lv_part_t part)
 748:Middlewares/LVGL/lvgl/src/widgets/span/../../core/lv_obj_style_gen.h **** {
 749:Middlewares/LVGL/lvgl/src/widgets/span/../../core/lv_obj_style_gen.h ****     lv_style_value_t v = lv_obj_get_style_prop(obj, part, LV_STYLE_OUTLINE_WIDTH);
 750:Middlewares/LVGL/lvgl/src/widgets/span/../../core/lv_obj_style_gen.h ****     return (int32_t)v.num;
 751:Middlewares/LVGL/lvgl/src/widgets/span/../../core/lv_obj_style_gen.h **** }
 752:Middlewares/LVGL/lvgl/src/widgets/span/../../core/lv_obj_style_gen.h **** 
 753:Middlewares/LVGL/lvgl/src/widgets/span/../../core/lv_obj_style_gen.h **** /**
 754:Middlewares/LVGL/lvgl/src/widgets/span/../../core/lv_obj_style_gen.h ****  * Get color of outline.
 755:Middlewares/LVGL/lvgl/src/widgets/span/../../core/lv_obj_style_gen.h ****  * Default: `0x000000`, inherited: No, layout: No, ext. draw: No.
 756:Middlewares/LVGL/lvgl/src/widgets/span/../../core/lv_obj_style_gen.h ****  * @param  obj    Pointer to Widget
 757:Middlewares/LVGL/lvgl/src/widgets/span/../../core/lv_obj_style_gen.h ****  * @param  part   One of the `LV_PART_...` enum values
 758:Middlewares/LVGL/lvgl/src/widgets/span/../../core/lv_obj_style_gen.h ****  */
 759:Middlewares/LVGL/lvgl/src/widgets/span/../../core/lv_obj_style_gen.h **** static inline lv_color_t lv_obj_get_style_outline_color(const lv_obj_t * obj, lv_part_t part)
 760:Middlewares/LVGL/lvgl/src/widgets/span/../../core/lv_obj_style_gen.h **** {
 761:Middlewares/LVGL/lvgl/src/widgets/span/../../core/lv_obj_style_gen.h ****     lv_style_value_t v = lv_obj_get_style_prop(obj, part, LV_STYLE_OUTLINE_COLOR);
 762:Middlewares/LVGL/lvgl/src/widgets/span/../../core/lv_obj_style_gen.h ****     return v.color;
 763:Middlewares/LVGL/lvgl/src/widgets/span/../../core/lv_obj_style_gen.h **** }
 764:Middlewares/LVGL/lvgl/src/widgets/span/../../core/lv_obj_style_gen.h **** 
 765:Middlewares/LVGL/lvgl/src/widgets/span/../../core/lv_obj_style_gen.h **** /**
 766:Middlewares/LVGL/lvgl/src/widgets/span/../../core/lv_obj_style_gen.h ****  * Get color of outline.
 767:Middlewares/LVGL/lvgl/src/widgets/span/../../core/lv_obj_style_gen.h ****  * Default: `0x000000`, inherited: No, layout: No, ext. draw: No.
 768:Middlewares/LVGL/lvgl/src/widgets/span/../../core/lv_obj_style_gen.h ****  * @param  obj    Pointer to Widget
 769:Middlewares/LVGL/lvgl/src/widgets/span/../../core/lv_obj_style_gen.h ****  * @param  part   One of the `LV_PART_...` enum values
 770:Middlewares/LVGL/lvgl/src/widgets/span/../../core/lv_obj_style_gen.h ****  */
 771:Middlewares/LVGL/lvgl/src/widgets/span/../../core/lv_obj_style_gen.h **** static inline lv_color_t lv_obj_get_style_outline_color_filtered(const lv_obj_t * obj, lv_part_t pa
 772:Middlewares/LVGL/lvgl/src/widgets/span/../../core/lv_obj_style_gen.h **** {
 773:Middlewares/LVGL/lvgl/src/widgets/span/../../core/lv_obj_style_gen.h ****     lv_style_value_t v = lv_obj_style_apply_color_filter(obj, part, lv_obj_get_style_prop(obj, part
 774:Middlewares/LVGL/lvgl/src/widgets/span/../../core/lv_obj_style_gen.h ****     return v.color;
 775:Middlewares/LVGL/lvgl/src/widgets/span/../../core/lv_obj_style_gen.h **** }
 776:Middlewares/LVGL/lvgl/src/widgets/span/../../core/lv_obj_style_gen.h **** 
 777:Middlewares/LVGL/lvgl/src/widgets/span/../../core/lv_obj_style_gen.h **** /**
 778:Middlewares/LVGL/lvgl/src/widgets/span/../../core/lv_obj_style_gen.h ****  * Get opacity of outline. Value 0, `LV_OPA_0` or `LV_OPA_TRANSP` means fully
 779:Middlewares/LVGL/lvgl/src/widgets/span/../../core/lv_obj_style_gen.h ****  * transparent, 255, `LV_OPA_100` or `LV_OPA_COVER` means fully covering, other values
 780:Middlewares/LVGL/lvgl/src/widgets/span/../../core/lv_obj_style_gen.h ****  * or LV_OPA_10, LV_OPA_20, etc means semi transparency.
 781:Middlewares/LVGL/lvgl/src/widgets/span/../../core/lv_obj_style_gen.h ****  * Default: `LV_OPA_COVER`, inherited: No, layout: No, ext. draw: Yes.
 782:Middlewares/LVGL/lvgl/src/widgets/span/../../core/lv_obj_style_gen.h ****  * @param  obj    Pointer to Widget
 783:Middlewares/LVGL/lvgl/src/widgets/span/../../core/lv_obj_style_gen.h ****  * @param  part   One of the `LV_PART_...` enum values
 784:Middlewares/LVGL/lvgl/src/widgets/span/../../core/lv_obj_style_gen.h ****  */
 785:Middlewares/LVGL/lvgl/src/widgets/span/../../core/lv_obj_style_gen.h **** static inline lv_opa_t lv_obj_get_style_outline_opa(const lv_obj_t * obj, lv_part_t part)
 786:Middlewares/LVGL/lvgl/src/widgets/span/../../core/lv_obj_style_gen.h **** {
 787:Middlewares/LVGL/lvgl/src/widgets/span/../../core/lv_obj_style_gen.h ****     lv_style_value_t v = lv_obj_get_style_prop(obj, part, LV_STYLE_OUTLINE_OPA);
 788:Middlewares/LVGL/lvgl/src/widgets/span/../../core/lv_obj_style_gen.h ****     return (lv_opa_t)v.num;
 789:Middlewares/LVGL/lvgl/src/widgets/span/../../core/lv_obj_style_gen.h **** }
 790:Middlewares/LVGL/lvgl/src/widgets/span/../../core/lv_obj_style_gen.h **** 
 791:Middlewares/LVGL/lvgl/src/widgets/span/../../core/lv_obj_style_gen.h **** /**
 792:Middlewares/LVGL/lvgl/src/widgets/span/../../core/lv_obj_style_gen.h ****  * Get padding of outline, i.e. the gap between Widget and the outline.
 793:Middlewares/LVGL/lvgl/src/widgets/span/../../core/lv_obj_style_gen.h ****  * Default: 0, inherited: No, layout: No, ext. draw: Yes.
 794:Middlewares/LVGL/lvgl/src/widgets/span/../../core/lv_obj_style_gen.h ****  * @param  obj    Pointer to Widget
 795:Middlewares/LVGL/lvgl/src/widgets/span/../../core/lv_obj_style_gen.h ****  * @param  part   One of the `LV_PART_...` enum values
ARM GAS  C:\Users\w1785\AppData\Local\Temp\ccRqOZjG.s 			page 42


 796:Middlewares/LVGL/lvgl/src/widgets/span/../../core/lv_obj_style_gen.h ****  */
 797:Middlewares/LVGL/lvgl/src/widgets/span/../../core/lv_obj_style_gen.h **** static inline int32_t lv_obj_get_style_outline_pad(const lv_obj_t * obj, lv_part_t part)
 798:Middlewares/LVGL/lvgl/src/widgets/span/../../core/lv_obj_style_gen.h **** {
 799:Middlewares/LVGL/lvgl/src/widgets/span/../../core/lv_obj_style_gen.h ****     lv_style_value_t v = lv_obj_get_style_prop(obj, part, LV_STYLE_OUTLINE_PAD);
 800:Middlewares/LVGL/lvgl/src/widgets/span/../../core/lv_obj_style_gen.h ****     return (int32_t)v.num;
 801:Middlewares/LVGL/lvgl/src/widgets/span/../../core/lv_obj_style_gen.h **** }
 802:Middlewares/LVGL/lvgl/src/widgets/span/../../core/lv_obj_style_gen.h **** 
 803:Middlewares/LVGL/lvgl/src/widgets/span/../../core/lv_obj_style_gen.h **** /**
 804:Middlewares/LVGL/lvgl/src/widgets/span/../../core/lv_obj_style_gen.h ****  * Get width of the shadow in pixels. The value should be >= 0.
 805:Middlewares/LVGL/lvgl/src/widgets/span/../../core/lv_obj_style_gen.h ****  * Default: 0, inherited: No, layout: No, ext. draw: Yes.
 806:Middlewares/LVGL/lvgl/src/widgets/span/../../core/lv_obj_style_gen.h ****  * @param  obj    Pointer to Widget
 807:Middlewares/LVGL/lvgl/src/widgets/span/../../core/lv_obj_style_gen.h ****  * @param  part   One of the `LV_PART_...` enum values
 808:Middlewares/LVGL/lvgl/src/widgets/span/../../core/lv_obj_style_gen.h ****  */
 809:Middlewares/LVGL/lvgl/src/widgets/span/../../core/lv_obj_style_gen.h **** static inline int32_t lv_obj_get_style_shadow_width(const lv_obj_t * obj, lv_part_t part)
 810:Middlewares/LVGL/lvgl/src/widgets/span/../../core/lv_obj_style_gen.h **** {
 811:Middlewares/LVGL/lvgl/src/widgets/span/../../core/lv_obj_style_gen.h ****     lv_style_value_t v = lv_obj_get_style_prop(obj, part, LV_STYLE_SHADOW_WIDTH);
 812:Middlewares/LVGL/lvgl/src/widgets/span/../../core/lv_obj_style_gen.h ****     return (int32_t)v.num;
 813:Middlewares/LVGL/lvgl/src/widgets/span/../../core/lv_obj_style_gen.h **** }
 814:Middlewares/LVGL/lvgl/src/widgets/span/../../core/lv_obj_style_gen.h **** 
 815:Middlewares/LVGL/lvgl/src/widgets/span/../../core/lv_obj_style_gen.h **** /**
 816:Middlewares/LVGL/lvgl/src/widgets/span/../../core/lv_obj_style_gen.h ****  * Get an offset on the shadow in pixels in X direction.
 817:Middlewares/LVGL/lvgl/src/widgets/span/../../core/lv_obj_style_gen.h ****  * Default: 0, inherited: No, layout: No, ext. draw: Yes.
 818:Middlewares/LVGL/lvgl/src/widgets/span/../../core/lv_obj_style_gen.h ****  * @param  obj    Pointer to Widget
 819:Middlewares/LVGL/lvgl/src/widgets/span/../../core/lv_obj_style_gen.h ****  * @param  part   One of the `LV_PART_...` enum values
 820:Middlewares/LVGL/lvgl/src/widgets/span/../../core/lv_obj_style_gen.h ****  */
 821:Middlewares/LVGL/lvgl/src/widgets/span/../../core/lv_obj_style_gen.h **** static inline int32_t lv_obj_get_style_shadow_offset_x(const lv_obj_t * obj, lv_part_t part)
 822:Middlewares/LVGL/lvgl/src/widgets/span/../../core/lv_obj_style_gen.h **** {
 823:Middlewares/LVGL/lvgl/src/widgets/span/../../core/lv_obj_style_gen.h ****     lv_style_value_t v = lv_obj_get_style_prop(obj, part, LV_STYLE_SHADOW_OFFSET_X);
 824:Middlewares/LVGL/lvgl/src/widgets/span/../../core/lv_obj_style_gen.h ****     return (int32_t)v.num;
 825:Middlewares/LVGL/lvgl/src/widgets/span/../../core/lv_obj_style_gen.h **** }
 826:Middlewares/LVGL/lvgl/src/widgets/span/../../core/lv_obj_style_gen.h **** 
 827:Middlewares/LVGL/lvgl/src/widgets/span/../../core/lv_obj_style_gen.h **** /**
 828:Middlewares/LVGL/lvgl/src/widgets/span/../../core/lv_obj_style_gen.h ****  * Get an offset on the shadow in pixels in Y direction.
 829:Middlewares/LVGL/lvgl/src/widgets/span/../../core/lv_obj_style_gen.h ****  * Default: 0, inherited: No, layout: No, ext. draw: Yes.
 830:Middlewares/LVGL/lvgl/src/widgets/span/../../core/lv_obj_style_gen.h ****  * @param  obj    Pointer to Widget
 831:Middlewares/LVGL/lvgl/src/widgets/span/../../core/lv_obj_style_gen.h ****  * @param  part   One of the `LV_PART_...` enum values
 832:Middlewares/LVGL/lvgl/src/widgets/span/../../core/lv_obj_style_gen.h ****  */
 833:Middlewares/LVGL/lvgl/src/widgets/span/../../core/lv_obj_style_gen.h **** static inline int32_t lv_obj_get_style_shadow_offset_y(const lv_obj_t * obj, lv_part_t part)
 834:Middlewares/LVGL/lvgl/src/widgets/span/../../core/lv_obj_style_gen.h **** {
 835:Middlewares/LVGL/lvgl/src/widgets/span/../../core/lv_obj_style_gen.h ****     lv_style_value_t v = lv_obj_get_style_prop(obj, part, LV_STYLE_SHADOW_OFFSET_Y);
 836:Middlewares/LVGL/lvgl/src/widgets/span/../../core/lv_obj_style_gen.h ****     return (int32_t)v.num;
 837:Middlewares/LVGL/lvgl/src/widgets/span/../../core/lv_obj_style_gen.h **** }
 838:Middlewares/LVGL/lvgl/src/widgets/span/../../core/lv_obj_style_gen.h **** 
 839:Middlewares/LVGL/lvgl/src/widgets/span/../../core/lv_obj_style_gen.h **** /**
 840:Middlewares/LVGL/lvgl/src/widgets/span/../../core/lv_obj_style_gen.h ****  * Make shadow calculation to use a larger or smaller rectangle as base. The value can
 841:Middlewares/LVGL/lvgl/src/widgets/span/../../core/lv_obj_style_gen.h ****  * be in pixels to make the area larger/smaller.
 842:Middlewares/LVGL/lvgl/src/widgets/span/../../core/lv_obj_style_gen.h ****  * Default: 0, inherited: No, layout: No, ext. draw: Yes.
 843:Middlewares/LVGL/lvgl/src/widgets/span/../../core/lv_obj_style_gen.h ****  * @param  obj    Pointer to Widget
 844:Middlewares/LVGL/lvgl/src/widgets/span/../../core/lv_obj_style_gen.h ****  * @param  part   One of the `LV_PART_...` enum values
 845:Middlewares/LVGL/lvgl/src/widgets/span/../../core/lv_obj_style_gen.h ****  */
 846:Middlewares/LVGL/lvgl/src/widgets/span/../../core/lv_obj_style_gen.h **** static inline int32_t lv_obj_get_style_shadow_spread(const lv_obj_t * obj, lv_part_t part)
 847:Middlewares/LVGL/lvgl/src/widgets/span/../../core/lv_obj_style_gen.h **** {
 848:Middlewares/LVGL/lvgl/src/widgets/span/../../core/lv_obj_style_gen.h ****     lv_style_value_t v = lv_obj_get_style_prop(obj, part, LV_STYLE_SHADOW_SPREAD);
 849:Middlewares/LVGL/lvgl/src/widgets/span/../../core/lv_obj_style_gen.h ****     return (int32_t)v.num;
 850:Middlewares/LVGL/lvgl/src/widgets/span/../../core/lv_obj_style_gen.h **** }
 851:Middlewares/LVGL/lvgl/src/widgets/span/../../core/lv_obj_style_gen.h **** 
 852:Middlewares/LVGL/lvgl/src/widgets/span/../../core/lv_obj_style_gen.h **** /**
ARM GAS  C:\Users\w1785\AppData\Local\Temp\ccRqOZjG.s 			page 43


 853:Middlewares/LVGL/lvgl/src/widgets/span/../../core/lv_obj_style_gen.h ****  * Get color of shadow.
 854:Middlewares/LVGL/lvgl/src/widgets/span/../../core/lv_obj_style_gen.h ****  * Default: `0x000000`, inherited: No, layout: No, ext. draw: No.
 855:Middlewares/LVGL/lvgl/src/widgets/span/../../core/lv_obj_style_gen.h ****  * @param  obj    Pointer to Widget
 856:Middlewares/LVGL/lvgl/src/widgets/span/../../core/lv_obj_style_gen.h ****  * @param  part   One of the `LV_PART_...` enum values
 857:Middlewares/LVGL/lvgl/src/widgets/span/../../core/lv_obj_style_gen.h ****  */
 858:Middlewares/LVGL/lvgl/src/widgets/span/../../core/lv_obj_style_gen.h **** static inline lv_color_t lv_obj_get_style_shadow_color(const lv_obj_t * obj, lv_part_t part)
 859:Middlewares/LVGL/lvgl/src/widgets/span/../../core/lv_obj_style_gen.h **** {
 860:Middlewares/LVGL/lvgl/src/widgets/span/../../core/lv_obj_style_gen.h ****     lv_style_value_t v = lv_obj_get_style_prop(obj, part, LV_STYLE_SHADOW_COLOR);
 861:Middlewares/LVGL/lvgl/src/widgets/span/../../core/lv_obj_style_gen.h ****     return v.color;
 862:Middlewares/LVGL/lvgl/src/widgets/span/../../core/lv_obj_style_gen.h **** }
 863:Middlewares/LVGL/lvgl/src/widgets/span/../../core/lv_obj_style_gen.h **** 
 864:Middlewares/LVGL/lvgl/src/widgets/span/../../core/lv_obj_style_gen.h **** /**
 865:Middlewares/LVGL/lvgl/src/widgets/span/../../core/lv_obj_style_gen.h ****  * Get color of shadow.
 866:Middlewares/LVGL/lvgl/src/widgets/span/../../core/lv_obj_style_gen.h ****  * Default: `0x000000`, inherited: No, layout: No, ext. draw: No.
 867:Middlewares/LVGL/lvgl/src/widgets/span/../../core/lv_obj_style_gen.h ****  * @param  obj    Pointer to Widget
 868:Middlewares/LVGL/lvgl/src/widgets/span/../../core/lv_obj_style_gen.h ****  * @param  part   One of the `LV_PART_...` enum values
 869:Middlewares/LVGL/lvgl/src/widgets/span/../../core/lv_obj_style_gen.h ****  */
 870:Middlewares/LVGL/lvgl/src/widgets/span/../../core/lv_obj_style_gen.h **** static inline lv_color_t lv_obj_get_style_shadow_color_filtered(const lv_obj_t * obj, lv_part_t par
 871:Middlewares/LVGL/lvgl/src/widgets/span/../../core/lv_obj_style_gen.h **** {
 872:Middlewares/LVGL/lvgl/src/widgets/span/../../core/lv_obj_style_gen.h ****     lv_style_value_t v = lv_obj_style_apply_color_filter(obj, part, lv_obj_get_style_prop(obj, part
 873:Middlewares/LVGL/lvgl/src/widgets/span/../../core/lv_obj_style_gen.h ****     return v.color;
 874:Middlewares/LVGL/lvgl/src/widgets/span/../../core/lv_obj_style_gen.h **** }
 875:Middlewares/LVGL/lvgl/src/widgets/span/../../core/lv_obj_style_gen.h **** 
 876:Middlewares/LVGL/lvgl/src/widgets/span/../../core/lv_obj_style_gen.h **** /**
 877:Middlewares/LVGL/lvgl/src/widgets/span/../../core/lv_obj_style_gen.h ****  * Get opacity of shadow. Value 0, `LV_OPA_0` or `LV_OPA_TRANSP` means fully
 878:Middlewares/LVGL/lvgl/src/widgets/span/../../core/lv_obj_style_gen.h ****  * transparent, 255, `LV_OPA_100` or `LV_OPA_COVER` means fully covering, other values
 879:Middlewares/LVGL/lvgl/src/widgets/span/../../core/lv_obj_style_gen.h ****  * or LV_OPA_10, LV_OPA_20, etc means semi transparency.
 880:Middlewares/LVGL/lvgl/src/widgets/span/../../core/lv_obj_style_gen.h ****  * Default: `LV_OPA_COVER`, inherited: No, layout: No, ext. draw: Yes.
 881:Middlewares/LVGL/lvgl/src/widgets/span/../../core/lv_obj_style_gen.h ****  * @param  obj    Pointer to Widget
 882:Middlewares/LVGL/lvgl/src/widgets/span/../../core/lv_obj_style_gen.h ****  * @param  part   One of the `LV_PART_...` enum values
 883:Middlewares/LVGL/lvgl/src/widgets/span/../../core/lv_obj_style_gen.h ****  */
 884:Middlewares/LVGL/lvgl/src/widgets/span/../../core/lv_obj_style_gen.h **** static inline lv_opa_t lv_obj_get_style_shadow_opa(const lv_obj_t * obj, lv_part_t part)
 885:Middlewares/LVGL/lvgl/src/widgets/span/../../core/lv_obj_style_gen.h **** {
 886:Middlewares/LVGL/lvgl/src/widgets/span/../../core/lv_obj_style_gen.h ****     lv_style_value_t v = lv_obj_get_style_prop(obj, part, LV_STYLE_SHADOW_OPA);
 887:Middlewares/LVGL/lvgl/src/widgets/span/../../core/lv_obj_style_gen.h ****     return (lv_opa_t)v.num;
 888:Middlewares/LVGL/lvgl/src/widgets/span/../../core/lv_obj_style_gen.h **** }
 889:Middlewares/LVGL/lvgl/src/widgets/span/../../core/lv_obj_style_gen.h **** 
 890:Middlewares/LVGL/lvgl/src/widgets/span/../../core/lv_obj_style_gen.h **** /**
 891:Middlewares/LVGL/lvgl/src/widgets/span/../../core/lv_obj_style_gen.h ****  * Get opacity of an image. Value 0, `LV_OPA_0` or `LV_OPA_TRANSP` means fully
 892:Middlewares/LVGL/lvgl/src/widgets/span/../../core/lv_obj_style_gen.h ****  * transparent, 255, `LV_OPA_100` or `LV_OPA_COVER` means fully covering, other values
 893:Middlewares/LVGL/lvgl/src/widgets/span/../../core/lv_obj_style_gen.h ****  * or LV_OPA_10, LV_OPA_20, etc means semi transparency.
 894:Middlewares/LVGL/lvgl/src/widgets/span/../../core/lv_obj_style_gen.h ****  * Default: `LV_OPA_COVER`, inherited: No, layout: No, ext. draw: No.
 895:Middlewares/LVGL/lvgl/src/widgets/span/../../core/lv_obj_style_gen.h ****  * @param  obj    Pointer to Widget
 896:Middlewares/LVGL/lvgl/src/widgets/span/../../core/lv_obj_style_gen.h ****  * @param  part   One of the `LV_PART_...` enum values
 897:Middlewares/LVGL/lvgl/src/widgets/span/../../core/lv_obj_style_gen.h ****  */
 898:Middlewares/LVGL/lvgl/src/widgets/span/../../core/lv_obj_style_gen.h **** static inline lv_opa_t lv_obj_get_style_image_opa(const lv_obj_t * obj, lv_part_t part)
 899:Middlewares/LVGL/lvgl/src/widgets/span/../../core/lv_obj_style_gen.h **** {
 900:Middlewares/LVGL/lvgl/src/widgets/span/../../core/lv_obj_style_gen.h ****     lv_style_value_t v = lv_obj_get_style_prop(obj, part, LV_STYLE_IMAGE_OPA);
 901:Middlewares/LVGL/lvgl/src/widgets/span/../../core/lv_obj_style_gen.h ****     return (lv_opa_t)v.num;
 902:Middlewares/LVGL/lvgl/src/widgets/span/../../core/lv_obj_style_gen.h **** }
 903:Middlewares/LVGL/lvgl/src/widgets/span/../../core/lv_obj_style_gen.h **** 
 904:Middlewares/LVGL/lvgl/src/widgets/span/../../core/lv_obj_style_gen.h **** /**
 905:Middlewares/LVGL/lvgl/src/widgets/span/../../core/lv_obj_style_gen.h ****  * Get color to mix with the image.
 906:Middlewares/LVGL/lvgl/src/widgets/span/../../core/lv_obj_style_gen.h ****  * Default: `0x000000`, inherited: No, layout: No, ext. draw: No.
 907:Middlewares/LVGL/lvgl/src/widgets/span/../../core/lv_obj_style_gen.h ****  * @param  obj    Pointer to Widget
 908:Middlewares/LVGL/lvgl/src/widgets/span/../../core/lv_obj_style_gen.h ****  * @param  part   One of the `LV_PART_...` enum values
 909:Middlewares/LVGL/lvgl/src/widgets/span/../../core/lv_obj_style_gen.h ****  */
ARM GAS  C:\Users\w1785\AppData\Local\Temp\ccRqOZjG.s 			page 44


 910:Middlewares/LVGL/lvgl/src/widgets/span/../../core/lv_obj_style_gen.h **** static inline lv_color_t lv_obj_get_style_image_recolor(const lv_obj_t * obj, lv_part_t part)
 911:Middlewares/LVGL/lvgl/src/widgets/span/../../core/lv_obj_style_gen.h **** {
 912:Middlewares/LVGL/lvgl/src/widgets/span/../../core/lv_obj_style_gen.h ****     lv_style_value_t v = lv_obj_get_style_prop(obj, part, LV_STYLE_IMAGE_RECOLOR);
 913:Middlewares/LVGL/lvgl/src/widgets/span/../../core/lv_obj_style_gen.h ****     return v.color;
 914:Middlewares/LVGL/lvgl/src/widgets/span/../../core/lv_obj_style_gen.h **** }
 915:Middlewares/LVGL/lvgl/src/widgets/span/../../core/lv_obj_style_gen.h **** 
 916:Middlewares/LVGL/lvgl/src/widgets/span/../../core/lv_obj_style_gen.h **** /**
 917:Middlewares/LVGL/lvgl/src/widgets/span/../../core/lv_obj_style_gen.h ****  * Get color to mix with the image.
 918:Middlewares/LVGL/lvgl/src/widgets/span/../../core/lv_obj_style_gen.h ****  * Default: `0x000000`, inherited: No, layout: No, ext. draw: No.
 919:Middlewares/LVGL/lvgl/src/widgets/span/../../core/lv_obj_style_gen.h ****  * @param  obj    Pointer to Widget
 920:Middlewares/LVGL/lvgl/src/widgets/span/../../core/lv_obj_style_gen.h ****  * @param  part   One of the `LV_PART_...` enum values
 921:Middlewares/LVGL/lvgl/src/widgets/span/../../core/lv_obj_style_gen.h ****  */
 922:Middlewares/LVGL/lvgl/src/widgets/span/../../core/lv_obj_style_gen.h **** static inline lv_color_t lv_obj_get_style_image_recolor_filtered(const lv_obj_t * obj, lv_part_t pa
 923:Middlewares/LVGL/lvgl/src/widgets/span/../../core/lv_obj_style_gen.h **** {
 924:Middlewares/LVGL/lvgl/src/widgets/span/../../core/lv_obj_style_gen.h ****     lv_style_value_t v = lv_obj_style_apply_color_filter(obj, part, lv_obj_get_style_prop(obj, part
 925:Middlewares/LVGL/lvgl/src/widgets/span/../../core/lv_obj_style_gen.h ****     return v.color;
 926:Middlewares/LVGL/lvgl/src/widgets/span/../../core/lv_obj_style_gen.h **** }
 927:Middlewares/LVGL/lvgl/src/widgets/span/../../core/lv_obj_style_gen.h **** 
 928:Middlewares/LVGL/lvgl/src/widgets/span/../../core/lv_obj_style_gen.h **** /**
 929:Middlewares/LVGL/lvgl/src/widgets/span/../../core/lv_obj_style_gen.h ****  * Get intensity of color mixing. Value 0, `LV_OPA_0` or `LV_OPA_TRANSP` means fully
 930:Middlewares/LVGL/lvgl/src/widgets/span/../../core/lv_obj_style_gen.h ****  * transparent, 255, `LV_OPA_100` or `LV_OPA_COVER` means fully covering, other values
 931:Middlewares/LVGL/lvgl/src/widgets/span/../../core/lv_obj_style_gen.h ****  * or LV_OPA_10, LV_OPA_20, etc means semi transparency.
 932:Middlewares/LVGL/lvgl/src/widgets/span/../../core/lv_obj_style_gen.h ****  * Default: 0, inherited: No, layout: No, ext. draw: No.
 933:Middlewares/LVGL/lvgl/src/widgets/span/../../core/lv_obj_style_gen.h ****  * @param  obj    Pointer to Widget
 934:Middlewares/LVGL/lvgl/src/widgets/span/../../core/lv_obj_style_gen.h ****  * @param  part   One of the `LV_PART_...` enum values
 935:Middlewares/LVGL/lvgl/src/widgets/span/../../core/lv_obj_style_gen.h ****  */
 936:Middlewares/LVGL/lvgl/src/widgets/span/../../core/lv_obj_style_gen.h **** static inline lv_opa_t lv_obj_get_style_image_recolor_opa(const lv_obj_t * obj, lv_part_t part)
 937:Middlewares/LVGL/lvgl/src/widgets/span/../../core/lv_obj_style_gen.h **** {
 938:Middlewares/LVGL/lvgl/src/widgets/span/../../core/lv_obj_style_gen.h ****     lv_style_value_t v = lv_obj_get_style_prop(obj, part, LV_STYLE_IMAGE_RECOLOR_OPA);
 939:Middlewares/LVGL/lvgl/src/widgets/span/../../core/lv_obj_style_gen.h ****     return (lv_opa_t)v.num;
 940:Middlewares/LVGL/lvgl/src/widgets/span/../../core/lv_obj_style_gen.h **** }
 941:Middlewares/LVGL/lvgl/src/widgets/span/../../core/lv_obj_style_gen.h **** 
 942:Middlewares/LVGL/lvgl/src/widgets/span/../../core/lv_obj_style_gen.h **** /**
 943:Middlewares/LVGL/lvgl/src/widgets/span/../../core/lv_obj_style_gen.h ****  * Get image colorkey definition. The lv_image_colorkey_t contains two color values:
 944:Middlewares/LVGL/lvgl/src/widgets/span/../../core/lv_obj_style_gen.h ****  * `high_color` and `low_color`. the color of pixels ranging from `low_color` to
 945:Middlewares/LVGL/lvgl/src/widgets/span/../../core/lv_obj_style_gen.h ****  * `high_color` will be transparent.
 946:Middlewares/LVGL/lvgl/src/widgets/span/../../core/lv_obj_style_gen.h ****  * Default: `NULL`, inherited: No, layout: No, ext. draw: No.
 947:Middlewares/LVGL/lvgl/src/widgets/span/../../core/lv_obj_style_gen.h ****  * @param  obj    Pointer to Widget
 948:Middlewares/LVGL/lvgl/src/widgets/span/../../core/lv_obj_style_gen.h ****  * @param  part   One of the `LV_PART_...` enum values
 949:Middlewares/LVGL/lvgl/src/widgets/span/../../core/lv_obj_style_gen.h ****  */
 950:Middlewares/LVGL/lvgl/src/widgets/span/../../core/lv_obj_style_gen.h **** static inline const lv_image_colorkey_t * lv_obj_get_style_image_colorkey(const lv_obj_t * obj, lv_
 951:Middlewares/LVGL/lvgl/src/widgets/span/../../core/lv_obj_style_gen.h **** {
 952:Middlewares/LVGL/lvgl/src/widgets/span/../../core/lv_obj_style_gen.h ****     lv_style_value_t v = lv_obj_get_style_prop(obj, part, LV_STYLE_IMAGE_COLORKEY);
 953:Middlewares/LVGL/lvgl/src/widgets/span/../../core/lv_obj_style_gen.h ****     return (const lv_image_colorkey_t *)v.ptr;
 954:Middlewares/LVGL/lvgl/src/widgets/span/../../core/lv_obj_style_gen.h **** }
 955:Middlewares/LVGL/lvgl/src/widgets/span/../../core/lv_obj_style_gen.h **** 
 956:Middlewares/LVGL/lvgl/src/widgets/span/../../core/lv_obj_style_gen.h **** /**
 957:Middlewares/LVGL/lvgl/src/widgets/span/../../core/lv_obj_style_gen.h ****  * Get width of lines in pixels.
 958:Middlewares/LVGL/lvgl/src/widgets/span/../../core/lv_obj_style_gen.h ****  * Default: 0, inherited: No, layout: No, ext. draw: Yes.
 959:Middlewares/LVGL/lvgl/src/widgets/span/../../core/lv_obj_style_gen.h ****  * @param  obj    Pointer to Widget
 960:Middlewares/LVGL/lvgl/src/widgets/span/../../core/lv_obj_style_gen.h ****  * @param  part   One of the `LV_PART_...` enum values
 961:Middlewares/LVGL/lvgl/src/widgets/span/../../core/lv_obj_style_gen.h ****  */
 962:Middlewares/LVGL/lvgl/src/widgets/span/../../core/lv_obj_style_gen.h **** static inline int32_t lv_obj_get_style_line_width(const lv_obj_t * obj, lv_part_t part)
 963:Middlewares/LVGL/lvgl/src/widgets/span/../../core/lv_obj_style_gen.h **** {
 964:Middlewares/LVGL/lvgl/src/widgets/span/../../core/lv_obj_style_gen.h ****     lv_style_value_t v = lv_obj_get_style_prop(obj, part, LV_STYLE_LINE_WIDTH);
 965:Middlewares/LVGL/lvgl/src/widgets/span/../../core/lv_obj_style_gen.h ****     return (int32_t)v.num;
 966:Middlewares/LVGL/lvgl/src/widgets/span/../../core/lv_obj_style_gen.h **** }
ARM GAS  C:\Users\w1785\AppData\Local\Temp\ccRqOZjG.s 			page 45


 967:Middlewares/LVGL/lvgl/src/widgets/span/../../core/lv_obj_style_gen.h **** 
 968:Middlewares/LVGL/lvgl/src/widgets/span/../../core/lv_obj_style_gen.h **** /**
 969:Middlewares/LVGL/lvgl/src/widgets/span/../../core/lv_obj_style_gen.h ****  * Get width of dashes in pixels. Note that dash works only on horizontal and vertical lines.
 970:Middlewares/LVGL/lvgl/src/widgets/span/../../core/lv_obj_style_gen.h ****  * Default: 0, inherited: No, layout: No, ext. draw: No.
 971:Middlewares/LVGL/lvgl/src/widgets/span/../../core/lv_obj_style_gen.h ****  * @param  obj    Pointer to Widget
 972:Middlewares/LVGL/lvgl/src/widgets/span/../../core/lv_obj_style_gen.h ****  * @param  part   One of the `LV_PART_...` enum values
 973:Middlewares/LVGL/lvgl/src/widgets/span/../../core/lv_obj_style_gen.h ****  */
 974:Middlewares/LVGL/lvgl/src/widgets/span/../../core/lv_obj_style_gen.h **** static inline int32_t lv_obj_get_style_line_dash_width(const lv_obj_t * obj, lv_part_t part)
 975:Middlewares/LVGL/lvgl/src/widgets/span/../../core/lv_obj_style_gen.h **** {
 976:Middlewares/LVGL/lvgl/src/widgets/span/../../core/lv_obj_style_gen.h ****     lv_style_value_t v = lv_obj_get_style_prop(obj, part, LV_STYLE_LINE_DASH_WIDTH);
 977:Middlewares/LVGL/lvgl/src/widgets/span/../../core/lv_obj_style_gen.h ****     return (int32_t)v.num;
 978:Middlewares/LVGL/lvgl/src/widgets/span/../../core/lv_obj_style_gen.h **** }
 979:Middlewares/LVGL/lvgl/src/widgets/span/../../core/lv_obj_style_gen.h **** 
 980:Middlewares/LVGL/lvgl/src/widgets/span/../../core/lv_obj_style_gen.h **** /**
 981:Middlewares/LVGL/lvgl/src/widgets/span/../../core/lv_obj_style_gen.h ****  * Get gap between dashes in pixels. Note that dash works only on horizontal and
 982:Middlewares/LVGL/lvgl/src/widgets/span/../../core/lv_obj_style_gen.h ****  * vertical lines.
 983:Middlewares/LVGL/lvgl/src/widgets/span/../../core/lv_obj_style_gen.h ****  * Default: 0, inherited: No, layout: No, ext. draw: No.
 984:Middlewares/LVGL/lvgl/src/widgets/span/../../core/lv_obj_style_gen.h ****  * @param  obj    Pointer to Widget
 985:Middlewares/LVGL/lvgl/src/widgets/span/../../core/lv_obj_style_gen.h ****  * @param  part   One of the `LV_PART_...` enum values
 986:Middlewares/LVGL/lvgl/src/widgets/span/../../core/lv_obj_style_gen.h ****  */
 987:Middlewares/LVGL/lvgl/src/widgets/span/../../core/lv_obj_style_gen.h **** static inline int32_t lv_obj_get_style_line_dash_gap(const lv_obj_t * obj, lv_part_t part)
 988:Middlewares/LVGL/lvgl/src/widgets/span/../../core/lv_obj_style_gen.h **** {
 989:Middlewares/LVGL/lvgl/src/widgets/span/../../core/lv_obj_style_gen.h ****     lv_style_value_t v = lv_obj_get_style_prop(obj, part, LV_STYLE_LINE_DASH_GAP);
 990:Middlewares/LVGL/lvgl/src/widgets/span/../../core/lv_obj_style_gen.h ****     return (int32_t)v.num;
 991:Middlewares/LVGL/lvgl/src/widgets/span/../../core/lv_obj_style_gen.h **** }
 992:Middlewares/LVGL/lvgl/src/widgets/span/../../core/lv_obj_style_gen.h **** 
 993:Middlewares/LVGL/lvgl/src/widgets/span/../../core/lv_obj_style_gen.h **** /**
 994:Middlewares/LVGL/lvgl/src/widgets/span/../../core/lv_obj_style_gen.h ****  * Make end points of the lines rounded. `true`: rounded, `false`: perpendicular line ending.
 995:Middlewares/LVGL/lvgl/src/widgets/span/../../core/lv_obj_style_gen.h ****  * Default: 0, inherited: No, layout: No, ext. draw: No.
 996:Middlewares/LVGL/lvgl/src/widgets/span/../../core/lv_obj_style_gen.h ****  * @param  obj    Pointer to Widget
 997:Middlewares/LVGL/lvgl/src/widgets/span/../../core/lv_obj_style_gen.h ****  * @param  part   One of the `LV_PART_...` enum values
 998:Middlewares/LVGL/lvgl/src/widgets/span/../../core/lv_obj_style_gen.h ****  */
 999:Middlewares/LVGL/lvgl/src/widgets/span/../../core/lv_obj_style_gen.h **** static inline bool lv_obj_get_style_line_rounded(const lv_obj_t * obj, lv_part_t part)
1000:Middlewares/LVGL/lvgl/src/widgets/span/../../core/lv_obj_style_gen.h **** {
1001:Middlewares/LVGL/lvgl/src/widgets/span/../../core/lv_obj_style_gen.h ****     lv_style_value_t v = lv_obj_get_style_prop(obj, part, LV_STYLE_LINE_ROUNDED);
1002:Middlewares/LVGL/lvgl/src/widgets/span/../../core/lv_obj_style_gen.h ****     return (bool)v.num;
1003:Middlewares/LVGL/lvgl/src/widgets/span/../../core/lv_obj_style_gen.h **** }
1004:Middlewares/LVGL/lvgl/src/widgets/span/../../core/lv_obj_style_gen.h **** 
1005:Middlewares/LVGL/lvgl/src/widgets/span/../../core/lv_obj_style_gen.h **** /**
1006:Middlewares/LVGL/lvgl/src/widgets/span/../../core/lv_obj_style_gen.h ****  * Get color of lines.
1007:Middlewares/LVGL/lvgl/src/widgets/span/../../core/lv_obj_style_gen.h ****  * Default: `0x000000`, inherited: No, layout: No, ext. draw: No.
1008:Middlewares/LVGL/lvgl/src/widgets/span/../../core/lv_obj_style_gen.h ****  * @param  obj    Pointer to Widget
1009:Middlewares/LVGL/lvgl/src/widgets/span/../../core/lv_obj_style_gen.h ****  * @param  part   One of the `LV_PART_...` enum values
1010:Middlewares/LVGL/lvgl/src/widgets/span/../../core/lv_obj_style_gen.h ****  */
1011:Middlewares/LVGL/lvgl/src/widgets/span/../../core/lv_obj_style_gen.h **** static inline lv_color_t lv_obj_get_style_line_color(const lv_obj_t * obj, lv_part_t part)
1012:Middlewares/LVGL/lvgl/src/widgets/span/../../core/lv_obj_style_gen.h **** {
1013:Middlewares/LVGL/lvgl/src/widgets/span/../../core/lv_obj_style_gen.h ****     lv_style_value_t v = lv_obj_get_style_prop(obj, part, LV_STYLE_LINE_COLOR);
1014:Middlewares/LVGL/lvgl/src/widgets/span/../../core/lv_obj_style_gen.h ****     return v.color;
1015:Middlewares/LVGL/lvgl/src/widgets/span/../../core/lv_obj_style_gen.h **** }
1016:Middlewares/LVGL/lvgl/src/widgets/span/../../core/lv_obj_style_gen.h **** 
1017:Middlewares/LVGL/lvgl/src/widgets/span/../../core/lv_obj_style_gen.h **** /**
1018:Middlewares/LVGL/lvgl/src/widgets/span/../../core/lv_obj_style_gen.h ****  * Get color of lines.
1019:Middlewares/LVGL/lvgl/src/widgets/span/../../core/lv_obj_style_gen.h ****  * Default: `0x000000`, inherited: No, layout: No, ext. draw: No.
1020:Middlewares/LVGL/lvgl/src/widgets/span/../../core/lv_obj_style_gen.h ****  * @param  obj    Pointer to Widget
1021:Middlewares/LVGL/lvgl/src/widgets/span/../../core/lv_obj_style_gen.h ****  * @param  part   One of the `LV_PART_...` enum values
1022:Middlewares/LVGL/lvgl/src/widgets/span/../../core/lv_obj_style_gen.h ****  */
1023:Middlewares/LVGL/lvgl/src/widgets/span/../../core/lv_obj_style_gen.h **** static inline lv_color_t lv_obj_get_style_line_color_filtered(const lv_obj_t * obj, lv_part_t part)
ARM GAS  C:\Users\w1785\AppData\Local\Temp\ccRqOZjG.s 			page 46


1024:Middlewares/LVGL/lvgl/src/widgets/span/../../core/lv_obj_style_gen.h **** {
1025:Middlewares/LVGL/lvgl/src/widgets/span/../../core/lv_obj_style_gen.h ****     lv_style_value_t v = lv_obj_style_apply_color_filter(obj, part, lv_obj_get_style_prop(obj, part
1026:Middlewares/LVGL/lvgl/src/widgets/span/../../core/lv_obj_style_gen.h ****     return v.color;
1027:Middlewares/LVGL/lvgl/src/widgets/span/../../core/lv_obj_style_gen.h **** }
1028:Middlewares/LVGL/lvgl/src/widgets/span/../../core/lv_obj_style_gen.h **** 
1029:Middlewares/LVGL/lvgl/src/widgets/span/../../core/lv_obj_style_gen.h **** /**
1030:Middlewares/LVGL/lvgl/src/widgets/span/../../core/lv_obj_style_gen.h ****  * Get opacity of lines.
1031:Middlewares/LVGL/lvgl/src/widgets/span/../../core/lv_obj_style_gen.h ****  * Default: `LV_OPA_COVER`, inherited: No, layout: No, ext. draw: No.
1032:Middlewares/LVGL/lvgl/src/widgets/span/../../core/lv_obj_style_gen.h ****  * @param  obj    Pointer to Widget
1033:Middlewares/LVGL/lvgl/src/widgets/span/../../core/lv_obj_style_gen.h ****  * @param  part   One of the `LV_PART_...` enum values
1034:Middlewares/LVGL/lvgl/src/widgets/span/../../core/lv_obj_style_gen.h ****  */
1035:Middlewares/LVGL/lvgl/src/widgets/span/../../core/lv_obj_style_gen.h **** static inline lv_opa_t lv_obj_get_style_line_opa(const lv_obj_t * obj, lv_part_t part)
1036:Middlewares/LVGL/lvgl/src/widgets/span/../../core/lv_obj_style_gen.h **** {
1037:Middlewares/LVGL/lvgl/src/widgets/span/../../core/lv_obj_style_gen.h ****     lv_style_value_t v = lv_obj_get_style_prop(obj, part, LV_STYLE_LINE_OPA);
1038:Middlewares/LVGL/lvgl/src/widgets/span/../../core/lv_obj_style_gen.h ****     return (lv_opa_t)v.num;
1039:Middlewares/LVGL/lvgl/src/widgets/span/../../core/lv_obj_style_gen.h **** }
1040:Middlewares/LVGL/lvgl/src/widgets/span/../../core/lv_obj_style_gen.h **** 
1041:Middlewares/LVGL/lvgl/src/widgets/span/../../core/lv_obj_style_gen.h **** /**
1042:Middlewares/LVGL/lvgl/src/widgets/span/../../core/lv_obj_style_gen.h ****  * Get width (thickness) of arcs in pixels.
1043:Middlewares/LVGL/lvgl/src/widgets/span/../../core/lv_obj_style_gen.h ****  * Default: 0, inherited: No, layout: No, ext. draw: Yes.
1044:Middlewares/LVGL/lvgl/src/widgets/span/../../core/lv_obj_style_gen.h ****  * @param  obj    Pointer to Widget
1045:Middlewares/LVGL/lvgl/src/widgets/span/../../core/lv_obj_style_gen.h ****  * @param  part   One of the `LV_PART_...` enum values
1046:Middlewares/LVGL/lvgl/src/widgets/span/../../core/lv_obj_style_gen.h ****  */
1047:Middlewares/LVGL/lvgl/src/widgets/span/../../core/lv_obj_style_gen.h **** static inline int32_t lv_obj_get_style_arc_width(const lv_obj_t * obj, lv_part_t part)
1048:Middlewares/LVGL/lvgl/src/widgets/span/../../core/lv_obj_style_gen.h **** {
1049:Middlewares/LVGL/lvgl/src/widgets/span/../../core/lv_obj_style_gen.h ****     lv_style_value_t v = lv_obj_get_style_prop(obj, part, LV_STYLE_ARC_WIDTH);
1050:Middlewares/LVGL/lvgl/src/widgets/span/../../core/lv_obj_style_gen.h ****     return (int32_t)v.num;
1051:Middlewares/LVGL/lvgl/src/widgets/span/../../core/lv_obj_style_gen.h **** }
1052:Middlewares/LVGL/lvgl/src/widgets/span/../../core/lv_obj_style_gen.h **** 
1053:Middlewares/LVGL/lvgl/src/widgets/span/../../core/lv_obj_style_gen.h **** /**
1054:Middlewares/LVGL/lvgl/src/widgets/span/../../core/lv_obj_style_gen.h ****  * Make end points of arcs rounded. `true`: rounded, `false`: perpendicular line ending.
1055:Middlewares/LVGL/lvgl/src/widgets/span/../../core/lv_obj_style_gen.h ****  * Default: 0, inherited: No, layout: No, ext. draw: No.
1056:Middlewares/LVGL/lvgl/src/widgets/span/../../core/lv_obj_style_gen.h ****  * @param  obj    Pointer to Widget
1057:Middlewares/LVGL/lvgl/src/widgets/span/../../core/lv_obj_style_gen.h ****  * @param  part   One of the `LV_PART_...` enum values
1058:Middlewares/LVGL/lvgl/src/widgets/span/../../core/lv_obj_style_gen.h ****  */
1059:Middlewares/LVGL/lvgl/src/widgets/span/../../core/lv_obj_style_gen.h **** static inline bool lv_obj_get_style_arc_rounded(const lv_obj_t * obj, lv_part_t part)
1060:Middlewares/LVGL/lvgl/src/widgets/span/../../core/lv_obj_style_gen.h **** {
1061:Middlewares/LVGL/lvgl/src/widgets/span/../../core/lv_obj_style_gen.h ****     lv_style_value_t v = lv_obj_get_style_prop(obj, part, LV_STYLE_ARC_ROUNDED);
1062:Middlewares/LVGL/lvgl/src/widgets/span/../../core/lv_obj_style_gen.h ****     return (bool)v.num;
1063:Middlewares/LVGL/lvgl/src/widgets/span/../../core/lv_obj_style_gen.h **** }
1064:Middlewares/LVGL/lvgl/src/widgets/span/../../core/lv_obj_style_gen.h **** 
1065:Middlewares/LVGL/lvgl/src/widgets/span/../../core/lv_obj_style_gen.h **** /**
1066:Middlewares/LVGL/lvgl/src/widgets/span/../../core/lv_obj_style_gen.h ****  * Get color of arc.
1067:Middlewares/LVGL/lvgl/src/widgets/span/../../core/lv_obj_style_gen.h ****  * Default: `0x000000`, inherited: No, layout: No, ext. draw: No.
1068:Middlewares/LVGL/lvgl/src/widgets/span/../../core/lv_obj_style_gen.h ****  * @param  obj    Pointer to Widget
1069:Middlewares/LVGL/lvgl/src/widgets/span/../../core/lv_obj_style_gen.h ****  * @param  part   One of the `LV_PART_...` enum values
1070:Middlewares/LVGL/lvgl/src/widgets/span/../../core/lv_obj_style_gen.h ****  */
1071:Middlewares/LVGL/lvgl/src/widgets/span/../../core/lv_obj_style_gen.h **** static inline lv_color_t lv_obj_get_style_arc_color(const lv_obj_t * obj, lv_part_t part)
1072:Middlewares/LVGL/lvgl/src/widgets/span/../../core/lv_obj_style_gen.h **** {
1073:Middlewares/LVGL/lvgl/src/widgets/span/../../core/lv_obj_style_gen.h ****     lv_style_value_t v = lv_obj_get_style_prop(obj, part, LV_STYLE_ARC_COLOR);
1074:Middlewares/LVGL/lvgl/src/widgets/span/../../core/lv_obj_style_gen.h ****     return v.color;
1075:Middlewares/LVGL/lvgl/src/widgets/span/../../core/lv_obj_style_gen.h **** }
1076:Middlewares/LVGL/lvgl/src/widgets/span/../../core/lv_obj_style_gen.h **** 
1077:Middlewares/LVGL/lvgl/src/widgets/span/../../core/lv_obj_style_gen.h **** /**
1078:Middlewares/LVGL/lvgl/src/widgets/span/../../core/lv_obj_style_gen.h ****  * Get color of arc.
1079:Middlewares/LVGL/lvgl/src/widgets/span/../../core/lv_obj_style_gen.h ****  * Default: `0x000000`, inherited: No, layout: No, ext. draw: No.
1080:Middlewares/LVGL/lvgl/src/widgets/span/../../core/lv_obj_style_gen.h ****  * @param  obj    Pointer to Widget
ARM GAS  C:\Users\w1785\AppData\Local\Temp\ccRqOZjG.s 			page 47


1081:Middlewares/LVGL/lvgl/src/widgets/span/../../core/lv_obj_style_gen.h ****  * @param  part   One of the `LV_PART_...` enum values
1082:Middlewares/LVGL/lvgl/src/widgets/span/../../core/lv_obj_style_gen.h ****  */
1083:Middlewares/LVGL/lvgl/src/widgets/span/../../core/lv_obj_style_gen.h **** static inline lv_color_t lv_obj_get_style_arc_color_filtered(const lv_obj_t * obj, lv_part_t part)
1084:Middlewares/LVGL/lvgl/src/widgets/span/../../core/lv_obj_style_gen.h **** {
1085:Middlewares/LVGL/lvgl/src/widgets/span/../../core/lv_obj_style_gen.h ****     lv_style_value_t v = lv_obj_style_apply_color_filter(obj, part, lv_obj_get_style_prop(obj, part
1086:Middlewares/LVGL/lvgl/src/widgets/span/../../core/lv_obj_style_gen.h ****     return v.color;
1087:Middlewares/LVGL/lvgl/src/widgets/span/../../core/lv_obj_style_gen.h **** }
1088:Middlewares/LVGL/lvgl/src/widgets/span/../../core/lv_obj_style_gen.h **** 
1089:Middlewares/LVGL/lvgl/src/widgets/span/../../core/lv_obj_style_gen.h **** /**
1090:Middlewares/LVGL/lvgl/src/widgets/span/../../core/lv_obj_style_gen.h ****  * Get opacity of arcs.
1091:Middlewares/LVGL/lvgl/src/widgets/span/../../core/lv_obj_style_gen.h ****  * Default: `LV_OPA_COVER`, inherited: No, layout: No, ext. draw: No.
1092:Middlewares/LVGL/lvgl/src/widgets/span/../../core/lv_obj_style_gen.h ****  * @param  obj    Pointer to Widget
1093:Middlewares/LVGL/lvgl/src/widgets/span/../../core/lv_obj_style_gen.h ****  * @param  part   One of the `LV_PART_...` enum values
1094:Middlewares/LVGL/lvgl/src/widgets/span/../../core/lv_obj_style_gen.h ****  */
1095:Middlewares/LVGL/lvgl/src/widgets/span/../../core/lv_obj_style_gen.h **** static inline lv_opa_t lv_obj_get_style_arc_opa(const lv_obj_t * obj, lv_part_t part)
1096:Middlewares/LVGL/lvgl/src/widgets/span/../../core/lv_obj_style_gen.h **** {
1097:Middlewares/LVGL/lvgl/src/widgets/span/../../core/lv_obj_style_gen.h ****     lv_style_value_t v = lv_obj_get_style_prop(obj, part, LV_STYLE_ARC_OPA);
1098:Middlewares/LVGL/lvgl/src/widgets/span/../../core/lv_obj_style_gen.h ****     return (lv_opa_t)v.num;
1099:Middlewares/LVGL/lvgl/src/widgets/span/../../core/lv_obj_style_gen.h **** }
1100:Middlewares/LVGL/lvgl/src/widgets/span/../../core/lv_obj_style_gen.h **** 
1101:Middlewares/LVGL/lvgl/src/widgets/span/../../core/lv_obj_style_gen.h **** /**
1102:Middlewares/LVGL/lvgl/src/widgets/span/../../core/lv_obj_style_gen.h ****  * Get an image from which arc will be masked out. It's useful to display complex
1103:Middlewares/LVGL/lvgl/src/widgets/span/../../core/lv_obj_style_gen.h ****  * effects on the arcs. Can be a pointer to `lv_image_dsc_t` or a path to a file.
1104:Middlewares/LVGL/lvgl/src/widgets/span/../../core/lv_obj_style_gen.h ****  * Default: `NULL`, inherited: No, layout: No, ext. draw: No.
1105:Middlewares/LVGL/lvgl/src/widgets/span/../../core/lv_obj_style_gen.h ****  * @param  obj    Pointer to Widget
1106:Middlewares/LVGL/lvgl/src/widgets/span/../../core/lv_obj_style_gen.h ****  * @param  part   One of the `LV_PART_...` enum values
1107:Middlewares/LVGL/lvgl/src/widgets/span/../../core/lv_obj_style_gen.h ****  */
1108:Middlewares/LVGL/lvgl/src/widgets/span/../../core/lv_obj_style_gen.h **** static inline const void * lv_obj_get_style_arc_image_src(const lv_obj_t * obj, lv_part_t part)
1109:Middlewares/LVGL/lvgl/src/widgets/span/../../core/lv_obj_style_gen.h **** {
1110:Middlewares/LVGL/lvgl/src/widgets/span/../../core/lv_obj_style_gen.h ****     lv_style_value_t v = lv_obj_get_style_prop(obj, part, LV_STYLE_ARC_IMAGE_SRC);
1111:Middlewares/LVGL/lvgl/src/widgets/span/../../core/lv_obj_style_gen.h ****     return (const void *)v.ptr;
1112:Middlewares/LVGL/lvgl/src/widgets/span/../../core/lv_obj_style_gen.h **** }
1113:Middlewares/LVGL/lvgl/src/widgets/span/../../core/lv_obj_style_gen.h **** 
1114:Middlewares/LVGL/lvgl/src/widgets/span/../../core/lv_obj_style_gen.h **** /**
1115:Middlewares/LVGL/lvgl/src/widgets/span/../../core/lv_obj_style_gen.h ****  * Gets color of text.
1116:Middlewares/LVGL/lvgl/src/widgets/span/../../core/lv_obj_style_gen.h ****  * Default: `0x000000`, inherited: Yes, layout: No, ext. draw: No.
1117:Middlewares/LVGL/lvgl/src/widgets/span/../../core/lv_obj_style_gen.h ****  * @param  obj    Pointer to Widget
1118:Middlewares/LVGL/lvgl/src/widgets/span/../../core/lv_obj_style_gen.h ****  * @param  part   One of the `LV_PART_...` enum values
1119:Middlewares/LVGL/lvgl/src/widgets/span/../../core/lv_obj_style_gen.h ****  */
1120:Middlewares/LVGL/lvgl/src/widgets/span/../../core/lv_obj_style_gen.h **** static inline lv_color_t lv_obj_get_style_text_color(const lv_obj_t * obj, lv_part_t part)
1121:Middlewares/LVGL/lvgl/src/widgets/span/../../core/lv_obj_style_gen.h **** {
1122:Middlewares/LVGL/lvgl/src/widgets/span/../../core/lv_obj_style_gen.h ****     lv_style_value_t v = lv_obj_get_style_prop(obj, part, LV_STYLE_TEXT_COLOR);
1123:Middlewares/LVGL/lvgl/src/widgets/span/../../core/lv_obj_style_gen.h ****     return v.color;
1124:Middlewares/LVGL/lvgl/src/widgets/span/../../core/lv_obj_style_gen.h **** }
1125:Middlewares/LVGL/lvgl/src/widgets/span/../../core/lv_obj_style_gen.h **** 
1126:Middlewares/LVGL/lvgl/src/widgets/span/../../core/lv_obj_style_gen.h **** /**
1127:Middlewares/LVGL/lvgl/src/widgets/span/../../core/lv_obj_style_gen.h ****  * Gets color of text.
1128:Middlewares/LVGL/lvgl/src/widgets/span/../../core/lv_obj_style_gen.h ****  * Default: `0x000000`, inherited: Yes, layout: No, ext. draw: No.
1129:Middlewares/LVGL/lvgl/src/widgets/span/../../core/lv_obj_style_gen.h ****  * @param  obj    Pointer to Widget
1130:Middlewares/LVGL/lvgl/src/widgets/span/../../core/lv_obj_style_gen.h ****  * @param  part   One of the `LV_PART_...` enum values
1131:Middlewares/LVGL/lvgl/src/widgets/span/../../core/lv_obj_style_gen.h ****  */
1132:Middlewares/LVGL/lvgl/src/widgets/span/../../core/lv_obj_style_gen.h **** static inline lv_color_t lv_obj_get_style_text_color_filtered(const lv_obj_t * obj, lv_part_t part)
1133:Middlewares/LVGL/lvgl/src/widgets/span/../../core/lv_obj_style_gen.h **** {
1134:Middlewares/LVGL/lvgl/src/widgets/span/../../core/lv_obj_style_gen.h ****     lv_style_value_t v = lv_obj_style_apply_color_filter(obj, part, lv_obj_get_style_prop(obj, part
1135:Middlewares/LVGL/lvgl/src/widgets/span/../../core/lv_obj_style_gen.h ****     return v.color;
1136:Middlewares/LVGL/lvgl/src/widgets/span/../../core/lv_obj_style_gen.h **** }
1137:Middlewares/LVGL/lvgl/src/widgets/span/../../core/lv_obj_style_gen.h **** 
ARM GAS  C:\Users\w1785\AppData\Local\Temp\ccRqOZjG.s 			page 48


1138:Middlewares/LVGL/lvgl/src/widgets/span/../../core/lv_obj_style_gen.h **** /**
1139:Middlewares/LVGL/lvgl/src/widgets/span/../../core/lv_obj_style_gen.h ****  * Get opacity of text. Value 0, `LV_OPA_0` or `LV_OPA_TRANSP` means fully
1140:Middlewares/LVGL/lvgl/src/widgets/span/../../core/lv_obj_style_gen.h ****  * transparent, 255, `LV_OPA_100` or `LV_OPA_COVER` means fully covering, other values
1141:Middlewares/LVGL/lvgl/src/widgets/span/../../core/lv_obj_style_gen.h ****  * or LV_OPA_10, LV_OPA_20, etc means semi transparency.
1142:Middlewares/LVGL/lvgl/src/widgets/span/../../core/lv_obj_style_gen.h ****  * Default: `LV_OPA_COVER`, inherited: Yes, layout: No, ext. draw: No.
1143:Middlewares/LVGL/lvgl/src/widgets/span/../../core/lv_obj_style_gen.h ****  * @param  obj    Pointer to Widget
1144:Middlewares/LVGL/lvgl/src/widgets/span/../../core/lv_obj_style_gen.h ****  * @param  part   One of the `LV_PART_...` enum values
1145:Middlewares/LVGL/lvgl/src/widgets/span/../../core/lv_obj_style_gen.h ****  */
1146:Middlewares/LVGL/lvgl/src/widgets/span/../../core/lv_obj_style_gen.h **** static inline lv_opa_t lv_obj_get_style_text_opa(const lv_obj_t * obj, lv_part_t part)
1147:Middlewares/LVGL/lvgl/src/widgets/span/../../core/lv_obj_style_gen.h **** {
1148:Middlewares/LVGL/lvgl/src/widgets/span/../../core/lv_obj_style_gen.h ****     lv_style_value_t v = lv_obj_get_style_prop(obj, part, LV_STYLE_TEXT_OPA);
1149:Middlewares/LVGL/lvgl/src/widgets/span/../../core/lv_obj_style_gen.h ****     return (lv_opa_t)v.num;
1150:Middlewares/LVGL/lvgl/src/widgets/span/../../core/lv_obj_style_gen.h **** }
1151:Middlewares/LVGL/lvgl/src/widgets/span/../../core/lv_obj_style_gen.h **** 
1152:Middlewares/LVGL/lvgl/src/widgets/span/../../core/lv_obj_style_gen.h **** /**
1153:Middlewares/LVGL/lvgl/src/widgets/span/../../core/lv_obj_style_gen.h ****  * Get font of text (a pointer `lv_font_t *`).
1154:Middlewares/LVGL/lvgl/src/widgets/span/../../core/lv_obj_style_gen.h ****  * Default: `LV_FONT_DEFAULT`, inherited: Yes, layout: Yes, ext. draw: No.
1155:Middlewares/LVGL/lvgl/src/widgets/span/../../core/lv_obj_style_gen.h ****  * @param  obj    Pointer to Widget
1156:Middlewares/LVGL/lvgl/src/widgets/span/../../core/lv_obj_style_gen.h ****  * @param  part   One of the `LV_PART_...` enum values
1157:Middlewares/LVGL/lvgl/src/widgets/span/../../core/lv_obj_style_gen.h ****  */
1158:Middlewares/LVGL/lvgl/src/widgets/span/../../core/lv_obj_style_gen.h **** static inline const lv_font_t * lv_obj_get_style_text_font(const lv_obj_t * obj, lv_part_t part)
1159:Middlewares/LVGL/lvgl/src/widgets/span/../../core/lv_obj_style_gen.h **** {
1160:Middlewares/LVGL/lvgl/src/widgets/span/../../core/lv_obj_style_gen.h ****     lv_style_value_t v = lv_obj_get_style_prop(obj, part, LV_STYLE_TEXT_FONT);
1161:Middlewares/LVGL/lvgl/src/widgets/span/../../core/lv_obj_style_gen.h ****     return (const lv_font_t *)v.ptr;
1162:Middlewares/LVGL/lvgl/src/widgets/span/../../core/lv_obj_style_gen.h **** }
1163:Middlewares/LVGL/lvgl/src/widgets/span/../../core/lv_obj_style_gen.h **** 
1164:Middlewares/LVGL/lvgl/src/widgets/span/../../core/lv_obj_style_gen.h **** /**
1165:Middlewares/LVGL/lvgl/src/widgets/span/../../core/lv_obj_style_gen.h ****  * Get letter space in pixels.
1166:Middlewares/LVGL/lvgl/src/widgets/span/../../core/lv_obj_style_gen.h ****  * Default: 0, inherited: Yes, layout: Yes, ext. draw: No.
1167:Middlewares/LVGL/lvgl/src/widgets/span/../../core/lv_obj_style_gen.h ****  * @param  obj    Pointer to Widget
1168:Middlewares/LVGL/lvgl/src/widgets/span/../../core/lv_obj_style_gen.h ****  * @param  part   One of the `LV_PART_...` enum values
1169:Middlewares/LVGL/lvgl/src/widgets/span/../../core/lv_obj_style_gen.h ****  */
1170:Middlewares/LVGL/lvgl/src/widgets/span/../../core/lv_obj_style_gen.h **** static inline int32_t lv_obj_get_style_text_letter_space(const lv_obj_t * obj, lv_part_t part)
 309              		.loc 3 1170 23 view .LVU75
 310              	.LBB83:
1171:Middlewares/LVGL/lvgl/src/widgets/span/../../core/lv_obj_style_gen.h **** {
1172:Middlewares/LVGL/lvgl/src/widgets/span/../../core/lv_obj_style_gen.h ****     lv_style_value_t v = lv_obj_get_style_prop(obj, part, LV_STYLE_TEXT_LETTER_SPACE);
 311              		.loc 3 1172 5 view .LVU76
 312              		.loc 3 1172 26 is_stmt 0 view .LVU77
 313 001c 6622     		movs	r2, #102
 314 001e 0021     		movs	r1, #0
 315 0020 2046     		mov	r0, r4
 316              	.LVL29:
 317              		.loc 3 1172 26 view .LVU78
 318 0022 FFF7FEFF 		bl	lv_obj_get_style_prop
 319              	.LVL30:
 320 0026 0090     		str	r0, [sp]
1173:Middlewares/LVGL/lvgl/src/widgets/span/../../core/lv_obj_style_gen.h ****     return (int32_t)v.num;
 321              		.loc 3 1173 5 is_stmt 1 view .LVU79
 322              	.LVL31:
 323              		.loc 3 1173 5 is_stmt 0 view .LVU80
 324              	.LBE83:
 325              	.LBE82:
 326 0028 F6E7     		b	.L21
 327              		.cfi_endproc
 328              	.LFE246:
 330              		.section	.text.lv_span_get_style_text_color,"ax",%progbits
ARM GAS  C:\Users\w1785\AppData\Local\Temp\ccRqOZjG.s 			page 49


 331              		.align	1
 332              		.syntax unified
 333              		.thumb
 334              		.thumb_func
 336              	lv_span_get_style_text_color:
 337              	.LVL32:
 338              	.LFB247:
1013:Middlewares/LVGL/lvgl/src/widgets/span/lv_span.c **** 
1014:Middlewares/LVGL/lvgl/src/widgets/span/lv_span.c **** static lv_color_t lv_span_get_style_text_color(lv_obj_t * par, lv_span_t * span)
1015:Middlewares/LVGL/lvgl/src/widgets/span/lv_span.c **** {
 339              		.loc 1 1015 1 is_stmt 1 view -0
 340              		.cfi_startproc
 341              		@ args = 0, pretend = 0, frame = 24
 342              		@ frame_needed = 0, uses_anonymous_args = 0
 343              		.loc 1 1015 1 is_stmt 0 view .LVU82
 344 0000 10B5     		push	{r4, lr}
 345              	.LCFI4:
 346              		.cfi_def_cfa_offset 8
 347              		.cfi_offset 4, -8
 348              		.cfi_offset 14, -4
 349 0002 86B0     		sub	sp, sp, #24
 350              	.LCFI5:
 351              		.cfi_def_cfa_offset 32
 352 0004 0446     		mov	r4, r0
 353 0006 0846     		mov	r0, r1
 354              	.LVL33:
1016:Middlewares/LVGL/lvgl/src/widgets/span/lv_span.c ****     lv_style_value_t value;
 355              		.loc 1 1016 5 is_stmt 1 view .LVU83
1017:Middlewares/LVGL/lvgl/src/widgets/span/lv_span.c ****     lv_style_res_t res = lv_style_get_prop(&span->style, LV_STYLE_TEXT_COLOR, &value);
 356              		.loc 1 1017 5 view .LVU84
 357              		.loc 1 1017 26 is_stmt 0 view .LVU85
 358 0008 02AA     		add	r2, sp, #8
 359 000a 5C21     		movs	r1, #92
 360              	.LVL34:
 361              		.loc 1 1017 26 view .LVU86
 362 000c 0430     		adds	r0, r0, #4
 363              	.LVL35:
 364              		.loc 1 1017 26 view .LVU87
 365 000e FFF7FEFF 		bl	lv_style_get_prop
 366              	.LVL36:
1018:Middlewares/LVGL/lvgl/src/widgets/span/lv_span.c ****     if(res != LV_STYLE_RES_FOUND) {
 367              		.loc 1 1018 5 is_stmt 1 view .LVU88
 368              		.loc 1 1018 7 is_stmt 0 view .LVU89
 369 0012 0128     		cmp	r0, #1
 370 0014 14D1     		bne	.L29
 371              	.LVL37:
 372              	.L27:
1019:Middlewares/LVGL/lvgl/src/widgets/span/lv_span.c ****         value.color = lv_obj_get_style_text_color(par, LV_PART_MAIN);
1020:Middlewares/LVGL/lvgl/src/widgets/span/lv_span.c ****     }
1021:Middlewares/LVGL/lvgl/src/widgets/span/lv_span.c ****     return value.color;
 373              		.loc 1 1021 5 is_stmt 1 view .LVU90
 374              		.loc 1 1021 17 is_stmt 0 view .LVU91
 375 0016 029B     		ldr	r3, [sp, #8]
 376 0018 ADF80C30 		strh	r3, [sp, #12]	@ movhi
 377 001c 1B0C     		lsrs	r3, r3, #16
 378 001e 8DF80E30 		strb	r3, [sp, #14]
 379 0022 0020     		movs	r0, #0
ARM GAS  C:\Users\w1785\AppData\Local\Temp\ccRqOZjG.s 			page 50


 380 0024 9DF80C30 		ldrb	r3, [sp, #12]	@ zero_extendqisi2
 381 0028 63F30700 		bfi	r0, r3, #0, #8
 382 002c 9DF80D30 		ldrb	r3, [sp, #13]	@ zero_extendqisi2
 383 0030 63F30F20 		bfi	r0, r3, #8, #8
 384 0034 9DF80E30 		ldrb	r3, [sp, #14]	@ zero_extendqisi2
 385 0038 63F31740 		bfi	r0, r3, #16, #8
1022:Middlewares/LVGL/lvgl/src/widgets/span/lv_span.c **** }
 386              		.loc 1 1022 1 view .LVU92
 387 003c 06B0     		add	sp, sp, #24
 388              	.LCFI6:
 389              		.cfi_remember_state
 390              		.cfi_def_cfa_offset 8
 391              		@ sp needed
 392 003e 10BD     		pop	{r4, pc}
 393              	.LVL38:
 394              	.L29:
 395              	.LCFI7:
 396              		.cfi_restore_state
1019:Middlewares/LVGL/lvgl/src/widgets/span/lv_span.c ****         value.color = lv_obj_get_style_text_color(par, LV_PART_MAIN);
 397              		.loc 1 1019 9 is_stmt 1 view .LVU93
 398              	.LBB84:
 399              	.LBI84:
1120:Middlewares/LVGL/lvgl/src/widgets/span/../../core/lv_obj_style_gen.h **** {
 400              		.loc 3 1120 26 view .LVU94
 401              	.LBB85:
1122:Middlewares/LVGL/lvgl/src/widgets/span/../../core/lv_obj_style_gen.h ****     return v.color;
 402              		.loc 3 1122 5 view .LVU95
1122:Middlewares/LVGL/lvgl/src/widgets/span/../../core/lv_obj_style_gen.h ****     return v.color;
 403              		.loc 3 1122 26 is_stmt 0 view .LVU96
 404 0040 5C22     		movs	r2, #92
 405 0042 0021     		movs	r1, #0
 406 0044 2046     		mov	r0, r4
 407              	.LVL39:
1122:Middlewares/LVGL/lvgl/src/widgets/span/../../core/lv_obj_style_gen.h ****     return v.color;
 408              		.loc 3 1122 26 view .LVU97
 409 0046 FFF7FEFF 		bl	lv_obj_get_style_prop
 410              	.LVL40:
 411 004a 0190     		str	r0, [sp, #4]
1123:Middlewares/LVGL/lvgl/src/widgets/span/../../core/lv_obj_style_gen.h **** }
 412              		.loc 3 1123 5 is_stmt 1 view .LVU98
1123:Middlewares/LVGL/lvgl/src/widgets/span/../../core/lv_obj_style_gen.h **** }
 413              		.loc 3 1123 13 is_stmt 0 view .LVU99
 414 004c ADF81400 		strh	r0, [sp, #20]	@ movhi
 415 0050 030C     		lsrs	r3, r0, #16
 416 0052 8DF81630 		strb	r3, [sp, #22]
 417 0056 059B     		ldr	r3, [sp, #20]
 418 0058 ADF81030 		strh	r3, [sp, #16]	@ movhi
 419 005c 1B0C     		lsrs	r3, r3, #16
 420 005e 8DF81230 		strb	r3, [sp, #18]
 421              	.LVL41:
1123:Middlewares/LVGL/lvgl/src/widgets/span/../../core/lv_obj_style_gen.h **** }
 422              		.loc 3 1123 13 view .LVU100
 423              	.LBE85:
 424              	.LBE84:
1019:Middlewares/LVGL/lvgl/src/widgets/span/lv_span.c ****     }
 425              		.loc 1 1019 23 view .LVU101
 426 0062 049B     		ldr	r3, [sp, #16]
ARM GAS  C:\Users\w1785\AppData\Local\Temp\ccRqOZjG.s 			page 51


 427 0064 ADF80830 		strh	r3, [sp, #8]	@ movhi
 428 0068 1B0C     		lsrs	r3, r3, #16
 429 006a 8DF80A30 		strb	r3, [sp, #10]
 430 006e D2E7     		b	.L27
 431              		.cfi_endproc
 432              	.LFE247:
 434              		.section	.text.lv_span_get_style_text_opa,"ax",%progbits
 435              		.align	1
 436              		.syntax unified
 437              		.thumb
 438              		.thumb_func
 440              	lv_span_get_style_text_opa:
 441              	.LVL42:
 442              	.LFB248:
1023:Middlewares/LVGL/lvgl/src/widgets/span/lv_span.c **** 
1024:Middlewares/LVGL/lvgl/src/widgets/span/lv_span.c **** static lv_opa_t lv_span_get_style_text_opa(lv_obj_t * par, lv_span_t * span)
1025:Middlewares/LVGL/lvgl/src/widgets/span/lv_span.c **** {
 443              		.loc 1 1025 1 is_stmt 1 view -0
 444              		.cfi_startproc
 445              		@ args = 0, pretend = 0, frame = 8
 446              		@ frame_needed = 0, uses_anonymous_args = 0
 447              		.loc 1 1025 1 is_stmt 0 view .LVU103
 448 0000 10B5     		push	{r4, lr}
 449              	.LCFI8:
 450              		.cfi_def_cfa_offset 8
 451              		.cfi_offset 4, -8
 452              		.cfi_offset 14, -4
 453 0002 82B0     		sub	sp, sp, #8
 454              	.LCFI9:
 455              		.cfi_def_cfa_offset 16
 456 0004 0446     		mov	r4, r0
 457 0006 0846     		mov	r0, r1
 458              	.LVL43:
1026:Middlewares/LVGL/lvgl/src/widgets/span/lv_span.c ****     lv_opa_t opa;
 459              		.loc 1 1026 5 is_stmt 1 view .LVU104
1027:Middlewares/LVGL/lvgl/src/widgets/span/lv_span.c ****     lv_style_value_t value;
 460              		.loc 1 1027 5 view .LVU105
1028:Middlewares/LVGL/lvgl/src/widgets/span/lv_span.c ****     lv_style_res_t res = lv_style_get_prop(&span->style, LV_STYLE_TEXT_OPA, &value);
 461              		.loc 1 1028 5 view .LVU106
 462              		.loc 1 1028 26 is_stmt 0 view .LVU107
 463 0008 01AA     		add	r2, sp, #4
 464 000a 5421     		movs	r1, #84
 465              	.LVL44:
 466              		.loc 1 1028 26 view .LVU108
 467 000c 0430     		adds	r0, r0, #4
 468              	.LVL45:
 469              		.loc 1 1028 26 view .LVU109
 470 000e FFF7FEFF 		bl	lv_style_get_prop
 471              	.LVL46:
1029:Middlewares/LVGL/lvgl/src/widgets/span/lv_span.c ****     if(res != LV_STYLE_RES_FOUND) {
 472              		.loc 1 1029 5 is_stmt 1 view .LVU110
 473              		.loc 1 1029 7 is_stmt 0 view .LVU111
 474 0012 0128     		cmp	r0, #1
 475 0014 03D1     		bne	.L34
1030:Middlewares/LVGL/lvgl/src/widgets/span/lv_span.c ****         opa = (lv_opa_t)lv_obj_get_style_text_opa(par, LV_PART_MAIN);
1031:Middlewares/LVGL/lvgl/src/widgets/span/lv_span.c ****     }
1032:Middlewares/LVGL/lvgl/src/widgets/span/lv_span.c ****     else {
ARM GAS  C:\Users\w1785\AppData\Local\Temp\ccRqOZjG.s 			page 52


1033:Middlewares/LVGL/lvgl/src/widgets/span/lv_span.c ****         opa = (lv_opa_t)value.num;
 476              		.loc 1 1033 9 is_stmt 1 view .LVU112
 477              		.loc 1 1033 13 is_stmt 0 view .LVU113
 478 0016 9DF80400 		ldrb	r0, [sp, #4]	@ zero_extendqisi2
 479              	.LVL47:
 480              	.L32:
1034:Middlewares/LVGL/lvgl/src/widgets/span/lv_span.c ****     }
1035:Middlewares/LVGL/lvgl/src/widgets/span/lv_span.c ****     return opa;
 481              		.loc 1 1035 5 is_stmt 1 view .LVU114
1036:Middlewares/LVGL/lvgl/src/widgets/span/lv_span.c **** }
 482              		.loc 1 1036 1 is_stmt 0 view .LVU115
 483 001a 02B0     		add	sp, sp, #8
 484              	.LCFI10:
 485              		.cfi_remember_state
 486              		.cfi_def_cfa_offset 8
 487              		@ sp needed
 488 001c 10BD     		pop	{r4, pc}
 489              	.LVL48:
 490              	.L34:
 491              	.LCFI11:
 492              		.cfi_restore_state
1030:Middlewares/LVGL/lvgl/src/widgets/span/lv_span.c ****         opa = (lv_opa_t)lv_obj_get_style_text_opa(par, LV_PART_MAIN);
 493              		.loc 1 1030 9 is_stmt 1 view .LVU116
 494              	.LBB86:
 495              	.LBI86:
1146:Middlewares/LVGL/lvgl/src/widgets/span/../../core/lv_obj_style_gen.h **** {
 496              		.loc 3 1146 24 view .LVU117
 497              	.LBB87:
1148:Middlewares/LVGL/lvgl/src/widgets/span/../../core/lv_obj_style_gen.h ****     return (lv_opa_t)v.num;
 498              		.loc 3 1148 5 view .LVU118
1148:Middlewares/LVGL/lvgl/src/widgets/span/../../core/lv_obj_style_gen.h ****     return (lv_opa_t)v.num;
 499              		.loc 3 1148 26 is_stmt 0 view .LVU119
 500 001e 5422     		movs	r2, #84
 501 0020 0021     		movs	r1, #0
 502 0022 2046     		mov	r0, r4
 503              	.LVL49:
1148:Middlewares/LVGL/lvgl/src/widgets/span/../../core/lv_obj_style_gen.h ****     return (lv_opa_t)v.num;
 504              		.loc 3 1148 26 view .LVU120
 505 0024 FFF7FEFF 		bl	lv_obj_get_style_prop
 506              	.LVL50:
 507 0028 0090     		str	r0, [sp]
1149:Middlewares/LVGL/lvgl/src/widgets/span/../../core/lv_obj_style_gen.h **** }
 508              		.loc 3 1149 5 is_stmt 1 view .LVU121
1149:Middlewares/LVGL/lvgl/src/widgets/span/../../core/lv_obj_style_gen.h **** }
 509              		.loc 3 1149 12 is_stmt 0 view .LVU122
 510 002a C0B2     		uxtb	r0, r0
 511              	.LVL51:
1149:Middlewares/LVGL/lvgl/src/widgets/span/../../core/lv_obj_style_gen.h **** }
 512              		.loc 3 1149 12 view .LVU123
 513              	.LBE87:
 514              	.LBE86:
 515 002c F5E7     		b	.L32
 516              		.cfi_endproc
 517              	.LFE248:
 519              		.section	.text.lv_span_get_style_text_font,"ax",%progbits
 520              		.align	1
 521              		.syntax unified
ARM GAS  C:\Users\w1785\AppData\Local\Temp\ccRqOZjG.s 			page 53


 522              		.thumb
 523              		.thumb_func
 525              	lv_span_get_style_text_font:
 526              	.LVL52:
 527              	.LFB245:
 987:Middlewares/LVGL/lvgl/src/widgets/span/lv_span.c ****     const lv_font_t * font;
 528              		.loc 1 987 1 is_stmt 1 view -0
 529              		.cfi_startproc
 530              		@ args = 0, pretend = 0, frame = 8
 531              		@ frame_needed = 0, uses_anonymous_args = 0
 987:Middlewares/LVGL/lvgl/src/widgets/span/lv_span.c ****     const lv_font_t * font;
 532              		.loc 1 987 1 is_stmt 0 view .LVU125
 533 0000 10B5     		push	{r4, lr}
 534              	.LCFI12:
 535              		.cfi_def_cfa_offset 8
 536              		.cfi_offset 4, -8
 537              		.cfi_offset 14, -4
 538 0002 82B0     		sub	sp, sp, #8
 539              	.LCFI13:
 540              		.cfi_def_cfa_offset 16
 541 0004 0446     		mov	r4, r0
 542 0006 0846     		mov	r0, r1
 543              	.LVL53:
 988:Middlewares/LVGL/lvgl/src/widgets/span/lv_span.c ****     lv_style_value_t value;
 544              		.loc 1 988 5 is_stmt 1 view .LVU126
 989:Middlewares/LVGL/lvgl/src/widgets/span/lv_span.c ****     lv_style_res_t res = lv_style_get_prop(&span->style, LV_STYLE_TEXT_FONT, &value);
 545              		.loc 1 989 5 view .LVU127
 990:Middlewares/LVGL/lvgl/src/widgets/span/lv_span.c ****     if(res != LV_STYLE_RES_FOUND) {
 546              		.loc 1 990 5 view .LVU128
 990:Middlewares/LVGL/lvgl/src/widgets/span/lv_span.c ****     if(res != LV_STYLE_RES_FOUND) {
 547              		.loc 1 990 26 is_stmt 0 view .LVU129
 548 0008 01AA     		add	r2, sp, #4
 549 000a 4D21     		movs	r1, #77
 550              	.LVL54:
 990:Middlewares/LVGL/lvgl/src/widgets/span/lv_span.c ****     if(res != LV_STYLE_RES_FOUND) {
 551              		.loc 1 990 26 view .LVU130
 552 000c 0430     		adds	r0, r0, #4
 553              	.LVL55:
 990:Middlewares/LVGL/lvgl/src/widgets/span/lv_span.c ****     if(res != LV_STYLE_RES_FOUND) {
 554              		.loc 1 990 26 view .LVU131
 555 000e FFF7FEFF 		bl	lv_style_get_prop
 556              	.LVL56:
 991:Middlewares/LVGL/lvgl/src/widgets/span/lv_span.c ****         font = lv_obj_get_style_text_font(par, LV_PART_MAIN);
 557              		.loc 1 991 5 is_stmt 1 view .LVU132
 991:Middlewares/LVGL/lvgl/src/widgets/span/lv_span.c ****         font = lv_obj_get_style_text_font(par, LV_PART_MAIN);
 558              		.loc 1 991 7 is_stmt 0 view .LVU133
 559 0012 0128     		cmp	r0, #1
 560 0014 02D1     		bne	.L39
 995:Middlewares/LVGL/lvgl/src/widgets/span/lv_span.c ****     }
 561              		.loc 1 995 9 is_stmt 1 view .LVU134
 995:Middlewares/LVGL/lvgl/src/widgets/span/lv_span.c ****     }
 562              		.loc 1 995 14 is_stmt 0 view .LVU135
 563 0016 0198     		ldr	r0, [sp, #4]
 564              	.LVL57:
 997:Middlewares/LVGL/lvgl/src/widgets/span/lv_span.c **** }
 565              		.loc 1 997 5 is_stmt 1 view .LVU136
 566              	.L35:
ARM GAS  C:\Users\w1785\AppData\Local\Temp\ccRqOZjG.s 			page 54


 998:Middlewares/LVGL/lvgl/src/widgets/span/lv_span.c **** 
 567              		.loc 1 998 1 is_stmt 0 view .LVU137
 568 0018 02B0     		add	sp, sp, #8
 569              	.LCFI14:
 570              		.cfi_remember_state
 571              		.cfi_def_cfa_offset 8
 572              		@ sp needed
 573 001a 10BD     		pop	{r4, pc}
 574              	.LVL58:
 575              	.L39:
 576              	.LCFI15:
 577              		.cfi_restore_state
 992:Middlewares/LVGL/lvgl/src/widgets/span/lv_span.c ****     }
 578              		.loc 1 992 9 is_stmt 1 view .LVU138
 579              	.LBB88:
 580              	.LBI88:
1158:Middlewares/LVGL/lvgl/src/widgets/span/../../core/lv_obj_style_gen.h **** {
 581              		.loc 3 1158 33 view .LVU139
 582              	.LBB89:
1160:Middlewares/LVGL/lvgl/src/widgets/span/../../core/lv_obj_style_gen.h ****     return (const lv_font_t *)v.ptr;
 583              		.loc 3 1160 5 view .LVU140
1160:Middlewares/LVGL/lvgl/src/widgets/span/../../core/lv_obj_style_gen.h ****     return (const lv_font_t *)v.ptr;
 584              		.loc 3 1160 26 is_stmt 0 view .LVU141
 585 001c 4D22     		movs	r2, #77
 586 001e 0021     		movs	r1, #0
 587 0020 2046     		mov	r0, r4
 588              	.LVL59:
1160:Middlewares/LVGL/lvgl/src/widgets/span/../../core/lv_obj_style_gen.h ****     return (const lv_font_t *)v.ptr;
 589              		.loc 3 1160 26 view .LVU142
 590 0022 FFF7FEFF 		bl	lv_obj_get_style_prop
 591              	.LVL60:
 592 0026 0090     		str	r0, [sp]
1161:Middlewares/LVGL/lvgl/src/widgets/span/../../core/lv_obj_style_gen.h **** }
 593              		.loc 3 1161 5 is_stmt 1 view .LVU143
 594              	.LVL61:
1161:Middlewares/LVGL/lvgl/src/widgets/span/../../core/lv_obj_style_gen.h **** }
 595              		.loc 3 1161 5 is_stmt 0 view .LVU144
 596              	.LBE89:
 597              	.LBE88:
 598 0028 F6E7     		b	.L35
 599              		.cfi_endproc
 600              	.LFE245:
 602              		.section	.text.lv_span_get_style_text_decor,"ax",%progbits
 603              		.align	1
 604              		.syntax unified
 605              		.thumb
 606              		.thumb_func
 608              	lv_span_get_style_text_decor:
 609              	.LVL62:
 610              	.LFB249:
1037:Middlewares/LVGL/lvgl/src/widgets/span/lv_span.c **** 
1038:Middlewares/LVGL/lvgl/src/widgets/span/lv_span.c **** static int32_t lv_span_get_style_text_decor(lv_obj_t * par, lv_span_t * span)
1039:Middlewares/LVGL/lvgl/src/widgets/span/lv_span.c **** {
 611              		.loc 1 1039 1 is_stmt 1 view -0
 612              		.cfi_startproc
 613              		@ args = 0, pretend = 0, frame = 8
 614              		@ frame_needed = 0, uses_anonymous_args = 0
ARM GAS  C:\Users\w1785\AppData\Local\Temp\ccRqOZjG.s 			page 55


 615              		.loc 1 1039 1 is_stmt 0 view .LVU146
 616 0000 10B5     		push	{r4, lr}
 617              	.LCFI16:
 618              		.cfi_def_cfa_offset 8
 619              		.cfi_offset 4, -8
 620              		.cfi_offset 14, -4
 621 0002 82B0     		sub	sp, sp, #8
 622              	.LCFI17:
 623              		.cfi_def_cfa_offset 16
 624 0004 0446     		mov	r4, r0
 625 0006 0846     		mov	r0, r1
 626              	.LVL63:
1040:Middlewares/LVGL/lvgl/src/widgets/span/lv_span.c ****     int32_t decor;
 627              		.loc 1 1040 5 is_stmt 1 view .LVU147
1041:Middlewares/LVGL/lvgl/src/widgets/span/lv_span.c ****     lv_style_value_t value;
 628              		.loc 1 1041 5 view .LVU148
1042:Middlewares/LVGL/lvgl/src/widgets/span/lv_span.c ****     lv_style_res_t res = lv_style_get_prop(&span->style, LV_STYLE_TEXT_DECOR, &value);
 629              		.loc 1 1042 5 view .LVU149
 630              		.loc 1 1042 26 is_stmt 0 view .LVU150
 631 0008 01AA     		add	r2, sp, #4
 632 000a 6E21     		movs	r1, #110
 633              	.LVL64:
 634              		.loc 1 1042 26 view .LVU151
 635 000c 0430     		adds	r0, r0, #4
 636              	.LVL65:
 637              		.loc 1 1042 26 view .LVU152
 638 000e FFF7FEFF 		bl	lv_style_get_prop
 639              	.LVL66:
1043:Middlewares/LVGL/lvgl/src/widgets/span/lv_span.c ****     if(res != LV_STYLE_RES_FOUND) {
 640              		.loc 1 1043 5 is_stmt 1 view .LVU153
 641              		.loc 1 1043 7 is_stmt 0 view .LVU154
 642 0012 0128     		cmp	r0, #1
 643 0014 02D1     		bne	.L44
1044:Middlewares/LVGL/lvgl/src/widgets/span/lv_span.c ****         decor = (lv_text_decor_t)lv_obj_get_style_text_decor(par, LV_PART_MAIN);
1045:Middlewares/LVGL/lvgl/src/widgets/span/lv_span.c ****     }
1046:Middlewares/LVGL/lvgl/src/widgets/span/lv_span.c ****     else {
1047:Middlewares/LVGL/lvgl/src/widgets/span/lv_span.c ****         decor = (int32_t)value.num;
 644              		.loc 1 1047 9 is_stmt 1 view .LVU155
 645              		.loc 1 1047 15 is_stmt 0 view .LVU156
 646 0016 0198     		ldr	r0, [sp, #4]
 647              	.LVL67:
1048:Middlewares/LVGL/lvgl/src/widgets/span/lv_span.c ****     }
1049:Middlewares/LVGL/lvgl/src/widgets/span/lv_span.c ****     return decor;
 648              		.loc 1 1049 5 is_stmt 1 view .LVU157
 649              	.L40:
1050:Middlewares/LVGL/lvgl/src/widgets/span/lv_span.c **** }
 650              		.loc 1 1050 1 is_stmt 0 view .LVU158
 651 0018 02B0     		add	sp, sp, #8
 652              	.LCFI18:
 653              		.cfi_remember_state
 654              		.cfi_def_cfa_offset 8
 655              		@ sp needed
 656 001a 10BD     		pop	{r4, pc}
 657              	.LVL68:
 658              	.L44:
 659              	.LCFI19:
 660              		.cfi_restore_state
ARM GAS  C:\Users\w1785\AppData\Local\Temp\ccRqOZjG.s 			page 56


1044:Middlewares/LVGL/lvgl/src/widgets/span/lv_span.c ****         decor = (lv_text_decor_t)lv_obj_get_style_text_decor(par, LV_PART_MAIN);
 661              		.loc 1 1044 9 is_stmt 1 view .LVU159
 662              	.LBB90:
 663              	.LBI90:
1174:Middlewares/LVGL/lvgl/src/widgets/span/../../core/lv_obj_style_gen.h **** }
1175:Middlewares/LVGL/lvgl/src/widgets/span/../../core/lv_obj_style_gen.h **** 
1176:Middlewares/LVGL/lvgl/src/widgets/span/../../core/lv_obj_style_gen.h **** /**
1177:Middlewares/LVGL/lvgl/src/widgets/span/../../core/lv_obj_style_gen.h ****  * Get line space in pixels.
1178:Middlewares/LVGL/lvgl/src/widgets/span/../../core/lv_obj_style_gen.h ****  * Default: 0, inherited: Yes, layout: Yes, ext. draw: No.
1179:Middlewares/LVGL/lvgl/src/widgets/span/../../core/lv_obj_style_gen.h ****  * @param  obj    Pointer to Widget
1180:Middlewares/LVGL/lvgl/src/widgets/span/../../core/lv_obj_style_gen.h ****  * @param  part   One of the `LV_PART_...` enum values
1181:Middlewares/LVGL/lvgl/src/widgets/span/../../core/lv_obj_style_gen.h ****  */
1182:Middlewares/LVGL/lvgl/src/widgets/span/../../core/lv_obj_style_gen.h **** static inline int32_t lv_obj_get_style_text_line_space(const lv_obj_t * obj, lv_part_t part)
1183:Middlewares/LVGL/lvgl/src/widgets/span/../../core/lv_obj_style_gen.h **** {
1184:Middlewares/LVGL/lvgl/src/widgets/span/../../core/lv_obj_style_gen.h ****     lv_style_value_t v = lv_obj_get_style_prop(obj, part, LV_STYLE_TEXT_LINE_SPACE);
1185:Middlewares/LVGL/lvgl/src/widgets/span/../../core/lv_obj_style_gen.h ****     return (int32_t)v.num;
1186:Middlewares/LVGL/lvgl/src/widgets/span/../../core/lv_obj_style_gen.h **** }
1187:Middlewares/LVGL/lvgl/src/widgets/span/../../core/lv_obj_style_gen.h **** 
1188:Middlewares/LVGL/lvgl/src/widgets/span/../../core/lv_obj_style_gen.h **** /**
1189:Middlewares/LVGL/lvgl/src/widgets/span/../../core/lv_obj_style_gen.h ****  * Get decoration for the text. Possible values are
1190:Middlewares/LVGL/lvgl/src/widgets/span/../../core/lv_obj_style_gen.h ****  * `LV_TEXT_DECOR_NONE/UNDERLINE/STRIKETHROUGH`. OR-ed values can be used as well.
1191:Middlewares/LVGL/lvgl/src/widgets/span/../../core/lv_obj_style_gen.h ****  * Default: `LV_TEXT_DECOR_NONE`, inherited: Yes, layout: No, ext. draw: No.
1192:Middlewares/LVGL/lvgl/src/widgets/span/../../core/lv_obj_style_gen.h ****  * @param  obj    Pointer to Widget
1193:Middlewares/LVGL/lvgl/src/widgets/span/../../core/lv_obj_style_gen.h ****  * @param  part   One of the `LV_PART_...` enum values
1194:Middlewares/LVGL/lvgl/src/widgets/span/../../core/lv_obj_style_gen.h ****  */
1195:Middlewares/LVGL/lvgl/src/widgets/span/../../core/lv_obj_style_gen.h **** static inline lv_text_decor_t lv_obj_get_style_text_decor(const lv_obj_t * obj, lv_part_t part)
 664              		.loc 3 1195 31 view .LVU160
 665              	.LBB91:
1196:Middlewares/LVGL/lvgl/src/widgets/span/../../core/lv_obj_style_gen.h **** {
1197:Middlewares/LVGL/lvgl/src/widgets/span/../../core/lv_obj_style_gen.h ****     lv_style_value_t v = lv_obj_get_style_prop(obj, part, LV_STYLE_TEXT_DECOR);
 666              		.loc 3 1197 5 view .LVU161
 667              		.loc 3 1197 26 is_stmt 0 view .LVU162
 668 001c 6E22     		movs	r2, #110
 669 001e 0021     		movs	r1, #0
 670 0020 2046     		mov	r0, r4
 671              	.LVL69:
 672              		.loc 3 1197 26 view .LVU163
 673 0022 FFF7FEFF 		bl	lv_obj_get_style_prop
 674              	.LVL70:
 675 0026 0090     		str	r0, [sp]
1198:Middlewares/LVGL/lvgl/src/widgets/span/../../core/lv_obj_style_gen.h ****     return (lv_text_decor_t)v.num;
 676              		.loc 3 1198 5 is_stmt 1 view .LVU164
 677              	.LVL71:
 678              		.loc 3 1198 5 is_stmt 0 view .LVU165
 679 0028 C0B2     		uxtb	r0, r0
 680              	.LVL72:
 681              		.loc 3 1198 5 view .LVU166
 682              	.LBE91:
 683              	.LBE90:
 684 002a F5E7     		b	.L40
 685              		.cfi_endproc
 686              	.LFE249:
 688              		.section	.text.lv_snippet_push,"ax",%progbits
 689              		.align	1
 690              		.syntax unified
 691              		.thumb
 692              		.thumb_func
ARM GAS  C:\Users\w1785\AppData\Local\Temp\ccRqOZjG.s 			page 57


 694              	lv_snippet_push:
 695              	.LVL73:
 696              	.LFB241:
 960:Middlewares/LVGL/lvgl/src/widgets/span/lv_span.c ****     struct _snippet_stack * stack_p = snippet_stack;
 697              		.loc 1 960 1 is_stmt 1 view -0
 698              		.cfi_startproc
 699              		@ args = 0, pretend = 0, frame = 0
 700              		@ frame_needed = 0, uses_anonymous_args = 0
 960:Middlewares/LVGL/lvgl/src/widgets/span/lv_span.c ****     struct _snippet_stack * stack_p = snippet_stack;
 701              		.loc 1 960 1 is_stmt 0 view .LVU168
 702 0000 10B5     		push	{r4, lr}
 703              	.LCFI20:
 704              		.cfi_def_cfa_offset 8
 705              		.cfi_offset 4, -8
 706              		.cfi_offset 14, -4
 961:Middlewares/LVGL/lvgl/src/widgets/span/lv_span.c ****     if(stack_p->index < LV_SPAN_SNIPPET_STACK_SIZE) {
 707              		.loc 1 961 5 is_stmt 1 view .LVU169
 961:Middlewares/LVGL/lvgl/src/widgets/span/lv_span.c ****     if(stack_p->index < LV_SPAN_SNIPPET_STACK_SIZE) {
 708              		.loc 1 961 29 is_stmt 0 view .LVU170
 709 0002 0B4B     		ldr	r3, .L49
 710 0004 D3F8F841 		ldr	r4, [r3, #504]
 711              	.LVL74:
 962:Middlewares/LVGL/lvgl/src/widgets/span/lv_span.c ****         lv_memcpy(&stack_p->stack[stack_p->index], item, sizeof(lv_snippet_t));
 712              		.loc 1 962 5 is_stmt 1 view .LVU171
 962:Middlewares/LVGL/lvgl/src/widgets/span/lv_span.c ****         lv_memcpy(&stack_p->stack[stack_p->index], item, sizeof(lv_snippet_t));
 713              		.loc 1 962 15 is_stmt 0 view .LVU172
 714 0008 D4F80037 		ldr	r3, [r4, #1792]
 962:Middlewares/LVGL/lvgl/src/widgets/span/lv_span.c ****         lv_memcpy(&stack_p->stack[stack_p->index], item, sizeof(lv_snippet_t));
 715              		.loc 1 962 7 view .LVU173
 716 000c 3F2B     		cmp	r3, #63
 717 000e 00D9     		bls	.L48
 718              	.LVL75:
 719              	.L45:
 969:Middlewares/LVGL/lvgl/src/widgets/span/lv_span.c **** 
 720              		.loc 1 969 1 view .LVU174
 721 0010 10BD     		pop	{r4, pc}
 722              	.LVL76:
 723              	.L48:
 963:Middlewares/LVGL/lvgl/src/widgets/span/lv_span.c ****         stack_p->index++;
 724              		.loc 1 963 9 is_stmt 1 view .LVU175
 963:Middlewares/LVGL/lvgl/src/widgets/span/lv_span.c ****         stack_p->index++;
 725              		.loc 1 963 19 is_stmt 0 view .LVU176
 726 0012 C3EBC303 		rsb	r3, r3, r3, lsl #3
 963:Middlewares/LVGL/lvgl/src/widgets/span/lv_span.c ****         stack_p->index++;
 727              		.loc 1 963 9 view .LVU177
 728 0016 1C22     		movs	r2, #28
 729 0018 0146     		mov	r1, r0
 730 001a 04EB8300 		add	r0, r4, r3, lsl #2
 731              	.LVL77:
 963:Middlewares/LVGL/lvgl/src/widgets/span/lv_span.c ****         stack_p->index++;
 732              		.loc 1 963 9 view .LVU178
 733 001e FFF7FEFF 		bl	lv_memcpy
 734              	.LVL78:
 964:Middlewares/LVGL/lvgl/src/widgets/span/lv_span.c ****     }
 735              		.loc 1 964 9 is_stmt 1 view .LVU179
 964:Middlewares/LVGL/lvgl/src/widgets/span/lv_span.c ****     }
 736              		.loc 1 964 16 is_stmt 0 view .LVU180
ARM GAS  C:\Users\w1785\AppData\Local\Temp\ccRqOZjG.s 			page 58


 737 0022 D4F80037 		ldr	r3, [r4, #1792]
 964:Middlewares/LVGL/lvgl/src/widgets/span/lv_span.c ****     }
 738              		.loc 1 964 23 view .LVU181
 739 0026 0133     		adds	r3, r3, #1
 740 0028 C4F80037 		str	r3, [r4, #1792]
 967:Middlewares/LVGL/lvgl/src/widgets/span/lv_span.c ****     }
 741              		.loc 1 967 9 is_stmt 1 view .LVU182
 967:Middlewares/LVGL/lvgl/src/widgets/span/lv_span.c ****     }
 742              		.loc 1 967 9 view .LVU183
 967:Middlewares/LVGL/lvgl/src/widgets/span/lv_span.c ****     }
 743              		.loc 1 967 9 view .LVU184
 969:Middlewares/LVGL/lvgl/src/widgets/span/lv_span.c **** 
 744              		.loc 1 969 1 is_stmt 0 view .LVU185
 745 002c F0E7     		b	.L45
 746              	.L50:
 747 002e 00BF     		.align	2
 748              	.L49:
 749 0030 00000000 		.word	lv_global
 750              		.cfi_endproc
 751              	.LFE241:
 753              		.section	.text.lv_text_get_snippet,"ax",%progbits
 754              		.align	1
 755              		.syntax unified
 756              		.thumb
 757              		.thumb_func
 759              	lv_text_get_snippet:
 760              	.LVL79:
 761              	.LFB240:
 929:Middlewares/LVGL/lvgl/src/widgets/span/lv_span.c ****     if(txt == NULL || txt[0] == '\0') {
 762              		.loc 1 929 1 is_stmt 1 view -0
 763              		.cfi_startproc
 764              		@ args = 12, pretend = 0, frame = 16
 765              		@ frame_needed = 0, uses_anonymous_args = 0
 929:Middlewares/LVGL/lvgl/src/widgets/span/lv_span.c ****     if(txt == NULL || txt[0] == '\0') {
 766              		.loc 1 929 1 is_stmt 0 view .LVU187
 767 0000 70B5     		push	{r4, r5, r6, lr}
 768              	.LCFI21:
 769              		.cfi_def_cfa_offset 16
 770              		.cfi_offset 4, -16
 771              		.cfi_offset 5, -12
 772              		.cfi_offset 6, -8
 773              		.cfi_offset 14, -4
 774 0002 86B0     		sub	sp, sp, #24
 775              	.LCFI22:
 776              		.cfi_def_cfa_offset 40
 777 0004 0B9C     		ldr	r4, [sp, #44]
 930:Middlewares/LVGL/lvgl/src/widgets/span/lv_span.c ****         *end_ofs = 0;
 778              		.loc 1 930 5 is_stmt 1 view .LVU188
 930:Middlewares/LVGL/lvgl/src/widgets/span/lv_span.c ****         *end_ofs = 0;
 779              		.loc 1 930 7 is_stmt 0 view .LVU189
 780 0006 10B1     		cbz	r0, .L52
 781 0008 0546     		mov	r5, r0
 930:Middlewares/LVGL/lvgl/src/widgets/span/lv_span.c ****         *end_ofs = 0;
 782              		.loc 1 930 26 discriminator 1 view .LVU190
 783 000a 0078     		ldrb	r0, [r0]	@ zero_extendqisi2
 784              	.LVL80:
 930:Middlewares/LVGL/lvgl/src/widgets/span/lv_span.c ****         *end_ofs = 0;
ARM GAS  C:\Users\w1785\AppData\Local\Temp\ccRqOZjG.s 			page 59


 785              		.loc 1 930 20 discriminator 1 view .LVU191
 786 000c 28B9     		cbnz	r0, .L53
 787              	.LVL81:
 788              	.L52:
 931:Middlewares/LVGL/lvgl/src/widgets/span/lv_span.c ****         *use_width = 0;
 789              		.loc 1 931 9 is_stmt 1 view .LVU192
 931:Middlewares/LVGL/lvgl/src/widgets/span/lv_span.c ****         *use_width = 0;
 790              		.loc 1 931 18 is_stmt 0 view .LVU193
 791 000e 0020     		movs	r0, #0
 792 0010 0C9B     		ldr	r3, [sp, #48]
 793              	.LVL82:
 931:Middlewares/LVGL/lvgl/src/widgets/span/lv_span.c ****         *use_width = 0;
 794              		.loc 1 931 18 view .LVU194
 795 0012 1860     		str	r0, [r3]
 932:Middlewares/LVGL/lvgl/src/widgets/span/lv_span.c ****         return false;
 796              		.loc 1 932 9 is_stmt 1 view .LVU195
 932:Middlewares/LVGL/lvgl/src/widgets/span/lv_span.c ****         return false;
 797              		.loc 1 932 20 is_stmt 0 view .LVU196
 798 0014 2060     		str	r0, [r4]
 933:Middlewares/LVGL/lvgl/src/widgets/span/lv_span.c ****     }
 799              		.loc 1 933 9 is_stmt 1 view .LVU197
 800              	.LVL83:
 801              	.L54:
 957:Middlewares/LVGL/lvgl/src/widgets/span/lv_span.c **** 
 802              		.loc 1 957 1 is_stmt 0 view .LVU198
 803 0016 06B0     		add	sp, sp, #24
 804              	.LCFI23:
 805              		.cfi_remember_state
 806              		.cfi_def_cfa_offset 16
 807              		@ sp needed
 808 0018 70BD     		pop	{r4, r5, r6, pc}
 809              	.LVL84:
 810              	.L53:
 811              	.LCFI24:
 812              		.cfi_restore_state
 936:Middlewares/LVGL/lvgl/src/widgets/span/lv_span.c **** #if !LV_USE_FONT_PLACEHOLDER
 813              		.loc 1 936 5 is_stmt 1 view .LVU199
 943:Middlewares/LVGL/lvgl/src/widgets/span/lv_span.c ****     attributes.letter_space = letter_space;
 814              		.loc 1 943 5 view .LVU200
 943:Middlewares/LVGL/lvgl/src/widgets/span/lv_span.c ****     attributes.letter_space = letter_space;
 815              		.loc 1 943 26 is_stmt 0 view .LVU201
 816 001a 02A8     		add	r0, sp, #8
 817 001c 0026     		movs	r6, #0
 818 001e 0296     		str	r6, [sp, #8]
 819 0020 0396     		str	r6, [sp, #12]
 820 0022 0496     		str	r6, [sp, #16]
 821 0024 0596     		str	r6, [sp, #20]
 944:Middlewares/LVGL/lvgl/src/widgets/span/lv_span.c ****     attributes.max_width = real_max_width;
 822              		.loc 1 944 5 is_stmt 1 view .LVU202
 944:Middlewares/LVGL/lvgl/src/widgets/span/lv_span.c ****     attributes.max_width = real_max_width;
 823              		.loc 1 944 29 is_stmt 0 view .LVU203
 824 0026 0292     		str	r2, [sp, #8]
 945:Middlewares/LVGL/lvgl/src/widgets/span/lv_span.c ****     attributes.text_flags = flag;
 825              		.loc 1 945 5 is_stmt 1 view .LVU204
 945:Middlewares/LVGL/lvgl/src/widgets/span/lv_span.c ****     attributes.text_flags = flag;
 826              		.loc 1 945 26 is_stmt 0 view .LVU205
 827 0028 0493     		str	r3, [sp, #16]
ARM GAS  C:\Users\w1785\AppData\Local\Temp\ccRqOZjG.s 			page 60


 946:Middlewares/LVGL/lvgl/src/widgets/span/lv_span.c **** 
 828              		.loc 1 946 5 is_stmt 1 view .LVU206
 946:Middlewares/LVGL/lvgl/src/widgets/span/lv_span.c **** 
 829              		.loc 1 946 27 is_stmt 0 view .LVU207
 830 002a 9DF82830 		ldrb	r3, [sp, #40]	@ zero_extendqisi2
 831              	.LVL85:
 946:Middlewares/LVGL/lvgl/src/widgets/span/lv_span.c **** 
 832              		.loc 1 946 27 view .LVU208
 833 002e 8DF81430 		strb	r3, [sp, #20]
 948:Middlewares/LVGL/lvgl/src/widgets/span/lv_span.c ****     *end_ofs = ofs;
 834              		.loc 1 948 5 is_stmt 1 view .LVU209
 948:Middlewares/LVGL/lvgl/src/widgets/span/lv_span.c ****     *end_ofs = ofs;
 835              		.loc 1 948 20 is_stmt 0 view .LVU210
 836 0032 0090     		str	r0, [sp]
 837 0034 2346     		mov	r3, r4
 838 0036 0A46     		mov	r2, r1
 839              	.LVL86:
 948:Middlewares/LVGL/lvgl/src/widgets/span/lv_span.c ****     *end_ofs = ofs;
 840              		.loc 1 948 20 view .LVU211
 841 0038 4FF0FF31 		mov	r1, #-1
 842              	.LVL87:
 948:Middlewares/LVGL/lvgl/src/widgets/span/lv_span.c ****     *end_ofs = ofs;
 843              		.loc 1 948 20 view .LVU212
 844 003c 2846     		mov	r0, r5
 845              	.LVL88:
 948:Middlewares/LVGL/lvgl/src/widgets/span/lv_span.c ****     *end_ofs = ofs;
 846              		.loc 1 948 20 view .LVU213
 847 003e FFF7FEFF 		bl	lv_text_get_next_line
 848              	.LVL89:
 949:Middlewares/LVGL/lvgl/src/widgets/span/lv_span.c **** 
 849              		.loc 1 949 5 is_stmt 1 view .LVU214
 949:Middlewares/LVGL/lvgl/src/widgets/span/lv_span.c **** 
 850              		.loc 1 949 14 is_stmt 0 view .LVU215
 851 0042 0C9B     		ldr	r3, [sp, #48]
 852 0044 1860     		str	r0, [r3]
 951:Middlewares/LVGL/lvgl/src/widgets/span/lv_span.c ****         return false;
 853              		.loc 1 951 5 is_stmt 1 view .LVU216
 951:Middlewares/LVGL/lvgl/src/widgets/span/lv_span.c ****         return false;
 854              		.loc 1 951 11 is_stmt 0 view .LVU217
 855 0046 2B5C     		ldrb	r3, [r5, r0]	@ zero_extendqisi2
 951:Middlewares/LVGL/lvgl/src/widgets/span/lv_span.c ****         return false;
 856              		.loc 1 951 7 view .LVU218
 857 0048 7BB9     		cbnz	r3, .L55
 951:Middlewares/LVGL/lvgl/src/widgets/span/lv_span.c ****         return false;
 858              		.loc 1 951 28 discriminator 1 view .LVU219
 859 004a 2268     		ldr	r2, [r4]
 951:Middlewares/LVGL/lvgl/src/widgets/span/lv_span.c ****         return false;
 860              		.loc 1 951 52 discriminator 1 view .LVU220
 861 004c 049B     		ldr	r3, [sp, #16]
 951:Middlewares/LVGL/lvgl/src/widgets/span/lv_span.c ****         return false;
 862              		.loc 1 951 25 discriminator 1 view .LVU221
 863 004e 9A42     		cmp	r2, r3
 864 0050 0DDC     		bgt	.L56
 951:Middlewares/LVGL/lvgl/src/widgets/span/lv_span.c ****         return false;
 865              		.loc 1 951 63 discriminator 2 view .LVU222
 866 0052 70B1     		cbz	r0, .L57
 951:Middlewares/LVGL/lvgl/src/widgets/span/lv_span.c ****         return false;
ARM GAS  C:\Users\w1785\AppData\Local\Temp\ccRqOZjG.s 			page 61


 867              		.loc 1 951 79 discriminator 3 view .LVU223
 868 0054 0544     		add	r5, r5, r0
 869              	.LVL90:
 951:Middlewares/LVGL/lvgl/src/widgets/span/lv_span.c ****         return false;
 870              		.loc 1 951 79 discriminator 3 view .LVU224
 871 0056 15F8013C 		ldrb	r3, [r5, #-1]	@ zero_extendqisi2
 951:Middlewares/LVGL/lvgl/src/widgets/span/lv_span.c ****         return false;
 872              		.loc 1 951 66 discriminator 3 view .LVU225
 873 005a 0A2B     		cmp	r3, #10
 874 005c 0BD0     		beq	.L58
 951:Middlewares/LVGL/lvgl/src/widgets/span/lv_span.c ****         return false;
 875              		.loc 1 951 97 discriminator 4 view .LVU226
 876 005e 0D2B     		cmp	r3, #13
 877 0060 01D0     		beq	.L61
 952:Middlewares/LVGL/lvgl/src/widgets/span/lv_span.c ****     }
 878              		.loc 1 952 16 view .LVU227
 879 0062 0020     		movs	r0, #0
 880              	.LVL91:
 952:Middlewares/LVGL/lvgl/src/widgets/span/lv_span.c ****     }
 881              		.loc 1 952 16 view .LVU228
 882 0064 D7E7     		b	.L54
 883              	.LVL92:
 884              	.L61:
 955:Middlewares/LVGL/lvgl/src/widgets/span/lv_span.c ****     }
 885              		.loc 1 955 16 view .LVU229
 886 0066 0120     		movs	r0, #1
 887              	.LVL93:
 955:Middlewares/LVGL/lvgl/src/widgets/span/lv_span.c ****     }
 888              		.loc 1 955 16 view .LVU230
 889 0068 D5E7     		b	.L54
 890              	.LVL94:
 891              	.L55:
 955:Middlewares/LVGL/lvgl/src/widgets/span/lv_span.c ****     }
 892              		.loc 1 955 16 view .LVU231
 893 006a 0120     		movs	r0, #1
 894              	.LVL95:
 955:Middlewares/LVGL/lvgl/src/widgets/span/lv_span.c ****     }
 895              		.loc 1 955 16 view .LVU232
 896 006c D3E7     		b	.L54
 897              	.LVL96:
 898              	.L56:
 955:Middlewares/LVGL/lvgl/src/widgets/span/lv_span.c ****     }
 899              		.loc 1 955 16 view .LVU233
 900 006e 0120     		movs	r0, #1
 901              	.LVL97:
 955:Middlewares/LVGL/lvgl/src/widgets/span/lv_span.c ****     }
 902              		.loc 1 955 16 view .LVU234
 903 0070 D1E7     		b	.L54
 904              	.LVL98:
 905              	.L57:
 952:Middlewares/LVGL/lvgl/src/widgets/span/lv_span.c ****     }
 906              		.loc 1 952 16 view .LVU235
 907 0072 0020     		movs	r0, #0
 908              	.LVL99:
 952:Middlewares/LVGL/lvgl/src/widgets/span/lv_span.c ****     }
 909              		.loc 1 952 16 view .LVU236
 910 0074 CFE7     		b	.L54
ARM GAS  C:\Users\w1785\AppData\Local\Temp\ccRqOZjG.s 			page 62


 911              	.LVL100:
 912              	.L58:
 955:Middlewares/LVGL/lvgl/src/widgets/span/lv_span.c ****     }
 913              		.loc 1 955 16 view .LVU237
 914 0076 0120     		movs	r0, #1
 915              	.LVL101:
 955:Middlewares/LVGL/lvgl/src/widgets/span/lv_span.c ****     }
 916              		.loc 1 955 16 view .LVU238
 917 0078 CDE7     		b	.L54
 918              		.cfi_endproc
 919              	.LFE240:
 921              		.section	.text.lv_spangroup_destructor,"ax",%progbits
 922              		.align	1
 923              		.syntax unified
 924              		.thumb
 925              		.thumb_func
 927              	lv_spangroup_destructor:
 928              	.LVL102:
 929              	.LFB237:
 841:Middlewares/LVGL/lvgl/src/widgets/span/lv_span.c ****     LV_UNUSED(class_p);
 930              		.loc 1 841 1 is_stmt 1 view -0
 931              		.cfi_startproc
 932              		@ args = 0, pretend = 0, frame = 0
 933              		@ frame_needed = 0, uses_anonymous_args = 0
 841:Middlewares/LVGL/lvgl/src/widgets/span/lv_span.c ****     LV_UNUSED(class_p);
 934              		.loc 1 841 1 is_stmt 0 view .LVU240
 935 0000 38B5     		push	{r3, r4, r5, lr}
 936              	.LCFI25:
 937              		.cfi_def_cfa_offset 16
 938              		.cfi_offset 3, -16
 939              		.cfi_offset 4, -12
 940              		.cfi_offset 5, -8
 941              		.cfi_offset 14, -4
 842:Middlewares/LVGL/lvgl/src/widgets/span/lv_span.c ****     lv_spangroup_t * spans = (lv_spangroup_t *)obj;
 942              		.loc 1 842 5 is_stmt 1 view .LVU241
 843:Middlewares/LVGL/lvgl/src/widgets/span/lv_span.c ****     lv_span_t * cur_span = lv_ll_get_head(&spans->child_ll);
 943              		.loc 1 843 5 view .LVU242
 944              	.LVL103:
 844:Middlewares/LVGL/lvgl/src/widgets/span/lv_span.c ****     while(cur_span) {
 945              		.loc 1 844 5 view .LVU243
 844:Middlewares/LVGL/lvgl/src/widgets/span/lv_span.c ****     while(cur_span) {
 946              		.loc 1 844 43 is_stmt 0 view .LVU244
 947 0002 01F14005 		add	r5, r1, #64
 844:Middlewares/LVGL/lvgl/src/widgets/span/lv_span.c ****     while(cur_span) {
 948              		.loc 1 844 28 view .LVU245
 949 0006 2846     		mov	r0, r5
 950              	.LVL104:
 844:Middlewares/LVGL/lvgl/src/widgets/span/lv_span.c ****     while(cur_span) {
 951              		.loc 1 844 28 view .LVU246
 952 0008 FFF7FEFF 		bl	lv_ll_get_head
 953              	.LVL105:
 844:Middlewares/LVGL/lvgl/src/widgets/span/lv_span.c ****     while(cur_span) {
 954              		.loc 1 844 28 view .LVU247
 955 000c 0446     		mov	r4, r0
 956              	.LVL106:
 845:Middlewares/LVGL/lvgl/src/widgets/span/lv_span.c ****         lv_ll_remove(&spans->child_ll, cur_span);
 957              		.loc 1 845 5 is_stmt 1 view .LVU248
ARM GAS  C:\Users\w1785\AppData\Local\Temp\ccRqOZjG.s 			page 63


 845:Middlewares/LVGL/lvgl/src/widgets/span/lv_span.c ****         lv_ll_remove(&spans->child_ll, cur_span);
 958              		.loc 1 845 10 is_stmt 0 view .LVU249
 959 000e 09E0     		b	.L63
 960              	.LVL107:
 961              	.L64:
 851:Middlewares/LVGL/lvgl/src/widgets/span/lv_span.c ****         lv_free(cur_span);
 962              		.loc 1 851 9 is_stmt 1 view .LVU250
 963 0010 201D     		adds	r0, r4, #4
 964 0012 FFF7FEFF 		bl	lv_style_reset
 965              	.LVL108:
 852:Middlewares/LVGL/lvgl/src/widgets/span/lv_span.c ****         cur_span = lv_ll_get_head(&spans->child_ll);
 966              		.loc 1 852 9 view .LVU251
 967 0016 2046     		mov	r0, r4
 968 0018 FFF7FEFF 		bl	lv_free
 969              	.LVL109:
 853:Middlewares/LVGL/lvgl/src/widgets/span/lv_span.c ****     }
 970              		.loc 1 853 9 view .LVU252
 853:Middlewares/LVGL/lvgl/src/widgets/span/lv_span.c ****     }
 971              		.loc 1 853 20 is_stmt 0 view .LVU253
 972 001c 2846     		mov	r0, r5
 973 001e FFF7FEFF 		bl	lv_ll_get_head
 974              	.LVL110:
 975 0022 0446     		mov	r4, r0
 976              	.LVL111:
 977              	.L63:
 845:Middlewares/LVGL/lvgl/src/widgets/span/lv_span.c ****         lv_ll_remove(&spans->child_ll, cur_span);
 978              		.loc 1 845 11 is_stmt 1 view .LVU254
 979 0024 7CB1     		cbz	r4, .L67
 846:Middlewares/LVGL/lvgl/src/widgets/span/lv_span.c ****         if(cur_span->txt && cur_span->static_flag == 0) {
 980              		.loc 1 846 9 view .LVU255
 981 0026 2146     		mov	r1, r4
 982 0028 2846     		mov	r0, r5
 983 002a FFF7FEFF 		bl	lv_ll_remove
 984              	.LVL112:
 847:Middlewares/LVGL/lvgl/src/widgets/span/lv_span.c ****             lv_free(cur_span->txt);
 985              		.loc 1 847 9 view .LVU256
 847:Middlewares/LVGL/lvgl/src/widgets/span/lv_span.c ****             lv_free(cur_span->txt);
 986              		.loc 1 847 20 is_stmt 0 view .LVU257
 987 002e 2068     		ldr	r0, [r4]
 847:Middlewares/LVGL/lvgl/src/widgets/span/lv_span.c ****             lv_free(cur_span->txt);
 988              		.loc 1 847 11 view .LVU258
 989 0030 0028     		cmp	r0, #0
 990 0032 EDD0     		beq	.L64
 847:Middlewares/LVGL/lvgl/src/widgets/span/lv_span.c ****             lv_free(cur_span->txt);
 991              		.loc 1 847 51 discriminator 1 view .LVU259
 992 0034 237C     		ldrb	r3, [r4, #16]	@ zero_extendqisi2
 847:Middlewares/LVGL/lvgl/src/widgets/span/lv_span.c ****             lv_free(cur_span->txt);
 993              		.loc 1 847 26 discriminator 1 view .LVU260
 994 0036 13F0010F 		tst	r3, #1
 995 003a E9D1     		bne	.L64
 848:Middlewares/LVGL/lvgl/src/widgets/span/lv_span.c ****             cur_span->txt = NULL;
 996              		.loc 1 848 13 is_stmt 1 view .LVU261
 997 003c FFF7FEFF 		bl	lv_free
 998              	.LVL113:
 849:Middlewares/LVGL/lvgl/src/widgets/span/lv_span.c ****         }
 999              		.loc 1 849 13 view .LVU262
 849:Middlewares/LVGL/lvgl/src/widgets/span/lv_span.c ****         }
ARM GAS  C:\Users\w1785\AppData\Local\Temp\ccRqOZjG.s 			page 64


 1000              		.loc 1 849 27 is_stmt 0 view .LVU263
 1001 0040 0023     		movs	r3, #0
 1002 0042 2360     		str	r3, [r4]
 1003 0044 E4E7     		b	.L64
 1004              	.L67:
 855:Middlewares/LVGL/lvgl/src/widgets/span/lv_span.c **** 
 1005              		.loc 1 855 1 view .LVU264
 1006 0046 38BD     		pop	{r3, r4, r5, pc}
 855:Middlewares/LVGL/lvgl/src/widgets/span/lv_span.c **** 
 1007              		.loc 1 855 1 view .LVU265
 1008              		.cfi_endproc
 1009              	.LFE237:
 1011              		.section	.text.lv_spangroup_constructor,"ax",%progbits
 1012              		.align	1
 1013              		.syntax unified
 1014              		.thumb
 1015              		.thumb_func
 1017              	lv_spangroup_constructor:
 1018              	.LVL114:
 1019              	.LFB236:
 828:Middlewares/LVGL/lvgl/src/widgets/span/lv_span.c ****     LV_UNUSED(class_p);
 1020              		.loc 1 828 1 is_stmt 1 view -0
 1021              		.cfi_startproc
 1022              		@ args = 0, pretend = 0, frame = 0
 1023              		@ frame_needed = 0, uses_anonymous_args = 0
 828:Middlewares/LVGL/lvgl/src/widgets/span/lv_span.c ****     LV_UNUSED(class_p);
 1024              		.loc 1 828 1 is_stmt 0 view .LVU267
 1025 0000 10B5     		push	{r4, lr}
 1026              	.LCFI26:
 1027              		.cfi_def_cfa_offset 8
 1028              		.cfi_offset 4, -8
 1029              		.cfi_offset 14, -4
 1030 0002 0C46     		mov	r4, r1
 829:Middlewares/LVGL/lvgl/src/widgets/span/lv_span.c ****     lv_spangroup_t * spans = (lv_spangroup_t *)obj;
 1031              		.loc 1 829 5 is_stmt 1 view .LVU268
 830:Middlewares/LVGL/lvgl/src/widgets/span/lv_span.c ****     lv_ll_init(&spans->child_ll, sizeof(lv_span_t));
 1032              		.loc 1 830 5 view .LVU269
 1033              	.LVL115:
 831:Middlewares/LVGL/lvgl/src/widgets/span/lv_span.c ****     spans->indent = 0;
 1034              		.loc 1 831 5 view .LVU270
 1035 0004 2021     		movs	r1, #32
 1036              	.LVL116:
 831:Middlewares/LVGL/lvgl/src/widgets/span/lv_span.c ****     spans->indent = 0;
 1037              		.loc 1 831 5 is_stmt 0 view .LVU271
 1038 0006 04F14000 		add	r0, r4, #64
 1039              	.LVL117:
 831:Middlewares/LVGL/lvgl/src/widgets/span/lv_span.c ****     spans->indent = 0;
 1040              		.loc 1 831 5 view .LVU272
 1041 000a FFF7FEFF 		bl	lv_ll_init
 1042              	.LVL118:
 832:Middlewares/LVGL/lvgl/src/widgets/span/lv_span.c ****     spans->lines = -1;
 1043              		.loc 1 832 5 is_stmt 1 view .LVU273
 832:Middlewares/LVGL/lvgl/src/widgets/span/lv_span.c ****     spans->lines = -1;
 1044              		.loc 1 832 19 is_stmt 0 view .LVU274
 1045 000e 0023     		movs	r3, #0
 1046 0010 6363     		str	r3, [r4, #52]
 833:Middlewares/LVGL/lvgl/src/widgets/span/lv_span.c ****     spans->overflow = LV_SPAN_OVERFLOW_CLIP;
ARM GAS  C:\Users\w1785\AppData\Local\Temp\ccRqOZjG.s 			page 65


 1047              		.loc 1 833 5 is_stmt 1 view .LVU275
 833:Middlewares/LVGL/lvgl/src/widgets/span/lv_span.c ****     spans->overflow = LV_SPAN_OVERFLOW_CLIP;
 1048              		.loc 1 833 18 is_stmt 0 view .LVU276
 1049 0012 4FF0FF32 		mov	r2, #-1
 1050 0016 2263     		str	r2, [r4, #48]
 834:Middlewares/LVGL/lvgl/src/widgets/span/lv_span.c ****     spans->cache_w = 0;
 1051              		.loc 1 834 5 is_stmt 1 view .LVU277
 834:Middlewares/LVGL/lvgl/src/widgets/span/lv_span.c ****     spans->cache_w = 0;
 1052              		.loc 1 834 21 is_stmt 0 view .LVU278
 1053 0018 94F84C20 		ldrb	r2, [r4, #76]	@ zero_extendqisi2
 1054 001c 63F30002 		bfi	r2, r3, #0, #1
 1055 0020 84F84C20 		strb	r2, [r4, #76]
 835:Middlewares/LVGL/lvgl/src/widgets/span/lv_span.c ****     spans->cache_h = 0;
 1056              		.loc 1 835 5 is_stmt 1 view .LVU279
 835:Middlewares/LVGL/lvgl/src/widgets/span/lv_span.c ****     spans->cache_h = 0;
 1057              		.loc 1 835 20 is_stmt 0 view .LVU280
 1058 0024 A363     		str	r3, [r4, #56]
 836:Middlewares/LVGL/lvgl/src/widgets/span/lv_span.c ****     spans->refresh = 1;
 1059              		.loc 1 836 5 is_stmt 1 view .LVU281
 836:Middlewares/LVGL/lvgl/src/widgets/span/lv_span.c ****     spans->refresh = 1;
 1060              		.loc 1 836 20 is_stmt 0 view .LVU282
 1061 0026 E363     		str	r3, [r4, #60]
 837:Middlewares/LVGL/lvgl/src/widgets/span/lv_span.c **** }
 1062              		.loc 1 837 5 is_stmt 1 view .LVU283
 837:Middlewares/LVGL/lvgl/src/widgets/span/lv_span.c **** }
 1063              		.loc 1 837 20 is_stmt 0 view .LVU284
 1064 0028 D3B2     		uxtb	r3, r2
 1065 002a 43F00203 		orr	r3, r3, #2
 1066 002e 84F84C30 		strb	r3, [r4, #76]
 838:Middlewares/LVGL/lvgl/src/widgets/span/lv_span.c **** 
 1067              		.loc 1 838 1 view .LVU285
 1068 0032 10BD     		pop	{r4, pc}
 838:Middlewares/LVGL/lvgl/src/widgets/span/lv_span.c **** 
 1069              		.loc 1 838 1 view .LVU286
 1070              		.cfi_endproc
 1071              	.LFE236:
 1073              		.section	.text.make_span_coords,"ax",%progbits
 1074              		.align	1
 1075              		.syntax unified
 1076              		.thumb
 1077              		.thumb_func
 1079              	make_span_coords:
 1080              	.LVL119:
 1081              	.LFB253:
1051:Middlewares/LVGL/lvgl/src/widgets/span/lv_span.c **** 
1052:Middlewares/LVGL/lvgl/src/widgets/span/lv_span.c **** static inline void span_text_check(const char ** text)
1053:Middlewares/LVGL/lvgl/src/widgets/span/lv_span.c **** {
1054:Middlewares/LVGL/lvgl/src/widgets/span/lv_span.c ****     if(*text == NULL) {
1055:Middlewares/LVGL/lvgl/src/widgets/span/lv_span.c ****         *text = "";
1056:Middlewares/LVGL/lvgl/src/widgets/span/lv_span.c ****         LV_LOG_ERROR("occur an error that span text == NULL");
1057:Middlewares/LVGL/lvgl/src/widgets/span/lv_span.c ****     }
1058:Middlewares/LVGL/lvgl/src/widgets/span/lv_span.c **** }
1059:Middlewares/LVGL/lvgl/src/widgets/span/lv_span.c **** 
1060:Middlewares/LVGL/lvgl/src/widgets/span/lv_span.c **** static int32_t convert_indent_pct(lv_obj_t * obj, int32_t width)
1061:Middlewares/LVGL/lvgl/src/widgets/span/lv_span.c **** {
1062:Middlewares/LVGL/lvgl/src/widgets/span/lv_span.c ****     lv_spangroup_t * spans = (lv_spangroup_t *)obj;
1063:Middlewares/LVGL/lvgl/src/widgets/span/lv_span.c **** 
ARM GAS  C:\Users\w1785\AppData\Local\Temp\ccRqOZjG.s 			page 66


1064:Middlewares/LVGL/lvgl/src/widgets/span/lv_span.c ****     int32_t indent = spans->indent;
1065:Middlewares/LVGL/lvgl/src/widgets/span/lv_span.c ****     if(LV_COORD_IS_PCT(spans->indent)) {
1066:Middlewares/LVGL/lvgl/src/widgets/span/lv_span.c ****         if(lv_spangroup_get_mode(obj) == LV_SPAN_MODE_EXPAND) {
1067:Middlewares/LVGL/lvgl/src/widgets/span/lv_span.c ****             indent = 0;
1068:Middlewares/LVGL/lvgl/src/widgets/span/lv_span.c ****         }
1069:Middlewares/LVGL/lvgl/src/widgets/span/lv_span.c ****         else {
1070:Middlewares/LVGL/lvgl/src/widgets/span/lv_span.c ****             indent = (width * LV_COORD_GET_PCT(spans->indent)) / 100;
1071:Middlewares/LVGL/lvgl/src/widgets/span/lv_span.c ****         }
1072:Middlewares/LVGL/lvgl/src/widgets/span/lv_span.c ****     }
1073:Middlewares/LVGL/lvgl/src/widgets/span/lv_span.c **** 
1074:Middlewares/LVGL/lvgl/src/widgets/span/lv_span.c ****     return indent;
1075:Middlewares/LVGL/lvgl/src/widgets/span/lv_span.c **** }
1076:Middlewares/LVGL/lvgl/src/widgets/span/lv_span.c **** 
1077:Middlewares/LVGL/lvgl/src/widgets/span/lv_span.c **** /**
1078:Middlewares/LVGL/lvgl/src/widgets/span/lv_span.c ****  * draw span group
1079:Middlewares/LVGL/lvgl/src/widgets/span/lv_span.c ****  * @param spans obj handle
1080:Middlewares/LVGL/lvgl/src/widgets/span/lv_span.c ****  * @param coords coordinates of the label
1081:Middlewares/LVGL/lvgl/src/widgets/span/lv_span.c ****  * @param mask the label will be drawn only in this area
1082:Middlewares/LVGL/lvgl/src/widgets/span/lv_span.c ****  */
1083:Middlewares/LVGL/lvgl/src/widgets/span/lv_span.c **** static void lv_draw_span(lv_obj_t * obj, lv_layer_t * layer)
1084:Middlewares/LVGL/lvgl/src/widgets/span/lv_span.c **** {
1085:Middlewares/LVGL/lvgl/src/widgets/span/lv_span.c **** 
1086:Middlewares/LVGL/lvgl/src/widgets/span/lv_span.c ****     lv_area_t coords;
1087:Middlewares/LVGL/lvgl/src/widgets/span/lv_span.c ****     lv_obj_get_content_coords(obj, &coords);
1088:Middlewares/LVGL/lvgl/src/widgets/span/lv_span.c **** 
1089:Middlewares/LVGL/lvgl/src/widgets/span/lv_span.c ****     lv_spangroup_t * spans = (lv_spangroup_t *)obj;
1090:Middlewares/LVGL/lvgl/src/widgets/span/lv_span.c **** 
1091:Middlewares/LVGL/lvgl/src/widgets/span/lv_span.c ****     /* return if not span */
1092:Middlewares/LVGL/lvgl/src/widgets/span/lv_span.c ****     if(lv_ll_get_head(&spans->child_ll) == NULL) {
1093:Middlewares/LVGL/lvgl/src/widgets/span/lv_span.c ****         return;
1094:Middlewares/LVGL/lvgl/src/widgets/span/lv_span.c ****     }
1095:Middlewares/LVGL/lvgl/src/widgets/span/lv_span.c **** 
1096:Middlewares/LVGL/lvgl/src/widgets/span/lv_span.c ****     /* return if no draw area */
1097:Middlewares/LVGL/lvgl/src/widgets/span/lv_span.c ****     lv_area_t clip_area;
1098:Middlewares/LVGL/lvgl/src/widgets/span/lv_span.c ****     if(!lv_area_intersect(&clip_area, &coords, &layer->_clip_area))  return;
1099:Middlewares/LVGL/lvgl/src/widgets/span/lv_span.c ****     const lv_area_t clip_area_ori = layer->_clip_area;
1100:Middlewares/LVGL/lvgl/src/widgets/span/lv_span.c ****     layer->_clip_area = clip_area;
1101:Middlewares/LVGL/lvgl/src/widgets/span/lv_span.c **** 
1102:Middlewares/LVGL/lvgl/src/widgets/span/lv_span.c ****     /* init draw variable */
1103:Middlewares/LVGL/lvgl/src/widgets/span/lv_span.c ****     lv_text_flag_t txt_flag = LV_TEXT_FLAG_NONE;
1104:Middlewares/LVGL/lvgl/src/widgets/span/lv_span.c ****     int32_t line_space = lv_obj_get_style_text_line_space(obj, LV_PART_MAIN);
1105:Middlewares/LVGL/lvgl/src/widgets/span/lv_span.c ****     int32_t max_width = lv_area_get_width(&coords);
1106:Middlewares/LVGL/lvgl/src/widgets/span/lv_span.c ****     int32_t indent = convert_indent_pct(obj, max_width);
1107:Middlewares/LVGL/lvgl/src/widgets/span/lv_span.c ****     int32_t max_w  = max_width - indent; /* first line need minus indent */
1108:Middlewares/LVGL/lvgl/src/widgets/span/lv_span.c ****     lv_opa_t obj_opa = lv_obj_get_style_opa_recursive(obj, LV_PART_MAIN);
1109:Middlewares/LVGL/lvgl/src/widgets/span/lv_span.c **** 
1110:Middlewares/LVGL/lvgl/src/widgets/span/lv_span.c ****     /* coords of draw span-txt */
1111:Middlewares/LVGL/lvgl/src/widgets/span/lv_span.c ****     lv_point_t txt_pos;
1112:Middlewares/LVGL/lvgl/src/widgets/span/lv_span.c ****     txt_pos.y = coords.y1;
1113:Middlewares/LVGL/lvgl/src/widgets/span/lv_span.c ****     txt_pos.x = coords.x1 + indent; /* first line need add indent */
1114:Middlewares/LVGL/lvgl/src/widgets/span/lv_span.c **** 
1115:Middlewares/LVGL/lvgl/src/widgets/span/lv_span.c ****     lv_span_t * cur_span = lv_ll_get_head(&spans->child_ll);
1116:Middlewares/LVGL/lvgl/src/widgets/span/lv_span.c ****     const char * cur_txt = cur_span->txt;
1117:Middlewares/LVGL/lvgl/src/widgets/span/lv_span.c ****     span_text_check(&cur_txt);
1118:Middlewares/LVGL/lvgl/src/widgets/span/lv_span.c **** 
1119:Middlewares/LVGL/lvgl/src/widgets/span/lv_span.c ****     lv_text_align_t align = lv_obj_get_style_text_align(obj, LV_PART_MAIN);
1120:Middlewares/LVGL/lvgl/src/widgets/span/lv_span.c **** #if LV_USE_BIDI
ARM GAS  C:\Users\w1785\AppData\Local\Temp\ccRqOZjG.s 			page 67


1121:Middlewares/LVGL/lvgl/src/widgets/span/lv_span.c ****     lv_base_dir_t base_dir = lv_obj_get_style_base_dir(obj, LV_PART_MAIN);
1122:Middlewares/LVGL/lvgl/src/widgets/span/lv_span.c ****     if(base_dir == LV_BASE_DIR_AUTO) {
1123:Middlewares/LVGL/lvgl/src/widgets/span/lv_span.c ****         base_dir = lv_bidi_detect_base_dir(cur_txt) == LV_BASE_DIR_RTL ? LV_BASE_DIR_RTL : LV_BASE_
1124:Middlewares/LVGL/lvgl/src/widgets/span/lv_span.c ****     }
1125:Middlewares/LVGL/lvgl/src/widgets/span/lv_span.c **** 
1126:Middlewares/LVGL/lvgl/src/widgets/span/lv_span.c ****     while(cur_span) {
1127:Middlewares/LVGL/lvgl/src/widgets/span/lv_span.c ****         cur_span = lv_ll_get_next(&spans->child_ll, cur_span);
1128:Middlewares/LVGL/lvgl/src/widgets/span/lv_span.c ****         if(cur_span == NULL) break;
1129:Middlewares/LVGL/lvgl/src/widgets/span/lv_span.c ****         cur_txt = cur_span->txt;
1130:Middlewares/LVGL/lvgl/src/widgets/span/lv_span.c ****         span_text_check(&cur_txt);
1131:Middlewares/LVGL/lvgl/src/widgets/span/lv_span.c **** 
1132:Middlewares/LVGL/lvgl/src/widgets/span/lv_span.c ****         if(base_dir == LV_BASE_DIR_AUTO) {
1133:Middlewares/LVGL/lvgl/src/widgets/span/lv_span.c ****             base_dir = lv_bidi_detect_base_dir(cur_txt) == LV_BASE_DIR_RTL ? LV_BASE_DIR_RTL : LV_B
1134:Middlewares/LVGL/lvgl/src/widgets/span/lv_span.c ****         }
1135:Middlewares/LVGL/lvgl/src/widgets/span/lv_span.c ****     }
1136:Middlewares/LVGL/lvgl/src/widgets/span/lv_span.c ****     cur_span = lv_ll_get_head(&spans->child_ll);
1137:Middlewares/LVGL/lvgl/src/widgets/span/lv_span.c ****     cur_txt = cur_span->txt;
1138:Middlewares/LVGL/lvgl/src/widgets/span/lv_span.c **** #endif
1139:Middlewares/LVGL/lvgl/src/widgets/span/lv_span.c **** 
1140:Middlewares/LVGL/lvgl/src/widgets/span/lv_span.c ****     uint32_t cur_txt_ofs = 0;
1141:Middlewares/LVGL/lvgl/src/widgets/span/lv_span.c ****     lv_snippet_t snippet;   /* use to save cur_span info and push it to stack */
1142:Middlewares/LVGL/lvgl/src/widgets/span/lv_span.c ****     lv_memzero(&snippet, sizeof(snippet));
1143:Middlewares/LVGL/lvgl/src/widgets/span/lv_span.c **** 
1144:Middlewares/LVGL/lvgl/src/widgets/span/lv_span.c ****     lv_draw_label_dsc_t label_draw_dsc;
1145:Middlewares/LVGL/lvgl/src/widgets/span/lv_span.c ****     lv_draw_label_dsc_init(&label_draw_dsc);
1146:Middlewares/LVGL/lvgl/src/widgets/span/lv_span.c **** 
1147:Middlewares/LVGL/lvgl/src/widgets/span/lv_span.c ****     bool is_first_line = true;
1148:Middlewares/LVGL/lvgl/src/widgets/span/lv_span.c ****     /* the loop control how many lines need to draw */
1149:Middlewares/LVGL/lvgl/src/widgets/span/lv_span.c ****     while(cur_span) {
1150:Middlewares/LVGL/lvgl/src/widgets/span/lv_span.c ****         bool is_end_line = false;
1151:Middlewares/LVGL/lvgl/src/widgets/span/lv_span.c ****         bool ellipsis_valid = false;
1152:Middlewares/LVGL/lvgl/src/widgets/span/lv_span.c ****         int32_t max_line_h = 0;  /* the max height of span-font when a line have a lot of span */
1153:Middlewares/LVGL/lvgl/src/widgets/span/lv_span.c ****         int32_t max_baseline = 0; /*baseline of the highest span*/
1154:Middlewares/LVGL/lvgl/src/widgets/span/lv_span.c ****         lv_snippet_clear();
1155:Middlewares/LVGL/lvgl/src/widgets/span/lv_span.c **** 
1156:Middlewares/LVGL/lvgl/src/widgets/span/lv_span.c ****         /* the loop control to find a line and push the relevant span info into stack  */
1157:Middlewares/LVGL/lvgl/src/widgets/span/lv_span.c ****         while(1) {
1158:Middlewares/LVGL/lvgl/src/widgets/span/lv_span.c ****             /* switch to the next span when current is end */
1159:Middlewares/LVGL/lvgl/src/widgets/span/lv_span.c ****             if(cur_txt[cur_txt_ofs] == '\0') {
1160:Middlewares/LVGL/lvgl/src/widgets/span/lv_span.c ****                 cur_span = lv_ll_get_next(&spans->child_ll, cur_span);
1161:Middlewares/LVGL/lvgl/src/widgets/span/lv_span.c ****                 if(cur_span == NULL) break;
1162:Middlewares/LVGL/lvgl/src/widgets/span/lv_span.c ****                 cur_txt = cur_span->txt;
1163:Middlewares/LVGL/lvgl/src/widgets/span/lv_span.c ****                 span_text_check(&cur_txt);
1164:Middlewares/LVGL/lvgl/src/widgets/span/lv_span.c ****                 cur_txt_ofs = 0;
1165:Middlewares/LVGL/lvgl/src/widgets/span/lv_span.c ****                 /* maybe also cur_txt[cur_txt_ofs] == '\0' */
1166:Middlewares/LVGL/lvgl/src/widgets/span/lv_span.c ****                 continue;
1167:Middlewares/LVGL/lvgl/src/widgets/span/lv_span.c ****             }
1168:Middlewares/LVGL/lvgl/src/widgets/span/lv_span.c **** 
1169:Middlewares/LVGL/lvgl/src/widgets/span/lv_span.c ****             /* init span info to snippet. */
1170:Middlewares/LVGL/lvgl/src/widgets/span/lv_span.c ****             if(cur_txt_ofs == 0) {
1171:Middlewares/LVGL/lvgl/src/widgets/span/lv_span.c ****                 snippet.span = cur_span;
1172:Middlewares/LVGL/lvgl/src/widgets/span/lv_span.c ****                 snippet.font = lv_span_get_style_text_font(obj, cur_span);
1173:Middlewares/LVGL/lvgl/src/widgets/span/lv_span.c ****                 snippet.letter_space = lv_span_get_style_text_letter_space(obj, cur_span);
1174:Middlewares/LVGL/lvgl/src/widgets/span/lv_span.c ****                 snippet.line_h = lv_font_get_line_height(snippet.font) + line_space;
1175:Middlewares/LVGL/lvgl/src/widgets/span/lv_span.c ****             }
1176:Middlewares/LVGL/lvgl/src/widgets/span/lv_span.c **** 
1177:Middlewares/LVGL/lvgl/src/widgets/span/lv_span.c ****             /* get current span text line info */
ARM GAS  C:\Users\w1785\AppData\Local\Temp\ccRqOZjG.s 			page 68


1178:Middlewares/LVGL/lvgl/src/widgets/span/lv_span.c ****             uint32_t next_ofs = 0;
1179:Middlewares/LVGL/lvgl/src/widgets/span/lv_span.c ****             int32_t use_width = 0;
1180:Middlewares/LVGL/lvgl/src/widgets/span/lv_span.c ****             bool isfill = lv_text_get_snippet(&cur_txt[cur_txt_ofs], snippet.font, snippet.letter_s
1181:Middlewares/LVGL/lvgl/src/widgets/span/lv_span.c ****                                               max_w, txt_flag, &use_width, &next_ofs);
1182:Middlewares/LVGL/lvgl/src/widgets/span/lv_span.c **** 
1183:Middlewares/LVGL/lvgl/src/widgets/span/lv_span.c ****             if(isfill) {
1184:Middlewares/LVGL/lvgl/src/widgets/span/lv_span.c ****                 if(next_ofs > 0 && lv_get_snippet_count() > 0) {
1185:Middlewares/LVGL/lvgl/src/widgets/span/lv_span.c ****                     int32_t drawn_width = use_width;
1186:Middlewares/LVGL/lvgl/src/widgets/span/lv_span.c ****                     if(lv_ll_get_next(&spans->child_ll, cur_span) == NULL) {
1187:Middlewares/LVGL/lvgl/src/widgets/span/lv_span.c ****                         drawn_width -= snippet.letter_space;
1188:Middlewares/LVGL/lvgl/src/widgets/span/lv_span.c ****                     }
1189:Middlewares/LVGL/lvgl/src/widgets/span/lv_span.c ****                     /* To prevent infinite loops, the lv_text_get_next_line() may return incomplete
1190:Middlewares/LVGL/lvgl/src/widgets/span/lv_span.c ****                     /* This phenomenon should be avoided when lv_get_snippet_count() > 0 */
1191:Middlewares/LVGL/lvgl/src/widgets/span/lv_span.c ****                     if(max_w < drawn_width) {
1192:Middlewares/LVGL/lvgl/src/widgets/span/lv_span.c ****                         break;
1193:Middlewares/LVGL/lvgl/src/widgets/span/lv_span.c ****                     }
1194:Middlewares/LVGL/lvgl/src/widgets/span/lv_span.c ****                     uint32_t tmp_ofs = next_ofs;
1195:Middlewares/LVGL/lvgl/src/widgets/span/lv_span.c ****                     uint32_t letter = lv_text_encoded_prev(&cur_txt[cur_txt_ofs], &tmp_ofs);
1196:Middlewares/LVGL/lvgl/src/widgets/span/lv_span.c ****                     uint32_t letter_next = lv_text_encoded_next(&cur_txt[cur_txt_ofs + next_ofs], N
1197:Middlewares/LVGL/lvgl/src/widgets/span/lv_span.c ****                     if(!(letter == '\0' || letter == '\n' || letter == '\r' || lv_text_is_break_cha
1198:Middlewares/LVGL/lvgl/src/widgets/span/lv_span.c ****                          lv_text_is_a_word(letter) || lv_text_is_a_word(letter_next))) {
1199:Middlewares/LVGL/lvgl/src/widgets/span/lv_span.c ****                         if(!(letter_next == '\0' || letter_next == '\n'  || letter_next == '\r' || 
1200:Middlewares/LVGL/lvgl/src/widgets/span/lv_span.c ****                             break;
1201:Middlewares/LVGL/lvgl/src/widgets/span/lv_span.c ****                         }
1202:Middlewares/LVGL/lvgl/src/widgets/span/lv_span.c ****                     }
1203:Middlewares/LVGL/lvgl/src/widgets/span/lv_span.c ****                 }
1204:Middlewares/LVGL/lvgl/src/widgets/span/lv_span.c ****             }
1205:Middlewares/LVGL/lvgl/src/widgets/span/lv_span.c **** 
1206:Middlewares/LVGL/lvgl/src/widgets/span/lv_span.c ****             snippet.txt = &cur_txt[cur_txt_ofs];
1207:Middlewares/LVGL/lvgl/src/widgets/span/lv_span.c ****             snippet.bytes = next_ofs;
1208:Middlewares/LVGL/lvgl/src/widgets/span/lv_span.c ****             snippet.txt_w = use_width;
1209:Middlewares/LVGL/lvgl/src/widgets/span/lv_span.c ****             cur_txt_ofs += next_ofs;
1210:Middlewares/LVGL/lvgl/src/widgets/span/lv_span.c ****             if(max_line_h < snippet.line_h) {
1211:Middlewares/LVGL/lvgl/src/widgets/span/lv_span.c ****                 max_line_h = snippet.line_h;
1212:Middlewares/LVGL/lvgl/src/widgets/span/lv_span.c ****                 max_baseline = snippet.font->base_line;
1213:Middlewares/LVGL/lvgl/src/widgets/span/lv_span.c ****             }
1214:Middlewares/LVGL/lvgl/src/widgets/span/lv_span.c **** 
1215:Middlewares/LVGL/lvgl/src/widgets/span/lv_span.c ****             lv_snippet_push(&snippet);
1216:Middlewares/LVGL/lvgl/src/widgets/span/lv_span.c ****             max_w = max_w - use_width;
1217:Middlewares/LVGL/lvgl/src/widgets/span/lv_span.c ****             if(isfill || max_w <= 0) {
1218:Middlewares/LVGL/lvgl/src/widgets/span/lv_span.c ****                 break;
1219:Middlewares/LVGL/lvgl/src/widgets/span/lv_span.c ****             }
1220:Middlewares/LVGL/lvgl/src/widgets/span/lv_span.c ****         }
1221:Middlewares/LVGL/lvgl/src/widgets/span/lv_span.c **** 
1222:Middlewares/LVGL/lvgl/src/widgets/span/lv_span.c ****         /* start current line deal with */
1223:Middlewares/LVGL/lvgl/src/widgets/span/lv_span.c **** 
1224:Middlewares/LVGL/lvgl/src/widgets/span/lv_span.c ****         uint32_t item_cnt = lv_get_snippet_count();
1225:Middlewares/LVGL/lvgl/src/widgets/span/lv_span.c ****         if(item_cnt == 0) {     /* break if stack is empty */
1226:Middlewares/LVGL/lvgl/src/widgets/span/lv_span.c ****             break;
1227:Middlewares/LVGL/lvgl/src/widgets/span/lv_span.c ****         }
1228:Middlewares/LVGL/lvgl/src/widgets/span/lv_span.c **** 
1229:Middlewares/LVGL/lvgl/src/widgets/span/lv_span.c ****         /* Whether the current line is the end line and does overflow processing */
1230:Middlewares/LVGL/lvgl/src/widgets/span/lv_span.c ****         {
1231:Middlewares/LVGL/lvgl/src/widgets/span/lv_span.c ****             lv_snippet_t * last_snippet = lv_get_snippet(item_cnt - 1);
1232:Middlewares/LVGL/lvgl/src/widgets/span/lv_span.c ****             int32_t next_line_h = last_snippet->line_h;
1233:Middlewares/LVGL/lvgl/src/widgets/span/lv_span.c ****             if(last_snippet->txt[last_snippet->bytes] == '\0') {
1234:Middlewares/LVGL/lvgl/src/widgets/span/lv_span.c ****                 next_line_h = 0;
ARM GAS  C:\Users\w1785\AppData\Local\Temp\ccRqOZjG.s 			page 69


1235:Middlewares/LVGL/lvgl/src/widgets/span/lv_span.c ****                 lv_span_t * next_span = lv_ll_get_next(&spans->child_ll, last_snippet->span);
1236:Middlewares/LVGL/lvgl/src/widgets/span/lv_span.c ****                 if(next_span && next_span->txt && next_span->txt[0]) { /* have the next line */
1237:Middlewares/LVGL/lvgl/src/widgets/span/lv_span.c ****                     next_line_h = lv_font_get_line_height(lv_span_get_style_text_font(obj, next_spa
1238:Middlewares/LVGL/lvgl/src/widgets/span/lv_span.c ****                 }
1239:Middlewares/LVGL/lvgl/src/widgets/span/lv_span.c ****             }
1240:Middlewares/LVGL/lvgl/src/widgets/span/lv_span.c ****             if(txt_pos.y + max_line_h + next_line_h - line_space > coords.y2 + 1) { /* for overflow
1241:Middlewares/LVGL/lvgl/src/widgets/span/lv_span.c ****                 ellipsis_valid = spans->overflow == LV_SPAN_OVERFLOW_ELLIPSIS;
1242:Middlewares/LVGL/lvgl/src/widgets/span/lv_span.c ****                 is_end_line = true;
1243:Middlewares/LVGL/lvgl/src/widgets/span/lv_span.c ****             }
1244:Middlewares/LVGL/lvgl/src/widgets/span/lv_span.c ****         }
1245:Middlewares/LVGL/lvgl/src/widgets/span/lv_span.c **** 
1246:Middlewares/LVGL/lvgl/src/widgets/span/lv_span.c ****         /*Go the first visible line*/
1247:Middlewares/LVGL/lvgl/src/widgets/span/lv_span.c ****         if(txt_pos.y + max_line_h < clip_area.y1) {
1248:Middlewares/LVGL/lvgl/src/widgets/span/lv_span.c ****             goto Next_line_init;
1249:Middlewares/LVGL/lvgl/src/widgets/span/lv_span.c ****         }
1250:Middlewares/LVGL/lvgl/src/widgets/span/lv_span.c **** 
1251:Middlewares/LVGL/lvgl/src/widgets/span/lv_span.c ****         /* align deal with */
1252:Middlewares/LVGL/lvgl/src/widgets/span/lv_span.c **** #if LV_USE_BIDI
1253:Middlewares/LVGL/lvgl/src/widgets/span/lv_span.c ****         if(base_dir == LV_BASE_DIR_AUTO) {
1254:Middlewares/LVGL/lvgl/src/widgets/span/lv_span.c ****             base_dir = LV_BASE_DIR_LTR;
1255:Middlewares/LVGL/lvgl/src/widgets/span/lv_span.c ****         }
1256:Middlewares/LVGL/lvgl/src/widgets/span/lv_span.c **** 
1257:Middlewares/LVGL/lvgl/src/widgets/span/lv_span.c ****         if(align == LV_TEXT_ALIGN_AUTO) {
1258:Middlewares/LVGL/lvgl/src/widgets/span/lv_span.c ****             if(base_dir == LV_BASE_DIR_RTL) align = LV_TEXT_ALIGN_RIGHT;
1259:Middlewares/LVGL/lvgl/src/widgets/span/lv_span.c ****             else align = LV_TEXT_ALIGN_LEFT;
1260:Middlewares/LVGL/lvgl/src/widgets/span/lv_span.c ****         }
1261:Middlewares/LVGL/lvgl/src/widgets/span/lv_span.c **** #endif
1262:Middlewares/LVGL/lvgl/src/widgets/span/lv_span.c ****         int32_t align_ofs = 0;
1263:Middlewares/LVGL/lvgl/src/widgets/span/lv_span.c ****         int32_t txts_w = is_first_line ? indent : 0;
1264:Middlewares/LVGL/lvgl/src/widgets/span/lv_span.c ****         uint32_t i_item;
1265:Middlewares/LVGL/lvgl/src/widgets/span/lv_span.c ****         for(i_item = 0; i_item < item_cnt; i_item++) {
1266:Middlewares/LVGL/lvgl/src/widgets/span/lv_span.c ****             lv_snippet_t * pinfo = lv_get_snippet(i_item);
1267:Middlewares/LVGL/lvgl/src/widgets/span/lv_span.c ****             if(ellipsis_valid && i_item == item_cnt - 1) {
1268:Middlewares/LVGL/lvgl/src/widgets/span/lv_span.c ****                 uint32_t n_ofs = 0;
1269:Middlewares/LVGL/lvgl/src/widgets/span/lv_span.c ****                 ellipsis_valid = lv_text_get_snippet(pinfo->txt, pinfo->font, pinfo->letter_space, 
1270:Middlewares/LVGL/lvgl/src/widgets/span/lv_span.c ****                                                      LV_TEXT_FLAG_BREAK_ALL, &pinfo->txt_w, &n_ofs)
1271:Middlewares/LVGL/lvgl/src/widgets/span/lv_span.c ****                 pinfo->bytes = n_ofs;
1272:Middlewares/LVGL/lvgl/src/widgets/span/lv_span.c ****             }
1273:Middlewares/LVGL/lvgl/src/widgets/span/lv_span.c ****             txts_w = txts_w + pinfo->txt_w;
1274:Middlewares/LVGL/lvgl/src/widgets/span/lv_span.c ****         }
1275:Middlewares/LVGL/lvgl/src/widgets/span/lv_span.c ****         txts_w -= lv_get_snippet(item_cnt - 1)->letter_space;
1276:Middlewares/LVGL/lvgl/src/widgets/span/lv_span.c ****         align_ofs = max_width > txts_w ? max_width - txts_w : 0;
1277:Middlewares/LVGL/lvgl/src/widgets/span/lv_span.c ****         if(align == LV_TEXT_ALIGN_CENTER) {
1278:Middlewares/LVGL/lvgl/src/widgets/span/lv_span.c ****             align_ofs = align_ofs >> 1;
1279:Middlewares/LVGL/lvgl/src/widgets/span/lv_span.c ****         }
1280:Middlewares/LVGL/lvgl/src/widgets/span/lv_span.c ****         if(align == LV_TEXT_ALIGN_CENTER || align == LV_TEXT_ALIGN_RIGHT) {
1281:Middlewares/LVGL/lvgl/src/widgets/span/lv_span.c ****             txt_pos.x += align_ofs;
1282:Middlewares/LVGL/lvgl/src/widgets/span/lv_span.c ****         }
1283:Middlewares/LVGL/lvgl/src/widgets/span/lv_span.c **** 
1284:Middlewares/LVGL/lvgl/src/widgets/span/lv_span.c **** #if LV_USE_BIDI
1285:Middlewares/LVGL/lvgl/src/widgets/span/lv_span.c ****         int32_t first_txt_pos_x = txt_pos.x;
1286:Middlewares/LVGL/lvgl/src/widgets/span/lv_span.c ****         bool is_draw_rtl = false;
1287:Middlewares/LVGL/lvgl/src/widgets/span/lv_span.c ****         lv_snippet_t * pinfo0 = lv_get_snippet(0);
1288:Middlewares/LVGL/lvgl/src/widgets/span/lv_span.c ****         lv_base_dir_t bidi_dir = lv_bidi_detect_base_dir(pinfo0->txt);
1289:Middlewares/LVGL/lvgl/src/widgets/span/lv_span.c ****         if(bidi_dir == LV_BASE_DIR_RTL && base_dir == LV_BASE_DIR_RTL) {
1290:Middlewares/LVGL/lvgl/src/widgets/span/lv_span.c ****             is_draw_rtl = true;
1291:Middlewares/LVGL/lvgl/src/widgets/span/lv_span.c ****             if(align == LV_TEXT_ALIGN_LEFT || align == LV_TEXT_ALIGN_CENTER) {
ARM GAS  C:\Users\w1785\AppData\Local\Temp\ccRqOZjG.s 			page 70


1292:Middlewares/LVGL/lvgl/src/widgets/span/lv_span.c ****                 txt_pos.x = coords.x2 - align_ofs;
1293:Middlewares/LVGL/lvgl/src/widgets/span/lv_span.c ****             }
1294:Middlewares/LVGL/lvgl/src/widgets/span/lv_span.c ****             else if(align == LV_TEXT_ALIGN_RIGHT) {
1295:Middlewares/LVGL/lvgl/src/widgets/span/lv_span.c ****                 txt_pos.x = coords.x2;
1296:Middlewares/LVGL/lvgl/src/widgets/span/lv_span.c ****             }
1297:Middlewares/LVGL/lvgl/src/widgets/span/lv_span.c ****         }
1298:Middlewares/LVGL/lvgl/src/widgets/span/lv_span.c **** #endif
1299:Middlewares/LVGL/lvgl/src/widgets/span/lv_span.c ****         /* draw line letters */
1300:Middlewares/LVGL/lvgl/src/widgets/span/lv_span.c ****         uint32_t i;
1301:Middlewares/LVGL/lvgl/src/widgets/span/lv_span.c ****         for(i = 0; i < item_cnt; i++) {
1302:Middlewares/LVGL/lvgl/src/widgets/span/lv_span.c ****             lv_snippet_t * pinfo = lv_get_snippet(i);
1303:Middlewares/LVGL/lvgl/src/widgets/span/lv_span.c **** 
1304:Middlewares/LVGL/lvgl/src/widgets/span/lv_span.c **** #if LV_USE_BIDI
1305:Middlewares/LVGL/lvgl/src/widgets/span/lv_span.c ****             char * bidi_txt;
1306:Middlewares/LVGL/lvgl/src/widgets/span/lv_span.c ****             if(base_dir == LV_BASE_DIR_RTL) {
1307:Middlewares/LVGL/lvgl/src/widgets/span/lv_span.c ****                 bidi_txt = lv_malloc(pinfo->bytes + 1);
1308:Middlewares/LVGL/lvgl/src/widgets/span/lv_span.c ****                 LV_ASSERT_MALLOC(bidi_txt);
1309:Middlewares/LVGL/lvgl/src/widgets/span/lv_span.c ****                 lv_memcpy(bidi_txt, pinfo->txt, (size_t)pinfo->bytes);
1310:Middlewares/LVGL/lvgl/src/widgets/span/lv_span.c ****                 label_draw_dsc.bidi_dir = base_dir;
1311:Middlewares/LVGL/lvgl/src/widgets/span/lv_span.c ****                 label_draw_dsc.has_bided = true;
1312:Middlewares/LVGL/lvgl/src/widgets/span/lv_span.c ****                 label_draw_dsc.text_local = true;
1313:Middlewares/LVGL/lvgl/src/widgets/span/lv_span.c ****                 lv_bidi_process_paragraph(pinfo->txt, bidi_txt, pinfo->bytes, label_draw_dsc.bidi_d
1314:Middlewares/LVGL/lvgl/src/widgets/span/lv_span.c ****             }
1315:Middlewares/LVGL/lvgl/src/widgets/span/lv_span.c ****             else {
1316:Middlewares/LVGL/lvgl/src/widgets/span/lv_span.c ****                 bidi_txt = (char *)pinfo->txt;
1317:Middlewares/LVGL/lvgl/src/widgets/span/lv_span.c ****             }
1318:Middlewares/LVGL/lvgl/src/widgets/span/lv_span.c **** #else
1319:Middlewares/LVGL/lvgl/src/widgets/span/lv_span.c ****             const char * bidi_txt = pinfo->txt;
1320:Middlewares/LVGL/lvgl/src/widgets/span/lv_span.c **** #endif
1321:Middlewares/LVGL/lvgl/src/widgets/span/lv_span.c **** 
1322:Middlewares/LVGL/lvgl/src/widgets/span/lv_span.c ****             lv_point_t pos;
1323:Middlewares/LVGL/lvgl/src/widgets/span/lv_span.c ****             pos.x = txt_pos.x;
1324:Middlewares/LVGL/lvgl/src/widgets/span/lv_span.c ****             pos.y = txt_pos.y + max_line_h - pinfo->line_h - (max_baseline - pinfo->font->base_line
1325:Middlewares/LVGL/lvgl/src/widgets/span/lv_span.c ****             label_draw_dsc.color = lv_span_get_style_text_color(obj, pinfo->span);
1326:Middlewares/LVGL/lvgl/src/widgets/span/lv_span.c ****             label_draw_dsc.opa = lv_span_get_style_text_opa(obj, pinfo->span);
1327:Middlewares/LVGL/lvgl/src/widgets/span/lv_span.c ****             label_draw_dsc.font = lv_span_get_style_text_font(obj, pinfo->span);
1328:Middlewares/LVGL/lvgl/src/widgets/span/lv_span.c ****             if(obj_opa < LV_OPA_MAX) {
1329:Middlewares/LVGL/lvgl/src/widgets/span/lv_span.c ****                 label_draw_dsc.opa = LV_OPA_MIX2(label_draw_dsc.opa, obj_opa);
1330:Middlewares/LVGL/lvgl/src/widgets/span/lv_span.c ****             }
1331:Middlewares/LVGL/lvgl/src/widgets/span/lv_span.c ****             uint32_t txt_bytes = pinfo->bytes;
1332:Middlewares/LVGL/lvgl/src/widgets/span/lv_span.c **** 
1333:Middlewares/LVGL/lvgl/src/widgets/span/lv_span.c ****             if(pos.x > clip_area.x2) {
1334:Middlewares/LVGL/lvgl/src/widgets/span/lv_span.c ****                 continue;
1335:Middlewares/LVGL/lvgl/src/widgets/span/lv_span.c ****             }
1336:Middlewares/LVGL/lvgl/src/widgets/span/lv_span.c **** 
1337:Middlewares/LVGL/lvgl/src/widgets/span/lv_span.c ****             label_draw_dsc.text = bidi_txt;
1338:Middlewares/LVGL/lvgl/src/widgets/span/lv_span.c ****             label_draw_dsc.text_length = txt_bytes;
1339:Middlewares/LVGL/lvgl/src/widgets/span/lv_span.c ****             label_draw_dsc.letter_space = pinfo->letter_space;
1340:Middlewares/LVGL/lvgl/src/widgets/span/lv_span.c ****             label_draw_dsc.line_space = line_space;
1341:Middlewares/LVGL/lvgl/src/widgets/span/lv_span.c ****             label_draw_dsc.decor = lv_span_get_style_text_decor(obj, pinfo->span);
1342:Middlewares/LVGL/lvgl/src/widgets/span/lv_span.c ****             lv_area_t a;
1343:Middlewares/LVGL/lvgl/src/widgets/span/lv_span.c ****             a.x1 = pos.x;
1344:Middlewares/LVGL/lvgl/src/widgets/span/lv_span.c ****             a.y1 = pos.y;
1345:Middlewares/LVGL/lvgl/src/widgets/span/lv_span.c ****             a.x2 = a.x1 + pinfo->txt_w;
1346:Middlewares/LVGL/lvgl/src/widgets/span/lv_span.c ****             a.y2 = a.y1 + pinfo->line_h;
1347:Middlewares/LVGL/lvgl/src/widgets/span/lv_span.c **** 
1348:Middlewares/LVGL/lvgl/src/widgets/span/lv_span.c **** #if LV_USE_BIDI
ARM GAS  C:\Users\w1785\AppData\Local\Temp\ccRqOZjG.s 			page 71


1349:Middlewares/LVGL/lvgl/src/widgets/span/lv_span.c ****             if(is_draw_rtl) {
1350:Middlewares/LVGL/lvgl/src/widgets/span/lv_span.c ****                 a.x1 = pos.x - pinfo->txt_w;
1351:Middlewares/LVGL/lvgl/src/widgets/span/lv_span.c ****                 a.x2 = pos.x;
1352:Middlewares/LVGL/lvgl/src/widgets/span/lv_span.c ****             }
1353:Middlewares/LVGL/lvgl/src/widgets/span/lv_span.c **** #endif
1354:Middlewares/LVGL/lvgl/src/widgets/span/lv_span.c **** 
1355:Middlewares/LVGL/lvgl/src/widgets/span/lv_span.c ****             bool need_draw_ellipsis = false;
1356:Middlewares/LVGL/lvgl/src/widgets/span/lv_span.c ****             int32_t dot_width = 0;
1357:Middlewares/LVGL/lvgl/src/widgets/span/lv_span.c ****             /* deal overflow */
1358:Middlewares/LVGL/lvgl/src/widgets/span/lv_span.c ****             if(ellipsis_valid) {
1359:Middlewares/LVGL/lvgl/src/widgets/span/lv_span.c ****                 int32_t dot_letter_w = lv_font_get_glyph_width(pinfo->font, '.', '.');
1360:Middlewares/LVGL/lvgl/src/widgets/span/lv_span.c ****                 dot_width = dot_letter_w * 3;
1361:Middlewares/LVGL/lvgl/src/widgets/span/lv_span.c **** 
1362:Middlewares/LVGL/lvgl/src/widgets/span/lv_span.c ****                 label_draw_dsc.flag = LV_TEXT_FLAG_BREAK_ALL;
1363:Middlewares/LVGL/lvgl/src/widgets/span/lv_span.c ****                 int32_t text_width = coords.x2 - a.x1;
1364:Middlewares/LVGL/lvgl/src/widgets/span/lv_span.c ****                 uint32_t next_ofs;
1365:Middlewares/LVGL/lvgl/src/widgets/span/lv_span.c ****                 text_width = text_width > dot_width ? text_width - dot_width : text_width;
1366:Middlewares/LVGL/lvgl/src/widgets/span/lv_span.c ****                 need_draw_ellipsis = lv_text_get_snippet(pinfo->txt, pinfo->font, pinfo->letter_spa
1367:Middlewares/LVGL/lvgl/src/widgets/span/lv_span.c ****                                                          label_draw_dsc.flag, &pinfo->txt_w, &next_
1368:Middlewares/LVGL/lvgl/src/widgets/span/lv_span.c ****                 a.x2 = a.x1 + pinfo->txt_w;
1369:Middlewares/LVGL/lvgl/src/widgets/span/lv_span.c ****                 label_draw_dsc.text_length = next_ofs;
1370:Middlewares/LVGL/lvgl/src/widgets/span/lv_span.c **** #if LV_USE_BIDI
1371:Middlewares/LVGL/lvgl/src/widgets/span/lv_span.c ****                 if(base_dir == LV_BASE_DIR_RTL) {
1372:Middlewares/LVGL/lvgl/src/widgets/span/lv_span.c ****                     if(txt_bytes > label_draw_dsc.text_length) {
1373:Middlewares/LVGL/lvgl/src/widgets/span/lv_span.c ****                         char * tmp_txt = lv_malloc(label_draw_dsc.text_length + 1);
1374:Middlewares/LVGL/lvgl/src/widgets/span/lv_span.c ****                         LV_ASSERT_MALLOC(tmp_txt);
1375:Middlewares/LVGL/lvgl/src/widgets/span/lv_span.c **** 
1376:Middlewares/LVGL/lvgl/src/widgets/span/lv_span.c ****                         if(lv_bidi_detect_base_dir(bidi_txt) == LV_BASE_DIR_RTL) {
1377:Middlewares/LVGL/lvgl/src/widgets/span/lv_span.c ****                             lv_memcpy(tmp_txt, bidi_txt + (txt_bytes - label_draw_dsc.text_length),
1378:Middlewares/LVGL/lvgl/src/widgets/span/lv_span.c ****                         }
1379:Middlewares/LVGL/lvgl/src/widgets/span/lv_span.c ****                         else {
1380:Middlewares/LVGL/lvgl/src/widgets/span/lv_span.c ****                             lv_memcpy(tmp_txt, bidi_txt, (size_t)label_draw_dsc.text_length);
1381:Middlewares/LVGL/lvgl/src/widgets/span/lv_span.c ****                         }
1382:Middlewares/LVGL/lvgl/src/widgets/span/lv_span.c **** 
1383:Middlewares/LVGL/lvgl/src/widgets/span/lv_span.c ****                         label_draw_dsc.text = tmp_txt;
1384:Middlewares/LVGL/lvgl/src/widgets/span/lv_span.c ****                         lv_free(bidi_txt);
1385:Middlewares/LVGL/lvgl/src/widgets/span/lv_span.c ****                     }
1386:Middlewares/LVGL/lvgl/src/widgets/span/lv_span.c ****                     if(i == 0) {
1387:Middlewares/LVGL/lvgl/src/widgets/span/lv_span.c ****                         a.x1 = a.x1 + dot_width;
1388:Middlewares/LVGL/lvgl/src/widgets/span/lv_span.c ****                         a.x2 = a.x2 + dot_width;
1389:Middlewares/LVGL/lvgl/src/widgets/span/lv_span.c ****                     }
1390:Middlewares/LVGL/lvgl/src/widgets/span/lv_span.c ****                 }
1391:Middlewares/LVGL/lvgl/src/widgets/span/lv_span.c **** #endif
1392:Middlewares/LVGL/lvgl/src/widgets/span/lv_span.c ****             }
1393:Middlewares/LVGL/lvgl/src/widgets/span/lv_span.c **** 
1394:Middlewares/LVGL/lvgl/src/widgets/span/lv_span.c ****             lv_draw_label(layer, &label_draw_dsc, &a);
1395:Middlewares/LVGL/lvgl/src/widgets/span/lv_span.c **** #if LV_USE_BIDI
1396:Middlewares/LVGL/lvgl/src/widgets/span/lv_span.c ****             if(label_draw_dsc.has_bided) {
1397:Middlewares/LVGL/lvgl/src/widgets/span/lv_span.c ****                 lv_free((void *)label_draw_dsc.text);
1398:Middlewares/LVGL/lvgl/src/widgets/span/lv_span.c ****             }
1399:Middlewares/LVGL/lvgl/src/widgets/span/lv_span.c **** #endif
1400:Middlewares/LVGL/lvgl/src/widgets/span/lv_span.c **** 
1401:Middlewares/LVGL/lvgl/src/widgets/span/lv_span.c ****             if(need_draw_ellipsis) {
1402:Middlewares/LVGL/lvgl/src/widgets/span/lv_span.c ****                 label_draw_dsc.text = "...";
1403:Middlewares/LVGL/lvgl/src/widgets/span/lv_span.c ****                 label_draw_dsc.text_length = LV_TEXT_LEN_MAX;
1404:Middlewares/LVGL/lvgl/src/widgets/span/lv_span.c **** 
1405:Middlewares/LVGL/lvgl/src/widgets/span/lv_span.c **** #if LV_USE_BIDI
ARM GAS  C:\Users\w1785\AppData\Local\Temp\ccRqOZjG.s 			page 72


1406:Middlewares/LVGL/lvgl/src/widgets/span/lv_span.c ****                 if(label_draw_dsc.bidi_dir == LV_BASE_DIR_RTL) {
1407:Middlewares/LVGL/lvgl/src/widgets/span/lv_span.c ****                     a.x1 = first_txt_pos_x;
1408:Middlewares/LVGL/lvgl/src/widgets/span/lv_span.c ****                     a.x2 = a.x1 + dot_width;
1409:Middlewares/LVGL/lvgl/src/widgets/span/lv_span.c ****                 }
1410:Middlewares/LVGL/lvgl/src/widgets/span/lv_span.c ****                 else {
1411:Middlewares/LVGL/lvgl/src/widgets/span/lv_span.c ****                     a.x1 = a.x2;
1412:Middlewares/LVGL/lvgl/src/widgets/span/lv_span.c ****                     a.x2 = a.x1 + dot_width;
1413:Middlewares/LVGL/lvgl/src/widgets/span/lv_span.c ****                 }
1414:Middlewares/LVGL/lvgl/src/widgets/span/lv_span.c ****                 label_draw_dsc.text_local = false;
1415:Middlewares/LVGL/lvgl/src/widgets/span/lv_span.c **** #else
1416:Middlewares/LVGL/lvgl/src/widgets/span/lv_span.c ****                 a.x1 = a.x2;
1417:Middlewares/LVGL/lvgl/src/widgets/span/lv_span.c ****                 a.x2 = a.x1 + dot_width;
1418:Middlewares/LVGL/lvgl/src/widgets/span/lv_span.c **** #endif
1419:Middlewares/LVGL/lvgl/src/widgets/span/lv_span.c **** 
1420:Middlewares/LVGL/lvgl/src/widgets/span/lv_span.c ****                 lv_draw_label(layer, &label_draw_dsc, &a);
1421:Middlewares/LVGL/lvgl/src/widgets/span/lv_span.c ****             }
1422:Middlewares/LVGL/lvgl/src/widgets/span/lv_span.c **** 
1423:Middlewares/LVGL/lvgl/src/widgets/span/lv_span.c ****             txt_pos.x = a.x2;
1424:Middlewares/LVGL/lvgl/src/widgets/span/lv_span.c **** 
1425:Middlewares/LVGL/lvgl/src/widgets/span/lv_span.c **** #if LV_USE_BIDI
1426:Middlewares/LVGL/lvgl/src/widgets/span/lv_span.c ****             if(is_draw_rtl) {
1427:Middlewares/LVGL/lvgl/src/widgets/span/lv_span.c ****                 txt_pos.x = a.x1;
1428:Middlewares/LVGL/lvgl/src/widgets/span/lv_span.c ****             }
1429:Middlewares/LVGL/lvgl/src/widgets/span/lv_span.c **** #endif
1430:Middlewares/LVGL/lvgl/src/widgets/span/lv_span.c ****         }
1431:Middlewares/LVGL/lvgl/src/widgets/span/lv_span.c **** 
1432:Middlewares/LVGL/lvgl/src/widgets/span/lv_span.c **** Next_line_init:
1433:Middlewares/LVGL/lvgl/src/widgets/span/lv_span.c ****         /* next line init */
1434:Middlewares/LVGL/lvgl/src/widgets/span/lv_span.c ****         is_first_line = false;
1435:Middlewares/LVGL/lvgl/src/widgets/span/lv_span.c ****         txt_pos.x = coords.x1;
1436:Middlewares/LVGL/lvgl/src/widgets/span/lv_span.c ****         txt_pos.y += max_line_h;
1437:Middlewares/LVGL/lvgl/src/widgets/span/lv_span.c ****         if(is_end_line || txt_pos.y > clip_area.y2 + 1) {
1438:Middlewares/LVGL/lvgl/src/widgets/span/lv_span.c ****             layer->_clip_area = clip_area_ori;
1439:Middlewares/LVGL/lvgl/src/widgets/span/lv_span.c ****             return;
1440:Middlewares/LVGL/lvgl/src/widgets/span/lv_span.c ****         }
1441:Middlewares/LVGL/lvgl/src/widgets/span/lv_span.c ****         max_w = max_width;
1442:Middlewares/LVGL/lvgl/src/widgets/span/lv_span.c ****     }
1443:Middlewares/LVGL/lvgl/src/widgets/span/lv_span.c ****     layer->_clip_area = clip_area_ori;
1444:Middlewares/LVGL/lvgl/src/widgets/span/lv_span.c **** }
1445:Middlewares/LVGL/lvgl/src/widgets/span/lv_span.c **** 
1446:Middlewares/LVGL/lvgl/src/widgets/span/lv_span.c **** static lv_span_coords_t make_span_coords(const lv_span_t * prev_span, const lv_span_t * curr_span, 
1447:Middlewares/LVGL/lvgl/src/widgets/span/lv_span.c ****                                          const lv_area_t padding, const int32_t indent)
1448:Middlewares/LVGL/lvgl/src/widgets/span/lv_span.c **** {
 1082              		.loc 1 1448 1 is_stmt 1 view -0
 1083              		.cfi_startproc
 1084              		@ args = 20, pretend = 0, frame = 56
 1085              		@ frame_needed = 0, uses_anonymous_args = 0
 1086              		.loc 1 1448 1 is_stmt 0 view .LVU288
 1087 0000 2DE9F043 		push	{r4, r5, r6, r7, r8, r9, lr}
 1088              	.LCFI27:
 1089              		.cfi_def_cfa_offset 28
 1090              		.cfi_offset 4, -28
 1091              		.cfi_offset 5, -24
 1092              		.cfi_offset 6, -20
 1093              		.cfi_offset 7, -16
 1094              		.cfi_offset 8, -12
 1095              		.cfi_offset 9, -8
ARM GAS  C:\Users\w1785\AppData\Local\Temp\ccRqOZjG.s 			page 73


 1096              		.cfi_offset 14, -4
 1097 0004 91B0     		sub	sp, sp, #68
 1098              	.LCFI28:
 1099              		.cfi_def_cfa_offset 96
 1100 0006 0746     		mov	r7, r0
 1101 0008 0C46     		mov	r4, r1
 1102 000a 1546     		mov	r5, r2
 1103 000c 1E46     		mov	r6, r3
1449:Middlewares/LVGL/lvgl/src/widgets/span/lv_span.c ****     lv_span_coords_t coords = { 0 };
 1104              		.loc 1 1449 5 is_stmt 1 view .LVU289
 1105              		.loc 1 1449 22 is_stmt 0 view .LVU290
 1106 000e 3022     		movs	r2, #48
 1107              	.LVL120:
 1108              		.loc 1 1449 22 view .LVU291
 1109 0010 0021     		movs	r1, #0
 1110              	.LVL121:
 1111              		.loc 1 1449 22 view .LVU292
 1112 0012 04A8     		add	r0, sp, #16
 1113              	.LVL122:
 1114              		.loc 1 1449 22 view .LVU293
 1115 0014 FFF7FEFF 		bl	memset
 1116              	.LVL123:
1450:Middlewares/LVGL/lvgl/src/widgets/span/lv_span.c **** 
1451:Middlewares/LVGL/lvgl/src/widgets/span/lv_span.c ****     if(curr_span == NULL) return coords;
 1117              		.loc 1 1451 5 is_stmt 1 view .LVU294
 1118              		.loc 1 1451 7 is_stmt 0 view .LVU295
 1119 0018 002D     		cmp	r5, #0
 1120 001a 43D0     		beq	.L76
1452:Middlewares/LVGL/lvgl/src/widgets/span/lv_span.c **** 
1453:Middlewares/LVGL/lvgl/src/widgets/span/lv_span.c ****     /* first line */
1454:Middlewares/LVGL/lvgl/src/widgets/span/lv_span.c ****     if(prev_span == NULL) {
 1121              		.loc 1 1454 5 is_stmt 1 view .LVU296
 1122              		.loc 1 1454 7 is_stmt 0 view .LVU297
 1123 001c 002C     		cmp	r4, #0
 1124 001e 47D0     		beq	.L77
1455:Middlewares/LVGL/lvgl/src/widgets/span/lv_span.c ****         lv_area_set(&coords.heading, padding.x1 + indent, padding.y1, width + padding.x1,
1456:Middlewares/LVGL/lvgl/src/widgets/span/lv_span.c ****                     curr_span->trailing_pos.y + padding.y1);
1457:Middlewares/LVGL/lvgl/src/widgets/span/lv_span.c ****         lv_area_set(&coords.middle, coords.heading.x1, coords.heading.y2, curr_span->trailing_pos.x
1458:Middlewares/LVGL/lvgl/src/widgets/span/lv_span.c ****                     coords.heading.y2 + curr_span->trailing_height);
1459:Middlewares/LVGL/lvgl/src/widgets/span/lv_span.c ****         lv_area_set(&coords.trailing, 0, 0, 0, 0);
1460:Middlewares/LVGL/lvgl/src/widgets/span/lv_span.c **** 
1461:Middlewares/LVGL/lvgl/src/widgets/span/lv_span.c ****         return coords;
1462:Middlewares/LVGL/lvgl/src/widgets/span/lv_span.c ****     }
1463:Middlewares/LVGL/lvgl/src/widgets/span/lv_span.c **** 
1464:Middlewares/LVGL/lvgl/src/widgets/span/lv_span.c ****     /* start and end on the same line */
1465:Middlewares/LVGL/lvgl/src/widgets/span/lv_span.c ****     const bool is_same_line = prev_span->trailing_pos.y == curr_span->trailing_pos.y;
 1125              		.loc 1 1465 5 is_stmt 1 view .LVU298
 1126              		.loc 1 1465 54 is_stmt 0 view .LVU299
 1127 0020 A269     		ldr	r2, [r4, #24]
 1128              		.loc 1 1465 83 view .LVU300
 1129 0022 A869     		ldr	r0, [r5, #24]
 1130              	.LVL124:
1466:Middlewares/LVGL/lvgl/src/widgets/span/lv_span.c ****     if(is_same_line == true) {
 1131              		.loc 1 1466 5 is_stmt 1 view .LVU301
 1132              		.loc 1 1466 7 is_stmt 0 view .LVU302
 1133 0024 8242     		cmp	r2, r0
 1134 0026 6CD0     		beq	.L78
ARM GAS  C:\Users\w1785\AppData\Local\Temp\ccRqOZjG.s 			page 74


1467:Middlewares/LVGL/lvgl/src/widgets/span/lv_span.c ****         lv_area_set(&coords.heading,
1468:Middlewares/LVGL/lvgl/src/widgets/span/lv_span.c ****                     prev_span->trailing_pos.x + padding.x1, prev_span->trailing_pos.y + padding.y1,
1469:Middlewares/LVGL/lvgl/src/widgets/span/lv_span.c ****                     curr_span->trailing_pos.x + padding.x1, curr_span->trailing_pos.y + curr_span->
1470:Middlewares/LVGL/lvgl/src/widgets/span/lv_span.c ****         return coords;
1471:Middlewares/LVGL/lvgl/src/widgets/span/lv_span.c ****     }
1472:Middlewares/LVGL/lvgl/src/widgets/span/lv_span.c **** 
1473:Middlewares/LVGL/lvgl/src/widgets/span/lv_span.c ****     /* common case */
1474:Middlewares/LVGL/lvgl/src/widgets/span/lv_span.c ****     const lv_point_t pre_trailing_pos = prev_span->trailing_pos;
 1135              		.loc 1 1474 5 is_stmt 1 view .LVU303
 1136              		.loc 1 1474 22 is_stmt 0 view .LVU304
 1137 0028 02AB     		add	r3, sp, #8
 1138 002a 04F11401 		add	r1, r4, #20
 1139 002e 03C9     		ldm	r1, {r0, r1}
 1140              	.LVL125:
 1141              		.loc 1 1474 22 view .LVU305
 1142 0030 83E80300 		stm	r3, {r0, r1}
1475:Middlewares/LVGL/lvgl/src/widgets/span/lv_span.c ****     const int32_t pre_trailing_height = prev_span->trailing_height;
 1143              		.loc 1 1475 5 is_stmt 1 view .LVU306
 1144              		.loc 1 1475 19 is_stmt 0 view .LVU307
 1145 0034 E369     		ldr	r3, [r4, #28]
 1146              	.LVL126:
1476:Middlewares/LVGL/lvgl/src/widgets/span/lv_span.c **** 
1477:Middlewares/LVGL/lvgl/src/widgets/span/lv_span.c ****     lv_area_set(&coords.heading,
 1147              		.loc 1 1477 5 is_stmt 1 view .LVU308
1478:Middlewares/LVGL/lvgl/src/widgets/span/lv_span.c ****                 pre_trailing_pos.x + padding.x1, pre_trailing_pos.y + padding.y1,
 1148              		.loc 1 1478 45 is_stmt 0 view .LVU309
 1149 0036 DDF86090 		ldr	r9, [sp, #96]
 1150              		.loc 1 1478 78 view .LVU310
 1151 003a DDF86480 		ldr	r8, [sp, #100]
1477:Middlewares/LVGL/lvgl/src/widgets/span/lv_span.c ****                 pre_trailing_pos.x + padding.x1, pre_trailing_pos.y + padding.y1,
 1152              		.loc 1 1477 5 view .LVU311
 1153 003e 4E44     		add	r6, r6, r9
 1154              	.LVL127:
1479:Middlewares/LVGL/lvgl/src/widgets/span/lv_span.c ****                 width + padding.x1, pre_trailing_pos.y + pre_trailing_height + padding.y1);
 1155              		.loc 1 1479 56 view .LVU312
 1156 0040 1344     		add	r3, r3, r2
 1157              	.LVL128:
1477:Middlewares/LVGL/lvgl/src/widgets/span/lv_span.c ****                 pre_trailing_pos.x + padding.x1, pre_trailing_pos.y + padding.y1,
 1158              		.loc 1 1477 5 view .LVU313
 1159 0042 04AC     		add	r4, sp, #16
 1160              	.LVL129:
1477:Middlewares/LVGL/lvgl/src/widgets/span/lv_span.c ****                 pre_trailing_pos.x + padding.x1, pre_trailing_pos.y + padding.y1,
 1161              		.loc 1 1477 5 view .LVU314
 1162 0044 4344     		add	r3, r3, r8
 1163 0046 0093     		str	r3, [sp]
 1164              	.LVL130:
1477:Middlewares/LVGL/lvgl/src/widgets/span/lv_span.c ****                 pre_trailing_pos.x + padding.x1, pre_trailing_pos.y + padding.y1,
 1165              		.loc 1 1477 5 view .LVU315
 1166 0048 3346     		mov	r3, r6
 1167 004a 4244     		add	r2, r2, r8
1477:Middlewares/LVGL/lvgl/src/widgets/span/lv_span.c ****                 pre_trailing_pos.x + padding.x1, pre_trailing_pos.y + padding.y1,
 1168              		.loc 1 1477 5 view .LVU316
 1169 004c 0146     		mov	r1, r0
 1170 004e 4944     		add	r1, r1, r9
 1171 0050 2046     		mov	r0, r4
 1172 0052 FFF7FEFF 		bl	lv_area_set
 1173              	.LVL131:
ARM GAS  C:\Users\w1785\AppData\Local\Temp\ccRqOZjG.s 			page 75


1480:Middlewares/LVGL/lvgl/src/widgets/span/lv_span.c ****     /* When it happens to be two lines of text,
1481:Middlewares/LVGL/lvgl/src/widgets/span/lv_span.c ****     * the y2 of the middle area is exactly the y1 + line height of the first line of text,
1482:Middlewares/LVGL/lvgl/src/widgets/span/lv_span.c ****     * so the area of the middle area is empty.
1483:Middlewares/LVGL/lvgl/src/widgets/span/lv_span.c ****     * */
1484:Middlewares/LVGL/lvgl/src/widgets/span/lv_span.c ****     lv_area_set(&coords.middle,
 1174              		.loc 1 1484 5 is_stmt 1 view .LVU317
1485:Middlewares/LVGL/lvgl/src/widgets/span/lv_span.c ****                 padding.x1, coords.heading.y2,
1486:Middlewares/LVGL/lvgl/src/widgets/span/lv_span.c ****                 width + padding.x1, curr_span->trailing_pos.y + padding.y1);
 1175              		.loc 1 1486 60 is_stmt 0 view .LVU318
 1176 0056 AB69     		ldr	r3, [r5, #24]
1484:Middlewares/LVGL/lvgl/src/widgets/span/lv_span.c ****                 padding.x1, coords.heading.y2,
 1177              		.loc 1 1484 5 view .LVU319
 1178 0058 4344     		add	r3, r3, r8
 1179 005a 0093     		str	r3, [sp]
 1180 005c 3346     		mov	r3, r6
 1181 005e 079A     		ldr	r2, [sp, #28]
 1182 0060 4946     		mov	r1, r9
 1183 0062 08A8     		add	r0, sp, #32
 1184 0064 FFF7FEFF 		bl	lv_area_set
 1185              	.LVL132:
1487:Middlewares/LVGL/lvgl/src/widgets/span/lv_span.c ****     lv_area_set(&coords.trailing,
 1186              		.loc 1 1487 5 is_stmt 1 view .LVU320
1488:Middlewares/LVGL/lvgl/src/widgets/span/lv_span.c ****                 coords.middle.x1, coords.middle.y2,
1489:Middlewares/LVGL/lvgl/src/widgets/span/lv_span.c ****                 curr_span->trailing_pos.x + padding.x1, curr_span->trailing_pos.y + curr_span->trai
 1187              		.loc 1 1489 40 is_stmt 0 view .LVU321
 1188 0068 6B69     		ldr	r3, [r5, #20]
 1189              		.loc 1 1489 80 view .LVU322
 1190 006a AA69     		ldr	r2, [r5, #24]
 1191              		.loc 1 1489 94 view .LVU323
 1192 006c E969     		ldr	r1, [r5, #28]
 1193              		.loc 1 1489 83 view .LVU324
 1194 006e 0A44     		add	r2, r2, r1
1487:Middlewares/LVGL/lvgl/src/widgets/span/lv_span.c ****     lv_area_set(&coords.trailing,
 1195              		.loc 1 1487 5 view .LVU325
 1196 0070 4244     		add	r2, r2, r8
 1197 0072 0092     		str	r2, [sp]
 1198 0074 4B44     		add	r3, r3, r9
 1199 0076 0B9A     		ldr	r2, [sp, #44]
 1200 0078 0899     		ldr	r1, [sp, #32]
 1201 007a 0CA8     		add	r0, sp, #48
 1202 007c FFF7FEFF 		bl	lv_area_set
 1203              	.LVL133:
1490:Middlewares/LVGL/lvgl/src/widgets/span/lv_span.c **** 
1491:Middlewares/LVGL/lvgl/src/widgets/span/lv_span.c ****     return coords;
 1204              		.loc 1 1491 5 is_stmt 1 view .LVU326
 1205              		.loc 1 1491 12 is_stmt 0 view .LVU327
 1206 0080 BE46     		mov	lr, r7
 1207 0082 A446     		mov	ip, r4
 1208 0084 BCE80F00 		ldmia	ip!, {r0, r1, r2, r3}
 1209 0088 AEE80F00 		stmia	lr!, {r0, r1, r2, r3}
 1210 008c BCE80F00 		ldmia	ip!, {r0, r1, r2, r3}
 1211 0090 AEE80F00 		stmia	lr!, {r0, r1, r2, r3}
 1212 0094 9CE80F00 		ldm	ip, {r0, r1, r2, r3}
 1213 0098 8EE80F00 		stm	lr, {r0, r1, r2, r3}
 1214              	.LVL134:
 1215              	.L70:
1492:Middlewares/LVGL/lvgl/src/widgets/span/lv_span.c **** }
ARM GAS  C:\Users\w1785\AppData\Local\Temp\ccRqOZjG.s 			page 76


 1216              		.loc 1 1492 1 view .LVU328
 1217 009c 3846     		mov	r0, r7
 1218 009e 11B0     		add	sp, sp, #68
 1219              	.LCFI29:
 1220              		.cfi_remember_state
 1221              		.cfi_def_cfa_offset 28
 1222              		@ sp needed
 1223 00a0 BDE8F083 		pop	{r4, r5, r6, r7, r8, r9, pc}
 1224              	.LVL135:
 1225              	.L76:
 1226              	.LCFI30:
 1227              		.cfi_restore_state
1451:Middlewares/LVGL/lvgl/src/widgets/span/lv_span.c **** 
 1228              		.loc 1 1451 27 is_stmt 1 discriminator 1 view .LVU329
1451:Middlewares/LVGL/lvgl/src/widgets/span/lv_span.c **** 
 1229              		.loc 1 1451 34 is_stmt 0 discriminator 1 view .LVU330
 1230 00a4 3022     		movs	r2, #48
 1231 00a6 0021     		movs	r1, #0
 1232 00a8 3846     		mov	r0, r7
 1233 00aa FFF7FEFF 		bl	memset
 1234              	.LVL136:
1451:Middlewares/LVGL/lvgl/src/widgets/span/lv_span.c **** 
 1235              		.loc 1 1451 34 view .LVU331
 1236 00ae F5E7     		b	.L70
 1237              	.L77:
1455:Middlewares/LVGL/lvgl/src/widgets/span/lv_span.c ****                     curr_span->trailing_pos.y + padding.y1);
 1238              		.loc 1 1455 9 is_stmt 1 view .LVU332
1455:Middlewares/LVGL/lvgl/src/widgets/span/lv_span.c ****                     curr_span->trailing_pos.y + padding.y1);
 1239              		.loc 1 1455 45 is_stmt 0 view .LVU333
 1240 00b0 DDF86080 		ldr	r8, [sp, #96]
1455:Middlewares/LVGL/lvgl/src/widgets/span/lv_span.c ****                     curr_span->trailing_pos.y + padding.y1);
 1241              		.loc 1 1455 66 view .LVU334
 1242 00b4 199A     		ldr	r2, [sp, #100]
1456:Middlewares/LVGL/lvgl/src/widgets/span/lv_span.c ****         lv_area_set(&coords.middle, coords.heading.x1, coords.heading.y2, curr_span->trailing_pos.x
 1243              		.loc 1 1456 44 view .LVU335
 1244 00b6 AB69     		ldr	r3, [r5, #24]
1455:Middlewares/LVGL/lvgl/src/widgets/span/lv_span.c ****                     curr_span->trailing_pos.y + padding.y1);
 1245              		.loc 1 1455 9 view .LVU336
 1246 00b8 04AC     		add	r4, sp, #16
 1247              	.LVL137:
1455:Middlewares/LVGL/lvgl/src/widgets/span/lv_span.c ****                     curr_span->trailing_pos.y + padding.y1);
 1248              		.loc 1 1455 9 view .LVU337
 1249 00ba 1344     		add	r3, r3, r2
 1250 00bc 0093     		str	r3, [sp]
 1251 00be 08EB0603 		add	r3, r8, r6
 1252 00c2 1C99     		ldr	r1, [sp, #112]
 1253 00c4 4144     		add	r1, r1, r8
 1254 00c6 2046     		mov	r0, r4
 1255 00c8 FFF7FEFF 		bl	lv_area_set
 1256              	.LVL138:
1457:Middlewares/LVGL/lvgl/src/widgets/span/lv_span.c ****                     coords.heading.y2 + curr_span->trailing_height);
 1257              		.loc 1 1457 9 is_stmt 1 view .LVU338
 1258 00cc 079A     		ldr	r2, [sp, #28]
1457:Middlewares/LVGL/lvgl/src/widgets/span/lv_span.c ****                     coords.heading.y2 + curr_span->trailing_height);
 1259              		.loc 1 1457 98 is_stmt 0 view .LVU339
 1260 00ce 6B69     		ldr	r3, [r5, #20]
1458:Middlewares/LVGL/lvgl/src/widgets/span/lv_span.c ****         lv_area_set(&coords.trailing, 0, 0, 0, 0);
ARM GAS  C:\Users\w1785\AppData\Local\Temp\ccRqOZjG.s 			page 77


 1261              		.loc 1 1458 50 view .LVU340
 1262 00d0 E969     		ldr	r1, [r5, #28]
1457:Middlewares/LVGL/lvgl/src/widgets/span/lv_span.c ****                     coords.heading.y2 + curr_span->trailing_height);
 1263              		.loc 1 1457 9 view .LVU341
 1264 00d2 1144     		add	r1, r1, r2
 1265 00d4 0091     		str	r1, [sp]
 1266 00d6 4344     		add	r3, r3, r8
 1267 00d8 0499     		ldr	r1, [sp, #16]
 1268 00da 08A8     		add	r0, sp, #32
 1269 00dc FFF7FEFF 		bl	lv_area_set
 1270              	.LVL139:
1459:Middlewares/LVGL/lvgl/src/widgets/span/lv_span.c **** 
 1271              		.loc 1 1459 9 is_stmt 1 view .LVU342
 1272 00e0 0021     		movs	r1, #0
 1273 00e2 0091     		str	r1, [sp]
 1274 00e4 0B46     		mov	r3, r1
 1275 00e6 0A46     		mov	r2, r1
 1276 00e8 0CA8     		add	r0, sp, #48
 1277 00ea FFF7FEFF 		bl	lv_area_set
 1278              	.LVL140:
1461:Middlewares/LVGL/lvgl/src/widgets/span/lv_span.c ****     }
 1279              		.loc 1 1461 9 view .LVU343
1461:Middlewares/LVGL/lvgl/src/widgets/span/lv_span.c ****     }
 1280              		.loc 1 1461 16 is_stmt 0 view .LVU344
 1281 00ee 3D46     		mov	r5, r7
 1282              	.LVL141:
1461:Middlewares/LVGL/lvgl/src/widgets/span/lv_span.c ****     }
 1283              		.loc 1 1461 16 view .LVU345
 1284 00f0 0FCC     		ldmia	r4!, {r0, r1, r2, r3}
 1285 00f2 0FC5     		stmia	r5!, {r0, r1, r2, r3}
 1286 00f4 0FCC     		ldmia	r4!, {r0, r1, r2, r3}
 1287 00f6 0FC5     		stmia	r5!, {r0, r1, r2, r3}
 1288 00f8 94E80F00 		ldm	r4, {r0, r1, r2, r3}
 1289 00fc 85E80F00 		stm	r5, {r0, r1, r2, r3}
 1290 0100 CCE7     		b	.L70
 1291              	.LVL142:
 1292              	.L78:
1467:Middlewares/LVGL/lvgl/src/widgets/span/lv_span.c ****                     prev_span->trailing_pos.x + padding.x1, prev_span->trailing_pos.y + padding.y1,
 1293              		.loc 1 1467 9 is_stmt 1 view .LVU346
1468:Middlewares/LVGL/lvgl/src/widgets/span/lv_span.c ****                     curr_span->trailing_pos.x + padding.x1, curr_span->trailing_pos.y + curr_span->
 1294              		.loc 1 1468 44 is_stmt 0 view .LVU347
 1295 0102 D4F814C0 		ldr	ip, [r4, #20]
1468:Middlewares/LVGL/lvgl/src/widgets/span/lv_span.c ****                     curr_span->trailing_pos.x + padding.x1, curr_span->trailing_pos.y + curr_span->
 1296              		.loc 1 1468 56 view .LVU348
 1297 0106 1899     		ldr	r1, [sp, #96]
1468:Middlewares/LVGL/lvgl/src/widgets/span/lv_span.c ****                     curr_span->trailing_pos.x + padding.x1, curr_span->trailing_pos.y + curr_span->
 1298              		.loc 1 1468 96 view .LVU349
 1299 0108 199E     		ldr	r6, [sp, #100]
 1300              	.LVL143:
1469:Middlewares/LVGL/lvgl/src/widgets/span/lv_span.c ****         return coords;
 1301              		.loc 1 1469 44 view .LVU350
 1302 010a 6B69     		ldr	r3, [r5, #20]
1469:Middlewares/LVGL/lvgl/src/widgets/span/lv_span.c ****         return coords;
 1303              		.loc 1 1469 98 view .LVU351
 1304 010c EC69     		ldr	r4, [r5, #28]
 1305              	.LVL144:
1469:Middlewares/LVGL/lvgl/src/widgets/span/lv_span.c ****         return coords;
ARM GAS  C:\Users\w1785\AppData\Local\Temp\ccRqOZjG.s 			page 78


 1306              		.loc 1 1469 87 view .LVU352
 1307 010e 2044     		add	r0, r0, r4
 1308              	.LVL145:
1467:Middlewares/LVGL/lvgl/src/widgets/span/lv_span.c ****                     prev_span->trailing_pos.x + padding.x1, prev_span->trailing_pos.y + padding.y1,
 1309              		.loc 1 1467 9 view .LVU353
 1310 0110 04AC     		add	r4, sp, #16
 1311 0112 3044     		add	r0, r0, r6
 1312 0114 0090     		str	r0, [sp]
 1313              	.LVL146:
1467:Middlewares/LVGL/lvgl/src/widgets/span/lv_span.c ****                     prev_span->trailing_pos.x + padding.x1, prev_span->trailing_pos.y + padding.y1,
 1314              		.loc 1 1467 9 view .LVU354
 1315 0116 0B44     		add	r3, r3, r1
 1316 0118 3244     		add	r2, r2, r6
1467:Middlewares/LVGL/lvgl/src/widgets/span/lv_span.c ****                     prev_span->trailing_pos.x + padding.x1, prev_span->trailing_pos.y + padding.y1,
 1317              		.loc 1 1467 9 view .LVU355
 1318 011a 6144     		add	r1, r1, ip
 1319 011c 2046     		mov	r0, r4
 1320 011e FFF7FEFF 		bl	lv_area_set
 1321              	.LVL147:
1470:Middlewares/LVGL/lvgl/src/widgets/span/lv_span.c ****     }
 1322              		.loc 1 1470 9 is_stmt 1 view .LVU356
1470:Middlewares/LVGL/lvgl/src/widgets/span/lv_span.c ****     }
 1323              		.loc 1 1470 16 is_stmt 0 view .LVU357
 1324 0122 3D46     		mov	r5, r7
 1325              	.LVL148:
1470:Middlewares/LVGL/lvgl/src/widgets/span/lv_span.c ****     }
 1326              		.loc 1 1470 16 view .LVU358
 1327 0124 0FCC     		ldmia	r4!, {r0, r1, r2, r3}
 1328 0126 0FC5     		stmia	r5!, {r0, r1, r2, r3}
 1329 0128 0FCC     		ldmia	r4!, {r0, r1, r2, r3}
 1330 012a 0FC5     		stmia	r5!, {r0, r1, r2, r3}
 1331 012c 94E80F00 		ldm	r4, {r0, r1, r2, r3}
 1332 0130 85E80F00 		stm	r5, {r0, r1, r2, r3}
 1333 0134 B2E7     		b	.L70
 1334              		.cfi_endproc
 1335              	.LFE253:
 1337              		.section	.text.lv_span_stack_init,"ax",%progbits
 1338              		.align	1
 1339              		.global	lv_span_stack_init
 1340              		.syntax unified
 1341              		.thumb
 1342              		.thumb_func
 1344              	lv_span_stack_init:
 1345              	.LFB203:
 141:Middlewares/LVGL/lvgl/src/widgets/span/lv_span.c ****     struct _snippet_stack * stack = snippet_stack = lv_malloc(sizeof(struct _snippet_stack));
 1346              		.loc 1 141 1 is_stmt 1 view -0
 1347              		.cfi_startproc
 1348              		@ args = 0, pretend = 0, frame = 0
 1349              		@ frame_needed = 0, uses_anonymous_args = 0
 1350 0000 08B5     		push	{r3, lr}
 1351              	.LCFI31:
 1352              		.cfi_def_cfa_offset 8
 1353              		.cfi_offset 3, -8
 1354              		.cfi_offset 14, -4
 142:Middlewares/LVGL/lvgl/src/widgets/span/lv_span.c ****     LV_ASSERT_MALLOC(stack);
 1355              		.loc 1 142 5 view .LVU360
 142:Middlewares/LVGL/lvgl/src/widgets/span/lv_span.c ****     LV_ASSERT_MALLOC(stack);
ARM GAS  C:\Users\w1785\AppData\Local\Temp\ccRqOZjG.s 			page 79


 1356              		.loc 1 142 53 is_stmt 0 view .LVU361
 1357 0002 40F20470 		movw	r0, #1796
 1358 0006 FFF7FEFF 		bl	lv_malloc
 1359              	.LVL149:
 142:Middlewares/LVGL/lvgl/src/widgets/span/lv_span.c ****     LV_ASSERT_MALLOC(stack);
 1360              		.loc 1 142 51 discriminator 1 view .LVU362
 1361 000a 034B     		ldr	r3, .L83
 1362 000c C3F8F801 		str	r0, [r3, #504]
 1363              	.LVL150:
 143:Middlewares/LVGL/lvgl/src/widgets/span/lv_span.c ****     if(!stack) {
 1364              		.loc 1 143 5 is_stmt 1 view .LVU363
 143:Middlewares/LVGL/lvgl/src/widgets/span/lv_span.c ****     if(!stack) {
 1365              		.loc 1 143 5 view .LVU364
 1366 0010 00B1     		cbz	r0, .L81
 147:Middlewares/LVGL/lvgl/src/widgets/span/lv_span.c **** 
 1367              		.loc 1 147 1 is_stmt 0 view .LVU365
 1368 0012 08BD     		pop	{r3, pc}
 1369              	.L81:
 143:Middlewares/LVGL/lvgl/src/widgets/span/lv_span.c ****     if(!stack) {
 1370              		.loc 1 143 5 is_stmt 1 view .LVU366
 143:Middlewares/LVGL/lvgl/src/widgets/span/lv_span.c ****     if(!stack) {
 1371              		.loc 1 143 5 view .LVU367
 143:Middlewares/LVGL/lvgl/src/widgets/span/lv_span.c ****     if(!stack) {
 1372              		.loc 1 143 5 view .LVU368
 143:Middlewares/LVGL/lvgl/src/widgets/span/lv_span.c ****     if(!stack) {
 1373              		.loc 1 143 5 view .LVU369
 143:Middlewares/LVGL/lvgl/src/widgets/span/lv_span.c ****     if(!stack) {
 1374              		.loc 1 143 5 view .LVU370
 1375 0014 FEE7     		b	.L81
 1376              	.L84:
 1377 0016 00BF     		.align	2
 1378              	.L83:
 1379 0018 00000000 		.word	lv_global
 1380              		.cfi_endproc
 1381              	.LFE203:
 1383              		.section	.text.lv_span_stack_deinit,"ax",%progbits
 1384              		.align	1
 1385              		.global	lv_span_stack_deinit
 1386              		.syntax unified
 1387              		.thumb
 1388              		.thumb_func
 1390              	lv_span_stack_deinit:
 1391              	.LFB204:
 150:Middlewares/LVGL/lvgl/src/widgets/span/lv_span.c ****     lv_free(snippet_stack);
 1392              		.loc 1 150 1 view -0
 1393              		.cfi_startproc
 1394              		@ args = 0, pretend = 0, frame = 0
 1395              		@ frame_needed = 0, uses_anonymous_args = 0
 1396 0000 08B5     		push	{r3, lr}
 1397              	.LCFI32:
 1398              		.cfi_def_cfa_offset 8
 1399              		.cfi_offset 3, -8
 1400              		.cfi_offset 14, -4
 151:Middlewares/LVGL/lvgl/src/widgets/span/lv_span.c **** }
 1401              		.loc 1 151 5 view .LVU372
 1402 0002 034B     		ldr	r3, .L87
 1403 0004 D3F8F801 		ldr	r0, [r3, #504]
ARM GAS  C:\Users\w1785\AppData\Local\Temp\ccRqOZjG.s 			page 80


 1404 0008 FFF7FEFF 		bl	lv_free
 1405              	.LVL151:
 152:Middlewares/LVGL/lvgl/src/widgets/span/lv_span.c **** 
 1406              		.loc 1 152 1 is_stmt 0 view .LVU373
 1407 000c 08BD     		pop	{r3, pc}
 1408              	.L88:
 1409 000e 00BF     		.align	2
 1410              	.L87:
 1411 0010 00000000 		.word	lv_global
 1412              		.cfi_endproc
 1413              	.LFE204:
 1415              		.section	.text.lv_spangroup_create,"ax",%progbits
 1416              		.align	1
 1417              		.global	lv_spangroup_create
 1418              		.syntax unified
 1419              		.thumb
 1420              		.thumb_func
 1422              	lv_spangroup_create:
 1423              	.LVL152:
 1424              	.LFB205:
 155:Middlewares/LVGL/lvgl/src/widgets/span/lv_span.c ****     lv_obj_t * obj = lv_obj_class_create_obj(&lv_spangroup_class, par);
 1425              		.loc 1 155 1 is_stmt 1 view -0
 1426              		.cfi_startproc
 1427              		@ args = 0, pretend = 0, frame = 0
 1428              		@ frame_needed = 0, uses_anonymous_args = 0
 155:Middlewares/LVGL/lvgl/src/widgets/span/lv_span.c ****     lv_obj_t * obj = lv_obj_class_create_obj(&lv_spangroup_class, par);
 1429              		.loc 1 155 1 is_stmt 0 view .LVU375
 1430 0000 10B5     		push	{r4, lr}
 1431              	.LCFI33:
 1432              		.cfi_def_cfa_offset 8
 1433              		.cfi_offset 4, -8
 1434              		.cfi_offset 14, -4
 1435 0002 0146     		mov	r1, r0
 156:Middlewares/LVGL/lvgl/src/widgets/span/lv_span.c ****     lv_obj_class_init_obj(obj);
 1436              		.loc 1 156 5 is_stmt 1 view .LVU376
 156:Middlewares/LVGL/lvgl/src/widgets/span/lv_span.c ****     lv_obj_class_init_obj(obj);
 1437              		.loc 1 156 22 is_stmt 0 view .LVU377
 1438 0004 0348     		ldr	r0, .L91
 1439              	.LVL153:
 156:Middlewares/LVGL/lvgl/src/widgets/span/lv_span.c ****     lv_obj_class_init_obj(obj);
 1440              		.loc 1 156 22 view .LVU378
 1441 0006 FFF7FEFF 		bl	lv_obj_class_create_obj
 1442              	.LVL154:
 156:Middlewares/LVGL/lvgl/src/widgets/span/lv_span.c ****     lv_obj_class_init_obj(obj);
 1443              		.loc 1 156 22 view .LVU379
 1444 000a 0446     		mov	r4, r0
 1445              	.LVL155:
 157:Middlewares/LVGL/lvgl/src/widgets/span/lv_span.c ****     return obj;
 1446              		.loc 1 157 5 is_stmt 1 view .LVU380
 1447 000c FFF7FEFF 		bl	lv_obj_class_init_obj
 1448              	.LVL156:
 158:Middlewares/LVGL/lvgl/src/widgets/span/lv_span.c **** }
 1449              		.loc 1 158 5 view .LVU381
 159:Middlewares/LVGL/lvgl/src/widgets/span/lv_span.c **** 
 1450              		.loc 1 159 1 is_stmt 0 view .LVU382
 1451 0010 2046     		mov	r0, r4
 1452 0012 10BD     		pop	{r4, pc}
ARM GAS  C:\Users\w1785\AppData\Local\Temp\ccRqOZjG.s 			page 81


 1453              	.LVL157:
 1454              	.L92:
 159:Middlewares/LVGL/lvgl/src/widgets/span/lv_span.c **** 
 1455              		.loc 1 159 1 view .LVU383
 1456              		.align	2
 1457              	.L91:
 1458 0014 00000000 		.word	lv_spangroup_class
 1459              		.cfi_endproc
 1460              	.LFE205:
 1462              		.section	.text.lv_span_set_text,"ax",%progbits
 1463              		.align	1
 1464              		.global	lv_span_set_text
 1465              		.syntax unified
 1466              		.thumb
 1467              		.thumb_func
 1469              	lv_span_set_text:
 1470              	.LVL158:
 1471              	.LFB208:
 212:Middlewares/LVGL/lvgl/src/widgets/span/lv_span.c ****     if(span == NULL || text == NULL) {
 1472              		.loc 1 212 1 is_stmt 1 view -0
 1473              		.cfi_startproc
 1474              		@ args = 0, pretend = 0, frame = 0
 1475              		@ frame_needed = 0, uses_anonymous_args = 0
 213:Middlewares/LVGL/lvgl/src/widgets/span/lv_span.c ****         return;
 1476              		.loc 1 213 5 view .LVU385
 213:Middlewares/LVGL/lvgl/src/widgets/span/lv_span.c ****         return;
 1477              		.loc 1 213 7 is_stmt 0 view .LVU386
 1478 0000 28B3     		cbz	r0, .L101
 212:Middlewares/LVGL/lvgl/src/widgets/span/lv_span.c ****     if(span == NULL || text == NULL) {
 1479              		.loc 1 212 1 view .LVU387
 1480 0002 70B5     		push	{r4, r5, r6, lr}
 1481              	.LCFI34:
 1482              		.cfi_def_cfa_offset 16
 1483              		.cfi_offset 4, -16
 1484              		.cfi_offset 5, -12
 1485              		.cfi_offset 6, -8
 1486              		.cfi_offset 14, -4
 1487 0004 0C46     		mov	r4, r1
 1488 0006 0646     		mov	r6, r0
 213:Middlewares/LVGL/lvgl/src/widgets/span/lv_span.c ****         return;
 1489              		.loc 1 213 21 discriminator 1 view .LVU388
 1490 0008 C1B1     		cbz	r1, .L93
 217:Middlewares/LVGL/lvgl/src/widgets/span/lv_span.c **** 
 1491              		.loc 1 217 5 is_stmt 1 view .LVU389
 1492              	.LVL159:
 222:Middlewares/LVGL/lvgl/src/widgets/span/lv_span.c **** #endif
 1493              		.loc 1 222 5 view .LVU390
 222:Middlewares/LVGL/lvgl/src/widgets/span/lv_span.c **** #endif
 1494              		.loc 1 222 22 is_stmt 0 view .LVU391
 1495 000a 0846     		mov	r0, r1
 1496              	.LVL160:
 222:Middlewares/LVGL/lvgl/src/widgets/span/lv_span.c **** #endif
 1497              		.loc 1 222 22 view .LVU392
 1498 000c FFF7FEFF 		bl	lv_strlen
 1499              	.LVL161:
 222:Middlewares/LVGL/lvgl/src/widgets/span/lv_span.c **** #endif
 1500              		.loc 1 222 20 discriminator 1 view .LVU393
ARM GAS  C:\Users\w1785\AppData\Local\Temp\ccRqOZjG.s 			page 82


 1501 0010 451C     		adds	r5, r0, #1
 1502              	.LVL162:
 225:Middlewares/LVGL/lvgl/src/widgets/span/lv_span.c ****         span->txt = lv_malloc(text_alloc_len);
 1503              		.loc 1 225 5 is_stmt 1 view .LVU394
 225:Middlewares/LVGL/lvgl/src/widgets/span/lv_span.c ****         span->txt = lv_malloc(text_alloc_len);
 1504              		.loc 1 225 12 is_stmt 0 view .LVU395
 1505 0012 3068     		ldr	r0, [r6]
 225:Middlewares/LVGL/lvgl/src/widgets/span/lv_span.c ****         span->txt = lv_malloc(text_alloc_len);
 1506              		.loc 1 225 7 view .LVU396
 1507 0014 18B1     		cbz	r0, .L95
 225:Middlewares/LVGL/lvgl/src/widgets/span/lv_span.c ****         span->txt = lv_malloc(text_alloc_len);
 1508              		.loc 1 225 47 discriminator 1 view .LVU397
 1509 0016 337C     		ldrb	r3, [r6, #16]	@ zero_extendqisi2
 225:Middlewares/LVGL/lvgl/src/widgets/span/lv_span.c ****         span->txt = lv_malloc(text_alloc_len);
 1510              		.loc 1 225 26 discriminator 1 view .LVU398
 1511 0018 13F0010F 		tst	r3, #1
 1512 001c 10D0     		beq	.L96
 1513              	.L95:
 226:Middlewares/LVGL/lvgl/src/widgets/span/lv_span.c ****         LV_ASSERT_MALLOC(span->txt);
 1514              		.loc 1 226 9 is_stmt 1 view .LVU399
 226:Middlewares/LVGL/lvgl/src/widgets/span/lv_span.c ****         LV_ASSERT_MALLOC(span->txt);
 1515              		.loc 1 226 21 is_stmt 0 view .LVU400
 1516 001e 2846     		mov	r0, r5
 1517 0020 FFF7FEFF 		bl	lv_malloc
 1518              	.LVL163:
 226:Middlewares/LVGL/lvgl/src/widgets/span/lv_span.c ****         LV_ASSERT_MALLOC(span->txt);
 1519              		.loc 1 226 19 discriminator 1 view .LVU401
 1520 0024 3060     		str	r0, [r6]
 227:Middlewares/LVGL/lvgl/src/widgets/span/lv_span.c ****     }
 1521              		.loc 1 227 9 is_stmt 1 view .LVU402
 227:Middlewares/LVGL/lvgl/src/widgets/span/lv_span.c ****     }
 1522              		.loc 1 227 9 view .LVU403
 1523 0026 50B1     		cbz	r0, .L98
 1524              	.L97:
 231:Middlewares/LVGL/lvgl/src/widgets/span/lv_span.c ****     }
 1525              		.loc 1 231 9 view .LVU404
 231:Middlewares/LVGL/lvgl/src/widgets/span/lv_span.c ****     }
 1526              		.loc 1 231 36 view .LVU405
 234:Middlewares/LVGL/lvgl/src/widgets/span/lv_span.c **** 
 1527              		.loc 1 234 5 view .LVU406
 234:Middlewares/LVGL/lvgl/src/widgets/span/lv_span.c **** 
 1528              		.loc 1 234 12 is_stmt 0 view .LVU407
 1529 0028 3068     		ldr	r0, [r6]
 234:Middlewares/LVGL/lvgl/src/widgets/span/lv_span.c **** 
 1530              		.loc 1 234 7 view .LVU408
 1531 002a 38B1     		cbz	r0, .L93
 236:Middlewares/LVGL/lvgl/src/widgets/span/lv_span.c **** 
 1532              		.loc 1 236 5 is_stmt 1 view .LVU409
 236:Middlewares/LVGL/lvgl/src/widgets/span/lv_span.c **** 
 1533              		.loc 1 236 23 is_stmt 0 view .LVU410
 1534 002c 337C     		ldrb	r3, [r6, #16]	@ zero_extendqisi2
 1535 002e 23F00103 		bic	r3, r3, #1
 1536 0032 3374     		strb	r3, [r6, #16]
 241:Middlewares/LVGL/lvgl/src/widgets/span/lv_span.c **** #endif
 1537              		.loc 1 241 5 is_stmt 1 view .LVU411
 1538 0034 2A46     		mov	r2, r5
 1539 0036 2146     		mov	r1, r4
ARM GAS  C:\Users\w1785\AppData\Local\Temp\ccRqOZjG.s 			page 83


 1540 0038 FFF7FEFF 		bl	lv_memcpy
 1541              	.LVL164:
 1542              	.L93:
 243:Middlewares/LVGL/lvgl/src/widgets/span/lv_span.c **** 
 1543              		.loc 1 243 1 is_stmt 0 view .LVU412
 1544 003c 70BD     		pop	{r4, r5, r6, pc}
 1545              	.LVL165:
 1546              	.L98:
 227:Middlewares/LVGL/lvgl/src/widgets/span/lv_span.c ****     }
 1547              		.loc 1 227 9 is_stmt 1 view .LVU413
 227:Middlewares/LVGL/lvgl/src/widgets/span/lv_span.c ****     }
 1548              		.loc 1 227 9 view .LVU414
 227:Middlewares/LVGL/lvgl/src/widgets/span/lv_span.c ****     }
 1549              		.loc 1 227 9 view .LVU415
 227:Middlewares/LVGL/lvgl/src/widgets/span/lv_span.c ****     }
 1550              		.loc 1 227 9 view .LVU416
 227:Middlewares/LVGL/lvgl/src/widgets/span/lv_span.c ****     }
 1551              		.loc 1 227 9 view .LVU417
 1552 003e FEE7     		b	.L98
 1553              	.L96:
 230:Middlewares/LVGL/lvgl/src/widgets/span/lv_span.c ****         LV_ASSERT_MALLOC(span->txt);
 1554              		.loc 1 230 9 view .LVU418
 230:Middlewares/LVGL/lvgl/src/widgets/span/lv_span.c ****         LV_ASSERT_MALLOC(span->txt);
 1555              		.loc 1 230 21 is_stmt 0 view .LVU419
 1556 0040 2946     		mov	r1, r5
 1557 0042 FFF7FEFF 		bl	lv_realloc
 1558              	.LVL166:
 230:Middlewares/LVGL/lvgl/src/widgets/span/lv_span.c ****         LV_ASSERT_MALLOC(span->txt);
 1559              		.loc 1 230 19 discriminator 1 view .LVU420
 1560 0046 3060     		str	r0, [r6]
 231:Middlewares/LVGL/lvgl/src/widgets/span/lv_span.c ****     }
 1561              		.loc 1 231 9 is_stmt 1 view .LVU421
 231:Middlewares/LVGL/lvgl/src/widgets/span/lv_span.c ****     }
 1562              		.loc 1 231 9 view .LVU422
 1563 0048 0028     		cmp	r0, #0
 1564 004a EDD1     		bne	.L97
 1565              	.L99:
 231:Middlewares/LVGL/lvgl/src/widgets/span/lv_span.c ****     }
 1566              		.loc 1 231 9 view .LVU423
 231:Middlewares/LVGL/lvgl/src/widgets/span/lv_span.c ****     }
 1567              		.loc 1 231 9 view .LVU424
 231:Middlewares/LVGL/lvgl/src/widgets/span/lv_span.c ****     }
 1568              		.loc 1 231 9 view .LVU425
 231:Middlewares/LVGL/lvgl/src/widgets/span/lv_span.c ****     }
 1569              		.loc 1 231 9 view .LVU426
 231:Middlewares/LVGL/lvgl/src/widgets/span/lv_span.c ****     }
 1570              		.loc 1 231 9 view .LVU427
 1571 004c FEE7     		b	.L99
 1572              	.LVL167:
 1573              	.L101:
 1574              	.LCFI35:
 1575              		.cfi_def_cfa_offset 0
 1576              		.cfi_restore 4
 1577              		.cfi_restore 5
 1578              		.cfi_restore 6
 1579              		.cfi_restore 14
 231:Middlewares/LVGL/lvgl/src/widgets/span/lv_span.c ****     }
ARM GAS  C:\Users\w1785\AppData\Local\Temp\ccRqOZjG.s 			page 84


 1580              		.loc 1 231 9 is_stmt 0 view .LVU428
 1581 004e 7047     		bx	lr
 1582              		.cfi_endproc
 1583              	.LFE208:
 1585              		.section	.text.lv_span_set_text_fmt,"ax",%progbits
 1586              		.align	1
 1587              		.global	lv_span_set_text_fmt
 1588              		.syntax unified
 1589              		.thumb
 1590              		.thumb_func
 1592              	lv_span_set_text_fmt:
 1593              	.LVL168:
 1594              	.LFB209:
 246:Middlewares/LVGL/lvgl/src/widgets/span/lv_span.c ****     if(span == NULL || fmt == NULL) {
 1595              		.loc 1 246 1 is_stmt 1 view -0
 1596              		.cfi_startproc
 1597              		@ args = 4, pretend = 12, frame = 8
 1598              		@ frame_needed = 0, uses_anonymous_args = 1
 246:Middlewares/LVGL/lvgl/src/widgets/span/lv_span.c ****     if(span == NULL || fmt == NULL) {
 1599              		.loc 1 246 1 is_stmt 0 view .LVU430
 1600 0000 0EB4     		push	{r1, r2, r3}
 1601              	.LCFI36:
 1602              		.cfi_def_cfa_offset 12
 1603              		.cfi_offset 1, -12
 1604              		.cfi_offset 2, -8
 1605              		.cfi_offset 3, -4
 1606 0002 30B5     		push	{r4, r5, lr}
 1607              	.LCFI37:
 1608              		.cfi_def_cfa_offset 24
 1609              		.cfi_offset 4, -24
 1610              		.cfi_offset 5, -20
 1611              		.cfi_offset 14, -16
 1612 0004 82B0     		sub	sp, sp, #8
 1613              	.LCFI38:
 1614              		.cfi_def_cfa_offset 32
 1615 0006 059B     		ldr	r3, [sp, #20]
 247:Middlewares/LVGL/lvgl/src/widgets/span/lv_span.c ****         return;
 1616              		.loc 1 247 5 is_stmt 1 view .LVU431
 247:Middlewares/LVGL/lvgl/src/widgets/span/lv_span.c ****         return;
 1617              		.loc 1 247 7 is_stmt 0 view .LVU432
 1618 0008 98B1     		cbz	r0, .L104
 1619 000a 0446     		mov	r4, r0
 247:Middlewares/LVGL/lvgl/src/widgets/span/lv_span.c ****         return;
 1620              		.loc 1 247 21 discriminator 1 view .LVU433
 1621 000c 8BB1     		cbz	r3, .L104
 251:Middlewares/LVGL/lvgl/src/widgets/span/lv_span.c ****     va_start(args, fmt);
 1622              		.loc 1 251 5 is_stmt 1 view .LVU434
 252:Middlewares/LVGL/lvgl/src/widgets/span/lv_span.c ****     char * text = lv_text_set_text_vfmt(fmt, args);
 1623              		.loc 1 252 5 view .LVU435
 1624 000e 06A9     		add	r1, sp, #24
 1625 0010 0191     		str	r1, [sp, #4]
 253:Middlewares/LVGL/lvgl/src/widgets/span/lv_span.c ****     LV_ASSERT_MALLOC(text);
 1626              		.loc 1 253 5 view .LVU436
 253:Middlewares/LVGL/lvgl/src/widgets/span/lv_span.c ****     LV_ASSERT_MALLOC(text);
 1627              		.loc 1 253 19 is_stmt 0 view .LVU437
 1628 0012 1846     		mov	r0, r3
 1629              	.LVL169:
ARM GAS  C:\Users\w1785\AppData\Local\Temp\ccRqOZjG.s 			page 85


 253:Middlewares/LVGL/lvgl/src/widgets/span/lv_span.c ****     LV_ASSERT_MALLOC(text);
 1630              		.loc 1 253 19 view .LVU438
 1631 0014 FFF7FEFF 		bl	lv_text_set_text_vfmt
 1632              	.LVL170:
 254:Middlewares/LVGL/lvgl/src/widgets/span/lv_span.c ****     if(text == NULL) {
 1633              		.loc 1 254 5 is_stmt 1 view .LVU439
 254:Middlewares/LVGL/lvgl/src/widgets/span/lv_span.c ****     if(text == NULL) {
 1634              		.loc 1 254 5 view .LVU440
 1635 0018 0546     		mov	r5, r0
 1636 001a 78B1     		cbz	r0, .L109
 254:Middlewares/LVGL/lvgl/src/widgets/span/lv_span.c ****     if(text == NULL) {
 1637              		.loc 1 254 5 view .LVU441
 254:Middlewares/LVGL/lvgl/src/widgets/span/lv_span.c ****     if(text == NULL) {
 1638              		.loc 1 254 27 view .LVU442
 255:Middlewares/LVGL/lvgl/src/widgets/span/lv_span.c ****         va_end(args);
 1639              		.loc 1 255 5 view .LVU443
 260:Middlewares/LVGL/lvgl/src/widgets/span/lv_span.c **** 
 1640              		.loc 1 260 5 view .LVU444
 262:Middlewares/LVGL/lvgl/src/widgets/span/lv_span.c ****         lv_free(span->txt);
 1641              		.loc 1 262 5 view .LVU445
 262:Middlewares/LVGL/lvgl/src/widgets/span/lv_span.c ****         lv_free(span->txt);
 1642              		.loc 1 262 12 is_stmt 0 view .LVU446
 1643 001c 2068     		ldr	r0, [r4]
 1644              	.LVL171:
 262:Middlewares/LVGL/lvgl/src/widgets/span/lv_span.c ****         lv_free(span->txt);
 1645              		.loc 1 262 7 view .LVU447
 1646 001e 18B1     		cbz	r0, .L110
 262:Middlewares/LVGL/lvgl/src/widgets/span/lv_span.c ****         lv_free(span->txt);
 1647              		.loc 1 262 21 discriminator 1 view .LVU448
 1648 0020 237C     		ldrb	r3, [r4, #16]	@ zero_extendqisi2
 262:Middlewares/LVGL/lvgl/src/widgets/span/lv_span.c ****         lv_free(span->txt);
 1649              		.loc 1 262 18 discriminator 1 view .LVU449
 1650 0022 13F0010F 		tst	r3, #1
 1651 0026 0AD0     		beq	.L112
 1652              	.L110:
 266:Middlewares/LVGL/lvgl/src/widgets/span/lv_span.c ****     span->txt = text;
 1653              		.loc 1 266 5 is_stmt 1 view .LVU450
 266:Middlewares/LVGL/lvgl/src/widgets/span/lv_span.c ****     span->txt = text;
 1654              		.loc 1 266 23 is_stmt 0 view .LVU451
 1655 0028 237C     		ldrb	r3, [r4, #16]	@ zero_extendqisi2
 1656 002a 23F00103 		bic	r3, r3, #1
 1657 002e 2374     		strb	r3, [r4, #16]
 267:Middlewares/LVGL/lvgl/src/widgets/span/lv_span.c **** }
 1658              		.loc 1 267 5 is_stmt 1 view .LVU452
 267:Middlewares/LVGL/lvgl/src/widgets/span/lv_span.c **** }
 1659              		.loc 1 267 15 is_stmt 0 view .LVU453
 1660 0030 2560     		str	r5, [r4]
 1661              	.LVL172:
 1662              	.L104:
 268:Middlewares/LVGL/lvgl/src/widgets/span/lv_span.c **** 
 1663              		.loc 1 268 1 view .LVU454
 1664 0032 02B0     		add	sp, sp, #8
 1665              	.LCFI39:
 1666              		.cfi_remember_state
 1667              		.cfi_def_cfa_offset 24
 1668              		@ sp needed
 1669 0034 BDE83040 		pop	{r4, r5, lr}
ARM GAS  C:\Users\w1785\AppData\Local\Temp\ccRqOZjG.s 			page 86


 1670              	.LCFI40:
 1671              		.cfi_restore 14
 1672              		.cfi_restore 5
 1673              		.cfi_restore 4
 1674              		.cfi_def_cfa_offset 12
 1675 0038 03B0     		add	sp, sp, #12
 1676              	.LCFI41:
 1677              		.cfi_restore 3
 1678              		.cfi_restore 2
 1679              		.cfi_restore 1
 1680              		.cfi_def_cfa_offset 0
 1681 003a 7047     		bx	lr
 1682              	.LVL173:
 1683              	.L109:
 1684              	.LCFI42:
 1685              		.cfi_restore_state
 254:Middlewares/LVGL/lvgl/src/widgets/span/lv_span.c ****     if(text == NULL) {
 1686              		.loc 1 254 5 is_stmt 1 view .LVU455
 254:Middlewares/LVGL/lvgl/src/widgets/span/lv_span.c ****     if(text == NULL) {
 1687              		.loc 1 254 5 view .LVU456
 254:Middlewares/LVGL/lvgl/src/widgets/span/lv_span.c ****     if(text == NULL) {
 1688              		.loc 1 254 5 view .LVU457
 254:Middlewares/LVGL/lvgl/src/widgets/span/lv_span.c ****     if(text == NULL) {
 1689              		.loc 1 254 5 view .LVU458
 254:Middlewares/LVGL/lvgl/src/widgets/span/lv_span.c ****     if(text == NULL) {
 1690              		.loc 1 254 5 view .LVU459
 1691 003c FEE7     		b	.L109
 1692              	.LVL174:
 1693              	.L112:
 263:Middlewares/LVGL/lvgl/src/widgets/span/lv_span.c ****     }
 1694              		.loc 1 263 9 view .LVU460
 1695 003e FFF7FEFF 		bl	lv_free
 1696              	.LVL175:
 1697 0042 F1E7     		b	.L110
 1698              		.cfi_endproc
 1699              	.LFE209:
 1701              		.section	.text.lv_span_set_text_static,"ax",%progbits
 1702              		.align	1
 1703              		.global	lv_span_set_text_static
 1704              		.syntax unified
 1705              		.thumb
 1706              		.thumb_func
 1708              	lv_span_set_text_static:
 1709              	.LVL176:
 1710              	.LFB211:
 278:Middlewares/LVGL/lvgl/src/widgets/span/lv_span.c ****     if(span == NULL || text == NULL) {
 1711              		.loc 1 278 1 view -0
 1712              		.cfi_startproc
 1713              		@ args = 0, pretend = 0, frame = 0
 1714              		@ frame_needed = 0, uses_anonymous_args = 0
 279:Middlewares/LVGL/lvgl/src/widgets/span/lv_span.c ****         return;
 1715              		.loc 1 279 5 view .LVU462
 279:Middlewares/LVGL/lvgl/src/widgets/span/lv_span.c ****         return;
 1716              		.loc 1 279 7 is_stmt 0 view .LVU463
 1717 0000 A0B1     		cbz	r0, .L117
 278:Middlewares/LVGL/lvgl/src/widgets/span/lv_span.c ****     if(span == NULL || text == NULL) {
 1718              		.loc 1 278 1 view .LVU464
ARM GAS  C:\Users\w1785\AppData\Local\Temp\ccRqOZjG.s 			page 87


 1719 0002 38B5     		push	{r3, r4, r5, lr}
 1720              	.LCFI43:
 1721              		.cfi_def_cfa_offset 16
 1722              		.cfi_offset 3, -16
 1723              		.cfi_offset 4, -12
 1724              		.cfi_offset 5, -8
 1725              		.cfi_offset 14, -4
 1726 0004 0C46     		mov	r4, r1
 1727 0006 0546     		mov	r5, r0
 279:Middlewares/LVGL/lvgl/src/widgets/span/lv_span.c ****         return;
 1728              		.loc 1 279 21 discriminator 1 view .LVU465
 1729 0008 51B1     		cbz	r1, .L113
 283:Middlewares/LVGL/lvgl/src/widgets/span/lv_span.c ****         lv_free(span->txt);
 1730              		.loc 1 283 5 is_stmt 1 view .LVU466
 283:Middlewares/LVGL/lvgl/src/widgets/span/lv_span.c ****         lv_free(span->txt);
 1731              		.loc 1 283 12 is_stmt 0 view .LVU467
 1732 000a 0068     		ldr	r0, [r0]
 1733              	.LVL177:
 283:Middlewares/LVGL/lvgl/src/widgets/span/lv_span.c ****         lv_free(span->txt);
 1734              		.loc 1 283 7 view .LVU468
 1735 000c 18B1     		cbz	r0, .L115
 283:Middlewares/LVGL/lvgl/src/widgets/span/lv_span.c ****         lv_free(span->txt);
 1736              		.loc 1 283 39 discriminator 1 view .LVU469
 1737 000e 2B7C     		ldrb	r3, [r5, #16]	@ zero_extendqisi2
 283:Middlewares/LVGL/lvgl/src/widgets/span/lv_span.c ****         lv_free(span->txt);
 1738              		.loc 1 283 18 discriminator 1 view .LVU470
 1739 0010 13F0010F 		tst	r3, #1
 1740 0014 05D0     		beq	.L120
 1741              	.LVL178:
 1742              	.L115:
 287:Middlewares/LVGL/lvgl/src/widgets/span/lv_span.c **** 
 1743              		.loc 1 287 5 is_stmt 1 view .LVU471
 287:Middlewares/LVGL/lvgl/src/widgets/span/lv_span.c **** 
 1744              		.loc 1 287 23 is_stmt 0 view .LVU472
 1745 0016 2B7C     		ldrb	r3, [r5, #16]	@ zero_extendqisi2
 1746 0018 43F00103 		orr	r3, r3, #1
 1747 001c 2B74     		strb	r3, [r5, #16]
 296:Middlewares/LVGL/lvgl/src/widgets/span/lv_span.c **** #endif
 1748              		.loc 1 296 5 is_stmt 1 view .LVU473
 296:Middlewares/LVGL/lvgl/src/widgets/span/lv_span.c **** #endif
 1749              		.loc 1 296 15 is_stmt 0 view .LVU474
 1750 001e 2C60     		str	r4, [r5]
 1751              	.L113:
 298:Middlewares/LVGL/lvgl/src/widgets/span/lv_span.c **** 
 1752              		.loc 1 298 1 view .LVU475
 1753 0020 38BD     		pop	{r3, r4, r5, pc}
 1754              	.LVL179:
 1755              	.L120:
 284:Middlewares/LVGL/lvgl/src/widgets/span/lv_span.c ****         span->txt = NULL;
 1756              		.loc 1 284 9 is_stmt 1 view .LVU476
 1757 0022 FFF7FEFF 		bl	lv_free
 1758              	.LVL180:
 285:Middlewares/LVGL/lvgl/src/widgets/span/lv_span.c ****     }
 1759              		.loc 1 285 9 view .LVU477
 285:Middlewares/LVGL/lvgl/src/widgets/span/lv_span.c ****     }
 1760              		.loc 1 285 19 is_stmt 0 view .LVU478
 1761 0026 0023     		movs	r3, #0
ARM GAS  C:\Users\w1785\AppData\Local\Temp\ccRqOZjG.s 			page 88


 1762 0028 2B60     		str	r3, [r5]
 1763 002a F4E7     		b	.L115
 1764              	.LVL181:
 1765              	.L117:
 1766              	.LCFI44:
 1767              		.cfi_def_cfa_offset 0
 1768              		.cfi_restore 3
 1769              		.cfi_restore 4
 1770              		.cfi_restore 5
 1771              		.cfi_restore 14
 285:Middlewares/LVGL/lvgl/src/widgets/span/lv_span.c ****     }
 1772              		.loc 1 285 19 view .LVU479
 1773 002c 7047     		bx	lr
 1774              		.cfi_endproc
 1775              	.LFE211:
 1777              		.section	.text.lv_spangroup_set_align,"ax",%progbits
 1778              		.align	1
 1779              		.global	lv_spangroup_set_align
 1780              		.syntax unified
 1781              		.thumb
 1782              		.thumb_func
 1784              	lv_spangroup_set_align:
 1785              	.LVL182:
 1786              	.LFB215:
 344:Middlewares/LVGL/lvgl/src/widgets/span/lv_span.c ****     LV_LOG_WARN("DEPRECATED. Use the text_align style property instead");
 1787              		.loc 1 344 1 is_stmt 1 view -0
 1788              		.cfi_startproc
 1789              		@ args = 0, pretend = 0, frame = 0
 1790              		@ frame_needed = 0, uses_anonymous_args = 0
 344:Middlewares/LVGL/lvgl/src/widgets/span/lv_span.c ****     LV_LOG_WARN("DEPRECATED. Use the text_align style property instead");
 1791              		.loc 1 344 1 is_stmt 0 view .LVU481
 1792 0000 08B5     		push	{r3, lr}
 1793              	.LCFI45:
 1794              		.cfi_def_cfa_offset 8
 1795              		.cfi_offset 3, -8
 1796              		.cfi_offset 14, -4
 345:Middlewares/LVGL/lvgl/src/widgets/span/lv_span.c **** 
 1797              		.loc 1 345 5 is_stmt 1 view .LVU482
 345:Middlewares/LVGL/lvgl/src/widgets/span/lv_span.c **** 
 1798              		.loc 1 345 5 view .LVU483
 345:Middlewares/LVGL/lvgl/src/widgets/span/lv_span.c **** 
 1799              		.loc 1 345 5 view .LVU484
 347:Middlewares/LVGL/lvgl/src/widgets/span/lv_span.c **** }
 1800              		.loc 1 347 5 view .LVU485
 1801 0002 0022     		movs	r2, #0
 1802 0004 FFF7FEFF 		bl	lv_obj_set_style_text_align
 1803              	.LVL183:
 348:Middlewares/LVGL/lvgl/src/widgets/span/lv_span.c **** 
 1804              		.loc 1 348 1 is_stmt 0 view .LVU486
 1805 0008 08BD     		pop	{r3, pc}
 1806              		.cfi_endproc
 1807              	.LFE215:
 1809              		.section	.text.lv_spangroup_set_overflow,"ax",%progbits
 1810              		.align	1
 1811              		.global	lv_spangroup_set_overflow
 1812              		.syntax unified
 1813              		.thumb
ARM GAS  C:\Users\w1785\AppData\Local\Temp\ccRqOZjG.s 			page 89


 1814              		.thumb_func
 1816              	lv_spangroup_set_overflow:
 1817              	.LVL184:
 1818              	.LFB216:
 351:Middlewares/LVGL/lvgl/src/widgets/span/lv_span.c ****     LV_ASSERT_OBJ(obj, MY_CLASS);
 1819              		.loc 1 351 1 is_stmt 1 view -0
 1820              		.cfi_startproc
 1821              		@ args = 0, pretend = 0, frame = 0
 1822              		@ frame_needed = 0, uses_anonymous_args = 0
 352:Middlewares/LVGL/lvgl/src/widgets/span/lv_span.c ****     lv_spangroup_t * spans = (lv_spangroup_t *)obj;
 1823              		.loc 1 352 5 view .LVU488
 352:Middlewares/LVGL/lvgl/src/widgets/span/lv_span.c ****     lv_spangroup_t * spans = (lv_spangroup_t *)obj;
 1824              		.loc 1 352 5 view .LVU489
 1825 0000 48B1     		cbz	r0, .L125
 351:Middlewares/LVGL/lvgl/src/widgets/span/lv_span.c ****     LV_ASSERT_OBJ(obj, MY_CLASS);
 1826              		.loc 1 351 1 is_stmt 0 view .LVU490
 1827 0002 08B5     		push	{r3, lr}
 1828              	.LCFI46:
 1829              		.cfi_def_cfa_offset 8
 1830              		.cfi_offset 3, -8
 1831              		.cfi_offset 14, -4
 352:Middlewares/LVGL/lvgl/src/widgets/span/lv_span.c ****     lv_spangroup_t * spans = (lv_spangroup_t *)obj;
 1832              		.loc 1 352 5 is_stmt 1 view .LVU491
 352:Middlewares/LVGL/lvgl/src/widgets/span/lv_span.c ****     lv_spangroup_t * spans = (lv_spangroup_t *)obj;
 1833              		.loc 1 352 33 view .LVU492
 353:Middlewares/LVGL/lvgl/src/widgets/span/lv_span.c ****     if(spans->overflow == overflow) return;
 1834              		.loc 1 353 5 view .LVU493
 1835              	.LVL185:
 354:Middlewares/LVGL/lvgl/src/widgets/span/lv_span.c ****     if(overflow >= LV_SPAN_OVERFLOW_LAST) return;
 1836              		.loc 1 354 5 view .LVU494
 354:Middlewares/LVGL/lvgl/src/widgets/span/lv_span.c ****     if(overflow >= LV_SPAN_OVERFLOW_LAST) return;
 1837              		.loc 1 354 13 is_stmt 0 view .LVU495
 1838 0004 90F84C30 		ldrb	r3, [r0, #76]	@ zero_extendqisi2
 1839 0008 03F00103 		and	r3, r3, #1
 354:Middlewares/LVGL/lvgl/src/widgets/span/lv_span.c ****     if(overflow >= LV_SPAN_OVERFLOW_LAST) return;
 1840              		.loc 1 354 7 view .LVU496
 1841 000c 8B42     		cmp	r3, r1
 1842 000e 01D0     		beq	.L123
 355:Middlewares/LVGL/lvgl/src/widgets/span/lv_span.c ****     spans->overflow = overflow;
 1843              		.loc 1 355 5 is_stmt 1 view .LVU497
 355:Middlewares/LVGL/lvgl/src/widgets/span/lv_span.c ****     spans->overflow = overflow;
 1844              		.loc 1 355 7 is_stmt 0 view .LVU498
 1845 0010 0129     		cmp	r1, #1
 1846 0012 01D9     		bls	.L129
 1847              	.LVL186:
 1848              	.L123:
 358:Middlewares/LVGL/lvgl/src/widgets/span/lv_span.c **** 
 1849              		.loc 1 358 1 view .LVU499
 1850 0014 08BD     		pop	{r3, pc}
 1851              	.LVL187:
 1852              	.L125:
 1853              	.LCFI47:
 1854              		.cfi_def_cfa_offset 0
 1855              		.cfi_restore 3
 1856              		.cfi_restore 14
 352:Middlewares/LVGL/lvgl/src/widgets/span/lv_span.c ****     lv_spangroup_t * spans = (lv_spangroup_t *)obj;
 1857              		.loc 1 352 5 is_stmt 1 view .LVU500
ARM GAS  C:\Users\w1785\AppData\Local\Temp\ccRqOZjG.s 			page 90


 352:Middlewares/LVGL/lvgl/src/widgets/span/lv_span.c ****     lv_spangroup_t * spans = (lv_spangroup_t *)obj;
 1858              		.loc 1 352 5 view .LVU501
 352:Middlewares/LVGL/lvgl/src/widgets/span/lv_span.c ****     lv_spangroup_t * spans = (lv_spangroup_t *)obj;
 1859              		.loc 1 352 5 view .LVU502
 352:Middlewares/LVGL/lvgl/src/widgets/span/lv_span.c ****     lv_spangroup_t * spans = (lv_spangroup_t *)obj;
 1860              		.loc 1 352 5 view .LVU503
 352:Middlewares/LVGL/lvgl/src/widgets/span/lv_span.c ****     lv_spangroup_t * spans = (lv_spangroup_t *)obj;
 1861              		.loc 1 352 5 view .LVU504
 1862 0016 FEE7     		b	.L125
 1863              	.LVL188:
 1864              	.L129:
 1865              	.LCFI48:
 1866              		.cfi_def_cfa_offset 8
 1867              		.cfi_offset 3, -8
 1868              		.cfi_offset 14, -4
 356:Middlewares/LVGL/lvgl/src/widgets/span/lv_span.c ****     lv_obj_invalidate(obj);
 1869              		.loc 1 356 5 view .LVU505
 356:Middlewares/LVGL/lvgl/src/widgets/span/lv_span.c ****     lv_obj_invalidate(obj);
 1870              		.loc 1 356 21 is_stmt 0 view .LVU506
 1871 0018 90F84C30 		ldrb	r3, [r0, #76]	@ zero_extendqisi2
 1872 001c 61F30003 		bfi	r3, r1, #0, #1
 1873 0020 80F84C30 		strb	r3, [r0, #76]
 357:Middlewares/LVGL/lvgl/src/widgets/span/lv_span.c **** }
 1874              		.loc 1 357 5 is_stmt 1 view .LVU507
 1875 0024 FFF7FEFF 		bl	lv_obj_invalidate
 1876              	.LVL189:
 357:Middlewares/LVGL/lvgl/src/widgets/span/lv_span.c **** }
 1877              		.loc 1 357 5 is_stmt 0 view .LVU508
 1878 0028 F4E7     		b	.L123
 1879              		.cfi_endproc
 1880              	.LFE216:
 1882              		.section	.text.lv_span_get_style,"ax",%progbits
 1883              		.align	1
 1884              		.global	lv_span_get_style
 1885              		.syntax unified
 1886              		.thumb
 1887              		.thumb_func
 1889              	lv_span_get_style:
 1890              	.LVL190:
 1891              	.LFB220:
 416:Middlewares/LVGL/lvgl/src/widgets/span/lv_span.c ****     return &span->style;
 1892              		.loc 1 416 1 is_stmt 1 view -0
 1893              		.cfi_startproc
 1894              		@ args = 0, pretend = 0, frame = 0
 1895              		@ frame_needed = 0, uses_anonymous_args = 0
 1896              		@ link register save eliminated.
 417:Middlewares/LVGL/lvgl/src/widgets/span/lv_span.c **** }
 1897              		.loc 1 417 5 view .LVU510
 418:Middlewares/LVGL/lvgl/src/widgets/span/lv_span.c **** 
 1898              		.loc 1 418 1 is_stmt 0 view .LVU511
 1899 0000 0430     		adds	r0, r0, #4
 1900              	.LVL191:
 418:Middlewares/LVGL/lvgl/src/widgets/span/lv_span.c **** 
 1901              		.loc 1 418 1 view .LVU512
 1902 0002 7047     		bx	lr
 1903              		.cfi_endproc
 1904              	.LFE220:
ARM GAS  C:\Users\w1785\AppData\Local\Temp\ccRqOZjG.s 			page 91


 1906              		.section	.text.lv_span_get_text,"ax",%progbits
 1907              		.align	1
 1908              		.global	lv_span_get_text
 1909              		.syntax unified
 1910              		.thumb
 1911              		.thumb_func
 1913              	lv_span_get_text:
 1914              	.LVL192:
 1915              	.LFB221:
 421:Middlewares/LVGL/lvgl/src/widgets/span/lv_span.c ****     return span->txt;
 1916              		.loc 1 421 1 is_stmt 1 view -0
 1917              		.cfi_startproc
 1918              		@ args = 0, pretend = 0, frame = 0
 1919              		@ frame_needed = 0, uses_anonymous_args = 0
 1920              		@ link register save eliminated.
 422:Middlewares/LVGL/lvgl/src/widgets/span/lv_span.c **** }
 1921              		.loc 1 422 5 view .LVU514
 423:Middlewares/LVGL/lvgl/src/widgets/span/lv_span.c **** 
 1922              		.loc 1 423 1 is_stmt 0 view .LVU515
 1923 0000 0068     		ldr	r0, [r0]
 1924              	.LVL193:
 423:Middlewares/LVGL/lvgl/src/widgets/span/lv_span.c **** 
 1925              		.loc 1 423 1 view .LVU516
 1926 0002 7047     		bx	lr
 1927              		.cfi_endproc
 1928              	.LFE221:
 1930              		.section	.text.lv_spangroup_get_child,"ax",%progbits
 1931              		.align	1
 1932              		.global	lv_spangroup_get_child
 1933              		.syntax unified
 1934              		.thumb
 1935              		.thumb_func
 1937              	lv_spangroup_get_child:
 1938              	.LVL194:
 1939              	.LFB222:
 426:Middlewares/LVGL/lvgl/src/widgets/span/lv_span.c ****     if(obj == NULL) {
 1940              		.loc 1 426 1 is_stmt 1 view -0
 1941              		.cfi_startproc
 1942              		@ args = 0, pretend = 0, frame = 0
 1943              		@ frame_needed = 0, uses_anonymous_args = 0
 427:Middlewares/LVGL/lvgl/src/widgets/span/lv_span.c ****         return NULL;
 1944              		.loc 1 427 5 view .LVU518
 427:Middlewares/LVGL/lvgl/src/widgets/span/lv_span.c ****         return NULL;
 1945              		.loc 1 427 7 is_stmt 0 view .LVU519
 1946 0000 E0B1     		cbz	r0, .L139
 426:Middlewares/LVGL/lvgl/src/widgets/span/lv_span.c ****     if(obj == NULL) {
 1947              		.loc 1 426 1 view .LVU520
 1948 0002 70B5     		push	{r4, r5, r6, lr}
 1949              	.LCFI49:
 1950              		.cfi_def_cfa_offset 16
 1951              		.cfi_offset 4, -16
 1952              		.cfi_offset 5, -12
 1953              		.cfi_offset 6, -8
 1954              		.cfi_offset 14, -4
 1955 0004 0D46     		mov	r5, r1
 431:Middlewares/LVGL/lvgl/src/widgets/span/lv_span.c ****     lv_spangroup_t * spans = (lv_spangroup_t *)obj;
 1956              		.loc 1 431 5 is_stmt 1 view .LVU521
ARM GAS  C:\Users\w1785\AppData\Local\Temp\ccRqOZjG.s 			page 92


 431:Middlewares/LVGL/lvgl/src/widgets/span/lv_span.c ****     lv_spangroup_t * spans = (lv_spangroup_t *)obj;
 1957              		.loc 1 431 5 view .LVU522
 431:Middlewares/LVGL/lvgl/src/widgets/span/lv_span.c ****     lv_spangroup_t * spans = (lv_spangroup_t *)obj;
 1958              		.loc 1 431 5 view .LVU523
 431:Middlewares/LVGL/lvgl/src/widgets/span/lv_span.c ****     lv_spangroup_t * spans = (lv_spangroup_t *)obj;
 1959              		.loc 1 431 33 view .LVU524
 432:Middlewares/LVGL/lvgl/src/widgets/span/lv_span.c ****     lv_ll_t * linked_list = &spans->child_ll;
 1960              		.loc 1 432 5 view .LVU525
 1961              	.LVL195:
 433:Middlewares/LVGL/lvgl/src/widgets/span/lv_span.c **** 
 1962              		.loc 1 433 5 view .LVU526
 433:Middlewares/LVGL/lvgl/src/widgets/span/lv_span.c **** 
 1963              		.loc 1 433 15 is_stmt 0 view .LVU527
 1964 0006 00F14006 		add	r6, r0, #64
 1965              	.LVL196:
 435:Middlewares/LVGL/lvgl/src/widgets/span/lv_span.c ****     int32_t cur_idx = 0;
 1966              		.loc 1 435 5 is_stmt 1 view .LVU528
 436:Middlewares/LVGL/lvgl/src/widgets/span/lv_span.c ****     lv_ll_node_t * cur_node = linked_list->head;
 1967              		.loc 1 436 5 view .LVU529
 437:Middlewares/LVGL/lvgl/src/widgets/span/lv_span.c **** 
 1968              		.loc 1 437 5 view .LVU530
 437:Middlewares/LVGL/lvgl/src/widgets/span/lv_span.c **** 
 1969              		.loc 1 437 20 is_stmt 0 view .LVU531
 1970 000a 416C     		ldr	r1, [r0, #68]
 1971              	.LVL197:
 440:Middlewares/LVGL/lvgl/src/widgets/span/lv_span.c ****         cur_idx = -1;
 1972              		.loc 1 440 5 is_stmt 1 view .LVU532
 440:Middlewares/LVGL/lvgl/src/widgets/span/lv_span.c ****         cur_idx = -1;
 1973              		.loc 1 440 7 is_stmt 0 view .LVU533
 1974 000c 002D     		cmp	r5, #0
 1975 000e 01DB     		blt	.L145
 436:Middlewares/LVGL/lvgl/src/widgets/span/lv_span.c ****     lv_ll_node_t * cur_node = linked_list->head;
 1976              		.loc 1 436 13 view .LVU534
 1977 0010 0024     		movs	r4, #0
 1978 0012 08E0     		b	.L137
 1979              	.L145:
 441:Middlewares/LVGL/lvgl/src/widgets/span/lv_span.c ****         cur_node = linked_list->tail;
 1980              		.loc 1 441 9 is_stmt 1 view .LVU535
 1981              	.LVL198:
 442:Middlewares/LVGL/lvgl/src/widgets/span/lv_span.c ****     }
 1982              		.loc 1 442 9 view .LVU536
 442:Middlewares/LVGL/lvgl/src/widgets/span/lv_span.c ****     }
 1983              		.loc 1 442 18 is_stmt 0 view .LVU537
 1984 0014 816C     		ldr	r1, [r0, #72]
 1985              	.LVL199:
 441:Middlewares/LVGL/lvgl/src/widgets/span/lv_span.c ****         cur_node = linked_list->tail;
 1986              		.loc 1 441 17 view .LVU538
 1987 0016 4FF0FF34 		mov	r4, #-1
 1988 001a 04E0     		b	.L137
 1989              	.LVL200:
 1990              	.L135:
 454:Middlewares/LVGL/lvgl/src/widgets/span/lv_span.c ****             cur_idx--;
 1991              		.loc 1 454 13 is_stmt 1 view .LVU539
 454:Middlewares/LVGL/lvgl/src/widgets/span/lv_span.c ****             cur_idx--;
 1992              		.loc 1 454 41 is_stmt 0 view .LVU540
 1993 001c 3046     		mov	r0, r6
 1994 001e FFF7FEFF 		bl	lv_ll_get_prev
ARM GAS  C:\Users\w1785\AppData\Local\Temp\ccRqOZjG.s 			page 93


 1995              	.LVL201:
 454:Middlewares/LVGL/lvgl/src/widgets/span/lv_span.c ****             cur_idx--;
 1996              		.loc 1 454 41 view .LVU541
 1997 0022 0146     		mov	r1, r0
 1998              	.LVL202:
 455:Middlewares/LVGL/lvgl/src/widgets/span/lv_span.c ****         }
 1999              		.loc 1 455 13 is_stmt 1 view .LVU542
 455:Middlewares/LVGL/lvgl/src/widgets/span/lv_span.c ****         }
 2000              		.loc 1 455 20 is_stmt 0 view .LVU543
 2001 0024 013C     		subs	r4, r4, #1
 2002              	.LVL203:
 2003              	.L137:
 445:Middlewares/LVGL/lvgl/src/widgets/span/lv_span.c ****         if(cur_idx == id) {
 2004              		.loc 1 445 20 is_stmt 1 view .LVU544
 2005 0026 51B1     		cbz	r1, .L132
 446:Middlewares/LVGL/lvgl/src/widgets/span/lv_span.c ****             return (lv_span_t *) cur_node;
 2006              		.loc 1 446 9 view .LVU545
 446:Middlewares/LVGL/lvgl/src/widgets/span/lv_span.c ****             return (lv_span_t *) cur_node;
 2007              		.loc 1 446 11 is_stmt 0 view .LVU546
 2008 0028 AC42     		cmp	r4, r5
 2009 002a 08D0     		beq	.L132
 449:Middlewares/LVGL/lvgl/src/widgets/span/lv_span.c ****             cur_node = (lv_ll_node_t *) lv_ll_get_next(linked_list, cur_node);
 2010              		.loc 1 449 9 is_stmt 1 view .LVU547
 449:Middlewares/LVGL/lvgl/src/widgets/span/lv_span.c ****             cur_node = (lv_ll_node_t *) lv_ll_get_next(linked_list, cur_node);
 2011              		.loc 1 449 11 is_stmt 0 view .LVU548
 2012 002c 002D     		cmp	r5, #0
 2013 002e F5DB     		blt	.L135
 450:Middlewares/LVGL/lvgl/src/widgets/span/lv_span.c ****             cur_idx++;
 2014              		.loc 1 450 13 is_stmt 1 view .LVU549
 450:Middlewares/LVGL/lvgl/src/widgets/span/lv_span.c ****             cur_idx++;
 2015              		.loc 1 450 41 is_stmt 0 view .LVU550
 2016 0030 3046     		mov	r0, r6
 2017 0032 FFF7FEFF 		bl	lv_ll_get_next
 2018              	.LVL204:
 450:Middlewares/LVGL/lvgl/src/widgets/span/lv_span.c ****             cur_idx++;
 2019              		.loc 1 450 41 view .LVU551
 2020 0036 0146     		mov	r1, r0
 2021              	.LVL205:
 451:Middlewares/LVGL/lvgl/src/widgets/span/lv_span.c ****         }
 2022              		.loc 1 451 13 is_stmt 1 view .LVU552
 451:Middlewares/LVGL/lvgl/src/widgets/span/lv_span.c ****         }
 2023              		.loc 1 451 20 is_stmt 0 view .LVU553
 2024 0038 0134     		adds	r4, r4, #1
 2025              	.LVL206:
 451:Middlewares/LVGL/lvgl/src/widgets/span/lv_span.c ****         }
 2026              		.loc 1 451 20 view .LVU554
 2027 003a F4E7     		b	.L137
 2028              	.LVL207:
 2029              	.L139:
 2030              	.LCFI50:
 2031              		.cfi_def_cfa_offset 0
 2032              		.cfi_restore 4
 2033              		.cfi_restore 5
 2034              		.cfi_restore 6
 2035              		.cfi_restore 14
 460:Middlewares/LVGL/lvgl/src/widgets/span/lv_span.c **** 
 2036              		.loc 1 460 1 view .LVU555
ARM GAS  C:\Users\w1785\AppData\Local\Temp\ccRqOZjG.s 			page 94


 2037 003c 7047     		bx	lr
 2038              	.LVL208:
 2039              	.L132:
 2040              	.LCFI51:
 2041              		.cfi_def_cfa_offset 16
 2042              		.cfi_offset 4, -16
 2043              		.cfi_offset 5, -12
 2044              		.cfi_offset 6, -8
 2045              		.cfi_offset 14, -4
 460:Middlewares/LVGL/lvgl/src/widgets/span/lv_span.c **** 
 2046              		.loc 1 460 1 view .LVU556
 2047 003e 0846     		mov	r0, r1
 2048 0040 70BD     		pop	{r4, r5, r6, pc}
 460:Middlewares/LVGL/lvgl/src/widgets/span/lv_span.c **** 
 2049              		.loc 1 460 1 view .LVU557
 2050              		.cfi_endproc
 2051              	.LFE222:
 2053              		.section	.text.lv_spangroup_get_span_count,"ax",%progbits
 2054              		.align	1
 2055              		.global	lv_spangroup_get_span_count
 2056              		.syntax unified
 2057              		.thumb
 2058              		.thumb_func
 2060              	lv_spangroup_get_span_count:
 2061              	.LVL209:
 2062              	.LFB223:
 463:Middlewares/LVGL/lvgl/src/widgets/span/lv_span.c ****     LV_ASSERT_OBJ(obj, MY_CLASS);
 2063              		.loc 1 463 1 is_stmt 1 view -0
 2064              		.cfi_startproc
 2065              		@ args = 0, pretend = 0, frame = 0
 2066              		@ frame_needed = 0, uses_anonymous_args = 0
 464:Middlewares/LVGL/lvgl/src/widgets/span/lv_span.c **** 
 2067              		.loc 1 464 5 view .LVU559
 464:Middlewares/LVGL/lvgl/src/widgets/span/lv_span.c **** 
 2068              		.loc 1 464 5 view .LVU560
 2069 0000 20B1     		cbz	r0, .L148
 463:Middlewares/LVGL/lvgl/src/widgets/span/lv_span.c ****     LV_ASSERT_OBJ(obj, MY_CLASS);
 2070              		.loc 1 463 1 is_stmt 0 view .LVU561
 2071 0002 08B5     		push	{r3, lr}
 2072              	.LCFI52:
 2073              		.cfi_def_cfa_offset 8
 2074              		.cfi_offset 3, -8
 2075              		.cfi_offset 14, -4
 464:Middlewares/LVGL/lvgl/src/widgets/span/lv_span.c **** 
 2076              		.loc 1 464 5 is_stmt 1 view .LVU562
 464:Middlewares/LVGL/lvgl/src/widgets/span/lv_span.c **** 
 2077              		.loc 1 464 33 view .LVU563
 466:Middlewares/LVGL/lvgl/src/widgets/span/lv_span.c ****         return 0;
 2078              		.loc 1 466 5 view .LVU564
 470:Middlewares/LVGL/lvgl/src/widgets/span/lv_span.c ****     lv_spangroup_t * spans = (lv_spangroup_t *)obj;
 2079              		.loc 1 470 5 view .LVU565
 470:Middlewares/LVGL/lvgl/src/widgets/span/lv_span.c ****     lv_spangroup_t * spans = (lv_spangroup_t *)obj;
 2080              		.loc 1 470 5 view .LVU566
 470:Middlewares/LVGL/lvgl/src/widgets/span/lv_span.c ****     lv_spangroup_t * spans = (lv_spangroup_t *)obj;
 2081              		.loc 1 470 5 view .LVU567
 470:Middlewares/LVGL/lvgl/src/widgets/span/lv_span.c ****     lv_spangroup_t * spans = (lv_spangroup_t *)obj;
 2082              		.loc 1 470 33 view .LVU568
ARM GAS  C:\Users\w1785\AppData\Local\Temp\ccRqOZjG.s 			page 95


 471:Middlewares/LVGL/lvgl/src/widgets/span/lv_span.c ****     return lv_ll_get_len(&(spans->child_ll));
 2083              		.loc 1 471 5 view .LVU569
 2084              	.LVL210:
 472:Middlewares/LVGL/lvgl/src/widgets/span/lv_span.c **** }
 2085              		.loc 1 472 5 view .LVU570
 472:Middlewares/LVGL/lvgl/src/widgets/span/lv_span.c **** }
 2086              		.loc 1 472 12 is_stmt 0 view .LVU571
 2087 0004 4030     		adds	r0, r0, #64
 2088              	.LVL211:
 472:Middlewares/LVGL/lvgl/src/widgets/span/lv_span.c **** }
 2089              		.loc 1 472 12 view .LVU572
 2090 0006 FFF7FEFF 		bl	lv_ll_get_len
 2091              	.LVL212:
 473:Middlewares/LVGL/lvgl/src/widgets/span/lv_span.c **** 
 2092              		.loc 1 473 1 view .LVU573
 2093 000a 08BD     		pop	{r3, pc}
 2094              	.LVL213:
 2095              	.L148:
 2096              	.LCFI53:
 2097              		.cfi_def_cfa_offset 0
 2098              		.cfi_restore 3
 2099              		.cfi_restore 14
 464:Middlewares/LVGL/lvgl/src/widgets/span/lv_span.c **** 
 2100              		.loc 1 464 5 is_stmt 1 view .LVU574
 464:Middlewares/LVGL/lvgl/src/widgets/span/lv_span.c **** 
 2101              		.loc 1 464 5 view .LVU575
 464:Middlewares/LVGL/lvgl/src/widgets/span/lv_span.c **** 
 2102              		.loc 1 464 5 view .LVU576
 464:Middlewares/LVGL/lvgl/src/widgets/span/lv_span.c **** 
 2103              		.loc 1 464 5 view .LVU577
 464:Middlewares/LVGL/lvgl/src/widgets/span/lv_span.c **** 
 2104              		.loc 1 464 5 view .LVU578
 2105 000c FEE7     		b	.L148
 2106              		.cfi_endproc
 2107              	.LFE223:
 2109              		.section	.text.lv_spangroup_get_align,"ax",%progbits
 2110              		.align	1
 2111              		.global	lv_spangroup_get_align
 2112              		.syntax unified
 2113              		.thumb
 2114              		.thumb_func
 2116              	lv_spangroup_get_align:
 2117              	.LVL214:
 2118              	.LFB224:
 476:Middlewares/LVGL/lvgl/src/widgets/span/lv_span.c ****     return lv_obj_get_style_text_align(obj, LV_PART_MAIN);
 2119              		.loc 1 476 1 view -0
 2120              		.cfi_startproc
 2121              		@ args = 0, pretend = 0, frame = 8
 2122              		@ frame_needed = 0, uses_anonymous_args = 0
 476:Middlewares/LVGL/lvgl/src/widgets/span/lv_span.c ****     return lv_obj_get_style_text_align(obj, LV_PART_MAIN);
 2123              		.loc 1 476 1 is_stmt 0 view .LVU580
 2124 0000 00B5     		push	{lr}
 2125              	.LCFI54:
 2126              		.cfi_def_cfa_offset 4
 2127              		.cfi_offset 14, -4
 2128 0002 83B0     		sub	sp, sp, #12
 2129              	.LCFI55:
ARM GAS  C:\Users\w1785\AppData\Local\Temp\ccRqOZjG.s 			page 96


 2130              		.cfi_def_cfa_offset 16
 477:Middlewares/LVGL/lvgl/src/widgets/span/lv_span.c **** }
 2131              		.loc 1 477 5 is_stmt 1 view .LVU581
 2132              	.LVL215:
 2133              	.LBB92:
 2134              	.LBI92:
1199:Middlewares/LVGL/lvgl/src/widgets/span/../../core/lv_obj_style_gen.h **** }
1200:Middlewares/LVGL/lvgl/src/widgets/span/../../core/lv_obj_style_gen.h **** 
1201:Middlewares/LVGL/lvgl/src/widgets/span/../../core/lv_obj_style_gen.h **** /**
1202:Middlewares/LVGL/lvgl/src/widgets/span/../../core/lv_obj_style_gen.h ****  * Get how to align the lines of the text. Note that it doesn't align the Widget
1203:Middlewares/LVGL/lvgl/src/widgets/span/../../core/lv_obj_style_gen.h ****  * itself, only the lines inside the Widget. Possible values are
1204:Middlewares/LVGL/lvgl/src/widgets/span/../../core/lv_obj_style_gen.h ****  * `LV_TEXT_ALIGN_LEFT/CENTER/RIGHT/AUTO`. `LV_TEXT_ALIGN_AUTO` detect the text base
1205:Middlewares/LVGL/lvgl/src/widgets/span/../../core/lv_obj_style_gen.h ****  * direction and uses left or right alignment accordingly.
1206:Middlewares/LVGL/lvgl/src/widgets/span/../../core/lv_obj_style_gen.h ****  * Default: `LV_TEXT_ALIGN_AUTO`, inherited: Yes, layout: Yes, ext. draw: No.
1207:Middlewares/LVGL/lvgl/src/widgets/span/../../core/lv_obj_style_gen.h ****  * @param  obj    Pointer to Widget
1208:Middlewares/LVGL/lvgl/src/widgets/span/../../core/lv_obj_style_gen.h ****  * @param  part   One of the `LV_PART_...` enum values
1209:Middlewares/LVGL/lvgl/src/widgets/span/../../core/lv_obj_style_gen.h ****  */
1210:Middlewares/LVGL/lvgl/src/widgets/span/../../core/lv_obj_style_gen.h **** static inline lv_text_align_t lv_obj_get_style_text_align(const lv_obj_t * obj, lv_part_t part)
 2135              		.loc 3 1210 31 view .LVU582
 2136              	.LBB93:
1211:Middlewares/LVGL/lvgl/src/widgets/span/../../core/lv_obj_style_gen.h **** {
1212:Middlewares/LVGL/lvgl/src/widgets/span/../../core/lv_obj_style_gen.h ****     lv_style_value_t v = lv_obj_get_style_prop(obj, part, LV_STYLE_TEXT_ALIGN);
 2137              		.loc 3 1212 5 view .LVU583
 2138              		.loc 3 1212 26 is_stmt 0 view .LVU584
 2139 0004 6522     		movs	r2, #101
 2140 0006 0021     		movs	r1, #0
 2141 0008 FFF7FEFF 		bl	lv_obj_get_style_prop
 2142              	.LVL216:
 2143              		.loc 3 1212 26 view .LVU585
 2144 000c 0190     		str	r0, [sp, #4]
1213:Middlewares/LVGL/lvgl/src/widgets/span/../../core/lv_obj_style_gen.h ****     return (lv_text_align_t)v.num;
 2145              		.loc 3 1213 5 is_stmt 1 view .LVU586
 2146              	.LVL217:
 2147              		.loc 3 1213 5 is_stmt 0 view .LVU587
 2148              	.LBE93:
 2149              	.LBE92:
 478:Middlewares/LVGL/lvgl/src/widgets/span/lv_span.c **** 
 2150              		.loc 1 478 1 view .LVU588
 2151 000e C0B2     		uxtb	r0, r0
 2152 0010 03B0     		add	sp, sp, #12
 2153              	.LCFI56:
 2154              		.cfi_def_cfa_offset 4
 2155              		@ sp needed
 2156 0012 00BD     		pop	{pc}
 2157              		.cfi_endproc
 2158              	.LFE224:
 2160              		.section	.text.lv_spangroup_get_overflow,"ax",%progbits
 2161              		.align	1
 2162              		.global	lv_spangroup_get_overflow
 2163              		.syntax unified
 2164              		.thumb
 2165              		.thumb_func
 2167              	lv_spangroup_get_overflow:
 2168              	.LVL218:
 2169              	.LFB225:
 481:Middlewares/LVGL/lvgl/src/widgets/span/lv_span.c ****     LV_ASSERT_OBJ(obj, MY_CLASS);
 2170              		.loc 1 481 1 is_stmt 1 view -0
ARM GAS  C:\Users\w1785\AppData\Local\Temp\ccRqOZjG.s 			page 97


 2171              		.cfi_startproc
 2172              		@ args = 0, pretend = 0, frame = 0
 2173              		@ frame_needed = 0, uses_anonymous_args = 0
 2174              		@ link register save eliminated.
 482:Middlewares/LVGL/lvgl/src/widgets/span/lv_span.c ****     lv_spangroup_t * spans = (lv_spangroup_t *)obj;
 2175              		.loc 1 482 5 view .LVU590
 482:Middlewares/LVGL/lvgl/src/widgets/span/lv_span.c ****     lv_spangroup_t * spans = (lv_spangroup_t *)obj;
 2176              		.loc 1 482 5 view .LVU591
 2177 0000 20B1     		cbz	r0, .L155
 482:Middlewares/LVGL/lvgl/src/widgets/span/lv_span.c ****     lv_spangroup_t * spans = (lv_spangroup_t *)obj;
 2178              		.loc 1 482 5 view .LVU592
 482:Middlewares/LVGL/lvgl/src/widgets/span/lv_span.c ****     lv_spangroup_t * spans = (lv_spangroup_t *)obj;
 2179              		.loc 1 482 33 view .LVU593
 483:Middlewares/LVGL/lvgl/src/widgets/span/lv_span.c ****     return spans->overflow;
 2180              		.loc 1 483 5 view .LVU594
 2181              	.LVL219:
 484:Middlewares/LVGL/lvgl/src/widgets/span/lv_span.c **** }
 2182              		.loc 1 484 5 view .LVU595
 484:Middlewares/LVGL/lvgl/src/widgets/span/lv_span.c **** }
 2183              		.loc 1 484 17 is_stmt 0 view .LVU596
 2184 0002 90F84C00 		ldrb	r0, [r0, #76]	@ zero_extendqisi2
 2185              	.LVL220:
 485:Middlewares/LVGL/lvgl/src/widgets/span/lv_span.c **** 
 2186              		.loc 1 485 1 view .LVU597
 2187 0006 00F00100 		and	r0, r0, #1
 2188 000a 7047     		bx	lr
 2189              	.LVL221:
 2190              	.L155:
 482:Middlewares/LVGL/lvgl/src/widgets/span/lv_span.c ****     lv_spangroup_t * spans = (lv_spangroup_t *)obj;
 2191              		.loc 1 482 5 is_stmt 1 view .LVU598
 482:Middlewares/LVGL/lvgl/src/widgets/span/lv_span.c ****     lv_spangroup_t * spans = (lv_spangroup_t *)obj;
 2192              		.loc 1 482 5 view .LVU599
 482:Middlewares/LVGL/lvgl/src/widgets/span/lv_span.c ****     lv_spangroup_t * spans = (lv_spangroup_t *)obj;
 2193              		.loc 1 482 5 view .LVU600
 482:Middlewares/LVGL/lvgl/src/widgets/span/lv_span.c ****     lv_spangroup_t * spans = (lv_spangroup_t *)obj;
 2194              		.loc 1 482 5 view .LVU601
 482:Middlewares/LVGL/lvgl/src/widgets/span/lv_span.c ****     lv_spangroup_t * spans = (lv_spangroup_t *)obj;
 2195              		.loc 1 482 5 view .LVU602
 2196 000c FEE7     		b	.L155
 2197              		.cfi_endproc
 2198              	.LFE225:
 2200              		.section	.text.lv_spangroup_get_indent,"ax",%progbits
 2201              		.align	1
 2202              		.global	lv_spangroup_get_indent
 2203              		.syntax unified
 2204              		.thumb
 2205              		.thumb_func
 2207              	lv_spangroup_get_indent:
 2208              	.LVL222:
 2209              	.LFB226:
 488:Middlewares/LVGL/lvgl/src/widgets/span/lv_span.c ****     LV_ASSERT_OBJ(obj, MY_CLASS);
 2210              		.loc 1 488 1 view -0
 2211              		.cfi_startproc
 2212              		@ args = 0, pretend = 0, frame = 0
 2213              		@ frame_needed = 0, uses_anonymous_args = 0
 2214              		@ link register save eliminated.
 489:Middlewares/LVGL/lvgl/src/widgets/span/lv_span.c ****     lv_spangroup_t * spans = (lv_spangroup_t *)obj;
ARM GAS  C:\Users\w1785\AppData\Local\Temp\ccRqOZjG.s 			page 98


 2215              		.loc 1 489 5 view .LVU604
 489:Middlewares/LVGL/lvgl/src/widgets/span/lv_span.c ****     lv_spangroup_t * spans = (lv_spangroup_t *)obj;
 2216              		.loc 1 489 5 view .LVU605
 2217 0000 08B1     		cbz	r0, .L158
 489:Middlewares/LVGL/lvgl/src/widgets/span/lv_span.c ****     lv_spangroup_t * spans = (lv_spangroup_t *)obj;
 2218              		.loc 1 489 5 view .LVU606
 489:Middlewares/LVGL/lvgl/src/widgets/span/lv_span.c ****     lv_spangroup_t * spans = (lv_spangroup_t *)obj;
 2219              		.loc 1 489 33 view .LVU607
 490:Middlewares/LVGL/lvgl/src/widgets/span/lv_span.c ****     return spans->indent;
 2220              		.loc 1 490 5 view .LVU608
 2221              	.LVL223:
 491:Middlewares/LVGL/lvgl/src/widgets/span/lv_span.c **** }
 2222              		.loc 1 491 5 view .LVU609
 492:Middlewares/LVGL/lvgl/src/widgets/span/lv_span.c **** 
 2223              		.loc 1 492 1 is_stmt 0 view .LVU610
 2224 0002 406B     		ldr	r0, [r0, #52]
 2225              	.LVL224:
 492:Middlewares/LVGL/lvgl/src/widgets/span/lv_span.c **** 
 2226              		.loc 1 492 1 view .LVU611
 2227 0004 7047     		bx	lr
 2228              	.LVL225:
 2229              	.L158:
 489:Middlewares/LVGL/lvgl/src/widgets/span/lv_span.c ****     lv_spangroup_t * spans = (lv_spangroup_t *)obj;
 2230              		.loc 1 489 5 is_stmt 1 view .LVU612
 489:Middlewares/LVGL/lvgl/src/widgets/span/lv_span.c ****     lv_spangroup_t * spans = (lv_spangroup_t *)obj;
 2231              		.loc 1 489 5 view .LVU613
 489:Middlewares/LVGL/lvgl/src/widgets/span/lv_span.c ****     lv_spangroup_t * spans = (lv_spangroup_t *)obj;
 2232              		.loc 1 489 5 view .LVU614
 489:Middlewares/LVGL/lvgl/src/widgets/span/lv_span.c ****     lv_spangroup_t * spans = (lv_spangroup_t *)obj;
 2233              		.loc 1 489 5 view .LVU615
 489:Middlewares/LVGL/lvgl/src/widgets/span/lv_span.c ****     lv_spangroup_t * spans = (lv_spangroup_t *)obj;
 2234              		.loc 1 489 5 view .LVU616
 2235 0006 FEE7     		b	.L158
 2236              		.cfi_endproc
 2237              	.LFE226:
 2239              		.section	.text.lv_spangroup_get_mode,"ax",%progbits
 2240              		.align	1
 2241              		.global	lv_spangroup_get_mode
 2242              		.syntax unified
 2243              		.thumb
 2244              		.thumb_func
 2246              	lv_spangroup_get_mode:
 2247              	.LVL226:
 2248              	.LFB227:
 495:Middlewares/LVGL/lvgl/src/widgets/span/lv_span.c ****     LV_ASSERT_OBJ(obj, MY_CLASS);
 2249              		.loc 1 495 1 view -0
 2250              		.cfi_startproc
 2251              		@ args = 0, pretend = 0, frame = 8
 2252              		@ frame_needed = 0, uses_anonymous_args = 0
 496:Middlewares/LVGL/lvgl/src/widgets/span/lv_span.c **** 
 2253              		.loc 1 496 5 view .LVU618
 496:Middlewares/LVGL/lvgl/src/widgets/span/lv_span.c **** 
 2254              		.loc 1 496 5 view .LVU619
 2255 0000 C0B1     		cbz	r0, .L161
 495:Middlewares/LVGL/lvgl/src/widgets/span/lv_span.c ****     LV_ASSERT_OBJ(obj, MY_CLASS);
 2256              		.loc 1 495 1 is_stmt 0 view .LVU620
 2257 0002 10B5     		push	{r4, lr}
ARM GAS  C:\Users\w1785\AppData\Local\Temp\ccRqOZjG.s 			page 99


 2258              	.LCFI57:
 2259              		.cfi_def_cfa_offset 8
 2260              		.cfi_offset 4, -8
 2261              		.cfi_offset 14, -4
 2262 0004 82B0     		sub	sp, sp, #8
 2263              	.LCFI58:
 2264              		.cfi_def_cfa_offset 16
 2265 0006 0446     		mov	r4, r0
 496:Middlewares/LVGL/lvgl/src/widgets/span/lv_span.c **** 
 2266              		.loc 1 496 5 is_stmt 1 view .LVU621
 496:Middlewares/LVGL/lvgl/src/widgets/span/lv_span.c **** 
 2267              		.loc 1 496 33 view .LVU622
 498:Middlewares/LVGL/lvgl/src/widgets/span/lv_span.c ****         return LV_SPAN_MODE_EXPAND;
 2268              		.loc 1 498 5 view .LVU623
 2269              	.LVL227:
 2270              	.LBB94:
 2271              	.LBI94:
  30:Middlewares/LVGL/lvgl/src/widgets/span/../../core/lv_obj_style_gen.h **** {
 2272              		.loc 3 30 23 view .LVU624
 2273              	.LBB95:
  32:Middlewares/LVGL/lvgl/src/widgets/span/../../core/lv_obj_style_gen.h ****     return (int32_t)v.num;
 2274              		.loc 3 32 5 view .LVU625
  32:Middlewares/LVGL/lvgl/src/widgets/span/../../core/lv_obj_style_gen.h ****     return (int32_t)v.num;
 2275              		.loc 3 32 26 is_stmt 0 view .LVU626
 2276 0008 0122     		movs	r2, #1
 2277 000a 0021     		movs	r1, #0
 2278 000c FFF7FEFF 		bl	lv_obj_get_style_prop
 2279              	.LVL228:
  32:Middlewares/LVGL/lvgl/src/widgets/span/../../core/lv_obj_style_gen.h ****     return (int32_t)v.num;
 2280              		.loc 3 32 26 view .LVU627
 2281 0010 0190     		str	r0, [sp, #4]
  33:Middlewares/LVGL/lvgl/src/widgets/span/../../core/lv_obj_style_gen.h **** }
 2282              		.loc 3 33 5 is_stmt 1 view .LVU628
 2283              	.LVL229:
  33:Middlewares/LVGL/lvgl/src/widgets/span/../../core/lv_obj_style_gen.h **** }
 2284              		.loc 3 33 5 is_stmt 0 view .LVU629
 2285              	.LBE95:
 2286              	.LBE94:
 498:Middlewares/LVGL/lvgl/src/widgets/span/lv_span.c ****         return LV_SPAN_MODE_EXPAND;
 2287              		.loc 1 498 7 discriminator 1 view .LVU630
 2288 0012 6FF04043 		mvn	r3, #-1073741824
 2289 0016 9842     		cmp	r0, r3
 2290 0018 0FD0     		beq	.L163
 503:Middlewares/LVGL/lvgl/src/widgets/span/lv_span.c ****         return LV_SPAN_MODE_BREAK;
 2291              		.loc 1 503 10 is_stmt 1 view .LVU631
 2292              	.LVL230:
 2293              	.LBB96:
 2294              	.LBI96:
  69:Middlewares/LVGL/lvgl/src/widgets/span/../../core/lv_obj_style_gen.h **** {
 2295              		.loc 3 69 23 view .LVU632
 2296              	.LBB97:
  71:Middlewares/LVGL/lvgl/src/widgets/span/../../core/lv_obj_style_gen.h ****     return (int32_t)v.num;
 2297              		.loc 3 71 5 view .LVU633
  71:Middlewares/LVGL/lvgl/src/widgets/span/../../core/lv_obj_style_gen.h ****     return (int32_t)v.num;
 2298              		.loc 3 71 26 is_stmt 0 view .LVU634
 2299 001a 0222     		movs	r2, #2
 2300 001c 0021     		movs	r1, #0
ARM GAS  C:\Users\w1785\AppData\Local\Temp\ccRqOZjG.s 			page 100


 2301 001e 2046     		mov	r0, r4
 2302 0020 FFF7FEFF 		bl	lv_obj_get_style_prop
 2303              	.LVL231:
 2304 0024 0190     		str	r0, [sp, #4]
  72:Middlewares/LVGL/lvgl/src/widgets/span/../../core/lv_obj_style_gen.h **** }
 2305              		.loc 3 72 5 is_stmt 1 view .LVU635
 2306              	.LVL232:
  72:Middlewares/LVGL/lvgl/src/widgets/span/../../core/lv_obj_style_gen.h **** }
 2307              		.loc 3 72 5 is_stmt 0 view .LVU636
 2308              	.LBE97:
 2309              	.LBE96:
 503:Middlewares/LVGL/lvgl/src/widgets/span/lv_span.c ****         return LV_SPAN_MODE_BREAK;
 2310              		.loc 1 503 12 discriminator 1 view .LVU637
 2311 0026 6FF04043 		mvn	r3, #-1073741824
 2312 002a 9842     		cmp	r0, r3
 2313 002c 03D0     		beq	.L167
 508:Middlewares/LVGL/lvgl/src/widgets/span/lv_span.c ****     }
 2314              		.loc 1 508 16 view .LVU638
 2315 002e 0020     		movs	r0, #0
 2316              	.L162:
 510:Middlewares/LVGL/lvgl/src/widgets/span/lv_span.c **** 
 2317              		.loc 1 510 1 view .LVU639
 2318 0030 02B0     		add	sp, sp, #8
 2319              	.LCFI59:
 2320              		.cfi_def_cfa_offset 8
 2321              		@ sp needed
 2322 0032 10BD     		pop	{r4, pc}
 2323              	.LVL233:
 2324              	.L161:
 2325              	.LCFI60:
 2326              		.cfi_def_cfa_offset 0
 2327              		.cfi_restore 4
 2328              		.cfi_restore 14
 496:Middlewares/LVGL/lvgl/src/widgets/span/lv_span.c **** 
 2329              		.loc 1 496 5 is_stmt 1 view .LVU640
 496:Middlewares/LVGL/lvgl/src/widgets/span/lv_span.c **** 
 2330              		.loc 1 496 5 view .LVU641
 496:Middlewares/LVGL/lvgl/src/widgets/span/lv_span.c **** 
 2331              		.loc 1 496 5 view .LVU642
 496:Middlewares/LVGL/lvgl/src/widgets/span/lv_span.c **** 
 2332              		.loc 1 496 5 view .LVU643
 496:Middlewares/LVGL/lvgl/src/widgets/span/lv_span.c **** 
 2333              		.loc 1 496 5 view .LVU644
 2334 0034 FEE7     		b	.L161
 2335              	.LVL234:
 2336              	.L167:
 2337              	.LCFI61:
 2338              		.cfi_def_cfa_offset 16
 2339              		.cfi_offset 4, -8
 2340              		.cfi_offset 14, -4
 504:Middlewares/LVGL/lvgl/src/widgets/span/lv_span.c ****     }
 2341              		.loc 1 504 16 is_stmt 0 view .LVU645
 2342 0036 0220     		movs	r0, #2
 2343 0038 FAE7     		b	.L162
 2344              	.L163:
 499:Middlewares/LVGL/lvgl/src/widgets/span/lv_span.c ****     }
 2345              		.loc 1 499 16 view .LVU646
ARM GAS  C:\Users\w1785\AppData\Local\Temp\ccRqOZjG.s 			page 101


 2346 003a 0120     		movs	r0, #1
 2347 003c F8E7     		b	.L162
 2348              		.cfi_endproc
 2349              	.LFE227:
 2351              		.section	.text.convert_indent_pct,"ax",%progbits
 2352              		.align	1
 2353              		.syntax unified
 2354              		.thumb
 2355              		.thumb_func
 2357              	convert_indent_pct:
 2358              	.LVL235:
 2359              	.LFB251:
1061:Middlewares/LVGL/lvgl/src/widgets/span/lv_span.c ****     lv_spangroup_t * spans = (lv_spangroup_t *)obj;
 2360              		.loc 1 1061 1 is_stmt 1 view -0
 2361              		.cfi_startproc
 2362              		@ args = 0, pretend = 0, frame = 0
 2363              		@ frame_needed = 0, uses_anonymous_args = 0
1061:Middlewares/LVGL/lvgl/src/widgets/span/lv_span.c ****     lv_spangroup_t * spans = (lv_spangroup_t *)obj;
 2364              		.loc 1 1061 1 is_stmt 0 view .LVU648
 2365 0000 38B5     		push	{r3, r4, r5, lr}
 2366              	.LCFI62:
 2367              		.cfi_def_cfa_offset 16
 2368              		.cfi_offset 3, -16
 2369              		.cfi_offset 4, -12
 2370              		.cfi_offset 5, -8
 2371              		.cfi_offset 14, -4
 2372 0002 0446     		mov	r4, r0
1062:Middlewares/LVGL/lvgl/src/widgets/span/lv_span.c **** 
 2373              		.loc 1 1062 5 is_stmt 1 view .LVU649
 2374              	.LVL236:
1064:Middlewares/LVGL/lvgl/src/widgets/span/lv_span.c ****     if(LV_COORD_IS_PCT(spans->indent)) {
 2375              		.loc 1 1064 5 view .LVU650
1064:Middlewares/LVGL/lvgl/src/widgets/span/lv_span.c ****     if(LV_COORD_IS_PCT(spans->indent)) {
 2376              		.loc 1 1064 13 is_stmt 0 view .LVU651
 2377 0004 406B     		ldr	r0, [r0, #52]
 2378              	.LVL237:
1065:Middlewares/LVGL/lvgl/src/widgets/span/lv_span.c ****         if(lv_spangroup_get_mode(obj) == LV_SPAN_MODE_EXPAND) {
 2379              		.loc 1 1065 5 is_stmt 1 view .LVU652
1065:Middlewares/LVGL/lvgl/src/widgets/span/lv_span.c ****         if(lv_spangroup_get_mode(obj) == LV_SPAN_MODE_EXPAND) {
 2380              		.loc 1 1065 8 is_stmt 0 view .LVU653
 2381 0006 00F0C043 		and	r3, r0, #1610612736
1065:Middlewares/LVGL/lvgl/src/widgets/span/lv_span.c ****         if(lv_spangroup_get_mode(obj) == LV_SPAN_MODE_EXPAND) {
 2382              		.loc 1 1065 7 view .LVU654
 2383 000a B3F1005F 		cmp	r3, #536870912
 2384 000e 00D0     		beq	.L173
 2385              	.LVL238:
 2386              	.L168:
1075:Middlewares/LVGL/lvgl/src/widgets/span/lv_span.c **** 
 2387              		.loc 1 1075 1 view .LVU655
 2388 0010 38BD     		pop	{r3, r4, r5, pc}
 2389              	.LVL239:
 2390              	.L173:
1075:Middlewares/LVGL/lvgl/src/widgets/span/lv_span.c **** 
 2391              		.loc 1 1075 1 view .LVU656
 2392 0012 0D46     		mov	r5, r1
1065:Middlewares/LVGL/lvgl/src/widgets/span/lv_span.c ****         if(lv_spangroup_get_mode(obj) == LV_SPAN_MODE_EXPAND) {
 2393              		.loc 1 1065 8 discriminator 1 view .LVU657
ARM GAS  C:\Users\w1785\AppData\Local\Temp\ccRqOZjG.s 			page 102


 2394 0014 20F0C042 		bic	r2, r0, #1610612736
 2395 0018 6FF06043 		mvn	r3, #-536870912
 2396 001c 9A42     		cmp	r2, r3
 2397 001e F7DA     		bge	.L168
1066:Middlewares/LVGL/lvgl/src/widgets/span/lv_span.c ****             indent = 0;
 2398              		.loc 1 1066 9 is_stmt 1 view .LVU658
1066:Middlewares/LVGL/lvgl/src/widgets/span/lv_span.c ****             indent = 0;
 2399              		.loc 1 1066 12 is_stmt 0 view .LVU659
 2400 0020 2046     		mov	r0, r4
 2401              	.LVL240:
1066:Middlewares/LVGL/lvgl/src/widgets/span/lv_span.c ****             indent = 0;
 2402              		.loc 1 1066 12 view .LVU660
 2403 0022 FFF7FEFF 		bl	lv_spangroup_get_mode
 2404              	.LVL241:
1066:Middlewares/LVGL/lvgl/src/widgets/span/lv_span.c ****             indent = 0;
 2405              		.loc 1 1066 11 discriminator 1 view .LVU661
 2406 0026 0128     		cmp	r0, #1
 2407 0028 14D0     		beq	.L171
1070:Middlewares/LVGL/lvgl/src/widgets/span/lv_span.c ****         }
 2408              		.loc 1 1070 13 is_stmt 1 view .LVU662
1070:Middlewares/LVGL/lvgl/src/widgets/span/lv_span.c ****         }
 2409              		.loc 1 1070 31 is_stmt 0 view .LVU663
 2410 002a 606B     		ldr	r0, [r4, #52]
 2411 002c 20F0C040 		bic	r0, r0, #1610612736
 2412 0030 B0F1805F 		cmp	r0, #268435456
 2413 0034 05DB     		blt	.L170
1070:Middlewares/LVGL/lvgl/src/widgets/span/lv_span.c ****         }
 2414              		.loc 1 1070 31 discriminator 1 view .LVU664
 2415 0036 C0F17F60 		rsb	r0, r0, #267386880
 2416 003a 00F57F20 		add	r0, r0, #1044480
 2417 003e 00F6FF70 		addw	r0, r0, #4095
 2418              	.L170:
1070:Middlewares/LVGL/lvgl/src/widgets/span/lv_span.c ****         }
 2419              		.loc 1 1070 29 discriminator 4 view .LVU665
 2420 0042 05FB00F1 		mul	r1, r5, r0
1070:Middlewares/LVGL/lvgl/src/widgets/span/lv_span.c ****         }
 2421              		.loc 1 1070 20 discriminator 4 view .LVU666
 2422 0046 044B     		ldr	r3, .L174
 2423 0048 83FB0123 		smull	r2, r3, r3, r1
 2424 004c C817     		asrs	r0, r1, #31
 2425 004e C0EB6310 		rsb	r0, r0, r3, asr #5
 2426              	.LVL242:
1070:Middlewares/LVGL/lvgl/src/widgets/span/lv_span.c ****         }
 2427              		.loc 1 1070 20 discriminator 4 view .LVU667
 2428 0052 DDE7     		b	.L168
 2429              	.LVL243:
 2430              	.L171:
1067:Middlewares/LVGL/lvgl/src/widgets/span/lv_span.c ****         }
 2431              		.loc 1 1067 20 view .LVU668
 2432 0054 0020     		movs	r0, #0
 2433              	.LVL244:
1074:Middlewares/LVGL/lvgl/src/widgets/span/lv_span.c **** }
 2434              		.loc 1 1074 5 is_stmt 1 view .LVU669
1074:Middlewares/LVGL/lvgl/src/widgets/span/lv_span.c **** }
 2435              		.loc 1 1074 12 is_stmt 0 view .LVU670
 2436 0056 DBE7     		b	.L168
 2437              	.L175:
ARM GAS  C:\Users\w1785\AppData\Local\Temp\ccRqOZjG.s 			page 103


 2438              		.align	2
 2439              	.L174:
 2440 0058 1F85EB51 		.word	1374389535
 2441              		.cfi_endproc
 2442              	.LFE251:
 2444              		.section	.rodata.lv_draw_span.str1.4,"aMS",%progbits,1
 2445              		.align	2
 2446              	.LC0:
 2447 0000 00       		.ascii	"\000"
 2448 0001 000000   		.align	2
 2449              	.LC2:
 2450 0004 2E2E2E00 		.ascii	"...\000"
 2451              		.align	2
 2452              	.LC1:
 2453 0008 202C2E3B 		.ascii	" ,.;:-_)]}\000"
 2453      3A2D5F29 
 2453      5D7D00
 2454              		.section	.text.lv_draw_span,"ax",%progbits
 2455              		.align	1
 2456              		.syntax unified
 2457              		.thumb
 2458              		.thumb_func
 2460              	lv_draw_span:
 2461              	.LVL245:
 2462              	.LFB252:
1084:Middlewares/LVGL/lvgl/src/widgets/span/lv_span.c **** 
 2463              		.loc 1 1084 1 is_stmt 1 view -0
 2464              		.cfi_startproc
 2465              		@ args = 0, pretend = 0, frame = 296
 2466              		@ frame_needed = 0, uses_anonymous_args = 0
1084:Middlewares/LVGL/lvgl/src/widgets/span/lv_span.c **** 
 2467              		.loc 1 1084 1 is_stmt 0 view .LVU672
 2468 0000 2DE9F04F 		push	{r4, r5, r6, r7, r8, r9, r10, fp, lr}
 2469              	.LCFI63:
 2470              		.cfi_def_cfa_offset 36
 2471              		.cfi_offset 4, -36
 2472              		.cfi_offset 5, -32
 2473              		.cfi_offset 6, -28
 2474              		.cfi_offset 7, -24
 2475              		.cfi_offset 8, -20
 2476              		.cfi_offset 9, -16
 2477              		.cfi_offset 10, -12
 2478              		.cfi_offset 11, -8
 2479              		.cfi_offset 14, -4
 2480 0004 CFB0     		sub	sp, sp, #316
 2481              	.LCFI64:
 2482              		.cfi_def_cfa_offset 352
 2483 0006 8346     		mov	fp, r0
 2484 0008 0C46     		mov	r4, r1
 2485 000a 0C91     		str	r1, [sp, #48]
1086:Middlewares/LVGL/lvgl/src/widgets/span/lv_span.c ****     lv_obj_get_content_coords(obj, &coords);
 2486              		.loc 1 1086 5 is_stmt 1 view .LVU673
1087:Middlewares/LVGL/lvgl/src/widgets/span/lv_span.c **** 
 2487              		.loc 1 1087 5 view .LVU674
 2488 000c 4AA9     		add	r1, sp, #296
 2489              	.LVL246:
1087:Middlewares/LVGL/lvgl/src/widgets/span/lv_span.c **** 
ARM GAS  C:\Users\w1785\AppData\Local\Temp\ccRqOZjG.s 			page 104


 2490              		.loc 1 1087 5 is_stmt 0 view .LVU675
 2491 000e FFF7FEFF 		bl	lv_obj_get_content_coords
 2492              	.LVL247:
1089:Middlewares/LVGL/lvgl/src/widgets/span/lv_span.c **** 
 2493              		.loc 1 1089 5 is_stmt 1 view .LVU676
1092:Middlewares/LVGL/lvgl/src/widgets/span/lv_span.c ****         return;
 2494              		.loc 1 1092 5 view .LVU677
1092:Middlewares/LVGL/lvgl/src/widgets/span/lv_span.c ****         return;
 2495              		.loc 1 1092 23 is_stmt 0 view .LVU678
 2496 0012 0BF14003 		add	r3, fp, #64
 2497 0016 1E46     		mov	r6, r3
 2498 0018 0B93     		str	r3, [sp, #44]
1092:Middlewares/LVGL/lvgl/src/widgets/span/lv_span.c ****         return;
 2499              		.loc 1 1092 8 view .LVU679
 2500 001a 1846     		mov	r0, r3
 2501 001c FFF7FEFF 		bl	lv_ll_get_head
 2502              	.LVL248:
1092:Middlewares/LVGL/lvgl/src/widgets/span/lv_span.c ****         return;
 2503              		.loc 1 1092 7 discriminator 1 view .LVU680
 2504 0020 38B1     		cbz	r0, .L176
1097:Middlewares/LVGL/lvgl/src/widgets/span/lv_span.c ****     if(!lv_area_intersect(&clip_area, &coords, &layer->_clip_area))  return;
 2505              		.loc 1 1097 5 is_stmt 1 view .LVU681
1098:Middlewares/LVGL/lvgl/src/widgets/span/lv_span.c ****     const lv_area_t clip_area_ori = layer->_clip_area;
 2506              		.loc 1 1098 5 view .LVU682
1098:Middlewares/LVGL/lvgl/src/widgets/span/lv_span.c ****     const lv_area_t clip_area_ori = layer->_clip_area;
 2507              		.loc 1 1098 9 is_stmt 0 view .LVU683
 2508 0022 04F13402 		add	r2, r4, #52
 2509 0026 4AA9     		add	r1, sp, #296
 2510 0028 46A8     		add	r0, sp, #280
 2511 002a FFF7FEFF 		bl	lv_area_intersect
 2512              	.LVL249:
1098:Middlewares/LVGL/lvgl/src/widgets/span/lv_span.c ****     const lv_area_t clip_area_ori = layer->_clip_area;
 2513              		.loc 1 1098 7 discriminator 1 view .LVU684
 2514 002e 1090     		str	r0, [sp, #64]
 2515 0030 10B9     		cbnz	r0, .L236
 2516              	.LVL250:
 2517              	.L176:
1444:Middlewares/LVGL/lvgl/src/widgets/span/lv_span.c **** 
 2518              		.loc 1 1444 1 view .LVU685
 2519 0032 4FB0     		add	sp, sp, #316
 2520              	.LCFI65:
 2521              		.cfi_remember_state
 2522              		.cfi_def_cfa_offset 36
 2523              		@ sp needed
 2524 0034 BDE8F08F 		pop	{r4, r5, r6, r7, r8, r9, r10, fp, pc}
 2525              	.LVL251:
 2526              	.L236:
 2527              	.LCFI66:
 2528              		.cfi_restore_state
1099:Middlewares/LVGL/lvgl/src/widgets/span/lv_span.c ****     layer->_clip_area = clip_area;
 2529              		.loc 1 1099 5 is_stmt 1 view .LVU686
1099:Middlewares/LVGL/lvgl/src/widgets/span/lv_span.c ****     layer->_clip_area = clip_area;
 2530              		.loc 1 1099 21 is_stmt 0 view .LVU687
 2531 0038 42AD     		add	r5, sp, #264
 2532 003a 3434     		adds	r4, r4, #52
 2533              	.LVL252:
1099:Middlewares/LVGL/lvgl/src/widgets/span/lv_span.c ****     layer->_clip_area = clip_area;
ARM GAS  C:\Users\w1785\AppData\Local\Temp\ccRqOZjG.s 			page 105


 2534              		.loc 1 1099 21 view .LVU688
 2535 003c 94E80F00 		ldm	r4, {r0, r1, r2, r3}
 2536 0040 85E80F00 		stm	r5, {r0, r1, r2, r3}
1100:Middlewares/LVGL/lvgl/src/widgets/span/lv_span.c **** 
 2537              		.loc 1 1100 5 is_stmt 1 view .LVU689
1100:Middlewares/LVGL/lvgl/src/widgets/span/lv_span.c **** 
 2538              		.loc 1 1100 23 is_stmt 0 view .LVU690
 2539 0044 46AB     		add	r3, sp, #280
 2540 0046 0FCB     		ldm	r3, {r0, r1, r2, r3}
 2541 0048 84E80F00 		stm	r4, {r0, r1, r2, r3}
1103:Middlewares/LVGL/lvgl/src/widgets/span/lv_span.c ****     int32_t line_space = lv_obj_get_style_text_line_space(obj, LV_PART_MAIN);
 2542              		.loc 1 1103 5 is_stmt 1 view .LVU691
 2543              	.LVL253:
1104:Middlewares/LVGL/lvgl/src/widgets/span/lv_span.c ****     int32_t max_width = lv_area_get_width(&coords);
 2544              		.loc 1 1104 5 view .LVU692
 2545              	.LBB98:
 2546              	.LBI98:
1182:Middlewares/LVGL/lvgl/src/widgets/span/../../core/lv_obj_style_gen.h **** {
 2547              		.loc 3 1182 23 view .LVU693
 2548              	.LBB99:
1184:Middlewares/LVGL/lvgl/src/widgets/span/../../core/lv_obj_style_gen.h ****     return (int32_t)v.num;
 2549              		.loc 3 1184 5 view .LVU694
1184:Middlewares/LVGL/lvgl/src/widgets/span/../../core/lv_obj_style_gen.h ****     return (int32_t)v.num;
 2550              		.loc 3 1184 26 is_stmt 0 view .LVU695
 2551 004c 6722     		movs	r2, #103
 2552 004e 0021     		movs	r1, #0
 2553 0050 5846     		mov	r0, fp
 2554 0052 FFF7FEFF 		bl	lv_obj_get_style_prop
 2555              	.LVL254:
 2556 0056 0990     		str	r0, [sp, #36]
 2557 0058 1790     		str	r0, [sp, #92]
1185:Middlewares/LVGL/lvgl/src/widgets/span/../../core/lv_obj_style_gen.h **** }
 2558              		.loc 3 1185 5 is_stmt 1 view .LVU696
 2559              	.LVL255:
1185:Middlewares/LVGL/lvgl/src/widgets/span/../../core/lv_obj_style_gen.h **** }
 2560              		.loc 3 1185 5 is_stmt 0 view .LVU697
 2561              	.LBE99:
 2562              	.LBE98:
1105:Middlewares/LVGL/lvgl/src/widgets/span/lv_span.c ****     int32_t indent = convert_indent_pct(obj, max_width);
 2563              		.loc 1 1105 5 is_stmt 1 view .LVU698
1105:Middlewares/LVGL/lvgl/src/widgets/span/lv_span.c ****     int32_t indent = convert_indent_pct(obj, max_width);
 2564              		.loc 1 1105 25 is_stmt 0 view .LVU699
 2565 005a 4AA8     		add	r0, sp, #296
 2566              	.LVL256:
1105:Middlewares/LVGL/lvgl/src/widgets/span/lv_span.c ****     int32_t indent = convert_indent_pct(obj, max_width);
 2567              		.loc 1 1105 25 view .LVU700
 2568 005c FFF7FEFF 		bl	lv_area_get_width
 2569              	.LVL257:
 2570 0060 0446     		mov	r4, r0
 2571 0062 0E90     		str	r0, [sp, #56]
 2572              	.LVL258:
1106:Middlewares/LVGL/lvgl/src/widgets/span/lv_span.c ****     int32_t max_w  = max_width - indent; /* first line need minus indent */
 2573              		.loc 1 1106 5 is_stmt 1 view .LVU701
1106:Middlewares/LVGL/lvgl/src/widgets/span/lv_span.c ****     int32_t max_w  = max_width - indent; /* first line need minus indent */
 2574              		.loc 1 1106 22 is_stmt 0 view .LVU702
 2575 0064 0146     		mov	r1, r0
 2576 0066 5846     		mov	r0, fp
ARM GAS  C:\Users\w1785\AppData\Local\Temp\ccRqOZjG.s 			page 106


 2577              	.LVL259:
1106:Middlewares/LVGL/lvgl/src/widgets/span/lv_span.c ****     int32_t max_w  = max_width - indent; /* first line need minus indent */
 2578              		.loc 1 1106 22 view .LVU703
 2579 0068 FFF7FEFF 		bl	convert_indent_pct
 2580              	.LVL260:
1106:Middlewares/LVGL/lvgl/src/widgets/span/lv_span.c ****     int32_t max_w  = max_width - indent; /* first line need minus indent */
 2581              		.loc 1 1106 22 view .LVU704
 2582 006c 0546     		mov	r5, r0
 2583 006e 1390     		str	r0, [sp, #76]
 2584              	.LVL261:
1107:Middlewares/LVGL/lvgl/src/widgets/span/lv_span.c ****     lv_opa_t obj_opa = lv_obj_get_style_opa_recursive(obj, LV_PART_MAIN);
 2585              		.loc 1 1107 5 is_stmt 1 view .LVU705
1107:Middlewares/LVGL/lvgl/src/widgets/span/lv_span.c ****     lv_opa_t obj_opa = lv_obj_get_style_opa_recursive(obj, LV_PART_MAIN);
 2586              		.loc 1 1107 13 is_stmt 0 view .LVU706
 2587 0070 241A     		subs	r4, r4, r0
 2588              	.LVL262:
1108:Middlewares/LVGL/lvgl/src/widgets/span/lv_span.c **** 
 2589              		.loc 1 1108 5 is_stmt 1 view .LVU707
1108:Middlewares/LVGL/lvgl/src/widgets/span/lv_span.c **** 
 2590              		.loc 1 1108 24 is_stmt 0 view .LVU708
 2591 0072 0021     		movs	r1, #0
 2592 0074 5846     		mov	r0, fp
 2593              	.LVL263:
1108:Middlewares/LVGL/lvgl/src/widgets/span/lv_span.c **** 
 2594              		.loc 1 1108 24 view .LVU709
 2595 0076 FFF7FEFF 		bl	lv_obj_get_style_opa_recursive
 2596              	.LVL264:
 2597 007a 1290     		str	r0, [sp, #72]
 2598              	.LVL265:
1111:Middlewares/LVGL/lvgl/src/widgets/span/lv_span.c ****     txt_pos.y = coords.y1;
 2599              		.loc 1 1111 5 is_stmt 1 view .LVU710
1112:Middlewares/LVGL/lvgl/src/widgets/span/lv_span.c ****     txt_pos.x = coords.x1 + indent; /* first line need add indent */
 2600              		.loc 1 1112 5 view .LVU711
1112:Middlewares/LVGL/lvgl/src/widgets/span/lv_span.c ****     txt_pos.x = coords.x1 + indent; /* first line need add indent */
 2601              		.loc 1 1112 23 is_stmt 0 view .LVU712
 2602 007c 4B9B     		ldr	r3, [sp, #300]
1112:Middlewares/LVGL/lvgl/src/widgets/span/lv_span.c ****     txt_pos.x = coords.x1 + indent; /* first line need add indent */
 2603              		.loc 1 1112 15 view .LVU713
 2604 007e 4193     		str	r3, [sp, #260]
1113:Middlewares/LVGL/lvgl/src/widgets/span/lv_span.c **** 
 2605              		.loc 1 1113 5 is_stmt 1 view .LVU714
1113:Middlewares/LVGL/lvgl/src/widgets/span/lv_span.c **** 
 2606              		.loc 1 1113 23 is_stmt 0 view .LVU715
 2607 0080 4A9B     		ldr	r3, [sp, #296]
1113:Middlewares/LVGL/lvgl/src/widgets/span/lv_span.c **** 
 2608              		.loc 1 1113 27 view .LVU716
 2609 0082 2B44     		add	r3, r3, r5
1113:Middlewares/LVGL/lvgl/src/widgets/span/lv_span.c **** 
 2610              		.loc 1 1113 15 view .LVU717
 2611 0084 4093     		str	r3, [sp, #256]
1115:Middlewares/LVGL/lvgl/src/widgets/span/lv_span.c ****     const char * cur_txt = cur_span->txt;
 2612              		.loc 1 1115 5 is_stmt 1 view .LVU718
1115:Middlewares/LVGL/lvgl/src/widgets/span/lv_span.c ****     const char * cur_txt = cur_span->txt;
 2613              		.loc 1 1115 28 is_stmt 0 view .LVU719
 2614 0086 3046     		mov	r0, r6
 2615 0088 FFF7FEFF 		bl	lv_ll_get_head
 2616              	.LVL266:
ARM GAS  C:\Users\w1785\AppData\Local\Temp\ccRqOZjG.s 			page 107


 2617 008c 0590     		str	r0, [sp, #20]
 2618              	.LVL267:
1116:Middlewares/LVGL/lvgl/src/widgets/span/lv_span.c ****     span_text_check(&cur_txt);
 2619              		.loc 1 1116 5 is_stmt 1 view .LVU720
1116:Middlewares/LVGL/lvgl/src/widgets/span/lv_span.c ****     span_text_check(&cur_txt);
 2620              		.loc 1 1116 36 is_stmt 0 view .LVU721
 2621 008e 0368     		ldr	r3, [r0]
 2622 0090 1F46     		mov	r7, r3
 2623              	.LVL268:
1117:Middlewares/LVGL/lvgl/src/widgets/span/lv_span.c **** 
 2624              		.loc 1 1117 5 is_stmt 1 view .LVU722
 2625              	.LBB100:
 2626              	.LBI100:
1052:Middlewares/LVGL/lvgl/src/widgets/span/lv_span.c **** {
 2627              		.loc 1 1052 20 view .LVU723
 2628              	.LBB101:
1054:Middlewares/LVGL/lvgl/src/widgets/span/lv_span.c ****         *text = "";
 2629              		.loc 1 1054 5 view .LVU724
1054:Middlewares/LVGL/lvgl/src/widgets/span/lv_span.c ****         *text = "";
 2630              		.loc 1 1054 7 is_stmt 0 view .LVU725
 2631 0092 9BB1     		cbz	r3, .L237
 2632              	.LVL269:
 2633              	.L178:
1056:Middlewares/LVGL/lvgl/src/widgets/span/lv_span.c ****     }
 2634              		.loc 1 1056 9 is_stmt 1 view .LVU726
1056:Middlewares/LVGL/lvgl/src/widgets/span/lv_span.c ****     }
 2635              		.loc 1 1056 9 view .LVU727
1056:Middlewares/LVGL/lvgl/src/widgets/span/lv_span.c ****     }
 2636              		.loc 1 1056 9 view .LVU728
1056:Middlewares/LVGL/lvgl/src/widgets/span/lv_span.c ****     }
 2637              		.loc 1 1056 9 is_stmt 0 view .LVU729
 2638              	.LBE101:
 2639              	.LBE100:
1119:Middlewares/LVGL/lvgl/src/widgets/span/lv_span.c **** #if LV_USE_BIDI
 2640              		.loc 1 1119 5 is_stmt 1 view .LVU730
 2641              	.LBB103:
 2642              	.LBI103:
1210:Middlewares/LVGL/lvgl/src/widgets/span/../../core/lv_obj_style_gen.h **** {
 2643              		.loc 3 1210 31 view .LVU731
 2644              	.LBB104:
1212:Middlewares/LVGL/lvgl/src/widgets/span/../../core/lv_obj_style_gen.h ****     return (lv_text_align_t)v.num;
 2645              		.loc 3 1212 5 view .LVU732
1212:Middlewares/LVGL/lvgl/src/widgets/span/../../core/lv_obj_style_gen.h ****     return (lv_text_align_t)v.num;
 2646              		.loc 3 1212 26 is_stmt 0 view .LVU733
 2647 0094 6522     		movs	r2, #101
 2648 0096 0021     		movs	r1, #0
 2649 0098 5846     		mov	r0, fp
 2650              	.LVL270:
1212:Middlewares/LVGL/lvgl/src/widgets/span/../../core/lv_obj_style_gen.h ****     return (lv_text_align_t)v.num;
 2651              		.loc 3 1212 26 view .LVU734
 2652 009a FFF7FEFF 		bl	lv_obj_get_style_prop
 2653              	.LVL271:
 2654 009e 1790     		str	r0, [sp, #92]
 2655              		.loc 3 1213 5 is_stmt 1 view .LVU735
 2656              		.loc 3 1213 12 is_stmt 0 view .LVU736
 2657 00a0 C3B2     		uxtb	r3, r0
 2658 00a2 0F93     		str	r3, [sp, #60]
ARM GAS  C:\Users\w1785\AppData\Local\Temp\ccRqOZjG.s 			page 108


 2659              	.LVL272:
 2660              		.loc 3 1213 12 view .LVU737
 2661              	.LBE104:
 2662              	.LBE103:
1140:Middlewares/LVGL/lvgl/src/widgets/span/lv_span.c ****     lv_snippet_t snippet;   /* use to save cur_span info and push it to stack */
 2663              		.loc 1 1140 5 is_stmt 1 view .LVU738
1141:Middlewares/LVGL/lvgl/src/widgets/span/lv_span.c ****     lv_memzero(&snippet, sizeof(snippet));
 2664              		.loc 1 1141 5 view .LVU739
1142:Middlewares/LVGL/lvgl/src/widgets/span/lv_span.c **** 
 2665              		.loc 1 1142 5 view .LVU740
 2666              	.LBB105:
 2667              	.LBI105:
 2668              		.file 4 "Middlewares/LVGL/lvgl/src/widgets/span/../../core/../misc/../font/../draw/../misc/../stdl
   1:Middlewares/LVGL/lvgl/src/widgets/span/../../core/../misc/../font/../draw/../misc/../stdlib/lv_string.h **** /**
   2:Middlewares/LVGL/lvgl/src/widgets/span/../../core/../misc/../font/../draw/../misc/../stdlib/lv_string.h ****  * @file lv_string.h
   3:Middlewares/LVGL/lvgl/src/widgets/span/../../core/../misc/../font/../draw/../misc/../stdlib/lv_string.h ****  *
   4:Middlewares/LVGL/lvgl/src/widgets/span/../../core/../misc/../font/../draw/../misc/../stdlib/lv_string.h ****  */
   5:Middlewares/LVGL/lvgl/src/widgets/span/../../core/../misc/../font/../draw/../misc/../stdlib/lv_string.h **** 
   6:Middlewares/LVGL/lvgl/src/widgets/span/../../core/../misc/../font/../draw/../misc/../stdlib/lv_string.h **** #ifndef LV_STRING_H
   7:Middlewares/LVGL/lvgl/src/widgets/span/../../core/../misc/../font/../draw/../misc/../stdlib/lv_string.h **** #define LV_STRING_H
   8:Middlewares/LVGL/lvgl/src/widgets/span/../../core/../misc/../font/../draw/../misc/../stdlib/lv_string.h **** 
   9:Middlewares/LVGL/lvgl/src/widgets/span/../../core/../misc/../font/../draw/../misc/../stdlib/lv_string.h **** #ifdef __cplusplus
  10:Middlewares/LVGL/lvgl/src/widgets/span/../../core/../misc/../font/../draw/../misc/../stdlib/lv_string.h **** extern "C" {
  11:Middlewares/LVGL/lvgl/src/widgets/span/../../core/../misc/../font/../draw/../misc/../stdlib/lv_string.h **** #endif
  12:Middlewares/LVGL/lvgl/src/widgets/span/../../core/../misc/../font/../draw/../misc/../stdlib/lv_string.h **** 
  13:Middlewares/LVGL/lvgl/src/widgets/span/../../core/../misc/../font/../draw/../misc/../stdlib/lv_string.h **** /*********************
  14:Middlewares/LVGL/lvgl/src/widgets/span/../../core/../misc/../font/../draw/../misc/../stdlib/lv_string.h ****  *      INCLUDES
  15:Middlewares/LVGL/lvgl/src/widgets/span/../../core/../misc/../font/../draw/../misc/../stdlib/lv_string.h ****  *********************/
  16:Middlewares/LVGL/lvgl/src/widgets/span/../../core/../misc/../font/../draw/../misc/../stdlib/lv_string.h **** #include "../lv_conf_internal.h"
  17:Middlewares/LVGL/lvgl/src/widgets/span/../../core/../misc/../font/../draw/../misc/../stdlib/lv_string.h **** #include "../misc/lv_types.h"
  18:Middlewares/LVGL/lvgl/src/widgets/span/../../core/../misc/../font/../draw/../misc/../stdlib/lv_string.h **** 
  19:Middlewares/LVGL/lvgl/src/widgets/span/../../core/../misc/../font/../draw/../misc/../stdlib/lv_string.h **** /*********************
  20:Middlewares/LVGL/lvgl/src/widgets/span/../../core/../misc/../font/../draw/../misc/../stdlib/lv_string.h ****  *      DEFINES
  21:Middlewares/LVGL/lvgl/src/widgets/span/../../core/../misc/../font/../draw/../misc/../stdlib/lv_string.h ****  *********************/
  22:Middlewares/LVGL/lvgl/src/widgets/span/../../core/../misc/../font/../draw/../misc/../stdlib/lv_string.h **** 
  23:Middlewares/LVGL/lvgl/src/widgets/span/../../core/../misc/../font/../draw/../misc/../stdlib/lv_string.h **** /**********************
  24:Middlewares/LVGL/lvgl/src/widgets/span/../../core/../misc/../font/../draw/../misc/../stdlib/lv_string.h ****  *      TYPEDEFS
  25:Middlewares/LVGL/lvgl/src/widgets/span/../../core/../misc/../font/../draw/../misc/../stdlib/lv_string.h ****  **********************/
  26:Middlewares/LVGL/lvgl/src/widgets/span/../../core/../misc/../font/../draw/../misc/../stdlib/lv_string.h **** 
  27:Middlewares/LVGL/lvgl/src/widgets/span/../../core/../misc/../font/../draw/../misc/../stdlib/lv_string.h **** /**********************
  28:Middlewares/LVGL/lvgl/src/widgets/span/../../core/../misc/../font/../draw/../misc/../stdlib/lv_string.h ****  * GLOBAL PROTOTYPES
  29:Middlewares/LVGL/lvgl/src/widgets/span/../../core/../misc/../font/../draw/../misc/../stdlib/lv_string.h ****  **********************/
  30:Middlewares/LVGL/lvgl/src/widgets/span/../../core/../misc/../font/../draw/../misc/../stdlib/lv_string.h **** 
  31:Middlewares/LVGL/lvgl/src/widgets/span/../../core/../misc/../font/../draw/../misc/../stdlib/lv_string.h **** /**
  32:Middlewares/LVGL/lvgl/src/widgets/span/../../core/../misc/../font/../draw/../misc/../stdlib/lv_string.h ****  * @brief Copies a block of memory from a source address to a destination address.
  33:Middlewares/LVGL/lvgl/src/widgets/span/../../core/../misc/../font/../draw/../misc/../stdlib/lv_string.h ****  * @param dst Pointer to the destination array where the content is to be copied.
  34:Middlewares/LVGL/lvgl/src/widgets/span/../../core/../misc/../font/../draw/../misc/../stdlib/lv_string.h ****  * @param src Pointer to the source of data to be copied.
  35:Middlewares/LVGL/lvgl/src/widgets/span/../../core/../misc/../font/../draw/../misc/../stdlib/lv_string.h ****  * @param len Number of bytes to copy.
  36:Middlewares/LVGL/lvgl/src/widgets/span/../../core/../misc/../font/../draw/../misc/../stdlib/lv_string.h ****  * @return Pointer to the destination array.
  37:Middlewares/LVGL/lvgl/src/widgets/span/../../core/../misc/../font/../draw/../misc/../stdlib/lv_string.h ****  * @note The function does not check for any overlapping of the source and destination memory block
  38:Middlewares/LVGL/lvgl/src/widgets/span/../../core/../misc/../font/../draw/../misc/../stdlib/lv_string.h ****  */
  39:Middlewares/LVGL/lvgl/src/widgets/span/../../core/../misc/../font/../draw/../misc/../stdlib/lv_string.h **** void * lv_memcpy(void * dst, const void * src, size_t len);
  40:Middlewares/LVGL/lvgl/src/widgets/span/../../core/../misc/../font/../draw/../misc/../stdlib/lv_string.h **** 
  41:Middlewares/LVGL/lvgl/src/widgets/span/../../core/../misc/../font/../draw/../misc/../stdlib/lv_string.h **** /**
  42:Middlewares/LVGL/lvgl/src/widgets/span/../../core/../misc/../font/../draw/../misc/../stdlib/lv_string.h ****  * @brief Fills a block of memory with a specified value.
  43:Middlewares/LVGL/lvgl/src/widgets/span/../../core/../misc/../font/../draw/../misc/../stdlib/lv_string.h ****  * @param dst Pointer to the destination array to fill with the specified value.
  44:Middlewares/LVGL/lvgl/src/widgets/span/../../core/../misc/../font/../draw/../misc/../stdlib/lv_string.h ****  * @param v Value to be set. The value is passed as an int, but the function fills
ARM GAS  C:\Users\w1785\AppData\Local\Temp\ccRqOZjG.s 			page 109


  45:Middlewares/LVGL/lvgl/src/widgets/span/../../core/../misc/../font/../draw/../misc/../stdlib/lv_string.h ****  *          the block of memory using the unsigned char conversion of this value.
  46:Middlewares/LVGL/lvgl/src/widgets/span/../../core/../misc/../font/../draw/../misc/../stdlib/lv_string.h ****  * @param len Number of bytes to be set to the value.
  47:Middlewares/LVGL/lvgl/src/widgets/span/../../core/../misc/../font/../draw/../misc/../stdlib/lv_string.h ****  */
  48:Middlewares/LVGL/lvgl/src/widgets/span/../../core/../misc/../font/../draw/../misc/../stdlib/lv_string.h **** void lv_memset(void * dst, uint8_t v, size_t len);
  49:Middlewares/LVGL/lvgl/src/widgets/span/../../core/../misc/../font/../draw/../misc/../stdlib/lv_string.h **** 
  50:Middlewares/LVGL/lvgl/src/widgets/span/../../core/../misc/../font/../draw/../misc/../stdlib/lv_string.h **** /**
  51:Middlewares/LVGL/lvgl/src/widgets/span/../../core/../misc/../font/../draw/../misc/../stdlib/lv_string.h ****  * @brief Move a block of memory from source to destination
  52:Middlewares/LVGL/lvgl/src/widgets/span/../../core/../misc/../font/../draw/../misc/../stdlib/lv_string.h ****  * @param dst Pointer to the destination array where the content is to be copied.
  53:Middlewares/LVGL/lvgl/src/widgets/span/../../core/../misc/../font/../draw/../misc/../stdlib/lv_string.h ****  * @param src Pointer to the source of data to be copied.
  54:Middlewares/LVGL/lvgl/src/widgets/span/../../core/../misc/../font/../draw/../misc/../stdlib/lv_string.h ****  * @param len Number of bytes to copy
  55:Middlewares/LVGL/lvgl/src/widgets/span/../../core/../misc/../font/../draw/../misc/../stdlib/lv_string.h ****  * @return Pointer to the destination array.
  56:Middlewares/LVGL/lvgl/src/widgets/span/../../core/../misc/../font/../draw/../misc/../stdlib/lv_string.h ****  */
  57:Middlewares/LVGL/lvgl/src/widgets/span/../../core/../misc/../font/../draw/../misc/../stdlib/lv_string.h **** void * lv_memmove(void * dst, const void * src, size_t len);
  58:Middlewares/LVGL/lvgl/src/widgets/span/../../core/../misc/../font/../draw/../misc/../stdlib/lv_string.h **** 
  59:Middlewares/LVGL/lvgl/src/widgets/span/../../core/../misc/../font/../draw/../misc/../stdlib/lv_string.h **** /**
  60:Middlewares/LVGL/lvgl/src/widgets/span/../../core/../misc/../font/../draw/../misc/../stdlib/lv_string.h ****  * @brief This function will compare two memory blocks
  61:Middlewares/LVGL/lvgl/src/widgets/span/../../core/../misc/../font/../draw/../misc/../stdlib/lv_string.h ****  * @param p1 Pointer to the first memory block
  62:Middlewares/LVGL/lvgl/src/widgets/span/../../core/../misc/../font/../draw/../misc/../stdlib/lv_string.h ****  * @param p2 Pointer to the second memory block
  63:Middlewares/LVGL/lvgl/src/widgets/span/../../core/../misc/../font/../draw/../misc/../stdlib/lv_string.h ****  * @param len Number of bytes to compare
  64:Middlewares/LVGL/lvgl/src/widgets/span/../../core/../misc/../font/../draw/../misc/../stdlib/lv_string.h ****  * @return The difference between the value of the first unmatching byte.
  65:Middlewares/LVGL/lvgl/src/widgets/span/../../core/../misc/../font/../draw/../misc/../stdlib/lv_string.h ****  */
  66:Middlewares/LVGL/lvgl/src/widgets/span/../../core/../misc/../font/../draw/../misc/../stdlib/lv_string.h **** int lv_memcmp(const void * p1, const void * p2, size_t len);
  67:Middlewares/LVGL/lvgl/src/widgets/span/../../core/../misc/../font/../draw/../misc/../stdlib/lv_string.h **** 
  68:Middlewares/LVGL/lvgl/src/widgets/span/../../core/../misc/../font/../draw/../misc/../stdlib/lv_string.h **** /**
  69:Middlewares/LVGL/lvgl/src/widgets/span/../../core/../misc/../font/../draw/../misc/../stdlib/lv_string.h ****  * Same as `memset(dst, 0x00, len)`.
  70:Middlewares/LVGL/lvgl/src/widgets/span/../../core/../misc/../font/../draw/../misc/../stdlib/lv_string.h ****  * @param dst pointer to the destination buffer
  71:Middlewares/LVGL/lvgl/src/widgets/span/../../core/../misc/../font/../draw/../misc/../stdlib/lv_string.h ****  * @param len number of byte to set
  72:Middlewares/LVGL/lvgl/src/widgets/span/../../core/../misc/../font/../draw/../misc/../stdlib/lv_string.h ****  */
  73:Middlewares/LVGL/lvgl/src/widgets/span/../../core/../misc/../font/../draw/../misc/../stdlib/lv_string.h **** static inline void lv_memzero(void * dst, size_t len)
 2669              		.loc 4 73 20 view .LVU741
 2670              	.LBB106:
  74:Middlewares/LVGL/lvgl/src/widgets/span/../../core/../misc/../font/../draw/../misc/../stdlib/lv_string.h **** {
  75:Middlewares/LVGL/lvgl/src/widgets/span/../../core/../misc/../font/../draw/../misc/../stdlib/lv_string.h ****     lv_memset(dst, 0x00, len);
 2671              		.loc 4 75 5 view .LVU742
 2672 00a4 1C22     		movs	r2, #28
 2673 00a6 0021     		movs	r1, #0
 2674 00a8 39A8     		add	r0, sp, #228
 2675              	.LVL273:
 2676              		.loc 4 75 5 is_stmt 0 view .LVU743
 2677 00aa FFF7FEFF 		bl	lv_memset
 2678              	.LVL274:
 2679              		.loc 4 75 5 view .LVU744
 2680              	.LBE106:
 2681              	.LBE105:
1144:Middlewares/LVGL/lvgl/src/widgets/span/lv_span.c ****     lv_draw_label_dsc_init(&label_draw_dsc);
 2682              		.loc 1 1144 5 is_stmt 1 view .LVU745
1145:Middlewares/LVGL/lvgl/src/widgets/span/lv_span.c **** 
 2683              		.loc 1 1145 5 view .LVU746
 2684 00ae 1BA8     		add	r0, sp, #108
 2685 00b0 FFF7FEFF 		bl	lv_draw_label_dsc_init
 2686              	.LVL275:
1147:Middlewares/LVGL/lvgl/src/widgets/span/lv_span.c ****     /* the loop control how many lines need to draw */
 2687              		.loc 1 1147 5 view .LVU747
1149:Middlewares/LVGL/lvgl/src/widgets/span/lv_span.c ****         bool is_end_line = false;
 2688              		.loc 1 1149 5 view .LVU748
1147:Middlewares/LVGL/lvgl/src/widgets/span/lv_span.c ****     /* the loop control how many lines need to draw */
 2689              		.loc 1 1147 10 is_stmt 0 view .LVU749
ARM GAS  C:\Users\w1785\AppData\Local\Temp\ccRqOZjG.s 			page 110


 2690 00b4 109E     		ldr	r6, [sp, #64]
1140:Middlewares/LVGL/lvgl/src/widgets/span/lv_span.c ****     lv_snippet_t snippet;   /* use to save cur_span info and push it to stack */
 2691              		.loc 1 1140 14 view .LVU750
 2692 00b6 0025     		movs	r5, #0
 2693              	.LVL276:
1140:Middlewares/LVGL/lvgl/src/widgets/span/lv_span.c ****     lv_snippet_t snippet;   /* use to save cur_span info and push it to stack */
 2694              		.loc 1 1140 14 view .LVU751
 2695 00b8 0D95     		str	r5, [sp, #52]
1149:Middlewares/LVGL/lvgl/src/widgets/span/lv_span.c ****         bool is_end_line = false;
 2696              		.loc 1 1149 10 view .LVU752
 2697 00ba 09E1     		b	.L179
 2698              	.LVL277:
 2699              	.L237:
 2700              	.LBB107:
 2701              	.LBB102:
1055:Middlewares/LVGL/lvgl/src/widgets/span/lv_span.c ****         LV_LOG_ERROR("occur an error that span text == NULL");
 2702              		.loc 1 1055 15 view .LVU753
 2703 00bc 8F4B     		ldr	r3, .L253
 2704              	.LVL278:
1055:Middlewares/LVGL/lvgl/src/widgets/span/lv_span.c ****         LV_LOG_ERROR("occur an error that span text == NULL");
 2705              		.loc 1 1055 15 view .LVU754
 2706 00be 1F46     		mov	r7, r3
 2707              	.LVL279:
1055:Middlewares/LVGL/lvgl/src/widgets/span/lv_span.c ****         LV_LOG_ERROR("occur an error that span text == NULL");
 2708              		.loc 1 1055 15 view .LVU755
 2709 00c0 E8E7     		b	.L178
 2710              	.LVL280:
 2711              	.L240:
1055:Middlewares/LVGL/lvgl/src/widgets/span/lv_span.c ****         LV_LOG_ERROR("occur an error that span text == NULL");
 2712              		.loc 1 1055 15 view .LVU756
 2713              	.LBE102:
 2714              	.LBE107:
 2715              	.LBB108:
 2716              	.LBB109:
1160:Middlewares/LVGL/lvgl/src/widgets/span/lv_span.c ****                 if(cur_span == NULL) break;
 2717              		.loc 1 1160 17 is_stmt 1 view .LVU757
1160:Middlewares/LVGL/lvgl/src/widgets/span/lv_span.c ****                 if(cur_span == NULL) break;
 2718              		.loc 1 1160 28 is_stmt 0 view .LVU758
 2719 00c2 0599     		ldr	r1, [sp, #20]
 2720 00c4 0B98     		ldr	r0, [sp, #44]
 2721 00c6 FFF7FEFF 		bl	lv_ll_get_next
 2722              	.LVL281:
1161:Middlewares/LVGL/lvgl/src/widgets/span/lv_span.c ****                 cur_txt = cur_span->txt;
 2723              		.loc 1 1161 17 is_stmt 1 view .LVU759
1161:Middlewares/LVGL/lvgl/src/widgets/span/lv_span.c ****                 cur_txt = cur_span->txt;
 2724              		.loc 1 1161 19 is_stmt 0 view .LVU760
 2725 00ca 0590     		str	r0, [sp, #20]
 2726 00cc 0028     		cmp	r0, #0
 2727 00ce 00F0AE80 		beq	.L182
1162:Middlewares/LVGL/lvgl/src/widgets/span/lv_span.c ****                 span_text_check(&cur_txt);
 2728              		.loc 1 1162 17 is_stmt 1 view .LVU761
1162:Middlewares/LVGL/lvgl/src/widgets/span/lv_span.c ****                 span_text_check(&cur_txt);
 2729              		.loc 1 1162 35 is_stmt 0 view .LVU762
 2730 00d2 0768     		ldr	r7, [r0]
 2731              	.LVL282:
1163:Middlewares/LVGL/lvgl/src/widgets/span/lv_span.c ****                 cur_txt_ofs = 0;
 2732              		.loc 1 1163 17 is_stmt 1 view .LVU763
ARM GAS  C:\Users\w1785\AppData\Local\Temp\ccRqOZjG.s 			page 111


 2733              	.LBB110:
 2734              	.LBI110:
1052:Middlewares/LVGL/lvgl/src/widgets/span/lv_span.c **** {
 2735              		.loc 1 1052 20 view .LVU764
 2736              	.LBB111:
1054:Middlewares/LVGL/lvgl/src/widgets/span/lv_span.c ****         *text = "";
 2737              		.loc 1 1054 5 view .LVU765
1054:Middlewares/LVGL/lvgl/src/widgets/span/lv_span.c ****         *text = "";
 2738              		.loc 1 1054 7 is_stmt 0 view .LVU766
 2739 00d4 0FB1     		cbz	r7, .L238
 2740              	.LVL283:
 2741              	.L183:
1056:Middlewares/LVGL/lvgl/src/widgets/span/lv_span.c ****     }
 2742              		.loc 1 1056 9 is_stmt 1 view .LVU767
1056:Middlewares/LVGL/lvgl/src/widgets/span/lv_span.c ****     }
 2743              		.loc 1 1056 9 view .LVU768
1056:Middlewares/LVGL/lvgl/src/widgets/span/lv_span.c ****     }
 2744              		.loc 1 1056 9 view .LVU769
1056:Middlewares/LVGL/lvgl/src/widgets/span/lv_span.c ****     }
 2745              		.loc 1 1056 9 is_stmt 0 view .LVU770
 2746              	.LBE111:
 2747              	.LBE110:
1164:Middlewares/LVGL/lvgl/src/widgets/span/lv_span.c ****                 /* maybe also cur_txt[cur_txt_ofs] == '\0' */
 2748              		.loc 1 1164 17 is_stmt 1 view .LVU771
1166:Middlewares/LVGL/lvgl/src/widgets/span/lv_span.c ****             }
 2749              		.loc 1 1166 17 view .LVU772
1164:Middlewares/LVGL/lvgl/src/widgets/span/lv_span.c ****                 /* maybe also cur_txt[cur_txt_ofs] == '\0' */
 2750              		.loc 1 1164 29 is_stmt 0 view .LVU773
 2751 00d6 0025     		movs	r5, #0
 2752 00d8 4AE0     		b	.L180
 2753              	.LVL284:
 2754              	.L238:
 2755              	.LBB113:
 2756              	.LBB112:
1055:Middlewares/LVGL/lvgl/src/widgets/span/lv_span.c ****         LV_LOG_ERROR("occur an error that span text == NULL");
 2757              		.loc 1 1055 15 view .LVU774
 2758 00da 884F     		ldr	r7, .L253
 2759              	.LVL285:
1055:Middlewares/LVGL/lvgl/src/widgets/span/lv_span.c ****         LV_LOG_ERROR("occur an error that span text == NULL");
 2760              		.loc 1 1055 15 view .LVU775
 2761 00dc FBE7     		b	.L183
 2762              	.LVL286:
 2763              	.L241:
1055:Middlewares/LVGL/lvgl/src/widgets/span/lv_span.c ****         LV_LOG_ERROR("occur an error that span text == NULL");
 2764              		.loc 1 1055 15 view .LVU776
 2765              	.LBE112:
 2766              	.LBE113:
1171:Middlewares/LVGL/lvgl/src/widgets/span/lv_span.c ****                 snippet.font = lv_span_get_style_text_font(obj, cur_span);
 2767              		.loc 1 1171 17 is_stmt 1 view .LVU777
1171:Middlewares/LVGL/lvgl/src/widgets/span/lv_span.c ****                 snippet.font = lv_span_get_style_text_font(obj, cur_span);
 2768              		.loc 1 1171 30 is_stmt 0 view .LVU778
 2769 00de 059B     		ldr	r3, [sp, #20]
 2770 00e0 3993     		str	r3, [sp, #228]
1172:Middlewares/LVGL/lvgl/src/widgets/span/lv_span.c ****                 snippet.letter_space = lv_span_get_style_text_letter_space(obj, cur_span);
 2771              		.loc 1 1172 17 is_stmt 1 view .LVU779
1172:Middlewares/LVGL/lvgl/src/widgets/span/lv_span.c ****                 snippet.letter_space = lv_span_get_style_text_letter_space(obj, cur_span);
 2772              		.loc 1 1172 32 is_stmt 0 view .LVU780
ARM GAS  C:\Users\w1785\AppData\Local\Temp\ccRqOZjG.s 			page 112


 2773 00e2 9A46     		mov	r10, r3
 2774 00e4 1946     		mov	r1, r3
 2775 00e6 5846     		mov	r0, fp
 2776 00e8 FFF7FEFF 		bl	lv_span_get_style_text_font
 2777              	.LVL287:
1172:Middlewares/LVGL/lvgl/src/widgets/span/lv_span.c ****                 snippet.letter_space = lv_span_get_style_text_letter_space(obj, cur_span);
 2778              		.loc 1 1172 30 discriminator 1 view .LVU781
 2779 00ec 3B90     		str	r0, [sp, #236]
1173:Middlewares/LVGL/lvgl/src/widgets/span/lv_span.c ****                 snippet.line_h = lv_font_get_line_height(snippet.font) + line_space;
 2780              		.loc 1 1173 17 is_stmt 1 view .LVU782
1173:Middlewares/LVGL/lvgl/src/widgets/span/lv_span.c ****                 snippet.line_h = lv_font_get_line_height(snippet.font) + line_space;
 2781              		.loc 1 1173 40 is_stmt 0 view .LVU783
 2782 00ee 5146     		mov	r1, r10
 2783 00f0 5846     		mov	r0, fp
 2784 00f2 FFF7FEFF 		bl	lv_span_get_style_text_letter_space
 2785              	.LVL288:
1173:Middlewares/LVGL/lvgl/src/widgets/span/lv_span.c ****                 snippet.line_h = lv_font_get_line_height(snippet.font) + line_space;
 2786              		.loc 1 1173 38 discriminator 1 view .LVU784
 2787 00f6 3F90     		str	r0, [sp, #252]
1174:Middlewares/LVGL/lvgl/src/widgets/span/lv_span.c ****             }
 2788              		.loc 1 1174 17 is_stmt 1 view .LVU785
1174:Middlewares/LVGL/lvgl/src/widgets/span/lv_span.c ****             }
 2789              		.loc 1 1174 34 is_stmt 0 view .LVU786
 2790 00f8 3B98     		ldr	r0, [sp, #236]
 2791 00fa FFF7FEFF 		bl	lv_font_get_line_height
 2792              	.LVL289:
1174:Middlewares/LVGL/lvgl/src/widgets/span/lv_span.c ****             }
 2793              		.loc 1 1174 72 discriminator 1 view .LVU787
 2794 00fe 099B     		ldr	r3, [sp, #36]
 2795 0100 1844     		add	r0, r0, r3
1174:Middlewares/LVGL/lvgl/src/widgets/span/lv_span.c ****             }
 2796              		.loc 1 1174 32 discriminator 1 view .LVU788
 2797 0102 3E90     		str	r0, [sp, #248]
 2798 0104 3BE0     		b	.L185
 2799              	.LVL290:
 2800              	.L187:
 2801              	.LBB114:
1191:Middlewares/LVGL/lvgl/src/widgets/span/lv_span.c ****                         break;
 2802              		.loc 1 1191 21 is_stmt 1 view .LVU789
1191:Middlewares/LVGL/lvgl/src/widgets/span/lv_span.c ****                         break;
 2803              		.loc 1 1191 23 is_stmt 0 view .LVU790
 2804 0106 079B     		ldr	r3, [sp, #28]
 2805 0108 9C42     		cmp	r4, r3
 2806 010a C0F29080 		blt	.L182
1194:Middlewares/LVGL/lvgl/src/widgets/span/lv_span.c ****                     uint32_t letter = lv_text_encoded_prev(&cur_txt[cur_txt_ofs], &tmp_ofs);
 2807              		.loc 1 1194 21 is_stmt 1 view .LVU791
1194:Middlewares/LVGL/lvgl/src/widgets/span/lv_span.c ****                     uint32_t letter = lv_text_encoded_prev(&cur_txt[cur_txt_ofs], &tmp_ofs);
 2808              		.loc 1 1194 30 is_stmt 0 view .LVU792
 2809 010e 149B     		ldr	r3, [sp, #80]
 2810 0110 1793     		str	r3, [sp, #92]
1195:Middlewares/LVGL/lvgl/src/widgets/span/lv_span.c ****                     uint32_t letter_next = lv_text_encoded_next(&cur_txt[cur_txt_ofs + next_ofs], N
 2811              		.loc 1 1195 21 is_stmt 1 view .LVU793
1195:Middlewares/LVGL/lvgl/src/widgets/span/lv_span.c ****                     uint32_t letter_next = lv_text_encoded_next(&cur_txt[cur_txt_ofs + next_ofs], N
 2812              		.loc 1 1195 39 is_stmt 0 view .LVU794
 2813 0112 7B4B     		ldr	r3, .L253+4
 2814 0114 1B68     		ldr	r3, [r3]
 2815 0116 17A9     		add	r1, sp, #92
ARM GAS  C:\Users\w1785\AppData\Local\Temp\ccRqOZjG.s 			page 113


 2816 0118 4046     		mov	r0, r8
 2817 011a 9847     		blx	r3
 2818              	.LVL291:
 2819 011c 0790     		str	r0, [sp, #28]
 2820              	.LVL292:
1196:Middlewares/LVGL/lvgl/src/widgets/span/lv_span.c ****                     if(!(letter == '\0' || letter == '\n' || letter == '\r' || lv_text_is_break_cha
 2821              		.loc 1 1196 21 is_stmt 1 view .LVU795
1196:Middlewares/LVGL/lvgl/src/widgets/span/lv_span.c ****                     if(!(letter == '\0' || letter == '\n' || letter == '\r' || lv_text_is_break_cha
 2822              		.loc 1 1196 86 is_stmt 0 view .LVU796
 2823 011e 1498     		ldr	r0, [sp, #80]
 2824              	.LVL293:
1196:Middlewares/LVGL/lvgl/src/widgets/span/lv_span.c ****                     if(!(letter == '\0' || letter == '\n' || letter == '\r' || lv_text_is_break_cha
 2825              		.loc 1 1196 86 view .LVU797
 2826 0120 2844     		add	r0, r0, r5
1196:Middlewares/LVGL/lvgl/src/widgets/span/lv_span.c ****                     if(!(letter == '\0' || letter == '\n' || letter == '\r' || lv_text_is_break_cha
 2827              		.loc 1 1196 44 view .LVU798
 2828 0122 784B     		ldr	r3, .L253+8
 2829 0124 1B68     		ldr	r3, [r3]
 2830 0126 0021     		movs	r1, #0
 2831 0128 3844     		add	r0, r0, r7
 2832 012a 9847     		blx	r3
 2833              	.LVL294:
 2834 012c 0890     		str	r0, [sp, #32]
 2835              	.LVL295:
1197:Middlewares/LVGL/lvgl/src/widgets/span/lv_span.c ****                          lv_text_is_a_word(letter) || lv_text_is_a_word(letter_next))) {
 2836              		.loc 1 1197 21 is_stmt 1 view .LVU799
 2837 012e 079A     		ldr	r2, [sp, #28]
 2838 0130 0D2A     		cmp	r2, #13
 2839 0132 53D8     		bhi	.L224
1197:Middlewares/LVGL/lvgl/src/widgets/span/lv_span.c ****                          lv_text_is_a_word(letter) || lv_text_is_a_word(letter_next))) {
 2840              		.loc 1 1197 21 is_stmt 0 view .LVU800
 2841 0134 42F20143 		movw	r3, #9217
 2842 0138 D340     		lsrs	r3, r3, r2
 2843 013a 13F0010F 		tst	r3, #1
 2844 013e 43D0     		beq	.L239
 2845              	.LVL296:
 2846              	.L186:
1197:Middlewares/LVGL/lvgl/src/widgets/span/lv_span.c ****                          lv_text_is_a_word(letter) || lv_text_is_a_word(letter_next))) {
 2847              		.loc 1 1197 21 view .LVU801
 2848              	.LBE114:
1206:Middlewares/LVGL/lvgl/src/widgets/span/lv_span.c ****             snippet.bytes = next_ofs;
 2849              		.loc 1 1206 13 is_stmt 1 view .LVU802
1206:Middlewares/LVGL/lvgl/src/widgets/span/lv_span.c ****             snippet.bytes = next_ofs;
 2850              		.loc 1 1206 25 is_stmt 0 view .LVU803
 2851 0140 CDF8E880 		str	r8, [sp, #232]
1207:Middlewares/LVGL/lvgl/src/widgets/span/lv_span.c ****             snippet.txt_w = use_width;
 2852              		.loc 1 1207 13 is_stmt 1 view .LVU804
1207:Middlewares/LVGL/lvgl/src/widgets/span/lv_span.c ****             snippet.txt_w = use_width;
 2853              		.loc 1 1207 27 is_stmt 0 view .LVU805
 2854 0144 149B     		ldr	r3, [sp, #80]
 2855 0146 3C93     		str	r3, [sp, #240]
1208:Middlewares/LVGL/lvgl/src/widgets/span/lv_span.c ****             cur_txt_ofs += next_ofs;
 2856              		.loc 1 1208 13 is_stmt 1 view .LVU806
1208:Middlewares/LVGL/lvgl/src/widgets/span/lv_span.c ****             cur_txt_ofs += next_ofs;
 2857              		.loc 1 1208 27 is_stmt 0 view .LVU807
 2858 0148 159A     		ldr	r2, [sp, #84]
 2859 014a 3D92     		str	r2, [sp, #244]
ARM GAS  C:\Users\w1785\AppData\Local\Temp\ccRqOZjG.s 			page 114


1209:Middlewares/LVGL/lvgl/src/widgets/span/lv_span.c ****             if(max_line_h < snippet.line_h) {
 2860              		.loc 1 1209 13 is_stmt 1 view .LVU808
1209:Middlewares/LVGL/lvgl/src/widgets/span/lv_span.c ****             if(max_line_h < snippet.line_h) {
 2861              		.loc 1 1209 25 is_stmt 0 view .LVU809
 2862 014c 1D44     		add	r5, r5, r3
 2863              	.LVL297:
1210:Middlewares/LVGL/lvgl/src/widgets/span/lv_span.c ****                 max_line_h = snippet.line_h;
 2864              		.loc 1 1210 13 is_stmt 1 view .LVU810
1210:Middlewares/LVGL/lvgl/src/widgets/span/lv_span.c ****                 max_line_h = snippet.line_h;
 2865              		.loc 1 1210 36 is_stmt 0 view .LVU811
 2866 014e 3E9B     		ldr	r3, [sp, #248]
1210:Middlewares/LVGL/lvgl/src/widgets/span/lv_span.c ****                 max_line_h = snippet.line_h;
 2867              		.loc 1 1210 15 view .LVU812
 2868 0150 4B45     		cmp	r3, r9
 2869 0152 03DD     		ble	.L198
1211:Middlewares/LVGL/lvgl/src/widgets/span/lv_span.c ****                 max_baseline = snippet.font->base_line;
 2870              		.loc 1 1211 17 is_stmt 1 view .LVU813
 2871              	.LVL298:
1212:Middlewares/LVGL/lvgl/src/widgets/span/lv_span.c ****             }
 2872              		.loc 1 1212 17 view .LVU814
1212:Middlewares/LVGL/lvgl/src/widgets/span/lv_span.c ****             }
 2873              		.loc 1 1212 39 is_stmt 0 view .LVU815
 2874 0154 3B9A     		ldr	r2, [sp, #236]
1212:Middlewares/LVGL/lvgl/src/widgets/span/lv_span.c ****             }
 2875              		.loc 1 1212 30 view .LVU816
 2876 0156 1269     		ldr	r2, [r2, #16]
 2877 0158 0692     		str	r2, [sp, #24]
 2878              	.LVL299:
1211:Middlewares/LVGL/lvgl/src/widgets/span/lv_span.c ****                 max_baseline = snippet.font->base_line;
 2879              		.loc 1 1211 28 view .LVU817
 2880 015a 9946     		mov	r9, r3
 2881              	.LVL300:
 2882              	.L198:
1215:Middlewares/LVGL/lvgl/src/widgets/span/lv_span.c ****             max_w = max_w - use_width;
 2883              		.loc 1 1215 13 is_stmt 1 view .LVU818
 2884 015c 39A8     		add	r0, sp, #228
 2885 015e FFF7FEFF 		bl	lv_snippet_push
 2886              	.LVL301:
1216:Middlewares/LVGL/lvgl/src/widgets/span/lv_span.c ****             if(isfill || max_w <= 0) {
 2887              		.loc 1 1216 13 view .LVU819
1216:Middlewares/LVGL/lvgl/src/widgets/span/lv_span.c ****             if(isfill || max_w <= 0) {
 2888              		.loc 1 1216 27 is_stmt 0 view .LVU820
 2889 0162 159B     		ldr	r3, [sp, #84]
1216:Middlewares/LVGL/lvgl/src/widgets/span/lv_span.c ****             if(isfill || max_w <= 0) {
 2890              		.loc 1 1216 19 view .LVU821
 2891 0164 E41A     		subs	r4, r4, r3
 2892              	.LVL302:
1217:Middlewares/LVGL/lvgl/src/widgets/span/lv_span.c ****                 break;
 2893              		.loc 1 1217 13 is_stmt 1 view .LVU822
1217:Middlewares/LVGL/lvgl/src/widgets/span/lv_span.c ****                 break;
 2894              		.loc 1 1217 15 is_stmt 0 view .LVU823
 2895 0166 BAF1000F 		cmp	r10, #0
 2896 016a 60D1     		bne	.L182
1217:Middlewares/LVGL/lvgl/src/widgets/span/lv_span.c ****                 break;
 2897              		.loc 1 1217 23 discriminator 1 view .LVU824
 2898 016c 002C     		cmp	r4, #0
 2899 016e 5EDD     		ble	.L182
ARM GAS  C:\Users\w1785\AppData\Local\Temp\ccRqOZjG.s 			page 115


 2900              	.LVL303:
 2901              	.L180:
1217:Middlewares/LVGL/lvgl/src/widgets/span/lv_span.c ****                 break;
 2902              		.loc 1 1217 23 discriminator 1 view .LVU825
 2903              	.LBE109:
1157:Middlewares/LVGL/lvgl/src/widgets/span/lv_span.c ****             /* switch to the next span when current is end */
 2904              		.loc 1 1157 9 is_stmt 1 view .LVU826
 2905              	.LBB125:
1159:Middlewares/LVGL/lvgl/src/widgets/span/lv_span.c ****                 cur_span = lv_ll_get_next(&spans->child_ll, cur_span);
 2906              		.loc 1 1159 13 view .LVU827
1159:Middlewares/LVGL/lvgl/src/widgets/span/lv_span.c ****                 cur_span = lv_ll_get_next(&spans->child_ll, cur_span);
 2907              		.loc 1 1159 23 is_stmt 0 view .LVU828
 2908 0170 07EB0508 		add	r8, r7, r5
 2909 0174 7B5D     		ldrb	r3, [r7, r5]	@ zero_extendqisi2
1159:Middlewares/LVGL/lvgl/src/widgets/span/lv_span.c ****                 cur_span = lv_ll_get_next(&spans->child_ll, cur_span);
 2910              		.loc 1 1159 15 view .LVU829
 2911 0176 002B     		cmp	r3, #0
 2912 0178 A3D0     		beq	.L240
1170:Middlewares/LVGL/lvgl/src/widgets/span/lv_span.c ****                 snippet.span = cur_span;
 2913              		.loc 1 1170 13 is_stmt 1 view .LVU830
1170:Middlewares/LVGL/lvgl/src/widgets/span/lv_span.c ****                 snippet.span = cur_span;
 2914              		.loc 1 1170 15 is_stmt 0 view .LVU831
 2915 017a 002D     		cmp	r5, #0
 2916 017c AFD0     		beq	.L241
 2917              	.L185:
1178:Middlewares/LVGL/lvgl/src/widgets/span/lv_span.c ****             int32_t use_width = 0;
 2918              		.loc 1 1178 13 is_stmt 1 view .LVU832
1178:Middlewares/LVGL/lvgl/src/widgets/span/lv_span.c ****             int32_t use_width = 0;
 2919              		.loc 1 1178 22 is_stmt 0 view .LVU833
 2920 017e 0023     		movs	r3, #0
 2921 0180 1493     		str	r3, [sp, #80]
1179:Middlewares/LVGL/lvgl/src/widgets/span/lv_span.c ****             bool isfill = lv_text_get_snippet(&cur_txt[cur_txt_ofs], snippet.font, snippet.letter_s
 2922              		.loc 1 1179 13 is_stmt 1 view .LVU834
1179:Middlewares/LVGL/lvgl/src/widgets/span/lv_span.c ****             bool isfill = lv_text_get_snippet(&cur_txt[cur_txt_ofs], snippet.font, snippet.letter_s
 2923              		.loc 1 1179 21 is_stmt 0 view .LVU835
 2924 0182 1593     		str	r3, [sp, #84]
1180:Middlewares/LVGL/lvgl/src/widgets/span/lv_span.c ****                                               max_w, txt_flag, &use_width, &next_ofs);
 2925              		.loc 1 1180 13 is_stmt 1 view .LVU836
1180:Middlewares/LVGL/lvgl/src/widgets/span/lv_span.c ****                                               max_w, txt_flag, &use_width, &next_ofs);
 2926              		.loc 1 1180 27 is_stmt 0 view .LVU837
 2927 0184 14AA     		add	r2, sp, #80
 2928 0186 0292     		str	r2, [sp, #8]
 2929 0188 15AA     		add	r2, sp, #84
 2930 018a 0192     		str	r2, [sp, #4]
 2931 018c 0093     		str	r3, [sp]
 2932 018e 2346     		mov	r3, r4
 2933 0190 3F9A     		ldr	r2, [sp, #252]
 2934 0192 3B99     		ldr	r1, [sp, #236]
 2935 0194 4046     		mov	r0, r8
 2936 0196 FFF7FEFF 		bl	lv_text_get_snippet
 2937              	.LVL304:
1183:Middlewares/LVGL/lvgl/src/widgets/span/lv_span.c ****                 if(next_ofs > 0 && lv_get_snippet_count() > 0) {
 2938              		.loc 1 1183 13 is_stmt 1 view .LVU838
1183:Middlewares/LVGL/lvgl/src/widgets/span/lv_span.c ****                 if(next_ofs > 0 && lv_get_snippet_count() > 0) {
 2939              		.loc 1 1183 15 is_stmt 0 view .LVU839
 2940 019a 8246     		mov	r10, r0
 2941 019c 0028     		cmp	r0, #0
ARM GAS  C:\Users\w1785\AppData\Local\Temp\ccRqOZjG.s 			page 116


 2942 019e CFD0     		beq	.L186
1184:Middlewares/LVGL/lvgl/src/widgets/span/lv_span.c ****                     int32_t drawn_width = use_width;
 2943              		.loc 1 1184 17 is_stmt 1 view .LVU840
1184:Middlewares/LVGL/lvgl/src/widgets/span/lv_span.c ****                     int32_t drawn_width = use_width;
 2944              		.loc 1 1184 29 is_stmt 0 view .LVU841
 2945 01a0 149B     		ldr	r3, [sp, #80]
1184:Middlewares/LVGL/lvgl/src/widgets/span/lv_span.c ****                     int32_t drawn_width = use_width;
 2946              		.loc 1 1184 19 view .LVU842
 2947 01a2 002B     		cmp	r3, #0
 2948 01a4 CCD0     		beq	.L186
1184:Middlewares/LVGL/lvgl/src/widgets/span/lv_span.c ****                     int32_t drawn_width = use_width;
 2949              		.loc 1 1184 36 discriminator 1 view .LVU843
 2950 01a6 FFF7FEFF 		bl	lv_get_snippet_count
 2951              	.LVL305:
1184:Middlewares/LVGL/lvgl/src/widgets/span/lv_span.c ****                     int32_t drawn_width = use_width;
 2952              		.loc 1 1184 33 discriminator 1 view .LVU844
 2953 01aa 0028     		cmp	r0, #0
 2954 01ac C8D0     		beq	.L186
 2955              	.LBB123:
1185:Middlewares/LVGL/lvgl/src/widgets/span/lv_span.c ****                     if(lv_ll_get_next(&spans->child_ll, cur_span) == NULL) {
 2956              		.loc 1 1185 21 is_stmt 1 view .LVU845
1185:Middlewares/LVGL/lvgl/src/widgets/span/lv_span.c ****                     if(lv_ll_get_next(&spans->child_ll, cur_span) == NULL) {
 2957              		.loc 1 1185 29 is_stmt 0 view .LVU846
 2958 01ae 159B     		ldr	r3, [sp, #84]
 2959 01b0 0793     		str	r3, [sp, #28]
 2960              	.LVL306:
1186:Middlewares/LVGL/lvgl/src/widgets/span/lv_span.c ****                         drawn_width -= snippet.letter_space;
 2961              		.loc 1 1186 21 is_stmt 1 view .LVU847
1186:Middlewares/LVGL/lvgl/src/widgets/span/lv_span.c ****                         drawn_width -= snippet.letter_space;
 2962              		.loc 1 1186 24 is_stmt 0 view .LVU848
 2963 01b2 0599     		ldr	r1, [sp, #20]
 2964 01b4 0B98     		ldr	r0, [sp, #44]
 2965 01b6 FFF7FEFF 		bl	lv_ll_get_next
 2966              	.LVL307:
1186:Middlewares/LVGL/lvgl/src/widgets/span/lv_span.c ****                         drawn_width -= snippet.letter_space;
 2967              		.loc 1 1186 23 discriminator 1 view .LVU849
 2968 01ba 0028     		cmp	r0, #0
 2969 01bc A3D1     		bne	.L187
1187:Middlewares/LVGL/lvgl/src/widgets/span/lv_span.c ****                     }
 2970              		.loc 1 1187 25 is_stmt 1 view .LVU850
1187:Middlewares/LVGL/lvgl/src/widgets/span/lv_span.c ****                     }
 2971              		.loc 1 1187 47 is_stmt 0 view .LVU851
 2972 01be 3F9B     		ldr	r3, [sp, #252]
1187:Middlewares/LVGL/lvgl/src/widgets/span/lv_span.c ****                     }
 2973              		.loc 1 1187 37 view .LVU852
 2974 01c0 079A     		ldr	r2, [sp, #28]
 2975 01c2 D31A     		subs	r3, r2, r3
 2976 01c4 0793     		str	r3, [sp, #28]
 2977              	.LVL308:
1187:Middlewares/LVGL/lvgl/src/widgets/span/lv_span.c ****                     }
 2978              		.loc 1 1187 37 view .LVU853
 2979 01c6 9EE7     		b	.L187
 2980              	.LVL309:
 2981              	.L239:
1196:Middlewares/LVGL/lvgl/src/widgets/span/lv_span.c ****                     if(!(letter == '\0' || letter == '\n' || letter == '\r' || lv_text_is_break_cha
 2982              		.loc 1 1196 44 view .LVU854
 2983 01c8 0023     		movs	r3, #0
ARM GAS  C:\Users\w1785\AppData\Local\Temp\ccRqOZjG.s 			page 117


 2984 01ca 1146     		mov	r1, r2
 2985              	.L192:
 2986              	.LVL310:
 2987              	.LBB115:
 2988              	.LBB116:
 152:Middlewares/LVGL/lvgl/src/widgets/span/../../misc/lv_text_private.h ****         if(letter == (uint32_t)LV_TXT_BREAK_CHARS[i]) {
 2989              		.loc 2 152 38 is_stmt 1 discriminator 1 view .LVU855
 152:Middlewares/LVGL/lvgl/src/widgets/span/../../misc/lv_text_private.h ****         if(letter == (uint32_t)LV_TXT_BREAK_CHARS[i]) {
 2990              		.loc 2 152 34 is_stmt 0 discriminator 1 view .LVU856
 2991 01cc 4E4A     		ldr	r2, .L253+12
 2992 01ce D25C     		ldrb	r2, [r2, r3]	@ zero_extendqisi2
 152:Middlewares/LVGL/lvgl/src/widgets/span/../../misc/lv_text_private.h ****         if(letter == (uint32_t)LV_TXT_BREAK_CHARS[i]) {
 2993              		.loc 2 152 38 discriminator 1 view .LVU857
 2994 01d0 3AB1     		cbz	r2, .L242
 153:Middlewares/LVGL/lvgl/src/widgets/span/../../misc/lv_text_private.h ****             ret = true; /*If match then it is break char*/
 2995              		.loc 2 153 9 is_stmt 1 view .LVU858
 153:Middlewares/LVGL/lvgl/src/widgets/span/../../misc/lv_text_private.h ****             ret = true; /*If match then it is break char*/
 2996              		.loc 2 153 11 is_stmt 0 view .LVU859
 2997 01d2 9142     		cmp	r1, r2
 2998 01d4 1FD0     		beq	.L225
 152:Middlewares/LVGL/lvgl/src/widgets/span/../../misc/lv_text_private.h ****         if(letter == (uint32_t)LV_TXT_BREAK_CHARS[i]) {
 2999              		.loc 2 152 48 is_stmt 1 discriminator 2 view .LVU860
 3000 01d6 0133     		adds	r3, r3, #1
 3001              	.LVL311:
 152:Middlewares/LVGL/lvgl/src/widgets/span/../../misc/lv_text_private.h ****         if(letter == (uint32_t)LV_TXT_BREAK_CHARS[i]) {
 3002              		.loc 2 152 48 is_stmt 0 discriminator 2 view .LVU861
 3003 01d8 DBB2     		uxtb	r3, r3
 3004              	.LVL312:
 152:Middlewares/LVGL/lvgl/src/widgets/span/../../misc/lv_text_private.h ****         if(letter == (uint32_t)LV_TXT_BREAK_CHARS[i]) {
 3005              		.loc 2 152 48 discriminator 2 view .LVU862
 3006 01da F7E7     		b	.L192
 3007              	.LVL313:
 3008              	.L224:
 152:Middlewares/LVGL/lvgl/src/widgets/span/../../misc/lv_text_private.h ****         if(letter == (uint32_t)LV_TXT_BREAK_CHARS[i]) {
 3009              		.loc 2 152 48 discriminator 2 view .LVU863
 3010              	.LBE116:
 3011              	.LBE115:
1196:Middlewares/LVGL/lvgl/src/widgets/span/lv_span.c ****                     if(!(letter == '\0' || letter == '\n' || letter == '\r' || lv_text_is_break_cha
 3012              		.loc 1 1196 44 view .LVU864
 3013 01dc 0023     		movs	r3, #0
 3014 01de 0799     		ldr	r1, [sp, #28]
 3015 01e0 F4E7     		b	.L192
 3016              	.LVL314:
 3017              	.L242:
 3018              	.LBB119:
 3019              	.LBB117:
 149:Middlewares/LVGL/lvgl/src/widgets/span/../../misc/lv_text_private.h **** 
 3020              		.loc 2 149 10 view .LVU865
 3021 01e2 0023     		movs	r3, #0
 3022              	.LVL315:
 3023              	.L191:
 159:Middlewares/LVGL/lvgl/src/widgets/span/../../misc/lv_text_private.h **** }
 3024              		.loc 2 159 5 is_stmt 1 view .LVU866
 159:Middlewares/LVGL/lvgl/src/widgets/span/../../misc/lv_text_private.h **** }
 3025              		.loc 2 159 5 is_stmt 0 view .LVU867
 3026              	.LBE117:
 3027              	.LBE119:
ARM GAS  C:\Users\w1785\AppData\Local\Temp\ccRqOZjG.s 			page 118


1197:Middlewares/LVGL/lvgl/src/widgets/span/lv_span.c ****                          lv_text_is_a_word(letter) || lv_text_is_a_word(letter_next))) {
 3028              		.loc 1 1197 77 discriminator 1 view .LVU868
 3029 01e4 002B     		cmp	r3, #0
 3030 01e6 ABD1     		bne	.L186
1198:Middlewares/LVGL/lvgl/src/widgets/span/lv_span.c ****                         if(!(letter_next == '\0' || letter_next == '\n'  || letter_next == '\r' || 
 3031              		.loc 1 1198 26 view .LVU869
 3032 01e8 0798     		ldr	r0, [sp, #28]
 3033              	.LVL316:
1198:Middlewares/LVGL/lvgl/src/widgets/span/lv_span.c ****                         if(!(letter_next == '\0' || letter_next == '\n'  || letter_next == '\r' || 
 3034              		.loc 1 1198 26 view .LVU870
 3035 01ea FFF7FEFF 		bl	lv_text_is_a_word
 3036              	.LVL317:
1197:Middlewares/LVGL/lvgl/src/widgets/span/lv_span.c ****                          lv_text_is_a_word(letter) || lv_text_is_a_word(letter_next))) {
 3037              		.loc 1 1197 110 discriminator 4 view .LVU871
 3038 01ee 0028     		cmp	r0, #0
 3039 01f0 A6D1     		bne	.L186
1198:Middlewares/LVGL/lvgl/src/widgets/span/lv_span.c ****                         if(!(letter_next == '\0' || letter_next == '\n'  || letter_next == '\r' || 
 3040              		.loc 1 1198 55 view .LVU872
 3041 01f2 0898     		ldr	r0, [sp, #32]
 3042 01f4 FFF7FEFF 		bl	lv_text_is_a_word
 3043              	.LVL318:
1197:Middlewares/LVGL/lvgl/src/widgets/span/lv_span.c ****                          lv_text_is_a_word(letter) || lv_text_is_a_word(letter_next))) {
 3044              		.loc 1 1197 24 discriminator 5 view .LVU873
 3045 01f8 0146     		mov	r1, r0
 3046 01fa 0028     		cmp	r0, #0
 3047 01fc A0D1     		bne	.L186
1199:Middlewares/LVGL/lvgl/src/widgets/span/lv_span.c ****                             break;
 3048              		.loc 1 1199 25 is_stmt 1 view .LVU874
 3049 01fe 089A     		ldr	r2, [sp, #32]
 3050 0200 0D2A     		cmp	r2, #13
 3051 0202 35D8     		bhi	.L226
 3052 0204 42F20143 		movw	r3, #9217
 3053 0208 D340     		lsrs	r3, r3, r2
 3054 020a 13F0010F 		tst	r3, #1
 3055 020e 97D1     		bne	.L186
1197:Middlewares/LVGL/lvgl/src/widgets/span/lv_span.c ****                          lv_text_is_a_word(letter) || lv_text_is_a_word(letter_next))) {
 3056              		.loc 1 1197 24 is_stmt 0 discriminator 5 view .LVU875
 3057 0210 0023     		movs	r3, #0
 3058 0212 1046     		mov	r0, r2
 3059 0214 03E0     		b	.L196
 3060              	.LVL319:
 3061              	.L225:
 3062              	.LBB120:
 3063              	.LBB118:
 154:Middlewares/LVGL/lvgl/src/widgets/span/../../misc/lv_text_private.h ****             break;
 3064              		.loc 2 154 17 view .LVU876
 3065 0216 5346     		mov	r3, r10
 3066              	.LVL320:
 154:Middlewares/LVGL/lvgl/src/widgets/span/../../misc/lv_text_private.h ****             break;
 3067              		.loc 2 154 17 view .LVU877
 3068 0218 E4E7     		b	.L191
 3069              	.LVL321:
 3070              	.L243:
 154:Middlewares/LVGL/lvgl/src/widgets/span/../../misc/lv_text_private.h ****             break;
 3071              		.loc 2 154 17 view .LVU878
 3072              	.LBE118:
 3073              	.LBE120:
ARM GAS  C:\Users\w1785\AppData\Local\Temp\ccRqOZjG.s 			page 119


 3074              	.LBB121:
 3075              	.LBB122:
 152:Middlewares/LVGL/lvgl/src/widgets/span/../../misc/lv_text_private.h ****         if(letter == (uint32_t)LV_TXT_BREAK_CHARS[i]) {
 3076              		.loc 2 152 48 is_stmt 1 discriminator 2 view .LVU879
 3077 021a 0133     		adds	r3, r3, #1
 3078              	.LVL322:
 152:Middlewares/LVGL/lvgl/src/widgets/span/../../misc/lv_text_private.h ****         if(letter == (uint32_t)LV_TXT_BREAK_CHARS[i]) {
 3079              		.loc 2 152 48 is_stmt 0 discriminator 2 view .LVU880
 3080 021c DBB2     		uxtb	r3, r3
 3081              	.LVL323:
 3082              	.L196:
 152:Middlewares/LVGL/lvgl/src/widgets/span/../../misc/lv_text_private.h ****         if(letter == (uint32_t)LV_TXT_BREAK_CHARS[i]) {
 3083              		.loc 2 152 38 is_stmt 1 discriminator 1 view .LVU881
 152:Middlewares/LVGL/lvgl/src/widgets/span/../../misc/lv_text_private.h ****         if(letter == (uint32_t)LV_TXT_BREAK_CHARS[i]) {
 3084              		.loc 2 152 34 is_stmt 0 discriminator 1 view .LVU882
 3085 021e 3A4A     		ldr	r2, .L253+12
 3086 0220 D25C     		ldrb	r2, [r2, r3]	@ zero_extendqisi2
 152:Middlewares/LVGL/lvgl/src/widgets/span/../../misc/lv_text_private.h ****         if(letter == (uint32_t)LV_TXT_BREAK_CHARS[i]) {
 3087              		.loc 2 152 38 discriminator 1 view .LVU883
 3088 0222 12B1     		cbz	r2, .L195
 153:Middlewares/LVGL/lvgl/src/widgets/span/../../misc/lv_text_private.h ****             ret = true; /*If match then it is break char*/
 3089              		.loc 2 153 9 is_stmt 1 view .LVU884
 153:Middlewares/LVGL/lvgl/src/widgets/span/../../misc/lv_text_private.h ****             ret = true; /*If match then it is break char*/
 3090              		.loc 2 153 11 is_stmt 0 view .LVU885
 3091 0224 9042     		cmp	r0, r2
 3092 0226 F8D1     		bne	.L243
 154:Middlewares/LVGL/lvgl/src/widgets/span/../../misc/lv_text_private.h ****             break;
 3093              		.loc 2 154 17 view .LVU886
 3094 0228 5146     		mov	r1, r10
 3095              	.L195:
 3096              	.LVL324:
 159:Middlewares/LVGL/lvgl/src/widgets/span/../../misc/lv_text_private.h **** }
 3097              		.loc 2 159 5 is_stmt 1 view .LVU887
 159:Middlewares/LVGL/lvgl/src/widgets/span/../../misc/lv_text_private.h **** }
 3098              		.loc 2 159 5 is_stmt 0 view .LVU888
 3099              	.LBE122:
 3100              	.LBE121:
1199:Middlewares/LVGL/lvgl/src/widgets/span/lv_span.c ****                             break;
 3101              		.loc 1 1199 28 discriminator 1 view .LVU889
 3102 022a 0029     		cmp	r1, #0
 3103 022c 88D1     		bne	.L186
 3104              	.LVL325:
 3105              	.L182:
1199:Middlewares/LVGL/lvgl/src/widgets/span/lv_span.c ****                             break;
 3106              		.loc 1 1199 28 discriminator 1 view .LVU890
 3107              	.LBE123:
 3108              	.LBE125:
1224:Middlewares/LVGL/lvgl/src/widgets/span/lv_span.c ****         if(item_cnt == 0) {     /* break if stack is empty */
 3109              		.loc 1 1224 29 view .LVU891
 3110 022e 0D95     		str	r5, [sp, #52]
 3111              	.LVL326:
1224:Middlewares/LVGL/lvgl/src/widgets/span/lv_span.c ****         if(item_cnt == 0) {     /* break if stack is empty */
 3112              		.loc 1 1224 9 is_stmt 1 view .LVU892
1224:Middlewares/LVGL/lvgl/src/widgets/span/lv_span.c ****         if(item_cnt == 0) {     /* break if stack is empty */
 3113              		.loc 1 1224 29 is_stmt 0 view .LVU893
 3114 0230 FFF7FEFF 		bl	lv_get_snippet_count
 3115              	.LVL327:
ARM GAS  C:\Users\w1785\AppData\Local\Temp\ccRqOZjG.s 			page 120


1225:Middlewares/LVGL/lvgl/src/widgets/span/lv_span.c ****             break;
 3116              		.loc 1 1225 9 is_stmt 1 view .LVU894
1225:Middlewares/LVGL/lvgl/src/widgets/span/lv_span.c ****             break;
 3117              		.loc 1 1225 11 is_stmt 0 view .LVU895
 3118 0234 8246     		mov	r10, r0
 3119 0236 0028     		cmp	r0, #0
 3120 0238 00F05B81 		beq	.L199
 3121              	.LVL328:
 3122              	.LBB126:
1231:Middlewares/LVGL/lvgl/src/widgets/span/lv_span.c ****             int32_t next_line_h = last_snippet->line_h;
 3123              		.loc 1 1231 13 is_stmt 1 view .LVU896
1231:Middlewares/LVGL/lvgl/src/widgets/span/lv_span.c ****             int32_t next_line_h = last_snippet->line_h;
 3124              		.loc 1 1231 67 is_stmt 0 view .LVU897
 3125 023c 451E     		subs	r5, r0, #1
 3126              	.LVL329:
1231:Middlewares/LVGL/lvgl/src/widgets/span/lv_span.c ****             int32_t next_line_h = last_snippet->line_h;
 3127              		.loc 1 1231 43 view .LVU898
 3128 023e 2846     		mov	r0, r5
 3129              	.LVL330:
1231:Middlewares/LVGL/lvgl/src/widgets/span/lv_span.c ****             int32_t next_line_h = last_snippet->line_h;
 3130              		.loc 1 1231 43 view .LVU899
 3131 0240 FFF7FEFF 		bl	lv_get_snippet
 3132              	.LVL331:
1232:Middlewares/LVGL/lvgl/src/widgets/span/lv_span.c ****             if(last_snippet->txt[last_snippet->bytes] == '\0') {
 3133              		.loc 1 1232 13 is_stmt 1 view .LVU900
1232:Middlewares/LVGL/lvgl/src/widgets/span/lv_span.c ****             if(last_snippet->txt[last_snippet->bytes] == '\0') {
 3134              		.loc 1 1232 21 is_stmt 0 view .LVU901
 3135 0244 4369     		ldr	r3, [r0, #20]
 3136              	.LVL332:
1233:Middlewares/LVGL/lvgl/src/widgets/span/lv_span.c ****                 next_line_h = 0;
 3137              		.loc 1 1233 13 is_stmt 1 view .LVU902
1233:Middlewares/LVGL/lvgl/src/widgets/span/lv_span.c ****                 next_line_h = 0;
 3138              		.loc 1 1233 28 is_stmt 0 view .LVU903
 3139 0246 4168     		ldr	r1, [r0, #4]
1233:Middlewares/LVGL/lvgl/src/widgets/span/lv_span.c ****                 next_line_h = 0;
 3140              		.loc 1 1233 46 view .LVU904
 3141 0248 C268     		ldr	r2, [r0, #12]
1233:Middlewares/LVGL/lvgl/src/widgets/span/lv_span.c ****                 next_line_h = 0;
 3142              		.loc 1 1233 33 view .LVU905
 3143 024a 8A5C     		ldrb	r2, [r1, r2]	@ zero_extendqisi2
1233:Middlewares/LVGL/lvgl/src/widgets/span/lv_span.c ****                 next_line_h = 0;
 3144              		.loc 1 1233 15 view .LVU906
 3145 024c 9AB1     		cbz	r2, .L244
 3146              	.LVL333:
 3147              	.L200:
1240:Middlewares/LVGL/lvgl/src/widgets/span/lv_span.c ****                 ellipsis_valid = spans->overflow == LV_SPAN_OVERFLOW_ELLIPSIS;
 3148              		.loc 1 1240 13 is_stmt 1 view .LVU907
1240:Middlewares/LVGL/lvgl/src/widgets/span/lv_span.c ****                 ellipsis_valid = spans->overflow == LV_SPAN_OVERFLOW_ELLIPSIS;
 3149              		.loc 1 1240 23 is_stmt 0 view .LVU908
 3150 024e 419A     		ldr	r2, [sp, #260]
1240:Middlewares/LVGL/lvgl/src/widgets/span/lv_span.c ****                 ellipsis_valid = spans->overflow == LV_SPAN_OVERFLOW_ELLIPSIS;
 3151              		.loc 1 1240 26 view .LVU909
 3152 0250 9144     		add	r9, r9, r2
 3153              	.LVL334:
1240:Middlewares/LVGL/lvgl/src/widgets/span/lv_span.c ****                 ellipsis_valid = spans->overflow == LV_SPAN_OVERFLOW_ELLIPSIS;
 3154              		.loc 1 1240 39 view .LVU910
 3155 0252 4B44     		add	r3, r3, r9
ARM GAS  C:\Users\w1785\AppData\Local\Temp\ccRqOZjG.s 			page 121


 3156              	.LVL335:
1240:Middlewares/LVGL/lvgl/src/widgets/span/lv_span.c ****                 ellipsis_valid = spans->overflow == LV_SPAN_OVERFLOW_ELLIPSIS;
 3157              		.loc 1 1240 53 view .LVU911
 3158 0254 099A     		ldr	r2, [sp, #36]
 3159 0256 9B1A     		subs	r3, r3, r2
1240:Middlewares/LVGL/lvgl/src/widgets/span/lv_span.c ****                 ellipsis_valid = spans->overflow == LV_SPAN_OVERFLOW_ELLIPSIS;
 3160              		.loc 1 1240 74 view .LVU912
 3161 0258 4D9A     		ldr	r2, [sp, #308]
1240:Middlewares/LVGL/lvgl/src/widgets/span/lv_span.c ****                 ellipsis_valid = spans->overflow == LV_SPAN_OVERFLOW_ELLIPSIS;
 3162              		.loc 1 1240 78 view .LVU913
 3163 025a 0132     		adds	r2, r2, #1
1240:Middlewares/LVGL/lvgl/src/widgets/span/lv_span.c ****                 ellipsis_valid = spans->overflow == LV_SPAN_OVERFLOW_ELLIPSIS;
 3164              		.loc 1 1240 15 view .LVU914
 3165 025c 9342     		cmp	r3, r2
 3166 025e 22DD     		ble	.L231
1241:Middlewares/LVGL/lvgl/src/widgets/span/lv_span.c ****                 is_end_line = true;
 3167              		.loc 1 1241 17 is_stmt 1 view .LVU915
1241:Middlewares/LVGL/lvgl/src/widgets/span/lv_span.c ****                 is_end_line = true;
 3168              		.loc 1 1241 50 is_stmt 0 view .LVU916
 3169 0260 9BF84C30 		ldrb	r3, [fp, #76]	@ zero_extendqisi2
1241:Middlewares/LVGL/lvgl/src/widgets/span/lv_span.c ****                 is_end_line = true;
 3170              		.loc 1 1241 32 view .LVU917
 3171 0264 03F00103 		and	r3, r3, #1
 3172 0268 0793     		str	r3, [sp, #28]
 3173              	.LVL336:
1242:Middlewares/LVGL/lvgl/src/widgets/span/lv_span.c ****             }
 3174              		.loc 1 1242 17 is_stmt 1 view .LVU918
1242:Middlewares/LVGL/lvgl/src/widgets/span/lv_span.c ****             }
 3175              		.loc 1 1242 29 is_stmt 0 view .LVU919
 3176 026a 109B     		ldr	r3, [sp, #64]
 3177 026c 0A93     		str	r3, [sp, #40]
 3178 026e 1DE0     		b	.L201
 3179              	.LVL337:
 3180              	.L226:
1242:Middlewares/LVGL/lvgl/src/widgets/span/lv_span.c ****             }
 3181              		.loc 1 1242 29 view .LVU920
 3182              	.LBE126:
 3183              	.LBB128:
 3184              	.LBB124:
1197:Middlewares/LVGL/lvgl/src/widgets/span/lv_span.c ****                          lv_text_is_a_word(letter) || lv_text_is_a_word(letter_next))) {
 3185              		.loc 1 1197 24 discriminator 5 view .LVU921
 3186 0270 0023     		movs	r3, #0
 3187 0272 0898     		ldr	r0, [sp, #32]
 3188 0274 D3E7     		b	.L196
 3189              	.LVL338:
 3190              	.L244:
1197:Middlewares/LVGL/lvgl/src/widgets/span/lv_span.c ****                          lv_text_is_a_word(letter) || lv_text_is_a_word(letter_next))) {
 3191              		.loc 1 1197 24 discriminator 5 view .LVU922
 3192              	.LBE124:
 3193              	.LBE128:
 3194              	.LBB129:
 3195              	.LBB127:
1234:Middlewares/LVGL/lvgl/src/widgets/span/lv_span.c ****                 lv_span_t * next_span = lv_ll_get_next(&spans->child_ll, last_snippet->span);
 3196              		.loc 1 1234 17 is_stmt 1 view .LVU923
1235:Middlewares/LVGL/lvgl/src/widgets/span/lv_span.c ****                 if(next_span && next_span->txt && next_span->txt[0]) { /* have the next line */
 3197              		.loc 1 1235 17 view .LVU924
1235:Middlewares/LVGL/lvgl/src/widgets/span/lv_span.c ****                 if(next_span && next_span->txt && next_span->txt[0]) { /* have the next line */
ARM GAS  C:\Users\w1785\AppData\Local\Temp\ccRqOZjG.s 			page 122


 3198              		.loc 1 1235 41 is_stmt 0 view .LVU925
 3199 0276 0168     		ldr	r1, [r0]
 3200 0278 0B98     		ldr	r0, [sp, #44]
 3201              	.LVL339:
1235:Middlewares/LVGL/lvgl/src/widgets/span/lv_span.c ****                 if(next_span && next_span->txt && next_span->txt[0]) { /* have the next line */
 3202              		.loc 1 1235 41 view .LVU926
 3203 027a FFF7FEFF 		bl	lv_ll_get_next
 3204              	.LVL340:
1236:Middlewares/LVGL/lvgl/src/widgets/span/lv_span.c ****                     next_line_h = lv_font_get_line_height(lv_span_get_style_text_font(obj, next_spa
 3205              		.loc 1 1236 17 is_stmt 1 view .LVU927
1236:Middlewares/LVGL/lvgl/src/widgets/span/lv_span.c ****                     next_line_h = lv_font_get_line_height(lv_span_get_style_text_font(obj, next_spa
 3206              		.loc 1 1236 19 is_stmt 0 view .LVU928
 3207 027e 0146     		mov	r1, r0
 3208 0280 68B1     		cbz	r0, .L228
1236:Middlewares/LVGL/lvgl/src/widgets/span/lv_span.c ****                     next_line_h = lv_font_get_line_height(lv_span_get_style_text_font(obj, next_spa
 3209              		.loc 1 1236 42 discriminator 1 view .LVU929
 3210 0282 0368     		ldr	r3, [r0]
1236:Middlewares/LVGL/lvgl/src/widgets/span/lv_span.c ****                     next_line_h = lv_font_get_line_height(lv_span_get_style_text_font(obj, next_spa
 3211              		.loc 1 1236 30 discriminator 1 view .LVU930
 3212 0284 6BB1     		cbz	r3, .L229
1236:Middlewares/LVGL/lvgl/src/widgets/span/lv_span.c ****                     next_line_h = lv_font_get_line_height(lv_span_get_style_text_font(obj, next_spa
 3213              		.loc 1 1236 65 discriminator 2 view .LVU931
 3214 0286 1B78     		ldrb	r3, [r3]	@ zero_extendqisi2
1236:Middlewares/LVGL/lvgl/src/widgets/span/lv_span.c ****                     next_line_h = lv_font_get_line_height(lv_span_get_style_text_font(obj, next_spa
 3215              		.loc 1 1236 48 discriminator 2 view .LVU932
 3216 0288 0BB9     		cbnz	r3, .L245
1234:Middlewares/LVGL/lvgl/src/widgets/span/lv_span.c ****                 lv_span_t * next_span = lv_ll_get_next(&spans->child_ll, last_snippet->span);
 3217              		.loc 1 1234 29 view .LVU933
 3218 028a 0023     		movs	r3, #0
 3219 028c DFE7     		b	.L200
 3220              	.L245:
1237:Middlewares/LVGL/lvgl/src/widgets/span/lv_span.c ****                 }
 3221              		.loc 1 1237 21 is_stmt 1 view .LVU934
1237:Middlewares/LVGL/lvgl/src/widgets/span/lv_span.c ****                 }
 3222              		.loc 1 1237 35 is_stmt 0 view .LVU935
 3223 028e 5846     		mov	r0, fp
 3224              	.LVL341:
1237:Middlewares/LVGL/lvgl/src/widgets/span/lv_span.c ****                 }
 3225              		.loc 1 1237 35 view .LVU936
 3226 0290 FFF7FEFF 		bl	lv_span_get_style_text_font
 3227              	.LVL342:
1237:Middlewares/LVGL/lvgl/src/widgets/span/lv_span.c ****                 }
 3228              		.loc 1 1237 35 discriminator 1 view .LVU937
 3229 0294 FFF7FEFF 		bl	lv_font_get_line_height
 3230              	.LVL343:
1237:Middlewares/LVGL/lvgl/src/widgets/span/lv_span.c ****                 }
 3231              		.loc 1 1237 33 discriminator 2 view .LVU938
 3232 0298 099B     		ldr	r3, [sp, #36]
 3233 029a C318     		adds	r3, r0, r3
 3234              	.LVL344:
1237:Middlewares/LVGL/lvgl/src/widgets/span/lv_span.c ****                 }
 3235              		.loc 1 1237 33 discriminator 2 view .LVU939
 3236 029c D7E7     		b	.L200
 3237              	.LVL345:
 3238              	.L228:
1234:Middlewares/LVGL/lvgl/src/widgets/span/lv_span.c ****                 lv_span_t * next_span = lv_ll_get_next(&spans->child_ll, last_snippet->span);
 3239              		.loc 1 1234 29 view .LVU940
ARM GAS  C:\Users\w1785\AppData\Local\Temp\ccRqOZjG.s 			page 123


 3240 029e 0023     		movs	r3, #0
 3241 02a0 D5E7     		b	.L200
 3242              	.L229:
 3243 02a2 0023     		movs	r3, #0
 3244 02a4 D3E7     		b	.L200
 3245              	.LVL346:
 3246              	.L231:
1234:Middlewares/LVGL/lvgl/src/widgets/span/lv_span.c ****                 lv_span_t * next_span = lv_ll_get_next(&spans->child_ll, last_snippet->span);
 3247              		.loc 1 1234 29 view .LVU941
 3248              	.LBE127:
 3249              	.LBE129:
1151:Middlewares/LVGL/lvgl/src/widgets/span/lv_span.c ****         int32_t max_line_h = 0;  /* the max height of span-font when a line have a lot of span */
 3250              		.loc 1 1151 14 view .LVU942
 3251 02a6 0023     		movs	r3, #0
 3252 02a8 0793     		str	r3, [sp, #28]
1150:Middlewares/LVGL/lvgl/src/widgets/span/lv_span.c ****         bool ellipsis_valid = false;
 3253              		.loc 1 1150 14 view .LVU943
 3254 02aa 0A93     		str	r3, [sp, #40]
 3255              	.LVL347:
 3256              	.L201:
1247:Middlewares/LVGL/lvgl/src/widgets/span/lv_span.c ****             goto Next_line_init;
 3257              		.loc 1 1247 9 is_stmt 1 view .LVU944
1247:Middlewares/LVGL/lvgl/src/widgets/span/lv_span.c ****             goto Next_line_init;
 3258              		.loc 1 1247 46 is_stmt 0 view .LVU945
 3259 02ac 479B     		ldr	r3, [sp, #284]
1247:Middlewares/LVGL/lvgl/src/widgets/span/lv_span.c ****             goto Next_line_init;
 3260              		.loc 1 1247 11 view .LVU946
 3261 02ae 9945     		cmp	r9, r3
 3262 02b0 19DA     		bge	.L246
 3263              	.LVL348:
 3264              	.L202:
1434:Middlewares/LVGL/lvgl/src/widgets/span/lv_span.c ****         txt_pos.x = coords.x1;
 3265              		.loc 1 1434 9 is_stmt 1 view .LVU947
1435:Middlewares/LVGL/lvgl/src/widgets/span/lv_span.c ****         txt_pos.y += max_line_h;
 3266              		.loc 1 1435 9 view .LVU948
1435:Middlewares/LVGL/lvgl/src/widgets/span/lv_span.c ****         txt_pos.y += max_line_h;
 3267              		.loc 1 1435 27 is_stmt 0 view .LVU949
 3268 02b2 4A9B     		ldr	r3, [sp, #296]
1435:Middlewares/LVGL/lvgl/src/widgets/span/lv_span.c ****         txt_pos.y += max_line_h;
 3269              		.loc 1 1435 19 view .LVU950
 3270 02b4 4093     		str	r3, [sp, #256]
1436:Middlewares/LVGL/lvgl/src/widgets/span/lv_span.c ****         if(is_end_line || txt_pos.y > clip_area.y2 + 1) {
 3271              		.loc 1 1436 9 is_stmt 1 view .LVU951
1436:Middlewares/LVGL/lvgl/src/widgets/span/lv_span.c ****         if(is_end_line || txt_pos.y > clip_area.y2 + 1) {
 3272              		.loc 1 1436 19 is_stmt 0 view .LVU952
 3273 02b6 CDF80491 		str	r9, [sp, #260]
1437:Middlewares/LVGL/lvgl/src/widgets/span/lv_span.c ****             layer->_clip_area = clip_area_ori;
 3274              		.loc 1 1437 9 is_stmt 1 view .LVU953
1437:Middlewares/LVGL/lvgl/src/widgets/span/lv_span.c ****             layer->_clip_area = clip_area_ori;
 3275              		.loc 1 1437 11 is_stmt 0 view .LVU954
 3276 02ba 0A9B     		ldr	r3, [sp, #40]
 3277 02bc 002B     		cmp	r3, #0
 3278 02be 40F01181 		bne	.L219
1437:Middlewares/LVGL/lvgl/src/widgets/span/lv_span.c ****             layer->_clip_area = clip_area_ori;
 3279              		.loc 1 1437 48 discriminator 1 view .LVU955
 3280 02c2 499B     		ldr	r3, [sp, #292]
1437:Middlewares/LVGL/lvgl/src/widgets/span/lv_span.c ****             layer->_clip_area = clip_area_ori;
ARM GAS  C:\Users\w1785\AppData\Local\Temp\ccRqOZjG.s 			page 124


 3281              		.loc 1 1437 52 discriminator 1 view .LVU956
 3282 02c4 0133     		adds	r3, r3, #1
1437:Middlewares/LVGL/lvgl/src/widgets/span/lv_span.c ****             layer->_clip_area = clip_area_ori;
 3283              		.loc 1 1437 24 discriminator 1 view .LVU957
 3284 02c6 9945     		cmp	r9, r3
 3285 02c8 00F30C81 		bgt	.L219
1434:Middlewares/LVGL/lvgl/src/widgets/span/lv_span.c ****         txt_pos.x = coords.x1;
 3286              		.loc 1 1434 23 view .LVU958
 3287 02cc 0A9E     		ldr	r6, [sp, #40]
1441:Middlewares/LVGL/lvgl/src/widgets/span/lv_span.c ****     }
 3288              		.loc 1 1441 15 view .LVU959
 3289 02ce 0E9C     		ldr	r4, [sp, #56]
 3290              	.LVL349:
 3291              	.L179:
1441:Middlewares/LVGL/lvgl/src/widgets/span/lv_span.c ****     }
 3292              		.loc 1 1441 15 view .LVU960
 3293              	.LBE108:
1149:Middlewares/LVGL/lvgl/src/widgets/span/lv_span.c ****         bool is_end_line = false;
 3294              		.loc 1 1149 11 is_stmt 1 view .LVU961
 3295 02d0 059B     		ldr	r3, [sp, #20]
 3296 02d2 002B     		cmp	r3, #0
 3297 02d4 00F00D81 		beq	.L199
 3298              	.LBB137:
1150:Middlewares/LVGL/lvgl/src/widgets/span/lv_span.c ****         bool ellipsis_valid = false;
 3299              		.loc 1 1150 9 view .LVU962
 3300              	.LVL350:
1151:Middlewares/LVGL/lvgl/src/widgets/span/lv_span.c ****         int32_t max_line_h = 0;  /* the max height of span-font when a line have a lot of span */
 3301              		.loc 1 1151 9 view .LVU963
1152:Middlewares/LVGL/lvgl/src/widgets/span/lv_span.c ****         int32_t max_baseline = 0; /*baseline of the highest span*/
 3302              		.loc 1 1152 9 view .LVU964
1153:Middlewares/LVGL/lvgl/src/widgets/span/lv_span.c ****         lv_snippet_clear();
 3303              		.loc 1 1153 9 view .LVU965
1154:Middlewares/LVGL/lvgl/src/widgets/span/lv_span.c **** 
 3304              		.loc 1 1154 9 view .LVU966
 3305 02d8 FFF7FEFF 		bl	lv_snippet_clear
 3306              	.LVL351:
1153:Middlewares/LVGL/lvgl/src/widgets/span/lv_span.c ****         lv_snippet_clear();
 3307              		.loc 1 1153 17 is_stmt 0 view .LVU967
 3308 02dc 0023     		movs	r3, #0
 3309 02de 0693     		str	r3, [sp, #24]
1152:Middlewares/LVGL/lvgl/src/widgets/span/lv_span.c ****         int32_t max_baseline = 0; /*baseline of the highest span*/
 3310              		.loc 1 1152 17 view .LVU968
 3311 02e0 9946     		mov	r9, r3
 3312 02e2 0D9D     		ldr	r5, [sp, #52]
 3313 02e4 44E7     		b	.L180
 3314              	.LVL352:
 3315              	.L246:
1262:Middlewares/LVGL/lvgl/src/widgets/span/lv_span.c ****         int32_t txts_w = is_first_line ? indent : 0;
 3316              		.loc 1 1262 9 is_stmt 1 view .LVU969
1263:Middlewares/LVGL/lvgl/src/widgets/span/lv_span.c ****         uint32_t i_item;
 3317              		.loc 1 1263 9 view .LVU970
1263:Middlewares/LVGL/lvgl/src/widgets/span/lv_span.c ****         uint32_t i_item;
 3318              		.loc 1 1263 49 is_stmt 0 view .LVU971
 3319 02e6 002E     		cmp	r6, #0
 3320 02e8 32D1     		bne	.L203
1263:Middlewares/LVGL/lvgl/src/widgets/span/lv_span.c ****         uint32_t i_item;
 3321              		.loc 1 1263 49 discriminator 2 view .LVU972
ARM GAS  C:\Users\w1785\AppData\Local\Temp\ccRqOZjG.s 			page 125


 3322 02ea 4FF00008 		mov	r8, #0
 3323              	.L204:
1263:Middlewares/LVGL/lvgl/src/widgets/span/lv_span.c ****         uint32_t i_item;
 3324              		.loc 1 1263 49 discriminator 1 view .LVU973
 3325 02ee 0024     		movs	r4, #0
 3326              	.LVL353:
1263:Middlewares/LVGL/lvgl/src/widgets/span/lv_span.c ****         uint32_t i_item;
 3327              		.loc 1 1263 49 discriminator 1 view .LVU974
 3328 02f0 CDF82090 		str	r9, [sp, #32]
 3329 02f4 A946     		mov	r9, r5
 3330 02f6 079D     		ldr	r5, [sp, #28]
 3331 02f8 0BE0     		b	.L206
 3332              	.L254:
 3333 02fa 00BF     		.align	2
 3334              	.L253:
 3335 02fc 00000000 		.word	.LC0
 3336 0300 00000000 		.word	lv_text_encoded_prev
 3337 0304 00000000 		.word	lv_text_encoded_next
 3338 0308 08000000 		.word	.LC1
 3339              	.LVL354:
 3340              	.L205:
 3341              	.LBB130:
1273:Middlewares/LVGL/lvgl/src/widgets/span/lv_span.c ****         }
 3342              		.loc 1 1273 13 is_stmt 1 view .LVU975
1273:Middlewares/LVGL/lvgl/src/widgets/span/lv_span.c ****         }
 3343              		.loc 1 1273 36 is_stmt 0 view .LVU976
 3344 030c 3369     		ldr	r3, [r6, #16]
1273:Middlewares/LVGL/lvgl/src/widgets/span/lv_span.c ****         }
 3345              		.loc 1 1273 20 view .LVU977
 3346 030e 9844     		add	r8, r8, r3
 3347              	.LVL355:
1273:Middlewares/LVGL/lvgl/src/widgets/span/lv_span.c ****         }
 3348              		.loc 1 1273 20 view .LVU978
 3349              	.LBE130:
1265:Middlewares/LVGL/lvgl/src/widgets/span/lv_span.c ****             lv_snippet_t * pinfo = lv_get_snippet(i_item);
 3350              		.loc 1 1265 50 is_stmt 1 discriminator 2 view .LVU979
 3351 0310 0134     		adds	r4, r4, #1
 3352              	.LVL356:
 3353              	.L206:
1265:Middlewares/LVGL/lvgl/src/widgets/span/lv_span.c ****             lv_snippet_t * pinfo = lv_get_snippet(i_item);
 3354              		.loc 1 1265 32 discriminator 1 view .LVU980
 3355 0312 5445     		cmp	r4, r10
 3356 0314 1FD2     		bcs	.L247
 3357              	.LBB132:
1266:Middlewares/LVGL/lvgl/src/widgets/span/lv_span.c ****             if(ellipsis_valid && i_item == item_cnt - 1) {
 3358              		.loc 1 1266 13 view .LVU981
1266:Middlewares/LVGL/lvgl/src/widgets/span/lv_span.c ****             if(ellipsis_valid && i_item == item_cnt - 1) {
 3359              		.loc 1 1266 36 is_stmt 0 view .LVU982
 3360 0316 2046     		mov	r0, r4
 3361 0318 FFF7FEFF 		bl	lv_get_snippet
 3362              	.LVL357:
 3363 031c 0646     		mov	r6, r0
 3364              	.LVL358:
1267:Middlewares/LVGL/lvgl/src/widgets/span/lv_span.c ****                 uint32_t n_ofs = 0;
 3365              		.loc 1 1267 13 is_stmt 1 view .LVU983
1267:Middlewares/LVGL/lvgl/src/widgets/span/lv_span.c ****                 uint32_t n_ofs = 0;
 3366              		.loc 1 1267 15 is_stmt 0 view .LVU984
ARM GAS  C:\Users\w1785\AppData\Local\Temp\ccRqOZjG.s 			page 126


 3367 031e 002D     		cmp	r5, #0
 3368 0320 F4D0     		beq	.L205
1267:Middlewares/LVGL/lvgl/src/widgets/span/lv_span.c ****                 uint32_t n_ofs = 0;
 3369              		.loc 1 1267 31 discriminator 1 view .LVU985
 3370 0322 A145     		cmp	r9, r4
 3371 0324 F2D1     		bne	.L205
 3372              	.LBB131:
1268:Middlewares/LVGL/lvgl/src/widgets/span/lv_span.c ****                 ellipsis_valid = lv_text_get_snippet(pinfo->txt, pinfo->font, pinfo->letter_space, 
 3373              		.loc 1 1268 17 is_stmt 1 view .LVU986
1268:Middlewares/LVGL/lvgl/src/widgets/span/lv_span.c ****                 ellipsis_valid = lv_text_get_snippet(pinfo->txt, pinfo->font, pinfo->letter_space, 
 3374              		.loc 1 1268 26 is_stmt 0 view .LVU987
 3375 0326 0023     		movs	r3, #0
 3376 0328 1793     		str	r3, [sp, #92]
1269:Middlewares/LVGL/lvgl/src/widgets/span/lv_span.c ****                                                      LV_TEXT_FLAG_BREAK_ALL, &pinfo->txt_w, &n_ofs)
 3377              		.loc 1 1269 17 is_stmt 1 view .LVU988
1269:Middlewares/LVGL/lvgl/src/widgets/span/lv_span.c ****                                                      LV_TEXT_FLAG_BREAK_ALL, &pinfo->txt_w, &n_ofs)
 3378              		.loc 1 1269 34 is_stmt 0 view .LVU989
 3379 032a 8269     		ldr	r2, [r0, #24]
 3380 032c 8168     		ldr	r1, [r0, #8]
 3381 032e 4068     		ldr	r0, [r0, #4]
 3382              	.LVL359:
1269:Middlewares/LVGL/lvgl/src/widgets/span/lv_span.c ****                                                      LV_TEXT_FLAG_BREAK_ALL, &pinfo->txt_w, &n_ofs)
 3383              		.loc 1 1269 34 view .LVU990
 3384 0330 17AB     		add	r3, sp, #92
 3385 0332 0293     		str	r3, [sp, #8]
 3386 0334 06F11003 		add	r3, r6, #16
 3387 0338 0193     		str	r3, [sp, #4]
 3388 033a 0423     		movs	r3, #4
 3389 033c 0093     		str	r3, [sp]
 3390 033e 0E9B     		ldr	r3, [sp, #56]
 3391 0340 A3EB0803 		sub	r3, r3, r8
 3392 0344 FFF7FEFF 		bl	lv_text_get_snippet
 3393              	.LVL360:
 3394 0348 0546     		mov	r5, r0
 3395              	.LVL361:
1271:Middlewares/LVGL/lvgl/src/widgets/span/lv_span.c ****             }
 3396              		.loc 1 1271 17 is_stmt 1 view .LVU991
1271:Middlewares/LVGL/lvgl/src/widgets/span/lv_span.c ****             }
 3397              		.loc 1 1271 30 is_stmt 0 view .LVU992
 3398 034a 179B     		ldr	r3, [sp, #92]
 3399 034c F360     		str	r3, [r6, #12]
 3400 034e DDE7     		b	.L205
 3401              	.LVL362:
 3402              	.L203:
1271:Middlewares/LVGL/lvgl/src/widgets/span/lv_span.c ****             }
 3403              		.loc 1 1271 30 view .LVU993
 3404              	.LBE131:
 3405              	.LBE132:
1263:Middlewares/LVGL/lvgl/src/widgets/span/lv_span.c ****         uint32_t i_item;
 3406              		.loc 1 1263 49 discriminator 1 view .LVU994
 3407 0350 DDF84C80 		ldr	r8, [sp, #76]
 3408 0354 CBE7     		b	.L204
 3409              	.LVL363:
 3410              	.L247:
1275:Middlewares/LVGL/lvgl/src/widgets/span/lv_span.c ****         align_ofs = max_width > txts_w ? max_width - txts_w : 0;
 3411              		.loc 1 1275 19 view .LVU995
 3412 0356 0795     		str	r5, [sp, #28]
ARM GAS  C:\Users\w1785\AppData\Local\Temp\ccRqOZjG.s 			page 127


 3413 0358 4D46     		mov	r5, r9
 3414              	.LVL364:
1275:Middlewares/LVGL/lvgl/src/widgets/span/lv_span.c ****         align_ofs = max_width > txts_w ? max_width - txts_w : 0;
 3415              		.loc 1 1275 19 view .LVU996
 3416 035a DDF82090 		ldr	r9, [sp, #32]
1275:Middlewares/LVGL/lvgl/src/widgets/span/lv_span.c ****         align_ofs = max_width > txts_w ? max_width - txts_w : 0;
 3417              		.loc 1 1275 9 is_stmt 1 view .LVU997
1275:Middlewares/LVGL/lvgl/src/widgets/span/lv_span.c ****         align_ofs = max_width > txts_w ? max_width - txts_w : 0;
 3418              		.loc 1 1275 19 is_stmt 0 view .LVU998
 3419 035e 2846     		mov	r0, r5
 3420 0360 FFF7FEFF 		bl	lv_get_snippet
 3421              	.LVL365:
1275:Middlewares/LVGL/lvgl/src/widgets/span/lv_span.c ****         align_ofs = max_width > txts_w ? max_width - txts_w : 0;
 3422              		.loc 1 1275 47 discriminator 1 view .LVU999
 3423 0364 8369     		ldr	r3, [r0, #24]
1275:Middlewares/LVGL/lvgl/src/widgets/span/lv_span.c ****         align_ofs = max_width > txts_w ? max_width - txts_w : 0;
 3424              		.loc 1 1275 16 discriminator 1 view .LVU1000
 3425 0366 A8EB0308 		sub	r8, r8, r3
 3426              	.LVL366:
1276:Middlewares/LVGL/lvgl/src/widgets/span/lv_span.c ****         if(align == LV_TEXT_ALIGN_CENTER) {
 3427              		.loc 1 1276 9 is_stmt 1 view .LVU1001
1276:Middlewares/LVGL/lvgl/src/widgets/span/lv_span.c ****         if(align == LV_TEXT_ALIGN_CENTER) {
 3428              		.loc 1 1276 61 is_stmt 0 view .LVU1002
 3429 036a 0E9B     		ldr	r3, [sp, #56]
 3430 036c 4345     		cmp	r3, r8
 3431 036e 02DD     		ble	.L232
1276:Middlewares/LVGL/lvgl/src/widgets/span/lv_span.c ****         if(align == LV_TEXT_ALIGN_CENTER) {
 3432              		.loc 1 1276 61 discriminator 1 view .LVU1003
 3433 0370 A3EB0808 		sub	r8, r3, r8
 3434              	.LVL367:
1276:Middlewares/LVGL/lvgl/src/widgets/span/lv_span.c ****         if(align == LV_TEXT_ALIGN_CENTER) {
 3435              		.loc 1 1276 61 discriminator 1 view .LVU1004
 3436 0374 01E0     		b	.L208
 3437              	.LVL368:
 3438              	.L232:
1276:Middlewares/LVGL/lvgl/src/widgets/span/lv_span.c ****         if(align == LV_TEXT_ALIGN_CENTER) {
 3439              		.loc 1 1276 61 discriminator 2 view .LVU1005
 3440 0376 4FF00008 		mov	r8, #0
 3441              	.LVL369:
 3442              	.L208:
1277:Middlewares/LVGL/lvgl/src/widgets/span/lv_span.c ****             align_ofs = align_ofs >> 1;
 3443              		.loc 1 1277 9 is_stmt 1 view .LVU1006
1277:Middlewares/LVGL/lvgl/src/widgets/span/lv_span.c ****             align_ofs = align_ofs >> 1;
 3444              		.loc 1 1277 11 is_stmt 0 view .LVU1007
 3445 037a 0F9B     		ldr	r3, [sp, #60]
 3446 037c 022B     		cmp	r3, #2
 3447 037e 0CD0     		beq	.L248
 3448              	.LVL370:
 3449              	.L209:
1280:Middlewares/LVGL/lvgl/src/widgets/span/lv_span.c ****             txt_pos.x += align_ofs;
 3450              		.loc 1 1280 9 is_stmt 1 view .LVU1008
1280:Middlewares/LVGL/lvgl/src/widgets/span/lv_span.c ****             txt_pos.x += align_ofs;
 3451              		.loc 1 1280 42 is_stmt 0 view .LVU1009
 3452 0380 0F9B     		ldr	r3, [sp, #60]
 3453 0382 023B     		subs	r3, r3, #2
 3454 0384 DBB2     		uxtb	r3, r3
1280:Middlewares/LVGL/lvgl/src/widgets/span/lv_span.c ****             txt_pos.x += align_ofs;
ARM GAS  C:\Users\w1785\AppData\Local\Temp\ccRqOZjG.s 			page 128


 3455              		.loc 1 1280 11 view .LVU1010
 3456 0386 012B     		cmp	r3, #1
 3457 0388 0AD9     		bls	.L249
 3458              	.L210:
 3459              	.LBB133:
1356:Middlewares/LVGL/lvgl/src/widgets/span/lv_span.c ****             /* deal overflow */
 3460              		.loc 1 1356 21 view .LVU1011
 3461 038a 4FF00008 		mov	r8, #0
 3462              	.LVL371:
1356:Middlewares/LVGL/lvgl/src/widgets/span/lv_span.c ****             /* deal overflow */
 3463              		.loc 1 1356 21 view .LVU1012
 3464 038e CDF82090 		str	r9, [sp, #32]
 3465 0392 1197     		str	r7, [sp, #68]
 3466 0394 DDF84890 		ldr	r9, [sp, #72]
 3467 0398 40E0     		b	.L217
 3468              	.LVL372:
 3469              	.L248:
1356:Middlewares/LVGL/lvgl/src/widgets/span/lv_span.c ****             /* deal overflow */
 3470              		.loc 1 1356 21 view .LVU1013
 3471              	.LBE133:
1278:Middlewares/LVGL/lvgl/src/widgets/span/lv_span.c ****         }
 3472              		.loc 1 1278 13 is_stmt 1 view .LVU1014
1278:Middlewares/LVGL/lvgl/src/widgets/span/lv_span.c ****         }
 3473              		.loc 1 1278 23 is_stmt 0 view .LVU1015
 3474 039a 4FEA6808 		asr	r8, r8, #1
 3475              	.LVL373:
1278:Middlewares/LVGL/lvgl/src/widgets/span/lv_span.c ****         }
 3476              		.loc 1 1278 23 view .LVU1016
 3477 039e EFE7     		b	.L209
 3478              	.LVL374:
 3479              	.L249:
1281:Middlewares/LVGL/lvgl/src/widgets/span/lv_span.c ****         }
 3480              		.loc 1 1281 13 is_stmt 1 view .LVU1017
1281:Middlewares/LVGL/lvgl/src/widgets/span/lv_span.c ****         }
 3481              		.loc 1 1281 20 is_stmt 0 view .LVU1018
 3482 03a0 409B     		ldr	r3, [sp, #256]
1281:Middlewares/LVGL/lvgl/src/widgets/span/lv_span.c ****         }
 3483              		.loc 1 1281 23 view .LVU1019
 3484 03a2 4344     		add	r3, r3, r8
 3485 03a4 4093     		str	r3, [sp, #256]
 3486 03a6 F0E7     		b	.L210
 3487              	.LVL375:
 3488              	.L251:
 3489              	.LBB135:
 3490              	.LBB134:
1359:Middlewares/LVGL/lvgl/src/widgets/span/lv_span.c ****                 dot_width = dot_letter_w * 3;
 3491              		.loc 1 1359 17 is_stmt 1 view .LVU1020
1359:Middlewares/LVGL/lvgl/src/widgets/span/lv_span.c ****                 dot_width = dot_letter_w * 3;
 3492              		.loc 1 1359 40 is_stmt 0 view .LVU1021
 3493 03a8 2E22     		movs	r2, #46
 3494 03aa 1146     		mov	r1, r2
 3495 03ac A068     		ldr	r0, [r4, #8]
 3496 03ae FFF7FEFF 		bl	lv_font_get_glyph_width
 3497              	.LVL376:
1360:Middlewares/LVGL/lvgl/src/widgets/span/lv_span.c **** 
 3498              		.loc 1 1360 17 is_stmt 1 view .LVU1022
1360:Middlewares/LVGL/lvgl/src/widgets/span/lv_span.c **** 
ARM GAS  C:\Users\w1785\AppData\Local\Temp\ccRqOZjG.s 			page 129


 3499              		.loc 1 1360 27 is_stmt 0 view .LVU1023
 3500 03b2 00EB4005 		add	r5, r0, r0, lsl #1
 3501              	.LVL377:
1362:Middlewares/LVGL/lvgl/src/widgets/span/lv_span.c ****                 int32_t text_width = coords.x2 - a.x1;
 3502              		.loc 1 1362 17 is_stmt 1 view .LVU1024
1362:Middlewares/LVGL/lvgl/src/widgets/span/lv_span.c ****                 int32_t text_width = coords.x2 - a.x1;
 3503              		.loc 1 1362 37 is_stmt 0 view .LVU1025
 3504 03b6 9DF8D430 		ldrb	r3, [sp, #212]	@ zero_extendqisi2
 3505 03ba 0422     		movs	r2, #4
 3506 03bc 62F3C703 		bfi	r3, r2, #3, #5
 3507 03c0 8DF8D430 		strb	r3, [sp, #212]
1363:Middlewares/LVGL/lvgl/src/widgets/span/lv_span.c ****                 uint32_t next_ofs;
 3508              		.loc 1 1363 17 is_stmt 1 view .LVU1026
1363:Middlewares/LVGL/lvgl/src/widgets/span/lv_span.c ****                 uint32_t next_ofs;
 3509              		.loc 1 1363 25 is_stmt 0 view .LVU1027
 3510 03c4 4C9B     		ldr	r3, [sp, #304]
 3511 03c6 179A     		ldr	r2, [sp, #92]
 3512 03c8 9B1A     		subs	r3, r3, r2
 3513              	.LVL378:
1364:Middlewares/LVGL/lvgl/src/widgets/span/lv_span.c ****                 text_width = text_width > dot_width ? text_width - dot_width : text_width;
 3514              		.loc 1 1364 17 is_stmt 1 view .LVU1028
1365:Middlewares/LVGL/lvgl/src/widgets/span/lv_span.c ****                 need_draw_ellipsis = lv_text_get_snippet(pinfo->txt, pinfo->font, pinfo->letter_spa
 3515              		.loc 1 1365 17 view .LVU1029
1365:Middlewares/LVGL/lvgl/src/widgets/span/lv_span.c ****                 need_draw_ellipsis = lv_text_get_snippet(pinfo->txt, pinfo->font, pinfo->letter_spa
 3516              		.loc 1 1365 78 is_stmt 0 view .LVU1030
 3517 03ca 9D42     		cmp	r5, r3
 3518 03cc 00DA     		bge	.L215
1365:Middlewares/LVGL/lvgl/src/widgets/span/lv_span.c ****                 need_draw_ellipsis = lv_text_get_snippet(pinfo->txt, pinfo->font, pinfo->letter_spa
 3519              		.loc 1 1365 78 discriminator 1 view .LVU1031
 3520 03ce 5B1B     		subs	r3, r3, r5
 3521              	.LVL379:
 3522              	.L215:
1366:Middlewares/LVGL/lvgl/src/widgets/span/lv_span.c ****                                                          label_draw_dsc.flag, &pinfo->txt_w, &next_
 3523              		.loc 1 1366 17 is_stmt 1 view .LVU1032
1366:Middlewares/LVGL/lvgl/src/widgets/span/lv_span.c ****                                                          label_draw_dsc.flag, &pinfo->txt_w, &next_
 3524              		.loc 1 1366 38 is_stmt 0 view .LVU1033
 3525 03d0 A269     		ldr	r2, [r4, #24]
 3526 03d2 A168     		ldr	r1, [r4, #8]
 3527 03d4 6068     		ldr	r0, [r4, #4]
 3528              	.LVL380:
1366:Middlewares/LVGL/lvgl/src/widgets/span/lv_span.c ****                                                          label_draw_dsc.flag, &pinfo->txt_w, &next_
 3529              		.loc 1 1366 38 view .LVU1034
 3530 03d6 14AE     		add	r6, sp, #80
 3531 03d8 0296     		str	r6, [sp, #8]
 3532 03da 04F11006 		add	r6, r4, #16
 3533 03de 0196     		str	r6, [sp, #4]
 3534 03e0 0426     		movs	r6, #4
 3535 03e2 0096     		str	r6, [sp]
 3536 03e4 FFF7FEFF 		bl	lv_text_get_snippet
 3537              	.LVL381:
1366:Middlewares/LVGL/lvgl/src/widgets/span/lv_span.c ****                                                          label_draw_dsc.flag, &pinfo->txt_w, &next_
 3538              		.loc 1 1366 38 view .LVU1035
 3539 03e8 0646     		mov	r6, r0
 3540              	.LVL382:
1368:Middlewares/LVGL/lvgl/src/widgets/span/lv_span.c ****                 label_draw_dsc.text_length = next_ofs;
 3541              		.loc 1 1368 17 is_stmt 1 view .LVU1036
1368:Middlewares/LVGL/lvgl/src/widgets/span/lv_span.c ****                 label_draw_dsc.text_length = next_ofs;
ARM GAS  C:\Users\w1785\AppData\Local\Temp\ccRqOZjG.s 			page 130


 3542              		.loc 1 1368 36 is_stmt 0 view .LVU1037
 3543 03ea 2269     		ldr	r2, [r4, #16]
1368:Middlewares/LVGL/lvgl/src/widgets/span/lv_span.c ****                 label_draw_dsc.text_length = next_ofs;
 3544              		.loc 1 1368 29 view .LVU1038
 3545 03ec 179B     		ldr	r3, [sp, #92]
 3546 03ee 1344     		add	r3, r3, r2
1368:Middlewares/LVGL/lvgl/src/widgets/span/lv_span.c ****                 label_draw_dsc.text_length = next_ofs;
 3547              		.loc 1 1368 22 view .LVU1039
 3548 03f0 1993     		str	r3, [sp, #100]
1369:Middlewares/LVGL/lvgl/src/widgets/span/lv_span.c **** #if LV_USE_BIDI
 3549              		.loc 1 1369 17 is_stmt 1 view .LVU1040
1369:Middlewares/LVGL/lvgl/src/widgets/span/lv_span.c **** #if LV_USE_BIDI
 3550              		.loc 1 1369 44 is_stmt 0 view .LVU1041
 3551 03f2 149B     		ldr	r3, [sp, #80]
 3552 03f4 3393     		str	r3, [sp, #204]
 3553 03f6 69E0     		b	.L214
 3554              	.LVL383:
 3555              	.L252:
1369:Middlewares/LVGL/lvgl/src/widgets/span/lv_span.c **** #if LV_USE_BIDI
 3556              		.loc 1 1369 44 view .LVU1042
 3557              	.LBE134:
1402:Middlewares/LVGL/lvgl/src/widgets/span/lv_span.c ****                 label_draw_dsc.text_length = LV_TEXT_LEN_MAX;
 3558              		.loc 1 1402 17 is_stmt 1 view .LVU1043
1402:Middlewares/LVGL/lvgl/src/widgets/span/lv_span.c ****                 label_draw_dsc.text_length = LV_TEXT_LEN_MAX;
 3559              		.loc 1 1402 37 is_stmt 0 view .LVU1044
 3560 03f8 414B     		ldr	r3, .L255
 3561 03fa 2593     		str	r3, [sp, #148]
1403:Middlewares/LVGL/lvgl/src/widgets/span/lv_span.c **** 
 3562              		.loc 1 1403 17 is_stmt 1 view .LVU1045
1403:Middlewares/LVGL/lvgl/src/widgets/span/lv_span.c **** 
 3563              		.loc 1 1403 44 is_stmt 0 view .LVU1046
 3564 03fc 4FF0FF33 		mov	r3, #-1
 3565 0400 3393     		str	r3, [sp, #204]
1416:Middlewares/LVGL/lvgl/src/widgets/span/lv_span.c ****                 a.x2 = a.x1 + dot_width;
 3566              		.loc 1 1416 17 is_stmt 1 view .LVU1047
1416:Middlewares/LVGL/lvgl/src/widgets/span/lv_span.c ****                 a.x2 = a.x1 + dot_width;
 3567              		.loc 1 1416 25 is_stmt 0 view .LVU1048
 3568 0402 199B     		ldr	r3, [sp, #100]
1416:Middlewares/LVGL/lvgl/src/widgets/span/lv_span.c ****                 a.x2 = a.x1 + dot_width;
 3569              		.loc 1 1416 22 view .LVU1049
 3570 0404 1793     		str	r3, [sp, #92]
1417:Middlewares/LVGL/lvgl/src/widgets/span/lv_span.c **** #endif
 3571              		.loc 1 1417 17 is_stmt 1 view .LVU1050
1417:Middlewares/LVGL/lvgl/src/widgets/span/lv_span.c **** #endif
 3572              		.loc 1 1417 29 is_stmt 0 view .LVU1051
 3573 0406 2B44     		add	r3, r3, r5
1417:Middlewares/LVGL/lvgl/src/widgets/span/lv_span.c **** #endif
 3574              		.loc 1 1417 22 view .LVU1052
 3575 0408 1993     		str	r3, [sp, #100]
1420:Middlewares/LVGL/lvgl/src/widgets/span/lv_span.c ****             }
 3576              		.loc 1 1420 17 is_stmt 1 view .LVU1053
 3577 040a 17AA     		add	r2, sp, #92
 3578 040c 1BA9     		add	r1, sp, #108
 3579 040e 0C98     		ldr	r0, [sp, #48]
 3580 0410 FFF7FEFF 		bl	lv_draw_label
 3581              	.LVL384:
 3582              	.L216:
ARM GAS  C:\Users\w1785\AppData\Local\Temp\ccRqOZjG.s 			page 131


1423:Middlewares/LVGL/lvgl/src/widgets/span/lv_span.c **** 
 3583              		.loc 1 1423 13 view .LVU1054
1423:Middlewares/LVGL/lvgl/src/widgets/span/lv_span.c **** 
 3584              		.loc 1 1423 26 is_stmt 0 view .LVU1055
 3585 0414 199B     		ldr	r3, [sp, #100]
1423:Middlewares/LVGL/lvgl/src/widgets/span/lv_span.c **** 
 3586              		.loc 1 1423 23 view .LVU1056
 3587 0416 4093     		str	r3, [sp, #256]
 3588              	.LVL385:
 3589              	.L213:
1423:Middlewares/LVGL/lvgl/src/widgets/span/lv_span.c **** 
 3590              		.loc 1 1423 23 view .LVU1057
 3591              	.LBE135:
1301:Middlewares/LVGL/lvgl/src/widgets/span/lv_span.c ****             lv_snippet_t * pinfo = lv_get_snippet(i);
 3592              		.loc 1 1301 35 is_stmt 1 discriminator 2 view .LVU1058
 3593 0418 08F10108 		add	r8, r8, #1
 3594              	.LVL386:
 3595              	.L217:
1301:Middlewares/LVGL/lvgl/src/widgets/span/lv_span.c ****             lv_snippet_t * pinfo = lv_get_snippet(i);
 3596              		.loc 1 1301 22 discriminator 1 view .LVU1059
 3597 041c D045     		cmp	r8, r10
 3598 041e 5DD2     		bcs	.L250
 3599              	.LBB136:
1302:Middlewares/LVGL/lvgl/src/widgets/span/lv_span.c **** 
 3600              		.loc 1 1302 13 view .LVU1060
1302:Middlewares/LVGL/lvgl/src/widgets/span/lv_span.c **** 
 3601              		.loc 1 1302 36 is_stmt 0 view .LVU1061
 3602 0420 4046     		mov	r0, r8
 3603 0422 FFF7FEFF 		bl	lv_get_snippet
 3604              	.LVL387:
 3605 0426 0446     		mov	r4, r0
 3606              	.LVL388:
1319:Middlewares/LVGL/lvgl/src/widgets/span/lv_span.c **** #endif
 3607              		.loc 1 1319 13 is_stmt 1 view .LVU1062
1319:Middlewares/LVGL/lvgl/src/widgets/span/lv_span.c **** #endif
 3608              		.loc 1 1319 26 is_stmt 0 view .LVU1063
 3609 0428 4768     		ldr	r7, [r0, #4]
 3610              	.LVL389:
1322:Middlewares/LVGL/lvgl/src/widgets/span/lv_span.c ****             pos.x = txt_pos.x;
 3611              		.loc 1 1322 13 is_stmt 1 view .LVU1064
1323:Middlewares/LVGL/lvgl/src/widgets/span/lv_span.c ****             pos.y = txt_pos.y + max_line_h - pinfo->line_h - (max_baseline - pinfo->font->base_line
 3612              		.loc 1 1323 13 view .LVU1065
1323:Middlewares/LVGL/lvgl/src/widgets/span/lv_span.c ****             pos.y = txt_pos.y + max_line_h - pinfo->line_h - (max_baseline - pinfo->font->base_line
 3613              		.loc 1 1323 28 is_stmt 0 view .LVU1066
 3614 042a 409E     		ldr	r6, [sp, #256]
1323:Middlewares/LVGL/lvgl/src/widgets/span/lv_span.c ****             pos.y = txt_pos.y + max_line_h - pinfo->line_h - (max_baseline - pinfo->font->base_line
 3615              		.loc 1 1323 19 view .LVU1067
 3616 042c 1596     		str	r6, [sp, #84]
1324:Middlewares/LVGL/lvgl/src/widgets/span/lv_span.c ****             label_draw_dsc.color = lv_span_get_style_text_color(obj, pinfo->span);
 3617              		.loc 1 1324 13 is_stmt 1 view .LVU1068
1324:Middlewares/LVGL/lvgl/src/widgets/span/lv_span.c ****             label_draw_dsc.color = lv_span_get_style_text_color(obj, pinfo->span);
 3618              		.loc 1 1324 51 is_stmt 0 view .LVU1069
 3619 042e 4569     		ldr	r5, [r0, #20]
1324:Middlewares/LVGL/lvgl/src/widgets/span/lv_span.c ****             label_draw_dsc.color = lv_span_get_style_text_color(obj, pinfo->span);
 3620              		.loc 1 1324 44 view .LVU1070
 3621 0430 089B     		ldr	r3, [sp, #32]
 3622 0432 5D1B     		subs	r5, r3, r5
ARM GAS  C:\Users\w1785\AppData\Local\Temp\ccRqOZjG.s 			page 132


1324:Middlewares/LVGL/lvgl/src/widgets/span/lv_span.c ****             label_draw_dsc.color = lv_span_get_style_text_color(obj, pinfo->span);
 3623              		.loc 1 1324 83 view .LVU1071
 3624 0434 8368     		ldr	r3, [r0, #8]
1324:Middlewares/LVGL/lvgl/src/widgets/span/lv_span.c ****             label_draw_dsc.color = lv_span_get_style_text_color(obj, pinfo->span);
 3625              		.loc 1 1324 89 view .LVU1072
 3626 0436 1B69     		ldr	r3, [r3, #16]
1324:Middlewares/LVGL/lvgl/src/widgets/span/lv_span.c ****             label_draw_dsc.color = lv_span_get_style_text_color(obj, pinfo->span);
 3627              		.loc 1 1324 76 view .LVU1073
 3628 0438 069A     		ldr	r2, [sp, #24]
 3629 043a D31A     		subs	r3, r2, r3
1324:Middlewares/LVGL/lvgl/src/widgets/span/lv_span.c ****             label_draw_dsc.color = lv_span_get_style_text_color(obj, pinfo->span);
 3630              		.loc 1 1324 60 view .LVU1074
 3631 043c ED1A     		subs	r5, r5, r3
1324:Middlewares/LVGL/lvgl/src/widgets/span/lv_span.c ****             label_draw_dsc.color = lv_span_get_style_text_color(obj, pinfo->span);
 3632              		.loc 1 1324 19 view .LVU1075
 3633 043e 1695     		str	r5, [sp, #88]
1325:Middlewares/LVGL/lvgl/src/widgets/span/lv_span.c ****             label_draw_dsc.opa = lv_span_get_style_text_opa(obj, pinfo->span);
 3634              		.loc 1 1325 13 is_stmt 1 view .LVU1076
1325:Middlewares/LVGL/lvgl/src/widgets/span/lv_span.c ****             label_draw_dsc.opa = lv_span_get_style_text_opa(obj, pinfo->span);
 3635              		.loc 1 1325 36 is_stmt 0 view .LVU1077
 3636 0440 0168     		ldr	r1, [r0]
 3637 0442 5846     		mov	r0, fp
 3638              	.LVL390:
1325:Middlewares/LVGL/lvgl/src/widgets/span/lv_span.c ****             label_draw_dsc.opa = lv_span_get_style_text_opa(obj, pinfo->span);
 3639              		.loc 1 1325 36 view .LVU1078
 3640 0444 FFF7FEFF 		bl	lv_span_get_style_text_color
 3641              	.LVL391:
 3642 0448 8DF8A400 		strb	r0, [sp, #164]
 3643 044c C0F30723 		ubfx	r3, r0, #8, #8
 3644 0450 8DF8A530 		strb	r3, [sp, #165]
 3645 0454 C0F30740 		ubfx	r0, r0, #16, #8
 3646 0458 8DF8A600 		strb	r0, [sp, #166]
1326:Middlewares/LVGL/lvgl/src/widgets/span/lv_span.c ****             label_draw_dsc.font = lv_span_get_style_text_font(obj, pinfo->span);
 3647              		.loc 1 1326 13 is_stmt 1 view .LVU1079
1326:Middlewares/LVGL/lvgl/src/widgets/span/lv_span.c ****             label_draw_dsc.font = lv_span_get_style_text_font(obj, pinfo->span);
 3648              		.loc 1 1326 34 is_stmt 0 view .LVU1080
 3649 045c 2168     		ldr	r1, [r4]
 3650 045e 5846     		mov	r0, fp
 3651 0460 FFF7FEFF 		bl	lv_span_get_style_text_opa
 3652              	.LVL392:
1326:Middlewares/LVGL/lvgl/src/widgets/span/lv_span.c ****             label_draw_dsc.font = lv_span_get_style_text_font(obj, pinfo->span);
 3653              		.loc 1 1326 32 discriminator 1 view .LVU1081
 3654 0464 8DF8D200 		strb	r0, [sp, #210]
1327:Middlewares/LVGL/lvgl/src/widgets/span/lv_span.c ****             if(obj_opa < LV_OPA_MAX) {
 3655              		.loc 1 1327 13 is_stmt 1 view .LVU1082
1327:Middlewares/LVGL/lvgl/src/widgets/span/lv_span.c ****             if(obj_opa < LV_OPA_MAX) {
 3656              		.loc 1 1327 35 is_stmt 0 view .LVU1083
 3657 0468 2168     		ldr	r1, [r4]
 3658 046a 5846     		mov	r0, fp
 3659 046c FFF7FEFF 		bl	lv_span_get_style_text_font
 3660              	.LVL393:
1327:Middlewares/LVGL/lvgl/src/widgets/span/lv_span.c ****             if(obj_opa < LV_OPA_MAX) {
 3661              		.loc 1 1327 33 discriminator 1 view .LVU1084
 3662 0470 2890     		str	r0, [sp, #160]
1328:Middlewares/LVGL/lvgl/src/widgets/span/lv_span.c ****                 label_draw_dsc.opa = LV_OPA_MIX2(label_draw_dsc.opa, obj_opa);
 3663              		.loc 1 1328 13 is_stmt 1 view .LVU1085
1328:Middlewares/LVGL/lvgl/src/widgets/span/lv_span.c ****                 label_draw_dsc.opa = LV_OPA_MIX2(label_draw_dsc.opa, obj_opa);
ARM GAS  C:\Users\w1785\AppData\Local\Temp\ccRqOZjG.s 			page 133


 3664              		.loc 1 1328 15 is_stmt 0 view .LVU1086
 3665 0472 B9F1FC0F 		cmp	r9, #252
 3666 0476 07D8     		bhi	.L211
1329:Middlewares/LVGL/lvgl/src/widgets/span/lv_span.c ****             }
 3667              		.loc 1 1329 17 is_stmt 1 view .LVU1087
1329:Middlewares/LVGL/lvgl/src/widgets/span/lv_span.c ****             }
 3668              		.loc 1 1329 38 is_stmt 0 view .LVU1088
 3669 0478 9DF8D230 		ldrb	r3, [sp, #210]	@ zero_extendqisi2
 3670 047c 03FB09F3 		mul	r3, r3, r9
 3671 0480 C3F30723 		ubfx	r3, r3, #8, #8
1329:Middlewares/LVGL/lvgl/src/widgets/span/lv_span.c ****             }
 3672              		.loc 1 1329 36 view .LVU1089
 3673 0484 8DF8D230 		strb	r3, [sp, #210]
 3674              	.L211:
1331:Middlewares/LVGL/lvgl/src/widgets/span/lv_span.c **** 
 3675              		.loc 1 1331 13 is_stmt 1 view .LVU1090
1331:Middlewares/LVGL/lvgl/src/widgets/span/lv_span.c **** 
 3676              		.loc 1 1331 22 is_stmt 0 view .LVU1091
 3677 0488 E268     		ldr	r2, [r4, #12]
 3678              	.LVL394:
1333:Middlewares/LVGL/lvgl/src/widgets/span/lv_span.c ****                 continue;
 3679              		.loc 1 1333 13 is_stmt 1 view .LVU1092
1333:Middlewares/LVGL/lvgl/src/widgets/span/lv_span.c ****                 continue;
 3680              		.loc 1 1333 33 is_stmt 0 view .LVU1093
 3681 048a 489B     		ldr	r3, [sp, #288]
1333:Middlewares/LVGL/lvgl/src/widgets/span/lv_span.c ****                 continue;
 3682              		.loc 1 1333 15 view .LVU1094
 3683 048c 9E42     		cmp	r6, r3
 3684 048e C3DC     		bgt	.L213
1337:Middlewares/LVGL/lvgl/src/widgets/span/lv_span.c ****             label_draw_dsc.text_length = txt_bytes;
 3685              		.loc 1 1337 13 is_stmt 1 view .LVU1095
1337:Middlewares/LVGL/lvgl/src/widgets/span/lv_span.c ****             label_draw_dsc.text_length = txt_bytes;
 3686              		.loc 1 1337 33 is_stmt 0 view .LVU1096
 3687 0490 2597     		str	r7, [sp, #148]
1338:Middlewares/LVGL/lvgl/src/widgets/span/lv_span.c ****             label_draw_dsc.letter_space = pinfo->letter_space;
 3688              		.loc 1 1338 13 is_stmt 1 view .LVU1097
1338:Middlewares/LVGL/lvgl/src/widgets/span/lv_span.c ****             label_draw_dsc.letter_space = pinfo->letter_space;
 3689              		.loc 1 1338 40 is_stmt 0 view .LVU1098
 3690 0492 3392     		str	r2, [sp, #204]
1339:Middlewares/LVGL/lvgl/src/widgets/span/lv_span.c ****             label_draw_dsc.line_space = line_space;
 3691              		.loc 1 1339 13 is_stmt 1 view .LVU1099
1339:Middlewares/LVGL/lvgl/src/widgets/span/lv_span.c ****             label_draw_dsc.line_space = line_space;
 3692              		.loc 1 1339 48 is_stmt 0 view .LVU1100
 3693 0494 A369     		ldr	r3, [r4, #24]
1339:Middlewares/LVGL/lvgl/src/widgets/span/lv_span.c ****             label_draw_dsc.line_space = line_space;
 3694              		.loc 1 1339 41 view .LVU1101
 3695 0496 2B93     		str	r3, [sp, #172]
1340:Middlewares/LVGL/lvgl/src/widgets/span/lv_span.c ****             label_draw_dsc.decor = lv_span_get_style_text_decor(obj, pinfo->span);
 3696              		.loc 1 1340 13 is_stmt 1 view .LVU1102
1340:Middlewares/LVGL/lvgl/src/widgets/span/lv_span.c ****             label_draw_dsc.decor = lv_span_get_style_text_decor(obj, pinfo->span);
 3697              		.loc 1 1340 39 is_stmt 0 view .LVU1103
 3698 0498 099B     		ldr	r3, [sp, #36]
 3699 049a 2A93     		str	r3, [sp, #168]
1341:Middlewares/LVGL/lvgl/src/widgets/span/lv_span.c ****             lv_area_t a;
 3700              		.loc 1 1341 13 is_stmt 1 view .LVU1104
1341:Middlewares/LVGL/lvgl/src/widgets/span/lv_span.c ****             lv_area_t a;
 3701              		.loc 1 1341 36 is_stmt 0 view .LVU1105
ARM GAS  C:\Users\w1785\AppData\Local\Temp\ccRqOZjG.s 			page 134


 3702 049c 2168     		ldr	r1, [r4]
 3703 049e 5846     		mov	r0, fp
 3704 04a0 FFF7FEFF 		bl	lv_span_get_style_text_decor
 3705              	.LVL395:
1341:Middlewares/LVGL/lvgl/src/widgets/span/lv_span.c ****             lv_area_t a;
 3706              		.loc 1 1341 34 discriminator 1 view .LVU1106
 3707 04a4 9DF8D430 		ldrb	r3, [sp, #212]	@ zero_extendqisi2
 3708 04a8 60F30203 		bfi	r3, r0, #0, #3
 3709 04ac 8DF8D430 		strb	r3, [sp, #212]
1342:Middlewares/LVGL/lvgl/src/widgets/span/lv_span.c ****             a.x1 = pos.x;
 3710              		.loc 1 1342 13 is_stmt 1 view .LVU1107
1343:Middlewares/LVGL/lvgl/src/widgets/span/lv_span.c ****             a.y1 = pos.y;
 3711              		.loc 1 1343 13 view .LVU1108
1343:Middlewares/LVGL/lvgl/src/widgets/span/lv_span.c ****             a.y1 = pos.y;
 3712              		.loc 1 1343 18 is_stmt 0 view .LVU1109
 3713 04b0 1796     		str	r6, [sp, #92]
1344:Middlewares/LVGL/lvgl/src/widgets/span/lv_span.c ****             a.x2 = a.x1 + pinfo->txt_w;
 3714              		.loc 1 1344 13 is_stmt 1 view .LVU1110
1344:Middlewares/LVGL/lvgl/src/widgets/span/lv_span.c ****             a.x2 = a.x1 + pinfo->txt_w;
 3715              		.loc 1 1344 18 is_stmt 0 view .LVU1111
 3716 04b2 1895     		str	r5, [sp, #96]
1345:Middlewares/LVGL/lvgl/src/widgets/span/lv_span.c ****             a.y2 = a.y1 + pinfo->line_h;
 3717              		.loc 1 1345 13 is_stmt 1 view .LVU1112
1345:Middlewares/LVGL/lvgl/src/widgets/span/lv_span.c ****             a.y2 = a.y1 + pinfo->line_h;
 3718              		.loc 1 1345 32 is_stmt 0 view .LVU1113
 3719 04b4 2369     		ldr	r3, [r4, #16]
1345:Middlewares/LVGL/lvgl/src/widgets/span/lv_span.c ****             a.y2 = a.y1 + pinfo->line_h;
 3720              		.loc 1 1345 25 view .LVU1114
 3721 04b6 1E44     		add	r6, r6, r3
1345:Middlewares/LVGL/lvgl/src/widgets/span/lv_span.c ****             a.y2 = a.y1 + pinfo->line_h;
 3722              		.loc 1 1345 18 view .LVU1115
 3723 04b8 1996     		str	r6, [sp, #100]
1346:Middlewares/LVGL/lvgl/src/widgets/span/lv_span.c **** 
 3724              		.loc 1 1346 13 is_stmt 1 view .LVU1116
1346:Middlewares/LVGL/lvgl/src/widgets/span/lv_span.c **** 
 3725              		.loc 1 1346 32 is_stmt 0 view .LVU1117
 3726 04ba 6369     		ldr	r3, [r4, #20]
1346:Middlewares/LVGL/lvgl/src/widgets/span/lv_span.c **** 
 3727              		.loc 1 1346 25 view .LVU1118
 3728 04bc 1D44     		add	r5, r5, r3
1346:Middlewares/LVGL/lvgl/src/widgets/span/lv_span.c **** 
 3729              		.loc 1 1346 18 view .LVU1119
 3730 04be 1A95     		str	r5, [sp, #104]
1355:Middlewares/LVGL/lvgl/src/widgets/span/lv_span.c ****             int32_t dot_width = 0;
 3731              		.loc 1 1355 13 is_stmt 1 view .LVU1120
 3732              	.LVL396:
1356:Middlewares/LVGL/lvgl/src/widgets/span/lv_span.c ****             /* deal overflow */
 3733              		.loc 1 1356 13 view .LVU1121
1358:Middlewares/LVGL/lvgl/src/widgets/span/lv_span.c ****                 int32_t dot_letter_w = lv_font_get_glyph_width(pinfo->font, '.', '.');
 3734              		.loc 1 1358 13 view .LVU1122
1358:Middlewares/LVGL/lvgl/src/widgets/span/lv_span.c ****                 int32_t dot_letter_w = lv_font_get_glyph_width(pinfo->font, '.', '.');
 3735              		.loc 1 1358 15 is_stmt 0 view .LVU1123
 3736 04c0 079B     		ldr	r3, [sp, #28]
 3737 04c2 002B     		cmp	r3, #0
 3738 04c4 7FF470AF 		bne	.L251
1355:Middlewares/LVGL/lvgl/src/widgets/span/lv_span.c ****             int32_t dot_width = 0;
 3739              		.loc 1 1355 18 view .LVU1124
ARM GAS  C:\Users\w1785\AppData\Local\Temp\ccRqOZjG.s 			page 135


 3740 04c8 079E     		ldr	r6, [sp, #28]
1356:Middlewares/LVGL/lvgl/src/widgets/span/lv_span.c ****             /* deal overflow */
 3741              		.loc 1 1356 21 view .LVU1125
 3742 04ca 0025     		movs	r5, #0
 3743              	.LVL397:
 3744              	.L214:
1394:Middlewares/LVGL/lvgl/src/widgets/span/lv_span.c **** #if LV_USE_BIDI
 3745              		.loc 1 1394 13 is_stmt 1 view .LVU1126
 3746 04cc 17AA     		add	r2, sp, #92
 3747 04ce 1BA9     		add	r1, sp, #108
 3748 04d0 0C98     		ldr	r0, [sp, #48]
 3749 04d2 FFF7FEFF 		bl	lv_draw_label
 3750              	.LVL398:
1401:Middlewares/LVGL/lvgl/src/widgets/span/lv_span.c ****                 label_draw_dsc.text = "...";
 3751              		.loc 1 1401 13 view .LVU1127
1401:Middlewares/LVGL/lvgl/src/widgets/span/lv_span.c ****                 label_draw_dsc.text = "...";
 3752              		.loc 1 1401 15 is_stmt 0 view .LVU1128
 3753 04d6 002E     		cmp	r6, #0
 3754 04d8 9CD0     		beq	.L216
 3755 04da 8DE7     		b	.L252
 3756              	.LVL399:
 3757              	.L250:
1401:Middlewares/LVGL/lvgl/src/widgets/span/lv_span.c ****                 label_draw_dsc.text = "...";
 3758              		.loc 1 1401 15 view .LVU1129
 3759 04dc DDF82090 		ldr	r9, [sp, #32]
 3760 04e0 119F     		ldr	r7, [sp, #68]
 3761 04e2 E6E6     		b	.L202
 3762              	.LVL400:
 3763              	.L219:
1401:Middlewares/LVGL/lvgl/src/widgets/span/lv_span.c ****                 label_draw_dsc.text = "...";
 3764              		.loc 1 1401 15 view .LVU1130
 3765              	.LBE136:
1438:Middlewares/LVGL/lvgl/src/widgets/span/lv_span.c ****             return;
 3766              		.loc 1 1438 13 is_stmt 1 view .LVU1131
1438:Middlewares/LVGL/lvgl/src/widgets/span/lv_span.c ****             return;
 3767              		.loc 1 1438 31 is_stmt 0 view .LVU1132
 3768 04e4 0C9C     		ldr	r4, [sp, #48]
 3769 04e6 3434     		adds	r4, r4, #52
 3770 04e8 42AB     		add	r3, sp, #264
 3771 04ea 0FCB     		ldm	r3, {r0, r1, r2, r3}
 3772 04ec 84E80F00 		stm	r4, {r0, r1, r2, r3}
1439:Middlewares/LVGL/lvgl/src/widgets/span/lv_span.c ****         }
 3773              		.loc 1 1439 13 is_stmt 1 view .LVU1133
 3774 04f0 9FE5     		b	.L176
 3775              	.LVL401:
 3776              	.L199:
1439:Middlewares/LVGL/lvgl/src/widgets/span/lv_span.c ****         }
 3777              		.loc 1 1439 13 is_stmt 0 view .LVU1134
 3778              	.LBE137:
1443:Middlewares/LVGL/lvgl/src/widgets/span/lv_span.c **** }
 3779              		.loc 1 1443 5 is_stmt 1 view .LVU1135
1443:Middlewares/LVGL/lvgl/src/widgets/span/lv_span.c **** }
 3780              		.loc 1 1443 23 is_stmt 0 view .LVU1136
 3781 04f2 0C9C     		ldr	r4, [sp, #48]
 3782              	.LVL402:
1443:Middlewares/LVGL/lvgl/src/widgets/span/lv_span.c **** }
 3783              		.loc 1 1443 23 view .LVU1137
ARM GAS  C:\Users\w1785\AppData\Local\Temp\ccRqOZjG.s 			page 136


 3784 04f4 3434     		adds	r4, r4, #52
 3785 04f6 42AB     		add	r3, sp, #264
 3786 04f8 0FCB     		ldm	r3, {r0, r1, r2, r3}
 3787 04fa 84E80F00 		stm	r4, {r0, r1, r2, r3}
 3788              	.LVL403:
1443:Middlewares/LVGL/lvgl/src/widgets/span/lv_span.c **** }
 3789              		.loc 1 1443 23 view .LVU1138
 3790 04fe 98E5     		b	.L176
 3791              	.L256:
 3792              		.align	2
 3793              	.L255:
 3794 0500 04000000 		.word	.LC2
 3795              		.cfi_endproc
 3796              	.LFE252:
 3798              		.section	.text.draw_main,"ax",%progbits
 3799              		.align	1
 3800              		.syntax unified
 3801              		.thumb
 3802              		.thumb_func
 3804              	draw_main:
 3805              	.LVL404:
 3806              	.LFB239:
 916:Middlewares/LVGL/lvgl/src/widgets/span/lv_span.c ****     lv_obj_t * obj = lv_event_get_current_target(e);
 3807              		.loc 1 916 1 is_stmt 1 view -0
 3808              		.cfi_startproc
 3809              		@ args = 0, pretend = 0, frame = 0
 3810              		@ frame_needed = 0, uses_anonymous_args = 0
 916:Middlewares/LVGL/lvgl/src/widgets/span/lv_span.c ****     lv_obj_t * obj = lv_event_get_current_target(e);
 3811              		.loc 1 916 1 is_stmt 0 view .LVU1140
 3812 0000 38B5     		push	{r3, r4, r5, lr}
 3813              	.LCFI67:
 3814              		.cfi_def_cfa_offset 16
 3815              		.cfi_offset 3, -16
 3816              		.cfi_offset 4, -12
 3817              		.cfi_offset 5, -8
 3818              		.cfi_offset 14, -4
 3819 0002 0546     		mov	r5, r0
 917:Middlewares/LVGL/lvgl/src/widgets/span/lv_span.c ****     lv_layer_t * layer = lv_event_get_layer(e);
 3820              		.loc 1 917 5 is_stmt 1 view .LVU1141
 917:Middlewares/LVGL/lvgl/src/widgets/span/lv_span.c ****     lv_layer_t * layer = lv_event_get_layer(e);
 3821              		.loc 1 917 22 is_stmt 0 view .LVU1142
 3822 0004 FFF7FEFF 		bl	lv_event_get_current_target
 3823              	.LVL405:
 917:Middlewares/LVGL/lvgl/src/widgets/span/lv_span.c ****     lv_layer_t * layer = lv_event_get_layer(e);
 3824              		.loc 1 917 22 view .LVU1143
 3825 0008 0446     		mov	r4, r0
 3826              	.LVL406:
 918:Middlewares/LVGL/lvgl/src/widgets/span/lv_span.c **** 
 3827              		.loc 1 918 5 is_stmt 1 view .LVU1144
 918:Middlewares/LVGL/lvgl/src/widgets/span/lv_span.c **** 
 3828              		.loc 1 918 26 is_stmt 0 view .LVU1145
 3829 000a 2846     		mov	r0, r5
 3830              	.LVL407:
 918:Middlewares/LVGL/lvgl/src/widgets/span/lv_span.c **** 
 3831              		.loc 1 918 26 view .LVU1146
 3832 000c FFF7FEFF 		bl	lv_event_get_layer
 3833              	.LVL408:
ARM GAS  C:\Users\w1785\AppData\Local\Temp\ccRqOZjG.s 			page 137


 3834 0010 0146     		mov	r1, r0
 3835              	.LVL409:
 920:Middlewares/LVGL/lvgl/src/widgets/span/lv_span.c **** }
 3836              		.loc 1 920 5 is_stmt 1 view .LVU1147
 3837 0012 2046     		mov	r0, r4
 3838              	.LVL410:
 920:Middlewares/LVGL/lvgl/src/widgets/span/lv_span.c **** }
 3839              		.loc 1 920 5 is_stmt 0 view .LVU1148
 3840 0014 FFF7FEFF 		bl	lv_draw_span
 3841              	.LVL411:
 921:Middlewares/LVGL/lvgl/src/widgets/span/lv_span.c **** 
 3842              		.loc 1 921 1 view .LVU1149
 3843 0018 38BD     		pop	{r3, r4, r5, pc}
 921:Middlewares/LVGL/lvgl/src/widgets/span/lv_span.c **** 
 3844              		.loc 1 921 1 view .LVU1150
 3845              		.cfi_endproc
 3846              	.LFE239:
 3848              		.section	.text.lv_spangroup_get_max_lines,"ax",%progbits
 3849              		.align	1
 3850              		.global	lv_spangroup_get_max_lines
 3851              		.syntax unified
 3852              		.thumb
 3853              		.thumb_func
 3855              	lv_spangroup_get_max_lines:
 3856              	.LVL412:
 3857              	.LFB228:
 513:Middlewares/LVGL/lvgl/src/widgets/span/lv_span.c ****     LV_ASSERT_OBJ(obj, MY_CLASS);
 3858              		.loc 1 513 1 is_stmt 1 view -0
 3859              		.cfi_startproc
 3860              		@ args = 0, pretend = 0, frame = 0
 3861              		@ frame_needed = 0, uses_anonymous_args = 0
 3862              		@ link register save eliminated.
 514:Middlewares/LVGL/lvgl/src/widgets/span/lv_span.c ****     lv_spangroup_t * spans = (lv_spangroup_t *)obj;
 3863              		.loc 1 514 5 view .LVU1152
 514:Middlewares/LVGL/lvgl/src/widgets/span/lv_span.c ****     lv_spangroup_t * spans = (lv_spangroup_t *)obj;
 3864              		.loc 1 514 5 view .LVU1153
 3865 0000 08B1     		cbz	r0, .L261
 514:Middlewares/LVGL/lvgl/src/widgets/span/lv_span.c ****     lv_spangroup_t * spans = (lv_spangroup_t *)obj;
 3866              		.loc 1 514 5 view .LVU1154
 514:Middlewares/LVGL/lvgl/src/widgets/span/lv_span.c ****     lv_spangroup_t * spans = (lv_spangroup_t *)obj;
 3867              		.loc 1 514 33 view .LVU1155
 515:Middlewares/LVGL/lvgl/src/widgets/span/lv_span.c ****     return spans->lines;
 3868              		.loc 1 515 5 view .LVU1156
 3869              	.LVL413:
 516:Middlewares/LVGL/lvgl/src/widgets/span/lv_span.c **** }
 3870              		.loc 1 516 5 view .LVU1157
 517:Middlewares/LVGL/lvgl/src/widgets/span/lv_span.c **** 
 3871              		.loc 1 517 1 is_stmt 0 view .LVU1158
 3872 0002 006B     		ldr	r0, [r0, #48]
 3873              	.LVL414:
 517:Middlewares/LVGL/lvgl/src/widgets/span/lv_span.c **** 
 3874              		.loc 1 517 1 view .LVU1159
 3875 0004 7047     		bx	lr
 3876              	.LVL415:
 3877              	.L261:
 514:Middlewares/LVGL/lvgl/src/widgets/span/lv_span.c ****     lv_spangroup_t * spans = (lv_spangroup_t *)obj;
 3878              		.loc 1 514 5 is_stmt 1 view .LVU1160
ARM GAS  C:\Users\w1785\AppData\Local\Temp\ccRqOZjG.s 			page 138


 514:Middlewares/LVGL/lvgl/src/widgets/span/lv_span.c ****     lv_spangroup_t * spans = (lv_spangroup_t *)obj;
 3879              		.loc 1 514 5 view .LVU1161
 514:Middlewares/LVGL/lvgl/src/widgets/span/lv_span.c ****     lv_spangroup_t * spans = (lv_spangroup_t *)obj;
 3880              		.loc 1 514 5 view .LVU1162
 514:Middlewares/LVGL/lvgl/src/widgets/span/lv_span.c ****     lv_spangroup_t * spans = (lv_spangroup_t *)obj;
 3881              		.loc 1 514 5 view .LVU1163
 514:Middlewares/LVGL/lvgl/src/widgets/span/lv_span.c ****     lv_spangroup_t * spans = (lv_spangroup_t *)obj;
 3882              		.loc 1 514 5 view .LVU1164
 3883 0006 FEE7     		b	.L261
 3884              		.cfi_endproc
 3885              	.LFE228:
 3887              		.section	.text.lv_spangroup_get_max_line_height,"ax",%progbits
 3888              		.align	1
 3889              		.global	lv_spangroup_get_max_line_height
 3890              		.syntax unified
 3891              		.thumb
 3892              		.thumb_func
 3894              	lv_spangroup_get_max_line_height:
 3895              	.LVL416:
 3896              	.LFB229:
 521:Middlewares/LVGL/lvgl/src/widgets/span/lv_span.c ****     LV_ASSERT_OBJ(obj, MY_CLASS);
 3897              		.loc 1 521 1 view -0
 3898              		.cfi_startproc
 3899              		@ args = 0, pretend = 0, frame = 0
 3900              		@ frame_needed = 0, uses_anonymous_args = 0
 522:Middlewares/LVGL/lvgl/src/widgets/span/lv_span.c ****     lv_spangroup_t * spans = (lv_spangroup_t *)obj;
 3901              		.loc 1 522 5 view .LVU1166
 522:Middlewares/LVGL/lvgl/src/widgets/span/lv_span.c ****     lv_spangroup_t * spans = (lv_spangroup_t *)obj;
 3902              		.loc 1 522 5 view .LVU1167
 3903 0000 48B1     		cbz	r0, .L264
 521:Middlewares/LVGL/lvgl/src/widgets/span/lv_span.c ****     LV_ASSERT_OBJ(obj, MY_CLASS);
 3904              		.loc 1 521 1 is_stmt 0 view .LVU1168
 3905 0002 F8B5     		push	{r3, r4, r5, r6, r7, lr}
 3906              	.LCFI68:
 3907              		.cfi_def_cfa_offset 24
 3908              		.cfi_offset 3, -24
 3909              		.cfi_offset 4, -20
 3910              		.cfi_offset 5, -16
 3911              		.cfi_offset 6, -12
 3912              		.cfi_offset 7, -8
 3913              		.cfi_offset 14, -4
 3914 0004 0646     		mov	r6, r0
 522:Middlewares/LVGL/lvgl/src/widgets/span/lv_span.c ****     lv_spangroup_t * spans = (lv_spangroup_t *)obj;
 3915              		.loc 1 522 5 is_stmt 1 view .LVU1169
 522:Middlewares/LVGL/lvgl/src/widgets/span/lv_span.c ****     lv_spangroup_t * spans = (lv_spangroup_t *)obj;
 3916              		.loc 1 522 33 view .LVU1170
 523:Middlewares/LVGL/lvgl/src/widgets/span/lv_span.c **** 
 3917              		.loc 1 523 5 view .LVU1171
 3918              	.LVL417:
 525:Middlewares/LVGL/lvgl/src/widgets/span/lv_span.c ****     lv_span_t * cur_span;
 3919              		.loc 1 525 5 view .LVU1172
 526:Middlewares/LVGL/lvgl/src/widgets/span/lv_span.c ****     LV_LL_READ(&spans->child_ll, cur_span) {
 3920              		.loc 1 526 5 view .LVU1173
 527:Middlewares/LVGL/lvgl/src/widgets/span/lv_span.c ****         const lv_font_t * font = lv_span_get_style_text_font(obj, cur_span);
 3921              		.loc 1 527 5 view .LVU1174
 3922 0006 00F14007 		add	r7, r0, #64
 3923 000a 3846     		mov	r0, r7
ARM GAS  C:\Users\w1785\AppData\Local\Temp\ccRqOZjG.s 			page 139


 3924              	.LVL418:
 527:Middlewares/LVGL/lvgl/src/widgets/span/lv_span.c ****         const lv_font_t * font = lv_span_get_style_text_font(obj, cur_span);
 3925              		.loc 1 527 5 is_stmt 0 view .LVU1175
 3926 000c FFF7FEFF 		bl	lv_ll_get_head
 3927              	.LVL419:
 3928 0010 0446     		mov	r4, r0
 3929              	.LVL420:
 525:Middlewares/LVGL/lvgl/src/widgets/span/lv_span.c ****     lv_span_t * cur_span;
 3930              		.loc 1 525 13 view .LVU1176
 3931 0012 0025     		movs	r5, #0
 527:Middlewares/LVGL/lvgl/src/widgets/span/lv_span.c ****         const lv_font_t * font = lv_span_get_style_text_font(obj, cur_span);
 3932              		.loc 1 527 5 view .LVU1177
 3933 0014 05E0     		b	.L265
 3934              	.LVL421:
 3935              	.L264:
 3936              	.LCFI69:
 3937              		.cfi_def_cfa_offset 0
 3938              		.cfi_restore 3
 3939              		.cfi_restore 4
 3940              		.cfi_restore 5
 3941              		.cfi_restore 6
 3942              		.cfi_restore 7
 3943              		.cfi_restore 14
 522:Middlewares/LVGL/lvgl/src/widgets/span/lv_span.c ****     lv_spangroup_t * spans = (lv_spangroup_t *)obj;
 3944              		.loc 1 522 5 is_stmt 1 view .LVU1178
 522:Middlewares/LVGL/lvgl/src/widgets/span/lv_span.c ****     lv_spangroup_t * spans = (lv_spangroup_t *)obj;
 3945              		.loc 1 522 5 view .LVU1179
 522:Middlewares/LVGL/lvgl/src/widgets/span/lv_span.c ****     lv_spangroup_t * spans = (lv_spangroup_t *)obj;
 3946              		.loc 1 522 5 view .LVU1180
 522:Middlewares/LVGL/lvgl/src/widgets/span/lv_span.c ****     lv_spangroup_t * spans = (lv_spangroup_t *)obj;
 3947              		.loc 1 522 5 view .LVU1181
 522:Middlewares/LVGL/lvgl/src/widgets/span/lv_span.c ****     lv_spangroup_t * spans = (lv_spangroup_t *)obj;
 3948              		.loc 1 522 5 view .LVU1182
 3949 0016 FEE7     		b	.L264
 3950              	.LVL422:
 3951              	.L266:
 3952              	.LCFI70:
 3953              		.cfi_def_cfa_offset 24
 3954              		.cfi_offset 3, -24
 3955              		.cfi_offset 4, -20
 3956              		.cfi_offset 5, -16
 3957              		.cfi_offset 6, -12
 3958              		.cfi_offset 7, -8
 3959              		.cfi_offset 14, -4
 527:Middlewares/LVGL/lvgl/src/widgets/span/lv_span.c ****         const lv_font_t * font = lv_span_get_style_text_font(obj, cur_span);
 3960              		.loc 1 527 5 discriminator 2 view .LVU1183
 3961 0018 2146     		mov	r1, r4
 3962 001a 3846     		mov	r0, r7
 3963              	.LVL423:
 527:Middlewares/LVGL/lvgl/src/widgets/span/lv_span.c ****         const lv_font_t * font = lv_span_get_style_text_font(obj, cur_span);
 3964              		.loc 1 527 5 is_stmt 0 discriminator 2 view .LVU1184
 3965 001c FFF7FEFF 		bl	lv_ll_get_next
 3966              	.LVL424:
 3967 0020 0446     		mov	r4, r0
 3968              	.LVL425:
 3969              	.L265:
 527:Middlewares/LVGL/lvgl/src/widgets/span/lv_span.c ****         const lv_font_t * font = lv_span_get_style_text_font(obj, cur_span);
ARM GAS  C:\Users\w1785\AppData\Local\Temp\ccRqOZjG.s 			page 140


 3970              		.loc 1 527 5 is_stmt 1 discriminator 1 view .LVU1185
 3971 0022 4CB1     		cbz	r4, .L271
 3972              	.LBB138:
 528:Middlewares/LVGL/lvgl/src/widgets/span/lv_span.c ****         int32_t line_h = lv_font_get_line_height(font);
 3973              		.loc 1 528 9 view .LVU1186
 528:Middlewares/LVGL/lvgl/src/widgets/span/lv_span.c ****         int32_t line_h = lv_font_get_line_height(font);
 3974              		.loc 1 528 34 is_stmt 0 view .LVU1187
 3975 0024 2146     		mov	r1, r4
 3976 0026 3046     		mov	r0, r6
 3977 0028 FFF7FEFF 		bl	lv_span_get_style_text_font
 3978              	.LVL426:
 529:Middlewares/LVGL/lvgl/src/widgets/span/lv_span.c ****         if(line_h > max_line_h) {
 3979              		.loc 1 529 9 is_stmt 1 view .LVU1188
 529:Middlewares/LVGL/lvgl/src/widgets/span/lv_span.c ****         if(line_h > max_line_h) {
 3980              		.loc 1 529 26 is_stmt 0 view .LVU1189
 3981 002c FFF7FEFF 		bl	lv_font_get_line_height
 3982              	.LVL427:
 530:Middlewares/LVGL/lvgl/src/widgets/span/lv_span.c ****             max_line_h = line_h;
 3983              		.loc 1 530 9 is_stmt 1 view .LVU1190
 530:Middlewares/LVGL/lvgl/src/widgets/span/lv_span.c ****             max_line_h = line_h;
 3984              		.loc 1 530 11 is_stmt 0 view .LVU1191
 3985 0030 8542     		cmp	r5, r0
 3986 0032 F1DA     		bge	.L266
 531:Middlewares/LVGL/lvgl/src/widgets/span/lv_span.c ****         }
 3987              		.loc 1 531 24 view .LVU1192
 3988 0034 0546     		mov	r5, r0
 3989              	.LVL428:
 531:Middlewares/LVGL/lvgl/src/widgets/span/lv_span.c ****         }
 3990              		.loc 1 531 24 view .LVU1193
 3991 0036 EFE7     		b	.L266
 3992              	.LVL429:
 3993              	.L271:
 531:Middlewares/LVGL/lvgl/src/widgets/span/lv_span.c ****         }
 3994              		.loc 1 531 24 view .LVU1194
 3995              	.LBE138:
 535:Middlewares/LVGL/lvgl/src/widgets/span/lv_span.c **** }
 3996              		.loc 1 535 5 is_stmt 1 view .LVU1195
 536:Middlewares/LVGL/lvgl/src/widgets/span/lv_span.c **** 
 3997              		.loc 1 536 1 is_stmt 0 view .LVU1196
 3998 0038 2846     		mov	r0, r5
 3999 003a F8BD     		pop	{r3, r4, r5, r6, r7, pc}
 536:Middlewares/LVGL/lvgl/src/widgets/span/lv_span.c **** 
 4000              		.loc 1 536 1 view .LVU1197
 4001              		.cfi_endproc
 4002              	.LFE229:
 4004              		.section	.text.lv_spangroup_get_expand_width,"ax",%progbits
 4005              		.align	1
 4006              		.global	lv_spangroup_get_expand_width
 4007              		.syntax unified
 4008              		.thumb
 4009              		.thumb_func
 4011              	lv_spangroup_get_expand_width:
 4012              	.LVL430:
 4013              	.LFB230:
 539:Middlewares/LVGL/lvgl/src/widgets/span/lv_span.c ****     LV_ASSERT_OBJ(obj, MY_CLASS);
 4014              		.loc 1 539 1 is_stmt 1 view -0
 4015              		.cfi_startproc
ARM GAS  C:\Users\w1785\AppData\Local\Temp\ccRqOZjG.s 			page 141


 4016              		@ args = 0, pretend = 0, frame = 16
 4017              		@ frame_needed = 0, uses_anonymous_args = 0
 539:Middlewares/LVGL/lvgl/src/widgets/span/lv_span.c ****     LV_ASSERT_OBJ(obj, MY_CLASS);
 4018              		.loc 1 539 1 is_stmt 0 view .LVU1199
 4019 0000 2DE9F04F 		push	{r4, r5, r6, r7, r8, r9, r10, fp, lr}
 4020              	.LCFI71:
 4021              		.cfi_def_cfa_offset 36
 4022              		.cfi_offset 4, -36
 4023              		.cfi_offset 5, -32
 4024              		.cfi_offset 6, -28
 4025              		.cfi_offset 7, -24
 4026              		.cfi_offset 8, -20
 4027              		.cfi_offset 9, -16
 4028              		.cfi_offset 10, -12
 4029              		.cfi_offset 11, -8
 4030              		.cfi_offset 14, -4
 4031 0004 85B0     		sub	sp, sp, #20
 4032              	.LCFI72:
 4033              		.cfi_def_cfa_offset 56
 540:Middlewares/LVGL/lvgl/src/widgets/span/lv_span.c ****     lv_spangroup_t * spans = (lv_spangroup_t *)obj;
 4034              		.loc 1 540 5 is_stmt 1 view .LVU1200
 540:Middlewares/LVGL/lvgl/src/widgets/span/lv_span.c ****     lv_spangroup_t * spans = (lv_spangroup_t *)obj;
 4035              		.loc 1 540 5 view .LVU1201
 4036 0006 0090     		str	r0, [sp]
 4037 0008 B0B1     		cbz	r0, .L274
 4038 000a 8846     		mov	r8, r1
 540:Middlewares/LVGL/lvgl/src/widgets/span/lv_span.c ****     lv_spangroup_t * spans = (lv_spangroup_t *)obj;
 4039              		.loc 1 540 5 view .LVU1202
 540:Middlewares/LVGL/lvgl/src/widgets/span/lv_span.c ****     lv_spangroup_t * spans = (lv_spangroup_t *)obj;
 4040              		.loc 1 540 33 view .LVU1203
 541:Middlewares/LVGL/lvgl/src/widgets/span/lv_span.c **** 
 4041              		.loc 1 541 5 view .LVU1204
 4042              	.LVL431:
 543:Middlewares/LVGL/lvgl/src/widgets/span/lv_span.c ****         return 0;
 4043              		.loc 1 543 5 view .LVU1205
 543:Middlewares/LVGL/lvgl/src/widgets/span/lv_span.c ****         return 0;
 4044              		.loc 1 543 23 is_stmt 0 view .LVU1206
 4045 000c 009C     		ldr	r4, [sp]
 4046 000e 04F14003 		add	r3, r4, #64
 4047 0012 0193     		str	r3, [sp, #4]
 543:Middlewares/LVGL/lvgl/src/widgets/span/lv_span.c ****         return 0;
 4048              		.loc 1 543 8 view .LVU1207
 4049 0014 1846     		mov	r0, r3
 4050              	.LVL432:
 543:Middlewares/LVGL/lvgl/src/widgets/span/lv_span.c ****         return 0;
 4051              		.loc 1 543 8 view .LVU1208
 4052 0016 FFF7FEFF 		bl	lv_ll_get_head
 4053              	.LVL433:
 543:Middlewares/LVGL/lvgl/src/widgets/span/lv_span.c ****         return 0;
 4054              		.loc 1 543 7 discriminator 1 view .LVU1209
 4055 001a 0028     		cmp	r0, #0
 4056 001c 51D0     		beq	.L284
 547:Middlewares/LVGL/lvgl/src/widgets/span/lv_span.c ****     int32_t letter_space = 0;
 4057              		.loc 1 547 5 is_stmt 1 view .LVU1210
 547:Middlewares/LVGL/lvgl/src/widgets/span/lv_span.c ****     int32_t letter_space = 0;
 4058              		.loc 1 547 22 is_stmt 0 view .LVU1211
 4059 001e 676B     		ldr	r7, [r4, #52]
ARM GAS  C:\Users\w1785\AppData\Local\Temp\ccRqOZjG.s 			page 142


 4060 0020 07F0C043 		and	r3, r7, #1610612736
 547:Middlewares/LVGL/lvgl/src/widgets/span/lv_span.c ****     int32_t letter_space = 0;
 4061              		.loc 1 547 57 view .LVU1212
 4062 0024 B3F1005F 		cmp	r3, #536870912
 4063 0028 07D0     		beq	.L288
 4064              	.L277:
 4065              	.LVL434:
 548:Middlewares/LVGL/lvgl/src/widgets/span/lv_span.c ****     lv_span_t * cur_span;
 4066              		.loc 1 548 5 is_stmt 1 view .LVU1213
 549:Middlewares/LVGL/lvgl/src/widgets/span/lv_span.c ****     LV_LL_READ(&spans->child_ll, cur_span) {
 4067              		.loc 1 549 5 view .LVU1214
 550:Middlewares/LVGL/lvgl/src/widgets/span/lv_span.c ****         uint32_t letter;
 4068              		.loc 1 550 5 view .LVU1215
 4069 002a 0198     		ldr	r0, [sp, #4]
 4070 002c FFF7FEFF 		bl	lv_ll_get_head
 4071              	.LVL435:
 4072 0030 8346     		mov	fp, r0
 4073              	.LVL436:
 548:Middlewares/LVGL/lvgl/src/widgets/span/lv_span.c ****     lv_span_t * cur_span;
 4074              		.loc 1 548 13 is_stmt 0 view .LVU1216
 4075 0032 4FF00009 		mov	r9, #0
 550:Middlewares/LVGL/lvgl/src/widgets/span/lv_span.c ****         uint32_t letter;
 4076              		.loc 1 550 5 view .LVU1217
 4077 0036 2BE0     		b	.L278
 4078              	.LVL437:
 4079              	.L274:
 540:Middlewares/LVGL/lvgl/src/widgets/span/lv_span.c ****     lv_spangroup_t * spans = (lv_spangroup_t *)obj;
 4080              		.loc 1 540 5 is_stmt 1 view .LVU1218
 540:Middlewares/LVGL/lvgl/src/widgets/span/lv_span.c ****     lv_spangroup_t * spans = (lv_spangroup_t *)obj;
 4081              		.loc 1 540 5 view .LVU1219
 540:Middlewares/LVGL/lvgl/src/widgets/span/lv_span.c ****     lv_spangroup_t * spans = (lv_spangroup_t *)obj;
 4082              		.loc 1 540 5 view .LVU1220
 540:Middlewares/LVGL/lvgl/src/widgets/span/lv_span.c ****     lv_spangroup_t * spans = (lv_spangroup_t *)obj;
 4083              		.loc 1 540 5 view .LVU1221
 540:Middlewares/LVGL/lvgl/src/widgets/span/lv_span.c ****     lv_spangroup_t * spans = (lv_spangroup_t *)obj;
 4084              		.loc 1 540 5 view .LVU1222
 4085 0038 FEE7     		b	.L274
 4086              	.LVL438:
 4087              	.L288:
 547:Middlewares/LVGL/lvgl/src/widgets/span/lv_span.c ****     int32_t letter_space = 0;
 4088              		.loc 1 547 22 is_stmt 0 discriminator 2 view .LVU1223
 4089 003a 27F0C042 		bic	r2, r7, #1610612736
 4090 003e 6FF06043 		mvn	r3, #-536870912
 4091 0042 9A42     		cmp	r2, r3
 4092 0044 F1DA     		bge	.L277
 547:Middlewares/LVGL/lvgl/src/widgets/span/lv_span.c ****     int32_t letter_space = 0;
 4093              		.loc 1 547 57 discriminator 4 view .LVU1224
 4094 0046 0027     		movs	r7, #0
 4095 0048 EFE7     		b	.L277
 4096              	.LVL439:
 4097              	.L281:
 4098              	.LBB139:
 4099              	.LBB140:
 563:Middlewares/LVGL/lvgl/src/widgets/span/lv_span.c ****             letter_next = lv_text_encoded_next(&cur_txt[j], NULL);
 4100              		.loc 1 563 13 is_stmt 1 view .LVU1225
 563:Middlewares/LVGL/lvgl/src/widgets/span/lv_span.c ****             letter_next = lv_text_encoded_next(&cur_txt[j], NULL);
 4101              		.loc 1 563 27 is_stmt 0 view .LVU1226
ARM GAS  C:\Users\w1785\AppData\Local\Temp\ccRqOZjG.s 			page 143


 4102 004a 1F4B     		ldr	r3, .L291
 4103 004c 1E68     		ldr	r6, [r3]
 4104 004e 03A9     		add	r1, sp, #12
 4105 0050 2846     		mov	r0, r5
 4106 0052 B047     		blx	r6
 4107              	.LVL440:
 4108 0054 0446     		mov	r4, r0
 4109              	.LVL441:
 564:Middlewares/LVGL/lvgl/src/widgets/span/lv_span.c ****             uint32_t letter_w = lv_font_get_glyph_width(font, letter, letter_next);
 4110              		.loc 1 564 13 is_stmt 1 view .LVU1227
 564:Middlewares/LVGL/lvgl/src/widgets/span/lv_span.c ****             uint32_t letter_w = lv_font_get_glyph_width(font, letter, letter_next);
 4111              		.loc 1 564 27 is_stmt 0 view .LVU1228
 4112 0056 0021     		movs	r1, #0
 4113 0058 0398     		ldr	r0, [sp, #12]
 4114              	.LVL442:
 564:Middlewares/LVGL/lvgl/src/widgets/span/lv_span.c ****             uint32_t letter_w = lv_font_get_glyph_width(font, letter, letter_next);
 4115              		.loc 1 564 27 view .LVU1229
 4116 005a 2844     		add	r0, r0, r5
 4117 005c B047     		blx	r6
 4118              	.LVL443:
 4119 005e 0246     		mov	r2, r0
 4120              	.LVL444:
 565:Middlewares/LVGL/lvgl/src/widgets/span/lv_span.c ****             width = width + letter_w + letter_space;
 4121              		.loc 1 565 13 is_stmt 1 view .LVU1230
 565:Middlewares/LVGL/lvgl/src/widgets/span/lv_span.c ****             width = width + letter_w + letter_space;
 4122              		.loc 1 565 33 is_stmt 0 view .LVU1231
 4123 0060 2146     		mov	r1, r4
 4124 0062 5046     		mov	r0, r10
 4125              	.LVL445:
 565:Middlewares/LVGL/lvgl/src/widgets/span/lv_span.c ****             width = width + letter_w + letter_space;
 4126              		.loc 1 565 33 view .LVU1232
 4127 0064 FFF7FEFF 		bl	lv_font_get_glyph_width
 4128              	.LVL446:
 566:Middlewares/LVGL/lvgl/src/widgets/span/lv_span.c ****         }
 4129              		.loc 1 566 13 is_stmt 1 view .LVU1233
 566:Middlewares/LVGL/lvgl/src/widgets/span/lv_span.c ****         }
 4130              		.loc 1 566 27 is_stmt 0 view .LVU1234
 4131 0068 3844     		add	r0, r0, r7
 4132              	.LVL447:
 566:Middlewares/LVGL/lvgl/src/widgets/span/lv_span.c ****         }
 4133              		.loc 1 566 19 view .LVU1235
 4134 006a 00EB0907 		add	r7, r0, r9
 4135              	.LVL448:
 4136              	.L280:
 566:Middlewares/LVGL/lvgl/src/widgets/span/lv_span.c ****         }
 4137              		.loc 1 566 19 view .LVU1236
 4138              	.LBE140:
 559:Middlewares/LVGL/lvgl/src/widgets/span/lv_span.c ****             if(max_width > 0 && width >= max_width) {
 4139              		.loc 1 559 26 is_stmt 1 view .LVU1237
 559:Middlewares/LVGL/lvgl/src/widgets/span/lv_span.c ****             if(max_width > 0 && width >= max_width) {
 4140              		.loc 1 559 22 is_stmt 0 view .LVU1238
 4141 006e 039B     		ldr	r3, [sp, #12]
 4142 0070 EB5C     		ldrb	r3, [r5, r3]	@ zero_extendqisi2
 559:Middlewares/LVGL/lvgl/src/widgets/span/lv_span.c ****             if(max_width > 0 && width >= max_width) {
 4143              		.loc 1 559 26 view .LVU1239
 4144 0072 43B1     		cbz	r3, .L289
 4145              	.LBB141:
ARM GAS  C:\Users\w1785\AppData\Local\Temp\ccRqOZjG.s 			page 144


 560:Middlewares/LVGL/lvgl/src/widgets/span/lv_span.c ****                 return max_width;
 4146              		.loc 1 560 13 is_stmt 1 view .LVU1240
 560:Middlewares/LVGL/lvgl/src/widgets/span/lv_span.c ****                 return max_width;
 4147              		.loc 1 560 15 is_stmt 0 view .LVU1241
 4148 0074 B8F1000F 		cmp	r8, #0
 4149 0078 E7D0     		beq	.L281
 560:Middlewares/LVGL/lvgl/src/widgets/span/lv_span.c ****                 return max_width;
 4150              		.loc 1 560 30 discriminator 1 view .LVU1242
 4151 007a 4745     		cmp	r7, r8
 4152 007c E5D3     		bcc	.L281
 561:Middlewares/LVGL/lvgl/src/widgets/span/lv_span.c ****             }
 4153              		.loc 1 561 17 is_stmt 1 view .LVU1243
 4154              	.LVL449:
 561:Middlewares/LVGL/lvgl/src/widgets/span/lv_span.c ****             }
 4155              		.loc 1 561 24 is_stmt 0 view .LVU1244
 4156 007e 4046     		mov	r0, r8
 4157              	.LVL450:
 4158              	.L272:
 561:Middlewares/LVGL/lvgl/src/widgets/span/lv_span.c ****             }
 4159              		.loc 1 561 24 view .LVU1245
 4160              	.LBE141:
 4161              	.LBE139:
 571:Middlewares/LVGL/lvgl/src/widgets/span/lv_span.c **** 
 4162              		.loc 1 571 1 view .LVU1246
 4163 0080 05B0     		add	sp, sp, #20
 4164              	.LCFI73:
 4165              		.cfi_remember_state
 4166              		.cfi_def_cfa_offset 36
 4167              	.LVL451:
 571:Middlewares/LVGL/lvgl/src/widgets/span/lv_span.c **** 
 4168              		.loc 1 571 1 view .LVU1247
 4169              		@ sp needed
 4170 0082 BDE8F08F 		pop	{r4, r5, r6, r7, r8, r9, r10, fp, pc}
 4171              	.LVL452:
 4172              	.L289:
 4173              	.LCFI74:
 4174              		.cfi_restore_state
 550:Middlewares/LVGL/lvgl/src/widgets/span/lv_span.c ****         uint32_t letter;
 4175              		.loc 1 550 5 is_stmt 1 discriminator 2 view .LVU1248
 4176 0086 5946     		mov	r1, fp
 4177 0088 0198     		ldr	r0, [sp, #4]
 4178 008a FFF7FEFF 		bl	lv_ll_get_next
 4179              	.LVL453:
 4180 008e 8346     		mov	fp, r0
 4181              	.LVL454:
 4182              	.L278:
 550:Middlewares/LVGL/lvgl/src/widgets/span/lv_span.c ****         uint32_t letter;
 4183              		.loc 1 550 5 discriminator 1 view .LVU1249
 4184 0090 BBF1000F 		cmp	fp, #0
 4185 0094 12D0     		beq	.L290
 4186              	.LBB146:
 551:Middlewares/LVGL/lvgl/src/widgets/span/lv_span.c ****         uint32_t letter_next;
 4187              		.loc 1 551 9 view .LVU1250
 552:Middlewares/LVGL/lvgl/src/widgets/span/lv_span.c ****         const lv_font_t * font = lv_span_get_style_text_font(obj, cur_span);
 4188              		.loc 1 552 9 view .LVU1251
 553:Middlewares/LVGL/lvgl/src/widgets/span/lv_span.c **** 
 4189              		.loc 1 553 9 view .LVU1252
ARM GAS  C:\Users\w1785\AppData\Local\Temp\ccRqOZjG.s 			page 145


 553:Middlewares/LVGL/lvgl/src/widgets/span/lv_span.c **** 
 4190              		.loc 1 553 34 is_stmt 0 view .LVU1253
 4191 0096 5946     		mov	r1, fp
 4192 0098 009C     		ldr	r4, [sp]
 4193 009a 2046     		mov	r0, r4
 4194 009c FFF7FEFF 		bl	lv_span_get_style_text_font
 4195              	.LVL455:
 4196 00a0 8246     		mov	r10, r0
 4197              	.LVL456:
 555:Middlewares/LVGL/lvgl/src/widgets/span/lv_span.c ****         uint32_t j = 0;
 4198              		.loc 1 555 9 is_stmt 1 view .LVU1254
 555:Middlewares/LVGL/lvgl/src/widgets/span/lv_span.c ****         uint32_t j = 0;
 4199              		.loc 1 555 24 is_stmt 0 view .LVU1255
 4200 00a2 5946     		mov	r1, fp
 4201 00a4 2046     		mov	r0, r4
 4202              	.LVL457:
 555:Middlewares/LVGL/lvgl/src/widgets/span/lv_span.c ****         uint32_t j = 0;
 4203              		.loc 1 555 24 view .LVU1256
 4204 00a6 FFF7FEFF 		bl	lv_span_get_style_text_letter_space
 4205              	.LVL458:
 4206 00aa 8146     		mov	r9, r0
 4207              	.LVL459:
 556:Middlewares/LVGL/lvgl/src/widgets/span/lv_span.c ****         const char * cur_txt = cur_span->txt;
 4208              		.loc 1 556 9 is_stmt 1 view .LVU1257
 556:Middlewares/LVGL/lvgl/src/widgets/span/lv_span.c ****         const char * cur_txt = cur_span->txt;
 4209              		.loc 1 556 18 is_stmt 0 view .LVU1258
 4210 00ac 0023     		movs	r3, #0
 4211 00ae 0393     		str	r3, [sp, #12]
 557:Middlewares/LVGL/lvgl/src/widgets/span/lv_span.c ****         span_text_check(&cur_txt);
 4212              		.loc 1 557 9 is_stmt 1 view .LVU1259
 557:Middlewares/LVGL/lvgl/src/widgets/span/lv_span.c ****         span_text_check(&cur_txt);
 4213              		.loc 1 557 40 is_stmt 0 view .LVU1260
 4214 00b0 DBF80050 		ldr	r5, [fp]
 4215              	.LVL460:
 558:Middlewares/LVGL/lvgl/src/widgets/span/lv_span.c ****         while(cur_txt[j] != '\0') {
 4216              		.loc 1 558 9 is_stmt 1 view .LVU1261
 4217              	.LBB142:
 4218              	.LBI142:
1052:Middlewares/LVGL/lvgl/src/widgets/span/lv_span.c **** {
 4219              		.loc 1 1052 20 view .LVU1262
 4220              	.LBB143:
1054:Middlewares/LVGL/lvgl/src/widgets/span/lv_span.c ****         *text = "";
 4221              		.loc 1 1054 5 view .LVU1263
1054:Middlewares/LVGL/lvgl/src/widgets/span/lv_span.c ****         *text = "";
 4222              		.loc 1 1054 7 is_stmt 0 view .LVU1264
 4223 00b4 002D     		cmp	r5, #0
 4224 00b6 DAD1     		bne	.L280
1055:Middlewares/LVGL/lvgl/src/widgets/span/lv_span.c ****         LV_LOG_ERROR("occur an error that span text == NULL");
 4225              		.loc 1 1055 15 view .LVU1265
 4226 00b8 044D     		ldr	r5, .L291+4
 4227              	.LVL461:
1056:Middlewares/LVGL/lvgl/src/widgets/span/lv_span.c ****     }
 4228              		.loc 1 1056 9 is_stmt 1 view .LVU1266
1056:Middlewares/LVGL/lvgl/src/widgets/span/lv_span.c ****     }
 4229              		.loc 1 1056 9 view .LVU1267
1056:Middlewares/LVGL/lvgl/src/widgets/span/lv_span.c ****     }
 4230              		.loc 1 1056 9 view .LVU1268
ARM GAS  C:\Users\w1785\AppData\Local\Temp\ccRqOZjG.s 			page 146


1056:Middlewares/LVGL/lvgl/src/widgets/span/lv_span.c ****     }
 4231              		.loc 1 1056 9 is_stmt 0 view .LVU1269
 4232              	.LBE143:
 4233              	.LBE142:
 559:Middlewares/LVGL/lvgl/src/widgets/span/lv_span.c ****             if(max_width > 0 && width >= max_width) {
 4234              		.loc 1 559 9 is_stmt 1 view .LVU1270
 4235              	.LBB145:
 4236              	.LBB144:
1058:Middlewares/LVGL/lvgl/src/widgets/span/lv_span.c **** 
 4237              		.loc 1 1058 1 is_stmt 0 view .LVU1271
 4238 00ba D8E7     		b	.L280
 4239              	.LVL462:
 4240              	.L290:
1058:Middlewares/LVGL/lvgl/src/widgets/span/lv_span.c **** 
 4241              		.loc 1 1058 1 view .LVU1272
 4242              	.LBE144:
 4243              	.LBE145:
 4244              	.LBE146:
 570:Middlewares/LVGL/lvgl/src/widgets/span/lv_span.c **** }
 4245              		.loc 1 570 5 is_stmt 1 view .LVU1273
 570:Middlewares/LVGL/lvgl/src/widgets/span/lv_span.c **** }
 4246              		.loc 1 570 18 is_stmt 0 view .LVU1274
 4247 00bc A7EB0900 		sub	r0, r7, r9
 4248 00c0 DEE7     		b	.L272
 4249              	.LVL463:
 4250              	.L284:
 544:Middlewares/LVGL/lvgl/src/widgets/span/lv_span.c ****     }
 4251              		.loc 1 544 16 view .LVU1275
 4252 00c2 0020     		movs	r0, #0
 4253 00c4 DCE7     		b	.L272
 4254              	.L292:
 4255 00c6 00BF     		.align	2
 4256              	.L291:
 4257 00c8 00000000 		.word	lv_text_encoded_next
 4258 00cc 00000000 		.word	.LC0
 4259              		.cfi_endproc
 4260              	.LFE230:
 4262              		.section	.text.lv_spangroup_get_expand_height,"ax",%progbits
 4263              		.align	1
 4264              		.global	lv_spangroup_get_expand_height
 4265              		.syntax unified
 4266              		.thumb
 4267              		.thumb_func
 4269              	lv_spangroup_get_expand_height:
 4270              	.LVL464:
 4271              	.LFB231:
 574:Middlewares/LVGL/lvgl/src/widgets/span/lv_span.c ****     LV_ASSERT_OBJ(obj, MY_CLASS);
 4272              		.loc 1 574 1 is_stmt 1 view -0
 4273              		.cfi_startproc
 4274              		@ args = 0, pretend = 0, frame = 88
 4275              		@ frame_needed = 0, uses_anonymous_args = 0
 574:Middlewares/LVGL/lvgl/src/widgets/span/lv_span.c ****     LV_ASSERT_OBJ(obj, MY_CLASS);
 4276              		.loc 1 574 1 is_stmt 0 view .LVU1277
 4277 0000 2DE9F04F 		push	{r4, r5, r6, r7, r8, r9, r10, fp, lr}
 4278              	.LCFI75:
 4279              		.cfi_def_cfa_offset 36
 4280              		.cfi_offset 4, -36
ARM GAS  C:\Users\w1785\AppData\Local\Temp\ccRqOZjG.s 			page 147


 4281              		.cfi_offset 5, -32
 4282              		.cfi_offset 6, -28
 4283              		.cfi_offset 7, -24
 4284              		.cfi_offset 8, -20
 4285              		.cfi_offset 9, -16
 4286              		.cfi_offset 10, -12
 4287              		.cfi_offset 11, -8
 4288              		.cfi_offset 14, -4
 4289 0004 9BB0     		sub	sp, sp, #108
 4290              	.LCFI76:
 4291              		.cfi_def_cfa_offset 144
 4292 0006 0991     		str	r1, [sp, #36]
 575:Middlewares/LVGL/lvgl/src/widgets/span/lv_span.c ****     lv_spangroup_t * spans = (lv_spangroup_t *)obj;
 4293              		.loc 1 575 5 is_stmt 1 view .LVU1278
 575:Middlewares/LVGL/lvgl/src/widgets/span/lv_span.c ****     lv_spangroup_t * spans = (lv_spangroup_t *)obj;
 4294              		.loc 1 575 5 view .LVU1279
 4295 0008 0890     		str	r0, [sp, #32]
 4296 000a 0028     		cmp	r0, #0
 4297 000c 39D0     		beq	.L295
 575:Middlewares/LVGL/lvgl/src/widgets/span/lv_span.c ****     lv_spangroup_t * spans = (lv_spangroup_t *)obj;
 4298              		.loc 1 575 5 view .LVU1280
 575:Middlewares/LVGL/lvgl/src/widgets/span/lv_span.c ****     lv_spangroup_t * spans = (lv_spangroup_t *)obj;
 4299              		.loc 1 575 33 view .LVU1281
 576:Middlewares/LVGL/lvgl/src/widgets/span/lv_span.c ****     if(lv_ll_get_head(&spans->child_ll) == NULL || width <= 0) {
 4300              		.loc 1 576 5 view .LVU1282
 4301              	.LVL465:
 577:Middlewares/LVGL/lvgl/src/widgets/span/lv_span.c ****         return 0;
 4302              		.loc 1 577 5 view .LVU1283
 577:Middlewares/LVGL/lvgl/src/widgets/span/lv_span.c ****         return 0;
 4303              		.loc 1 577 23 is_stmt 0 view .LVU1284
 4304 000e 089C     		ldr	r4, [sp, #32]
 4305 0010 04F1400A 		add	r10, r4, #64
 577:Middlewares/LVGL/lvgl/src/widgets/span/lv_span.c ****         return 0;
 4306              		.loc 1 577 8 view .LVU1285
 4307 0014 5046     		mov	r0, r10
 4308              	.LVL466:
 577:Middlewares/LVGL/lvgl/src/widgets/span/lv_span.c ****         return 0;
 4309              		.loc 1 577 8 view .LVU1286
 4310 0016 FFF7FEFF 		bl	lv_ll_get_head
 4311              	.LVL467:
 577:Middlewares/LVGL/lvgl/src/widgets/span/lv_span.c ****         return 0;
 4312              		.loc 1 577 7 discriminator 1 view .LVU1287
 4313 001a 0028     		cmp	r0, #0
 4314 001c 00F02C81 		beq	.L325
 577:Middlewares/LVGL/lvgl/src/widgets/span/lv_span.c ****         return 0;
 4315              		.loc 1 577 49 discriminator 1 view .LVU1288
 4316 0020 099D     		ldr	r5, [sp, #36]
 4317 0022 002D     		cmp	r5, #0
 4318 0024 40F32A81 		ble	.L326
 582:Middlewares/LVGL/lvgl/src/widgets/span/lv_span.c ****     int32_t line_space = lv_obj_get_style_text_line_space(obj, LV_PART_MAIN);
 4319              		.loc 1 582 5 is_stmt 1 view .LVU1289
 4320              	.LVL468:
 583:Middlewares/LVGL/lvgl/src/widgets/span/lv_span.c ****     int32_t max_width = width;
 4321              		.loc 1 583 5 view .LVU1290
 4322              	.LBB147:
 4323              	.LBI147:
1182:Middlewares/LVGL/lvgl/src/widgets/span/../../core/lv_obj_style_gen.h **** {
ARM GAS  C:\Users\w1785\AppData\Local\Temp\ccRqOZjG.s 			page 148


 4324              		.loc 3 1182 23 view .LVU1291
 4325              	.LBB148:
1184:Middlewares/LVGL/lvgl/src/widgets/span/../../core/lv_obj_style_gen.h ****     return (int32_t)v.num;
 4326              		.loc 3 1184 5 view .LVU1292
1184:Middlewares/LVGL/lvgl/src/widgets/span/../../core/lv_obj_style_gen.h ****     return (int32_t)v.num;
 4327              		.loc 3 1184 26 is_stmt 0 view .LVU1293
 4328 0028 6722     		movs	r2, #103
 4329 002a 0021     		movs	r1, #0
 4330 002c 2046     		mov	r0, r4
 4331 002e FFF7FEFF 		bl	lv_obj_get_style_prop
 4332              	.LVL469:
 4333 0032 0A90     		str	r0, [sp, #40]
 4334 0034 1090     		str	r0, [sp, #64]
1185:Middlewares/LVGL/lvgl/src/widgets/span/../../core/lv_obj_style_gen.h **** }
 4335              		.loc 3 1185 5 is_stmt 1 view .LVU1294
 4336              	.LVL470:
1185:Middlewares/LVGL/lvgl/src/widgets/span/../../core/lv_obj_style_gen.h **** }
 4337              		.loc 3 1185 5 is_stmt 0 view .LVU1295
 4338              	.LBE148:
 4339              	.LBE147:
 584:Middlewares/LVGL/lvgl/src/widgets/span/lv_span.c ****     int32_t indent = convert_indent_pct(obj, max_width);
 4340              		.loc 1 584 5 is_stmt 1 view .LVU1296
 585:Middlewares/LVGL/lvgl/src/widgets/span/lv_span.c ****     int32_t max_w  = max_width - indent; /* first line need minus indent */
 4341              		.loc 1 585 5 view .LVU1297
 585:Middlewares/LVGL/lvgl/src/widgets/span/lv_span.c ****     int32_t max_w  = max_width - indent; /* first line need minus indent */
 4342              		.loc 1 585 22 is_stmt 0 view .LVU1298
 4343 0036 2946     		mov	r1, r5
 4344 0038 2046     		mov	r0, r4
 4345              	.LVL471:
 585:Middlewares/LVGL/lvgl/src/widgets/span/lv_span.c ****     int32_t max_w  = max_width - indent; /* first line need minus indent */
 4346              		.loc 1 585 22 view .LVU1299
 4347 003a FFF7FEFF 		bl	convert_indent_pct
 4348              	.LVL472:
 4349 003e 0146     		mov	r1, r0
 4350              	.LVL473:
 586:Middlewares/LVGL/lvgl/src/widgets/span/lv_span.c **** 
 4351              		.loc 1 586 5 is_stmt 1 view .LVU1300
 586:Middlewares/LVGL/lvgl/src/widgets/span/lv_span.c **** 
 4352              		.loc 1 586 13 is_stmt 0 view .LVU1301
 4353 0040 A5EB0009 		sub	r9, r5, r0
 4354              	.LVL474:
 589:Middlewares/LVGL/lvgl/src/widgets/span/lv_span.c ****     lv_point_set(&txt_pos, indent, 0); /* first line need add indent */
 4355              		.loc 1 589 5 is_stmt 1 view .LVU1302
 590:Middlewares/LVGL/lvgl/src/widgets/span/lv_span.c **** 
 4356              		.loc 1 590 5 view .LVU1303
 4357 0044 0022     		movs	r2, #0
 4358 0046 18A8     		add	r0, sp, #96
 4359              	.LVL475:
 590:Middlewares/LVGL/lvgl/src/widgets/span/lv_span.c **** 
 4360              		.loc 1 590 5 is_stmt 0 view .LVU1304
 4361 0048 FFF7FEFF 		bl	lv_point_set
 4362              	.LVL476:
 592:Middlewares/LVGL/lvgl/src/widgets/span/lv_span.c ****     const char * cur_txt = cur_span->txt;
 4363              		.loc 1 592 5 is_stmt 1 view .LVU1305
 592:Middlewares/LVGL/lvgl/src/widgets/span/lv_span.c ****     const char * cur_txt = cur_span->txt;
 4364              		.loc 1 592 28 is_stmt 0 view .LVU1306
 4365 004c 5046     		mov	r0, r10
ARM GAS  C:\Users\w1785\AppData\Local\Temp\ccRqOZjG.s 			page 149


 4366 004e FFF7FEFF 		bl	lv_ll_get_head
 4367              	.LVL477:
 4368 0052 0446     		mov	r4, r0
 4369              	.LVL478:
 593:Middlewares/LVGL/lvgl/src/widgets/span/lv_span.c ****     span_text_check(&cur_txt);
 4370              		.loc 1 593 5 is_stmt 1 view .LVU1307
 593:Middlewares/LVGL/lvgl/src/widgets/span/lv_span.c ****     span_text_check(&cur_txt);
 4371              		.loc 1 593 36 is_stmt 0 view .LVU1308
 4372 0054 D0F80080 		ldr	r8, [r0]
 4373              	.LVL479:
 594:Middlewares/LVGL/lvgl/src/widgets/span/lv_span.c ****     uint32_t cur_txt_ofs = 0;
 4374              		.loc 1 594 5 is_stmt 1 view .LVU1309
 4375              	.LBB149:
 4376              	.LBI149:
1052:Middlewares/LVGL/lvgl/src/widgets/span/lv_span.c **** {
 4377              		.loc 1 1052 20 view .LVU1310
 4378              	.LBB150:
1054:Middlewares/LVGL/lvgl/src/widgets/span/lv_span.c ****         *text = "";
 4379              		.loc 1 1054 5 view .LVU1311
1054:Middlewares/LVGL/lvgl/src/widgets/span/lv_span.c ****         *text = "";
 4380              		.loc 1 1054 7 is_stmt 0 view .LVU1312
 4381 0058 B8F1000F 		cmp	r8, #0
 4382 005c 12D0     		beq	.L340
 4383              	.LVL480:
 4384              	.L297:
1056:Middlewares/LVGL/lvgl/src/widgets/span/lv_span.c ****     }
 4385              		.loc 1 1056 9 is_stmt 1 view .LVU1313
1056:Middlewares/LVGL/lvgl/src/widgets/span/lv_span.c ****     }
 4386              		.loc 1 1056 9 view .LVU1314
1056:Middlewares/LVGL/lvgl/src/widgets/span/lv_span.c ****     }
 4387              		.loc 1 1056 9 view .LVU1315
1056:Middlewares/LVGL/lvgl/src/widgets/span/lv_span.c ****     }
 4388              		.loc 1 1056 9 is_stmt 0 view .LVU1316
 4389              	.LBE150:
 4390              	.LBE149:
 595:Middlewares/LVGL/lvgl/src/widgets/span/lv_span.c ****     lv_snippet_t snippet;   /* use to save cur_span info and push it to stack */
 4391              		.loc 1 595 5 is_stmt 1 view .LVU1317
 596:Middlewares/LVGL/lvgl/src/widgets/span/lv_span.c ****     lv_memset(&snippet, 0, sizeof(snippet));
 4392              		.loc 1 596 5 view .LVU1318
 597:Middlewares/LVGL/lvgl/src/widgets/span/lv_span.c **** 
 4393              		.loc 1 597 5 view .LVU1319
 4394 005e 1C22     		movs	r2, #28
 4395 0060 0021     		movs	r1, #0
 4396 0062 11A8     		add	r0, sp, #68
 4397              	.LVL481:
 597:Middlewares/LVGL/lvgl/src/widgets/span/lv_span.c **** 
 4398              		.loc 1 597 5 is_stmt 0 view .LVU1320
 4399 0064 FFF7FEFF 		bl	lv_memset
 4400              	.LVL482:
 599:Middlewares/LVGL/lvgl/src/widgets/span/lv_span.c ****     int32_t line_cnt = 0;
 4401              		.loc 1 599 5 is_stmt 1 view .LVU1321
 600:Middlewares/LVGL/lvgl/src/widgets/span/lv_span.c ****     int32_t lines = spans->lines < 0 ? INT32_MAX : spans->lines;
 4402              		.loc 1 600 5 view .LVU1322
 601:Middlewares/LVGL/lvgl/src/widgets/span/lv_span.c ****     /* the loop control how many lines need to draw */
 4403              		.loc 1 601 5 view .LVU1323
 601:Middlewares/LVGL/lvgl/src/widgets/span/lv_span.c ****     /* the loop control how many lines need to draw */
 4404              		.loc 1 601 26 is_stmt 0 view .LVU1324
ARM GAS  C:\Users\w1785\AppData\Local\Temp\ccRqOZjG.s 			page 150


 4405 0068 089B     		ldr	r3, [sp, #32]
 4406 006a 196B     		ldr	r1, [r3, #48]
 601:Middlewares/LVGL/lvgl/src/widgets/span/lv_span.c ****     /* the loop control how many lines need to draw */
 4407              		.loc 1 601 50 view .LVU1325
 4408 006c 0029     		cmp	r1, #0
 4409 006e 0CDB     		blt	.L341
 4410              	.L298:
 4411              	.LVL483:
 603:Middlewares/LVGL/lvgl/src/widgets/span/lv_span.c ****         int snippet_cnt = 0;
 4412              		.loc 1 603 5 is_stmt 1 view .LVU1326
 600:Middlewares/LVGL/lvgl/src/widgets/span/lv_span.c ****     int32_t lines = spans->lines < 0 ? INT32_MAX : spans->lines;
 4413              		.loc 1 600 13 is_stmt 0 view .LVU1327
 4414 0070 0027     		movs	r7, #0
 4415 0072 0B91     		str	r1, [sp, #44]
 4416 0074 3D46     		mov	r5, r7
 4417              	.LVL484:
 600:Middlewares/LVGL/lvgl/src/widgets/span/lv_span.c ****     int32_t lines = spans->lines < 0 ? INT32_MAX : spans->lines;
 4418              		.loc 1 600 13 view .LVU1328
 4419 0076 4346     		mov	r3, r8
 4420 0078 D046     		mov	r8, r10
 4421              	.LVL485:
 600:Middlewares/LVGL/lvgl/src/widgets/span/lv_span.c ****     int32_t lines = spans->lines < 0 ? INT32_MAX : spans->lines;
 4422              		.loc 1 600 13 view .LVU1329
 4423 007a 0794     		str	r4, [sp, #28]
 4424 007c 3C46     		mov	r4, r7
 4425              	.LVL486:
 600:Middlewares/LVGL/lvgl/src/widgets/span/lv_span.c ****     int32_t lines = spans->lines < 0 ? INT32_MAX : spans->lines;
 4426              		.loc 1 600 13 view .LVU1330
 4427 007e 9A46     		mov	r10, r3
 603:Middlewares/LVGL/lvgl/src/widgets/span/lv_span.c ****         int snippet_cnt = 0;
 4428              		.loc 1 603 10 view .LVU1331
 4429 0080 ECE0     		b	.L299
 4430              	.LVL487:
 4431              	.L295:
 575:Middlewares/LVGL/lvgl/src/widgets/span/lv_span.c ****     lv_spangroup_t * spans = (lv_spangroup_t *)obj;
 4432              		.loc 1 575 5 is_stmt 1 view .LVU1332
 575:Middlewares/LVGL/lvgl/src/widgets/span/lv_span.c ****     lv_spangroup_t * spans = (lv_spangroup_t *)obj;
 4433              		.loc 1 575 5 view .LVU1333
 575:Middlewares/LVGL/lvgl/src/widgets/span/lv_span.c ****     lv_spangroup_t * spans = (lv_spangroup_t *)obj;
 4434              		.loc 1 575 5 view .LVU1334
 575:Middlewares/LVGL/lvgl/src/widgets/span/lv_span.c ****     lv_spangroup_t * spans = (lv_spangroup_t *)obj;
 4435              		.loc 1 575 5 view .LVU1335
 575:Middlewares/LVGL/lvgl/src/widgets/span/lv_span.c ****     lv_spangroup_t * spans = (lv_spangroup_t *)obj;
 4436              		.loc 1 575 5 view .LVU1336
 4437 0082 FEE7     		b	.L295
 4438              	.LVL488:
 4439              	.L340:
 4440              	.LBB152:
 4441              	.LBB151:
1055:Middlewares/LVGL/lvgl/src/widgets/span/lv_span.c ****         LV_LOG_ERROR("occur an error that span text == NULL");
 4442              		.loc 1 1055 15 is_stmt 0 view .LVU1337
 4443 0084 DFF80482 		ldr	r8, .L347+12
 4444              	.LVL489:
1055:Middlewares/LVGL/lvgl/src/widgets/span/lv_span.c ****         LV_LOG_ERROR("occur an error that span text == NULL");
 4445              		.loc 1 1055 15 view .LVU1338
 4446 0088 E9E7     		b	.L297
 4447              	.LVL490:
ARM GAS  C:\Users\w1785\AppData\Local\Temp\ccRqOZjG.s 			page 151


 4448              	.L341:
1055:Middlewares/LVGL/lvgl/src/widgets/span/lv_span.c ****         LV_LOG_ERROR("occur an error that span text == NULL");
 4449              		.loc 1 1055 15 view .LVU1339
 4450              	.LBE151:
 4451              	.LBE152:
 601:Middlewares/LVGL/lvgl/src/widgets/span/lv_span.c ****     /* the loop control how many lines need to draw */
 4452              		.loc 1 601 50 discriminator 2 view .LVU1340
 4453 008a 6FF00041 		mvn	r1, #-2147483648
 4454 008e EFE7     		b	.L298
 4455              	.LVL491:
 4456              	.L343:
 4457              	.LBB153:
 4458              	.LBB154:
 611:Middlewares/LVGL/lvgl/src/widgets/span/lv_span.c **** 
 4459              		.loc 1 611 17 is_stmt 1 view .LVU1341
 611:Middlewares/LVGL/lvgl/src/widgets/span/lv_span.c **** 
 4460              		.loc 1 611 40 is_stmt 0 view .LVU1342
 4461 0090 06F11403 		add	r3, r6, #20
 4462 0094 1AAA     		add	r2, sp, #104
 4463 0096 12E90300 		ldmdb	r2, {r0, r1}
 4464 009a 83E80300 		stm	r3, {r0, r1}
 613:Middlewares/LVGL/lvgl/src/widgets/span/lv_span.c ****                 if(cur_span == NULL) break;
 4465              		.loc 1 613 17 is_stmt 1 view .LVU1343
 613:Middlewares/LVGL/lvgl/src/widgets/span/lv_span.c ****                 if(cur_span == NULL) break;
 4466              		.loc 1 613 28 is_stmt 0 view .LVU1344
 4467 009e 3146     		mov	r1, r6
 4468 00a0 4046     		mov	r0, r8
 4469 00a2 FFF7FEFF 		bl	lv_ll_get_next
 4470              	.LVL492:
 614:Middlewares/LVGL/lvgl/src/widgets/span/lv_span.c ****                 cur_txt = cur_span->txt;
 4471              		.loc 1 614 17 is_stmt 1 view .LVU1345
 614:Middlewares/LVGL/lvgl/src/widgets/span/lv_span.c ****                 cur_txt = cur_span->txt;
 4472              		.loc 1 614 19 is_stmt 0 view .LVU1346
 4473 00a6 0646     		mov	r6, r0
 4474 00a8 0028     		cmp	r0, #0
 4475 00aa 00F0C080 		beq	.L336
 615:Middlewares/LVGL/lvgl/src/widgets/span/lv_span.c ****                 span_text_check(&cur_txt);
 4476              		.loc 1 615 17 is_stmt 1 view .LVU1347
 615:Middlewares/LVGL/lvgl/src/widgets/span/lv_span.c ****                 span_text_check(&cur_txt);
 4477              		.loc 1 615 35 is_stmt 0 view .LVU1348
 4478 00ae D0F800A0 		ldr	r10, [r0]
 4479              	.LVL493:
 616:Middlewares/LVGL/lvgl/src/widgets/span/lv_span.c ****                 cur_txt_ofs = 0;
 4480              		.loc 1 616 17 is_stmt 1 view .LVU1349
 4481              	.LBB155:
 4482              	.LBI155:
1052:Middlewares/LVGL/lvgl/src/widgets/span/lv_span.c **** {
 4483              		.loc 1 1052 20 view .LVU1350
 4484              	.LBB156:
1054:Middlewares/LVGL/lvgl/src/widgets/span/lv_span.c ****         *text = "";
 4485              		.loc 1 1054 5 view .LVU1351
1054:Middlewares/LVGL/lvgl/src/widgets/span/lv_span.c ****         *text = "";
 4486              		.loc 1 1054 7 is_stmt 0 view .LVU1352
 4487 00b2 BAF1000F 		cmp	r10, #0
 4488 00b6 01D0     		beq	.L342
 4489              	.LVL494:
 4490              	.L302:
ARM GAS  C:\Users\w1785\AppData\Local\Temp\ccRqOZjG.s 			page 152


1056:Middlewares/LVGL/lvgl/src/widgets/span/lv_span.c ****     }
 4491              		.loc 1 1056 9 is_stmt 1 view .LVU1353
1056:Middlewares/LVGL/lvgl/src/widgets/span/lv_span.c ****     }
 4492              		.loc 1 1056 9 view .LVU1354
1056:Middlewares/LVGL/lvgl/src/widgets/span/lv_span.c ****     }
 4493              		.loc 1 1056 9 view .LVU1355
1056:Middlewares/LVGL/lvgl/src/widgets/span/lv_span.c ****     }
 4494              		.loc 1 1056 9 is_stmt 0 view .LVU1356
 4495              	.LBE156:
 4496              	.LBE155:
 617:Middlewares/LVGL/lvgl/src/widgets/span/lv_span.c ****                 /* maybe also cur_txt[cur_txt_ofs] == '\0' */
 4497              		.loc 1 617 17 is_stmt 1 view .LVU1357
 619:Middlewares/LVGL/lvgl/src/widgets/span/lv_span.c ****             }
 4498              		.loc 1 619 17 view .LVU1358
 617:Middlewares/LVGL/lvgl/src/widgets/span/lv_span.c ****                 /* maybe also cur_txt[cur_txt_ofs] == '\0' */
 4499              		.loc 1 617 29 is_stmt 0 view .LVU1359
 4500 00b8 0025     		movs	r5, #0
 4501 00ba 30E0     		b	.L324
 4502              	.LVL495:
 4503              	.L342:
 4504              	.LBB158:
 4505              	.LBB157:
1055:Middlewares/LVGL/lvgl/src/widgets/span/lv_span.c ****         LV_LOG_ERROR("occur an error that span text == NULL");
 4506              		.loc 1 1055 15 view .LVU1360
 4507 00bc DFF8CCA1 		ldr	r10, .L347+12
 4508              	.LVL496:
1055:Middlewares/LVGL/lvgl/src/widgets/span/lv_span.c ****         LV_LOG_ERROR("occur an error that span text == NULL");
 4509              		.loc 1 1055 15 view .LVU1361
 4510 00c0 FAE7     		b	.L302
 4511              	.LVL497:
 4512              	.L344:
1055:Middlewares/LVGL/lvgl/src/widgets/span/lv_span.c ****         LV_LOG_ERROR("occur an error that span text == NULL");
 4513              		.loc 1 1055 15 view .LVU1362
 4514              	.LBE157:
 4515              	.LBE158:
 624:Middlewares/LVGL/lvgl/src/widgets/span/lv_span.c ****                 snippet.font = lv_span_get_style_text_font(obj, cur_span);
 4516              		.loc 1 624 17 is_stmt 1 view .LVU1363
 624:Middlewares/LVGL/lvgl/src/widgets/span/lv_span.c ****                 snippet.font = lv_span_get_style_text_font(obj, cur_span);
 4517              		.loc 1 624 30 is_stmt 0 view .LVU1364
 4518 00c2 1196     		str	r6, [sp, #68]
 625:Middlewares/LVGL/lvgl/src/widgets/span/lv_span.c ****                 snippet.letter_space = lv_span_get_style_text_letter_space(obj, cur_span);
 4519              		.loc 1 625 17 is_stmt 1 view .LVU1365
 625:Middlewares/LVGL/lvgl/src/widgets/span/lv_span.c ****                 snippet.letter_space = lv_span_get_style_text_letter_space(obj, cur_span);
 4520              		.loc 1 625 32 is_stmt 0 view .LVU1366
 4521 00c4 3146     		mov	r1, r6
 4522 00c6 0898     		ldr	r0, [sp, #32]
 4523 00c8 FFF7FEFF 		bl	lv_span_get_style_text_font
 4524              	.LVL498:
 625:Middlewares/LVGL/lvgl/src/widgets/span/lv_span.c ****                 snippet.letter_space = lv_span_get_style_text_letter_space(obj, cur_span);
 4525              		.loc 1 625 30 discriminator 1 view .LVU1367
 4526 00cc 1390     		str	r0, [sp, #76]
 626:Middlewares/LVGL/lvgl/src/widgets/span/lv_span.c ****                 snippet.line_h = lv_font_get_line_height(snippet.font) + line_space;
 4527              		.loc 1 626 17 is_stmt 1 view .LVU1368
 626:Middlewares/LVGL/lvgl/src/widgets/span/lv_span.c ****                 snippet.line_h = lv_font_get_line_height(snippet.font) + line_space;
 4528              		.loc 1 626 40 is_stmt 0 view .LVU1369
 4529 00ce 3146     		mov	r1, r6
 4530 00d0 0898     		ldr	r0, [sp, #32]
ARM GAS  C:\Users\w1785\AppData\Local\Temp\ccRqOZjG.s 			page 153


 4531 00d2 FFF7FEFF 		bl	lv_span_get_style_text_letter_space
 4532              	.LVL499:
 626:Middlewares/LVGL/lvgl/src/widgets/span/lv_span.c ****                 snippet.line_h = lv_font_get_line_height(snippet.font) + line_space;
 4533              		.loc 1 626 38 discriminator 1 view .LVU1370
 4534 00d6 1790     		str	r0, [sp, #92]
 627:Middlewares/LVGL/lvgl/src/widgets/span/lv_span.c ****             }
 4535              		.loc 1 627 17 is_stmt 1 view .LVU1371
 627:Middlewares/LVGL/lvgl/src/widgets/span/lv_span.c ****             }
 4536              		.loc 1 627 34 is_stmt 0 view .LVU1372
 4537 00d8 1398     		ldr	r0, [sp, #76]
 4538 00da FFF7FEFF 		bl	lv_font_get_line_height
 4539              	.LVL500:
 627:Middlewares/LVGL/lvgl/src/widgets/span/lv_span.c ****             }
 4540              		.loc 1 627 72 discriminator 1 view .LVU1373
 4541 00de 0A9B     		ldr	r3, [sp, #40]
 4542 00e0 1844     		add	r0, r0, r3
 627:Middlewares/LVGL/lvgl/src/widgets/span/lv_span.c ****             }
 4543              		.loc 1 627 32 discriminator 1 view .LVU1374
 4544 00e2 1690     		str	r0, [sp, #88]
 4545 00e4 23E0     		b	.L304
 4546              	.LVL501:
 4547              	.L305:
 636:Middlewares/LVGL/lvgl/src/widgets/span/lv_span.c **** 
 4548              		.loc 1 636 18 is_stmt 1 view .LVU1375
 636:Middlewares/LVGL/lvgl/src/widgets/span/lv_span.c **** 
 4549              		.loc 1 636 28 is_stmt 0 view .LVU1376
 4550 00e6 189A     		ldr	r2, [sp, #96]
 4551 00e8 0F9B     		ldr	r3, [sp, #60]
 4552 00ea 1344     		add	r3, r3, r2
 4553 00ec 1893     		str	r3, [sp, #96]
 639:Middlewares/LVGL/lvgl/src/widgets/span/lv_span.c ****                 int32_t drawn_width = use_width;
 4554              		.loc 1 639 13 is_stmt 1 view .LVU1377
 4555              	.LVL502:
 4556              	.L307:
 659:Middlewares/LVGL/lvgl/src/widgets/span/lv_span.c ****             snippet.bytes = next_ofs;
 4557              		.loc 1 659 13 view .LVU1378
 659:Middlewares/LVGL/lvgl/src/widgets/span/lv_span.c ****             snippet.bytes = next_ofs;
 4558              		.loc 1 659 25 is_stmt 0 view .LVU1379
 4559 00ee 1294     		str	r4, [sp, #72]
 660:Middlewares/LVGL/lvgl/src/widgets/span/lv_span.c ****             snippet.txt_w = use_width;
 4560              		.loc 1 660 13 is_stmt 1 view .LVU1380
 660:Middlewares/LVGL/lvgl/src/widgets/span/lv_span.c ****             snippet.txt_w = use_width;
 4561              		.loc 1 660 27 is_stmt 0 view .LVU1381
 4562 00f0 0E9B     		ldr	r3, [sp, #56]
 4563 00f2 1493     		str	r3, [sp, #80]
 661:Middlewares/LVGL/lvgl/src/widgets/span/lv_span.c ****             cur_txt_ofs += next_ofs;
 4564              		.loc 1 661 13 is_stmt 1 view .LVU1382
 661:Middlewares/LVGL/lvgl/src/widgets/span/lv_span.c ****             cur_txt_ofs += next_ofs;
 4565              		.loc 1 661 27 is_stmt 0 view .LVU1383
 4566 00f4 0F9A     		ldr	r2, [sp, #60]
 4567 00f6 1592     		str	r2, [sp, #84]
 662:Middlewares/LVGL/lvgl/src/widgets/span/lv_span.c ****             if(max_line_h < snippet.line_h) {
 4568              		.loc 1 662 13 is_stmt 1 view .LVU1384
 662:Middlewares/LVGL/lvgl/src/widgets/span/lv_span.c ****             if(max_line_h < snippet.line_h) {
 4569              		.loc 1 662 25 is_stmt 0 view .LVU1385
 4570 00f8 1D44     		add	r5, r5, r3
 4571              	.LVL503:
ARM GAS  C:\Users\w1785\AppData\Local\Temp\ccRqOZjG.s 			page 154


 663:Middlewares/LVGL/lvgl/src/widgets/span/lv_span.c ****                 max_line_h = snippet.line_h;
 4572              		.loc 1 663 13 is_stmt 1 view .LVU1386
 663:Middlewares/LVGL/lvgl/src/widgets/span/lv_span.c ****                 max_line_h = snippet.line_h;
 4573              		.loc 1 663 36 is_stmt 0 view .LVU1387
 4574 00fa 169B     		ldr	r3, [sp, #88]
 663:Middlewares/LVGL/lvgl/src/widgets/span/lv_span.c ****                 max_line_h = snippet.line_h;
 4575              		.loc 1 663 15 view .LVU1388
 4576 00fc BB42     		cmp	r3, r7
 4577 00fe 00DC     		bgt	.L319
 663:Middlewares/LVGL/lvgl/src/widgets/span/lv_span.c ****                 max_line_h = snippet.line_h;
 4578              		.loc 1 663 15 view .LVU1389
 4579 0100 3B46     		mov	r3, r7
 4580              	.L319:
 4581              	.LVL504:
 666:Middlewares/LVGL/lvgl/src/widgets/span/lv_span.c ****             max_w = max_w - use_width;
 4582              		.loc 1 666 13 is_stmt 1 view .LVU1390
 666:Middlewares/LVGL/lvgl/src/widgets/span/lv_span.c ****             max_w = max_w - use_width;
 4583              		.loc 1 666 25 is_stmt 0 view .LVU1391
 4584 0102 0599     		ldr	r1, [sp, #20]
 4585 0104 0131     		adds	r1, r1, #1
 4586 0106 0591     		str	r1, [sp, #20]
 4587              	.LVL505:
 667:Middlewares/LVGL/lvgl/src/widgets/span/lv_span.c ****             if(isfill  || max_w <= 0) {
 4588              		.loc 1 667 13 is_stmt 1 view .LVU1392
 667:Middlewares/LVGL/lvgl/src/widgets/span/lv_span.c ****             if(isfill  || max_w <= 0) {
 4589              		.loc 1 667 19 is_stmt 0 view .LVU1393
 4590 0108 A9EB0209 		sub	r9, r9, r2
 4591              	.LVL506:
 668:Middlewares/LVGL/lvgl/src/widgets/span/lv_span.c ****                 break;
 4592              		.loc 1 668 13 is_stmt 1 view .LVU1394
 668:Middlewares/LVGL/lvgl/src/widgets/span/lv_span.c ****                 break;
 4593              		.loc 1 668 15 is_stmt 0 view .LVU1395
 4594 010c 069A     		ldr	r2, [sp, #24]
 4595 010e 002A     		cmp	r2, #0
 4596 0110 40F08780 		bne	.L333
 668:Middlewares/LVGL/lvgl/src/widgets/span/lv_span.c ****                 break;
 4597              		.loc 1 668 24 discriminator 1 view .LVU1396
 4598 0114 B9F1000F 		cmp	r9, #0
 4599 0118 40F38680 		ble	.L334
 4600 011c 1F46     		mov	r7, r3
 4601              	.LVL507:
 4602              	.L324:
 668:Middlewares/LVGL/lvgl/src/widgets/span/lv_span.c ****                 break;
 4603              		.loc 1 668 24 discriminator 1 view .LVU1397
 4604              	.LBE154:
 608:Middlewares/LVGL/lvgl/src/widgets/span/lv_span.c ****             /* switch to the next span when current is end */
 4605              		.loc 1 608 9 is_stmt 1 view .LVU1398
 4606              	.LBB170:
 610:Middlewares/LVGL/lvgl/src/widgets/span/lv_span.c ****                 cur_span->trailing_pos = txt_pos;
 4607              		.loc 1 610 13 view .LVU1399
 610:Middlewares/LVGL/lvgl/src/widgets/span/lv_span.c ****                 cur_span->trailing_pos = txt_pos;
 4608              		.loc 1 610 23 is_stmt 0 view .LVU1400
 4609 011e 0AEB0504 		add	r4, r10, r5
 4610 0122 1AF80530 		ldrb	r3, [r10, r5]	@ zero_extendqisi2
 610:Middlewares/LVGL/lvgl/src/widgets/span/lv_span.c ****                 cur_span->trailing_pos = txt_pos;
 4611              		.loc 1 610 15 view .LVU1401
 4612 0126 002B     		cmp	r3, #0
ARM GAS  C:\Users\w1785\AppData\Local\Temp\ccRqOZjG.s 			page 155


 4613 0128 B2D0     		beq	.L343
 623:Middlewares/LVGL/lvgl/src/widgets/span/lv_span.c ****                 snippet.span = cur_span;
 4614              		.loc 1 623 13 is_stmt 1 view .LVU1402
 623:Middlewares/LVGL/lvgl/src/widgets/span/lv_span.c ****                 snippet.span = cur_span;
 4615              		.loc 1 623 15 is_stmt 0 view .LVU1403
 4616 012a 002D     		cmp	r5, #0
 4617 012c C9D0     		beq	.L344
 4618              	.L304:
 631:Middlewares/LVGL/lvgl/src/widgets/span/lv_span.c ****             int32_t use_width = 0;
 4619              		.loc 1 631 13 is_stmt 1 view .LVU1404
 631:Middlewares/LVGL/lvgl/src/widgets/span/lv_span.c ****             int32_t use_width = 0;
 4620              		.loc 1 631 22 is_stmt 0 view .LVU1405
 4621 012e 0023     		movs	r3, #0
 4622 0130 0E93     		str	r3, [sp, #56]
 632:Middlewares/LVGL/lvgl/src/widgets/span/lv_span.c ****             bool isfill = lv_text_get_snippet(&cur_txt[cur_txt_ofs], snippet.font, snippet.letter_s
 4623              		.loc 1 632 13 is_stmt 1 view .LVU1406
 632:Middlewares/LVGL/lvgl/src/widgets/span/lv_span.c ****             bool isfill = lv_text_get_snippet(&cur_txt[cur_txt_ofs], snippet.font, snippet.letter_s
 4624              		.loc 1 632 21 is_stmt 0 view .LVU1407
 4625 0132 0F93     		str	r3, [sp, #60]
 633:Middlewares/LVGL/lvgl/src/widgets/span/lv_span.c ****                                               max_w, txt_flag, &use_width, &next_ofs);
 4626              		.loc 1 633 13 is_stmt 1 view .LVU1408
 633:Middlewares/LVGL/lvgl/src/widgets/span/lv_span.c ****                                               max_w, txt_flag, &use_width, &next_ofs);
 4627              		.loc 1 633 27 is_stmt 0 view .LVU1409
 4628 0134 0EAA     		add	r2, sp, #56
 4629 0136 0292     		str	r2, [sp, #8]
 4630 0138 0FAA     		add	r2, sp, #60
 4631 013a 0192     		str	r2, [sp, #4]
 4632 013c 0093     		str	r3, [sp]
 4633 013e 4B46     		mov	r3, r9
 4634 0140 179A     		ldr	r2, [sp, #92]
 4635 0142 1399     		ldr	r1, [sp, #76]
 4636 0144 2046     		mov	r0, r4
 4637 0146 FFF7FEFF 		bl	lv_text_get_snippet
 4638              	.LVL508:
 635:Middlewares/LVGL/lvgl/src/widgets/span/lv_span.c ****             else txt_pos.x += use_width;
 4639              		.loc 1 635 13 is_stmt 1 view .LVU1410
 635:Middlewares/LVGL/lvgl/src/widgets/span/lv_span.c ****             else txt_pos.x += use_width;
 4640              		.loc 1 635 15 is_stmt 0 view .LVU1411
 4641 014a 0690     		str	r0, [sp, #24]
 4642 014c 0028     		cmp	r0, #0
 4643 014e CAD0     		beq	.L305
 635:Middlewares/LVGL/lvgl/src/widgets/span/lv_span.c ****             else txt_pos.x += use_width;
 4644              		.loc 1 635 24 is_stmt 1 discriminator 1 view .LVU1412
 635:Middlewares/LVGL/lvgl/src/widgets/span/lv_span.c ****             else txt_pos.x += use_width;
 4645              		.loc 1 635 34 is_stmt 0 discriminator 1 view .LVU1413
 4646 0150 0023     		movs	r3, #0
 4647 0152 1893     		str	r3, [sp, #96]
 639:Middlewares/LVGL/lvgl/src/widgets/span/lv_span.c ****                 int32_t drawn_width = use_width;
 4648              		.loc 1 639 13 is_stmt 1 view .LVU1414
 639:Middlewares/LVGL/lvgl/src/widgets/span/lv_span.c ****                 int32_t drawn_width = use_width;
 4649              		.loc 1 639 35 is_stmt 0 discriminator 1 view .LVU1415
 4650 0154 0E9B     		ldr	r3, [sp, #56]
 639:Middlewares/LVGL/lvgl/src/widgets/span/lv_span.c ****                 int32_t drawn_width = use_width;
 4651              		.loc 1 639 23 discriminator 1 view .LVU1416
 4652 0156 002B     		cmp	r3, #0
 4653 0158 C9D0     		beq	.L307
 639:Middlewares/LVGL/lvgl/src/widgets/span/lv_span.c ****                 int32_t drawn_width = use_width;
ARM GAS  C:\Users\w1785\AppData\Local\Temp\ccRqOZjG.s 			page 156


 4654              		.loc 1 639 39 discriminator 2 view .LVU1417
 4655 015a 059B     		ldr	r3, [sp, #20]
 4656 015c 002B     		cmp	r3, #0
 4657 015e C6DD     		ble	.L307
 4658              	.LBB159:
 640:Middlewares/LVGL/lvgl/src/widgets/span/lv_span.c ****                 if(lv_ll_get_next(&spans->child_ll, cur_span) == NULL) {
 4659              		.loc 1 640 17 is_stmt 1 view .LVU1418
 640:Middlewares/LVGL/lvgl/src/widgets/span/lv_span.c ****                 if(lv_ll_get_next(&spans->child_ll, cur_span) == NULL) {
 4660              		.loc 1 640 25 is_stmt 0 view .LVU1419
 4661 0160 0F9B     		ldr	r3, [sp, #60]
 4662 0162 0C93     		str	r3, [sp, #48]
 4663              	.LVL509:
 641:Middlewares/LVGL/lvgl/src/widgets/span/lv_span.c ****                     drawn_width -= snippet.letter_space;
 4664              		.loc 1 641 17 is_stmt 1 view .LVU1420
 641:Middlewares/LVGL/lvgl/src/widgets/span/lv_span.c ****                     drawn_width -= snippet.letter_space;
 4665              		.loc 1 641 20 is_stmt 0 view .LVU1421
 4666 0164 3146     		mov	r1, r6
 4667 0166 4046     		mov	r0, r8
 4668              	.LVL510:
 641:Middlewares/LVGL/lvgl/src/widgets/span/lv_span.c ****                     drawn_width -= snippet.letter_space;
 4669              		.loc 1 641 20 view .LVU1422
 4670 0168 FFF7FEFF 		bl	lv_ll_get_next
 4671              	.LVL511:
 641:Middlewares/LVGL/lvgl/src/widgets/span/lv_span.c ****                     drawn_width -= snippet.letter_space;
 4672              		.loc 1 641 19 discriminator 1 view .LVU1423
 4673 016c 28B3     		cbz	r0, .L345
 4674              	.LVL512:
 4675              	.L308:
 644:Middlewares/LVGL/lvgl/src/widgets/span/lv_span.c ****                     break;
 4676              		.loc 1 644 17 is_stmt 1 view .LVU1424
 644:Middlewares/LVGL/lvgl/src/widgets/span/lv_span.c ****                     break;
 4677              		.loc 1 644 19 is_stmt 0 view .LVU1425
 4678 016e 0C9B     		ldr	r3, [sp, #48]
 4679 0170 9945     		cmp	r9, r3
 4680 0172 62DB     		blt	.L337
 648:Middlewares/LVGL/lvgl/src/widgets/span/lv_span.c ****                 uint32_t letter = lv_text_encoded_prev(&cur_txt[cur_txt_ofs], &tmp_ofs);
 4681              		.loc 1 648 17 is_stmt 1 view .LVU1426
 648:Middlewares/LVGL/lvgl/src/widgets/span/lv_span.c ****                 uint32_t letter = lv_text_encoded_prev(&cur_txt[cur_txt_ofs], &tmp_ofs);
 4682              		.loc 1 648 26 is_stmt 0 view .LVU1427
 4683 0174 0E9B     		ldr	r3, [sp, #56]
 4684 0176 1093     		str	r3, [sp, #64]
 649:Middlewares/LVGL/lvgl/src/widgets/span/lv_span.c ****                 uint32_t letter_next = lv_text_encoded_next(&cur_txt[cur_txt_ofs + next_ofs], NULL)
 4685              		.loc 1 649 17 is_stmt 1 view .LVU1428
 649:Middlewares/LVGL/lvgl/src/widgets/span/lv_span.c ****                 uint32_t letter_next = lv_text_encoded_next(&cur_txt[cur_txt_ofs + next_ofs], NULL)
 4686              		.loc 1 649 35 is_stmt 0 view .LVU1429
 4687 0178 414B     		ldr	r3, .L347
 4688 017a 1B68     		ldr	r3, [r3]
 4689 017c 10A9     		add	r1, sp, #64
 4690 017e 2046     		mov	r0, r4
 4691 0180 9847     		blx	r3
 4692              	.LVL513:
 4693 0182 0C90     		str	r0, [sp, #48]
 4694              	.LVL514:
 650:Middlewares/LVGL/lvgl/src/widgets/span/lv_span.c ****                 if(!(letter == '\0' || letter == '\n' || letter == '\r' || lv_text_is_break_char(le
 4695              		.loc 1 650 17 is_stmt 1 view .LVU1430
 650:Middlewares/LVGL/lvgl/src/widgets/span/lv_span.c ****                 if(!(letter == '\0' || letter == '\n' || letter == '\r' || lv_text_is_break_char(le
 4696              		.loc 1 650 82 is_stmt 0 view .LVU1431
ARM GAS  C:\Users\w1785\AppData\Local\Temp\ccRqOZjG.s 			page 157


 4697 0184 0E98     		ldr	r0, [sp, #56]
 4698              	.LVL515:
 650:Middlewares/LVGL/lvgl/src/widgets/span/lv_span.c ****                 if(!(letter == '\0' || letter == '\n' || letter == '\r' || lv_text_is_break_char(le
 4699              		.loc 1 650 82 view .LVU1432
 4700 0186 2844     		add	r0, r0, r5
 650:Middlewares/LVGL/lvgl/src/widgets/span/lv_span.c ****                 if(!(letter == '\0' || letter == '\n' || letter == '\r' || lv_text_is_break_char(le
 4701              		.loc 1 650 40 view .LVU1433
 4702 0188 3E4B     		ldr	r3, .L347+4
 4703 018a 1B68     		ldr	r3, [r3]
 4704 018c 0021     		movs	r1, #0
 4705 018e 5044     		add	r0, r0, r10
 4706 0190 9847     		blx	r3
 4707              	.LVL516:
 4708 0192 0D90     		str	r0, [sp, #52]
 4709              	.LVL517:
 651:Middlewares/LVGL/lvgl/src/widgets/span/lv_span.c ****                      lv_text_is_a_word(letter) || lv_text_is_a_word(letter_next))) {
 4710              		.loc 1 651 17 is_stmt 1 view .LVU1434
 4711 0194 0C9A     		ldr	r2, [sp, #48]
 4712 0196 0D2A     		cmp	r2, #13
 4713 0198 14D8     		bhi	.L329
 4714 019a 42F20143 		movw	r3, #9217
 4715 019e D340     		lsrs	r3, r3, r2
 4716 01a0 13F0010F 		tst	r3, #1
 4717 01a4 A3D1     		bne	.L307
 650:Middlewares/LVGL/lvgl/src/widgets/span/lv_span.c ****                 if(!(letter == '\0' || letter == '\n' || letter == '\r' || lv_text_is_break_char(le
 4718              		.loc 1 650 40 is_stmt 0 view .LVU1435
 4719 01a6 0023     		movs	r3, #0
 4720 01a8 1146     		mov	r1, r2
 4721              	.L313:
 4722              	.LVL518:
 4723              	.LBB160:
 4724              	.LBB161:
 152:Middlewares/LVGL/lvgl/src/widgets/span/../../misc/lv_text_private.h ****         if(letter == (uint32_t)LV_TXT_BREAK_CHARS[i]) {
 4725              		.loc 2 152 38 is_stmt 1 discriminator 1 view .LVU1436
 152:Middlewares/LVGL/lvgl/src/widgets/span/../../misc/lv_text_private.h ****         if(letter == (uint32_t)LV_TXT_BREAK_CHARS[i]) {
 4726              		.loc 2 152 34 is_stmt 0 discriminator 1 view .LVU1437
 4727 01aa 374A     		ldr	r2, .L347+8
 4728 01ac D25C     		ldrb	r2, [r2, r3]	@ zero_extendqisi2
 152:Middlewares/LVGL/lvgl/src/widgets/span/../../misc/lv_text_private.h ****         if(letter == (uint32_t)LV_TXT_BREAK_CHARS[i]) {
 4729              		.loc 2 152 38 discriminator 1 view .LVU1438
 4730 01ae 62B1     		cbz	r2, .L346
 153:Middlewares/LVGL/lvgl/src/widgets/span/../../misc/lv_text_private.h ****             ret = true; /*If match then it is break char*/
 4731              		.loc 2 153 9 is_stmt 1 view .LVU1439
 153:Middlewares/LVGL/lvgl/src/widgets/span/../../misc/lv_text_private.h ****             ret = true; /*If match then it is break char*/
 4732              		.loc 2 153 11 is_stmt 0 view .LVU1440
 4733 01b0 9142     		cmp	r1, r2
 4734 01b2 2CD0     		beq	.L330
 152:Middlewares/LVGL/lvgl/src/widgets/span/../../misc/lv_text_private.h ****         if(letter == (uint32_t)LV_TXT_BREAK_CHARS[i]) {
 4735              		.loc 2 152 48 is_stmt 1 discriminator 2 view .LVU1441
 4736 01b4 0133     		adds	r3, r3, #1
 4737              	.LVL519:
 152:Middlewares/LVGL/lvgl/src/widgets/span/../../misc/lv_text_private.h ****         if(letter == (uint32_t)LV_TXT_BREAK_CHARS[i]) {
 4738              		.loc 2 152 48 is_stmt 0 discriminator 2 view .LVU1442
 4739 01b6 DBB2     		uxtb	r3, r3
 4740              	.LVL520:
 152:Middlewares/LVGL/lvgl/src/widgets/span/../../misc/lv_text_private.h ****         if(letter == (uint32_t)LV_TXT_BREAK_CHARS[i]) {
 4741              		.loc 2 152 48 discriminator 2 view .LVU1443
ARM GAS  C:\Users\w1785\AppData\Local\Temp\ccRqOZjG.s 			page 158


 4742 01b8 F7E7     		b	.L313
 4743              	.LVL521:
 4744              	.L345:
 152:Middlewares/LVGL/lvgl/src/widgets/span/../../misc/lv_text_private.h ****         if(letter == (uint32_t)LV_TXT_BREAK_CHARS[i]) {
 4745              		.loc 2 152 48 discriminator 2 view .LVU1444
 4746              	.LBE161:
 4747              	.LBE160:
 642:Middlewares/LVGL/lvgl/src/widgets/span/lv_span.c ****                 }
 4748              		.loc 1 642 21 is_stmt 1 view .LVU1445
 642:Middlewares/LVGL/lvgl/src/widgets/span/lv_span.c ****                 }
 4749              		.loc 1 642 43 is_stmt 0 view .LVU1446
 4750 01ba 179B     		ldr	r3, [sp, #92]
 642:Middlewares/LVGL/lvgl/src/widgets/span/lv_span.c ****                 }
 4751              		.loc 1 642 33 view .LVU1447
 4752 01bc 0C9A     		ldr	r2, [sp, #48]
 4753 01be D31A     		subs	r3, r2, r3
 4754 01c0 0C93     		str	r3, [sp, #48]
 4755              	.LVL522:
 642:Middlewares/LVGL/lvgl/src/widgets/span/lv_span.c ****                 }
 4756              		.loc 1 642 33 view .LVU1448
 4757 01c2 D4E7     		b	.L308
 4758              	.LVL523:
 4759              	.L329:
 650:Middlewares/LVGL/lvgl/src/widgets/span/lv_span.c ****                 if(!(letter == '\0' || letter == '\n' || letter == '\r' || lv_text_is_break_char(le
 4760              		.loc 1 650 40 view .LVU1449
 4761 01c4 0023     		movs	r3, #0
 4762 01c6 0C99     		ldr	r1, [sp, #48]
 4763 01c8 EFE7     		b	.L313
 4764              	.LVL524:
 4765              	.L346:
 4766              	.LBB164:
 4767              	.LBB162:
 149:Middlewares/LVGL/lvgl/src/widgets/span/../../misc/lv_text_private.h **** 
 4768              		.loc 2 149 10 view .LVU1450
 4769 01ca 0023     		movs	r3, #0
 4770              	.LVL525:
 4771              	.L312:
 159:Middlewares/LVGL/lvgl/src/widgets/span/../../misc/lv_text_private.h **** }
 4772              		.loc 2 159 5 is_stmt 1 view .LVU1451
 159:Middlewares/LVGL/lvgl/src/widgets/span/../../misc/lv_text_private.h **** }
 4773              		.loc 2 159 5 is_stmt 0 view .LVU1452
 4774              	.LBE162:
 4775              	.LBE164:
 651:Middlewares/LVGL/lvgl/src/widgets/span/lv_span.c ****                      lv_text_is_a_word(letter) || lv_text_is_a_word(letter_next))) {
 4776              		.loc 1 651 73 discriminator 1 view .LVU1453
 4777 01cc 002B     		cmp	r3, #0
 4778 01ce 8ED1     		bne	.L307
 652:Middlewares/LVGL/lvgl/src/widgets/span/lv_span.c ****                     if(!(letter_next == '\0' || letter_next == '\n'  || letter_next == '\r' || lv_t
 4779              		.loc 1 652 22 view .LVU1454
 4780 01d0 0C98     		ldr	r0, [sp, #48]
 4781              	.LVL526:
 652:Middlewares/LVGL/lvgl/src/widgets/span/lv_span.c ****                     if(!(letter_next == '\0' || letter_next == '\n'  || letter_next == '\r' || lv_t
 4782              		.loc 1 652 22 view .LVU1455
 4783 01d2 FFF7FEFF 		bl	lv_text_is_a_word
 4784              	.LVL527:
 651:Middlewares/LVGL/lvgl/src/widgets/span/lv_span.c ****                      lv_text_is_a_word(letter) || lv_text_is_a_word(letter_next))) {
 4785              		.loc 1 651 106 discriminator 4 view .LVU1456
ARM GAS  C:\Users\w1785\AppData\Local\Temp\ccRqOZjG.s 			page 159


 4786 01d6 0028     		cmp	r0, #0
 4787 01d8 89D1     		bne	.L307
 652:Middlewares/LVGL/lvgl/src/widgets/span/lv_span.c ****                     if(!(letter_next == '\0' || letter_next == '\n'  || letter_next == '\r' || lv_t
 4788              		.loc 1 652 51 view .LVU1457
 4789 01da 0D98     		ldr	r0, [sp, #52]
 4790 01dc FFF7FEFF 		bl	lv_text_is_a_word
 4791              	.LVL528:
 651:Middlewares/LVGL/lvgl/src/widgets/span/lv_span.c ****                      lv_text_is_a_word(letter) || lv_text_is_a_word(letter_next))) {
 4792              		.loc 1 651 20 discriminator 5 view .LVU1458
 4793 01e0 0246     		mov	r2, r0
 4794 01e2 0028     		cmp	r0, #0
 4795 01e4 83D1     		bne	.L307
 653:Middlewares/LVGL/lvgl/src/widgets/span/lv_span.c ****                         break;
 4796              		.loc 1 653 21 is_stmt 1 view .LVU1459
 4797 01e6 0D99     		ldr	r1, [sp, #52]
 4798 01e8 0D29     		cmp	r1, #13
 4799 01ea 12D8     		bhi	.L331
 4800 01ec 42F20143 		movw	r3, #9217
 4801 01f0 CB40     		lsrs	r3, r3, r1
 4802 01f2 13F0010F 		tst	r3, #1
 4803 01f6 7FF47AAF 		bne	.L307
 651:Middlewares/LVGL/lvgl/src/widgets/span/lv_span.c ****                      lv_text_is_a_word(letter) || lv_text_is_a_word(letter_next))) {
 4804              		.loc 1 651 20 is_stmt 0 discriminator 5 view .LVU1460
 4805 01fa 0023     		movs	r3, #0
 4806              	.L317:
 4807              	.LVL529:
 4808              	.LBB165:
 4809              	.LBB166:
 152:Middlewares/LVGL/lvgl/src/widgets/span/../../misc/lv_text_private.h ****         if(letter == (uint32_t)LV_TXT_BREAK_CHARS[i]) {
 4810              		.loc 2 152 38 is_stmt 1 discriminator 1 view .LVU1461
 152:Middlewares/LVGL/lvgl/src/widgets/span/../../misc/lv_text_private.h ****         if(letter == (uint32_t)LV_TXT_BREAK_CHARS[i]) {
 4811              		.loc 2 152 34 is_stmt 0 discriminator 1 view .LVU1462
 4812 01fc 2249     		ldr	r1, .L347+8
 4813 01fe C95C     		ldrb	r1, [r1, r3]	@ zero_extendqisi2
 152:Middlewares/LVGL/lvgl/src/widgets/span/../../misc/lv_text_private.h ****         if(letter == (uint32_t)LV_TXT_BREAK_CHARS[i]) {
 4814              		.loc 2 152 38 discriminator 1 view .LVU1463
 4815 0200 51B1     		cbz	r1, .L316
 153:Middlewares/LVGL/lvgl/src/widgets/span/../../misc/lv_text_private.h ****             ret = true; /*If match then it is break char*/
 4816              		.loc 2 153 9 is_stmt 1 view .LVU1464
 153:Middlewares/LVGL/lvgl/src/widgets/span/../../misc/lv_text_private.h ****             ret = true; /*If match then it is break char*/
 4817              		.loc 2 153 11 is_stmt 0 view .LVU1465
 4818 0202 0D98     		ldr	r0, [sp, #52]
 4819 0204 8842     		cmp	r0, r1
 4820 0206 06D0     		beq	.L332
 152:Middlewares/LVGL/lvgl/src/widgets/span/../../misc/lv_text_private.h ****         if(letter == (uint32_t)LV_TXT_BREAK_CHARS[i]) {
 4821              		.loc 2 152 48 is_stmt 1 discriminator 2 view .LVU1466
 4822 0208 0133     		adds	r3, r3, #1
 4823              	.LVL530:
 152:Middlewares/LVGL/lvgl/src/widgets/span/../../misc/lv_text_private.h ****         if(letter == (uint32_t)LV_TXT_BREAK_CHARS[i]) {
 4824              		.loc 2 152 48 is_stmt 0 discriminator 2 view .LVU1467
 4825 020a DBB2     		uxtb	r3, r3
 4826              	.LVL531:
 152:Middlewares/LVGL/lvgl/src/widgets/span/../../misc/lv_text_private.h ****         if(letter == (uint32_t)LV_TXT_BREAK_CHARS[i]) {
 4827              		.loc 2 152 48 discriminator 2 view .LVU1468
 4828 020c F6E7     		b	.L317
 4829              	.LVL532:
 4830              	.L330:
ARM GAS  C:\Users\w1785\AppData\Local\Temp\ccRqOZjG.s 			page 160


 152:Middlewares/LVGL/lvgl/src/widgets/span/../../misc/lv_text_private.h ****         if(letter == (uint32_t)LV_TXT_BREAK_CHARS[i]) {
 4831              		.loc 2 152 48 discriminator 2 view .LVU1469
 4832              	.LBE166:
 4833              	.LBE165:
 4834              	.LBB168:
 4835              	.LBB163:
 154:Middlewares/LVGL/lvgl/src/widgets/span/../../misc/lv_text_private.h ****             break;
 4836              		.loc 2 154 17 view .LVU1470
 4837 020e 069B     		ldr	r3, [sp, #24]
 4838              	.LVL533:
 154:Middlewares/LVGL/lvgl/src/widgets/span/../../misc/lv_text_private.h ****             break;
 4839              		.loc 2 154 17 view .LVU1471
 4840 0210 DCE7     		b	.L312
 4841              	.LVL534:
 4842              	.L331:
 154:Middlewares/LVGL/lvgl/src/widgets/span/../../misc/lv_text_private.h ****             break;
 4843              		.loc 2 154 17 view .LVU1472
 4844              	.LBE163:
 4845              	.LBE168:
 651:Middlewares/LVGL/lvgl/src/widgets/span/lv_span.c ****                      lv_text_is_a_word(letter) || lv_text_is_a_word(letter_next))) {
 4846              		.loc 1 651 20 discriminator 5 view .LVU1473
 4847 0212 0023     		movs	r3, #0
 4848 0214 F2E7     		b	.L317
 4849              	.LVL535:
 4850              	.L332:
 4851              	.LBB169:
 4852              	.LBB167:
 154:Middlewares/LVGL/lvgl/src/widgets/span/../../misc/lv_text_private.h ****             break;
 4853              		.loc 2 154 17 view .LVU1474
 4854 0216 069A     		ldr	r2, [sp, #24]
 4855              	.L316:
 4856              	.LVL536:
 159:Middlewares/LVGL/lvgl/src/widgets/span/../../misc/lv_text_private.h **** }
 4857              		.loc 2 159 5 is_stmt 1 view .LVU1475
 159:Middlewares/LVGL/lvgl/src/widgets/span/../../misc/lv_text_private.h **** }
 4858              		.loc 2 159 5 is_stmt 0 view .LVU1476
 4859              	.LBE167:
 4860              	.LBE169:
 653:Middlewares/LVGL/lvgl/src/widgets/span/lv_span.c ****                         break;
 4861              		.loc 1 653 24 discriminator 1 view .LVU1477
 4862 0218 002A     		cmp	r2, #0
 4863 021a 7FF468AF 		bne	.L307
 4864 021e 5C46     		mov	r4, fp
 4865 0220 06E0     		b	.L301
 4866              	.LVL537:
 4867              	.L333:
 653:Middlewares/LVGL/lvgl/src/widgets/span/lv_span.c ****                         break;
 4868              		.loc 1 653 24 discriminator 1 view .LVU1478
 4869              	.LBE159:
 668:Middlewares/LVGL/lvgl/src/widgets/span/lv_span.c ****                 break;
 4870              		.loc 1 668 15 view .LVU1479
 4871 0222 5C46     		mov	r4, fp
 4872 0224 1F46     		mov	r7, r3
 4873 0226 03E0     		b	.L301
 4874              	.L334:
 668:Middlewares/LVGL/lvgl/src/widgets/span/lv_span.c ****                 break;
 4875              		.loc 1 668 24 discriminator 1 view .LVU1480
ARM GAS  C:\Users\w1785\AppData\Local\Temp\ccRqOZjG.s 			page 161


 4876 0228 5C46     		mov	r4, fp
 4877 022a 1F46     		mov	r7, r3
 4878 022c 00E0     		b	.L301
 4879              	.LVL538:
 4880              	.L336:
 668:Middlewares/LVGL/lvgl/src/widgets/span/lv_span.c ****                 break;
 4881              		.loc 1 668 24 discriminator 1 view .LVU1481
 4882 022e 5C46     		mov	r4, fp
 4883              	.LVL539:
 4884              	.L301:
 668:Middlewares/LVGL/lvgl/src/widgets/span/lv_span.c ****                 break;
 4885              		.loc 1 668 24 discriminator 1 view .LVU1482
 4886              	.LBE170:
 674:Middlewares/LVGL/lvgl/src/widgets/span/lv_span.c **** 
 4887              		.loc 1 674 9 is_stmt 1 view .LVU1483
 674:Middlewares/LVGL/lvgl/src/widgets/span/lv_span.c **** 
 4888              		.loc 1 674 16 is_stmt 0 view .LVU1484
 4889 0230 199B     		ldr	r3, [sp, #100]
 674:Middlewares/LVGL/lvgl/src/widgets/span/lv_span.c **** 
 4890              		.loc 1 674 19 view .LVU1485
 4891 0232 3B44     		add	r3, r3, r7
 4892 0234 1993     		str	r3, [sp, #100]
 677:Middlewares/LVGL/lvgl/src/widgets/span/lv_span.c ****             tmp_span && tmp_span != cur_span;
 4893              		.loc 1 677 9 is_stmt 1 view .LVU1486
 4894              	.LBB171:
 677:Middlewares/LVGL/lvgl/src/widgets/span/lv_span.c ****             tmp_span && tmp_span != cur_span;
 4895              		.loc 1 677 13 view .LVU1487
 4896              	.LVL540:
 677:Middlewares/LVGL/lvgl/src/widgets/span/lv_span.c ****             tmp_span && tmp_span != cur_span;
 4897              		.loc 1 677 13 is_stmt 0 view .LVU1488
 4898 0236 0799     		ldr	r1, [sp, #28]
 677:Middlewares/LVGL/lvgl/src/widgets/span/lv_span.c ****             tmp_span && tmp_span != cur_span;
 4899              		.loc 1 677 9 view .LVU1489
 4900 0238 06E0     		b	.L320
 4901              	.LVL541:
 4902              	.L337:
 677:Middlewares/LVGL/lvgl/src/widgets/span/lv_span.c ****             tmp_span && tmp_span != cur_span;
 4903              		.loc 1 677 9 view .LVU1490
 4904 023a 5C46     		mov	r4, fp
 4905 023c F8E7     		b	.L301
 4906              	.LVL542:
 4907              	.L322:
 680:Middlewares/LVGL/lvgl/src/widgets/span/lv_span.c **** 
 4908              		.loc 1 680 13 is_stmt 1 view .LVU1491
 680:Middlewares/LVGL/lvgl/src/widgets/span/lv_span.c **** 
 4909              		.loc 1 680 39 is_stmt 0 view .LVU1492
 4910 023e CF61     		str	r7, [r1, #28]
 679:Middlewares/LVGL/lvgl/src/widgets/span/lv_span.c ****             tmp_span->trailing_height = max_line_h;
 4911              		.loc 1 679 22 is_stmt 1 view .LVU1493
 679:Middlewares/LVGL/lvgl/src/widgets/span/lv_span.c ****             tmp_span->trailing_height = max_line_h;
 4912              		.loc 1 679 24 is_stmt 0 view .LVU1494
 4913 0240 4046     		mov	r0, r8
 4914 0242 FFF7FEFF 		bl	lv_ll_get_next
 4915              	.LVL543:
 679:Middlewares/LVGL/lvgl/src/widgets/span/lv_span.c ****             tmp_span->trailing_height = max_line_h;
 4916              		.loc 1 679 24 view .LVU1495
 4917 0246 0146     		mov	r1, r0
ARM GAS  C:\Users\w1785\AppData\Local\Temp\ccRqOZjG.s 			page 162


 4918              	.LVL544:
 4919              	.L320:
 678:Middlewares/LVGL/lvgl/src/widgets/span/lv_span.c ****             tmp_span = lv_ll_get_next(&spans->child_ll, tmp_span))
 4920              		.loc 1 678 22 is_stmt 1 view .LVU1496
 4921 0248 09B1     		cbz	r1, .L321
 678:Middlewares/LVGL/lvgl/src/widgets/span/lv_span.c ****             tmp_span = lv_ll_get_next(&spans->child_ll, tmp_span))
 4922              		.loc 1 678 22 is_stmt 0 discriminator 1 view .LVU1497
 4923 024a 8E42     		cmp	r6, r1
 4924 024c F7D1     		bne	.L322
 4925              	.L321:
 678:Middlewares/LVGL/lvgl/src/widgets/span/lv_span.c ****             tmp_span = lv_ll_get_next(&spans->child_ll, tmp_span))
 4926              		.loc 1 678 22 discriminator 1 view .LVU1498
 4927              	.LBE171:
 682:Middlewares/LVGL/lvgl/src/widgets/span/lv_span.c **** 
 4928              		.loc 1 682 9 is_stmt 1 view .LVU1499
 4929              	.LVL545:
 684:Middlewares/LVGL/lvgl/src/widgets/span/lv_span.c ****         line_cnt += 1;
 4930              		.loc 1 684 9 view .LVU1500
 685:Middlewares/LVGL/lvgl/src/widgets/span/lv_span.c ****         if(line_cnt >= lines) {
 4931              		.loc 1 685 9 view .LVU1501
 685:Middlewares/LVGL/lvgl/src/widgets/span/lv_span.c ****         if(line_cnt >= lines) {
 4932              		.loc 1 685 18 is_stmt 0 view .LVU1502
 4933 024e 0134     		adds	r4, r4, #1
 4934              	.LVL546:
 686:Middlewares/LVGL/lvgl/src/widgets/span/lv_span.c ****             break;
 4935              		.loc 1 686 9 is_stmt 1 view .LVU1503
 686:Middlewares/LVGL/lvgl/src/widgets/span/lv_span.c ****             break;
 4936              		.loc 1 686 11 is_stmt 0 view .LVU1504
 4937 0250 0B9B     		ldr	r3, [sp, #44]
 4938 0252 A342     		cmp	r3, r4
 4939 0254 09DD     		ble	.L323
 4940 0256 0796     		str	r6, [sp, #28]
 684:Middlewares/LVGL/lvgl/src/widgets/span/lv_span.c ****         line_cnt += 1;
 4941              		.loc 1 684 15 view .LVU1505
 4942 0258 DDF82490 		ldr	r9, [sp, #36]
 4943              	.LVL547:
 4944              	.L299:
 684:Middlewares/LVGL/lvgl/src/widgets/span/lv_span.c ****         line_cnt += 1;
 4945              		.loc 1 684 15 view .LVU1506
 4946              	.LBE153:
 603:Middlewares/LVGL/lvgl/src/widgets/span/lv_span.c ****         int snippet_cnt = 0;
 4947              		.loc 1 603 11 is_stmt 1 view .LVU1507
 4948 025c 079B     		ldr	r3, [sp, #28]
 4949 025e 23B1     		cbz	r3, .L323
 603:Middlewares/LVGL/lvgl/src/widgets/span/lv_span.c ****         int snippet_cnt = 0;
 4950              		.loc 1 603 11 is_stmt 0 view .LVU1508
 4951 0260 079E     		ldr	r6, [sp, #28]
 4952              	.LBB172:
 605:Middlewares/LVGL/lvgl/src/widgets/span/lv_span.c **** 
 4953              		.loc 1 605 17 view .LVU1509
 4954 0262 0027     		movs	r7, #0
 604:Middlewares/LVGL/lvgl/src/widgets/span/lv_span.c ****         int32_t max_line_h = 0;  /* the max height of span-font when a line have a lot of span */
 4955              		.loc 1 604 13 view .LVU1510
 4956 0264 0597     		str	r7, [sp, #20]
 4957 0266 A346     		mov	fp, r4
 4958 0268 59E7     		b	.L324
 4959              	.LVL548:
ARM GAS  C:\Users\w1785\AppData\Local\Temp\ccRqOZjG.s 			page 163


 4960              	.L323:
 604:Middlewares/LVGL/lvgl/src/widgets/span/lv_span.c ****         int32_t max_line_h = 0;  /* the max height of span-font when a line have a lot of span */
 4961              		.loc 1 604 13 view .LVU1511
 4962              	.LBE172:
 690:Middlewares/LVGL/lvgl/src/widgets/span/lv_span.c **** 
 4963              		.loc 1 690 5 is_stmt 1 view .LVU1512
 690:Middlewares/LVGL/lvgl/src/widgets/span/lv_span.c **** 
 4964              		.loc 1 690 12 is_stmt 0 view .LVU1513
 4965 026a 1998     		ldr	r0, [sp, #100]
 690:Middlewares/LVGL/lvgl/src/widgets/span/lv_span.c **** 
 4966              		.loc 1 690 15 view .LVU1514
 4967 026c 0A9B     		ldr	r3, [sp, #40]
 4968 026e C01A     		subs	r0, r0, r3
 4969 0270 1990     		str	r0, [sp, #100]
 692:Middlewares/LVGL/lvgl/src/widgets/span/lv_span.c **** }
 4970              		.loc 1 692 5 is_stmt 1 view .LVU1515
 4971              	.LVL549:
 4972              	.L293:
 693:Middlewares/LVGL/lvgl/src/widgets/span/lv_span.c **** 
 4973              		.loc 1 693 1 is_stmt 0 view .LVU1516
 4974 0272 1BB0     		add	sp, sp, #108
 4975              	.LCFI77:
 4976              		.cfi_remember_state
 4977              		.cfi_def_cfa_offset 36
 4978              		@ sp needed
 4979 0274 BDE8F08F 		pop	{r4, r5, r6, r7, r8, r9, r10, fp, pc}
 4980              	.LVL550:
 4981              	.L325:
 4982              	.LCFI78:
 4983              		.cfi_restore_state
 578:Middlewares/LVGL/lvgl/src/widgets/span/lv_span.c ****     }
 4984              		.loc 1 578 16 view .LVU1517
 4985 0278 0020     		movs	r0, #0
 4986 027a FAE7     		b	.L293
 4987              	.L326:
 4988 027c 0020     		movs	r0, #0
 4989 027e F8E7     		b	.L293
 4990              	.L348:
 4991              		.align	2
 4992              	.L347:
 4993 0280 00000000 		.word	lv_text_encoded_prev
 4994 0284 00000000 		.word	lv_text_encoded_next
 4995 0288 08000000 		.word	.LC1
 4996 028c 00000000 		.word	.LC0
 4997              		.cfi_endproc
 4998              	.LFE231:
 5000              		.section	.text.lv_spangroup_get_span_coords,"ax",%progbits
 5001              		.align	1
 5002              		.global	lv_spangroup_get_span_coords
 5003              		.syntax unified
 5004              		.thumb
 5005              		.thumb_func
 5007              	lv_spangroup_get_span_coords:
 5008              	.LVL551:
 5009              	.LFB232:
 696:Middlewares/LVGL/lvgl/src/widgets/span/lv_span.c ****     if(obj == NULL) return (lv_span_coords_t) {
 5010              		.loc 1 696 1 is_stmt 1 view -0
ARM GAS  C:\Users\w1785\AppData\Local\Temp\ccRqOZjG.s 			page 164


 5011              		.cfi_startproc
 5012              		@ args = 0, pretend = 0, frame = 24
 5013              		@ frame_needed = 0, uses_anonymous_args = 0
 696:Middlewares/LVGL/lvgl/src/widgets/span/lv_span.c ****     if(obj == NULL) return (lv_span_coords_t) {
 5014              		.loc 1 696 1 is_stmt 0 view .LVU1519
 5015 0000 2DE9F04F 		push	{r4, r5, r6, r7, r8, r9, r10, fp, lr}
 5016              	.LCFI79:
 5017              		.cfi_def_cfa_offset 36
 5018              		.cfi_offset 4, -36
 5019              		.cfi_offset 5, -32
 5020              		.cfi_offset 6, -28
 5021              		.cfi_offset 7, -24
 5022              		.cfi_offset 8, -20
 5023              		.cfi_offset 9, -16
 5024              		.cfi_offset 10, -12
 5025              		.cfi_offset 11, -8
 5026              		.cfi_offset 14, -4
 5027 0004 8DB0     		sub	sp, sp, #52
 5028              	.LCFI80:
 5029              		.cfi_def_cfa_offset 88
 5030 0006 0646     		mov	r6, r0
 697:Middlewares/LVGL/lvgl/src/widgets/span/lv_span.c ****         0
 5031              		.loc 1 697 5 is_stmt 1 view .LVU1520
 697:Middlewares/LVGL/lvgl/src/widgets/span/lv_span.c ****         0
 5032              		.loc 1 697 7 is_stmt 0 view .LVU1521
 5033 0008 B9B1     		cbz	r1, .L358
 5034 000a 1546     		mov	r5, r2
 5035 000c 0F46     		mov	r7, r1
 702:Middlewares/LVGL/lvgl/src/widgets/span/lv_span.c ****     const lv_ll_t * spans = &spangroup->child_ll;
 5036              		.loc 1 702 5 is_stmt 1 view .LVU1522
 5037              	.LVL552:
 703:Middlewares/LVGL/lvgl/src/widgets/span/lv_span.c ****     const int32_t width = lv_obj_get_content_width(obj);
 5038              		.loc 1 703 5 view .LVU1523
 703:Middlewares/LVGL/lvgl/src/widgets/span/lv_span.c ****     const int32_t width = lv_obj_get_content_width(obj);
 5039              		.loc 1 703 21 is_stmt 0 view .LVU1524
 5040 000e 01F14008 		add	r8, r1, #64
 5041              	.LVL553:
 704:Middlewares/LVGL/lvgl/src/widgets/span/lv_span.c ****     const int32_t indent = lv_spangroup_get_indent(obj);
 5042              		.loc 1 704 5 is_stmt 1 view .LVU1525
 704:Middlewares/LVGL/lvgl/src/widgets/span/lv_span.c ****     const int32_t indent = lv_spangroup_get_indent(obj);
 5043              		.loc 1 704 27 is_stmt 0 view .LVU1526
 5044 0012 0846     		mov	r0, r1
 5045              	.LVL554:
 704:Middlewares/LVGL/lvgl/src/widgets/span/lv_span.c ****     const int32_t indent = lv_spangroup_get_indent(obj);
 5046              		.loc 1 704 27 view .LVU1527
 5047 0014 FFF7FEFF 		bl	lv_obj_get_content_width
 5048              	.LVL555:
 704:Middlewares/LVGL/lvgl/src/widgets/span/lv_span.c ****     const int32_t indent = lv_spangroup_get_indent(obj);
 5049              		.loc 1 704 27 view .LVU1528
 5050 0018 8246     		mov	r10, r0
 5051              	.LVL556:
 705:Middlewares/LVGL/lvgl/src/widgets/span/lv_span.c **** 
 5052              		.loc 1 705 5 is_stmt 1 view .LVU1529
 705:Middlewares/LVGL/lvgl/src/widgets/span/lv_span.c **** 
 5053              		.loc 1 705 28 is_stmt 0 view .LVU1530
 5054 001a 3846     		mov	r0, r7
 5055              	.LVL557:
ARM GAS  C:\Users\w1785\AppData\Local\Temp\ccRqOZjG.s 			page 165


 705:Middlewares/LVGL/lvgl/src/widgets/span/lv_span.c **** 
 5056              		.loc 1 705 28 view .LVU1531
 5057 001c FFF7FEFF 		bl	lv_spangroup_get_indent
 5058              	.LVL558:
 5059 0020 8346     		mov	fp, r0
 5060              	.LVL559:
 707:Middlewares/LVGL/lvgl/src/widgets/span/lv_span.c ****         0
 5061              		.loc 1 707 5 is_stmt 1 view .LVU1532
 707:Middlewares/LVGL/lvgl/src/widgets/span/lv_span.c ****         0
 5062              		.loc 1 707 7 is_stmt 0 view .LVU1533
 5063 0022 75B1     		cbz	r5, .L352
 707:Middlewares/LVGL/lvgl/src/widgets/span/lv_span.c ****         0
 5064              		.loc 1 707 24 discriminator 2 view .LVU1534
 5065 0024 4046     		mov	r0, r8
 5066              	.LVL560:
 707:Middlewares/LVGL/lvgl/src/widgets/span/lv_span.c ****         0
 5067              		.loc 1 707 24 discriminator 2 view .LVU1535
 5068 0026 FFF7FEFF 		bl	lv_ll_get_head
 5069              	.LVL561:
 707:Middlewares/LVGL/lvgl/src/widgets/span/lv_span.c ****         0
 5070              		.loc 1 707 21 discriminator 1 view .LVU1536
 5071 002a 50B1     		cbz	r0, .L352
 711:Middlewares/LVGL/lvgl/src/widgets/span/lv_span.c ****     lv_span_t * curr_span;
 5072              		.loc 1 711 5 is_stmt 1 view .LVU1537
 5073              	.LVL562:
 712:Middlewares/LVGL/lvgl/src/widgets/span/lv_span.c ****     LV_LL_READ(spans, curr_span) {
 5074              		.loc 1 712 5 view .LVU1538
 713:Middlewares/LVGL/lvgl/src/widgets/span/lv_span.c ****         if(curr_span == span) break;
 5075              		.loc 1 713 5 view .LVU1539
 5076 002c 4046     		mov	r0, r8
 5077 002e FFF7FEFF 		bl	lv_ll_get_head
 5078              	.LVL563:
 5079 0032 0446     		mov	r4, r0
 5080              	.LVL564:
 711:Middlewares/LVGL/lvgl/src/widgets/span/lv_span.c ****     lv_span_t * curr_span;
 5081              		.loc 1 711 17 is_stmt 0 view .LVU1540
 5082 0034 4FF00009 		mov	r9, #0
 713:Middlewares/LVGL/lvgl/src/widgets/span/lv_span.c ****         if(curr_span == span) break;
 5083              		.loc 1 713 5 view .LVU1541
 5084 0038 12E0     		b	.L354
 5085              	.LVL565:
 5086              	.L358:
 5087              	.LBB173:
 697:Middlewares/LVGL/lvgl/src/widgets/span/lv_span.c ****         0
 5088              		.loc 1 697 21 is_stmt 1 discriminator 1 view .LVU1542
 697:Middlewares/LVGL/lvgl/src/widgets/span/lv_span.c ****         0
 5089              		.loc 1 697 28 is_stmt 0 discriminator 1 view .LVU1543
 5090 003a 3022     		movs	r2, #48
 5091              	.LVL566:
 697:Middlewares/LVGL/lvgl/src/widgets/span/lv_span.c ****         0
 5092              		.loc 1 697 28 discriminator 1 view .LVU1544
 5093 003c FFF7FEFF 		bl	memset
 5094              	.LVL567:
 697:Middlewares/LVGL/lvgl/src/widgets/span/lv_span.c ****         0
 5095              		.loc 1 697 28 discriminator 1 view .LVU1545
 5096 0040 04E0     		b	.L349
 5097              	.LVL568:
ARM GAS  C:\Users\w1785\AppData\Local\Temp\ccRqOZjG.s 			page 166


 5098              	.L352:
 697:Middlewares/LVGL/lvgl/src/widgets/span/lv_span.c ****         0
 5099              		.loc 1 697 28 discriminator 1 view .LVU1546
 5100              	.LBE173:
 5101              	.LBB174:
 707:Middlewares/LVGL/lvgl/src/widgets/span/lv_span.c ****         0
 5102              		.loc 1 707 55 is_stmt 1 discriminator 3 view .LVU1547
 707:Middlewares/LVGL/lvgl/src/widgets/span/lv_span.c ****         0
 5103              		.loc 1 707 62 is_stmt 0 discriminator 3 view .LVU1548
 5104 0042 3022     		movs	r2, #48
 5105 0044 0021     		movs	r1, #0
 5106 0046 3046     		mov	r0, r6
 5107 0048 FFF7FEFF 		bl	memset
 5108              	.LVL569:
 5109              	.L349:
 707:Middlewares/LVGL/lvgl/src/widgets/span/lv_span.c ****         0
 5110              		.loc 1 707 62 discriminator 3 view .LVU1549
 5111              	.LBE174:
 725:Middlewares/LVGL/lvgl/src/widgets/span/lv_span.c **** 
 5112              		.loc 1 725 1 view .LVU1550
 5113 004c 3046     		mov	r0, r6
 5114 004e 0DB0     		add	sp, sp, #52
 5115              	.LCFI81:
 5116              		.cfi_remember_state
 5117              		.cfi_def_cfa_offset 36
 5118              		@ sp needed
 5119 0050 BDE8F08F 		pop	{r4, r5, r6, r7, r8, r9, r10, fp, pc}
 5120              	.LVL570:
 5121              	.L359:
 5122              	.LCFI82:
 5123              		.cfi_restore_state
 715:Middlewares/LVGL/lvgl/src/widgets/span/lv_span.c ****     }
 5124              		.loc 1 715 9 is_stmt 1 view .LVU1551
 713:Middlewares/LVGL/lvgl/src/widgets/span/lv_span.c ****         if(curr_span == span) break;
 5125              		.loc 1 713 5 discriminator 2 view .LVU1552
 5126 0054 2146     		mov	r1, r4
 5127 0056 4046     		mov	r0, r8
 5128              	.LVL571:
 713:Middlewares/LVGL/lvgl/src/widgets/span/lv_span.c ****         if(curr_span == span) break;
 5129              		.loc 1 713 5 is_stmt 0 discriminator 2 view .LVU1553
 5130 0058 FFF7FEFF 		bl	lv_ll_get_next
 5131              	.LVL572:
 715:Middlewares/LVGL/lvgl/src/widgets/span/lv_span.c ****     }
 5132              		.loc 1 715 19 view .LVU1554
 5133 005c A146     		mov	r9, r4
 713:Middlewares/LVGL/lvgl/src/widgets/span/lv_span.c ****         if(curr_span == span) break;
 5134              		.loc 1 713 5 discriminator 2 view .LVU1555
 5135 005e 0446     		mov	r4, r0
 5136              	.LVL573:
 5137              	.L354:
 713:Middlewares/LVGL/lvgl/src/widgets/span/lv_span.c ****         if(curr_span == span) break;
 5138              		.loc 1 713 5 is_stmt 1 discriminator 1 view .LVU1556
 5139 0060 0CB1     		cbz	r4, .L355
 714:Middlewares/LVGL/lvgl/src/widgets/span/lv_span.c ****         prev_span = curr_span;
 5140              		.loc 1 714 9 view .LVU1557
 714:Middlewares/LVGL/lvgl/src/widgets/span/lv_span.c ****         prev_span = curr_span;
 5141              		.loc 1 714 11 is_stmt 0 view .LVU1558
ARM GAS  C:\Users\w1785\AppData\Local\Temp\ccRqOZjG.s 			page 167


 5142 0062 AC42     		cmp	r4, r5
 5143 0064 F6D1     		bne	.L359
 5144              	.L355:
 718:Middlewares/LVGL/lvgl/src/widgets/span/lv_span.c ****     return make_span_coords(prev_span, curr_span, width, (lv_area_t) {
 5145              		.loc 1 718 5 is_stmt 1 view .LVU1559
 5146              	.LVL574:
 5147              	.LBB175:
 5148              	.LBI175:
 708:Middlewares/LVGL/lvgl/src/widgets/span/../../core/lv_obj_style_gen.h **** {
 5149              		.loc 3 708 23 view .LVU1560
 5150              	.LBB176:
 710:Middlewares/LVGL/lvgl/src/widgets/span/../../core/lv_obj_style_gen.h ****     return (int32_t)v.num;
 5151              		.loc 3 710 5 view .LVU1561
 710:Middlewares/LVGL/lvgl/src/widgets/span/../../core/lv_obj_style_gen.h ****     return (int32_t)v.num;
 5152              		.loc 3 710 26 is_stmt 0 view .LVU1562
 5153 0066 3822     		movs	r2, #56
 5154 0068 0021     		movs	r1, #0
 5155 006a 3846     		mov	r0, r7
 5156              	.LVL575:
 710:Middlewares/LVGL/lvgl/src/widgets/span/../../core/lv_obj_style_gen.h ****     return (int32_t)v.num;
 5157              		.loc 3 710 26 view .LVU1563
 5158 006c FFF7FEFF 		bl	lv_obj_get_style_prop
 5159              	.LVL576:
 5160 0070 0546     		mov	r5, r0
 5161              	.LVL577:
 710:Middlewares/LVGL/lvgl/src/widgets/span/../../core/lv_obj_style_gen.h ****     return (int32_t)v.num;
 5162              		.loc 3 710 26 view .LVU1564
 5163 0072 0790     		str	r0, [sp, #28]
 711:Middlewares/LVGL/lvgl/src/widgets/span/../../core/lv_obj_style_gen.h **** }
 5164              		.loc 3 711 5 is_stmt 1 view .LVU1565
 5165              	.LVL578:
 711:Middlewares/LVGL/lvgl/src/widgets/span/../../core/lv_obj_style_gen.h **** }
 5166              		.loc 3 711 5 is_stmt 0 view .LVU1566
 5167              	.LBE176:
 5168              	.LBE175:
 719:Middlewares/LVGL/lvgl/src/widgets/span/lv_span.c ****         .x1 = lv_obj_get_style_pad_left(obj, LV_PART_MAIN) + border_width,
 5169              		.loc 1 719 5 is_stmt 1 view .LVU1567
 5170              	.LBB177:
 5171              	.LBI177:
 344:Middlewares/LVGL/lvgl/src/widgets/span/../../core/lv_obj_style_gen.h **** {
 5172              		.loc 3 344 23 view .LVU1568
 5173              	.LBB178:
 346:Middlewares/LVGL/lvgl/src/widgets/span/../../core/lv_obj_style_gen.h ****     return (int32_t)v.num;
 5174              		.loc 3 346 5 view .LVU1569
 346:Middlewares/LVGL/lvgl/src/widgets/span/../../core/lv_obj_style_gen.h ****     return (int32_t)v.num;
 5175              		.loc 3 346 26 is_stmt 0 view .LVU1570
 5176 0074 1A22     		movs	r2, #26
 5177 0076 0021     		movs	r1, #0
 5178 0078 3846     		mov	r0, r7
 5179              	.LVL579:
 346:Middlewares/LVGL/lvgl/src/widgets/span/../../core/lv_obj_style_gen.h ****     return (int32_t)v.num;
 5180              		.loc 3 346 26 view .LVU1571
 5181 007a FFF7FEFF 		bl	lv_obj_get_style_prop
 5182              	.LVL580:
 5183 007e 0790     		str	r0, [sp, #28]
 347:Middlewares/LVGL/lvgl/src/widgets/span/../../core/lv_obj_style_gen.h **** }
 5184              		.loc 3 347 5 is_stmt 1 view .LVU1572
ARM GAS  C:\Users\w1785\AppData\Local\Temp\ccRqOZjG.s 			page 168


 5185              	.LVL581:
 347:Middlewares/LVGL/lvgl/src/widgets/span/../../core/lv_obj_style_gen.h **** }
 5186              		.loc 3 347 5 is_stmt 0 view .LVU1573
 5187              	.LBE178:
 5188              	.LBE177:
 720:Middlewares/LVGL/lvgl/src/widgets/span/lv_span.c ****         .y1 = lv_obj_get_style_pad_top(obj, LV_PART_MAIN) + border_width,
 5189              		.loc 1 720 60 discriminator 1 view .LVU1574
 5190 0080 2844     		add	r0, r0, r5
 719:Middlewares/LVGL/lvgl/src/widgets/span/lv_span.c ****         .x1 = lv_obj_get_style_pad_left(obj, LV_PART_MAIN) + border_width,
 5191              		.loc 1 719 70 view .LVU1575
 5192 0082 0890     		str	r0, [sp, #32]
 5193              	.LVL582:
 5194              	.LBB179:
 5195              	.LBI179:
 320:Middlewares/LVGL/lvgl/src/widgets/span/../../core/lv_obj_style_gen.h **** {
 5196              		.loc 3 320 23 is_stmt 1 view .LVU1576
 5197              	.LBB180:
 322:Middlewares/LVGL/lvgl/src/widgets/span/../../core/lv_obj_style_gen.h ****     return (int32_t)v.num;
 5198              		.loc 3 322 5 view .LVU1577
 322:Middlewares/LVGL/lvgl/src/widgets/span/../../core/lv_obj_style_gen.h ****     return (int32_t)v.num;
 5199              		.loc 3 322 26 is_stmt 0 view .LVU1578
 5200 0084 1822     		movs	r2, #24
 5201 0086 0021     		movs	r1, #0
 5202 0088 3846     		mov	r0, r7
 5203 008a FFF7FEFF 		bl	lv_obj_get_style_prop
 5204              	.LVL583:
 5205 008e 0790     		str	r0, [sp, #28]
 323:Middlewares/LVGL/lvgl/src/widgets/span/../../core/lv_obj_style_gen.h **** }
 5206              		.loc 3 323 5 is_stmt 1 view .LVU1579
 5207              	.LVL584:
 323:Middlewares/LVGL/lvgl/src/widgets/span/../../core/lv_obj_style_gen.h **** }
 5208              		.loc 3 323 5 is_stmt 0 view .LVU1580
 5209              	.LBE180:
 5210              	.LBE179:
 721:Middlewares/LVGL/lvgl/src/widgets/span/lv_span.c ****         .x2 = lv_obj_get_style_pad_right(obj, LV_PART_MAIN) + border_width, .y2 = 0
 5211              		.loc 1 721 59 discriminator 1 view .LVU1581
 5212 0090 2844     		add	r0, r0, r5
 719:Middlewares/LVGL/lvgl/src/widgets/span/lv_span.c ****         .x1 = lv_obj_get_style_pad_left(obj, LV_PART_MAIN) + border_width,
 5213              		.loc 1 719 70 view .LVU1582
 5214 0092 0990     		str	r0, [sp, #36]
 5215              	.LVL585:
 5216              	.LBB181:
 5217              	.LBI181:
 356:Middlewares/LVGL/lvgl/src/widgets/span/../../core/lv_obj_style_gen.h **** {
 5218              		.loc 3 356 23 is_stmt 1 view .LVU1583
 5219              	.LBB182:
 358:Middlewares/LVGL/lvgl/src/widgets/span/../../core/lv_obj_style_gen.h ****     return (int32_t)v.num;
 5220              		.loc 3 358 5 view .LVU1584
 358:Middlewares/LVGL/lvgl/src/widgets/span/../../core/lv_obj_style_gen.h ****     return (int32_t)v.num;
 5221              		.loc 3 358 26 is_stmt 0 view .LVU1585
 5222 0094 1B22     		movs	r2, #27
 5223 0096 0021     		movs	r1, #0
 5224 0098 3846     		mov	r0, r7
 5225 009a FFF7FEFF 		bl	lv_obj_get_style_prop
 5226              	.LVL586:
 5227 009e 0790     		str	r0, [sp, #28]
 359:Middlewares/LVGL/lvgl/src/widgets/span/../../core/lv_obj_style_gen.h **** }
ARM GAS  C:\Users\w1785\AppData\Local\Temp\ccRqOZjG.s 			page 169


 5228              		.loc 3 359 5 is_stmt 1 view .LVU1586
 5229              	.LVL587:
 359:Middlewares/LVGL/lvgl/src/widgets/span/../../core/lv_obj_style_gen.h **** }
 5230              		.loc 3 359 5 is_stmt 0 view .LVU1587
 5231              	.LBE182:
 5232              	.LBE181:
 722:Middlewares/LVGL/lvgl/src/widgets/span/lv_span.c ****     },
 5233              		.loc 1 722 61 discriminator 1 view .LVU1588
 5234 00a0 2844     		add	r0, r0, r5
 719:Middlewares/LVGL/lvgl/src/widgets/span/lv_span.c ****         .x1 = lv_obj_get_style_pad_left(obj, LV_PART_MAIN) + border_width,
 5235              		.loc 1 719 70 view .LVU1589
 5236 00a2 0A90     		str	r0, [sp, #40]
 5237 00a4 0023     		movs	r3, #0
 5238 00a6 0B93     		str	r3, [sp, #44]
 719:Middlewares/LVGL/lvgl/src/widgets/span/lv_span.c ****         .x1 = lv_obj_get_style_pad_left(obj, LV_PART_MAIN) + border_width,
 5239              		.loc 1 719 12 view .LVU1590
 5240 00a8 CDF810B0 		str	fp, [sp, #16]
 5241 00ac 0CAB     		add	r3, sp, #48
 5242 00ae 13E90F00 		ldmdb	r3, {r0, r1, r2, r3}
 5243 00b2 8DE80F00 		stm	sp, {r0, r1, r2, r3}
 5244 00b6 5346     		mov	r3, r10
 5245 00b8 2246     		mov	r2, r4
 5246 00ba 4946     		mov	r1, r9
 5247 00bc 3046     		mov	r0, r6
 5248 00be FFF7FEFF 		bl	make_span_coords
 5249              	.LVL588:
 5250 00c2 C3E7     		b	.L349
 5251              		.cfi_endproc
 5252              	.LFE232:
 5254              		.section	.text.lv_spangroup_get_span_by_point,"ax",%progbits
 5255              		.align	1
 5256              		.global	lv_spangroup_get_span_by_point
 5257              		.syntax unified
 5258              		.thumb
 5259              		.thumb_func
 5261              	lv_spangroup_get_span_by_point:
 5262              	.LVL589:
 5263              	.LFB233:
 728:Middlewares/LVGL/lvgl/src/widgets/span/lv_span.c ****     const lv_spangroup_t * spangroup = (lv_spangroup_t *)obj;
 5264              		.loc 1 728 1 is_stmt 1 view -0
 5265              		.cfi_startproc
 5266              		@ args = 0, pretend = 0, frame = 72
 5267              		@ frame_needed = 0, uses_anonymous_args = 0
 728:Middlewares/LVGL/lvgl/src/widgets/span/lv_span.c ****     const lv_spangroup_t * spangroup = (lv_spangroup_t *)obj;
 5268              		.loc 1 728 1 is_stmt 0 view .LVU1592
 5269 0000 2DE9F04F 		push	{r4, r5, r6, r7, r8, r9, r10, fp, lr}
 5270              	.LCFI83:
 5271              		.cfi_def_cfa_offset 36
 5272              		.cfi_offset 4, -36
 5273              		.cfi_offset 5, -32
 5274              		.cfi_offset 6, -28
 5275              		.cfi_offset 7, -24
 5276              		.cfi_offset 8, -20
 5277              		.cfi_offset 9, -16
 5278              		.cfi_offset 10, -12
 5279              		.cfi_offset 11, -8
 5280              		.cfi_offset 14, -4
ARM GAS  C:\Users\w1785\AppData\Local\Temp\ccRqOZjG.s 			page 170


 5281 0004 99B0     		sub	sp, sp, #100
 5282              	.LCFI84:
 5283              		.cfi_def_cfa_offset 136
 5284 0006 0546     		mov	r5, r0
 5285 0008 0C46     		mov	r4, r1
 729:Middlewares/LVGL/lvgl/src/widgets/span/lv_span.c ****     const lv_ll_t * spans = &spangroup->child_ll;
 5286              		.loc 1 729 5 is_stmt 1 view .LVU1593
 5287              	.LVL590:
 730:Middlewares/LVGL/lvgl/src/widgets/span/lv_span.c ****     const int32_t width = lv_obj_get_content_width(obj);
 5288              		.loc 1 730 5 view .LVU1594
 730:Middlewares/LVGL/lvgl/src/widgets/span/lv_span.c ****     const int32_t width = lv_obj_get_content_width(obj);
 5289              		.loc 1 730 21 is_stmt 0 view .LVU1595
 5290 000a 00F14009 		add	r9, r0, #64
 5291              	.LVL591:
 731:Middlewares/LVGL/lvgl/src/widgets/span/lv_span.c ****     const int32_t indent = lv_spangroup_get_indent(obj);
 5292              		.loc 1 731 5 is_stmt 1 view .LVU1596
 731:Middlewares/LVGL/lvgl/src/widgets/span/lv_span.c ****     const int32_t indent = lv_spangroup_get_indent(obj);
 5293              		.loc 1 731 27 is_stmt 0 view .LVU1597
 5294 000e FFF7FEFF 		bl	lv_obj_get_content_width
 5295              	.LVL592:
 731:Middlewares/LVGL/lvgl/src/widgets/span/lv_span.c ****     const int32_t indent = lv_spangroup_get_indent(obj);
 5296              		.loc 1 731 27 view .LVU1598
 5297 0012 0746     		mov	r7, r0
 5298              	.LVL593:
 732:Middlewares/LVGL/lvgl/src/widgets/span/lv_span.c **** 
 5299              		.loc 1 732 5 is_stmt 1 view .LVU1599
 732:Middlewares/LVGL/lvgl/src/widgets/span/lv_span.c **** 
 5300              		.loc 1 732 28 is_stmt 0 view .LVU1600
 5301 0014 2846     		mov	r0, r5
 5302              	.LVL594:
 732:Middlewares/LVGL/lvgl/src/widgets/span/lv_span.c **** 
 5303              		.loc 1 732 28 view .LVU1601
 5304 0016 FFF7FEFF 		bl	lv_spangroup_get_indent
 5305              	.LVL595:
 734:Middlewares/LVGL/lvgl/src/widgets/span/lv_span.c **** 
 5306              		.loc 1 734 5 is_stmt 1 view .LVU1602
 734:Middlewares/LVGL/lvgl/src/widgets/span/lv_span.c **** 
 5307              		.loc 1 734 7 is_stmt 0 view .LVU1603
 5308 001a 002D     		cmp	r5, #0
 5309 001c 57D0     		beq	.L361
 5310 001e 8046     		mov	r8, r0
 734:Middlewares/LVGL/lvgl/src/widgets/span/lv_span.c **** 
 5311              		.loc 1 734 20 discriminator 2 view .LVU1604
 5312 0020 002C     		cmp	r4, #0
 5313 0022 54D0     		beq	.L361
 734:Middlewares/LVGL/lvgl/src/widgets/span/lv_span.c **** 
 5314              		.loc 1 734 36 discriminator 4 view .LVU1605
 5315 0024 4846     		mov	r0, r9
 5316              	.LVL596:
 734:Middlewares/LVGL/lvgl/src/widgets/span/lv_span.c **** 
 5317              		.loc 1 734 36 discriminator 4 view .LVU1606
 5318 0026 FFF7FEFF 		bl	lv_ll_get_head
 5319              	.LVL597:
 734:Middlewares/LVGL/lvgl/src/widgets/span/lv_span.c **** 
 5320              		.loc 1 734 33 discriminator 1 view .LVU1607
 5321 002a 0028     		cmp	r0, #0
 5322 002c 4FD0     		beq	.L361
ARM GAS  C:\Users\w1785\AppData\Local\Temp\ccRqOZjG.s 			page 171


 736:Middlewares/LVGL/lvgl/src/widgets/span/lv_span.c ****     point.x = p->x - obj->coords.x1;
 5323              		.loc 1 736 5 is_stmt 1 view .LVU1608
 737:Middlewares/LVGL/lvgl/src/widgets/span/lv_span.c ****     point.y = p->y - obj->coords.y1;
 5324              		.loc 1 737 5 view .LVU1609
 737:Middlewares/LVGL/lvgl/src/widgets/span/lv_span.c ****     point.y = p->y - obj->coords.y1;
 5325              		.loc 1 737 16 is_stmt 0 view .LVU1610
 5326 002e 2368     		ldr	r3, [r4]
 737:Middlewares/LVGL/lvgl/src/widgets/span/lv_span.c ****     point.y = p->y - obj->coords.y1;
 5327              		.loc 1 737 33 view .LVU1611
 5328 0030 6A69     		ldr	r2, [r5, #20]
 737:Middlewares/LVGL/lvgl/src/widgets/span/lv_span.c ****     point.y = p->y - obj->coords.y1;
 5329              		.loc 1 737 20 view .LVU1612
 5330 0032 9B1A     		subs	r3, r3, r2
 737:Middlewares/LVGL/lvgl/src/widgets/span/lv_span.c ****     point.y = p->y - obj->coords.y1;
 5331              		.loc 1 737 13 view .LVU1613
 5332 0034 1293     		str	r3, [sp, #72]
 738:Middlewares/LVGL/lvgl/src/widgets/span/lv_span.c **** 
 5333              		.loc 1 738 5 is_stmt 1 view .LVU1614
 738:Middlewares/LVGL/lvgl/src/widgets/span/lv_span.c **** 
 5334              		.loc 1 738 16 is_stmt 0 view .LVU1615
 5335 0036 6368     		ldr	r3, [r4, #4]
 738:Middlewares/LVGL/lvgl/src/widgets/span/lv_span.c **** 
 5336              		.loc 1 738 33 view .LVU1616
 5337 0038 AA69     		ldr	r2, [r5, #24]
 738:Middlewares/LVGL/lvgl/src/widgets/span/lv_span.c **** 
 5338              		.loc 1 738 20 view .LVU1617
 5339 003a 9B1A     		subs	r3, r3, r2
 738:Middlewares/LVGL/lvgl/src/widgets/span/lv_span.c **** 
 5340              		.loc 1 738 13 view .LVU1618
 5341 003c 1393     		str	r3, [sp, #76]
 742:Middlewares/LVGL/lvgl/src/widgets/span/lv_span.c ****     lv_span_t * curr_span;
 5342              		.loc 1 742 5 is_stmt 1 view .LVU1619
 5343              	.LVL598:
 743:Middlewares/LVGL/lvgl/src/widgets/span/lv_span.c ****     LV_LL_READ(spans, curr_span) {
 5344              		.loc 1 743 5 view .LVU1620
 744:Middlewares/LVGL/lvgl/src/widgets/span/lv_span.c ****         lv_span_coords_t coords = make_span_coords(prev_span, curr_span, width, (lv_area_t) {
 5345              		.loc 1 744 5 view .LVU1621
 5346 003e 4846     		mov	r0, r9
 5347 0040 FFF7FEFF 		bl	lv_ll_get_head
 5348              	.LVL599:
 5349 0044 0446     		mov	r4, r0
 5350              	.LVL600:
 742:Middlewares/LVGL/lvgl/src/widgets/span/lv_span.c ****     lv_span_t * curr_span;
 5351              		.loc 1 742 23 is_stmt 0 view .LVU1622
 5352 0046 0026     		movs	r6, #0
 5353              	.LVL601:
 5354              	.L364:
 744:Middlewares/LVGL/lvgl/src/widgets/span/lv_span.c ****         lv_span_coords_t coords = make_span_coords(prev_span, curr_span, width, (lv_area_t) {
 5355              		.loc 1 744 5 is_stmt 1 discriminator 1 view .LVU1623
 5356 0048 002C     		cmp	r4, #0
 5357 004a 41D0     		beq	.L360
 5358              	.LBB183:
 745:Middlewares/LVGL/lvgl/src/widgets/span/lv_span.c ****             .x1 = lv_obj_get_style_pad_left(obj, LV_PART_MAIN),
 5359              		.loc 1 745 9 view .LVU1624
 5360              	.LVL602:
 5361              	.LBB184:
 5362              	.LBI184:
ARM GAS  C:\Users\w1785\AppData\Local\Temp\ccRqOZjG.s 			page 172


 344:Middlewares/LVGL/lvgl/src/widgets/span/../../core/lv_obj_style_gen.h **** {
 5363              		.loc 3 344 23 view .LVU1625
 5364              	.LBB185:
 346:Middlewares/LVGL/lvgl/src/widgets/span/../../core/lv_obj_style_gen.h ****     return (int32_t)v.num;
 5365              		.loc 3 346 5 view .LVU1626
 346:Middlewares/LVGL/lvgl/src/widgets/span/../../core/lv_obj_style_gen.h ****     return (int32_t)v.num;
 5366              		.loc 3 346 26 is_stmt 0 view .LVU1627
 5367 004c 1A22     		movs	r2, #26
 5368 004e 0021     		movs	r1, #0
 5369 0050 2846     		mov	r0, r5
 5370              	.LVL603:
 346:Middlewares/LVGL/lvgl/src/widgets/span/../../core/lv_obj_style_gen.h ****     return (int32_t)v.num;
 5371              		.loc 3 346 26 view .LVU1628
 5372 0052 FFF7FEFF 		bl	lv_obj_get_style_prop
 5373              	.LVL604:
 5374 0056 0690     		str	r0, [sp, #24]
 347:Middlewares/LVGL/lvgl/src/widgets/span/../../core/lv_obj_style_gen.h **** }
 5375              		.loc 3 347 5 is_stmt 1 view .LVU1629
 5376              	.LVL605:
 347:Middlewares/LVGL/lvgl/src/widgets/span/../../core/lv_obj_style_gen.h **** }
 5377              		.loc 3 347 5 is_stmt 0 view .LVU1630
 5378              	.LBE185:
 5379              	.LBE184:
 745:Middlewares/LVGL/lvgl/src/widgets/span/lv_span.c ****             .x1 = lv_obj_get_style_pad_left(obj, LV_PART_MAIN),
 5380              		.loc 1 745 93 view .LVU1631
 5381 0058 1490     		str	r0, [sp, #80]
 5382              	.LVL606:
 5383              	.LBB186:
 5384              	.LBI186:
 320:Middlewares/LVGL/lvgl/src/widgets/span/../../core/lv_obj_style_gen.h **** {
 5385              		.loc 3 320 23 is_stmt 1 view .LVU1632
 5386              	.LBB187:
 322:Middlewares/LVGL/lvgl/src/widgets/span/../../core/lv_obj_style_gen.h ****     return (int32_t)v.num;
 5387              		.loc 3 322 5 view .LVU1633
 322:Middlewares/LVGL/lvgl/src/widgets/span/../../core/lv_obj_style_gen.h ****     return (int32_t)v.num;
 5388              		.loc 3 322 26 is_stmt 0 view .LVU1634
 5389 005a 1822     		movs	r2, #24
 5390 005c 0021     		movs	r1, #0
 5391 005e 2846     		mov	r0, r5
 5392 0060 FFF7FEFF 		bl	lv_obj_get_style_prop
 5393              	.LVL607:
 5394 0064 0690     		str	r0, [sp, #24]
 323:Middlewares/LVGL/lvgl/src/widgets/span/../../core/lv_obj_style_gen.h **** }
 5395              		.loc 3 323 5 is_stmt 1 view .LVU1635
 5396              	.LVL608:
 323:Middlewares/LVGL/lvgl/src/widgets/span/../../core/lv_obj_style_gen.h **** }
 5397              		.loc 3 323 5 is_stmt 0 view .LVU1636
 5398              	.LBE187:
 5399              	.LBE186:
 745:Middlewares/LVGL/lvgl/src/widgets/span/lv_span.c ****             .x1 = lv_obj_get_style_pad_left(obj, LV_PART_MAIN),
 5400              		.loc 1 745 93 view .LVU1637
 5401 0066 1590     		str	r0, [sp, #84]
 5402              	.LVL609:
 5403              	.LBB188:
 5404              	.LBI188:
 356:Middlewares/LVGL/lvgl/src/widgets/span/../../core/lv_obj_style_gen.h **** {
 5405              		.loc 3 356 23 is_stmt 1 view .LVU1638
ARM GAS  C:\Users\w1785\AppData\Local\Temp\ccRqOZjG.s 			page 173


 5406              	.LBB189:
 358:Middlewares/LVGL/lvgl/src/widgets/span/../../core/lv_obj_style_gen.h ****     return (int32_t)v.num;
 5407              		.loc 3 358 5 view .LVU1639
 358:Middlewares/LVGL/lvgl/src/widgets/span/../../core/lv_obj_style_gen.h ****     return (int32_t)v.num;
 5408              		.loc 3 358 26 is_stmt 0 view .LVU1640
 5409 0068 1B22     		movs	r2, #27
 5410 006a 0021     		movs	r1, #0
 5411 006c 2846     		mov	r0, r5
 5412 006e FFF7FEFF 		bl	lv_obj_get_style_prop
 5413              	.LVL610:
 5414 0072 0690     		str	r0, [sp, #24]
 359:Middlewares/LVGL/lvgl/src/widgets/span/../../core/lv_obj_style_gen.h **** }
 5415              		.loc 3 359 5 is_stmt 1 view .LVU1641
 5416              	.LVL611:
 359:Middlewares/LVGL/lvgl/src/widgets/span/../../core/lv_obj_style_gen.h **** }
 5417              		.loc 3 359 5 is_stmt 0 view .LVU1642
 5418              	.LBE189:
 5419              	.LBE188:
 745:Middlewares/LVGL/lvgl/src/widgets/span/lv_span.c ****             .x1 = lv_obj_get_style_pad_left(obj, LV_PART_MAIN),
 5420              		.loc 1 745 93 view .LVU1643
 5421 0074 1690     		str	r0, [sp, #88]
 5422 0076 4FF0000B 		mov	fp, #0
 5423 007a CDF85CB0 		str	fp, [sp, #92]
 745:Middlewares/LVGL/lvgl/src/widgets/span/lv_span.c ****             .x1 = lv_obj_get_style_pad_left(obj, LV_PART_MAIN),
 5424              		.loc 1 745 35 view .LVU1644
 5425 007e 0DF1180A 		add	r10, sp, #24
 5426 0082 CDF81080 		str	r8, [sp, #16]
 5427 0086 18AB     		add	r3, sp, #96
 5428 0088 13E90F00 		ldmdb	r3, {r0, r1, r2, r3}
 5429 008c 8DE80F00 		stm	sp, {r0, r1, r2, r3}
 5430 0090 3B46     		mov	r3, r7
 5431 0092 2246     		mov	r2, r4
 5432 0094 3146     		mov	r1, r6
 5433 0096 5046     		mov	r0, r10
 5434 0098 FFF7FEFF 		bl	make_span_coords
 5435              	.LVL612:
 752:Middlewares/LVGL/lvgl/src/widgets/span/lv_span.c ****            lv_area_is_point_on(&coords.middle,   &point, 0) ||
 5436              		.loc 1 752 9 is_stmt 1 view .LVU1645
 752:Middlewares/LVGL/lvgl/src/widgets/span/lv_span.c ****            lv_area_is_point_on(&coords.middle,   &point, 0) ||
 5437              		.loc 1 752 12 is_stmt 0 view .LVU1646
 5438 009c 5A46     		mov	r2, fp
 5439 009e 12A9     		add	r1, sp, #72
 5440 00a0 5046     		mov	r0, r10
 5441 00a2 FFF7FEFF 		bl	lv_area_is_point_on
 5442              	.LVL613:
 752:Middlewares/LVGL/lvgl/src/widgets/span/lv_span.c ****            lv_area_is_point_on(&coords.middle,   &point, 0) ||
 5443              		.loc 1 752 11 discriminator 1 view .LVU1647
 5444 00a6 98B9     		cbnz	r0, .L360
 753:Middlewares/LVGL/lvgl/src/widgets/span/lv_span.c ****            lv_area_is_point_on(&coords.trailing, &point, 0)) {
 5445              		.loc 1 753 12 view .LVU1648
 5446 00a8 5A46     		mov	r2, fp
 5447 00aa 12A9     		add	r1, sp, #72
 5448 00ac 0AA8     		add	r0, sp, #40
 5449 00ae FFF7FEFF 		bl	lv_area_is_point_on
 5450              	.LVL614:
 752:Middlewares/LVGL/lvgl/src/widgets/span/lv_span.c ****            lv_area_is_point_on(&coords.middle,   &point, 0) ||
 5451              		.loc 1 752 61 discriminator 1 view .LVU1649
ARM GAS  C:\Users\w1785\AppData\Local\Temp\ccRqOZjG.s 			page 174


 5452 00b2 68B9     		cbnz	r0, .L360
 754:Middlewares/LVGL/lvgl/src/widgets/span/lv_span.c ****             return curr_span;
 5453              		.loc 1 754 12 view .LVU1650
 5454 00b4 5A46     		mov	r2, fp
 5455 00b6 12A9     		add	r1, sp, #72
 5456 00b8 0EA8     		add	r0, sp, #56
 5457 00ba FFF7FEFF 		bl	lv_area_is_point_on
 5458              	.LVL615:
 753:Middlewares/LVGL/lvgl/src/widgets/span/lv_span.c ****            lv_area_is_point_on(&coords.trailing, &point, 0)) {
 5459              		.loc 1 753 61 view .LVU1651
 5460 00be 38B9     		cbnz	r0, .L360
 757:Middlewares/LVGL/lvgl/src/widgets/span/lv_span.c ****     }
 5461              		.loc 1 757 9 is_stmt 1 view .LVU1652
 5462              	.LVL616:
 757:Middlewares/LVGL/lvgl/src/widgets/span/lv_span.c ****     }
 5463              		.loc 1 757 9 is_stmt 0 view .LVU1653
 5464              	.LBE183:
 744:Middlewares/LVGL/lvgl/src/widgets/span/lv_span.c ****         lv_span_coords_t coords = make_span_coords(prev_span, curr_span, width, (lv_area_t) {
 5465              		.loc 1 744 5 is_stmt 1 discriminator 2 view .LVU1654
 5466 00c0 2146     		mov	r1, r4
 5467 00c2 4846     		mov	r0, r9
 5468 00c4 FFF7FEFF 		bl	lv_ll_get_next
 5469              	.LVL617:
 5470              	.LBB190:
 757:Middlewares/LVGL/lvgl/src/widgets/span/lv_span.c ****     }
 5471              		.loc 1 757 19 is_stmt 0 view .LVU1655
 5472 00c8 2646     		mov	r6, r4
 5473              	.LBE190:
 744:Middlewares/LVGL/lvgl/src/widgets/span/lv_span.c ****         lv_span_coords_t coords = make_span_coords(prev_span, curr_span, width, (lv_area_t) {
 5474              		.loc 1 744 5 discriminator 2 view .LVU1656
 5475 00ca 0446     		mov	r4, r0
 5476              	.LVL618:
 744:Middlewares/LVGL/lvgl/src/widgets/span/lv_span.c ****         lv_span_coords_t coords = make_span_coords(prev_span, curr_span, width, (lv_area_t) {
 5477              		.loc 1 744 5 discriminator 2 view .LVU1657
 5478 00cc BCE7     		b	.L364
 5479              	.LVL619:
 5480              	.L361:
 734:Middlewares/LVGL/lvgl/src/widgets/span/lv_span.c **** 
 5481              		.loc 1 734 67 is_stmt 1 discriminator 5 view .LVU1658
 734:Middlewares/LVGL/lvgl/src/widgets/span/lv_span.c **** 
 5482              		.loc 1 734 74 is_stmt 0 discriminator 5 view .LVU1659
 5483 00ce 0024     		movs	r4, #0
 5484              	.LVL620:
 5485              	.L360:
 760:Middlewares/LVGL/lvgl/src/widgets/span/lv_span.c **** 
 5486              		.loc 1 760 1 view .LVU1660
 5487 00d0 2046     		mov	r0, r4
 5488 00d2 19B0     		add	sp, sp, #100
 5489              	.LCFI85:
 5490              		.cfi_def_cfa_offset 36
 5491              		@ sp needed
 5492 00d4 BDE8F08F 		pop	{r4, r5, r6, r7, r8, r9, r10, fp, pc}
 760:Middlewares/LVGL/lvgl/src/widgets/span/lv_span.c **** 
 5493              		.loc 1 760 1 view .LVU1661
 5494              		.cfi_endproc
 5495              	.LFE233:
 5497              		.section	.text.lv_spangroup_refresh,"ax",%progbits
ARM GAS  C:\Users\w1785\AppData\Local\Temp\ccRqOZjG.s 			page 175


 5498              		.align	1
 5499              		.global	lv_spangroup_refresh
 5500              		.syntax unified
 5501              		.thumb
 5502              		.thumb_func
 5504              	lv_spangroup_refresh:
 5505              	.LVL621:
 5506              	.LFB234:
 768:Middlewares/LVGL/lvgl/src/widgets/span/lv_span.c ****     lv_spangroup_t * spans = (lv_spangroup_t *)obj;
 5507              		.loc 1 768 1 is_stmt 1 view -0
 5508              		.cfi_startproc
 5509              		@ args = 0, pretend = 0, frame = 0
 5510              		@ frame_needed = 0, uses_anonymous_args = 0
 768:Middlewares/LVGL/lvgl/src/widgets/span/lv_span.c ****     lv_spangroup_t * spans = (lv_spangroup_t *)obj;
 5511              		.loc 1 768 1 is_stmt 0 view .LVU1663
 5512 0000 10B5     		push	{r4, lr}
 5513              	.LCFI86:
 5514              		.cfi_def_cfa_offset 8
 5515              		.cfi_offset 4, -8
 5516              		.cfi_offset 14, -4
 5517 0002 0446     		mov	r4, r0
 769:Middlewares/LVGL/lvgl/src/widgets/span/lv_span.c ****     spans->refresh = 1;
 5518              		.loc 1 769 5 is_stmt 1 view .LVU1664
 5519              	.LVL622:
 770:Middlewares/LVGL/lvgl/src/widgets/span/lv_span.c ****     lv_obj_invalidate(obj);
 5520              		.loc 1 770 5 view .LVU1665
 770:Middlewares/LVGL/lvgl/src/widgets/span/lv_span.c ****     lv_obj_invalidate(obj);
 5521              		.loc 1 770 20 is_stmt 0 view .LVU1666
 5522 0004 90F84C30 		ldrb	r3, [r0, #76]	@ zero_extendqisi2
 5523 0008 43F00203 		orr	r3, r3, #2
 5524 000c 80F84C30 		strb	r3, [r0, #76]
 771:Middlewares/LVGL/lvgl/src/widgets/span/lv_span.c ****     lv_obj_refresh_self_size(obj);
 5525              		.loc 1 771 5 is_stmt 1 view .LVU1667
 5526 0010 FFF7FEFF 		bl	lv_obj_invalidate
 5527              	.LVL623:
 772:Middlewares/LVGL/lvgl/src/widgets/span/lv_span.c **** }
 5528              		.loc 1 772 5 view .LVU1668
 5529 0014 2046     		mov	r0, r4
 5530 0016 FFF7FEFF 		bl	lv_obj_refresh_self_size
 5531              	.LVL624:
 773:Middlewares/LVGL/lvgl/src/widgets/span/lv_span.c **** 
 5532              		.loc 1 773 1 is_stmt 0 view .LVU1669
 5533 001a 10BD     		pop	{r4, pc}
 773:Middlewares/LVGL/lvgl/src/widgets/span/lv_span.c **** 
 5534              		.loc 1 773 1 view .LVU1670
 5535              		.cfi_endproc
 5536              	.LFE234:
 5538              		.section	.text.lv_spangroup_event,"ax",%progbits
 5539              		.align	1
 5540              		.syntax unified
 5541              		.thumb
 5542              		.thumb_func
 5544              	lv_spangroup_event:
 5545              	.LVL625:
 5546              	.LFB238:
 858:Middlewares/LVGL/lvgl/src/widgets/span/lv_span.c ****     LV_UNUSED(class_p);
 5547              		.loc 1 858 1 is_stmt 1 view -0
ARM GAS  C:\Users\w1785\AppData\Local\Temp\ccRqOZjG.s 			page 176


 5548              		.cfi_startproc
 5549              		@ args = 0, pretend = 0, frame = 0
 5550              		@ frame_needed = 0, uses_anonymous_args = 0
 858:Middlewares/LVGL/lvgl/src/widgets/span/lv_span.c ****     LV_UNUSED(class_p);
 5551              		.loc 1 858 1 is_stmt 0 view .LVU1672
 5552 0000 70B5     		push	{r4, r5, r6, lr}
 5553              	.LCFI87:
 5554              		.cfi_def_cfa_offset 16
 5555              		.cfi_offset 4, -16
 5556              		.cfi_offset 5, -12
 5557              		.cfi_offset 6, -8
 5558              		.cfi_offset 14, -4
 5559 0002 0C46     		mov	r4, r1
 859:Middlewares/LVGL/lvgl/src/widgets/span/lv_span.c **** 
 5560              		.loc 1 859 5 is_stmt 1 view .LVU1673
 862:Middlewares/LVGL/lvgl/src/widgets/span/lv_span.c **** 
 5561              		.loc 1 862 5 view .LVU1674
 862:Middlewares/LVGL/lvgl/src/widgets/span/lv_span.c **** 
 5562              		.loc 1 862 8 is_stmt 0 view .LVU1675
 5563 0004 5A48     		ldr	r0, .L397
 5564              	.LVL626:
 862:Middlewares/LVGL/lvgl/src/widgets/span/lv_span.c **** 
 5565              		.loc 1 862 8 view .LVU1676
 5566 0006 FFF7FEFF 		bl	lv_obj_event_base
 5567              	.LVL627:
 862:Middlewares/LVGL/lvgl/src/widgets/span/lv_span.c **** 
 5568              		.loc 1 862 7 discriminator 1 view .LVU1677
 5569 000a 0128     		cmp	r0, #1
 5570 000c 00D0     		beq	.L391
 5571              	.LVL628:
 5572              	.L371:
 913:Middlewares/LVGL/lvgl/src/widgets/span/lv_span.c **** 
 5573              		.loc 1 913 1 view .LVU1678
 5574 000e 70BD     		pop	{r4, r5, r6, pc}
 5575              	.LVL629:
 5576              	.L391:
 864:Middlewares/LVGL/lvgl/src/widgets/span/lv_span.c ****     lv_obj_t * obj = lv_event_get_current_target(e);
 5577              		.loc 1 864 5 is_stmt 1 view .LVU1679
 864:Middlewares/LVGL/lvgl/src/widgets/span/lv_span.c ****     lv_obj_t * obj = lv_event_get_current_target(e);
 5578              		.loc 1 864 28 is_stmt 0 view .LVU1680
 5579 0010 2046     		mov	r0, r4
 5580 0012 FFF7FEFF 		bl	lv_event_get_code
 5581              	.LVL630:
 5582 0016 0546     		mov	r5, r0
 5583              	.LVL631:
 865:Middlewares/LVGL/lvgl/src/widgets/span/lv_span.c ****     lv_spangroup_t * spans = (lv_spangroup_t *)obj;
 5584              		.loc 1 865 5 is_stmt 1 view .LVU1681
 865:Middlewares/LVGL/lvgl/src/widgets/span/lv_span.c ****     lv_spangroup_t * spans = (lv_spangroup_t *)obj;
 5585              		.loc 1 865 22 is_stmt 0 view .LVU1682
 5586 0018 2046     		mov	r0, r4
 5587              	.LVL632:
 865:Middlewares/LVGL/lvgl/src/widgets/span/lv_span.c ****     lv_spangroup_t * spans = (lv_spangroup_t *)obj;
 5588              		.loc 1 865 22 view .LVU1683
 5589 001a FFF7FEFF 		bl	lv_event_get_current_target
 5590              	.LVL633:
 5591 001e 0646     		mov	r6, r0
 5592              	.LVL634:
ARM GAS  C:\Users\w1785\AppData\Local\Temp\ccRqOZjG.s 			page 177


 866:Middlewares/LVGL/lvgl/src/widgets/span/lv_span.c **** 
 5593              		.loc 1 866 5 is_stmt 1 view .LVU1684
 868:Middlewares/LVGL/lvgl/src/widgets/span/lv_span.c ****         draw_main(e);
 5594              		.loc 1 868 5 view .LVU1685
 5595 0020 A5F11D03 		sub	r3, r5, #29
 5596 0024 182B     		cmp	r3, #24
 5597 0026 F2D8     		bhi	.L371
 5598 0028 01A2     		adr	r2, .L374
 5599 002a 52F823F0 		ldr	pc, [r2, r3, lsl #2]
 5600 002e 00BF     		.p2align 2
 5601              	.L374:
 5602 0030 95000000 		.word	.L377+1
 5603 0034 0F000000 		.word	.L371+1
 5604 0038 0F000000 		.word	.L371+1
 5605 003c 0F000000 		.word	.L371+1
 5606 0040 0F000000 		.word	.L371+1
 5607 0044 0F000000 		.word	.L371+1
 5608 0048 0F000000 		.word	.L371+1
 5609 004c 0F000000 		.word	.L371+1
 5610 0050 0F000000 		.word	.L371+1
 5611 0054 0F000000 		.word	.L371+1
 5612 0058 0F000000 		.word	.L371+1
 5613 005c 0F000000 		.word	.L371+1
 5614 0060 0F000000 		.word	.L371+1
 5615 0064 0F000000 		.word	.L371+1
 5616 0068 0F000000 		.word	.L371+1
 5617 006c 0F000000 		.word	.L371+1
 5618 0070 0F000000 		.word	.L371+1
 5619 0074 0F000000 		.word	.L371+1
 5620 0078 0F000000 		.word	.L371+1
 5621 007c 0F000000 		.word	.L371+1
 5622 0080 0F000000 		.word	.L371+1
 5623 0084 A3000000 		.word	.L376+1
 5624 0088 9D000000 		.word	.L375+1
 5625 008c 0F000000 		.word	.L371+1
 5626 0090 A9000000 		.word	.L373+1
 5627              		.p2align 1
 5628              	.L377:
 869:Middlewares/LVGL/lvgl/src/widgets/span/lv_span.c ****     }
 5629              		.loc 1 869 9 view .LVU1686
 5630 0094 2046     		mov	r0, r4
 5631              	.LVL635:
 869:Middlewares/LVGL/lvgl/src/widgets/span/lv_span.c ****     }
 5632              		.loc 1 869 9 is_stmt 0 view .LVU1687
 5633 0096 FFF7FEFF 		bl	draw_main
 5634              	.LVL636:
 5635 009a B8E7     		b	.L371
 5636              	.LVL637:
 5637              	.L375:
 872:Middlewares/LVGL/lvgl/src/widgets/span/lv_span.c ****     }
 5638              		.loc 1 872 9 is_stmt 1 view .LVU1688
 5639 009c FFF7FEFF 		bl	lv_spangroup_refresh
 5640              	.LVL638:
 872:Middlewares/LVGL/lvgl/src/widgets/span/lv_span.c ****     }
 5641              		.loc 1 872 9 is_stmt 0 view .LVU1689
 5642 00a0 B5E7     		b	.L371
 5643              	.LVL639:
ARM GAS  C:\Users\w1785\AppData\Local\Temp\ccRqOZjG.s 			page 178


 5644              	.L376:
 875:Middlewares/LVGL/lvgl/src/widgets/span/lv_span.c ****     }
 5645              		.loc 1 875 9 is_stmt 1 view .LVU1690
 5646 00a2 FFF7FEFF 		bl	lv_spangroup_refresh
 5647              	.LVL640:
 875:Middlewares/LVGL/lvgl/src/widgets/span/lv_span.c ****     }
 5648              		.loc 1 875 9 is_stmt 0 view .LVU1691
 5649 00a6 B2E7     		b	.L371
 5650              	.LVL641:
 5651              	.L373:
 5652              	.LBB191:
 878:Middlewares/LVGL/lvgl/src/widgets/span/lv_span.c ****         int32_t height = 0;
 5653              		.loc 1 878 9 is_stmt 1 view .LVU1692
 879:Middlewares/LVGL/lvgl/src/widgets/span/lv_span.c ****         lv_point_t * self_size = lv_event_get_param(e);
 5654              		.loc 1 879 9 view .LVU1693
 880:Middlewares/LVGL/lvgl/src/widgets/span/lv_span.c **** 
 5655              		.loc 1 880 9 view .LVU1694
 880:Middlewares/LVGL/lvgl/src/widgets/span/lv_span.c **** 
 5656              		.loc 1 880 34 is_stmt 0 view .LVU1695
 5657 00a8 2046     		mov	r0, r4
 5658              	.LVL642:
 880:Middlewares/LVGL/lvgl/src/widgets/span/lv_span.c **** 
 5659              		.loc 1 880 34 view .LVU1696
 5660 00aa FFF7FEFF 		bl	lv_event_get_param
 5661              	.LVL643:
 5662 00ae 0446     		mov	r4, r0
 5663              	.LVL644:
 882:Middlewares/LVGL/lvgl/src/widgets/span/lv_span.c ****         if(mode == LV_SPAN_MODE_EXPAND) {
 5664              		.loc 1 882 9 is_stmt 1 view .LVU1697
 882:Middlewares/LVGL/lvgl/src/widgets/span/lv_span.c ****         if(mode == LV_SPAN_MODE_EXPAND) {
 5665              		.loc 1 882 31 is_stmt 0 view .LVU1698
 5666 00b0 3046     		mov	r0, r6
 5667              	.LVL645:
 882:Middlewares/LVGL/lvgl/src/widgets/span/lv_span.c ****         if(mode == LV_SPAN_MODE_EXPAND) {
 5668              		.loc 1 882 31 view .LVU1699
 5669 00b2 FFF7FEFF 		bl	lv_spangroup_get_mode
 5670              	.LVL646:
 883:Middlewares/LVGL/lvgl/src/widgets/span/lv_span.c ****             if(spans->refresh) {
 5671              		.loc 1 883 9 is_stmt 1 view .LVU1700
 883:Middlewares/LVGL/lvgl/src/widgets/span/lv_span.c ****             if(spans->refresh) {
 5672              		.loc 1 883 11 is_stmt 0 view .LVU1701
 5673 00b6 0128     		cmp	r0, #1
 5674 00b8 0CD0     		beq	.L392
 892:Middlewares/LVGL/lvgl/src/widgets/span/lv_span.c ****             width = lv_obj_get_content_width(obj);
 5675              		.loc 1 892 14 is_stmt 1 view .LVU1702
 892:Middlewares/LVGL/lvgl/src/widgets/span/lv_span.c ****             width = lv_obj_get_content_width(obj);
 5676              		.loc 1 892 16 is_stmt 0 view .LVU1703
 5677 00ba 0228     		cmp	r0, #2
 5678 00bc 2CD0     		beq	.L393
 906:Middlewares/LVGL/lvgl/src/widgets/span/lv_span.c ****             width =  self_size->x >= 0 ? lv_obj_get_content_width(obj) : 0;
 5679              		.loc 1 906 14 is_stmt 1 view .LVU1704
 906:Middlewares/LVGL/lvgl/src/widgets/span/lv_span.c ****             width =  self_size->x >= 0 ? lv_obj_get_content_width(obj) : 0;
 5680              		.loc 1 906 16 is_stmt 0 view .LVU1705
 5681 00be 0028     		cmp	r0, #0
 5682 00c0 53D1     		bne	.L386
 907:Middlewares/LVGL/lvgl/src/widgets/span/lv_span.c ****             height = self_size->y >= 0 ? lv_obj_get_content_height(obj) : 0;
 5683              		.loc 1 907 13 is_stmt 1 view .LVU1706
ARM GAS  C:\Users\w1785\AppData\Local\Temp\ccRqOZjG.s 			page 179


 907:Middlewares/LVGL/lvgl/src/widgets/span/lv_span.c ****             height = self_size->y >= 0 ? lv_obj_get_content_height(obj) : 0;
 5684              		.loc 1 907 31 is_stmt 0 view .LVU1707
 5685 00c2 2368     		ldr	r3, [r4]
 907:Middlewares/LVGL/lvgl/src/widgets/span/lv_span.c ****             height = self_size->y >= 0 ? lv_obj_get_content_height(obj) : 0;
 5686              		.loc 1 907 72 view .LVU1708
 5687 00c4 002B     		cmp	r3, #0
 5688 00c6 45DA     		bge	.L394
 907:Middlewares/LVGL/lvgl/src/widgets/span/lv_span.c ****             height = self_size->y >= 0 ? lv_obj_get_content_height(obj) : 0;
 5689              		.loc 1 907 72 discriminator 2 view .LVU1709
 5690 00c8 0025     		movs	r5, #0
 5691              	.LVL647:
 5692              	.L384:
 908:Middlewares/LVGL/lvgl/src/widgets/span/lv_span.c ****         }
 5693              		.loc 1 908 13 is_stmt 1 view .LVU1710
 908:Middlewares/LVGL/lvgl/src/widgets/span/lv_span.c ****         }
 5694              		.loc 1 908 31 is_stmt 0 view .LVU1711
 5695 00ca 6368     		ldr	r3, [r4, #4]
 908:Middlewares/LVGL/lvgl/src/widgets/span/lv_span.c ****         }
 5696              		.loc 1 908 73 view .LVU1712
 5697 00cc 002B     		cmp	r3, #0
 5698 00ce 46DA     		bge	.L395
 908:Middlewares/LVGL/lvgl/src/widgets/span/lv_span.c ****         }
 5699              		.loc 1 908 73 discriminator 2 view .LVU1713
 5700 00d0 0020     		movs	r0, #0
 5701 00d2 06E0     		b	.L380
 5702              	.LVL648:
 5703              	.L392:
 884:Middlewares/LVGL/lvgl/src/widgets/span/lv_span.c ****                 spans->cache_w = (int32_t)lv_spangroup_get_expand_width(obj, 0);
 5704              		.loc 1 884 13 is_stmt 1 view .LVU1714
 884:Middlewares/LVGL/lvgl/src/widgets/span/lv_span.c ****                 spans->cache_w = (int32_t)lv_spangroup_get_expand_width(obj, 0);
 5705              		.loc 1 884 16 is_stmt 0 view .LVU1715
 5706 00d4 96F84C30 		ldrb	r3, [r6, #76]	@ zero_extendqisi2
 884:Middlewares/LVGL/lvgl/src/widgets/span/lv_span.c ****                 spans->cache_w = (int32_t)lv_spangroup_get_expand_width(obj, 0);
 5707              		.loc 1 884 15 view .LVU1716
 5708 00d8 13F0020F 		tst	r3, #2
 5709 00dc 0CD1     		bne	.L396
 5710              	.LVL649:
 5711              	.L379:
 889:Middlewares/LVGL/lvgl/src/widgets/span/lv_span.c ****             height = spans->cache_h;
 5712              		.loc 1 889 13 is_stmt 1 view .LVU1717
 889:Middlewares/LVGL/lvgl/src/widgets/span/lv_span.c ****             height = spans->cache_h;
 5713              		.loc 1 889 19 is_stmt 0 view .LVU1718
 5714 00de B56B     		ldr	r5, [r6, #56]
 5715              	.LVL650:
 890:Middlewares/LVGL/lvgl/src/widgets/span/lv_span.c ****         }
 5716              		.loc 1 890 13 is_stmt 1 view .LVU1719
 890:Middlewares/LVGL/lvgl/src/widgets/span/lv_span.c ****         }
 5717              		.loc 1 890 20 is_stmt 0 view .LVU1720
 5718 00e0 F06B     		ldr	r0, [r6, #60]
 5719              	.LVL651:
 5720              	.L380:
 910:Middlewares/LVGL/lvgl/src/widgets/span/lv_span.c ****         self_size->y = LV_MAX(self_size->y, height);
 5721              		.loc 1 910 9 is_stmt 1 view .LVU1721
 910:Middlewares/LVGL/lvgl/src/widgets/span/lv_span.c ****         self_size->y = LV_MAX(self_size->y, height);
 5722              		.loc 1 910 24 is_stmt 0 view .LVU1722
 5723 00e2 2368     		ldr	r3, [r4]
 5724 00e4 AB42     		cmp	r3, r5
ARM GAS  C:\Users\w1785\AppData\Local\Temp\ccRqOZjG.s 			page 180


 5725 00e6 B8BF     		it	lt
 5726 00e8 2B46     		movlt	r3, r5
 910:Middlewares/LVGL/lvgl/src/widgets/span/lv_span.c ****         self_size->y = LV_MAX(self_size->y, height);
 5727              		.loc 1 910 22 view .LVU1723
 5728 00ea 2360     		str	r3, [r4]
 911:Middlewares/LVGL/lvgl/src/widgets/span/lv_span.c ****     }
 5729              		.loc 1 911 9 is_stmt 1 view .LVU1724
 911:Middlewares/LVGL/lvgl/src/widgets/span/lv_span.c ****     }
 5730              		.loc 1 911 24 is_stmt 0 view .LVU1725
 5731 00ec 6368     		ldr	r3, [r4, #4]
 5732 00ee 8342     		cmp	r3, r0
 5733 00f0 B8BF     		it	lt
 5734 00f2 0346     		movlt	r3, r0
 911:Middlewares/LVGL/lvgl/src/widgets/span/lv_span.c ****     }
 5735              		.loc 1 911 22 view .LVU1726
 5736 00f4 6360     		str	r3, [r4, #4]
 5737 00f6 8AE7     		b	.L371
 5738              	.LVL652:
 5739              	.L396:
 885:Middlewares/LVGL/lvgl/src/widgets/span/lv_span.c ****                 spans->cache_h = lv_spangroup_get_max_line_height(obj);
 5740              		.loc 1 885 17 is_stmt 1 view .LVU1727
 885:Middlewares/LVGL/lvgl/src/widgets/span/lv_span.c ****                 spans->cache_h = lv_spangroup_get_max_line_height(obj);
 5741              		.loc 1 885 43 is_stmt 0 view .LVU1728
 5742 00f8 0021     		movs	r1, #0
 5743 00fa 3046     		mov	r0, r6
 5744              	.LVL653:
 885:Middlewares/LVGL/lvgl/src/widgets/span/lv_span.c ****                 spans->cache_h = lv_spangroup_get_max_line_height(obj);
 5745              		.loc 1 885 43 view .LVU1729
 5746 00fc FFF7FEFF 		bl	lv_spangroup_get_expand_width
 5747              	.LVL654:
 885:Middlewares/LVGL/lvgl/src/widgets/span/lv_span.c ****                 spans->cache_h = lv_spangroup_get_max_line_height(obj);
 5748              		.loc 1 885 32 discriminator 1 view .LVU1730
 5749 0100 B063     		str	r0, [r6, #56]
 886:Middlewares/LVGL/lvgl/src/widgets/span/lv_span.c ****                 spans->refresh = 0;
 5750              		.loc 1 886 17 is_stmt 1 view .LVU1731
 886:Middlewares/LVGL/lvgl/src/widgets/span/lv_span.c ****                 spans->refresh = 0;
 5751              		.loc 1 886 34 is_stmt 0 view .LVU1732
 5752 0102 3046     		mov	r0, r6
 5753 0104 FFF7FEFF 		bl	lv_spangroup_get_max_line_height
 5754              	.LVL655:
 886:Middlewares/LVGL/lvgl/src/widgets/span/lv_span.c ****                 spans->refresh = 0;
 5755              		.loc 1 886 32 discriminator 1 view .LVU1733
 5756 0108 F063     		str	r0, [r6, #60]
 887:Middlewares/LVGL/lvgl/src/widgets/span/lv_span.c ****             }
 5757              		.loc 1 887 17 is_stmt 1 view .LVU1734
 887:Middlewares/LVGL/lvgl/src/widgets/span/lv_span.c ****             }
 5758              		.loc 1 887 32 is_stmt 0 view .LVU1735
 5759 010a 96F84C30 		ldrb	r3, [r6, #76]	@ zero_extendqisi2
 5760 010e 23F00203 		bic	r3, r3, #2
 5761 0112 86F84C30 		strb	r3, [r6, #76]
 5762 0116 E2E7     		b	.L379
 5763              	.LVL656:
 5764              	.L393:
 893:Middlewares/LVGL/lvgl/src/widgets/span/lv_span.c ****             if(self_size->y >= 0) {
 5765              		.loc 1 893 13 is_stmt 1 view .LVU1736
 893:Middlewares/LVGL/lvgl/src/widgets/span/lv_span.c ****             if(self_size->y >= 0) {
 5766              		.loc 1 893 21 is_stmt 0 view .LVU1737
ARM GAS  C:\Users\w1785\AppData\Local\Temp\ccRqOZjG.s 			page 181


 5767 0118 3046     		mov	r0, r6
 5768              	.LVL657:
 893:Middlewares/LVGL/lvgl/src/widgets/span/lv_span.c ****             if(self_size->y >= 0) {
 5769              		.loc 1 893 21 view .LVU1738
 5770 011a FFF7FEFF 		bl	lv_obj_get_content_width
 5771              	.LVL658:
 5772 011e 0546     		mov	r5, r0
 5773              	.LVL659:
 894:Middlewares/LVGL/lvgl/src/widgets/span/lv_span.c ****                 if(width != spans->cache_w || spans->refresh) {
 5774              		.loc 1 894 13 is_stmt 1 view .LVU1739
 894:Middlewares/LVGL/lvgl/src/widgets/span/lv_span.c ****                 if(width != spans->cache_w || spans->refresh) {
 5775              		.loc 1 894 25 is_stmt 0 view .LVU1740
 5776 0120 6368     		ldr	r3, [r4, #4]
 894:Middlewares/LVGL/lvgl/src/widgets/span/lv_span.c ****                 if(width != spans->cache_w || spans->refresh) {
 5777              		.loc 1 894 15 view .LVU1741
 5778 0122 002B     		cmp	r3, #0
 5779 0124 1FDB     		blt	.L385
 895:Middlewares/LVGL/lvgl/src/widgets/span/lv_span.c ****                     height = lv_spangroup_get_expand_height(obj, width);
 5780              		.loc 1 895 17 is_stmt 1 view .LVU1742
 895:Middlewares/LVGL/lvgl/src/widgets/span/lv_span.c ****                     height = lv_spangroup_get_expand_height(obj, width);
 5781              		.loc 1 895 34 is_stmt 0 view .LVU1743
 5782 0126 B36B     		ldr	r3, [r6, #56]
 895:Middlewares/LVGL/lvgl/src/widgets/span/lv_span.c ****                     height = lv_spangroup_get_expand_height(obj, width);
 5783              		.loc 1 895 19 view .LVU1744
 5784 0128 8342     		cmp	r3, r0
 5785 012a 04D1     		bne	.L382
 895:Middlewares/LVGL/lvgl/src/widgets/span/lv_span.c ****                     height = lv_spangroup_get_expand_height(obj, width);
 5786              		.loc 1 895 44 discriminator 1 view .LVU1745
 5787 012c 96F84C30 		ldrb	r3, [r6, #76]	@ zero_extendqisi2
 5788 0130 13F0020F 		tst	r3, #2
 5789 0134 0CD0     		beq	.L383
 5790              	.L382:
 896:Middlewares/LVGL/lvgl/src/widgets/span/lv_span.c ****                     spans->cache_w = width;
 5791              		.loc 1 896 21 is_stmt 1 view .LVU1746
 896:Middlewares/LVGL/lvgl/src/widgets/span/lv_span.c ****                     spans->cache_w = width;
 5792              		.loc 1 896 30 is_stmt 0 view .LVU1747
 5793 0136 2946     		mov	r1, r5
 5794 0138 3046     		mov	r0, r6
 5795              	.LVL660:
 896:Middlewares/LVGL/lvgl/src/widgets/span/lv_span.c ****                     spans->cache_w = width;
 5796              		.loc 1 896 30 view .LVU1748
 5797 013a FFF7FEFF 		bl	lv_spangroup_get_expand_height
 5798              	.LVL661:
 897:Middlewares/LVGL/lvgl/src/widgets/span/lv_span.c ****                     spans->cache_h = height;
 5799              		.loc 1 897 21 is_stmt 1 view .LVU1749
 897:Middlewares/LVGL/lvgl/src/widgets/span/lv_span.c ****                     spans->cache_h = height;
 5800              		.loc 1 897 36 is_stmt 0 view .LVU1750
 5801 013e B563     		str	r5, [r6, #56]
 898:Middlewares/LVGL/lvgl/src/widgets/span/lv_span.c ****                     spans->refresh = 0;
 5802              		.loc 1 898 21 is_stmt 1 view .LVU1751
 898:Middlewares/LVGL/lvgl/src/widgets/span/lv_span.c ****                     spans->refresh = 0;
 5803              		.loc 1 898 36 is_stmt 0 view .LVU1752
 5804 0140 F063     		str	r0, [r6, #60]
 899:Middlewares/LVGL/lvgl/src/widgets/span/lv_span.c ****                 }
 5805              		.loc 1 899 21 is_stmt 1 view .LVU1753
 899:Middlewares/LVGL/lvgl/src/widgets/span/lv_span.c ****                 }
 5806              		.loc 1 899 36 is_stmt 0 view .LVU1754
ARM GAS  C:\Users\w1785\AppData\Local\Temp\ccRqOZjG.s 			page 182


 5807 0142 96F84C30 		ldrb	r3, [r6, #76]	@ zero_extendqisi2
 5808 0146 23F00203 		bic	r3, r3, #2
 5809 014a 86F84C30 		strb	r3, [r6, #76]
 5810 014e C8E7     		b	.L380
 5811              	.LVL662:
 5812              	.L383:
 902:Middlewares/LVGL/lvgl/src/widgets/span/lv_span.c ****                 }
 5813              		.loc 1 902 21 is_stmt 1 view .LVU1755
 902:Middlewares/LVGL/lvgl/src/widgets/span/lv_span.c ****                 }
 5814              		.loc 1 902 28 is_stmt 0 view .LVU1756
 5815 0150 F06B     		ldr	r0, [r6, #60]
 5816              	.LVL663:
 902:Middlewares/LVGL/lvgl/src/widgets/span/lv_span.c ****                 }
 5817              		.loc 1 902 28 view .LVU1757
 5818 0152 C6E7     		b	.L380
 5819              	.LVL664:
 5820              	.L394:
 907:Middlewares/LVGL/lvgl/src/widgets/span/lv_span.c ****             height = self_size->y >= 0 ? lv_obj_get_content_height(obj) : 0;
 5821              		.loc 1 907 42 discriminator 1 view .LVU1758
 5822 0154 3046     		mov	r0, r6
 5823              	.LVL665:
 907:Middlewares/LVGL/lvgl/src/widgets/span/lv_span.c ****             height = self_size->y >= 0 ? lv_obj_get_content_height(obj) : 0;
 5824              		.loc 1 907 42 discriminator 1 view .LVU1759
 5825 0156 FFF7FEFF 		bl	lv_obj_get_content_width
 5826              	.LVL666:
 5827 015a 0546     		mov	r5, r0
 5828              	.LVL667:
 907:Middlewares/LVGL/lvgl/src/widgets/span/lv_span.c ****             height = self_size->y >= 0 ? lv_obj_get_content_height(obj) : 0;
 5829              		.loc 1 907 42 discriminator 1 view .LVU1760
 5830 015c B5E7     		b	.L384
 5831              	.LVL668:
 5832              	.L395:
 908:Middlewares/LVGL/lvgl/src/widgets/span/lv_span.c ****         }
 5833              		.loc 1 908 42 discriminator 1 view .LVU1761
 5834 015e 3046     		mov	r0, r6
 5835 0160 FFF7FEFF 		bl	lv_obj_get_content_height
 5836              	.LVL669:
 5837 0164 BDE7     		b	.L380
 5838              	.LVL670:
 5839              	.L385:
 879:Middlewares/LVGL/lvgl/src/widgets/span/lv_span.c ****         lv_point_t * self_size = lv_event_get_param(e);
 5840              		.loc 1 879 17 view .LVU1762
 5841 0166 0020     		movs	r0, #0
 5842              	.LVL671:
 879:Middlewares/LVGL/lvgl/src/widgets/span/lv_span.c ****         lv_point_t * self_size = lv_event_get_param(e);
 5843              		.loc 1 879 17 view .LVU1763
 5844 0168 BBE7     		b	.L380
 5845              	.LVL672:
 5846              	.L386:
 879:Middlewares/LVGL/lvgl/src/widgets/span/lv_span.c ****         lv_point_t * self_size = lv_event_get_param(e);
 5847              		.loc 1 879 17 view .LVU1764
 5848 016a 0020     		movs	r0, #0
 5849              	.LVL673:
 878:Middlewares/LVGL/lvgl/src/widgets/span/lv_span.c ****         int32_t height = 0;
 5850              		.loc 1 878 17 view .LVU1765
 5851 016c 0546     		mov	r5, r0
 5852              	.LVL674:
ARM GAS  C:\Users\w1785\AppData\Local\Temp\ccRqOZjG.s 			page 183


 878:Middlewares/LVGL/lvgl/src/widgets/span/lv_span.c ****         int32_t height = 0;
 5853              		.loc 1 878 17 view .LVU1766
 5854 016e B8E7     		b	.L380
 5855              	.L398:
 5856              		.align	2
 5857              	.L397:
 5858 0170 00000000 		.word	lv_spangroup_class
 5859              	.LBE191:
 5860              		.cfi_endproc
 5861              	.LFE238:
 5863              		.section	.text.lv_spangroup_add_span,"ax",%progbits
 5864              		.align	1
 5865              		.global	lv_spangroup_add_span
 5866              		.syntax unified
 5867              		.thumb
 5868              		.thumb_func
 5870              	lv_spangroup_add_span:
 5871              	.LVL675:
 5872              	.LFB206:
 162:Middlewares/LVGL/lvgl/src/widgets/span/lv_span.c ****     if(obj == NULL) {
 5873              		.loc 1 162 1 is_stmt 1 view -0
 5874              		.cfi_startproc
 5875              		@ args = 0, pretend = 0, frame = 0
 5876              		@ frame_needed = 0, uses_anonymous_args = 0
 162:Middlewares/LVGL/lvgl/src/widgets/span/lv_span.c ****     if(obj == NULL) {
 5877              		.loc 1 162 1 is_stmt 0 view .LVU1768
 5878 0000 38B5     		push	{r3, r4, r5, lr}
 5879              	.LCFI88:
 5880              		.cfi_def_cfa_offset 16
 5881              		.cfi_offset 3, -16
 5882              		.cfi_offset 4, -12
 5883              		.cfi_offset 5, -8
 5884              		.cfi_offset 14, -4
 163:Middlewares/LVGL/lvgl/src/widgets/span/lv_span.c ****         return NULL;
 5885              		.loc 1 163 5 is_stmt 1 view .LVU1769
 163:Middlewares/LVGL/lvgl/src/widgets/span/lv_span.c ****         return NULL;
 5886              		.loc 1 163 7 is_stmt 0 view .LVU1770
 5887 0002 0546     		mov	r5, r0
 5888 0004 98B1     		cbz	r0, .L403
 167:Middlewares/LVGL/lvgl/src/widgets/span/lv_span.c ****     lv_spangroup_t * spans = (lv_spangroup_t *)obj;
 5889              		.loc 1 167 5 is_stmt 1 view .LVU1771
 167:Middlewares/LVGL/lvgl/src/widgets/span/lv_span.c ****     lv_spangroup_t * spans = (lv_spangroup_t *)obj;
 5890              		.loc 1 167 5 view .LVU1772
 167:Middlewares/LVGL/lvgl/src/widgets/span/lv_span.c ****     lv_spangroup_t * spans = (lv_spangroup_t *)obj;
 5891              		.loc 1 167 5 view .LVU1773
 167:Middlewares/LVGL/lvgl/src/widgets/span/lv_span.c ****     lv_spangroup_t * spans = (lv_spangroup_t *)obj;
 5892              		.loc 1 167 33 view .LVU1774
 168:Middlewares/LVGL/lvgl/src/widgets/span/lv_span.c ****     lv_span_t * span = lv_ll_ins_tail(&spans->child_ll);
 5893              		.loc 1 168 5 view .LVU1775
 5894              	.LVL676:
 169:Middlewares/LVGL/lvgl/src/widgets/span/lv_span.c ****     LV_ASSERT_MALLOC(span);
 5895              		.loc 1 169 5 view .LVU1776
 169:Middlewares/LVGL/lvgl/src/widgets/span/lv_span.c ****     LV_ASSERT_MALLOC(span);
 5896              		.loc 1 169 24 is_stmt 0 view .LVU1777
 5897 0006 4030     		adds	r0, r0, #64
 5898              	.LVL677:
 169:Middlewares/LVGL/lvgl/src/widgets/span/lv_span.c ****     LV_ASSERT_MALLOC(span);
ARM GAS  C:\Users\w1785\AppData\Local\Temp\ccRqOZjG.s 			page 184


 5899              		.loc 1 169 24 view .LVU1778
 5900 0008 FFF7FEFF 		bl	lv_ll_ins_tail
 5901              	.LVL678:
 170:Middlewares/LVGL/lvgl/src/widgets/span/lv_span.c **** 
 5902              		.loc 1 170 5 is_stmt 1 view .LVU1779
 170:Middlewares/LVGL/lvgl/src/widgets/span/lv_span.c **** 
 5903              		.loc 1 170 5 view .LVU1780
 5904 000c 0446     		mov	r4, r0
 5905 000e 68B1     		cbz	r0, .L402
 170:Middlewares/LVGL/lvgl/src/widgets/span/lv_span.c **** 
 5906              		.loc 1 170 5 view .LVU1781
 170:Middlewares/LVGL/lvgl/src/widgets/span/lv_span.c **** 
 5907              		.loc 1 170 27 view .LVU1782
 172:Middlewares/LVGL/lvgl/src/widgets/span/lv_span.c ****     span->txt = (char *)"";
 5908              		.loc 1 172 5 view .LVU1783
 5909 0010 0430     		adds	r0, r0, #4
 5910              	.LVL679:
 172:Middlewares/LVGL/lvgl/src/widgets/span/lv_span.c ****     span->txt = (char *)"";
 5911              		.loc 1 172 5 is_stmt 0 view .LVU1784
 5912 0012 FFF7FEFF 		bl	lv_style_init
 5913              	.LVL680:
 173:Middlewares/LVGL/lvgl/src/widgets/span/lv_span.c ****     span->static_flag = 1;
 5914              		.loc 1 173 5 is_stmt 1 view .LVU1785
 173:Middlewares/LVGL/lvgl/src/widgets/span/lv_span.c ****     span->static_flag = 1;
 5915              		.loc 1 173 15 is_stmt 0 view .LVU1786
 5916 0016 074B     		ldr	r3, .L405
 5917 0018 2360     		str	r3, [r4]
 174:Middlewares/LVGL/lvgl/src/widgets/span/lv_span.c **** 
 5918              		.loc 1 174 5 is_stmt 1 view .LVU1787
 174:Middlewares/LVGL/lvgl/src/widgets/span/lv_span.c **** 
 5919              		.loc 1 174 23 is_stmt 0 view .LVU1788
 5920 001a 237C     		ldrb	r3, [r4, #16]	@ zero_extendqisi2
 5921 001c 43F00103 		orr	r3, r3, #1
 5922 0020 2374     		strb	r3, [r4, #16]
 176:Middlewares/LVGL/lvgl/src/widgets/span/lv_span.c **** 
 5923              		.loc 1 176 5 is_stmt 1 view .LVU1789
 5924 0022 2846     		mov	r0, r5
 5925 0024 FFF7FEFF 		bl	lv_spangroup_refresh
 5926              	.LVL681:
 178:Middlewares/LVGL/lvgl/src/widgets/span/lv_span.c **** }
 5927              		.loc 1 178 5 view .LVU1790
 5928              	.L399:
 179:Middlewares/LVGL/lvgl/src/widgets/span/lv_span.c **** 
 5929              		.loc 1 179 1 is_stmt 0 view .LVU1791
 5930 0028 2046     		mov	r0, r4
 5931 002a 38BD     		pop	{r3, r4, r5, pc}
 5932              	.LVL682:
 5933              	.L402:
 170:Middlewares/LVGL/lvgl/src/widgets/span/lv_span.c **** 
 5934              		.loc 1 170 5 is_stmt 1 view .LVU1792
 170:Middlewares/LVGL/lvgl/src/widgets/span/lv_span.c **** 
 5935              		.loc 1 170 5 view .LVU1793
 170:Middlewares/LVGL/lvgl/src/widgets/span/lv_span.c **** 
 5936              		.loc 1 170 5 view .LVU1794
 170:Middlewares/LVGL/lvgl/src/widgets/span/lv_span.c **** 
 5937              		.loc 1 170 5 view .LVU1795
 170:Middlewares/LVGL/lvgl/src/widgets/span/lv_span.c **** 
ARM GAS  C:\Users\w1785\AppData\Local\Temp\ccRqOZjG.s 			page 185


 5938              		.loc 1 170 5 view .LVU1796
 5939 002c FEE7     		b	.L402
 5940              	.LVL683:
 5941              	.L403:
 164:Middlewares/LVGL/lvgl/src/widgets/span/lv_span.c ****     }
 5942              		.loc 1 164 16 is_stmt 0 view .LVU1797
 5943 002e 0446     		mov	r4, r0
 5944 0030 FAE7     		b	.L399
 5945              	.L406:
 5946 0032 00BF     		.align	2
 5947              	.L405:
 5948 0034 00000000 		.word	.LC0
 5949              		.cfi_endproc
 5950              	.LFE206:
 5952              		.section	.text.lv_spangroup_delete_span,"ax",%progbits
 5953              		.align	1
 5954              		.global	lv_spangroup_delete_span
 5955              		.syntax unified
 5956              		.thumb
 5957              		.thumb_func
 5959              	lv_spangroup_delete_span:
 5960              	.LVL684:
 5961              	.LFB207:
 182:Middlewares/LVGL/lvgl/src/widgets/span/lv_span.c ****     if(obj == NULL || span == NULL) {
 5962              		.loc 1 182 1 is_stmt 1 view -0
 5963              		.cfi_startproc
 5964              		@ args = 0, pretend = 0, frame = 0
 5965              		@ frame_needed = 0, uses_anonymous_args = 0
 183:Middlewares/LVGL/lvgl/src/widgets/span/lv_span.c ****         return;
 5966              		.loc 1 183 5 view .LVU1799
 183:Middlewares/LVGL/lvgl/src/widgets/span/lv_span.c ****         return;
 5967              		.loc 1 183 7 is_stmt 0 view .LVU1800
 5968 0000 58B3     		cbz	r0, .L415
 182:Middlewares/LVGL/lvgl/src/widgets/span/lv_span.c ****     if(obj == NULL || span == NULL) {
 5969              		.loc 1 182 1 view .LVU1801
 5970 0002 F8B5     		push	{r3, r4, r5, r6, r7, lr}
 5971              	.LCFI89:
 5972              		.cfi_def_cfa_offset 24
 5973              		.cfi_offset 3, -24
 5974              		.cfi_offset 4, -20
 5975              		.cfi_offset 5, -16
 5976              		.cfi_offset 6, -12
 5977              		.cfi_offset 7, -8
 5978              		.cfi_offset 14, -4
 5979 0004 0D46     		mov	r5, r1
 5980 0006 0746     		mov	r7, r0
 183:Middlewares/LVGL/lvgl/src/widgets/span/lv_span.c ****         return;
 5981              		.loc 1 183 20 discriminator 1 view .LVU1802
 5982 0008 31B3     		cbz	r1, .L407
 187:Middlewares/LVGL/lvgl/src/widgets/span/lv_span.c ****     lv_spangroup_t * spans = (lv_spangroup_t *)obj;
 5983              		.loc 1 187 5 is_stmt 1 view .LVU1803
 187:Middlewares/LVGL/lvgl/src/widgets/span/lv_span.c ****     lv_spangroup_t * spans = (lv_spangroup_t *)obj;
 5984              		.loc 1 187 5 view .LVU1804
 187:Middlewares/LVGL/lvgl/src/widgets/span/lv_span.c ****     lv_spangroup_t * spans = (lv_spangroup_t *)obj;
 5985              		.loc 1 187 5 view .LVU1805
 187:Middlewares/LVGL/lvgl/src/widgets/span/lv_span.c ****     lv_spangroup_t * spans = (lv_spangroup_t *)obj;
 5986              		.loc 1 187 33 view .LVU1806
ARM GAS  C:\Users\w1785\AppData\Local\Temp\ccRqOZjG.s 			page 186


 188:Middlewares/LVGL/lvgl/src/widgets/span/lv_span.c ****     lv_span_t * cur_span;
 5987              		.loc 1 188 5 view .LVU1807
 5988              	.LVL685:
 189:Middlewares/LVGL/lvgl/src/widgets/span/lv_span.c ****     LV_LL_READ(&spans->child_ll, cur_span) {
 5989              		.loc 1 189 5 view .LVU1808
 190:Middlewares/LVGL/lvgl/src/widgets/span/lv_span.c ****         if(cur_span == span) {
 5990              		.loc 1 190 5 view .LVU1809
 5991 000a 00F14006 		add	r6, r0, #64
 5992 000e 3046     		mov	r0, r6
 5993              	.LVL686:
 190:Middlewares/LVGL/lvgl/src/widgets/span/lv_span.c ****         if(cur_span == span) {
 5994              		.loc 1 190 5 is_stmt 0 view .LVU1810
 5995 0010 FFF7FEFF 		bl	lv_ll_get_head
 5996              	.LVL687:
 190:Middlewares/LVGL/lvgl/src/widgets/span/lv_span.c ****         if(cur_span == span) {
 5997              		.loc 1 190 5 view .LVU1811
 5998 0014 0446     		mov	r4, r0
 5999              	.LVL688:
 190:Middlewares/LVGL/lvgl/src/widgets/span/lv_span.c ****         if(cur_span == span) {
 6000              		.loc 1 190 5 view .LVU1812
 6001 0016 09E0     		b	.L409
 6002              	.LVL689:
 6003              	.L418:
 194:Middlewares/LVGL/lvgl/src/widgets/span/lv_span.c ****                 cur_span->txt = NULL;
 6004              		.loc 1 194 17 is_stmt 1 view .LVU1813
 6005 0018 FFF7FEFF 		bl	lv_free
 6006              	.LVL690:
 195:Middlewares/LVGL/lvgl/src/widgets/span/lv_span.c ****             }
 6007              		.loc 1 195 17 view .LVU1814
 195:Middlewares/LVGL/lvgl/src/widgets/span/lv_span.c ****             }
 6008              		.loc 1 195 31 is_stmt 0 view .LVU1815
 6009 001c 0023     		movs	r3, #0
 6010 001e 2360     		str	r3, [r4]
 6011 0020 11E0     		b	.L411
 6012              	.L410:
 190:Middlewares/LVGL/lvgl/src/widgets/span/lv_span.c ****         if(cur_span == span) {
 6013              		.loc 1 190 5 is_stmt 1 discriminator 2 view .LVU1816
 6014 0022 2146     		mov	r1, r4
 6015 0024 3046     		mov	r0, r6
 6016 0026 FFF7FEFF 		bl	lv_ll_get_next
 6017              	.LVL691:
 6018 002a 0446     		mov	r4, r0
 6019              	.LVL692:
 6020              	.L409:
 190:Middlewares/LVGL/lvgl/src/widgets/span/lv_span.c ****         if(cur_span == span) {
 6021              		.loc 1 190 5 discriminator 1 view .LVU1817
 6022 002c 8CB1     		cbz	r4, .L412
 191:Middlewares/LVGL/lvgl/src/widgets/span/lv_span.c ****             lv_ll_remove(&spans->child_ll, cur_span);
 6023              		.loc 1 191 9 view .LVU1818
 191:Middlewares/LVGL/lvgl/src/widgets/span/lv_span.c ****             lv_ll_remove(&spans->child_ll, cur_span);
 6024              		.loc 1 191 11 is_stmt 0 view .LVU1819
 6025 002e AC42     		cmp	r4, r5
 6026 0030 F7D1     		bne	.L410
 192:Middlewares/LVGL/lvgl/src/widgets/span/lv_span.c ****             if(cur_span->txt && cur_span->static_flag == 0) {
 6027              		.loc 1 192 13 is_stmt 1 view .LVU1820
 6028 0032 2146     		mov	r1, r4
 6029 0034 3046     		mov	r0, r6
ARM GAS  C:\Users\w1785\AppData\Local\Temp\ccRqOZjG.s 			page 187


 6030 0036 FFF7FEFF 		bl	lv_ll_remove
 6031              	.LVL693:
 193:Middlewares/LVGL/lvgl/src/widgets/span/lv_span.c ****                 lv_free(cur_span->txt);
 6032              		.loc 1 193 13 view .LVU1821
 193:Middlewares/LVGL/lvgl/src/widgets/span/lv_span.c ****                 lv_free(cur_span->txt);
 6033              		.loc 1 193 24 is_stmt 0 view .LVU1822
 6034 003a 2068     		ldr	r0, [r4]
 193:Middlewares/LVGL/lvgl/src/widgets/span/lv_span.c ****                 lv_free(cur_span->txt);
 6035              		.loc 1 193 15 view .LVU1823
 6036 003c 18B1     		cbz	r0, .L411
 193:Middlewares/LVGL/lvgl/src/widgets/span/lv_span.c ****                 lv_free(cur_span->txt);
 6037              		.loc 1 193 55 discriminator 1 view .LVU1824
 6038 003e 237C     		ldrb	r3, [r4, #16]	@ zero_extendqisi2
 193:Middlewares/LVGL/lvgl/src/widgets/span/lv_span.c ****                 lv_free(cur_span->txt);
 6039              		.loc 1 193 30 discriminator 1 view .LVU1825
 6040 0040 13F0010F 		tst	r3, #1
 6041 0044 E8D0     		beq	.L418
 6042              	.L411:
 197:Middlewares/LVGL/lvgl/src/widgets/span/lv_span.c ****             lv_free(cur_span);
 6043              		.loc 1 197 13 is_stmt 1 view .LVU1826
 6044 0046 201D     		adds	r0, r4, #4
 6045 0048 FFF7FEFF 		bl	lv_style_reset
 6046              	.LVL694:
 198:Middlewares/LVGL/lvgl/src/widgets/span/lv_span.c ****             cur_span = NULL;
 6047              		.loc 1 198 13 view .LVU1827
 6048 004c 2046     		mov	r0, r4
 6049 004e FFF7FEFF 		bl	lv_free
 6050              	.LVL695:
 199:Middlewares/LVGL/lvgl/src/widgets/span/lv_span.c ****             break;
 6051              		.loc 1 199 13 view .LVU1828
 200:Middlewares/LVGL/lvgl/src/widgets/span/lv_span.c ****         }
 6052              		.loc 1 200 13 view .LVU1829
 6053              	.L412:
 204:Middlewares/LVGL/lvgl/src/widgets/span/lv_span.c **** }
 6054              		.loc 1 204 5 view .LVU1830
 6055 0052 3846     		mov	r0, r7
 6056 0054 FFF7FEFF 		bl	lv_spangroup_refresh
 6057              	.LVL696:
 6058              	.L407:
 205:Middlewares/LVGL/lvgl/src/widgets/span/lv_span.c **** 
 6059              		.loc 1 205 1 is_stmt 0 view .LVU1831
 6060 0058 F8BD     		pop	{r3, r4, r5, r6, r7, pc}
 6061              	.LVL697:
 6062              	.L415:
 6063              	.LCFI90:
 6064              		.cfi_def_cfa_offset 0
 6065              		.cfi_restore 3
 6066              		.cfi_restore 4
 6067              		.cfi_restore 5
 6068              		.cfi_restore 6
 6069              		.cfi_restore 7
 6070              		.cfi_restore 14
 205:Middlewares/LVGL/lvgl/src/widgets/span/lv_span.c **** 
 6071              		.loc 1 205 1 view .LVU1832
 6072 005a 7047     		bx	lr
 6073              		.cfi_endproc
 6074              	.LFE207:
ARM GAS  C:\Users\w1785\AppData\Local\Temp\ccRqOZjG.s 			page 188


 6076              		.section	.text.lv_spangroup_set_span_text,"ax",%progbits
 6077              		.align	1
 6078              		.global	lv_spangroup_set_span_text
 6079              		.syntax unified
 6080              		.thumb
 6081              		.thumb_func
 6083              	lv_spangroup_set_span_text:
 6084              	.LVL698:
 6085              	.LFB210:
 272:Middlewares/LVGL/lvgl/src/widgets/span/lv_span.c ****     lv_span_set_text(span, text);
 6086              		.loc 1 272 1 is_stmt 1 view -0
 6087              		.cfi_startproc
 6088              		@ args = 0, pretend = 0, frame = 0
 6089              		@ frame_needed = 0, uses_anonymous_args = 0
 272:Middlewares/LVGL/lvgl/src/widgets/span/lv_span.c ****     lv_span_set_text(span, text);
 6090              		.loc 1 272 1 is_stmt 0 view .LVU1834
 6091 0000 10B5     		push	{r4, lr}
 6092              	.LCFI91:
 6093              		.cfi_def_cfa_offset 8
 6094              		.cfi_offset 4, -8
 6095              		.cfi_offset 14, -4
 6096 0002 0446     		mov	r4, r0
 6097 0004 0846     		mov	r0, r1
 6098              	.LVL699:
 273:Middlewares/LVGL/lvgl/src/widgets/span/lv_span.c ****     lv_spangroup_refresh(obj);
 6099              		.loc 1 273 5 is_stmt 1 view .LVU1835
 6100 0006 1146     		mov	r1, r2
 6101              	.LVL700:
 273:Middlewares/LVGL/lvgl/src/widgets/span/lv_span.c ****     lv_spangroup_refresh(obj);
 6102              		.loc 1 273 5 is_stmt 0 view .LVU1836
 6103 0008 FFF7FEFF 		bl	lv_span_set_text
 6104              	.LVL701:
 274:Middlewares/LVGL/lvgl/src/widgets/span/lv_span.c **** }
 6105              		.loc 1 274 5 is_stmt 1 view .LVU1837
 6106 000c 2046     		mov	r0, r4
 6107 000e FFF7FEFF 		bl	lv_spangroup_refresh
 6108              	.LVL702:
 275:Middlewares/LVGL/lvgl/src/widgets/span/lv_span.c **** 
 6109              		.loc 1 275 1 is_stmt 0 view .LVU1838
 6110 0012 10BD     		pop	{r4, pc}
 275:Middlewares/LVGL/lvgl/src/widgets/span/lv_span.c **** 
 6111              		.loc 1 275 1 view .LVU1839
 6112              		.cfi_endproc
 6113              	.LFE210:
 6115              		.section	.text.lv_spangroup_set_span_text_static,"ax",%progbits
 6116              		.align	1
 6117              		.global	lv_spangroup_set_span_text_static
 6118              		.syntax unified
 6119              		.thumb
 6120              		.thumb_func
 6122              	lv_spangroup_set_span_text_static:
 6123              	.LVL703:
 6124              	.LFB212:
 301:Middlewares/LVGL/lvgl/src/widgets/span/lv_span.c ****     lv_span_set_text_static(span, text);
 6125              		.loc 1 301 1 is_stmt 1 view -0
 6126              		.cfi_startproc
 6127              		@ args = 0, pretend = 0, frame = 0
ARM GAS  C:\Users\w1785\AppData\Local\Temp\ccRqOZjG.s 			page 189


 6128              		@ frame_needed = 0, uses_anonymous_args = 0
 301:Middlewares/LVGL/lvgl/src/widgets/span/lv_span.c ****     lv_span_set_text_static(span, text);
 6129              		.loc 1 301 1 is_stmt 0 view .LVU1841
 6130 0000 10B5     		push	{r4, lr}
 6131              	.LCFI92:
 6132              		.cfi_def_cfa_offset 8
 6133              		.cfi_offset 4, -8
 6134              		.cfi_offset 14, -4
 6135 0002 0446     		mov	r4, r0
 6136 0004 0846     		mov	r0, r1
 6137              	.LVL704:
 302:Middlewares/LVGL/lvgl/src/widgets/span/lv_span.c ****     lv_spangroup_refresh(obj);
 6138              		.loc 1 302 5 is_stmt 1 view .LVU1842
 6139 0006 1146     		mov	r1, r2
 6140              	.LVL705:
 302:Middlewares/LVGL/lvgl/src/widgets/span/lv_span.c ****     lv_spangroup_refresh(obj);
 6141              		.loc 1 302 5 is_stmt 0 view .LVU1843
 6142 0008 FFF7FEFF 		bl	lv_span_set_text_static
 6143              	.LVL706:
 303:Middlewares/LVGL/lvgl/src/widgets/span/lv_span.c **** }
 6144              		.loc 1 303 5 is_stmt 1 view .LVU1844
 6145 000c 2046     		mov	r0, r4
 6146 000e FFF7FEFF 		bl	lv_spangroup_refresh
 6147              	.LVL707:
 304:Middlewares/LVGL/lvgl/src/widgets/span/lv_span.c **** 
 6148              		.loc 1 304 1 is_stmt 0 view .LVU1845
 6149 0012 10BD     		pop	{r4, pc}
 304:Middlewares/LVGL/lvgl/src/widgets/span/lv_span.c **** 
 6150              		.loc 1 304 1 view .LVU1846
 6151              		.cfi_endproc
 6152              	.LFE212:
 6154              		.section	.text.lv_spangroup_set_span_text_fmt,"ax",%progbits
 6155              		.align	1
 6156              		.global	lv_spangroup_set_span_text_fmt
 6157              		.syntax unified
 6158              		.thumb
 6159              		.thumb_func
 6161              	lv_spangroup_set_span_text_fmt:
 6162              	.LVL708:
 6163              	.LFB213:
 307:Middlewares/LVGL/lvgl/src/widgets/span/lv_span.c ****     if(span == NULL || fmt == NULL) {
 6164              		.loc 1 307 1 is_stmt 1 view -0
 6165              		.cfi_startproc
 6166              		@ args = 4, pretend = 8, frame = 8
 6167              		@ frame_needed = 0, uses_anonymous_args = 1
 307:Middlewares/LVGL/lvgl/src/widgets/span/lv_span.c ****     if(span == NULL || fmt == NULL) {
 6168              		.loc 1 307 1 is_stmt 0 view .LVU1848
 6169 0000 0CB4     		push	{r2, r3}
 6170              	.LCFI93:
 6171              		.cfi_def_cfa_offset 8
 6172              		.cfi_offset 2, -8
 6173              		.cfi_offset 3, -4
 6174 0002 70B5     		push	{r4, r5, r6, lr}
 6175              	.LCFI94:
 6176              		.cfi_def_cfa_offset 24
 6177              		.cfi_offset 4, -24
 6178              		.cfi_offset 5, -20
ARM GAS  C:\Users\w1785\AppData\Local\Temp\ccRqOZjG.s 			page 190


 6179              		.cfi_offset 6, -16
 6180              		.cfi_offset 14, -12
 6181 0004 82B0     		sub	sp, sp, #8
 6182              	.LCFI95:
 6183              		.cfi_def_cfa_offset 32
 6184 0006 0446     		mov	r4, r0
 6185 0008 0698     		ldr	r0, [sp, #24]
 6186              	.LVL709:
 308:Middlewares/LVGL/lvgl/src/widgets/span/lv_span.c ****         return;
 6187              		.loc 1 308 5 is_stmt 1 view .LVU1849
 308:Middlewares/LVGL/lvgl/src/widgets/span/lv_span.c ****         return;
 6188              		.loc 1 308 7 is_stmt 0 view .LVU1850
 6189 000a A9B1     		cbz	r1, .L423
 6190 000c 0D46     		mov	r5, r1
 308:Middlewares/LVGL/lvgl/src/widgets/span/lv_span.c ****         return;
 6191              		.loc 1 308 21 discriminator 1 view .LVU1851
 6192 000e 98B1     		cbz	r0, .L423
 312:Middlewares/LVGL/lvgl/src/widgets/span/lv_span.c ****     va_start(args, fmt);
 6193              		.loc 1 312 5 is_stmt 1 view .LVU1852
 313:Middlewares/LVGL/lvgl/src/widgets/span/lv_span.c ****     char * text = lv_text_set_text_vfmt(fmt, args);
 6194              		.loc 1 313 5 view .LVU1853
 6195 0010 07A9     		add	r1, sp, #28
 6196              	.LVL710:
 313:Middlewares/LVGL/lvgl/src/widgets/span/lv_span.c ****     char * text = lv_text_set_text_vfmt(fmt, args);
 6197              		.loc 1 313 5 is_stmt 0 view .LVU1854
 6198 0012 0191     		str	r1, [sp, #4]
 314:Middlewares/LVGL/lvgl/src/widgets/span/lv_span.c ****     LV_ASSERT_MALLOC(text);
 6199              		.loc 1 314 5 is_stmt 1 view .LVU1855
 314:Middlewares/LVGL/lvgl/src/widgets/span/lv_span.c ****     LV_ASSERT_MALLOC(text);
 6200              		.loc 1 314 19 is_stmt 0 view .LVU1856
 6201 0014 FFF7FEFF 		bl	lv_text_set_text_vfmt
 6202              	.LVL711:
 315:Middlewares/LVGL/lvgl/src/widgets/span/lv_span.c ****     if(text == NULL) {
 6203              		.loc 1 315 5 is_stmt 1 view .LVU1857
 315:Middlewares/LVGL/lvgl/src/widgets/span/lv_span.c ****     if(text == NULL) {
 6204              		.loc 1 315 5 view .LVU1858
 6205 0018 0646     		mov	r6, r0
 6206 001a 90B1     		cbz	r0, .L428
 315:Middlewares/LVGL/lvgl/src/widgets/span/lv_span.c ****     if(text == NULL) {
 6207              		.loc 1 315 5 view .LVU1859
 315:Middlewares/LVGL/lvgl/src/widgets/span/lv_span.c ****     if(text == NULL) {
 6208              		.loc 1 315 27 view .LVU1860
 316:Middlewares/LVGL/lvgl/src/widgets/span/lv_span.c ****         va_end(args);
 6209              		.loc 1 316 5 view .LVU1861
 321:Middlewares/LVGL/lvgl/src/widgets/span/lv_span.c **** 
 6210              		.loc 1 321 5 view .LVU1862
 323:Middlewares/LVGL/lvgl/src/widgets/span/lv_span.c ****         lv_free(span->txt);
 6211              		.loc 1 323 5 view .LVU1863
 323:Middlewares/LVGL/lvgl/src/widgets/span/lv_span.c ****         lv_free(span->txt);
 6212              		.loc 1 323 12 is_stmt 0 view .LVU1864
 6213 001c 2868     		ldr	r0, [r5]
 6214              	.LVL712:
 323:Middlewares/LVGL/lvgl/src/widgets/span/lv_span.c ****         lv_free(span->txt);
 6215              		.loc 1 323 7 view .LVU1865
 6216 001e 18B1     		cbz	r0, .L429
 323:Middlewares/LVGL/lvgl/src/widgets/span/lv_span.c ****         lv_free(span->txt);
 6217              		.loc 1 323 21 discriminator 1 view .LVU1866
ARM GAS  C:\Users\w1785\AppData\Local\Temp\ccRqOZjG.s 			page 191


 6218 0020 2B7C     		ldrb	r3, [r5, #16]	@ zero_extendqisi2
 323:Middlewares/LVGL/lvgl/src/widgets/span/lv_span.c ****         lv_free(span->txt);
 6219              		.loc 1 323 18 discriminator 1 view .LVU1867
 6220 0022 13F0010F 		tst	r3, #1
 6221 0026 0DD0     		beq	.L431
 6222              	.L429:
 327:Middlewares/LVGL/lvgl/src/widgets/span/lv_span.c ****     span->txt = text;
 6223              		.loc 1 327 5 is_stmt 1 view .LVU1868
 327:Middlewares/LVGL/lvgl/src/widgets/span/lv_span.c ****     span->txt = text;
 6224              		.loc 1 327 23 is_stmt 0 view .LVU1869
 6225 0028 2B7C     		ldrb	r3, [r5, #16]	@ zero_extendqisi2
 6226 002a 23F00103 		bic	r3, r3, #1
 6227 002e 2B74     		strb	r3, [r5, #16]
 328:Middlewares/LVGL/lvgl/src/widgets/span/lv_span.c **** 
 6228              		.loc 1 328 5 is_stmt 1 view .LVU1870
 328:Middlewares/LVGL/lvgl/src/widgets/span/lv_span.c **** 
 6229              		.loc 1 328 15 is_stmt 0 view .LVU1871
 6230 0030 2E60     		str	r6, [r5]
 330:Middlewares/LVGL/lvgl/src/widgets/span/lv_span.c **** }
 6231              		.loc 1 330 5 is_stmt 1 view .LVU1872
 6232 0032 2046     		mov	r0, r4
 6233 0034 FFF7FEFF 		bl	lv_spangroup_refresh
 6234              	.LVL713:
 6235              	.L423:
 331:Middlewares/LVGL/lvgl/src/widgets/span/lv_span.c **** 
 6236              		.loc 1 331 1 is_stmt 0 view .LVU1873
 6237 0038 02B0     		add	sp, sp, #8
 6238              	.LCFI96:
 6239              		.cfi_remember_state
 6240              		.cfi_def_cfa_offset 24
 6241              		@ sp needed
 6242 003a BDE87040 		pop	{r4, r5, r6, lr}
 6243              	.LCFI97:
 6244              		.cfi_restore 14
 6245              		.cfi_restore 6
 6246              		.cfi_restore 5
 6247              		.cfi_restore 4
 6248              		.cfi_def_cfa_offset 8
 6249              	.LVL714:
 331:Middlewares/LVGL/lvgl/src/widgets/span/lv_span.c **** 
 6250              		.loc 1 331 1 view .LVU1874
 6251 003e 02B0     		add	sp, sp, #8
 6252              	.LCFI98:
 6253              		.cfi_restore 3
 6254              		.cfi_restore 2
 6255              		.cfi_def_cfa_offset 0
 6256 0040 7047     		bx	lr
 6257              	.LVL715:
 6258              	.L428:
 6259              	.LCFI99:
 6260              		.cfi_restore_state
 315:Middlewares/LVGL/lvgl/src/widgets/span/lv_span.c ****     if(text == NULL) {
 6261              		.loc 1 315 5 is_stmt 1 view .LVU1875
 315:Middlewares/LVGL/lvgl/src/widgets/span/lv_span.c ****     if(text == NULL) {
 6262              		.loc 1 315 5 view .LVU1876
 315:Middlewares/LVGL/lvgl/src/widgets/span/lv_span.c ****     if(text == NULL) {
 6263              		.loc 1 315 5 view .LVU1877
ARM GAS  C:\Users\w1785\AppData\Local\Temp\ccRqOZjG.s 			page 192


 315:Middlewares/LVGL/lvgl/src/widgets/span/lv_span.c ****     if(text == NULL) {
 6264              		.loc 1 315 5 view .LVU1878
 315:Middlewares/LVGL/lvgl/src/widgets/span/lv_span.c ****     if(text == NULL) {
 6265              		.loc 1 315 5 view .LVU1879
 6266 0042 FEE7     		b	.L428
 6267              	.LVL716:
 6268              	.L431:
 324:Middlewares/LVGL/lvgl/src/widgets/span/lv_span.c ****     }
 6269              		.loc 1 324 9 view .LVU1880
 6270 0044 FFF7FEFF 		bl	lv_free
 6271              	.LVL717:
 6272 0048 EEE7     		b	.L429
 6273              		.cfi_endproc
 6274              	.LFE213:
 6276              		.section	.text.span_text_observer_cb,"ax",%progbits
 6277              		.align	1
 6278              		.syntax unified
 6279              		.thumb
 6280              		.thumb_func
 6282              	span_text_observer_cb:
 6283              	.LVL718:
 6284              	.LFB254:
1493:Middlewares/LVGL/lvgl/src/widgets/span/lv_span.c **** 
1494:Middlewares/LVGL/lvgl/src/widgets/span/lv_span.c **** #if LV_USE_OBSERVER
1495:Middlewares/LVGL/lvgl/src/widgets/span/lv_span.c **** 
1496:Middlewares/LVGL/lvgl/src/widgets/span/lv_span.c **** static void span_text_observer_cb(lv_observer_t * observer, lv_subject_t * subject)
1497:Middlewares/LVGL/lvgl/src/widgets/span/lv_span.c **** {
 6285              		.loc 1 1497 1 view -0
 6286              		.cfi_startproc
 6287              		@ args = 0, pretend = 0, frame = 0
 6288              		@ frame_needed = 0, uses_anonymous_args = 0
 6289              		.loc 1 1497 1 is_stmt 0 view .LVU1882
 6290 0000 10B5     		push	{r4, lr}
 6291              	.LCFI100:
 6292              		.cfi_def_cfa_offset 8
 6293              		.cfi_offset 4, -8
 6294              		.cfi_offset 14, -4
1498:Middlewares/LVGL/lvgl/src/widgets/span/lv_span.c ****     bind_element_string_t * user_data = observer->user_data;
 6295              		.loc 1 1498 5 is_stmt 1 view .LVU1883
 6296              		.loc 1 1498 29 is_stmt 0 view .LVU1884
 6297 0002 C468     		ldr	r4, [r0, #12]
 6298              	.LVL719:
1499:Middlewares/LVGL/lvgl/src/widgets/span/lv_span.c **** 
1500:Middlewares/LVGL/lvgl/src/widgets/span/lv_span.c ****     if(user_data->fmt == NULL) {
 6299              		.loc 1 1500 5 is_stmt 1 view .LVU1885
 6300              		.loc 1 1500 17 is_stmt 0 view .LVU1886
 6301 0004 A268     		ldr	r2, [r4, #8]
 6302              		.loc 1 1500 7 view .LVU1887
 6303 0006 7AB1     		cbz	r2, .L437
1501:Middlewares/LVGL/lvgl/src/widgets/span/lv_span.c ****         lv_spangroup_set_span_text(observer->target, user_data->element, subject->value.pointer);
1502:Middlewares/LVGL/lvgl/src/widgets/span/lv_span.c ****     }
1503:Middlewares/LVGL/lvgl/src/widgets/span/lv_span.c ****     else {
1504:Middlewares/LVGL/lvgl/src/widgets/span/lv_span.c ****         switch(subject->type) {
 6304              		.loc 1 1504 9 is_stmt 1 view .LVU1888
 6305              		.loc 1 1504 23 is_stmt 0 view .LVU1889
 6306 0008 91F82030 		ldrb	r3, [r1, #32]	@ zero_extendqisi2
 6307 000c 03F00F03 		and	r3, r3, #15
ARM GAS  C:\Users\w1785\AppData\Local\Temp\ccRqOZjG.s 			page 193


 6308              		.loc 1 1504 9 view .LVU1890
 6309 0010 042B     		cmp	r3, #4
 6310 0012 0FD0     		beq	.L435
 6311 0014 072B     		cmp	r3, #7
 6312 0016 0DD0     		beq	.L435
 6313 0018 022B     		cmp	r3, #2
 6314 001a 04D1     		bne	.L432
1505:Middlewares/LVGL/lvgl/src/widgets/span/lv_span.c **** 
1506:Middlewares/LVGL/lvgl/src/widgets/span/lv_span.c ****             case LV_SUBJECT_TYPE_INT:
1507:Middlewares/LVGL/lvgl/src/widgets/span/lv_span.c ****                 lv_spangroup_set_span_text_fmt(observer->target, user_data->element, user_data->fmt
 6315              		.loc 1 1507 17 is_stmt 1 view .LVU1891
 6316 001c CB68     		ldr	r3, [r1, #12]
 6317 001e 6168     		ldr	r1, [r4, #4]
 6318              	.LVL720:
 6319              		.loc 1 1507 17 is_stmt 0 view .LVU1892
 6320 0020 8068     		ldr	r0, [r0, #8]
 6321              	.LVL721:
 6322              		.loc 1 1507 17 view .LVU1893
 6323 0022 FFF7FEFF 		bl	lv_spangroup_set_span_text_fmt
 6324              	.LVL722:
1508:Middlewares/LVGL/lvgl/src/widgets/span/lv_span.c ****                 break;
 6325              		.loc 1 1508 17 is_stmt 1 view .LVU1894
 6326              	.L432:
1509:Middlewares/LVGL/lvgl/src/widgets/span/lv_span.c **** #if LV_USE_FLOAT
1510:Middlewares/LVGL/lvgl/src/widgets/span/lv_span.c ****             case LV_SUBJECT_TYPE_FLOAT:
1511:Middlewares/LVGL/lvgl/src/widgets/span/lv_span.c ****                 lv_spangroup_set_span_text_fmt(observer->target, user_data->element, user_data->fmt
1512:Middlewares/LVGL/lvgl/src/widgets/span/lv_span.c ****                 break;
1513:Middlewares/LVGL/lvgl/src/widgets/span/lv_span.c **** #endif
1514:Middlewares/LVGL/lvgl/src/widgets/span/lv_span.c ****             case LV_SUBJECT_TYPE_STRING:
1515:Middlewares/LVGL/lvgl/src/widgets/span/lv_span.c ****             case LV_SUBJECT_TYPE_POINTER:
1516:Middlewares/LVGL/lvgl/src/widgets/span/lv_span.c ****                 lv_spangroup_set_span_text_fmt(observer->target, user_data->element, user_data->fmt
1517:Middlewares/LVGL/lvgl/src/widgets/span/lv_span.c ****                 break;
1518:Middlewares/LVGL/lvgl/src/widgets/span/lv_span.c ****             default:
1519:Middlewares/LVGL/lvgl/src/widgets/span/lv_span.c ****                 return;
1520:Middlewares/LVGL/lvgl/src/widgets/span/lv_span.c ****         }
1521:Middlewares/LVGL/lvgl/src/widgets/span/lv_span.c ****     }
1522:Middlewares/LVGL/lvgl/src/widgets/span/lv_span.c **** }
 6327              		.loc 1 1522 1 is_stmt 0 view .LVU1895
 6328 0026 10BD     		pop	{r4, pc}
 6329              	.LVL723:
 6330              	.L437:
1501:Middlewares/LVGL/lvgl/src/widgets/span/lv_span.c ****     }
 6331              		.loc 1 1501 9 is_stmt 1 view .LVU1896
 6332 0028 CA68     		ldr	r2, [r1, #12]
 6333 002a 6168     		ldr	r1, [r4, #4]
 6334              	.LVL724:
1501:Middlewares/LVGL/lvgl/src/widgets/span/lv_span.c ****     }
 6335              		.loc 1 1501 9 is_stmt 0 view .LVU1897
 6336 002c 8068     		ldr	r0, [r0, #8]
 6337              	.LVL725:
1501:Middlewares/LVGL/lvgl/src/widgets/span/lv_span.c ****     }
 6338              		.loc 1 1501 9 view .LVU1898
 6339 002e FFF7FEFF 		bl	lv_spangroup_set_span_text
 6340              	.LVL726:
 6341 0032 F8E7     		b	.L432
 6342              	.LVL727:
 6343              	.L435:
ARM GAS  C:\Users\w1785\AppData\Local\Temp\ccRqOZjG.s 			page 194


1516:Middlewares/LVGL/lvgl/src/widgets/span/lv_span.c ****                 break;
 6344              		.loc 1 1516 17 is_stmt 1 view .LVU1899
 6345 0034 CB68     		ldr	r3, [r1, #12]
 6346 0036 6168     		ldr	r1, [r4, #4]
 6347              	.LVL728:
1516:Middlewares/LVGL/lvgl/src/widgets/span/lv_span.c ****                 break;
 6348              		.loc 1 1516 17 is_stmt 0 view .LVU1900
 6349 0038 8068     		ldr	r0, [r0, #8]
 6350              	.LVL729:
1516:Middlewares/LVGL/lvgl/src/widgets/span/lv_span.c ****                 break;
 6351              		.loc 1 1516 17 view .LVU1901
 6352 003a FFF7FEFF 		bl	lv_spangroup_set_span_text_fmt
 6353              	.LVL730:
1517:Middlewares/LVGL/lvgl/src/widgets/span/lv_span.c ****             default:
 6354              		.loc 1 1517 17 is_stmt 1 view .LVU1902
 6355 003e F2E7     		b	.L432
 6356              		.cfi_endproc
 6357              	.LFE254:
 6359              		.section	.text.lv_spangroup_set_span_style,"ax",%progbits
 6360              		.align	1
 6361              		.global	lv_spangroup_set_span_style
 6362              		.syntax unified
 6363              		.thumb
 6364              		.thumb_func
 6366              	lv_spangroup_set_span_style:
 6367              	.LVL731:
 6368              	.LFB214:
 334:Middlewares/LVGL/lvgl/src/widgets/span/lv_span.c ****     LV_ASSERT_OBJ(obj, MY_CLASS);
 6369              		.loc 1 334 1 view -0
 6370              		.cfi_startproc
 6371              		@ args = 0, pretend = 0, frame = 0
 6372              		@ frame_needed = 0, uses_anonymous_args = 0
 335:Middlewares/LVGL/lvgl/src/widgets/span/lv_span.c ****     LV_ASSERT_NULL(span);
 6373              		.loc 1 335 5 view .LVU1904
 335:Middlewares/LVGL/lvgl/src/widgets/span/lv_span.c ****     LV_ASSERT_NULL(span);
 6374              		.loc 1 335 5 view .LVU1905
 6375 0000 58B1     		cbz	r0, .L440
 334:Middlewares/LVGL/lvgl/src/widgets/span/lv_span.c ****     LV_ASSERT_OBJ(obj, MY_CLASS);
 6376              		.loc 1 334 1 is_stmt 0 view .LVU1906
 6377 0002 10B5     		push	{r4, lr}
 6378              	.LCFI101:
 6379              		.cfi_def_cfa_offset 8
 6380              		.cfi_offset 4, -8
 6381              		.cfi_offset 14, -4
 6382 0004 0B46     		mov	r3, r1
 6383 0006 0446     		mov	r4, r0
 335:Middlewares/LVGL/lvgl/src/widgets/span/lv_span.c ****     LV_ASSERT_NULL(span);
 6384              		.loc 1 335 5 is_stmt 1 view .LVU1907
 335:Middlewares/LVGL/lvgl/src/widgets/span/lv_span.c ****     LV_ASSERT_NULL(span);
 6385              		.loc 1 335 33 view .LVU1908
 336:Middlewares/LVGL/lvgl/src/widgets/span/lv_span.c **** 
 6386              		.loc 1 336 5 view .LVU1909
 336:Middlewares/LVGL/lvgl/src/widgets/span/lv_span.c **** 
 6387              		.loc 1 336 5 view .LVU1910
 6388 0008 41B1     		cbz	r1, .L442
 336:Middlewares/LVGL/lvgl/src/widgets/span/lv_span.c **** 
 6389              		.loc 1 336 5 view .LVU1911
ARM GAS  C:\Users\w1785\AppData\Local\Temp\ccRqOZjG.s 			page 195


 336:Middlewares/LVGL/lvgl/src/widgets/span/lv_span.c **** 
 6390              		.loc 1 336 25 view .LVU1912
 338:Middlewares/LVGL/lvgl/src/widgets/span/lv_span.c **** 
 6391              		.loc 1 338 5 view .LVU1913
 6392 000a 1146     		mov	r1, r2
 6393              	.LVL732:
 338:Middlewares/LVGL/lvgl/src/widgets/span/lv_span.c **** 
 6394              		.loc 1 338 5 is_stmt 0 view .LVU1914
 6395 000c 181D     		adds	r0, r3, #4
 6396              	.LVL733:
 338:Middlewares/LVGL/lvgl/src/widgets/span/lv_span.c **** 
 6397              		.loc 1 338 5 view .LVU1915
 6398 000e FFF7FEFF 		bl	lv_style_copy
 6399              	.LVL734:
 340:Middlewares/LVGL/lvgl/src/widgets/span/lv_span.c **** }
 6400              		.loc 1 340 5 is_stmt 1 view .LVU1916
 6401 0012 2046     		mov	r0, r4
 6402 0014 FFF7FEFF 		bl	lv_spangroup_refresh
 6403              	.LVL735:
 341:Middlewares/LVGL/lvgl/src/widgets/span/lv_span.c **** 
 6404              		.loc 1 341 1 is_stmt 0 view .LVU1917
 6405 0018 10BD     		pop	{r4, pc}
 6406              	.LVL736:
 6407              	.L440:
 6408              	.LCFI102:
 6409              		.cfi_def_cfa_offset 0
 6410              		.cfi_restore 4
 6411              		.cfi_restore 14
 335:Middlewares/LVGL/lvgl/src/widgets/span/lv_span.c ****     LV_ASSERT_NULL(span);
 6412              		.loc 1 335 5 is_stmt 1 view .LVU1918
 335:Middlewares/LVGL/lvgl/src/widgets/span/lv_span.c ****     LV_ASSERT_NULL(span);
 6413              		.loc 1 335 5 view .LVU1919
 335:Middlewares/LVGL/lvgl/src/widgets/span/lv_span.c ****     LV_ASSERT_NULL(span);
 6414              		.loc 1 335 5 view .LVU1920
 335:Middlewares/LVGL/lvgl/src/widgets/span/lv_span.c ****     LV_ASSERT_NULL(span);
 6415              		.loc 1 335 5 view .LVU1921
 335:Middlewares/LVGL/lvgl/src/widgets/span/lv_span.c ****     LV_ASSERT_NULL(span);
 6416              		.loc 1 335 5 view .LVU1922
 6417 001a FEE7     		b	.L440
 6418              	.L442:
 6419              	.LCFI103:
 6420              		.cfi_def_cfa_offset 8
 6421              		.cfi_offset 4, -8
 6422              		.cfi_offset 14, -4
 336:Middlewares/LVGL/lvgl/src/widgets/span/lv_span.c **** 
 6423              		.loc 1 336 5 view .LVU1923
 336:Middlewares/LVGL/lvgl/src/widgets/span/lv_span.c **** 
 6424              		.loc 1 336 5 view .LVU1924
 336:Middlewares/LVGL/lvgl/src/widgets/span/lv_span.c **** 
 6425              		.loc 1 336 5 view .LVU1925
 336:Middlewares/LVGL/lvgl/src/widgets/span/lv_span.c **** 
 6426              		.loc 1 336 5 view .LVU1926
 336:Middlewares/LVGL/lvgl/src/widgets/span/lv_span.c **** 
 6427              		.loc 1 336 5 view .LVU1927
 6428 001c FEE7     		b	.L442
 6429              		.cfi_endproc
 6430              	.LFE214:
ARM GAS  C:\Users\w1785\AppData\Local\Temp\ccRqOZjG.s 			page 196


 6432              		.section	.text.lv_spangroup_set_indent,"ax",%progbits
 6433              		.align	1
 6434              		.global	lv_spangroup_set_indent
 6435              		.syntax unified
 6436              		.thumb
 6437              		.thumb_func
 6439              	lv_spangroup_set_indent:
 6440              	.LVL737:
 6441              	.LFB217:
 361:Middlewares/LVGL/lvgl/src/widgets/span/lv_span.c ****     LV_ASSERT_OBJ(obj, MY_CLASS);
 6442              		.loc 1 361 1 view -0
 6443              		.cfi_startproc
 6444              		@ args = 0, pretend = 0, frame = 0
 6445              		@ frame_needed = 0, uses_anonymous_args = 0
 362:Middlewares/LVGL/lvgl/src/widgets/span/lv_span.c ****     lv_spangroup_t * spans = (lv_spangroup_t *)obj;
 6446              		.loc 1 362 5 view .LVU1929
 362:Middlewares/LVGL/lvgl/src/widgets/span/lv_span.c ****     lv_spangroup_t * spans = (lv_spangroup_t *)obj;
 6447              		.loc 1 362 5 view .LVU1930
 6448 0000 38B1     		cbz	r0, .L447
 361:Middlewares/LVGL/lvgl/src/widgets/span/lv_span.c ****     LV_ASSERT_OBJ(obj, MY_CLASS);
 6449              		.loc 1 361 1 is_stmt 0 view .LVU1931
 6450 0002 08B5     		push	{r3, lr}
 6451              	.LCFI104:
 6452              		.cfi_def_cfa_offset 8
 6453              		.cfi_offset 3, -8
 6454              		.cfi_offset 14, -4
 362:Middlewares/LVGL/lvgl/src/widgets/span/lv_span.c ****     lv_spangroup_t * spans = (lv_spangroup_t *)obj;
 6455              		.loc 1 362 5 is_stmt 1 view .LVU1932
 362:Middlewares/LVGL/lvgl/src/widgets/span/lv_span.c ****     lv_spangroup_t * spans = (lv_spangroup_t *)obj;
 6456              		.loc 1 362 33 view .LVU1933
 363:Middlewares/LVGL/lvgl/src/widgets/span/lv_span.c ****     if(spans->indent == indent) return;
 6457              		.loc 1 363 5 view .LVU1934
 6458              	.LVL738:
 364:Middlewares/LVGL/lvgl/src/widgets/span/lv_span.c **** 
 6459              		.loc 1 364 5 view .LVU1935
 364:Middlewares/LVGL/lvgl/src/widgets/span/lv_span.c **** 
 6460              		.loc 1 364 13 is_stmt 0 view .LVU1936
 6461 0004 426B     		ldr	r2, [r0, #52]
 364:Middlewares/LVGL/lvgl/src/widgets/span/lv_span.c **** 
 6462              		.loc 1 364 7 view .LVU1937
 6463 0006 8A42     		cmp	r2, r1
 6464 0008 02D0     		beq	.L445
 366:Middlewares/LVGL/lvgl/src/widgets/span/lv_span.c **** 
 6465              		.loc 1 366 5 is_stmt 1 view .LVU1938
 366:Middlewares/LVGL/lvgl/src/widgets/span/lv_span.c **** 
 6466              		.loc 1 366 19 is_stmt 0 view .LVU1939
 6467 000a 4163     		str	r1, [r0, #52]
 368:Middlewares/LVGL/lvgl/src/widgets/span/lv_span.c **** }
 6468              		.loc 1 368 5 is_stmt 1 view .LVU1940
 6469 000c FFF7FEFF 		bl	lv_spangroup_refresh
 6470              	.LVL739:
 6471              	.L445:
 369:Middlewares/LVGL/lvgl/src/widgets/span/lv_span.c **** 
 6472              		.loc 1 369 1 is_stmt 0 view .LVU1941
 6473 0010 08BD     		pop	{r3, pc}
 6474              	.LVL740:
 6475              	.L447:
ARM GAS  C:\Users\w1785\AppData\Local\Temp\ccRqOZjG.s 			page 197


 6476              	.LCFI105:
 6477              		.cfi_def_cfa_offset 0
 6478              		.cfi_restore 3
 6479              		.cfi_restore 14
 362:Middlewares/LVGL/lvgl/src/widgets/span/lv_span.c ****     lv_spangroup_t * spans = (lv_spangroup_t *)obj;
 6480              		.loc 1 362 5 is_stmt 1 view .LVU1942
 362:Middlewares/LVGL/lvgl/src/widgets/span/lv_span.c ****     lv_spangroup_t * spans = (lv_spangroup_t *)obj;
 6481              		.loc 1 362 5 view .LVU1943
 362:Middlewares/LVGL/lvgl/src/widgets/span/lv_span.c ****     lv_spangroup_t * spans = (lv_spangroup_t *)obj;
 6482              		.loc 1 362 5 view .LVU1944
 362:Middlewares/LVGL/lvgl/src/widgets/span/lv_span.c ****     lv_spangroup_t * spans = (lv_spangroup_t *)obj;
 6483              		.loc 1 362 5 view .LVU1945
 362:Middlewares/LVGL/lvgl/src/widgets/span/lv_span.c ****     lv_spangroup_t * spans = (lv_spangroup_t *)obj;
 6484              		.loc 1 362 5 view .LVU1946
 6485 0012 FEE7     		b	.L447
 6486              		.cfi_endproc
 6487              	.LFE217:
 6489              		.section	.text.lv_spangroup_set_mode,"ax",%progbits
 6490              		.align	1
 6491              		.global	lv_spangroup_set_mode
 6492              		.syntax unified
 6493              		.thumb
 6494              		.thumb_func
 6496              	lv_spangroup_set_mode:
 6497              	.LVL741:
 6498              	.LFB218:
 372:Middlewares/LVGL/lvgl/src/widgets/span/lv_span.c ****     LV_LOG_WARN("DEPRECATED, set the width to LV_SIZE_CONTENT or fixed value to control expanding/w
 6499              		.loc 1 372 1 view -0
 6500              		.cfi_startproc
 6501              		@ args = 0, pretend = 0, frame = 8
 6502              		@ frame_needed = 0, uses_anonymous_args = 0
 373:Middlewares/LVGL/lvgl/src/widgets/span/lv_span.c ****     LV_ASSERT_OBJ(obj, MY_CLASS);
 6503              		.loc 1 373 5 view .LVU1948
 373:Middlewares/LVGL/lvgl/src/widgets/span/lv_span.c ****     LV_ASSERT_OBJ(obj, MY_CLASS);
 6504              		.loc 1 373 5 view .LVU1949
 373:Middlewares/LVGL/lvgl/src/widgets/span/lv_span.c ****     LV_ASSERT_OBJ(obj, MY_CLASS);
 6505              		.loc 1 373 5 view .LVU1950
 374:Middlewares/LVGL/lvgl/src/widgets/span/lv_span.c **** 
 6506              		.loc 1 374 5 view .LVU1951
 374:Middlewares/LVGL/lvgl/src/widgets/span/lv_span.c **** 
 6507              		.loc 1 374 5 view .LVU1952
 6508 0000 70B1     		cbz	r0, .L453
 372:Middlewares/LVGL/lvgl/src/widgets/span/lv_span.c ****     LV_LOG_WARN("DEPRECATED, set the width to LV_SIZE_CONTENT or fixed value to control expanding/w
 6509              		.loc 1 372 1 is_stmt 0 view .LVU1953
 6510 0002 10B5     		push	{r4, lr}
 6511              	.LCFI106:
 6512              		.cfi_def_cfa_offset 8
 6513              		.cfi_offset 4, -8
 6514              		.cfi_offset 14, -4
 6515 0004 82B0     		sub	sp, sp, #8
 6516              	.LCFI107:
 6517              		.cfi_def_cfa_offset 16
 6518 0006 0446     		mov	r4, r0
 374:Middlewares/LVGL/lvgl/src/widgets/span/lv_span.c **** 
 6519              		.loc 1 374 5 is_stmt 1 view .LVU1954
 374:Middlewares/LVGL/lvgl/src/widgets/span/lv_span.c **** 
 6520              		.loc 1 374 33 view .LVU1955
ARM GAS  C:\Users\w1785\AppData\Local\Temp\ccRqOZjG.s 			page 198


 376:Middlewares/LVGL/lvgl/src/widgets/span/lv_span.c **** 
 6521              		.loc 1 376 5 view .LVU1956
 376:Middlewares/LVGL/lvgl/src/widgets/span/lv_span.c **** 
 6522              		.loc 1 376 7 is_stmt 0 view .LVU1957
 6523 0008 0229     		cmp	r1, #2
 6524 000a 07D8     		bhi	.L451
 378:Middlewares/LVGL/lvgl/src/widgets/span/lv_span.c ****         lv_obj_set_width(obj, LV_SIZE_CONTENT);
 6525              		.loc 1 378 5 is_stmt 1 view .LVU1958
 378:Middlewares/LVGL/lvgl/src/widgets/span/lv_span.c ****         lv_obj_set_width(obj, LV_SIZE_CONTENT);
 6526              		.loc 1 378 7 is_stmt 0 view .LVU1959
 6527 000c 0129     		cmp	r1, #1
 6528 000e 08D0     		beq	.L462
 382:Middlewares/LVGL/lvgl/src/widgets/span/lv_span.c ****         if(lv_obj_get_style_width(obj, LV_PART_MAIN) == LV_SIZE_CONTENT) {
 6529              		.loc 1 382 10 is_stmt 1 view .LVU1960
 382:Middlewares/LVGL/lvgl/src/widgets/span/lv_span.c ****         if(lv_obj_get_style_width(obj, LV_PART_MAIN) == LV_SIZE_CONTENT) {
 6530              		.loc 1 382 12 is_stmt 0 view .LVU1961
 6531 0010 0229     		cmp	r1, #2
 6532 0012 10D0     		beq	.L463
 388:Middlewares/LVGL/lvgl/src/widgets/span/lv_span.c ****         /* use this mode, The user needs to set the size. */
 6533              		.loc 1 388 10 is_stmt 1 view .LVU1962
 388:Middlewares/LVGL/lvgl/src/widgets/span/lv_span.c ****         /* use this mode, The user needs to set the size. */
 6534              		.loc 1 388 12 is_stmt 0 view .LVU1963
 6535 0014 19B3     		cbz	r1, .L464
 6536              	.LVL742:
 6537              	.L456:
 399:Middlewares/LVGL/lvgl/src/widgets/span/lv_span.c **** }
 6538              		.loc 1 399 5 is_stmt 1 view .LVU1964
 6539 0016 2046     		mov	r0, r4
 6540 0018 FFF7FEFF 		bl	lv_spangroup_refresh
 6541              	.LVL743:
 6542              	.L451:
 400:Middlewares/LVGL/lvgl/src/widgets/span/lv_span.c **** 
 6543              		.loc 1 400 1 is_stmt 0 view .LVU1965
 6544 001c 02B0     		add	sp, sp, #8
 6545              	.LCFI108:
 6546              		.cfi_def_cfa_offset 8
 6547              		@ sp needed
 6548 001e 10BD     		pop	{r4, pc}
 6549              	.LVL744:
 6550              	.L453:
 6551              	.LCFI109:
 6552              		.cfi_def_cfa_offset 0
 6553              		.cfi_restore 4
 6554              		.cfi_restore 14
 374:Middlewares/LVGL/lvgl/src/widgets/span/lv_span.c **** 
 6555              		.loc 1 374 5 is_stmt 1 view .LVU1966
 374:Middlewares/LVGL/lvgl/src/widgets/span/lv_span.c **** 
 6556              		.loc 1 374 5 view .LVU1967
 374:Middlewares/LVGL/lvgl/src/widgets/span/lv_span.c **** 
 6557              		.loc 1 374 5 view .LVU1968
 374:Middlewares/LVGL/lvgl/src/widgets/span/lv_span.c **** 
 6558              		.loc 1 374 5 view .LVU1969
 374:Middlewares/LVGL/lvgl/src/widgets/span/lv_span.c **** 
 6559              		.loc 1 374 5 view .LVU1970
 6560 0020 FEE7     		b	.L453
 6561              	.L462:
 6562              	.LCFI110:
ARM GAS  C:\Users\w1785\AppData\Local\Temp\ccRqOZjG.s 			page 199


 6563              		.cfi_def_cfa_offset 16
 6564              		.cfi_offset 4, -8
 6565              		.cfi_offset 14, -4
 379:Middlewares/LVGL/lvgl/src/widgets/span/lv_span.c ****         lv_obj_set_height(obj, LV_SIZE_CONTENT);
 6566              		.loc 1 379 9 view .LVU1971
 6567 0022 6FF04041 		mvn	r1, #-1073741824
 6568              	.LVL745:
 379:Middlewares/LVGL/lvgl/src/widgets/span/lv_span.c ****         lv_obj_set_height(obj, LV_SIZE_CONTENT);
 6569              		.loc 1 379 9 is_stmt 0 view .LVU1972
 6570 0026 FFF7FEFF 		bl	lv_obj_set_width
 6571              	.LVL746:
 380:Middlewares/LVGL/lvgl/src/widgets/span/lv_span.c ****     }
 6572              		.loc 1 380 9 is_stmt 1 view .LVU1973
 6573 002a 6FF04041 		mvn	r1, #-1073741824
 6574 002e 2046     		mov	r0, r4
 6575 0030 FFF7FEFF 		bl	lv_obj_set_height
 6576              	.LVL747:
 6577 0034 EFE7     		b	.L456
 6578              	.LVL748:
 6579              	.L463:
 383:Middlewares/LVGL/lvgl/src/widgets/span/lv_span.c ****             lv_obj_set_width(obj, 100);
 6580              		.loc 1 383 9 view .LVU1974
 6581              	.LBB192:
 6582              	.LBI192:
  30:Middlewares/LVGL/lvgl/src/widgets/span/../../core/lv_obj_style_gen.h **** {
 6583              		.loc 3 30 23 view .LVU1975
 6584              	.LBB193:
  32:Middlewares/LVGL/lvgl/src/widgets/span/../../core/lv_obj_style_gen.h ****     return (int32_t)v.num;
 6585              		.loc 3 32 5 view .LVU1976
  32:Middlewares/LVGL/lvgl/src/widgets/span/../../core/lv_obj_style_gen.h ****     return (int32_t)v.num;
 6586              		.loc 3 32 26 is_stmt 0 view .LVU1977
 6587 0036 0122     		movs	r2, #1
 6588 0038 0021     		movs	r1, #0
 6589              	.LVL749:
  32:Middlewares/LVGL/lvgl/src/widgets/span/../../core/lv_obj_style_gen.h ****     return (int32_t)v.num;
 6590              		.loc 3 32 26 view .LVU1978
 6591 003a FFF7FEFF 		bl	lv_obj_get_style_prop
 6592              	.LVL750:
  32:Middlewares/LVGL/lvgl/src/widgets/span/../../core/lv_obj_style_gen.h ****     return (int32_t)v.num;
 6593              		.loc 3 32 26 view .LVU1979
 6594 003e 0190     		str	r0, [sp, #4]
  33:Middlewares/LVGL/lvgl/src/widgets/span/../../core/lv_obj_style_gen.h **** }
 6595              		.loc 3 33 5 is_stmt 1 view .LVU1980
 6596              	.LVL751:
  33:Middlewares/LVGL/lvgl/src/widgets/span/../../core/lv_obj_style_gen.h **** }
 6597              		.loc 3 33 5 is_stmt 0 view .LVU1981
 6598              	.LBE193:
 6599              	.LBE192:
 383:Middlewares/LVGL/lvgl/src/widgets/span/lv_span.c ****             lv_obj_set_width(obj, 100);
 6600              		.loc 1 383 11 discriminator 1 view .LVU1982
 6601 0040 6FF04043 		mvn	r3, #-1073741824
 6602 0044 9842     		cmp	r0, r3
 6603 0046 05D0     		beq	.L465
 6604              	.L458:
 386:Middlewares/LVGL/lvgl/src/widgets/span/lv_span.c ****     }
 6605              		.loc 1 386 9 is_stmt 1 view .LVU1983
 6606 0048 6FF04041 		mvn	r1, #-1073741824
ARM GAS  C:\Users\w1785\AppData\Local\Temp\ccRqOZjG.s 			page 200


 6607 004c 2046     		mov	r0, r4
 6608 004e FFF7FEFF 		bl	lv_obj_set_height
 6609              	.LVL752:
 6610 0052 E0E7     		b	.L456
 6611              	.L465:
 384:Middlewares/LVGL/lvgl/src/widgets/span/lv_span.c ****         }
 6612              		.loc 1 384 13 view .LVU1984
 6613 0054 6421     		movs	r1, #100
 6614 0056 2046     		mov	r0, r4
 6615 0058 FFF7FEFF 		bl	lv_obj_set_width
 6616              	.LVL753:
 6617 005c F4E7     		b	.L458
 6618              	.LVL754:
 6619              	.L464:
 391:Middlewares/LVGL/lvgl/src/widgets/span/lv_span.c ****             lv_obj_set_width(obj, 100);
 6620              		.loc 1 391 9 view .LVU1985
 6621              	.LBB194:
 6622              	.LBI194:
  30:Middlewares/LVGL/lvgl/src/widgets/span/../../core/lv_obj_style_gen.h **** {
 6623              		.loc 3 30 23 view .LVU1986
 6624              	.LBB195:
  32:Middlewares/LVGL/lvgl/src/widgets/span/../../core/lv_obj_style_gen.h ****     return (int32_t)v.num;
 6625              		.loc 3 32 5 view .LVU1987
  32:Middlewares/LVGL/lvgl/src/widgets/span/../../core/lv_obj_style_gen.h ****     return (int32_t)v.num;
 6626              		.loc 3 32 26 is_stmt 0 view .LVU1988
 6627 005e 0122     		movs	r2, #1
 6628 0060 FFF7FEFF 		bl	lv_obj_get_style_prop
 6629              	.LVL755:
  32:Middlewares/LVGL/lvgl/src/widgets/span/../../core/lv_obj_style_gen.h ****     return (int32_t)v.num;
 6630              		.loc 3 32 26 view .LVU1989
 6631 0064 0190     		str	r0, [sp, #4]
  33:Middlewares/LVGL/lvgl/src/widgets/span/../../core/lv_obj_style_gen.h **** }
 6632              		.loc 3 33 5 is_stmt 1 view .LVU1990
 6633              	.LVL756:
  33:Middlewares/LVGL/lvgl/src/widgets/span/../../core/lv_obj_style_gen.h **** }
 6634              		.loc 3 33 5 is_stmt 0 view .LVU1991
 6635              	.LBE195:
 6636              	.LBE194:
 391:Middlewares/LVGL/lvgl/src/widgets/span/lv_span.c ****             lv_obj_set_width(obj, 100);
 6637              		.loc 1 391 11 discriminator 1 view .LVU1992
 6638 0066 6FF04043 		mvn	r3, #-1073741824
 6639 006a 9842     		cmp	r0, r3
 6640 006c 0ED0     		beq	.L466
 6641              	.L459:
 394:Middlewares/LVGL/lvgl/src/widgets/span/lv_span.c ****             lv_obj_set_content_height(obj, 100);
 6642              		.loc 1 394 9 is_stmt 1 view .LVU1993
 6643              	.LVL757:
 6644              	.LBB196:
 6645              	.LBI196:
  69:Middlewares/LVGL/lvgl/src/widgets/span/../../core/lv_obj_style_gen.h **** {
 6646              		.loc 3 69 23 view .LVU1994
 6647              	.LBB197:
  71:Middlewares/LVGL/lvgl/src/widgets/span/../../core/lv_obj_style_gen.h ****     return (int32_t)v.num;
 6648              		.loc 3 71 5 view .LVU1995
  71:Middlewares/LVGL/lvgl/src/widgets/span/../../core/lv_obj_style_gen.h ****     return (int32_t)v.num;
 6649              		.loc 3 71 26 is_stmt 0 view .LVU1996
 6650 006e 0222     		movs	r2, #2
ARM GAS  C:\Users\w1785\AppData\Local\Temp\ccRqOZjG.s 			page 201


 6651 0070 0021     		movs	r1, #0
 6652 0072 2046     		mov	r0, r4
 6653 0074 FFF7FEFF 		bl	lv_obj_get_style_prop
 6654              	.LVL758:
 6655 0078 0190     		str	r0, [sp, #4]
  72:Middlewares/LVGL/lvgl/src/widgets/span/../../core/lv_obj_style_gen.h **** }
 6656              		.loc 3 72 5 is_stmt 1 view .LVU1997
 6657              	.LVL759:
  72:Middlewares/LVGL/lvgl/src/widgets/span/../../core/lv_obj_style_gen.h **** }
 6658              		.loc 3 72 5 is_stmt 0 view .LVU1998
 6659              	.LBE197:
 6660              	.LBE196:
 394:Middlewares/LVGL/lvgl/src/widgets/span/lv_span.c ****             lv_obj_set_content_height(obj, 100);
 6661              		.loc 1 394 11 discriminator 1 view .LVU1999
 6662 007a 6FF04043 		mvn	r3, #-1073741824
 6663 007e 9842     		cmp	r0, r3
 6664 0080 C9D1     		bne	.L456
 395:Middlewares/LVGL/lvgl/src/widgets/span/lv_span.c ****         }
 6665              		.loc 1 395 13 is_stmt 1 view .LVU2000
 6666 0082 6421     		movs	r1, #100
 6667 0084 2046     		mov	r0, r4
 6668 0086 FFF7FEFF 		bl	lv_obj_set_content_height
 6669              	.LVL760:
 6670 008a C4E7     		b	.L456
 6671              	.L466:
 392:Middlewares/LVGL/lvgl/src/widgets/span/lv_span.c ****         }
 6672              		.loc 1 392 13 view .LVU2001
 6673 008c 6421     		movs	r1, #100
 6674 008e 2046     		mov	r0, r4
 6675 0090 FFF7FEFF 		bl	lv_obj_set_width
 6676              	.LVL761:
 6677 0094 EBE7     		b	.L459
 6678              		.cfi_endproc
 6679              	.LFE218:
 6681              		.section	.text.lv_spangroup_set_max_lines,"ax",%progbits
 6682              		.align	1
 6683              		.global	lv_spangroup_set_max_lines
 6684              		.syntax unified
 6685              		.thumb
 6686              		.thumb_func
 6688              	lv_spangroup_set_max_lines:
 6689              	.LVL762:
 6690              	.LFB219:
 403:Middlewares/LVGL/lvgl/src/widgets/span/lv_span.c ****     LV_ASSERT_OBJ(obj, MY_CLASS);
 6691              		.loc 1 403 1 view -0
 6692              		.cfi_startproc
 6693              		@ args = 0, pretend = 0, frame = 0
 6694              		@ frame_needed = 0, uses_anonymous_args = 0
 404:Middlewares/LVGL/lvgl/src/widgets/span/lv_span.c ****     lv_spangroup_t * spans = (lv_spangroup_t *)obj;
 6695              		.loc 1 404 5 view .LVU2003
 404:Middlewares/LVGL/lvgl/src/widgets/span/lv_span.c ****     lv_spangroup_t * spans = (lv_spangroup_t *)obj;
 6696              		.loc 1 404 5 view .LVU2004
 6697 0000 20B1     		cbz	r0, .L469
 403:Middlewares/LVGL/lvgl/src/widgets/span/lv_span.c ****     LV_ASSERT_OBJ(obj, MY_CLASS);
 6698              		.loc 1 403 1 is_stmt 0 view .LVU2005
 6699 0002 08B5     		push	{r3, lr}
 6700              	.LCFI111:
ARM GAS  C:\Users\w1785\AppData\Local\Temp\ccRqOZjG.s 			page 202


 6701              		.cfi_def_cfa_offset 8
 6702              		.cfi_offset 3, -8
 6703              		.cfi_offset 14, -4
 404:Middlewares/LVGL/lvgl/src/widgets/span/lv_span.c ****     lv_spangroup_t * spans = (lv_spangroup_t *)obj;
 6704              		.loc 1 404 5 is_stmt 1 view .LVU2006
 404:Middlewares/LVGL/lvgl/src/widgets/span/lv_span.c ****     lv_spangroup_t * spans = (lv_spangroup_t *)obj;
 6705              		.loc 1 404 33 view .LVU2007
 405:Middlewares/LVGL/lvgl/src/widgets/span/lv_span.c ****     spans->lines = lines;
 6706              		.loc 1 405 5 view .LVU2008
 6707              	.LVL763:
 406:Middlewares/LVGL/lvgl/src/widgets/span/lv_span.c **** 
 6708              		.loc 1 406 5 view .LVU2009
 406:Middlewares/LVGL/lvgl/src/widgets/span/lv_span.c **** 
 6709              		.loc 1 406 18 is_stmt 0 view .LVU2010
 6710 0004 0163     		str	r1, [r0, #48]
 408:Middlewares/LVGL/lvgl/src/widgets/span/lv_span.c **** }
 6711              		.loc 1 408 5 is_stmt 1 view .LVU2011
 6712 0006 FFF7FEFF 		bl	lv_spangroup_refresh
 6713              	.LVL764:
 409:Middlewares/LVGL/lvgl/src/widgets/span/lv_span.c **** 
 6714              		.loc 1 409 1 is_stmt 0 view .LVU2012
 6715 000a 08BD     		pop	{r3, pc}
 6716              	.LVL765:
 6717              	.L469:
 6718              	.LCFI112:
 6719              		.cfi_def_cfa_offset 0
 6720              		.cfi_restore 3
 6721              		.cfi_restore 14
 404:Middlewares/LVGL/lvgl/src/widgets/span/lv_span.c ****     lv_spangroup_t * spans = (lv_spangroup_t *)obj;
 6722              		.loc 1 404 5 is_stmt 1 view .LVU2013
 404:Middlewares/LVGL/lvgl/src/widgets/span/lv_span.c ****     lv_spangroup_t * spans = (lv_spangroup_t *)obj;
 6723              		.loc 1 404 5 view .LVU2014
 404:Middlewares/LVGL/lvgl/src/widgets/span/lv_span.c ****     lv_spangroup_t * spans = (lv_spangroup_t *)obj;
 6724              		.loc 1 404 5 view .LVU2015
 404:Middlewares/LVGL/lvgl/src/widgets/span/lv_span.c ****     lv_spangroup_t * spans = (lv_spangroup_t *)obj;
 6725              		.loc 1 404 5 view .LVU2016
 404:Middlewares/LVGL/lvgl/src/widgets/span/lv_span.c ****     lv_spangroup_t * spans = (lv_spangroup_t *)obj;
 6726              		.loc 1 404 5 view .LVU2017
 6727 000c FEE7     		b	.L469
 6728              		.cfi_endproc
 6729              	.LFE219:
 6731              		.section	.rodata.lv_spangroup_bind_span_text.str1.4,"aMS",%progbits,1
 6732              		.align	2
 6733              	.LC3:
 6734 0000 256400   		.ascii	"%d\000"
 6735              		.section	.text.lv_spangroup_bind_span_text,"ax",%progbits
 6736              		.align	1
 6737              		.global	lv_spangroup_bind_span_text
 6738              		.syntax unified
 6739              		.thumb
 6740              		.thumb_func
 6742              	lv_spangroup_bind_span_text:
 6743              	.LVL766:
 6744              	.LFB235:
 777:Middlewares/LVGL/lvgl/src/widgets/span/lv_span.c ****     LV_ASSERT_NULL(subject);
 6745              		.loc 1 777 1 view -0
 6746              		.cfi_startproc
ARM GAS  C:\Users\w1785\AppData\Local\Temp\ccRqOZjG.s 			page 203


 6747              		@ args = 0, pretend = 0, frame = 0
 6748              		@ frame_needed = 0, uses_anonymous_args = 0
 778:Middlewares/LVGL/lvgl/src/widgets/span/lv_span.c ****     LV_ASSERT_NULL(obj);
 6749              		.loc 1 778 5 view .LVU2019
 778:Middlewares/LVGL/lvgl/src/widgets/span/lv_span.c ****     LV_ASSERT_NULL(obj);
 6750              		.loc 1 778 5 view .LVU2020
 6751 0000 0AB3     		cbz	r2, .L474
 777:Middlewares/LVGL/lvgl/src/widgets/span/lv_span.c ****     LV_ASSERT_NULL(subject);
 6752              		.loc 1 777 1 is_stmt 0 view .LVU2021
 6753 0002 F8B5     		push	{r3, r4, r5, r6, r7, lr}
 6754              	.LCFI113:
 6755              		.cfi_def_cfa_offset 24
 6756              		.cfi_offset 3, -24
 6757              		.cfi_offset 4, -20
 6758              		.cfi_offset 5, -16
 6759              		.cfi_offset 6, -12
 6760              		.cfi_offset 7, -8
 6761              		.cfi_offset 14, -4
 6762 0004 0646     		mov	r6, r0
 6763 0006 0D46     		mov	r5, r1
 6764 0008 1C46     		mov	r4, r3
 6765 000a 1746     		mov	r7, r2
 778:Middlewares/LVGL/lvgl/src/widgets/span/lv_span.c ****     LV_ASSERT_NULL(obj);
 6766              		.loc 1 778 5 is_stmt 1 view .LVU2022
 778:Middlewares/LVGL/lvgl/src/widgets/span/lv_span.c ****     LV_ASSERT_NULL(obj);
 6767              		.loc 1 778 28 view .LVU2023
 779:Middlewares/LVGL/lvgl/src/widgets/span/lv_span.c ****     LV_ASSERT_NULL(span);
 6768              		.loc 1 779 5 view .LVU2024
 779:Middlewares/LVGL/lvgl/src/widgets/span/lv_span.c ****     LV_ASSERT_NULL(span);
 6769              		.loc 1 779 5 view .LVU2025
 6770 000c E0B1     		cbz	r0, .L476
 779:Middlewares/LVGL/lvgl/src/widgets/span/lv_span.c ****     LV_ASSERT_NULL(span);
 6771              		.loc 1 779 5 view .LVU2026
 779:Middlewares/LVGL/lvgl/src/widgets/span/lv_span.c ****     LV_ASSERT_NULL(span);
 6772              		.loc 1 779 24 view .LVU2027
 780:Middlewares/LVGL/lvgl/src/widgets/span/lv_span.c **** 
 6773              		.loc 1 780 5 view .LVU2028
 780:Middlewares/LVGL/lvgl/src/widgets/span/lv_span.c **** 
 6774              		.loc 1 780 5 view .LVU2029
 6775 000e E1B1     		cbz	r1, .L478
 780:Middlewares/LVGL/lvgl/src/widgets/span/lv_span.c **** 
 6776              		.loc 1 780 5 view .LVU2030
 780:Middlewares/LVGL/lvgl/src/widgets/span/lv_span.c **** 
 6777              		.loc 1 780 25 view .LVU2031
 782:Middlewares/LVGL/lvgl/src/widgets/span/lv_span.c ****         if(subject->type == LV_SUBJECT_TYPE_INT) {
 6778              		.loc 1 782 5 view .LVU2032
 782:Middlewares/LVGL/lvgl/src/widgets/span/lv_span.c ****         if(subject->type == LV_SUBJECT_TYPE_INT) {
 6779              		.loc 1 782 7 is_stmt 0 view .LVU2033
 6780 0010 E3B1     		cbz	r3, .L489
 797:Middlewares/LVGL/lvgl/src/widgets/span/lv_span.c ****            subject->type != LV_SUBJECT_TYPE_INT && subject->type != LV_SUBJECT_TYPE_FLOAT) {
 6781              		.loc 1 797 9 is_stmt 1 view .LVU2034
 797:Middlewares/LVGL/lvgl/src/widgets/span/lv_span.c ****            subject->type != LV_SUBJECT_TYPE_INT && subject->type != LV_SUBJECT_TYPE_FLOAT) {
 6782              		.loc 1 797 26 is_stmt 0 view .LVU2035
 6783 0012 92F82030 		ldrb	r3, [r2, #32]	@ zero_extendqisi2
 6784              	.LVL767:
 797:Middlewares/LVGL/lvgl/src/widgets/span/lv_span.c ****            subject->type != LV_SUBJECT_TYPE_INT && subject->type != LV_SUBJECT_TYPE_FLOAT) {
 6785              		.loc 1 797 26 view .LVU2036
ARM GAS  C:\Users\w1785\AppData\Local\Temp\ccRqOZjG.s 			page 204


 6786 0016 03F00F03 		and	r3, r3, #15
 6787 001a 042B     		cmp	r3, #4
 6788 001c 24D8     		bhi	.L482
 6789 001e 022B     		cmp	r3, #2
 6790 0020 20D3     		bcc	.L490
 6791              	.LVL768:
 6792              	.L480:
 804:Middlewares/LVGL/lvgl/src/widgets/span/lv_span.c ****     if(user_data == NULL) {
 6793              		.loc 1 804 5 is_stmt 1 view .LVU2037
 804:Middlewares/LVGL/lvgl/src/widgets/span/lv_span.c ****     if(user_data == NULL) {
 6794              		.loc 1 804 41 is_stmt 0 view .LVU2038
 6795 0022 0C20     		movs	r0, #12
 6796              	.LVL769:
 804:Middlewares/LVGL/lvgl/src/widgets/span/lv_span.c ****     if(user_data == NULL) {
 6797              		.loc 1 804 41 view .LVU2039
 6798 0024 FFF7FEFF 		bl	lv_zalloc
 6799              	.LVL770:
 805:Middlewares/LVGL/lvgl/src/widgets/span/lv_span.c ****         LV_LOG_WARN("Couldn't allocate user_data");
 6800              		.loc 1 805 5 is_stmt 1 view .LVU2040
 805:Middlewares/LVGL/lvgl/src/widgets/span/lv_span.c ****         LV_LOG_WARN("Couldn't allocate user_data");
 6801              		.loc 1 805 7 is_stmt 0 view .LVU2041
 6802 0028 0346     		mov	r3, r0
 6803 002a 18B3     		cbz	r0, .L484
 811:Middlewares/LVGL/lvgl/src/widgets/span/lv_span.c ****     user_data->element = span;
 6804              		.loc 1 811 5 is_stmt 1 view .LVU2042
 811:Middlewares/LVGL/lvgl/src/widgets/span/lv_span.c ****     user_data->element = span;
 6805              		.loc 1 811 24 is_stmt 0 view .LVU2043
 6806 002c 0760     		str	r7, [r0]
 812:Middlewares/LVGL/lvgl/src/widgets/span/lv_span.c ****     user_data->fmt = fmt;
 6807              		.loc 1 812 5 is_stmt 1 view .LVU2044
 812:Middlewares/LVGL/lvgl/src/widgets/span/lv_span.c ****     user_data->fmt = fmt;
 6808              		.loc 1 812 24 is_stmt 0 view .LVU2045
 6809 002e 4560     		str	r5, [r0, #4]
 813:Middlewares/LVGL/lvgl/src/widgets/span/lv_span.c **** 
 6810              		.loc 1 813 5 is_stmt 1 view .LVU2046
 813:Middlewares/LVGL/lvgl/src/widgets/span/lv_span.c **** 
 6811              		.loc 1 813 20 is_stmt 0 view .LVU2047
 6812 0030 8460     		str	r4, [r0, #8]
 815:Middlewares/LVGL/lvgl/src/widgets/span/lv_span.c ****     observer->auto_free_user_data = 1;
 6813              		.loc 1 815 5 is_stmt 1 view .LVU2048
 815:Middlewares/LVGL/lvgl/src/widgets/span/lv_span.c ****     observer->auto_free_user_data = 1;
 6814              		.loc 1 815 32 is_stmt 0 view .LVU2049
 6815 0032 3246     		mov	r2, r6
 6816 0034 1049     		ldr	r1, .L491
 6817 0036 3846     		mov	r0, r7
 6818              	.LVL771:
 815:Middlewares/LVGL/lvgl/src/widgets/span/lv_span.c ****     observer->auto_free_user_data = 1;
 6819              		.loc 1 815 32 view .LVU2050
 6820 0038 FFF7FEFF 		bl	lv_subject_add_observer_obj
 6821              	.LVL772:
 816:Middlewares/LVGL/lvgl/src/widgets/span/lv_span.c **** 
 6822              		.loc 1 816 5 is_stmt 1 view .LVU2051
 816:Middlewares/LVGL/lvgl/src/widgets/span/lv_span.c **** 
 6823              		.loc 1 816 35 is_stmt 0 view .LVU2052
 6824 003c 037C     		ldrb	r3, [r0, #16]	@ zero_extendqisi2
 6825 003e 43F00103 		orr	r3, r3, #1
 6826 0042 0374     		strb	r3, [r0, #16]
ARM GAS  C:\Users\w1785\AppData\Local\Temp\ccRqOZjG.s 			page 205


 818:Middlewares/LVGL/lvgl/src/widgets/span/lv_span.c **** }
 6827              		.loc 1 818 5 is_stmt 1 view .LVU2053
 6828              	.LVL773:
 6829              	.L472:
 819:Middlewares/LVGL/lvgl/src/widgets/span/lv_span.c **** #endif /*LV_USE_OBSERVER*/
 6830              		.loc 1 819 1 is_stmt 0 view .LVU2054
 6831 0044 F8BD     		pop	{r3, r4, r5, r6, r7, pc}
 6832              	.LVL774:
 6833              	.L474:
 6834              	.LCFI114:
 6835              		.cfi_def_cfa_offset 0
 6836              		.cfi_restore 3
 6837              		.cfi_restore 4
 6838              		.cfi_restore 5
 6839              		.cfi_restore 6
 6840              		.cfi_restore 7
 6841              		.cfi_restore 14
 778:Middlewares/LVGL/lvgl/src/widgets/span/lv_span.c ****     LV_ASSERT_NULL(obj);
 6842              		.loc 1 778 5 is_stmt 1 view .LVU2055
 778:Middlewares/LVGL/lvgl/src/widgets/span/lv_span.c ****     LV_ASSERT_NULL(obj);
 6843              		.loc 1 778 5 view .LVU2056
 778:Middlewares/LVGL/lvgl/src/widgets/span/lv_span.c ****     LV_ASSERT_NULL(obj);
 6844              		.loc 1 778 5 view .LVU2057
 778:Middlewares/LVGL/lvgl/src/widgets/span/lv_span.c ****     LV_ASSERT_NULL(obj);
 6845              		.loc 1 778 5 view .LVU2058
 778:Middlewares/LVGL/lvgl/src/widgets/span/lv_span.c ****     LV_ASSERT_NULL(obj);
 6846              		.loc 1 778 5 view .LVU2059
 6847 0046 FEE7     		b	.L474
 6848              	.L476:
 6849              	.LCFI115:
 6850              		.cfi_def_cfa_offset 24
 6851              		.cfi_offset 3, -24
 6852              		.cfi_offset 4, -20
 6853              		.cfi_offset 5, -16
 6854              		.cfi_offset 6, -12
 6855              		.cfi_offset 7, -8
 6856              		.cfi_offset 14, -4
 779:Middlewares/LVGL/lvgl/src/widgets/span/lv_span.c ****     LV_ASSERT_NULL(span);
 6857              		.loc 1 779 5 view .LVU2060
 779:Middlewares/LVGL/lvgl/src/widgets/span/lv_span.c ****     LV_ASSERT_NULL(span);
 6858              		.loc 1 779 5 view .LVU2061
 779:Middlewares/LVGL/lvgl/src/widgets/span/lv_span.c ****     LV_ASSERT_NULL(span);
 6859              		.loc 1 779 5 view .LVU2062
 779:Middlewares/LVGL/lvgl/src/widgets/span/lv_span.c ****     LV_ASSERT_NULL(span);
 6860              		.loc 1 779 5 view .LVU2063
 779:Middlewares/LVGL/lvgl/src/widgets/span/lv_span.c ****     LV_ASSERT_NULL(span);
 6861              		.loc 1 779 5 view .LVU2064
 6862 0048 FEE7     		b	.L476
 6863              	.L478:
 780:Middlewares/LVGL/lvgl/src/widgets/span/lv_span.c **** 
 6864              		.loc 1 780 5 view .LVU2065
 780:Middlewares/LVGL/lvgl/src/widgets/span/lv_span.c **** 
 6865              		.loc 1 780 5 view .LVU2066
 780:Middlewares/LVGL/lvgl/src/widgets/span/lv_span.c **** 
 6866              		.loc 1 780 5 view .LVU2067
 780:Middlewares/LVGL/lvgl/src/widgets/span/lv_span.c **** 
 6867              		.loc 1 780 5 view .LVU2068
ARM GAS  C:\Users\w1785\AppData\Local\Temp\ccRqOZjG.s 			page 206


 780:Middlewares/LVGL/lvgl/src/widgets/span/lv_span.c **** 
 6868              		.loc 1 780 5 view .LVU2069
 6869 004a FEE7     		b	.L478
 6870              	.L489:
 783:Middlewares/LVGL/lvgl/src/widgets/span/lv_span.c ****             fmt = "%d";
 6871              		.loc 1 783 9 view .LVU2070
 783:Middlewares/LVGL/lvgl/src/widgets/span/lv_span.c ****             fmt = "%d";
 6872              		.loc 1 783 26 is_stmt 0 view .LVU2071
 6873 004c 92F82030 		ldrb	r3, [r2, #32]	@ zero_extendqisi2
 6874              	.LVL775:
 783:Middlewares/LVGL/lvgl/src/widgets/span/lv_span.c ****             fmt = "%d";
 6875              		.loc 1 783 26 view .LVU2072
 6876 0050 03F00F03 		and	r3, r3, #15
 6877 0054 042B     		cmp	r3, #4
 6878 0056 E4D0     		beq	.L480
 6879 0058 072B     		cmp	r3, #7
 6880 005a E2D0     		beq	.L480
 6881 005c 022B     		cmp	r3, #2
 6882 005e 07D0     		beq	.L485
 6883 0060 2046     		mov	r0, r4
 6884              	.LVL776:
 783:Middlewares/LVGL/lvgl/src/widgets/span/lv_span.c ****             fmt = "%d";
 6885              		.loc 1 783 26 view .LVU2073
 6886 0062 EFE7     		b	.L472
 6887              	.LVL777:
 6888              	.L490:
 797:Middlewares/LVGL/lvgl/src/widgets/span/lv_span.c ****            subject->type != LV_SUBJECT_TYPE_INT && subject->type != LV_SUBJECT_TYPE_FLOAT) {
 6889              		.loc 1 797 26 view .LVU2074
 6890 0064 0020     		movs	r0, #0
 6891              	.LVL778:
 797:Middlewares/LVGL/lvgl/src/widgets/span/lv_span.c ****            subject->type != LV_SUBJECT_TYPE_INT && subject->type != LV_SUBJECT_TYPE_FLOAT) {
 6892              		.loc 1 797 26 view .LVU2075
 6893 0066 EDE7     		b	.L472
 6894              	.LVL779:
 6895              	.L482:
 797:Middlewares/LVGL/lvgl/src/widgets/span/lv_span.c ****            subject->type != LV_SUBJECT_TYPE_INT && subject->type != LV_SUBJECT_TYPE_FLOAT) {
 6896              		.loc 1 797 26 view .LVU2076
 6897 0068 072B     		cmp	r3, #7
 6898 006a DAD0     		beq	.L480
 6899 006c 0020     		movs	r0, #0
 6900              	.LVL780:
 797:Middlewares/LVGL/lvgl/src/widgets/span/lv_span.c ****            subject->type != LV_SUBJECT_TYPE_INT && subject->type != LV_SUBJECT_TYPE_FLOAT) {
 6901              		.loc 1 797 26 view .LVU2077
 6902 006e E9E7     		b	.L472
 6903              	.LVL781:
 6904              	.L485:
 783:Middlewares/LVGL/lvgl/src/widgets/span/lv_span.c ****             fmt = "%d";
 6905              		.loc 1 783 26 view .LVU2078
 6906 0070 024C     		ldr	r4, .L491+4
 6907              	.LVL782:
 783:Middlewares/LVGL/lvgl/src/widgets/span/lv_span.c ****             fmt = "%d";
 6908              		.loc 1 783 26 view .LVU2079
 6909 0072 D6E7     		b	.L480
 6910              	.LVL783:
 6911              	.L484:
 807:Middlewares/LVGL/lvgl/src/widgets/span/lv_span.c ****         return NULL;
 6912              		.loc 1 807 9 is_stmt 1 view .LVU2080
ARM GAS  C:\Users\w1785\AppData\Local\Temp\ccRqOZjG.s 			page 207


 807:Middlewares/LVGL/lvgl/src/widgets/span/lv_span.c ****         return NULL;
 6913              		.loc 1 807 9 view .LVU2081
 807:Middlewares/LVGL/lvgl/src/widgets/span/lv_span.c ****         return NULL;
 6914              		.loc 1 807 9 view .LVU2082
 807:Middlewares/LVGL/lvgl/src/widgets/span/lv_span.c ****         return NULL;
 6915              		.loc 1 807 9 view .LVU2083
 807:Middlewares/LVGL/lvgl/src/widgets/span/lv_span.c ****         return NULL;
 6916              		.loc 1 807 9 view .LVU2084
 6917 0074 FEE7     		b	.L484
 6918              	.L492:
 6919 0076 00BF     		.align	2
 6920              	.L491:
 6921 0078 00000000 		.word	span_text_observer_cb
 6922 007c 00000000 		.word	.LC3
 6923              		.cfi_endproc
 6924              	.LFE235:
 6926              		.global	lv_spangroup_class
 6927              		.section	.rodata.str1.4,"aMS",%progbits,1
 6928              		.align	2
 6929              	.LC4:
 6930 0000 6C765F73 		.ascii	"lv_span\000"
 6930      70616E00 
 6931              		.section	.rodata.lv_spangroup_class,"a"
 6932              		.align	2
 6935              	lv_spangroup_class:
 6936 0000 00000000 		.word	lv_obj_class
 6937 0004 00000000 		.word	lv_spangroup_constructor
 6938 0008 00000000 		.word	lv_spangroup_destructor
 6939 000c 00000000 		.word	lv_spangroup_event
 6940 0010 00000000 		.space	4
 6941 0014 00000000 		.word	.LC4
 6942 0018 FFFFFF3F 		.word	1073741823
 6943 001c FFFFFF3F 		.word	1073741823
 6944 0020 00       		.byte	0
 6945 0021 05       		.byte	5
 6946 0022 00       		.byte	0
 6947 0023 00       		.space	1
 6948              		.text
 6949              	.Letext0:
 6950              		.file 5 "D:\\STM32CubeIDE\\STM32CubeIDE_2.1.1\\STM32CubeIDE\\plugins\\com.st.stm32cube.ide.mcu.ext
 6951              		.file 6 "D:\\STM32CubeIDE\\STM32CubeIDE_2.1.1\\STM32CubeIDE\\plugins\\com.st.stm32cube.ide.mcu.ext
 6952              		.file 7 "D:\\STM32CubeIDE\\STM32CubeIDE_2.1.1\\STM32CubeIDE\\plugins\\com.st.stm32cube.ide.mcu.ext
 6953              		.file 8 "D:\\STM32CubeIDE\\STM32CubeIDE_2.1.1\\STM32CubeIDE\\plugins\\com.st.stm32cube.ide.mcu.ext
 6954              		.file 9 "Middlewares/LVGL/lvgl/src/widgets/span/../../core/../misc/lv_types.h"
 6955              		.file 10 "Middlewares/LVGL/lvgl/src/widgets/span/../../core/lv_obj_private.h"
 6956              		.file 11 "Middlewares/LVGL/lvgl/src/widgets/span/../../core/lv_obj_class_private.h"
 6957              		.file 12 "Middlewares/LVGL/lvgl/src/widgets/span/../../core/../draw/lv_draw.h"
 6958              		.file 13 "Middlewares/LVGL/lvgl/src/widgets/span/../../draw/lv_draw_private.h"
 6959              		.file 14 "Middlewares/LVGL/lvgl/src/widgets/span/../../core/../misc/lv_timer_private.h"
 6960              		.file 15 "Middlewares/LVGL/lvgl/src/widgets/span/../../core/../misc/../font/lv_font.h"
 6961              		.file 16 "Middlewares/LVGL/lvgl/src/widgets/span/../../draw/../misc/cache/class/../lv_cache_privat
 6962              		.file 17 "Middlewares/LVGL/lvgl/src/widgets/span/lv_span_private.h"
 6963              		.file 18 "Middlewares/LVGL/lvgl/src/widgets/span/../../core/lv_observer.h"
 6964              		.file 19 "Middlewares/LVGL/lvgl/src/widgets/span/../../core/lv_observer_private.h"
 6965              		.file 20 "Middlewares/LVGL/lvgl/src/widgets/span/../../core/../draw/lv_draw_buf_private.h"
 6966              		.file 21 "Middlewares/LVGL/lvgl/src/widgets/span/../../core/../display/../misc/lv_array.h"
 6967              		.file 22 "Middlewares/LVGL/lvgl/src/widgets/span/../../core/../misc/../font/../draw/lv_draw_buf.h"
ARM GAS  C:\Users\w1785\AppData\Local\Temp\ccRqOZjG.s 			page 208


 6968              		.file 23 "Middlewares/LVGL/lvgl/src/widgets/span/../../core/../misc/../font/../draw/../misc/lv_are
 6969              		.file 24 "Middlewares/LVGL/lvgl/src/widgets/span/../../core/../misc/../font/../draw/../misc/lv_col
 6970              		.file 25 "Middlewares/LVGL/lvgl/src/widgets/span/../../core/../misc/../font/../draw/lv_image_dsc.h
 6971              		.file 26 "Middlewares/LVGL/lvgl/src/widgets/span/../../core/../misc/../tick/lv_tick.h"
 6972              		.file 27 "Middlewares/LVGL/lvgl/src/widgets/span/../../core/../misc/lv_ll.h"
 6973              		.file 28 "Middlewares/LVGL/lvgl/src/widgets/span/../../core/../misc/lv_timer.h"
 6974              		.file 29 "Middlewares/LVGL/lvgl/src/widgets/span/../../core/../misc/lv_text.h"
 6975              		.file 30 "Middlewares/LVGL/lvgl/src/widgets/span/../../core/../misc/lv_bidi.h"
 6976              		.file 31 "Middlewares/LVGL/lvgl/src/widgets/span/../../core/../misc/../layouts/lv_layout.h"
 6977              		.file 32 "Middlewares/LVGL/lvgl/src/widgets/span/../../core/../misc/lv_style.h"
 6978              		.file 33 "Middlewares/LVGL/lvgl/src/widgets/span/../../core/../display/../misc/lv_event.h"
 6979              		.file 34 "Middlewares/LVGL/lvgl/src/widgets/span/../../core/lv_obj_style.h"
 6980              		.file 35 "Middlewares/LVGL/lvgl/src/widgets/span/../../core/../draw/lv_draw_label.h"
 6981              		.file 36 "Middlewares/LVGL/lvgl/src/widgets/span/../../core/../indev/lv_indev.h"
 6982              		.file 37 "Middlewares/LVGL/lvgl/src/widgets/span/../../core/lv_obj.h"
 6983              		.file 38 "Middlewares/LVGL/lvgl/src/widgets/span/lv_span.h"
 6984              		.file 39 "Middlewares/LVGL/lvgl/src/widgets/span/../../draw/../osal/lv_os_none.h"
 6985              		.file 40 "Middlewares/LVGL/lvgl/src/widgets/span/../../core/../stdlib/builtin/lv_tlsf.h"
 6986              		.file 41 "Middlewares/LVGL/lvgl/src/widgets/span/../../core/../misc/lv_anim_private.h"
 6987              		.file 42 "Middlewares/LVGL/lvgl/src/widgets/span/../../core/../tick/lv_tick_private.h"
 6988              		.file 43 "Middlewares/LVGL/lvgl/src/widgets/span/../../core/../draw/sw/lv_draw_sw_mask_private.h"
 6989              		.file 44 "Middlewares/LVGL/lvgl/src/widgets/span/../../core/../stdlib/builtin/lv_tlsf_private.h"
 6990              		.file 45 "Middlewares/LVGL/lvgl/src/widgets/span/../../core/../layouts/lv_layout_private.h"
 6991              		.file 46 "Middlewares/LVGL/lvgl/src/widgets/span/../../core/lv_global.h"
 6992              		.file 47 "Middlewares/LVGL/lvgl/src/widgets/span/../../core/../misc/../font/../draw/../misc/../std
 6993              		.file 48 "Middlewares/LVGL/lvgl/src/widgets/span/../../core/lv_obj_pos.h"
 6994              		.file 49 "Middlewares/LVGL/lvgl/src/widgets/span/../../misc/lv_area_private.h"
 6995              		.file 50 "Middlewares/LVGL/lvgl/src/widgets/span/../../core/lv_obj_class.h"
 6996              		.file 51 "Middlewares/LVGL/lvgl/src/widgets/span/../../core/lv_obj_event.h"
 6997              		.file 52 "<built-in>"
ARM GAS  C:\Users\w1785\AppData\Local\Temp\ccRqOZjG.s 			page 209


DEFINED SYMBOLS
                            *ABS*:00000000 lv_span.c
C:\Users\w1785\AppData\Local\Temp\ccRqOZjG.s:21     .text.lv_text_is_a_word:00000000 $t
C:\Users\w1785\AppData\Local\Temp\ccRqOZjG.s:26     .text.lv_text_is_a_word:00000000 lv_text_is_a_word
C:\Users\w1785\AppData\Local\Temp\ccRqOZjG.s:161    .text.lv_get_snippet_count:00000000 $t
C:\Users\w1785\AppData\Local\Temp\ccRqOZjG.s:166    .text.lv_get_snippet_count:00000000 lv_get_snippet_count
C:\Users\w1785\AppData\Local\Temp\ccRqOZjG.s:183    .text.lv_get_snippet_count:0000000c $d
C:\Users\w1785\AppData\Local\Temp\ccRqOZjG.s:188    .text.lv_get_snippet:00000000 $t
C:\Users\w1785\AppData\Local\Temp\ccRqOZjG.s:193    .text.lv_get_snippet:00000000 lv_get_snippet
C:\Users\w1785\AppData\Local\Temp\ccRqOZjG.s:214    .text.lv_get_snippet:00000010 $d
C:\Users\w1785\AppData\Local\Temp\ccRqOZjG.s:219    .text.lv_snippet_clear:00000000 $t
C:\Users\w1785\AppData\Local\Temp\ccRqOZjG.s:224    .text.lv_snippet_clear:00000000 lv_snippet_clear
C:\Users\w1785\AppData\Local\Temp\ccRqOZjG.s:242    .text.lv_snippet_clear:00000010 $d
C:\Users\w1785\AppData\Local\Temp\ccRqOZjG.s:247    .text.lv_span_get_style_text_letter_space:00000000 $t
C:\Users\w1785\AppData\Local\Temp\ccRqOZjG.s:252    .text.lv_span_get_style_text_letter_space:00000000 lv_span_get_style_text_letter_space
C:\Users\w1785\AppData\Local\Temp\ccRqOZjG.s:331    .text.lv_span_get_style_text_color:00000000 $t
C:\Users\w1785\AppData\Local\Temp\ccRqOZjG.s:336    .text.lv_span_get_style_text_color:00000000 lv_span_get_style_text_color
C:\Users\w1785\AppData\Local\Temp\ccRqOZjG.s:435    .text.lv_span_get_style_text_opa:00000000 $t
C:\Users\w1785\AppData\Local\Temp\ccRqOZjG.s:440    .text.lv_span_get_style_text_opa:00000000 lv_span_get_style_text_opa
C:\Users\w1785\AppData\Local\Temp\ccRqOZjG.s:520    .text.lv_span_get_style_text_font:00000000 $t
C:\Users\w1785\AppData\Local\Temp\ccRqOZjG.s:525    .text.lv_span_get_style_text_font:00000000 lv_span_get_style_text_font
C:\Users\w1785\AppData\Local\Temp\ccRqOZjG.s:603    .text.lv_span_get_style_text_decor:00000000 $t
C:\Users\w1785\AppData\Local\Temp\ccRqOZjG.s:608    .text.lv_span_get_style_text_decor:00000000 lv_span_get_style_text_decor
C:\Users\w1785\AppData\Local\Temp\ccRqOZjG.s:689    .text.lv_snippet_push:00000000 $t
C:\Users\w1785\AppData\Local\Temp\ccRqOZjG.s:694    .text.lv_snippet_push:00000000 lv_snippet_push
C:\Users\w1785\AppData\Local\Temp\ccRqOZjG.s:749    .text.lv_snippet_push:00000030 $d
C:\Users\w1785\AppData\Local\Temp\ccRqOZjG.s:754    .text.lv_text_get_snippet:00000000 $t
C:\Users\w1785\AppData\Local\Temp\ccRqOZjG.s:759    .text.lv_text_get_snippet:00000000 lv_text_get_snippet
C:\Users\w1785\AppData\Local\Temp\ccRqOZjG.s:922    .text.lv_spangroup_destructor:00000000 $t
C:\Users\w1785\AppData\Local\Temp\ccRqOZjG.s:927    .text.lv_spangroup_destructor:00000000 lv_spangroup_destructor
C:\Users\w1785\AppData\Local\Temp\ccRqOZjG.s:1012   .text.lv_spangroup_constructor:00000000 $t
C:\Users\w1785\AppData\Local\Temp\ccRqOZjG.s:1017   .text.lv_spangroup_constructor:00000000 lv_spangroup_constructor
C:\Users\w1785\AppData\Local\Temp\ccRqOZjG.s:1074   .text.make_span_coords:00000000 $t
C:\Users\w1785\AppData\Local\Temp\ccRqOZjG.s:1079   .text.make_span_coords:00000000 make_span_coords
C:\Users\w1785\AppData\Local\Temp\ccRqOZjG.s:1338   .text.lv_span_stack_init:00000000 $t
C:\Users\w1785\AppData\Local\Temp\ccRqOZjG.s:1344   .text.lv_span_stack_init:00000000 lv_span_stack_init
C:\Users\w1785\AppData\Local\Temp\ccRqOZjG.s:1379   .text.lv_span_stack_init:00000018 $d
C:\Users\w1785\AppData\Local\Temp\ccRqOZjG.s:1384   .text.lv_span_stack_deinit:00000000 $t
C:\Users\w1785\AppData\Local\Temp\ccRqOZjG.s:1390   .text.lv_span_stack_deinit:00000000 lv_span_stack_deinit
C:\Users\w1785\AppData\Local\Temp\ccRqOZjG.s:1411   .text.lv_span_stack_deinit:00000010 $d
C:\Users\w1785\AppData\Local\Temp\ccRqOZjG.s:1416   .text.lv_spangroup_create:00000000 $t
C:\Users\w1785\AppData\Local\Temp\ccRqOZjG.s:1422   .text.lv_spangroup_create:00000000 lv_spangroup_create
C:\Users\w1785\AppData\Local\Temp\ccRqOZjG.s:1458   .text.lv_spangroup_create:00000014 $d
C:\Users\w1785\AppData\Local\Temp\ccRqOZjG.s:6935   .rodata.lv_spangroup_class:00000000 lv_spangroup_class
C:\Users\w1785\AppData\Local\Temp\ccRqOZjG.s:1463   .text.lv_span_set_text:00000000 $t
C:\Users\w1785\AppData\Local\Temp\ccRqOZjG.s:1469   .text.lv_span_set_text:00000000 lv_span_set_text
C:\Users\w1785\AppData\Local\Temp\ccRqOZjG.s:1586   .text.lv_span_set_text_fmt:00000000 $t
C:\Users\w1785\AppData\Local\Temp\ccRqOZjG.s:1592   .text.lv_span_set_text_fmt:00000000 lv_span_set_text_fmt
C:\Users\w1785\AppData\Local\Temp\ccRqOZjG.s:1702   .text.lv_span_set_text_static:00000000 $t
C:\Users\w1785\AppData\Local\Temp\ccRqOZjG.s:1708   .text.lv_span_set_text_static:00000000 lv_span_set_text_static
C:\Users\w1785\AppData\Local\Temp\ccRqOZjG.s:1778   .text.lv_spangroup_set_align:00000000 $t
C:\Users\w1785\AppData\Local\Temp\ccRqOZjG.s:1784   .text.lv_spangroup_set_align:00000000 lv_spangroup_set_align
C:\Users\w1785\AppData\Local\Temp\ccRqOZjG.s:1810   .text.lv_spangroup_set_overflow:00000000 $t
C:\Users\w1785\AppData\Local\Temp\ccRqOZjG.s:1816   .text.lv_spangroup_set_overflow:00000000 lv_spangroup_set_overflow
C:\Users\w1785\AppData\Local\Temp\ccRqOZjG.s:1883   .text.lv_span_get_style:00000000 $t
C:\Users\w1785\AppData\Local\Temp\ccRqOZjG.s:1889   .text.lv_span_get_style:00000000 lv_span_get_style
C:\Users\w1785\AppData\Local\Temp\ccRqOZjG.s:1907   .text.lv_span_get_text:00000000 $t
ARM GAS  C:\Users\w1785\AppData\Local\Temp\ccRqOZjG.s 			page 210


C:\Users\w1785\AppData\Local\Temp\ccRqOZjG.s:1913   .text.lv_span_get_text:00000000 lv_span_get_text
C:\Users\w1785\AppData\Local\Temp\ccRqOZjG.s:1931   .text.lv_spangroup_get_child:00000000 $t
C:\Users\w1785\AppData\Local\Temp\ccRqOZjG.s:1937   .text.lv_spangroup_get_child:00000000 lv_spangroup_get_child
C:\Users\w1785\AppData\Local\Temp\ccRqOZjG.s:2054   .text.lv_spangroup_get_span_count:00000000 $t
C:\Users\w1785\AppData\Local\Temp\ccRqOZjG.s:2060   .text.lv_spangroup_get_span_count:00000000 lv_spangroup_get_span_count
C:\Users\w1785\AppData\Local\Temp\ccRqOZjG.s:2110   .text.lv_spangroup_get_align:00000000 $t
C:\Users\w1785\AppData\Local\Temp\ccRqOZjG.s:2116   .text.lv_spangroup_get_align:00000000 lv_spangroup_get_align
C:\Users\w1785\AppData\Local\Temp\ccRqOZjG.s:2161   .text.lv_spangroup_get_overflow:00000000 $t
C:\Users\w1785\AppData\Local\Temp\ccRqOZjG.s:2167   .text.lv_spangroup_get_overflow:00000000 lv_spangroup_get_overflow
C:\Users\w1785\AppData\Local\Temp\ccRqOZjG.s:2201   .text.lv_spangroup_get_indent:00000000 $t
C:\Users\w1785\AppData\Local\Temp\ccRqOZjG.s:2207   .text.lv_spangroup_get_indent:00000000 lv_spangroup_get_indent
C:\Users\w1785\AppData\Local\Temp\ccRqOZjG.s:2240   .text.lv_spangroup_get_mode:00000000 $t
C:\Users\w1785\AppData\Local\Temp\ccRqOZjG.s:2246   .text.lv_spangroup_get_mode:00000000 lv_spangroup_get_mode
C:\Users\w1785\AppData\Local\Temp\ccRqOZjG.s:2352   .text.convert_indent_pct:00000000 $t
C:\Users\w1785\AppData\Local\Temp\ccRqOZjG.s:2357   .text.convert_indent_pct:00000000 convert_indent_pct
C:\Users\w1785\AppData\Local\Temp\ccRqOZjG.s:2440   .text.convert_indent_pct:00000058 $d
C:\Users\w1785\AppData\Local\Temp\ccRqOZjG.s:2445   .rodata.lv_draw_span.str1.4:00000000 $d
C:\Users\w1785\AppData\Local\Temp\ccRqOZjG.s:2455   .text.lv_draw_span:00000000 $t
C:\Users\w1785\AppData\Local\Temp\ccRqOZjG.s:2460   .text.lv_draw_span:00000000 lv_draw_span
C:\Users\w1785\AppData\Local\Temp\ccRqOZjG.s:3335   .text.lv_draw_span:000002fc $d
C:\Users\w1785\AppData\Local\Temp\ccRqOZjG.s:3344   .text.lv_draw_span:0000030c $t
C:\Users\w1785\AppData\Local\Temp\ccRqOZjG.s:3794   .text.lv_draw_span:00000500 $d
C:\Users\w1785\AppData\Local\Temp\ccRqOZjG.s:3799   .text.draw_main:00000000 $t
C:\Users\w1785\AppData\Local\Temp\ccRqOZjG.s:3804   .text.draw_main:00000000 draw_main
C:\Users\w1785\AppData\Local\Temp\ccRqOZjG.s:3849   .text.lv_spangroup_get_max_lines:00000000 $t
C:\Users\w1785\AppData\Local\Temp\ccRqOZjG.s:3855   .text.lv_spangroup_get_max_lines:00000000 lv_spangroup_get_max_lines
C:\Users\w1785\AppData\Local\Temp\ccRqOZjG.s:3888   .text.lv_spangroup_get_max_line_height:00000000 $t
C:\Users\w1785\AppData\Local\Temp\ccRqOZjG.s:3894   .text.lv_spangroup_get_max_line_height:00000000 lv_spangroup_get_max_line_height
C:\Users\w1785\AppData\Local\Temp\ccRqOZjG.s:4005   .text.lv_spangroup_get_expand_width:00000000 $t
C:\Users\w1785\AppData\Local\Temp\ccRqOZjG.s:4011   .text.lv_spangroup_get_expand_width:00000000 lv_spangroup_get_expand_width
C:\Users\w1785\AppData\Local\Temp\ccRqOZjG.s:4257   .text.lv_spangroup_get_expand_width:000000c8 $d
C:\Users\w1785\AppData\Local\Temp\ccRqOZjG.s:4263   .text.lv_spangroup_get_expand_height:00000000 $t
C:\Users\w1785\AppData\Local\Temp\ccRqOZjG.s:4269   .text.lv_spangroup_get_expand_height:00000000 lv_spangroup_get_expand_height
C:\Users\w1785\AppData\Local\Temp\ccRqOZjG.s:4993   .text.lv_spangroup_get_expand_height:00000280 $d
C:\Users\w1785\AppData\Local\Temp\ccRqOZjG.s:5001   .text.lv_spangroup_get_span_coords:00000000 $t
C:\Users\w1785\AppData\Local\Temp\ccRqOZjG.s:5007   .text.lv_spangroup_get_span_coords:00000000 lv_spangroup_get_span_coords
C:\Users\w1785\AppData\Local\Temp\ccRqOZjG.s:5255   .text.lv_spangroup_get_span_by_point:00000000 $t
C:\Users\w1785\AppData\Local\Temp\ccRqOZjG.s:5261   .text.lv_spangroup_get_span_by_point:00000000 lv_spangroup_get_span_by_point
C:\Users\w1785\AppData\Local\Temp\ccRqOZjG.s:5498   .text.lv_spangroup_refresh:00000000 $t
C:\Users\w1785\AppData\Local\Temp\ccRqOZjG.s:5504   .text.lv_spangroup_refresh:00000000 lv_spangroup_refresh
C:\Users\w1785\AppData\Local\Temp\ccRqOZjG.s:5539   .text.lv_spangroup_event:00000000 $t
C:\Users\w1785\AppData\Local\Temp\ccRqOZjG.s:5544   .text.lv_spangroup_event:00000000 lv_spangroup_event
C:\Users\w1785\AppData\Local\Temp\ccRqOZjG.s:5602   .text.lv_spangroup_event:00000030 $d
C:\Users\w1785\AppData\Local\Temp\ccRqOZjG.s:5627   .text.lv_spangroup_event:00000094 $t
C:\Users\w1785\AppData\Local\Temp\ccRqOZjG.s:5858   .text.lv_spangroup_event:00000170 $d
C:\Users\w1785\AppData\Local\Temp\ccRqOZjG.s:5864   .text.lv_spangroup_add_span:00000000 $t
C:\Users\w1785\AppData\Local\Temp\ccRqOZjG.s:5870   .text.lv_spangroup_add_span:00000000 lv_spangroup_add_span
C:\Users\w1785\AppData\Local\Temp\ccRqOZjG.s:5948   .text.lv_spangroup_add_span:00000034 $d
C:\Users\w1785\AppData\Local\Temp\ccRqOZjG.s:5953   .text.lv_spangroup_delete_span:00000000 $t
C:\Users\w1785\AppData\Local\Temp\ccRqOZjG.s:5959   .text.lv_spangroup_delete_span:00000000 lv_spangroup_delete_span
C:\Users\w1785\AppData\Local\Temp\ccRqOZjG.s:6077   .text.lv_spangroup_set_span_text:00000000 $t
C:\Users\w1785\AppData\Local\Temp\ccRqOZjG.s:6083   .text.lv_spangroup_set_span_text:00000000 lv_spangroup_set_span_text
C:\Users\w1785\AppData\Local\Temp\ccRqOZjG.s:6116   .text.lv_spangroup_set_span_text_static:00000000 $t
C:\Users\w1785\AppData\Local\Temp\ccRqOZjG.s:6122   .text.lv_spangroup_set_span_text_static:00000000 lv_spangroup_set_span_text_static
C:\Users\w1785\AppData\Local\Temp\ccRqOZjG.s:6155   .text.lv_spangroup_set_span_text_fmt:00000000 $t
C:\Users\w1785\AppData\Local\Temp\ccRqOZjG.s:6161   .text.lv_spangroup_set_span_text_fmt:00000000 lv_spangroup_set_span_text_fmt
C:\Users\w1785\AppData\Local\Temp\ccRqOZjG.s:6277   .text.span_text_observer_cb:00000000 $t
ARM GAS  C:\Users\w1785\AppData\Local\Temp\ccRqOZjG.s 			page 211


C:\Users\w1785\AppData\Local\Temp\ccRqOZjG.s:6282   .text.span_text_observer_cb:00000000 span_text_observer_cb
C:\Users\w1785\AppData\Local\Temp\ccRqOZjG.s:6360   .text.lv_spangroup_set_span_style:00000000 $t
C:\Users\w1785\AppData\Local\Temp\ccRqOZjG.s:6366   .text.lv_spangroup_set_span_style:00000000 lv_spangroup_set_span_style
C:\Users\w1785\AppData\Local\Temp\ccRqOZjG.s:6433   .text.lv_spangroup_set_indent:00000000 $t
C:\Users\w1785\AppData\Local\Temp\ccRqOZjG.s:6439   .text.lv_spangroup_set_indent:00000000 lv_spangroup_set_indent
C:\Users\w1785\AppData\Local\Temp\ccRqOZjG.s:6490   .text.lv_spangroup_set_mode:00000000 $t
C:\Users\w1785\AppData\Local\Temp\ccRqOZjG.s:6496   .text.lv_spangroup_set_mode:00000000 lv_spangroup_set_mode
C:\Users\w1785\AppData\Local\Temp\ccRqOZjG.s:6682   .text.lv_spangroup_set_max_lines:00000000 $t
C:\Users\w1785\AppData\Local\Temp\ccRqOZjG.s:6688   .text.lv_spangroup_set_max_lines:00000000 lv_spangroup_set_max_lines
C:\Users\w1785\AppData\Local\Temp\ccRqOZjG.s:6732   .rodata.lv_spangroup_bind_span_text.str1.4:00000000 $d
C:\Users\w1785\AppData\Local\Temp\ccRqOZjG.s:6736   .text.lv_spangroup_bind_span_text:00000000 $t
C:\Users\w1785\AppData\Local\Temp\ccRqOZjG.s:6742   .text.lv_spangroup_bind_span_text:00000000 lv_spangroup_bind_span_text
C:\Users\w1785\AppData\Local\Temp\ccRqOZjG.s:6921   .text.lv_spangroup_bind_span_text:00000078 $d
C:\Users\w1785\AppData\Local\Temp\ccRqOZjG.s:6928   .rodata.str1.4:00000000 $d
C:\Users\w1785\AppData\Local\Temp\ccRqOZjG.s:6932   .rodata.lv_spangroup_class:00000000 $d

UNDEFINED SYMBOLS
lv_global
lv_style_get_prop
lv_obj_get_style_prop
lv_memcpy
lv_text_get_next_line
lv_ll_get_head
lv_style_reset
lv_free
lv_ll_remove
lv_ll_init
memset
lv_area_set
lv_malloc
lv_obj_class_create_obj
lv_obj_class_init_obj
lv_strlen
lv_realloc
lv_text_set_text_vfmt
lv_obj_set_style_text_align
lv_obj_invalidate
lv_ll_get_prev
lv_ll_get_next
lv_ll_get_len
lv_obj_get_content_coords
lv_area_intersect
lv_area_get_width
lv_obj_get_style_opa_recursive
lv_memset
lv_draw_label_dsc_init
lv_font_get_line_height
lv_text_encoded_prev
lv_text_encoded_next
lv_font_get_glyph_width
lv_draw_label
lv_event_get_current_target
lv_event_get_layer
lv_point_set
lv_obj_get_content_width
lv_area_is_point_on
lv_obj_refresh_self_size
ARM GAS  C:\Users\w1785\AppData\Local\Temp\ccRqOZjG.s 			page 212


lv_obj_event_base
lv_event_get_code
lv_event_get_param
lv_obj_get_content_height
lv_ll_ins_tail
lv_style_init
lv_style_copy
lv_obj_set_width
lv_obj_set_height
lv_obj_set_content_height
lv_zalloc
lv_subject_add_observer_obj
lv_obj_class
