ARM GAS  C:\Users\w1785\AppData\Local\Temp\cc8eEorc.s 			page 1


   1              		.cpu cortex-m4
   2              		.arch armv7e-m
   3              		.fpu fpv4-sp-d16
   4              		.eabi_attribute 27, 1
   5              		.eabi_attribute 28, 1
   6              		.eabi_attribute 20, 1
   7              		.eabi_attribute 21, 1
   8              		.eabi_attribute 23, 3
   9              		.eabi_attribute 24, 1
  10              		.eabi_attribute 25, 1
  11              		.eabi_attribute 26, 1
  12              		.eabi_attribute 30, 1
  13              		.eabi_attribute 34, 1
  14              		.eabi_attribute 18, 4
  15              		.file	"lv_sprintf_builtin.c"
  16              		.text
  17              	.Ltext0:
  18              		.cfi_sections	.debug_frame
  19              		.file 1 "Middlewares/LVGL/lvgl/src/stdlib/builtin/lv_sprintf_builtin.c"
  20              		.section	.text._out_buffer,"ax",%progbits
  21              		.align	1
  22              		.syntax unified
  23              		.thumb
  24              		.thumb_func
  26              	_out_buffer:
  27              	.LVL0:
  28              	.LFB2:
   1:Middlewares/LVGL/lvgl/src/stdlib/builtin/lv_sprintf_builtin.c **** ///////////////////////////////////////////////////////////////////////////////
   2:Middlewares/LVGL/lvgl/src/stdlib/builtin/lv_sprintf_builtin.c **** // \author (c) Marco Paland (info@paland.com)
   3:Middlewares/LVGL/lvgl/src/stdlib/builtin/lv_sprintf_builtin.c **** //             2014-2019, PALANDesign Hannover, Germany
   4:Middlewares/LVGL/lvgl/src/stdlib/builtin/lv_sprintf_builtin.c **** //
   5:Middlewares/LVGL/lvgl/src/stdlib/builtin/lv_sprintf_builtin.c **** // \license The MIT License (MIT)
   6:Middlewares/LVGL/lvgl/src/stdlib/builtin/lv_sprintf_builtin.c **** //
   7:Middlewares/LVGL/lvgl/src/stdlib/builtin/lv_sprintf_builtin.c **** // Permission is hereby granted, free of charge, to any person obtaining a copy
   8:Middlewares/LVGL/lvgl/src/stdlib/builtin/lv_sprintf_builtin.c **** // of this software and associated documentation files (the "Software"), to deal
   9:Middlewares/LVGL/lvgl/src/stdlib/builtin/lv_sprintf_builtin.c **** // in the Software without restriction, including without limitation the rights
  10:Middlewares/LVGL/lvgl/src/stdlib/builtin/lv_sprintf_builtin.c **** // to use, copy, modify, merge, publish, distribute, sublicense, and/or sell
  11:Middlewares/LVGL/lvgl/src/stdlib/builtin/lv_sprintf_builtin.c **** // copies of the Software, and to permit persons to whom the Software is
  12:Middlewares/LVGL/lvgl/src/stdlib/builtin/lv_sprintf_builtin.c **** // furnished to do so, subject to the following conditions:
  13:Middlewares/LVGL/lvgl/src/stdlib/builtin/lv_sprintf_builtin.c **** //
  14:Middlewares/LVGL/lvgl/src/stdlib/builtin/lv_sprintf_builtin.c **** // The above copyright notice and this permission notice shall be included in
  15:Middlewares/LVGL/lvgl/src/stdlib/builtin/lv_sprintf_builtin.c **** // all copies or substantial portions of the Software.
  16:Middlewares/LVGL/lvgl/src/stdlib/builtin/lv_sprintf_builtin.c **** //
  17:Middlewares/LVGL/lvgl/src/stdlib/builtin/lv_sprintf_builtin.c **** // THE SOFTWARE IS PROVIDED "AS IS", WITHOUT WARRANTY OF ANY KIND, EXPRESS OR
  18:Middlewares/LVGL/lvgl/src/stdlib/builtin/lv_sprintf_builtin.c **** // IMPLIED, INCLUDING BUT NOT LIMITED TO THE WARRANTIES OF MERCHANTABILITY,
  19:Middlewares/LVGL/lvgl/src/stdlib/builtin/lv_sprintf_builtin.c **** // FITNESS FOR A PARTICULAR PURPOSE AND NONINFRINGEMENT. IN NO EVENT SHALL THE
  20:Middlewares/LVGL/lvgl/src/stdlib/builtin/lv_sprintf_builtin.c **** // AUTHORS OR COPYRIGHT HOLDERS BE LIABLE FOR ANY CLAIM, DAMAGES OR OTHER
  21:Middlewares/LVGL/lvgl/src/stdlib/builtin/lv_sprintf_builtin.c **** // LIABILITY, WHETHER IN AN ACTION OF CONTRACT, TORT OR OTHERWISE, ARISING FROM,
  22:Middlewares/LVGL/lvgl/src/stdlib/builtin/lv_sprintf_builtin.c **** // OUT OF OR IN CONNECTION WITH THE SOFTWARE OR THE USE OR OTHER DEALINGS IN
  23:Middlewares/LVGL/lvgl/src/stdlib/builtin/lv_sprintf_builtin.c **** // THE SOFTWARE.
  24:Middlewares/LVGL/lvgl/src/stdlib/builtin/lv_sprintf_builtin.c **** //
  25:Middlewares/LVGL/lvgl/src/stdlib/builtin/lv_sprintf_builtin.c **** // \brief Tiny printf, sprintf and (v)snprintf implementation, optimized for speed on
  26:Middlewares/LVGL/lvgl/src/stdlib/builtin/lv_sprintf_builtin.c **** //        embedded systems with a very limited resources. These routines are thread
  27:Middlewares/LVGL/lvgl/src/stdlib/builtin/lv_sprintf_builtin.c **** //        safe and reentrant!
  28:Middlewares/LVGL/lvgl/src/stdlib/builtin/lv_sprintf_builtin.c **** //        Use this instead of the bloated standard/newlib printf cause these use
  29:Middlewares/LVGL/lvgl/src/stdlib/builtin/lv_sprintf_builtin.c **** //        malloc for printf (and may not be thread safe).
  30:Middlewares/LVGL/lvgl/src/stdlib/builtin/lv_sprintf_builtin.c **** //
ARM GAS  C:\Users\w1785\AppData\Local\Temp\cc8eEorc.s 			page 2


  31:Middlewares/LVGL/lvgl/src/stdlib/builtin/lv_sprintf_builtin.c **** ///////////////////////////////////////////////////////////////////////////////
  32:Middlewares/LVGL/lvgl/src/stdlib/builtin/lv_sprintf_builtin.c **** 
  33:Middlewares/LVGL/lvgl/src/stdlib/builtin/lv_sprintf_builtin.c **** /*Original repository: https://github.com/mpaland/printf*/
  34:Middlewares/LVGL/lvgl/src/stdlib/builtin/lv_sprintf_builtin.c **** 
  35:Middlewares/LVGL/lvgl/src/stdlib/builtin/lv_sprintf_builtin.c **** #include "../../lv_conf_internal.h"
  36:Middlewares/LVGL/lvgl/src/stdlib/builtin/lv_sprintf_builtin.c **** #if LV_USE_STDLIB_SPRINTF == LV_STDLIB_BUILTIN
  37:Middlewares/LVGL/lvgl/src/stdlib/builtin/lv_sprintf_builtin.c **** 
  38:Middlewares/LVGL/lvgl/src/stdlib/builtin/lv_sprintf_builtin.c **** #include "../lv_sprintf.h"
  39:Middlewares/LVGL/lvgl/src/stdlib/builtin/lv_sprintf_builtin.c **** #include "../lv_string.h"
  40:Middlewares/LVGL/lvgl/src/stdlib/builtin/lv_sprintf_builtin.c **** #include "../../misc/lv_types.h"
  41:Middlewares/LVGL/lvgl/src/stdlib/builtin/lv_sprintf_builtin.c **** 
  42:Middlewares/LVGL/lvgl/src/stdlib/builtin/lv_sprintf_builtin.c **** #define PRINTF_DISABLE_SUPPORT_FLOAT    (!LV_USE_FLOAT)
  43:Middlewares/LVGL/lvgl/src/stdlib/builtin/lv_sprintf_builtin.c **** 
  44:Middlewares/LVGL/lvgl/src/stdlib/builtin/lv_sprintf_builtin.c **** // 'ntoa' conversion buffer size, this must be big enough to hold one converted
  45:Middlewares/LVGL/lvgl/src/stdlib/builtin/lv_sprintf_builtin.c **** // numeric number including padded zeros (dynamically created on stack)
  46:Middlewares/LVGL/lvgl/src/stdlib/builtin/lv_sprintf_builtin.c **** // default: 32 byte
  47:Middlewares/LVGL/lvgl/src/stdlib/builtin/lv_sprintf_builtin.c **** #ifndef PRINTF_NTOA_BUFFER_SIZE
  48:Middlewares/LVGL/lvgl/src/stdlib/builtin/lv_sprintf_builtin.c ****     #define PRINTF_NTOA_BUFFER_SIZE    32U
  49:Middlewares/LVGL/lvgl/src/stdlib/builtin/lv_sprintf_builtin.c **** #endif
  50:Middlewares/LVGL/lvgl/src/stdlib/builtin/lv_sprintf_builtin.c **** 
  51:Middlewares/LVGL/lvgl/src/stdlib/builtin/lv_sprintf_builtin.c **** // 'ftoa' conversion buffer size, this must be big enough to hold one converted
  52:Middlewares/LVGL/lvgl/src/stdlib/builtin/lv_sprintf_builtin.c **** // float number including padded zeros (dynamically created on stack)
  53:Middlewares/LVGL/lvgl/src/stdlib/builtin/lv_sprintf_builtin.c **** // default: 32 byte
  54:Middlewares/LVGL/lvgl/src/stdlib/builtin/lv_sprintf_builtin.c **** #ifndef PRINTF_FTOA_BUFFER_SIZE
  55:Middlewares/LVGL/lvgl/src/stdlib/builtin/lv_sprintf_builtin.c ****     #define PRINTF_FTOA_BUFFER_SIZE    32U
  56:Middlewares/LVGL/lvgl/src/stdlib/builtin/lv_sprintf_builtin.c **** #endif
  57:Middlewares/LVGL/lvgl/src/stdlib/builtin/lv_sprintf_builtin.c **** 
  58:Middlewares/LVGL/lvgl/src/stdlib/builtin/lv_sprintf_builtin.c **** // support for the floating point type (%f)
  59:Middlewares/LVGL/lvgl/src/stdlib/builtin/lv_sprintf_builtin.c **** // default: activated
  60:Middlewares/LVGL/lvgl/src/stdlib/builtin/lv_sprintf_builtin.c **** #if !PRINTF_DISABLE_SUPPORT_FLOAT
  61:Middlewares/LVGL/lvgl/src/stdlib/builtin/lv_sprintf_builtin.c ****     #define PRINTF_SUPPORT_FLOAT
  62:Middlewares/LVGL/lvgl/src/stdlib/builtin/lv_sprintf_builtin.c **** #endif
  63:Middlewares/LVGL/lvgl/src/stdlib/builtin/lv_sprintf_builtin.c **** 
  64:Middlewares/LVGL/lvgl/src/stdlib/builtin/lv_sprintf_builtin.c **** // support for exponential floating point notation (%e/%g)
  65:Middlewares/LVGL/lvgl/src/stdlib/builtin/lv_sprintf_builtin.c **** // default: activated
  66:Middlewares/LVGL/lvgl/src/stdlib/builtin/lv_sprintf_builtin.c **** #ifndef PRINTF_DISABLE_SUPPORT_EXPONENTIAL
  67:Middlewares/LVGL/lvgl/src/stdlib/builtin/lv_sprintf_builtin.c ****     #define PRINTF_SUPPORT_EXPONENTIAL
  68:Middlewares/LVGL/lvgl/src/stdlib/builtin/lv_sprintf_builtin.c **** #endif
  69:Middlewares/LVGL/lvgl/src/stdlib/builtin/lv_sprintf_builtin.c **** 
  70:Middlewares/LVGL/lvgl/src/stdlib/builtin/lv_sprintf_builtin.c **** // define the default floating point precision
  71:Middlewares/LVGL/lvgl/src/stdlib/builtin/lv_sprintf_builtin.c **** // default: 6 digits
  72:Middlewares/LVGL/lvgl/src/stdlib/builtin/lv_sprintf_builtin.c **** #ifndef PRINTF_DEFAULT_FLOAT_PRECISION
  73:Middlewares/LVGL/lvgl/src/stdlib/builtin/lv_sprintf_builtin.c ****     #define PRINTF_DEFAULT_FLOAT_PRECISION 6U
  74:Middlewares/LVGL/lvgl/src/stdlib/builtin/lv_sprintf_builtin.c **** #endif
  75:Middlewares/LVGL/lvgl/src/stdlib/builtin/lv_sprintf_builtin.c **** 
  76:Middlewares/LVGL/lvgl/src/stdlib/builtin/lv_sprintf_builtin.c **** // define the largest float suitable to print with %f
  77:Middlewares/LVGL/lvgl/src/stdlib/builtin/lv_sprintf_builtin.c **** // default: 1e9
  78:Middlewares/LVGL/lvgl/src/stdlib/builtin/lv_sprintf_builtin.c **** #ifndef PRINTF_MAX_FLOAT
  79:Middlewares/LVGL/lvgl/src/stdlib/builtin/lv_sprintf_builtin.c ****     #define PRINTF_MAX_FLOAT 1e9
  80:Middlewares/LVGL/lvgl/src/stdlib/builtin/lv_sprintf_builtin.c **** #endif
  81:Middlewares/LVGL/lvgl/src/stdlib/builtin/lv_sprintf_builtin.c **** 
  82:Middlewares/LVGL/lvgl/src/stdlib/builtin/lv_sprintf_builtin.c **** // support for the long long types (%llu or %p)
  83:Middlewares/LVGL/lvgl/src/stdlib/builtin/lv_sprintf_builtin.c **** // default: activated
  84:Middlewares/LVGL/lvgl/src/stdlib/builtin/lv_sprintf_builtin.c **** #ifndef PRINTF_DISABLE_SUPPORT_LONG_LONG
  85:Middlewares/LVGL/lvgl/src/stdlib/builtin/lv_sprintf_builtin.c ****     #define PRINTF_SUPPORT_LONG_LONG
  86:Middlewares/LVGL/lvgl/src/stdlib/builtin/lv_sprintf_builtin.c **** #endif
  87:Middlewares/LVGL/lvgl/src/stdlib/builtin/lv_sprintf_builtin.c **** 
ARM GAS  C:\Users\w1785\AppData\Local\Temp\cc8eEorc.s 			page 3


  88:Middlewares/LVGL/lvgl/src/stdlib/builtin/lv_sprintf_builtin.c **** // support for the ptrdiff_t type (%t)
  89:Middlewares/LVGL/lvgl/src/stdlib/builtin/lv_sprintf_builtin.c **** // ptrdiff_t is normally defined in <stddef.h> as long or long long type
  90:Middlewares/LVGL/lvgl/src/stdlib/builtin/lv_sprintf_builtin.c **** // default: activated
  91:Middlewares/LVGL/lvgl/src/stdlib/builtin/lv_sprintf_builtin.c **** #ifndef PRINTF_DISABLE_SUPPORT_PTRDIFF_T
  92:Middlewares/LVGL/lvgl/src/stdlib/builtin/lv_sprintf_builtin.c ****     #define PRINTF_SUPPORT_PTRDIFF_T
  93:Middlewares/LVGL/lvgl/src/stdlib/builtin/lv_sprintf_builtin.c **** #endif
  94:Middlewares/LVGL/lvgl/src/stdlib/builtin/lv_sprintf_builtin.c **** 
  95:Middlewares/LVGL/lvgl/src/stdlib/builtin/lv_sprintf_builtin.c **** ///////////////////////////////////////////////////////////////////////////////
  96:Middlewares/LVGL/lvgl/src/stdlib/builtin/lv_sprintf_builtin.c **** 
  97:Middlewares/LVGL/lvgl/src/stdlib/builtin/lv_sprintf_builtin.c **** // internal flag definitions
  98:Middlewares/LVGL/lvgl/src/stdlib/builtin/lv_sprintf_builtin.c **** #define FLAGS_ZEROPAD   (1U <<  0U)
  99:Middlewares/LVGL/lvgl/src/stdlib/builtin/lv_sprintf_builtin.c **** #define FLAGS_LEFT      (1U <<  1U)
 100:Middlewares/LVGL/lvgl/src/stdlib/builtin/lv_sprintf_builtin.c **** #define FLAGS_PLUS      (1U <<  2U)
 101:Middlewares/LVGL/lvgl/src/stdlib/builtin/lv_sprintf_builtin.c **** #define FLAGS_SPACE     (1U <<  3U)
 102:Middlewares/LVGL/lvgl/src/stdlib/builtin/lv_sprintf_builtin.c **** #define FLAGS_HASH      (1U <<  4U)
 103:Middlewares/LVGL/lvgl/src/stdlib/builtin/lv_sprintf_builtin.c **** #define FLAGS_UPPERCASE (1U <<  5U)
 104:Middlewares/LVGL/lvgl/src/stdlib/builtin/lv_sprintf_builtin.c **** #define FLAGS_CHAR      (1U <<  6U)
 105:Middlewares/LVGL/lvgl/src/stdlib/builtin/lv_sprintf_builtin.c **** #define FLAGS_SHORT     (1U <<  7U)
 106:Middlewares/LVGL/lvgl/src/stdlib/builtin/lv_sprintf_builtin.c **** #define FLAGS_LONG      (1U <<  8U)
 107:Middlewares/LVGL/lvgl/src/stdlib/builtin/lv_sprintf_builtin.c **** #define FLAGS_LONG_LONG (1U <<  9U)
 108:Middlewares/LVGL/lvgl/src/stdlib/builtin/lv_sprintf_builtin.c **** #define FLAGS_PRECISION (1U << 10U)
 109:Middlewares/LVGL/lvgl/src/stdlib/builtin/lv_sprintf_builtin.c **** #define FLAGS_ADAPT_EXP (1U << 11U)
 110:Middlewares/LVGL/lvgl/src/stdlib/builtin/lv_sprintf_builtin.c **** 
 111:Middlewares/LVGL/lvgl/src/stdlib/builtin/lv_sprintf_builtin.c **** typedef struct {
 112:Middlewares/LVGL/lvgl/src/stdlib/builtin/lv_sprintf_builtin.c ****     const char * fmt;
 113:Middlewares/LVGL/lvgl/src/stdlib/builtin/lv_sprintf_builtin.c ****     va_list * va;
 114:Middlewares/LVGL/lvgl/src/stdlib/builtin/lv_sprintf_builtin.c **** } lv_vaformat_t;
 115:Middlewares/LVGL/lvgl/src/stdlib/builtin/lv_sprintf_builtin.c **** 
 116:Middlewares/LVGL/lvgl/src/stdlib/builtin/lv_sprintf_builtin.c **** // import float.h for DBL_MAX
 117:Middlewares/LVGL/lvgl/src/stdlib/builtin/lv_sprintf_builtin.c **** #if defined(PRINTF_SUPPORT_FLOAT)
 118:Middlewares/LVGL/lvgl/src/stdlib/builtin/lv_sprintf_builtin.c ****     #include <float.h>
 119:Middlewares/LVGL/lvgl/src/stdlib/builtin/lv_sprintf_builtin.c **** #endif
 120:Middlewares/LVGL/lvgl/src/stdlib/builtin/lv_sprintf_builtin.c **** 
 121:Middlewares/LVGL/lvgl/src/stdlib/builtin/lv_sprintf_builtin.c **** // output function type
 122:Middlewares/LVGL/lvgl/src/stdlib/builtin/lv_sprintf_builtin.c **** typedef void (*out_fct_type)(char character, void * buffer, size_t idx, size_t maxlen);
 123:Middlewares/LVGL/lvgl/src/stdlib/builtin/lv_sprintf_builtin.c **** 
 124:Middlewares/LVGL/lvgl/src/stdlib/builtin/lv_sprintf_builtin.c **** // wrapper (used as buffer) for output function type
 125:Middlewares/LVGL/lvgl/src/stdlib/builtin/lv_sprintf_builtin.c **** typedef struct {
 126:Middlewares/LVGL/lvgl/src/stdlib/builtin/lv_sprintf_builtin.c ****     void (*fct)(char character, void * arg);
 127:Middlewares/LVGL/lvgl/src/stdlib/builtin/lv_sprintf_builtin.c ****     void * arg;
 128:Middlewares/LVGL/lvgl/src/stdlib/builtin/lv_sprintf_builtin.c **** } out_fct_wrap_type;
 129:Middlewares/LVGL/lvgl/src/stdlib/builtin/lv_sprintf_builtin.c **** 
 130:Middlewares/LVGL/lvgl/src/stdlib/builtin/lv_sprintf_builtin.c **** // internal buffer output
 131:Middlewares/LVGL/lvgl/src/stdlib/builtin/lv_sprintf_builtin.c **** static inline void _out_buffer(char character, void * buffer, size_t idx, size_t maxlen)
 132:Middlewares/LVGL/lvgl/src/stdlib/builtin/lv_sprintf_builtin.c **** {
  29              		.loc 1 132 1 view -0
  30              		.cfi_startproc
  31              		@ args = 0, pretend = 0, frame = 0
  32              		@ frame_needed = 0, uses_anonymous_args = 0
  33              		@ link register save eliminated.
 133:Middlewares/LVGL/lvgl/src/stdlib/builtin/lv_sprintf_builtin.c ****     if(idx < maxlen) {
  34              		.loc 1 133 5 view .LVU1
  35              		.loc 1 133 7 is_stmt 0 view .LVU2
  36 0000 9A42     		cmp	r2, r3
  37 0002 00D2     		bcs	.L1
 134:Middlewares/LVGL/lvgl/src/stdlib/builtin/lv_sprintf_builtin.c ****         ((char *)buffer)[idx] = character;
  38              		.loc 1 134 9 is_stmt 1 view .LVU3
ARM GAS  C:\Users\w1785\AppData\Local\Temp\cc8eEorc.s 			page 4


  39              		.loc 1 134 31 is_stmt 0 view .LVU4
  40 0004 8854     		strb	r0, [r1, r2]
  41              	.L1:
 135:Middlewares/LVGL/lvgl/src/stdlib/builtin/lv_sprintf_builtin.c ****     }
 136:Middlewares/LVGL/lvgl/src/stdlib/builtin/lv_sprintf_builtin.c **** }
  42              		.loc 1 136 1 view .LVU5
  43 0006 7047     		bx	lr
  44              		.cfi_endproc
  45              	.LFE2:
  47              		.section	.text._out_null,"ax",%progbits
  48              		.align	1
  49              		.syntax unified
  50              		.thumb
  51              		.thumb_func
  53              	_out_null:
  54              	.LVL1:
  55              	.LFB3:
 137:Middlewares/LVGL/lvgl/src/stdlib/builtin/lv_sprintf_builtin.c **** 
 138:Middlewares/LVGL/lvgl/src/stdlib/builtin/lv_sprintf_builtin.c **** // internal null output
 139:Middlewares/LVGL/lvgl/src/stdlib/builtin/lv_sprintf_builtin.c **** static inline void _out_null(char character, void * buffer, size_t idx, size_t maxlen)
 140:Middlewares/LVGL/lvgl/src/stdlib/builtin/lv_sprintf_builtin.c **** {
  56              		.loc 1 140 1 is_stmt 1 view -0
  57              		.cfi_startproc
  58              		@ args = 0, pretend = 0, frame = 0
  59              		@ frame_needed = 0, uses_anonymous_args = 0
  60              		@ link register save eliminated.
 141:Middlewares/LVGL/lvgl/src/stdlib/builtin/lv_sprintf_builtin.c ****     LV_UNUSED(character);
  61              		.loc 1 141 5 view .LVU7
 142:Middlewares/LVGL/lvgl/src/stdlib/builtin/lv_sprintf_builtin.c ****     LV_UNUSED(buffer);
  62              		.loc 1 142 5 view .LVU8
 143:Middlewares/LVGL/lvgl/src/stdlib/builtin/lv_sprintf_builtin.c ****     LV_UNUSED(idx);
  63              		.loc 1 143 5 view .LVU9
 144:Middlewares/LVGL/lvgl/src/stdlib/builtin/lv_sprintf_builtin.c ****     LV_UNUSED(maxlen);
  64              		.loc 1 144 5 view .LVU10
 145:Middlewares/LVGL/lvgl/src/stdlib/builtin/lv_sprintf_builtin.c **** }
  65              		.loc 1 145 1 is_stmt 0 view .LVU11
  66 0000 7047     		bx	lr
  67              		.cfi_endproc
  68              	.LFE3:
  70              		.section	.text._atoi,"ax",%progbits
  71              		.align	1
  72              		.syntax unified
  73              		.thumb
  74              		.thumb_func
  76              	_atoi:
  77              	.LVL2:
  78              	.LFB5:
 146:Middlewares/LVGL/lvgl/src/stdlib/builtin/lv_sprintf_builtin.c **** 
 147:Middlewares/LVGL/lvgl/src/stdlib/builtin/lv_sprintf_builtin.c **** // internal test if char is a digit (0-9)
 148:Middlewares/LVGL/lvgl/src/stdlib/builtin/lv_sprintf_builtin.c **** // \return true if char is a digit
 149:Middlewares/LVGL/lvgl/src/stdlib/builtin/lv_sprintf_builtin.c **** static inline bool _is_digit(char ch)
 150:Middlewares/LVGL/lvgl/src/stdlib/builtin/lv_sprintf_builtin.c **** {
 151:Middlewares/LVGL/lvgl/src/stdlib/builtin/lv_sprintf_builtin.c ****     return (ch >= '0') && (ch <= '9');
 152:Middlewares/LVGL/lvgl/src/stdlib/builtin/lv_sprintf_builtin.c **** }
 153:Middlewares/LVGL/lvgl/src/stdlib/builtin/lv_sprintf_builtin.c **** 
 154:Middlewares/LVGL/lvgl/src/stdlib/builtin/lv_sprintf_builtin.c **** // internal ASCII string to unsigned int conversion
 155:Middlewares/LVGL/lvgl/src/stdlib/builtin/lv_sprintf_builtin.c **** static unsigned int _atoi(const char ** str)
ARM GAS  C:\Users\w1785\AppData\Local\Temp\cc8eEorc.s 			page 5


 156:Middlewares/LVGL/lvgl/src/stdlib/builtin/lv_sprintf_builtin.c **** {
  79              		.loc 1 156 1 is_stmt 1 view -0
  80              		.cfi_startproc
  81              		@ args = 0, pretend = 0, frame = 0
  82              		@ frame_needed = 0, uses_anonymous_args = 0
  83              		@ link register save eliminated.
  84              		.loc 1 156 1 is_stmt 0 view .LVU13
  85 0000 0146     		mov	r1, r0
 157:Middlewares/LVGL/lvgl/src/stdlib/builtin/lv_sprintf_builtin.c ****     unsigned int i = 0U;
  86              		.loc 1 157 5 is_stmt 1 view .LVU14
  87              	.LVL3:
 158:Middlewares/LVGL/lvgl/src/stdlib/builtin/lv_sprintf_builtin.c ****     while(_is_digit(**str)) {
  88              		.loc 1 158 5 view .LVU15
 157:Middlewares/LVGL/lvgl/src/stdlib/builtin/lv_sprintf_builtin.c ****     unsigned int i = 0U;
  89              		.loc 1 157 18 is_stmt 0 view .LVU16
  90 0002 0020     		movs	r0, #0
  91              	.LVL4:
  92              		.loc 1 158 10 view .LVU17
  93 0004 08E0     		b	.L5
  94              	.LVL5:
  95              	.L6:
 159:Middlewares/LVGL/lvgl/src/stdlib/builtin/lv_sprintf_builtin.c ****         i = i * 10U + (unsigned int)(*((*str)++) - '0');
  96              		.loc 1 159 9 is_stmt 1 view .LVU18
  97              		.loc 1 159 15 is_stmt 0 view .LVU19
  98 0006 00EB8000 		add	r0, r0, r0, lsl #2
  99              	.LVL6:
 100              		.loc 1 159 46 view .LVU20
 101 000a 531C     		adds	r3, r2, #1
 102 000c 0B60     		str	r3, [r1]
 103              		.loc 1 159 38 view .LVU21
 104 000e 1378     		ldrb	r3, [r2]	@ zero_extendqisi2
 105              		.loc 1 159 21 view .LVU22
 106 0010 03EB4003 		add	r3, r3, r0, lsl #1
 107              		.loc 1 159 11 view .LVU23
 108 0014 A3F13000 		sub	r0, r3, #48
 109              	.LVL7:
 110              	.L5:
 158:Middlewares/LVGL/lvgl/src/stdlib/builtin/lv_sprintf_builtin.c ****     while(_is_digit(**str)) {
 111              		.loc 1 158 11 is_stmt 1 view .LVU24
 158:Middlewares/LVGL/lvgl/src/stdlib/builtin/lv_sprintf_builtin.c ****     while(_is_digit(**str)) {
 112              		.loc 1 158 22 is_stmt 0 view .LVU25
 113 0018 0A68     		ldr	r2, [r1]
 158:Middlewares/LVGL/lvgl/src/stdlib/builtin/lv_sprintf_builtin.c ****     while(_is_digit(**str)) {
 114              		.loc 1 158 11 view .LVU26
 115 001a 1378     		ldrb	r3, [r2]	@ zero_extendqisi2
 116              	.LVL8:
 117              	.LBB18:
 118              	.LBI18:
 149:Middlewares/LVGL/lvgl/src/stdlib/builtin/lv_sprintf_builtin.c **** {
 119              		.loc 1 149 20 is_stmt 1 view .LVU27
 120              	.LBB19:
 151:Middlewares/LVGL/lvgl/src/stdlib/builtin/lv_sprintf_builtin.c **** }
 121              		.loc 1 151 5 view .LVU28
 151:Middlewares/LVGL/lvgl/src/stdlib/builtin/lv_sprintf_builtin.c **** }
 122              		.loc 1 151 24 is_stmt 0 view .LVU29
 123 001c 303B     		subs	r3, r3, #48
 124 001e DBB2     		uxtb	r3, r3
ARM GAS  C:\Users\w1785\AppData\Local\Temp\cc8eEorc.s 			page 6


 125              	.LVL9:
 151:Middlewares/LVGL/lvgl/src/stdlib/builtin/lv_sprintf_builtin.c **** }
 126              		.loc 1 151 24 view .LVU30
 127              	.LBE19:
 128              	.LBE18:
 158:Middlewares/LVGL/lvgl/src/stdlib/builtin/lv_sprintf_builtin.c ****         i = i * 10U + (unsigned int)(*((*str)++) - '0');
 129              		.loc 1 158 11 discriminator 1 view .LVU31
 130 0020 092B     		cmp	r3, #9
 131 0022 F0D9     		bls	.L6
 160:Middlewares/LVGL/lvgl/src/stdlib/builtin/lv_sprintf_builtin.c ****     }
 161:Middlewares/LVGL/lvgl/src/stdlib/builtin/lv_sprintf_builtin.c ****     return i;
 132              		.loc 1 161 5 is_stmt 1 view .LVU32
 162:Middlewares/LVGL/lvgl/src/stdlib/builtin/lv_sprintf_builtin.c **** }
 133              		.loc 1 162 1 is_stmt 0 view .LVU33
 134 0024 7047     		bx	lr
 135              		.cfi_endproc
 136              	.LFE5:
 138              		.section	.text._out_rev,"ax",%progbits
 139              		.align	1
 140              		.syntax unified
 141              		.thumb
 142              		.thumb_func
 144              	_out_rev:
 145              	.LVL10:
 146              	.LFB6:
 163:Middlewares/LVGL/lvgl/src/stdlib/builtin/lv_sprintf_builtin.c **** 
 164:Middlewares/LVGL/lvgl/src/stdlib/builtin/lv_sprintf_builtin.c **** // output the specified string in reverse, taking care of any zero-padding
 165:Middlewares/LVGL/lvgl/src/stdlib/builtin/lv_sprintf_builtin.c **** static size_t _out_rev(out_fct_type out, char * buffer, size_t idx, size_t maxlen, const char * buf
 166:Middlewares/LVGL/lvgl/src/stdlib/builtin/lv_sprintf_builtin.c ****                        unsigned int width, unsigned int flags)
 167:Middlewares/LVGL/lvgl/src/stdlib/builtin/lv_sprintf_builtin.c **** {
 147              		.loc 1 167 1 is_stmt 1 view -0
 148              		.cfi_startproc
 149              		@ args = 16, pretend = 0, frame = 8
 150              		@ frame_needed = 0, uses_anonymous_args = 0
 151              		.loc 1 167 1 is_stmt 0 view .LVU35
 152 0000 2DE9F04F 		push	{r4, r5, r6, r7, r8, r9, r10, fp, lr}
 153              	.LCFI0:
 154              		.cfi_def_cfa_offset 36
 155              		.cfi_offset 4, -36
 156              		.cfi_offset 5, -32
 157              		.cfi_offset 6, -28
 158              		.cfi_offset 7, -24
 159              		.cfi_offset 8, -20
 160              		.cfi_offset 9, -16
 161              		.cfi_offset 10, -12
 162              		.cfi_offset 11, -8
 163              		.cfi_offset 14, -4
 164 0004 83B0     		sub	sp, sp, #12
 165              	.LCFI1:
 166              		.cfi_def_cfa_offset 48
 167 0006 0546     		mov	r5, r0
 168 0008 0E46     		mov	r6, r1
 169 000a 9346     		mov	fp, r2
 170 000c 1F46     		mov	r7, r3
 171 000e DDF830A0 		ldr	r10, [sp, #48]
 172 0012 0D9C     		ldr	r4, [sp, #52]
 173 0014 DDF83890 		ldr	r9, [sp, #56]
ARM GAS  C:\Users\w1785\AppData\Local\Temp\cc8eEorc.s 			page 7


 168:Middlewares/LVGL/lvgl/src/stdlib/builtin/lv_sprintf_builtin.c ****     const size_t start_idx = idx;
 174              		.loc 1 168 5 is_stmt 1 view .LVU36
 175              	.LVL11:
 169:Middlewares/LVGL/lvgl/src/stdlib/builtin/lv_sprintf_builtin.c **** 
 170:Middlewares/LVGL/lvgl/src/stdlib/builtin/lv_sprintf_builtin.c ****     // pad spaces up to given width
 171:Middlewares/LVGL/lvgl/src/stdlib/builtin/lv_sprintf_builtin.c ****     if(!(flags & FLAGS_LEFT) && !(flags & FLAGS_ZEROPAD)) {
 176              		.loc 1 171 5 view .LVU37
 177              		.loc 1 171 7 is_stmt 0 view .LVU38
 178 0018 0F9B     		ldr	r3, [sp, #60]
 179              	.LVL12:
 180              		.loc 1 171 7 view .LVU39
 181 001a 13F0030F 		tst	r3, #3
 182 001e 19D1     		bne	.L11
 183              	.LBB20:
 172:Middlewares/LVGL/lvgl/src/stdlib/builtin/lv_sprintf_builtin.c ****         size_t i;
 173:Middlewares/LVGL/lvgl/src/stdlib/builtin/lv_sprintf_builtin.c ****         for(i = len; i < width; i++) {
 184              		.loc 1 173 15 view .LVU40
 185 0020 A046     		mov	r8, r4
 186              	.LBE20:
 187 0022 0192     		str	r2, [sp, #4]
 188 0024 08E0     		b	.L8
 189              	.LVL13:
 190              	.L10:
 191              	.LBB21:
 174:Middlewares/LVGL/lvgl/src/stdlib/builtin/lv_sprintf_builtin.c ****             out(' ', buffer, idx++, maxlen);
 192              		.loc 1 174 13 is_stmt 1 view .LVU41
 193 0026 02F1010B 		add	fp, r2, #1
 194              	.LVL14:
 195              		.loc 1 174 13 is_stmt 0 view .LVU42
 196 002a 3B46     		mov	r3, r7
 197 002c 3146     		mov	r1, r6
 198 002e 2020     		movs	r0, #32
 199 0030 A847     		blx	r5
 200              	.LVL15:
 173:Middlewares/LVGL/lvgl/src/stdlib/builtin/lv_sprintf_builtin.c ****             out(' ', buffer, idx++, maxlen);
 201              		.loc 1 173 34 is_stmt 1 discriminator 3 view .LVU43
 202 0032 08F10108 		add	r8, r8, #1
 203              	.LVL16:
 204              		.loc 1 174 13 is_stmt 0 view .LVU44
 205 0036 5A46     		mov	r2, fp
 206              	.LVL17:
 207              	.L8:
 173:Middlewares/LVGL/lvgl/src/stdlib/builtin/lv_sprintf_builtin.c ****             out(' ', buffer, idx++, maxlen);
 208              		.loc 1 173 24 is_stmt 1 discriminator 1 view .LVU45
 209 0038 C845     		cmp	r8, r9
 210 003a F4D3     		bcc	.L10
 173:Middlewares/LVGL/lvgl/src/stdlib/builtin/lv_sprintf_builtin.c ****             out(' ', buffer, idx++, maxlen);
 211              		.loc 1 173 24 is_stmt 0 discriminator 1 view .LVU46
 212 003c DDF804B0 		ldr	fp, [sp, #4]
 213 0040 08E0     		b	.L11
 214              	.LVL18:
 215              	.L12:
 173:Middlewares/LVGL/lvgl/src/stdlib/builtin/lv_sprintf_builtin.c ****             out(' ', buffer, idx++, maxlen);
 216              		.loc 1 173 24 discriminator 1 view .LVU47
 217              	.LBE21:
 175:Middlewares/LVGL/lvgl/src/stdlib/builtin/lv_sprintf_builtin.c ****         }
 176:Middlewares/LVGL/lvgl/src/stdlib/builtin/lv_sprintf_builtin.c ****     }
ARM GAS  C:\Users\w1785\AppData\Local\Temp\cc8eEorc.s 			page 8


 177:Middlewares/LVGL/lvgl/src/stdlib/builtin/lv_sprintf_builtin.c **** 
 178:Middlewares/LVGL/lvgl/src/stdlib/builtin/lv_sprintf_builtin.c ****     // reverse string
 179:Middlewares/LVGL/lvgl/src/stdlib/builtin/lv_sprintf_builtin.c ****     while(len) {
 180:Middlewares/LVGL/lvgl/src/stdlib/builtin/lv_sprintf_builtin.c ****         out(buf[--len], buffer, idx++, maxlen);
 218              		.loc 1 180 9 is_stmt 1 view .LVU48
 219 0042 013C     		subs	r4, r4, #1
 220              	.LVL19:
 221              		.loc 1 180 9 is_stmt 0 view .LVU49
 222 0044 02F10108 		add	r8, r2, #1
 223              	.LVL20:
 224              		.loc 1 180 9 view .LVU50
 225 0048 3B46     		mov	r3, r7
 226 004a 3146     		mov	r1, r6
 227 004c 1AF80400 		ldrb	r0, [r10, r4]	@ zero_extendqisi2
 228 0050 A847     		blx	r5
 229              	.LVL21:
 230 0052 4246     		mov	r2, r8
 231              	.LVL22:
 232              	.L11:
 179:Middlewares/LVGL/lvgl/src/stdlib/builtin/lv_sprintf_builtin.c ****         out(buf[--len], buffer, idx++, maxlen);
 233              		.loc 1 179 11 is_stmt 1 view .LVU51
 234 0054 002C     		cmp	r4, #0
 235 0056 F4D1     		bne	.L12
 181:Middlewares/LVGL/lvgl/src/stdlib/builtin/lv_sprintf_builtin.c ****     }
 182:Middlewares/LVGL/lvgl/src/stdlib/builtin/lv_sprintf_builtin.c **** 
 183:Middlewares/LVGL/lvgl/src/stdlib/builtin/lv_sprintf_builtin.c ****     // append pad spaces up to given width
 184:Middlewares/LVGL/lvgl/src/stdlib/builtin/lv_sprintf_builtin.c ****     if(flags & FLAGS_LEFT) {
 236              		.loc 1 184 5 view .LVU52
 237              		.loc 1 184 7 is_stmt 0 view .LVU53
 238 0058 0F9B     		ldr	r3, [sp, #60]
 239 005a 13F0020F 		tst	r3, #2
 240 005e 09D1     		bne	.L13
 241              	.LVL23:
 242              	.L7:
 185:Middlewares/LVGL/lvgl/src/stdlib/builtin/lv_sprintf_builtin.c ****         while(idx - start_idx < width) {
 186:Middlewares/LVGL/lvgl/src/stdlib/builtin/lv_sprintf_builtin.c ****             out(' ', buffer, idx++, maxlen);
 187:Middlewares/LVGL/lvgl/src/stdlib/builtin/lv_sprintf_builtin.c ****         }
 188:Middlewares/LVGL/lvgl/src/stdlib/builtin/lv_sprintf_builtin.c ****     }
 189:Middlewares/LVGL/lvgl/src/stdlib/builtin/lv_sprintf_builtin.c **** 
 190:Middlewares/LVGL/lvgl/src/stdlib/builtin/lv_sprintf_builtin.c ****     return idx;
 191:Middlewares/LVGL/lvgl/src/stdlib/builtin/lv_sprintf_builtin.c **** }
 243              		.loc 1 191 1 view .LVU54
 244 0060 1046     		mov	r0, r2
 245 0062 03B0     		add	sp, sp, #12
 246              	.LCFI2:
 247              		.cfi_remember_state
 248              		.cfi_def_cfa_offset 36
 249              		@ sp needed
 250 0064 BDE8F08F 		pop	{r4, r5, r6, r7, r8, r9, r10, fp, pc}
 251              	.LVL24:
 252              	.L15:
 253              	.LCFI3:
 254              		.cfi_restore_state
 186:Middlewares/LVGL/lvgl/src/stdlib/builtin/lv_sprintf_builtin.c ****         }
 255              		.loc 1 186 13 is_stmt 1 view .LVU55
 256 0068 541C     		adds	r4, r2, #1
 257              	.LVL25:
ARM GAS  C:\Users\w1785\AppData\Local\Temp\cc8eEorc.s 			page 9


 186:Middlewares/LVGL/lvgl/src/stdlib/builtin/lv_sprintf_builtin.c ****         }
 258              		.loc 1 186 13 is_stmt 0 view .LVU56
 259 006a 3B46     		mov	r3, r7
 260 006c 3146     		mov	r1, r6
 261 006e 2020     		movs	r0, #32
 262 0070 A847     		blx	r5
 263              	.LVL26:
 264 0072 2246     		mov	r2, r4
 265              	.LVL27:
 266              	.L13:
 185:Middlewares/LVGL/lvgl/src/stdlib/builtin/lv_sprintf_builtin.c ****         while(idx - start_idx < width) {
 267              		.loc 1 185 31 is_stmt 1 view .LVU57
 185:Middlewares/LVGL/lvgl/src/stdlib/builtin/lv_sprintf_builtin.c ****         while(idx - start_idx < width) {
 268              		.loc 1 185 19 is_stmt 0 view .LVU58
 269 0074 A2EB0B03 		sub	r3, r2, fp
 185:Middlewares/LVGL/lvgl/src/stdlib/builtin/lv_sprintf_builtin.c ****         while(idx - start_idx < width) {
 270              		.loc 1 185 31 view .LVU59
 271 0078 4B45     		cmp	r3, r9
 272 007a F5D3     		bcc	.L15
 185:Middlewares/LVGL/lvgl/src/stdlib/builtin/lv_sprintf_builtin.c ****         while(idx - start_idx < width) {
 273              		.loc 1 185 31 view .LVU60
 274 007c F0E7     		b	.L7
 275              		.cfi_endproc
 276              	.LFE6:
 278              		.section	.text._ntoa_format,"ax",%progbits
 279              		.align	1
 280              		.syntax unified
 281              		.thumb
 282              		.thumb_func
 284              	_ntoa_format:
 285              	.LVL28:
 286              	.LFB7:
 192:Middlewares/LVGL/lvgl/src/stdlib/builtin/lv_sprintf_builtin.c **** 
 193:Middlewares/LVGL/lvgl/src/stdlib/builtin/lv_sprintf_builtin.c **** // internal itoa format
 194:Middlewares/LVGL/lvgl/src/stdlib/builtin/lv_sprintf_builtin.c **** static size_t _ntoa_format(out_fct_type out, char * buffer, size_t idx, size_t maxlen, char * buf, 
 195:Middlewares/LVGL/lvgl/src/stdlib/builtin/lv_sprintf_builtin.c ****                            bool negative, unsigned int base, unsigned int prec, unsigned int width,
 196:Middlewares/LVGL/lvgl/src/stdlib/builtin/lv_sprintf_builtin.c **** {
 287              		.loc 1 196 1 is_stmt 1 view -0
 288              		.cfi_startproc
 289              		@ args = 28, pretend = 0, frame = 0
 290              		@ frame_needed = 0, uses_anonymous_args = 0
 291              		.loc 1 196 1 is_stmt 0 view .LVU62
 292 0000 2DE9F043 		push	{r4, r5, r6, r7, r8, r9, lr}
 293              	.LCFI4:
 294              		.cfi_def_cfa_offset 28
 295              		.cfi_offset 4, -28
 296              		.cfi_offset 5, -24
 297              		.cfi_offset 6, -20
 298              		.cfi_offset 7, -16
 299              		.cfi_offset 8, -12
 300              		.cfi_offset 9, -8
 301              		.cfi_offset 14, -4
 302 0004 85B0     		sub	sp, sp, #20
 303              	.LCFI5:
 304              		.cfi_def_cfa_offset 48
 305 0006 9946     		mov	r9, r3
 306 0008 0C9D     		ldr	r5, [sp, #48]
ARM GAS  C:\Users\w1785\AppData\Local\Temp\cc8eEorc.s 			page 10


 307 000a 0D9C     		ldr	r4, [sp, #52]
 308 000c 9DF83880 		ldrb	r8, [sp, #56]	@ zero_extendqisi2
 309 0010 DDF840E0 		ldr	lr, [sp, #64]
 310 0014 119F     		ldr	r7, [sp, #68]
 311 0016 129E     		ldr	r6, [sp, #72]
 197:Middlewares/LVGL/lvgl/src/stdlib/builtin/lv_sprintf_builtin.c ****     // pad leading zeros
 198:Middlewares/LVGL/lvgl/src/stdlib/builtin/lv_sprintf_builtin.c ****     if(!(flags & FLAGS_LEFT)) {
 312              		.loc 1 198 5 is_stmt 1 view .LVU63
 313              		.loc 1 198 7 is_stmt 0 view .LVU64
 314 0018 16F0020F 		tst	r6, #2
 315 001c 21D1     		bne	.L20
 199:Middlewares/LVGL/lvgl/src/stdlib/builtin/lv_sprintf_builtin.c ****         if(width && (flags & FLAGS_ZEROPAD) && (negative || (flags & (FLAGS_PLUS | FLAGS_SPACE)))) 
 316              		.loc 1 199 9 is_stmt 1 view .LVU65
 317              		.loc 1 199 11 is_stmt 0 view .LVU66
 318 001e 7FB1     		cbz	r7, .L23
 319              		.loc 1 199 18 discriminator 1 view .LVU67
 320 0020 16F0010F 		tst	r6, #1
 321 0024 0CD0     		beq	.L23
 322              		.loc 1 199 45 discriminator 2 view .LVU68
 323 0026 B8F1000F 		cmp	r8, #0
 324 002a 02D1     		bne	.L22
 325              		.loc 1 199 58 discriminator 3 view .LVU69
 326 002c 16F00C0F 		tst	r6, #12
 327 0030 06D0     		beq	.L23
 328              	.L22:
 200:Middlewares/LVGL/lvgl/src/stdlib/builtin/lv_sprintf_builtin.c ****             width--;
 329              		.loc 1 200 13 is_stmt 1 view .LVU70
 330              		.loc 1 200 18 is_stmt 0 view .LVU71
 331 0032 013F     		subs	r7, r7, #1
 332              	.LVL29:
 333              		.loc 1 200 18 view .LVU72
 334 0034 04E0     		b	.L23
 335              	.LVL30:
 336              	.L25:
 201:Middlewares/LVGL/lvgl/src/stdlib/builtin/lv_sprintf_builtin.c ****         }
 202:Middlewares/LVGL/lvgl/src/stdlib/builtin/lv_sprintf_builtin.c ****         while((len < prec) && (len < PRINTF_NTOA_BUFFER_SIZE)) {
 203:Middlewares/LVGL/lvgl/src/stdlib/builtin/lv_sprintf_builtin.c ****             buf[len++] = '0';
 337              		.loc 1 203 13 is_stmt 1 view .LVU73
 338              		.loc 1 203 24 is_stmt 0 view .LVU74
 339 0036 4FF0300C 		mov	ip, #48
 340 003a 05F804C0 		strb	ip, [r5, r4]
 341              		.loc 1 203 20 view .LVU75
 342 003e 0134     		adds	r4, r4, #1
 343              	.LVL31:
 344              	.L23:
 202:Middlewares/LVGL/lvgl/src/stdlib/builtin/lv_sprintf_builtin.c ****             buf[len++] = '0';
 345              		.loc 1 202 28 is_stmt 1 view .LVU76
 346 0040 7445     		cmp	r4, lr
 347 0042 01D2     		bcs	.L26
 202:Middlewares/LVGL/lvgl/src/stdlib/builtin/lv_sprintf_builtin.c ****             buf[len++] = '0';
 348              		.loc 1 202 28 is_stmt 0 discriminator 1 view .LVU77
 349 0044 1F2C     		cmp	r4, #31
 350 0046 F6D9     		bls	.L25
 351              	.L26:
 204:Middlewares/LVGL/lvgl/src/stdlib/builtin/lv_sprintf_builtin.c ****         }
 205:Middlewares/LVGL/lvgl/src/stdlib/builtin/lv_sprintf_builtin.c ****         while((flags & FLAGS_ZEROPAD) && (len < width) && (len < PRINTF_NTOA_BUFFER_SIZE)) {
 352              		.loc 1 205 56 is_stmt 1 view .LVU78
ARM GAS  C:\Users\w1785\AppData\Local\Temp\cc8eEorc.s 			page 11


 353 0048 16F0010F 		tst	r6, #1
 354 004c 09D0     		beq	.L20
 355              		.loc 1 205 39 is_stmt 0 discriminator 1 view .LVU79
 356 004e BC42     		cmp	r4, r7
 357 0050 07D2     		bcs	.L20
 358              		.loc 1 205 56 discriminator 2 view .LVU80
 359 0052 1F2C     		cmp	r4, #31
 360 0054 05D8     		bhi	.L20
 206:Middlewares/LVGL/lvgl/src/stdlib/builtin/lv_sprintf_builtin.c ****             buf[len++] = '0';
 361              		.loc 1 206 13 is_stmt 1 view .LVU81
 362              	.LVL32:
 363              		.loc 1 206 24 is_stmt 0 view .LVU82
 364 0056 4FF0300C 		mov	ip, #48
 365 005a 05F804C0 		strb	ip, [r5, r4]
 366              		.loc 1 206 20 view .LVU83
 367 005e 0134     		adds	r4, r4, #1
 368              	.LVL33:
 369              		.loc 1 206 20 view .LVU84
 370 0060 F2E7     		b	.L26
 371              	.LVL34:
 372              	.L20:
 207:Middlewares/LVGL/lvgl/src/stdlib/builtin/lv_sprintf_builtin.c ****         }
 208:Middlewares/LVGL/lvgl/src/stdlib/builtin/lv_sprintf_builtin.c ****     }
 209:Middlewares/LVGL/lvgl/src/stdlib/builtin/lv_sprintf_builtin.c **** 
 210:Middlewares/LVGL/lvgl/src/stdlib/builtin/lv_sprintf_builtin.c ****     // handle hash
 211:Middlewares/LVGL/lvgl/src/stdlib/builtin/lv_sprintf_builtin.c ****     if(flags & FLAGS_HASH) {
 373              		.loc 1 211 5 is_stmt 1 view .LVU85
 374              		.loc 1 211 7 is_stmt 0 view .LVU86
 375 0062 16F0100F 		tst	r6, #16
 376 0066 14D0     		beq	.L28
 212:Middlewares/LVGL/lvgl/src/stdlib/builtin/lv_sprintf_builtin.c ****         if(!(flags & FLAGS_PRECISION) && len && ((len == prec) || (len == width))) {
 377              		.loc 1 212 9 is_stmt 1 view .LVU87
 378              		.loc 1 212 11 is_stmt 0 view .LVU88
 379 0068 16F4806F 		tst	r6, #1024
 380 006c 04D1     		bne	.L29
 381              		.loc 1 212 39 discriminator 1 view .LVU89
 382 006e 1CB1     		cbz	r4, .L29
 383              		.loc 1 212 46 discriminator 2 view .LVU90
 384 0070 7445     		cmp	r4, lr
 385 0072 22D0     		beq	.L30
 386              		.loc 1 212 64 discriminator 3 view .LVU91
 387 0074 BC42     		cmp	r4, r7
 388 0076 20D0     		beq	.L30
 389              	.L29:
 213:Middlewares/LVGL/lvgl/src/stdlib/builtin/lv_sprintf_builtin.c ****             len--;
 214:Middlewares/LVGL/lvgl/src/stdlib/builtin/lv_sprintf_builtin.c ****             if(len && (base == 16U)) {
 215:Middlewares/LVGL/lvgl/src/stdlib/builtin/lv_sprintf_builtin.c ****                 len--;
 216:Middlewares/LVGL/lvgl/src/stdlib/builtin/lv_sprintf_builtin.c ****             }
 217:Middlewares/LVGL/lvgl/src/stdlib/builtin/lv_sprintf_builtin.c ****         }
 218:Middlewares/LVGL/lvgl/src/stdlib/builtin/lv_sprintf_builtin.c ****         if((base == 16U) && !(flags & FLAGS_UPPERCASE) && (len < PRINTF_NTOA_BUFFER_SIZE)) {
 390              		.loc 1 218 9 is_stmt 1 view .LVU92
 391              		.loc 1 218 11 is_stmt 0 view .LVU93
 392 0078 0F9B     		ldr	r3, [sp, #60]
 393              	.LVL35:
 394              		.loc 1 218 11 view .LVU94
 395 007a 102B     		cmp	r3, #16
 396 007c 33D0     		beq	.L32
ARM GAS  C:\Users\w1785\AppData\Local\Temp\cc8eEorc.s 			page 12


 397              	.LVL36:
 398              	.L33:
 219:Middlewares/LVGL/lvgl/src/stdlib/builtin/lv_sprintf_builtin.c ****             buf[len++] = 'x';
 220:Middlewares/LVGL/lvgl/src/stdlib/builtin/lv_sprintf_builtin.c ****         }
 221:Middlewares/LVGL/lvgl/src/stdlib/builtin/lv_sprintf_builtin.c ****         else if((base == 16U) && (flags & FLAGS_UPPERCASE) && (len < PRINTF_NTOA_BUFFER_SIZE)) {
 222:Middlewares/LVGL/lvgl/src/stdlib/builtin/lv_sprintf_builtin.c ****             buf[len++] = 'X';
 223:Middlewares/LVGL/lvgl/src/stdlib/builtin/lv_sprintf_builtin.c ****         }
 224:Middlewares/LVGL/lvgl/src/stdlib/builtin/lv_sprintf_builtin.c ****         else if((base == 2U) && (len < PRINTF_NTOA_BUFFER_SIZE)) {
 399              		.loc 1 224 14 is_stmt 1 view .LVU95
 400              		.loc 1 224 16 is_stmt 0 view .LVU96
 401 007e 0F9B     		ldr	r3, [sp, #60]
 402 0080 022B     		cmp	r3, #2
 403 0082 3DD0     		beq	.L41
 404              	.L34:
 405              	.LVL37:
 225:Middlewares/LVGL/lvgl/src/stdlib/builtin/lv_sprintf_builtin.c ****             buf[len++] = 'b';
 226:Middlewares/LVGL/lvgl/src/stdlib/builtin/lv_sprintf_builtin.c ****         }
 227:Middlewares/LVGL/lvgl/src/stdlib/builtin/lv_sprintf_builtin.c ****         if(len < PRINTF_NTOA_BUFFER_SIZE) {
 406              		.loc 1 227 9 is_stmt 1 view .LVU97
 407              		.loc 1 227 11 is_stmt 0 view .LVU98
 408 0084 1F2C     		cmp	r4, #31
 409 0086 0ED8     		bhi	.L35
 228:Middlewares/LVGL/lvgl/src/stdlib/builtin/lv_sprintf_builtin.c ****             buf[len++] = '0';
 410              		.loc 1 228 13 is_stmt 1 view .LVU99
 411              	.LVL38:
 412              		.loc 1 228 24 is_stmt 0 view .LVU100
 413 0088 4FF0300C 		mov	ip, #48
 414 008c 05F804C0 		strb	ip, [r5, r4]
 415              		.loc 1 228 20 view .LVU101
 416 0090 0134     		adds	r4, r4, #1
 417              	.LVL39:
 418              	.L28:
 229:Middlewares/LVGL/lvgl/src/stdlib/builtin/lv_sprintf_builtin.c ****         }
 230:Middlewares/LVGL/lvgl/src/stdlib/builtin/lv_sprintf_builtin.c ****     }
 231:Middlewares/LVGL/lvgl/src/stdlib/builtin/lv_sprintf_builtin.c **** 
 232:Middlewares/LVGL/lvgl/src/stdlib/builtin/lv_sprintf_builtin.c ****     if(len < PRINTF_NTOA_BUFFER_SIZE) {
 419              		.loc 1 232 5 is_stmt 1 view .LVU102
 420              		.loc 1 232 7 is_stmt 0 view .LVU103
 421 0092 1F2C     		cmp	r4, #31
 422 0094 07D8     		bhi	.L35
 233:Middlewares/LVGL/lvgl/src/stdlib/builtin/lv_sprintf_builtin.c ****         if(negative) {
 423              		.loc 1 233 9 is_stmt 1 view .LVU104
 424              		.loc 1 233 11 is_stmt 0 view .LVU105
 425 0096 B8F1000F 		cmp	r8, #0
 426 009a 39D0     		beq	.L36
 234:Middlewares/LVGL/lvgl/src/stdlib/builtin/lv_sprintf_builtin.c ****             buf[len++] = '-';
 427              		.loc 1 234 13 is_stmt 1 view .LVU106
 428              	.LVL40:
 429              		.loc 1 234 24 is_stmt 0 view .LVU107
 430 009c 4FF02D0C 		mov	ip, #45
 431 00a0 05F804C0 		strb	ip, [r5, r4]
 432              		.loc 1 234 20 view .LVU108
 433 00a4 0134     		adds	r4, r4, #1
 434              	.LVL41:
 435              	.L35:
 235:Middlewares/LVGL/lvgl/src/stdlib/builtin/lv_sprintf_builtin.c ****         }
 236:Middlewares/LVGL/lvgl/src/stdlib/builtin/lv_sprintf_builtin.c ****         else if(flags & FLAGS_PLUS) {
ARM GAS  C:\Users\w1785\AppData\Local\Temp\cc8eEorc.s 			page 13


 237:Middlewares/LVGL/lvgl/src/stdlib/builtin/lv_sprintf_builtin.c ****             buf[len++] = '+';  // ignore the space if the '+' exists
 238:Middlewares/LVGL/lvgl/src/stdlib/builtin/lv_sprintf_builtin.c ****         }
 239:Middlewares/LVGL/lvgl/src/stdlib/builtin/lv_sprintf_builtin.c ****         else if(flags & FLAGS_SPACE) {
 240:Middlewares/LVGL/lvgl/src/stdlib/builtin/lv_sprintf_builtin.c ****             buf[len++] = ' ';
 241:Middlewares/LVGL/lvgl/src/stdlib/builtin/lv_sprintf_builtin.c ****         }
 242:Middlewares/LVGL/lvgl/src/stdlib/builtin/lv_sprintf_builtin.c ****     }
 243:Middlewares/LVGL/lvgl/src/stdlib/builtin/lv_sprintf_builtin.c **** 
 244:Middlewares/LVGL/lvgl/src/stdlib/builtin/lv_sprintf_builtin.c ****     return _out_rev(out, buffer, idx, maxlen, buf, len, width, flags);
 436              		.loc 1 244 5 is_stmt 1 view .LVU109
 437              		.loc 1 244 12 is_stmt 0 view .LVU110
 438 00a6 0396     		str	r6, [sp, #12]
 439 00a8 0297     		str	r7, [sp, #8]
 440 00aa 0194     		str	r4, [sp, #4]
 441 00ac 0095     		str	r5, [sp]
 442 00ae 4B46     		mov	r3, r9
 443 00b0 FFF7FEFF 		bl	_out_rev
 444              	.LVL42:
 245:Middlewares/LVGL/lvgl/src/stdlib/builtin/lv_sprintf_builtin.c **** }
 445              		.loc 1 245 1 view .LVU111
 446 00b4 05B0     		add	sp, sp, #20
 447              	.LCFI6:
 448              		.cfi_remember_state
 449              		.cfi_def_cfa_offset 28
 450              		@ sp needed
 451 00b6 BDE8F083 		pop	{r4, r5, r6, r7, r8, r9, pc}
 452              	.LVL43:
 453              	.L30:
 454              	.LCFI7:
 455              		.cfi_restore_state
 213:Middlewares/LVGL/lvgl/src/stdlib/builtin/lv_sprintf_builtin.c ****             if(len && (base == 16U)) {
 456              		.loc 1 213 13 is_stmt 1 view .LVU112
 214:Middlewares/LVGL/lvgl/src/stdlib/builtin/lv_sprintf_builtin.c ****                 len--;
 457              		.loc 1 214 13 view .LVU113
 214:Middlewares/LVGL/lvgl/src/stdlib/builtin/lv_sprintf_builtin.c ****                 len--;
 458              		.loc 1 214 15 is_stmt 0 view .LVU114
 459 00ba B4F1010C 		subs	ip, r4, #1
 460              	.LVL44:
 214:Middlewares/LVGL/lvgl/src/stdlib/builtin/lv_sprintf_builtin.c ****                 len--;
 461              		.loc 1 214 15 view .LVU115
 462 00be 1DD0     		beq	.L38
 214:Middlewares/LVGL/lvgl/src/stdlib/builtin/lv_sprintf_builtin.c ****                 len--;
 463              		.loc 1 214 20 discriminator 1 view .LVU116
 464 00c0 0F9B     		ldr	r3, [sp, #60]
 465              	.LVL45:
 214:Middlewares/LVGL/lvgl/src/stdlib/builtin/lv_sprintf_builtin.c ****                 len--;
 466              		.loc 1 214 20 discriminator 1 view .LVU117
 467 00c2 102B     		cmp	r3, #16
 468 00c4 0ED0     		beq	.L42
 213:Middlewares/LVGL/lvgl/src/stdlib/builtin/lv_sprintf_builtin.c ****             if(len && (base == 16U)) {
 469              		.loc 1 213 16 view .LVU118
 470 00c6 6446     		mov	r4, ip
 471              	.LVL46:
 472              	.L31:
 221:Middlewares/LVGL/lvgl/src/stdlib/builtin/lv_sprintf_builtin.c ****             buf[len++] = 'X';
 473              		.loc 1 221 14 is_stmt 1 view .LVU119
 221:Middlewares/LVGL/lvgl/src/stdlib/builtin/lv_sprintf_builtin.c ****             buf[len++] = 'X';
 474              		.loc 1 221 16 is_stmt 0 view .LVU120
ARM GAS  C:\Users\w1785\AppData\Local\Temp\cc8eEorc.s 			page 14


 475 00c8 0F9B     		ldr	r3, [sp, #60]
 476 00ca 102B     		cmp	r3, #16
 477 00cc D7D1     		bne	.L33
 221:Middlewares/LVGL/lvgl/src/stdlib/builtin/lv_sprintf_builtin.c ****             buf[len++] = 'X';
 478              		.loc 1 221 31 discriminator 1 view .LVU121
 479 00ce 16F0200F 		tst	r6, #32
 480 00d2 D4D0     		beq	.L33
 221:Middlewares/LVGL/lvgl/src/stdlib/builtin/lv_sprintf_builtin.c ****             buf[len++] = 'X';
 481              		.loc 1 221 60 discriminator 2 view .LVU122
 482 00d4 1F2C     		cmp	r4, #31
 483 00d6 D2D8     		bhi	.L33
 222:Middlewares/LVGL/lvgl/src/stdlib/builtin/lv_sprintf_builtin.c ****         }
 484              		.loc 1 222 13 is_stmt 1 view .LVU123
 485              	.LVL47:
 222:Middlewares/LVGL/lvgl/src/stdlib/builtin/lv_sprintf_builtin.c ****         }
 486              		.loc 1 222 24 is_stmt 0 view .LVU124
 487 00d8 4FF0580C 		mov	ip, #88
 488 00dc 05F804C0 		strb	ip, [r5, r4]
 222:Middlewares/LVGL/lvgl/src/stdlib/builtin/lv_sprintf_builtin.c ****         }
 489              		.loc 1 222 20 view .LVU125
 490 00e0 0134     		adds	r4, r4, #1
 491              	.LVL48:
 222:Middlewares/LVGL/lvgl/src/stdlib/builtin/lv_sprintf_builtin.c ****         }
 492              		.loc 1 222 24 view .LVU126
 493 00e2 CFE7     		b	.L34
 494              	.LVL49:
 495              	.L42:
 215:Middlewares/LVGL/lvgl/src/stdlib/builtin/lv_sprintf_builtin.c ****             }
 496              		.loc 1 215 17 is_stmt 1 view .LVU127
 215:Middlewares/LVGL/lvgl/src/stdlib/builtin/lv_sprintf_builtin.c ****             }
 497              		.loc 1 215 20 is_stmt 0 view .LVU128
 498 00e4 023C     		subs	r4, r4, #2
 499              	.LVL50:
 218:Middlewares/LVGL/lvgl/src/stdlib/builtin/lv_sprintf_builtin.c ****             buf[len++] = 'x';
 500              		.loc 1 218 9 is_stmt 1 view .LVU129
 501              	.L32:
 218:Middlewares/LVGL/lvgl/src/stdlib/builtin/lv_sprintf_builtin.c ****             buf[len++] = 'x';
 502              		.loc 1 218 26 is_stmt 0 discriminator 1 view .LVU130
 503 00e6 16F0200F 		tst	r6, #32
 504 00ea EDD1     		bne	.L31
 218:Middlewares/LVGL/lvgl/src/stdlib/builtin/lv_sprintf_builtin.c ****             buf[len++] = 'x';
 505              		.loc 1 218 56 discriminator 2 view .LVU131
 506 00ec 1F2C     		cmp	r4, #31
 507 00ee EBD8     		bhi	.L31
 219:Middlewares/LVGL/lvgl/src/stdlib/builtin/lv_sprintf_builtin.c ****         }
 508              		.loc 1 219 13 is_stmt 1 view .LVU132
 509              	.LVL51:
 219:Middlewares/LVGL/lvgl/src/stdlib/builtin/lv_sprintf_builtin.c ****         }
 510              		.loc 1 219 24 is_stmt 0 view .LVU133
 511 00f0 4FF0780C 		mov	ip, #120
 512 00f4 05F804C0 		strb	ip, [r5, r4]
 219:Middlewares/LVGL/lvgl/src/stdlib/builtin/lv_sprintf_builtin.c ****         }
 513              		.loc 1 219 20 view .LVU134
 514 00f8 0134     		adds	r4, r4, #1
 515              	.LVL52:
 219:Middlewares/LVGL/lvgl/src/stdlib/builtin/lv_sprintf_builtin.c ****         }
 516              		.loc 1 219 24 view .LVU135
ARM GAS  C:\Users\w1785\AppData\Local\Temp\cc8eEorc.s 			page 15


 517 00fa C3E7     		b	.L34
 518              	.LVL53:
 519              	.L38:
 213:Middlewares/LVGL/lvgl/src/stdlib/builtin/lv_sprintf_builtin.c ****             if(len && (base == 16U)) {
 520              		.loc 1 213 16 view .LVU136
 521 00fc 6446     		mov	r4, ip
 522 00fe BBE7     		b	.L29
 523              	.LVL54:
 524              	.L41:
 224:Middlewares/LVGL/lvgl/src/stdlib/builtin/lv_sprintf_builtin.c ****             buf[len++] = 'b';
 525              		.loc 1 224 30 discriminator 1 view .LVU137
 526 0100 1F2C     		cmp	r4, #31
 527 0102 D0D8     		bhi	.L35
 225:Middlewares/LVGL/lvgl/src/stdlib/builtin/lv_sprintf_builtin.c ****         }
 528              		.loc 1 225 13 is_stmt 1 view .LVU138
 529              	.LVL55:
 225:Middlewares/LVGL/lvgl/src/stdlib/builtin/lv_sprintf_builtin.c ****         }
 530              		.loc 1 225 24 is_stmt 0 view .LVU139
 531 0104 4FF0620C 		mov	ip, #98
 532 0108 05F804C0 		strb	ip, [r5, r4]
 225:Middlewares/LVGL/lvgl/src/stdlib/builtin/lv_sprintf_builtin.c ****         }
 533              		.loc 1 225 20 view .LVU140
 534 010c 0134     		adds	r4, r4, #1
 535              	.LVL56:
 225:Middlewares/LVGL/lvgl/src/stdlib/builtin/lv_sprintf_builtin.c ****         }
 536              		.loc 1 225 20 view .LVU141
 537 010e B9E7     		b	.L34
 538              	.L36:
 236:Middlewares/LVGL/lvgl/src/stdlib/builtin/lv_sprintf_builtin.c ****             buf[len++] = '+';  // ignore the space if the '+' exists
 539              		.loc 1 236 14 is_stmt 1 view .LVU142
 236:Middlewares/LVGL/lvgl/src/stdlib/builtin/lv_sprintf_builtin.c ****             buf[len++] = '+';  // ignore the space if the '+' exists
 540              		.loc 1 236 16 is_stmt 0 view .LVU143
 541 0110 16F0040F 		tst	r6, #4
 542 0114 05D0     		beq	.L37
 237:Middlewares/LVGL/lvgl/src/stdlib/builtin/lv_sprintf_builtin.c ****         }
 543              		.loc 1 237 13 is_stmt 1 view .LVU144
 544              	.LVL57:
 237:Middlewares/LVGL/lvgl/src/stdlib/builtin/lv_sprintf_builtin.c ****         }
 545              		.loc 1 237 24 is_stmt 0 view .LVU145
 546 0116 4FF02B0C 		mov	ip, #43
 547 011a 05F804C0 		strb	ip, [r5, r4]
 237:Middlewares/LVGL/lvgl/src/stdlib/builtin/lv_sprintf_builtin.c ****         }
 548              		.loc 1 237 20 view .LVU146
 549 011e 0134     		adds	r4, r4, #1
 550              	.LVL58:
 237:Middlewares/LVGL/lvgl/src/stdlib/builtin/lv_sprintf_builtin.c ****         }
 551              		.loc 1 237 20 view .LVU147
 552 0120 C1E7     		b	.L35
 553              	.L37:
 239:Middlewares/LVGL/lvgl/src/stdlib/builtin/lv_sprintf_builtin.c ****             buf[len++] = ' ';
 554              		.loc 1 239 14 is_stmt 1 view .LVU148
 239:Middlewares/LVGL/lvgl/src/stdlib/builtin/lv_sprintf_builtin.c ****             buf[len++] = ' ';
 555              		.loc 1 239 16 is_stmt 0 view .LVU149
 556 0122 16F0080F 		tst	r6, #8
 557 0126 BED0     		beq	.L35
 240:Middlewares/LVGL/lvgl/src/stdlib/builtin/lv_sprintf_builtin.c ****         }
 558              		.loc 1 240 13 is_stmt 1 view .LVU150
ARM GAS  C:\Users\w1785\AppData\Local\Temp\cc8eEorc.s 			page 16


 559              	.LVL59:
 240:Middlewares/LVGL/lvgl/src/stdlib/builtin/lv_sprintf_builtin.c ****         }
 560              		.loc 1 240 24 is_stmt 0 view .LVU151
 561 0128 4FF0200C 		mov	ip, #32
 562 012c 05F804C0 		strb	ip, [r5, r4]
 240:Middlewares/LVGL/lvgl/src/stdlib/builtin/lv_sprintf_builtin.c ****         }
 563              		.loc 1 240 20 view .LVU152
 564 0130 0134     		adds	r4, r4, #1
 565              	.LVL60:
 240:Middlewares/LVGL/lvgl/src/stdlib/builtin/lv_sprintf_builtin.c ****         }
 566              		.loc 1 240 20 view .LVU153
 567 0132 B8E7     		b	.L35
 568              		.cfi_endproc
 569              	.LFE7:
 571              		.section	.text._ntoa_long,"ax",%progbits
 572              		.align	1
 573              		.syntax unified
 574              		.thumb
 575              		.thumb_func
 577              	_ntoa_long:
 578              	.LVL61:
 579              	.LFB8:
 246:Middlewares/LVGL/lvgl/src/stdlib/builtin/lv_sprintf_builtin.c **** 
 247:Middlewares/LVGL/lvgl/src/stdlib/builtin/lv_sprintf_builtin.c **** // internal itoa for 'long' type
 248:Middlewares/LVGL/lvgl/src/stdlib/builtin/lv_sprintf_builtin.c **** static size_t _ntoa_long(out_fct_type out, char * buffer, size_t idx, size_t maxlen, unsigned long 
 249:Middlewares/LVGL/lvgl/src/stdlib/builtin/lv_sprintf_builtin.c ****                          unsigned long base, unsigned int prec, unsigned int width, unsigned int fl
 250:Middlewares/LVGL/lvgl/src/stdlib/builtin/lv_sprintf_builtin.c **** {
 580              		.loc 1 250 1 is_stmt 1 view -0
 581              		.cfi_startproc
 582              		@ args = 24, pretend = 0, frame = 32
 583              		@ frame_needed = 0, uses_anonymous_args = 0
 584              		.loc 1 250 1 is_stmt 0 view .LVU155
 585 0000 F0B5     		push	{r4, r5, r6, r7, lr}
 586              	.LCFI8:
 587              		.cfi_def_cfa_offset 20
 588              		.cfi_offset 4, -20
 589              		.cfi_offset 5, -16
 590              		.cfi_offset 6, -12
 591              		.cfi_offset 7, -8
 592              		.cfi_offset 14, -4
 593 0002 91B0     		sub	sp, sp, #68
 594              	.LCFI9:
 595              		.cfi_def_cfa_offset 88
 596 0004 169C     		ldr	r4, [sp, #88]
 597 0006 189D     		ldr	r5, [sp, #96]
 598 0008 1B9E     		ldr	r6, [sp, #108]
 251:Middlewares/LVGL/lvgl/src/stdlib/builtin/lv_sprintf_builtin.c ****     char buf[PRINTF_NTOA_BUFFER_SIZE];
 599              		.loc 1 251 5 is_stmt 1 view .LVU156
 252:Middlewares/LVGL/lvgl/src/stdlib/builtin/lv_sprintf_builtin.c ****     size_t len = 0U;
 600              		.loc 1 252 5 view .LVU157
 601              	.LVL62:
 253:Middlewares/LVGL/lvgl/src/stdlib/builtin/lv_sprintf_builtin.c **** 
 254:Middlewares/LVGL/lvgl/src/stdlib/builtin/lv_sprintf_builtin.c ****     // no hash for 0 values
 255:Middlewares/LVGL/lvgl/src/stdlib/builtin/lv_sprintf_builtin.c ****     if(!value) {
 602              		.loc 1 255 5 view .LVU158
 603              		.loc 1 255 7 is_stmt 0 view .LVU159
 604 000a 0CB9     		cbnz	r4, .L44
ARM GAS  C:\Users\w1785\AppData\Local\Temp\cc8eEorc.s 			page 17


 256:Middlewares/LVGL/lvgl/src/stdlib/builtin/lv_sprintf_builtin.c ****         flags &= ~FLAGS_HASH;
 605              		.loc 1 256 9 is_stmt 1 view .LVU160
 606              		.loc 1 256 15 is_stmt 0 view .LVU161
 607 000c 26F01006 		bic	r6, r6, #16
 608              	.L44:
 609              	.LVL63:
 257:Middlewares/LVGL/lvgl/src/stdlib/builtin/lv_sprintf_builtin.c ****     }
 258:Middlewares/LVGL/lvgl/src/stdlib/builtin/lv_sprintf_builtin.c **** 
 259:Middlewares/LVGL/lvgl/src/stdlib/builtin/lv_sprintf_builtin.c ****     // write if precision != 0 and value is != 0
 260:Middlewares/LVGL/lvgl/src/stdlib/builtin/lv_sprintf_builtin.c ****     if(!(flags & FLAGS_PRECISION) || value) {
 610              		.loc 1 260 5 is_stmt 1 view .LVU162
 611              		.loc 1 260 7 is_stmt 0 view .LVU163
 612 0010 16F4806E 		ands	lr, r6, #1024
 613 0014 1DD0     		beq	.L50
 614              		.loc 1 260 35 discriminator 1 view .LVU164
 615 0016 64B3     		cbz	r4, .L51
 616 0018 4FF0000E 		mov	lr, #0
 617 001c 19E0     		b	.L50
 618              	.LVL64:
 619              	.L47:
 620              	.LBB22:
 261:Middlewares/LVGL/lvgl/src/stdlib/builtin/lv_sprintf_builtin.c ****         do {
 262:Middlewares/LVGL/lvgl/src/stdlib/builtin/lv_sprintf_builtin.c ****             const char digit = (char)(value % base);
 263:Middlewares/LVGL/lvgl/src/stdlib/builtin/lv_sprintf_builtin.c ****             buf[len++] = digit < 10 ? '0' + digit : (flags & FLAGS_UPPERCASE ? 'A' : 'a') + digit -
 621              		.loc 1 263 91 discriminator 2 view .LVU165
 622 001e 16F0200F 		tst	r6, #32
 623 0022 24D0     		beq	.L52
 624              		.loc 1 263 91 discriminator 4 view .LVU166
 625 0024 4127     		movs	r7, #65
 626              	.L49:
 627              		.loc 1 263 91 discriminator 7 view .LVU167
 628 0026 BC44     		add	ip, ip, r7
 629              	.LVL65:
 630              		.loc 1 263 91 discriminator 7 view .LVU168
 631 0028 5FFA8CFC 		uxtb	ip, ip
 632              		.loc 1 263 24 discriminator 7 view .LVU169
 633 002c ACF10A0C 		sub	ip, ip, #10
 634 0030 5FFA8CFC 		uxtb	ip, ip
 635              	.L48:
 636              		.loc 1 263 20 discriminator 8 view .LVU170
 637 0034 0EF10107 		add	r7, lr, #1
 638              	.LVL66:
 639              		.loc 1 263 24 discriminator 8 view .LVU171
 640 0038 0EF1400E 		add	lr, lr, #64
 641 003c EE44     		add	lr, sp, lr
 642 003e 0EF820CC 		strb	ip, [lr, #-32]
 264:Middlewares/LVGL/lvgl/src/stdlib/builtin/lv_sprintf_builtin.c ****             value /= base;
 643              		.loc 1 264 13 is_stmt 1 view .LVU172
 644              		.loc 1 264 19 is_stmt 0 view .LVU173
 645 0042 B4FBF5FC 		udiv	ip, r4, r5
 646              	.LVL67:
 647              		.loc 1 264 19 view .LVU174
 648              	.LBE22:
 265:Middlewares/LVGL/lvgl/src/stdlib/builtin/lv_sprintf_builtin.c ****         } while(value && (len < PRINTF_NTOA_BUFFER_SIZE));
 649              		.loc 1 265 23 is_stmt 1 view .LVU175
 650 0046 AC42     		cmp	r4, r5
 651 0048 14D3     		bcc	.L46
ARM GAS  C:\Users\w1785\AppData\Local\Temp\cc8eEorc.s 			page 18


 652              		.loc 1 265 23 is_stmt 0 discriminator 1 view .LVU176
 653 004a 1F2F     		cmp	r7, #31
 654 004c 12D8     		bhi	.L46
 655              	.LBB23:
 263:Middlewares/LVGL/lvgl/src/stdlib/builtin/lv_sprintf_builtin.c ****             value /= base;
 656              		.loc 1 263 20 discriminator 8 view .LVU177
 657 004e BE46     		mov	lr, r7
 264:Middlewares/LVGL/lvgl/src/stdlib/builtin/lv_sprintf_builtin.c ****             value /= base;
 658              		.loc 1 264 19 view .LVU178
 659 0050 6446     		mov	r4, ip
 660              	.LVL68:
 661              	.L50:
 264:Middlewares/LVGL/lvgl/src/stdlib/builtin/lv_sprintf_builtin.c ****             value /= base;
 662              		.loc 1 264 19 view .LVU179
 663              	.LBE23:
 261:Middlewares/LVGL/lvgl/src/stdlib/builtin/lv_sprintf_builtin.c ****             const char digit = (char)(value % base);
 664              		.loc 1 261 9 is_stmt 1 view .LVU180
 665              	.LBB24:
 262:Middlewares/LVGL/lvgl/src/stdlib/builtin/lv_sprintf_builtin.c ****             buf[len++] = digit < 10 ? '0' + digit : (flags & FLAGS_UPPERCASE ? 'A' : 'a') + digit -
 666              		.loc 1 262 13 view .LVU181
 262:Middlewares/LVGL/lvgl/src/stdlib/builtin/lv_sprintf_builtin.c ****             buf[len++] = digit < 10 ? '0' + digit : (flags & FLAGS_UPPERCASE ? 'A' : 'a') + digit -
 667              		.loc 1 262 45 is_stmt 0 view .LVU182
 668 0052 B4FBF5FC 		udiv	ip, r4, r5
 669 0056 05FB1C4C 		mls	ip, r5, ip, r4
 262:Middlewares/LVGL/lvgl/src/stdlib/builtin/lv_sprintf_builtin.c ****             buf[len++] = digit < 10 ? '0' + digit : (flags & FLAGS_UPPERCASE ? 'A' : 'a') + digit -
 670              		.loc 1 262 24 view .LVU183
 671 005a 5FFA8CFC 		uxtb	ip, ip
 672              	.LVL69:
 263:Middlewares/LVGL/lvgl/src/stdlib/builtin/lv_sprintf_builtin.c ****             value /= base;
 673              		.loc 1 263 13 is_stmt 1 view .LVU184
 263:Middlewares/LVGL/lvgl/src/stdlib/builtin/lv_sprintf_builtin.c ****             value /= base;
 674              		.loc 1 263 24 is_stmt 0 view .LVU185
 675 005e BCF1090F 		cmp	ip, #9
 676 0062 DCD8     		bhi	.L47
 263:Middlewares/LVGL/lvgl/src/stdlib/builtin/lv_sprintf_builtin.c ****             value /= base;
 677              		.loc 1 263 24 discriminator 1 view .LVU186
 678 0064 0CF1300C 		add	ip, ip, #48
 679              	.LVL70:
 263:Middlewares/LVGL/lvgl/src/stdlib/builtin/lv_sprintf_builtin.c ****             value /= base;
 680              		.loc 1 263 24 discriminator 1 view .LVU187
 681 0068 5FFA8CFC 		uxtb	ip, ip
 682              	.LVL71:
 263:Middlewares/LVGL/lvgl/src/stdlib/builtin/lv_sprintf_builtin.c ****             value /= base;
 683              		.loc 1 263 24 discriminator 1 view .LVU188
 684 006c E2E7     		b	.L48
 685              	.LVL72:
 686              	.L52:
 263:Middlewares/LVGL/lvgl/src/stdlib/builtin/lv_sprintf_builtin.c ****             value /= base;
 687              		.loc 1 263 91 discriminator 5 view .LVU189
 688 006e 6127     		movs	r7, #97
 689 0070 D9E7     		b	.L49
 690              	.LVL73:
 691              	.L51:
 263:Middlewares/LVGL/lvgl/src/stdlib/builtin/lv_sprintf_builtin.c ****             value /= base;
 692              		.loc 1 263 91 discriminator 5 view .LVU190
 693              	.LBE24:
 252:Middlewares/LVGL/lvgl/src/stdlib/builtin/lv_sprintf_builtin.c **** 
ARM GAS  C:\Users\w1785\AppData\Local\Temp\cc8eEorc.s 			page 19


 694              		.loc 1 252 12 view .LVU191
 695 0072 2746     		mov	r7, r4
 696              	.LVL74:
 697              	.L46:
 266:Middlewares/LVGL/lvgl/src/stdlib/builtin/lv_sprintf_builtin.c ****     }
 267:Middlewares/LVGL/lvgl/src/stdlib/builtin/lv_sprintf_builtin.c **** 
 268:Middlewares/LVGL/lvgl/src/stdlib/builtin/lv_sprintf_builtin.c ****     return _ntoa_format(out, buffer, idx, maxlen, buf, len, negative, (unsigned int)base, prec, wid
 698              		.loc 1 268 5 is_stmt 1 view .LVU192
 699              		.loc 1 268 12 is_stmt 0 view .LVU193
 700 0074 0696     		str	r6, [sp, #24]
 701 0076 1A9C     		ldr	r4, [sp, #104]
 702 0078 0594     		str	r4, [sp, #20]
 703 007a 199C     		ldr	r4, [sp, #100]
 704 007c 0494     		str	r4, [sp, #16]
 705 007e 0395     		str	r5, [sp, #12]
 706 0080 9DF85C40 		ldrb	r4, [sp, #92]	@ zero_extendqisi2
 707 0084 0294     		str	r4, [sp, #8]
 708 0086 0197     		str	r7, [sp, #4]
 709 0088 08AC     		add	r4, sp, #32
 710 008a 0094     		str	r4, [sp]
 711 008c FFF7FEFF 		bl	_ntoa_format
 712              	.LVL75:
 269:Middlewares/LVGL/lvgl/src/stdlib/builtin/lv_sprintf_builtin.c **** }
 713              		.loc 1 269 1 view .LVU194
 714 0090 11B0     		add	sp, sp, #68
 715              	.LCFI10:
 716              		.cfi_def_cfa_offset 20
 717              		@ sp needed
 718 0092 F0BD     		pop	{r4, r5, r6, r7, pc}
 719              		.loc 1 269 1 view .LVU195
 720              		.cfi_endproc
 721              	.LFE8:
 723              		.section	.text._ntoa_long_long,"ax",%progbits
 724              		.align	1
 725              		.syntax unified
 726              		.thumb
 727              		.thumb_func
 729              	_ntoa_long_long:
 730              	.LVL76:
 731              	.LFB9:
 270:Middlewares/LVGL/lvgl/src/stdlib/builtin/lv_sprintf_builtin.c **** 
 271:Middlewares/LVGL/lvgl/src/stdlib/builtin/lv_sprintf_builtin.c **** // internal itoa for 'long long' type
 272:Middlewares/LVGL/lvgl/src/stdlib/builtin/lv_sprintf_builtin.c **** #if defined(PRINTF_SUPPORT_LONG_LONG)
 273:Middlewares/LVGL/lvgl/src/stdlib/builtin/lv_sprintf_builtin.c **** static size_t _ntoa_long_long(out_fct_type out, char * buffer, size_t idx, size_t maxlen, unsigned 
 274:Middlewares/LVGL/lvgl/src/stdlib/builtin/lv_sprintf_builtin.c ****                               bool negative, unsigned long long base, unsigned int prec, unsigned i
 275:Middlewares/LVGL/lvgl/src/stdlib/builtin/lv_sprintf_builtin.c **** {
 732              		.loc 1 275 1 is_stmt 1 view -0
 733              		.cfi_startproc
 734              		@ args = 36, pretend = 0, frame = 48
 735              		@ frame_needed = 0, uses_anonymous_args = 0
 736              		.loc 1 275 1 is_stmt 0 view .LVU197
 737 0000 2DE9F04F 		push	{r4, r5, r6, r7, r8, r9, r10, fp, lr}
 738              	.LCFI11:
 739              		.cfi_def_cfa_offset 36
 740              		.cfi_offset 4, -36
 741              		.cfi_offset 5, -32
 742              		.cfi_offset 6, -28
ARM GAS  C:\Users\w1785\AppData\Local\Temp\cc8eEorc.s 			page 20


 743              		.cfi_offset 7, -24
 744              		.cfi_offset 8, -20
 745              		.cfi_offset 9, -16
 746              		.cfi_offset 10, -12
 747              		.cfi_offset 11, -8
 748              		.cfi_offset 14, -4
 749 0004 95B0     		sub	sp, sp, #84
 750              	.LCFI12:
 751              		.cfi_def_cfa_offset 120
 752 0006 0990     		str	r0, [sp, #36]
 753 0008 0A91     		str	r1, [sp, #40]
 754 000a 0B92     		str	r2, [sp, #44]
 755 000c 9846     		mov	r8, r3
 756 000e DDF878B0 		ldr	fp, [sp, #120]
 757 0012 DDF87C90 		ldr	r9, [sp, #124]
 758 0016 229D     		ldr	r5, [sp, #136]
 759 0018 239F     		ldr	r7, [sp, #140]
 760 001a 269E     		ldr	r6, [sp, #152]
 276:Middlewares/LVGL/lvgl/src/stdlib/builtin/lv_sprintf_builtin.c ****     char buf[PRINTF_NTOA_BUFFER_SIZE];
 761              		.loc 1 276 5 is_stmt 1 view .LVU198
 277:Middlewares/LVGL/lvgl/src/stdlib/builtin/lv_sprintf_builtin.c ****     size_t len = 0U;
 762              		.loc 1 277 5 view .LVU199
 763              	.LVL77:
 278:Middlewares/LVGL/lvgl/src/stdlib/builtin/lv_sprintf_builtin.c **** 
 279:Middlewares/LVGL/lvgl/src/stdlib/builtin/lv_sprintf_builtin.c ****     // no hash for 0 values
 280:Middlewares/LVGL/lvgl/src/stdlib/builtin/lv_sprintf_builtin.c ****     if(!value) {
 764              		.loc 1 280 5 view .LVU200
 765              		.loc 1 280 7 is_stmt 0 view .LVU201
 766 001c 5BEA0902 		orrs	r2, fp, r9
 767              	.LVL78:
 768              		.loc 1 280 7 view .LVU202
 769 0020 01D1     		bne	.L56
 281:Middlewares/LVGL/lvgl/src/stdlib/builtin/lv_sprintf_builtin.c ****         flags &= ~FLAGS_HASH;
 770              		.loc 1 281 9 is_stmt 1 view .LVU203
 771              		.loc 1 281 15 is_stmt 0 view .LVU204
 772 0022 26F01006 		bic	r6, r6, #16
 773              	.L56:
 774              	.LVL79:
 282:Middlewares/LVGL/lvgl/src/stdlib/builtin/lv_sprintf_builtin.c ****     }
 283:Middlewares/LVGL/lvgl/src/stdlib/builtin/lv_sprintf_builtin.c **** 
 284:Middlewares/LVGL/lvgl/src/stdlib/builtin/lv_sprintf_builtin.c ****     // write if precision != 0 and value is != 0
 285:Middlewares/LVGL/lvgl/src/stdlib/builtin/lv_sprintf_builtin.c ****     if(!(flags & FLAGS_PRECISION) || value) {
 775              		.loc 1 285 5 is_stmt 1 view .LVU205
 776              		.loc 1 285 7 is_stmt 0 view .LVU206
 777 0026 16F48064 		ands	r4, r6, #1024
 778 002a 24D0     		beq	.L62
 779              		.loc 1 285 35 discriminator 1 view .LVU207
 780 002c 5BEA0902 		orrs	r2, fp, r9
 781 0030 2FD0     		beq	.L63
 782 0032 0024     		movs	r4, #0
 783 0034 1FE0     		b	.L62
 784              	.LVL80:
 785              	.L59:
 786              	.LBB25:
 286:Middlewares/LVGL/lvgl/src/stdlib/builtin/lv_sprintf_builtin.c ****         do {
 287:Middlewares/LVGL/lvgl/src/stdlib/builtin/lv_sprintf_builtin.c ****             const char digit = (char)(value % base);
 288:Middlewares/LVGL/lvgl/src/stdlib/builtin/lv_sprintf_builtin.c ****             buf[len++] = digit < 10 ? '0' + digit : (flags & FLAGS_UPPERCASE ? 'A' : 'a') + digit -
ARM GAS  C:\Users\w1785\AppData\Local\Temp\cc8eEorc.s 			page 21


 787              		.loc 1 288 91 discriminator 2 view .LVU208
 788 0036 16F0200F 		tst	r6, #32
 789 003a 28D0     		beq	.L64
 790              		.loc 1 288 91 discriminator 4 view .LVU209
 791 003c 4123     		movs	r3, #65
 792              	.L61:
 793              		.loc 1 288 91 discriminator 7 view .LVU210
 794 003e 1344     		add	r3, r3, r2
 795 0040 DBB2     		uxtb	r3, r3
 796              		.loc 1 288 24 discriminator 7 view .LVU211
 797 0042 0A3B     		subs	r3, r3, #10
 798 0044 DBB2     		uxtb	r3, r3
 799              	.LVL81:
 800              	.L60:
 801              		.loc 1 288 20 discriminator 8 view .LVU212
 802 0046 04F1010A 		add	r10, r4, #1
 803              	.LVL82:
 804              		.loc 1 288 24 discriminator 8 view .LVU213
 805 004a 04F15002 		add	r2, r4, #80
 806 004e 0DEB0204 		add	r4, sp, r2
 807 0052 04F8203C 		strb	r3, [r4, #-32]
 289:Middlewares/LVGL/lvgl/src/stdlib/builtin/lv_sprintf_builtin.c ****             value /= base;
 808              		.loc 1 289 13 is_stmt 1 view .LVU214
 809              		.loc 1 289 19 is_stmt 0 view .LVU215
 810 0056 2A46     		mov	r2, r5
 811 0058 3B46     		mov	r3, r7
 812 005a 5846     		mov	r0, fp
 813 005c 4946     		mov	r1, r9
 814 005e FFF7FEFF 		bl	__aeabi_uldivmod
 815              	.LVL83:
 816              		.loc 1 289 19 view .LVU216
 817              	.LBE25:
 290:Middlewares/LVGL/lvgl/src/stdlib/builtin/lv_sprintf_builtin.c ****         } while(value && (len < PRINTF_NTOA_BUFFER_SIZE));
 818              		.loc 1 290 23 is_stmt 1 view .LVU217
 819 0062 AB45     		cmp	fp, r5
 820 0064 79EB0709 		sbcs	r9, r9, r7
 821 0068 15D3     		bcc	.L58
 822              		.loc 1 290 23 is_stmt 0 discriminator 1 view .LVU218
 823 006a BAF11F0F 		cmp	r10, #31
 824 006e 12D8     		bhi	.L58
 825              	.LBB26:
 288:Middlewares/LVGL/lvgl/src/stdlib/builtin/lv_sprintf_builtin.c ****             value /= base;
 826              		.loc 1 288 20 discriminator 8 view .LVU219
 827 0070 5446     		mov	r4, r10
 289:Middlewares/LVGL/lvgl/src/stdlib/builtin/lv_sprintf_builtin.c ****             value /= base;
 828              		.loc 1 289 19 view .LVU220
 829 0072 8346     		mov	fp, r0
 830 0074 8946     		mov	r9, r1
 831              	.LVL84:
 832              	.L62:
 289:Middlewares/LVGL/lvgl/src/stdlib/builtin/lv_sprintf_builtin.c ****             value /= base;
 833              		.loc 1 289 19 view .LVU221
 834              	.LBE26:
 286:Middlewares/LVGL/lvgl/src/stdlib/builtin/lv_sprintf_builtin.c ****             const char digit = (char)(value % base);
 835              		.loc 1 286 9 is_stmt 1 view .LVU222
 836              	.LBB27:
 287:Middlewares/LVGL/lvgl/src/stdlib/builtin/lv_sprintf_builtin.c ****             buf[len++] = digit < 10 ? '0' + digit : (flags & FLAGS_UPPERCASE ? 'A' : 'a') + digit -
ARM GAS  C:\Users\w1785\AppData\Local\Temp\cc8eEorc.s 			page 22


 837              		.loc 1 287 13 view .LVU223
 287:Middlewares/LVGL/lvgl/src/stdlib/builtin/lv_sprintf_builtin.c ****             buf[len++] = digit < 10 ? '0' + digit : (flags & FLAGS_UPPERCASE ? 'A' : 'a') + digit -
 838              		.loc 1 287 45 is_stmt 0 view .LVU224
 839 0076 2A46     		mov	r2, r5
 840 0078 3B46     		mov	r3, r7
 841 007a 5846     		mov	r0, fp
 842 007c 4946     		mov	r1, r9
 843 007e FFF7FEFF 		bl	__aeabi_uldivmod
 844              	.LVL85:
 287:Middlewares/LVGL/lvgl/src/stdlib/builtin/lv_sprintf_builtin.c ****             buf[len++] = digit < 10 ? '0' + digit : (flags & FLAGS_UPPERCASE ? 'A' : 'a') + digit -
 845              		.loc 1 287 24 view .LVU225
 846 0082 D2B2     		uxtb	r2, r2
 847              	.LVL86:
 288:Middlewares/LVGL/lvgl/src/stdlib/builtin/lv_sprintf_builtin.c ****             value /= base;
 848              		.loc 1 288 13 is_stmt 1 view .LVU226
 288:Middlewares/LVGL/lvgl/src/stdlib/builtin/lv_sprintf_builtin.c ****             value /= base;
 849              		.loc 1 288 24 is_stmt 0 view .LVU227
 850 0084 092A     		cmp	r2, #9
 851 0086 D6D8     		bhi	.L59
 288:Middlewares/LVGL/lvgl/src/stdlib/builtin/lv_sprintf_builtin.c ****             value /= base;
 852              		.loc 1 288 24 discriminator 1 view .LVU228
 853 0088 3032     		adds	r2, r2, #48
 854              	.LVL87:
 288:Middlewares/LVGL/lvgl/src/stdlib/builtin/lv_sprintf_builtin.c ****             value /= base;
 855              		.loc 1 288 24 discriminator 1 view .LVU229
 856 008a D3B2     		uxtb	r3, r2
 857 008c DBE7     		b	.L60
 858              	.LVL88:
 859              	.L64:
 288:Middlewares/LVGL/lvgl/src/stdlib/builtin/lv_sprintf_builtin.c ****             value /= base;
 860              		.loc 1 288 91 discriminator 5 view .LVU230
 861 008e 6123     		movs	r3, #97
 862 0090 D5E7     		b	.L61
 863              	.LVL89:
 864              	.L63:
 288:Middlewares/LVGL/lvgl/src/stdlib/builtin/lv_sprintf_builtin.c ****             value /= base;
 865              		.loc 1 288 91 discriminator 5 view .LVU231
 866              	.LBE27:
 277:Middlewares/LVGL/lvgl/src/stdlib/builtin/lv_sprintf_builtin.c **** 
 867              		.loc 1 277 12 view .LVU232
 868 0092 4FF0000A 		mov	r10, #0
 869              	.LVL90:
 870              	.L58:
 291:Middlewares/LVGL/lvgl/src/stdlib/builtin/lv_sprintf_builtin.c ****     }
 292:Middlewares/LVGL/lvgl/src/stdlib/builtin/lv_sprintf_builtin.c **** 
 293:Middlewares/LVGL/lvgl/src/stdlib/builtin/lv_sprintf_builtin.c ****     return _ntoa_format(out, buffer, idx, maxlen, buf, len, negative, (unsigned int)base, prec, wid
 871              		.loc 1 293 5 is_stmt 1 view .LVU233
 872              		.loc 1 293 12 is_stmt 0 view .LVU234
 873 0096 0696     		str	r6, [sp, #24]
 874 0098 259B     		ldr	r3, [sp, #148]
 875 009a 0593     		str	r3, [sp, #20]
 876 009c 249B     		ldr	r3, [sp, #144]
 877 009e 0493     		str	r3, [sp, #16]
 878 00a0 0395     		str	r5, [sp, #12]
 879 00a2 9DF88030 		ldrb	r3, [sp, #128]	@ zero_extendqisi2
 880 00a6 0293     		str	r3, [sp, #8]
 881 00a8 CDF804A0 		str	r10, [sp, #4]
ARM GAS  C:\Users\w1785\AppData\Local\Temp\cc8eEorc.s 			page 23


 882 00ac 0CAB     		add	r3, sp, #48
 883 00ae 0093     		str	r3, [sp]
 884 00b0 4346     		mov	r3, r8
 885 00b2 0B9A     		ldr	r2, [sp, #44]
 886 00b4 0A99     		ldr	r1, [sp, #40]
 887 00b6 0998     		ldr	r0, [sp, #36]
 888 00b8 FFF7FEFF 		bl	_ntoa_format
 889              	.LVL91:
 294:Middlewares/LVGL/lvgl/src/stdlib/builtin/lv_sprintf_builtin.c **** }
 890              		.loc 1 294 1 view .LVU235
 891 00bc 15B0     		add	sp, sp, #84
 892              	.LCFI13:
 893              		.cfi_def_cfa_offset 36
 894              		@ sp needed
 895 00be BDE8F08F 		pop	{r4, r5, r6, r7, r8, r9, r10, fp, pc}
 896              		.loc 1 294 1 view .LVU236
 897              		.cfi_endproc
 898              	.LFE9:
 900              		.section	.text.lv_vsnprintf_inner,"ax",%progbits
 901              		.align	1
 902              		.syntax unified
 903              		.thumb
 904              		.thumb_func
 906              	lv_vsnprintf_inner:
 907              	.LVL92:
 908              	.LFB10:
 295:Middlewares/LVGL/lvgl/src/stdlib/builtin/lv_sprintf_builtin.c **** #endif  // PRINTF_SUPPORT_LONG_LONG
 296:Middlewares/LVGL/lvgl/src/stdlib/builtin/lv_sprintf_builtin.c **** 
 297:Middlewares/LVGL/lvgl/src/stdlib/builtin/lv_sprintf_builtin.c **** #if defined(PRINTF_SUPPORT_FLOAT)
 298:Middlewares/LVGL/lvgl/src/stdlib/builtin/lv_sprintf_builtin.c **** 
 299:Middlewares/LVGL/lvgl/src/stdlib/builtin/lv_sprintf_builtin.c **** #if defined(PRINTF_SUPPORT_EXPONENTIAL)
 300:Middlewares/LVGL/lvgl/src/stdlib/builtin/lv_sprintf_builtin.c **** // forward declaration so that _ftoa can switch to exp notation for values > PRINTF_MAX_FLOAT
 301:Middlewares/LVGL/lvgl/src/stdlib/builtin/lv_sprintf_builtin.c **** static size_t _etoa(out_fct_type out, char * buffer, size_t idx, size_t maxlen, double value, unsig
 302:Middlewares/LVGL/lvgl/src/stdlib/builtin/lv_sprintf_builtin.c ****                     unsigned int width, unsigned int flags);
 303:Middlewares/LVGL/lvgl/src/stdlib/builtin/lv_sprintf_builtin.c **** #endif
 304:Middlewares/LVGL/lvgl/src/stdlib/builtin/lv_sprintf_builtin.c **** 
 305:Middlewares/LVGL/lvgl/src/stdlib/builtin/lv_sprintf_builtin.c **** // internal ftoa for fixed decimal floating point
 306:Middlewares/LVGL/lvgl/src/stdlib/builtin/lv_sprintf_builtin.c **** static size_t _ftoa(out_fct_type out, char * buffer, size_t idx, size_t maxlen, double value, unsig
 307:Middlewares/LVGL/lvgl/src/stdlib/builtin/lv_sprintf_builtin.c ****                     unsigned int width, unsigned int flags)
 308:Middlewares/LVGL/lvgl/src/stdlib/builtin/lv_sprintf_builtin.c **** {
 309:Middlewares/LVGL/lvgl/src/stdlib/builtin/lv_sprintf_builtin.c ****     char buf[PRINTF_FTOA_BUFFER_SIZE];
 310:Middlewares/LVGL/lvgl/src/stdlib/builtin/lv_sprintf_builtin.c ****     size_t len  = 0U;
 311:Middlewares/LVGL/lvgl/src/stdlib/builtin/lv_sprintf_builtin.c ****     double diff = 0.0;
 312:Middlewares/LVGL/lvgl/src/stdlib/builtin/lv_sprintf_builtin.c **** 
 313:Middlewares/LVGL/lvgl/src/stdlib/builtin/lv_sprintf_builtin.c ****     // powers of 10
 314:Middlewares/LVGL/lvgl/src/stdlib/builtin/lv_sprintf_builtin.c ****     static const double pow10[] = { 1, 10, 100, 1000, 10000, 100000, 1000000, 10000000, 100000000, 
 315:Middlewares/LVGL/lvgl/src/stdlib/builtin/lv_sprintf_builtin.c **** 
 316:Middlewares/LVGL/lvgl/src/stdlib/builtin/lv_sprintf_builtin.c ****     // test for special values
 317:Middlewares/LVGL/lvgl/src/stdlib/builtin/lv_sprintf_builtin.c ****     if(value != value)
 318:Middlewares/LVGL/lvgl/src/stdlib/builtin/lv_sprintf_builtin.c ****         return _out_rev(out, buffer, idx, maxlen, "nan", 3, width, flags);
 319:Middlewares/LVGL/lvgl/src/stdlib/builtin/lv_sprintf_builtin.c ****     if(value < -DBL_MAX)
 320:Middlewares/LVGL/lvgl/src/stdlib/builtin/lv_sprintf_builtin.c ****         return _out_rev(out, buffer, idx, maxlen, "fni-", 4, width, flags);
 321:Middlewares/LVGL/lvgl/src/stdlib/builtin/lv_sprintf_builtin.c ****     if(value > DBL_MAX)
 322:Middlewares/LVGL/lvgl/src/stdlib/builtin/lv_sprintf_builtin.c ****         return _out_rev(out, buffer, idx, maxlen, (flags & FLAGS_PLUS) ? "fni+" : "fni", (flags & F
 323:Middlewares/LVGL/lvgl/src/stdlib/builtin/lv_sprintf_builtin.c ****                         flags);
 324:Middlewares/LVGL/lvgl/src/stdlib/builtin/lv_sprintf_builtin.c **** 
 325:Middlewares/LVGL/lvgl/src/stdlib/builtin/lv_sprintf_builtin.c ****     // test for very large values
ARM GAS  C:\Users\w1785\AppData\Local\Temp\cc8eEorc.s 			page 24


 326:Middlewares/LVGL/lvgl/src/stdlib/builtin/lv_sprintf_builtin.c ****     // standard printf behavior is to print EVERY whole number digit -- which could be 100s of char
 327:Middlewares/LVGL/lvgl/src/stdlib/builtin/lv_sprintf_builtin.c ****     if((value > PRINTF_MAX_FLOAT) || (value < -PRINTF_MAX_FLOAT)) {
 328:Middlewares/LVGL/lvgl/src/stdlib/builtin/lv_sprintf_builtin.c **** #if defined(PRINTF_SUPPORT_EXPONENTIAL)
 329:Middlewares/LVGL/lvgl/src/stdlib/builtin/lv_sprintf_builtin.c ****         return _etoa(out, buffer, idx, maxlen, value, prec, width, flags);
 330:Middlewares/LVGL/lvgl/src/stdlib/builtin/lv_sprintf_builtin.c **** #else
 331:Middlewares/LVGL/lvgl/src/stdlib/builtin/lv_sprintf_builtin.c ****         return 0U;
 332:Middlewares/LVGL/lvgl/src/stdlib/builtin/lv_sprintf_builtin.c **** #endif
 333:Middlewares/LVGL/lvgl/src/stdlib/builtin/lv_sprintf_builtin.c ****     }
 334:Middlewares/LVGL/lvgl/src/stdlib/builtin/lv_sprintf_builtin.c **** 
 335:Middlewares/LVGL/lvgl/src/stdlib/builtin/lv_sprintf_builtin.c ****     // test for negative
 336:Middlewares/LVGL/lvgl/src/stdlib/builtin/lv_sprintf_builtin.c ****     bool negative = false;
 337:Middlewares/LVGL/lvgl/src/stdlib/builtin/lv_sprintf_builtin.c ****     if(value < 0) {
 338:Middlewares/LVGL/lvgl/src/stdlib/builtin/lv_sprintf_builtin.c ****         negative = true;
 339:Middlewares/LVGL/lvgl/src/stdlib/builtin/lv_sprintf_builtin.c ****         value = 0 - value;
 340:Middlewares/LVGL/lvgl/src/stdlib/builtin/lv_sprintf_builtin.c ****     }
 341:Middlewares/LVGL/lvgl/src/stdlib/builtin/lv_sprintf_builtin.c **** 
 342:Middlewares/LVGL/lvgl/src/stdlib/builtin/lv_sprintf_builtin.c ****     // set default precision, if not set explicitly
 343:Middlewares/LVGL/lvgl/src/stdlib/builtin/lv_sprintf_builtin.c ****     if(!(flags & FLAGS_PRECISION)) {
 344:Middlewares/LVGL/lvgl/src/stdlib/builtin/lv_sprintf_builtin.c ****         prec = PRINTF_DEFAULT_FLOAT_PRECISION;
 345:Middlewares/LVGL/lvgl/src/stdlib/builtin/lv_sprintf_builtin.c ****     }
 346:Middlewares/LVGL/lvgl/src/stdlib/builtin/lv_sprintf_builtin.c ****     // limit precision to 9, cause a prec >= 10 can lead to overflow errors
 347:Middlewares/LVGL/lvgl/src/stdlib/builtin/lv_sprintf_builtin.c ****     while((len < PRINTF_FTOA_BUFFER_SIZE) && (prec > 9U)) {
 348:Middlewares/LVGL/lvgl/src/stdlib/builtin/lv_sprintf_builtin.c ****         buf[len++] = '0';
 349:Middlewares/LVGL/lvgl/src/stdlib/builtin/lv_sprintf_builtin.c ****         prec--;
 350:Middlewares/LVGL/lvgl/src/stdlib/builtin/lv_sprintf_builtin.c ****     }
 351:Middlewares/LVGL/lvgl/src/stdlib/builtin/lv_sprintf_builtin.c **** 
 352:Middlewares/LVGL/lvgl/src/stdlib/builtin/lv_sprintf_builtin.c ****     int whole = (int)value;
 353:Middlewares/LVGL/lvgl/src/stdlib/builtin/lv_sprintf_builtin.c ****     double tmp = (value - whole) * pow10[prec];
 354:Middlewares/LVGL/lvgl/src/stdlib/builtin/lv_sprintf_builtin.c ****     unsigned long frac = (unsigned long)tmp;
 355:Middlewares/LVGL/lvgl/src/stdlib/builtin/lv_sprintf_builtin.c ****     diff = tmp - frac;
 356:Middlewares/LVGL/lvgl/src/stdlib/builtin/lv_sprintf_builtin.c **** 
 357:Middlewares/LVGL/lvgl/src/stdlib/builtin/lv_sprintf_builtin.c ****     if(diff > 0.5) {
 358:Middlewares/LVGL/lvgl/src/stdlib/builtin/lv_sprintf_builtin.c ****         ++frac;
 359:Middlewares/LVGL/lvgl/src/stdlib/builtin/lv_sprintf_builtin.c ****         // handle rollover, e.g. case 0.99 with prec 1 is 1.0
 360:Middlewares/LVGL/lvgl/src/stdlib/builtin/lv_sprintf_builtin.c ****         if(frac >= pow10[prec]) {
 361:Middlewares/LVGL/lvgl/src/stdlib/builtin/lv_sprintf_builtin.c ****             frac = 0;
 362:Middlewares/LVGL/lvgl/src/stdlib/builtin/lv_sprintf_builtin.c ****             ++whole;
 363:Middlewares/LVGL/lvgl/src/stdlib/builtin/lv_sprintf_builtin.c ****         }
 364:Middlewares/LVGL/lvgl/src/stdlib/builtin/lv_sprintf_builtin.c ****     }
 365:Middlewares/LVGL/lvgl/src/stdlib/builtin/lv_sprintf_builtin.c ****     else if(diff < 0.5) {
 366:Middlewares/LVGL/lvgl/src/stdlib/builtin/lv_sprintf_builtin.c ****     }
 367:Middlewares/LVGL/lvgl/src/stdlib/builtin/lv_sprintf_builtin.c ****     else if((frac == 0U) || (frac & 1U)) {
 368:Middlewares/LVGL/lvgl/src/stdlib/builtin/lv_sprintf_builtin.c ****         // if halfway, round up if odd OR if last digit is 0
 369:Middlewares/LVGL/lvgl/src/stdlib/builtin/lv_sprintf_builtin.c ****         ++frac;
 370:Middlewares/LVGL/lvgl/src/stdlib/builtin/lv_sprintf_builtin.c ****     }
 371:Middlewares/LVGL/lvgl/src/stdlib/builtin/lv_sprintf_builtin.c **** 
 372:Middlewares/LVGL/lvgl/src/stdlib/builtin/lv_sprintf_builtin.c ****     if(prec == 0U) {
 373:Middlewares/LVGL/lvgl/src/stdlib/builtin/lv_sprintf_builtin.c ****         diff = value - (double)whole;
 374:Middlewares/LVGL/lvgl/src/stdlib/builtin/lv_sprintf_builtin.c ****         if((!(diff < 0.5) || (diff > 0.5)) && (whole & 1)) {
 375:Middlewares/LVGL/lvgl/src/stdlib/builtin/lv_sprintf_builtin.c ****             // exactly 0.5 and ODD, then round up
 376:Middlewares/LVGL/lvgl/src/stdlib/builtin/lv_sprintf_builtin.c ****             // 1.5 -> 2, but 2.5 -> 2
 377:Middlewares/LVGL/lvgl/src/stdlib/builtin/lv_sprintf_builtin.c ****             ++whole;
 378:Middlewares/LVGL/lvgl/src/stdlib/builtin/lv_sprintf_builtin.c ****         }
 379:Middlewares/LVGL/lvgl/src/stdlib/builtin/lv_sprintf_builtin.c ****     }
 380:Middlewares/LVGL/lvgl/src/stdlib/builtin/lv_sprintf_builtin.c ****     else {
 381:Middlewares/LVGL/lvgl/src/stdlib/builtin/lv_sprintf_builtin.c ****         unsigned int count = prec;
 382:Middlewares/LVGL/lvgl/src/stdlib/builtin/lv_sprintf_builtin.c ****         // now do fractional part, as an unsigned number
ARM GAS  C:\Users\w1785\AppData\Local\Temp\cc8eEorc.s 			page 25


 383:Middlewares/LVGL/lvgl/src/stdlib/builtin/lv_sprintf_builtin.c ****         while(len < PRINTF_FTOA_BUFFER_SIZE) {
 384:Middlewares/LVGL/lvgl/src/stdlib/builtin/lv_sprintf_builtin.c ****             --count;
 385:Middlewares/LVGL/lvgl/src/stdlib/builtin/lv_sprintf_builtin.c ****             buf[len++] = (char)(48U + (frac % 10U));
 386:Middlewares/LVGL/lvgl/src/stdlib/builtin/lv_sprintf_builtin.c ****             if(!(frac /= 10U)) {
 387:Middlewares/LVGL/lvgl/src/stdlib/builtin/lv_sprintf_builtin.c ****                 break;
 388:Middlewares/LVGL/lvgl/src/stdlib/builtin/lv_sprintf_builtin.c ****             }
 389:Middlewares/LVGL/lvgl/src/stdlib/builtin/lv_sprintf_builtin.c ****         }
 390:Middlewares/LVGL/lvgl/src/stdlib/builtin/lv_sprintf_builtin.c ****         // add extra 0s
 391:Middlewares/LVGL/lvgl/src/stdlib/builtin/lv_sprintf_builtin.c ****         while((len < PRINTF_FTOA_BUFFER_SIZE) && (count-- > 0U)) {
 392:Middlewares/LVGL/lvgl/src/stdlib/builtin/lv_sprintf_builtin.c ****             buf[len++] = '0';
 393:Middlewares/LVGL/lvgl/src/stdlib/builtin/lv_sprintf_builtin.c ****         }
 394:Middlewares/LVGL/lvgl/src/stdlib/builtin/lv_sprintf_builtin.c ****         if(len < PRINTF_FTOA_BUFFER_SIZE) {
 395:Middlewares/LVGL/lvgl/src/stdlib/builtin/lv_sprintf_builtin.c ****             // add decimal
 396:Middlewares/LVGL/lvgl/src/stdlib/builtin/lv_sprintf_builtin.c ****             buf[len++] = '.';
 397:Middlewares/LVGL/lvgl/src/stdlib/builtin/lv_sprintf_builtin.c ****         }
 398:Middlewares/LVGL/lvgl/src/stdlib/builtin/lv_sprintf_builtin.c ****     }
 399:Middlewares/LVGL/lvgl/src/stdlib/builtin/lv_sprintf_builtin.c **** 
 400:Middlewares/LVGL/lvgl/src/stdlib/builtin/lv_sprintf_builtin.c ****     // do whole part, number is reversed
 401:Middlewares/LVGL/lvgl/src/stdlib/builtin/lv_sprintf_builtin.c ****     while(len < PRINTF_FTOA_BUFFER_SIZE) {
 402:Middlewares/LVGL/lvgl/src/stdlib/builtin/lv_sprintf_builtin.c ****         buf[len++] = (char)(48 + (whole % 10));
 403:Middlewares/LVGL/lvgl/src/stdlib/builtin/lv_sprintf_builtin.c ****         if(!(whole /= 10)) {
 404:Middlewares/LVGL/lvgl/src/stdlib/builtin/lv_sprintf_builtin.c ****             break;
 405:Middlewares/LVGL/lvgl/src/stdlib/builtin/lv_sprintf_builtin.c ****         }
 406:Middlewares/LVGL/lvgl/src/stdlib/builtin/lv_sprintf_builtin.c ****     }
 407:Middlewares/LVGL/lvgl/src/stdlib/builtin/lv_sprintf_builtin.c **** 
 408:Middlewares/LVGL/lvgl/src/stdlib/builtin/lv_sprintf_builtin.c ****     // pad leading zeros
 409:Middlewares/LVGL/lvgl/src/stdlib/builtin/lv_sprintf_builtin.c ****     if(!(flags & FLAGS_LEFT) && (flags & FLAGS_ZEROPAD)) {
 410:Middlewares/LVGL/lvgl/src/stdlib/builtin/lv_sprintf_builtin.c ****         if(width && (negative || (flags & (FLAGS_PLUS | FLAGS_SPACE)))) {
 411:Middlewares/LVGL/lvgl/src/stdlib/builtin/lv_sprintf_builtin.c ****             width--;
 412:Middlewares/LVGL/lvgl/src/stdlib/builtin/lv_sprintf_builtin.c ****         }
 413:Middlewares/LVGL/lvgl/src/stdlib/builtin/lv_sprintf_builtin.c ****         while((len < width) && (len < PRINTF_FTOA_BUFFER_SIZE)) {
 414:Middlewares/LVGL/lvgl/src/stdlib/builtin/lv_sprintf_builtin.c ****             buf[len++] = '0';
 415:Middlewares/LVGL/lvgl/src/stdlib/builtin/lv_sprintf_builtin.c ****         }
 416:Middlewares/LVGL/lvgl/src/stdlib/builtin/lv_sprintf_builtin.c ****     }
 417:Middlewares/LVGL/lvgl/src/stdlib/builtin/lv_sprintf_builtin.c **** 
 418:Middlewares/LVGL/lvgl/src/stdlib/builtin/lv_sprintf_builtin.c ****     if(len < PRINTF_FTOA_BUFFER_SIZE) {
 419:Middlewares/LVGL/lvgl/src/stdlib/builtin/lv_sprintf_builtin.c ****         if(negative) {
 420:Middlewares/LVGL/lvgl/src/stdlib/builtin/lv_sprintf_builtin.c ****             buf[len++] = '-';
 421:Middlewares/LVGL/lvgl/src/stdlib/builtin/lv_sprintf_builtin.c ****         }
 422:Middlewares/LVGL/lvgl/src/stdlib/builtin/lv_sprintf_builtin.c ****         else if(flags & FLAGS_PLUS) {
 423:Middlewares/LVGL/lvgl/src/stdlib/builtin/lv_sprintf_builtin.c ****             buf[len++] = '+';  // ignore the space if the '+' exists
 424:Middlewares/LVGL/lvgl/src/stdlib/builtin/lv_sprintf_builtin.c ****         }
 425:Middlewares/LVGL/lvgl/src/stdlib/builtin/lv_sprintf_builtin.c ****         else if(flags & FLAGS_SPACE) {
 426:Middlewares/LVGL/lvgl/src/stdlib/builtin/lv_sprintf_builtin.c ****             buf[len++] = ' ';
 427:Middlewares/LVGL/lvgl/src/stdlib/builtin/lv_sprintf_builtin.c ****         }
 428:Middlewares/LVGL/lvgl/src/stdlib/builtin/lv_sprintf_builtin.c ****     }
 429:Middlewares/LVGL/lvgl/src/stdlib/builtin/lv_sprintf_builtin.c **** 
 430:Middlewares/LVGL/lvgl/src/stdlib/builtin/lv_sprintf_builtin.c ****     return _out_rev(out, buffer, idx, maxlen, buf, len, width, flags);
 431:Middlewares/LVGL/lvgl/src/stdlib/builtin/lv_sprintf_builtin.c **** }
 432:Middlewares/LVGL/lvgl/src/stdlib/builtin/lv_sprintf_builtin.c **** 
 433:Middlewares/LVGL/lvgl/src/stdlib/builtin/lv_sprintf_builtin.c **** #if defined(PRINTF_SUPPORT_EXPONENTIAL)
 434:Middlewares/LVGL/lvgl/src/stdlib/builtin/lv_sprintf_builtin.c **** // internal ftoa variant for exponential floating-point type, contributed by Martijn Jasperse <m.ja
 435:Middlewares/LVGL/lvgl/src/stdlib/builtin/lv_sprintf_builtin.c **** static size_t _etoa(out_fct_type out, char * buffer, size_t idx, size_t maxlen, double value, unsig
 436:Middlewares/LVGL/lvgl/src/stdlib/builtin/lv_sprintf_builtin.c ****                     unsigned int width, unsigned int flags)
 437:Middlewares/LVGL/lvgl/src/stdlib/builtin/lv_sprintf_builtin.c **** {
 438:Middlewares/LVGL/lvgl/src/stdlib/builtin/lv_sprintf_builtin.c ****     // check for NaN and special values
 439:Middlewares/LVGL/lvgl/src/stdlib/builtin/lv_sprintf_builtin.c ****     if((value != value) || (value > DBL_MAX) || (value < -DBL_MAX)) {
ARM GAS  C:\Users\w1785\AppData\Local\Temp\cc8eEorc.s 			page 26


 440:Middlewares/LVGL/lvgl/src/stdlib/builtin/lv_sprintf_builtin.c ****         return _ftoa(out, buffer, idx, maxlen, value, prec, width, flags);
 441:Middlewares/LVGL/lvgl/src/stdlib/builtin/lv_sprintf_builtin.c ****     }
 442:Middlewares/LVGL/lvgl/src/stdlib/builtin/lv_sprintf_builtin.c **** 
 443:Middlewares/LVGL/lvgl/src/stdlib/builtin/lv_sprintf_builtin.c ****     // determine the sign
 444:Middlewares/LVGL/lvgl/src/stdlib/builtin/lv_sprintf_builtin.c ****     const bool negative = value < 0;
 445:Middlewares/LVGL/lvgl/src/stdlib/builtin/lv_sprintf_builtin.c ****     if(negative) {
 446:Middlewares/LVGL/lvgl/src/stdlib/builtin/lv_sprintf_builtin.c ****         value = -value;
 447:Middlewares/LVGL/lvgl/src/stdlib/builtin/lv_sprintf_builtin.c ****     }
 448:Middlewares/LVGL/lvgl/src/stdlib/builtin/lv_sprintf_builtin.c **** 
 449:Middlewares/LVGL/lvgl/src/stdlib/builtin/lv_sprintf_builtin.c ****     // default precision
 450:Middlewares/LVGL/lvgl/src/stdlib/builtin/lv_sprintf_builtin.c ****     if(!(flags & FLAGS_PRECISION)) {
 451:Middlewares/LVGL/lvgl/src/stdlib/builtin/lv_sprintf_builtin.c ****         prec = PRINTF_DEFAULT_FLOAT_PRECISION;
 452:Middlewares/LVGL/lvgl/src/stdlib/builtin/lv_sprintf_builtin.c ****     }
 453:Middlewares/LVGL/lvgl/src/stdlib/builtin/lv_sprintf_builtin.c **** 
 454:Middlewares/LVGL/lvgl/src/stdlib/builtin/lv_sprintf_builtin.c ****     // determine the decimal exponent
 455:Middlewares/LVGL/lvgl/src/stdlib/builtin/lv_sprintf_builtin.c ****     // based on the algorithm by David Gay (https://www.ampl.com/netlib/fp/dtoa.c)
 456:Middlewares/LVGL/lvgl/src/stdlib/builtin/lv_sprintf_builtin.c ****     union {
 457:Middlewares/LVGL/lvgl/src/stdlib/builtin/lv_sprintf_builtin.c ****         uint64_t U;
 458:Middlewares/LVGL/lvgl/src/stdlib/builtin/lv_sprintf_builtin.c ****         double   F;
 459:Middlewares/LVGL/lvgl/src/stdlib/builtin/lv_sprintf_builtin.c ****     } conv;
 460:Middlewares/LVGL/lvgl/src/stdlib/builtin/lv_sprintf_builtin.c **** 
 461:Middlewares/LVGL/lvgl/src/stdlib/builtin/lv_sprintf_builtin.c ****     conv.F = value;
 462:Middlewares/LVGL/lvgl/src/stdlib/builtin/lv_sprintf_builtin.c ****     int exp2 = (int)((conv.U >> 52U) & 0x07FFU) - 1023;           // effectively log2
 463:Middlewares/LVGL/lvgl/src/stdlib/builtin/lv_sprintf_builtin.c ****     conv.U = (conv.U & ((1ULL << 52U) - 1U)) | (1023ULL << 52U);  // drop the exponent so conv.F is
 464:Middlewares/LVGL/lvgl/src/stdlib/builtin/lv_sprintf_builtin.c ****     // now approximate log10 from the log2 integer part and an expansion of ln around 1.5
 465:Middlewares/LVGL/lvgl/src/stdlib/builtin/lv_sprintf_builtin.c ****     int expval = (int)(0.1760912590558 + exp2 * 0.301029995663981 + (conv.F - 1.5) * 0.289529654602
 466:Middlewares/LVGL/lvgl/src/stdlib/builtin/lv_sprintf_builtin.c ****     // now we want to compute 10^expval but we want to be sure it won't overflow
 467:Middlewares/LVGL/lvgl/src/stdlib/builtin/lv_sprintf_builtin.c ****     exp2 = (int)(expval * 3.321928094887362 + 0.5);
 468:Middlewares/LVGL/lvgl/src/stdlib/builtin/lv_sprintf_builtin.c ****     const double z  = expval * 2.302585092994046 - exp2 * 0.6931471805599453;
 469:Middlewares/LVGL/lvgl/src/stdlib/builtin/lv_sprintf_builtin.c ****     const double z2 = z * z;
 470:Middlewares/LVGL/lvgl/src/stdlib/builtin/lv_sprintf_builtin.c ****     conv.U = (uint64_t)(exp2 + 1023) << 52U;
 471:Middlewares/LVGL/lvgl/src/stdlib/builtin/lv_sprintf_builtin.c ****     // compute exp(z) using continued fractions, see https://en.wikipedia.org/wiki/Exponential_func
 472:Middlewares/LVGL/lvgl/src/stdlib/builtin/lv_sprintf_builtin.c ****     conv.F *= 1 + 2 * z / (2 - z + (z2 / (6 + (z2 / (10 + z2 / 14)))));
 473:Middlewares/LVGL/lvgl/src/stdlib/builtin/lv_sprintf_builtin.c ****     // correct for rounding errors
 474:Middlewares/LVGL/lvgl/src/stdlib/builtin/lv_sprintf_builtin.c ****     if(value < conv.F) {
 475:Middlewares/LVGL/lvgl/src/stdlib/builtin/lv_sprintf_builtin.c ****         expval--;
 476:Middlewares/LVGL/lvgl/src/stdlib/builtin/lv_sprintf_builtin.c ****         conv.F /= 10;
 477:Middlewares/LVGL/lvgl/src/stdlib/builtin/lv_sprintf_builtin.c ****     }
 478:Middlewares/LVGL/lvgl/src/stdlib/builtin/lv_sprintf_builtin.c **** 
 479:Middlewares/LVGL/lvgl/src/stdlib/builtin/lv_sprintf_builtin.c ****     // the exponent format is "%+03d" and largest value is "307", so set aside 4-5 characters
 480:Middlewares/LVGL/lvgl/src/stdlib/builtin/lv_sprintf_builtin.c ****     unsigned int minwidth = ((expval < 100) && (expval > -100)) ? 4U : 5U;
 481:Middlewares/LVGL/lvgl/src/stdlib/builtin/lv_sprintf_builtin.c **** 
 482:Middlewares/LVGL/lvgl/src/stdlib/builtin/lv_sprintf_builtin.c ****     // in "%g" mode, "prec" is the number of *significant figures* not decimals
 483:Middlewares/LVGL/lvgl/src/stdlib/builtin/lv_sprintf_builtin.c ****     if(flags & FLAGS_ADAPT_EXP) {
 484:Middlewares/LVGL/lvgl/src/stdlib/builtin/lv_sprintf_builtin.c ****         // do we want to fall-back to "%f" mode?
 485:Middlewares/LVGL/lvgl/src/stdlib/builtin/lv_sprintf_builtin.c ****         if((value >= 1e-4) && (value < 1e6)) {
 486:Middlewares/LVGL/lvgl/src/stdlib/builtin/lv_sprintf_builtin.c ****             if((int)prec > expval) {
 487:Middlewares/LVGL/lvgl/src/stdlib/builtin/lv_sprintf_builtin.c ****                 prec = (unsigned)((int)prec - expval - 1);
 488:Middlewares/LVGL/lvgl/src/stdlib/builtin/lv_sprintf_builtin.c ****             }
 489:Middlewares/LVGL/lvgl/src/stdlib/builtin/lv_sprintf_builtin.c ****             else {
 490:Middlewares/LVGL/lvgl/src/stdlib/builtin/lv_sprintf_builtin.c ****                 prec = 0;
 491:Middlewares/LVGL/lvgl/src/stdlib/builtin/lv_sprintf_builtin.c ****             }
 492:Middlewares/LVGL/lvgl/src/stdlib/builtin/lv_sprintf_builtin.c ****             flags |= FLAGS_PRECISION;   // make sure _ftoa respects precision
 493:Middlewares/LVGL/lvgl/src/stdlib/builtin/lv_sprintf_builtin.c ****             // no characters in exponent
 494:Middlewares/LVGL/lvgl/src/stdlib/builtin/lv_sprintf_builtin.c ****             minwidth = 0U;
 495:Middlewares/LVGL/lvgl/src/stdlib/builtin/lv_sprintf_builtin.c ****             expval   = 0;
 496:Middlewares/LVGL/lvgl/src/stdlib/builtin/lv_sprintf_builtin.c ****         }
ARM GAS  C:\Users\w1785\AppData\Local\Temp\cc8eEorc.s 			page 27


 497:Middlewares/LVGL/lvgl/src/stdlib/builtin/lv_sprintf_builtin.c ****         else {
 498:Middlewares/LVGL/lvgl/src/stdlib/builtin/lv_sprintf_builtin.c ****             // we use one sigfig for the whole part
 499:Middlewares/LVGL/lvgl/src/stdlib/builtin/lv_sprintf_builtin.c ****             if((prec > 0) && (flags & FLAGS_PRECISION)) {
 500:Middlewares/LVGL/lvgl/src/stdlib/builtin/lv_sprintf_builtin.c ****                 --prec;
 501:Middlewares/LVGL/lvgl/src/stdlib/builtin/lv_sprintf_builtin.c ****             }
 502:Middlewares/LVGL/lvgl/src/stdlib/builtin/lv_sprintf_builtin.c ****         }
 503:Middlewares/LVGL/lvgl/src/stdlib/builtin/lv_sprintf_builtin.c ****     }
 504:Middlewares/LVGL/lvgl/src/stdlib/builtin/lv_sprintf_builtin.c **** 
 505:Middlewares/LVGL/lvgl/src/stdlib/builtin/lv_sprintf_builtin.c ****     // will everything fit?
 506:Middlewares/LVGL/lvgl/src/stdlib/builtin/lv_sprintf_builtin.c ****     unsigned int fwidth = width;
 507:Middlewares/LVGL/lvgl/src/stdlib/builtin/lv_sprintf_builtin.c ****     if(width > minwidth) {
 508:Middlewares/LVGL/lvgl/src/stdlib/builtin/lv_sprintf_builtin.c ****         // we didn't fall-back so subtract the characters required for the exponent
 509:Middlewares/LVGL/lvgl/src/stdlib/builtin/lv_sprintf_builtin.c ****         fwidth -= minwidth;
 510:Middlewares/LVGL/lvgl/src/stdlib/builtin/lv_sprintf_builtin.c ****     }
 511:Middlewares/LVGL/lvgl/src/stdlib/builtin/lv_sprintf_builtin.c ****     else {
 512:Middlewares/LVGL/lvgl/src/stdlib/builtin/lv_sprintf_builtin.c ****         // not enough characters, so go back to default sizing
 513:Middlewares/LVGL/lvgl/src/stdlib/builtin/lv_sprintf_builtin.c ****         fwidth = 0U;
 514:Middlewares/LVGL/lvgl/src/stdlib/builtin/lv_sprintf_builtin.c ****     }
 515:Middlewares/LVGL/lvgl/src/stdlib/builtin/lv_sprintf_builtin.c ****     if((flags & FLAGS_LEFT) && minwidth) {
 516:Middlewares/LVGL/lvgl/src/stdlib/builtin/lv_sprintf_builtin.c ****         // if we're padding on the right, DON'T pad the floating part
 517:Middlewares/LVGL/lvgl/src/stdlib/builtin/lv_sprintf_builtin.c ****         fwidth = 0U;
 518:Middlewares/LVGL/lvgl/src/stdlib/builtin/lv_sprintf_builtin.c ****     }
 519:Middlewares/LVGL/lvgl/src/stdlib/builtin/lv_sprintf_builtin.c **** 
 520:Middlewares/LVGL/lvgl/src/stdlib/builtin/lv_sprintf_builtin.c ****     // rescale the float value
 521:Middlewares/LVGL/lvgl/src/stdlib/builtin/lv_sprintf_builtin.c ****     if(expval) {
 522:Middlewares/LVGL/lvgl/src/stdlib/builtin/lv_sprintf_builtin.c ****         value /= conv.F;
 523:Middlewares/LVGL/lvgl/src/stdlib/builtin/lv_sprintf_builtin.c ****     }
 524:Middlewares/LVGL/lvgl/src/stdlib/builtin/lv_sprintf_builtin.c **** 
 525:Middlewares/LVGL/lvgl/src/stdlib/builtin/lv_sprintf_builtin.c ****     // output the floating part
 526:Middlewares/LVGL/lvgl/src/stdlib/builtin/lv_sprintf_builtin.c ****     const size_t start_idx = idx;
 527:Middlewares/LVGL/lvgl/src/stdlib/builtin/lv_sprintf_builtin.c ****     idx = _ftoa(out, buffer, idx, maxlen, negative ? -value : value, prec, fwidth, flags & ~FLAGS_A
 528:Middlewares/LVGL/lvgl/src/stdlib/builtin/lv_sprintf_builtin.c **** 
 529:Middlewares/LVGL/lvgl/src/stdlib/builtin/lv_sprintf_builtin.c ****     // output the exponent part
 530:Middlewares/LVGL/lvgl/src/stdlib/builtin/lv_sprintf_builtin.c ****     if(minwidth) {
 531:Middlewares/LVGL/lvgl/src/stdlib/builtin/lv_sprintf_builtin.c ****         // output the exponential symbol
 532:Middlewares/LVGL/lvgl/src/stdlib/builtin/lv_sprintf_builtin.c ****         out((flags & FLAGS_UPPERCASE) ? 'E' : 'e', buffer, idx++, maxlen);
 533:Middlewares/LVGL/lvgl/src/stdlib/builtin/lv_sprintf_builtin.c ****         // output the exponent value
 534:Middlewares/LVGL/lvgl/src/stdlib/builtin/lv_sprintf_builtin.c ****         idx = _ntoa_long(out, buffer, idx, maxlen, (expval < 0) ? -expval : expval, expval < 0, 10,
 535:Middlewares/LVGL/lvgl/src/stdlib/builtin/lv_sprintf_builtin.c ****                          FLAGS_ZEROPAD | FLAGS_PLUS);
 536:Middlewares/LVGL/lvgl/src/stdlib/builtin/lv_sprintf_builtin.c ****         // might need to right-pad spaces
 537:Middlewares/LVGL/lvgl/src/stdlib/builtin/lv_sprintf_builtin.c ****         if(flags & FLAGS_LEFT) {
 538:Middlewares/LVGL/lvgl/src/stdlib/builtin/lv_sprintf_builtin.c ****             while(idx - start_idx < width) out(' ', buffer, idx++, maxlen);
 539:Middlewares/LVGL/lvgl/src/stdlib/builtin/lv_sprintf_builtin.c ****         }
 540:Middlewares/LVGL/lvgl/src/stdlib/builtin/lv_sprintf_builtin.c ****     }
 541:Middlewares/LVGL/lvgl/src/stdlib/builtin/lv_sprintf_builtin.c ****     return idx;
 542:Middlewares/LVGL/lvgl/src/stdlib/builtin/lv_sprintf_builtin.c **** }
 543:Middlewares/LVGL/lvgl/src/stdlib/builtin/lv_sprintf_builtin.c **** #endif  // PRINTF_SUPPORT_EXPONENTIAL
 544:Middlewares/LVGL/lvgl/src/stdlib/builtin/lv_sprintf_builtin.c **** #endif  // PRINTF_SUPPORT_FLOAT
 545:Middlewares/LVGL/lvgl/src/stdlib/builtin/lv_sprintf_builtin.c **** 
 546:Middlewares/LVGL/lvgl/src/stdlib/builtin/lv_sprintf_builtin.c **** // internal vsnprintf
 547:Middlewares/LVGL/lvgl/src/stdlib/builtin/lv_sprintf_builtin.c **** static int lv_vsnprintf_inner(out_fct_type out, char * buffer, const size_t maxlen, const char * fo
 548:Middlewares/LVGL/lvgl/src/stdlib/builtin/lv_sprintf_builtin.c **** {
 909              		.loc 1 548 1 is_stmt 1 view -0
 910              		.cfi_startproc
 911              		@ args = 4, pretend = 0, frame = 32
 912              		@ frame_needed = 0, uses_anonymous_args = 0
 913              		.loc 1 548 1 is_stmt 0 view .LVU238
ARM GAS  C:\Users\w1785\AppData\Local\Temp\cc8eEorc.s 			page 28


 914 0000 2DE9F04F 		push	{r4, r5, r6, r7, r8, r9, r10, fp, lr}
 915              	.LCFI14:
 916              		.cfi_def_cfa_offset 36
 917              		.cfi_offset 4, -36
 918              		.cfi_offset 5, -32
 919              		.cfi_offset 6, -28
 920              		.cfi_offset 7, -24
 921              		.cfi_offset 8, -20
 922              		.cfi_offset 9, -16
 923              		.cfi_offset 10, -12
 924              		.cfi_offset 11, -8
 925              		.cfi_offset 14, -4
 926 0004 93B0     		sub	sp, sp, #76
 927              	.LCFI15:
 928              		.cfi_def_cfa_offset 112
 929 0006 0746     		mov	r7, r0
 930 0008 1646     		mov	r6, r2
 931 000a 0F93     		str	r3, [sp, #60]
 549:Middlewares/LVGL/lvgl/src/stdlib/builtin/lv_sprintf_builtin.c ****     unsigned int flags, width, precision, n;
 932              		.loc 1 549 5 is_stmt 1 view .LVU239
 550:Middlewares/LVGL/lvgl/src/stdlib/builtin/lv_sprintf_builtin.c ****     size_t idx = 0U;
 933              		.loc 1 550 5 view .LVU240
 934              	.LVL93:
 551:Middlewares/LVGL/lvgl/src/stdlib/builtin/lv_sprintf_builtin.c **** 
 552:Middlewares/LVGL/lvgl/src/stdlib/builtin/lv_sprintf_builtin.c ****     if(!buffer) {
 935              		.loc 1 552 5 view .LVU241
 936              		.loc 1 552 7 is_stmt 0 view .LVU242
 937 000c 8946     		mov	r9, r1
 938 000e 0029     		cmp	r1, #0
 939 0010 00F0D282 		beq	.L160
 940              	.L70:
 941              	.LVL94:
 553:Middlewares/LVGL/lvgl/src/stdlib/builtin/lv_sprintf_builtin.c ****         // use null output function
 554:Middlewares/LVGL/lvgl/src/stdlib/builtin/lv_sprintf_builtin.c ****         out = _out_null;
 555:Middlewares/LVGL/lvgl/src/stdlib/builtin/lv_sprintf_builtin.c ****     }
 556:Middlewares/LVGL/lvgl/src/stdlib/builtin/lv_sprintf_builtin.c **** 
 557:Middlewares/LVGL/lvgl/src/stdlib/builtin/lv_sprintf_builtin.c ****     while(*format) {
 558:Middlewares/LVGL/lvgl/src/stdlib/builtin/lv_sprintf_builtin.c ****         // format specifier?  %[flags][width][.precision][length]
 559:Middlewares/LVGL/lvgl/src/stdlib/builtin/lv_sprintf_builtin.c ****         if(*format != '%') {
 560:Middlewares/LVGL/lvgl/src/stdlib/builtin/lv_sprintf_builtin.c ****             // no
 561:Middlewares/LVGL/lvgl/src/stdlib/builtin/lv_sprintf_builtin.c ****             out(*format, buffer, idx++, maxlen);
 562:Middlewares/LVGL/lvgl/src/stdlib/builtin/lv_sprintf_builtin.c ****             format++;
 563:Middlewares/LVGL/lvgl/src/stdlib/builtin/lv_sprintf_builtin.c ****             continue;
 564:Middlewares/LVGL/lvgl/src/stdlib/builtin/lv_sprintf_builtin.c ****         }
 565:Middlewares/LVGL/lvgl/src/stdlib/builtin/lv_sprintf_builtin.c ****         else {
 566:Middlewares/LVGL/lvgl/src/stdlib/builtin/lv_sprintf_builtin.c ****             // yes, evaluate it
 567:Middlewares/LVGL/lvgl/src/stdlib/builtin/lv_sprintf_builtin.c ****             format++;
 568:Middlewares/LVGL/lvgl/src/stdlib/builtin/lv_sprintf_builtin.c ****         }
 569:Middlewares/LVGL/lvgl/src/stdlib/builtin/lv_sprintf_builtin.c **** 
 570:Middlewares/LVGL/lvgl/src/stdlib/builtin/lv_sprintf_builtin.c ****         // evaluate flags
 571:Middlewares/LVGL/lvgl/src/stdlib/builtin/lv_sprintf_builtin.c ****         flags = 0U;
 572:Middlewares/LVGL/lvgl/src/stdlib/builtin/lv_sprintf_builtin.c ****         do {
 573:Middlewares/LVGL/lvgl/src/stdlib/builtin/lv_sprintf_builtin.c ****             switch(*format) {
 574:Middlewares/LVGL/lvgl/src/stdlib/builtin/lv_sprintf_builtin.c ****                 case '0':
 575:Middlewares/LVGL/lvgl/src/stdlib/builtin/lv_sprintf_builtin.c ****                     flags |= FLAGS_ZEROPAD;
 576:Middlewares/LVGL/lvgl/src/stdlib/builtin/lv_sprintf_builtin.c ****                     format++;
 577:Middlewares/LVGL/lvgl/src/stdlib/builtin/lv_sprintf_builtin.c ****                     n = 1U;
ARM GAS  C:\Users\w1785\AppData\Local\Temp\cc8eEorc.s 			page 29


 578:Middlewares/LVGL/lvgl/src/stdlib/builtin/lv_sprintf_builtin.c ****                     break;
 579:Middlewares/LVGL/lvgl/src/stdlib/builtin/lv_sprintf_builtin.c ****                 case '-':
 580:Middlewares/LVGL/lvgl/src/stdlib/builtin/lv_sprintf_builtin.c ****                     flags |= FLAGS_LEFT;
 581:Middlewares/LVGL/lvgl/src/stdlib/builtin/lv_sprintf_builtin.c ****                     format++;
 582:Middlewares/LVGL/lvgl/src/stdlib/builtin/lv_sprintf_builtin.c ****                     n = 1U;
 583:Middlewares/LVGL/lvgl/src/stdlib/builtin/lv_sprintf_builtin.c ****                     break;
 584:Middlewares/LVGL/lvgl/src/stdlib/builtin/lv_sprintf_builtin.c ****                 case '+':
 585:Middlewares/LVGL/lvgl/src/stdlib/builtin/lv_sprintf_builtin.c ****                     flags |= FLAGS_PLUS;
 586:Middlewares/LVGL/lvgl/src/stdlib/builtin/lv_sprintf_builtin.c ****                     format++;
 587:Middlewares/LVGL/lvgl/src/stdlib/builtin/lv_sprintf_builtin.c ****                     n = 1U;
 588:Middlewares/LVGL/lvgl/src/stdlib/builtin/lv_sprintf_builtin.c ****                     break;
 589:Middlewares/LVGL/lvgl/src/stdlib/builtin/lv_sprintf_builtin.c ****                 case ' ':
 590:Middlewares/LVGL/lvgl/src/stdlib/builtin/lv_sprintf_builtin.c ****                     flags |= FLAGS_SPACE;
 591:Middlewares/LVGL/lvgl/src/stdlib/builtin/lv_sprintf_builtin.c ****                     format++;
 592:Middlewares/LVGL/lvgl/src/stdlib/builtin/lv_sprintf_builtin.c ****                     n = 1U;
 593:Middlewares/LVGL/lvgl/src/stdlib/builtin/lv_sprintf_builtin.c ****                     break;
 594:Middlewares/LVGL/lvgl/src/stdlib/builtin/lv_sprintf_builtin.c ****                 case '#':
 595:Middlewares/LVGL/lvgl/src/stdlib/builtin/lv_sprintf_builtin.c ****                     flags |= FLAGS_HASH;
 596:Middlewares/LVGL/lvgl/src/stdlib/builtin/lv_sprintf_builtin.c ****                     format++;
 597:Middlewares/LVGL/lvgl/src/stdlib/builtin/lv_sprintf_builtin.c ****                     n = 1U;
 598:Middlewares/LVGL/lvgl/src/stdlib/builtin/lv_sprintf_builtin.c ****                     break;
 599:Middlewares/LVGL/lvgl/src/stdlib/builtin/lv_sprintf_builtin.c ****                 default :
 600:Middlewares/LVGL/lvgl/src/stdlib/builtin/lv_sprintf_builtin.c ****                     n = 0U;
 601:Middlewares/LVGL/lvgl/src/stdlib/builtin/lv_sprintf_builtin.c ****                     break;
 602:Middlewares/LVGL/lvgl/src/stdlib/builtin/lv_sprintf_builtin.c ****             }
 603:Middlewares/LVGL/lvgl/src/stdlib/builtin/lv_sprintf_builtin.c ****         } while(n);
 604:Middlewares/LVGL/lvgl/src/stdlib/builtin/lv_sprintf_builtin.c **** 
 605:Middlewares/LVGL/lvgl/src/stdlib/builtin/lv_sprintf_builtin.c ****         // evaluate width field
 606:Middlewares/LVGL/lvgl/src/stdlib/builtin/lv_sprintf_builtin.c ****         width = 0U;
 607:Middlewares/LVGL/lvgl/src/stdlib/builtin/lv_sprintf_builtin.c ****         if(_is_digit(*format)) {
 608:Middlewares/LVGL/lvgl/src/stdlib/builtin/lv_sprintf_builtin.c ****             width = _atoi(&format);
 609:Middlewares/LVGL/lvgl/src/stdlib/builtin/lv_sprintf_builtin.c ****         }
 610:Middlewares/LVGL/lvgl/src/stdlib/builtin/lv_sprintf_builtin.c ****         else if(*format == '*') {
 611:Middlewares/LVGL/lvgl/src/stdlib/builtin/lv_sprintf_builtin.c ****             const int w = va_arg(va, int);
 612:Middlewares/LVGL/lvgl/src/stdlib/builtin/lv_sprintf_builtin.c ****             if(w < 0) {
 613:Middlewares/LVGL/lvgl/src/stdlib/builtin/lv_sprintf_builtin.c ****                 flags |= FLAGS_LEFT;    // reverse padding
 614:Middlewares/LVGL/lvgl/src/stdlib/builtin/lv_sprintf_builtin.c ****                 width = (unsigned int) - w;
 615:Middlewares/LVGL/lvgl/src/stdlib/builtin/lv_sprintf_builtin.c ****             }
 616:Middlewares/LVGL/lvgl/src/stdlib/builtin/lv_sprintf_builtin.c ****             else {
 617:Middlewares/LVGL/lvgl/src/stdlib/builtin/lv_sprintf_builtin.c ****                 width = (unsigned int)w;
 618:Middlewares/LVGL/lvgl/src/stdlib/builtin/lv_sprintf_builtin.c ****             }
 619:Middlewares/LVGL/lvgl/src/stdlib/builtin/lv_sprintf_builtin.c ****             format++;
 620:Middlewares/LVGL/lvgl/src/stdlib/builtin/lv_sprintf_builtin.c ****         }
 621:Middlewares/LVGL/lvgl/src/stdlib/builtin/lv_sprintf_builtin.c **** 
 622:Middlewares/LVGL/lvgl/src/stdlib/builtin/lv_sprintf_builtin.c ****         // evaluate precision field
 623:Middlewares/LVGL/lvgl/src/stdlib/builtin/lv_sprintf_builtin.c ****         precision = 0U;
 624:Middlewares/LVGL/lvgl/src/stdlib/builtin/lv_sprintf_builtin.c ****         if(*format == '.') {
 625:Middlewares/LVGL/lvgl/src/stdlib/builtin/lv_sprintf_builtin.c ****             flags |= FLAGS_PRECISION;
 626:Middlewares/LVGL/lvgl/src/stdlib/builtin/lv_sprintf_builtin.c ****             format++;
 627:Middlewares/LVGL/lvgl/src/stdlib/builtin/lv_sprintf_builtin.c ****             if(_is_digit(*format)) {
 628:Middlewares/LVGL/lvgl/src/stdlib/builtin/lv_sprintf_builtin.c ****                 precision = _atoi(&format);
 629:Middlewares/LVGL/lvgl/src/stdlib/builtin/lv_sprintf_builtin.c ****             }
 630:Middlewares/LVGL/lvgl/src/stdlib/builtin/lv_sprintf_builtin.c ****             else if(*format == '*') {
 631:Middlewares/LVGL/lvgl/src/stdlib/builtin/lv_sprintf_builtin.c ****                 const int prec = (int)va_arg(va, int);
 632:Middlewares/LVGL/lvgl/src/stdlib/builtin/lv_sprintf_builtin.c ****                 precision = prec > 0 ? (unsigned int)prec : 0U;
 633:Middlewares/LVGL/lvgl/src/stdlib/builtin/lv_sprintf_builtin.c ****                 format++;
 634:Middlewares/LVGL/lvgl/src/stdlib/builtin/lv_sprintf_builtin.c ****             }
ARM GAS  C:\Users\w1785\AppData\Local\Temp\cc8eEorc.s 			page 30


 635:Middlewares/LVGL/lvgl/src/stdlib/builtin/lv_sprintf_builtin.c ****         }
 636:Middlewares/LVGL/lvgl/src/stdlib/builtin/lv_sprintf_builtin.c **** 
 637:Middlewares/LVGL/lvgl/src/stdlib/builtin/lv_sprintf_builtin.c ****         // evaluate length field
 638:Middlewares/LVGL/lvgl/src/stdlib/builtin/lv_sprintf_builtin.c ****         switch(*format) {
 639:Middlewares/LVGL/lvgl/src/stdlib/builtin/lv_sprintf_builtin.c ****             case 'l' :
 640:Middlewares/LVGL/lvgl/src/stdlib/builtin/lv_sprintf_builtin.c ****                 flags |= FLAGS_LONG;
 641:Middlewares/LVGL/lvgl/src/stdlib/builtin/lv_sprintf_builtin.c ****                 format++;
 642:Middlewares/LVGL/lvgl/src/stdlib/builtin/lv_sprintf_builtin.c ****                 if(*format == 'l') {
 643:Middlewares/LVGL/lvgl/src/stdlib/builtin/lv_sprintf_builtin.c ****                     flags |= FLAGS_LONG_LONG;
 644:Middlewares/LVGL/lvgl/src/stdlib/builtin/lv_sprintf_builtin.c ****                     format++;
 645:Middlewares/LVGL/lvgl/src/stdlib/builtin/lv_sprintf_builtin.c ****                 }
 646:Middlewares/LVGL/lvgl/src/stdlib/builtin/lv_sprintf_builtin.c ****                 break;
 647:Middlewares/LVGL/lvgl/src/stdlib/builtin/lv_sprintf_builtin.c ****             case 'h' :
 648:Middlewares/LVGL/lvgl/src/stdlib/builtin/lv_sprintf_builtin.c ****                 flags |= FLAGS_SHORT;
 649:Middlewares/LVGL/lvgl/src/stdlib/builtin/lv_sprintf_builtin.c ****                 format++;
 650:Middlewares/LVGL/lvgl/src/stdlib/builtin/lv_sprintf_builtin.c ****                 if(*format == 'h') {
 651:Middlewares/LVGL/lvgl/src/stdlib/builtin/lv_sprintf_builtin.c ****                     flags |= FLAGS_CHAR;
 652:Middlewares/LVGL/lvgl/src/stdlib/builtin/lv_sprintf_builtin.c ****                     format++;
 653:Middlewares/LVGL/lvgl/src/stdlib/builtin/lv_sprintf_builtin.c ****                 }
 654:Middlewares/LVGL/lvgl/src/stdlib/builtin/lv_sprintf_builtin.c ****                 break;
 655:Middlewares/LVGL/lvgl/src/stdlib/builtin/lv_sprintf_builtin.c **** #if defined(PRINTF_SUPPORT_PTRDIFF_T)
 656:Middlewares/LVGL/lvgl/src/stdlib/builtin/lv_sprintf_builtin.c ****             case 't' :
 657:Middlewares/LVGL/lvgl/src/stdlib/builtin/lv_sprintf_builtin.c ****                 flags |= (sizeof(ptrdiff_t) == sizeof(long) ? FLAGS_LONG : FLAGS_LONG_LONG);
 658:Middlewares/LVGL/lvgl/src/stdlib/builtin/lv_sprintf_builtin.c ****                 format++;
 659:Middlewares/LVGL/lvgl/src/stdlib/builtin/lv_sprintf_builtin.c ****                 break;
 660:Middlewares/LVGL/lvgl/src/stdlib/builtin/lv_sprintf_builtin.c **** #endif
 661:Middlewares/LVGL/lvgl/src/stdlib/builtin/lv_sprintf_builtin.c ****             case 'j' :
 662:Middlewares/LVGL/lvgl/src/stdlib/builtin/lv_sprintf_builtin.c ****                 flags |= (sizeof(intmax_t) == sizeof(long) ? FLAGS_LONG : FLAGS_LONG_LONG);
 663:Middlewares/LVGL/lvgl/src/stdlib/builtin/lv_sprintf_builtin.c ****                 format++;
 664:Middlewares/LVGL/lvgl/src/stdlib/builtin/lv_sprintf_builtin.c ****                 break;
 665:Middlewares/LVGL/lvgl/src/stdlib/builtin/lv_sprintf_builtin.c ****             case 'z' :
 666:Middlewares/LVGL/lvgl/src/stdlib/builtin/lv_sprintf_builtin.c ****                 flags |= (sizeof(size_t) == sizeof(long) ? FLAGS_LONG : FLAGS_LONG_LONG);
 667:Middlewares/LVGL/lvgl/src/stdlib/builtin/lv_sprintf_builtin.c ****                 format++;
 668:Middlewares/LVGL/lvgl/src/stdlib/builtin/lv_sprintf_builtin.c ****                 break;
 669:Middlewares/LVGL/lvgl/src/stdlib/builtin/lv_sprintf_builtin.c ****             default :
 670:Middlewares/LVGL/lvgl/src/stdlib/builtin/lv_sprintf_builtin.c ****                 break;
 671:Middlewares/LVGL/lvgl/src/stdlib/builtin/lv_sprintf_builtin.c ****         }
 672:Middlewares/LVGL/lvgl/src/stdlib/builtin/lv_sprintf_builtin.c **** 
 673:Middlewares/LVGL/lvgl/src/stdlib/builtin/lv_sprintf_builtin.c ****         // evaluate specifier
 674:Middlewares/LVGL/lvgl/src/stdlib/builtin/lv_sprintf_builtin.c ****         switch(*format) {
 675:Middlewares/LVGL/lvgl/src/stdlib/builtin/lv_sprintf_builtin.c ****             case 'd' :
 676:Middlewares/LVGL/lvgl/src/stdlib/builtin/lv_sprintf_builtin.c ****             case 'i' :
 677:Middlewares/LVGL/lvgl/src/stdlib/builtin/lv_sprintf_builtin.c ****             case 'u' :
 678:Middlewares/LVGL/lvgl/src/stdlib/builtin/lv_sprintf_builtin.c ****             case 'x' :
 679:Middlewares/LVGL/lvgl/src/stdlib/builtin/lv_sprintf_builtin.c ****             case 'X' :
 680:Middlewares/LVGL/lvgl/src/stdlib/builtin/lv_sprintf_builtin.c ****             case 'p' :
 681:Middlewares/LVGL/lvgl/src/stdlib/builtin/lv_sprintf_builtin.c ****             case 'P' :
 682:Middlewares/LVGL/lvgl/src/stdlib/builtin/lv_sprintf_builtin.c ****             case 'o' :
 683:Middlewares/LVGL/lvgl/src/stdlib/builtin/lv_sprintf_builtin.c ****             case 'b' : {
 684:Middlewares/LVGL/lvgl/src/stdlib/builtin/lv_sprintf_builtin.c ****                     // set the base
 685:Middlewares/LVGL/lvgl/src/stdlib/builtin/lv_sprintf_builtin.c ****                     unsigned int base;
 686:Middlewares/LVGL/lvgl/src/stdlib/builtin/lv_sprintf_builtin.c ****                     if(*format == 'x' || *format == 'X') {
 687:Middlewares/LVGL/lvgl/src/stdlib/builtin/lv_sprintf_builtin.c ****                         base = 16U;
 688:Middlewares/LVGL/lvgl/src/stdlib/builtin/lv_sprintf_builtin.c ****                     }
 689:Middlewares/LVGL/lvgl/src/stdlib/builtin/lv_sprintf_builtin.c ****                     else if(*format == 'p' || *format == 'P') {
 690:Middlewares/LVGL/lvgl/src/stdlib/builtin/lv_sprintf_builtin.c ****                         base = 16U;
 691:Middlewares/LVGL/lvgl/src/stdlib/builtin/lv_sprintf_builtin.c ****                         flags |= FLAGS_HASH;   // always hash for pointer format
ARM GAS  C:\Users\w1785\AppData\Local\Temp\cc8eEorc.s 			page 31


 692:Middlewares/LVGL/lvgl/src/stdlib/builtin/lv_sprintf_builtin.c **** #if defined(PRINTF_SUPPORT_LONG_LONG)
 693:Middlewares/LVGL/lvgl/src/stdlib/builtin/lv_sprintf_builtin.c ****                         if(sizeof(uintptr_t) == sizeof(long long))
 694:Middlewares/LVGL/lvgl/src/stdlib/builtin/lv_sprintf_builtin.c ****                             flags |= FLAGS_LONG_LONG;
 695:Middlewares/LVGL/lvgl/src/stdlib/builtin/lv_sprintf_builtin.c ****                         else
 696:Middlewares/LVGL/lvgl/src/stdlib/builtin/lv_sprintf_builtin.c **** #endif
 697:Middlewares/LVGL/lvgl/src/stdlib/builtin/lv_sprintf_builtin.c ****                             flags |= FLAGS_LONG;
 698:Middlewares/LVGL/lvgl/src/stdlib/builtin/lv_sprintf_builtin.c **** 
 699:Middlewares/LVGL/lvgl/src/stdlib/builtin/lv_sprintf_builtin.c ****                         if(*(format + 1) == 'V')
 700:Middlewares/LVGL/lvgl/src/stdlib/builtin/lv_sprintf_builtin.c ****                             format++;
 701:Middlewares/LVGL/lvgl/src/stdlib/builtin/lv_sprintf_builtin.c ****                     }
 702:Middlewares/LVGL/lvgl/src/stdlib/builtin/lv_sprintf_builtin.c ****                     else if(*format == 'o') {
 703:Middlewares/LVGL/lvgl/src/stdlib/builtin/lv_sprintf_builtin.c ****                         base =  8U;
 704:Middlewares/LVGL/lvgl/src/stdlib/builtin/lv_sprintf_builtin.c ****                     }
 705:Middlewares/LVGL/lvgl/src/stdlib/builtin/lv_sprintf_builtin.c ****                     else if(*format == 'b') {
 706:Middlewares/LVGL/lvgl/src/stdlib/builtin/lv_sprintf_builtin.c ****                         base =  2U;
 707:Middlewares/LVGL/lvgl/src/stdlib/builtin/lv_sprintf_builtin.c ****                     }
 708:Middlewares/LVGL/lvgl/src/stdlib/builtin/lv_sprintf_builtin.c ****                     else {
 709:Middlewares/LVGL/lvgl/src/stdlib/builtin/lv_sprintf_builtin.c ****                         base = 10U;
 710:Middlewares/LVGL/lvgl/src/stdlib/builtin/lv_sprintf_builtin.c ****                         flags &= ~FLAGS_HASH;   // no hash for dec format
 711:Middlewares/LVGL/lvgl/src/stdlib/builtin/lv_sprintf_builtin.c ****                     }
 712:Middlewares/LVGL/lvgl/src/stdlib/builtin/lv_sprintf_builtin.c ****                     // uppercase
 713:Middlewares/LVGL/lvgl/src/stdlib/builtin/lv_sprintf_builtin.c ****                     if(*format == 'X' || *format == 'P') {
 714:Middlewares/LVGL/lvgl/src/stdlib/builtin/lv_sprintf_builtin.c ****                         flags |= FLAGS_UPPERCASE;
 715:Middlewares/LVGL/lvgl/src/stdlib/builtin/lv_sprintf_builtin.c ****                     }
 716:Middlewares/LVGL/lvgl/src/stdlib/builtin/lv_sprintf_builtin.c **** 
 717:Middlewares/LVGL/lvgl/src/stdlib/builtin/lv_sprintf_builtin.c ****                     // no plus or space flag for u, x, X, o, b
 718:Middlewares/LVGL/lvgl/src/stdlib/builtin/lv_sprintf_builtin.c ****                     if((*format != 'i') && (*format != 'd')) {
 719:Middlewares/LVGL/lvgl/src/stdlib/builtin/lv_sprintf_builtin.c ****                         flags &= ~(FLAGS_PLUS | FLAGS_SPACE);
 720:Middlewares/LVGL/lvgl/src/stdlib/builtin/lv_sprintf_builtin.c ****                     }
 721:Middlewares/LVGL/lvgl/src/stdlib/builtin/lv_sprintf_builtin.c **** 
 722:Middlewares/LVGL/lvgl/src/stdlib/builtin/lv_sprintf_builtin.c ****                     // ignore '0' flag when precision is given
 723:Middlewares/LVGL/lvgl/src/stdlib/builtin/lv_sprintf_builtin.c ****                     if(flags & FLAGS_PRECISION) {
 724:Middlewares/LVGL/lvgl/src/stdlib/builtin/lv_sprintf_builtin.c ****                         flags &= ~FLAGS_ZEROPAD;
 725:Middlewares/LVGL/lvgl/src/stdlib/builtin/lv_sprintf_builtin.c ****                     }
 726:Middlewares/LVGL/lvgl/src/stdlib/builtin/lv_sprintf_builtin.c **** 
 727:Middlewares/LVGL/lvgl/src/stdlib/builtin/lv_sprintf_builtin.c ****                     // convert the integer
 728:Middlewares/LVGL/lvgl/src/stdlib/builtin/lv_sprintf_builtin.c ****                     if((*format == 'i') || (*format == 'd')) {
 729:Middlewares/LVGL/lvgl/src/stdlib/builtin/lv_sprintf_builtin.c ****                         // signed
 730:Middlewares/LVGL/lvgl/src/stdlib/builtin/lv_sprintf_builtin.c ****                         if(flags & FLAGS_LONG_LONG) {
 731:Middlewares/LVGL/lvgl/src/stdlib/builtin/lv_sprintf_builtin.c **** #if defined(PRINTF_SUPPORT_LONG_LONG)
 732:Middlewares/LVGL/lvgl/src/stdlib/builtin/lv_sprintf_builtin.c ****                             const long long value = va_arg(va, long long);
 733:Middlewares/LVGL/lvgl/src/stdlib/builtin/lv_sprintf_builtin.c ****                             idx = _ntoa_long_long(out, buffer, idx, maxlen, (unsigned long long)(va
 734:Middlewares/LVGL/lvgl/src/stdlib/builtin/lv_sprintf_builtin.c ****                                                   precision, width, flags);
 735:Middlewares/LVGL/lvgl/src/stdlib/builtin/lv_sprintf_builtin.c **** #endif
 736:Middlewares/LVGL/lvgl/src/stdlib/builtin/lv_sprintf_builtin.c ****                         }
 737:Middlewares/LVGL/lvgl/src/stdlib/builtin/lv_sprintf_builtin.c ****                         else if(flags & FLAGS_LONG) {
 738:Middlewares/LVGL/lvgl/src/stdlib/builtin/lv_sprintf_builtin.c ****                             const long value = va_arg(va, long);
 739:Middlewares/LVGL/lvgl/src/stdlib/builtin/lv_sprintf_builtin.c ****                             idx = _ntoa_long(out, buffer, idx, maxlen, (unsigned long)(value > 0 ? 
 740:Middlewares/LVGL/lvgl/src/stdlib/builtin/lv_sprintf_builtin.c ****                                              width, flags);
 741:Middlewares/LVGL/lvgl/src/stdlib/builtin/lv_sprintf_builtin.c ****                         }
 742:Middlewares/LVGL/lvgl/src/stdlib/builtin/lv_sprintf_builtin.c ****                         else {
 743:Middlewares/LVGL/lvgl/src/stdlib/builtin/lv_sprintf_builtin.c ****                             const int value = (flags & FLAGS_CHAR) ? (char)va_arg(va, int) : (flags
 744:Middlewares/LVGL/lvgl/src/stdlib/builtin/lv_sprintf_builtin.c ****                                                                                                    
 745:Middlewares/LVGL/lvgl/src/stdlib/builtin/lv_sprintf_builtin.c ****                             idx = _ntoa_long(out, buffer, idx, maxlen, (unsigned int)(value > 0 ? v
 746:Middlewares/LVGL/lvgl/src/stdlib/builtin/lv_sprintf_builtin.c ****                                              width, flags);
 747:Middlewares/LVGL/lvgl/src/stdlib/builtin/lv_sprintf_builtin.c ****                         }
 748:Middlewares/LVGL/lvgl/src/stdlib/builtin/lv_sprintf_builtin.c ****                     }
ARM GAS  C:\Users\w1785\AppData\Local\Temp\cc8eEorc.s 			page 32


 749:Middlewares/LVGL/lvgl/src/stdlib/builtin/lv_sprintf_builtin.c ****                     else if(*format == 'V') {
 750:Middlewares/LVGL/lvgl/src/stdlib/builtin/lv_sprintf_builtin.c ****                         lv_vaformat_t * vaf = va_arg(va, lv_vaformat_t *);
 751:Middlewares/LVGL/lvgl/src/stdlib/builtin/lv_sprintf_builtin.c ****                         va_list copy;
 752:Middlewares/LVGL/lvgl/src/stdlib/builtin/lv_sprintf_builtin.c **** 
 753:Middlewares/LVGL/lvgl/src/stdlib/builtin/lv_sprintf_builtin.c ****                         va_copy(copy, *vaf->va);
 754:Middlewares/LVGL/lvgl/src/stdlib/builtin/lv_sprintf_builtin.c ****                         idx += lv_vsnprintf_inner(out, buffer + idx, maxlen - idx, vaf->fmt, copy);
 755:Middlewares/LVGL/lvgl/src/stdlib/builtin/lv_sprintf_builtin.c ****                         va_end(copy);
 756:Middlewares/LVGL/lvgl/src/stdlib/builtin/lv_sprintf_builtin.c ****                     }
 757:Middlewares/LVGL/lvgl/src/stdlib/builtin/lv_sprintf_builtin.c ****                     else {
 758:Middlewares/LVGL/lvgl/src/stdlib/builtin/lv_sprintf_builtin.c ****                         // unsigned
 759:Middlewares/LVGL/lvgl/src/stdlib/builtin/lv_sprintf_builtin.c ****                         if(flags & FLAGS_LONG_LONG) {
 760:Middlewares/LVGL/lvgl/src/stdlib/builtin/lv_sprintf_builtin.c **** #if defined(PRINTF_SUPPORT_LONG_LONG)
 761:Middlewares/LVGL/lvgl/src/stdlib/builtin/lv_sprintf_builtin.c ****                             idx = _ntoa_long_long(out, buffer, idx, maxlen, va_arg(va, unsigned lon
 762:Middlewares/LVGL/lvgl/src/stdlib/builtin/lv_sprintf_builtin.c **** #endif
 763:Middlewares/LVGL/lvgl/src/stdlib/builtin/lv_sprintf_builtin.c ****                         }
 764:Middlewares/LVGL/lvgl/src/stdlib/builtin/lv_sprintf_builtin.c ****                         else if(flags & FLAGS_LONG) {
 765:Middlewares/LVGL/lvgl/src/stdlib/builtin/lv_sprintf_builtin.c ****                             idx = _ntoa_long(out, buffer, idx, maxlen, va_arg(va, unsigned long), f
 766:Middlewares/LVGL/lvgl/src/stdlib/builtin/lv_sprintf_builtin.c ****                         }
 767:Middlewares/LVGL/lvgl/src/stdlib/builtin/lv_sprintf_builtin.c ****                         else {
 768:Middlewares/LVGL/lvgl/src/stdlib/builtin/lv_sprintf_builtin.c ****                             const unsigned int value = (flags & FLAGS_CHAR) ? (unsigned char)va_arg
 769:Middlewares/LVGL/lvgl/src/stdlib/builtin/lv_sprintf_builtin.c ****                                                                                                    
 770:Middlewares/LVGL/lvgl/src/stdlib/builtin/lv_sprintf_builtin.c ****                             idx = _ntoa_long(out, buffer, idx, maxlen, value, false, base, precisio
 771:Middlewares/LVGL/lvgl/src/stdlib/builtin/lv_sprintf_builtin.c ****                         }
 772:Middlewares/LVGL/lvgl/src/stdlib/builtin/lv_sprintf_builtin.c ****                     }
 773:Middlewares/LVGL/lvgl/src/stdlib/builtin/lv_sprintf_builtin.c ****                     format++;
 774:Middlewares/LVGL/lvgl/src/stdlib/builtin/lv_sprintf_builtin.c ****                     break;
 775:Middlewares/LVGL/lvgl/src/stdlib/builtin/lv_sprintf_builtin.c ****                 }
 776:Middlewares/LVGL/lvgl/src/stdlib/builtin/lv_sprintf_builtin.c **** #if defined(PRINTF_SUPPORT_FLOAT)
 777:Middlewares/LVGL/lvgl/src/stdlib/builtin/lv_sprintf_builtin.c ****             case 'f' :
 778:Middlewares/LVGL/lvgl/src/stdlib/builtin/lv_sprintf_builtin.c ****             case 'F' :
 779:Middlewares/LVGL/lvgl/src/stdlib/builtin/lv_sprintf_builtin.c ****                 if(*format == 'F') flags |= FLAGS_UPPERCASE;
 780:Middlewares/LVGL/lvgl/src/stdlib/builtin/lv_sprintf_builtin.c ****                 idx = _ftoa(out, buffer, idx, maxlen, va_arg(va, double), precision, width, flags);
 781:Middlewares/LVGL/lvgl/src/stdlib/builtin/lv_sprintf_builtin.c ****                 format++;
 782:Middlewares/LVGL/lvgl/src/stdlib/builtin/lv_sprintf_builtin.c ****                 break;
 783:Middlewares/LVGL/lvgl/src/stdlib/builtin/lv_sprintf_builtin.c **** #if defined(PRINTF_SUPPORT_EXPONENTIAL)
 784:Middlewares/LVGL/lvgl/src/stdlib/builtin/lv_sprintf_builtin.c ****             case 'e':
 785:Middlewares/LVGL/lvgl/src/stdlib/builtin/lv_sprintf_builtin.c ****             case 'E':
 786:Middlewares/LVGL/lvgl/src/stdlib/builtin/lv_sprintf_builtin.c ****             case 'g':
 787:Middlewares/LVGL/lvgl/src/stdlib/builtin/lv_sprintf_builtin.c ****             case 'G':
 788:Middlewares/LVGL/lvgl/src/stdlib/builtin/lv_sprintf_builtin.c ****                 if((*format == 'g') || (*format == 'G')) flags |= FLAGS_ADAPT_EXP;
 789:Middlewares/LVGL/lvgl/src/stdlib/builtin/lv_sprintf_builtin.c ****                 if((*format == 'E') || (*format == 'G')) flags |= FLAGS_UPPERCASE;
 790:Middlewares/LVGL/lvgl/src/stdlib/builtin/lv_sprintf_builtin.c ****                 idx = _etoa(out, buffer, idx, maxlen, va_arg(va, double), precision, width, flags);
 791:Middlewares/LVGL/lvgl/src/stdlib/builtin/lv_sprintf_builtin.c ****                 format++;
 792:Middlewares/LVGL/lvgl/src/stdlib/builtin/lv_sprintf_builtin.c ****                 break;
 793:Middlewares/LVGL/lvgl/src/stdlib/builtin/lv_sprintf_builtin.c **** #endif  // PRINTF_SUPPORT_EXPONENTIAL
 794:Middlewares/LVGL/lvgl/src/stdlib/builtin/lv_sprintf_builtin.c **** #endif  // PRINTF_SUPPORT_FLOAT
 795:Middlewares/LVGL/lvgl/src/stdlib/builtin/lv_sprintf_builtin.c ****             case 'c' : {
 796:Middlewares/LVGL/lvgl/src/stdlib/builtin/lv_sprintf_builtin.c ****                     unsigned int l = 1U;
 797:Middlewares/LVGL/lvgl/src/stdlib/builtin/lv_sprintf_builtin.c ****                     // pre padding
 798:Middlewares/LVGL/lvgl/src/stdlib/builtin/lv_sprintf_builtin.c ****                     if(!(flags & FLAGS_LEFT)) {
 799:Middlewares/LVGL/lvgl/src/stdlib/builtin/lv_sprintf_builtin.c ****                         while(l++ < width) {
 800:Middlewares/LVGL/lvgl/src/stdlib/builtin/lv_sprintf_builtin.c ****                             out(' ', buffer, idx++, maxlen);
 801:Middlewares/LVGL/lvgl/src/stdlib/builtin/lv_sprintf_builtin.c ****                         }
 802:Middlewares/LVGL/lvgl/src/stdlib/builtin/lv_sprintf_builtin.c ****                     }
 803:Middlewares/LVGL/lvgl/src/stdlib/builtin/lv_sprintf_builtin.c ****                     // char output
 804:Middlewares/LVGL/lvgl/src/stdlib/builtin/lv_sprintf_builtin.c ****                     out((char)va_arg(va, int), buffer, idx++, maxlen);
 805:Middlewares/LVGL/lvgl/src/stdlib/builtin/lv_sprintf_builtin.c ****                     // post padding
ARM GAS  C:\Users\w1785\AppData\Local\Temp\cc8eEorc.s 			page 33


 806:Middlewares/LVGL/lvgl/src/stdlib/builtin/lv_sprintf_builtin.c ****                     if(flags & FLAGS_LEFT) {
 807:Middlewares/LVGL/lvgl/src/stdlib/builtin/lv_sprintf_builtin.c ****                         while(l++ < width) {
 808:Middlewares/LVGL/lvgl/src/stdlib/builtin/lv_sprintf_builtin.c ****                             out(' ', buffer, idx++, maxlen);
 809:Middlewares/LVGL/lvgl/src/stdlib/builtin/lv_sprintf_builtin.c ****                         }
 810:Middlewares/LVGL/lvgl/src/stdlib/builtin/lv_sprintf_builtin.c ****                     }
 811:Middlewares/LVGL/lvgl/src/stdlib/builtin/lv_sprintf_builtin.c ****                     format++;
 812:Middlewares/LVGL/lvgl/src/stdlib/builtin/lv_sprintf_builtin.c ****                     break;
 813:Middlewares/LVGL/lvgl/src/stdlib/builtin/lv_sprintf_builtin.c ****                 }
 814:Middlewares/LVGL/lvgl/src/stdlib/builtin/lv_sprintf_builtin.c **** 
 815:Middlewares/LVGL/lvgl/src/stdlib/builtin/lv_sprintf_builtin.c ****             case 's' : {
 816:Middlewares/LVGL/lvgl/src/stdlib/builtin/lv_sprintf_builtin.c ****                     const char * p = va_arg(va, char *);
 817:Middlewares/LVGL/lvgl/src/stdlib/builtin/lv_sprintf_builtin.c ****                     unsigned int l = lv_strnlen(p, precision ? precision : (size_t) -1);
 818:Middlewares/LVGL/lvgl/src/stdlib/builtin/lv_sprintf_builtin.c ****                     // pre padding
 819:Middlewares/LVGL/lvgl/src/stdlib/builtin/lv_sprintf_builtin.c ****                     if(flags & FLAGS_PRECISION) {
 820:Middlewares/LVGL/lvgl/src/stdlib/builtin/lv_sprintf_builtin.c ****                         l = (l < precision ? l : precision);
 821:Middlewares/LVGL/lvgl/src/stdlib/builtin/lv_sprintf_builtin.c ****                     }
 822:Middlewares/LVGL/lvgl/src/stdlib/builtin/lv_sprintf_builtin.c ****                     if(!(flags & FLAGS_LEFT)) {
 823:Middlewares/LVGL/lvgl/src/stdlib/builtin/lv_sprintf_builtin.c ****                         while(l++ < width) {
 824:Middlewares/LVGL/lvgl/src/stdlib/builtin/lv_sprintf_builtin.c ****                             out(' ', buffer, idx++, maxlen);
 825:Middlewares/LVGL/lvgl/src/stdlib/builtin/lv_sprintf_builtin.c ****                         }
 826:Middlewares/LVGL/lvgl/src/stdlib/builtin/lv_sprintf_builtin.c ****                     }
 827:Middlewares/LVGL/lvgl/src/stdlib/builtin/lv_sprintf_builtin.c ****                     // string output
 828:Middlewares/LVGL/lvgl/src/stdlib/builtin/lv_sprintf_builtin.c ****                     while((*p != 0) && (!(flags & FLAGS_PRECISION) || precision--)) {
 829:Middlewares/LVGL/lvgl/src/stdlib/builtin/lv_sprintf_builtin.c ****                         out(*(p++), buffer, idx++, maxlen);
 830:Middlewares/LVGL/lvgl/src/stdlib/builtin/lv_sprintf_builtin.c ****                     }
 831:Middlewares/LVGL/lvgl/src/stdlib/builtin/lv_sprintf_builtin.c ****                     // post padding
 832:Middlewares/LVGL/lvgl/src/stdlib/builtin/lv_sprintf_builtin.c ****                     if(flags & FLAGS_LEFT) {
 833:Middlewares/LVGL/lvgl/src/stdlib/builtin/lv_sprintf_builtin.c ****                         while(l++ < width) {
 834:Middlewares/LVGL/lvgl/src/stdlib/builtin/lv_sprintf_builtin.c ****                             out(' ', buffer, idx++, maxlen);
 835:Middlewares/LVGL/lvgl/src/stdlib/builtin/lv_sprintf_builtin.c ****                         }
 836:Middlewares/LVGL/lvgl/src/stdlib/builtin/lv_sprintf_builtin.c ****                     }
 837:Middlewares/LVGL/lvgl/src/stdlib/builtin/lv_sprintf_builtin.c ****                     format++;
 838:Middlewares/LVGL/lvgl/src/stdlib/builtin/lv_sprintf_builtin.c ****                     break;
 839:Middlewares/LVGL/lvgl/src/stdlib/builtin/lv_sprintf_builtin.c ****                 }
 840:Middlewares/LVGL/lvgl/src/stdlib/builtin/lv_sprintf_builtin.c **** 
 841:Middlewares/LVGL/lvgl/src/stdlib/builtin/lv_sprintf_builtin.c ****             case '%' :
 842:Middlewares/LVGL/lvgl/src/stdlib/builtin/lv_sprintf_builtin.c ****                 out('%', buffer, idx++, maxlen);
 942              		.loc 1 842 17 view .LVU243
 943 0014 0024     		movs	r4, #0
 944              	.LVL95:
 945              	.L143:
 557:Middlewares/LVGL/lvgl/src/stdlib/builtin/lv_sprintf_builtin.c ****         // format specifier?  %[flags][width][.precision][length]
 946              		.loc 1 557 11 is_stmt 1 view .LVU244
 947 0016 0F9B     		ldr	r3, [sp, #60]
 948 0018 1878     		ldrb	r0, [r3]	@ zero_extendqisi2
 949 001a 0028     		cmp	r0, #0
 950 001c 00F0CE82 		beq	.L161
 559:Middlewares/LVGL/lvgl/src/stdlib/builtin/lv_sprintf_builtin.c ****             // no
 951              		.loc 1 559 9 view .LVU245
 559:Middlewares/LVGL/lvgl/src/stdlib/builtin/lv_sprintf_builtin.c ****             // no
 952              		.loc 1 559 11 is_stmt 0 view .LVU246
 953 0020 2528     		cmp	r0, #37
 954 0022 09D0     		beq	.L72
 561:Middlewares/LVGL/lvgl/src/stdlib/builtin/lv_sprintf_builtin.c ****             format++;
 955              		.loc 1 561 13 is_stmt 1 view .LVU247
 956 0024 651C     		adds	r5, r4, #1
 957              	.LVL96:
ARM GAS  C:\Users\w1785\AppData\Local\Temp\cc8eEorc.s 			page 34


 561:Middlewares/LVGL/lvgl/src/stdlib/builtin/lv_sprintf_builtin.c ****             format++;
 958              		.loc 1 561 13 is_stmt 0 view .LVU248
 959 0026 3346     		mov	r3, r6
 960 0028 2246     		mov	r2, r4
 961 002a 4946     		mov	r1, r9
 962 002c B847     		blx	r7
 963              	.LVL97:
 562:Middlewares/LVGL/lvgl/src/stdlib/builtin/lv_sprintf_builtin.c ****             continue;
 964              		.loc 1 562 13 is_stmt 1 view .LVU249
 562:Middlewares/LVGL/lvgl/src/stdlib/builtin/lv_sprintf_builtin.c ****             continue;
 965              		.loc 1 562 19 is_stmt 0 view .LVU250
 966 002e 0F9B     		ldr	r3, [sp, #60]
 967 0030 0133     		adds	r3, r3, #1
 968 0032 0F93     		str	r3, [sp, #60]
 563:Middlewares/LVGL/lvgl/src/stdlib/builtin/lv_sprintf_builtin.c ****         }
 969              		.loc 1 563 13 is_stmt 1 view .LVU251
 561:Middlewares/LVGL/lvgl/src/stdlib/builtin/lv_sprintf_builtin.c ****             format++;
 970              		.loc 1 561 13 is_stmt 0 view .LVU252
 971 0034 2C46     		mov	r4, r5
 563:Middlewares/LVGL/lvgl/src/stdlib/builtin/lv_sprintf_builtin.c ****         }
 972              		.loc 1 563 13 view .LVU253
 973 0036 EEE7     		b	.L143
 974              	.LVL98:
 975              	.L72:
 567:Middlewares/LVGL/lvgl/src/stdlib/builtin/lv_sprintf_builtin.c ****         }
 976              		.loc 1 567 13 is_stmt 1 view .LVU254
 567:Middlewares/LVGL/lvgl/src/stdlib/builtin/lv_sprintf_builtin.c ****         }
 977              		.loc 1 567 19 is_stmt 0 view .LVU255
 978 0038 0133     		adds	r3, r3, #1
 979 003a 0F93     		str	r3, [sp, #60]
 571:Middlewares/LVGL/lvgl/src/stdlib/builtin/lv_sprintf_builtin.c ****         do {
 980              		.loc 1 571 9 is_stmt 1 view .LVU256
 981              	.LVL99:
 571:Middlewares/LVGL/lvgl/src/stdlib/builtin/lv_sprintf_builtin.c ****         do {
 982              		.loc 1 571 15 is_stmt 0 view .LVU257
 983 003c 4FF00008 		mov	r8, #0
 984 0040 1FE0     		b	.L81
 985              	.LVL100:
 986              	.L75:
 575:Middlewares/LVGL/lvgl/src/stdlib/builtin/lv_sprintf_builtin.c ****                     format++;
 987              		.loc 1 575 21 is_stmt 1 view .LVU258
 575:Middlewares/LVGL/lvgl/src/stdlib/builtin/lv_sprintf_builtin.c ****                     format++;
 988              		.loc 1 575 27 is_stmt 0 view .LVU259
 989 0042 48F00108 		orr	r8, r8, #1
 990              	.LVL101:
 576:Middlewares/LVGL/lvgl/src/stdlib/builtin/lv_sprintf_builtin.c ****                     n = 1U;
 991              		.loc 1 576 21 is_stmt 1 view .LVU260
 576:Middlewares/LVGL/lvgl/src/stdlib/builtin/lv_sprintf_builtin.c ****                     n = 1U;
 992              		.loc 1 576 27 is_stmt 0 view .LVU261
 993 0046 0132     		adds	r2, r2, #1
 994 0048 0F92     		str	r2, [sp, #60]
 577:Middlewares/LVGL/lvgl/src/stdlib/builtin/lv_sprintf_builtin.c ****                     break;
 995              		.loc 1 577 21 is_stmt 1 view .LVU262
 996              	.LVL102:
 578:Middlewares/LVGL/lvgl/src/stdlib/builtin/lv_sprintf_builtin.c ****                 case '-':
 997              		.loc 1 578 21 view .LVU263
 577:Middlewares/LVGL/lvgl/src/stdlib/builtin/lv_sprintf_builtin.c ****                     break;
ARM GAS  C:\Users\w1785\AppData\Local\Temp\cc8eEorc.s 			page 35


 998              		.loc 1 577 23 is_stmt 0 view .LVU264
 999 004a 0123     		movs	r3, #1
 578:Middlewares/LVGL/lvgl/src/stdlib/builtin/lv_sprintf_builtin.c ****                 case '-':
 1000              		.loc 1 578 21 view .LVU265
 1001 004c 18E0     		b	.L74
 1002              	.LVL103:
 1003              	.L77:
 580:Middlewares/LVGL/lvgl/src/stdlib/builtin/lv_sprintf_builtin.c ****                     format++;
 1004              		.loc 1 580 21 is_stmt 1 view .LVU266
 580:Middlewares/LVGL/lvgl/src/stdlib/builtin/lv_sprintf_builtin.c ****                     format++;
 1005              		.loc 1 580 27 is_stmt 0 view .LVU267
 1006 004e 48F00208 		orr	r8, r8, #2
 1007              	.LVL104:
 581:Middlewares/LVGL/lvgl/src/stdlib/builtin/lv_sprintf_builtin.c ****                     n = 1U;
 1008              		.loc 1 581 21 is_stmt 1 view .LVU268
 581:Middlewares/LVGL/lvgl/src/stdlib/builtin/lv_sprintf_builtin.c ****                     n = 1U;
 1009              		.loc 1 581 27 is_stmt 0 view .LVU269
 1010 0052 0132     		adds	r2, r2, #1
 1011 0054 0F92     		str	r2, [sp, #60]
 582:Middlewares/LVGL/lvgl/src/stdlib/builtin/lv_sprintf_builtin.c ****                     break;
 1012              		.loc 1 582 21 is_stmt 1 view .LVU270
 1013              	.LVL105:
 583:Middlewares/LVGL/lvgl/src/stdlib/builtin/lv_sprintf_builtin.c ****                 case '+':
 1014              		.loc 1 583 21 view .LVU271
 582:Middlewares/LVGL/lvgl/src/stdlib/builtin/lv_sprintf_builtin.c ****                     break;
 1015              		.loc 1 582 23 is_stmt 0 view .LVU272
 1016 0056 0123     		movs	r3, #1
 583:Middlewares/LVGL/lvgl/src/stdlib/builtin/lv_sprintf_builtin.c ****                 case '+':
 1017              		.loc 1 583 21 view .LVU273
 1018 0058 12E0     		b	.L74
 1019              	.LVL106:
 1020              	.L78:
 585:Middlewares/LVGL/lvgl/src/stdlib/builtin/lv_sprintf_builtin.c ****                     format++;
 1021              		.loc 1 585 21 is_stmt 1 view .LVU274
 585:Middlewares/LVGL/lvgl/src/stdlib/builtin/lv_sprintf_builtin.c ****                     format++;
 1022              		.loc 1 585 27 is_stmt 0 view .LVU275
 1023 005a 48F00408 		orr	r8, r8, #4
 1024              	.LVL107:
 586:Middlewares/LVGL/lvgl/src/stdlib/builtin/lv_sprintf_builtin.c ****                     n = 1U;
 1025              		.loc 1 586 21 is_stmt 1 view .LVU276
 586:Middlewares/LVGL/lvgl/src/stdlib/builtin/lv_sprintf_builtin.c ****                     n = 1U;
 1026              		.loc 1 586 27 is_stmt 0 view .LVU277
 1027 005e 0132     		adds	r2, r2, #1
 1028 0060 0F92     		str	r2, [sp, #60]
 587:Middlewares/LVGL/lvgl/src/stdlib/builtin/lv_sprintf_builtin.c ****                     break;
 1029              		.loc 1 587 21 is_stmt 1 view .LVU278
 1030              	.LVL108:
 588:Middlewares/LVGL/lvgl/src/stdlib/builtin/lv_sprintf_builtin.c ****                 case ' ':
 1031              		.loc 1 588 21 view .LVU279
 587:Middlewares/LVGL/lvgl/src/stdlib/builtin/lv_sprintf_builtin.c ****                     break;
 1032              		.loc 1 587 23 is_stmt 0 view .LVU280
 1033 0062 0123     		movs	r3, #1
 588:Middlewares/LVGL/lvgl/src/stdlib/builtin/lv_sprintf_builtin.c ****                 case ' ':
 1034              		.loc 1 588 21 view .LVU281
 1035 0064 0CE0     		b	.L74
 1036              	.LVL109:
 1037              	.L80:
ARM GAS  C:\Users\w1785\AppData\Local\Temp\cc8eEorc.s 			page 36


 590:Middlewares/LVGL/lvgl/src/stdlib/builtin/lv_sprintf_builtin.c ****                     format++;
 1038              		.loc 1 590 21 is_stmt 1 view .LVU282
 590:Middlewares/LVGL/lvgl/src/stdlib/builtin/lv_sprintf_builtin.c ****                     format++;
 1039              		.loc 1 590 27 is_stmt 0 view .LVU283
 1040 0066 48F00808 		orr	r8, r8, #8
 1041              	.LVL110:
 591:Middlewares/LVGL/lvgl/src/stdlib/builtin/lv_sprintf_builtin.c ****                     n = 1U;
 1042              		.loc 1 591 21 is_stmt 1 view .LVU284
 591:Middlewares/LVGL/lvgl/src/stdlib/builtin/lv_sprintf_builtin.c ****                     n = 1U;
 1043              		.loc 1 591 27 is_stmt 0 view .LVU285
 1044 006a 0132     		adds	r2, r2, #1
 1045 006c 0F92     		str	r2, [sp, #60]
 592:Middlewares/LVGL/lvgl/src/stdlib/builtin/lv_sprintf_builtin.c ****                     break;
 1046              		.loc 1 592 21 is_stmt 1 view .LVU286
 1047              	.LVL111:
 593:Middlewares/LVGL/lvgl/src/stdlib/builtin/lv_sprintf_builtin.c ****                 case '#':
 1048              		.loc 1 593 21 view .LVU287
 592:Middlewares/LVGL/lvgl/src/stdlib/builtin/lv_sprintf_builtin.c ****                     break;
 1049              		.loc 1 592 23 is_stmt 0 view .LVU288
 1050 006e 0123     		movs	r3, #1
 593:Middlewares/LVGL/lvgl/src/stdlib/builtin/lv_sprintf_builtin.c ****                 case '#':
 1051              		.loc 1 593 21 view .LVU289
 1052 0070 06E0     		b	.L74
 1053              	.LVL112:
 1054              	.L79:
 595:Middlewares/LVGL/lvgl/src/stdlib/builtin/lv_sprintf_builtin.c ****                     format++;
 1055              		.loc 1 595 21 is_stmt 1 view .LVU290
 595:Middlewares/LVGL/lvgl/src/stdlib/builtin/lv_sprintf_builtin.c ****                     format++;
 1056              		.loc 1 595 27 is_stmt 0 view .LVU291
 1057 0072 48F01008 		orr	r8, r8, #16
 1058              	.LVL113:
 596:Middlewares/LVGL/lvgl/src/stdlib/builtin/lv_sprintf_builtin.c ****                     n = 1U;
 1059              		.loc 1 596 21 is_stmt 1 view .LVU292
 596:Middlewares/LVGL/lvgl/src/stdlib/builtin/lv_sprintf_builtin.c ****                     n = 1U;
 1060              		.loc 1 596 27 is_stmt 0 view .LVU293
 1061 0076 0132     		adds	r2, r2, #1
 1062 0078 0F92     		str	r2, [sp, #60]
 597:Middlewares/LVGL/lvgl/src/stdlib/builtin/lv_sprintf_builtin.c ****                     break;
 1063              		.loc 1 597 21 is_stmt 1 view .LVU294
 1064              	.LVL114:
 598:Middlewares/LVGL/lvgl/src/stdlib/builtin/lv_sprintf_builtin.c ****                 default :
 1065              		.loc 1 598 21 view .LVU295
 597:Middlewares/LVGL/lvgl/src/stdlib/builtin/lv_sprintf_builtin.c ****                     break;
 1066              		.loc 1 597 23 is_stmt 0 view .LVU296
 1067 007a 0123     		movs	r3, #1
 598:Middlewares/LVGL/lvgl/src/stdlib/builtin/lv_sprintf_builtin.c ****                 default :
 1068              		.loc 1 598 21 view .LVU297
 1069 007c 00E0     		b	.L74
 1070              	.LVL115:
 1071              	.L147:
 573:Middlewares/LVGL/lvgl/src/stdlib/builtin/lv_sprintf_builtin.c ****                 case '0':
 1072              		.loc 1 573 13 view .LVU298
 1073 007e 0023     		movs	r3, #0
 1074              	.L74:
 1075              	.LVL116:
 603:Middlewares/LVGL/lvgl/src/stdlib/builtin/lv_sprintf_builtin.c **** 
 1076              		.loc 1 603 17 is_stmt 1 view .LVU299
ARM GAS  C:\Users\w1785\AppData\Local\Temp\cc8eEorc.s 			page 37


 1077 0080 53B3     		cbz	r3, .L162
 1078              	.LVL117:
 1079              	.L81:
 572:Middlewares/LVGL/lvgl/src/stdlib/builtin/lv_sprintf_builtin.c ****             switch(*format) {
 1080              		.loc 1 572 9 view .LVU300
 573:Middlewares/LVGL/lvgl/src/stdlib/builtin/lv_sprintf_builtin.c ****                 case '0':
 1081              		.loc 1 573 13 view .LVU301
 573:Middlewares/LVGL/lvgl/src/stdlib/builtin/lv_sprintf_builtin.c ****                 case '0':
 1082              		.loc 1 573 20 is_stmt 0 view .LVU302
 1083 0082 0F9A     		ldr	r2, [sp, #60]
 1084 0084 1378     		ldrb	r3, [r2]	@ zero_extendqisi2
 573:Middlewares/LVGL/lvgl/src/stdlib/builtin/lv_sprintf_builtin.c ****                 case '0':
 1085              		.loc 1 573 13 view .LVU303
 1086 0086 203B     		subs	r3, r3, #32
 1087 0088 102B     		cmp	r3, #16
 1088 008a F8D8     		bhi	.L147
 1089 008c 01A1     		adr	r1, .L76
 1090 008e 51F823F0 		ldr	pc, [r1, r3, lsl #2]
 1091 0092 00BF     		.p2align 2
 1092              	.L76:
 1093 0094 67000000 		.word	.L80+1
 1094 0098 7F000000 		.word	.L147+1
 1095 009c 7F000000 		.word	.L147+1
 1096 00a0 73000000 		.word	.L79+1
 1097 00a4 7F000000 		.word	.L147+1
 1098 00a8 7F000000 		.word	.L147+1
 1099 00ac 7F000000 		.word	.L147+1
 1100 00b0 7F000000 		.word	.L147+1
 1101 00b4 7F000000 		.word	.L147+1
 1102 00b8 7F000000 		.word	.L147+1
 1103 00bc 7F000000 		.word	.L147+1
 1104 00c0 5B000000 		.word	.L78+1
 1105 00c4 7F000000 		.word	.L147+1
 1106 00c8 4F000000 		.word	.L77+1
 1107 00cc 7F000000 		.word	.L147+1
 1108 00d0 7F000000 		.word	.L147+1
 1109 00d4 43000000 		.word	.L75+1
 1110              	.LVL118:
 1111              		.p2align 1
 1112              	.L162:
 607:Middlewares/LVGL/lvgl/src/stdlib/builtin/lv_sprintf_builtin.c ****             width = _atoi(&format);
 1113              		.loc 1 607 12 view .LVU304
 1114 00d8 0B93     		str	r3, [sp, #44]
 606:Middlewares/LVGL/lvgl/src/stdlib/builtin/lv_sprintf_builtin.c ****         if(_is_digit(*format)) {
 1115              		.loc 1 606 9 is_stmt 1 view .LVU305
 1116              	.LVL119:
 607:Middlewares/LVGL/lvgl/src/stdlib/builtin/lv_sprintf_builtin.c ****             width = _atoi(&format);
 1117              		.loc 1 607 9 view .LVU306
 607:Middlewares/LVGL/lvgl/src/stdlib/builtin/lv_sprintf_builtin.c ****             width = _atoi(&format);
 1118              		.loc 1 607 12 is_stmt 0 view .LVU307
 1119 00da 0F9B     		ldr	r3, [sp, #60]
 1120              	.LVL120:
 607:Middlewares/LVGL/lvgl/src/stdlib/builtin/lv_sprintf_builtin.c ****             width = _atoi(&format);
 1121              		.loc 1 607 12 view .LVU308
 1122 00dc 1A78     		ldrb	r2, [r3]	@ zero_extendqisi2
 1123              	.LVL121:
 1124              	.LBB28:
ARM GAS  C:\Users\w1785\AppData\Local\Temp\cc8eEorc.s 			page 38


 1125              	.LBI28:
 149:Middlewares/LVGL/lvgl/src/stdlib/builtin/lv_sprintf_builtin.c **** {
 1126              		.loc 1 149 20 is_stmt 1 view .LVU309
 1127              	.LBB29:
 151:Middlewares/LVGL/lvgl/src/stdlib/builtin/lv_sprintf_builtin.c **** }
 1128              		.loc 1 151 5 view .LVU310
 151:Middlewares/LVGL/lvgl/src/stdlib/builtin/lv_sprintf_builtin.c **** }
 1129              		.loc 1 151 24 is_stmt 0 view .LVU311
 1130 00de A2F13003 		sub	r3, r2, #48
 1131 00e2 DBB2     		uxtb	r3, r3
 1132              	.LVL122:
 151:Middlewares/LVGL/lvgl/src/stdlib/builtin/lv_sprintf_builtin.c **** }
 1133              		.loc 1 151 24 view .LVU312
 1134              	.LBE29:
 1135              	.LBE28:
 607:Middlewares/LVGL/lvgl/src/stdlib/builtin/lv_sprintf_builtin.c ****             width = _atoi(&format);
 1136              		.loc 1 607 11 discriminator 1 view .LVU313
 1137 00e4 092B     		cmp	r3, #9
 1138 00e6 18D9     		bls	.L163
 610:Middlewares/LVGL/lvgl/src/stdlib/builtin/lv_sprintf_builtin.c ****             const int w = va_arg(va, int);
 1139              		.loc 1 610 14 is_stmt 1 view .LVU314
 610:Middlewares/LVGL/lvgl/src/stdlib/builtin/lv_sprintf_builtin.c ****             const int w = va_arg(va, int);
 1140              		.loc 1 610 16 is_stmt 0 view .LVU315
 1141 00e8 2A2A     		cmp	r2, #42
 1142 00ea 1BD0     		beq	.L164
 606:Middlewares/LVGL/lvgl/src/stdlib/builtin/lv_sprintf_builtin.c ****         if(_is_digit(*format)) {
 1143              		.loc 1 606 15 view .LVU316
 1144 00ec DDF82CB0 		ldr	fp, [sp, #44]
 1145              	.LVL123:
 1146              	.L83:
 623:Middlewares/LVGL/lvgl/src/stdlib/builtin/lv_sprintf_builtin.c ****         if(*format == '.') {
 1147              		.loc 1 623 9 is_stmt 1 view .LVU317
 624:Middlewares/LVGL/lvgl/src/stdlib/builtin/lv_sprintf_builtin.c ****             flags |= FLAGS_PRECISION;
 1148              		.loc 1 624 9 view .LVU318
 624:Middlewares/LVGL/lvgl/src/stdlib/builtin/lv_sprintf_builtin.c ****             flags |= FLAGS_PRECISION;
 1149              		.loc 1 624 12 is_stmt 0 view .LVU319
 1150 00f0 0F9B     		ldr	r3, [sp, #60]
 1151 00f2 1A78     		ldrb	r2, [r3]	@ zero_extendqisi2
 624:Middlewares/LVGL/lvgl/src/stdlib/builtin/lv_sprintf_builtin.c ****             flags |= FLAGS_PRECISION;
 1152              		.loc 1 624 11 view .LVU320
 1153 00f4 2E2A     		cmp	r2, #46
 1154 00f6 25D0     		beq	.L165
 1155              	.LVL124:
 1156              	.L86:
 638:Middlewares/LVGL/lvgl/src/stdlib/builtin/lv_sprintf_builtin.c ****             case 'l' :
 1157              		.loc 1 638 9 is_stmt 1 view .LVU321
 638:Middlewares/LVGL/lvgl/src/stdlib/builtin/lv_sprintf_builtin.c ****             case 'l' :
 1158              		.loc 1 638 16 is_stmt 0 view .LVU322
 1159 00f8 0F9A     		ldr	r2, [sp, #60]
 1160 00fa 1378     		ldrb	r3, [r2]	@ zero_extendqisi2
 638:Middlewares/LVGL/lvgl/src/stdlib/builtin/lv_sprintf_builtin.c ****             case 'l' :
 1161              		.loc 1 638 9 view .LVU323
 1162 00fc 683B     		subs	r3, r3, #104
 1163 00fe 122B     		cmp	r3, #18
 1164 0100 5CD8     		bhi	.L88
 1165 0102 DFE803F0 		tbb	[pc, r3]
 1166              	.L90:
ARM GAS  C:\Users\w1785\AppData\Local\Temp\cc8eEorc.s 			page 39


 1167 0106 49       		.byte	(.L94-.L90)/2
 1168 0107 5B       		.byte	(.L88-.L90)/2
 1169 0108 7B       		.byte	(.L93-.L90)/2
 1170 0109 5B       		.byte	(.L88-.L90)/2
 1171 010a 3B       		.byte	(.L92-.L90)/2
 1172 010b 5B       		.byte	(.L88-.L90)/2
 1173 010c 5B       		.byte	(.L88-.L90)/2
 1174 010d 5B       		.byte	(.L88-.L90)/2
 1175 010e 5B       		.byte	(.L88-.L90)/2
 1176 010f 5B       		.byte	(.L88-.L90)/2
 1177 0110 5B       		.byte	(.L88-.L90)/2
 1178 0111 5B       		.byte	(.L88-.L90)/2
 1179 0112 57       		.byte	(.L91-.L90)/2
 1180 0113 5B       		.byte	(.L88-.L90)/2
 1181 0114 5B       		.byte	(.L88-.L90)/2
 1182 0115 5B       		.byte	(.L88-.L90)/2
 1183 0116 5B       		.byte	(.L88-.L90)/2
 1184 0117 5B       		.byte	(.L88-.L90)/2
 1185 0118 80       		.byte	(.L89-.L90)/2
 1186              	.LVL125:
 1187 0119 00       		.p2align 1
 1188              	.L163:
 608:Middlewares/LVGL/lvgl/src/stdlib/builtin/lv_sprintf_builtin.c ****         }
 1189              		.loc 1 608 13 is_stmt 1 view .LVU324
 608:Middlewares/LVGL/lvgl/src/stdlib/builtin/lv_sprintf_builtin.c ****         }
 1190              		.loc 1 608 21 is_stmt 0 view .LVU325
 1191 011a 0FA8     		add	r0, sp, #60
 1192 011c FFF7FEFF 		bl	_atoi
 1193              	.LVL126:
 1194 0120 8346     		mov	fp, r0
 1195              	.LVL127:
 608:Middlewares/LVGL/lvgl/src/stdlib/builtin/lv_sprintf_builtin.c ****         }
 1196              		.loc 1 608 21 view .LVU326
 1197 0122 E5E7     		b	.L83
 1198              	.LVL128:
 1199              	.L164:
 1200              	.LBB30:
 611:Middlewares/LVGL/lvgl/src/stdlib/builtin/lv_sprintf_builtin.c ****             if(w < 0) {
 1201              		.loc 1 611 13 is_stmt 1 view .LVU327
 611:Middlewares/LVGL/lvgl/src/stdlib/builtin/lv_sprintf_builtin.c ****             if(w < 0) {
 1202              		.loc 1 611 23 is_stmt 0 view .LVU328
 1203 0124 1C9B     		ldr	r3, [sp, #112]
 1204 0126 1A1D     		adds	r2, r3, #4
 1205 0128 1C92     		str	r2, [sp, #112]
 1206 012a 1B68     		ldr	r3, [r3]
 612:Middlewares/LVGL/lvgl/src/stdlib/builtin/lv_sprintf_builtin.c ****                 flags |= FLAGS_LEFT;    // reverse padding
 1207              		.loc 1 612 13 is_stmt 1 view .LVU329
 612:Middlewares/LVGL/lvgl/src/stdlib/builtin/lv_sprintf_builtin.c ****                 flags |= FLAGS_LEFT;    // reverse padding
 1208              		.loc 1 612 15 is_stmt 0 view .LVU330
 1209 012c 002B     		cmp	r3, #0
 1210 012e 04DB     		blt	.L166
 617:Middlewares/LVGL/lvgl/src/stdlib/builtin/lv_sprintf_builtin.c ****             }
 1211              		.loc 1 617 17 is_stmt 1 view .LVU331
 617:Middlewares/LVGL/lvgl/src/stdlib/builtin/lv_sprintf_builtin.c ****             }
 1212              		.loc 1 617 23 is_stmt 0 view .LVU332
 1213 0130 9B46     		mov	fp, r3
 1214              	.LVL129:
ARM GAS  C:\Users\w1785\AppData\Local\Temp\cc8eEorc.s 			page 40


 1215              	.L85:
 619:Middlewares/LVGL/lvgl/src/stdlib/builtin/lv_sprintf_builtin.c ****         }
 1216              		.loc 1 619 13 is_stmt 1 view .LVU333
 619:Middlewares/LVGL/lvgl/src/stdlib/builtin/lv_sprintf_builtin.c ****         }
 1217              		.loc 1 619 19 is_stmt 0 view .LVU334
 1218 0132 0F9B     		ldr	r3, [sp, #60]
 1219 0134 0133     		adds	r3, r3, #1
 1220 0136 0F93     		str	r3, [sp, #60]
 1221 0138 DAE7     		b	.L83
 1222              	.LVL130:
 1223              	.L166:
 613:Middlewares/LVGL/lvgl/src/stdlib/builtin/lv_sprintf_builtin.c ****                 width = (unsigned int) - w;
 1224              		.loc 1 613 17 is_stmt 1 view .LVU335
 613:Middlewares/LVGL/lvgl/src/stdlib/builtin/lv_sprintf_builtin.c ****                 width = (unsigned int) - w;
 1225              		.loc 1 613 23 is_stmt 0 view .LVU336
 1226 013a 48F00208 		orr	r8, r8, #2
 1227              	.LVL131:
 614:Middlewares/LVGL/lvgl/src/stdlib/builtin/lv_sprintf_builtin.c ****             }
 1228              		.loc 1 614 17 is_stmt 1 view .LVU337
 614:Middlewares/LVGL/lvgl/src/stdlib/builtin/lv_sprintf_builtin.c ****             }
 1229              		.loc 1 614 40 is_stmt 0 view .LVU338
 1230 013e C3F1000B 		rsb	fp, r3, #0
 1231              	.LVL132:
 614:Middlewares/LVGL/lvgl/src/stdlib/builtin/lv_sprintf_builtin.c ****             }
 1232              		.loc 1 614 40 view .LVU339
 1233 0142 F6E7     		b	.L85
 1234              	.LVL133:
 1235              	.L165:
 614:Middlewares/LVGL/lvgl/src/stdlib/builtin/lv_sprintf_builtin.c ****             }
 1236              		.loc 1 614 40 view .LVU340
 1237              	.LBE30:
 625:Middlewares/LVGL/lvgl/src/stdlib/builtin/lv_sprintf_builtin.c ****             format++;
 1238              		.loc 1 625 13 is_stmt 1 view .LVU341
 625:Middlewares/LVGL/lvgl/src/stdlib/builtin/lv_sprintf_builtin.c ****             format++;
 1239              		.loc 1 625 19 is_stmt 0 view .LVU342
 1240 0144 48F48068 		orr	r8, r8, #1024
 1241              	.LVL134:
 626:Middlewares/LVGL/lvgl/src/stdlib/builtin/lv_sprintf_builtin.c ****             if(_is_digit(*format)) {
 1242              		.loc 1 626 13 is_stmt 1 view .LVU343
 626:Middlewares/LVGL/lvgl/src/stdlib/builtin/lv_sprintf_builtin.c ****             if(_is_digit(*format)) {
 1243              		.loc 1 626 19 is_stmt 0 view .LVU344
 1244 0148 5A1C     		adds	r2, r3, #1
 1245 014a 0F92     		str	r2, [sp, #60]
 627:Middlewares/LVGL/lvgl/src/stdlib/builtin/lv_sprintf_builtin.c ****                 precision = _atoi(&format);
 1246              		.loc 1 627 13 is_stmt 1 view .LVU345
 627:Middlewares/LVGL/lvgl/src/stdlib/builtin/lv_sprintf_builtin.c ****                 precision = _atoi(&format);
 1247              		.loc 1 627 16 is_stmt 0 view .LVU346
 1248 014c 5A78     		ldrb	r2, [r3, #1]	@ zero_extendqisi2
 1249              	.LVL135:
 1250              	.LBB31:
 1251              	.LBI31:
 149:Middlewares/LVGL/lvgl/src/stdlib/builtin/lv_sprintf_builtin.c **** {
 1252              		.loc 1 149 20 is_stmt 1 view .LVU347
 1253              	.LBB32:
 151:Middlewares/LVGL/lvgl/src/stdlib/builtin/lv_sprintf_builtin.c **** }
 1254              		.loc 1 151 5 view .LVU348
 151:Middlewares/LVGL/lvgl/src/stdlib/builtin/lv_sprintf_builtin.c **** }
ARM GAS  C:\Users\w1785\AppData\Local\Temp\cc8eEorc.s 			page 41


 1255              		.loc 1 151 24 is_stmt 0 view .LVU349
 1256 014e A2F13003 		sub	r3, r2, #48
 1257 0152 DBB2     		uxtb	r3, r3
 1258              	.LVL136:
 151:Middlewares/LVGL/lvgl/src/stdlib/builtin/lv_sprintf_builtin.c **** }
 1259              		.loc 1 151 24 view .LVU350
 1260              	.LBE32:
 1261              	.LBE31:
 627:Middlewares/LVGL/lvgl/src/stdlib/builtin/lv_sprintf_builtin.c ****                 precision = _atoi(&format);
 1262              		.loc 1 627 15 discriminator 1 view .LVU351
 1263 0154 092B     		cmp	r3, #9
 1264 0156 0CD9     		bls	.L167
 630:Middlewares/LVGL/lvgl/src/stdlib/builtin/lv_sprintf_builtin.c ****                 const int prec = (int)va_arg(va, int);
 1265              		.loc 1 630 18 is_stmt 1 view .LVU352
 630:Middlewares/LVGL/lvgl/src/stdlib/builtin/lv_sprintf_builtin.c ****                 const int prec = (int)va_arg(va, int);
 1266              		.loc 1 630 20 is_stmt 0 view .LVU353
 1267 0158 2A2A     		cmp	r2, #42
 1268 015a CDD1     		bne	.L86
 1269              	.LBB33:
 631:Middlewares/LVGL/lvgl/src/stdlib/builtin/lv_sprintf_builtin.c ****                 precision = prec > 0 ? (unsigned int)prec : 0U;
 1270              		.loc 1 631 17 is_stmt 1 view .LVU354
 631:Middlewares/LVGL/lvgl/src/stdlib/builtin/lv_sprintf_builtin.c ****                 precision = prec > 0 ? (unsigned int)prec : 0U;
 1271              		.loc 1 631 27 is_stmt 0 view .LVU355
 1272 015c 1C9B     		ldr	r3, [sp, #112]
 1273 015e 1A1D     		adds	r2, r3, #4
 1274 0160 1C92     		str	r2, [sp, #112]
 1275 0162 1D68     		ldr	r5, [r3]
 632:Middlewares/LVGL/lvgl/src/stdlib/builtin/lv_sprintf_builtin.c ****                 format++;
 1276              		.loc 1 632 17 is_stmt 1 view .LVU356
 632:Middlewares/LVGL/lvgl/src/stdlib/builtin/lv_sprintf_builtin.c ****                 format++;
 1277              		.loc 1 632 59 is_stmt 0 view .LVU357
 1278 0164 25EAE573 		bic	r3, r5, r5, asr #31
 1279 0168 0B93     		str	r3, [sp, #44]
 1280              	.LVL137:
 633:Middlewares/LVGL/lvgl/src/stdlib/builtin/lv_sprintf_builtin.c ****             }
 1281              		.loc 1 633 17 is_stmt 1 view .LVU358
 633:Middlewares/LVGL/lvgl/src/stdlib/builtin/lv_sprintf_builtin.c ****             }
 1282              		.loc 1 633 23 is_stmt 0 view .LVU359
 1283 016a 0F9B     		ldr	r3, [sp, #60]
 1284              	.LVL138:
 633:Middlewares/LVGL/lvgl/src/stdlib/builtin/lv_sprintf_builtin.c ****             }
 1285              		.loc 1 633 23 view .LVU360
 1286 016c 0133     		adds	r3, r3, #1
 1287 016e 0F93     		str	r3, [sp, #60]
 1288 0170 C2E7     		b	.L86
 1289              	.LVL139:
 1290              	.L167:
 633:Middlewares/LVGL/lvgl/src/stdlib/builtin/lv_sprintf_builtin.c ****             }
 1291              		.loc 1 633 23 view .LVU361
 1292              	.LBE33:
 628:Middlewares/LVGL/lvgl/src/stdlib/builtin/lv_sprintf_builtin.c ****             }
 1293              		.loc 1 628 17 is_stmt 1 view .LVU362
 628:Middlewares/LVGL/lvgl/src/stdlib/builtin/lv_sprintf_builtin.c ****             }
 1294              		.loc 1 628 29 is_stmt 0 view .LVU363
 1295 0172 0FA8     		add	r0, sp, #60
 1296 0174 FFF7FEFF 		bl	_atoi
 1297              	.LVL140:
ARM GAS  C:\Users\w1785\AppData\Local\Temp\cc8eEorc.s 			page 42


 1298 0178 0B90     		str	r0, [sp, #44]
 1299              	.LVL141:
 628:Middlewares/LVGL/lvgl/src/stdlib/builtin/lv_sprintf_builtin.c ****             }
 1300              		.loc 1 628 29 view .LVU364
 1301 017a BDE7     		b	.L86
 1302              	.LVL142:
 1303              	.L92:
 640:Middlewares/LVGL/lvgl/src/stdlib/builtin/lv_sprintf_builtin.c ****                 format++;
 1304              		.loc 1 640 17 is_stmt 1 view .LVU365
 640:Middlewares/LVGL/lvgl/src/stdlib/builtin/lv_sprintf_builtin.c ****                 format++;
 1305              		.loc 1 640 23 is_stmt 0 view .LVU366
 1306 017c 48F48071 		orr	r1, r8, #256
 1307              	.LVL143:
 641:Middlewares/LVGL/lvgl/src/stdlib/builtin/lv_sprintf_builtin.c ****                 if(*format == 'l') {
 1308              		.loc 1 641 17 is_stmt 1 view .LVU367
 641:Middlewares/LVGL/lvgl/src/stdlib/builtin/lv_sprintf_builtin.c ****                 if(*format == 'l') {
 1309              		.loc 1 641 23 is_stmt 0 view .LVU368
 1310 0180 531C     		adds	r3, r2, #1
 1311 0182 0F93     		str	r3, [sp, #60]
 642:Middlewares/LVGL/lvgl/src/stdlib/builtin/lv_sprintf_builtin.c ****                     flags |= FLAGS_LONG_LONG;
 1312              		.loc 1 642 17 is_stmt 1 view .LVU369
 642:Middlewares/LVGL/lvgl/src/stdlib/builtin/lv_sprintf_builtin.c ****                     flags |= FLAGS_LONG_LONG;
 1313              		.loc 1 642 20 is_stmt 0 view .LVU370
 1314 0184 5378     		ldrb	r3, [r2, #1]	@ zero_extendqisi2
 642:Middlewares/LVGL/lvgl/src/stdlib/builtin/lv_sprintf_builtin.c ****                     flags |= FLAGS_LONG_LONG;
 1315              		.loc 1 642 19 view .LVU371
 1316 0186 6C2B     		cmp	r3, #108
 1317 0188 01D0     		beq	.L168
 640:Middlewares/LVGL/lvgl/src/stdlib/builtin/lv_sprintf_builtin.c ****                 format++;
 1318              		.loc 1 640 23 view .LVU372
 1319 018a 8846     		mov	r8, r1
 1320 018c 16E0     		b	.L88
 1321              	.L168:
 643:Middlewares/LVGL/lvgl/src/stdlib/builtin/lv_sprintf_builtin.c ****                     format++;
 1322              		.loc 1 643 21 is_stmt 1 view .LVU373
 643:Middlewares/LVGL/lvgl/src/stdlib/builtin/lv_sprintf_builtin.c ****                     format++;
 1323              		.loc 1 643 27 is_stmt 0 view .LVU374
 1324 018e 48F44078 		orr	r8, r8, #768
 1325              	.LVL144:
 644:Middlewares/LVGL/lvgl/src/stdlib/builtin/lv_sprintf_builtin.c ****                 }
 1326              		.loc 1 644 21 is_stmt 1 view .LVU375
 644:Middlewares/LVGL/lvgl/src/stdlib/builtin/lv_sprintf_builtin.c ****                 }
 1327              		.loc 1 644 27 is_stmt 0 view .LVU376
 1328 0192 0232     		adds	r2, r2, #2
 1329 0194 0F92     		str	r2, [sp, #60]
 1330 0196 11E0     		b	.L88
 1331              	.L94:
 648:Middlewares/LVGL/lvgl/src/stdlib/builtin/lv_sprintf_builtin.c ****                 format++;
 1332              		.loc 1 648 17 is_stmt 1 view .LVU377
 648:Middlewares/LVGL/lvgl/src/stdlib/builtin/lv_sprintf_builtin.c ****                 format++;
 1333              		.loc 1 648 23 is_stmt 0 view .LVU378
 1334 0198 48F08001 		orr	r1, r8, #128
 1335              	.LVL145:
 649:Middlewares/LVGL/lvgl/src/stdlib/builtin/lv_sprintf_builtin.c ****                 if(*format == 'h') {
 1336              		.loc 1 649 17 is_stmt 1 view .LVU379
 649:Middlewares/LVGL/lvgl/src/stdlib/builtin/lv_sprintf_builtin.c ****                 if(*format == 'h') {
 1337              		.loc 1 649 23 is_stmt 0 view .LVU380
ARM GAS  C:\Users\w1785\AppData\Local\Temp\cc8eEorc.s 			page 43


 1338 019c 531C     		adds	r3, r2, #1
 1339 019e 0F93     		str	r3, [sp, #60]
 650:Middlewares/LVGL/lvgl/src/stdlib/builtin/lv_sprintf_builtin.c ****                     flags |= FLAGS_CHAR;
 1340              		.loc 1 650 17 is_stmt 1 view .LVU381
 650:Middlewares/LVGL/lvgl/src/stdlib/builtin/lv_sprintf_builtin.c ****                     flags |= FLAGS_CHAR;
 1341              		.loc 1 650 20 is_stmt 0 view .LVU382
 1342 01a0 5378     		ldrb	r3, [r2, #1]	@ zero_extendqisi2
 650:Middlewares/LVGL/lvgl/src/stdlib/builtin/lv_sprintf_builtin.c ****                     flags |= FLAGS_CHAR;
 1343              		.loc 1 650 19 view .LVU383
 1344 01a2 682B     		cmp	r3, #104
 1345 01a4 01D0     		beq	.L169
 648:Middlewares/LVGL/lvgl/src/stdlib/builtin/lv_sprintf_builtin.c ****                 format++;
 1346              		.loc 1 648 23 view .LVU384
 1347 01a6 8846     		mov	r8, r1
 1348 01a8 08E0     		b	.L88
 1349              	.L169:
 651:Middlewares/LVGL/lvgl/src/stdlib/builtin/lv_sprintf_builtin.c ****                     format++;
 1350              		.loc 1 651 21 is_stmt 1 view .LVU385
 651:Middlewares/LVGL/lvgl/src/stdlib/builtin/lv_sprintf_builtin.c ****                     format++;
 1351              		.loc 1 651 27 is_stmt 0 view .LVU386
 1352 01aa 48F0C008 		orr	r8, r8, #192
 1353              	.LVL146:
 652:Middlewares/LVGL/lvgl/src/stdlib/builtin/lv_sprintf_builtin.c ****                 }
 1354              		.loc 1 652 21 is_stmt 1 view .LVU387
 652:Middlewares/LVGL/lvgl/src/stdlib/builtin/lv_sprintf_builtin.c ****                 }
 1355              		.loc 1 652 27 is_stmt 0 view .LVU388
 1356 01ae 0232     		adds	r2, r2, #2
 1357 01b0 0F92     		str	r2, [sp, #60]
 1358 01b2 03E0     		b	.L88
 1359              	.L91:
 657:Middlewares/LVGL/lvgl/src/stdlib/builtin/lv_sprintf_builtin.c ****                 format++;
 1360              		.loc 1 657 17 is_stmt 1 view .LVU389
 657:Middlewares/LVGL/lvgl/src/stdlib/builtin/lv_sprintf_builtin.c ****                 format++;
 1361              		.loc 1 657 23 is_stmt 0 view .LVU390
 1362 01b4 48F48078 		orr	r8, r8, #256
 1363              	.LVL147:
 658:Middlewares/LVGL/lvgl/src/stdlib/builtin/lv_sprintf_builtin.c ****                 break;
 1364              		.loc 1 658 17 is_stmt 1 view .LVU391
 658:Middlewares/LVGL/lvgl/src/stdlib/builtin/lv_sprintf_builtin.c ****                 break;
 1365              		.loc 1 658 23 is_stmt 0 view .LVU392
 1366 01b8 0132     		adds	r2, r2, #1
 1367 01ba 0F92     		str	r2, [sp, #60]
 659:Middlewares/LVGL/lvgl/src/stdlib/builtin/lv_sprintf_builtin.c **** #endif
 1368              		.loc 1 659 17 is_stmt 1 view .LVU393
 1369              	.L88:
 674:Middlewares/LVGL/lvgl/src/stdlib/builtin/lv_sprintf_builtin.c ****             case 'd' :
 1370              		.loc 1 674 9 view .LVU394
 674:Middlewares/LVGL/lvgl/src/stdlib/builtin/lv_sprintf_builtin.c ****             case 'd' :
 1371              		.loc 1 674 16 is_stmt 0 view .LVU395
 1372 01bc 0F99     		ldr	r1, [sp, #60]
 1373 01be 0878     		ldrb	r0, [r1]	@ zero_extendqisi2
 674:Middlewares/LVGL/lvgl/src/stdlib/builtin/lv_sprintf_builtin.c ****             case 'd' :
 1374              		.loc 1 674 9 view .LVU396
 1375 01c0 7828     		cmp	r0, #120
 1376 01c2 11D8     		bhi	.L95
 674:Middlewares/LVGL/lvgl/src/stdlib/builtin/lv_sprintf_builtin.c ****             case 'd' :
 1377              		.loc 1 674 9 view .LVU397
ARM GAS  C:\Users\w1785\AppData\Local\Temp\cc8eEorc.s 			page 44


 1378 01c4 6228     		cmp	r0, #98
 1379 01c6 23D3     		bcc	.L170
 1380 01c8 A0F16202 		sub	r2, r0, #98
 1381 01cc D2B2     		uxtb	r2, r2
 1382 01ce 0123     		movs	r3, #1
 1383 01d0 9340     		lsls	r3, r3, r2
 1384 01d2 8F4A     		ldr	r2, .L182
 1385 01d4 1A40     		ands	r2, r2, r3
 1386 01d6 6ABB     		cbnz	r2, .L98
 1387 01d8 13F4003F 		tst	r3, #131072
 1388 01dc 40F08F81 		bne	.L99
 1389 01e0 13F0020F 		tst	r3, #2
 1390 01e4 40F05681 		bne	.L171
 1391              	.L95:
 843:Middlewares/LVGL/lvgl/src/stdlib/builtin/lv_sprintf_builtin.c ****                 format++;
 844:Middlewares/LVGL/lvgl/src/stdlib/builtin/lv_sprintf_builtin.c ****                 break;
 845:Middlewares/LVGL/lvgl/src/stdlib/builtin/lv_sprintf_builtin.c **** 
 846:Middlewares/LVGL/lvgl/src/stdlib/builtin/lv_sprintf_builtin.c ****             default :
 847:Middlewares/LVGL/lvgl/src/stdlib/builtin/lv_sprintf_builtin.c ****                 out(*format, buffer, idx++, maxlen);
 1392              		.loc 1 847 17 is_stmt 1 view .LVU398
 1393 01e8 651C     		adds	r5, r4, #1
 1394              	.LVL148:
 1395              		.loc 1 847 17 is_stmt 0 view .LVU399
 1396 01ea 3346     		mov	r3, r6
 1397 01ec 2246     		mov	r2, r4
 1398 01ee 4946     		mov	r1, r9
 1399 01f0 B847     		blx	r7
 1400              	.LVL149:
 848:Middlewares/LVGL/lvgl/src/stdlib/builtin/lv_sprintf_builtin.c ****                 format++;
 1401              		.loc 1 848 17 is_stmt 1 view .LVU400
 1402              		.loc 1 848 23 is_stmt 0 view .LVU401
 1403 01f2 0F9B     		ldr	r3, [sp, #60]
 1404 01f4 0133     		adds	r3, r3, #1
 1405 01f6 0F93     		str	r3, [sp, #60]
 849:Middlewares/LVGL/lvgl/src/stdlib/builtin/lv_sprintf_builtin.c ****                 break;
 1406              		.loc 1 849 17 is_stmt 1 view .LVU402
 847:Middlewares/LVGL/lvgl/src/stdlib/builtin/lv_sprintf_builtin.c ****                 format++;
 1407              		.loc 1 847 17 is_stmt 0 view .LVU403
 1408 01f8 2C46     		mov	r4, r5
 1409              		.loc 1 849 17 view .LVU404
 1410 01fa 0CE7     		b	.L143
 1411              	.LVL150:
 1412              	.L93:
 662:Middlewares/LVGL/lvgl/src/stdlib/builtin/lv_sprintf_builtin.c ****                 format++;
 1413              		.loc 1 662 17 is_stmt 1 view .LVU405
 662:Middlewares/LVGL/lvgl/src/stdlib/builtin/lv_sprintf_builtin.c ****                 format++;
 1414              		.loc 1 662 23 is_stmt 0 view .LVU406
 1415 01fc 48F40078 		orr	r8, r8, #512
 1416              	.LVL151:
 663:Middlewares/LVGL/lvgl/src/stdlib/builtin/lv_sprintf_builtin.c ****                 break;
 1417              		.loc 1 663 17 is_stmt 1 view .LVU407
 663:Middlewares/LVGL/lvgl/src/stdlib/builtin/lv_sprintf_builtin.c ****                 break;
 1418              		.loc 1 663 23 is_stmt 0 view .LVU408
 1419 0200 0132     		adds	r2, r2, #1
 1420 0202 0F92     		str	r2, [sp, #60]
 664:Middlewares/LVGL/lvgl/src/stdlib/builtin/lv_sprintf_builtin.c ****             case 'z' :
 1421              		.loc 1 664 17 is_stmt 1 view .LVU409
ARM GAS  C:\Users\w1785\AppData\Local\Temp\cc8eEorc.s 			page 45


 1422 0204 DAE7     		b	.L88
 1423              	.L89:
 666:Middlewares/LVGL/lvgl/src/stdlib/builtin/lv_sprintf_builtin.c ****                 format++;
 1424              		.loc 1 666 17 view .LVU410
 666:Middlewares/LVGL/lvgl/src/stdlib/builtin/lv_sprintf_builtin.c ****                 format++;
 1425              		.loc 1 666 23 is_stmt 0 view .LVU411
 1426 0206 48F48078 		orr	r8, r8, #256
 1427              	.LVL152:
 667:Middlewares/LVGL/lvgl/src/stdlib/builtin/lv_sprintf_builtin.c ****                 break;
 1428              		.loc 1 667 17 is_stmt 1 view .LVU412
 667:Middlewares/LVGL/lvgl/src/stdlib/builtin/lv_sprintf_builtin.c ****                 break;
 1429              		.loc 1 667 23 is_stmt 0 view .LVU413
 1430 020a 0132     		adds	r2, r2, #1
 1431 020c 0F92     		str	r2, [sp, #60]
 668:Middlewares/LVGL/lvgl/src/stdlib/builtin/lv_sprintf_builtin.c ****             default :
 1432              		.loc 1 668 17 is_stmt 1 view .LVU414
 1433 020e D5E7     		b	.L88
 1434              	.L170:
 674:Middlewares/LVGL/lvgl/src/stdlib/builtin/lv_sprintf_builtin.c ****             case 'd' :
 1435              		.loc 1 674 9 is_stmt 0 view .LVU415
 1436 0210 2528     		cmp	r0, #37
 1437 0212 0AD1     		bne	.L172
 842:Middlewares/LVGL/lvgl/src/stdlib/builtin/lv_sprintf_builtin.c ****                 format++;
 1438              		.loc 1 842 17 is_stmt 1 view .LVU416
 1439 0214 651C     		adds	r5, r4, #1
 1440              	.LVL153:
 842:Middlewares/LVGL/lvgl/src/stdlib/builtin/lv_sprintf_builtin.c ****                 format++;
 1441              		.loc 1 842 17 is_stmt 0 view .LVU417
 1442 0216 3346     		mov	r3, r6
 1443 0218 2246     		mov	r2, r4
 1444 021a 4946     		mov	r1, r9
 1445 021c 2520     		movs	r0, #37
 1446 021e B847     		blx	r7
 1447              	.LVL154:
 843:Middlewares/LVGL/lvgl/src/stdlib/builtin/lv_sprintf_builtin.c ****                 break;
 1448              		.loc 1 843 17 is_stmt 1 view .LVU418
 843:Middlewares/LVGL/lvgl/src/stdlib/builtin/lv_sprintf_builtin.c ****                 break;
 1449              		.loc 1 843 23 is_stmt 0 view .LVU419
 1450 0220 0F9B     		ldr	r3, [sp, #60]
 1451 0222 0133     		adds	r3, r3, #1
 1452 0224 0F93     		str	r3, [sp, #60]
 844:Middlewares/LVGL/lvgl/src/stdlib/builtin/lv_sprintf_builtin.c **** 
 1453              		.loc 1 844 17 is_stmt 1 view .LVU420
 842:Middlewares/LVGL/lvgl/src/stdlib/builtin/lv_sprintf_builtin.c ****                 format++;
 1454              		.loc 1 842 17 is_stmt 0 view .LVU421
 1455 0226 2C46     		mov	r4, r5
 844:Middlewares/LVGL/lvgl/src/stdlib/builtin/lv_sprintf_builtin.c **** 
 1456              		.loc 1 844 17 view .LVU422
 1457 0228 F5E6     		b	.L143
 1458              	.LVL155:
 1459              	.L172:
 674:Middlewares/LVGL/lvgl/src/stdlib/builtin/lv_sprintf_builtin.c ****             case 'd' :
 1460              		.loc 1 674 9 view .LVU423
 1461 022a DDD3     		bcc	.L95
 1462 022c 5028     		cmp	r0, #80
 1463 022e 01D0     		beq	.L98
 1464 0230 5828     		cmp	r0, #88
ARM GAS  C:\Users\w1785\AppData\Local\Temp\cc8eEorc.s 			page 46


 1465 0232 D9D1     		bne	.L95
 1466              	.L98:
 1467              	.LBB34:
 685:Middlewares/LVGL/lvgl/src/stdlib/builtin/lv_sprintf_builtin.c ****                     if(*format == 'x' || *format == 'X') {
 1468              		.loc 1 685 21 is_stmt 1 view .LVU424
 686:Middlewares/LVGL/lvgl/src/stdlib/builtin/lv_sprintf_builtin.c ****                         base = 16U;
 1469              		.loc 1 686 21 view .LVU425
 1470 0234 5038     		subs	r0, r0, #80
 1471 0236 2828     		cmp	r0, #40
 1472 0238 25D8     		bhi	.L101
 1473 023a DFE800F0 		tbb	[pc, r0]
 1474              	.L103:
 1475 023e 17       		.byte	(.L104-.L103)/2
 1476 023f 24       		.byte	(.L101-.L103)/2
 1477 0240 24       		.byte	(.L101-.L103)/2
 1478 0241 24       		.byte	(.L101-.L103)/2
 1479 0242 24       		.byte	(.L101-.L103)/2
 1480 0243 24       		.byte	(.L101-.L103)/2
 1481 0244 24       		.byte	(.L101-.L103)/2
 1482 0245 24       		.byte	(.L101-.L103)/2
 1483 0246 15       		.byte	(.L102-.L103)/2
 1484 0247 24       		.byte	(.L101-.L103)/2
 1485 0248 24       		.byte	(.L101-.L103)/2
 1486 0249 24       		.byte	(.L101-.L103)/2
 1487 024a 24       		.byte	(.L101-.L103)/2
 1488 024b 24       		.byte	(.L101-.L103)/2
 1489 024c 24       		.byte	(.L101-.L103)/2
 1490 024d 24       		.byte	(.L101-.L103)/2
 1491 024e 24       		.byte	(.L101-.L103)/2
 1492 024f 24       		.byte	(.L101-.L103)/2
 1493 0250 22       		.byte	(.L106-.L103)/2
 1494 0251 24       		.byte	(.L101-.L103)/2
 1495 0252 24       		.byte	(.L101-.L103)/2
 1496 0253 24       		.byte	(.L101-.L103)/2
 1497 0254 24       		.byte	(.L101-.L103)/2
 1498 0255 24       		.byte	(.L101-.L103)/2
 1499 0256 24       		.byte	(.L101-.L103)/2
 1500 0257 24       		.byte	(.L101-.L103)/2
 1501 0258 24       		.byte	(.L101-.L103)/2
 1502 0259 24       		.byte	(.L101-.L103)/2
 1503 025a 24       		.byte	(.L101-.L103)/2
 1504 025b 24       		.byte	(.L101-.L103)/2
 1505 025c 24       		.byte	(.L101-.L103)/2
 1506 025d 63       		.byte	(.L151-.L103)/2
 1507 025e 17       		.byte	(.L104-.L103)/2
 1508 025f 24       		.byte	(.L101-.L103)/2
 1509 0260 24       		.byte	(.L101-.L103)/2
 1510 0261 24       		.byte	(.L101-.L103)/2
 1511 0262 24       		.byte	(.L101-.L103)/2
 1512 0263 24       		.byte	(.L101-.L103)/2
 1513 0264 24       		.byte	(.L101-.L103)/2
 1514 0265 24       		.byte	(.L101-.L103)/2
 1515 0266 15       		.byte	(.L102-.L103)/2
 1516 0267 00       		.p2align 1
 1517              	.L102:
 1518              	.LBE34:
 648:Middlewares/LVGL/lvgl/src/stdlib/builtin/lv_sprintf_builtin.c ****                 format++;
ARM GAS  C:\Users\w1785\AppData\Local\Temp\cc8eEorc.s 			page 47


 1519              		.loc 1 648 23 is_stmt 0 view .LVU426
 1520 0268 1022     		movs	r2, #16
 1521 026a 0FE0     		b	.L105
 1522              	.L104:
 1523              	.LBB43:
 690:Middlewares/LVGL/lvgl/src/stdlib/builtin/lv_sprintf_builtin.c ****                         flags |= FLAGS_HASH;   // always hash for pointer format
 1524              		.loc 1 690 25 is_stmt 1 view .LVU427
 1525              	.LVL156:
 691:Middlewares/LVGL/lvgl/src/stdlib/builtin/lv_sprintf_builtin.c **** #if defined(PRINTF_SUPPORT_LONG_LONG)
 1526              		.loc 1 691 25 view .LVU428
 693:Middlewares/LVGL/lvgl/src/stdlib/builtin/lv_sprintf_builtin.c ****                             flags |= FLAGS_LONG_LONG;
 1527              		.loc 1 693 25 view .LVU429
 697:Middlewares/LVGL/lvgl/src/stdlib/builtin/lv_sprintf_builtin.c **** 
 1528              		.loc 1 697 29 view .LVU430
 697:Middlewares/LVGL/lvgl/src/stdlib/builtin/lv_sprintf_builtin.c **** 
 1529              		.loc 1 697 35 is_stmt 0 view .LVU431
 1530 026c 48F48878 		orr	r8, r8, #272
 1531              	.LVL157:
 699:Middlewares/LVGL/lvgl/src/stdlib/builtin/lv_sprintf_builtin.c ****                             format++;
 1532              		.loc 1 699 25 is_stmt 1 view .LVU432
 699:Middlewares/LVGL/lvgl/src/stdlib/builtin/lv_sprintf_builtin.c ****                             format++;
 1533              		.loc 1 699 28 is_stmt 0 view .LVU433
 1534 0270 4B78     		ldrb	r3, [r1, #1]	@ zero_extendqisi2
 699:Middlewares/LVGL/lvgl/src/stdlib/builtin/lv_sprintf_builtin.c ****                             format++;
 1535              		.loc 1 699 27 view .LVU434
 1536 0272 562B     		cmp	r3, #86
 1537 0274 01D0     		beq	.L173
 690:Middlewares/LVGL/lvgl/src/stdlib/builtin/lv_sprintf_builtin.c ****                         flags |= FLAGS_HASH;   // always hash for pointer format
 1538              		.loc 1 690 30 view .LVU435
 1539 0276 1022     		movs	r2, #16
 1540 0278 08E0     		b	.L105
 1541              	.L173:
 700:Middlewares/LVGL/lvgl/src/stdlib/builtin/lv_sprintf_builtin.c ****                     }
 1542              		.loc 1 700 29 is_stmt 1 view .LVU436
 700:Middlewares/LVGL/lvgl/src/stdlib/builtin/lv_sprintf_builtin.c ****                     }
 1543              		.loc 1 700 35 is_stmt 0 view .LVU437
 1544 027a 0131     		adds	r1, r1, #1
 1545 027c 0F91     		str	r1, [sp, #60]
 690:Middlewares/LVGL/lvgl/src/stdlib/builtin/lv_sprintf_builtin.c ****                         flags |= FLAGS_HASH;   // always hash for pointer format
 1546              		.loc 1 690 30 view .LVU438
 1547 027e 1022     		movs	r2, #16
 1548 0280 04E0     		b	.L105
 1549              	.LVL158:
 1550              	.L106:
 690:Middlewares/LVGL/lvgl/src/stdlib/builtin/lv_sprintf_builtin.c ****                         flags |= FLAGS_HASH;   // always hash for pointer format
 1551              		.loc 1 690 30 view .LVU439
 1552 0282 0222     		movs	r2, #2
 1553 0284 02E0     		b	.L105
 1554              	.L101:
 709:Middlewares/LVGL/lvgl/src/stdlib/builtin/lv_sprintf_builtin.c ****                         flags &= ~FLAGS_HASH;   // no hash for dec format
 1555              		.loc 1 709 25 is_stmt 1 view .LVU440
 1556              	.LVL159:
 710:Middlewares/LVGL/lvgl/src/stdlib/builtin/lv_sprintf_builtin.c ****                     }
 1557              		.loc 1 710 25 view .LVU441
 710:Middlewares/LVGL/lvgl/src/stdlib/builtin/lv_sprintf_builtin.c ****                     }
 1558              		.loc 1 710 31 is_stmt 0 view .LVU442
 1559 0286 28F01008 		bic	r8, r8, #16
ARM GAS  C:\Users\w1785\AppData\Local\Temp\cc8eEorc.s 			page 48


 1560              	.LVL160:
 709:Middlewares/LVGL/lvgl/src/stdlib/builtin/lv_sprintf_builtin.c ****                         flags &= ~FLAGS_HASH;   // no hash for dec format
 1561              		.loc 1 709 30 view .LVU443
 1562 028a 0A22     		movs	r2, #10
 1563              	.LVL161:
 1564              	.L105:
 713:Middlewares/LVGL/lvgl/src/stdlib/builtin/lv_sprintf_builtin.c ****                         flags |= FLAGS_UPPERCASE;
 1565              		.loc 1 713 21 is_stmt 1 view .LVU444
 713:Middlewares/LVGL/lvgl/src/stdlib/builtin/lv_sprintf_builtin.c ****                         flags |= FLAGS_UPPERCASE;
 1566              		.loc 1 713 24 is_stmt 0 view .LVU445
 1567 028c 0F9B     		ldr	r3, [sp, #60]
 1568 028e 1B78     		ldrb	r3, [r3]	@ zero_extendqisi2
 713:Middlewares/LVGL/lvgl/src/stdlib/builtin/lv_sprintf_builtin.c ****                         flags |= FLAGS_UPPERCASE;
 1569              		.loc 1 713 23 view .LVU446
 1570 0290 582B     		cmp	r3, #88
 1571 0292 01D0     		beq	.L107
 713:Middlewares/LVGL/lvgl/src/stdlib/builtin/lv_sprintf_builtin.c ****                         flags |= FLAGS_UPPERCASE;
 1572              		.loc 1 713 39 discriminator 1 view .LVU447
 1573 0294 502B     		cmp	r3, #80
 1574 0296 01D1     		bne	.L108
 1575              	.L107:
 714:Middlewares/LVGL/lvgl/src/stdlib/builtin/lv_sprintf_builtin.c ****                     }
 1576              		.loc 1 714 25 is_stmt 1 view .LVU448
 714:Middlewares/LVGL/lvgl/src/stdlib/builtin/lv_sprintf_builtin.c ****                     }
 1577              		.loc 1 714 31 is_stmt 0 view .LVU449
 1578 0298 48F02008 		orr	r8, r8, #32
 1579              	.LVL162:
 1580              	.L108:
 718:Middlewares/LVGL/lvgl/src/stdlib/builtin/lv_sprintf_builtin.c ****                         flags &= ~(FLAGS_PLUS | FLAGS_SPACE);
 1581              		.loc 1 718 21 is_stmt 1 view .LVU450
 718:Middlewares/LVGL/lvgl/src/stdlib/builtin/lv_sprintf_builtin.c ****                         flags &= ~(FLAGS_PLUS | FLAGS_SPACE);
 1582              		.loc 1 718 23 is_stmt 0 view .LVU451
 1583 029c 692B     		cmp	r3, #105
 1584 029e 03D0     		beq	.L109
 718:Middlewares/LVGL/lvgl/src/stdlib/builtin/lv_sprintf_builtin.c ****                         flags &= ~(FLAGS_PLUS | FLAGS_SPACE);
 1585              		.loc 1 718 41 discriminator 1 view .LVU452
 1586 02a0 642B     		cmp	r3, #100
 1587 02a2 01D0     		beq	.L109
 719:Middlewares/LVGL/lvgl/src/stdlib/builtin/lv_sprintf_builtin.c ****                     }
 1588              		.loc 1 719 25 is_stmt 1 view .LVU453
 719:Middlewares/LVGL/lvgl/src/stdlib/builtin/lv_sprintf_builtin.c ****                     }
 1589              		.loc 1 719 31 is_stmt 0 view .LVU454
 1590 02a4 28F00C08 		bic	r8, r8, #12
 1591              	.LVL163:
 1592              	.L109:
 723:Middlewares/LVGL/lvgl/src/stdlib/builtin/lv_sprintf_builtin.c ****                         flags &= ~FLAGS_ZEROPAD;
 1593              		.loc 1 723 21 is_stmt 1 view .LVU455
 723:Middlewares/LVGL/lvgl/src/stdlib/builtin/lv_sprintf_builtin.c ****                         flags &= ~FLAGS_ZEROPAD;
 1594              		.loc 1 723 23 is_stmt 0 view .LVU456
 1595 02a8 18F4806F 		tst	r8, #1024
 1596 02ac 01D0     		beq	.L110
 724:Middlewares/LVGL/lvgl/src/stdlib/builtin/lv_sprintf_builtin.c ****                     }
 1597              		.loc 1 724 25 is_stmt 1 view .LVU457
 724:Middlewares/LVGL/lvgl/src/stdlib/builtin/lv_sprintf_builtin.c ****                     }
 1598              		.loc 1 724 31 is_stmt 0 view .LVU458
 1599 02ae 28F00108 		bic	r8, r8, #1
 1600              	.LVL164:
ARM GAS  C:\Users\w1785\AppData\Local\Temp\cc8eEorc.s 			page 49


 1601              	.L110:
 728:Middlewares/LVGL/lvgl/src/stdlib/builtin/lv_sprintf_builtin.c ****                         // signed
 1602              		.loc 1 728 21 is_stmt 1 view .LVU459
 728:Middlewares/LVGL/lvgl/src/stdlib/builtin/lv_sprintf_builtin.c ****                         // signed
 1603              		.loc 1 728 23 is_stmt 0 view .LVU460
 1604 02b2 692B     		cmp	r3, #105
 1605 02b4 28D0     		beq	.L111
 728:Middlewares/LVGL/lvgl/src/stdlib/builtin/lv_sprintf_builtin.c ****                         // signed
 1606              		.loc 1 728 41 discriminator 1 view .LVU461
 1607 02b6 642B     		cmp	r3, #100
 1608 02b8 26D0     		beq	.L111
 749:Middlewares/LVGL/lvgl/src/stdlib/builtin/lv_sprintf_builtin.c ****                         lv_vaformat_t * vaf = va_arg(va, lv_vaformat_t *);
 1609              		.loc 1 749 26 is_stmt 1 view .LVU462
 749:Middlewares/LVGL/lvgl/src/stdlib/builtin/lv_sprintf_builtin.c ****                         lv_vaformat_t * vaf = va_arg(va, lv_vaformat_t *);
 1610              		.loc 1 749 28 is_stmt 0 view .LVU463
 1611 02ba 562B     		cmp	r3, #86
 1612 02bc 00F09780 		beq	.L174
 759:Middlewares/LVGL/lvgl/src/stdlib/builtin/lv_sprintf_builtin.c **** #if defined(PRINTF_SUPPORT_LONG_LONG)
 1613              		.loc 1 759 25 is_stmt 1 view .LVU464
 759:Middlewares/LVGL/lvgl/src/stdlib/builtin/lv_sprintf_builtin.c **** #if defined(PRINTF_SUPPORT_LONG_LONG)
 1614              		.loc 1 759 27 is_stmt 0 view .LVU465
 1615 02c0 18F4007F 		tst	r8, #512
 1616 02c4 40F0A680 		bne	.L175
 764:Middlewares/LVGL/lvgl/src/stdlib/builtin/lv_sprintf_builtin.c ****                             idx = _ntoa_long(out, buffer, idx, maxlen, va_arg(va, unsigned long), f
 1617              		.loc 1 764 30 is_stmt 1 view .LVU466
 764:Middlewares/LVGL/lvgl/src/stdlib/builtin/lv_sprintf_builtin.c ****                             idx = _ntoa_long(out, buffer, idx, maxlen, va_arg(va, unsigned long), f
 1618              		.loc 1 764 32 is_stmt 0 view .LVU467
 1619 02c8 18F4807F 		tst	r8, #256
 1620 02cc 40F0BF80 		bne	.L176
 1621              	.LBB35:
 768:Middlewares/LVGL/lvgl/src/stdlib/builtin/lv_sprintf_builtin.c ****                                                                                                    
 1622              		.loc 1 768 29 is_stmt 1 view .LVU468
 769:Middlewares/LVGL/lvgl/src/stdlib/builtin/lv_sprintf_builtin.c ****                             idx = _ntoa_long(out, buffer, idx, maxlen, value, false, base, precisio
 1623              		.loc 1 769 115 is_stmt 0 view .LVU469
 1624 02d0 18F0400F 		tst	r8, #64
 1625 02d4 00F0D180 		beq	.L123
 768:Middlewares/LVGL/lvgl/src/stdlib/builtin/lv_sprintf_builtin.c ****                                                                                                    
 1626              		.loc 1 768 94 view .LVU470
 1627 02d8 1C9B     		ldr	r3, [sp, #112]
 1628 02da 191D     		adds	r1, r3, #4
 1629 02dc 1C91     		str	r1, [sp, #112]
 1630 02de 1B78     		ldrb	r3, [r3]	@ zero_extendqisi2
 1631              	.L124:
 1632              	.LVL165:
 770:Middlewares/LVGL/lvgl/src/stdlib/builtin/lv_sprintf_builtin.c ****                         }
 1633              		.loc 1 770 29 is_stmt 1 view .LVU471
 770:Middlewares/LVGL/lvgl/src/stdlib/builtin/lv_sprintf_builtin.c ****                         }
 1634              		.loc 1 770 35 is_stmt 0 view .LVU472
 1635 02e0 CDF81480 		str	r8, [sp, #20]
 1636 02e4 CDF810B0 		str	fp, [sp, #16]
 1637 02e8 0B99     		ldr	r1, [sp, #44]
 1638 02ea 0391     		str	r1, [sp, #12]
 1639 02ec 0292     		str	r2, [sp, #8]
 1640 02ee 0022     		movs	r2, #0
 1641              	.LVL166:
 770:Middlewares/LVGL/lvgl/src/stdlib/builtin/lv_sprintf_builtin.c ****                         }
 1642              		.loc 1 770 35 view .LVU473
ARM GAS  C:\Users\w1785\AppData\Local\Temp\cc8eEorc.s 			page 50


 1643 02f0 0192     		str	r2, [sp, #4]
 1644 02f2 0093     		str	r3, [sp]
 1645 02f4 3346     		mov	r3, r6
 1646              	.LVL167:
 770:Middlewares/LVGL/lvgl/src/stdlib/builtin/lv_sprintf_builtin.c ****                         }
 1647              		.loc 1 770 35 view .LVU474
 1648 02f6 2246     		mov	r2, r4
 1649 02f8 4946     		mov	r1, r9
 1650 02fa 3846     		mov	r0, r7
 1651 02fc FFF7FEFF 		bl	_ntoa_long
 1652              	.LVL168:
 770:Middlewares/LVGL/lvgl/src/stdlib/builtin/lv_sprintf_builtin.c ****                         }
 1653              		.loc 1 770 35 view .LVU475
 1654 0300 0446     		mov	r4, r0
 1655              	.LVL169:
 770:Middlewares/LVGL/lvgl/src/stdlib/builtin/lv_sprintf_builtin.c ****                         }
 1656              		.loc 1 770 35 view .LVU476
 1657 0302 23E0     		b	.L115
 1658              	.LVL170:
 1659              	.L151:
 770:Middlewares/LVGL/lvgl/src/stdlib/builtin/lv_sprintf_builtin.c ****                         }
 1660              		.loc 1 770 35 view .LVU477
 1661              	.LBE35:
 690:Middlewares/LVGL/lvgl/src/stdlib/builtin/lv_sprintf_builtin.c ****                         flags |= FLAGS_HASH;   // always hash for pointer format
 1662              		.loc 1 690 30 view .LVU478
 1663 0304 0822     		movs	r2, #8
 1664 0306 C1E7     		b	.L105
 1665              	.LVL171:
 1666              	.L111:
 730:Middlewares/LVGL/lvgl/src/stdlib/builtin/lv_sprintf_builtin.c **** #if defined(PRINTF_SUPPORT_LONG_LONG)
 1667              		.loc 1 730 25 is_stmt 1 view .LVU479
 730:Middlewares/LVGL/lvgl/src/stdlib/builtin/lv_sprintf_builtin.c **** #if defined(PRINTF_SUPPORT_LONG_LONG)
 1668              		.loc 1 730 27 is_stmt 0 view .LVU480
 1669 0308 18F4007F 		tst	r8, #512
 1670 030c 22D1     		bne	.L177
 737:Middlewares/LVGL/lvgl/src/stdlib/builtin/lv_sprintf_builtin.c ****                             const long value = va_arg(va, long);
 1671              		.loc 1 737 30 is_stmt 1 view .LVU481
 737:Middlewares/LVGL/lvgl/src/stdlib/builtin/lv_sprintf_builtin.c ****                             const long value = va_arg(va, long);
 1672              		.loc 1 737 32 is_stmt 0 view .LVU482
 1673 030e 18F4807F 		tst	r8, #256
 1674 0312 44D1     		bne	.L178
 1675              	.LBB36:
 743:Middlewares/LVGL/lvgl/src/stdlib/builtin/lv_sprintf_builtin.c ****                                                                                                    
 1676              		.loc 1 743 29 is_stmt 1 view .LVU483
 743:Middlewares/LVGL/lvgl/src/stdlib/builtin/lv_sprintf_builtin.c ****                                                                                                    
 1677              		.loc 1 743 92 is_stmt 0 view .LVU484
 1678 0314 18F0400F 		tst	r8, #64
 1679 0318 5BD0     		beq	.L117
 743:Middlewares/LVGL/lvgl/src/stdlib/builtin/lv_sprintf_builtin.c ****                                                                                                    
 1680              		.loc 1 743 76 discriminator 1 view .LVU485
 1681 031a 1C9B     		ldr	r3, [sp, #112]
 1682 031c 191D     		adds	r1, r3, #4
 1683 031e 1C91     		str	r1, [sp, #112]
 1684 0320 1B78     		ldrb	r3, [r3]	@ zero_extendqisi2
 1685              	.L118:
 1686              	.LVL172:
 745:Middlewares/LVGL/lvgl/src/stdlib/builtin/lv_sprintf_builtin.c ****                                              width, flags);
ARM GAS  C:\Users\w1785\AppData\Local\Temp\cc8eEorc.s 			page 51


 1687              		.loc 1 745 29 is_stmt 1 view .LVU486
 745:Middlewares/LVGL/lvgl/src/stdlib/builtin/lv_sprintf_builtin.c ****                                              width, flags);
 1688              		.loc 1 745 72 is_stmt 0 view .LVU487
 1689 0322 83EAE371 		eor	r1, r3, r3, asr #31
 1690 0326 A1EBE371 		sub	r1, r1, r3, asr #31
 745:Middlewares/LVGL/lvgl/src/stdlib/builtin/lv_sprintf_builtin.c ****                                              width, flags);
 1691              		.loc 1 745 35 view .LVU488
 1692 032a CDF81480 		str	r8, [sp, #20]
 1693 032e CDF810B0 		str	fp, [sp, #16]
 1694 0332 0B98     		ldr	r0, [sp, #44]
 1695 0334 0390     		str	r0, [sp, #12]
 1696 0336 0292     		str	r2, [sp, #8]
 1697 0338 DB0F     		lsrs	r3, r3, #31
 1698              	.LVL173:
 745:Middlewares/LVGL/lvgl/src/stdlib/builtin/lv_sprintf_builtin.c ****                                              width, flags);
 1699              		.loc 1 745 35 view .LVU489
 1700 033a 0193     		str	r3, [sp, #4]
 1701 033c 0091     		str	r1, [sp]
 1702 033e 3346     		mov	r3, r6
 1703 0340 2246     		mov	r2, r4
 1704              	.LVL174:
 745:Middlewares/LVGL/lvgl/src/stdlib/builtin/lv_sprintf_builtin.c ****                                              width, flags);
 1705              		.loc 1 745 35 view .LVU490
 1706 0342 4946     		mov	r1, r9
 1707 0344 3846     		mov	r0, r7
 1708 0346 FFF7FEFF 		bl	_ntoa_long
 1709              	.LVL175:
 745:Middlewares/LVGL/lvgl/src/stdlib/builtin/lv_sprintf_builtin.c ****                                              width, flags);
 1710              		.loc 1 745 35 view .LVU491
 1711 034a 0446     		mov	r4, r0
 1712              	.LVL176:
 1713              	.L115:
 745:Middlewares/LVGL/lvgl/src/stdlib/builtin/lv_sprintf_builtin.c ****                                              width, flags);
 1714              		.loc 1 745 35 view .LVU492
 1715              	.LBE36:
 773:Middlewares/LVGL/lvgl/src/stdlib/builtin/lv_sprintf_builtin.c ****                     break;
 1716              		.loc 1 773 21 is_stmt 1 view .LVU493
 773:Middlewares/LVGL/lvgl/src/stdlib/builtin/lv_sprintf_builtin.c ****                     break;
 1717              		.loc 1 773 27 is_stmt 0 view .LVU494
 1718 034c 0F9B     		ldr	r3, [sp, #60]
 1719 034e 0133     		adds	r3, r3, #1
 1720 0350 0F93     		str	r3, [sp, #60]
 774:Middlewares/LVGL/lvgl/src/stdlib/builtin/lv_sprintf_builtin.c ****                 }
 1721              		.loc 1 774 21 is_stmt 1 view .LVU495
 1722 0352 60E6     		b	.L143
 1723              	.LVL177:
 1724              	.L177:
 1725              	.LBB37:
 732:Middlewares/LVGL/lvgl/src/stdlib/builtin/lv_sprintf_builtin.c ****                             idx = _ntoa_long_long(out, buffer, idx, maxlen, (unsigned long long)(va
 1726              		.loc 1 732 29 view .LVU496
 732:Middlewares/LVGL/lvgl/src/stdlib/builtin/lv_sprintf_builtin.c ****                             idx = _ntoa_long_long(out, buffer, idx, maxlen, (unsigned long long)(va
 1727              		.loc 1 732 45 is_stmt 0 view .LVU497
 1728 0354 1C9B     		ldr	r3, [sp, #112]
 1729 0356 0733     		adds	r3, r3, #7
 1730 0358 23F00703 		bic	r3, r3, #7
 1731 035c 03F10801 		add	r1, r3, #8
 1732 0360 1C91     		str	r1, [sp, #112]
ARM GAS  C:\Users\w1785\AppData\Local\Temp\cc8eEorc.s 			page 52


 1733 0362 5968     		ldr	r1, [r3, #4]
 733:Middlewares/LVGL/lvgl/src/stdlib/builtin/lv_sprintf_builtin.c ****                                                   precision, width, flags);
 1734              		.loc 1 733 29 is_stmt 1 view .LVU498
 733:Middlewares/LVGL/lvgl/src/stdlib/builtin/lv_sprintf_builtin.c ****                                                   precision, width, flags);
 1735              		.loc 1 733 77 is_stmt 0 view .LVU499
 1736 0364 1B68     		ldr	r3, [r3]
 1737 0366 0846     		mov	r0, r1
 1738 0368 0029     		cmp	r1, #0
 1739 036a 14DB     		blt	.L179
 1740              	.L114:
 733:Middlewares/LVGL/lvgl/src/stdlib/builtin/lv_sprintf_builtin.c ****                                                   precision, width, flags);
 1741              		.loc 1 733 35 view .LVU500
 1742 036c CDF82080 		str	r8, [sp, #32]
 1743 0370 CDF81CB0 		str	fp, [sp, #28]
 1744 0374 0B9D     		ldr	r5, [sp, #44]
 1745 0376 0695     		str	r5, [sp, #24]
 1746 0378 0492     		str	r2, [sp, #16]
 1747 037a 0022     		movs	r2, #0
 1748              	.LVL178:
 733:Middlewares/LVGL/lvgl/src/stdlib/builtin/lv_sprintf_builtin.c ****                                                   precision, width, flags);
 1749              		.loc 1 733 35 view .LVU501
 1750 037c 0592     		str	r2, [sp, #20]
 1751 037e C90F     		lsrs	r1, r1, #31
 1752 0380 0291     		str	r1, [sp, #8]
 1753 0382 0093     		str	r3, [sp]
 1754 0384 0190     		str	r0, [sp, #4]
 1755 0386 3346     		mov	r3, r6
 1756 0388 2246     		mov	r2, r4
 1757 038a 4946     		mov	r1, r9
 1758 038c 3846     		mov	r0, r7
 1759 038e FFF7FEFF 		bl	_ntoa_long_long
 1760              	.LVL179:
 733:Middlewares/LVGL/lvgl/src/stdlib/builtin/lv_sprintf_builtin.c ****                                                   precision, width, flags);
 1761              		.loc 1 733 35 view .LVU502
 1762 0392 0446     		mov	r4, r0
 1763              	.LVL180:
 733:Middlewares/LVGL/lvgl/src/stdlib/builtin/lv_sprintf_builtin.c ****                                                   precision, width, flags);
 1764              		.loc 1 733 35 view .LVU503
 1765              	.LBE37:
 1766 0394 DAE7     		b	.L115
 1767              	.LVL181:
 1768              	.L179:
 1769              	.LBB38:
 733:Middlewares/LVGL/lvgl/src/stdlib/builtin/lv_sprintf_builtin.c ****                                                   precision, width, flags);
 1770              		.loc 1 733 77 view .LVU504
 1771 0396 5B42     		negs	r3, r3
 1772 0398 61EB4100 		sbc	r0, r1, r1, lsl #1
 1773 039c E6E7     		b	.L114
 1774              	.L178:
 1775              	.LBE38:
 1776              	.LBB39:
 738:Middlewares/LVGL/lvgl/src/stdlib/builtin/lv_sprintf_builtin.c ****                             idx = _ntoa_long(out, buffer, idx, maxlen, (unsigned long)(value > 0 ? 
 1777              		.loc 1 738 29 is_stmt 1 view .LVU505
 738:Middlewares/LVGL/lvgl/src/stdlib/builtin/lv_sprintf_builtin.c ****                             idx = _ntoa_long(out, buffer, idx, maxlen, (unsigned long)(value > 0 ? 
 1778              		.loc 1 738 40 is_stmt 0 view .LVU506
 1779 039e 1C9B     		ldr	r3, [sp, #112]
 1780 03a0 191D     		adds	r1, r3, #4
ARM GAS  C:\Users\w1785\AppData\Local\Temp\cc8eEorc.s 			page 53


 1781 03a2 1C91     		str	r1, [sp, #112]
 1782 03a4 1B68     		ldr	r3, [r3]
 739:Middlewares/LVGL/lvgl/src/stdlib/builtin/lv_sprintf_builtin.c ****                                              width, flags);
 1783              		.loc 1 739 29 is_stmt 1 view .LVU507
 739:Middlewares/LVGL/lvgl/src/stdlib/builtin/lv_sprintf_builtin.c ****                                              width, flags);
 1784              		.loc 1 739 72 is_stmt 0 view .LVU508
 1785 03a6 83EAE371 		eor	r1, r3, r3, asr #31
 1786 03aa A1EBE371 		sub	r1, r1, r3, asr #31
 739:Middlewares/LVGL/lvgl/src/stdlib/builtin/lv_sprintf_builtin.c ****                                              width, flags);
 1787              		.loc 1 739 35 view .LVU509
 1788 03ae CDF81480 		str	r8, [sp, #20]
 1789 03b2 CDF810B0 		str	fp, [sp, #16]
 1790 03b6 0B98     		ldr	r0, [sp, #44]
 1791 03b8 0390     		str	r0, [sp, #12]
 1792 03ba 0292     		str	r2, [sp, #8]
 1793 03bc DB0F     		lsrs	r3, r3, #31
 1794 03be 0193     		str	r3, [sp, #4]
 1795 03c0 0091     		str	r1, [sp]
 1796 03c2 3346     		mov	r3, r6
 1797 03c4 2246     		mov	r2, r4
 1798              	.LVL182:
 739:Middlewares/LVGL/lvgl/src/stdlib/builtin/lv_sprintf_builtin.c ****                                              width, flags);
 1799              		.loc 1 739 35 view .LVU510
 1800 03c6 4946     		mov	r1, r9
 1801 03c8 3846     		mov	r0, r7
 1802 03ca FFF7FEFF 		bl	_ntoa_long
 1803              	.LVL183:
 739:Middlewares/LVGL/lvgl/src/stdlib/builtin/lv_sprintf_builtin.c ****                                              width, flags);
 1804              		.loc 1 739 35 view .LVU511
 1805 03ce 0446     		mov	r4, r0
 1806              	.LVL184:
 739:Middlewares/LVGL/lvgl/src/stdlib/builtin/lv_sprintf_builtin.c ****                                              width, flags);
 1807              		.loc 1 739 35 view .LVU512
 1808              	.LBE39:
 1809 03d0 BCE7     		b	.L115
 1810              	.LVL185:
 1811              	.L117:
 1812              	.LBB40:
 744:Middlewares/LVGL/lvgl/src/stdlib/builtin/lv_sprintf_builtin.c ****                             idx = _ntoa_long(out, buffer, idx, maxlen, (unsigned int)(value > 0 ? v
 1813              		.loc 1 744 141 view .LVU513
 1814 03d2 18F0800F 		tst	r8, #128
 1815 03d6 05D0     		beq	.L119
 743:Middlewares/LVGL/lvgl/src/stdlib/builtin/lv_sprintf_builtin.c ****                                                                                                    
 1816              		.loc 1 743 129 view .LVU514
 1817 03d8 1C9B     		ldr	r3, [sp, #112]
 1818 03da 191D     		adds	r1, r3, #4
 1819 03dc 1C91     		str	r1, [sp, #112]
 743:Middlewares/LVGL/lvgl/src/stdlib/builtin/lv_sprintf_builtin.c ****                                                                                                    
 1820              		.loc 1 743 118 discriminator 1 view .LVU515
 1821 03de B3F90030 		ldrsh	r3, [r3]
 1822 03e2 9EE7     		b	.L118
 1823              	.L119:
 744:Middlewares/LVGL/lvgl/src/stdlib/builtin/lv_sprintf_builtin.c ****                             idx = _ntoa_long(out, buffer, idx, maxlen, (unsigned int)(value > 0 ? v
 1824              		.loc 1 744 141 discriminator 2 view .LVU516
 1825 03e4 1C9B     		ldr	r3, [sp, #112]
 1826 03e6 191D     		adds	r1, r3, #4
 1827 03e8 1C91     		str	r1, [sp, #112]
ARM GAS  C:\Users\w1785\AppData\Local\Temp\cc8eEorc.s 			page 54


 1828 03ea 1B68     		ldr	r3, [r3]
 1829 03ec 99E7     		b	.L118
 1830              	.L174:
 744:Middlewares/LVGL/lvgl/src/stdlib/builtin/lv_sprintf_builtin.c ****                             idx = _ntoa_long(out, buffer, idx, maxlen, (unsigned int)(value > 0 ? v
 1831              		.loc 1 744 141 discriminator 2 view .LVU517
 1832              	.LBE40:
 1833              	.LBB41:
 750:Middlewares/LVGL/lvgl/src/stdlib/builtin/lv_sprintf_builtin.c ****                         va_list copy;
 1834              		.loc 1 750 25 is_stmt 1 view .LVU518
 750:Middlewares/LVGL/lvgl/src/stdlib/builtin/lv_sprintf_builtin.c ****                         va_list copy;
 1835              		.loc 1 750 41 is_stmt 0 view .LVU519
 1836 03ee 1C9B     		ldr	r3, [sp, #112]
 1837 03f0 1A1D     		adds	r2, r3, #4
 1838              	.LVL186:
 750:Middlewares/LVGL/lvgl/src/stdlib/builtin/lv_sprintf_builtin.c ****                         va_list copy;
 1839              		.loc 1 750 41 view .LVU520
 1840 03f2 1C92     		str	r2, [sp, #112]
 1841 03f4 1B68     		ldr	r3, [r3]
 751:Middlewares/LVGL/lvgl/src/stdlib/builtin/lv_sprintf_builtin.c **** 
 1842              		.loc 1 751 25 is_stmt 1 view .LVU521
 753:Middlewares/LVGL/lvgl/src/stdlib/builtin/lv_sprintf_builtin.c ****                         idx += lv_vsnprintf_inner(out, buffer + idx, maxlen - idx, vaf->fmt, copy);
 1843              		.loc 1 753 25 view .LVU522
 1844 03f6 5A68     		ldr	r2, [r3, #4]
 1845 03f8 1268     		ldr	r2, [r2]
 1846 03fa 1192     		str	r2, [sp, #68]
 754:Middlewares/LVGL/lvgl/src/stdlib/builtin/lv_sprintf_builtin.c ****                         va_end(copy);
 1847              		.loc 1 754 25 view .LVU523
 754:Middlewares/LVGL/lvgl/src/stdlib/builtin/lv_sprintf_builtin.c ****                         va_end(copy);
 1848              		.loc 1 754 32 is_stmt 0 view .LVU524
 1849 03fc 1B68     		ldr	r3, [r3]
 1850 03fe 0092     		str	r2, [sp]
 1851 0400 321B     		subs	r2, r6, r4
 1852 0402 09EB0401 		add	r1, r9, r4
 1853 0406 3846     		mov	r0, r7
 1854 0408 FFF7FAFD 		bl	lv_vsnprintf_inner
 1855              	.LVL187:
 754:Middlewares/LVGL/lvgl/src/stdlib/builtin/lv_sprintf_builtin.c ****                         va_end(copy);
 1856              		.loc 1 754 29 discriminator 1 view .LVU525
 1857 040c 0444     		add	r4, r4, r0
 1858              	.LVL188:
 755:Middlewares/LVGL/lvgl/src/stdlib/builtin/lv_sprintf_builtin.c ****                     }
 1859              		.loc 1 755 25 is_stmt 1 view .LVU526
 1860              	.LBE41:
 1861 040e 9DE7     		b	.L115
 1862              	.L183:
 1863              		.align	2
 1864              	.L182:
 1865 0410 85604800 		.word	4743301
 1866              	.LVL189:
 1867              	.L175:
 761:Middlewares/LVGL/lvgl/src/stdlib/builtin/lv_sprintf_builtin.c **** #endif
 1868              		.loc 1 761 29 view .LVU527
 761:Middlewares/LVGL/lvgl/src/stdlib/builtin/lv_sprintf_builtin.c **** #endif
 1869              		.loc 1 761 35 is_stmt 0 view .LVU528
 1870 0414 1C9B     		ldr	r3, [sp, #112]
 1871 0416 0733     		adds	r3, r3, #7
 1872 0418 23F00703 		bic	r3, r3, #7
ARM GAS  C:\Users\w1785\AppData\Local\Temp\cc8eEorc.s 			page 55


 1873 041c 03F10801 		add	r1, r3, #8
 1874 0420 1C91     		str	r1, [sp, #112]
 761:Middlewares/LVGL/lvgl/src/stdlib/builtin/lv_sprintf_builtin.c **** #endif
 1875              		.loc 1 761 35 discriminator 1 view .LVU529
 1876 0422 CDF82080 		str	r8, [sp, #32]
 1877 0426 CDF81CB0 		str	fp, [sp, #28]
 1878 042a 0B99     		ldr	r1, [sp, #44]
 1879 042c 0691     		str	r1, [sp, #24]
 1880 042e 0021     		movs	r1, #0
 1881 0430 0492     		str	r2, [sp, #16]
 1882 0432 0591     		str	r1, [sp, #20]
 1883 0434 0291     		str	r1, [sp, #8]
 1884 0436 D3E90023 		ldrd	r2, [r3]
 1885              	.LVL190:
 761:Middlewares/LVGL/lvgl/src/stdlib/builtin/lv_sprintf_builtin.c **** #endif
 1886              		.loc 1 761 35 discriminator 1 view .LVU530
 1887 043a CDE90023 		strd	r2, [sp]
 1888 043e 3346     		mov	r3, r6
 1889 0440 2246     		mov	r2, r4
 1890 0442 4946     		mov	r1, r9
 1891 0444 3846     		mov	r0, r7
 1892 0446 FFF7FEFF 		bl	_ntoa_long_long
 1893              	.LVL191:
 761:Middlewares/LVGL/lvgl/src/stdlib/builtin/lv_sprintf_builtin.c **** #endif
 1894              		.loc 1 761 35 discriminator 1 view .LVU531
 1895 044a 0446     		mov	r4, r0
 1896              	.LVL192:
 761:Middlewares/LVGL/lvgl/src/stdlib/builtin/lv_sprintf_builtin.c **** #endif
 1897              		.loc 1 761 35 discriminator 1 view .LVU532
 1898 044c 7EE7     		b	.L115
 1899              	.LVL193:
 1900              	.L176:
 765:Middlewares/LVGL/lvgl/src/stdlib/builtin/lv_sprintf_builtin.c ****                         }
 1901              		.loc 1 765 29 is_stmt 1 view .LVU533
 765:Middlewares/LVGL/lvgl/src/stdlib/builtin/lv_sprintf_builtin.c ****                         }
 1902              		.loc 1 765 35 is_stmt 0 view .LVU534
 1903 044e 1C9B     		ldr	r3, [sp, #112]
 1904 0450 191D     		adds	r1, r3, #4
 1905 0452 1C91     		str	r1, [sp, #112]
 765:Middlewares/LVGL/lvgl/src/stdlib/builtin/lv_sprintf_builtin.c ****                         }
 1906              		.loc 1 765 35 discriminator 1 view .LVU535
 1907 0454 CDF81480 		str	r8, [sp, #20]
 1908 0458 CDF810B0 		str	fp, [sp, #16]
 1909 045c 0B99     		ldr	r1, [sp, #44]
 1910 045e 0391     		str	r1, [sp, #12]
 1911 0460 0292     		str	r2, [sp, #8]
 1912 0462 0022     		movs	r2, #0
 1913              	.LVL194:
 765:Middlewares/LVGL/lvgl/src/stdlib/builtin/lv_sprintf_builtin.c ****                         }
 1914              		.loc 1 765 35 discriminator 1 view .LVU536
 1915 0464 0192     		str	r2, [sp, #4]
 1916 0466 1B68     		ldr	r3, [r3]
 1917 0468 0093     		str	r3, [sp]
 1918 046a 3346     		mov	r3, r6
 1919 046c 2246     		mov	r2, r4
 1920 046e 4946     		mov	r1, r9
 1921 0470 3846     		mov	r0, r7
ARM GAS  C:\Users\w1785\AppData\Local\Temp\cc8eEorc.s 			page 56


 1922 0472 FFF7FEFF 		bl	_ntoa_long
 1923              	.LVL195:
 765:Middlewares/LVGL/lvgl/src/stdlib/builtin/lv_sprintf_builtin.c ****                         }
 1924              		.loc 1 765 35 discriminator 1 view .LVU537
 1925 0476 0446     		mov	r4, r0
 1926              	.LVL196:
 765:Middlewares/LVGL/lvgl/src/stdlib/builtin/lv_sprintf_builtin.c ****                         }
 1927              		.loc 1 765 35 discriminator 1 view .LVU538
 1928 0478 68E7     		b	.L115
 1929              	.LVL197:
 1930              	.L123:
 1931              	.LBB42:
 769:Middlewares/LVGL/lvgl/src/stdlib/builtin/lv_sprintf_builtin.c ****                             idx = _ntoa_long(out, buffer, idx, maxlen, value, false, base, precisio
 1932              		.loc 1 769 186 discriminator 2 view .LVU539
 1933 047a 18F0800F 		tst	r8, #128
 1934 047e 04D0     		beq	.L125
 769:Middlewares/LVGL/lvgl/src/stdlib/builtin/lv_sprintf_builtin.c ****                             idx = _ntoa_long(out, buffer, idx, maxlen, value, false, base, precisio
 1935              		.loc 1 769 161 discriminator 3 view .LVU540
 1936 0480 1C9B     		ldr	r3, [sp, #112]
 1937 0482 191D     		adds	r1, r3, #4
 1938 0484 1C91     		str	r1, [sp, #112]
 1939 0486 1B88     		ldrh	r3, [r3]
 1940 0488 2AE7     		b	.L124
 1941              	.L125:
 769:Middlewares/LVGL/lvgl/src/stdlib/builtin/lv_sprintf_builtin.c ****                             idx = _ntoa_long(out, buffer, idx, maxlen, value, false, base, precisio
 1942              		.loc 1 769 186 discriminator 4 view .LVU541
 1943 048a 1C9B     		ldr	r3, [sp, #112]
 1944 048c 191D     		adds	r1, r3, #4
 1945 048e 1C91     		str	r1, [sp, #112]
 1946 0490 1B68     		ldr	r3, [r3]
 1947 0492 25E7     		b	.L124
 1948              	.LVL198:
 1949              	.L171:
 769:Middlewares/LVGL/lvgl/src/stdlib/builtin/lv_sprintf_builtin.c ****                             idx = _ntoa_long(out, buffer, idx, maxlen, value, false, base, precisio
 1950              		.loc 1 769 186 discriminator 4 view .LVU542
 1951              	.LBE42:
 1952              	.LBE43:
 1953              	.LBB44:
 796:Middlewares/LVGL/lvgl/src/stdlib/builtin/lv_sprintf_builtin.c ****                     // pre padding
 1954              		.loc 1 796 21 is_stmt 1 view .LVU543
 798:Middlewares/LVGL/lvgl/src/stdlib/builtin/lv_sprintf_builtin.c ****                         while(l++ < width) {
 1955              		.loc 1 798 21 view .LVU544
 798:Middlewares/LVGL/lvgl/src/stdlib/builtin/lv_sprintf_builtin.c ****                         while(l++ < width) {
 1956              		.loc 1 798 23 is_stmt 0 view .LVU545
 1957 0494 18F00208 		ands	r8, r8, #2
 1958              	.LVL199:
 798:Middlewares/LVGL/lvgl/src/stdlib/builtin/lv_sprintf_builtin.c ****                         while(l++ < width) {
 1959              		.loc 1 798 23 view .LVU546
 1960 0498 1FD0     		beq	.L153
 796:Middlewares/LVGL/lvgl/src/stdlib/builtin/lv_sprintf_builtin.c ****                     // pre padding
 1961              		.loc 1 796 34 view .LVU547
 1962 049a 0125     		movs	r5, #1
 1963              	.LVL200:
 1964              	.L127:
 804:Middlewares/LVGL/lvgl/src/stdlib/builtin/lv_sprintf_builtin.c ****                     // post padding
 1965              		.loc 1 804 21 is_stmt 1 view .LVU548
 804:Middlewares/LVGL/lvgl/src/stdlib/builtin/lv_sprintf_builtin.c ****                     // post padding
ARM GAS  C:\Users\w1785\AppData\Local\Temp\cc8eEorc.s 			page 57


 1966              		.loc 1 804 31 is_stmt 0 view .LVU549
 1967 049c 1C98     		ldr	r0, [sp, #112]
 1968 049e 031D     		adds	r3, r0, #4
 1969 04a0 1C93     		str	r3, [sp, #112]
 804:Middlewares/LVGL/lvgl/src/stdlib/builtin/lv_sprintf_builtin.c ****                     // post padding
 1970              		.loc 1 804 21 discriminator 1 view .LVU550
 1971 04a2 04F1010A 		add	r10, r4, #1
 1972              	.LVL201:
 804:Middlewares/LVGL/lvgl/src/stdlib/builtin/lv_sprintf_builtin.c ****                     // post padding
 1973              		.loc 1 804 21 discriminator 1 view .LVU551
 1974 04a6 3346     		mov	r3, r6
 1975 04a8 2246     		mov	r2, r4
 1976 04aa 4946     		mov	r1, r9
 1977 04ac 0078     		ldrb	r0, [r0]	@ zero_extendqisi2
 1978 04ae B847     		blx	r7
 1979              	.LVL202:
 806:Middlewares/LVGL/lvgl/src/stdlib/builtin/lv_sprintf_builtin.c ****                         while(l++ < width) {
 1980              		.loc 1 806 21 is_stmt 1 view .LVU552
 806:Middlewares/LVGL/lvgl/src/stdlib/builtin/lv_sprintf_builtin.c ****                         while(l++ < width) {
 1981              		.loc 1 806 23 is_stmt 0 view .LVU553
 1982 04b0 B8F1000F 		cmp	r8, #0
 1983 04b4 14D1     		bne	.L180
 1984              	.LVL203:
 1985              	.L130:
 811:Middlewares/LVGL/lvgl/src/stdlib/builtin/lv_sprintf_builtin.c ****                     break;
 1986              		.loc 1 811 21 is_stmt 1 view .LVU554
 811:Middlewares/LVGL/lvgl/src/stdlib/builtin/lv_sprintf_builtin.c ****                     break;
 1987              		.loc 1 811 27 is_stmt 0 view .LVU555
 1988 04b6 0F9B     		ldr	r3, [sp, #60]
 1989 04b8 0133     		adds	r3, r3, #1
 1990 04ba 0F93     		str	r3, [sp, #60]
 812:Middlewares/LVGL/lvgl/src/stdlib/builtin/lv_sprintf_builtin.c ****                 }
 1991              		.loc 1 812 21 is_stmt 1 view .LVU556
 1992 04bc 5446     		mov	r4, r10
 1993 04be AAE5     		b	.L143
 1994              	.LVL204:
 1995              	.L128:
 800:Middlewares/LVGL/lvgl/src/stdlib/builtin/lv_sprintf_builtin.c ****                         }
 1996              		.loc 1 800 29 view .LVU557
 1997 04c0 02F1010A 		add	r10, r2, #1
 1998              	.LVL205:
 800:Middlewares/LVGL/lvgl/src/stdlib/builtin/lv_sprintf_builtin.c ****                         }
 1999              		.loc 1 800 29 is_stmt 0 view .LVU558
 2000 04c4 3346     		mov	r3, r6
 2001 04c6 4946     		mov	r1, r9
 2002 04c8 2020     		movs	r0, #32
 2003 04ca B847     		blx	r7
 2004              	.LVL206:
 799:Middlewares/LVGL/lvgl/src/stdlib/builtin/lv_sprintf_builtin.c ****                             out(' ', buffer, idx++, maxlen);
 2005              		.loc 1 799 32 view .LVU559
 2006 04cc 2B46     		mov	r3, r5
 800:Middlewares/LVGL/lvgl/src/stdlib/builtin/lv_sprintf_builtin.c ****                         }
 2007              		.loc 1 800 29 view .LVU560
 2008 04ce 5246     		mov	r2, r10
 2009              	.LVL207:
 2010              	.L126:
 799:Middlewares/LVGL/lvgl/src/stdlib/builtin/lv_sprintf_builtin.c ****                             out(' ', buffer, idx++, maxlen);
ARM GAS  C:\Users\w1785\AppData\Local\Temp\cc8eEorc.s 			page 58


 2011              		.loc 1 799 35 is_stmt 1 view .LVU561
 799:Middlewares/LVGL/lvgl/src/stdlib/builtin/lv_sprintf_builtin.c ****                             out(' ', buffer, idx++, maxlen);
 2012              		.loc 1 799 32 is_stmt 0 view .LVU562
 2013 04d0 5D1C     		adds	r5, r3, #1
 2014              	.LVL208:
 799:Middlewares/LVGL/lvgl/src/stdlib/builtin/lv_sprintf_builtin.c ****                             out(' ', buffer, idx++, maxlen);
 2015              		.loc 1 799 35 view .LVU563
 2016 04d2 9B45     		cmp	fp, r3
 2017 04d4 F4D8     		bhi	.L128
 799:Middlewares/LVGL/lvgl/src/stdlib/builtin/lv_sprintf_builtin.c ****                             out(' ', buffer, idx++, maxlen);
 2018              		.loc 1 799 35 view .LVU564
 2019 04d6 1446     		mov	r4, r2
 2020 04d8 E0E7     		b	.L127
 2021              	.LVL209:
 2022              	.L153:
 796:Middlewares/LVGL/lvgl/src/stdlib/builtin/lv_sprintf_builtin.c ****                     // pre padding
 2023              		.loc 1 796 34 view .LVU565
 2024 04da 0123     		movs	r3, #1
 2025 04dc 2246     		mov	r2, r4
 2026 04de F7E7     		b	.L126
 2027              	.LVL210:
 2028              	.L180:
 796:Middlewares/LVGL/lvgl/src/stdlib/builtin/lv_sprintf_builtin.c ****                     // pre padding
 2029              		.loc 1 796 34 view .LVU566
 2030 04e0 5246     		mov	r2, r10
 2031 04e2 07E0     		b	.L129
 2032              	.LVL211:
 2033              	.L131:
 808:Middlewares/LVGL/lvgl/src/stdlib/builtin/lv_sprintf_builtin.c ****                         }
 2034              		.loc 1 808 29 is_stmt 1 view .LVU567
 2035 04e4 02F10108 		add	r8, r2, #1
 2036              	.LVL212:
 808:Middlewares/LVGL/lvgl/src/stdlib/builtin/lv_sprintf_builtin.c ****                         }
 2037              		.loc 1 808 29 is_stmt 0 view .LVU568
 2038 04e8 3346     		mov	r3, r6
 2039 04ea 4946     		mov	r1, r9
 2040 04ec 2020     		movs	r0, #32
 2041 04ee B847     		blx	r7
 2042              	.LVL213:
 807:Middlewares/LVGL/lvgl/src/stdlib/builtin/lv_sprintf_builtin.c ****                             out(' ', buffer, idx++, maxlen);
 2043              		.loc 1 807 32 view .LVU569
 2044 04f0 2546     		mov	r5, r4
 808:Middlewares/LVGL/lvgl/src/stdlib/builtin/lv_sprintf_builtin.c ****                         }
 2045              		.loc 1 808 29 view .LVU570
 2046 04f2 4246     		mov	r2, r8
 2047              	.LVL214:
 2048              	.L129:
 807:Middlewares/LVGL/lvgl/src/stdlib/builtin/lv_sprintf_builtin.c ****                             out(' ', buffer, idx++, maxlen);
 2049              		.loc 1 807 35 is_stmt 1 view .LVU571
 807:Middlewares/LVGL/lvgl/src/stdlib/builtin/lv_sprintf_builtin.c ****                             out(' ', buffer, idx++, maxlen);
 2050              		.loc 1 807 32 is_stmt 0 view .LVU572
 2051 04f4 6C1C     		adds	r4, r5, #1
 2052              	.LVL215:
 807:Middlewares/LVGL/lvgl/src/stdlib/builtin/lv_sprintf_builtin.c ****                             out(' ', buffer, idx++, maxlen);
 2053              		.loc 1 807 35 view .LVU573
 2054 04f6 AB45     		cmp	fp, r5
 2055 04f8 F4D8     		bhi	.L131
ARM GAS  C:\Users\w1785\AppData\Local\Temp\cc8eEorc.s 			page 59


 807:Middlewares/LVGL/lvgl/src/stdlib/builtin/lv_sprintf_builtin.c ****                             out(' ', buffer, idx++, maxlen);
 2056              		.loc 1 807 35 view .LVU574
 2057 04fa 9246     		mov	r10, r2
 2058 04fc DBE7     		b	.L130
 2059              	.LVL216:
 2060              	.L99:
 807:Middlewares/LVGL/lvgl/src/stdlib/builtin/lv_sprintf_builtin.c ****                             out(' ', buffer, idx++, maxlen);
 2061              		.loc 1 807 35 view .LVU575
 2062              	.LBE44:
 2063              	.LBB45:
 816:Middlewares/LVGL/lvgl/src/stdlib/builtin/lv_sprintf_builtin.c ****                     unsigned int l = lv_strnlen(p, precision ? precision : (size_t) -1);
 2064              		.loc 1 816 21 is_stmt 1 view .LVU576
 816:Middlewares/LVGL/lvgl/src/stdlib/builtin/lv_sprintf_builtin.c ****                     unsigned int l = lv_strnlen(p, precision ? precision : (size_t) -1);
 2065              		.loc 1 816 34 is_stmt 0 view .LVU577
 2066 04fe 1C9B     		ldr	r3, [sp, #112]
 2067 0500 1A1D     		adds	r2, r3, #4
 2068 0502 1C92     		str	r2, [sp, #112]
 2069 0504 D3F800A0 		ldr	r10, [r3]
 817:Middlewares/LVGL/lvgl/src/stdlib/builtin/lv_sprintf_builtin.c ****                     // pre padding
 2070              		.loc 1 817 21 is_stmt 1 view .LVU578
 817:Middlewares/LVGL/lvgl/src/stdlib/builtin/lv_sprintf_builtin.c ****                     // pre padding
 2071              		.loc 1 817 38 is_stmt 0 view .LVU579
 2072 0508 0B99     		ldr	r1, [sp, #44]
 2073 050a 09B9     		cbnz	r1, .L132
 817:Middlewares/LVGL/lvgl/src/stdlib/builtin/lv_sprintf_builtin.c ****                     // pre padding
 2074              		.loc 1 817 38 discriminator 2 view .LVU580
 2075 050c 4FF0FF31 		mov	r1, #-1
 2076              	.L132:
 817:Middlewares/LVGL/lvgl/src/stdlib/builtin/lv_sprintf_builtin.c ****                     // pre padding
 2077              		.loc 1 817 38 discriminator 4 view .LVU581
 2078 0510 5046     		mov	r0, r10
 2079 0512 FFF7FEFF 		bl	lv_strnlen
 2080              	.LVL217:
 2081 0516 0346     		mov	r3, r0
 2082              	.LVL218:
 819:Middlewares/LVGL/lvgl/src/stdlib/builtin/lv_sprintf_builtin.c ****                         l = (l < precision ? l : precision);
 2083              		.loc 1 819 21 is_stmt 1 view .LVU582
 819:Middlewares/LVGL/lvgl/src/stdlib/builtin/lv_sprintf_builtin.c ****                         l = (l < precision ? l : precision);
 2084              		.loc 1 819 23 is_stmt 0 view .LVU583
 2085 0518 18F48062 		ands	r2, r8, #1024
 2086 051c 0C92     		str	r2, [sp, #48]
 2087 051e 03D0     		beq	.L133
 820:Middlewares/LVGL/lvgl/src/stdlib/builtin/lv_sprintf_builtin.c ****                     }
 2088              		.loc 1 820 25 is_stmt 1 view .LVU584
 820:Middlewares/LVGL/lvgl/src/stdlib/builtin/lv_sprintf_builtin.c ****                     }
 2089              		.loc 1 820 27 is_stmt 0 view .LVU585
 2090 0520 0B9A     		ldr	r2, [sp, #44]
 2091 0522 9042     		cmp	r0, r2
 2092 0524 28BF     		it	cs
 2093 0526 1346     		movcs	r3, r2
 2094              	.L133:
 2095              	.LVL219:
 822:Middlewares/LVGL/lvgl/src/stdlib/builtin/lv_sprintf_builtin.c ****                         while(l++ < width) {
 2096              		.loc 1 822 21 is_stmt 1 view .LVU586
 822:Middlewares/LVGL/lvgl/src/stdlib/builtin/lv_sprintf_builtin.c ****                         while(l++ < width) {
 2097              		.loc 1 822 23 is_stmt 0 view .LVU587
 2098 0528 18F00205 		ands	r5, r8, #2
ARM GAS  C:\Users\w1785\AppData\Local\Temp\cc8eEorc.s 			page 60


 2099 052c 08D0     		beq	.L181
 2100 052e 0D95     		str	r5, [sp, #52]
 2101 0530 CDF838B0 		str	fp, [sp, #56]
 2102 0534 2246     		mov	r2, r4
 2103 0536 0B9C     		ldr	r4, [sp, #44]
 2104              	.LVL220:
 822:Middlewares/LVGL/lvgl/src/stdlib/builtin/lv_sprintf_builtin.c ****                         while(l++ < width) {
 2105              		.loc 1 822 23 view .LVU588
 2106 0538 9B46     		mov	fp, r3
 2107              	.LVL221:
 822:Middlewares/LVGL/lvgl/src/stdlib/builtin/lv_sprintf_builtin.c ****                         while(l++ < width) {
 2108              		.loc 1 822 23 view .LVU589
 2109 053a B046     		mov	r8, r6
 2110              	.LVL222:
 822:Middlewares/LVGL/lvgl/src/stdlib/builtin/lv_sprintf_builtin.c ****                         while(l++ < width) {
 2111              		.loc 1 822 23 view .LVU590
 2112 053c 0C9E     		ldr	r6, [sp, #48]
 2113              	.LVL223:
 822:Middlewares/LVGL/lvgl/src/stdlib/builtin/lv_sprintf_builtin.c ****                         while(l++ < width) {
 2114              		.loc 1 822 23 view .LVU591
 2115 053e 1CE0     		b	.L137
 2116              	.LVL224:
 2117              	.L181:
 822:Middlewares/LVGL/lvgl/src/stdlib/builtin/lv_sprintf_builtin.c ****                         while(l++ < width) {
 2118              		.loc 1 822 23 view .LVU592
 2119 0540 2246     		mov	r2, r4
 2120 0542 06E0     		b	.L134
 2121              	.LVL225:
 2122              	.L136:
 824:Middlewares/LVGL/lvgl/src/stdlib/builtin/lv_sprintf_builtin.c ****                         }
 2123              		.loc 1 824 29 is_stmt 1 view .LVU593
 2124 0544 541C     		adds	r4, r2, #1
 2125              	.LVL226:
 824:Middlewares/LVGL/lvgl/src/stdlib/builtin/lv_sprintf_builtin.c ****                         }
 2126              		.loc 1 824 29 is_stmt 0 view .LVU594
 2127 0546 3346     		mov	r3, r6
 2128 0548 4946     		mov	r1, r9
 2129 054a 2020     		movs	r0, #32
 2130 054c B847     		blx	r7
 2131              	.LVL227:
 823:Middlewares/LVGL/lvgl/src/stdlib/builtin/lv_sprintf_builtin.c ****                             out(' ', buffer, idx++, maxlen);
 2132              		.loc 1 823 32 view .LVU595
 2133 054e 4346     		mov	r3, r8
 824:Middlewares/LVGL/lvgl/src/stdlib/builtin/lv_sprintf_builtin.c ****                         }
 2134              		.loc 1 824 29 view .LVU596
 2135 0550 2246     		mov	r2, r4
 2136              	.LVL228:
 2137              	.L134:
 823:Middlewares/LVGL/lvgl/src/stdlib/builtin/lv_sprintf_builtin.c ****                             out(' ', buffer, idx++, maxlen);
 2138              		.loc 1 823 35 is_stmt 1 view .LVU597
 823:Middlewares/LVGL/lvgl/src/stdlib/builtin/lv_sprintf_builtin.c ****                             out(' ', buffer, idx++, maxlen);
 2139              		.loc 1 823 32 is_stmt 0 view .LVU598
 2140 0552 03F10108 		add	r8, r3, #1
 2141              	.LVL229:
 823:Middlewares/LVGL/lvgl/src/stdlib/builtin/lv_sprintf_builtin.c ****                             out(' ', buffer, idx++, maxlen);
 2142              		.loc 1 823 35 view .LVU599
 2143 0556 9B45     		cmp	fp, r3
ARM GAS  C:\Users\w1785\AppData\Local\Temp\cc8eEorc.s 			page 61


 2144 0558 F4D8     		bhi	.L136
 823:Middlewares/LVGL/lvgl/src/stdlib/builtin/lv_sprintf_builtin.c ****                             out(' ', buffer, idx++, maxlen);
 2145              		.loc 1 823 35 view .LVU600
 2146 055a 0D95     		str	r5, [sp, #52]
 2147 055c CDF838B0 		str	fp, [sp, #56]
 2148 0560 0B9C     		ldr	r4, [sp, #44]
 2149 0562 C346     		mov	fp, r8
 2150              	.LVL230:
 823:Middlewares/LVGL/lvgl/src/stdlib/builtin/lv_sprintf_builtin.c ****                             out(' ', buffer, idx++, maxlen);
 2151              		.loc 1 823 35 view .LVU601
 2152 0564 B046     		mov	r8, r6
 2153              	.LVL231:
 823:Middlewares/LVGL/lvgl/src/stdlib/builtin/lv_sprintf_builtin.c ****                             out(' ', buffer, idx++, maxlen);
 2154              		.loc 1 823 35 view .LVU602
 2155 0566 0C9E     		ldr	r6, [sp, #48]
 2156              	.LVL232:
 823:Middlewares/LVGL/lvgl/src/stdlib/builtin/lv_sprintf_builtin.c ****                             out(' ', buffer, idx++, maxlen);
 2157              		.loc 1 823 35 view .LVU603
 2158 0568 07E0     		b	.L137
 2159              	.LVL233:
 2160              	.L155:
 828:Middlewares/LVGL/lvgl/src/stdlib/builtin/lv_sprintf_builtin.c ****                         out(*(p++), buffer, idx++, maxlen);
 2161              		.loc 1 828 80 discriminator 2 view .LVU604
 2162 056a 1C46     		mov	r4, r3
 2163              	.LVL234:
 2164              	.L139:
 829:Middlewares/LVGL/lvgl/src/stdlib/builtin/lv_sprintf_builtin.c ****                     }
 2165              		.loc 1 829 25 is_stmt 1 view .LVU605
 829:Middlewares/LVGL/lvgl/src/stdlib/builtin/lv_sprintf_builtin.c ****                     }
 2166              		.loc 1 829 32 is_stmt 0 view .LVU606
 2167 056c 0AF1010A 		add	r10, r10, #1
 2168              	.LVL235:
 829:Middlewares/LVGL/lvgl/src/stdlib/builtin/lv_sprintf_builtin.c ****                     }
 2169              		.loc 1 829 25 view .LVU607
 2170 0570 551C     		adds	r5, r2, #1
 2171              	.LVL236:
 829:Middlewares/LVGL/lvgl/src/stdlib/builtin/lv_sprintf_builtin.c ****                     }
 2172              		.loc 1 829 25 view .LVU608
 2173 0572 4346     		mov	r3, r8
 2174 0574 4946     		mov	r1, r9
 2175 0576 B847     		blx	r7
 2176              	.LVL237:
 2177 0578 2A46     		mov	r2, r5
 2178              	.LVL238:
 2179              	.L137:
 828:Middlewares/LVGL/lvgl/src/stdlib/builtin/lv_sprintf_builtin.c ****                         out(*(p++), buffer, idx++, maxlen);
 2180              		.loc 1 828 37 is_stmt 1 view .LVU609
 828:Middlewares/LVGL/lvgl/src/stdlib/builtin/lv_sprintf_builtin.c ****                         out(*(p++), buffer, idx++, maxlen);
 2181              		.loc 1 828 28 is_stmt 0 view .LVU610
 2182 057a 9AF80000 		ldrb	r0, [r10]	@ zero_extendqisi2
 828:Middlewares/LVGL/lvgl/src/stdlib/builtin/lv_sprintf_builtin.c ****                         out(*(p++), buffer, idx++, maxlen);
 2183              		.loc 1 828 37 view .LVU611
 2184 057e 20B1     		cbz	r0, .L138
 828:Middlewares/LVGL/lvgl/src/stdlib/builtin/lv_sprintf_builtin.c ****                         out(*(p++), buffer, idx++, maxlen);
 2185              		.loc 1 828 37 discriminator 1 view .LVU612
 2186 0580 002E     		cmp	r6, #0
 2187 0582 F3D0     		beq	.L139
ARM GAS  C:\Users\w1785\AppData\Local\Temp\cc8eEorc.s 			page 62


 828:Middlewares/LVGL/lvgl/src/stdlib/builtin/lv_sprintf_builtin.c ****                         out(*(p++), buffer, idx++, maxlen);
 2188              		.loc 1 828 80 discriminator 2 view .LVU613
 2189 0584 631E     		subs	r3, r4, #1
 2190              	.LVL239:
 828:Middlewares/LVGL/lvgl/src/stdlib/builtin/lv_sprintf_builtin.c ****                         out(*(p++), buffer, idx++, maxlen);
 2191              		.loc 1 828 68 discriminator 2 view .LVU614
 2192 0586 002C     		cmp	r4, #0
 2193 0588 EFD1     		bne	.L155
 2194              	.LVL240:
 2195              	.L138:
 832:Middlewares/LVGL/lvgl/src/stdlib/builtin/lv_sprintf_builtin.c ****                         while(l++ < width) {
 2196              		.loc 1 832 23 view .LVU615
 2197 058a 0D9D     		ldr	r5, [sp, #52]
 2198 058c 1446     		mov	r4, r2
 2199 058e 5B46     		mov	r3, fp
 2200 0590 DDF838B0 		ldr	fp, [sp, #56]
 2201              	.LVL241:
 832:Middlewares/LVGL/lvgl/src/stdlib/builtin/lv_sprintf_builtin.c ****                         while(l++ < width) {
 2202              		.loc 1 832 23 view .LVU616
 2203 0594 4646     		mov	r6, r8
 832:Middlewares/LVGL/lvgl/src/stdlib/builtin/lv_sprintf_builtin.c ****                         while(l++ < width) {
 2204              		.loc 1 832 21 is_stmt 1 view .LVU617
 832:Middlewares/LVGL/lvgl/src/stdlib/builtin/lv_sprintf_builtin.c ****                         while(l++ < width) {
 2205              		.loc 1 832 23 is_stmt 0 view .LVU618
 2206 0596 55B9     		cbnz	r5, .L140
 2207              	.LVL242:
 2208              	.L141:
 837:Middlewares/LVGL/lvgl/src/stdlib/builtin/lv_sprintf_builtin.c ****                     break;
 2209              		.loc 1 837 21 is_stmt 1 view .LVU619
 837:Middlewares/LVGL/lvgl/src/stdlib/builtin/lv_sprintf_builtin.c ****                     break;
 2210              		.loc 1 837 27 is_stmt 0 view .LVU620
 2211 0598 0F9B     		ldr	r3, [sp, #60]
 2212 059a 0133     		adds	r3, r3, #1
 2213 059c 0F93     		str	r3, [sp, #60]
 838:Middlewares/LVGL/lvgl/src/stdlib/builtin/lv_sprintf_builtin.c ****                 }
 2214              		.loc 1 838 21 is_stmt 1 view .LVU621
 2215 059e 3AE5     		b	.L143
 2216              	.LVL243:
 2217              	.L142:
 834:Middlewares/LVGL/lvgl/src/stdlib/builtin/lv_sprintf_builtin.c ****                         }
 2218              		.loc 1 834 29 view .LVU622
 2219 05a0 551C     		adds	r5, r2, #1
 2220              	.LVL244:
 834:Middlewares/LVGL/lvgl/src/stdlib/builtin/lv_sprintf_builtin.c ****                         }
 2221              		.loc 1 834 29 is_stmt 0 view .LVU623
 2222 05a2 3346     		mov	r3, r6
 2223 05a4 4946     		mov	r1, r9
 2224 05a6 2020     		movs	r0, #32
 2225 05a8 B847     		blx	r7
 2226              	.LVL245:
 833:Middlewares/LVGL/lvgl/src/stdlib/builtin/lv_sprintf_builtin.c ****                             out(' ', buffer, idx++, maxlen);
 2227              		.loc 1 833 32 view .LVU624
 2228 05aa 2346     		mov	r3, r4
 834:Middlewares/LVGL/lvgl/src/stdlib/builtin/lv_sprintf_builtin.c ****                         }
 2229              		.loc 1 834 29 view .LVU625
 2230 05ac 2A46     		mov	r2, r5
 2231              	.LVL246:
ARM GAS  C:\Users\w1785\AppData\Local\Temp\cc8eEorc.s 			page 63


 2232              	.L140:
 833:Middlewares/LVGL/lvgl/src/stdlib/builtin/lv_sprintf_builtin.c ****                             out(' ', buffer, idx++, maxlen);
 2233              		.loc 1 833 35 is_stmt 1 view .LVU626
 833:Middlewares/LVGL/lvgl/src/stdlib/builtin/lv_sprintf_builtin.c ****                             out(' ', buffer, idx++, maxlen);
 2234              		.loc 1 833 32 is_stmt 0 view .LVU627
 2235 05ae 5C1C     		adds	r4, r3, #1
 2236              	.LVL247:
 833:Middlewares/LVGL/lvgl/src/stdlib/builtin/lv_sprintf_builtin.c ****                             out(' ', buffer, idx++, maxlen);
 2237              		.loc 1 833 35 view .LVU628
 2238 05b0 9B45     		cmp	fp, r3
 2239 05b2 F5D8     		bhi	.L142
 833:Middlewares/LVGL/lvgl/src/stdlib/builtin/lv_sprintf_builtin.c ****                             out(' ', buffer, idx++, maxlen);
 2240              		.loc 1 833 35 view .LVU629
 2241 05b4 1446     		mov	r4, r2
 2242              	.LVL248:
 833:Middlewares/LVGL/lvgl/src/stdlib/builtin/lv_sprintf_builtin.c ****                             out(' ', buffer, idx++, maxlen);
 2243              		.loc 1 833 35 view .LVU630
 2244 05b6 EFE7     		b	.L141
 2245              	.LVL249:
 2246              	.L160:
 833:Middlewares/LVGL/lvgl/src/stdlib/builtin/lv_sprintf_builtin.c ****                             out(' ', buffer, idx++, maxlen);
 2247              		.loc 1 833 35 view .LVU631
 2248              	.LBE45:
 554:Middlewares/LVGL/lvgl/src/stdlib/builtin/lv_sprintf_builtin.c ****     }
 2249              		.loc 1 554 13 view .LVU632
 2250 05b8 074F     		ldr	r7, .L184
 2251 05ba 2BE5     		b	.L70
 2252              	.LVL250:
 2253              	.L161:
 850:Middlewares/LVGL/lvgl/src/stdlib/builtin/lv_sprintf_builtin.c ****         }
 851:Middlewares/LVGL/lvgl/src/stdlib/builtin/lv_sprintf_builtin.c ****     }
 852:Middlewares/LVGL/lvgl/src/stdlib/builtin/lv_sprintf_builtin.c **** 
 853:Middlewares/LVGL/lvgl/src/stdlib/builtin/lv_sprintf_builtin.c ****     // termination
 854:Middlewares/LVGL/lvgl/src/stdlib/builtin/lv_sprintf_builtin.c ****     out((char)0, buffer, idx < maxlen ? idx : maxlen - 1U, maxlen);
 2254              		.loc 1 854 5 is_stmt 1 view .LVU633
 2255 05bc B442     		cmp	r4, r6
 2256 05be 08D3     		bcc	.L156
 2257              		.loc 1 854 5 is_stmt 0 discriminator 1 view .LVU634
 2258 05c0 721E     		subs	r2, r6, #1
 2259              	.L145:
 2260              		.loc 1 854 5 discriminator 4 view .LVU635
 2261 05c2 3346     		mov	r3, r6
 2262 05c4 4946     		mov	r1, r9
 2263 05c6 0020     		movs	r0, #0
 2264 05c8 B847     		blx	r7
 2265              	.LVL251:
 855:Middlewares/LVGL/lvgl/src/stdlib/builtin/lv_sprintf_builtin.c **** 
 856:Middlewares/LVGL/lvgl/src/stdlib/builtin/lv_sprintf_builtin.c ****     // return written chars without terminating \0
 857:Middlewares/LVGL/lvgl/src/stdlib/builtin/lv_sprintf_builtin.c ****     return (int)idx;
 2266              		.loc 1 857 5 is_stmt 1 view .LVU636
 858:Middlewares/LVGL/lvgl/src/stdlib/builtin/lv_sprintf_builtin.c **** }
 2267              		.loc 1 858 1 is_stmt 0 view .LVU637
 2268 05ca 2046     		mov	r0, r4
 2269 05cc 13B0     		add	sp, sp, #76
 2270              	.LCFI16:
 2271              		.cfi_remember_state
 2272              		.cfi_def_cfa_offset 36
ARM GAS  C:\Users\w1785\AppData\Local\Temp\cc8eEorc.s 			page 64


 2273              		@ sp needed
 2274 05ce BDE8F08F 		pop	{r4, r5, r6, r7, r8, r9, r10, fp, pc}
 2275              	.LVL252:
 2276              	.L156:
 2277              	.LCFI17:
 2278              		.cfi_restore_state
 854:Middlewares/LVGL/lvgl/src/stdlib/builtin/lv_sprintf_builtin.c **** 
 2279              		.loc 1 854 5 discriminator 2 view .LVU638
 2280 05d2 2246     		mov	r2, r4
 2281 05d4 F5E7     		b	.L145
 2282              	.L185:
 2283 05d6 00BF     		.align	2
 2284              	.L184:
 2285 05d8 00000000 		.word	_out_null
 2286              		.cfi_endproc
 2287              	.LFE10:
 2289              		.section	.text.lv_snprintf,"ax",%progbits
 2290              		.align	1
 2291              		.global	lv_snprintf
 2292              		.syntax unified
 2293              		.thumb
 2294              		.thumb_func
 2296              	lv_snprintf:
 2297              	.LVL253:
 2298              	.LFB11:
 859:Middlewares/LVGL/lvgl/src/stdlib/builtin/lv_sprintf_builtin.c **** 
 860:Middlewares/LVGL/lvgl/src/stdlib/builtin/lv_sprintf_builtin.c **** ///////////////////////////////////////////////////////////////////////////////
 861:Middlewares/LVGL/lvgl/src/stdlib/builtin/lv_sprintf_builtin.c **** /// GLOBAL FUNCTIONS FOR LVGL
 862:Middlewares/LVGL/lvgl/src/stdlib/builtin/lv_sprintf_builtin.c **** ///////////////////////////////////////////////////////////////////////////////
 863:Middlewares/LVGL/lvgl/src/stdlib/builtin/lv_sprintf_builtin.c **** 
 864:Middlewares/LVGL/lvgl/src/stdlib/builtin/lv_sprintf_builtin.c **** int lv_snprintf(char * buffer, size_t count, const char * format, ...)
 865:Middlewares/LVGL/lvgl/src/stdlib/builtin/lv_sprintf_builtin.c **** {
 2299              		.loc 1 865 1 is_stmt 1 view -0
 2300              		.cfi_startproc
 2301              		@ args = 4, pretend = 8, frame = 8
 2302              		@ frame_needed = 0, uses_anonymous_args = 1
 2303              		.loc 1 865 1 is_stmt 0 view .LVU640
 2304 0000 0CB4     		push	{r2, r3}
 2305              	.LCFI18:
 2306              		.cfi_def_cfa_offset 8
 2307              		.cfi_offset 2, -8
 2308              		.cfi_offset 3, -4
 2309 0002 10B5     		push	{r4, lr}
 2310              	.LCFI19:
 2311              		.cfi_def_cfa_offset 16
 2312              		.cfi_offset 4, -16
 2313              		.cfi_offset 14, -12
 2314 0004 84B0     		sub	sp, sp, #16
 2315              	.LCFI20:
 2316              		.cfi_def_cfa_offset 32
 2317 0006 0A46     		mov	r2, r1
 2318 0008 06AC     		add	r4, sp, #24
 2319 000a 54F8043B 		ldr	r3, [r4], #4
 866:Middlewares/LVGL/lvgl/src/stdlib/builtin/lv_sprintf_builtin.c ****     va_list va;
 2320              		.loc 1 866 5 is_stmt 1 view .LVU641
 867:Middlewares/LVGL/lvgl/src/stdlib/builtin/lv_sprintf_builtin.c ****     va_start(va, format);
 2321              		.loc 1 867 5 view .LVU642
ARM GAS  C:\Users\w1785\AppData\Local\Temp\cc8eEorc.s 			page 65


 2322 000e 0394     		str	r4, [sp, #12]
 868:Middlewares/LVGL/lvgl/src/stdlib/builtin/lv_sprintf_builtin.c ****     const int ret = lv_vsnprintf_inner(_out_buffer, buffer, count, format, va);
 2323              		.loc 1 868 5 view .LVU643
 2324              		.loc 1 868 21 is_stmt 0 view .LVU644
 2325 0010 0094     		str	r4, [sp]
 2326 0012 0146     		mov	r1, r0
 2327              	.LVL254:
 2328              		.loc 1 868 21 view .LVU645
 2329 0014 0348     		ldr	r0, .L188
 2330              	.LVL255:
 2331              		.loc 1 868 21 view .LVU646
 2332 0016 FFF7FEFF 		bl	lv_vsnprintf_inner
 2333              	.LVL256:
 869:Middlewares/LVGL/lvgl/src/stdlib/builtin/lv_sprintf_builtin.c ****     va_end(va);
 2334              		.loc 1 869 5 is_stmt 1 view .LVU647
 870:Middlewares/LVGL/lvgl/src/stdlib/builtin/lv_sprintf_builtin.c ****     return ret;
 2335              		.loc 1 870 5 view .LVU648
 871:Middlewares/LVGL/lvgl/src/stdlib/builtin/lv_sprintf_builtin.c **** }
 2336              		.loc 1 871 1 is_stmt 0 view .LVU649
 2337 001a 04B0     		add	sp, sp, #16
 2338              	.LCFI21:
 2339              		.cfi_def_cfa_offset 16
 2340              		@ sp needed
 2341 001c BDE81040 		pop	{r4, lr}
 2342              	.LCFI22:
 2343              		.cfi_restore 14
 2344              		.cfi_restore 4
 2345              		.cfi_def_cfa_offset 8
 2346 0020 02B0     		add	sp, sp, #8
 2347              	.LCFI23:
 2348              		.cfi_restore 3
 2349              		.cfi_restore 2
 2350              		.cfi_def_cfa_offset 0
 2351 0022 7047     		bx	lr
 2352              	.L189:
 2353              		.align	2
 2354              	.L188:
 2355 0024 00000000 		.word	_out_buffer
 2356              		.cfi_endproc
 2357              	.LFE11:
 2359              		.section	.text.lv_vsnprintf,"ax",%progbits
 2360              		.align	1
 2361              		.global	lv_vsnprintf
 2362              		.syntax unified
 2363              		.thumb
 2364              		.thumb_func
 2366              	lv_vsnprintf:
 2367              	.LVL257:
 2368              	.LFB12:
 872:Middlewares/LVGL/lvgl/src/stdlib/builtin/lv_sprintf_builtin.c **** 
 873:Middlewares/LVGL/lvgl/src/stdlib/builtin/lv_sprintf_builtin.c **** int lv_vsnprintf(char * buffer, size_t count, const char * format, va_list va)
 874:Middlewares/LVGL/lvgl/src/stdlib/builtin/lv_sprintf_builtin.c **** {
 2369              		.loc 1 874 1 is_stmt 1 view -0
 2370              		.cfi_startproc
 2371              		@ args = 0, pretend = 0, frame = 0
 2372              		@ frame_needed = 0, uses_anonymous_args = 0
 2373              		.loc 1 874 1 is_stmt 0 view .LVU651
ARM GAS  C:\Users\w1785\AppData\Local\Temp\cc8eEorc.s 			page 66


 2374 0000 00B5     		push	{lr}
 2375              	.LCFI24:
 2376              		.cfi_def_cfa_offset 4
 2377              		.cfi_offset 14, -4
 2378 0002 83B0     		sub	sp, sp, #12
 2379              	.LCFI25:
 2380              		.cfi_def_cfa_offset 16
 875:Middlewares/LVGL/lvgl/src/stdlib/builtin/lv_sprintf_builtin.c ****     return lv_vsnprintf_inner(_out_buffer, buffer, count, format, va);
 2381              		.loc 1 875 5 is_stmt 1 view .LVU652
 2382              		.loc 1 875 12 is_stmt 0 view .LVU653
 2383 0004 0093     		str	r3, [sp]
 2384 0006 1346     		mov	r3, r2
 2385              	.LVL258:
 2386              		.loc 1 875 12 view .LVU654
 2387 0008 0A46     		mov	r2, r1
 2388              	.LVL259:
 2389              		.loc 1 875 12 view .LVU655
 2390 000a 0146     		mov	r1, r0
 2391              	.LVL260:
 2392              		.loc 1 875 12 view .LVU656
 2393 000c 0248     		ldr	r0, .L192
 2394              	.LVL261:
 2395              		.loc 1 875 12 view .LVU657
 2396 000e FFF7FEFF 		bl	lv_vsnprintf_inner
 2397              	.LVL262:
 876:Middlewares/LVGL/lvgl/src/stdlib/builtin/lv_sprintf_builtin.c **** }
 2398              		.loc 1 876 1 view .LVU658
 2399 0012 03B0     		add	sp, sp, #12
 2400              	.LCFI26:
 2401              		.cfi_def_cfa_offset 4
 2402              		@ sp needed
 2403 0014 00BD     		pop	{pc}
 2404              	.L193:
 2405 0016 00BF     		.align	2
 2406              	.L192:
 2407 0018 00000000 		.word	_out_buffer
 2408              		.cfi_endproc
 2409              	.LFE12:
 2411              		.text
 2412              	.Letext0:
 2413              		.file 2 "D:\\STM32CubeIDE\\STM32CubeIDE_2.1.1\\STM32CubeIDE\\plugins\\com.st.stm32cube.ide.mcu.ext
 2414              		.file 3 "D:\\STM32CubeIDE\\STM32CubeIDE_2.1.1\\STM32CubeIDE\\plugins\\com.st.stm32cube.ide.mcu.ext
 2415              		.file 4 "<built-in>"
 2416              		.file 5 "Middlewares/LVGL/lvgl/src/stdlib/builtin/../lv_string.h"
ARM GAS  C:\Users\w1785\AppData\Local\Temp\cc8eEorc.s 			page 67


DEFINED SYMBOLS
                            *ABS*:00000000 lv_sprintf_builtin.c
C:\Users\w1785\AppData\Local\Temp\cc8eEorc.s:21     .text._out_buffer:00000000 $t
C:\Users\w1785\AppData\Local\Temp\cc8eEorc.s:26     .text._out_buffer:00000000 _out_buffer
C:\Users\w1785\AppData\Local\Temp\cc8eEorc.s:48     .text._out_null:00000000 $t
C:\Users\w1785\AppData\Local\Temp\cc8eEorc.s:53     .text._out_null:00000000 _out_null
C:\Users\w1785\AppData\Local\Temp\cc8eEorc.s:71     .text._atoi:00000000 $t
C:\Users\w1785\AppData\Local\Temp\cc8eEorc.s:76     .text._atoi:00000000 _atoi
C:\Users\w1785\AppData\Local\Temp\cc8eEorc.s:139    .text._out_rev:00000000 $t
C:\Users\w1785\AppData\Local\Temp\cc8eEorc.s:144    .text._out_rev:00000000 _out_rev
C:\Users\w1785\AppData\Local\Temp\cc8eEorc.s:279    .text._ntoa_format:00000000 $t
C:\Users\w1785\AppData\Local\Temp\cc8eEorc.s:284    .text._ntoa_format:00000000 _ntoa_format
C:\Users\w1785\AppData\Local\Temp\cc8eEorc.s:572    .text._ntoa_long:00000000 $t
C:\Users\w1785\AppData\Local\Temp\cc8eEorc.s:577    .text._ntoa_long:00000000 _ntoa_long
C:\Users\w1785\AppData\Local\Temp\cc8eEorc.s:724    .text._ntoa_long_long:00000000 $t
C:\Users\w1785\AppData\Local\Temp\cc8eEorc.s:729    .text._ntoa_long_long:00000000 _ntoa_long_long
C:\Users\w1785\AppData\Local\Temp\cc8eEorc.s:901    .text.lv_vsnprintf_inner:00000000 $t
C:\Users\w1785\AppData\Local\Temp\cc8eEorc.s:906    .text.lv_vsnprintf_inner:00000000 lv_vsnprintf_inner
C:\Users\w1785\AppData\Local\Temp\cc8eEorc.s:1093   .text.lv_vsnprintf_inner:00000094 $d
C:\Users\w1785\AppData\Local\Temp\cc8eEorc.s:1111   .text.lv_vsnprintf_inner:000000d8 $t
C:\Users\w1785\AppData\Local\Temp\cc8eEorc.s:1167   .text.lv_vsnprintf_inner:00000106 $d
C:\Users\w1785\AppData\Local\Temp\cc8eEorc.s:1475   .text.lv_vsnprintf_inner:0000023e $d
C:\Users\w1785\AppData\Local\Temp\cc8eEorc.s:1865   .text.lv_vsnprintf_inner:00000410 $d
C:\Users\w1785\AppData\Local\Temp\cc8eEorc.s:1870   .text.lv_vsnprintf_inner:00000414 $t
C:\Users\w1785\AppData\Local\Temp\cc8eEorc.s:2285   .text.lv_vsnprintf_inner:000005d8 $d
C:\Users\w1785\AppData\Local\Temp\cc8eEorc.s:2290   .text.lv_snprintf:00000000 $t
C:\Users\w1785\AppData\Local\Temp\cc8eEorc.s:2296   .text.lv_snprintf:00000000 lv_snprintf
C:\Users\w1785\AppData\Local\Temp\cc8eEorc.s:2355   .text.lv_snprintf:00000024 $d
C:\Users\w1785\AppData\Local\Temp\cc8eEorc.s:2360   .text.lv_vsnprintf:00000000 $t
C:\Users\w1785\AppData\Local\Temp\cc8eEorc.s:2366   .text.lv_vsnprintf:00000000 lv_vsnprintf
C:\Users\w1785\AppData\Local\Temp\cc8eEorc.s:2407   .text.lv_vsnprintf:00000018 $d
C:\Users\w1785\AppData\Local\Temp\cc8eEorc.s:1187   .text.lv_vsnprintf_inner:00000119 $d
C:\Users\w1785\AppData\Local\Temp\cc8eEorc.s:1187   .text.lv_vsnprintf_inner:0000011a $t
C:\Users\w1785\AppData\Local\Temp\cc8eEorc.s:1516   .text.lv_vsnprintf_inner:00000267 $d
C:\Users\w1785\AppData\Local\Temp\cc8eEorc.s:1516   .text.lv_vsnprintf_inner:00000268 $t

UNDEFINED SYMBOLS
__aeabi_uldivmod
lv_strnlen
