ARM GAS  C:\Users\w1785\AppData\Local\Temp\ccjJGjW6.s 			page 1


   1              		.cpu cortex-m4
   2              		.arch armv7e-m
   3              		.fpu fpv4-sp-d16
   4              		.eabi_attribute 27, 1
   5              		.eabi_attribute 28, 1
   6              		.eabi_attribute 20, 1
   7              		.eabi_attribute 21, 1
   8              		.eabi_attribute 23, 3
   9              		.eabi_attribute 24, 1
  10              		.eabi_attribute 25, 1
  11              		.eabi_attribute 26, 1
  12              		.eabi_attribute 30, 1
  13              		.eabi_attribute 34, 1
  14              		.eabi_attribute 18, 4
  15              		.file	"lv_theme_simple.c"
  16              		.text
  17              	.Ltext0:
  18              		.cfi_sections	.debug_frame
  19              		.file 1 "Middlewares/LVGL/lvgl/src/themes/simple/lv_theme_simple.c"
  20              		.section	.text.theme_apply,"ax",%progbits
  21              		.align	1
  22              		.syntax unified
  23              		.thumb
  24              		.thumb_func
  26              	theme_apply:
  27              	.LVL0:
  28              	.LFB214:
   1:Middlewares/LVGL/lvgl/src/themes/simple/lv_theme_simple.c **** /**
   2:Middlewares/LVGL/lvgl/src/themes/simple/lv_theme_simple.c ****  * @file lv_theme_simple.c
   3:Middlewares/LVGL/lvgl/src/themes/simple/lv_theme_simple.c ****  *
   4:Middlewares/LVGL/lvgl/src/themes/simple/lv_theme_simple.c ****  */
   5:Middlewares/LVGL/lvgl/src/themes/simple/lv_theme_simple.c **** 
   6:Middlewares/LVGL/lvgl/src/themes/simple/lv_theme_simple.c **** /*********************
   7:Middlewares/LVGL/lvgl/src/themes/simple/lv_theme_simple.c ****  *      INCLUDES
   8:Middlewares/LVGL/lvgl/src/themes/simple/lv_theme_simple.c ****  *********************/
   9:Middlewares/LVGL/lvgl/src/themes/simple/lv_theme_simple.c **** #include "../lv_theme_private.h"
  10:Middlewares/LVGL/lvgl/src/themes/simple/lv_theme_simple.c **** #include "../../../lvgl.h" /*To see all the widgets*/
  11:Middlewares/LVGL/lvgl/src/themes/simple/lv_theme_simple.c **** 
  12:Middlewares/LVGL/lvgl/src/themes/simple/lv_theme_simple.c **** #if LV_USE_THEME_SIMPLE
  13:Middlewares/LVGL/lvgl/src/themes/simple/lv_theme_simple.c **** 
  14:Middlewares/LVGL/lvgl/src/themes/simple/lv_theme_simple.c **** #include "lv_theme_simple.h"
  15:Middlewares/LVGL/lvgl/src/themes/simple/lv_theme_simple.c **** #include "../../core/lv_global.h"
  16:Middlewares/LVGL/lvgl/src/themes/simple/lv_theme_simple.c **** 
  17:Middlewares/LVGL/lvgl/src/themes/simple/lv_theme_simple.c **** /*********************
  18:Middlewares/LVGL/lvgl/src/themes/simple/lv_theme_simple.c ****  *      DEFINES
  19:Middlewares/LVGL/lvgl/src/themes/simple/lv_theme_simple.c ****  *********************/
  20:Middlewares/LVGL/lvgl/src/themes/simple/lv_theme_simple.c **** 
  21:Middlewares/LVGL/lvgl/src/themes/simple/lv_theme_simple.c **** struct _my_theme_t;
  22:Middlewares/LVGL/lvgl/src/themes/simple/lv_theme_simple.c **** typedef struct _my_theme_t my_theme_t;
  23:Middlewares/LVGL/lvgl/src/themes/simple/lv_theme_simple.c **** 
  24:Middlewares/LVGL/lvgl/src/themes/simple/lv_theme_simple.c **** #define theme_def (*(my_theme_t **)(&LV_GLOBAL_DEFAULT()->theme_simple))
  25:Middlewares/LVGL/lvgl/src/themes/simple/lv_theme_simple.c **** 
  26:Middlewares/LVGL/lvgl/src/themes/simple/lv_theme_simple.c **** #define COLOR_SCR     lv_palette_lighten(LV_PALETTE_GREY, 4)
  27:Middlewares/LVGL/lvgl/src/themes/simple/lv_theme_simple.c **** #define COLOR_WHITE   lv_color_white()
  28:Middlewares/LVGL/lvgl/src/themes/simple/lv_theme_simple.c **** #define COLOR_LIGHT   lv_palette_lighten(LV_PALETTE_GREY, 2)
  29:Middlewares/LVGL/lvgl/src/themes/simple/lv_theme_simple.c **** #define COLOR_DARK    lv_palette_main(LV_PALETTE_GREY)
  30:Middlewares/LVGL/lvgl/src/themes/simple/lv_theme_simple.c **** #define COLOR_DIM     lv_palette_darken(LV_PALETTE_GREY, 2)
ARM GAS  C:\Users\w1785\AppData\Local\Temp\ccjJGjW6.s 			page 2


  31:Middlewares/LVGL/lvgl/src/themes/simple/lv_theme_simple.c **** #define SCROLLBAR_WIDTH     2
  32:Middlewares/LVGL/lvgl/src/themes/simple/lv_theme_simple.c **** 
  33:Middlewares/LVGL/lvgl/src/themes/simple/lv_theme_simple.c **** /**********************
  34:Middlewares/LVGL/lvgl/src/themes/simple/lv_theme_simple.c ****  *      TYPEDEFS
  35:Middlewares/LVGL/lvgl/src/themes/simple/lv_theme_simple.c ****  **********************/
  36:Middlewares/LVGL/lvgl/src/themes/simple/lv_theme_simple.c **** typedef struct {
  37:Middlewares/LVGL/lvgl/src/themes/simple/lv_theme_simple.c ****     lv_style_t scr;
  38:Middlewares/LVGL/lvgl/src/themes/simple/lv_theme_simple.c ****     lv_style_t transp;
  39:Middlewares/LVGL/lvgl/src/themes/simple/lv_theme_simple.c ****     lv_style_t white;
  40:Middlewares/LVGL/lvgl/src/themes/simple/lv_theme_simple.c ****     lv_style_t light;
  41:Middlewares/LVGL/lvgl/src/themes/simple/lv_theme_simple.c ****     lv_style_t dark;
  42:Middlewares/LVGL/lvgl/src/themes/simple/lv_theme_simple.c ****     lv_style_t dim;
  43:Middlewares/LVGL/lvgl/src/themes/simple/lv_theme_simple.c ****     lv_style_t scrollbar;
  44:Middlewares/LVGL/lvgl/src/themes/simple/lv_theme_simple.c **** #if LV_USE_ARC
  45:Middlewares/LVGL/lvgl/src/themes/simple/lv_theme_simple.c ****     lv_style_t arc_line;
  46:Middlewares/LVGL/lvgl/src/themes/simple/lv_theme_simple.c ****     lv_style_t arc_knob;
  47:Middlewares/LVGL/lvgl/src/themes/simple/lv_theme_simple.c **** #endif
  48:Middlewares/LVGL/lvgl/src/themes/simple/lv_theme_simple.c **** #if LV_USE_TEXTAREA
  49:Middlewares/LVGL/lvgl/src/themes/simple/lv_theme_simple.c ****     lv_style_t ta_cursor;
  50:Middlewares/LVGL/lvgl/src/themes/simple/lv_theme_simple.c **** #endif
  51:Middlewares/LVGL/lvgl/src/themes/simple/lv_theme_simple.c **** } my_theme_styles_t;
  52:Middlewares/LVGL/lvgl/src/themes/simple/lv_theme_simple.c **** 
  53:Middlewares/LVGL/lvgl/src/themes/simple/lv_theme_simple.c **** struct _my_theme_t {
  54:Middlewares/LVGL/lvgl/src/themes/simple/lv_theme_simple.c ****     lv_theme_t base;
  55:Middlewares/LVGL/lvgl/src/themes/simple/lv_theme_simple.c ****     my_theme_styles_t styles;
  56:Middlewares/LVGL/lvgl/src/themes/simple/lv_theme_simple.c ****     bool inited;
  57:Middlewares/LVGL/lvgl/src/themes/simple/lv_theme_simple.c **** };
  58:Middlewares/LVGL/lvgl/src/themes/simple/lv_theme_simple.c **** 
  59:Middlewares/LVGL/lvgl/src/themes/simple/lv_theme_simple.c **** /**********************
  60:Middlewares/LVGL/lvgl/src/themes/simple/lv_theme_simple.c ****  *  STATIC PROTOTYPES
  61:Middlewares/LVGL/lvgl/src/themes/simple/lv_theme_simple.c ****  **********************/
  62:Middlewares/LVGL/lvgl/src/themes/simple/lv_theme_simple.c **** static void style_init_reset(lv_style_t * style);
  63:Middlewares/LVGL/lvgl/src/themes/simple/lv_theme_simple.c **** static void theme_apply(lv_theme_t * th, lv_obj_t * obj);
  64:Middlewares/LVGL/lvgl/src/themes/simple/lv_theme_simple.c **** 
  65:Middlewares/LVGL/lvgl/src/themes/simple/lv_theme_simple.c **** /**********************
  66:Middlewares/LVGL/lvgl/src/themes/simple/lv_theme_simple.c ****  *  STATIC VARIABLES
  67:Middlewares/LVGL/lvgl/src/themes/simple/lv_theme_simple.c ****  **********************/
  68:Middlewares/LVGL/lvgl/src/themes/simple/lv_theme_simple.c **** 
  69:Middlewares/LVGL/lvgl/src/themes/simple/lv_theme_simple.c **** /**********************
  70:Middlewares/LVGL/lvgl/src/themes/simple/lv_theme_simple.c ****  *      MACROS
  71:Middlewares/LVGL/lvgl/src/themes/simple/lv_theme_simple.c ****  **********************/
  72:Middlewares/LVGL/lvgl/src/themes/simple/lv_theme_simple.c **** 
  73:Middlewares/LVGL/lvgl/src/themes/simple/lv_theme_simple.c **** /**********************
  74:Middlewares/LVGL/lvgl/src/themes/simple/lv_theme_simple.c ****  *   STATIC FUNCTIONS
  75:Middlewares/LVGL/lvgl/src/themes/simple/lv_theme_simple.c ****  **********************/
  76:Middlewares/LVGL/lvgl/src/themes/simple/lv_theme_simple.c **** 
  77:Middlewares/LVGL/lvgl/src/themes/simple/lv_theme_simple.c **** static void style_init(my_theme_t * theme)
  78:Middlewares/LVGL/lvgl/src/themes/simple/lv_theme_simple.c **** {
  79:Middlewares/LVGL/lvgl/src/themes/simple/lv_theme_simple.c ****     style_init_reset(&theme->styles.scrollbar);
  80:Middlewares/LVGL/lvgl/src/themes/simple/lv_theme_simple.c ****     lv_style_set_bg_opa(&theme->styles.scrollbar, LV_OPA_COVER);
  81:Middlewares/LVGL/lvgl/src/themes/simple/lv_theme_simple.c ****     lv_style_set_bg_color(&theme->styles.scrollbar, COLOR_DARK);
  82:Middlewares/LVGL/lvgl/src/themes/simple/lv_theme_simple.c ****     lv_style_set_width(&theme->styles.scrollbar, SCROLLBAR_WIDTH);
  83:Middlewares/LVGL/lvgl/src/themes/simple/lv_theme_simple.c **** 
  84:Middlewares/LVGL/lvgl/src/themes/simple/lv_theme_simple.c ****     style_init_reset(&theme->styles.scr);
  85:Middlewares/LVGL/lvgl/src/themes/simple/lv_theme_simple.c ****     lv_style_set_bg_opa(&theme->styles.scr, LV_OPA_COVER);
  86:Middlewares/LVGL/lvgl/src/themes/simple/lv_theme_simple.c ****     lv_style_set_bg_color(&theme->styles.scr, COLOR_SCR);
  87:Middlewares/LVGL/lvgl/src/themes/simple/lv_theme_simple.c ****     lv_style_set_text_color(&theme->styles.scr, COLOR_DIM);
ARM GAS  C:\Users\w1785\AppData\Local\Temp\ccjJGjW6.s 			page 3


  88:Middlewares/LVGL/lvgl/src/themes/simple/lv_theme_simple.c **** 
  89:Middlewares/LVGL/lvgl/src/themes/simple/lv_theme_simple.c ****     style_init_reset(&theme->styles.transp);
  90:Middlewares/LVGL/lvgl/src/themes/simple/lv_theme_simple.c ****     lv_style_set_bg_opa(&theme->styles.transp, LV_OPA_TRANSP);
  91:Middlewares/LVGL/lvgl/src/themes/simple/lv_theme_simple.c **** 
  92:Middlewares/LVGL/lvgl/src/themes/simple/lv_theme_simple.c ****     style_init_reset(&theme->styles.white);
  93:Middlewares/LVGL/lvgl/src/themes/simple/lv_theme_simple.c ****     lv_style_set_bg_opa(&theme->styles.white, LV_OPA_COVER);
  94:Middlewares/LVGL/lvgl/src/themes/simple/lv_theme_simple.c ****     lv_style_set_bg_color(&theme->styles.white, COLOR_WHITE);
  95:Middlewares/LVGL/lvgl/src/themes/simple/lv_theme_simple.c ****     lv_style_set_line_width(&theme->styles.white, 1);
  96:Middlewares/LVGL/lvgl/src/themes/simple/lv_theme_simple.c ****     lv_style_set_line_color(&theme->styles.white, COLOR_WHITE);
  97:Middlewares/LVGL/lvgl/src/themes/simple/lv_theme_simple.c ****     lv_style_set_arc_width(&theme->styles.white, 2);
  98:Middlewares/LVGL/lvgl/src/themes/simple/lv_theme_simple.c ****     lv_style_set_arc_color(&theme->styles.white, COLOR_WHITE);
  99:Middlewares/LVGL/lvgl/src/themes/simple/lv_theme_simple.c **** 
 100:Middlewares/LVGL/lvgl/src/themes/simple/lv_theme_simple.c ****     style_init_reset(&theme->styles.light);
 101:Middlewares/LVGL/lvgl/src/themes/simple/lv_theme_simple.c ****     lv_style_set_bg_opa(&theme->styles.light, LV_OPA_COVER);
 102:Middlewares/LVGL/lvgl/src/themes/simple/lv_theme_simple.c ****     lv_style_set_bg_color(&theme->styles.light, COLOR_LIGHT);
 103:Middlewares/LVGL/lvgl/src/themes/simple/lv_theme_simple.c ****     lv_style_set_line_width(&theme->styles.light, 1);
 104:Middlewares/LVGL/lvgl/src/themes/simple/lv_theme_simple.c ****     lv_style_set_line_color(&theme->styles.light, COLOR_LIGHT);
 105:Middlewares/LVGL/lvgl/src/themes/simple/lv_theme_simple.c ****     lv_style_set_arc_width(&theme->styles.light, 2);
 106:Middlewares/LVGL/lvgl/src/themes/simple/lv_theme_simple.c ****     lv_style_set_arc_color(&theme->styles.light, COLOR_LIGHT);
 107:Middlewares/LVGL/lvgl/src/themes/simple/lv_theme_simple.c **** 
 108:Middlewares/LVGL/lvgl/src/themes/simple/lv_theme_simple.c ****     style_init_reset(&theme->styles.dark);
 109:Middlewares/LVGL/lvgl/src/themes/simple/lv_theme_simple.c ****     lv_style_set_bg_opa(&theme->styles.dark, LV_OPA_COVER);
 110:Middlewares/LVGL/lvgl/src/themes/simple/lv_theme_simple.c ****     lv_style_set_bg_color(&theme->styles.dark, COLOR_DARK);
 111:Middlewares/LVGL/lvgl/src/themes/simple/lv_theme_simple.c ****     lv_style_set_line_width(&theme->styles.dark, 1);
 112:Middlewares/LVGL/lvgl/src/themes/simple/lv_theme_simple.c ****     lv_style_set_line_color(&theme->styles.dark, COLOR_DARK);
 113:Middlewares/LVGL/lvgl/src/themes/simple/lv_theme_simple.c ****     lv_style_set_arc_width(&theme->styles.dark, 2);
 114:Middlewares/LVGL/lvgl/src/themes/simple/lv_theme_simple.c ****     lv_style_set_arc_color(&theme->styles.dark, COLOR_DARK);
 115:Middlewares/LVGL/lvgl/src/themes/simple/lv_theme_simple.c **** 
 116:Middlewares/LVGL/lvgl/src/themes/simple/lv_theme_simple.c ****     style_init_reset(&theme->styles.dim);
 117:Middlewares/LVGL/lvgl/src/themes/simple/lv_theme_simple.c ****     lv_style_set_bg_opa(&theme->styles.dim, LV_OPA_COVER);
 118:Middlewares/LVGL/lvgl/src/themes/simple/lv_theme_simple.c ****     lv_style_set_bg_color(&theme->styles.dim, COLOR_DIM);
 119:Middlewares/LVGL/lvgl/src/themes/simple/lv_theme_simple.c ****     lv_style_set_line_width(&theme->styles.dim, 1);
 120:Middlewares/LVGL/lvgl/src/themes/simple/lv_theme_simple.c ****     lv_style_set_line_color(&theme->styles.dim, COLOR_DIM);
 121:Middlewares/LVGL/lvgl/src/themes/simple/lv_theme_simple.c ****     lv_style_set_arc_width(&theme->styles.dim, 2);
 122:Middlewares/LVGL/lvgl/src/themes/simple/lv_theme_simple.c ****     lv_style_set_arc_color(&theme->styles.dim, COLOR_DIM);
 123:Middlewares/LVGL/lvgl/src/themes/simple/lv_theme_simple.c **** 
 124:Middlewares/LVGL/lvgl/src/themes/simple/lv_theme_simple.c **** #if LV_USE_ARC
 125:Middlewares/LVGL/lvgl/src/themes/simple/lv_theme_simple.c ****     style_init_reset(&theme->styles.arc_line);
 126:Middlewares/LVGL/lvgl/src/themes/simple/lv_theme_simple.c ****     lv_style_set_arc_width(&theme->styles.arc_line, 6);
 127:Middlewares/LVGL/lvgl/src/themes/simple/lv_theme_simple.c ****     style_init_reset(&theme->styles.arc_knob);
 128:Middlewares/LVGL/lvgl/src/themes/simple/lv_theme_simple.c ****     lv_style_set_pad_all(&theme->styles.arc_knob, 5);
 129:Middlewares/LVGL/lvgl/src/themes/simple/lv_theme_simple.c **** #endif
 130:Middlewares/LVGL/lvgl/src/themes/simple/lv_theme_simple.c **** 
 131:Middlewares/LVGL/lvgl/src/themes/simple/lv_theme_simple.c **** #if LV_USE_TEXTAREA
 132:Middlewares/LVGL/lvgl/src/themes/simple/lv_theme_simple.c ****     style_init_reset(&theme->styles.ta_cursor);
 133:Middlewares/LVGL/lvgl/src/themes/simple/lv_theme_simple.c ****     lv_style_set_border_side(&theme->styles.ta_cursor, LV_BORDER_SIDE_LEFT);
 134:Middlewares/LVGL/lvgl/src/themes/simple/lv_theme_simple.c ****     lv_style_set_border_color(&theme->styles.ta_cursor, COLOR_DIM);
 135:Middlewares/LVGL/lvgl/src/themes/simple/lv_theme_simple.c ****     lv_style_set_border_width(&theme->styles.ta_cursor, 2);
 136:Middlewares/LVGL/lvgl/src/themes/simple/lv_theme_simple.c ****     lv_style_set_bg_opa(&theme->styles.ta_cursor, LV_OPA_TRANSP);
 137:Middlewares/LVGL/lvgl/src/themes/simple/lv_theme_simple.c ****     lv_style_set_anim_duration(&theme->styles.ta_cursor, 500);
 138:Middlewares/LVGL/lvgl/src/themes/simple/lv_theme_simple.c **** #endif
 139:Middlewares/LVGL/lvgl/src/themes/simple/lv_theme_simple.c **** }
 140:Middlewares/LVGL/lvgl/src/themes/simple/lv_theme_simple.c **** 
 141:Middlewares/LVGL/lvgl/src/themes/simple/lv_theme_simple.c **** /**********************
 142:Middlewares/LVGL/lvgl/src/themes/simple/lv_theme_simple.c ****  *   GLOBAL FUNCTIONS
 143:Middlewares/LVGL/lvgl/src/themes/simple/lv_theme_simple.c ****  **********************/
 144:Middlewares/LVGL/lvgl/src/themes/simple/lv_theme_simple.c **** 
ARM GAS  C:\Users\w1785\AppData\Local\Temp\ccjJGjW6.s 			page 4


 145:Middlewares/LVGL/lvgl/src/themes/simple/lv_theme_simple.c **** lv_theme_t * lv_theme_simple_init(lv_display_t * disp)
 146:Middlewares/LVGL/lvgl/src/themes/simple/lv_theme_simple.c **** {
 147:Middlewares/LVGL/lvgl/src/themes/simple/lv_theme_simple.c ****     /*This trick is required only to avoid the garbage collection of
 148:Middlewares/LVGL/lvgl/src/themes/simple/lv_theme_simple.c ****      *styles' data if LVGL is used in a binding (e.g. MicroPython)
 149:Middlewares/LVGL/lvgl/src/themes/simple/lv_theme_simple.c ****      *In a general case styles could be in a simple `static lv_style_t my_style...` variables*/
 150:Middlewares/LVGL/lvgl/src/themes/simple/lv_theme_simple.c ****     if(!lv_theme_simple_is_inited()) {
 151:Middlewares/LVGL/lvgl/src/themes/simple/lv_theme_simple.c ****         theme_def = lv_malloc_zeroed(sizeof(my_theme_t));
 152:Middlewares/LVGL/lvgl/src/themes/simple/lv_theme_simple.c ****         LV_ASSERT_MALLOC(theme_def);
 153:Middlewares/LVGL/lvgl/src/themes/simple/lv_theme_simple.c ****     }
 154:Middlewares/LVGL/lvgl/src/themes/simple/lv_theme_simple.c **** 
 155:Middlewares/LVGL/lvgl/src/themes/simple/lv_theme_simple.c ****     my_theme_t * theme = theme_def;
 156:Middlewares/LVGL/lvgl/src/themes/simple/lv_theme_simple.c **** 
 157:Middlewares/LVGL/lvgl/src/themes/simple/lv_theme_simple.c ****     theme->base.disp = disp;
 158:Middlewares/LVGL/lvgl/src/themes/simple/lv_theme_simple.c ****     theme->base.font_small = LV_FONT_DEFAULT;
 159:Middlewares/LVGL/lvgl/src/themes/simple/lv_theme_simple.c ****     theme->base.font_normal = LV_FONT_DEFAULT;
 160:Middlewares/LVGL/lvgl/src/themes/simple/lv_theme_simple.c ****     theme->base.font_large = LV_FONT_DEFAULT;
 161:Middlewares/LVGL/lvgl/src/themes/simple/lv_theme_simple.c ****     theme->base.apply_cb = theme_apply;
 162:Middlewares/LVGL/lvgl/src/themes/simple/lv_theme_simple.c **** #if LV_USE_EXT_DATA
 163:Middlewares/LVGL/lvgl/src/themes/simple/lv_theme_simple.c ****     theme->base.ext_data.free_cb = NULL;
 164:Middlewares/LVGL/lvgl/src/themes/simple/lv_theme_simple.c ****     theme->base.ext_data.data = NULL;
 165:Middlewares/LVGL/lvgl/src/themes/simple/lv_theme_simple.c **** #endif
 166:Middlewares/LVGL/lvgl/src/themes/simple/lv_theme_simple.c **** 
 167:Middlewares/LVGL/lvgl/src/themes/simple/lv_theme_simple.c ****     style_init(theme);
 168:Middlewares/LVGL/lvgl/src/themes/simple/lv_theme_simple.c **** 
 169:Middlewares/LVGL/lvgl/src/themes/simple/lv_theme_simple.c ****     if(disp == NULL || lv_display_get_theme(disp) == (lv_theme_t *)theme) {
 170:Middlewares/LVGL/lvgl/src/themes/simple/lv_theme_simple.c ****         lv_obj_report_style_change(NULL);
 171:Middlewares/LVGL/lvgl/src/themes/simple/lv_theme_simple.c ****     }
 172:Middlewares/LVGL/lvgl/src/themes/simple/lv_theme_simple.c **** 
 173:Middlewares/LVGL/lvgl/src/themes/simple/lv_theme_simple.c ****     theme->inited = true;
 174:Middlewares/LVGL/lvgl/src/themes/simple/lv_theme_simple.c **** 
 175:Middlewares/LVGL/lvgl/src/themes/simple/lv_theme_simple.c ****     return (lv_theme_t *)theme_def;
 176:Middlewares/LVGL/lvgl/src/themes/simple/lv_theme_simple.c **** }
 177:Middlewares/LVGL/lvgl/src/themes/simple/lv_theme_simple.c **** 
 178:Middlewares/LVGL/lvgl/src/themes/simple/lv_theme_simple.c **** bool lv_theme_simple_is_inited(void)
 179:Middlewares/LVGL/lvgl/src/themes/simple/lv_theme_simple.c **** {
 180:Middlewares/LVGL/lvgl/src/themes/simple/lv_theme_simple.c ****     my_theme_t * theme = theme_def;
 181:Middlewares/LVGL/lvgl/src/themes/simple/lv_theme_simple.c ****     if(theme == NULL) return false;
 182:Middlewares/LVGL/lvgl/src/themes/simple/lv_theme_simple.c ****     return theme->inited;
 183:Middlewares/LVGL/lvgl/src/themes/simple/lv_theme_simple.c **** }
 184:Middlewares/LVGL/lvgl/src/themes/simple/lv_theme_simple.c **** 
 185:Middlewares/LVGL/lvgl/src/themes/simple/lv_theme_simple.c **** lv_theme_t * lv_theme_simple_get(void)
 186:Middlewares/LVGL/lvgl/src/themes/simple/lv_theme_simple.c **** {
 187:Middlewares/LVGL/lvgl/src/themes/simple/lv_theme_simple.c ****     if(!lv_theme_simple_is_inited()) {
 188:Middlewares/LVGL/lvgl/src/themes/simple/lv_theme_simple.c ****         return NULL;
 189:Middlewares/LVGL/lvgl/src/themes/simple/lv_theme_simple.c ****     }
 190:Middlewares/LVGL/lvgl/src/themes/simple/lv_theme_simple.c **** 
 191:Middlewares/LVGL/lvgl/src/themes/simple/lv_theme_simple.c ****     return (lv_theme_t *)theme_def;
 192:Middlewares/LVGL/lvgl/src/themes/simple/lv_theme_simple.c **** }
 193:Middlewares/LVGL/lvgl/src/themes/simple/lv_theme_simple.c **** 
 194:Middlewares/LVGL/lvgl/src/themes/simple/lv_theme_simple.c **** void lv_theme_simple_deinit(void)
 195:Middlewares/LVGL/lvgl/src/themes/simple/lv_theme_simple.c **** {
 196:Middlewares/LVGL/lvgl/src/themes/simple/lv_theme_simple.c ****     my_theme_t * theme = theme_def;
 197:Middlewares/LVGL/lvgl/src/themes/simple/lv_theme_simple.c ****     if(theme) {
 198:Middlewares/LVGL/lvgl/src/themes/simple/lv_theme_simple.c ****         if(theme->inited) {
 199:Middlewares/LVGL/lvgl/src/themes/simple/lv_theme_simple.c ****             lv_style_t * theme_styles = (lv_style_t *)(&(theme->styles));
 200:Middlewares/LVGL/lvgl/src/themes/simple/lv_theme_simple.c ****             uint32_t i;
 201:Middlewares/LVGL/lvgl/src/themes/simple/lv_theme_simple.c ****             for(i = 0; i < sizeof(my_theme_styles_t) / sizeof(lv_style_t); i++) {
ARM GAS  C:\Users\w1785\AppData\Local\Temp\ccjJGjW6.s 			page 5


 202:Middlewares/LVGL/lvgl/src/themes/simple/lv_theme_simple.c ****                 lv_style_reset(theme_styles + i);
 203:Middlewares/LVGL/lvgl/src/themes/simple/lv_theme_simple.c ****             }
 204:Middlewares/LVGL/lvgl/src/themes/simple/lv_theme_simple.c ****         }
 205:Middlewares/LVGL/lvgl/src/themes/simple/lv_theme_simple.c **** #if LV_USE_EXT_DATA
 206:Middlewares/LVGL/lvgl/src/themes/simple/lv_theme_simple.c ****         if(theme->base.ext_data.free_cb) {
 207:Middlewares/LVGL/lvgl/src/themes/simple/lv_theme_simple.c ****             theme->base.ext_data.free_cb(theme->base.ext_data.data);
 208:Middlewares/LVGL/lvgl/src/themes/simple/lv_theme_simple.c ****             theme->base.ext_data.data = NULL;
 209:Middlewares/LVGL/lvgl/src/themes/simple/lv_theme_simple.c ****         }
 210:Middlewares/LVGL/lvgl/src/themes/simple/lv_theme_simple.c **** #endif
 211:Middlewares/LVGL/lvgl/src/themes/simple/lv_theme_simple.c ****         lv_free(theme_def);
 212:Middlewares/LVGL/lvgl/src/themes/simple/lv_theme_simple.c ****         theme_def = NULL;
 213:Middlewares/LVGL/lvgl/src/themes/simple/lv_theme_simple.c ****     }
 214:Middlewares/LVGL/lvgl/src/themes/simple/lv_theme_simple.c **** }
 215:Middlewares/LVGL/lvgl/src/themes/simple/lv_theme_simple.c **** 
 216:Middlewares/LVGL/lvgl/src/themes/simple/lv_theme_simple.c **** /**********************
 217:Middlewares/LVGL/lvgl/src/themes/simple/lv_theme_simple.c ****  *   STATIC FUNCTIONS
 218:Middlewares/LVGL/lvgl/src/themes/simple/lv_theme_simple.c ****  **********************/
 219:Middlewares/LVGL/lvgl/src/themes/simple/lv_theme_simple.c **** 
 220:Middlewares/LVGL/lvgl/src/themes/simple/lv_theme_simple.c **** static void theme_apply(lv_theme_t * th, lv_obj_t * obj)
 221:Middlewares/LVGL/lvgl/src/themes/simple/lv_theme_simple.c **** {
  29              		.loc 1 221 1 view -0
  30              		.cfi_startproc
  31              		@ args = 0, pretend = 0, frame = 0
  32              		@ frame_needed = 0, uses_anonymous_args = 0
  33              		.loc 1 221 1 is_stmt 0 view .LVU1
  34 0000 70B5     		push	{r4, r5, r6, lr}
  35              	.LCFI0:
  36              		.cfi_def_cfa_offset 16
  37              		.cfi_offset 4, -16
  38              		.cfi_offset 5, -12
  39              		.cfi_offset 6, -8
  40              		.cfi_offset 14, -4
  41 0002 0C46     		mov	r4, r1
 222:Middlewares/LVGL/lvgl/src/themes/simple/lv_theme_simple.c ****     LV_UNUSED(th);
  42              		.loc 1 222 5 is_stmt 1 view .LVU2
 223:Middlewares/LVGL/lvgl/src/themes/simple/lv_theme_simple.c **** 
 224:Middlewares/LVGL/lvgl/src/themes/simple/lv_theme_simple.c ****     my_theme_t * theme = theme_def;
  43              		.loc 1 224 5 view .LVU3
  44              		.loc 1 224 18 is_stmt 0 view .LVU4
  45 0004 BB4B     		ldr	r3, .L43
  46 0006 D3F8C851 		ldr	r5, [r3, #456]
  47              	.LVL1:
 225:Middlewares/LVGL/lvgl/src/themes/simple/lv_theme_simple.c ****     lv_obj_t * parent = lv_obj_get_parent(obj);
  48              		.loc 1 225 5 is_stmt 1 view .LVU5
  49              		.loc 1 225 25 is_stmt 0 view .LVU6
  50 000a 0846     		mov	r0, r1
  51              	.LVL2:
  52              		.loc 1 225 25 view .LVU7
  53 000c FFF7FEFF 		bl	lv_obj_get_parent
  54              	.LVL3:
 226:Middlewares/LVGL/lvgl/src/themes/simple/lv_theme_simple.c **** 
 227:Middlewares/LVGL/lvgl/src/themes/simple/lv_theme_simple.c ****     if(parent == NULL) {
  55              		.loc 1 227 5 is_stmt 1 view .LVU8
  56              		.loc 1 227 7 is_stmt 0 view .LVU9
  57 0010 B0B3     		cbz	r0, .L34
  58 0012 0646     		mov	r6, r0
 228:Middlewares/LVGL/lvgl/src/themes/simple/lv_theme_simple.c ****         lv_obj_add_style(obj, &theme->styles.scr, 0);
ARM GAS  C:\Users\w1785\AppData\Local\Temp\ccjJGjW6.s 			page 6


 229:Middlewares/LVGL/lvgl/src/themes/simple/lv_theme_simple.c ****         lv_obj_add_style(obj, &theme->styles.scrollbar, LV_PART_SCROLLBAR);
 230:Middlewares/LVGL/lvgl/src/themes/simple/lv_theme_simple.c ****         return;
 231:Middlewares/LVGL/lvgl/src/themes/simple/lv_theme_simple.c ****     }
 232:Middlewares/LVGL/lvgl/src/themes/simple/lv_theme_simple.c **** 
 233:Middlewares/LVGL/lvgl/src/themes/simple/lv_theme_simple.c ****     if(lv_obj_check_type(obj, &lv_obj_class)) {
  59              		.loc 1 233 5 is_stmt 1 view .LVU10
  60              		.loc 1 233 8 is_stmt 0 view .LVU11
  61 0014 B849     		ldr	r1, .L43+4
  62 0016 2046     		mov	r0, r4
  63              	.LVL4:
  64              		.loc 1 233 8 view .LVU12
  65 0018 FFF7FEFF 		bl	lv_obj_check_type
  66              	.LVL5:
  67              		.loc 1 233 7 discriminator 1 view .LVU13
  68 001c 0028     		cmp	r0, #0
  69 001e 67D0     		beq	.L4
 234:Middlewares/LVGL/lvgl/src/themes/simple/lv_theme_simple.c **** #if LV_USE_TABVIEW
 235:Middlewares/LVGL/lvgl/src/themes/simple/lv_theme_simple.c ****         /*Tabview content area*/
 236:Middlewares/LVGL/lvgl/src/themes/simple/lv_theme_simple.c ****         if(lv_obj_check_type(parent, &lv_tabview_class)) {
  70              		.loc 1 236 9 is_stmt 1 view .LVU14
  71              		.loc 1 236 12 is_stmt 0 view .LVU15
  72 0020 B649     		ldr	r1, .L43+8
  73 0022 3046     		mov	r0, r6
  74 0024 FFF7FEFF 		bl	lv_obj_check_type
  75              	.LVL6:
  76              		.loc 1 236 11 discriminator 1 view .LVU16
  77 0028 C0BB     		cbnz	r0, .L35
 237:Middlewares/LVGL/lvgl/src/themes/simple/lv_theme_simple.c ****             lv_obj_add_style(obj, &theme->styles.scr, 0);
 238:Middlewares/LVGL/lvgl/src/themes/simple/lv_theme_simple.c ****             return;
 239:Middlewares/LVGL/lvgl/src/themes/simple/lv_theme_simple.c ****         }
 240:Middlewares/LVGL/lvgl/src/themes/simple/lv_theme_simple.c ****         /*Tabview pages*/
 241:Middlewares/LVGL/lvgl/src/themes/simple/lv_theme_simple.c ****         else if(lv_obj_check_type(lv_obj_get_parent(parent), &lv_tabview_class)) {
  78              		.loc 1 241 14 is_stmt 1 view .LVU17
  79              		.loc 1 241 35 is_stmt 0 view .LVU18
  80 002a 3046     		mov	r0, r6
  81 002c FFF7FEFF 		bl	lv_obj_get_parent
  82              	.LVL7:
  83              		.loc 1 241 17 discriminator 1 view .LVU19
  84 0030 B249     		ldr	r1, .L43+8
  85 0032 FFF7FEFF 		bl	lv_obj_check_type
  86              	.LVL8:
  87              		.loc 1 241 16 discriminator 2 view .LVU20
  88 0036 C0BB     		cbnz	r0, .L36
 242:Middlewares/LVGL/lvgl/src/themes/simple/lv_theme_simple.c ****             lv_obj_add_style(obj, &theme->styles.scr, 0);
 243:Middlewares/LVGL/lvgl/src/themes/simple/lv_theme_simple.c ****             lv_obj_add_style(obj, &theme->styles.scrollbar, LV_PART_SCROLLBAR);
 244:Middlewares/LVGL/lvgl/src/themes/simple/lv_theme_simple.c ****             return;
 245:Middlewares/LVGL/lvgl/src/themes/simple/lv_theme_simple.c ****         }
 246:Middlewares/LVGL/lvgl/src/themes/simple/lv_theme_simple.c **** #endif
 247:Middlewares/LVGL/lvgl/src/themes/simple/lv_theme_simple.c **** 
 248:Middlewares/LVGL/lvgl/src/themes/simple/lv_theme_simple.c **** #if LV_USE_WIN
 249:Middlewares/LVGL/lvgl/src/themes/simple/lv_theme_simple.c ****         /*Header*/
 250:Middlewares/LVGL/lvgl/src/themes/simple/lv_theme_simple.c ****         if(lv_obj_check_type(parent, &lv_win_class) && lv_obj_get_child(parent, 0) == obj) {
  89              		.loc 1 250 9 is_stmt 1 view .LVU21
  90              		.loc 1 250 12 is_stmt 0 view .LVU22
  91 0038 B149     		ldr	r1, .L43+12
  92 003a 3046     		mov	r0, r6
  93 003c FFF7FEFF 		bl	lv_obj_check_type
ARM GAS  C:\Users\w1785\AppData\Local\Temp\ccjJGjW6.s 			page 7


  94              	.LVL9:
  95              		.loc 1 250 11 discriminator 1 view .LVU23
  96 0040 28B1     		cbz	r0, .L7
  97              		.loc 1 250 56 discriminator 1 view .LVU24
  98 0042 0021     		movs	r1, #0
  99 0044 3046     		mov	r0, r6
 100 0046 FFF7FEFF 		bl	lv_obj_get_child
 101              	.LVL10:
 102              		.loc 1 250 53 discriminator 1 view .LVU25
 103 004a 8442     		cmp	r4, r0
 104 004c 3BD0     		beq	.L37
 105              	.L7:
 251:Middlewares/LVGL/lvgl/src/themes/simple/lv_theme_simple.c ****             lv_obj_add_style(obj, &theme->styles.light, 0);
 252:Middlewares/LVGL/lvgl/src/themes/simple/lv_theme_simple.c ****             return;
 253:Middlewares/LVGL/lvgl/src/themes/simple/lv_theme_simple.c ****         }
 254:Middlewares/LVGL/lvgl/src/themes/simple/lv_theme_simple.c ****         /*Content*/
 255:Middlewares/LVGL/lvgl/src/themes/simple/lv_theme_simple.c ****         else if(lv_obj_check_type(parent, &lv_win_class) && lv_obj_get_child(parent, 1) == obj) {
 106              		.loc 1 255 14 is_stmt 1 view .LVU26
 107              		.loc 1 255 17 is_stmt 0 view .LVU27
 108 004e AC49     		ldr	r1, .L43+12
 109 0050 3046     		mov	r0, r6
 110 0052 FFF7FEFF 		bl	lv_obj_check_type
 111              	.LVL11:
 112              		.loc 1 255 16 discriminator 1 view .LVU28
 113 0056 28B1     		cbz	r0, .L8
 114              		.loc 1 255 61 discriminator 1 view .LVU29
 115 0058 0121     		movs	r1, #1
 116 005a 3046     		mov	r0, r6
 117 005c FFF7FEFF 		bl	lv_obj_get_child
 118              	.LVL12:
 119              		.loc 1 255 58 discriminator 1 view .LVU30
 120 0060 8442     		cmp	r4, r0
 121 0062 37D0     		beq	.L38
 122              	.L8:
 256:Middlewares/LVGL/lvgl/src/themes/simple/lv_theme_simple.c ****             lv_obj_add_style(obj, &theme->styles.light, 0);
 257:Middlewares/LVGL/lvgl/src/themes/simple/lv_theme_simple.c ****             lv_obj_add_style(obj, &theme->styles.scrollbar, LV_PART_SCROLLBAR);
 258:Middlewares/LVGL/lvgl/src/themes/simple/lv_theme_simple.c ****             return;
 259:Middlewares/LVGL/lvgl/src/themes/simple/lv_theme_simple.c ****         }
 260:Middlewares/LVGL/lvgl/src/themes/simple/lv_theme_simple.c **** #endif
 261:Middlewares/LVGL/lvgl/src/themes/simple/lv_theme_simple.c ****         lv_obj_add_style(obj, &theme->styles.white, 0);
 123              		.loc 1 261 9 is_stmt 1 view .LVU31
 124 0064 0022     		movs	r2, #0
 125 0066 05F14001 		add	r1, r5, #64
 126 006a 2046     		mov	r0, r4
 127 006c FFF7FEFF 		bl	lv_obj_add_style
 128              	.LVL13:
 262:Middlewares/LVGL/lvgl/src/themes/simple/lv_theme_simple.c ****         lv_obj_add_style(obj, &theme->styles.scrollbar, LV_PART_SCROLLBAR);
 129              		.loc 1 262 9 view .LVU32
 130 0070 4FF48032 		mov	r2, #65536
 131 0074 05F17001 		add	r1, r5, #112
 132 0078 2046     		mov	r0, r4
 133 007a FFF7FEFF 		bl	lv_obj_add_style
 134              	.LVL14:
 135 007e 42E0     		b	.L1
 136              	.LVL15:
 137              	.L34:
 228:Middlewares/LVGL/lvgl/src/themes/simple/lv_theme_simple.c ****         lv_obj_add_style(obj, &theme->styles.scrollbar, LV_PART_SCROLLBAR);
ARM GAS  C:\Users\w1785\AppData\Local\Temp\ccjJGjW6.s 			page 8


 138              		.loc 1 228 9 view .LVU33
 139 0080 0022     		movs	r2, #0
 140 0082 05F12801 		add	r1, r5, #40
 141 0086 2046     		mov	r0, r4
 142              	.LVL16:
 228:Middlewares/LVGL/lvgl/src/themes/simple/lv_theme_simple.c ****         lv_obj_add_style(obj, &theme->styles.scrollbar, LV_PART_SCROLLBAR);
 143              		.loc 1 228 9 is_stmt 0 view .LVU34
 144 0088 FFF7FEFF 		bl	lv_obj_add_style
 145              	.LVL17:
 229:Middlewares/LVGL/lvgl/src/themes/simple/lv_theme_simple.c ****         return;
 146              		.loc 1 229 9 is_stmt 1 view .LVU35
 147 008c 4FF48032 		mov	r2, #65536
 148 0090 05F17001 		add	r1, r5, #112
 149 0094 2046     		mov	r0, r4
 150 0096 FFF7FEFF 		bl	lv_obj_add_style
 151              	.LVL18:
 230:Middlewares/LVGL/lvgl/src/themes/simple/lv_theme_simple.c ****     }
 152              		.loc 1 230 9 view .LVU36
 153 009a 34E0     		b	.L1
 154              	.LVL19:
 155              	.L35:
 237:Middlewares/LVGL/lvgl/src/themes/simple/lv_theme_simple.c ****             return;
 156              		.loc 1 237 13 view .LVU37
 157 009c 0022     		movs	r2, #0
 158 009e 05F12801 		add	r1, r5, #40
 159 00a2 2046     		mov	r0, r4
 160 00a4 FFF7FEFF 		bl	lv_obj_add_style
 161              	.LVL20:
 238:Middlewares/LVGL/lvgl/src/themes/simple/lv_theme_simple.c ****         }
 162              		.loc 1 238 13 view .LVU38
 163 00a8 2DE0     		b	.L1
 164              	.L36:
 242:Middlewares/LVGL/lvgl/src/themes/simple/lv_theme_simple.c ****             lv_obj_add_style(obj, &theme->styles.scrollbar, LV_PART_SCROLLBAR);
 165              		.loc 1 242 13 view .LVU39
 166 00aa 0022     		movs	r2, #0
 167 00ac 05F12801 		add	r1, r5, #40
 168 00b0 2046     		mov	r0, r4
 169 00b2 FFF7FEFF 		bl	lv_obj_add_style
 170              	.LVL21:
 243:Middlewares/LVGL/lvgl/src/themes/simple/lv_theme_simple.c ****             return;
 171              		.loc 1 243 13 view .LVU40
 172 00b6 4FF48032 		mov	r2, #65536
 173 00ba 05F17001 		add	r1, r5, #112
 174 00be 2046     		mov	r0, r4
 175 00c0 FFF7FEFF 		bl	lv_obj_add_style
 176              	.LVL22:
 244:Middlewares/LVGL/lvgl/src/themes/simple/lv_theme_simple.c ****         }
 177              		.loc 1 244 13 view .LVU41
 178 00c4 1FE0     		b	.L1
 179              	.L37:
 251:Middlewares/LVGL/lvgl/src/themes/simple/lv_theme_simple.c ****             return;
 180              		.loc 1 251 13 view .LVU42
 181 00c6 0022     		movs	r2, #0
 182 00c8 05F14C01 		add	r1, r5, #76
 183 00cc 2046     		mov	r0, r4
 184 00ce FFF7FEFF 		bl	lv_obj_add_style
 185              	.LVL23:
ARM GAS  C:\Users\w1785\AppData\Local\Temp\ccjJGjW6.s 			page 9


 252:Middlewares/LVGL/lvgl/src/themes/simple/lv_theme_simple.c ****         }
 186              		.loc 1 252 13 view .LVU43
 187 00d2 18E0     		b	.L1
 188              	.L38:
 256:Middlewares/LVGL/lvgl/src/themes/simple/lv_theme_simple.c ****             lv_obj_add_style(obj, &theme->styles.scrollbar, LV_PART_SCROLLBAR);
 189              		.loc 1 256 13 view .LVU44
 190 00d4 0022     		movs	r2, #0
 191 00d6 05F14C01 		add	r1, r5, #76
 192 00da 2046     		mov	r0, r4
 193 00dc FFF7FEFF 		bl	lv_obj_add_style
 194              	.LVL24:
 257:Middlewares/LVGL/lvgl/src/themes/simple/lv_theme_simple.c ****             return;
 195              		.loc 1 257 13 view .LVU45
 196 00e0 4FF48032 		mov	r2, #65536
 197 00e4 05F17001 		add	r1, r5, #112
 198 00e8 2046     		mov	r0, r4
 199 00ea FFF7FEFF 		bl	lv_obj_add_style
 200              	.LVL25:
 258:Middlewares/LVGL/lvgl/src/themes/simple/lv_theme_simple.c ****         }
 201              		.loc 1 258 13 view .LVU46
 202 00ee 0AE0     		b	.L1
 203              	.L4:
 263:Middlewares/LVGL/lvgl/src/themes/simple/lv_theme_simple.c ****     }
 264:Middlewares/LVGL/lvgl/src/themes/simple/lv_theme_simple.c **** #if LV_USE_BUTTON
 265:Middlewares/LVGL/lvgl/src/themes/simple/lv_theme_simple.c ****     else if(lv_obj_check_type(obj, &lv_button_class)) {
 204              		.loc 1 265 10 view .LVU47
 205              		.loc 1 265 13 is_stmt 0 view .LVU48
 206 00f0 8449     		ldr	r1, .L43+16
 207 00f2 2046     		mov	r0, r4
 208 00f4 FFF7FEFF 		bl	lv_obj_check_type
 209              	.LVL26:
 210              		.loc 1 265 12 discriminator 1 view .LVU49
 211 00f8 30B1     		cbz	r0, .L9
 266:Middlewares/LVGL/lvgl/src/themes/simple/lv_theme_simple.c ****         lv_obj_add_style(obj, &theme->styles.dark, 0);
 212              		.loc 1 266 9 is_stmt 1 view .LVU50
 213 00fa 0022     		movs	r2, #0
 214 00fc 05F15801 		add	r1, r5, #88
 215 0100 2046     		mov	r0, r4
 216 0102 FFF7FEFF 		bl	lv_obj_add_style
 217              	.LVL27:
 218              	.L1:
 267:Middlewares/LVGL/lvgl/src/themes/simple/lv_theme_simple.c ****     }
 268:Middlewares/LVGL/lvgl/src/themes/simple/lv_theme_simple.c **** #endif
 269:Middlewares/LVGL/lvgl/src/themes/simple/lv_theme_simple.c **** 
 270:Middlewares/LVGL/lvgl/src/themes/simple/lv_theme_simple.c **** #if LV_USE_BUTTONMATRIX
 271:Middlewares/LVGL/lvgl/src/themes/simple/lv_theme_simple.c ****     else if(lv_obj_check_type(obj, &lv_buttonmatrix_class)) {
 272:Middlewares/LVGL/lvgl/src/themes/simple/lv_theme_simple.c **** #if LV_USE_MSGBOX
 273:Middlewares/LVGL/lvgl/src/themes/simple/lv_theme_simple.c ****         if(lv_obj_check_type(parent, &lv_msgbox_class)) {
 274:Middlewares/LVGL/lvgl/src/themes/simple/lv_theme_simple.c ****             lv_obj_add_style(obj, &theme->styles.light, LV_PART_ITEMS);
 275:Middlewares/LVGL/lvgl/src/themes/simple/lv_theme_simple.c ****             return;
 276:Middlewares/LVGL/lvgl/src/themes/simple/lv_theme_simple.c ****         }
 277:Middlewares/LVGL/lvgl/src/themes/simple/lv_theme_simple.c **** #endif
 278:Middlewares/LVGL/lvgl/src/themes/simple/lv_theme_simple.c **** #if LV_USE_TABVIEW
 279:Middlewares/LVGL/lvgl/src/themes/simple/lv_theme_simple.c ****         if(lv_obj_check_type(parent, &lv_tabview_class)) {
 280:Middlewares/LVGL/lvgl/src/themes/simple/lv_theme_simple.c ****             lv_obj_add_style(obj, &theme->styles.light, LV_PART_ITEMS);
 281:Middlewares/LVGL/lvgl/src/themes/simple/lv_theme_simple.c ****             return;
 282:Middlewares/LVGL/lvgl/src/themes/simple/lv_theme_simple.c ****         }
ARM GAS  C:\Users\w1785\AppData\Local\Temp\ccjJGjW6.s 			page 10


 283:Middlewares/LVGL/lvgl/src/themes/simple/lv_theme_simple.c **** #endif
 284:Middlewares/LVGL/lvgl/src/themes/simple/lv_theme_simple.c ****         lv_obj_add_style(obj, &theme->styles.white, 0);
 285:Middlewares/LVGL/lvgl/src/themes/simple/lv_theme_simple.c ****         lv_obj_add_style(obj, &theme->styles.light, LV_PART_ITEMS);
 286:Middlewares/LVGL/lvgl/src/themes/simple/lv_theme_simple.c ****     }
 287:Middlewares/LVGL/lvgl/src/themes/simple/lv_theme_simple.c **** #endif
 288:Middlewares/LVGL/lvgl/src/themes/simple/lv_theme_simple.c **** 
 289:Middlewares/LVGL/lvgl/src/themes/simple/lv_theme_simple.c **** #if LV_USE_BAR
 290:Middlewares/LVGL/lvgl/src/themes/simple/lv_theme_simple.c ****     else if(lv_obj_check_type(obj, &lv_bar_class)) {
 291:Middlewares/LVGL/lvgl/src/themes/simple/lv_theme_simple.c ****         lv_obj_add_style(obj, &theme->styles.light, 0);
 292:Middlewares/LVGL/lvgl/src/themes/simple/lv_theme_simple.c ****         lv_obj_add_style(obj, &theme->styles.dark, LV_PART_INDICATOR);
 293:Middlewares/LVGL/lvgl/src/themes/simple/lv_theme_simple.c ****     }
 294:Middlewares/LVGL/lvgl/src/themes/simple/lv_theme_simple.c **** #endif
 295:Middlewares/LVGL/lvgl/src/themes/simple/lv_theme_simple.c **** 
 296:Middlewares/LVGL/lvgl/src/themes/simple/lv_theme_simple.c **** #if LV_USE_SLIDER
 297:Middlewares/LVGL/lvgl/src/themes/simple/lv_theme_simple.c ****     else if(lv_obj_check_type(obj, &lv_slider_class)) {
 298:Middlewares/LVGL/lvgl/src/themes/simple/lv_theme_simple.c ****         lv_obj_add_style(obj, &theme->styles.light, 0);
 299:Middlewares/LVGL/lvgl/src/themes/simple/lv_theme_simple.c ****         lv_obj_add_style(obj, &theme->styles.dark, LV_PART_INDICATOR);
 300:Middlewares/LVGL/lvgl/src/themes/simple/lv_theme_simple.c ****         lv_obj_add_style(obj, &theme->styles.dim, LV_PART_KNOB);
 301:Middlewares/LVGL/lvgl/src/themes/simple/lv_theme_simple.c ****     }
 302:Middlewares/LVGL/lvgl/src/themes/simple/lv_theme_simple.c **** #endif
 303:Middlewares/LVGL/lvgl/src/themes/simple/lv_theme_simple.c **** 
 304:Middlewares/LVGL/lvgl/src/themes/simple/lv_theme_simple.c **** #if LV_USE_TABLE
 305:Middlewares/LVGL/lvgl/src/themes/simple/lv_theme_simple.c ****     else if(lv_obj_check_type(obj, &lv_table_class)) {
 306:Middlewares/LVGL/lvgl/src/themes/simple/lv_theme_simple.c ****         lv_obj_add_style(obj, &theme->styles.scrollbar, LV_PART_SCROLLBAR);
 307:Middlewares/LVGL/lvgl/src/themes/simple/lv_theme_simple.c ****         lv_obj_add_style(obj, &theme->styles.light, LV_PART_ITEMS);
 308:Middlewares/LVGL/lvgl/src/themes/simple/lv_theme_simple.c ****     }
 309:Middlewares/LVGL/lvgl/src/themes/simple/lv_theme_simple.c **** #endif
 310:Middlewares/LVGL/lvgl/src/themes/simple/lv_theme_simple.c **** 
 311:Middlewares/LVGL/lvgl/src/themes/simple/lv_theme_simple.c **** #if LV_USE_CHECKBOX
 312:Middlewares/LVGL/lvgl/src/themes/simple/lv_theme_simple.c ****     else if(lv_obj_check_type(obj, &lv_checkbox_class)) {
 313:Middlewares/LVGL/lvgl/src/themes/simple/lv_theme_simple.c ****         lv_obj_add_style(obj, &theme->styles.light, LV_PART_INDICATOR);
 314:Middlewares/LVGL/lvgl/src/themes/simple/lv_theme_simple.c ****         lv_obj_add_style(obj, &theme->styles.dark, LV_PART_INDICATOR | LV_STATE_CHECKED);
 315:Middlewares/LVGL/lvgl/src/themes/simple/lv_theme_simple.c ****     }
 316:Middlewares/LVGL/lvgl/src/themes/simple/lv_theme_simple.c **** #endif
 317:Middlewares/LVGL/lvgl/src/themes/simple/lv_theme_simple.c **** 
 318:Middlewares/LVGL/lvgl/src/themes/simple/lv_theme_simple.c **** #if LV_USE_SWITCH
 319:Middlewares/LVGL/lvgl/src/themes/simple/lv_theme_simple.c ****     else if(lv_obj_check_type(obj, &lv_switch_class)) {
 320:Middlewares/LVGL/lvgl/src/themes/simple/lv_theme_simple.c ****         lv_obj_add_style(obj, &theme->styles.light, 0);
 321:Middlewares/LVGL/lvgl/src/themes/simple/lv_theme_simple.c ****         lv_obj_add_style(obj, &theme->styles.dim, LV_PART_KNOB);
 322:Middlewares/LVGL/lvgl/src/themes/simple/lv_theme_simple.c ****     }
 323:Middlewares/LVGL/lvgl/src/themes/simple/lv_theme_simple.c **** #endif
 324:Middlewares/LVGL/lvgl/src/themes/simple/lv_theme_simple.c **** 
 325:Middlewares/LVGL/lvgl/src/themes/simple/lv_theme_simple.c **** #if LV_USE_CHART
 326:Middlewares/LVGL/lvgl/src/themes/simple/lv_theme_simple.c ****     else if(lv_obj_check_type(obj, &lv_chart_class)) {
 327:Middlewares/LVGL/lvgl/src/themes/simple/lv_theme_simple.c ****         lv_obj_add_style(obj, &theme->styles.white, 0);
 328:Middlewares/LVGL/lvgl/src/themes/simple/lv_theme_simple.c ****         lv_obj_add_style(obj, &theme->styles.scrollbar, LV_PART_SCROLLBAR);
 329:Middlewares/LVGL/lvgl/src/themes/simple/lv_theme_simple.c ****         lv_obj_add_style(obj, &theme->styles.light, LV_PART_ITEMS);
 330:Middlewares/LVGL/lvgl/src/themes/simple/lv_theme_simple.c ****         lv_obj_add_style(obj, &theme->styles.dark, LV_PART_CURSOR);
 331:Middlewares/LVGL/lvgl/src/themes/simple/lv_theme_simple.c ****     }
 332:Middlewares/LVGL/lvgl/src/themes/simple/lv_theme_simple.c **** #endif
 333:Middlewares/LVGL/lvgl/src/themes/simple/lv_theme_simple.c **** 
 334:Middlewares/LVGL/lvgl/src/themes/simple/lv_theme_simple.c **** #if LV_USE_ROLLER
 335:Middlewares/LVGL/lvgl/src/themes/simple/lv_theme_simple.c ****     else if(lv_obj_check_type(obj, &lv_roller_class)) {
 336:Middlewares/LVGL/lvgl/src/themes/simple/lv_theme_simple.c ****         lv_obj_add_style(obj, &theme->styles.light, 0);
 337:Middlewares/LVGL/lvgl/src/themes/simple/lv_theme_simple.c ****         lv_obj_add_style(obj, &theme->styles.dark, LV_PART_SELECTED);
 338:Middlewares/LVGL/lvgl/src/themes/simple/lv_theme_simple.c ****     }
 339:Middlewares/LVGL/lvgl/src/themes/simple/lv_theme_simple.c **** #endif
ARM GAS  C:\Users\w1785\AppData\Local\Temp\ccjJGjW6.s 			page 11


 340:Middlewares/LVGL/lvgl/src/themes/simple/lv_theme_simple.c **** 
 341:Middlewares/LVGL/lvgl/src/themes/simple/lv_theme_simple.c **** #if LV_USE_DROPDOWN
 342:Middlewares/LVGL/lvgl/src/themes/simple/lv_theme_simple.c ****     else if(lv_obj_check_type(obj, &lv_dropdown_class)) {
 343:Middlewares/LVGL/lvgl/src/themes/simple/lv_theme_simple.c ****         lv_obj_add_style(obj, &theme->styles.white, 0);
 344:Middlewares/LVGL/lvgl/src/themes/simple/lv_theme_simple.c ****     }
 345:Middlewares/LVGL/lvgl/src/themes/simple/lv_theme_simple.c ****     else if(lv_obj_check_type(obj, &lv_dropdownlist_class)) {
 346:Middlewares/LVGL/lvgl/src/themes/simple/lv_theme_simple.c ****         lv_obj_add_style(obj, &theme->styles.white, 0);
 347:Middlewares/LVGL/lvgl/src/themes/simple/lv_theme_simple.c ****         lv_obj_add_style(obj, &theme->styles.scrollbar, LV_PART_SCROLLBAR);
 348:Middlewares/LVGL/lvgl/src/themes/simple/lv_theme_simple.c ****         lv_obj_add_style(obj, &theme->styles.light, LV_PART_SELECTED);
 349:Middlewares/LVGL/lvgl/src/themes/simple/lv_theme_simple.c ****         lv_obj_add_style(obj, &theme->styles.dark, LV_PART_SELECTED | LV_STATE_CHECKED);
 350:Middlewares/LVGL/lvgl/src/themes/simple/lv_theme_simple.c ****     }
 351:Middlewares/LVGL/lvgl/src/themes/simple/lv_theme_simple.c **** #endif
 352:Middlewares/LVGL/lvgl/src/themes/simple/lv_theme_simple.c **** 
 353:Middlewares/LVGL/lvgl/src/themes/simple/lv_theme_simple.c **** #if LV_USE_ARC
 354:Middlewares/LVGL/lvgl/src/themes/simple/lv_theme_simple.c ****     else if(lv_obj_check_type(obj, &lv_arc_class)) {
 355:Middlewares/LVGL/lvgl/src/themes/simple/lv_theme_simple.c ****         lv_obj_add_style(obj, &theme->styles.light, 0);
 356:Middlewares/LVGL/lvgl/src/themes/simple/lv_theme_simple.c ****         lv_obj_add_style(obj, &theme->styles.transp, 0);
 357:Middlewares/LVGL/lvgl/src/themes/simple/lv_theme_simple.c ****         lv_obj_add_style(obj, &theme->styles.arc_line, 0);
 358:Middlewares/LVGL/lvgl/src/themes/simple/lv_theme_simple.c ****         lv_obj_add_style(obj, &theme->styles.dark, LV_PART_INDICATOR);
 359:Middlewares/LVGL/lvgl/src/themes/simple/lv_theme_simple.c ****         lv_obj_add_style(obj, &theme->styles.arc_line, LV_PART_INDICATOR);
 360:Middlewares/LVGL/lvgl/src/themes/simple/lv_theme_simple.c ****         lv_obj_add_style(obj, &theme->styles.dim, LV_PART_KNOB);
 361:Middlewares/LVGL/lvgl/src/themes/simple/lv_theme_simple.c ****         lv_obj_add_style(obj, &theme->styles.arc_knob, LV_PART_KNOB);
 362:Middlewares/LVGL/lvgl/src/themes/simple/lv_theme_simple.c ****     }
 363:Middlewares/LVGL/lvgl/src/themes/simple/lv_theme_simple.c **** #endif
 364:Middlewares/LVGL/lvgl/src/themes/simple/lv_theme_simple.c **** 
 365:Middlewares/LVGL/lvgl/src/themes/simple/lv_theme_simple.c **** #if LV_USE_SPINNER
 366:Middlewares/LVGL/lvgl/src/themes/simple/lv_theme_simple.c ****     else if(lv_obj_check_type(obj, &lv_spinner_class)) {
 367:Middlewares/LVGL/lvgl/src/themes/simple/lv_theme_simple.c ****         lv_obj_add_style(obj, &theme->styles.light, 0);
 368:Middlewares/LVGL/lvgl/src/themes/simple/lv_theme_simple.c ****         lv_obj_add_style(obj, &theme->styles.transp, 0);
 369:Middlewares/LVGL/lvgl/src/themes/simple/lv_theme_simple.c ****         lv_obj_add_style(obj, &theme->styles.arc_line, 0);
 370:Middlewares/LVGL/lvgl/src/themes/simple/lv_theme_simple.c ****         lv_obj_add_style(obj, &theme->styles.dark, LV_PART_INDICATOR);
 371:Middlewares/LVGL/lvgl/src/themes/simple/lv_theme_simple.c ****         lv_obj_add_style(obj, &theme->styles.arc_line, LV_PART_INDICATOR);
 372:Middlewares/LVGL/lvgl/src/themes/simple/lv_theme_simple.c ****     }
 373:Middlewares/LVGL/lvgl/src/themes/simple/lv_theme_simple.c **** #endif
 374:Middlewares/LVGL/lvgl/src/themes/simple/lv_theme_simple.c **** 
 375:Middlewares/LVGL/lvgl/src/themes/simple/lv_theme_simple.c **** #if LV_USE_TEXTAREA
 376:Middlewares/LVGL/lvgl/src/themes/simple/lv_theme_simple.c ****     else if(lv_obj_check_type(obj, &lv_textarea_class)) {
 377:Middlewares/LVGL/lvgl/src/themes/simple/lv_theme_simple.c ****         lv_obj_add_style(obj, &theme->styles.white, 0);
 378:Middlewares/LVGL/lvgl/src/themes/simple/lv_theme_simple.c ****         lv_obj_add_style(obj, &theme->styles.scrollbar, LV_PART_SCROLLBAR);
 379:Middlewares/LVGL/lvgl/src/themes/simple/lv_theme_simple.c ****         lv_obj_add_style(obj, &theme->styles.ta_cursor, LV_PART_CURSOR | LV_STATE_FOCUSED);
 380:Middlewares/LVGL/lvgl/src/themes/simple/lv_theme_simple.c ****     }
 381:Middlewares/LVGL/lvgl/src/themes/simple/lv_theme_simple.c **** #endif
 382:Middlewares/LVGL/lvgl/src/themes/simple/lv_theme_simple.c **** 
 383:Middlewares/LVGL/lvgl/src/themes/simple/lv_theme_simple.c **** #if LV_USE_CALENDAR
 384:Middlewares/LVGL/lvgl/src/themes/simple/lv_theme_simple.c ****     else if(lv_obj_check_type(obj, &lv_calendar_class)) {
 385:Middlewares/LVGL/lvgl/src/themes/simple/lv_theme_simple.c ****         lv_obj_add_style(obj, &theme->styles.light, 0);
 386:Middlewares/LVGL/lvgl/src/themes/simple/lv_theme_simple.c ****     }
 387:Middlewares/LVGL/lvgl/src/themes/simple/lv_theme_simple.c **** #endif
 388:Middlewares/LVGL/lvgl/src/themes/simple/lv_theme_simple.c **** 
 389:Middlewares/LVGL/lvgl/src/themes/simple/lv_theme_simple.c **** #if LV_USE_KEYBOARD
 390:Middlewares/LVGL/lvgl/src/themes/simple/lv_theme_simple.c ****     else if(lv_obj_check_type(obj, &lv_keyboard_class)) {
 391:Middlewares/LVGL/lvgl/src/themes/simple/lv_theme_simple.c ****         lv_obj_add_style(obj, &theme->styles.scr, 0);
 392:Middlewares/LVGL/lvgl/src/themes/simple/lv_theme_simple.c ****         lv_obj_add_style(obj, &theme->styles.white, LV_PART_ITEMS);
 393:Middlewares/LVGL/lvgl/src/themes/simple/lv_theme_simple.c ****         lv_obj_add_style(obj, &theme->styles.light, LV_PART_ITEMS | LV_STATE_CHECKED);
 394:Middlewares/LVGL/lvgl/src/themes/simple/lv_theme_simple.c ****     }
 395:Middlewares/LVGL/lvgl/src/themes/simple/lv_theme_simple.c **** #endif
 396:Middlewares/LVGL/lvgl/src/themes/simple/lv_theme_simple.c **** 
ARM GAS  C:\Users\w1785\AppData\Local\Temp\ccjJGjW6.s 			page 12


 397:Middlewares/LVGL/lvgl/src/themes/simple/lv_theme_simple.c **** #if LV_USE_LIST
 398:Middlewares/LVGL/lvgl/src/themes/simple/lv_theme_simple.c ****     else if(lv_obj_check_type(obj, &lv_list_class)) {
 399:Middlewares/LVGL/lvgl/src/themes/simple/lv_theme_simple.c ****         lv_obj_add_style(obj, &theme->styles.light, 0);
 400:Middlewares/LVGL/lvgl/src/themes/simple/lv_theme_simple.c ****         lv_obj_add_style(obj, &theme->styles.scrollbar, LV_PART_SCROLLBAR);
 401:Middlewares/LVGL/lvgl/src/themes/simple/lv_theme_simple.c ****         return;
 402:Middlewares/LVGL/lvgl/src/themes/simple/lv_theme_simple.c ****     }
 403:Middlewares/LVGL/lvgl/src/themes/simple/lv_theme_simple.c ****     else if(lv_obj_check_type(obj, &lv_list_text_class)) {
 404:Middlewares/LVGL/lvgl/src/themes/simple/lv_theme_simple.c **** 
 405:Middlewares/LVGL/lvgl/src/themes/simple/lv_theme_simple.c ****     }
 406:Middlewares/LVGL/lvgl/src/themes/simple/lv_theme_simple.c ****     else if(lv_obj_check_type(obj, &lv_list_button_class)) {
 407:Middlewares/LVGL/lvgl/src/themes/simple/lv_theme_simple.c ****         lv_obj_add_style(obj, &theme->styles.dark, 0);
 408:Middlewares/LVGL/lvgl/src/themes/simple/lv_theme_simple.c ****     }
 409:Middlewares/LVGL/lvgl/src/themes/simple/lv_theme_simple.c **** #endif
 410:Middlewares/LVGL/lvgl/src/themes/simple/lv_theme_simple.c **** #if LV_USE_MSGBOX
 411:Middlewares/LVGL/lvgl/src/themes/simple/lv_theme_simple.c ****     else if(lv_obj_check_type(obj, &lv_msgbox_class)) {
 412:Middlewares/LVGL/lvgl/src/themes/simple/lv_theme_simple.c ****         lv_obj_add_style(obj, &theme->styles.light, 0);
 413:Middlewares/LVGL/lvgl/src/themes/simple/lv_theme_simple.c ****         return;
 414:Middlewares/LVGL/lvgl/src/themes/simple/lv_theme_simple.c ****     }
 415:Middlewares/LVGL/lvgl/src/themes/simple/lv_theme_simple.c **** #endif
 416:Middlewares/LVGL/lvgl/src/themes/simple/lv_theme_simple.c **** 
 417:Middlewares/LVGL/lvgl/src/themes/simple/lv_theme_simple.c **** #if LV_USE_SPINBOX
 418:Middlewares/LVGL/lvgl/src/themes/simple/lv_theme_simple.c ****     else if(lv_obj_check_type(obj, &lv_spinbox_class)) {
 419:Middlewares/LVGL/lvgl/src/themes/simple/lv_theme_simple.c ****         lv_obj_add_style(obj, &theme->styles.light, 0);
 420:Middlewares/LVGL/lvgl/src/themes/simple/lv_theme_simple.c ****         lv_obj_add_style(obj, &theme->styles.dark, LV_PART_CURSOR);
 421:Middlewares/LVGL/lvgl/src/themes/simple/lv_theme_simple.c ****     }
 422:Middlewares/LVGL/lvgl/src/themes/simple/lv_theme_simple.c **** #endif
 423:Middlewares/LVGL/lvgl/src/themes/simple/lv_theme_simple.c **** #if LV_USE_TILEVIEW
 424:Middlewares/LVGL/lvgl/src/themes/simple/lv_theme_simple.c ****     else if(lv_obj_check_type(obj, &lv_tileview_class)) {
 425:Middlewares/LVGL/lvgl/src/themes/simple/lv_theme_simple.c ****         lv_obj_add_style(obj, &theme->styles.scr, 0);
 426:Middlewares/LVGL/lvgl/src/themes/simple/lv_theme_simple.c ****         lv_obj_add_style(obj, &theme->styles.scrollbar, LV_PART_SCROLLBAR);
 427:Middlewares/LVGL/lvgl/src/themes/simple/lv_theme_simple.c ****     }
 428:Middlewares/LVGL/lvgl/src/themes/simple/lv_theme_simple.c ****     else if(lv_obj_check_type(obj, &lv_tileview_tile_class)) {
 429:Middlewares/LVGL/lvgl/src/themes/simple/lv_theme_simple.c ****         lv_obj_add_style(obj, &theme->styles.scrollbar, LV_PART_SCROLLBAR);
 430:Middlewares/LVGL/lvgl/src/themes/simple/lv_theme_simple.c ****     }
 431:Middlewares/LVGL/lvgl/src/themes/simple/lv_theme_simple.c **** #endif
 432:Middlewares/LVGL/lvgl/src/themes/simple/lv_theme_simple.c **** 
 433:Middlewares/LVGL/lvgl/src/themes/simple/lv_theme_simple.c **** #if LV_USE_LED
 434:Middlewares/LVGL/lvgl/src/themes/simple/lv_theme_simple.c ****     else if(lv_obj_check_type(obj, &lv_led_class)) {
 435:Middlewares/LVGL/lvgl/src/themes/simple/lv_theme_simple.c ****         lv_obj_add_style(obj, &theme->styles.light, 0);
 436:Middlewares/LVGL/lvgl/src/themes/simple/lv_theme_simple.c ****     }
 437:Middlewares/LVGL/lvgl/src/themes/simple/lv_theme_simple.c **** #endif
 438:Middlewares/LVGL/lvgl/src/themes/simple/lv_theme_simple.c **** }
 219              		.loc 1 438 1 is_stmt 0 view .LVU51
 220 0106 70BD     		pop	{r4, r5, r6, pc}
 221              	.LVL28:
 222              	.L9:
 271:Middlewares/LVGL/lvgl/src/themes/simple/lv_theme_simple.c **** #if LV_USE_MSGBOX
 223              		.loc 1 271 10 is_stmt 1 view .LVU52
 271:Middlewares/LVGL/lvgl/src/themes/simple/lv_theme_simple.c **** #if LV_USE_MSGBOX
 224              		.loc 1 271 13 is_stmt 0 view .LVU53
 225 0108 7F49     		ldr	r1, .L43+20
 226 010a 2046     		mov	r0, r4
 227 010c FFF7FEFF 		bl	lv_obj_check_type
 228              	.LVL29:
 271:Middlewares/LVGL/lvgl/src/themes/simple/lv_theme_simple.c **** #if LV_USE_MSGBOX
 229              		.loc 1 271 12 discriminator 1 view .LVU54
 230 0110 38B3     		cbz	r0, .L10
ARM GAS  C:\Users\w1785\AppData\Local\Temp\ccjJGjW6.s 			page 13


 273:Middlewares/LVGL/lvgl/src/themes/simple/lv_theme_simple.c ****             lv_obj_add_style(obj, &theme->styles.light, LV_PART_ITEMS);
 231              		.loc 1 273 9 is_stmt 1 view .LVU55
 273:Middlewares/LVGL/lvgl/src/themes/simple/lv_theme_simple.c ****             lv_obj_add_style(obj, &theme->styles.light, LV_PART_ITEMS);
 232              		.loc 1 273 12 is_stmt 0 view .LVU56
 233 0112 7E49     		ldr	r1, .L43+24
 234 0114 3046     		mov	r0, r6
 235 0116 FFF7FEFF 		bl	lv_obj_check_type
 236              	.LVL30:
 273:Middlewares/LVGL/lvgl/src/themes/simple/lv_theme_simple.c ****             lv_obj_add_style(obj, &theme->styles.light, LV_PART_ITEMS);
 237              		.loc 1 273 11 discriminator 1 view .LVU57
 238 011a 90B9     		cbnz	r0, .L39
 279:Middlewares/LVGL/lvgl/src/themes/simple/lv_theme_simple.c ****             lv_obj_add_style(obj, &theme->styles.light, LV_PART_ITEMS);
 239              		.loc 1 279 9 is_stmt 1 view .LVU58
 279:Middlewares/LVGL/lvgl/src/themes/simple/lv_theme_simple.c ****             lv_obj_add_style(obj, &theme->styles.light, LV_PART_ITEMS);
 240              		.loc 1 279 12 is_stmt 0 view .LVU59
 241 011c 7749     		ldr	r1, .L43+8
 242 011e 3046     		mov	r0, r6
 243 0120 FFF7FEFF 		bl	lv_obj_check_type
 244              	.LVL31:
 279:Middlewares/LVGL/lvgl/src/themes/simple/lv_theme_simple.c ****             lv_obj_add_style(obj, &theme->styles.light, LV_PART_ITEMS);
 245              		.loc 1 279 11 discriminator 1 view .LVU60
 246 0124 A8B9     		cbnz	r0, .L40
 284:Middlewares/LVGL/lvgl/src/themes/simple/lv_theme_simple.c ****         lv_obj_add_style(obj, &theme->styles.light, LV_PART_ITEMS);
 247              		.loc 1 284 9 is_stmt 1 view .LVU61
 248 0126 0022     		movs	r2, #0
 249 0128 05F14001 		add	r1, r5, #64
 250 012c 2046     		mov	r0, r4
 251 012e FFF7FEFF 		bl	lv_obj_add_style
 252              	.LVL32:
 285:Middlewares/LVGL/lvgl/src/themes/simple/lv_theme_simple.c ****     }
 253              		.loc 1 285 9 view .LVU62
 254 0132 4FF4A022 		mov	r2, #327680
 255 0136 05F14C01 		add	r1, r5, #76
 256 013a 2046     		mov	r0, r4
 257 013c FFF7FEFF 		bl	lv_obj_add_style
 258              	.LVL33:
 259 0140 E1E7     		b	.L1
 260              	.L39:
 274:Middlewares/LVGL/lvgl/src/themes/simple/lv_theme_simple.c ****             return;
 261              		.loc 1 274 13 view .LVU63
 262 0142 4FF4A022 		mov	r2, #327680
 263 0146 05F14C01 		add	r1, r5, #76
 264 014a 2046     		mov	r0, r4
 265 014c FFF7FEFF 		bl	lv_obj_add_style
 266              	.LVL34:
 275:Middlewares/LVGL/lvgl/src/themes/simple/lv_theme_simple.c ****         }
 267              		.loc 1 275 13 view .LVU64
 268 0150 D9E7     		b	.L1
 269              	.L40:
 280:Middlewares/LVGL/lvgl/src/themes/simple/lv_theme_simple.c ****             return;
 270              		.loc 1 280 13 view .LVU65
 271 0152 4FF4A022 		mov	r2, #327680
 272 0156 05F14C01 		add	r1, r5, #76
 273 015a 2046     		mov	r0, r4
 274 015c FFF7FEFF 		bl	lv_obj_add_style
 275              	.LVL35:
 281:Middlewares/LVGL/lvgl/src/themes/simple/lv_theme_simple.c ****         }
ARM GAS  C:\Users\w1785\AppData\Local\Temp\ccjJGjW6.s 			page 14


 276              		.loc 1 281 13 view .LVU66
 277 0160 D1E7     		b	.L1
 278              	.L10:
 290:Middlewares/LVGL/lvgl/src/themes/simple/lv_theme_simple.c ****         lv_obj_add_style(obj, &theme->styles.light, 0);
 279              		.loc 1 290 10 view .LVU67
 290:Middlewares/LVGL/lvgl/src/themes/simple/lv_theme_simple.c ****         lv_obj_add_style(obj, &theme->styles.light, 0);
 280              		.loc 1 290 13 is_stmt 0 view .LVU68
 281 0162 6B49     		ldr	r1, .L43+28
 282 0164 2046     		mov	r0, r4
 283 0166 FFF7FEFF 		bl	lv_obj_check_type
 284              	.LVL36:
 290:Middlewares/LVGL/lvgl/src/themes/simple/lv_theme_simple.c ****         lv_obj_add_style(obj, &theme->styles.light, 0);
 285              		.loc 1 290 12 discriminator 1 view .LVU69
 286 016a 68B1     		cbz	r0, .L13
 291:Middlewares/LVGL/lvgl/src/themes/simple/lv_theme_simple.c ****         lv_obj_add_style(obj, &theme->styles.dark, LV_PART_INDICATOR);
 287              		.loc 1 291 9 is_stmt 1 view .LVU70
 288 016c 0022     		movs	r2, #0
 289 016e 05F14C01 		add	r1, r5, #76
 290 0172 2046     		mov	r0, r4
 291 0174 FFF7FEFF 		bl	lv_obj_add_style
 292              	.LVL37:
 292:Middlewares/LVGL/lvgl/src/themes/simple/lv_theme_simple.c ****     }
 293              		.loc 1 292 9 view .LVU71
 294 0178 4FF40032 		mov	r2, #131072
 295 017c 05F15801 		add	r1, r5, #88
 296 0180 2046     		mov	r0, r4
 297 0182 FFF7FEFF 		bl	lv_obj_add_style
 298              	.LVL38:
 299 0186 BEE7     		b	.L1
 300              	.L13:
 297:Middlewares/LVGL/lvgl/src/themes/simple/lv_theme_simple.c ****         lv_obj_add_style(obj, &theme->styles.light, 0);
 301              		.loc 1 297 10 view .LVU72
 297:Middlewares/LVGL/lvgl/src/themes/simple/lv_theme_simple.c ****         lv_obj_add_style(obj, &theme->styles.light, 0);
 302              		.loc 1 297 13 is_stmt 0 view .LVU73
 303 0188 6249     		ldr	r1, .L43+32
 304 018a 2046     		mov	r0, r4
 305 018c FFF7FEFF 		bl	lv_obj_check_type
 306              	.LVL39:
 297:Middlewares/LVGL/lvgl/src/themes/simple/lv_theme_simple.c ****         lv_obj_add_style(obj, &theme->styles.light, 0);
 307              		.loc 1 297 12 discriminator 1 view .LVU74
 308 0190 A0B1     		cbz	r0, .L14
 298:Middlewares/LVGL/lvgl/src/themes/simple/lv_theme_simple.c ****         lv_obj_add_style(obj, &theme->styles.dark, LV_PART_INDICATOR);
 309              		.loc 1 298 9 is_stmt 1 view .LVU75
 310 0192 0022     		movs	r2, #0
 311 0194 05F14C01 		add	r1, r5, #76
 312 0198 2046     		mov	r0, r4
 313 019a FFF7FEFF 		bl	lv_obj_add_style
 314              	.LVL40:
 299:Middlewares/LVGL/lvgl/src/themes/simple/lv_theme_simple.c ****         lv_obj_add_style(obj, &theme->styles.dim, LV_PART_KNOB);
 315              		.loc 1 299 9 view .LVU76
 316 019e 4FF40032 		mov	r2, #131072
 317 01a2 05F15801 		add	r1, r5, #88
 318 01a6 2046     		mov	r0, r4
 319 01a8 FFF7FEFF 		bl	lv_obj_add_style
 320              	.LVL41:
 300:Middlewares/LVGL/lvgl/src/themes/simple/lv_theme_simple.c ****     }
 321              		.loc 1 300 9 view .LVU77
ARM GAS  C:\Users\w1785\AppData\Local\Temp\ccjJGjW6.s 			page 15


 322 01ac 4FF44032 		mov	r2, #196608
 323 01b0 05F16401 		add	r1, r5, #100
 324 01b4 2046     		mov	r0, r4
 325 01b6 FFF7FEFF 		bl	lv_obj_add_style
 326              	.LVL42:
 327 01ba A4E7     		b	.L1
 328              	.L14:
 305:Middlewares/LVGL/lvgl/src/themes/simple/lv_theme_simple.c ****         lv_obj_add_style(obj, &theme->styles.scrollbar, LV_PART_SCROLLBAR);
 329              		.loc 1 305 10 view .LVU78
 305:Middlewares/LVGL/lvgl/src/themes/simple/lv_theme_simple.c ****         lv_obj_add_style(obj, &theme->styles.scrollbar, LV_PART_SCROLLBAR);
 330              		.loc 1 305 13 is_stmt 0 view .LVU79
 331 01bc 5649     		ldr	r1, .L43+36
 332 01be 2046     		mov	r0, r4
 333 01c0 FFF7FEFF 		bl	lv_obj_check_type
 334              	.LVL43:
 305:Middlewares/LVGL/lvgl/src/themes/simple/lv_theme_simple.c ****         lv_obj_add_style(obj, &theme->styles.scrollbar, LV_PART_SCROLLBAR);
 335              		.loc 1 305 12 discriminator 1 view .LVU80
 336 01c4 70B1     		cbz	r0, .L15
 306:Middlewares/LVGL/lvgl/src/themes/simple/lv_theme_simple.c ****         lv_obj_add_style(obj, &theme->styles.light, LV_PART_ITEMS);
 337              		.loc 1 306 9 is_stmt 1 view .LVU81
 338 01c6 4FF48032 		mov	r2, #65536
 339 01ca 05F17001 		add	r1, r5, #112
 340 01ce 2046     		mov	r0, r4
 341 01d0 FFF7FEFF 		bl	lv_obj_add_style
 342              	.LVL44:
 307:Middlewares/LVGL/lvgl/src/themes/simple/lv_theme_simple.c ****     }
 343              		.loc 1 307 9 view .LVU82
 344 01d4 4FF4A022 		mov	r2, #327680
 345 01d8 05F14C01 		add	r1, r5, #76
 346 01dc 2046     		mov	r0, r4
 347 01de FFF7FEFF 		bl	lv_obj_add_style
 348              	.LVL45:
 349 01e2 90E7     		b	.L1
 350              	.L15:
 312:Middlewares/LVGL/lvgl/src/themes/simple/lv_theme_simple.c ****         lv_obj_add_style(obj, &theme->styles.light, LV_PART_INDICATOR);
 351              		.loc 1 312 10 view .LVU83
 312:Middlewares/LVGL/lvgl/src/themes/simple/lv_theme_simple.c ****         lv_obj_add_style(obj, &theme->styles.light, LV_PART_INDICATOR);
 352              		.loc 1 312 13 is_stmt 0 view .LVU84
 353 01e4 4D49     		ldr	r1, .L43+40
 354 01e6 2046     		mov	r0, r4
 355 01e8 FFF7FEFF 		bl	lv_obj_check_type
 356              	.LVL46:
 312:Middlewares/LVGL/lvgl/src/themes/simple/lv_theme_simple.c ****         lv_obj_add_style(obj, &theme->styles.light, LV_PART_INDICATOR);
 357              		.loc 1 312 12 discriminator 1 view .LVU85
 358 01ec 68B1     		cbz	r0, .L16
 313:Middlewares/LVGL/lvgl/src/themes/simple/lv_theme_simple.c ****         lv_obj_add_style(obj, &theme->styles.dark, LV_PART_INDICATOR | LV_STATE_CHECKED);
 359              		.loc 1 313 9 is_stmt 1 view .LVU86
 360 01ee 4FF40032 		mov	r2, #131072
 361 01f2 05F14C01 		add	r1, r5, #76
 362 01f6 2046     		mov	r0, r4
 363 01f8 FFF7FEFF 		bl	lv_obj_add_style
 364              	.LVL47:
 314:Middlewares/LVGL/lvgl/src/themes/simple/lv_theme_simple.c ****     }
 365              		.loc 1 314 9 view .LVU87
 366 01fc 484A     		ldr	r2, .L43+44
 367 01fe 05F15801 		add	r1, r5, #88
 368 0202 2046     		mov	r0, r4
ARM GAS  C:\Users\w1785\AppData\Local\Temp\ccjJGjW6.s 			page 16


 369 0204 FFF7FEFF 		bl	lv_obj_add_style
 370              	.LVL48:
 371 0208 7DE7     		b	.L1
 372              	.L16:
 319:Middlewares/LVGL/lvgl/src/themes/simple/lv_theme_simple.c ****         lv_obj_add_style(obj, &theme->styles.light, 0);
 373              		.loc 1 319 10 view .LVU88
 319:Middlewares/LVGL/lvgl/src/themes/simple/lv_theme_simple.c ****         lv_obj_add_style(obj, &theme->styles.light, 0);
 374              		.loc 1 319 13 is_stmt 0 view .LVU89
 375 020a 4649     		ldr	r1, .L43+48
 376 020c 2046     		mov	r0, r4
 377 020e FFF7FEFF 		bl	lv_obj_check_type
 378              	.LVL49:
 319:Middlewares/LVGL/lvgl/src/themes/simple/lv_theme_simple.c ****         lv_obj_add_style(obj, &theme->styles.light, 0);
 379              		.loc 1 319 12 discriminator 1 view .LVU90
 380 0212 68B1     		cbz	r0, .L17
 320:Middlewares/LVGL/lvgl/src/themes/simple/lv_theme_simple.c ****         lv_obj_add_style(obj, &theme->styles.dim, LV_PART_KNOB);
 381              		.loc 1 320 9 is_stmt 1 view .LVU91
 382 0214 0022     		movs	r2, #0
 383 0216 05F14C01 		add	r1, r5, #76
 384 021a 2046     		mov	r0, r4
 385 021c FFF7FEFF 		bl	lv_obj_add_style
 386              	.LVL50:
 321:Middlewares/LVGL/lvgl/src/themes/simple/lv_theme_simple.c ****     }
 387              		.loc 1 321 9 view .LVU92
 388 0220 4FF44032 		mov	r2, #196608
 389 0224 05F16401 		add	r1, r5, #100
 390 0228 2046     		mov	r0, r4
 391 022a FFF7FEFF 		bl	lv_obj_add_style
 392              	.LVL51:
 393 022e 6AE7     		b	.L1
 394              	.L17:
 326:Middlewares/LVGL/lvgl/src/themes/simple/lv_theme_simple.c ****         lv_obj_add_style(obj, &theme->styles.white, 0);
 395              		.loc 1 326 10 view .LVU93
 326:Middlewares/LVGL/lvgl/src/themes/simple/lv_theme_simple.c ****         lv_obj_add_style(obj, &theme->styles.white, 0);
 396              		.loc 1 326 13 is_stmt 0 view .LVU94
 397 0230 3D49     		ldr	r1, .L43+52
 398 0232 2046     		mov	r0, r4
 399 0234 FFF7FEFF 		bl	lv_obj_check_type
 400              	.LVL52:
 326:Middlewares/LVGL/lvgl/src/themes/simple/lv_theme_simple.c ****         lv_obj_add_style(obj, &theme->styles.white, 0);
 401              		.loc 1 326 12 discriminator 1 view .LVU95
 402 0238 D8B1     		cbz	r0, .L18
 327:Middlewares/LVGL/lvgl/src/themes/simple/lv_theme_simple.c ****         lv_obj_add_style(obj, &theme->styles.scrollbar, LV_PART_SCROLLBAR);
 403              		.loc 1 327 9 is_stmt 1 view .LVU96
 404 023a 0022     		movs	r2, #0
 405 023c 05F14001 		add	r1, r5, #64
 406 0240 2046     		mov	r0, r4
 407 0242 FFF7FEFF 		bl	lv_obj_add_style
 408              	.LVL53:
 328:Middlewares/LVGL/lvgl/src/themes/simple/lv_theme_simple.c ****         lv_obj_add_style(obj, &theme->styles.light, LV_PART_ITEMS);
 409              		.loc 1 328 9 view .LVU97
 410 0246 4FF48032 		mov	r2, #65536
 411 024a 05F17001 		add	r1, r5, #112
 412 024e 2046     		mov	r0, r4
 413 0250 FFF7FEFF 		bl	lv_obj_add_style
 414              	.LVL54:
 329:Middlewares/LVGL/lvgl/src/themes/simple/lv_theme_simple.c ****         lv_obj_add_style(obj, &theme->styles.dark, LV_PART_CURSOR);
ARM GAS  C:\Users\w1785\AppData\Local\Temp\ccjJGjW6.s 			page 17


 415              		.loc 1 329 9 view .LVU98
 416 0254 4FF4A022 		mov	r2, #327680
 417 0258 05F14C01 		add	r1, r5, #76
 418 025c 2046     		mov	r0, r4
 419 025e FFF7FEFF 		bl	lv_obj_add_style
 420              	.LVL55:
 330:Middlewares/LVGL/lvgl/src/themes/simple/lv_theme_simple.c ****     }
 421              		.loc 1 330 9 view .LVU99
 422 0262 4FF4C022 		mov	r2, #393216
 423 0266 05F15801 		add	r1, r5, #88
 424 026a 2046     		mov	r0, r4
 425 026c FFF7FEFF 		bl	lv_obj_add_style
 426              	.LVL56:
 427 0270 49E7     		b	.L1
 428              	.L18:
 335:Middlewares/LVGL/lvgl/src/themes/simple/lv_theme_simple.c ****         lv_obj_add_style(obj, &theme->styles.light, 0);
 429              		.loc 1 335 10 view .LVU100
 335:Middlewares/LVGL/lvgl/src/themes/simple/lv_theme_simple.c ****         lv_obj_add_style(obj, &theme->styles.light, 0);
 430              		.loc 1 335 13 is_stmt 0 view .LVU101
 431 0272 2E49     		ldr	r1, .L43+56
 432 0274 2046     		mov	r0, r4
 433 0276 FFF7FEFF 		bl	lv_obj_check_type
 434              	.LVL57:
 335:Middlewares/LVGL/lvgl/src/themes/simple/lv_theme_simple.c ****         lv_obj_add_style(obj, &theme->styles.light, 0);
 435              		.loc 1 335 12 discriminator 1 view .LVU102
 436 027a 68B1     		cbz	r0, .L19
 336:Middlewares/LVGL/lvgl/src/themes/simple/lv_theme_simple.c ****         lv_obj_add_style(obj, &theme->styles.dark, LV_PART_SELECTED);
 437              		.loc 1 336 9 is_stmt 1 view .LVU103
 438 027c 0022     		movs	r2, #0
 439 027e 05F14C01 		add	r1, r5, #76
 440 0282 2046     		mov	r0, r4
 441 0284 FFF7FEFF 		bl	lv_obj_add_style
 442              	.LVL58:
 337:Middlewares/LVGL/lvgl/src/themes/simple/lv_theme_simple.c ****     }
 443              		.loc 1 337 9 view .LVU104
 444 0288 4FF48022 		mov	r2, #262144
 445 028c 05F15801 		add	r1, r5, #88
 446 0290 2046     		mov	r0, r4
 447 0292 FFF7FEFF 		bl	lv_obj_add_style
 448              	.LVL59:
 449 0296 36E7     		b	.L1
 450              	.L19:
 342:Middlewares/LVGL/lvgl/src/themes/simple/lv_theme_simple.c ****         lv_obj_add_style(obj, &theme->styles.white, 0);
 451              		.loc 1 342 10 view .LVU105
 342:Middlewares/LVGL/lvgl/src/themes/simple/lv_theme_simple.c ****         lv_obj_add_style(obj, &theme->styles.white, 0);
 452              		.loc 1 342 13 is_stmt 0 view .LVU106
 453 0298 2549     		ldr	r1, .L43+60
 454 029a 2046     		mov	r0, r4
 455 029c FFF7FEFF 		bl	lv_obj_check_type
 456              	.LVL60:
 342:Middlewares/LVGL/lvgl/src/themes/simple/lv_theme_simple.c ****         lv_obj_add_style(obj, &theme->styles.white, 0);
 457              		.loc 1 342 12 discriminator 1 view .LVU107
 458 02a0 30B1     		cbz	r0, .L20
 343:Middlewares/LVGL/lvgl/src/themes/simple/lv_theme_simple.c ****     }
 459              		.loc 1 343 9 is_stmt 1 view .LVU108
 460 02a2 0022     		movs	r2, #0
 461 02a4 05F14001 		add	r1, r5, #64
ARM GAS  C:\Users\w1785\AppData\Local\Temp\ccjJGjW6.s 			page 18


 462 02a8 2046     		mov	r0, r4
 463 02aa FFF7FEFF 		bl	lv_obj_add_style
 464              	.LVL61:
 465 02ae 2AE7     		b	.L1
 466              	.L20:
 345:Middlewares/LVGL/lvgl/src/themes/simple/lv_theme_simple.c ****         lv_obj_add_style(obj, &theme->styles.white, 0);
 467              		.loc 1 345 10 view .LVU109
 345:Middlewares/LVGL/lvgl/src/themes/simple/lv_theme_simple.c ****         lv_obj_add_style(obj, &theme->styles.white, 0);
 468              		.loc 1 345 13 is_stmt 0 view .LVU110
 469 02b0 2049     		ldr	r1, .L43+64
 470 02b2 2046     		mov	r0, r4
 471 02b4 FFF7FEFF 		bl	lv_obj_check_type
 472              	.LVL62:
 345:Middlewares/LVGL/lvgl/src/themes/simple/lv_theme_simple.c ****         lv_obj_add_style(obj, &theme->styles.white, 0);
 473              		.loc 1 345 12 discriminator 1 view .LVU111
 474 02b8 0028     		cmp	r0, #0
 475 02ba 3DD0     		beq	.L21
 346:Middlewares/LVGL/lvgl/src/themes/simple/lv_theme_simple.c ****         lv_obj_add_style(obj, &theme->styles.scrollbar, LV_PART_SCROLLBAR);
 476              		.loc 1 346 9 is_stmt 1 view .LVU112
 477 02bc 0022     		movs	r2, #0
 478 02be 05F14001 		add	r1, r5, #64
 479 02c2 2046     		mov	r0, r4
 480 02c4 FFF7FEFF 		bl	lv_obj_add_style
 481              	.LVL63:
 347:Middlewares/LVGL/lvgl/src/themes/simple/lv_theme_simple.c ****         lv_obj_add_style(obj, &theme->styles.light, LV_PART_SELECTED);
 482              		.loc 1 347 9 view .LVU113
 483 02c8 4FF48032 		mov	r2, #65536
 484 02cc 05F17001 		add	r1, r5, #112
 485 02d0 2046     		mov	r0, r4
 486 02d2 FFF7FEFF 		bl	lv_obj_add_style
 487              	.LVL64:
 348:Middlewares/LVGL/lvgl/src/themes/simple/lv_theme_simple.c ****         lv_obj_add_style(obj, &theme->styles.dark, LV_PART_SELECTED | LV_STATE_CHECKED);
 488              		.loc 1 348 9 view .LVU114
 489 02d6 4FF48022 		mov	r2, #262144
 490 02da 05F14C01 		add	r1, r5, #76
 491 02de 2046     		mov	r0, r4
 492 02e0 FFF7FEFF 		bl	lv_obj_add_style
 493              	.LVL65:
 349:Middlewares/LVGL/lvgl/src/themes/simple/lv_theme_simple.c ****     }
 494              		.loc 1 349 9 view .LVU115
 495 02e4 4FF00412 		mov	r2, #262148
 496 02e8 05F15801 		add	r1, r5, #88
 497 02ec 2046     		mov	r0, r4
 498 02ee FFF7FEFF 		bl	lv_obj_add_style
 499              	.LVL66:
 500 02f2 08E7     		b	.L1
 501              	.L44:
 502              		.align	2
 503              	.L43:
 504 02f4 00000000 		.word	lv_global
 505 02f8 00000000 		.word	lv_obj_class
 506 02fc 00000000 		.word	lv_tabview_class
 507 0300 00000000 		.word	lv_win_class
 508 0304 00000000 		.word	lv_button_class
 509 0308 00000000 		.word	lv_buttonmatrix_class
 510 030c 00000000 		.word	lv_msgbox_class
 511 0310 00000000 		.word	lv_bar_class
ARM GAS  C:\Users\w1785\AppData\Local\Temp\ccjJGjW6.s 			page 19


 512 0314 00000000 		.word	lv_slider_class
 513 0318 00000000 		.word	lv_table_class
 514 031c 00000000 		.word	lv_checkbox_class
 515 0320 04000200 		.word	131076
 516 0324 00000000 		.word	lv_switch_class
 517 0328 00000000 		.word	lv_chart_class
 518 032c 00000000 		.word	lv_roller_class
 519 0330 00000000 		.word	lv_dropdown_class
 520 0334 00000000 		.word	lv_dropdownlist_class
 521              	.L21:
 354:Middlewares/LVGL/lvgl/src/themes/simple/lv_theme_simple.c ****         lv_obj_add_style(obj, &theme->styles.light, 0);
 522              		.loc 1 354 10 view .LVU116
 354:Middlewares/LVGL/lvgl/src/themes/simple/lv_theme_simple.c ****         lv_obj_add_style(obj, &theme->styles.light, 0);
 523              		.loc 1 354 13 is_stmt 0 view .LVU117
 524 0338 8549     		ldr	r1, .L45
 525 033a 2046     		mov	r0, r4
 526 033c FFF7FEFF 		bl	lv_obj_check_type
 527              	.LVL67:
 354:Middlewares/LVGL/lvgl/src/themes/simple/lv_theme_simple.c ****         lv_obj_add_style(obj, &theme->styles.light, 0);
 528              		.loc 1 354 12 discriminator 1 view .LVU118
 529 0340 70B3     		cbz	r0, .L22
 355:Middlewares/LVGL/lvgl/src/themes/simple/lv_theme_simple.c ****         lv_obj_add_style(obj, &theme->styles.transp, 0);
 530              		.loc 1 355 9 is_stmt 1 view .LVU119
 531 0342 0022     		movs	r2, #0
 532 0344 05F14C01 		add	r1, r5, #76
 533 0348 2046     		mov	r0, r4
 534 034a FFF7FEFF 		bl	lv_obj_add_style
 535              	.LVL68:
 356:Middlewares/LVGL/lvgl/src/themes/simple/lv_theme_simple.c ****         lv_obj_add_style(obj, &theme->styles.arc_line, 0);
 536              		.loc 1 356 9 view .LVU120
 537 034e 0022     		movs	r2, #0
 538 0350 05F13401 		add	r1, r5, #52
 539 0354 2046     		mov	r0, r4
 540 0356 FFF7FEFF 		bl	lv_obj_add_style
 541              	.LVL69:
 357:Middlewares/LVGL/lvgl/src/themes/simple/lv_theme_simple.c ****         lv_obj_add_style(obj, &theme->styles.dark, LV_PART_INDICATOR);
 542              		.loc 1 357 9 view .LVU121
 357:Middlewares/LVGL/lvgl/src/themes/simple/lv_theme_simple.c ****         lv_obj_add_style(obj, &theme->styles.dark, LV_PART_INDICATOR);
 543              		.loc 1 357 31 is_stmt 0 view .LVU122
 544 035a 05F17C06 		add	r6, r5, #124
 545              	.LVL70:
 357:Middlewares/LVGL/lvgl/src/themes/simple/lv_theme_simple.c ****         lv_obj_add_style(obj, &theme->styles.dark, LV_PART_INDICATOR);
 546              		.loc 1 357 9 view .LVU123
 547 035e 0022     		movs	r2, #0
 548 0360 3146     		mov	r1, r6
 549 0362 2046     		mov	r0, r4
 550 0364 FFF7FEFF 		bl	lv_obj_add_style
 551              	.LVL71:
 358:Middlewares/LVGL/lvgl/src/themes/simple/lv_theme_simple.c ****         lv_obj_add_style(obj, &theme->styles.arc_line, LV_PART_INDICATOR);
 552              		.loc 1 358 9 is_stmt 1 view .LVU124
 553 0368 4FF40032 		mov	r2, #131072
 554 036c 05F15801 		add	r1, r5, #88
 555 0370 2046     		mov	r0, r4
 556 0372 FFF7FEFF 		bl	lv_obj_add_style
 557              	.LVL72:
 359:Middlewares/LVGL/lvgl/src/themes/simple/lv_theme_simple.c ****         lv_obj_add_style(obj, &theme->styles.dim, LV_PART_KNOB);
 558              		.loc 1 359 9 view .LVU125
ARM GAS  C:\Users\w1785\AppData\Local\Temp\ccjJGjW6.s 			page 20


 559 0376 4FF40032 		mov	r2, #131072
 560 037a 3146     		mov	r1, r6
 561 037c 2046     		mov	r0, r4
 562 037e FFF7FEFF 		bl	lv_obj_add_style
 563              	.LVL73:
 360:Middlewares/LVGL/lvgl/src/themes/simple/lv_theme_simple.c ****         lv_obj_add_style(obj, &theme->styles.arc_knob, LV_PART_KNOB);
 564              		.loc 1 360 9 view .LVU126
 565 0382 4FF44032 		mov	r2, #196608
 566 0386 05F16401 		add	r1, r5, #100
 567 038a 2046     		mov	r0, r4
 568 038c FFF7FEFF 		bl	lv_obj_add_style
 569              	.LVL74:
 361:Middlewares/LVGL/lvgl/src/themes/simple/lv_theme_simple.c ****     }
 570              		.loc 1 361 9 view .LVU127
 571 0390 4FF44032 		mov	r2, #196608
 572 0394 05F18801 		add	r1, r5, #136
 573 0398 2046     		mov	r0, r4
 574 039a FFF7FEFF 		bl	lv_obj_add_style
 575              	.LVL75:
 576 039e B2E6     		b	.L1
 577              	.LVL76:
 578              	.L22:
 366:Middlewares/LVGL/lvgl/src/themes/simple/lv_theme_simple.c ****         lv_obj_add_style(obj, &theme->styles.light, 0);
 579              		.loc 1 366 10 view .LVU128
 366:Middlewares/LVGL/lvgl/src/themes/simple/lv_theme_simple.c ****         lv_obj_add_style(obj, &theme->styles.light, 0);
 580              		.loc 1 366 13 is_stmt 0 view .LVU129
 581 03a0 6C49     		ldr	r1, .L45+4
 582 03a2 2046     		mov	r0, r4
 583 03a4 FFF7FEFF 		bl	lv_obj_check_type
 584              	.LVL77:
 366:Middlewares/LVGL/lvgl/src/themes/simple/lv_theme_simple.c ****         lv_obj_add_style(obj, &theme->styles.light, 0);
 585              		.loc 1 366 12 discriminator 1 view .LVU130
 586 03a8 00B3     		cbz	r0, .L23
 367:Middlewares/LVGL/lvgl/src/themes/simple/lv_theme_simple.c ****         lv_obj_add_style(obj, &theme->styles.transp, 0);
 587              		.loc 1 367 9 is_stmt 1 view .LVU131
 588 03aa 0022     		movs	r2, #0
 589 03ac 05F14C01 		add	r1, r5, #76
 590 03b0 2046     		mov	r0, r4
 591 03b2 FFF7FEFF 		bl	lv_obj_add_style
 592              	.LVL78:
 368:Middlewares/LVGL/lvgl/src/themes/simple/lv_theme_simple.c ****         lv_obj_add_style(obj, &theme->styles.arc_line, 0);
 593              		.loc 1 368 9 view .LVU132
 594 03b6 0022     		movs	r2, #0
 595 03b8 05F13401 		add	r1, r5, #52
 596 03bc 2046     		mov	r0, r4
 597 03be FFF7FEFF 		bl	lv_obj_add_style
 598              	.LVL79:
 369:Middlewares/LVGL/lvgl/src/themes/simple/lv_theme_simple.c ****         lv_obj_add_style(obj, &theme->styles.dark, LV_PART_INDICATOR);
 599              		.loc 1 369 9 view .LVU133
 369:Middlewares/LVGL/lvgl/src/themes/simple/lv_theme_simple.c ****         lv_obj_add_style(obj, &theme->styles.dark, LV_PART_INDICATOR);
 600              		.loc 1 369 31 is_stmt 0 view .LVU134
 601 03c2 05F17C06 		add	r6, r5, #124
 602              	.LVL80:
 369:Middlewares/LVGL/lvgl/src/themes/simple/lv_theme_simple.c ****         lv_obj_add_style(obj, &theme->styles.dark, LV_PART_INDICATOR);
 603              		.loc 1 369 9 view .LVU135
 604 03c6 0022     		movs	r2, #0
 605 03c8 3146     		mov	r1, r6
ARM GAS  C:\Users\w1785\AppData\Local\Temp\ccjJGjW6.s 			page 21


 606 03ca 2046     		mov	r0, r4
 607 03cc FFF7FEFF 		bl	lv_obj_add_style
 608              	.LVL81:
 370:Middlewares/LVGL/lvgl/src/themes/simple/lv_theme_simple.c ****         lv_obj_add_style(obj, &theme->styles.arc_line, LV_PART_INDICATOR);
 609              		.loc 1 370 9 is_stmt 1 view .LVU136
 610 03d0 4FF40032 		mov	r2, #131072
 611 03d4 05F15801 		add	r1, r5, #88
 612 03d8 2046     		mov	r0, r4
 613 03da FFF7FEFF 		bl	lv_obj_add_style
 614              	.LVL82:
 371:Middlewares/LVGL/lvgl/src/themes/simple/lv_theme_simple.c ****     }
 615              		.loc 1 371 9 view .LVU137
 616 03de 4FF40032 		mov	r2, #131072
 617 03e2 3146     		mov	r1, r6
 618 03e4 2046     		mov	r0, r4
 619 03e6 FFF7FEFF 		bl	lv_obj_add_style
 620              	.LVL83:
 621 03ea 8CE6     		b	.L1
 622              	.LVL84:
 623              	.L23:
 376:Middlewares/LVGL/lvgl/src/themes/simple/lv_theme_simple.c ****         lv_obj_add_style(obj, &theme->styles.white, 0);
 624              		.loc 1 376 10 view .LVU138
 376:Middlewares/LVGL/lvgl/src/themes/simple/lv_theme_simple.c ****         lv_obj_add_style(obj, &theme->styles.white, 0);
 625              		.loc 1 376 13 is_stmt 0 view .LVU139
 626 03ec 5A49     		ldr	r1, .L45+8
 627 03ee 2046     		mov	r0, r4
 628 03f0 FFF7FEFF 		bl	lv_obj_check_type
 629              	.LVL85:
 376:Middlewares/LVGL/lvgl/src/themes/simple/lv_theme_simple.c ****         lv_obj_add_style(obj, &theme->styles.white, 0);
 630              		.loc 1 376 12 discriminator 1 view .LVU140
 631 03f4 98B1     		cbz	r0, .L24
 377:Middlewares/LVGL/lvgl/src/themes/simple/lv_theme_simple.c ****         lv_obj_add_style(obj, &theme->styles.scrollbar, LV_PART_SCROLLBAR);
 632              		.loc 1 377 9 is_stmt 1 view .LVU141
 633 03f6 0022     		movs	r2, #0
 634 03f8 05F14001 		add	r1, r5, #64
 635 03fc 2046     		mov	r0, r4
 636 03fe FFF7FEFF 		bl	lv_obj_add_style
 637              	.LVL86:
 378:Middlewares/LVGL/lvgl/src/themes/simple/lv_theme_simple.c ****         lv_obj_add_style(obj, &theme->styles.ta_cursor, LV_PART_CURSOR | LV_STATE_FOCUSED);
 638              		.loc 1 378 9 view .LVU142
 639 0402 4FF48032 		mov	r2, #65536
 640 0406 05F17001 		add	r1, r5, #112
 641 040a 2046     		mov	r0, r4
 642 040c FFF7FEFF 		bl	lv_obj_add_style
 643              	.LVL87:
 379:Middlewares/LVGL/lvgl/src/themes/simple/lv_theme_simple.c ****     }
 644              		.loc 1 379 9 view .LVU143
 645 0410 524A     		ldr	r2, .L45+12
 646 0412 05F19401 		add	r1, r5, #148
 647 0416 2046     		mov	r0, r4
 648 0418 FFF7FEFF 		bl	lv_obj_add_style
 649              	.LVL88:
 650 041c 73E6     		b	.L1
 651              	.L24:
 384:Middlewares/LVGL/lvgl/src/themes/simple/lv_theme_simple.c ****         lv_obj_add_style(obj, &theme->styles.light, 0);
 652              		.loc 1 384 10 view .LVU144
 384:Middlewares/LVGL/lvgl/src/themes/simple/lv_theme_simple.c ****         lv_obj_add_style(obj, &theme->styles.light, 0);
ARM GAS  C:\Users\w1785\AppData\Local\Temp\ccjJGjW6.s 			page 22


 653              		.loc 1 384 13 is_stmt 0 view .LVU145
 654 041e 5049     		ldr	r1, .L45+16
 655 0420 2046     		mov	r0, r4
 656 0422 FFF7FEFF 		bl	lv_obj_check_type
 657              	.LVL89:
 384:Middlewares/LVGL/lvgl/src/themes/simple/lv_theme_simple.c ****         lv_obj_add_style(obj, &theme->styles.light, 0);
 658              		.loc 1 384 12 discriminator 1 view .LVU146
 659 0426 30B1     		cbz	r0, .L25
 385:Middlewares/LVGL/lvgl/src/themes/simple/lv_theme_simple.c ****     }
 660              		.loc 1 385 9 is_stmt 1 view .LVU147
 661 0428 0022     		movs	r2, #0
 662 042a 05F14C01 		add	r1, r5, #76
 663 042e 2046     		mov	r0, r4
 664 0430 FFF7FEFF 		bl	lv_obj_add_style
 665              	.LVL90:
 666 0434 67E6     		b	.L1
 667              	.L25:
 390:Middlewares/LVGL/lvgl/src/themes/simple/lv_theme_simple.c ****         lv_obj_add_style(obj, &theme->styles.scr, 0);
 668              		.loc 1 390 10 view .LVU148
 390:Middlewares/LVGL/lvgl/src/themes/simple/lv_theme_simple.c ****         lv_obj_add_style(obj, &theme->styles.scr, 0);
 669              		.loc 1 390 13 is_stmt 0 view .LVU149
 670 0436 4B49     		ldr	r1, .L45+20
 671 0438 2046     		mov	r0, r4
 672 043a FFF7FEFF 		bl	lv_obj_check_type
 673              	.LVL91:
 390:Middlewares/LVGL/lvgl/src/themes/simple/lv_theme_simple.c ****         lv_obj_add_style(obj, &theme->styles.scr, 0);
 674              		.loc 1 390 12 discriminator 1 view .LVU150
 675 043e 98B1     		cbz	r0, .L26
 391:Middlewares/LVGL/lvgl/src/themes/simple/lv_theme_simple.c ****         lv_obj_add_style(obj, &theme->styles.white, LV_PART_ITEMS);
 676              		.loc 1 391 9 is_stmt 1 view .LVU151
 677 0440 0022     		movs	r2, #0
 678 0442 05F12801 		add	r1, r5, #40
 679 0446 2046     		mov	r0, r4
 680 0448 FFF7FEFF 		bl	lv_obj_add_style
 681              	.LVL92:
 392:Middlewares/LVGL/lvgl/src/themes/simple/lv_theme_simple.c ****         lv_obj_add_style(obj, &theme->styles.light, LV_PART_ITEMS | LV_STATE_CHECKED);
 682              		.loc 1 392 9 view .LVU152
 683 044c 4FF4A022 		mov	r2, #327680
 684 0450 05F14001 		add	r1, r5, #64
 685 0454 2046     		mov	r0, r4
 686 0456 FFF7FEFF 		bl	lv_obj_add_style
 687              	.LVL93:
 393:Middlewares/LVGL/lvgl/src/themes/simple/lv_theme_simple.c ****     }
 688              		.loc 1 393 9 view .LVU153
 689 045a 434A     		ldr	r2, .L45+24
 690 045c 05F14C01 		add	r1, r5, #76
 691 0460 2046     		mov	r0, r4
 692 0462 FFF7FEFF 		bl	lv_obj_add_style
 693              	.LVL94:
 694 0466 4EE6     		b	.L1
 695              	.L26:
 398:Middlewares/LVGL/lvgl/src/themes/simple/lv_theme_simple.c ****         lv_obj_add_style(obj, &theme->styles.light, 0);
 696              		.loc 1 398 10 view .LVU154
 398:Middlewares/LVGL/lvgl/src/themes/simple/lv_theme_simple.c ****         lv_obj_add_style(obj, &theme->styles.light, 0);
 697              		.loc 1 398 13 is_stmt 0 view .LVU155
 698 0468 4049     		ldr	r1, .L45+28
 699 046a 2046     		mov	r0, r4
ARM GAS  C:\Users\w1785\AppData\Local\Temp\ccjJGjW6.s 			page 23


 700 046c FFF7FEFF 		bl	lv_obj_check_type
 701              	.LVL95:
 398:Middlewares/LVGL/lvgl/src/themes/simple/lv_theme_simple.c ****         lv_obj_add_style(obj, &theme->styles.light, 0);
 702              		.loc 1 398 12 discriminator 1 view .LVU156
 703 0470 90B9     		cbnz	r0, .L41
 403:Middlewares/LVGL/lvgl/src/themes/simple/lv_theme_simple.c **** 
 704              		.loc 1 403 10 is_stmt 1 view .LVU157
 403:Middlewares/LVGL/lvgl/src/themes/simple/lv_theme_simple.c **** 
 705              		.loc 1 403 13 is_stmt 0 view .LVU158
 706 0472 3F49     		ldr	r1, .L45+32
 707 0474 2046     		mov	r0, r4
 708 0476 FFF7FEFF 		bl	lv_obj_check_type
 709              	.LVL96:
 403:Middlewares/LVGL/lvgl/src/themes/simple/lv_theme_simple.c **** 
 710              		.loc 1 403 12 discriminator 1 view .LVU159
 711 047a 0028     		cmp	r0, #0
 712 047c 7FF443AE 		bne	.L1
 406:Middlewares/LVGL/lvgl/src/themes/simple/lv_theme_simple.c ****         lv_obj_add_style(obj, &theme->styles.dark, 0);
 713              		.loc 1 406 10 is_stmt 1 view .LVU160
 406:Middlewares/LVGL/lvgl/src/themes/simple/lv_theme_simple.c ****         lv_obj_add_style(obj, &theme->styles.dark, 0);
 714              		.loc 1 406 13 is_stmt 0 view .LVU161
 715 0480 3C49     		ldr	r1, .L45+36
 716 0482 2046     		mov	r0, r4
 717 0484 FFF7FEFF 		bl	lv_obj_check_type
 718              	.LVL97:
 406:Middlewares/LVGL/lvgl/src/themes/simple/lv_theme_simple.c ****         lv_obj_add_style(obj, &theme->styles.dark, 0);
 719              		.loc 1 406 12 discriminator 1 view .LVU162
 720 0488 A0B1     		cbz	r0, .L28
 407:Middlewares/LVGL/lvgl/src/themes/simple/lv_theme_simple.c ****     }
 721              		.loc 1 407 9 is_stmt 1 view .LVU163
 722 048a 0022     		movs	r2, #0
 723 048c 05F15801 		add	r1, r5, #88
 724 0490 2046     		mov	r0, r4
 725 0492 FFF7FEFF 		bl	lv_obj_add_style
 726              	.LVL98:
 727 0496 36E6     		b	.L1
 728              	.L41:
 399:Middlewares/LVGL/lvgl/src/themes/simple/lv_theme_simple.c ****         lv_obj_add_style(obj, &theme->styles.scrollbar, LV_PART_SCROLLBAR);
 729              		.loc 1 399 9 view .LVU164
 730 0498 0022     		movs	r2, #0
 731 049a 05F14C01 		add	r1, r5, #76
 732 049e 2046     		mov	r0, r4
 733 04a0 FFF7FEFF 		bl	lv_obj_add_style
 734              	.LVL99:
 400:Middlewares/LVGL/lvgl/src/themes/simple/lv_theme_simple.c ****         return;
 735              		.loc 1 400 9 view .LVU165
 736 04a4 4FF48032 		mov	r2, #65536
 737 04a8 05F17001 		add	r1, r5, #112
 738 04ac 2046     		mov	r0, r4
 739 04ae FFF7FEFF 		bl	lv_obj_add_style
 740              	.LVL100:
 401:Middlewares/LVGL/lvgl/src/themes/simple/lv_theme_simple.c ****     }
 741              		.loc 1 401 9 view .LVU166
 742 04b2 28E6     		b	.L1
 743              	.L28:
 411:Middlewares/LVGL/lvgl/src/themes/simple/lv_theme_simple.c ****         lv_obj_add_style(obj, &theme->styles.light, 0);
 744              		.loc 1 411 10 view .LVU167
ARM GAS  C:\Users\w1785\AppData\Local\Temp\ccjJGjW6.s 			page 24


 411:Middlewares/LVGL/lvgl/src/themes/simple/lv_theme_simple.c ****         lv_obj_add_style(obj, &theme->styles.light, 0);
 745              		.loc 1 411 13 is_stmt 0 view .LVU168
 746 04b4 3049     		ldr	r1, .L45+40
 747 04b6 2046     		mov	r0, r4
 748 04b8 FFF7FEFF 		bl	lv_obj_check_type
 749              	.LVL101:
 411:Middlewares/LVGL/lvgl/src/themes/simple/lv_theme_simple.c ****         lv_obj_add_style(obj, &theme->styles.light, 0);
 750              		.loc 1 411 12 discriminator 1 view .LVU169
 751 04bc 90B9     		cbnz	r0, .L42
 418:Middlewares/LVGL/lvgl/src/themes/simple/lv_theme_simple.c ****         lv_obj_add_style(obj, &theme->styles.light, 0);
 752              		.loc 1 418 10 is_stmt 1 view .LVU170
 418:Middlewares/LVGL/lvgl/src/themes/simple/lv_theme_simple.c ****         lv_obj_add_style(obj, &theme->styles.light, 0);
 753              		.loc 1 418 13 is_stmt 0 view .LVU171
 754 04be 2F49     		ldr	r1, .L45+44
 755 04c0 2046     		mov	r0, r4
 756 04c2 FFF7FEFF 		bl	lv_obj_check_type
 757              	.LVL102:
 418:Middlewares/LVGL/lvgl/src/themes/simple/lv_theme_simple.c ****         lv_obj_add_style(obj, &theme->styles.light, 0);
 758              		.loc 1 418 12 discriminator 1 view .LVU172
 759 04c6 A0B1     		cbz	r0, .L30
 419:Middlewares/LVGL/lvgl/src/themes/simple/lv_theme_simple.c ****         lv_obj_add_style(obj, &theme->styles.dark, LV_PART_CURSOR);
 760              		.loc 1 419 9 is_stmt 1 view .LVU173
 761 04c8 0022     		movs	r2, #0
 762 04ca 05F14C01 		add	r1, r5, #76
 763 04ce 2046     		mov	r0, r4
 764 04d0 FFF7FEFF 		bl	lv_obj_add_style
 765              	.LVL103:
 420:Middlewares/LVGL/lvgl/src/themes/simple/lv_theme_simple.c ****     }
 766              		.loc 1 420 9 view .LVU174
 767 04d4 4FF4C022 		mov	r2, #393216
 768 04d8 05F15801 		add	r1, r5, #88
 769 04dc 2046     		mov	r0, r4
 770 04de FFF7FEFF 		bl	lv_obj_add_style
 771              	.LVL104:
 772 04e2 10E6     		b	.L1
 773              	.L42:
 412:Middlewares/LVGL/lvgl/src/themes/simple/lv_theme_simple.c ****         return;
 774              		.loc 1 412 9 view .LVU175
 775 04e4 0022     		movs	r2, #0
 776 04e6 05F14C01 		add	r1, r5, #76
 777 04ea 2046     		mov	r0, r4
 778 04ec FFF7FEFF 		bl	lv_obj_add_style
 779              	.LVL105:
 413:Middlewares/LVGL/lvgl/src/themes/simple/lv_theme_simple.c ****     }
 780              		.loc 1 413 9 view .LVU176
 781 04f0 09E6     		b	.L1
 782              	.L30:
 424:Middlewares/LVGL/lvgl/src/themes/simple/lv_theme_simple.c ****         lv_obj_add_style(obj, &theme->styles.scr, 0);
 783              		.loc 1 424 10 view .LVU177
 424:Middlewares/LVGL/lvgl/src/themes/simple/lv_theme_simple.c ****         lv_obj_add_style(obj, &theme->styles.scr, 0);
 784              		.loc 1 424 13 is_stmt 0 view .LVU178
 785 04f2 2349     		ldr	r1, .L45+48
 786 04f4 2046     		mov	r0, r4
 787 04f6 FFF7FEFF 		bl	lv_obj_check_type
 788              	.LVL106:
 424:Middlewares/LVGL/lvgl/src/themes/simple/lv_theme_simple.c ****         lv_obj_add_style(obj, &theme->styles.scr, 0);
 789              		.loc 1 424 12 discriminator 1 view .LVU179
ARM GAS  C:\Users\w1785\AppData\Local\Temp\ccjJGjW6.s 			page 25


 790 04fa 68B1     		cbz	r0, .L31
 425:Middlewares/LVGL/lvgl/src/themes/simple/lv_theme_simple.c ****         lv_obj_add_style(obj, &theme->styles.scrollbar, LV_PART_SCROLLBAR);
 791              		.loc 1 425 9 is_stmt 1 view .LVU180
 792 04fc 0022     		movs	r2, #0
 793 04fe 05F12801 		add	r1, r5, #40
 794 0502 2046     		mov	r0, r4
 795 0504 FFF7FEFF 		bl	lv_obj_add_style
 796              	.LVL107:
 426:Middlewares/LVGL/lvgl/src/themes/simple/lv_theme_simple.c ****     }
 797              		.loc 1 426 9 view .LVU181
 798 0508 4FF48032 		mov	r2, #65536
 799 050c 05F17001 		add	r1, r5, #112
 800 0510 2046     		mov	r0, r4
 801 0512 FFF7FEFF 		bl	lv_obj_add_style
 802              	.LVL108:
 803 0516 F6E5     		b	.L1
 804              	.L31:
 428:Middlewares/LVGL/lvgl/src/themes/simple/lv_theme_simple.c ****         lv_obj_add_style(obj, &theme->styles.scrollbar, LV_PART_SCROLLBAR);
 805              		.loc 1 428 10 view .LVU182
 428:Middlewares/LVGL/lvgl/src/themes/simple/lv_theme_simple.c ****         lv_obj_add_style(obj, &theme->styles.scrollbar, LV_PART_SCROLLBAR);
 806              		.loc 1 428 13 is_stmt 0 view .LVU183
 807 0518 1A49     		ldr	r1, .L45+52
 808 051a 2046     		mov	r0, r4
 809 051c FFF7FEFF 		bl	lv_obj_check_type
 810              	.LVL109:
 428:Middlewares/LVGL/lvgl/src/themes/simple/lv_theme_simple.c ****         lv_obj_add_style(obj, &theme->styles.scrollbar, LV_PART_SCROLLBAR);
 811              		.loc 1 428 12 discriminator 1 view .LVU184
 812 0520 38B1     		cbz	r0, .L32
 429:Middlewares/LVGL/lvgl/src/themes/simple/lv_theme_simple.c ****     }
 813              		.loc 1 429 9 is_stmt 1 view .LVU185
 814 0522 4FF48032 		mov	r2, #65536
 815 0526 05F17001 		add	r1, r5, #112
 816 052a 2046     		mov	r0, r4
 817 052c FFF7FEFF 		bl	lv_obj_add_style
 818              	.LVL110:
 819 0530 E9E5     		b	.L1
 820              	.L32:
 434:Middlewares/LVGL/lvgl/src/themes/simple/lv_theme_simple.c ****         lv_obj_add_style(obj, &theme->styles.light, 0);
 821              		.loc 1 434 10 view .LVU186
 434:Middlewares/LVGL/lvgl/src/themes/simple/lv_theme_simple.c ****         lv_obj_add_style(obj, &theme->styles.light, 0);
 822              		.loc 1 434 13 is_stmt 0 view .LVU187
 823 0532 1549     		ldr	r1, .L45+56
 824 0534 2046     		mov	r0, r4
 825 0536 FFF7FEFF 		bl	lv_obj_check_type
 826              	.LVL111:
 434:Middlewares/LVGL/lvgl/src/themes/simple/lv_theme_simple.c ****         lv_obj_add_style(obj, &theme->styles.light, 0);
 827              		.loc 1 434 12 discriminator 1 view .LVU188
 828 053a 0028     		cmp	r0, #0
 829 053c 3FF4E3AD 		beq	.L1
 435:Middlewares/LVGL/lvgl/src/themes/simple/lv_theme_simple.c ****     }
 830              		.loc 1 435 9 is_stmt 1 view .LVU189
 831 0540 0022     		movs	r2, #0
 832 0542 05F14C01 		add	r1, r5, #76
 833 0546 2046     		mov	r0, r4
 834 0548 FFF7FEFF 		bl	lv_obj_add_style
 835              	.LVL112:
 836 054c DBE5     		b	.L1
ARM GAS  C:\Users\w1785\AppData\Local\Temp\ccjJGjW6.s 			page 26


 837              	.L46:
 838 054e 00BF     		.align	2
 839              	.L45:
 840 0550 00000000 		.word	lv_arc_class
 841 0554 00000000 		.word	lv_spinner_class
 842 0558 00000000 		.word	lv_textarea_class
 843 055c 08000600 		.word	393224
 844 0560 00000000 		.word	lv_calendar_class
 845 0564 00000000 		.word	lv_keyboard_class
 846 0568 04000500 		.word	327684
 847 056c 00000000 		.word	lv_list_class
 848 0570 00000000 		.word	lv_list_text_class
 849 0574 00000000 		.word	lv_list_button_class
 850 0578 00000000 		.word	lv_msgbox_class
 851 057c 00000000 		.word	lv_spinbox_class
 852 0580 00000000 		.word	lv_tileview_class
 853 0584 00000000 		.word	lv_tileview_tile_class
 854 0588 00000000 		.word	lv_led_class
 855              		.cfi_endproc
 856              	.LFE214:
 858              		.section	.text.lv_style_set_pad_all,"ax",%progbits
 859              		.align	1
 860              		.syntax unified
 861              		.thumb
 862              		.thumb_func
 864              	lv_style_set_pad_all:
 865              	.LVL113:
 866              	.LFB15:
 867              		.file 2 "Middlewares/LVGL/lvgl/src/themes/simple/../../core/../misc/lv_style.h"
   1:Middlewares/LVGL/lvgl/src/themes/simple/../../core/../misc/lv_style.h **** /**
   2:Middlewares/LVGL/lvgl/src/themes/simple/../../core/../misc/lv_style.h ****  * @file lv_style.h
   3:Middlewares/LVGL/lvgl/src/themes/simple/../../core/../misc/lv_style.h ****  *
   4:Middlewares/LVGL/lvgl/src/themes/simple/../../core/../misc/lv_style.h ****  */
   5:Middlewares/LVGL/lvgl/src/themes/simple/../../core/../misc/lv_style.h **** 
   6:Middlewares/LVGL/lvgl/src/themes/simple/../../core/../misc/lv_style.h **** #ifndef LV_STYLE_H
   7:Middlewares/LVGL/lvgl/src/themes/simple/../../core/../misc/lv_style.h **** #define LV_STYLE_H
   8:Middlewares/LVGL/lvgl/src/themes/simple/../../core/../misc/lv_style.h **** 
   9:Middlewares/LVGL/lvgl/src/themes/simple/../../core/../misc/lv_style.h **** #ifdef __cplusplus
  10:Middlewares/LVGL/lvgl/src/themes/simple/../../core/../misc/lv_style.h **** extern "C" {
  11:Middlewares/LVGL/lvgl/src/themes/simple/../../core/../misc/lv_style.h **** #endif
  12:Middlewares/LVGL/lvgl/src/themes/simple/../../core/../misc/lv_style.h **** 
  13:Middlewares/LVGL/lvgl/src/themes/simple/../../core/../misc/lv_style.h **** /*********************
  14:Middlewares/LVGL/lvgl/src/themes/simple/../../core/../misc/lv_style.h ****  *      INCLUDES
  15:Middlewares/LVGL/lvgl/src/themes/simple/../../core/../misc/lv_style.h ****  *********************/
  16:Middlewares/LVGL/lvgl/src/themes/simple/../../core/../misc/lv_style.h **** #include "../font/lv_font.h"
  17:Middlewares/LVGL/lvgl/src/themes/simple/../../core/../misc/lv_style.h **** #include "lv_color.h"
  18:Middlewares/LVGL/lvgl/src/themes/simple/../../core/../misc/lv_style.h **** #include "lv_area.h"
  19:Middlewares/LVGL/lvgl/src/themes/simple/../../core/../misc/lv_style.h **** #include "lv_anim.h"
  20:Middlewares/LVGL/lvgl/src/themes/simple/../../core/../misc/lv_style.h **** #include "lv_text.h"
  21:Middlewares/LVGL/lvgl/src/themes/simple/../../core/../misc/lv_style.h **** #include "lv_types.h"
  22:Middlewares/LVGL/lvgl/src/themes/simple/../../core/../misc/lv_style.h **** #include "lv_assert.h"
  23:Middlewares/LVGL/lvgl/src/themes/simple/../../core/../misc/lv_style.h **** #include "lv_bidi.h"
  24:Middlewares/LVGL/lvgl/src/themes/simple/../../core/../misc/lv_style.h **** #include "lv_grad.h"
  25:Middlewares/LVGL/lvgl/src/themes/simple/../../core/../misc/lv_style.h **** #include "../layouts/lv_layout.h"
  26:Middlewares/LVGL/lvgl/src/themes/simple/../../core/../misc/lv_style.h **** 
  27:Middlewares/LVGL/lvgl/src/themes/simple/../../core/../misc/lv_style.h **** /*********************
  28:Middlewares/LVGL/lvgl/src/themes/simple/../../core/../misc/lv_style.h ****  *      DEFINES
ARM GAS  C:\Users\w1785\AppData\Local\Temp\ccjJGjW6.s 			page 27


  29:Middlewares/LVGL/lvgl/src/themes/simple/../../core/../misc/lv_style.h ****  *********************/
  30:Middlewares/LVGL/lvgl/src/themes/simple/../../core/../misc/lv_style.h **** 
  31:Middlewares/LVGL/lvgl/src/themes/simple/../../core/../misc/lv_style.h **** #define LV_STYLE_SENTINEL_VALUE     0xAABBCCDD
  32:Middlewares/LVGL/lvgl/src/themes/simple/../../core/../misc/lv_style.h **** 
  33:Middlewares/LVGL/lvgl/src/themes/simple/../../core/../misc/lv_style.h **** /*
  34:Middlewares/LVGL/lvgl/src/themes/simple/../../core/../misc/lv_style.h ****  * Flags for style behavior
  35:Middlewares/LVGL/lvgl/src/themes/simple/../../core/../misc/lv_style.h ****  */
  36:Middlewares/LVGL/lvgl/src/themes/simple/../../core/../misc/lv_style.h **** #define LV_STYLE_PROP_FLAG_NONE                     (0)       /**< No special behavior */
  37:Middlewares/LVGL/lvgl/src/themes/simple/../../core/../misc/lv_style.h **** #define LV_STYLE_PROP_FLAG_INHERITABLE              (1 << 0)  /**< Inherited */
  38:Middlewares/LVGL/lvgl/src/themes/simple/../../core/../misc/lv_style.h **** #define LV_STYLE_PROP_FLAG_EXT_DRAW_UPDATE          (1 << 1)  /**< Requires ext. draw size update w
  39:Middlewares/LVGL/lvgl/src/themes/simple/../../core/../misc/lv_style.h **** #define LV_STYLE_PROP_FLAG_LAYOUT_UPDATE            (1 << 2)  /**< Requires layout update when chan
  40:Middlewares/LVGL/lvgl/src/themes/simple/../../core/../misc/lv_style.h **** #define LV_STYLE_PROP_FLAG_PARENT_LAYOUT_UPDATE     (1 << 3)  /**< Requires layout update on parent
  41:Middlewares/LVGL/lvgl/src/themes/simple/../../core/../misc/lv_style.h **** #define LV_STYLE_PROP_FLAG_LAYER_UPDATE             (1 << 4)  /**< Affects layer handling */
  42:Middlewares/LVGL/lvgl/src/themes/simple/../../core/../misc/lv_style.h **** #define LV_STYLE_PROP_FLAG_TRANSFORM                (1 << 5)  /**< Affects the object's transformat
  43:Middlewares/LVGL/lvgl/src/themes/simple/../../core/../misc/lv_style.h **** #define LV_STYLE_PROP_FLAG_ALL                      (0x3F)    /**< Indicating all flags */
  44:Middlewares/LVGL/lvgl/src/themes/simple/../../core/../misc/lv_style.h **** 
  45:Middlewares/LVGL/lvgl/src/themes/simple/../../core/../misc/lv_style.h **** /*
  46:Middlewares/LVGL/lvgl/src/themes/simple/../../core/../misc/lv_style.h ****  * Other constants
  47:Middlewares/LVGL/lvgl/src/themes/simple/../../core/../misc/lv_style.h ****  */
  48:Middlewares/LVGL/lvgl/src/themes/simple/../../core/../misc/lv_style.h **** #define LV_SCALE_NONE            256        /**< Value for not zooming the image */
  49:Middlewares/LVGL/lvgl/src/themes/simple/../../core/../misc/lv_style.h **** LV_EXPORT_CONST_INT(LV_SCALE_NONE);
  50:Middlewares/LVGL/lvgl/src/themes/simple/../../core/../misc/lv_style.h **** 
  51:Middlewares/LVGL/lvgl/src/themes/simple/../../core/../misc/lv_style.h **** // *INDENT-OFF*
  52:Middlewares/LVGL/lvgl/src/themes/simple/../../core/../misc/lv_style.h **** #if LV_USE_ASSERT_STYLE
  53:Middlewares/LVGL/lvgl/src/themes/simple/../../core/../misc/lv_style.h **** #define LV_STYLE_CONST_INIT(var_name, prop_array)                       \
  54:Middlewares/LVGL/lvgl/src/themes/simple/../../core/../misc/lv_style.h ****     const lv_style_t var_name = {                                       \
  55:Middlewares/LVGL/lvgl/src/themes/simple/../../core/../misc/lv_style.h ****         .sentinel = LV_STYLE_SENTINEL_VALUE,                            \
  56:Middlewares/LVGL/lvgl/src/themes/simple/../../core/../misc/lv_style.h ****         .values_and_props = (void*)prop_array,                          \
  57:Middlewares/LVGL/lvgl/src/themes/simple/../../core/../misc/lv_style.h ****         .has_group = 0xFFFFFFFF,                                        \
  58:Middlewares/LVGL/lvgl/src/themes/simple/../../core/../misc/lv_style.h ****         .prop_cnt = 255                                                 \
  59:Middlewares/LVGL/lvgl/src/themes/simple/../../core/../misc/lv_style.h ****     }
  60:Middlewares/LVGL/lvgl/src/themes/simple/../../core/../misc/lv_style.h **** #else
  61:Middlewares/LVGL/lvgl/src/themes/simple/../../core/../misc/lv_style.h **** #define LV_STYLE_CONST_INIT(var_name, prop_array)                       \
  62:Middlewares/LVGL/lvgl/src/themes/simple/../../core/../misc/lv_style.h ****     const lv_style_t var_name = {                                       \
  63:Middlewares/LVGL/lvgl/src/themes/simple/../../core/../misc/lv_style.h ****         .values_and_props = (void*)prop_array,                          \
  64:Middlewares/LVGL/lvgl/src/themes/simple/../../core/../misc/lv_style.h ****         .has_group = 0xFFFFFFFF,                                        \
  65:Middlewares/LVGL/lvgl/src/themes/simple/../../core/../misc/lv_style.h ****         .prop_cnt = 255,                                                \
  66:Middlewares/LVGL/lvgl/src/themes/simple/../../core/../misc/lv_style.h ****     }
  67:Middlewares/LVGL/lvgl/src/themes/simple/../../core/../misc/lv_style.h **** #endif
  68:Middlewares/LVGL/lvgl/src/themes/simple/../../core/../misc/lv_style.h **** // *INDENT-ON*
  69:Middlewares/LVGL/lvgl/src/themes/simple/../../core/../misc/lv_style.h **** 
  70:Middlewares/LVGL/lvgl/src/themes/simple/../../core/../misc/lv_style.h **** #define LV_STYLE_CONST_PROPS_END { .prop = LV_STYLE_PROP_INV, .value = { .num = 0 } }
  71:Middlewares/LVGL/lvgl/src/themes/simple/../../core/../misc/lv_style.h **** 
  72:Middlewares/LVGL/lvgl/src/themes/simple/../../core/../misc/lv_style.h **** #if LV_GRADIENT_MAX_STOPS < 2
  73:Middlewares/LVGL/lvgl/src/themes/simple/../../core/../misc/lv_style.h **** #error LVGL needs at least 2 stops for gradients. Please increase the LV_GRADIENT_MAX_STOPS
  74:Middlewares/LVGL/lvgl/src/themes/simple/../../core/../misc/lv_style.h **** #endif
  75:Middlewares/LVGL/lvgl/src/themes/simple/../../core/../misc/lv_style.h **** 
  76:Middlewares/LVGL/lvgl/src/themes/simple/../../core/../misc/lv_style.h **** #define LV_GRAD_LEFT    LV_PCT(0)
  77:Middlewares/LVGL/lvgl/src/themes/simple/../../core/../misc/lv_style.h **** #define LV_GRAD_RIGHT   LV_PCT(100)
  78:Middlewares/LVGL/lvgl/src/themes/simple/../../core/../misc/lv_style.h **** #define LV_GRAD_TOP     LV_PCT(0)
  79:Middlewares/LVGL/lvgl/src/themes/simple/../../core/../misc/lv_style.h **** #define LV_GRAD_BOTTOM  LV_PCT(100)
  80:Middlewares/LVGL/lvgl/src/themes/simple/../../core/../misc/lv_style.h **** #define LV_GRAD_CENTER  LV_PCT(50)
  81:Middlewares/LVGL/lvgl/src/themes/simple/../../core/../misc/lv_style.h **** 
  82:Middlewares/LVGL/lvgl/src/themes/simple/../../core/../misc/lv_style.h **** /**********************
  83:Middlewares/LVGL/lvgl/src/themes/simple/../../core/../misc/lv_style.h ****  *      TYPEDEFS
  84:Middlewares/LVGL/lvgl/src/themes/simple/../../core/../misc/lv_style.h ****  **********************/
  85:Middlewares/LVGL/lvgl/src/themes/simple/../../core/../misc/lv_style.h **** 
ARM GAS  C:\Users\w1785\AppData\Local\Temp\ccjJGjW6.s 			page 28


  86:Middlewares/LVGL/lvgl/src/themes/simple/../../core/../misc/lv_style.h **** /**
  87:Middlewares/LVGL/lvgl/src/themes/simple/../../core/../misc/lv_style.h ****  * Possible options for blending opaque drawings
  88:Middlewares/LVGL/lvgl/src/themes/simple/../../core/../misc/lv_style.h ****  */
  89:Middlewares/LVGL/lvgl/src/themes/simple/../../core/../misc/lv_style.h **** typedef enum {
  90:Middlewares/LVGL/lvgl/src/themes/simple/../../core/../misc/lv_style.h ****     LV_BLEND_MODE_NORMAL,     /**< Simply mix according to the opacity value*/
  91:Middlewares/LVGL/lvgl/src/themes/simple/../../core/../misc/lv_style.h ****     LV_BLEND_MODE_ADDITIVE,   /**< Add the respective color channels*/
  92:Middlewares/LVGL/lvgl/src/themes/simple/../../core/../misc/lv_style.h ****     LV_BLEND_MODE_SUBTRACTIVE,/**< Subtract the foreground from the background*/
  93:Middlewares/LVGL/lvgl/src/themes/simple/../../core/../misc/lv_style.h ****     LV_BLEND_MODE_MULTIPLY,   /**< Multiply the foreground and background*/
  94:Middlewares/LVGL/lvgl/src/themes/simple/../../core/../misc/lv_style.h ****     LV_BLEND_MODE_DIFFERENCE, /**< Absolute difference between foreground and background*/
  95:Middlewares/LVGL/lvgl/src/themes/simple/../../core/../misc/lv_style.h **** } lv_blend_mode_t;
  96:Middlewares/LVGL/lvgl/src/themes/simple/../../core/../misc/lv_style.h **** 
  97:Middlewares/LVGL/lvgl/src/themes/simple/../../core/../misc/lv_style.h **** /**
  98:Middlewares/LVGL/lvgl/src/themes/simple/../../core/../misc/lv_style.h ****  * Some options to apply decorations on texts.
  99:Middlewares/LVGL/lvgl/src/themes/simple/../../core/../misc/lv_style.h ****  * 'OR'ed values can be used.
 100:Middlewares/LVGL/lvgl/src/themes/simple/../../core/../misc/lv_style.h ****  */
 101:Middlewares/LVGL/lvgl/src/themes/simple/../../core/../misc/lv_style.h **** typedef enum {
 102:Middlewares/LVGL/lvgl/src/themes/simple/../../core/../misc/lv_style.h ****     LV_TEXT_DECOR_NONE          = 0x00,
 103:Middlewares/LVGL/lvgl/src/themes/simple/../../core/../misc/lv_style.h ****     LV_TEXT_DECOR_UNDERLINE     = 0x01,
 104:Middlewares/LVGL/lvgl/src/themes/simple/../../core/../misc/lv_style.h ****     LV_TEXT_DECOR_STRIKETHROUGH = 0x02,
 105:Middlewares/LVGL/lvgl/src/themes/simple/../../core/../misc/lv_style.h **** } lv_text_decor_t;
 106:Middlewares/LVGL/lvgl/src/themes/simple/../../core/../misc/lv_style.h **** 
 107:Middlewares/LVGL/lvgl/src/themes/simple/../../core/../misc/lv_style.h **** /**
 108:Middlewares/LVGL/lvgl/src/themes/simple/../../core/../misc/lv_style.h ****  * Selects on which sides border should be drawn
 109:Middlewares/LVGL/lvgl/src/themes/simple/../../core/../misc/lv_style.h ****  * 'OR'ed values can be used.
 110:Middlewares/LVGL/lvgl/src/themes/simple/../../core/../misc/lv_style.h ****  */
 111:Middlewares/LVGL/lvgl/src/themes/simple/../../core/../misc/lv_style.h **** typedef enum {
 112:Middlewares/LVGL/lvgl/src/themes/simple/../../core/../misc/lv_style.h ****     LV_BORDER_SIDE_NONE     = 0x00,
 113:Middlewares/LVGL/lvgl/src/themes/simple/../../core/../misc/lv_style.h ****     LV_BORDER_SIDE_BOTTOM   = 0x01,
 114:Middlewares/LVGL/lvgl/src/themes/simple/../../core/../misc/lv_style.h ****     LV_BORDER_SIDE_TOP      = 0x02,
 115:Middlewares/LVGL/lvgl/src/themes/simple/../../core/../misc/lv_style.h ****     LV_BORDER_SIDE_LEFT     = 0x04,
 116:Middlewares/LVGL/lvgl/src/themes/simple/../../core/../misc/lv_style.h ****     LV_BORDER_SIDE_RIGHT    = 0x08,
 117:Middlewares/LVGL/lvgl/src/themes/simple/../../core/../misc/lv_style.h ****     LV_BORDER_SIDE_FULL     = 0x0F,
 118:Middlewares/LVGL/lvgl/src/themes/simple/../../core/../misc/lv_style.h ****     LV_BORDER_SIDE_INTERNAL = 0x10, /**< FOR matrix-like objects (e.g. Button matrix)*/
 119:Middlewares/LVGL/lvgl/src/themes/simple/../../core/../misc/lv_style.h **** } lv_border_side_t;
 120:Middlewares/LVGL/lvgl/src/themes/simple/../../core/../misc/lv_style.h **** 
 121:Middlewares/LVGL/lvgl/src/themes/simple/../../core/../misc/lv_style.h **** typedef enum {
 122:Middlewares/LVGL/lvgl/src/themes/simple/../../core/../misc/lv_style.h ****     LV_BLUR_QUALITY_AUTO = 0,   /**< Set the quality automatically */
 123:Middlewares/LVGL/lvgl/src/themes/simple/../../core/../misc/lv_style.h ****     LV_BLUR_QUALITY_SPEED,      /**< Prefer speed over precision */
 124:Middlewares/LVGL/lvgl/src/themes/simple/../../core/../misc/lv_style.h ****     LV_BLUR_QUALITY_PRECISION,  /**< Prefer precision over speed*/
 125:Middlewares/LVGL/lvgl/src/themes/simple/../../core/../misc/lv_style.h **** } lv_blur_quality_t;
 126:Middlewares/LVGL/lvgl/src/themes/simple/../../core/../misc/lv_style.h **** 
 127:Middlewares/LVGL/lvgl/src/themes/simple/../../core/../misc/lv_style.h **** /** A image colorkey definition.
 128:Middlewares/LVGL/lvgl/src/themes/simple/../../core/../misc/lv_style.h ****  *  The transparency within the color range of [low, high] will be set to LV_OPA_TRANSP If the "ena
 129:Middlewares/LVGL/lvgl/src/themes/simple/../../core/../misc/lv_style.h ****  */
 130:Middlewares/LVGL/lvgl/src/themes/simple/../../core/../misc/lv_style.h **** typedef struct {
 131:Middlewares/LVGL/lvgl/src/themes/simple/../../core/../misc/lv_style.h ****     lv_color_t low;
 132:Middlewares/LVGL/lvgl/src/themes/simple/../../core/../misc/lv_style.h ****     lv_color_t high;
 133:Middlewares/LVGL/lvgl/src/themes/simple/../../core/../misc/lv_style.h **** } lv_image_colorkey_t;
 134:Middlewares/LVGL/lvgl/src/themes/simple/../../core/../misc/lv_style.h **** 
 135:Middlewares/LVGL/lvgl/src/themes/simple/../../core/../misc/lv_style.h **** /**
 136:Middlewares/LVGL/lvgl/src/themes/simple/../../core/../misc/lv_style.h ****  * A common type to handle all the property types in the same way.
 137:Middlewares/LVGL/lvgl/src/themes/simple/../../core/../misc/lv_style.h ****  */
 138:Middlewares/LVGL/lvgl/src/themes/simple/../../core/../misc/lv_style.h **** typedef union {
 139:Middlewares/LVGL/lvgl/src/themes/simple/../../core/../misc/lv_style.h ****     int32_t num;         /**< Number integer number (opacity, enums, booleans or "normal" numbers)*
 140:Middlewares/LVGL/lvgl/src/themes/simple/../../core/../misc/lv_style.h ****     const void * ptr;    /**< Constant pointers  (font, cone text, etc)*/
 141:Middlewares/LVGL/lvgl/src/themes/simple/../../core/../misc/lv_style.h ****     lv_color_t color;    /**< Colors*/
 142:Middlewares/LVGL/lvgl/src/themes/simple/../../core/../misc/lv_style.h **** } lv_style_value_t;
ARM GAS  C:\Users\w1785\AppData\Local\Temp\ccjJGjW6.s 			page 29


 143:Middlewares/LVGL/lvgl/src/themes/simple/../../core/../misc/lv_style.h **** 
 144:Middlewares/LVGL/lvgl/src/themes/simple/../../core/../misc/lv_style.h **** /**
 145:Middlewares/LVGL/lvgl/src/themes/simple/../../core/../misc/lv_style.h ****  * Enumeration of all built in style properties
 146:Middlewares/LVGL/lvgl/src/themes/simple/../../core/../misc/lv_style.h ****  *
 147:Middlewares/LVGL/lvgl/src/themes/simple/../../core/../misc/lv_style.h ****  * Props are split into groups of 16. When adding a new prop to a group, ensure it does not overflo
 148:Middlewares/LVGL/lvgl/src/themes/simple/../../core/../misc/lv_style.h ****  */
 149:Middlewares/LVGL/lvgl/src/themes/simple/../../core/../misc/lv_style.h **** enum _lv_style_id_t {
 150:Middlewares/LVGL/lvgl/src/themes/simple/../../core/../misc/lv_style.h ****     LV_STYLE_PROP_INV               = 0,
 151:Middlewares/LVGL/lvgl/src/themes/simple/../../core/../misc/lv_style.h **** 
 152:Middlewares/LVGL/lvgl/src/themes/simple/../../core/../misc/lv_style.h ****     /*The properties are listed in a special order to make caching more effective.
 153:Middlewares/LVGL/lvgl/src/themes/simple/../../core/../misc/lv_style.h ****      *Groups are used when LV_OBJ_STYLE_CACHE is enabled.
 154:Middlewares/LVGL/lvgl/src/themes/simple/../../core/../misc/lv_style.h ****      *If a property from a groups is set, a bit will be set in
 155:Middlewares/LVGL/lvgl/src/themes/simple/../../core/../misc/lv_style.h ****      *obj->style_main_prop_is_set and style_other_prop_is_set
 156:Middlewares/LVGL/lvgl/src/themes/simple/../../core/../misc/lv_style.h ****      *to indicate that the property is set.
 157:Middlewares/LVGL/lvgl/src/themes/simple/../../core/../misc/lv_style.h ****      *
 158:Middlewares/LVGL/lvgl/src/themes/simple/../../core/../misc/lv_style.h ****      *Strategy 1: group related properties. E.g. if no "border" properties are set
 159:Middlewares/LVGL/lvgl/src/themes/simple/../../core/../misc/lv_style.h ****      *            they will be skipped quickly.
 160:Middlewares/LVGL/lvgl/src/themes/simple/../../core/../misc/lv_style.h ****      *
 161:Middlewares/LVGL/lvgl/src/themes/simple/../../core/../misc/lv_style.h ****      *Strategy 2: group common property with rarely used properties. This way
 162:Middlewares/LVGL/lvgl/src/themes/simple/../../core/../misc/lv_style.h ****      *            the common property is cached properly and it's rarely affected
 163:Middlewares/LVGL/lvgl/src/themes/simple/../../core/../misc/lv_style.h ****      *            by other props. The other props are cached in an sub-optimal way,
 164:Middlewares/LVGL/lvgl/src/themes/simple/../../core/../misc/lv_style.h ****      *            but they are used rarely.
 165:Middlewares/LVGL/lvgl/src/themes/simple/../../core/../misc/lv_style.h ****      *
 166:Middlewares/LVGL/lvgl/src/themes/simple/../../core/../misc/lv_style.h ****      *Strategy 3: group properties they are used rarely together so that caching doesn't
 167:Middlewares/LVGL/lvgl/src/themes/simple/../../core/../misc/lv_style.h ****      *            interfere
 168:Middlewares/LVGL/lvgl/src/themes/simple/../../core/../misc/lv_style.h ****      *
 169:Middlewares/LVGL/lvgl/src/themes/simple/../../core/../misc/lv_style.h ****      *Each group can have 8 properties. (see STYLE_PROP_SHIFTED)*/
 170:Middlewares/LVGL/lvgl/src/themes/simple/../../core/../misc/lv_style.h **** 
 171:Middlewares/LVGL/lvgl/src/themes/simple/../../core/../misc/lv_style.h ****     /* Size related properties*/
 172:Middlewares/LVGL/lvgl/src/themes/simple/../../core/../misc/lv_style.h ****     LV_STYLE_WIDTH = 1,
 173:Middlewares/LVGL/lvgl/src/themes/simple/../../core/../misc/lv_style.h ****     LV_STYLE_HEIGHT,
 174:Middlewares/LVGL/lvgl/src/themes/simple/../../core/../misc/lv_style.h ****     LV_STYLE_LENGTH,
 175:Middlewares/LVGL/lvgl/src/themes/simple/../../core/../misc/lv_style.h ****     LV_STYLE_TRANSFORM_WIDTH,
 176:Middlewares/LVGL/lvgl/src/themes/simple/../../core/../misc/lv_style.h ****     LV_STYLE_TRANSFORM_HEIGHT,
 177:Middlewares/LVGL/lvgl/src/themes/simple/../../core/../misc/lv_style.h **** 
 178:Middlewares/LVGL/lvgl/src/themes/simple/../../core/../misc/lv_style.h ****     LV_STYLE_MIN_WIDTH = 8,
 179:Middlewares/LVGL/lvgl/src/themes/simple/../../core/../misc/lv_style.h ****     LV_STYLE_MAX_WIDTH,
 180:Middlewares/LVGL/lvgl/src/themes/simple/../../core/../misc/lv_style.h ****     LV_STYLE_MIN_HEIGHT,
 181:Middlewares/LVGL/lvgl/src/themes/simple/../../core/../misc/lv_style.h ****     LV_STYLE_MAX_HEIGHT,
 182:Middlewares/LVGL/lvgl/src/themes/simple/../../core/../misc/lv_style.h ****     LV_STYLE_TRANSLATE_X,
 183:Middlewares/LVGL/lvgl/src/themes/simple/../../core/../misc/lv_style.h ****     LV_STYLE_TRANSLATE_Y,
 184:Middlewares/LVGL/lvgl/src/themes/simple/../../core/../misc/lv_style.h ****     LV_STYLE_RADIAL_OFFSET,
 185:Middlewares/LVGL/lvgl/src/themes/simple/../../core/../misc/lv_style.h **** 
 186:Middlewares/LVGL/lvgl/src/themes/simple/../../core/../misc/lv_style.h ****     /*Position related properties */
 187:Middlewares/LVGL/lvgl/src/themes/simple/../../core/../misc/lv_style.h ****     LV_STYLE_X = 16,
 188:Middlewares/LVGL/lvgl/src/themes/simple/../../core/../misc/lv_style.h ****     LV_STYLE_Y,
 189:Middlewares/LVGL/lvgl/src/themes/simple/../../core/../misc/lv_style.h ****     LV_STYLE_ALIGN,
 190:Middlewares/LVGL/lvgl/src/themes/simple/../../core/../misc/lv_style.h **** 
 191:Middlewares/LVGL/lvgl/src/themes/simple/../../core/../misc/lv_style.h ****     /*Padding related properties */
 192:Middlewares/LVGL/lvgl/src/themes/simple/../../core/../misc/lv_style.h ****     LV_STYLE_PAD_TOP = 24,
 193:Middlewares/LVGL/lvgl/src/themes/simple/../../core/../misc/lv_style.h ****     LV_STYLE_PAD_BOTTOM,
 194:Middlewares/LVGL/lvgl/src/themes/simple/../../core/../misc/lv_style.h ****     LV_STYLE_PAD_LEFT,
 195:Middlewares/LVGL/lvgl/src/themes/simple/../../core/../misc/lv_style.h ****     LV_STYLE_PAD_RIGHT,
 196:Middlewares/LVGL/lvgl/src/themes/simple/../../core/../misc/lv_style.h ****     LV_STYLE_PAD_RADIAL,
 197:Middlewares/LVGL/lvgl/src/themes/simple/../../core/../misc/lv_style.h ****     LV_STYLE_PAD_ROW,
 198:Middlewares/LVGL/lvgl/src/themes/simple/../../core/../misc/lv_style.h ****     LV_STYLE_PAD_COLUMN,
 199:Middlewares/LVGL/lvgl/src/themes/simple/../../core/../misc/lv_style.h **** 
ARM GAS  C:\Users\w1785\AppData\Local\Temp\ccjJGjW6.s 			page 30


 200:Middlewares/LVGL/lvgl/src/themes/simple/../../core/../misc/lv_style.h ****     /*Margin related properties*/
 201:Middlewares/LVGL/lvgl/src/themes/simple/../../core/../misc/lv_style.h ****     LV_STYLE_MARGIN_TOP = 32,
 202:Middlewares/LVGL/lvgl/src/themes/simple/../../core/../misc/lv_style.h ****     LV_STYLE_MARGIN_BOTTOM,
 203:Middlewares/LVGL/lvgl/src/themes/simple/../../core/../misc/lv_style.h ****     LV_STYLE_MARGIN_LEFT,
 204:Middlewares/LVGL/lvgl/src/themes/simple/../../core/../misc/lv_style.h ****     LV_STYLE_MARGIN_RIGHT,
 205:Middlewares/LVGL/lvgl/src/themes/simple/../../core/../misc/lv_style.h **** 
 206:Middlewares/LVGL/lvgl/src/themes/simple/../../core/../misc/lv_style.h ****     /*Bg. Gradient*/
 207:Middlewares/LVGL/lvgl/src/themes/simple/../../core/../misc/lv_style.h ****     LV_STYLE_BG_GRAD = 40,
 208:Middlewares/LVGL/lvgl/src/themes/simple/../../core/../misc/lv_style.h ****     LV_STYLE_BG_GRAD_DIR,
 209:Middlewares/LVGL/lvgl/src/themes/simple/../../core/../misc/lv_style.h ****     LV_STYLE_BG_MAIN_OPA,
 210:Middlewares/LVGL/lvgl/src/themes/simple/../../core/../misc/lv_style.h ****     LV_STYLE_BG_GRAD_OPA,
 211:Middlewares/LVGL/lvgl/src/themes/simple/../../core/../misc/lv_style.h ****     LV_STYLE_BG_GRAD_COLOR,
 212:Middlewares/LVGL/lvgl/src/themes/simple/../../core/../misc/lv_style.h ****     LV_STYLE_BG_MAIN_STOP,
 213:Middlewares/LVGL/lvgl/src/themes/simple/../../core/../misc/lv_style.h ****     LV_STYLE_BG_GRAD_STOP,
 214:Middlewares/LVGL/lvgl/src/themes/simple/../../core/../misc/lv_style.h **** 
 215:Middlewares/LVGL/lvgl/src/themes/simple/../../core/../misc/lv_style.h ****     /*Bg image*/
 216:Middlewares/LVGL/lvgl/src/themes/simple/../../core/../misc/lv_style.h ****     LV_STYLE_BG_IMAGE_SRC = 48,
 217:Middlewares/LVGL/lvgl/src/themes/simple/../../core/../misc/lv_style.h ****     LV_STYLE_BG_IMAGE_OPA,
 218:Middlewares/LVGL/lvgl/src/themes/simple/../../core/../misc/lv_style.h ****     LV_STYLE_BG_IMAGE_RECOLOR_OPA,
 219:Middlewares/LVGL/lvgl/src/themes/simple/../../core/../misc/lv_style.h ****     LV_STYLE_BG_IMAGE_TILED,
 220:Middlewares/LVGL/lvgl/src/themes/simple/../../core/../misc/lv_style.h ****     LV_STYLE_BG_IMAGE_RECOLOR,
 221:Middlewares/LVGL/lvgl/src/themes/simple/../../core/../misc/lv_style.h **** 
 222:Middlewares/LVGL/lvgl/src/themes/simple/../../core/../misc/lv_style.h ****     /*Group 3*/
 223:Middlewares/LVGL/lvgl/src/themes/simple/../../core/../misc/lv_style.h ****     LV_STYLE_BORDER_WIDTH = 56,
 224:Middlewares/LVGL/lvgl/src/themes/simple/../../core/../misc/lv_style.h ****     LV_STYLE_BORDER_COLOR,
 225:Middlewares/LVGL/lvgl/src/themes/simple/../../core/../misc/lv_style.h ****     LV_STYLE_BORDER_OPA,
 226:Middlewares/LVGL/lvgl/src/themes/simple/../../core/../misc/lv_style.h ****     LV_STYLE_BORDER_POST,
 227:Middlewares/LVGL/lvgl/src/themes/simple/../../core/../misc/lv_style.h ****     LV_STYLE_BORDER_SIDE,
 228:Middlewares/LVGL/lvgl/src/themes/simple/../../core/../misc/lv_style.h **** 
 229:Middlewares/LVGL/lvgl/src/themes/simple/../../core/../misc/lv_style.h ****     /*Outline */
 230:Middlewares/LVGL/lvgl/src/themes/simple/../../core/../misc/lv_style.h ****     LV_STYLE_OUTLINE_WIDTH = 64,
 231:Middlewares/LVGL/lvgl/src/themes/simple/../../core/../misc/lv_style.h ****     LV_STYLE_OUTLINE_COLOR,
 232:Middlewares/LVGL/lvgl/src/themes/simple/../../core/../misc/lv_style.h ****     LV_STYLE_OUTLINE_OPA,
 233:Middlewares/LVGL/lvgl/src/themes/simple/../../core/../misc/lv_style.h ****     LV_STYLE_OUTLINE_PAD,
 234:Middlewares/LVGL/lvgl/src/themes/simple/../../core/../misc/lv_style.h **** 
 235:Middlewares/LVGL/lvgl/src/themes/simple/../../core/../misc/lv_style.h ****     /*Image, Shadow, Line, Arc, and Text are rarely used together.*/
 236:Middlewares/LVGL/lvgl/src/themes/simple/../../core/../misc/lv_style.h ****     LV_STYLE_BG_OPA = 72,
 237:Middlewares/LVGL/lvgl/src/themes/simple/../../core/../misc/lv_style.h ****     LV_STYLE_BG_COLOR,
 238:Middlewares/LVGL/lvgl/src/themes/simple/../../core/../misc/lv_style.h ****     LV_STYLE_SHADOW_WIDTH,
 239:Middlewares/LVGL/lvgl/src/themes/simple/../../core/../misc/lv_style.h ****     LV_STYLE_LINE_WIDTH,
 240:Middlewares/LVGL/lvgl/src/themes/simple/../../core/../misc/lv_style.h ****     LV_STYLE_ARC_WIDTH,
 241:Middlewares/LVGL/lvgl/src/themes/simple/../../core/../misc/lv_style.h ****     LV_STYLE_TEXT_FONT,
 242:Middlewares/LVGL/lvgl/src/themes/simple/../../core/../misc/lv_style.h ****     LV_STYLE_IMAGE_RECOLOR_OPA,
 243:Middlewares/LVGL/lvgl/src/themes/simple/../../core/../misc/lv_style.h **** 
 244:Middlewares/LVGL/lvgl/src/themes/simple/../../core/../misc/lv_style.h ****     LV_STYLE_IMAGE_OPA = 80,
 245:Middlewares/LVGL/lvgl/src/themes/simple/../../core/../misc/lv_style.h ****     LV_STYLE_SHADOW_OPA,
 246:Middlewares/LVGL/lvgl/src/themes/simple/../../core/../misc/lv_style.h ****     LV_STYLE_LINE_OPA,
 247:Middlewares/LVGL/lvgl/src/themes/simple/../../core/../misc/lv_style.h ****     LV_STYLE_ARC_OPA,
 248:Middlewares/LVGL/lvgl/src/themes/simple/../../core/../misc/lv_style.h ****     LV_STYLE_TEXT_OPA,
 249:Middlewares/LVGL/lvgl/src/themes/simple/../../core/../misc/lv_style.h **** 
 250:Middlewares/LVGL/lvgl/src/themes/simple/../../core/../misc/lv_style.h ****     LV_STYLE_SHADOW_COLOR = 88,
 251:Middlewares/LVGL/lvgl/src/themes/simple/../../core/../misc/lv_style.h ****     LV_STYLE_IMAGE_RECOLOR,
 252:Middlewares/LVGL/lvgl/src/themes/simple/../../core/../misc/lv_style.h ****     LV_STYLE_LINE_COLOR,
 253:Middlewares/LVGL/lvgl/src/themes/simple/../../core/../misc/lv_style.h ****     LV_STYLE_ARC_COLOR,
 254:Middlewares/LVGL/lvgl/src/themes/simple/../../core/../misc/lv_style.h ****     LV_STYLE_TEXT_COLOR,
 255:Middlewares/LVGL/lvgl/src/themes/simple/../../core/../misc/lv_style.h **** 
 256:Middlewares/LVGL/lvgl/src/themes/simple/../../core/../misc/lv_style.h ****     LV_STYLE_ARC_IMAGE_SRC = 96,
ARM GAS  C:\Users\w1785\AppData\Local\Temp\ccjJGjW6.s 			page 31


 257:Middlewares/LVGL/lvgl/src/themes/simple/../../core/../misc/lv_style.h ****     LV_STYLE_SHADOW_OFFSET_X,
 258:Middlewares/LVGL/lvgl/src/themes/simple/../../core/../misc/lv_style.h ****     LV_STYLE_SHADOW_OFFSET_Y,
 259:Middlewares/LVGL/lvgl/src/themes/simple/../../core/../misc/lv_style.h ****     LV_STYLE_SHADOW_SPREAD,
 260:Middlewares/LVGL/lvgl/src/themes/simple/../../core/../misc/lv_style.h ****     LV_STYLE_LINE_DASH_WIDTH,
 261:Middlewares/LVGL/lvgl/src/themes/simple/../../core/../misc/lv_style.h ****     LV_STYLE_TEXT_ALIGN,
 262:Middlewares/LVGL/lvgl/src/themes/simple/../../core/../misc/lv_style.h ****     LV_STYLE_TEXT_LETTER_SPACE,
 263:Middlewares/LVGL/lvgl/src/themes/simple/../../core/../misc/lv_style.h ****     LV_STYLE_TEXT_LINE_SPACE,
 264:Middlewares/LVGL/lvgl/src/themes/simple/../../core/../misc/lv_style.h **** 
 265:Middlewares/LVGL/lvgl/src/themes/simple/../../core/../misc/lv_style.h ****     LV_STYLE_LINE_DASH_GAP = 104,
 266:Middlewares/LVGL/lvgl/src/themes/simple/../../core/../misc/lv_style.h ****     LV_STYLE_LINE_ROUNDED,
 267:Middlewares/LVGL/lvgl/src/themes/simple/../../core/../misc/lv_style.h ****     LV_STYLE_IMAGE_COLORKEY,
 268:Middlewares/LVGL/lvgl/src/themes/simple/../../core/../misc/lv_style.h ****     LV_STYLE_TEXT_OUTLINE_STROKE_WIDTH,
 269:Middlewares/LVGL/lvgl/src/themes/simple/../../core/../misc/lv_style.h ****     LV_STYLE_TEXT_OUTLINE_STROKE_OPA,
 270:Middlewares/LVGL/lvgl/src/themes/simple/../../core/../misc/lv_style.h ****     LV_STYLE_TEXT_OUTLINE_STROKE_COLOR,
 271:Middlewares/LVGL/lvgl/src/themes/simple/../../core/../misc/lv_style.h ****     LV_STYLE_TEXT_DECOR,
 272:Middlewares/LVGL/lvgl/src/themes/simple/../../core/../misc/lv_style.h ****     LV_STYLE_ARC_ROUNDED,
 273:Middlewares/LVGL/lvgl/src/themes/simple/../../core/../misc/lv_style.h **** 
 274:Middlewares/LVGL/lvgl/src/themes/simple/../../core/../misc/lv_style.h ****     /*Group unrelated props*/
 275:Middlewares/LVGL/lvgl/src/themes/simple/../../core/../misc/lv_style.h ****     LV_STYLE_OPA = 112,
 276:Middlewares/LVGL/lvgl/src/themes/simple/../../core/../misc/lv_style.h ****     LV_STYLE_OPA_LAYERED,
 277:Middlewares/LVGL/lvgl/src/themes/simple/../../core/../misc/lv_style.h ****     LV_STYLE_COLOR_FILTER_DSC,
 278:Middlewares/LVGL/lvgl/src/themes/simple/../../core/../misc/lv_style.h ****     LV_STYLE_COLOR_FILTER_OPA,
 279:Middlewares/LVGL/lvgl/src/themes/simple/../../core/../misc/lv_style.h ****     LV_STYLE_ANIM,
 280:Middlewares/LVGL/lvgl/src/themes/simple/../../core/../misc/lv_style.h ****     LV_STYLE_ANIM_DURATION,
 281:Middlewares/LVGL/lvgl/src/themes/simple/../../core/../misc/lv_style.h ****     LV_STYLE_TRANSITION,
 282:Middlewares/LVGL/lvgl/src/themes/simple/../../core/../misc/lv_style.h **** 
 283:Middlewares/LVGL/lvgl/src/themes/simple/../../core/../misc/lv_style.h ****     /*Radius is requested a lot, group it with rarely requested ones*/
 284:Middlewares/LVGL/lvgl/src/themes/simple/../../core/../misc/lv_style.h ****     LV_STYLE_RADIUS = 120,
 285:Middlewares/LVGL/lvgl/src/themes/simple/../../core/../misc/lv_style.h ****     LV_STYLE_BITMAP_MASK_SRC,
 286:Middlewares/LVGL/lvgl/src/themes/simple/../../core/../misc/lv_style.h ****     LV_STYLE_BLEND_MODE,
 287:Middlewares/LVGL/lvgl/src/themes/simple/../../core/../misc/lv_style.h ****     LV_STYLE_ROTARY_SENSITIVITY,
 288:Middlewares/LVGL/lvgl/src/themes/simple/../../core/../misc/lv_style.h ****     LV_STYLE_TRANSLATE_RADIAL,
 289:Middlewares/LVGL/lvgl/src/themes/simple/../../core/../misc/lv_style.h **** 
 290:Middlewares/LVGL/lvgl/src/themes/simple/../../core/../misc/lv_style.h ****     /*Requested a lot but rarely used*/
 291:Middlewares/LVGL/lvgl/src/themes/simple/../../core/../misc/lv_style.h ****     LV_STYLE_CLIP_CORNER = 128,
 292:Middlewares/LVGL/lvgl/src/themes/simple/../../core/../misc/lv_style.h ****     LV_STYLE_BASE_DIR,
 293:Middlewares/LVGL/lvgl/src/themes/simple/../../core/../misc/lv_style.h ****     LV_STYLE_RECOLOR,
 294:Middlewares/LVGL/lvgl/src/themes/simple/../../core/../misc/lv_style.h ****     LV_STYLE_RECOLOR_OPA,
 295:Middlewares/LVGL/lvgl/src/themes/simple/../../core/../misc/lv_style.h ****     LV_STYLE_LAYOUT,
 296:Middlewares/LVGL/lvgl/src/themes/simple/../../core/../misc/lv_style.h **** 
 297:Middlewares/LVGL/lvgl/src/themes/simple/../../core/../misc/lv_style.h ****     /*Blur*/
 298:Middlewares/LVGL/lvgl/src/themes/simple/../../core/../misc/lv_style.h ****     LV_STYLE_BLUR_RADIUS = 136,
 299:Middlewares/LVGL/lvgl/src/themes/simple/../../core/../misc/lv_style.h ****     LV_STYLE_BLUR_BACKDROP,
 300:Middlewares/LVGL/lvgl/src/themes/simple/../../core/../misc/lv_style.h ****     LV_STYLE_BLUR_QUALITY,
 301:Middlewares/LVGL/lvgl/src/themes/simple/../../core/../misc/lv_style.h **** 
 302:Middlewares/LVGL/lvgl/src/themes/simple/../../core/../misc/lv_style.h ****     /*Drop shadow*/
 303:Middlewares/LVGL/lvgl/src/themes/simple/../../core/../misc/lv_style.h ****     LV_STYLE_DROP_SHADOW_RADIUS = 144,
 304:Middlewares/LVGL/lvgl/src/themes/simple/../../core/../misc/lv_style.h ****     LV_STYLE_DROP_SHADOW_OFFSET_X,
 305:Middlewares/LVGL/lvgl/src/themes/simple/../../core/../misc/lv_style.h ****     LV_STYLE_DROP_SHADOW_OFFSET_Y,
 306:Middlewares/LVGL/lvgl/src/themes/simple/../../core/../misc/lv_style.h ****     LV_STYLE_DROP_SHADOW_COLOR,
 307:Middlewares/LVGL/lvgl/src/themes/simple/../../core/../misc/lv_style.h ****     LV_STYLE_DROP_SHADOW_OPA,
 308:Middlewares/LVGL/lvgl/src/themes/simple/../../core/../misc/lv_style.h ****     LV_STYLE_DROP_SHADOW_QUALITY,
 309:Middlewares/LVGL/lvgl/src/themes/simple/../../core/../misc/lv_style.h **** 
 310:Middlewares/LVGL/lvgl/src/themes/simple/../../core/../misc/lv_style.h ****     /*Scale and transform*/
 311:Middlewares/LVGL/lvgl/src/themes/simple/../../core/../misc/lv_style.h ****     LV_STYLE_TRANSFORM_SCALE_X = 152,
 312:Middlewares/LVGL/lvgl/src/themes/simple/../../core/../misc/lv_style.h ****     LV_STYLE_TRANSFORM_SCALE_Y,
 313:Middlewares/LVGL/lvgl/src/themes/simple/../../core/../misc/lv_style.h ****     LV_STYLE_TRANSFORM_PIVOT_X,
ARM GAS  C:\Users\w1785\AppData\Local\Temp\ccjJGjW6.s 			page 32


 314:Middlewares/LVGL/lvgl/src/themes/simple/../../core/../misc/lv_style.h ****     LV_STYLE_TRANSFORM_PIVOT_Y,
 315:Middlewares/LVGL/lvgl/src/themes/simple/../../core/../misc/lv_style.h ****     LV_STYLE_TRANSFORM_ROTATION,
 316:Middlewares/LVGL/lvgl/src/themes/simple/../../core/../misc/lv_style.h ****     LV_STYLE_TRANSFORM_SKEW_X,
 317:Middlewares/LVGL/lvgl/src/themes/simple/../../core/../misc/lv_style.h ****     LV_STYLE_TRANSFORM_SKEW_Y,
 318:Middlewares/LVGL/lvgl/src/themes/simple/../../core/../misc/lv_style.h **** 
 319:Middlewares/LVGL/lvgl/src/themes/simple/../../core/../misc/lv_style.h ****     /*Flex and basic grid (rarely used together)*/
 320:Middlewares/LVGL/lvgl/src/themes/simple/../../core/../misc/lv_style.h ****     LV_STYLE_FLEX_FLOW = 160,
 321:Middlewares/LVGL/lvgl/src/themes/simple/../../core/../misc/lv_style.h ****     LV_STYLE_FLEX_MAIN_PLACE,
 322:Middlewares/LVGL/lvgl/src/themes/simple/../../core/../misc/lv_style.h ****     LV_STYLE_FLEX_CROSS_PLACE,
 323:Middlewares/LVGL/lvgl/src/themes/simple/../../core/../misc/lv_style.h ****     LV_STYLE_FLEX_TRACK_PLACE,
 324:Middlewares/LVGL/lvgl/src/themes/simple/../../core/../misc/lv_style.h ****     LV_STYLE_FLEX_GROW,
 325:Middlewares/LVGL/lvgl/src/themes/simple/../../core/../misc/lv_style.h ****     LV_STYLE_GRID_COLUMN_DSC_ARRAY,
 326:Middlewares/LVGL/lvgl/src/themes/simple/../../core/../misc/lv_style.h ****     LV_STYLE_GRID_ROW_DSC_ARRAY,
 327:Middlewares/LVGL/lvgl/src/themes/simple/../../core/../misc/lv_style.h **** 
 328:Middlewares/LVGL/lvgl/src/themes/simple/../../core/../misc/lv_style.h ****     LV_STYLE_GRID_COLUMN_ALIGN = 168,
 329:Middlewares/LVGL/lvgl/src/themes/simple/../../core/../misc/lv_style.h ****     LV_STYLE_GRID_ROW_ALIGN,
 330:Middlewares/LVGL/lvgl/src/themes/simple/../../core/../misc/lv_style.h ****     LV_STYLE_GRID_CELL_COLUMN_POS,
 331:Middlewares/LVGL/lvgl/src/themes/simple/../../core/../misc/lv_style.h ****     LV_STYLE_GRID_CELL_COLUMN_SPAN,
 332:Middlewares/LVGL/lvgl/src/themes/simple/../../core/../misc/lv_style.h ****     LV_STYLE_GRID_CELL_X_ALIGN,
 333:Middlewares/LVGL/lvgl/src/themes/simple/../../core/../misc/lv_style.h ****     LV_STYLE_GRID_CELL_ROW_POS,
 334:Middlewares/LVGL/lvgl/src/themes/simple/../../core/../misc/lv_style.h ****     LV_STYLE_GRID_CELL_ROW_SPAN,
 335:Middlewares/LVGL/lvgl/src/themes/simple/../../core/../misc/lv_style.h ****     LV_STYLE_GRID_CELL_Y_ALIGN,
 336:Middlewares/LVGL/lvgl/src/themes/simple/../../core/../misc/lv_style.h **** 
 337:Middlewares/LVGL/lvgl/src/themes/simple/../../core/../misc/lv_style.h ****     LV_STYLE_LAST_BUILT_IN_PROP,
 338:Middlewares/LVGL/lvgl/src/themes/simple/../../core/../misc/lv_style.h ****     LV_STYLE_NUM_BUILT_IN_PROPS     = LV_STYLE_LAST_BUILT_IN_PROP + 1,
 339:Middlewares/LVGL/lvgl/src/themes/simple/../../core/../misc/lv_style.h **** 
 340:Middlewares/LVGL/lvgl/src/themes/simple/../../core/../misc/lv_style.h ****     LV_STYLE_PROP_ANY                = 0xFF,
 341:Middlewares/LVGL/lvgl/src/themes/simple/../../core/../misc/lv_style.h ****     LV_STYLE_PROP_CONST             = 0xFF /* magic value for const styles */
 342:Middlewares/LVGL/lvgl/src/themes/simple/../../core/../misc/lv_style.h **** };
 343:Middlewares/LVGL/lvgl/src/themes/simple/../../core/../misc/lv_style.h **** 
 344:Middlewares/LVGL/lvgl/src/themes/simple/../../core/../misc/lv_style.h **** typedef enum {
 345:Middlewares/LVGL/lvgl/src/themes/simple/../../core/../misc/lv_style.h ****     LV_STYLE_RES_NOT_FOUND,
 346:Middlewares/LVGL/lvgl/src/themes/simple/../../core/../misc/lv_style.h ****     LV_STYLE_RES_FOUND,
 347:Middlewares/LVGL/lvgl/src/themes/simple/../../core/../misc/lv_style.h **** } lv_style_res_t;
 348:Middlewares/LVGL/lvgl/src/themes/simple/../../core/../misc/lv_style.h **** 
 349:Middlewares/LVGL/lvgl/src/themes/simple/../../core/../misc/lv_style.h **** /**
 350:Middlewares/LVGL/lvgl/src/themes/simple/../../core/../misc/lv_style.h ****  * Descriptor for style transitions
 351:Middlewares/LVGL/lvgl/src/themes/simple/../../core/../misc/lv_style.h ****  */
 352:Middlewares/LVGL/lvgl/src/themes/simple/../../core/../misc/lv_style.h **** typedef struct {
 353:Middlewares/LVGL/lvgl/src/themes/simple/../../core/../misc/lv_style.h ****     const lv_style_prop_t * props; /**< An array with the properties to animate.*/
 354:Middlewares/LVGL/lvgl/src/themes/simple/../../core/../misc/lv_style.h ****     void * user_data;              /**< A custom user data that will be passed to the animation's u
 355:Middlewares/LVGL/lvgl/src/themes/simple/../../core/../misc/lv_style.h ****     lv_anim_path_cb_t path_xcb;    /**< A path for the animation.*/
 356:Middlewares/LVGL/lvgl/src/themes/simple/../../core/../misc/lv_style.h ****     uint32_t time;                 /**< Duration of the transition in [ms]*/
 357:Middlewares/LVGL/lvgl/src/themes/simple/../../core/../misc/lv_style.h ****     uint32_t delay;                /**< Delay before the transition in [ms]*/
 358:Middlewares/LVGL/lvgl/src/themes/simple/../../core/../misc/lv_style.h **** } lv_style_transition_dsc_t;
 359:Middlewares/LVGL/lvgl/src/themes/simple/../../core/../misc/lv_style.h **** 
 360:Middlewares/LVGL/lvgl/src/themes/simple/../../core/../misc/lv_style.h **** /**
 361:Middlewares/LVGL/lvgl/src/themes/simple/../../core/../misc/lv_style.h ****  * Descriptor of a constant style property.
 362:Middlewares/LVGL/lvgl/src/themes/simple/../../core/../misc/lv_style.h ****  */
 363:Middlewares/LVGL/lvgl/src/themes/simple/../../core/../misc/lv_style.h **** typedef struct {
 364:Middlewares/LVGL/lvgl/src/themes/simple/../../core/../misc/lv_style.h ****     lv_style_prop_t prop;
 365:Middlewares/LVGL/lvgl/src/themes/simple/../../core/../misc/lv_style.h ****     lv_style_value_t value;
 366:Middlewares/LVGL/lvgl/src/themes/simple/../../core/../misc/lv_style.h **** } lv_style_const_prop_t;
 367:Middlewares/LVGL/lvgl/src/themes/simple/../../core/../misc/lv_style.h **** 
 368:Middlewares/LVGL/lvgl/src/themes/simple/../../core/../misc/lv_style.h **** /**
 369:Middlewares/LVGL/lvgl/src/themes/simple/../../core/../misc/lv_style.h ****  * Descriptor of a style (a collection of properties and values).
 370:Middlewares/LVGL/lvgl/src/themes/simple/../../core/../misc/lv_style.h ****  */
ARM GAS  C:\Users\w1785\AppData\Local\Temp\ccjJGjW6.s 			page 33


 371:Middlewares/LVGL/lvgl/src/themes/simple/../../core/../misc/lv_style.h **** typedef struct {
 372:Middlewares/LVGL/lvgl/src/themes/simple/../../core/../misc/lv_style.h **** 
 373:Middlewares/LVGL/lvgl/src/themes/simple/../../core/../misc/lv_style.h **** #if LV_USE_ASSERT_STYLE
 374:Middlewares/LVGL/lvgl/src/themes/simple/../../core/../misc/lv_style.h ****     uint32_t sentinel;
 375:Middlewares/LVGL/lvgl/src/themes/simple/../../core/../misc/lv_style.h **** #endif
 376:Middlewares/LVGL/lvgl/src/themes/simple/../../core/../misc/lv_style.h **** 
 377:Middlewares/LVGL/lvgl/src/themes/simple/../../core/../misc/lv_style.h ****     void * values_and_props;
 378:Middlewares/LVGL/lvgl/src/themes/simple/../../core/../misc/lv_style.h **** 
 379:Middlewares/LVGL/lvgl/src/themes/simple/../../core/../misc/lv_style.h ****     uint32_t has_group;
 380:Middlewares/LVGL/lvgl/src/themes/simple/../../core/../misc/lv_style.h ****     uint8_t prop_cnt;   /**< 255 means it's a constant style*/
 381:Middlewares/LVGL/lvgl/src/themes/simple/../../core/../misc/lv_style.h **** } lv_style_t;
 382:Middlewares/LVGL/lvgl/src/themes/simple/../../core/../misc/lv_style.h **** 
 383:Middlewares/LVGL/lvgl/src/themes/simple/../../core/../misc/lv_style.h **** /**********************
 384:Middlewares/LVGL/lvgl/src/themes/simple/../../core/../misc/lv_style.h ****  * GLOBAL PROTOTYPES
 385:Middlewares/LVGL/lvgl/src/themes/simple/../../core/../misc/lv_style.h ****  **********************/
 386:Middlewares/LVGL/lvgl/src/themes/simple/../../core/../misc/lv_style.h **** 
 387:Middlewares/LVGL/lvgl/src/themes/simple/../../core/../misc/lv_style.h **** /**
 388:Middlewares/LVGL/lvgl/src/themes/simple/../../core/../misc/lv_style.h ****  * Initialize a style
 389:Middlewares/LVGL/lvgl/src/themes/simple/../../core/../misc/lv_style.h ****  * @param style pointer to a style to initialize
 390:Middlewares/LVGL/lvgl/src/themes/simple/../../core/../misc/lv_style.h ****  * @note Do not call `lv_style_init` on styles that already have some properties
 391:Middlewares/LVGL/lvgl/src/themes/simple/../../core/../misc/lv_style.h ****  *       because this function won't free the used memory, just sets a default state for the style.
 392:Middlewares/LVGL/lvgl/src/themes/simple/../../core/../misc/lv_style.h ****  *       In other words be sure to initialize styles only once!
 393:Middlewares/LVGL/lvgl/src/themes/simple/../../core/../misc/lv_style.h ****  */
 394:Middlewares/LVGL/lvgl/src/themes/simple/../../core/../misc/lv_style.h **** void lv_style_init(lv_style_t * style);
 395:Middlewares/LVGL/lvgl/src/themes/simple/../../core/../misc/lv_style.h **** 
 396:Middlewares/LVGL/lvgl/src/themes/simple/../../core/../misc/lv_style.h **** /**
 397:Middlewares/LVGL/lvgl/src/themes/simple/../../core/../misc/lv_style.h ****  * Clear all properties from a style and free all allocated memories.
 398:Middlewares/LVGL/lvgl/src/themes/simple/../../core/../misc/lv_style.h ****  * @param style pointer to a style
 399:Middlewares/LVGL/lvgl/src/themes/simple/../../core/../misc/lv_style.h ****  */
 400:Middlewares/LVGL/lvgl/src/themes/simple/../../core/../misc/lv_style.h **** void lv_style_reset(lv_style_t * style);
 401:Middlewares/LVGL/lvgl/src/themes/simple/../../core/../misc/lv_style.h **** 
 402:Middlewares/LVGL/lvgl/src/themes/simple/../../core/../misc/lv_style.h **** /**
 403:Middlewares/LVGL/lvgl/src/themes/simple/../../core/../misc/lv_style.h ****  * Copy all properties of a style to an other.
 404:Middlewares/LVGL/lvgl/src/themes/simple/../../core/../misc/lv_style.h ****  * It has the same affect callying the same `lv_set_style_...`
 405:Middlewares/LVGL/lvgl/src/themes/simple/../../core/../misc/lv_style.h ****  * functions on both styles.
 406:Middlewares/LVGL/lvgl/src/themes/simple/../../core/../misc/lv_style.h ****  * It means new memory will be allocated to store the properties in
 407:Middlewares/LVGL/lvgl/src/themes/simple/../../core/../misc/lv_style.h ****  * the destination style.
 408:Middlewares/LVGL/lvgl/src/themes/simple/../../core/../misc/lv_style.h ****  * After the copy the destination style is fully independent of the source
 409:Middlewares/LVGL/lvgl/src/themes/simple/../../core/../misc/lv_style.h ****  * and source can removed without affecting the destination style.
 410:Middlewares/LVGL/lvgl/src/themes/simple/../../core/../misc/lv_style.h ****  * @param dst   the destination to copy into (can not the a constant style)
 411:Middlewares/LVGL/lvgl/src/themes/simple/../../core/../misc/lv_style.h ****  * @param src   the source style to copy from.
 412:Middlewares/LVGL/lvgl/src/themes/simple/../../core/../misc/lv_style.h ****  */
 413:Middlewares/LVGL/lvgl/src/themes/simple/../../core/../misc/lv_style.h **** void lv_style_copy(lv_style_t * dst, const lv_style_t * src);
 414:Middlewares/LVGL/lvgl/src/themes/simple/../../core/../misc/lv_style.h **** 
 415:Middlewares/LVGL/lvgl/src/themes/simple/../../core/../misc/lv_style.h **** /**
 416:Middlewares/LVGL/lvgl/src/themes/simple/../../core/../misc/lv_style.h ****  * Copy all properties of a style to an other without resetting the dst style.
 417:Middlewares/LVGL/lvgl/src/themes/simple/../../core/../misc/lv_style.h ****  * It has the same effect as calling the same `lv_set_style_...`
 418:Middlewares/LVGL/lvgl/src/themes/simple/../../core/../misc/lv_style.h ****  * functions on both styles.
 419:Middlewares/LVGL/lvgl/src/themes/simple/../../core/../misc/lv_style.h ****  * It means new memory will be allocated to store the properties in
 420:Middlewares/LVGL/lvgl/src/themes/simple/../../core/../misc/lv_style.h ****  * the destination style.
 421:Middlewares/LVGL/lvgl/src/themes/simple/../../core/../misc/lv_style.h ****  * After the copy the destination style is fully independent of the source
 422:Middlewares/LVGL/lvgl/src/themes/simple/../../core/../misc/lv_style.h ****  * and source can removed without affecting the destination style.
 423:Middlewares/LVGL/lvgl/src/themes/simple/../../core/../misc/lv_style.h ****  * @param dst   the destination to copy into (cannot be a constant style)
 424:Middlewares/LVGL/lvgl/src/themes/simple/../../core/../misc/lv_style.h ****  * @param src   the source style to copy from.
 425:Middlewares/LVGL/lvgl/src/themes/simple/../../core/../misc/lv_style.h ****  */
 426:Middlewares/LVGL/lvgl/src/themes/simple/../../core/../misc/lv_style.h **** void lv_style_merge(lv_style_t * dst, const lv_style_t * src);
 427:Middlewares/LVGL/lvgl/src/themes/simple/../../core/../misc/lv_style.h **** 
ARM GAS  C:\Users\w1785\AppData\Local\Temp\ccjJGjW6.s 			page 34


 428:Middlewares/LVGL/lvgl/src/themes/simple/../../core/../misc/lv_style.h **** 
 429:Middlewares/LVGL/lvgl/src/themes/simple/../../core/../misc/lv_style.h **** /**
 430:Middlewares/LVGL/lvgl/src/themes/simple/../../core/../misc/lv_style.h ****  * Check if a style is constant
 431:Middlewares/LVGL/lvgl/src/themes/simple/../../core/../misc/lv_style.h ****  * @param style     pointer to a style
 432:Middlewares/LVGL/lvgl/src/themes/simple/../../core/../misc/lv_style.h ****  * @return          true: the style is constant
 433:Middlewares/LVGL/lvgl/src/themes/simple/../../core/../misc/lv_style.h ****  */
 434:Middlewares/LVGL/lvgl/src/themes/simple/../../core/../misc/lv_style.h **** static inline bool lv_style_is_const(const lv_style_t * style)
 435:Middlewares/LVGL/lvgl/src/themes/simple/../../core/../misc/lv_style.h **** {
 436:Middlewares/LVGL/lvgl/src/themes/simple/../../core/../misc/lv_style.h ****     if(style->prop_cnt == 255) return true;
 437:Middlewares/LVGL/lvgl/src/themes/simple/../../core/../misc/lv_style.h ****     return false;
 438:Middlewares/LVGL/lvgl/src/themes/simple/../../core/../misc/lv_style.h **** }
 439:Middlewares/LVGL/lvgl/src/themes/simple/../../core/../misc/lv_style.h **** 
 440:Middlewares/LVGL/lvgl/src/themes/simple/../../core/../misc/lv_style.h **** 
 441:Middlewares/LVGL/lvgl/src/themes/simple/../../core/../misc/lv_style.h **** /**
 442:Middlewares/LVGL/lvgl/src/themes/simple/../../core/../misc/lv_style.h ****  * Register a new style property for custom usage
 443:Middlewares/LVGL/lvgl/src/themes/simple/../../core/../misc/lv_style.h ****  * @return a new property ID, or LV_STYLE_PROP_INV if there are no more available.
 444:Middlewares/LVGL/lvgl/src/themes/simple/../../core/../misc/lv_style.h ****  *
 445:Middlewares/LVGL/lvgl/src/themes/simple/../../core/../misc/lv_style.h ****  * Example:
 446:Middlewares/LVGL/lvgl/src/themes/simple/../../core/../misc/lv_style.h ****  * @code
 447:Middlewares/LVGL/lvgl/src/themes/simple/../../core/../misc/lv_style.h ****  * lv_style_prop_t MY_PROP;
 448:Middlewares/LVGL/lvgl/src/themes/simple/../../core/../misc/lv_style.h ****  * static inline void lv_style_set_my_prop(lv_style_t * style, lv_color_t value) {
 449:Middlewares/LVGL/lvgl/src/themes/simple/../../core/../misc/lv_style.h ****  * lv_style_value_t v = {.color = value}; lv_style_set_prop(style, MY_PROP, v); }
 450:Middlewares/LVGL/lvgl/src/themes/simple/../../core/../misc/lv_style.h ****  *
 451:Middlewares/LVGL/lvgl/src/themes/simple/../../core/../misc/lv_style.h ****  * ...
 452:Middlewares/LVGL/lvgl/src/themes/simple/../../core/../misc/lv_style.h ****  * MY_PROP = lv_style_register_prop();
 453:Middlewares/LVGL/lvgl/src/themes/simple/../../core/../misc/lv_style.h ****  * ...
 454:Middlewares/LVGL/lvgl/src/themes/simple/../../core/../misc/lv_style.h ****  * lv_style_set_my_prop(&style1, lv_palette_main(LV_PALETTE_RED));
 455:Middlewares/LVGL/lvgl/src/themes/simple/../../core/../misc/lv_style.h ****  * @endcode
 456:Middlewares/LVGL/lvgl/src/themes/simple/../../core/../misc/lv_style.h ****  */
 457:Middlewares/LVGL/lvgl/src/themes/simple/../../core/../misc/lv_style.h **** lv_style_prop_t lv_style_register_prop(uint8_t flag);
 458:Middlewares/LVGL/lvgl/src/themes/simple/../../core/../misc/lv_style.h **** 
 459:Middlewares/LVGL/lvgl/src/themes/simple/../../core/../misc/lv_style.h **** /**
 460:Middlewares/LVGL/lvgl/src/themes/simple/../../core/../misc/lv_style.h ****  * Get the number of custom properties that have been registered thus far.
 461:Middlewares/LVGL/lvgl/src/themes/simple/../../core/../misc/lv_style.h ****  */
 462:Middlewares/LVGL/lvgl/src/themes/simple/../../core/../misc/lv_style.h **** lv_style_prop_t lv_style_get_num_custom_props(void);
 463:Middlewares/LVGL/lvgl/src/themes/simple/../../core/../misc/lv_style.h **** 
 464:Middlewares/LVGL/lvgl/src/themes/simple/../../core/../misc/lv_style.h **** /**
 465:Middlewares/LVGL/lvgl/src/themes/simple/../../core/../misc/lv_style.h ****  * Remove a property from a style
 466:Middlewares/LVGL/lvgl/src/themes/simple/../../core/../misc/lv_style.h ****  * @param style pointer to a style
 467:Middlewares/LVGL/lvgl/src/themes/simple/../../core/../misc/lv_style.h ****  * @param prop  a style property ORed with a state.
 468:Middlewares/LVGL/lvgl/src/themes/simple/../../core/../misc/lv_style.h ****  * @return true: the property was found and removed; false: the property wasn't found
 469:Middlewares/LVGL/lvgl/src/themes/simple/../../core/../misc/lv_style.h ****  */
 470:Middlewares/LVGL/lvgl/src/themes/simple/../../core/../misc/lv_style.h **** bool lv_style_remove_prop(lv_style_t * style, lv_style_prop_t prop);
 471:Middlewares/LVGL/lvgl/src/themes/simple/../../core/../misc/lv_style.h **** 
 472:Middlewares/LVGL/lvgl/src/themes/simple/../../core/../misc/lv_style.h **** /**
 473:Middlewares/LVGL/lvgl/src/themes/simple/../../core/../misc/lv_style.h ****  * Set the value of property in a style.
 474:Middlewares/LVGL/lvgl/src/themes/simple/../../core/../misc/lv_style.h ****  * This function shouldn't be used directly by the user.
 475:Middlewares/LVGL/lvgl/src/themes/simple/../../core/../misc/lv_style.h ****  * Instead use `lv_style_set_<prop_name>()`. E.g. `lv_style_set_bg_color()`
 476:Middlewares/LVGL/lvgl/src/themes/simple/../../core/../misc/lv_style.h ****  * @param style pointer to style
 477:Middlewares/LVGL/lvgl/src/themes/simple/../../core/../misc/lv_style.h ****  * @param prop the ID of a property (e.g. `LV_STYLE_BG_COLOR`)
 478:Middlewares/LVGL/lvgl/src/themes/simple/../../core/../misc/lv_style.h ****  * @param value `lv_style_value_t` variable in which a field is set according to the type of `prop`
 479:Middlewares/LVGL/lvgl/src/themes/simple/../../core/../misc/lv_style.h ****  */
 480:Middlewares/LVGL/lvgl/src/themes/simple/../../core/../misc/lv_style.h **** void lv_style_set_prop(lv_style_t * style, lv_style_prop_t prop, lv_style_value_t value);
 481:Middlewares/LVGL/lvgl/src/themes/simple/../../core/../misc/lv_style.h **** 
 482:Middlewares/LVGL/lvgl/src/themes/simple/../../core/../misc/lv_style.h **** /**
 483:Middlewares/LVGL/lvgl/src/themes/simple/../../core/../misc/lv_style.h ****  * Get the value of a property
 484:Middlewares/LVGL/lvgl/src/themes/simple/../../core/../misc/lv_style.h ****  * @param style pointer to a style
ARM GAS  C:\Users\w1785\AppData\Local\Temp\ccjJGjW6.s 			page 35


 485:Middlewares/LVGL/lvgl/src/themes/simple/../../core/../misc/lv_style.h ****  * @param prop  the ID of a property
 486:Middlewares/LVGL/lvgl/src/themes/simple/../../core/../misc/lv_style.h ****  * @param value pointer to a `lv_style_value_t` variable to store the value
 487:Middlewares/LVGL/lvgl/src/themes/simple/../../core/../misc/lv_style.h ****  * @return LV_RESULT_INVALID: the property wasn't found in the style (`value` is unchanged)
 488:Middlewares/LVGL/lvgl/src/themes/simple/../../core/../misc/lv_style.h ****  *         LV_RESULT_OK: the property was fond, and `value` is set accordingly
 489:Middlewares/LVGL/lvgl/src/themes/simple/../../core/../misc/lv_style.h ****  * @note For performance reasons there are no sanity check on `style`
 490:Middlewares/LVGL/lvgl/src/themes/simple/../../core/../misc/lv_style.h ****  */
 491:Middlewares/LVGL/lvgl/src/themes/simple/../../core/../misc/lv_style.h **** lv_style_res_t lv_style_get_prop(const lv_style_t * style, lv_style_prop_t prop, lv_style_value_t *
 492:Middlewares/LVGL/lvgl/src/themes/simple/../../core/../misc/lv_style.h **** 
 493:Middlewares/LVGL/lvgl/src/themes/simple/../../core/../misc/lv_style.h **** /**
 494:Middlewares/LVGL/lvgl/src/themes/simple/../../core/../misc/lv_style.h ****  * Initialize a transition descriptor.
 495:Middlewares/LVGL/lvgl/src/themes/simple/../../core/../misc/lv_style.h ****  * @param tr        pointer to a transition descriptor to initialize
 496:Middlewares/LVGL/lvgl/src/themes/simple/../../core/../misc/lv_style.h ****  * @param props     an array with the properties to transition. The last element must be zero.
 497:Middlewares/LVGL/lvgl/src/themes/simple/../../core/../misc/lv_style.h ****  * @param path_cb   an animation path (ease) callback. If `NULL` liner path will be used.
 498:Middlewares/LVGL/lvgl/src/themes/simple/../../core/../misc/lv_style.h ****  * @param time      duration of the transition in [ms]
 499:Middlewares/LVGL/lvgl/src/themes/simple/../../core/../misc/lv_style.h ****  * @param delay     delay before the transition in [ms]
 500:Middlewares/LVGL/lvgl/src/themes/simple/../../core/../misc/lv_style.h ****  * @param user_data any custom data that will be saved in the transition animation and will be avai
 501:Middlewares/LVGL/lvgl/src/themes/simple/../../core/../misc/lv_style.h ****  *
 502:Middlewares/LVGL/lvgl/src/themes/simple/../../core/../misc/lv_style.h ****  * Example:
 503:Middlewares/LVGL/lvgl/src/themes/simple/../../core/../misc/lv_style.h ****  * @code
 504:Middlewares/LVGL/lvgl/src/themes/simple/../../core/../misc/lv_style.h ****  * const static lv_style_prop_t trans_props[] = { LV_STYLE_BG_OPA, LV_STYLE_BG_COLOR, 0 };
 505:Middlewares/LVGL/lvgl/src/themes/simple/../../core/../misc/lv_style.h ****  * static lv_style_transition_dsc_t trans1;
 506:Middlewares/LVGL/lvgl/src/themes/simple/../../core/../misc/lv_style.h ****  * lv_style_transition_dsc_init(&trans1, trans_props, NULL, 300, 0, NULL);
 507:Middlewares/LVGL/lvgl/src/themes/simple/../../core/../misc/lv_style.h ****  * @endcode
 508:Middlewares/LVGL/lvgl/src/themes/simple/../../core/../misc/lv_style.h ****  */
 509:Middlewares/LVGL/lvgl/src/themes/simple/../../core/../misc/lv_style.h **** void lv_style_transition_dsc_init(lv_style_transition_dsc_t * tr, const lv_style_prop_t props[],
 510:Middlewares/LVGL/lvgl/src/themes/simple/../../core/../misc/lv_style.h ****                                   lv_anim_path_cb_t path_cb, uint32_t time, uint32_t delay, void * 
 511:Middlewares/LVGL/lvgl/src/themes/simple/../../core/../misc/lv_style.h **** 
 512:Middlewares/LVGL/lvgl/src/themes/simple/../../core/../misc/lv_style.h **** /**
 513:Middlewares/LVGL/lvgl/src/themes/simple/../../core/../misc/lv_style.h ****  * Get the default value of a property
 514:Middlewares/LVGL/lvgl/src/themes/simple/../../core/../misc/lv_style.h ****  * @param prop the ID of a property
 515:Middlewares/LVGL/lvgl/src/themes/simple/../../core/../misc/lv_style.h ****  * @return the default value
 516:Middlewares/LVGL/lvgl/src/themes/simple/../../core/../misc/lv_style.h ****  */
 517:Middlewares/LVGL/lvgl/src/themes/simple/../../core/../misc/lv_style.h **** lv_style_value_t lv_style_prop_get_default(lv_style_prop_t prop);
 518:Middlewares/LVGL/lvgl/src/themes/simple/../../core/../misc/lv_style.h **** 
 519:Middlewares/LVGL/lvgl/src/themes/simple/../../core/../misc/lv_style.h **** /**
 520:Middlewares/LVGL/lvgl/src/themes/simple/../../core/../misc/lv_style.h ****  * Get the value of a property
 521:Middlewares/LVGL/lvgl/src/themes/simple/../../core/../misc/lv_style.h ****  * @param style pointer to a style
 522:Middlewares/LVGL/lvgl/src/themes/simple/../../core/../misc/lv_style.h ****  * @param prop  the ID of a property
 523:Middlewares/LVGL/lvgl/src/themes/simple/../../core/../misc/lv_style.h ****  * @param value pointer to a `lv_style_value_t` variable to store the value
 524:Middlewares/LVGL/lvgl/src/themes/simple/../../core/../misc/lv_style.h ****  * @return LV_RESULT_INVALID: the property wasn't found in the style (`value` is unchanged)
 525:Middlewares/LVGL/lvgl/src/themes/simple/../../core/../misc/lv_style.h ****  *         LV_RESULT_OK: the property was fond, and `value` is set accordingly
 526:Middlewares/LVGL/lvgl/src/themes/simple/../../core/../misc/lv_style.h ****  * @note For performance reasons there are no sanity check on `style`
 527:Middlewares/LVGL/lvgl/src/themes/simple/../../core/../misc/lv_style.h ****  * @note This function is the same as ::lv_style_get_prop but inlined. Use it only on performance c
 528:Middlewares/LVGL/lvgl/src/themes/simple/../../core/../misc/lv_style.h ****  */
 529:Middlewares/LVGL/lvgl/src/themes/simple/../../core/../misc/lv_style.h **** static inline lv_style_res_t lv_style_get_prop_inlined(const lv_style_t * style, lv_style_prop_t pr
 530:Middlewares/LVGL/lvgl/src/themes/simple/../../core/../misc/lv_style.h ****                                                        lv_style_value_t * value)
 531:Middlewares/LVGL/lvgl/src/themes/simple/../../core/../misc/lv_style.h **** {
 532:Middlewares/LVGL/lvgl/src/themes/simple/../../core/../misc/lv_style.h ****     if(lv_style_is_const(style)) {
 533:Middlewares/LVGL/lvgl/src/themes/simple/../../core/../misc/lv_style.h ****         lv_style_const_prop_t * props = (lv_style_const_prop_t *)style->values_and_props;
 534:Middlewares/LVGL/lvgl/src/themes/simple/../../core/../misc/lv_style.h ****         uint32_t i;
 535:Middlewares/LVGL/lvgl/src/themes/simple/../../core/../misc/lv_style.h ****         for(i = 0; props[i].prop != LV_STYLE_PROP_INV; i++) {
 536:Middlewares/LVGL/lvgl/src/themes/simple/../../core/../misc/lv_style.h ****             if(props[i].prop == prop) {
 537:Middlewares/LVGL/lvgl/src/themes/simple/../../core/../misc/lv_style.h ****                 *value = props[i].value;
 538:Middlewares/LVGL/lvgl/src/themes/simple/../../core/../misc/lv_style.h ****                 return LV_STYLE_RES_FOUND;
 539:Middlewares/LVGL/lvgl/src/themes/simple/../../core/../misc/lv_style.h ****             }
 540:Middlewares/LVGL/lvgl/src/themes/simple/../../core/../misc/lv_style.h ****         }
 541:Middlewares/LVGL/lvgl/src/themes/simple/../../core/../misc/lv_style.h ****     }
ARM GAS  C:\Users\w1785\AppData\Local\Temp\ccjJGjW6.s 			page 36


 542:Middlewares/LVGL/lvgl/src/themes/simple/../../core/../misc/lv_style.h ****     else {
 543:Middlewares/LVGL/lvgl/src/themes/simple/../../core/../misc/lv_style.h ****         lv_style_prop_t * props = (lv_style_prop_t *)style->values_and_props + style->prop_cnt * si
 544:Middlewares/LVGL/lvgl/src/themes/simple/../../core/../misc/lv_style.h ****         uint32_t i;
 545:Middlewares/LVGL/lvgl/src/themes/simple/../../core/../misc/lv_style.h ****         for(i = 0; i < style->prop_cnt; i++) {
 546:Middlewares/LVGL/lvgl/src/themes/simple/../../core/../misc/lv_style.h ****             if(props[i] == prop) {
 547:Middlewares/LVGL/lvgl/src/themes/simple/../../core/../misc/lv_style.h ****                 lv_style_value_t * values = (lv_style_value_t *)style->values_and_props;
 548:Middlewares/LVGL/lvgl/src/themes/simple/../../core/../misc/lv_style.h ****                 *value = values[i];
 549:Middlewares/LVGL/lvgl/src/themes/simple/../../core/../misc/lv_style.h ****                 return LV_STYLE_RES_FOUND;
 550:Middlewares/LVGL/lvgl/src/themes/simple/../../core/../misc/lv_style.h ****             }
 551:Middlewares/LVGL/lvgl/src/themes/simple/../../core/../misc/lv_style.h ****         }
 552:Middlewares/LVGL/lvgl/src/themes/simple/../../core/../misc/lv_style.h ****     }
 553:Middlewares/LVGL/lvgl/src/themes/simple/../../core/../misc/lv_style.h ****     return LV_STYLE_RES_NOT_FOUND;
 554:Middlewares/LVGL/lvgl/src/themes/simple/../../core/../misc/lv_style.h **** }
 555:Middlewares/LVGL/lvgl/src/themes/simple/../../core/../misc/lv_style.h **** 
 556:Middlewares/LVGL/lvgl/src/themes/simple/../../core/../misc/lv_style.h **** /**
 557:Middlewares/LVGL/lvgl/src/themes/simple/../../core/../misc/lv_style.h ****  * Checks if a style is empty (has no properties)
 558:Middlewares/LVGL/lvgl/src/themes/simple/../../core/../misc/lv_style.h ****  * @param style pointer to a style
 559:Middlewares/LVGL/lvgl/src/themes/simple/../../core/../misc/lv_style.h ****  * @return true if the style is empty
 560:Middlewares/LVGL/lvgl/src/themes/simple/../../core/../misc/lv_style.h ****  */
 561:Middlewares/LVGL/lvgl/src/themes/simple/../../core/../misc/lv_style.h **** bool lv_style_is_empty(const lv_style_t * style);
 562:Middlewares/LVGL/lvgl/src/themes/simple/../../core/../misc/lv_style.h **** 
 563:Middlewares/LVGL/lvgl/src/themes/simple/../../core/../misc/lv_style.h **** /**
 564:Middlewares/LVGL/lvgl/src/themes/simple/../../core/../misc/lv_style.h ****  * Tell the group of a property. If the a property from a group is set in a style the (1 << group) 
 565:Middlewares/LVGL/lvgl/src/themes/simple/../../core/../misc/lv_style.h ****  * It allows early skipping the style if the property is not exists in the style at all.
 566:Middlewares/LVGL/lvgl/src/themes/simple/../../core/../misc/lv_style.h ****  * @param prop a style property
 567:Middlewares/LVGL/lvgl/src/themes/simple/../../core/../misc/lv_style.h ****  * @return the group [0..30] 30 means all the custom properties with index > 120
 568:Middlewares/LVGL/lvgl/src/themes/simple/../../core/../misc/lv_style.h ****  */
 569:Middlewares/LVGL/lvgl/src/themes/simple/../../core/../misc/lv_style.h **** static inline uint32_t lv_style_get_prop_group(lv_style_prop_t prop)
 570:Middlewares/LVGL/lvgl/src/themes/simple/../../core/../misc/lv_style.h **** {
 571:Middlewares/LVGL/lvgl/src/themes/simple/../../core/../misc/lv_style.h ****     uint32_t group = prop >> 2;
 572:Middlewares/LVGL/lvgl/src/themes/simple/../../core/../misc/lv_style.h ****     if(group > 30) group = 31;    /*The MSB marks all the custom properties*/
 573:Middlewares/LVGL/lvgl/src/themes/simple/../../core/../misc/lv_style.h ****     return group;
 574:Middlewares/LVGL/lvgl/src/themes/simple/../../core/../misc/lv_style.h **** 
 575:Middlewares/LVGL/lvgl/src/themes/simple/../../core/../misc/lv_style.h **** }
 576:Middlewares/LVGL/lvgl/src/themes/simple/../../core/../misc/lv_style.h **** 
 577:Middlewares/LVGL/lvgl/src/themes/simple/../../core/../misc/lv_style.h **** /**
 578:Middlewares/LVGL/lvgl/src/themes/simple/../../core/../misc/lv_style.h ****  * Get the flags of a built-in or custom property.
 579:Middlewares/LVGL/lvgl/src/themes/simple/../../core/../misc/lv_style.h ****  *
 580:Middlewares/LVGL/lvgl/src/themes/simple/../../core/../misc/lv_style.h ****  * @param prop a style property
 581:Middlewares/LVGL/lvgl/src/themes/simple/../../core/../misc/lv_style.h ****  * @return the flags of the property
 582:Middlewares/LVGL/lvgl/src/themes/simple/../../core/../misc/lv_style.h ****  */
 583:Middlewares/LVGL/lvgl/src/themes/simple/../../core/../misc/lv_style.h **** uint8_t lv_style_prop_lookup_flags(lv_style_prop_t prop);
 584:Middlewares/LVGL/lvgl/src/themes/simple/../../core/../misc/lv_style.h **** 
 585:Middlewares/LVGL/lvgl/src/themes/simple/../../core/../misc/lv_style.h **** #include "lv_style_gen.h"
 586:Middlewares/LVGL/lvgl/src/themes/simple/../../core/../misc/lv_style.h **** 
 587:Middlewares/LVGL/lvgl/src/themes/simple/../../core/../misc/lv_style.h **** /**
 588:Middlewares/LVGL/lvgl/src/themes/simple/../../core/../misc/lv_style.h ****  * Set `style`s width and height.
 589:Middlewares/LVGL/lvgl/src/themes/simple/../../core/../misc/lv_style.h ****  * @param  style   pointer to style to be modified
 590:Middlewares/LVGL/lvgl/src/themes/simple/../../core/../misc/lv_style.h ****  * @param  width   width in pixels
 591:Middlewares/LVGL/lvgl/src/themes/simple/../../core/../misc/lv_style.h ****  * @param  height  height in pixels
 592:Middlewares/LVGL/lvgl/src/themes/simple/../../core/../misc/lv_style.h ****  */
 593:Middlewares/LVGL/lvgl/src/themes/simple/../../core/../misc/lv_style.h **** static inline void lv_style_set_size(lv_style_t * style, int32_t width, int32_t height)
 594:Middlewares/LVGL/lvgl/src/themes/simple/../../core/../misc/lv_style.h **** {
 595:Middlewares/LVGL/lvgl/src/themes/simple/../../core/../misc/lv_style.h ****     lv_style_set_width(style, width);
 596:Middlewares/LVGL/lvgl/src/themes/simple/../../core/../misc/lv_style.h ****     lv_style_set_height(style, height);
 597:Middlewares/LVGL/lvgl/src/themes/simple/../../core/../misc/lv_style.h **** }
 598:Middlewares/LVGL/lvgl/src/themes/simple/../../core/../misc/lv_style.h **** 
ARM GAS  C:\Users\w1785\AppData\Local\Temp\ccjJGjW6.s 			page 37


 599:Middlewares/LVGL/lvgl/src/themes/simple/../../core/../misc/lv_style.h **** /**
 600:Middlewares/LVGL/lvgl/src/themes/simple/../../core/../misc/lv_style.h ****  * Set all 4 of `style`s padding values.
 601:Middlewares/LVGL/lvgl/src/themes/simple/../../core/../misc/lv_style.h ****  * @param  style   pointer to style to be modified
 602:Middlewares/LVGL/lvgl/src/themes/simple/../../core/../misc/lv_style.h ****  * @param  value   padding dimension in pixels
 603:Middlewares/LVGL/lvgl/src/themes/simple/../../core/../misc/lv_style.h ****  */
 604:Middlewares/LVGL/lvgl/src/themes/simple/../../core/../misc/lv_style.h **** static inline void lv_style_set_pad_all(lv_style_t * style, int32_t value)
 605:Middlewares/LVGL/lvgl/src/themes/simple/../../core/../misc/lv_style.h **** {
 868              		.loc 2 605 1 view -0
 869              		.cfi_startproc
 870              		@ args = 0, pretend = 0, frame = 0
 871              		@ frame_needed = 0, uses_anonymous_args = 0
 872              		.loc 2 605 1 is_stmt 0 view .LVU191
 873 0000 38B5     		push	{r3, r4, r5, lr}
 874              	.LCFI1:
 875              		.cfi_def_cfa_offset 16
 876              		.cfi_offset 3, -16
 877              		.cfi_offset 4, -12
 878              		.cfi_offset 5, -8
 879              		.cfi_offset 14, -4
 880 0002 0446     		mov	r4, r0
 881 0004 0D46     		mov	r5, r1
 606:Middlewares/LVGL/lvgl/src/themes/simple/../../core/../misc/lv_style.h ****     lv_style_set_pad_left(style, value);
 882              		.loc 2 606 5 is_stmt 1 view .LVU192
 883 0006 FFF7FEFF 		bl	lv_style_set_pad_left
 884              	.LVL114:
 607:Middlewares/LVGL/lvgl/src/themes/simple/../../core/../misc/lv_style.h ****     lv_style_set_pad_right(style, value);
 885              		.loc 2 607 5 view .LVU193
 886 000a 2946     		mov	r1, r5
 887 000c 2046     		mov	r0, r4
 888 000e FFF7FEFF 		bl	lv_style_set_pad_right
 889              	.LVL115:
 608:Middlewares/LVGL/lvgl/src/themes/simple/../../core/../misc/lv_style.h ****     lv_style_set_pad_top(style, value);
 890              		.loc 2 608 5 view .LVU194
 891 0012 2946     		mov	r1, r5
 892 0014 2046     		mov	r0, r4
 893 0016 FFF7FEFF 		bl	lv_style_set_pad_top
 894              	.LVL116:
 609:Middlewares/LVGL/lvgl/src/themes/simple/../../core/../misc/lv_style.h ****     lv_style_set_pad_bottom(style, value);
 895              		.loc 2 609 5 view .LVU195
 896 001a 2946     		mov	r1, r5
 897 001c 2046     		mov	r0, r4
 898 001e FFF7FEFF 		bl	lv_style_set_pad_bottom
 899              	.LVL117:
 610:Middlewares/LVGL/lvgl/src/themes/simple/../../core/../misc/lv_style.h **** }
 900              		.loc 2 610 1 is_stmt 0 view .LVU196
 901 0022 38BD     		pop	{r3, r4, r5, pc}
 902              		.loc 2 610 1 view .LVU197
 903              		.cfi_endproc
 904              	.LFE15:
 906              		.section	.text.lv_theme_simple_is_inited,"ax",%progbits
 907              		.align	1
 908              		.global	lv_theme_simple_is_inited
 909              		.syntax unified
 910              		.thumb
 911              		.thumb_func
 913              	lv_theme_simple_is_inited:
 914              	.LFB211:
ARM GAS  C:\Users\w1785\AppData\Local\Temp\ccjJGjW6.s 			page 38


 179:Middlewares/LVGL/lvgl/src/themes/simple/lv_theme_simple.c ****     my_theme_t * theme = theme_def;
 915              		.loc 1 179 1 is_stmt 1 view -0
 916              		.cfi_startproc
 917              		@ args = 0, pretend = 0, frame = 0
 918              		@ frame_needed = 0, uses_anonymous_args = 0
 919              		@ link register save eliminated.
 180:Middlewares/LVGL/lvgl/src/themes/simple/lv_theme_simple.c ****     if(theme == NULL) return false;
 920              		.loc 1 180 5 view .LVU199
 180:Middlewares/LVGL/lvgl/src/themes/simple/lv_theme_simple.c ****     if(theme == NULL) return false;
 921              		.loc 1 180 18 is_stmt 0 view .LVU200
 922 0000 044B     		ldr	r3, .L52
 923 0002 D3F8C831 		ldr	r3, [r3, #456]
 924              	.LVL118:
 181:Middlewares/LVGL/lvgl/src/themes/simple/lv_theme_simple.c ****     return theme->inited;
 925              		.loc 1 181 5 is_stmt 1 view .LVU201
 181:Middlewares/LVGL/lvgl/src/themes/simple/lv_theme_simple.c ****     return theme->inited;
 926              		.loc 1 181 7 is_stmt 0 view .LVU202
 927 0006 13B1     		cbz	r3, .L51
 182:Middlewares/LVGL/lvgl/src/themes/simple/lv_theme_simple.c **** }
 928              		.loc 1 182 5 is_stmt 1 view .LVU203
 182:Middlewares/LVGL/lvgl/src/themes/simple/lv_theme_simple.c **** }
 929              		.loc 1 182 17 is_stmt 0 view .LVU204
 930 0008 93F8A000 		ldrb	r0, [r3, #160]	@ zero_extendqisi2
 931 000c 7047     		bx	lr
 932              	.L51:
 181:Middlewares/LVGL/lvgl/src/themes/simple/lv_theme_simple.c ****     return theme->inited;
 933              		.loc 1 181 30 discriminator 1 view .LVU205
 934 000e 0020     		movs	r0, #0
 183:Middlewares/LVGL/lvgl/src/themes/simple/lv_theme_simple.c **** 
 935              		.loc 1 183 1 view .LVU206
 936 0010 7047     		bx	lr
 937              	.L53:
 938 0012 00BF     		.align	2
 939              	.L52:
 940 0014 00000000 		.word	lv_global
 941              		.cfi_endproc
 942              	.LFE211:
 944              		.section	.text.style_init_reset,"ax",%progbits
 945              		.align	1
 946              		.syntax unified
 947              		.thumb
 948              		.thumb_func
 950              	style_init_reset:
 951              	.LVL119:
 952              	.LFB215:
 439:Middlewares/LVGL/lvgl/src/themes/simple/lv_theme_simple.c **** 
 440:Middlewares/LVGL/lvgl/src/themes/simple/lv_theme_simple.c **** static void style_init_reset(lv_style_t * style)
 441:Middlewares/LVGL/lvgl/src/themes/simple/lv_theme_simple.c **** {
 953              		.loc 1 441 1 is_stmt 1 view -0
 954              		.cfi_startproc
 955              		@ args = 0, pretend = 0, frame = 0
 956              		@ frame_needed = 0, uses_anonymous_args = 0
 957              		.loc 1 441 1 is_stmt 0 view .LVU208
 958 0000 10B5     		push	{r4, lr}
 959              	.LCFI2:
 960              		.cfi_def_cfa_offset 8
 961              		.cfi_offset 4, -8
ARM GAS  C:\Users\w1785\AppData\Local\Temp\ccjJGjW6.s 			page 39


 962              		.cfi_offset 14, -4
 963 0002 0446     		mov	r4, r0
 442:Middlewares/LVGL/lvgl/src/themes/simple/lv_theme_simple.c ****     if(lv_theme_simple_is_inited()) {
 964              		.loc 1 442 5 is_stmt 1 view .LVU209
 965              		.loc 1 442 8 is_stmt 0 view .LVU210
 966 0004 FFF7FEFF 		bl	lv_theme_simple_is_inited
 967              	.LVL120:
 968              		.loc 1 442 7 discriminator 1 view .LVU211
 969 0008 18B1     		cbz	r0, .L55
 443:Middlewares/LVGL/lvgl/src/themes/simple/lv_theme_simple.c ****         lv_style_reset(style);
 970              		.loc 1 443 9 is_stmt 1 view .LVU212
 971 000a 2046     		mov	r0, r4
 972 000c FFF7FEFF 		bl	lv_style_reset
 973              	.LVL121:
 974              	.L54:
 444:Middlewares/LVGL/lvgl/src/themes/simple/lv_theme_simple.c ****     }
 445:Middlewares/LVGL/lvgl/src/themes/simple/lv_theme_simple.c ****     else {
 446:Middlewares/LVGL/lvgl/src/themes/simple/lv_theme_simple.c ****         lv_style_init(style);
 447:Middlewares/LVGL/lvgl/src/themes/simple/lv_theme_simple.c ****     }
 448:Middlewares/LVGL/lvgl/src/themes/simple/lv_theme_simple.c **** }
 975              		.loc 1 448 1 is_stmt 0 view .LVU213
 976 0010 10BD     		pop	{r4, pc}
 977              	.LVL122:
 978              	.L55:
 446:Middlewares/LVGL/lvgl/src/themes/simple/lv_theme_simple.c ****     }
 979              		.loc 1 446 9 is_stmt 1 view .LVU214
 980 0012 2046     		mov	r0, r4
 981 0014 FFF7FEFF 		bl	lv_style_init
 982              	.LVL123:
 983              		.loc 1 448 1 is_stmt 0 view .LVU215
 984 0018 FAE7     		b	.L54
 985              		.cfi_endproc
 986              	.LFE215:
 988              		.section	.text.style_init,"ax",%progbits
 989              		.align	1
 990              		.syntax unified
 991              		.thumb
 992              		.thumb_func
 994              	style_init:
 995              	.LVL124:
 996              	.LFB209:
  78:Middlewares/LVGL/lvgl/src/themes/simple/lv_theme_simple.c ****     style_init_reset(&theme->styles.scrollbar);
 997              		.loc 1 78 1 is_stmt 1 view -0
 998              		.cfi_startproc
 999              		@ args = 0, pretend = 0, frame = 64
 1000              		@ frame_needed = 0, uses_anonymous_args = 0
  78:Middlewares/LVGL/lvgl/src/themes/simple/lv_theme_simple.c ****     style_init_reset(&theme->styles.scrollbar);
 1001              		.loc 1 78 1 is_stmt 0 view .LVU217
 1002 0000 30B5     		push	{r4, r5, lr}
 1003              	.LCFI3:
 1004              		.cfi_def_cfa_offset 12
 1005              		.cfi_offset 4, -12
 1006              		.cfi_offset 5, -8
 1007              		.cfi_offset 14, -4
 1008 0002 91B0     		sub	sp, sp, #68
 1009              	.LCFI4:
 1010              		.cfi_def_cfa_offset 80
ARM GAS  C:\Users\w1785\AppData\Local\Temp\ccjJGjW6.s 			page 40


 1011 0004 0446     		mov	r4, r0
  79:Middlewares/LVGL/lvgl/src/themes/simple/lv_theme_simple.c ****     lv_style_set_bg_opa(&theme->styles.scrollbar, LV_OPA_COVER);
 1012              		.loc 1 79 5 is_stmt 1 view .LVU218
 1013 0006 00F17005 		add	r5, r0, #112
 1014 000a 2846     		mov	r0, r5
 1015              	.LVL125:
  79:Middlewares/LVGL/lvgl/src/themes/simple/lv_theme_simple.c ****     lv_style_set_bg_opa(&theme->styles.scrollbar, LV_OPA_COVER);
 1016              		.loc 1 79 5 is_stmt 0 view .LVU219
 1017 000c FFF7FEFF 		bl	style_init_reset
 1018              	.LVL126:
  80:Middlewares/LVGL/lvgl/src/themes/simple/lv_theme_simple.c ****     lv_style_set_bg_color(&theme->styles.scrollbar, COLOR_DARK);
 1019              		.loc 1 80 5 is_stmt 1 view .LVU220
 1020 0010 FF21     		movs	r1, #255
 1021 0012 2846     		mov	r0, r5
 1022 0014 FFF7FEFF 		bl	lv_style_set_bg_opa
 1023              	.LVL127:
  81:Middlewares/LVGL/lvgl/src/themes/simple/lv_theme_simple.c ****     lv_style_set_width(&theme->styles.scrollbar, SCROLLBAR_WIDTH);
 1024              		.loc 1 81 5 view .LVU221
 1025 0018 1220     		movs	r0, #18
 1026 001a FFF7FEFF 		bl	lv_palette_main
 1027              	.LVL128:
 1028 001e 8DF80000 		strb	r0, [sp]
 1029 0022 C0F30723 		ubfx	r3, r0, #8, #8
 1030 0026 8DF80130 		strb	r3, [sp, #1]
 1031 002a C0F30740 		ubfx	r0, r0, #16, #8
 1032 002e 8DF80200 		strb	r0, [sp, #2]
  81:Middlewares/LVGL/lvgl/src/themes/simple/lv_theme_simple.c ****     lv_style_set_width(&theme->styles.scrollbar, SCROLLBAR_WIDTH);
 1033              		.loc 1 81 5 is_stmt 0 discriminator 1 view .LVU222
 1034 0032 0099     		ldr	r1, [sp]
 1035 0034 2846     		mov	r0, r5
 1036 0036 FFF7FEFF 		bl	lv_style_set_bg_color
 1037              	.LVL129:
  82:Middlewares/LVGL/lvgl/src/themes/simple/lv_theme_simple.c **** 
 1038              		.loc 1 82 5 is_stmt 1 view .LVU223
 1039 003a 0221     		movs	r1, #2
 1040 003c 2846     		mov	r0, r5
 1041 003e FFF7FEFF 		bl	lv_style_set_width
 1042              	.LVL130:
  84:Middlewares/LVGL/lvgl/src/themes/simple/lv_theme_simple.c ****     lv_style_set_bg_opa(&theme->styles.scr, LV_OPA_COVER);
 1043              		.loc 1 84 5 view .LVU224
 1044 0042 04F12805 		add	r5, r4, #40
 1045 0046 2846     		mov	r0, r5
 1046 0048 FFF7FEFF 		bl	style_init_reset
 1047              	.LVL131:
  85:Middlewares/LVGL/lvgl/src/themes/simple/lv_theme_simple.c ****     lv_style_set_bg_color(&theme->styles.scr, COLOR_SCR);
 1048              		.loc 1 85 5 view .LVU225
 1049 004c FF21     		movs	r1, #255
 1050 004e 2846     		mov	r0, r5
 1051 0050 FFF7FEFF 		bl	lv_style_set_bg_opa
 1052              	.LVL132:
  86:Middlewares/LVGL/lvgl/src/themes/simple/lv_theme_simple.c ****     lv_style_set_text_color(&theme->styles.scr, COLOR_DIM);
 1053              		.loc 1 86 5 view .LVU226
 1054 0054 0421     		movs	r1, #4
 1055 0056 1220     		movs	r0, #18
 1056 0058 FFF7FEFF 		bl	lv_palette_lighten
 1057              	.LVL133:
 1058 005c 8DF80400 		strb	r0, [sp, #4]
ARM GAS  C:\Users\w1785\AppData\Local\Temp\ccjJGjW6.s 			page 41


 1059 0060 C0F30723 		ubfx	r3, r0, #8, #8
 1060 0064 8DF80530 		strb	r3, [sp, #5]
 1061 0068 C0F30740 		ubfx	r0, r0, #16, #8
 1062 006c 8DF80600 		strb	r0, [sp, #6]
  86:Middlewares/LVGL/lvgl/src/themes/simple/lv_theme_simple.c ****     lv_style_set_text_color(&theme->styles.scr, COLOR_DIM);
 1063              		.loc 1 86 5 is_stmt 0 discriminator 1 view .LVU227
 1064 0070 0199     		ldr	r1, [sp, #4]
 1065 0072 2846     		mov	r0, r5
 1066 0074 FFF7FEFF 		bl	lv_style_set_bg_color
 1067              	.LVL134:
  87:Middlewares/LVGL/lvgl/src/themes/simple/lv_theme_simple.c **** 
 1068              		.loc 1 87 5 is_stmt 1 view .LVU228
 1069 0078 0221     		movs	r1, #2
 1070 007a 1220     		movs	r0, #18
 1071 007c FFF7FEFF 		bl	lv_palette_darken
 1072              	.LVL135:
 1073 0080 8DF80800 		strb	r0, [sp, #8]
 1074 0084 C0F30723 		ubfx	r3, r0, #8, #8
 1075 0088 8DF80930 		strb	r3, [sp, #9]
 1076 008c C0F30740 		ubfx	r0, r0, #16, #8
 1077 0090 8DF80A00 		strb	r0, [sp, #10]
  87:Middlewares/LVGL/lvgl/src/themes/simple/lv_theme_simple.c **** 
 1078              		.loc 1 87 5 is_stmt 0 discriminator 1 view .LVU229
 1079 0094 0299     		ldr	r1, [sp, #8]
 1080 0096 2846     		mov	r0, r5
 1081 0098 FFF7FEFF 		bl	lv_style_set_text_color
 1082              	.LVL136:
  89:Middlewares/LVGL/lvgl/src/themes/simple/lv_theme_simple.c ****     lv_style_set_bg_opa(&theme->styles.transp, LV_OPA_TRANSP);
 1083              		.loc 1 89 5 is_stmt 1 view .LVU230
 1084 009c 04F13405 		add	r5, r4, #52
 1085 00a0 2846     		mov	r0, r5
 1086 00a2 FFF7FEFF 		bl	style_init_reset
 1087              	.LVL137:
  90:Middlewares/LVGL/lvgl/src/themes/simple/lv_theme_simple.c **** 
 1088              		.loc 1 90 5 view .LVU231
 1089 00a6 0021     		movs	r1, #0
 1090 00a8 2846     		mov	r0, r5
 1091 00aa FFF7FEFF 		bl	lv_style_set_bg_opa
 1092              	.LVL138:
  92:Middlewares/LVGL/lvgl/src/themes/simple/lv_theme_simple.c ****     lv_style_set_bg_opa(&theme->styles.white, LV_OPA_COVER);
 1093              		.loc 1 92 5 view .LVU232
 1094 00ae 04F14005 		add	r5, r4, #64
 1095 00b2 2846     		mov	r0, r5
 1096 00b4 FFF7FEFF 		bl	style_init_reset
 1097              	.LVL139:
  93:Middlewares/LVGL/lvgl/src/themes/simple/lv_theme_simple.c ****     lv_style_set_bg_color(&theme->styles.white, COLOR_WHITE);
 1098              		.loc 1 93 5 view .LVU233
 1099 00b8 FF21     		movs	r1, #255
 1100 00ba 2846     		mov	r0, r5
 1101 00bc FFF7FEFF 		bl	lv_style_set_bg_opa
 1102              	.LVL140:
  94:Middlewares/LVGL/lvgl/src/themes/simple/lv_theme_simple.c ****     lv_style_set_line_width(&theme->styles.white, 1);
 1103              		.loc 1 94 5 view .LVU234
 1104 00c0 FFF7FEFF 		bl	lv_color_white
 1105              	.LVL141:
 1106 00c4 8DF80C00 		strb	r0, [sp, #12]
 1107 00c8 C0F30723 		ubfx	r3, r0, #8, #8
ARM GAS  C:\Users\w1785\AppData\Local\Temp\ccjJGjW6.s 			page 42


 1108 00cc 8DF80D30 		strb	r3, [sp, #13]
 1109 00d0 C0F30740 		ubfx	r0, r0, #16, #8
 1110 00d4 8DF80E00 		strb	r0, [sp, #14]
  94:Middlewares/LVGL/lvgl/src/themes/simple/lv_theme_simple.c ****     lv_style_set_line_width(&theme->styles.white, 1);
 1111              		.loc 1 94 5 is_stmt 0 discriminator 1 view .LVU235
 1112 00d8 0399     		ldr	r1, [sp, #12]
 1113 00da 2846     		mov	r0, r5
 1114 00dc FFF7FEFF 		bl	lv_style_set_bg_color
 1115              	.LVL142:
  95:Middlewares/LVGL/lvgl/src/themes/simple/lv_theme_simple.c ****     lv_style_set_line_color(&theme->styles.white, COLOR_WHITE);
 1116              		.loc 1 95 5 is_stmt 1 view .LVU236
 1117 00e0 0121     		movs	r1, #1
 1118 00e2 2846     		mov	r0, r5
 1119 00e4 FFF7FEFF 		bl	lv_style_set_line_width
 1120              	.LVL143:
  96:Middlewares/LVGL/lvgl/src/themes/simple/lv_theme_simple.c ****     lv_style_set_arc_width(&theme->styles.white, 2);
 1121              		.loc 1 96 5 view .LVU237
 1122 00e8 FFF7FEFF 		bl	lv_color_white
 1123              	.LVL144:
 1124 00ec 8DF81000 		strb	r0, [sp, #16]
 1125 00f0 C0F30723 		ubfx	r3, r0, #8, #8
 1126 00f4 8DF81130 		strb	r3, [sp, #17]
 1127 00f8 C0F30740 		ubfx	r0, r0, #16, #8
 1128 00fc 8DF81200 		strb	r0, [sp, #18]
  96:Middlewares/LVGL/lvgl/src/themes/simple/lv_theme_simple.c ****     lv_style_set_arc_width(&theme->styles.white, 2);
 1129              		.loc 1 96 5 is_stmt 0 discriminator 1 view .LVU238
 1130 0100 0499     		ldr	r1, [sp, #16]
 1131 0102 2846     		mov	r0, r5
 1132 0104 FFF7FEFF 		bl	lv_style_set_line_color
 1133              	.LVL145:
  97:Middlewares/LVGL/lvgl/src/themes/simple/lv_theme_simple.c ****     lv_style_set_arc_color(&theme->styles.white, COLOR_WHITE);
 1134              		.loc 1 97 5 is_stmt 1 view .LVU239
 1135 0108 0221     		movs	r1, #2
 1136 010a 2846     		mov	r0, r5
 1137 010c FFF7FEFF 		bl	lv_style_set_arc_width
 1138              	.LVL146:
  98:Middlewares/LVGL/lvgl/src/themes/simple/lv_theme_simple.c **** 
 1139              		.loc 1 98 5 view .LVU240
 1140 0110 FFF7FEFF 		bl	lv_color_white
 1141              	.LVL147:
 1142 0114 8DF81400 		strb	r0, [sp, #20]
 1143 0118 C0F30723 		ubfx	r3, r0, #8, #8
 1144 011c 8DF81530 		strb	r3, [sp, #21]
 1145 0120 C0F30740 		ubfx	r0, r0, #16, #8
 1146 0124 8DF81600 		strb	r0, [sp, #22]
  98:Middlewares/LVGL/lvgl/src/themes/simple/lv_theme_simple.c **** 
 1147              		.loc 1 98 5 is_stmt 0 discriminator 1 view .LVU241
 1148 0128 0599     		ldr	r1, [sp, #20]
 1149 012a 2846     		mov	r0, r5
 1150 012c FFF7FEFF 		bl	lv_style_set_arc_color
 1151              	.LVL148:
 100:Middlewares/LVGL/lvgl/src/themes/simple/lv_theme_simple.c ****     lv_style_set_bg_opa(&theme->styles.light, LV_OPA_COVER);
 1152              		.loc 1 100 5 is_stmt 1 view .LVU242
 1153 0130 04F14C05 		add	r5, r4, #76
 1154 0134 2846     		mov	r0, r5
 1155 0136 FFF7FEFF 		bl	style_init_reset
 1156              	.LVL149:
ARM GAS  C:\Users\w1785\AppData\Local\Temp\ccjJGjW6.s 			page 43


 101:Middlewares/LVGL/lvgl/src/themes/simple/lv_theme_simple.c ****     lv_style_set_bg_color(&theme->styles.light, COLOR_LIGHT);
 1157              		.loc 1 101 5 view .LVU243
 1158 013a FF21     		movs	r1, #255
 1159 013c 2846     		mov	r0, r5
 1160 013e FFF7FEFF 		bl	lv_style_set_bg_opa
 1161              	.LVL150:
 102:Middlewares/LVGL/lvgl/src/themes/simple/lv_theme_simple.c ****     lv_style_set_line_width(&theme->styles.light, 1);
 1162              		.loc 1 102 5 view .LVU244
 1163 0142 0221     		movs	r1, #2
 1164 0144 1220     		movs	r0, #18
 1165 0146 FFF7FEFF 		bl	lv_palette_lighten
 1166              	.LVL151:
 1167 014a 8DF81800 		strb	r0, [sp, #24]
 1168 014e C0F30723 		ubfx	r3, r0, #8, #8
 1169 0152 8DF81930 		strb	r3, [sp, #25]
 1170 0156 C0F30740 		ubfx	r0, r0, #16, #8
 1171 015a 8DF81A00 		strb	r0, [sp, #26]
 102:Middlewares/LVGL/lvgl/src/themes/simple/lv_theme_simple.c ****     lv_style_set_line_width(&theme->styles.light, 1);
 1172              		.loc 1 102 5 is_stmt 0 discriminator 1 view .LVU245
 1173 015e 0699     		ldr	r1, [sp, #24]
 1174 0160 2846     		mov	r0, r5
 1175 0162 FFF7FEFF 		bl	lv_style_set_bg_color
 1176              	.LVL152:
 103:Middlewares/LVGL/lvgl/src/themes/simple/lv_theme_simple.c ****     lv_style_set_line_color(&theme->styles.light, COLOR_LIGHT);
 1177              		.loc 1 103 5 is_stmt 1 view .LVU246
 1178 0166 0121     		movs	r1, #1
 1179 0168 2846     		mov	r0, r5
 1180 016a FFF7FEFF 		bl	lv_style_set_line_width
 1181              	.LVL153:
 104:Middlewares/LVGL/lvgl/src/themes/simple/lv_theme_simple.c ****     lv_style_set_arc_width(&theme->styles.light, 2);
 1182              		.loc 1 104 5 view .LVU247
 1183 016e 0221     		movs	r1, #2
 1184 0170 1220     		movs	r0, #18
 1185 0172 FFF7FEFF 		bl	lv_palette_lighten
 1186              	.LVL154:
 1187 0176 8DF81C00 		strb	r0, [sp, #28]
 1188 017a C0F30723 		ubfx	r3, r0, #8, #8
 1189 017e 8DF81D30 		strb	r3, [sp, #29]
 1190 0182 C0F30740 		ubfx	r0, r0, #16, #8
 1191 0186 8DF81E00 		strb	r0, [sp, #30]
 104:Middlewares/LVGL/lvgl/src/themes/simple/lv_theme_simple.c ****     lv_style_set_arc_width(&theme->styles.light, 2);
 1192              		.loc 1 104 5 is_stmt 0 discriminator 1 view .LVU248
 1193 018a 0799     		ldr	r1, [sp, #28]
 1194 018c 2846     		mov	r0, r5
 1195 018e FFF7FEFF 		bl	lv_style_set_line_color
 1196              	.LVL155:
 105:Middlewares/LVGL/lvgl/src/themes/simple/lv_theme_simple.c ****     lv_style_set_arc_color(&theme->styles.light, COLOR_LIGHT);
 1197              		.loc 1 105 5 is_stmt 1 view .LVU249
 1198 0192 0221     		movs	r1, #2
 1199 0194 2846     		mov	r0, r5
 1200 0196 FFF7FEFF 		bl	lv_style_set_arc_width
 1201              	.LVL156:
 106:Middlewares/LVGL/lvgl/src/themes/simple/lv_theme_simple.c **** 
 1202              		.loc 1 106 5 view .LVU250
 1203 019a 0221     		movs	r1, #2
 1204 019c 1220     		movs	r0, #18
 1205 019e FFF7FEFF 		bl	lv_palette_lighten
ARM GAS  C:\Users\w1785\AppData\Local\Temp\ccjJGjW6.s 			page 44


 1206              	.LVL157:
 1207 01a2 8DF82000 		strb	r0, [sp, #32]
 1208 01a6 C0F30723 		ubfx	r3, r0, #8, #8
 1209 01aa 8DF82130 		strb	r3, [sp, #33]
 1210 01ae C0F30740 		ubfx	r0, r0, #16, #8
 1211 01b2 8DF82200 		strb	r0, [sp, #34]
 106:Middlewares/LVGL/lvgl/src/themes/simple/lv_theme_simple.c **** 
 1212              		.loc 1 106 5 is_stmt 0 discriminator 1 view .LVU251
 1213 01b6 0899     		ldr	r1, [sp, #32]
 1214 01b8 2846     		mov	r0, r5
 1215 01ba FFF7FEFF 		bl	lv_style_set_arc_color
 1216              	.LVL158:
 108:Middlewares/LVGL/lvgl/src/themes/simple/lv_theme_simple.c ****     lv_style_set_bg_opa(&theme->styles.dark, LV_OPA_COVER);
 1217              		.loc 1 108 5 is_stmt 1 view .LVU252
 1218 01be 04F15805 		add	r5, r4, #88
 1219 01c2 2846     		mov	r0, r5
 1220 01c4 FFF7FEFF 		bl	style_init_reset
 1221              	.LVL159:
 109:Middlewares/LVGL/lvgl/src/themes/simple/lv_theme_simple.c ****     lv_style_set_bg_color(&theme->styles.dark, COLOR_DARK);
 1222              		.loc 1 109 5 view .LVU253
 1223 01c8 FF21     		movs	r1, #255
 1224 01ca 2846     		mov	r0, r5
 1225 01cc FFF7FEFF 		bl	lv_style_set_bg_opa
 1226              	.LVL160:
 110:Middlewares/LVGL/lvgl/src/themes/simple/lv_theme_simple.c ****     lv_style_set_line_width(&theme->styles.dark, 1);
 1227              		.loc 1 110 5 view .LVU254
 1228 01d0 1220     		movs	r0, #18
 1229 01d2 FFF7FEFF 		bl	lv_palette_main
 1230              	.LVL161:
 1231 01d6 8DF82400 		strb	r0, [sp, #36]
 1232 01da C0F30723 		ubfx	r3, r0, #8, #8
 1233 01de 8DF82530 		strb	r3, [sp, #37]
 1234 01e2 C0F30740 		ubfx	r0, r0, #16, #8
 1235 01e6 8DF82600 		strb	r0, [sp, #38]
 110:Middlewares/LVGL/lvgl/src/themes/simple/lv_theme_simple.c ****     lv_style_set_line_width(&theme->styles.dark, 1);
 1236              		.loc 1 110 5 is_stmt 0 discriminator 1 view .LVU255
 1237 01ea 0999     		ldr	r1, [sp, #36]
 1238 01ec 2846     		mov	r0, r5
 1239 01ee FFF7FEFF 		bl	lv_style_set_bg_color
 1240              	.LVL162:
 111:Middlewares/LVGL/lvgl/src/themes/simple/lv_theme_simple.c ****     lv_style_set_line_color(&theme->styles.dark, COLOR_DARK);
 1241              		.loc 1 111 5 is_stmt 1 view .LVU256
 1242 01f2 0121     		movs	r1, #1
 1243 01f4 2846     		mov	r0, r5
 1244 01f6 FFF7FEFF 		bl	lv_style_set_line_width
 1245              	.LVL163:
 112:Middlewares/LVGL/lvgl/src/themes/simple/lv_theme_simple.c ****     lv_style_set_arc_width(&theme->styles.dark, 2);
 1246              		.loc 1 112 5 view .LVU257
 1247 01fa 1220     		movs	r0, #18
 1248 01fc FFF7FEFF 		bl	lv_palette_main
 1249              	.LVL164:
 1250 0200 8DF82800 		strb	r0, [sp, #40]
 1251 0204 C0F30723 		ubfx	r3, r0, #8, #8
 1252 0208 8DF82930 		strb	r3, [sp, #41]
 1253 020c C0F30740 		ubfx	r0, r0, #16, #8
 1254 0210 8DF82A00 		strb	r0, [sp, #42]
 112:Middlewares/LVGL/lvgl/src/themes/simple/lv_theme_simple.c ****     lv_style_set_arc_width(&theme->styles.dark, 2);
ARM GAS  C:\Users\w1785\AppData\Local\Temp\ccjJGjW6.s 			page 45


 1255              		.loc 1 112 5 is_stmt 0 discriminator 1 view .LVU258
 1256 0214 0A99     		ldr	r1, [sp, #40]
 1257 0216 2846     		mov	r0, r5
 1258 0218 FFF7FEFF 		bl	lv_style_set_line_color
 1259              	.LVL165:
 113:Middlewares/LVGL/lvgl/src/themes/simple/lv_theme_simple.c ****     lv_style_set_arc_color(&theme->styles.dark, COLOR_DARK);
 1260              		.loc 1 113 5 is_stmt 1 view .LVU259
 1261 021c 0221     		movs	r1, #2
 1262 021e 2846     		mov	r0, r5
 1263 0220 FFF7FEFF 		bl	lv_style_set_arc_width
 1264              	.LVL166:
 114:Middlewares/LVGL/lvgl/src/themes/simple/lv_theme_simple.c **** 
 1265              		.loc 1 114 5 view .LVU260
 1266 0224 1220     		movs	r0, #18
 1267 0226 FFF7FEFF 		bl	lv_palette_main
 1268              	.LVL167:
 1269 022a 8DF82C00 		strb	r0, [sp, #44]
 1270 022e C0F30723 		ubfx	r3, r0, #8, #8
 1271 0232 8DF82D30 		strb	r3, [sp, #45]
 1272 0236 C0F30740 		ubfx	r0, r0, #16, #8
 1273 023a 8DF82E00 		strb	r0, [sp, #46]
 114:Middlewares/LVGL/lvgl/src/themes/simple/lv_theme_simple.c **** 
 1274              		.loc 1 114 5 is_stmt 0 discriminator 1 view .LVU261
 1275 023e 0B99     		ldr	r1, [sp, #44]
 1276 0240 2846     		mov	r0, r5
 1277 0242 FFF7FEFF 		bl	lv_style_set_arc_color
 1278              	.LVL168:
 116:Middlewares/LVGL/lvgl/src/themes/simple/lv_theme_simple.c ****     lv_style_set_bg_opa(&theme->styles.dim, LV_OPA_COVER);
 1279              		.loc 1 116 5 is_stmt 1 view .LVU262
 1280 0246 04F16405 		add	r5, r4, #100
 1281 024a 2846     		mov	r0, r5
 1282 024c FFF7FEFF 		bl	style_init_reset
 1283              	.LVL169:
 117:Middlewares/LVGL/lvgl/src/themes/simple/lv_theme_simple.c ****     lv_style_set_bg_color(&theme->styles.dim, COLOR_DIM);
 1284              		.loc 1 117 5 view .LVU263
 1285 0250 FF21     		movs	r1, #255
 1286 0252 2846     		mov	r0, r5
 1287 0254 FFF7FEFF 		bl	lv_style_set_bg_opa
 1288              	.LVL170:
 118:Middlewares/LVGL/lvgl/src/themes/simple/lv_theme_simple.c ****     lv_style_set_line_width(&theme->styles.dim, 1);
 1289              		.loc 1 118 5 view .LVU264
 1290 0258 0221     		movs	r1, #2
 1291 025a 1220     		movs	r0, #18
 1292 025c FFF7FEFF 		bl	lv_palette_darken
 1293              	.LVL171:
 1294 0260 8DF83000 		strb	r0, [sp, #48]
 1295 0264 C0F30723 		ubfx	r3, r0, #8, #8
 1296 0268 8DF83130 		strb	r3, [sp, #49]
 1297 026c C0F30740 		ubfx	r0, r0, #16, #8
 1298 0270 8DF83200 		strb	r0, [sp, #50]
 118:Middlewares/LVGL/lvgl/src/themes/simple/lv_theme_simple.c ****     lv_style_set_line_width(&theme->styles.dim, 1);
 1299              		.loc 1 118 5 is_stmt 0 discriminator 1 view .LVU265
 1300 0274 0C99     		ldr	r1, [sp, #48]
 1301 0276 2846     		mov	r0, r5
 1302 0278 FFF7FEFF 		bl	lv_style_set_bg_color
 1303              	.LVL172:
 119:Middlewares/LVGL/lvgl/src/themes/simple/lv_theme_simple.c ****     lv_style_set_line_color(&theme->styles.dim, COLOR_DIM);
ARM GAS  C:\Users\w1785\AppData\Local\Temp\ccjJGjW6.s 			page 46


 1304              		.loc 1 119 5 is_stmt 1 view .LVU266
 1305 027c 0121     		movs	r1, #1
 1306 027e 2846     		mov	r0, r5
 1307 0280 FFF7FEFF 		bl	lv_style_set_line_width
 1308              	.LVL173:
 120:Middlewares/LVGL/lvgl/src/themes/simple/lv_theme_simple.c ****     lv_style_set_arc_width(&theme->styles.dim, 2);
 1309              		.loc 1 120 5 view .LVU267
 1310 0284 0221     		movs	r1, #2
 1311 0286 1220     		movs	r0, #18
 1312 0288 FFF7FEFF 		bl	lv_palette_darken
 1313              	.LVL174:
 1314 028c 8DF83400 		strb	r0, [sp, #52]
 1315 0290 C0F30723 		ubfx	r3, r0, #8, #8
 1316 0294 8DF83530 		strb	r3, [sp, #53]
 1317 0298 C0F30740 		ubfx	r0, r0, #16, #8
 1318 029c 8DF83600 		strb	r0, [sp, #54]
 120:Middlewares/LVGL/lvgl/src/themes/simple/lv_theme_simple.c ****     lv_style_set_arc_width(&theme->styles.dim, 2);
 1319              		.loc 1 120 5 is_stmt 0 discriminator 1 view .LVU268
 1320 02a0 0D99     		ldr	r1, [sp, #52]
 1321 02a2 2846     		mov	r0, r5
 1322 02a4 FFF7FEFF 		bl	lv_style_set_line_color
 1323              	.LVL175:
 121:Middlewares/LVGL/lvgl/src/themes/simple/lv_theme_simple.c ****     lv_style_set_arc_color(&theme->styles.dim, COLOR_DIM);
 1324              		.loc 1 121 5 is_stmt 1 view .LVU269
 1325 02a8 0221     		movs	r1, #2
 1326 02aa 2846     		mov	r0, r5
 1327 02ac FFF7FEFF 		bl	lv_style_set_arc_width
 1328              	.LVL176:
 122:Middlewares/LVGL/lvgl/src/themes/simple/lv_theme_simple.c **** 
 1329              		.loc 1 122 5 view .LVU270
 1330 02b0 0221     		movs	r1, #2
 1331 02b2 1220     		movs	r0, #18
 1332 02b4 FFF7FEFF 		bl	lv_palette_darken
 1333              	.LVL177:
 1334 02b8 8DF83800 		strb	r0, [sp, #56]
 1335 02bc C0F30723 		ubfx	r3, r0, #8, #8
 1336 02c0 8DF83930 		strb	r3, [sp, #57]
 1337 02c4 C0F30740 		ubfx	r0, r0, #16, #8
 1338 02c8 8DF83A00 		strb	r0, [sp, #58]
 122:Middlewares/LVGL/lvgl/src/themes/simple/lv_theme_simple.c **** 
 1339              		.loc 1 122 5 is_stmt 0 discriminator 1 view .LVU271
 1340 02cc 0E99     		ldr	r1, [sp, #56]
 1341 02ce 2846     		mov	r0, r5
 1342 02d0 FFF7FEFF 		bl	lv_style_set_arc_color
 1343              	.LVL178:
 125:Middlewares/LVGL/lvgl/src/themes/simple/lv_theme_simple.c ****     lv_style_set_arc_width(&theme->styles.arc_line, 6);
 1344              		.loc 1 125 5 is_stmt 1 view .LVU272
 1345 02d4 04F17C05 		add	r5, r4, #124
 1346 02d8 2846     		mov	r0, r5
 1347 02da FFF7FEFF 		bl	style_init_reset
 1348              	.LVL179:
 126:Middlewares/LVGL/lvgl/src/themes/simple/lv_theme_simple.c ****     style_init_reset(&theme->styles.arc_knob);
 1349              		.loc 1 126 5 view .LVU273
 1350 02de 0621     		movs	r1, #6
 1351 02e0 2846     		mov	r0, r5
 1352 02e2 FFF7FEFF 		bl	lv_style_set_arc_width
 1353              	.LVL180:
ARM GAS  C:\Users\w1785\AppData\Local\Temp\ccjJGjW6.s 			page 47


 127:Middlewares/LVGL/lvgl/src/themes/simple/lv_theme_simple.c ****     lv_style_set_pad_all(&theme->styles.arc_knob, 5);
 1354              		.loc 1 127 5 view .LVU274
 1355 02e6 04F18805 		add	r5, r4, #136
 1356 02ea 2846     		mov	r0, r5
 1357 02ec FFF7FEFF 		bl	style_init_reset
 1358              	.LVL181:
 128:Middlewares/LVGL/lvgl/src/themes/simple/lv_theme_simple.c **** #endif
 1359              		.loc 1 128 5 view .LVU275
 1360 02f0 0521     		movs	r1, #5
 1361 02f2 2846     		mov	r0, r5
 1362 02f4 FFF7FEFF 		bl	lv_style_set_pad_all
 1363              	.LVL182:
 132:Middlewares/LVGL/lvgl/src/themes/simple/lv_theme_simple.c ****     lv_style_set_border_side(&theme->styles.ta_cursor, LV_BORDER_SIDE_LEFT);
 1364              		.loc 1 132 5 view .LVU276
 1365 02f8 9434     		adds	r4, r4, #148
 1366              	.LVL183:
 132:Middlewares/LVGL/lvgl/src/themes/simple/lv_theme_simple.c ****     lv_style_set_border_side(&theme->styles.ta_cursor, LV_BORDER_SIDE_LEFT);
 1367              		.loc 1 132 5 is_stmt 0 view .LVU277
 1368 02fa 2046     		mov	r0, r4
 1369 02fc FFF7FEFF 		bl	style_init_reset
 1370              	.LVL184:
 133:Middlewares/LVGL/lvgl/src/themes/simple/lv_theme_simple.c ****     lv_style_set_border_color(&theme->styles.ta_cursor, COLOR_DIM);
 1371              		.loc 1 133 5 is_stmt 1 view .LVU278
 1372 0300 0421     		movs	r1, #4
 1373 0302 2046     		mov	r0, r4
 1374 0304 FFF7FEFF 		bl	lv_style_set_border_side
 1375              	.LVL185:
 134:Middlewares/LVGL/lvgl/src/themes/simple/lv_theme_simple.c ****     lv_style_set_border_width(&theme->styles.ta_cursor, 2);
 1376              		.loc 1 134 5 view .LVU279
 1377 0308 0221     		movs	r1, #2
 1378 030a 1220     		movs	r0, #18
 1379 030c FFF7FEFF 		bl	lv_palette_darken
 1380              	.LVL186:
 1381 0310 8DF83C00 		strb	r0, [sp, #60]
 1382 0314 C0F30723 		ubfx	r3, r0, #8, #8
 1383 0318 8DF83D30 		strb	r3, [sp, #61]
 1384 031c C0F30740 		ubfx	r0, r0, #16, #8
 1385 0320 8DF83E00 		strb	r0, [sp, #62]
 134:Middlewares/LVGL/lvgl/src/themes/simple/lv_theme_simple.c ****     lv_style_set_border_width(&theme->styles.ta_cursor, 2);
 1386              		.loc 1 134 5 is_stmt 0 discriminator 1 view .LVU280
 1387 0324 0F99     		ldr	r1, [sp, #60]
 1388 0326 2046     		mov	r0, r4
 1389 0328 FFF7FEFF 		bl	lv_style_set_border_color
 1390              	.LVL187:
 135:Middlewares/LVGL/lvgl/src/themes/simple/lv_theme_simple.c ****     lv_style_set_bg_opa(&theme->styles.ta_cursor, LV_OPA_TRANSP);
 1391              		.loc 1 135 5 is_stmt 1 view .LVU281
 1392 032c 0221     		movs	r1, #2
 1393 032e 2046     		mov	r0, r4
 1394 0330 FFF7FEFF 		bl	lv_style_set_border_width
 1395              	.LVL188:
 136:Middlewares/LVGL/lvgl/src/themes/simple/lv_theme_simple.c ****     lv_style_set_anim_duration(&theme->styles.ta_cursor, 500);
 1396              		.loc 1 136 5 view .LVU282
 1397 0334 0021     		movs	r1, #0
 1398 0336 2046     		mov	r0, r4
 1399 0338 FFF7FEFF 		bl	lv_style_set_bg_opa
 1400              	.LVL189:
 137:Middlewares/LVGL/lvgl/src/themes/simple/lv_theme_simple.c **** #endif
ARM GAS  C:\Users\w1785\AppData\Local\Temp\ccjJGjW6.s 			page 48


 1401              		.loc 1 137 5 view .LVU283
 1402 033c 4FF4FA71 		mov	r1, #500
 1403 0340 2046     		mov	r0, r4
 1404 0342 FFF7FEFF 		bl	lv_style_set_anim_duration
 1405              	.LVL190:
 139:Middlewares/LVGL/lvgl/src/themes/simple/lv_theme_simple.c **** 
 1406              		.loc 1 139 1 is_stmt 0 view .LVU284
 1407 0346 11B0     		add	sp, sp, #68
 1408              	.LCFI5:
 1409              		.cfi_def_cfa_offset 12
 1410              		@ sp needed
 1411 0348 30BD     		pop	{r4, r5, pc}
 139:Middlewares/LVGL/lvgl/src/themes/simple/lv_theme_simple.c **** 
 1412              		.loc 1 139 1 view .LVU285
 1413              		.cfi_endproc
 1414              	.LFE209:
 1416              		.section	.text.lv_theme_simple_init,"ax",%progbits
 1417              		.align	1
 1418              		.global	lv_theme_simple_init
 1419              		.syntax unified
 1420              		.thumb
 1421              		.thumb_func
 1423              	lv_theme_simple_init:
 1424              	.LVL191:
 1425              	.LFB210:
 146:Middlewares/LVGL/lvgl/src/themes/simple/lv_theme_simple.c ****     /*This trick is required only to avoid the garbage collection of
 1426              		.loc 1 146 1 is_stmt 1 view -0
 1427              		.cfi_startproc
 1428              		@ args = 0, pretend = 0, frame = 0
 1429              		@ frame_needed = 0, uses_anonymous_args = 0
 146:Middlewares/LVGL/lvgl/src/themes/simple/lv_theme_simple.c ****     /*This trick is required only to avoid the garbage collection of
 1430              		.loc 1 146 1 is_stmt 0 view .LVU287
 1431 0000 38B5     		push	{r3, r4, r5, lr}
 1432              	.LCFI6:
 1433              		.cfi_def_cfa_offset 16
 1434              		.cfi_offset 3, -16
 1435              		.cfi_offset 4, -12
 1436              		.cfi_offset 5, -8
 1437              		.cfi_offset 14, -4
 1438 0002 0546     		mov	r5, r0
 150:Middlewares/LVGL/lvgl/src/themes/simple/lv_theme_simple.c ****         theme_def = lv_malloc_zeroed(sizeof(my_theme_t));
 1439              		.loc 1 150 5 is_stmt 1 view .LVU288
 150:Middlewares/LVGL/lvgl/src/themes/simple/lv_theme_simple.c ****         theme_def = lv_malloc_zeroed(sizeof(my_theme_t));
 1440              		.loc 1 150 9 is_stmt 0 view .LVU289
 1441 0004 FFF7FEFF 		bl	lv_theme_simple_is_inited
 1442              	.LVL192:
 150:Middlewares/LVGL/lvgl/src/themes/simple/lv_theme_simple.c ****         theme_def = lv_malloc_zeroed(sizeof(my_theme_t));
 1443              		.loc 1 150 7 discriminator 1 view .LVU290
 1444 0008 30B9     		cbnz	r0, .L61
 151:Middlewares/LVGL/lvgl/src/themes/simple/lv_theme_simple.c ****         LV_ASSERT_MALLOC(theme_def);
 1445              		.loc 1 151 9 is_stmt 1 view .LVU291
 151:Middlewares/LVGL/lvgl/src/themes/simple/lv_theme_simple.c ****         LV_ASSERT_MALLOC(theme_def);
 1446              		.loc 1 151 21 is_stmt 0 view .LVU292
 1447 000a A420     		movs	r0, #164
 1448 000c FFF7FEFF 		bl	lv_malloc_zeroed
 1449              	.LVL193:
 151:Middlewares/LVGL/lvgl/src/themes/simple/lv_theme_simple.c ****         LV_ASSERT_MALLOC(theme_def);
ARM GAS  C:\Users\w1785\AppData\Local\Temp\ccjJGjW6.s 			page 49


 1450              		.loc 1 151 19 discriminator 1 view .LVU293
 1451 0010 104B     		ldr	r3, .L66
 1452 0012 C3F8C801 		str	r0, [r3, #456]
 152:Middlewares/LVGL/lvgl/src/themes/simple/lv_theme_simple.c ****     }
 1453              		.loc 1 152 9 is_stmt 1 view .LVU294
 152:Middlewares/LVGL/lvgl/src/themes/simple/lv_theme_simple.c ****     }
 1454              		.loc 1 152 9 view .LVU295
 1455 0016 E0B1     		cbz	r0, .L62
 1456              	.L61:
 152:Middlewares/LVGL/lvgl/src/themes/simple/lv_theme_simple.c ****     }
 1457              		.loc 1 152 9 view .LVU296
 152:Middlewares/LVGL/lvgl/src/themes/simple/lv_theme_simple.c ****     }
 1458              		.loc 1 152 36 view .LVU297
 155:Middlewares/LVGL/lvgl/src/themes/simple/lv_theme_simple.c **** 
 1459              		.loc 1 155 5 view .LVU298
 155:Middlewares/LVGL/lvgl/src/themes/simple/lv_theme_simple.c **** 
 1460              		.loc 1 155 18 is_stmt 0 view .LVU299
 1461 0018 0E4B     		ldr	r3, .L66
 1462 001a D3F8C841 		ldr	r4, [r3, #456]
 1463              	.LVL194:
 157:Middlewares/LVGL/lvgl/src/themes/simple/lv_theme_simple.c ****     theme->base.font_small = LV_FONT_DEFAULT;
 1464              		.loc 1 157 5 is_stmt 1 view .LVU300
 157:Middlewares/LVGL/lvgl/src/themes/simple/lv_theme_simple.c ****     theme->base.font_small = LV_FONT_DEFAULT;
 1465              		.loc 1 157 22 is_stmt 0 view .LVU301
 1466 001e E560     		str	r5, [r4, #12]
 158:Middlewares/LVGL/lvgl/src/themes/simple/lv_theme_simple.c ****     theme->base.font_normal = LV_FONT_DEFAULT;
 1467              		.loc 1 158 5 is_stmt 1 view .LVU302
 158:Middlewares/LVGL/lvgl/src/themes/simple/lv_theme_simple.c ****     theme->base.font_normal = LV_FONT_DEFAULT;
 1468              		.loc 1 158 28 is_stmt 0 view .LVU303
 1469 0020 0D4B     		ldr	r3, .L66+4
 1470 0022 A361     		str	r3, [r4, #24]
 159:Middlewares/LVGL/lvgl/src/themes/simple/lv_theme_simple.c ****     theme->base.font_large = LV_FONT_DEFAULT;
 1471              		.loc 1 159 5 is_stmt 1 view .LVU304
 159:Middlewares/LVGL/lvgl/src/themes/simple/lv_theme_simple.c ****     theme->base.font_large = LV_FONT_DEFAULT;
 1472              		.loc 1 159 29 is_stmt 0 view .LVU305
 1473 0024 E361     		str	r3, [r4, #28]
 160:Middlewares/LVGL/lvgl/src/themes/simple/lv_theme_simple.c ****     theme->base.apply_cb = theme_apply;
 1474              		.loc 1 160 5 is_stmt 1 view .LVU306
 160:Middlewares/LVGL/lvgl/src/themes/simple/lv_theme_simple.c ****     theme->base.apply_cb = theme_apply;
 1475              		.loc 1 160 28 is_stmt 0 view .LVU307
 1476 0026 2362     		str	r3, [r4, #32]
 161:Middlewares/LVGL/lvgl/src/themes/simple/lv_theme_simple.c **** #if LV_USE_EXT_DATA
 1477              		.loc 1 161 5 is_stmt 1 view .LVU308
 161:Middlewares/LVGL/lvgl/src/themes/simple/lv_theme_simple.c **** #if LV_USE_EXT_DATA
 1478              		.loc 1 161 26 is_stmt 0 view .LVU309
 1479 0028 0C4B     		ldr	r3, .L66+8
 1480 002a 2360     		str	r3, [r4]
 167:Middlewares/LVGL/lvgl/src/themes/simple/lv_theme_simple.c **** 
 1481              		.loc 1 167 5 is_stmt 1 view .LVU310
 1482 002c 2046     		mov	r0, r4
 1483 002e FFF7FEFF 		bl	style_init
 1484              	.LVL195:
 169:Middlewares/LVGL/lvgl/src/themes/simple/lv_theme_simple.c ****         lv_obj_report_style_change(NULL);
 1485              		.loc 1 169 5 view .LVU311
 169:Middlewares/LVGL/lvgl/src/themes/simple/lv_theme_simple.c ****         lv_obj_report_style_change(NULL);
 1486              		.loc 1 169 7 is_stmt 0 view .LVU312
 1487 0032 25B1     		cbz	r5, .L63
ARM GAS  C:\Users\w1785\AppData\Local\Temp\ccjJGjW6.s 			page 50


 169:Middlewares/LVGL/lvgl/src/themes/simple/lv_theme_simple.c ****         lv_obj_report_style_change(NULL);
 1488              		.loc 1 169 24 discriminator 1 view .LVU313
 1489 0034 2846     		mov	r0, r5
 1490 0036 FFF7FEFF 		bl	lv_display_get_theme
 1491              	.LVL196:
 169:Middlewares/LVGL/lvgl/src/themes/simple/lv_theme_simple.c ****         lv_obj_report_style_change(NULL);
 1492              		.loc 1 169 21 discriminator 1 view .LVU314
 1493 003a 8442     		cmp	r4, r0
 1494 003c 02D1     		bne	.L64
 1495              	.L63:
 170:Middlewares/LVGL/lvgl/src/themes/simple/lv_theme_simple.c ****     }
 1496              		.loc 1 170 9 is_stmt 1 view .LVU315
 1497 003e 0020     		movs	r0, #0
 1498 0040 FFF7FEFF 		bl	lv_obj_report_style_change
 1499              	.LVL197:
 1500              	.L64:
 173:Middlewares/LVGL/lvgl/src/themes/simple/lv_theme_simple.c **** 
 1501              		.loc 1 173 5 view .LVU316
 173:Middlewares/LVGL/lvgl/src/themes/simple/lv_theme_simple.c **** 
 1502              		.loc 1 173 19 is_stmt 0 view .LVU317
 1503 0044 0123     		movs	r3, #1
 1504 0046 84F8A030 		strb	r3, [r4, #160]
 175:Middlewares/LVGL/lvgl/src/themes/simple/lv_theme_simple.c **** }
 1505              		.loc 1 175 5 is_stmt 1 view .LVU318
 176:Middlewares/LVGL/lvgl/src/themes/simple/lv_theme_simple.c **** 
 1506              		.loc 1 176 1 is_stmt 0 view .LVU319
 1507 004a 024B     		ldr	r3, .L66
 1508 004c D3F8C801 		ldr	r0, [r3, #456]
 1509 0050 38BD     		pop	{r3, r4, r5, pc}
 1510              	.LVL198:
 1511              	.L62:
 152:Middlewares/LVGL/lvgl/src/themes/simple/lv_theme_simple.c ****     }
 1512              		.loc 1 152 9 is_stmt 1 view .LVU320
 152:Middlewares/LVGL/lvgl/src/themes/simple/lv_theme_simple.c ****     }
 1513              		.loc 1 152 9 view .LVU321
 152:Middlewares/LVGL/lvgl/src/themes/simple/lv_theme_simple.c ****     }
 1514              		.loc 1 152 9 view .LVU322
 152:Middlewares/LVGL/lvgl/src/themes/simple/lv_theme_simple.c ****     }
 1515              		.loc 1 152 9 view .LVU323
 152:Middlewares/LVGL/lvgl/src/themes/simple/lv_theme_simple.c ****     }
 1516              		.loc 1 152 9 view .LVU324
 1517 0052 FEE7     		b	.L62
 1518              	.L67:
 1519              		.align	2
 1520              	.L66:
 1521 0054 00000000 		.word	lv_global
 1522 0058 00000000 		.word	lv_font_montserrat_14
 1523 005c 00000000 		.word	theme_apply
 1524              		.cfi_endproc
 1525              	.LFE210:
 1527              		.section	.text.lv_theme_simple_get,"ax",%progbits
 1528              		.align	1
 1529              		.global	lv_theme_simple_get
 1530              		.syntax unified
 1531              		.thumb
 1532              		.thumb_func
 1534              	lv_theme_simple_get:
ARM GAS  C:\Users\w1785\AppData\Local\Temp\ccjJGjW6.s 			page 51


 1535              	.LFB212:
 186:Middlewares/LVGL/lvgl/src/themes/simple/lv_theme_simple.c ****     if(!lv_theme_simple_is_inited()) {
 1536              		.loc 1 186 1 view -0
 1537              		.cfi_startproc
 1538              		@ args = 0, pretend = 0, frame = 0
 1539              		@ frame_needed = 0, uses_anonymous_args = 0
 1540 0000 08B5     		push	{r3, lr}
 1541              	.LCFI7:
 1542              		.cfi_def_cfa_offset 8
 1543              		.cfi_offset 3, -8
 1544              		.cfi_offset 14, -4
 187:Middlewares/LVGL/lvgl/src/themes/simple/lv_theme_simple.c ****         return NULL;
 1545              		.loc 1 187 5 view .LVU326
 187:Middlewares/LVGL/lvgl/src/themes/simple/lv_theme_simple.c ****         return NULL;
 1546              		.loc 1 187 9 is_stmt 0 view .LVU327
 1547 0002 FFF7FEFF 		bl	lv_theme_simple_is_inited
 1548              	.LVL199:
 187:Middlewares/LVGL/lvgl/src/themes/simple/lv_theme_simple.c ****         return NULL;
 1549              		.loc 1 187 7 discriminator 1 view .LVU328
 1550 0006 18B1     		cbz	r0, .L70
 191:Middlewares/LVGL/lvgl/src/themes/simple/lv_theme_simple.c **** }
 1551              		.loc 1 191 5 is_stmt 1 view .LVU329
 191:Middlewares/LVGL/lvgl/src/themes/simple/lv_theme_simple.c **** }
 1552              		.loc 1 191 12 is_stmt 0 view .LVU330
 1553 0008 024B     		ldr	r3, .L72
 1554 000a D3F8C801 		ldr	r0, [r3, #456]
 1555              	.L68:
 192:Middlewares/LVGL/lvgl/src/themes/simple/lv_theme_simple.c **** 
 1556              		.loc 1 192 1 view .LVU331
 1557 000e 08BD     		pop	{r3, pc}
 1558              	.L70:
 188:Middlewares/LVGL/lvgl/src/themes/simple/lv_theme_simple.c ****     }
 1559              		.loc 1 188 16 view .LVU332
 1560 0010 0020     		movs	r0, #0
 1561 0012 FCE7     		b	.L68
 1562              	.L73:
 1563              		.align	2
 1564              	.L72:
 1565 0014 00000000 		.word	lv_global
 1566              		.cfi_endproc
 1567              	.LFE212:
 1569              		.section	.text.lv_theme_simple_deinit,"ax",%progbits
 1570              		.align	1
 1571              		.global	lv_theme_simple_deinit
 1572              		.syntax unified
 1573              		.thumb
 1574              		.thumb_func
 1576              	lv_theme_simple_deinit:
 1577              	.LFB213:
 195:Middlewares/LVGL/lvgl/src/themes/simple/lv_theme_simple.c ****     my_theme_t * theme = theme_def;
 1578              		.loc 1 195 1 is_stmt 1 view -0
 1579              		.cfi_startproc
 1580              		@ args = 0, pretend = 0, frame = 0
 1581              		@ frame_needed = 0, uses_anonymous_args = 0
 1582 0000 38B5     		push	{r3, r4, r5, lr}
 1583              	.LCFI8:
 1584              		.cfi_def_cfa_offset 16
ARM GAS  C:\Users\w1785\AppData\Local\Temp\ccjJGjW6.s 			page 52


 1585              		.cfi_offset 3, -16
 1586              		.cfi_offset 4, -12
 1587              		.cfi_offset 5, -8
 1588              		.cfi_offset 14, -4
 196:Middlewares/LVGL/lvgl/src/themes/simple/lv_theme_simple.c ****     if(theme) {
 1589              		.loc 1 196 5 view .LVU334
 196:Middlewares/LVGL/lvgl/src/themes/simple/lv_theme_simple.c ****     if(theme) {
 1590              		.loc 1 196 18 is_stmt 0 view .LVU335
 1591 0002 0E4B     		ldr	r3, .L80
 1592 0004 D3F8C851 		ldr	r5, [r3, #456]
 1593              	.LVL200:
 197:Middlewares/LVGL/lvgl/src/themes/simple/lv_theme_simple.c ****         if(theme->inited) {
 1594              		.loc 1 197 5 is_stmt 1 view .LVU336
 197:Middlewares/LVGL/lvgl/src/themes/simple/lv_theme_simple.c ****         if(theme->inited) {
 1595              		.loc 1 197 7 is_stmt 0 view .LVU337
 1596 0008 B5B1     		cbz	r5, .L74
 198:Middlewares/LVGL/lvgl/src/themes/simple/lv_theme_simple.c ****             lv_style_t * theme_styles = (lv_style_t *)(&(theme->styles));
 1597              		.loc 1 198 9 is_stmt 1 view .LVU338
 198:Middlewares/LVGL/lvgl/src/themes/simple/lv_theme_simple.c ****             lv_style_t * theme_styles = (lv_style_t *)(&(theme->styles));
 1598              		.loc 1 198 17 is_stmt 0 view .LVU339
 1599 000a 95F8A030 		ldrb	r3, [r5, #160]	@ zero_extendqisi2
 198:Middlewares/LVGL/lvgl/src/themes/simple/lv_theme_simple.c ****             lv_style_t * theme_styles = (lv_style_t *)(&(theme->styles));
 1600              		.loc 1 198 11 view .LVU340
 1601 000e 5BB1     		cbz	r3, .L76
 1602              	.LBB2:
 199:Middlewares/LVGL/lvgl/src/themes/simple/lv_theme_simple.c ****             uint32_t i;
 1603              		.loc 1 199 13 is_stmt 1 view .LVU341
 199:Middlewares/LVGL/lvgl/src/themes/simple/lv_theme_simple.c ****             uint32_t i;
 1604              		.loc 1 199 26 is_stmt 0 view .LVU342
 1605 0010 2835     		adds	r5, r5, #40
 1606              	.LVL201:
 200:Middlewares/LVGL/lvgl/src/themes/simple/lv_theme_simple.c ****             for(i = 0; i < sizeof(my_theme_styles_t) / sizeof(lv_style_t); i++) {
 1607              		.loc 1 200 13 is_stmt 1 view .LVU343
 201:Middlewares/LVGL/lvgl/src/themes/simple/lv_theme_simple.c ****                 lv_style_reset(theme_styles + i);
 1608              		.loc 1 201 13 view .LVU344
 201:Middlewares/LVGL/lvgl/src/themes/simple/lv_theme_simple.c ****                 lv_style_reset(theme_styles + i);
 1609              		.loc 1 201 19 is_stmt 0 view .LVU345
 1610 0012 0024     		movs	r4, #0
 201:Middlewares/LVGL/lvgl/src/themes/simple/lv_theme_simple.c ****                 lv_style_reset(theme_styles + i);
 1611              		.loc 1 201 13 view .LVU346
 1612 0014 06E0     		b	.L77
 1613              	.LVL202:
 1614              	.L78:
 202:Middlewares/LVGL/lvgl/src/themes/simple/lv_theme_simple.c ****             }
 1615              		.loc 1 202 17 is_stmt 1 view .LVU347
 202:Middlewares/LVGL/lvgl/src/themes/simple/lv_theme_simple.c ****             }
 1616              		.loc 1 202 45 is_stmt 0 view .LVU348
 1617 0016 04EB4403 		add	r3, r4, r4, lsl #1
 1618 001a 9800     		lsls	r0, r3, #2
 202:Middlewares/LVGL/lvgl/src/themes/simple/lv_theme_simple.c ****             }
 1619              		.loc 1 202 17 view .LVU349
 1620 001c 2844     		add	r0, r0, r5
 1621 001e FFF7FEFF 		bl	lv_style_reset
 1622              	.LVL203:
 201:Middlewares/LVGL/lvgl/src/themes/simple/lv_theme_simple.c ****                 lv_style_reset(theme_styles + i);
 1623              		.loc 1 201 77 is_stmt 1 discriminator 3 view .LVU350
 1624 0022 0134     		adds	r4, r4, #1
ARM GAS  C:\Users\w1785\AppData\Local\Temp\ccjJGjW6.s 			page 53


 1625              	.LVL204:
 1626              	.L77:
 201:Middlewares/LVGL/lvgl/src/themes/simple/lv_theme_simple.c ****                 lv_style_reset(theme_styles + i);
 1627              		.loc 1 201 26 discriminator 1 view .LVU351
 1628 0024 092C     		cmp	r4, #9
 1629 0026 F6D9     		bls	.L78
 1630              	.LVL205:
 1631              	.L76:
 201:Middlewares/LVGL/lvgl/src/themes/simple/lv_theme_simple.c ****                 lv_style_reset(theme_styles + i);
 1632              		.loc 1 201 26 is_stmt 0 discriminator 1 view .LVU352
 1633              	.LBE2:
 211:Middlewares/LVGL/lvgl/src/themes/simple/lv_theme_simple.c ****         theme_def = NULL;
 1634              		.loc 1 211 9 is_stmt 1 view .LVU353
 1635 0028 044C     		ldr	r4, .L80
 1636 002a D4F8C801 		ldr	r0, [r4, #456]
 1637 002e FFF7FEFF 		bl	lv_free
 1638              	.LVL206:
 212:Middlewares/LVGL/lvgl/src/themes/simple/lv_theme_simple.c ****     }
 1639              		.loc 1 212 9 view .LVU354
 212:Middlewares/LVGL/lvgl/src/themes/simple/lv_theme_simple.c ****     }
 1640              		.loc 1 212 19 is_stmt 0 view .LVU355
 1641 0032 0023     		movs	r3, #0
 1642 0034 C4F8C831 		str	r3, [r4, #456]
 1643              	.L74:
 214:Middlewares/LVGL/lvgl/src/themes/simple/lv_theme_simple.c **** 
 1644              		.loc 1 214 1 view .LVU356
 1645 0038 38BD     		pop	{r3, r4, r5, pc}
 1646              	.L81:
 1647 003a 00BF     		.align	2
 1648              	.L80:
 1649 003c 00000000 		.word	lv_global
 1650              		.cfi_endproc
 1651              	.LFE213:
 1653              		.text
 1654              	.Letext0:
 1655              		.file 3 "D:\\STM32CubeIDE\\STM32CubeIDE_2.1.1\\STM32CubeIDE\\plugins\\com.st.stm32cube.ide.mcu.ext
 1656              		.file 4 "D:\\STM32CubeIDE\\STM32CubeIDE_2.1.1\\STM32CubeIDE\\plugins\\com.st.stm32cube.ide.mcu.ext
 1657              		.file 5 "D:\\STM32CubeIDE\\STM32CubeIDE_2.1.1\\STM32CubeIDE\\plugins\\com.st.stm32cube.ide.mcu.ext
 1658              		.file 6 "Middlewares/LVGL/lvgl/src/themes/simple/../../core/../misc/lv_types.h"
 1659              		.file 7 "Middlewares/LVGL/lvgl/src/themes/simple/../../core/../draw/lv_draw.h"
 1660              		.file 8 "Middlewares/LVGL/lvgl/src/themes/simple/../../core/../draw/lv_draw_private.h"
 1661              		.file 9 "Middlewares/LVGL/lvgl/src/themes/simple/../../core/../misc/lv_timer_private.h"
 1662              		.file 10 "Middlewares/LVGL/lvgl/src/themes/simple/../lv_theme_private.h"
 1663              		.file 11 "Middlewares/LVGL/lvgl/src/themes/simple/../../core/../misc/../font/lv_font.h"
 1664              		.file 12 "Middlewares/LVGL/lvgl/src/themes/simple/../../core/../draw/../misc/cache/class/../lv_cac
 1665              		.file 13 "Middlewares/LVGL/lvgl/src/themes/simple/../../core/../draw/lv_draw_buf_private.h"
 1666              		.file 14 "Middlewares/LVGL/lvgl/src/themes/simple/../../core/../misc/../font/../draw/lv_draw_buf.h
 1667              		.file 15 "Middlewares/LVGL/lvgl/src/themes/simple/../../core/../misc/../font/../draw/../misc/lv_ar
 1668              		.file 16 "Middlewares/LVGL/lvgl/src/themes/simple/../../core/../misc/../font/../draw/../misc/lv_co
 1669              		.file 17 "Middlewares/LVGL/lvgl/src/themes/simple/../../core/../misc/../font/../draw/../misc/lv_pa
 1670              		.file 18 "Middlewares/LVGL/lvgl/src/themes/simple/../../core/../misc/../font/../draw/lv_image_dsc.
 1671              		.file 19 "Middlewares/LVGL/lvgl/src/themes/simple/../../core/../misc/../tick/lv_tick.h"
 1672              		.file 20 "Middlewares/LVGL/lvgl/src/themes/simple/../../core/../misc/lv_ll.h"
 1673              		.file 21 "Middlewares/LVGL/lvgl/src/themes/simple/../../core/../misc/lv_timer.h"
 1674              		.file 22 "Middlewares/LVGL/lvgl/src/themes/simple/../../core/../misc/../layouts/lv_layout.h"
 1675              		.file 23 "Middlewares/LVGL/lvgl/src/themes/simple/../../core/lv_obj_style.h"
 1676              		.file 24 "Middlewares/LVGL/lvgl/src/themes/simple/../../core/lv_obj.h"
ARM GAS  C:\Users\w1785\AppData\Local\Temp\ccjJGjW6.s 			page 54


 1677              		.file 25 "Middlewares/LVGL/lvgl/src/themes/simple/../lv_theme.h"
 1678              		.file 26 "Middlewares/LVGL/lvgl/src/themes/simple/../../../src/widgets/arc/lv_arc.h"
 1679              		.file 27 "Middlewares/LVGL/lvgl/src/themes/simple/../../../src/widgets/bar/lv_bar.h"
 1680              		.file 28 "Middlewares/LVGL/lvgl/src/themes/simple/../../../src/widgets/button/lv_button.h"
 1681              		.file 29 "Middlewares/LVGL/lvgl/src/themes/simple/../../../src/widgets/buttonmatrix/lv_buttonmatri
 1682              		.file 30 "Middlewares/LVGL/lvgl/src/themes/simple/../../../src/widgets/calendar/lv_calendar.h"
 1683              		.file 31 "Middlewares/LVGL/lvgl/src/themes/simple/../../../src/widgets/chart/lv_chart.h"
 1684              		.file 32 "Middlewares/LVGL/lvgl/src/themes/simple/../../../src/widgets/checkbox/lv_checkbox.h"
 1685              		.file 33 "Middlewares/LVGL/lvgl/src/themes/simple/../../../src/widgets/dropdown/lv_dropdown.h"
 1686              		.file 34 "Middlewares/LVGL/lvgl/src/themes/simple/../../../src/widgets/keyboard/lv_keyboard.h"
 1687              		.file 35 "Middlewares/LVGL/lvgl/src/themes/simple/../../../src/widgets/led/lv_led.h"
 1688              		.file 36 "Middlewares/LVGL/lvgl/src/themes/simple/../../../src/widgets/list/lv_list.h"
 1689              		.file 37 "Middlewares/LVGL/lvgl/src/themes/simple/../../../src/widgets/msgbox/lv_msgbox.h"
 1690              		.file 38 "Middlewares/LVGL/lvgl/src/themes/simple/../../../src/widgets/roller/lv_roller.h"
 1691              		.file 39 "Middlewares/LVGL/lvgl/src/themes/simple/../../../src/widgets/slider/lv_slider.h"
 1692              		.file 40 "Middlewares/LVGL/lvgl/src/themes/simple/../../../src/widgets/spinbox/../textarea/lv_text
 1693              		.file 41 "Middlewares/LVGL/lvgl/src/themes/simple/../../../src/widgets/spinbox/lv_spinbox.h"
 1694              		.file 42 "Middlewares/LVGL/lvgl/src/themes/simple/../../../src/widgets/spinner/lv_spinner.h"
 1695              		.file 43 "Middlewares/LVGL/lvgl/src/themes/simple/../../../src/widgets/switch/lv_switch.h"
 1696              		.file 44 "Middlewares/LVGL/lvgl/src/themes/simple/../../../src/widgets/table/lv_table.h"
 1697              		.file 45 "Middlewares/LVGL/lvgl/src/themes/simple/../../../src/widgets/tabview/lv_tabview.h"
 1698              		.file 46 "Middlewares/LVGL/lvgl/src/themes/simple/../../../src/widgets/tileview/lv_tileview.h"
 1699              		.file 47 "Middlewares/LVGL/lvgl/src/themes/simple/../../../src/widgets/win/lv_win.h"
 1700              		.file 48 "Middlewares/LVGL/lvgl/src/themes/simple/../../core/../osal/lv_os_none.h"
 1701              		.file 49 "Middlewares/LVGL/lvgl/src/themes/simple/../../core/../stdlib/builtin/lv_tlsf.h"
 1702              		.file 50 "Middlewares/LVGL/lvgl/src/themes/simple/../../core/../misc/lv_anim_private.h"
 1703              		.file 51 "Middlewares/LVGL/lvgl/src/themes/simple/../../core/../tick/lv_tick_private.h"
 1704              		.file 52 "Middlewares/LVGL/lvgl/src/themes/simple/../../core/../draw/sw/lv_draw_sw_mask_private.h"
 1705              		.file 53 "Middlewares/LVGL/lvgl/src/themes/simple/../../core/../stdlib/builtin/lv_tlsf_private.h"
 1706              		.file 54 "Middlewares/LVGL/lvgl/src/themes/simple/../../core/../layouts/lv_layout_private.h"
 1707              		.file 55 "Middlewares/LVGL/lvgl/src/themes/simple/../../core/lv_global.h"
 1708              		.file 56 "Middlewares/LVGL/lvgl/src/themes/simple/../../core/../misc/../font/../draw/../misc/../st
 1709              		.file 57 "Middlewares/LVGL/lvgl/src/themes/simple/../../core/../misc/lv_style_gen.h"
 1710              		.file 58 "Middlewares/LVGL/lvgl/src/themes/simple/../../core/lv_obj_tree.h"
 1711              		.file 59 "Middlewares/LVGL/lvgl/src/themes/simple/../../core/../display/lv_display.h"
ARM GAS  C:\Users\w1785\AppData\Local\Temp\ccjJGjW6.s 			page 55


DEFINED SYMBOLS
                            *ABS*:00000000 lv_theme_simple.c
C:\Users\w1785\AppData\Local\Temp\ccjJGjW6.s:21     .text.theme_apply:00000000 $t
C:\Users\w1785\AppData\Local\Temp\ccjJGjW6.s:26     .text.theme_apply:00000000 theme_apply
C:\Users\w1785\AppData\Local\Temp\ccjJGjW6.s:504    .text.theme_apply:000002f4 $d
C:\Users\w1785\AppData\Local\Temp\ccjJGjW6.s:524    .text.theme_apply:00000338 $t
C:\Users\w1785\AppData\Local\Temp\ccjJGjW6.s:840    .text.theme_apply:00000550 $d
C:\Users\w1785\AppData\Local\Temp\ccjJGjW6.s:859    .text.lv_style_set_pad_all:00000000 $t
C:\Users\w1785\AppData\Local\Temp\ccjJGjW6.s:864    .text.lv_style_set_pad_all:00000000 lv_style_set_pad_all
C:\Users\w1785\AppData\Local\Temp\ccjJGjW6.s:907    .text.lv_theme_simple_is_inited:00000000 $t
C:\Users\w1785\AppData\Local\Temp\ccjJGjW6.s:913    .text.lv_theme_simple_is_inited:00000000 lv_theme_simple_is_inited
C:\Users\w1785\AppData\Local\Temp\ccjJGjW6.s:940    .text.lv_theme_simple_is_inited:00000014 $d
C:\Users\w1785\AppData\Local\Temp\ccjJGjW6.s:945    .text.style_init_reset:00000000 $t
C:\Users\w1785\AppData\Local\Temp\ccjJGjW6.s:950    .text.style_init_reset:00000000 style_init_reset
C:\Users\w1785\AppData\Local\Temp\ccjJGjW6.s:989    .text.style_init:00000000 $t
C:\Users\w1785\AppData\Local\Temp\ccjJGjW6.s:994    .text.style_init:00000000 style_init
C:\Users\w1785\AppData\Local\Temp\ccjJGjW6.s:1417   .text.lv_theme_simple_init:00000000 $t
C:\Users\w1785\AppData\Local\Temp\ccjJGjW6.s:1423   .text.lv_theme_simple_init:00000000 lv_theme_simple_init
C:\Users\w1785\AppData\Local\Temp\ccjJGjW6.s:1521   .text.lv_theme_simple_init:00000054 $d
C:\Users\w1785\AppData\Local\Temp\ccjJGjW6.s:1528   .text.lv_theme_simple_get:00000000 $t
C:\Users\w1785\AppData\Local\Temp\ccjJGjW6.s:1534   .text.lv_theme_simple_get:00000000 lv_theme_simple_get
C:\Users\w1785\AppData\Local\Temp\ccjJGjW6.s:1565   .text.lv_theme_simple_get:00000014 $d
C:\Users\w1785\AppData\Local\Temp\ccjJGjW6.s:1570   .text.lv_theme_simple_deinit:00000000 $t
C:\Users\w1785\AppData\Local\Temp\ccjJGjW6.s:1576   .text.lv_theme_simple_deinit:00000000 lv_theme_simple_deinit
C:\Users\w1785\AppData\Local\Temp\ccjJGjW6.s:1649   .text.lv_theme_simple_deinit:0000003c $d

UNDEFINED SYMBOLS
lv_obj_get_parent
lv_obj_check_type
lv_obj_get_child
lv_obj_add_style
lv_global
lv_obj_class
lv_tabview_class
lv_win_class
lv_button_class
lv_buttonmatrix_class
lv_msgbox_class
lv_bar_class
lv_slider_class
lv_table_class
lv_checkbox_class
lv_switch_class
lv_chart_class
lv_roller_class
lv_dropdown_class
lv_dropdownlist_class
lv_arc_class
lv_spinner_class
lv_textarea_class
lv_calendar_class
lv_keyboard_class
lv_list_class
lv_list_text_class
lv_list_button_class
lv_spinbox_class
lv_tileview_class
ARM GAS  C:\Users\w1785\AppData\Local\Temp\ccjJGjW6.s 			page 56


lv_tileview_tile_class
lv_led_class
lv_style_set_pad_left
lv_style_set_pad_right
lv_style_set_pad_top
lv_style_set_pad_bottom
lv_style_reset
lv_style_init
lv_style_set_bg_opa
lv_palette_main
lv_style_set_bg_color
lv_style_set_width
lv_palette_lighten
lv_palette_darken
lv_style_set_text_color
lv_color_white
lv_style_set_line_width
lv_style_set_line_color
lv_style_set_arc_width
lv_style_set_arc_color
lv_style_set_border_side
lv_style_set_border_color
lv_style_set_border_width
lv_style_set_anim_duration
lv_malloc_zeroed
lv_display_get_theme
lv_obj_report_style_change
lv_font_montserrat_14
lv_free
